# https://github.com/mikedh/trimesh

o Cube.007
v -0.20900913 0.45291384 0.86704093
v -0.20900913 0.45291384 0.86704093
v -0.20900913 0.45291384 0.86704093
v -0.20900911 0.47096963 0.85825991
v -0.20900911 0.47096963 0.85825991
v -0.20900911 0.47096963 0.85825991
v -0.31532116 0.23328553 0.36102938
v -0.31532116 0.23328553 0.36102938
v -0.31532116 0.23328553 0.36102938
v -0.31532116 0.25092866 0.35924345
v -0.31532116 0.25092866 0.35924345
v -0.31532116 0.25092866 0.35924345
v 0.20900913 0.45291390 0.86704093
v 0.20900913 0.45291390 0.86704093
v 0.20900913 0.45291390 0.86704093
v 0.20900913 0.47096963 0.85825991
v 0.20900913 0.47096963 0.85825991
v 0.20900913 0.47096963 0.85825991
v 0.31532113 0.23328550 0.36102932
v 0.31532113 0.23328550 0.36102932
v 0.31532113 0.23328550 0.36102932
v 0.31532113 0.25092866 0.35924345
v 0.31532113 0.25092866 0.35924345
v 0.31532113 0.25092866 0.35924345
v -0.20961092 0.46186955 0.86644804
v -0.20961092 0.46186955 0.86644804
v -0.31633408 0.23946755 0.35992881
v -0.31633408 0.23946755 0.35992881
v 0.20961092 0.46186955 0.86644804
v 0.20961092 0.46186955 0.86644804
v 0.31633405 0.23946752 0.35992881
v 0.31633405 0.23946752 0.35992881
v -0.20961092 0.46909530 0.86139482
v -0.20961092 0.46909530 0.86139482
v 0.20961092 0.46909530 0.86139482
v 0.20961092 0.46909530 0.86139482
v 0.31633402 0.24768348 0.35910063
v 0.31633402 0.24768348 0.35910063
v -0.31633408 0.24768348 0.35910063
v -0.31633408 0.24768348 0.35910063
v -0.21164885 0.44621338 0.85362607
v -0.21164885 0.44621338 0.85362607
v -0.20950784 0.47067441 0.85964393
v -0.20950784 0.47067441 0.85964393
v -0.20950784 0.47067441 0.85964393
v -0.20950784 0.47067441 0.85964393
v -0.31616057 0.23545532 0.36041539
v -0.31616057 0.23545532 0.36041539
v -0.29973824 0.23255695 0.36070903
v -0.29973824 0.23255695 0.36070903
v 0.31633405 0.24393256 0.35947865
v 0.31633405 0.24393256 0.35947865
v 0.20961091 0.46615441 0.86399346
v 0.20961091 0.46615441 0.86399346
v 0.19870131 0.47144236 0.85893511
v 0.19870131 0.47144236 0.85893511
v -0.19870129 0.47144236 0.85893511
v -0.19870129 0.47144236 0.85893511
v -0.21164885 0.46533789 0.84502678
v -0.21164885 0.46533789 0.84502678
v 0.21164887 0.44621338 0.85362607
v 0.21164887 0.44621338 0.85362607
v 0.21164885 0.46533789 0.84502678
v 0.21164885 0.46533789 0.84502678
v -0.29973824 0.25093414 0.35885345
v -0.29973824 0.25093414 0.35885345
v -0.19870131 0.45242955 0.86797386
v -0.19870131 0.45242955 0.86797386
v -0.19870131 0.45242955 0.86797386
v 0.31616054 0.23545532 0.36041539
v 0.31616054 0.23545532 0.36041539
v 0.20950784 0.47067441 0.85964393
v 0.20950784 0.47067441 0.85964393
v 0.20950784 0.47067441 0.85964393
v 0.20950784 0.47067441 0.85964393
v 0.31356727 0.23778851 0.37277948
v 0.31356727 0.23778851 0.37277948
v -0.31356721 0.25618853 0.37076553
v -0.31356721 0.25618853 0.37076553
v 0.21278907 0.45527519 0.85136592
v 0.20950784 0.45668514 0.86750942
v 0.20950784 0.45668514 0.86750942
v -0.20950784 0.45668514 0.86750942
v -0.20950784 0.45668514 0.86750942
v -0.31633408 0.24393256 0.35947859
v -0.31633408 0.24393256 0.35947859
v 0.30003484 0.23911922 0.35913586
v -0.30003487 0.23911922 0.35913580
v -0.21278906 0.45527519 0.85136586
v -0.19880754 0.46279378 0.86858230
v -0.31532292 0.24474557 0.37194543
v 0.19870131 0.45242955 0.86797386
v 0.19870131 0.45242955 0.86797386
v 0.19870131 0.45242955 0.86797386
v 0.29973821 0.23255695 0.36070903
v 0.29973821 0.23255695 0.36070903
v 0.31356721 0.25618853 0.37076553
v 0.31356721 0.25618853 0.37076553
v 0.29973824 0.25093414 0.35885339
v 0.29973824 0.25093414 0.35885339
v 0.19880754 0.46279378 0.86858230
v -0.20961092 0.46615441 0.86399346
v -0.20961092 0.46615441 0.86399346
v 0.31616054 0.24992086 0.35895567
v 0.31616054 0.24992086 0.35895567
v 0.31616054 0.24992086 0.35895567
v -0.31616057 0.24992089 0.35895576
v -0.31616057 0.24992089 0.35895576
v -0.31616057 0.24992089 0.35895576
v 0.31532295 0.25295450 0.37105402
v 0.19880754 0.46989669 0.86324536
v -0.31356721 0.23778851 0.37277948
v -0.31356721 0.23778851 0.37277948
v 0.21278907 0.46278758 0.84701442
v -0.30003487 0.24733563 0.35831186
v -0.21278907 0.46278758 0.84701442
v -0.19880754 0.46989669 0.86324548
v -0.31532292 0.25295450 0.37105390
v 0.31532295 0.24474557 0.37194549
v 0.30003484 0.24733563 0.35831186
v -0.31510131 0.25517853 0.37082907
v -0.31510131 0.25517853 0.37082907
v -0.19878475 0.47140588 0.86128413
v -0.19878475 0.47140588 0.86128413
v -0.20078716 0.46565767 0.84492093
v 0.31510131 0.24062191 0.37241637
v 0.21264592 0.45021237 0.85287868
v -0.31510137 0.24062191 0.37241637
v -0.21264595 0.46457215 0.84569102
v -0.21264595 0.46457215 0.84569102
v -0.29998283 0.24960710 0.35819712
v -0.20078717 0.44460399 0.85403954
v 0.21278907 0.45964666 0.84914404
v 0.29998283 0.24960710 0.35819712
v 0.31510131 0.25517853 0.37082907
v 0.31510131 0.25517853 0.37082907
v -0.29737963 0.23661508 0.37286457
v -0.31532292 0.24921151 0.37145879
v 0.19878477 0.47140588 0.86128413
v 0.19878477 0.47140588 0.86128413
v -0.29998289 0.23505570 0.35965806
v -0.21264592 0.45021237 0.85287868
v -0.19878480 0.45741166 0.86942767
v -0.19878480 0.45741166 0.86942767
v 0.19878477 0.45741166 0.86942767
v 0.19878477 0.45741166 0.86942767
v 0.29737963 0.23661508 0.37286457
v -0.30003487 0.24358420 0.35868799
v -0.21278907 0.45964666 0.84914404
v 0.30003484 0.24358420 0.35868799
v 0.31532292 0.24921151 0.37145879
v -0.19880755 0.46704037 0.86603939
v -0.29737963 0.25651307 0.37068462
v 0.29737960 0.25651304 0.37068462
v 0.21264593 0.46457215 0.84569102
v 0.21264593 0.46457215 0.84569102
v 0.19880754 0.46704037 0.86603939
v 0.20078716 0.44460399 0.85403954
v 0.29998289 0.23505570 0.35965806
v 0.20078716 0.46565767 0.84492093
v 0.39202566 -0.49123983 0.00381833
v 0.39202566 -0.49123983 0.00381833
v 0.39202566 -0.49123983 0.00381833
v 0.39212747 -0.49101456 0.00722510
v 0.39212747 -0.49101456 0.00722510
v 0.39086710 -0.49163301 0.00271929
v 0.39086710 -0.49163301 0.00271929
v 0.39211480 -0.49077173 0.00306714
v 0.39211480 -0.49077173 0.00306714
v 0.39212377 -0.48941822 0.00271631
v 0.39212377 -0.48941822 0.00271631
v 0.39084949 -0.49112718 0.00097424
v 0.39233847 -0.49036293 0.00708372
v 0.39238547 -0.48895289 0.00692928
v 0.39235781 -0.48735277 0.03600304
v 0.39243700 -0.48580904 0.03596475
v 0.39209573 -0.48811848 0.03602278
v 0.39209573 -0.48811848 0.03602278
v 0.39197908 -0.47955675 0.10982113
v 0.39205115 -0.47779270 0.10975795
v 0.39142300 -0.46887000 0.21087792
v 0.39171635 -0.48043500 0.10985221
v 0.39171635 -0.48043500 0.10985221
v 0.39116748 -0.46989115 0.21093690
v 0.39116748 -0.46989115 0.21093690
v 0.39036070 -0.48112525 0.10987341
v 0.38981669 -0.47068383 0.21097917
v 0.39075057 -0.48872624 0.03600281
v 0.38156904 -0.48170681 0.10987710
v 0.38196443 -0.48929198 0.03598366
v 0.38102584 -0.47128572 0.21098762
v 0.36746879 -0.48244177 0.10987710
v 0.36786415 -0.49002694 0.03598366
v 0.36692561 -0.47202067 0.21098762
v 0.35866429 -0.48277737 0.10987341
v 0.35811980 -0.47233601 0.21097925
v 0.35906677 -0.49037774 0.03600283
v 0.35724424 -0.48223184 0.10985224
v 0.35724424 -0.48223184 0.10985224
v 0.35669391 -0.47168805 0.21093690
v 0.35669391 -0.47168805 0.21093690
v 0.35766573 -0.48991312 0.03602278
v 0.35766573 -0.48991312 0.03602278
v 0.35689162 -0.48138566 0.10982113
v 0.35732545 -0.48917882 0.03600304
v 0.35663654 -0.47963865 0.10975795
v 0.35633363 -0.47069900 0.21087792
v 0.35590465 -0.46246882 0.28867959
v 0.35606329 -0.46866141 0.21075783
v 0.35562249 -0.46020477 0.28851562
v 0.35338478 -0.41727503 0.20774136
v 0.35264795 -0.40313862 0.28439012
v 0.35433812 -0.43554340 0.10818450
v 0.35370834 -0.41440974 0.20757445
v 0.35370834 -0.41440974 0.20757445
v 0.35468231 -0.43308116 0.10809840
v 0.35468231 -0.43308116 0.10809840
v 0.35295551 -0.39996637 0.28415796
v 0.35295551 -0.39996637 0.28415796
v 0.35506479 -0.41372599 0.20753845
v 0.35430862 -0.39921887 0.28410655
v 0.35604279 -0.43248443 0.10807881
v 0.36385716 -0.41315310 0.20753176
v 0.36483578 -0.43192796 0.10807460
v 0.36310039 -0.39863445 0.28409677
v 0.37795742 -0.41241814 0.20753176
v 0.37893607 -0.43119301 0.10807464
v 0.37720062 -0.39789946 0.28409683
v 0.38676171 -0.41207381 0.20753849
v 0.38600554 -0.39756672 0.28410661
v 0.38773926 -0.43083231 0.10807881
v 0.38818191 -0.41261284 0.20757445
v 0.38818191 -0.41261284 0.20757445
v 0.38915442 -0.43128432 0.10809840
v 0.38915442 -0.43128432 0.10809840
v 0.38742904 -0.39816947 0.28415796
v 0.38742904 -0.39816947 0.28415796
v 0.38880156 -0.41542895 0.20774136
v 0.38806473 -0.40129252 0.28439012
v 0.38975273 -0.43369742 0.10818450
v 0.39148004 -0.46681534 0.21075780
v 0.39103927 -0.45835872 0.28851562
v 0.39083706 -0.45447992 0.32387727
v 0.39099400 -0.46063982 0.28867959
v 0.39079817 -0.45688240 0.32405945
v 0.39074428 -0.46177210 0.28876027
v 0.39074428 -0.46177210 0.28876027
v 0.39055149 -0.45807366 0.32414918
v 0.39055149 -0.45807366 0.32414918
v 0.38939764 -0.46264432 0.28881814
v 0.38920705 -0.45898752 0.32421380
v 0.38060762 -0.46326204 0.28882959
v 0.38041745 -0.45961343 0.32422673
v 0.36650734 -0.46399699 0.28882959
v 0.36631717 -0.46034841 0.32422673
v 0.35770075 -0.46429650 0.28881814
v 0.35751013 -0.46063973 0.32421386
v 0.35627072 -0.46356900 0.28876027
v 0.35627072 -0.46356900 0.28876027
v 0.35607795 -0.45987056 0.32414918
v 0.35607795 -0.45987056 0.32414918
v 0.35601164 -0.45859908 0.33614808
v 0.35601164 -0.45859908 0.33614808
v 0.35570879 -0.45871140 0.32405945
v 0.35542031 -0.45632599 0.32387727
v 0.35564028 -0.45739673 0.33605712
v 0.35534696 -0.45491929 0.33587410
v 0.35560618 -0.45674326 0.34149148
v 0.35598038 -0.45799901 0.34158030
v 0.35598038 -0.45799901 0.34158030
v 0.35557447 -0.45613454 0.34637990
v 0.35530679 -0.45414822 0.34131511
v 0.35526772 -0.45340003 0.34621423
v 0.35192634 -0.38929455 0.33655762
v 0.35171689 -0.38527976 0.34058150
v 0.35210367 -0.39269675 0.33113950
v 0.35223873 -0.38621543 0.33605718
v 0.35223873 -0.38621543 0.33605718
v 0.35240670 -0.38943790 0.33077075
v 0.35240670 -0.38943790 0.33077075
v 0.35205097 -0.38261397 0.33975198
v 0.35205097 -0.38261397 0.33975198
v 0.35360198 -0.38566218 0.33587235
v 0.35342760 -0.38231649 0.33946814
v 0.35376231 -0.38873811 0.33065557
v 0.36239688 -0.38513775 0.33582728
v 0.36255501 -0.38817163 0.33062922
v 0.36222611 -0.38186155 0.33940180
v 0.37649713 -0.38440277 0.33582728
v 0.37665530 -0.38743667 0.33062922
v 0.37632637 -0.38112660 0.33940172
v 0.38529889 -0.38400997 0.33587235
v 0.38512452 -0.38066433 0.33946814
v 0.38545923 -0.38708593 0.33065557
v 0.38671230 -0.38441853 0.33605718
v 0.38671230 -0.38441853 0.33605718
v 0.38688026 -0.38764100 0.33077075
v 0.38688026 -0.38764100 0.33077075
v 0.38652460 -0.38081704 0.33975198
v 0.38652460 -0.38081704 0.33975198
v 0.38734309 -0.38744847 0.33655762
v 0.38713406 -0.38343368 0.34058144
v 0.38752045 -0.39085068 0.33113950
v 0.39072354 -0.45230214 0.34131511
v 0.39068465 -0.45155396 0.34621423
v 0.39076374 -0.45307322 0.33587410
v 0.39069556 -0.45491423 0.34149154
v 0.39066385 -0.45430554 0.34637981
v 0.39045398 -0.45620210 0.34158024
v 0.39045398 -0.45620210 0.34158024
v 0.39072962 -0.45556773 0.33605712
v 0.39048524 -0.45680217 0.33614808
v 0.39048524 -0.45680217 0.33614808
v 0.38914226 -0.45774512 0.33621418
v 0.38911279 -0.45717920 0.34164589
v 0.38035296 -0.45837645 0.33622744
v 0.38032375 -0.45781653 0.34165936
v 0.36625271 -0.45911141 0.33622744
v 0.36622353 -0.45855151 0.34165936
v 0.35744540 -0.45939730 0.33621418
v 0.35741587 -0.45883138 0.34164595
v 0.35738932 -0.45832171 0.34653028
v 0.35733242 -0.45722993 0.35708269
v 0.35595186 -0.45745189 0.34646534
v 0.35595186 -0.45745189 0.34646534
v 0.36619727 -0.45804803 0.34654393
v 0.36614056 -0.45696019 0.35709744
v 0.38029753 -0.45731305 0.34654393
v 0.38024084 -0.45622523 0.35709744
v 0.38908620 -0.45666949 0.34653028
v 0.38902931 -0.45557775 0.35708269
v 0.39042546 -0.45565496 0.34646534
v 0.39042546 -0.45565496 0.34646534
v 0.39036720 -0.45453672 0.35701626
v 0.39036720 -0.45453672 0.35701626
v 0.39016418 -0.45063882 0.39501672
v 0.39016418 -0.45063882 0.39501672
v 0.39060326 -0.45314054 0.35693514
v 0.39061861 -0.45027865 0.35678759
v 0.39040171 -0.44926114 0.39494389
v 0.39041992 -0.44642983 0.39484608
v 0.39024951 -0.44634341 0.42484384
v 0.39009728 -0.44342570 0.45474380
v 0.39000727 -0.44762941 0.42491358
v 0.39000727 -0.44762941 0.42491358
v 0.39027776 -0.44370930 0.42475259
v 0.39013557 -0.44098876 0.45465910
v 0.38548137 -0.36058979 0.44013228
v 0.38548137 -0.36058979 0.44013228
v 0.38548137 -0.36058979 0.44013228
v 0.38548137 -0.36058979 0.44013228
v 0.38624622 -0.37532200 0.45666953
v 0.38624622 -0.37532200 0.45666953
v 0.38194154 -0.29288547 0.43145885
v 0.38194154 -0.29288547 0.43145885
v 0.38644497 -0.36756052 0.39264276
v 0.38644497 -0.36756052 0.39264276
v 0.38405003 -0.36000524 0.44082170
v 0.38405003 -0.36000524 0.44082170
v 0.37524109 -0.36030500 0.44093456
v 0.37524109 -0.36030500 0.44093456
v 0.38481180 -0.37463202 0.45697551
v 0.38053708 -0.29265350 0.43225088
v 0.37368809 -0.16125681 0.41850185
v 0.37173431 -0.29302810 0.43238049
v 0.36488716 -0.16166563 0.41862305
v 0.35763405 -0.29376307 0.43238049
v 0.35078688 -0.16240063 0.41862305
v 0.36114080 -0.36103995 0.44093456
v 0.36114080 -0.36103995 0.44093456
v 0.34884004 -0.29430570 0.43225094
v 0.34199117 -0.16290904 0.41850179
v 0.35234843 -0.36165763 0.44082164
v 0.35234843 -0.36165763 0.44082164
v 0.34746729 -0.29468240 0.43145885
v 0.34746729 -0.29468240 0.43145885
v 0.35098560 -0.36238785 0.44013228
v 0.35098560 -0.36238785 0.44013228
v 0.35098560 -0.36238785 0.44013228
v 0.35098560 -0.36238785 0.44013228
v 0.34061058 -0.16313051 0.41773772
v 0.34061058 -0.16313051 0.41773772
v 0.34688340 -0.29471047 0.38518830
v 0.33979408 -0.15868765 0.37113889
v 0.35075195 -0.36942102 0.39264276
v 0.35075195 -0.36942102 0.39264276
v 0.34692918 -0.29342578 0.34350314
v 0.33965243 -0.15382009 0.32899927
v 0.35078810 -0.36749415 0.34954154
v 0.35078810 -0.36749415 0.34954154
v 0.34739675 -0.29332216 0.33939492
v 0.34739675 -0.29332216 0.33939492
v 0.35125087 -0.36726673 0.34579348
v 0.35125087 -0.36726673 0.34579348
v 0.35125087 -0.36726673 0.34579348
v 0.35125087 -0.36726673 0.34579348
v 0.34010454 -0.15342180 0.32484042
v 0.34010454 -0.15342180 0.32484042
v 0.34878556 -0.29325946 0.33870661
v 0.34149204 -0.15333285 0.32414153
v 0.35265021 -0.36740182 0.34516548
v 0.35265021 -0.36740182 0.34516548
v 0.35758419 -0.29280628 0.33860471
v 0.35029061 -0.15287986 0.32403781
v 0.36145224 -0.36701487 0.34506878
v 0.36145224 -0.36701487 0.34506878
v 0.37168445 -0.29207131 0.33860471
v 0.36439089 -0.15214486 0.32403781
v 0.37555252 -0.36627991 0.34506878
v 0.37555252 -0.36627991 0.34506878
v 0.38048248 -0.29160729 0.33870655
v 0.37318893 -0.15168068 0.32414153
v 0.38434710 -0.36574964 0.34516548
v 0.38434710 -0.36574964 0.34516548
v 0.38187031 -0.29152527 0.33939492
v 0.38187031 -0.29152527 0.33939492
v 0.38572477 -0.36546980 0.34579348
v 0.38572477 -0.36546980 0.34579348
v 0.38572477 -0.36546980 0.34579348
v 0.38572477 -0.36546980 0.34579348
v 0.37457813 -0.15162490 0.32484042
v 0.37457813 -0.15162490 0.32484042
v 0.38234608 -0.29157971 0.34350308
v 0.37506919 -0.15197399 0.32899933
v 0.38620873 -0.36564787 0.34954154
v 0.38620873 -0.36564787 0.34954154
v 0.38252522 -0.29285267 0.38518839
v 0.37543438 -0.15682996 0.37113895
v 0.36567681 0.03037111 0.35180494
v 0.37508418 -0.16133358 0.41773772
v 0.37508418 -0.16133358 0.41773772
v 0.36564563 0.01975002 0.39889073
v 0.36564563 0.01975002 0.39889073
v 0.35838066 0.15928215 0.38441946
v 0.35838066 0.15928215 0.38441946
v 0.36426018 0.01962177 0.39961433
v 0.35700305 0.15899406 0.38511213
v 0.35546146 0.01916827 0.39972349
v 0.34820206 0.15850507 0.38521188
v 0.34136097 0.01843324 0.39972349
v 0.33409475 0.15776969 0.38521188
v 0.33256279 0.01796960 0.39961439
v 0.32529061 0.15734105 0.38511213
v 0.33117153 0.01795309 0.39889079
v 0.33117153 0.01795309 0.39889079
v 0.32389052 0.15748431 0.38441946
v 0.32389052 0.15748431 0.38441946
v 0.33003627 0.02851336 0.35180494
v 0.32251702 0.17269044 0.33692282
v 0.32963903 0.03828659 0.30899712
v 0.32193054 0.18616678 0.29356872
v 0.33007108 0.03906991 0.30476489
v 0.33007108 0.03906991 0.30476489
v 0.32234786 0.18723844 0.28927811
v 0.32234786 0.18723844 0.28927811
v 0.33145721 0.03918421 0.30405127
v 0.32373317 0.18737023 0.28855323
v 0.34025602 0.03963409 0.30394491
v 0.33253206 0.18781732 0.28844493
v 0.35435624 0.04036902 0.30394491
v 0.34663235 0.18855228 0.28844493
v 0.36315413 0.04083638 0.30405127
v 0.35543002 0.18902241 0.28855329
v 0.36454464 0.04086687 0.30476498
v 0.36454464 0.04086687 0.30476498
v 0.35682152 0.18903537 0.28927811
v 0.35682152 0.18903537 0.28927811
v 0.36505581 0.04013266 0.30899712
v 0.35734804 0.18801291 0.29356872
v 0.35315348 0.26857732 0.28473490
v 0.35315348 0.26857732 0.28473490
v 0.35816579 0.17454861 0.33692282
v 0.35407694 0.25409792 0.32885858
v 0.35407694 0.25409792 0.32885858
v 0.35443349 0.23715822 0.37711009
v 0.35443349 0.23715822 0.37711009
v 0.35443349 0.23715822 0.37711009
v 0.35443349 0.23715822 0.37711009
v 0.35365228 0.26303388 0.32811012
v 0.35316165 0.27390300 0.32794400
v 0.35402934 0.24644808 0.37688311
v 0.35402934 0.24644808 0.37688311
v 0.35271890 0.27698018 0.28351068
v 0.35221906 0.28669049 0.28156587
v 0.35218589 0.27798249 0.27912530
v 0.35218589 0.27798249 0.27912530
v 0.35262011 0.26964666 0.28038242
v 0.35262011 0.26964666 0.28038242
v 0.35262011 0.26964666 0.28038242
v 0.35262011 0.26964666 0.28038242
v 0.35168873 0.28753088 0.27705567
v 0.35168873 0.28753088 0.27705567
v 0.35079531 0.27794008 0.27839645
v 0.35122891 0.26962121 0.27965313
v 0.35122891 0.26962121 0.27965313
v 0.35029985 0.28744499 0.27632540
v 0.34199806 0.27746092 0.27828964
v 0.34243147 0.26914556 0.27954527
v 0.34243147 0.26914556 0.27954527
v 0.34150310 0.28695665 0.27622175
v 0.32789780 0.27672599 0.27828964
v 0.32833125 0.26841049 0.27954527
v 0.32833125 0.26841049 0.27954527
v 0.32740285 0.28622164 0.27622175
v 0.31909840 0.27628802 0.27839645
v 0.31953199 0.26796903 0.27965313
v 0.31953199 0.26796903 0.27965313
v 0.31860296 0.28579275 0.27632540
v 0.31771092 0.27618547 0.27912530
v 0.31771092 0.27618547 0.27912530
v 0.31814568 0.26784973 0.28038242
v 0.31814568 0.26784973 0.28038242
v 0.31814568 0.26784973 0.28038242
v 0.31814568 0.26784973 0.28038242
v 0.31721269 0.28573383 0.27705567
v 0.31721269 0.28573383 0.27705567
v 0.31728502 0.27513327 0.28351068
v 0.31772642 0.26673068 0.28473490
v 0.31772642 0.26673068 0.28473490
v 0.31677257 0.28484286 0.28156593
v 0.31780662 0.26116543 0.32811012
v 0.31831329 0.25223379 0.32885852
v 0.31831329 0.25223379 0.32885852
v 0.31716456 0.27202670 0.32794400
v 0.31915595 0.24463029 0.37688311
v 0.31915595 0.24463029 0.37688311
v 0.31840853 0.25613393 0.37869855
v 0.31840853 0.25613393 0.37869855
v 0.31971981 0.23534881 0.37711003
v 0.31971981 0.23534881 0.37711003
v 0.31971981 0.23534881 0.37711003
v 0.31971981 0.23534881 0.37711003
v 0.32057641 0.24433069 0.37756591
v 0.32113327 0.23508571 0.37779039
v 0.32113327 0.23508571 0.37779039
v 0.31984322 0.25574185 0.37939438
v 0.32948028 0.24472372 0.37766051
v 0.32999592 0.23548736 0.37788531
v 0.32999592 0.23548736 0.37788531
v 0.32882358 0.25611179 0.37948879
v 0.34375127 0.24546759 0.37766051
v 0.34419869 0.23622771 0.37788537
v 0.34419869 0.23622771 0.37788537
v 0.34322043 0.25686227 0.37948879
v 0.35264777 0.24600233 0.37756591
v 0.35305505 0.23674966 0.37779044
v 0.35305505 0.23674966 0.37779044
v 0.35219060 0.25742804 0.37939438
v 0.35193397 0.26236220 0.38697159
v 0.35357673 0.25796686 0.37869855
v 0.35357673 0.25796686 0.37869855
v 0.35331364 0.26302759 0.38625705
v 0.35331364 0.26302759 0.38625705
v 0.35330988 0.26035468 0.41092997
v 0.35330988 0.26035468 0.41092997
v 0.35279943 0.28084077 0.33027794
v 0.35233177 0.28829657 0.33870306
v 0.35186197 0.29354028 0.27969753
v 0.35147764 0.30078213 0.27689778
v 0.35134239 0.29417519 0.27495848
v 0.35134239 0.29417519 0.27495848
v 0.35101102 0.30052148 0.27199423
v 0.35101102 0.30052148 0.27199423
v 0.34995641 0.29403399 0.27422264
v 0.34963118 0.30027352 0.27128052
v 0.34116016 0.29353510 0.27412280
v 0.34083544 0.29976524 0.27118438
v 0.32705994 0.29280023 0.27412280
v 0.32673518 0.29903038 0.27118444
v 0.31825949 0.29238196 0.27422264
v 0.31793426 0.29862128 0.27128046
v 0.31686638 0.29237805 0.27495848
v 0.31686638 0.29237805 0.27495848
v 0.31653611 0.29872461 0.27199423
v 0.31653611 0.29872461 0.27199423
v 0.31641559 0.29169278 0.27969753
v 0.31604497 0.29893528 0.27689778
v 0.31680353 0.27896439 0.33027788
v 0.31649353 0.28642856 0.33870306
v 0.31814410 0.26119436 0.38625705
v 0.31814410 0.26119436 0.38625705
v 0.31842573 0.25853644 0.41092997
v 0.31842573 0.25853644 0.41092997
v 0.31958549 0.26067604 0.38697153
v 0.31986697 0.25785880 0.41159796
v 0.32856835 0.26100732 0.38706442
v 0.32878260 0.25810073 0.41168010
v 0.34296532 0.26175778 0.38706457
v 0.34305440 0.25884454 0.41168010
v 0.34362264 0.24682771 0.46629404
v 0.35194688 0.25953092 0.41159796
v 0.35244460 0.24769853 0.46624651
v 0.35328062 0.23104395 0.53789472
v 0.35379703 0.24862038 0.46584287
v 0.35379703 0.24862038 0.46584287
v 0.35463314 0.23200347 0.53780364
v 0.35463314 0.23200347 0.53780364
v 0.35360266 0.26264377 0.45875504
v 0.35460676 0.24293087 0.53885614
v 0.35317205 0.27069713 0.46256026
v 0.35279025 0.27845986 0.40227487
v 0.35197781 0.29427598 0.34579470
v 0.35234211 0.28667398 0.40834760
v 0.35151218 0.30265085 0.35413494
v 0.35184567 0.29591765 0.41563325
v 0.35099180 0.31231509 0.36274733
v 0.35269953 0.27952020 0.46851920
v 0.35136594 0.30496116 0.42236077
v 0.35048829 0.32180406 0.37063050
v 0.35224359 0.28811823 0.47409102
v 0.35095312 0.31267793 0.42784002
v 0.35185079 0.29545452 0.47859915
v 0.35005541 0.32990138 0.37708088
v 0.35037859 0.32171465 0.43411415
v 0.35129951 0.30404671 0.48374107
v 0.34945764 0.33938260 0.38448724
v 0.34976353 0.32444145 0.43601348
v 0.34976353 0.32444145 0.43601348
v 0.35069169 0.30663504 0.48529141
v 0.35069169 0.30663504 0.48529141
v 0.34883539 0.34224789 0.38673555
v 0.34883539 0.34224789 0.38673555
v 0.34834601 0.32492940 0.43640482
v 0.34927572 0.30709280 0.48560890
v 0.34741630 0.34276600 0.38720071
v 0.33954246 0.32457115 0.43647551
v 0.33861245 0.34241344 0.38728493
v 0.34047247 0.30672885 0.48566606
v 0.32544221 0.32383610 0.43647551
v 0.32451220 0.34167831 0.38728499
v 0.32637222 0.30599390 0.48566606
v 0.31664912 0.32327719 0.43640476
v 0.31757884 0.30544059 0.48560890
v 0.31571941 0.34111376 0.38720065
v 0.31528999 0.32264455 0.43601348
v 0.31528999 0.32264455 0.43601348
v 0.31621815 0.30483805 0.48529141
v 0.31621815 0.30483805 0.48529141
v 0.31436186 0.34045102 0.38673555
v 0.31436186 0.34045102 0.38673555
v 0.31496181 0.31986855 0.43411421
v 0.31588273 0.30220057 0.48374107
v 0.31404085 0.33753653 0.38448732
v 0.31532986 0.31082107 0.42784005
v 0.31622772 0.29359756 0.47859921
v 0.31443204 0.32804458 0.37708088
v 0.31572159 0.30310319 0.42236077
v 0.31659977 0.28626029 0.47409102
v 0.31484337 0.31994610 0.37063050
v 0.31618465 0.29405881 0.41563325
v 0.31532912 0.31045626 0.36274728
v 0.31704019 0.27766137 0.46851920
v 0.31665193 0.28481366 0.40834760
v 0.31748752 0.26883708 0.46256026
v 0.31581633 0.30079021 0.35413494
v 0.31706022 0.27659740 0.40227484
v 0.31622390 0.29241224 0.34579470
v 0.31789653 0.26078252 0.45875495
v 0.31894733 0.24107222 0.53885614
v 0.31916116 0.24681501 0.46584287
v 0.31916116 0.24681501 0.46584287
v 0.32005717 0.23020132 0.53780364
v 0.32005717 0.23020132 0.53780364
v 0.32060213 0.24603872 0.46624651
v 0.32150213 0.22938751 0.53789478
v 0.32946680 0.24608974 0.46629404
v 0.33037062 0.22914650 0.53786539
v 0.33107693 0.21561791 0.59195613
v 0.34448524 0.22988220 0.53786539
v 0.34518929 0.21635349 0.59195631
v 0.34556739 0.20901926 0.61622255
v 0.35397987 0.21782859 0.59213650
v 0.35435082 0.21063550 0.61670935
v 0.35533284 0.21886404 0.59222835
v 0.35533284 0.21886404 0.59222835
v 0.35570149 0.21170877 0.61702120
v 0.35570149 0.21170877 0.61702120
v 0.35534878 0.22873531 0.59309106
v 0.35572098 0.22133358 0.61768799
v 0.35501482 0.23510201 0.59371858
v 0.35424905 0.24978678 0.54075932
v 0.35462438 0.24249406 0.59446632
v 0.35539271 0.22760327 0.61789250
v 0.35500951 0.23489983 0.61810517
v 0.35560073 0.22280739 0.62791436
v 0.35520853 0.23045282 0.62807518
v 0.35593759 0.21624129 0.62768798
v 0.35586445 0.21726634 0.63571619
v 0.35541029 0.22605132 0.63575732
v 0.35620348 0.21246861 0.65157162
v 0.35628124 0.20941113 0.63527077
v 0.35674037 0.20290990 0.64028584
v 0.35628410 0.19962727 0.63171380
v 0.35628410 0.19962727 0.63171380
v 0.35592465 0.20649089 0.62638771
v 0.35592465 0.20649089 0.62638771
v 0.35673060 0.19373952 0.63381898
v 0.35673060 0.19373952 0.63381898
v 0.35492401 0.19902827 0.63056975
v 0.35535018 0.19330622 0.63248181
v 0.35457499 0.20556925 0.62570416
v 0.34612699 0.19818570 0.62890559
v 0.34646939 0.19271170 0.63056731
v 0.34580414 0.20419960 0.62467646
v 0.33203314 0.19745101 0.62890553
v 0.33226170 0.19197102 0.63056725
v 0.33172898 0.20346610 0.62467640
v 0.32319616 0.19737457 0.63056981
v 0.32336722 0.19163914 0.63248181
v 0.32286327 0.20391636 0.62570410
v 0.32178120 0.19782870 0.63171380
v 0.32178120 0.19782870 0.63171380
v 0.32142513 0.20469268 0.62638771
v 0.32142513 0.20469268 0.62638771
v 0.32194923 0.19192652 0.63381886
v 0.32194923 0.19192652 0.63381886
v 0.32076685 0.20755996 0.63527083
v 0.32039855 0.21438874 0.62768792
v 0.32098614 0.20104636 0.64028584
v 0.32036473 0.21541585 0.63571619
v 0.32052635 0.21060903 0.65157157
v 0.31990309 0.22420047 0.63575726
v 0.32005094 0.22095437 0.62791430
v 0.31964613 0.22859918 0.62807506
v 0.31975920 0.22574581 0.61789250
v 0.32008456 0.21947597 0.61768793
v 0.31938173 0.23304276 0.61810511
v 0.31935541 0.23324333 0.59371858
v 0.31968518 0.22687636 0.59309106
v 0.31897523 0.24063583 0.59446632
v 0.31859036 0.24792804 0.54075926
v 0.31818400 0.25581081 0.54324990
v 0.31777881 0.26366405 0.54578673
v 0.31743483 0.27044190 0.54798149
v 0.31859313 0.24804704 0.59522706
v 0.31900115 0.24036546 0.61831253
v 0.31826784 0.25446539 0.59589636
v 0.31867678 0.24670808 0.61850070
v 0.31797646 0.26203273 0.59671723
v 0.31712197 0.27842505 0.55055922
v 0.31838702 0.25417514 0.61878287
v 0.31832860 0.26434864 0.59700184
v 0.31832860 0.26434864 0.59700184
v 0.31874062 0.25644578 0.61894076
v 0.31874062 0.25644578 0.61894076
v 0.31746726 0.28087331 0.55135166
v 0.31746726 0.28087331 0.55135166
v 0.31969304 0.26487990 0.59707534
v 0.32010581 0.25696106 0.61900567
v 0.31883012 0.28143500 0.55151760
v 0.32848714 0.26541944 0.59709071
v 0.32762392 0.28198038 0.55154812
v 0.32890008 0.25749691 0.61902206
v 0.34258737 0.26615442 0.59709066
v 0.34172417 0.28271545 0.55154812
v 0.34300034 0.25823183 0.61902212
v 0.35138996 0.26653193 0.59707522
v 0.35180269 0.25861315 0.61900567
v 0.35052700 0.28308712 0.55151772
v 0.35280220 0.26614557 0.59700184
v 0.35280220 0.26614557 0.59700184
v 0.35321404 0.25824271 0.61894076
v 0.35321404 0.25824271 0.61894076
v 0.35194086 0.28267033 0.55135172
v 0.35194086 0.28267033 0.55135172
v 0.35339321 0.26387881 0.59671723
v 0.35253884 0.28027119 0.55055916
v 0.35380180 0.25602101 0.61878281
v 0.35389014 0.25632219 0.59589630
v 0.35305761 0.27229862 0.54798149
v 0.35428993 0.24856450 0.61850070
v 0.35423388 0.24990489 0.59522712
v 0.35342021 0.26552193 0.54578673
v 0.35462670 0.24222247 0.61831253
v 0.35482009 0.23807819 0.62818962
v 0.35448067 0.24464719 0.62828433
v 0.35499333 0.23433192 0.63559675
v 0.35464571 0.24121700 0.63539135
v 0.35522889 0.23014711 0.64838415
v 0.35492267 0.23606522 0.64675646
v 0.35566543 0.22186704 0.65125769
v 0.35522003 0.23048668 0.65147065
v 0.35517837 0.23129575 0.65345197
v 0.35547696 0.22555594 0.65406244
v 0.35498799 0.23491575 0.64979946
v 0.35503195 0.23407374 0.65176462
v 0.35464801 0.23972403 0.64902275
v 0.35480700 0.23668717 0.65219551
v 0.35450451 0.24245404 0.64563596
v 0.35410456 0.24115206 0.64924794
v 0.35410456 0.24115206 0.64924794
v 0.35394259 0.24425791 0.64570814
v 0.35394259 0.24425791 0.64570814
v 0.35428120 0.23776393 0.65264224
v 0.35428120 0.23776393 0.65264224
v 0.35270061 0.24138634 0.64944076
v 0.35287930 0.23795842 0.65287089
v 0.35253645 0.24453576 0.64586889
v 0.34389953 0.24098133 0.64949869
v 0.34407835 0.23755075 0.65293383
v 0.34373514 0.24413477 0.64592033
v 0.32979925 0.24024634 0.64949869
v 0.32997806 0.23681577 0.65293377
v 0.32963489 0.24339978 0.64592033
v 0.32100375 0.23973419 0.64944082
v 0.32118241 0.23630624 0.65287089
v 0.32083957 0.24288361 0.64586889
v 0.31963177 0.23935507 0.64924794
v 0.31963177 0.23935507 0.64924794
v 0.31946994 0.24246110 0.64570814
v 0.31946994 0.24246110 0.64570814
v 0.31980832 0.23596700 0.65264218
v 0.31980832 0.23596700 0.65264218
v 0.31923972 0.23787834 0.64902281
v 0.31939735 0.23484136 0.65219551
v 0.31909864 0.24060850 0.64563596
v 0.31940152 0.23306076 0.64979940
v 0.31934698 0.23421092 0.64675640
v 0.31944533 0.23221882 0.65176468
v 0.31963117 0.22863142 0.65147065
v 0.31965767 0.22829290 0.64838415
v 0.31988828 0.22370087 0.65406250
v 0.31958847 0.22944067 0.65345191
v 0.31978340 0.22570957 0.65579062
v 0.31957500 0.23143519 0.65511113
v 0.31976579 0.22778164 0.65776693
v 0.31999679 0.23235141 0.65577572
v 0.31999679 0.23235141 0.65577572
v 0.32019548 0.22854103 0.65860575
v 0.32019548 0.22854103 0.65860575
v 0.32137232 0.23266317 0.65603732
v 0.32157217 0.22882940 0.65889686
v 0.33016802 0.23317184 0.65610390
v 0.33036788 0.22933780 0.65896695
v 0.34426825 0.23390679 0.65610384
v 0.34446810 0.23007278 0.65896695
v 0.35306917 0.23431535 0.65603715
v 0.35326900 0.23048170 0.65889680
v 0.35446964 0.23414840 0.65577572
v 0.35446964 0.23414840 0.65577572
v 0.35466819 0.23033790 0.65860569
v 0.35466819 0.23033790 0.65860569
v 0.35498442 0.23328094 0.65511113
v 0.35517450 0.22962733 0.65776693
v 0.35557695 0.22196667 0.66217928
v 0.35537241 0.22756462 0.65579062
v 0.35567458 0.22180580 0.66001945
v 0.35581271 0.21929388 0.66026085
v 0.35604666 0.21521439 0.66055989
v 0.35579871 0.21788810 0.66378724
v 0.35605578 0.21348913 0.66508483
v 0.35533188 0.21785669 0.66515052
v 0.35533188 0.21785669 0.66515052
v 0.35509573 0.22219707 0.66329073
v 0.35509573 0.22219707 0.66329073
v 0.35559775 0.21330176 0.66672259
v 0.35559775 0.21330176 0.66672259
v 0.35393743 0.21789210 0.66556101
v 0.35369991 0.22227465 0.66364973
v 0.35420255 0.21330066 0.66719031
v 0.34513007 0.21747316 0.66565137
v 0.34489746 0.22186153 0.66373056
v 0.34538080 0.21287428 0.66729187
v 0.33101939 0.21673779 0.66565137
v 0.33079450 0.22112645 0.66373050
v 0.33124821 0.21213759 0.66729193
v 0.32221623 0.21623863 0.66556095
v 0.32199685 0.22062214 0.66364973
v 0.32242991 0.21164449 0.66719037
v 0.32083301 0.21605839 0.66515046
v 0.32083301 0.21605839 0.66515046
v 0.32061659 0.22039981 0.66329073
v 0.32061659 0.22039981 0.66329073
v 0.32104217 0.21150048 0.66672259
v 0.32104217 0.21150048 0.66672259
v 0.32036547 0.21604119 0.66378724
v 0.32016198 0.22012053 0.66217928
v 0.32056715 0.21163936 0.66508483
v 0.32020538 0.21743782 0.66026085
v 0.32008161 0.21995051 0.66001951
v 0.32039683 0.21335627 0.66055995
v 0.32062475 0.20775379 0.66112291
v 0.32008432 0.22001223 0.65125763
v 0.32104661 0.18808304 0.66334646
v 0.32104661 0.18808304 0.66334646
v 0.32076038 0.20655484 0.66622924
v 0.32109924 0.18837132 0.66888445
v 0.32109924 0.18837132 0.66888445
v 0.32123478 0.20644219 0.66807263
v 0.32123478 0.20644219 0.66807263
v 0.32158174 0.18850799 0.67094343
v 0.32158174 0.18850799 0.67094343
v 0.32158174 0.18850799 0.67094343
v 0.32158174 0.18850799 0.67094343
v 0.32263066 0.20656534 0.66859257
v 0.32303907 0.18862672 0.67153417
v 0.32303907 0.18862672 0.67153417
v 0.33148591 0.20705561 0.66870581
v 0.33219571 0.18915145 0.67166447
v 0.33219571 0.18915145 0.67166447
v 0.34567271 0.20779516 0.66870570
v 0.34682818 0.18991406 0.67166447
v 0.34682818 0.18991406 0.67166447
v 0.35453092 0.20822825 0.66859263
v 0.35598974 0.19034429 0.67153411
v 0.35598974 0.19034429 0.67153411
v 0.35593207 0.20825087 0.66807263
v 0.35593207 0.20825087 0.66807263
v 0.35745151 0.19037770 0.67094349
v 0.35745151 0.19037770 0.67094349
v 0.35745151 0.19037770 0.67094349
v 0.35745151 0.19037770 0.67094349
v 0.35639216 0.20841213 0.66622924
v 0.35794561 0.19029184 0.66888445
v 0.35794561 0.19029184 0.66888445
v 0.35640244 0.20961867 0.66112291
v 0.35802792 0.19001074 0.66334646
v 0.35802792 0.19001074 0.66334646
v 0.36015056 0.16775355 0.66580182
v 0.35799406 0.18933518 0.65360993
v 0.35799406 0.18933518 0.65360993
v 0.36015739 0.16637892 0.65612125
v 0.35798989 0.18775512 0.64327609
v 0.35798989 0.18775512 0.64327609
v 0.36017828 0.16453984 0.64633107
v 0.35765894 0.18330728 0.63588088
v 0.35765894 0.18330728 0.63588088
v 0.35765894 0.18330728 0.63588088
v 0.35765894 0.18330728 0.63588088
v 0.35968588 0.16197683 0.63865285
v 0.35968588 0.16197683 0.63865285
v 0.35623308 0.18300869 0.63441872
v 0.35623308 0.18300869 0.63441872
v 0.35816033 0.16177413 0.63714104
v 0.34714566 0.18259628 0.63235276
v 0.34714566 0.18259628 0.63235276
v 0.34859578 0.16148455 0.63503789
v 0.33264075 0.18184032 0.63235264
v 0.33264075 0.18184032 0.63235264
v 0.33339338 0.16069220 0.63503783
v 0.32355972 0.18130563 0.63441866
v 0.32355972 0.18130563 0.63441866
v 0.32385056 0.15998575 0.63714098
v 0.32211055 0.18145429 0.63588082
v 0.32211055 0.18145429 0.63588082
v 0.32211055 0.18145429 0.63588082
v 0.32211055 0.18145429 0.63588082
v 0.32231216 0.16002886 0.63865280
v 0.32231216 0.16002886 0.63865280
v 0.32131897 0.18584366 0.64327615
v 0.32131897 0.18584366 0.64327615
v 0.32155602 0.16252667 0.64633113
v 0.32115050 0.18741466 0.65360987
v 0.32115050 0.18741466 0.65360987
v 0.32138558 0.16435792 0.65612125
v 0.32165225 0.12426077 0.66041356
v 0.32124947 0.16572581 0.66580176
v 0.32151435 0.12589255 0.67011415
v 0.32129054 0.16640766 0.67142367
v 0.32156782 0.12674220 0.67580711
v 0.32180624 0.16663308 0.67353218
v 0.32180624 0.16663308 0.67353218
v 0.32215320 0.12701547 0.67795085
v 0.32215320 0.12701547 0.67795085
v 0.32335891 0.16676573 0.67414140
v 0.32388477 0.12717499 0.67857211
v 0.33298381 0.16736135 0.67427617
v 0.33438785 0.12790804 0.67870992
v 0.34830977 0.16816019 0.67427623
v 0.35101514 0.12877472 0.67870992
v 0.35794447 0.16856842 0.67414140
v 0.36153750 0.12913765 0.67857217
v 0.35950248 0.16859801 0.67353218
v 0.35950248 0.16859801 0.67353218
v 0.36327626 0.12915896 0.67795091
v 0.36327626 0.12915896 0.67795091
v 0.36003883 0.16842748 0.67142361
v 0.36388685 0.12894809 0.67580699
v 0.37826775 -0.01907469 0.69200664
v 0.36402838 0.12810874 0.67011415
v 0.37849008 -0.01987757 0.68612509
v 0.36406092 0.12647133 0.66041350
v 0.37856294 -0.02138579 0.67613857
v 0.36409117 0.12464869 0.65076994
v 0.37861167 -0.02292408 0.66626024
v 0.36346392 0.12292738 0.64295899
v 0.36346392 0.12292738 0.64295899
v 0.37764470 -0.02411259 0.65828579
v 0.37764470 -0.02411259 0.65828579
v 0.36175387 0.12278074 0.64147257
v 0.37525614 -0.02420228 0.65703123
v 0.35128777 0.12257428 0.63945329
v 0.36142762 -0.02427744 0.65550583
v 0.33476137 0.12171285 0.63945329
v 0.33994399 -0.02539726 0.65550595
v 0.32433049 0.12083018 0.64147263
v 0.32618262 -0.02676014 0.65703123
v 0.32261445 0.12079807 0.64295899
v 0.32261445 0.12079807 0.64295899
v 0.32379763 -0.02691934 0.65828579
v 0.32379763 -0.02691934 0.65828579
v 0.32181163 0.12244493 0.65076994
v 0.32271238 -0.02583778 0.66626018
v 0.32353781 -0.12514396 0.67655986
v 0.32260092 -0.02430286 0.67613863
v 0.32345660 -0.12379620 0.68665426
v 0.32251661 -0.02279519 0.68612521
v 0.32341088 -0.12246203 0.69685220
v 0.32265423 -0.02197357 0.69200664
v 0.32360424 -0.12171800 0.70285421
v 0.32350551 -0.02166650 0.69422215
v 0.32350551 -0.02166650 0.69422215
v 0.32462130 -0.12140366 0.70511239
v 0.32462130 -0.12140366 0.70511239
v 0.32589875 -0.02140706 0.69486367
v 0.32742880 -0.12108420 0.70576518
v 0.33967109 -0.02016783 0.69500601
v 0.34328683 -0.11953972 0.70591014
v 0.36115538 -0.01904798 0.69500601
v 0.36789052 -0.11825728 0.70591008
v 0.37498192 -0.01884865 0.69486367
v 0.38382317 -0.11814466 0.70576518
v 0.37738918 -0.01885787 0.69422221
v 0.37738918 -0.01885787 0.69422221
v 0.38664867 -0.11817053 0.70511239
v 0.38664867 -0.11817053 0.70511239
v 0.39553617 -0.21711922 0.71596145
v 0.39553617 -0.21711922 0.71596145
v 0.38769288 -0.11837741 0.70285421
v 0.39672206 -0.21731474 0.71366214
v 0.38796256 -0.11909735 0.69685220
v 0.39703126 -0.21794975 0.70754086
v 0.38805582 -0.12042896 0.68665420
v 0.39714102 -0.21910158 0.69713210
v 0.38811512 -0.12177796 0.67655992
v 0.39720856 -0.22026303 0.68682050
v 0.38694809 -0.12281283 0.66849696
v 0.38694809 -0.12281283 0.66849696
v 0.39586933 -0.22115549 0.67867129
v 0.39586933 -0.22115549 0.67867129
v 0.38413520 -0.12288352 0.66741001
v 0.39268266 -0.22121501 0.67775171
v 0.36816432 -0.12290893 0.66623121
v 0.37476106 -0.22122903 0.67691826
v 0.34349813 -0.12419461 0.66623121
v 0.34715907 -0.22266781 0.67691826
v 0.32761113 -0.12582976 0.66740995
v 0.32933314 -0.22451702 0.67775177
v 0.32480617 -0.12605195 0.66849696
v 0.32480617 -0.12605195 0.66849696
v 0.32615753 -0.22478917 0.67867129
v 0.32615753 -0.22478917 0.67867129
v 0.32785393 -0.30946091 0.68741232
v 0.32785393 -0.30946091 0.68741232
v 0.32473277 -0.22404076 0.68682050
v 0.32634838 -0.30885167 0.69563156
v 0.32467918 -0.22287859 0.69713216
v 0.32631530 -0.30784877 0.70612847
v 0.32466863 -0.22172159 0.70754092
v 0.32632880 -0.30684271 0.71671646
v 0.32491009 -0.22105786 0.71366214
v 0.32659565 -0.30624521 0.72293710
v 0.32606922 -0.22074014 0.71596157
v 0.32606922 -0.22074014 0.71596157
v 0.32783274 -0.30592534 0.72526651
v 0.32783274 -0.30592534 0.72526651
v 0.32924195 -0.22037289 0.71662509
v 0.33124517 -0.30554076 0.72593724
v 0.34700434 -0.21858051 0.71677219
v 0.35037355 -0.30362685 0.72608625
v 0.37449001 -0.21714786 0.71677213
v 0.37998097 -0.30208361 0.72608625
v 0.39234252 -0.21708381 0.71662509
v 0.39920466 -0.30199844 0.72593730
v 0.40263860 -0.30202615 0.72526651
v 0.40263860 -0.30202615 0.72526651
v 0.40341191 -0.36224242 0.73251914
v 0.40528031 -0.39925180 0.73649126
v 0.40690513 -0.36223145 0.73185050
v 0.40690513 -0.36223145 0.73185050
v 0.38362111 -0.36244182 0.73266827
v 0.38557713 -0.39965062 0.73663598
v 0.35302834 -0.36403640 0.73266821
v 0.35495137 -0.40124695 0.73663592
v 0.33332403 -0.36589567 0.73251908
v 0.33531351 -0.40289877 0.73649132
v 0.32984866 -0.36624797 0.73185050
v 0.32984866 -0.36624797 0.73185050
v 0.33190931 -0.40314801 0.73584896
v 0.33190931 -0.40314801 0.73584896
v 0.32863872 -0.36657621 0.72951400
v 0.33087115 -0.40351732 0.73354518
v 0.32838519 -0.36713584 0.72322970
v 0.33068593 -0.40407930 0.72723573
v 0.32836445 -0.36803679 0.71251666
v 0.33067377 -0.40491943 0.71644925
v 0.32838686 -0.36892624 0.70189040
v 0.33069159 -0.40573697 0.70574563
v 0.32984512 -0.36941965 0.69363146
v 0.32984512 -0.36941965 0.69363146
v 0.33191399 -0.40609382 0.69748514
v 0.33191399 -0.40609382 0.69748514
v 0.33333032 -0.36915748 0.69296938
v 0.33127354 -0.30916925 0.68663841
v 0.33533008 -0.40592881 0.69692158
v 0.35312282 -0.36729114 0.69264197
v 0.35048692 -0.30722761 0.68610042
v 0.35504548 -0.40428163 0.69673168
v 0.38386552 -0.36568870 0.69264185
v 0.38024257 -0.30567662 0.68610030
v 0.38579904 -0.40267862 0.69673168
v 0.40374480 -0.36548720 0.69296932
v 0.39955370 -0.30561024 0.68663829
v 0.40557881 -0.40226711 0.69692158
v 0.40723838 -0.36538558 0.69363152
v 0.40723838 -0.36538558 0.69363152
v 0.40298511 -0.30554476 0.68741226
v 0.40298511 -0.30554476 0.68741226
v 0.40899356 -0.40207611 0.69748514
v 0.40899356 -0.40207611 0.69748514
v 0.40863745 -0.36474322 0.70189046
v 0.40441917 -0.30478227 0.69563162
v 0.41017221 -0.40159415 0.70574575
v 0.40856723 -0.36385630 0.71251660
v 0.40434779 -0.30378141 0.70612847
v 0.41010498 -0.40077914 0.71644925
v 0.40845297 -0.36296238 0.72322964
v 0.40422978 -0.30278222 0.71671652
v 0.41000552 -0.39994480 0.72723573
v 0.40814261 -0.36243214 0.72951400
v 0.40390225 -0.30221568 0.72293710
v 0.40976287 -0.39940514 0.73354524
v 0.40869199 -0.39914577 0.73584902
v 0.40869199 -0.39914577 0.73584902
v 0.40946667 -0.41811629 0.73557358
v 0.40808190 -0.42562069 0.73638498
v 0.40808190 -0.42562069 0.73638498
v 0.40874739 -0.41756387 0.73776036
v 0.40874739 -0.41756387 0.73776036
v 0.40958591 -0.41871707 0.72927206
v 0.40805723 -0.42631219 0.73009782
v 0.40805723 -0.42631219 0.73009782
v 0.40966238 -0.41952862 0.71845191
v 0.40810953 -0.42712195 0.71926694
v 0.40810953 -0.42712195 0.71926694
v 0.40972824 -0.42030291 0.70771145
v 0.40817569 -0.42787559 0.70851290
v 0.40817569 -0.42787559 0.70851290
v 0.40901090 -0.42037599 0.69948464
v 0.40901090 -0.42037599 0.69948464
v 0.40832050 -0.42648382 0.70027512
v 0.40832050 -0.42648382 0.70027512
v 0.40832050 -0.42648382 0.70027512
v 0.40575670 -0.42088555 0.69905942
v 0.40516530 -0.42833294 0.70021861
v 0.40516530 -0.42833294 0.70021861
v 0.38647561 -0.42155983 0.69895702
v 0.38646834 -0.42926989 0.70017385
v 0.38646834 -0.42926989 0.70017385
v 0.35633557 -0.42313085 0.69895702
v 0.35714437 -0.43079840 0.70017379
v 0.35714437 -0.43079840 0.70017379
v 0.33708884 -0.42446481 0.69905948
v 0.33845131 -0.43181033 0.70021849
v 0.33845131 -0.43181033 0.70021849
v 0.33379935 -0.42429633 0.69948470
v 0.33379935 -0.42429633 0.69948470
v 0.33512096 -0.43029933 0.70027512
v 0.33512096 -0.43029933 0.70027512
v 0.33512096 -0.43029933 0.70027512
v 0.33307825 -0.42429824 0.70771145
v 0.33540972 -0.43166842 0.70851290
v 0.33540972 -0.43166842 0.70851290
v 0.33306326 -0.42352130 0.71845185
v 0.33539720 -0.43091203 0.71926689
v 0.33539720 -0.43091203 0.71926689
v 0.33305494 -0.42270617 0.72927206
v 0.33536498 -0.43010123 0.73009776
v 0.33536498 -0.43010123 0.73009776
v 0.33311109 -0.42209627 0.73557352
v 0.33526854 -0.42941602 0.73638498
v 0.33526854 -0.42941602 0.73638498
v 0.33376901 -0.42147206 0.73776036
v 0.33376901 -0.42147206 0.73776036
v 0.33506738 -0.42753233 0.73826438
v 0.33506738 -0.42753233 0.73826438
v 0.33506738 -0.42753233 0.73826438
v 0.33704354 -0.42157035 0.73834460
v 0.33837442 -0.42901395 0.73874348
v 0.33837442 -0.42901395 0.73874348
v 0.35623063 -0.42022772 0.73847657
v 0.35702644 -0.42799439 0.73885655
v 0.35702644 -0.42799439 0.73885655
v 0.38627817 -0.41866149 0.73847669
v 0.38629414 -0.42646883 0.73885661
v 0.38629414 -0.42646883 0.73885661
v 0.40550084 -0.41800205 0.73834466
v 0.40495108 -0.42554371 0.73874354
v 0.40495108 -0.42554371 0.73874354
v 0.40808614 -0.42372628 0.73826444
v 0.40808614 -0.42372628 0.73826444
v 0.40808614 -0.42372628 0.73826444
v 0.40404166 -0.42944945 0.73682981
v 0.40381964 -0.43030770 0.73052733
v 0.38600014 -0.43073387 0.73690163
v 0.38591494 -0.43168475 0.73058348
v 0.35776223 -0.43220575 0.73690163
v 0.33968495 -0.43280397 0.73682987
v 0.35794584 -0.43314262 0.73058348
v 0.33999501 -0.43363453 0.73052739
v 0.35800107 -0.43396722 0.71974474
v 0.38594575 -0.43251063 0.71974462
v 0.35802643 -0.43469892 0.70898055
v 0.34005783 -0.43445073 0.71969050
v 0.34006725 -0.43519141 0.70892846
v 0.38599657 -0.43324099 0.70898055
v 0.40390961 -0.43186365 0.70892840
v 0.40384199 -0.43112604 0.71969050
v 0.31945686 0.23247959 0.63559675
v 0.31908680 0.23936348 0.63539135
v 0.31923969 0.23622356 0.62818950
v 0.31889431 0.24279217 0.62828439
v 0.31858258 0.25047790 0.62848299
v 0.31875317 0.24726276 0.63525211
v 0.31893171 0.25278415 0.62865954
v 0.31893171 0.25278415 0.62865954
v 0.31909861 0.24958758 0.63538819
v 0.31909861 0.24958758 0.63538819
v 0.32029693 0.25329416 0.62874895
v 0.32046406 0.25008731 0.63550031
v 0.32909136 0.25382717 0.62877285
v 0.32925875 0.25061624 0.63553309
v 0.34319164 0.25456215 0.62877285
v 0.34335901 0.25135110 0.63553309
v 0.35199381 0.25494634 0.62874895
v 0.35216098 0.25173949 0.63550031
v 0.35340463 0.25458114 0.62865948
v 0.35340463 0.25458114 0.62865948
v 0.35357101 0.25138433 0.63538825
v 0.35357101 0.25138433 0.63538825
v 0.35399167 0.25232352 0.62848287
v 0.35415627 0.24910812 0.63525205
v 0.35383363 0.25766899 0.54324996
v 0.32072736 0.21706031 0.59222847
v 0.32072736 0.21706031 0.59222847
v 0.32110460 0.20990549 0.61702114
v 0.32110460 0.20990549 0.61702114
v 0.32218061 0.21617110 0.59213650
v 0.32255952 0.20897834 0.61670935
v 0.33146338 0.20828412 0.61622249
v 0.31516157 0.31394906 0.28379431
v 0.31469007 0.32310249 0.27020898
v 0.31472839 0.32213645 0.29239770
v 0.31563367 0.30694138 0.27086472
v 0.31525196 0.31429808 0.26248854
v 0.31619386 0.30530034 0.26705831
v 0.31619386 0.30530034 0.26705831
v 0.31584896 0.31192042 0.26005205
v 0.31584896 0.31192042 0.26005205
v 0.31759883 0.30505700 0.26644927
v 0.31725772 0.31160153 0.25955173
v 0.32640003 0.30546044 0.26635661
v 0.32605900 0.31200318 0.25946226
v 0.34050028 0.30619533 0.26635664
v 0.34015925 0.31273817 0.25946226
v 0.34929572 0.30670916 0.26644927
v 0.34895457 0.31325389 0.25955173
v 0.35066779 0.30709715 0.26705837
v 0.35066779 0.30709715 0.26705837
v 0.35032256 0.31371735 0.26005205
v 0.35032256 0.31371735 0.26005205
v 0.35105436 0.30878760 0.27086472
v 0.35066910 0.31614427 0.26248857
v 0.35079528 0.31580640 0.28379431
v 0.35031261 0.32495926 0.27020898
v 0.35037492 0.32399456 0.29239770
v 0.34986018 0.33384712 0.30097851
v 0.34991194 0.33280019 0.27648836
v 0.34954245 0.33988319 0.26380672
v 0.34943442 0.34198089 0.28360429
v 0.34908681 0.34864680 0.27031674
v 0.34895305 0.35119183 0.29060944
v 0.34935211 0.34354736 0.30882230
v 0.34862716 0.35744275 0.27681705
v 0.34852900 0.35916899 0.29661416
v 0.34891169 0.35183047 0.31526902
v 0.34822153 0.36506824 0.28243791
v 0.34793554 0.36858423 0.30367967
v 0.34764929 0.37407596 0.28907957
v 0.34830235 0.36154671 0.32270902
v 0.34731348 0.37144588 0.30585449
v 0.34731348 0.37144588 0.30585449
v 0.34767593 0.36449246 0.32498296
v 0.34767593 0.36449246 0.32498296
v 0.34703375 0.37681215 0.29112192
v 0.34703375 0.37681215 0.29112192
v 0.34589423 0.37196679 0.30630811
v 0.34561591 0.37730612 0.29154494
v 0.34625582 0.36502992 0.32545816
v 0.33709033 0.37161525 0.30639093
v 0.33745174 0.36468129 0.32554498
v 0.33681227 0.37694965 0.29162171
v 0.32299007 0.37088032 0.30639099
v 0.32335149 0.36394636 0.32554498
v 0.32271205 0.37621464 0.29162171
v 0.31419735 0.37031461 0.30630811
v 0.31391902 0.37565400 0.29154494
v 0.31455891 0.36337768 0.32545816
v 0.31283994 0.36964895 0.30585449
v 0.31283994 0.36964895 0.30585449
v 0.31320237 0.36269553 0.32498296
v 0.31320237 0.36269553 0.32498296
v 0.31256022 0.37501521 0.29112192
v 0.31256022 0.37501521 0.29112192
v 0.31251879 0.36673789 0.30367967
v 0.31223251 0.37222983 0.28907957
v 0.31288560 0.35970058 0.32270896
v 0.31290735 0.35731225 0.29661416
v 0.31328972 0.34997378 0.31526902
v 0.31259988 0.36321144 0.28243791
v 0.31331499 0.34933423 0.29060944
v 0.31298922 0.35558502 0.27681705
v 0.31379382 0.34012304 0.28360429
v 0.31371285 0.34168975 0.30882230
v 0.31421600 0.33198927 0.30097856
v 0.31344654 0.34678917 0.27031677
v 0.31427334 0.33094256 0.27648836
v 0.31390448 0.33802547 0.26380672
v 0.31321286 0.35129474 0.23510011
v 0.31430520 0.33049493 0.25815930
v 0.31359394 0.34414081 0.23012061
v 0.31486036 0.32181416 0.25143718
v 0.31412749 0.33587499 0.22419682
v 0.31545888 0.31940474 0.24932516
v 0.31545888 0.31940474 0.24932516
v 0.31472079 0.33356453 0.22233329
v 0.31472079 0.33356453 0.22233329
v 0.31686796 0.31907837 0.24886882
v 0.31612943 0.33324705 0.22192869
v 0.32566927 0.31947969 0.24878336
v 0.32493074 0.33364831 0.22185259
v 0.33976956 0.32021470 0.24878339
v 0.33903100 0.33438323 0.22185262
v 0.34856488 0.32073067 0.24886885
v 0.34782635 0.33489929 0.22192869
v 0.34993242 0.32120167 0.24932513
v 0.34993242 0.32120167 0.24932513
v 0.34919433 0.33536147 0.22233332
v 0.34919433 0.33536147 0.22233332
v 0.35027717 0.32366036 0.25143715
v 0.34954424 0.33772106 0.22419682
v 0.34992684 0.33235170 0.25815930
v 0.34921555 0.34599765 0.23012064
v 0.34778045 0.37352993 0.16862806
v 0.34885080 0.35315229 0.23510011
v 0.34744246 0.38017066 0.17226058
v 0.34841834 0.36147155 0.24084225
v 0.34704147 0.38788642 0.17644898
v 0.34798209 0.36981849 0.24657736
v 0.34663697 0.39562435 0.18063150
v 0.34759681 0.37705310 0.25153642
v 0.34627934 0.40232868 0.18424720
v 0.34704892 0.38559397 0.25739100
v 0.34576429 0.41023897 0.18851239
v 0.34644111 0.38818242 0.25918447
v 0.34644111 0.38818242 0.25918447
v 0.34516676 0.41263078 0.18981532
v 0.34516676 0.41263078 0.18981532
v 0.34502493 0.38864388 0.25955283
v 0.34375276 0.41305037 0.19008125
v 0.33622162 0.38828112 0.25961929
v 0.33494987 0.41267987 0.19012899
v 0.32212140 0.38754626 0.25961932
v 0.32084958 0.41194500 0.19012899
v 0.31332807 0.38699175 0.25955283
v 0.31205590 0.41139828 0.19008125
v 0.31196754 0.38638555 0.25918444
v 0.31196754 0.38638555 0.25918444
v 0.31069319 0.41083379 0.18981526
v 0.31069319 0.41083379 0.18981526
v 0.31163214 0.38374777 0.25739100
v 0.31034754 0.40839289 0.18851242
v 0.31197520 0.37519635 0.25153645
v 0.31065772 0.40047191 0.18424720
v 0.31234415 0.36796086 0.24657736
v 0.31099905 0.39376684 0.18063150
v 0.31277807 0.35961382 0.24084225
v 0.31140120 0.38602869 0.17644898
v 0.30962779 0.42007436 0.09218413
v 0.31180455 0.37831308 0.17226061
v 0.31215884 0.37167312 0.16862806
v 0.30999602 0.41303174 0.09000012
v 0.31032039 0.40696530 0.08810585
v 0.30871119 0.43835242 0.02969904
v 0.30836745 0.44492538 0.03041906
v 0.30901454 0.43268587 0.02907598
v 0.30842958 0.44835629 0.00587426
v 0.30809556 0.45474602 0.00601541
v 0.30866049 0.44984539 0.00236113
v 0.30866049 0.44984539 0.00236113
v 0.30872358 0.44284351 0.00575970
v 0.30895196 0.44435371 0.00232545
v 0.30895196 0.44435371 0.00232545
v 0.30913667 0.43639000 0.00570143
v 0.30934386 0.43790151 0.00241484
v 0.30934386 0.43790151 0.00241484
v 0.30945866 0.42608078 0.02834645
v 0.30960147 0.43448497 0.00587897
v 0.30960147 0.43448497 0.00587897
v 0.30964626 0.43580355 0.00324635
v 0.30964626 0.43580355 0.00324635
v 0.30964626 0.43580355 0.00324635
v 0.31001969 0.42417450 0.02813328
v 0.31001969 0.42417450 0.02813328
v 0.31089155 0.43436481 0.00564511
v 0.31080972 0.43610330 0.00239261
v 0.31080972 0.43610330 0.00239261
v 0.31141035 0.42390843 0.02806127
v 0.31965704 0.43482400 0.00554415
v 0.31956427 0.43660392 0.00222707
v 0.31956427 0.43660392 0.00222707
v 0.32020466 0.42431809 0.02803576
v 0.33375733 0.43555893 0.00554415
v 0.33366455 0.43733890 0.00222707
v 0.33366455 0.43733890 0.00222707
v 0.33430491 0.42505296 0.02803576
v 0.34252305 0.43601359 0.00564511
v 0.34242372 0.43775119 0.00239261
v 0.34242372 0.43775119 0.00239261
v 0.34309416 0.42555995 0.02806127
v 0.34379368 0.43626721 0.00587897
v 0.34379368 0.43626721 0.00587897
v 0.34361203 0.43757392 0.00324637
v 0.34361203 0.43757392 0.00324637
v 0.34361203 0.43757392 0.00324637
v 0.34444965 0.42596902 0.02813328
v 0.34444965 0.42596902 0.02813328
v 0.34405784 0.43821032 0.00570143
v 0.34369470 0.43969198 0.00241484
v 0.34369470 0.43969198 0.00241484
v 0.34480946 0.42792334 0.02834645
v 0.34379779 0.44467176 0.00575970
v 0.34341361 0.44615008 0.00232545
v 0.34341361 0.44615008 0.00232545
v 0.34456445 0.43453880 0.02907598
v 0.34351705 0.45018519 0.00587426
v 0.34313254 0.45164241 0.00236113
v 0.34313254 0.45164241 0.00236113
v 0.34318493 0.45657511 0.00601539
v 0.34427704 0.44020630 0.02969904
v 0.34393553 0.44677927 0.03041906
v 0.34563164 0.41488920 0.09000012
v 0.34593971 0.40882187 0.08810585
v 0.34526570 0.42193212 0.09218413
v 0.34489660 0.42899115 0.09436497
v 0.34456973 0.43510510 0.09625005
v 0.34359114 0.45336463 0.03113854
v 0.34285037 0.46297474 0.00615910
v 0.34328602 0.45906575 0.03176210
v 0.34255521 0.46851094 0.00629246
v 0.34283616 0.46578057 0.03251132
v 0.34214069 0.47499116 0.00654090
v 0.34409125 0.44231601 0.09847339
v 0.34226973 0.46779062 0.03275932
v 0.34226973 0.46779062 0.03275932
v 0.34168108 0.47679718 0.00684585
v 0.34168108 0.47679718 0.00684585
v 0.34350525 0.44449206 0.09915219
v 0.34350525 0.44449206 0.09915219
v 0.34087484 0.46813764 0.03278022
v 0.34037863 0.47715439 0.00659401
v 0.34209411 0.44486745 0.09928938
v 0.33207892 0.46775843 0.03276980
v 0.33329184 0.44448908 0.09931346
v 0.33160804 0.47679253 0.00648019
v 0.31797870 0.46702363 0.03276980
v 0.31919159 0.44375415 0.09931346
v 0.31750779 0.47605760 0.00648019
v 0.30919103 0.46648611 0.03278022
v 0.30874716 0.47550561 0.00659401
v 0.31039767 0.44321521 0.09928938
v 0.30783977 0.46599604 0.03275932
v 0.30783977 0.46599604 0.03275932
v 0.30748884 0.47501476 0.00684585
v 0.30748884 0.47501476 0.00684585
v 0.30903320 0.44269527 0.09915219
v 0.30903320 0.44269527 0.09915219
v 0.30748539 0.46393795 0.03251132
v 0.30721949 0.47317095 0.00654090
v 0.30867662 0.44047000 0.09847339
v 0.30773608 0.45721264 0.03176210
v 0.30895044 0.43324836 0.09625005
v 0.30748098 0.46668269 0.00629246
v 0.30802532 0.45151068 0.03113854
v 0.30926098 0.42713358 0.09436497
v 0.30776294 0.46114571 0.00615910
v 0.30799668 0.46258058 0.00247578
v 0.30799668 0.46258058 0.00247578
v 0.30771466 0.46809144 0.00254143
v 0.30771466 0.46809144 0.00254143
v 0.30832808 0.45620848 0.00241633
v 0.30832808 0.45620848 0.00241633
v 0.30934156 0.46347727 0.00033600
v 0.30905674 0.46897270 0.00036615
v 0.30967261 0.45712133 0.00032496
v 0.31813292 0.46406408 0.00000408
v 0.31784661 0.46955742 0.00002957
v 0.31846412 0.45771046 0.00000044
v 0.33223321 0.46479900 0.00000408
v 0.33194686 0.47029234 0.00002957
v 0.33256437 0.45844544 0.00000044
v 0.34103797 0.46512957 0.00033600
v 0.34074987 0.47062470 0.00036615
v 0.34136952 0.45877351 0.00032496
v 0.34246875 0.46437754 0.00247578
v 0.34246875 0.46437754 0.00247578
v 0.34217633 0.46988757 0.00254143
v 0.34217633 0.46988757 0.00254143
v 0.34280162 0.45800550 0.00241633
v 0.34280162 0.45800550 0.00241633
v 0.34178595 0.47631122 0.00277287
v 0.34178595 0.47631122 0.00277287
v 0.34151770 0.47775342 0.00377991
v 0.34151770 0.47775342 0.00377991
v 0.34151770 0.47775342 0.00377991
v 0.34040205 0.47700848 0.00066210
v 0.33161427 0.47667302 0.00035003
v 0.34031464 0.47821410 0.00279387
v 0.34031464 0.47821410 0.00279387
v 0.33155216 0.47786464 0.00260301
v 0.33155216 0.47786464 0.00260301
v 0.31745191 0.47712971 0.00260301
v 0.31745191 0.47712971 0.00260301
v 0.30870064 0.47656621 0.00279387
v 0.30870064 0.47656621 0.00279387
v 0.31751402 0.47593798 0.00035003
v 0.30873896 0.47535814 0.00066210
v 0.30743508 0.47452076 0.00277287
v 0.30743508 0.47452076 0.00277287
v 0.30755194 0.47598298 0.00377991
v 0.30755194 0.47598298 0.00377991
v 0.30755194 0.47598298 0.00377991
v 0.34170015 0.45242573 0.00032016
v 0.34198429 0.44694318 0.00033362
v 0.33289514 0.45209970 0.00000354
v 0.33318086 0.44661792 0.00002536
v 0.31879489 0.45136477 0.00000354
v 0.31908064 0.44588275 0.00002536
v 0.31000371 0.45077337 0.00032016
v 0.31029110 0.44529106 0.00033362
v 0.31064482 0.43879487 0.00057230
v 0.31942023 0.43936761 0.00029954
v 0.33352049 0.44010253 0.00029954
v 0.34230788 0.44044514 0.00057230
v 0.34620513 0.40176161 0.08585189
v 0.34807919 0.36582817 0.16430546
v 0.34584005 0.39969932 0.08514253
v 0.34584005 0.39969932 0.08514253
v 0.34772198 0.36360906 0.16294452
v 0.34772198 0.36360906 0.16294452
v 0.34447111 0.39926459 0.08498734
v 0.34635328 0.36315970 0.16264855
v 0.33567603 0.39874859 0.08495770
v 0.33755796 0.36264347 0.16259281
v 0.32157575 0.39801379 0.08495770
v 0.32345773 0.36190866 0.16259281
v 0.31277470 0.39761229 0.08498734
v 0.31465642 0.36150752 0.16264855
v 0.31136800 0.39790238 0.08514253
v 0.31136800 0.39790238 0.08514253
v 0.31324841 0.36181219 0.16294447
v 0.31324841 0.36181219 0.16294447
v 0.31079046 0.39991586 0.08585189
v 0.31266241 0.36398210 0.16430546
v 0.38684966 -0.37795515 0.34495606
v 0.38628258 -0.37617259 0.34282022
v 0.38628258 -0.37617259 0.34282022
v 0.38489787 -0.37631647 0.34237447
v 0.37610330 -0.37684657 0.34228953
v 0.36200301 -0.37758152 0.34228959
v 0.35320099 -0.37796862 0.34237453
v 0.35180880 -0.37796952 0.34282028
v 0.35180880 -0.37796952 0.34282028
v 0.35143019 -0.37980141 0.34495612
v 0.35520078 -0.45212479 0.35678768
v 0.35499828 -0.44827615 0.39484602
v 0.35551359 -0.45496954 0.35693514
v 0.35589354 -0.45633362 0.35701626
v 0.35589354 -0.45633362 0.35701626
v 0.35531075 -0.45109023 0.39494398
v 0.35569023 -0.45243575 0.39501672
v 0.35569023 -0.45243575 0.39501672
v 0.35515879 -0.44817249 0.42484390
v 0.35500683 -0.44525479 0.45474380
v 0.35485680 -0.44555555 0.42475256
v 0.35553338 -0.44942634 0.42491358
v 0.35553338 -0.44942634 0.42491358
v 0.35537656 -0.44641690 0.45481040
v 0.35537656 -0.44641690 0.45481040
v 0.35696836 -0.45024522 0.42498719
v 0.35712837 -0.45331545 0.39509254
v 0.35680832 -0.44717498 0.45488187
v 0.36577572 -0.44996040 0.42500626
v 0.36593635 -0.45304178 0.39511197
v 0.36561511 -0.44687898 0.45490059
v 0.37987597 -0.44922541 0.42500626
v 0.38003658 -0.45230682 0.39511197
v 0.37971534 -0.44614403 0.45490059
v 0.38866521 -0.44859304 0.42498719
v 0.38850518 -0.44552280 0.45488187
v 0.38882525 -0.45166327 0.39509248
v 0.38835834 -0.44270526 0.48242652
v 0.38985039 -0.44462000 0.45481040
v 0.38985039 -0.44462000 0.45481040
v 0.38970907 -0.44191144 0.48238789
v 0.38970907 -0.44191144 0.48238789
v 0.38950928 -0.43802647 0.52086543
v 0.38950928 -0.43802647 0.52086543
v 0.38996391 -0.44087730 0.48234206
v 0.39001872 -0.43877871 0.48226100
v 0.38976912 -0.43708862 0.52083039
v 0.38983433 -0.43519111 0.52075344
v 0.38982765 -0.42625321 0.62727385
v 0.38990618 -0.42463000 0.62715500
v 0.39224313 -0.41999938 0.68483513
v 0.38956122 -0.42706244 0.62732118
v 0.38956122 -0.42706244 0.62732118
v 0.39197446 -0.42075120 0.68489718
v 0.39197446 -0.42075120 0.68489718
v 0.38818492 -0.42771240 0.62734490
v 0.39051934 -0.42140935 0.68493747
v 0.38815497 -0.43875371 0.52088802
v 0.37908374 -0.42836444 0.62735152
v 0.38006569 -0.42240866 0.68496483
v 0.37936209 -0.43934183 0.52089202
v 0.36439483 -0.42913009 0.62735152
v 0.36279900 -0.42330866 0.68496477
v 0.36525927 -0.44007693 0.52089202
v 0.35527517 -0.42942779 0.62734490
v 0.35229813 -0.42340158 0.68493747
v 0.35645287 -0.44040616 0.52088802
v 0.35383876 -0.42892446 0.62732118
v 0.35383876 -0.42892446 0.62732118
v 0.35078247 -0.42289831 0.68489706
v 0.35078247 -0.42289831 0.68489706
v 0.35503031 -0.43982367 0.52086549
v 0.35503031 -0.43982367 0.52086549
v 0.35348965 -0.42814730 0.62727385
v 0.35043706 -0.42217846 0.68483513
v 0.35324277 -0.42654102 0.62715500
v 0.35467438 -0.43891792 0.52083039
v 0.35487454 -0.44270633 0.48234206
v 0.35441221 -0.43703745 0.52075344
v 0.35460182 -0.44062482 0.48226100
v 0.35225753 -0.38662781 0.51859062
v 0.35225753 -0.38662781 0.51859062
v 0.35216810 -0.38486688 0.48102691
v 0.35216810 -0.38486688 0.48102691
v 0.35147889 -0.38365097 0.62339955
v 0.35147889 -0.38365097 0.62339955
v 0.35361697 -0.38599955 0.51857578
v 0.35286088 -0.38310961 0.62337905
v 0.35352592 -0.38420372 0.48110979
v 0.36241131 -0.38543834 0.51857364
v 0.36197029 -0.38261549 0.62338101
v 0.36231871 -0.38363795 0.48113339
v 0.37651406 -0.38470323 0.51857369
v 0.37665917 -0.38184981 0.62338101
v 0.37641896 -0.38290296 0.48113339
v 0.38531910 -0.38434707 0.51857578
v 0.38577063 -0.38139422 0.62337905
v 0.38522296 -0.38255151 0.48110979
v 0.38673650 -0.38483061 0.51859068
v 0.38673650 -0.38483061 0.51859068
v 0.38664232 -0.38306992 0.48102685
v 0.38664232 -0.38306992 0.48102685
v 0.38720138 -0.38178898 0.62339961
v 0.38720138 -0.38178898 0.62339961
v 0.38982506 -0.37951498 0.68054199
v 0.38982506 -0.37951498 0.68054199
v 0.39262085 -0.37847297 0.69391274
v 0.39262085 -0.37847297 0.69391274
v 0.38832040 -0.37922288 0.68051391
v 0.39232440 -0.41851251 0.68469399
v 0.39507763 -0.41675405 0.69772928
v 0.39499970 -0.41821904 0.69787442
v 0.39473166 -0.41896819 0.69794726
v 0.39473166 -0.41896819 0.69794726
v 0.39319663 -0.41967376 0.69800549
v 0.38133769 -0.42104141 0.69805544
v 0.36139174 -0.42208107 0.69805550
v 0.34945489 -0.42195375 0.69800549
v 0.34785481 -0.42141162 0.69794726
v 0.34785481 -0.42141162 0.69794726
v 0.34751032 -0.42069440 0.69787442
v 0.34728052 -0.41924541 0.69772928
v 0.34574403 -0.38091634 0.69391274
v 0.34574403 -0.38091634 0.69391274
v 0.35020165 -0.42070813 0.68469399
v 0.34863304 -0.38166206 0.68054205
v 0.34863304 -0.38166206 0.68054205
v 0.35009919 -0.38121514 0.68051397
v 0.34729593 -0.38053478 0.69387668
v 0.36059190 -0.38096572 0.68053078
v 0.35922615 -0.38053392 0.69390821
v 0.37785859 -0.38006569 0.68053078
v 0.37917207 -0.37949426 0.69390821
v 0.39103769 -0.37825479 0.69387668
v 0.37600411 -0.37494414 0.45705157
v 0.36190386 -0.37567909 0.45705157
v 0.35311149 -0.37628435 0.45697551
v 0.35175656 -0.37711973 0.45666953
v 0.35175656 -0.37711973 0.45666953
v 0.35471536 -0.44283499 0.45465910
v 0.35523547 -0.44370835 0.48238789
v 0.35523547 -0.44370835 0.48238789
v 0.35666145 -0.44435741 0.48242652
v 0.36546718 -0.44404082 0.48243534
v 0.37956740 -0.44330584 0.48243534
v 0.38770624 -0.39441480 0.31926342
v 0.38706438 -0.39117377 0.31897765
v 0.38706438 -0.39117377 0.31897765
v 0.38564040 -0.39056166 0.31890579
v 0.37683554 -0.39089485 0.31889104
v 0.36273529 -0.39162980 0.31889104
v 0.35394348 -0.39221384 0.31890579
v 0.35259084 -0.39297070 0.31897765
v 0.35259084 -0.39297070 0.31897765
v 0.35228945 -0.39626087 0.31926348
v 0.39041661 -0.44704826 0.03544548
v 0.39047648 -0.45232852 0.00682461
v 0.38984479 -0.44493477 0.03544359
v 0.38984479 -0.44493477 0.03544359
v 0.39000799 -0.45035227 0.00710405
v 0.39000799 -0.45035227 0.00710405
v 0.38844834 -0.44455810 0.03541062
v 0.38871188 -0.45011689 0.00681773
v 0.37965237 -0.44493614 0.03538919
v 0.37994425 -0.45053582 0.00669133
v 0.36555214 -0.44567110 0.03538919
v 0.36584403 -0.45127077 0.00669133
v 0.35676454 -0.44620954 0.03541062
v 0.35708039 -0.45176564 0.00681773
v 0.35541482 -0.44672941 0.03544359
v 0.35541482 -0.44672941 0.03544359
v 0.35581575 -0.45213450 0.00710405
v 0.35581575 -0.45213450 0.00710405
v 0.35506584 -0.44889088 0.03544548
v 0.35555528 -0.45414875 0.00682461
v 0.35708623 -0.48765163 0.03596473
v 0.35746430 -0.49077313 0.00692928
v 0.35777296 -0.49120869 0.00271631
v 0.35777296 -0.49120869 0.00271631
v 0.35765766 -0.49217068 0.00708372
v 0.35792260 -0.49255396 0.00306714
v 0.35792260 -0.49255396 0.00306714
v 0.35793526 -0.49279679 0.00722510
v 0.35793526 -0.49279679 0.00722510
v 0.35805990 -0.49301027 0.00381833
v 0.35805990 -0.49301027 0.00381833
v 0.35805990 -0.49301027 0.00381833
v 0.35923876 -0.49317430 0.00693681
v 0.35925309 -0.49328084 0.00271929
v 0.35925309 -0.49328084 0.00271929
v 0.36800914 -0.49280809 0.00680886
v 0.36801405 -0.49290268 0.00250644
v 0.36801405 -0.49290268 0.00250644
v 0.38210936 -0.49207310 0.00680886
v 0.38211428 -0.49216773 0.00250644
v 0.38211428 -0.49216773 0.00250644
v 0.39087026 -0.49152555 0.00693681
v 0.38208725 -0.49164869 0.00068256
v 0.38201584 -0.49027900 0.00000634
v 0.36798699 -0.49238364 0.00068256
v 0.36791562 -0.49101396 0.00000634
v 0.35921802 -0.49277596 0.00097424
v 0.35913138 -0.49141823 0.00035554
v 0.35724564 -0.45524015 0.00034430
v 0.35588045 -0.45490165 0.00267165
v 0.35588045 -0.45490165 0.00267165
v 0.35714473 -0.45283239 0.00266893
v 0.35714473 -0.45283239 0.00266893
v 0.36602969 -0.45483316 0.00000000
v 0.38012998 -0.45409821 0.00000000
v 0.36590134 -0.45237057 0.00245922
v 0.36590134 -0.45237057 0.00245922
v 0.38000159 -0.45163558 0.00245922
v 0.38000159 -0.45163558 0.00245922
v 0.38875873 -0.45118456 0.00266893
v 0.38875873 -0.45118456 0.00266893
v 0.38993375 -0.45110656 0.00375154
v 0.38993375 -0.45110656 0.00375154
v 0.38993375 -0.45110656 0.00375154
v 0.38890876 -0.45358975 0.00034430
v 0.39023133 -0.45311113 0.00267165
v 0.39023133 -0.45311113 0.00267165
v 0.39079447 -0.48976780 0.00035554
v 0.35596801 -0.45287703 0.00375154
v 0.35596801 -0.45287703 0.00375154
v 0.35596801 -0.45287703 0.00375154
v -0.39202569 -0.49123980 0.00381833
v -0.39202569 -0.49123980 0.00381833
v -0.39202569 -0.49123980 0.00381833
v -0.39212747 -0.49101453 0.00722510
v -0.39212747 -0.49101453 0.00722510
v -0.39086710 -0.49163298 0.00271929
v -0.39086710 -0.49163298 0.00271929
v -0.39211483 -0.49077170 0.00306714
v -0.39211483 -0.49077170 0.00306714
v -0.39212377 -0.48941816 0.00271631
v -0.39212377 -0.48941816 0.00271631
v -0.39084949 -0.49112715 0.00097424
v -0.39233847 -0.49036293 0.00708372
v -0.39238541 -0.48895286 0.00692928
v -0.39235781 -0.48735277 0.03600304
v -0.39243700 -0.48580901 0.03596475
v -0.39209576 -0.48811848 0.03602278
v -0.39209576 -0.48811848 0.03602278
v -0.39197908 -0.47955675 0.10982113
v -0.39205115 -0.47779267 0.10975795
v -0.39142303 -0.46887000 0.21087792
v -0.39171638 -0.48043497 0.10985221
v -0.39171638 -0.48043497 0.10985221
v -0.39116751 -0.46989115 0.21093690
v -0.39116751 -0.46989115 0.21093690
v -0.39036079 -0.48112525 0.10987341
v -0.38981669 -0.47068380 0.21097917
v -0.39075057 -0.48872624 0.03600281
v -0.38156904 -0.48170678 0.10987710
v -0.38196440 -0.48929198 0.03598366
v -0.38102587 -0.47128572 0.21098762
v -0.36746882 -0.48244174 0.10987710
v -0.36786418 -0.49002694 0.03598366
v -0.36692558 -0.47202067 0.21098762
v -0.35866432 -0.48277737 0.10987341
v -0.35811986 -0.47233598 0.21097925
v -0.35906674 -0.49037768 0.03600283
v -0.35724418 -0.48223181 0.10985224
v -0.35724418 -0.48223181 0.10985224
v -0.35669394 -0.47168805 0.21093690
v -0.35669394 -0.47168805 0.21093690
v -0.35766576 -0.48991312 0.03602278
v -0.35766576 -0.48991312 0.03602278
v -0.35689168 -0.48138563 0.10982113
v -0.35732548 -0.48917879 0.03600304
v -0.35663654 -0.47963865 0.10975795
v -0.35633360 -0.47069897 0.21087792
v -0.35590471 -0.46246882 0.28867959
v -0.35606326 -0.46866141 0.21075783
v -0.35562252 -0.46020477 0.28851562
v -0.35338475 -0.41727503 0.20774136
v -0.35264795 -0.40313859 0.28439012
v -0.35433812 -0.43554337 0.10818450
v -0.35370831 -0.41440971 0.20757445
v -0.35370831 -0.41440971 0.20757445
v -0.35468228 -0.43308116 0.10809840
v -0.35468228 -0.43308116 0.10809840
v -0.35295545 -0.39996634 0.28415796
v -0.35295545 -0.39996634 0.28415796
v -0.35506476 -0.41372596 0.20753845
v -0.35430859 -0.39921884 0.28410655
v -0.35604273 -0.43248443 0.10807881
v -0.36385714 -0.41315310 0.20753176
v -0.36483581 -0.43192796 0.10807460
v -0.36310034 -0.39863445 0.28409677
v -0.37795739 -0.41241811 0.20753176
v -0.37893598 -0.43119298 0.10807464
v -0.37720062 -0.39789943 0.28409683
v -0.38676174 -0.41207378 0.20753849
v -0.38600551 -0.39756669 0.28410661
v -0.38773926 -0.43083228 0.10807881
v -0.38818188 -0.41261281 0.20757445
v -0.38818188 -0.41261281 0.20757445
v -0.38915433 -0.43128432 0.10809840
v -0.38915433 -0.43128432 0.10809840
v -0.38742907 -0.39816944 0.28415796
v -0.38742907 -0.39816944 0.28415796
v -0.38880150 -0.41542895 0.20774136
v -0.38806470 -0.40129252 0.28439012
v -0.38975267 -0.43369742 0.10818450
v -0.39148007 -0.46681534 0.21075780
v -0.39103918 -0.45835872 0.28851562
v -0.39083706 -0.45447989 0.32387727
v -0.39099400 -0.46063979 0.28867959
v -0.39079817 -0.45688237 0.32405945
v -0.39074422 -0.46177207 0.28876027
v -0.39074422 -0.46177207 0.28876027
v -0.39055149 -0.45807366 0.32414918
v -0.39055149 -0.45807366 0.32414918
v -0.38939764 -0.46264432 0.28881814
v -0.38920705 -0.45898752 0.32421380
v -0.38060765 -0.46326201 0.28882959
v -0.38041739 -0.45961340 0.32422673
v -0.36650728 -0.46399699 0.28882959
v -0.36631720 -0.46034838 0.32422673
v -0.35770072 -0.46429650 0.28881814
v -0.35751013 -0.46063970 0.32421386
v -0.35627075 -0.46356900 0.28876027
v -0.35627075 -0.46356900 0.28876027
v -0.35607795 -0.45987056 0.32414918
v -0.35607795 -0.45987056 0.32414918
v -0.35601164 -0.45859908 0.33614808
v -0.35601164 -0.45859908 0.33614808
v -0.35570879 -0.45871137 0.32405945
v -0.35542031 -0.45632599 0.32387727
v -0.35564025 -0.45739670 0.33605712
v -0.35534696 -0.45491926 0.33587410
v -0.35560618 -0.45674320 0.34149148
v -0.35598038 -0.45799898 0.34158030
v -0.35598038 -0.45799898 0.34158030
v -0.35557438 -0.45613454 0.34637990
v -0.35530676 -0.45414822 0.34131511
v -0.35526772 -0.45340000 0.34621423
v -0.35192628 -0.38929455 0.33655762
v -0.35171686 -0.38527976 0.34058150
v -0.35210367 -0.39269672 0.33113950
v -0.35223873 -0.38621543 0.33605718
v -0.35223873 -0.38621543 0.33605718
v -0.35240667 -0.38943790 0.33077075
v -0.35240667 -0.38943790 0.33077075
v -0.35205097 -0.38261394 0.33975198
v -0.35205097 -0.38261394 0.33975198
v -0.35360201 -0.38566215 0.33587235
v -0.35342760 -0.38231646 0.33946814
v -0.35376231 -0.38873811 0.33065557
v -0.36239685 -0.38513772 0.33582728
v -0.36255501 -0.38817163 0.33062922
v -0.36222614 -0.38186152 0.33940180
v -0.37649710 -0.38440277 0.33582728
v -0.37665527 -0.38743664 0.33062922
v -0.37632637 -0.38112660 0.33940172
v -0.38529886 -0.38400994 0.33587235
v -0.38512446 -0.38066433 0.33946814
v -0.38545923 -0.38708590 0.33065557
v -0.38671227 -0.38441850 0.33605718
v -0.38671227 -0.38441850 0.33605718
v -0.38688026 -0.38764097 0.33077075
v -0.38688026 -0.38764097 0.33077075
v -0.38652460 -0.38081704 0.33975198
v -0.38652460 -0.38081704 0.33975198
v -0.38734315 -0.38744847 0.33655762
v -0.38713406 -0.38343365 0.34058144
v -0.38752042 -0.39085068 0.33113950
v -0.39072357 -0.45230214 0.34131511
v -0.39068462 -0.45155393 0.34621423
v -0.39076371 -0.45307319 0.33587410
v -0.39069556 -0.45491420 0.34149154
v -0.39066382 -0.45430554 0.34637981
v -0.39045401 -0.45620207 0.34158024
v -0.39045401 -0.45620207 0.34158024
v -0.39072965 -0.45556773 0.33605712
v -0.39048527 -0.45680217 0.33614808
v -0.39048527 -0.45680217 0.33614808
v -0.38914229 -0.45774509 0.33621418
v -0.38911279 -0.45717917 0.34164589
v -0.38035296 -0.45837642 0.33622744
v -0.38032375 -0.45781650 0.34165936
v -0.36625265 -0.45911138 0.33622744
v -0.36622353 -0.45855148 0.34165936
v -0.35744546 -0.45939727 0.33621418
v -0.35741593 -0.45883138 0.34164595
v -0.35738932 -0.45832168 0.34653028
v -0.35733236 -0.45722990 0.35708269
v -0.35595183 -0.45745187 0.34646534
v -0.35595183 -0.45745187 0.34646534
v -0.36619724 -0.45804797 0.34654393
v -0.36614053 -0.45696019 0.35709744
v -0.38029747 -0.45731302 0.34654393
v -0.38024090 -0.45622523 0.35709744
v -0.38908623 -0.45666949 0.34653028
v -0.38902925 -0.45557772 0.35708269
v -0.39042546 -0.45565496 0.34646534
v -0.39042546 -0.45565496 0.34646534
v -0.39036720 -0.45453669 0.35701626
v -0.39036720 -0.45453669 0.35701626
v -0.39016415 -0.45063879 0.39501672
v -0.39016415 -0.45063879 0.39501672
v -0.39060329 -0.45314054 0.35693514
v -0.39061864 -0.45027865 0.35678759
v -0.39040168 -0.44926111 0.39494389
v -0.39041989 -0.44642983 0.39484608
v -0.39024945 -0.44634341 0.42484384
v -0.39009722 -0.44342570 0.45474380
v -0.39000724 -0.44762938 0.42491358
v -0.39000724 -0.44762938 0.42491358
v -0.39027773 -0.44370930 0.42475259
v -0.39013554 -0.44098873 0.45465910
v -0.38566191 -0.36399888 0.44208583
v -0.38566191 -0.36399888 0.44208583
v -0.38548137 -0.36058979 0.44013228
v -0.38548137 -0.36058979 0.44013228
v -0.38548137 -0.36058979 0.44013228
v -0.38548137 -0.36058979 0.44013228
v -0.38624622 -0.37532194 0.45666953
v -0.38624622 -0.37532194 0.45666953
v -0.38676135 -0.37349565 0.39309310
v -0.38422345 -0.36332057 0.44273939
v -0.38481183 -0.37463199 0.45697551
v -0.38405003 -0.36000521 0.44082170
v -0.38405003 -0.36000521 0.44082170
v -0.37541302 -0.36360367 0.44284748
v -0.37524106 -0.36030497 0.44093456
v -0.37524106 -0.36030497 0.44093456
v -0.37600408 -0.37494414 0.45705157
v -0.36131273 -0.36433868 0.44284748
v -0.36114083 -0.36103992 0.44093456
v -0.36114083 -0.36103992 0.44093456
v -0.36190386 -0.37567909 0.45705157
v -0.35252060 -0.36497305 0.44273939
v -0.35311143 -0.37628435 0.45697551
v -0.35234846 -0.36165763 0.44082164
v -0.35234846 -0.36165763 0.44082164
v -0.35116033 -0.36579727 0.44208583
v -0.35116033 -0.36579727 0.44208583
v -0.35098560 -0.36238785 0.44013228
v -0.35098560 -0.36238785 0.44013228
v -0.35098560 -0.36238785 0.44013228
v -0.35098560 -0.36238785 0.44013228
v -0.35175659 -0.37711971 0.45666953
v -0.35175659 -0.37711971 0.45666953
v -0.35105436 -0.37535687 0.39309316
v -0.35485683 -0.44555555 0.42475256
v -0.35499828 -0.44827612 0.39484602
v -0.35471536 -0.44283496 0.45465910
v -0.35515879 -0.44817249 0.42484390
v -0.35500683 -0.44525476 0.45474380
v -0.35531078 -0.45109023 0.39494398
v -0.35553341 -0.44942631 0.42491358
v -0.35553341 -0.44942631 0.42491358
v -0.35569023 -0.45243572 0.39501672
v -0.35569023 -0.45243572 0.39501672
v -0.35537656 -0.44641690 0.45481040
v -0.35537656 -0.44641690 0.45481040
v -0.35696839 -0.45024519 0.42498719
v -0.35712843 -0.45331539 0.39509254
v -0.35680835 -0.44717498 0.45488187
v -0.36577572 -0.44996037 0.42500626
v -0.36593635 -0.45304178 0.39511197
v -0.36561508 -0.44687895 0.45490059
v -0.37987594 -0.44922541 0.42500626
v -0.38003658 -0.45230682 0.39511197
v -0.37971528 -0.44614400 0.45490059
v -0.38866524 -0.44859301 0.42498719
v -0.38850527 -0.44552280 0.45488187
v -0.38882525 -0.45166324 0.39509248
v -0.38835837 -0.44270523 0.48242652
v -0.38985036 -0.44461997 0.45481040
v -0.38985036 -0.44461997 0.45481040
v -0.38970910 -0.44191144 0.48238789
v -0.38970910 -0.44191144 0.48238789
v -0.38950925 -0.43802647 0.52086543
v -0.38950925 -0.43802647 0.52086543
v -0.38996385 -0.44087730 0.48234206
v -0.39001869 -0.43877871 0.48226100
v -0.38976912 -0.43708862 0.52083039
v -0.38983430 -0.43519108 0.52075344
v -0.38982762 -0.42625318 0.62727385
v -0.38990609 -0.42463000 0.62715500
v -0.39224304 -0.41999935 0.68483513
v -0.38956122 -0.42706241 0.62732118
v -0.38956122 -0.42706241 0.62732118
v -0.39197443 -0.42075120 0.68489718
v -0.39197443 -0.42075120 0.68489718
v -0.38818486 -0.42771237 0.62734490
v -0.39051934 -0.42140932 0.68493747
v -0.38815500 -0.43875371 0.52088802
v -0.37908368 -0.42836441 0.62735152
v -0.38006563 -0.42240863 0.68496483
v -0.37936206 -0.43934183 0.52089202
v -0.36439480 -0.42913009 0.62735152
v -0.36279903 -0.42330866 0.68496477
v -0.36525927 -0.44007693 0.52089202
v -0.35527517 -0.42942776 0.62734490
v -0.35229816 -0.42340158 0.68493747
v -0.35645287 -0.44040613 0.52088802
v -0.35383870 -0.42892446 0.62732118
v -0.35383870 -0.42892446 0.62732118
v -0.35078244 -0.42289831 0.68489706
v -0.35078244 -0.42289831 0.68489706
v -0.35503025 -0.43982364 0.52086549
v -0.35503025 -0.43982364 0.52086549
v -0.35348962 -0.42814727 0.62727385
v -0.35043706 -0.42217846 0.68483513
v -0.35324277 -0.42654102 0.62715500
v -0.35467432 -0.43891789 0.52083039
v -0.35487448 -0.44270633 0.48234206
v -0.35441218 -0.43703742 0.52075344
v -0.35460182 -0.44062479 0.48226100
v -0.35225745 -0.38662778 0.51859062
v -0.35225745 -0.38662778 0.51859062
v -0.35216816 -0.38486685 0.48102691
v -0.35216816 -0.38486685 0.48102691
v -0.35147892 -0.38365097 0.62339955
v -0.35147892 -0.38365097 0.62339955
v -0.35361697 -0.38599955 0.51857578
v -0.35286088 -0.38310958 0.62337905
v -0.35352595 -0.38420372 0.48110979
v -0.36241125 -0.38543831 0.51857364
v -0.36197029 -0.38261546 0.62338101
v -0.36231871 -0.38363795 0.48113339
v -0.37651406 -0.38470320 0.51857369
v -0.37665914 -0.38184981 0.62338101
v -0.37641890 -0.38290294 0.48113339
v -0.38531907 -0.38434707 0.51857578
v -0.38577063 -0.38139419 0.62337905
v -0.38522293 -0.38255151 0.48110979
v -0.38673641 -0.38483061 0.51859068
v -0.38673641 -0.38483061 0.51859068
v -0.38664229 -0.38306992 0.48102685
v -0.38664229 -0.38306992 0.48102685
v -0.38720138 -0.38178898 0.62339961
v -0.38720138 -0.38178898 0.62339961
v -0.38982506 -0.37951495 0.68054199
v -0.38982506 -0.37951495 0.68054199
v -0.39262094 -0.37847294 0.69391274
v -0.39262094 -0.37847294 0.69391274
v -0.38832034 -0.37922288 0.68051391
v -0.39232440 -0.41851248 0.68469399
v -0.39507763 -0.41675402 0.69772928
v -0.39499967 -0.41821902 0.69787442
v -0.39473160 -0.41896819 0.69794726
v -0.39473160 -0.41896819 0.69794726
v -0.39319666 -0.41967373 0.69800549
v -0.38133766 -0.42104138 0.69805544
v -0.36139177 -0.42208104 0.69805550
v -0.34945489 -0.42195375 0.69800549
v -0.34785484 -0.42141162 0.69794726
v -0.34785484 -0.42141162 0.69794726
v -0.34751029 -0.42069437 0.69787442
v -0.34728052 -0.41924541 0.69772928
v -0.34574403 -0.38091631 0.69391274
v -0.34574403 -0.38091631 0.69391274
v -0.35020168 -0.42070813 0.68469399
v -0.34863301 -0.38166206 0.68054205
v -0.34863301 -0.38166206 0.68054205
v -0.35009919 -0.38121514 0.68051397
v -0.34729593 -0.38053475 0.69387668
v -0.36059196 -0.38096569 0.68053078
v -0.35922615 -0.38053389 0.69390821
v -0.37785865 -0.38006569 0.68053078
v -0.37917204 -0.37949423 0.69390821
v -0.39103769 -0.37825476 0.69387668
v -0.35523547 -0.44370835 0.48238789
v -0.35523547 -0.44370835 0.48238789
v -0.35666145 -0.44435738 0.48242652
v -0.36546718 -0.44404079 0.48243534
v -0.37956740 -0.44330581 0.48243534
v -0.35589357 -0.45633362 0.35701626
v -0.35589357 -0.45633362 0.35701626
v -0.35551362 -0.45496954 0.35693514
v -0.35520078 -0.45212476 0.35678768
v -0.35143010 -0.37980138 0.34495612
v -0.35101973 -0.37194644 0.34848725
v -0.35180883 -0.37796949 0.34282028
v -0.35180883 -0.37796949 0.34282028
v -0.35146813 -0.37143530 0.34487628
v -0.35146813 -0.37143530 0.34487628
v -0.35320102 -0.37796862 0.34237453
v -0.35286917 -0.37160115 0.34426805
v -0.36200304 -0.37758149 0.34228959
v -0.36167203 -0.37123112 0.34417173
v -0.37610327 -0.37684657 0.34228953
v -0.37577225 -0.37049614 0.34417179
v -0.38489793 -0.37631647 0.34237447
v -0.38456599 -0.36994897 0.34426805
v -0.38628258 -0.37617259 0.34282022
v -0.38628258 -0.37617259 0.34282022
v -0.38594206 -0.36963840 0.34487622
v -0.38594206 -0.36963840 0.34487622
v -0.38684966 -0.37795515 0.34495606
v -0.38644113 -0.37010013 0.34848725
v -0.38620873 -0.36564784 0.34954154
v -0.38620873 -0.36564784 0.34954154
v -0.38572480 -0.36546980 0.34579348
v -0.38572480 -0.36546980 0.34579348
v -0.38572480 -0.36546980 0.34579348
v -0.38572480 -0.36546980 0.34579348
v -0.38644497 -0.36756052 0.39264276
v -0.38644497 -0.36756052 0.39264276
v -0.38422288 -0.32758234 0.34718242
v -0.38375242 -0.32763238 0.34308233
v -0.38375242 -0.32763238 0.34308233
v -0.37932442 -0.23360969 0.33749177
v -0.38435359 -0.32789956 0.38880994
v -0.37958081 -0.23637627 0.37935477
v -0.38370650 -0.32673308 0.43504434
v -0.38370650 -0.32673308 0.43504434
v -0.37909473 -0.23827408 0.42575257
v -0.37909473 -0.23827408 0.42575257
v -0.38229878 -0.32644875 0.43584066
v -0.37769394 -0.23810886 0.42653366
v -0.37349530 -0.32681122 0.43597143
v -0.36889200 -0.23849827 0.42665991
v -0.35939492 -0.32754618 0.43597143
v -0.35479175 -0.23923320 0.42665985
v -0.35060145 -0.32810096 0.43584066
v -0.34599699 -0.23976105 0.42653360
v -0.34923090 -0.32853012 0.43504434
v -0.34923090 -0.32853012 0.43504434
v -0.34462099 -0.24007101 0.42575257
v -0.34462099 -0.24007101 0.42575257
v -0.34870856 -0.32975756 0.38880994
v -0.34394018 -0.23823404 0.37935477
v -0.34880562 -0.32942845 0.34718242
v -0.35075195 -0.36942096 0.39264276
v -0.35075195 -0.36942096 0.39264276
v -0.35078807 -0.36749412 0.34954154
v -0.35078807 -0.36749412 0.34954154
v -0.35125090 -0.36726673 0.34579348
v -0.35125090 -0.36726673 0.34579348
v -0.35125090 -0.36726673 0.34579348
v -0.35125090 -0.36726673 0.34579348
v -0.35265021 -0.36740179 0.34516548
v -0.35265021 -0.36740179 0.34516548
v -0.34927879 -0.32942931 0.34308233
v -0.34927879 -0.32942931 0.34308233
v -0.34436844 -0.23522453 0.33336347
v -0.34436844 -0.23522453 0.33336347
v -0.35066877 -0.32938874 0.34239622
v -0.34575655 -0.23514807 0.33267080
v -0.35946767 -0.32893966 0.34229484
v -0.35455512 -0.23469423 0.33256813
v -0.36145224 -0.36701484 0.34506878
v -0.36145224 -0.36701484 0.34506878
v -0.37356786 -0.32820472 0.34229490
v -0.37555255 -0.36627991 0.34506878
v -0.37555255 -0.36627991 0.34506878
v -0.36865537 -0.23395926 0.33256819
v -0.38236566 -0.32773657 0.34239622
v -0.38434704 -0.36574964 0.34516548
v -0.38434704 -0.36574964 0.34516548
v -0.37745349 -0.23349591 0.33267080
v -0.37884192 -0.23342764 0.33336347
v -0.37884192 -0.23342764 0.33336347
v -0.36820094 -0.05598723 0.31415659
v -0.35940309 -0.05645294 0.31405150
v -0.35872026 0.12589993 0.29516652
v -0.36959080 -0.05594415 0.31486278
v -0.36959080 -0.05594415 0.31486278
v -0.36011134 0.12591974 0.29588663
v -0.36011134 0.12591974 0.29588663
v -0.37009190 -0.05648509 0.31905799
v -0.36063133 0.12501733 0.30015164
v -0.37058423 -0.06378093 0.36152872
v -0.36136536 0.11310479 0.34326219
v -0.37039261 -0.07132680 0.40836858
v -0.37039261 -0.07132680 0.40836858
v -0.36147521 0.09979516 0.39057147
v -0.36147521 0.09979516 0.39057147
v -0.36900185 -0.07135198 0.40911257
v -0.36009438 0.09957601 0.39127722
v -0.36020209 -0.07178305 0.40922775
v -0.35129578 0.09910238 0.39138093
v -0.34610187 -0.07251802 0.40922775
v -0.33719365 0.09836724 0.39138093
v -0.33730496 -0.07300418 0.40911263
v -0.32839344 0.09792358 0.39127728
v -0.33591907 -0.07312369 0.40836858
v -0.33591907 -0.07312369 0.40836858
v -0.32699738 0.09799804 0.39057141
v -0.32699738 0.09799804 0.39057141
v -0.33494399 -0.06563865 0.36152878
v -0.32572286 0.11124694 0.34326213
v -0.33467515 -0.05833116 0.31905799
v -0.32521446 0.12317120 0.30015164
v -0.33511724 -0.05774108 0.31486278
v -0.33511724 -0.05774108 0.31486278
v -0.34390761 -0.23545580 0.33749177
v -0.32563771 0.12412281 0.29588663
v -0.32563771 0.12412281 0.29588663
v -0.33650406 -0.05763934 0.31415659
v -0.32702334 0.12424782 0.29516652
v -0.34530278 -0.05718784 0.31405150
v -0.33582227 0.12469615 0.29505890
v -0.34992243 0.12543115 0.29505890
v -0.32833116 0.26841043 0.27954527
v -0.32833116 0.26841043 0.27954527
v -0.31953199 0.26796909 0.27965313
v -0.31953199 0.26796909 0.27965313
v -0.34243147 0.26914556 0.27954527
v -0.34243147 0.26914556 0.27954527
v -0.32761507 0.28214981 0.27722757
v -0.31881545 0.28171612 0.27733296
v -0.32722507 0.28963225 0.27520805
v -0.34171538 0.28288479 0.27722757
v -0.34132533 0.29036735 0.27520805
v -0.35051237 0.28336821 0.27733296
v -0.35122891 0.26962121 0.27965313
v -0.35122891 0.26962121 0.27965313
v -0.35012178 0.29086094 0.27530976
v -0.35190220 0.28343154 0.27806186
v -0.35190220 0.28343154 0.27806186
v -0.35262005 0.26964672 0.28038242
v -0.35262005 0.26964672 0.28038242
v -0.35262005 0.26964672 0.28038242
v -0.35262005 0.26964672 0.28038242
v -0.35150941 0.29097216 0.27604281
v -0.35150941 0.29097216 0.27604281
v -0.35243417 0.28251107 0.28249749
v -0.35315342 0.26857726 0.28473490
v -0.35315342 0.26857726 0.28473490
v -0.35203646 0.29021464 0.28065538
v -0.35337336 0.26920681 0.32781126
v -0.35297956 0.27764796 0.32866760
v -0.35407697 0.25409792 0.32885858
v -0.35407697 0.25409792 0.32885858
v -0.35376839 0.25305210 0.37737211
v -0.35376839 0.25305210 0.37737211
v -0.35342737 0.26133044 0.38136559
v -0.35342737 0.26133044 0.38136559
v -0.35443349 0.23715828 0.37711009
v -0.35443349 0.23715828 0.37711009
v -0.35443349 0.23715828 0.37711009
v -0.35443349 0.23715828 0.37711009
v -0.35238375 0.25256319 0.37806004
v -0.35305505 0.23674957 0.37779044
v -0.35305505 0.23674957 0.37779044
v -0.35204263 0.26073287 0.38207140
v -0.34344555 0.25201361 0.37815448
v -0.34419863 0.23622771 0.37788537
v -0.34419863 0.23622771 0.37788537
v -0.34306009 0.26014952 0.38216554
v -0.32910372 0.25126611 0.37815448
v -0.32864128 0.25939794 0.38216554
v -0.32999597 0.23548742 0.37788531
v -0.32999597 0.23548742 0.37788531
v -0.32015686 0.25088350 0.37805995
v -0.31964679 0.25904427 0.38207146
v -0.31872891 0.25122570 0.37737211
v -0.31872891 0.25122570 0.37737211
v -0.32113327 0.23508571 0.37779039
v -0.32113327 0.23508571 0.37779039
v -0.31971975 0.23534881 0.37711003
v -0.31971975 0.23534881 0.37711003
v -0.31971975 0.23534881 0.37711003
v -0.31971975 0.23534881 0.37711003
v -0.31831332 0.25223385 0.32885852
v -0.31831332 0.25223385 0.32885852
v -0.31772639 0.26673068 0.28473490
v -0.31772639 0.26673068 0.28473490
v -0.31744225 0.26733394 0.32781120
v -0.31695630 0.27577029 0.32866760
v -0.31699322 0.28066368 0.28249749
v -0.31658779 0.28836696 0.28065538
v -0.31742658 0.28163455 0.27806192
v -0.31742658 0.28163455 0.27806192
v -0.31814571 0.26784979 0.28038242
v -0.31814571 0.26784979 0.28038242
v -0.31814571 0.26784979 0.28038242
v -0.31814571 0.26784979 0.28038242
v -0.31703322 0.28917496 0.27604281
v -0.31703322 0.28917496 0.27604281
v -0.31670253 0.29552703 0.27366089
v -0.31670253 0.29552703 0.27366089
v -0.31842487 0.28920884 0.27530982
v -0.31809761 0.29548721 0.27292886
v -0.31759878 0.30505706 0.26644927
v -0.32689835 0.29590033 0.27283099
v -0.34099863 0.29663543 0.27283099
v -0.32640003 0.30546053 0.26635661
v -0.32605897 0.31200309 0.25946226
v -0.34050028 0.30619545 0.26635664
v -0.34015922 0.31273822 0.25946226
v -0.34929575 0.30670916 0.26644927
v -0.34895451 0.31325395 0.25955173
v -0.34979452 0.29713933 0.27292886
v -0.35066773 0.30709715 0.26705837
v -0.35066773 0.30709715 0.26705837
v -0.35032259 0.31371744 0.26005205
v -0.35032259 0.31371744 0.26005205
v -0.35117801 0.29732402 0.27366089
v -0.35117801 0.29732402 0.27366089
v -0.35105430 0.30878766 0.27086472
v -0.35167904 0.29699312 0.27852314
v -0.35066910 0.31614427 0.26248857
v -0.35079528 0.31580646 0.28379431
v -0.35031258 0.32495926 0.27020898
v -0.35197787 0.29427598 0.34579470
v -0.35037492 0.32399450 0.29239770
v -0.35259338 0.28413554 0.33343946
v -0.35326292 0.26279189 0.39539825
v -0.35326292 0.26279189 0.39539825
v -0.35379703 0.24862044 0.46584287
v -0.35379703 0.24862044 0.46584287
v -0.35189112 0.26204951 0.39610633
v -0.35288621 0.27705611 0.39908772
v -0.35360266 0.26264377 0.45875504
v -0.35234211 0.28667398 0.40834760
v -0.35151215 0.30265085 0.35413494
v -0.35317208 0.27069713 0.46256026
v -0.35184567 0.29591770 0.41563325
v -0.35099183 0.31231515 0.36274733
v -0.35269953 0.27952026 0.46851920
v -0.35136588 0.30496116 0.42236077
v -0.35048826 0.32180406 0.37063050
v -0.35224350 0.28811823 0.47409102
v -0.35095309 0.31267796 0.42784002
v -0.35185085 0.29545446 0.47859915
v -0.35005535 0.32990147 0.37708088
v -0.35037862 0.32171459 0.43411415
v -0.35129954 0.30404665 0.48374107
v -0.34945767 0.33938254 0.38448724
v -0.34976356 0.32444151 0.43601348
v -0.34976356 0.32444151 0.43601348
v -0.35069169 0.30663504 0.48529141
v -0.35069169 0.30663504 0.48529141
v -0.34883539 0.34224795 0.38673555
v -0.34883539 0.34224795 0.38673555
v -0.34834604 0.32492940 0.43640482
v -0.34927575 0.30709280 0.48560890
v -0.34741636 0.34276600 0.38720071
v -0.33954243 0.32457121 0.43647551
v -0.33861239 0.34241350 0.38728493
v -0.34047244 0.30672891 0.48566606
v -0.32544224 0.32383607 0.43647551
v -0.32451226 0.34167825 0.38728499
v -0.32637219 0.30599390 0.48566606
v -0.31664912 0.32327725 0.43640476
v -0.31757884 0.30544065 0.48560890
v -0.31571938 0.34111382 0.38720065
v -0.31529002 0.32264455 0.43601348
v -0.31529002 0.32264455 0.43601348
v -0.31621821 0.30483805 0.48529141
v -0.31621821 0.30483805 0.48529141
v -0.31436183 0.34045102 0.38673555
v -0.31436183 0.34045102 0.38673555
v -0.31496175 0.31986864 0.43411421
v -0.31588264 0.30220066 0.48374107
v -0.31404085 0.33753662 0.38448732
v -0.31532989 0.31082107 0.42784005
v -0.31622772 0.29359762 0.47859921
v -0.31443207 0.32804452 0.37708088
v -0.31572156 0.30310322 0.42236077
v -0.31659977 0.28626035 0.47409102
v -0.31484337 0.31994610 0.37063050
v -0.31618468 0.29405887 0.41563325
v -0.31532912 0.31045626 0.36274728
v -0.31704022 0.27766149 0.46851920
v -0.31665190 0.28481360 0.40834760
v -0.31748749 0.26883702 0.46256026
v -0.31581630 0.30079021 0.35413494
v -0.31706022 0.27659734 0.40227484
v -0.31622390 0.29241218 0.34579470
v -0.31789653 0.26078252 0.45875495
v -0.31821905 0.26096509 0.39539831
v -0.31821905 0.26096509 0.39539831
v -0.31916122 0.24681507 0.46584287
v -0.31916122 0.24681507 0.46584287
v -0.31820740 0.25949459 0.38136559
v -0.31820740 0.25949459 0.38136559
v -0.31966056 0.26036955 0.39610633
v -0.31666593 0.28226279 0.33343946
v -0.31623860 0.29514582 0.27852314
v -0.31516157 0.31394906 0.28379431
v -0.31469007 0.32310243 0.27020898
v -0.31472839 0.32213645 0.29239770
v -0.31563361 0.30694138 0.27086472
v -0.31525196 0.31429814 0.26248854
v -0.31619386 0.30530034 0.26705831
v -0.31619386 0.30530034 0.26705831
v -0.31584899 0.31192042 0.26005205
v -0.31584899 0.31192042 0.26005205
v -0.31545885 0.31940474 0.24932516
v -0.31545885 0.31940474 0.24932516
v -0.31725766 0.31160159 0.25955173
v -0.31686793 0.31907837 0.24886882
v -0.31612943 0.33324705 0.22192869
v -0.32566924 0.31947969 0.24878336
v -0.32493074 0.33364831 0.22185259
v -0.33976956 0.32021476 0.24878339
v -0.33903100 0.33438329 0.22185262
v -0.34856485 0.32073067 0.24886885
v -0.34782635 0.33489929 0.22192869
v -0.34993242 0.32120173 0.24932513
v -0.34993242 0.32120173 0.24932513
v -0.34919436 0.33536153 0.22233332
v -0.34919436 0.33536153 0.22233332
v -0.35027708 0.32366036 0.25143715
v -0.34954424 0.33772098 0.22419682
v -0.34992684 0.33235170 0.25815930
v -0.34921555 0.34599765 0.23012064
v -0.34954242 0.33988319 0.26380672
v -0.34908678 0.34864686 0.27031674
v -0.34885080 0.35315229 0.23510011
v -0.34991194 0.33280028 0.27648836
v -0.34943442 0.34198089 0.28360429
v -0.34986018 0.33384712 0.30097851
v -0.34895302 0.35119183 0.29060944
v -0.34935208 0.34354730 0.30882230
v -0.34862711 0.35744281 0.27681705
v -0.34852903 0.35916899 0.29661416
v -0.34891166 0.35183056 0.31526902
v -0.34822153 0.36506824 0.28243791
v -0.34793551 0.36858417 0.30367967
v -0.34764929 0.37407587 0.28907957
v -0.34830238 0.36154671 0.32270902
v -0.34731354 0.37144594 0.30585449
v -0.34731354 0.37144594 0.30585449
v -0.34767596 0.36449246 0.32498296
v -0.34767596 0.36449246 0.32498296
v -0.34703378 0.37681220 0.29112192
v -0.34703378 0.37681220 0.29112192
v -0.34589417 0.37196670 0.30630811
v -0.34561591 0.37730603 0.29154494
v -0.34625588 0.36502998 0.32545816
v -0.33709033 0.37161537 0.30639093
v -0.33745171 0.36468135 0.32554498
v -0.33681227 0.37694965 0.29162171
v -0.32299010 0.37088038 0.30639099
v -0.32335149 0.36394630 0.32554498
v -0.32271205 0.37621458 0.29162171
v -0.31419726 0.37031461 0.30630811
v -0.31391902 0.37565400 0.29154494
v -0.31455897 0.36337776 0.32545816
v -0.31283991 0.36964895 0.30585449
v -0.31283991 0.36964895 0.30585449
v -0.31320240 0.36269544 0.32498296
v -0.31320240 0.36269544 0.32498296
v -0.31256019 0.37501521 0.29112192
v -0.31256019 0.37501521 0.29112192
v -0.31251876 0.36673798 0.30367967
v -0.31223254 0.37222989 0.28907957
v -0.31288557 0.35970064 0.32270896
v -0.31290732 0.35731231 0.29661416
v -0.31328975 0.34997378 0.31526902
v -0.31259985 0.36321144 0.28243791
v -0.31331493 0.34933423 0.29060944
v -0.31298922 0.35558517 0.27681705
v -0.31379379 0.34012304 0.28360429
v -0.31371288 0.34168969 0.30882230
v -0.31421597 0.33198927 0.30097856
v -0.31344648 0.34678908 0.27031677
v -0.31427334 0.33094268 0.27648836
v -0.31390451 0.33802553 0.26380672
v -0.31321283 0.35129474 0.23510011
v -0.31430520 0.33049498 0.25815930
v -0.31359397 0.34414081 0.23012061
v -0.31486033 0.32181422 0.25143718
v -0.31412749 0.33587505 0.22419682
v -0.31266235 0.36398210 0.16430546
v -0.31472076 0.33356459 0.22233329
v -0.31472076 0.33356459 0.22233329
v -0.31324838 0.36181219 0.16294447
v -0.31324838 0.36181219 0.16294447
v -0.31136800 0.39790238 0.08514253
v -0.31136800 0.39790238 0.08514253
v -0.31465642 0.36150752 0.16264855
v -0.31277467 0.39761235 0.08498734
v -0.32345773 0.36190866 0.16259281
v -0.32157572 0.39801373 0.08495770
v -0.33755796 0.36264353 0.16259281
v -0.33567603 0.39874868 0.08495770
v -0.34635325 0.36315964 0.16264855
v -0.34447111 0.39926459 0.08498734
v -0.34772192 0.36360912 0.16294452
v -0.34772192 0.36360912 0.16294452
v -0.34584005 0.39969926 0.08514253
v -0.34584005 0.39969926 0.08514253
v -0.34807922 0.36582817 0.16430546
v -0.34620513 0.40176161 0.08585189
v -0.34778045 0.37352987 0.16862806
v -0.34593974 0.40882187 0.08810585
v -0.34744249 0.38017072 0.17226058
v -0.34704144 0.38788648 0.17644898
v -0.34563164 0.41488926 0.09000012
v -0.34526573 0.42193212 0.09218413
v -0.34427710 0.44020630 0.02969904
v -0.34456448 0.43453880 0.02907598
v -0.34393553 0.44677933 0.03041906
v -0.34351705 0.45018519 0.00587426
v -0.34379776 0.44467188 0.00575970
v -0.34313254 0.45164229 0.00236113
v -0.34313254 0.45164229 0.00236113
v -0.34318493 0.45657511 0.00601539
v -0.34280165 0.45800550 0.00241633
v -0.34280165 0.45800550 0.00241633
v -0.34285040 0.46297474 0.00615910
v -0.34246869 0.46437754 0.00247578
v -0.34246869 0.46437754 0.00247578
v -0.34255512 0.46851094 0.00629246
v -0.34359111 0.45336451 0.03113854
v -0.34328599 0.45906581 0.03176210
v -0.34489654 0.42899109 0.09436497
v -0.34456979 0.43510504 0.09625005
v -0.34663694 0.39562435 0.18063150
v -0.34627937 0.40232868 0.18424720
v -0.34798203 0.36981855 0.24657736
v -0.34841828 0.36147155 0.24084225
v -0.34759678 0.37705310 0.25153642
v -0.34704889 0.38559391 0.25739100
v -0.34576438 0.41023897 0.18851239
v -0.34644111 0.38818248 0.25918447
v -0.34644111 0.38818248 0.25918447
v -0.34516676 0.41263078 0.18981532
v -0.34516676 0.41263078 0.18981532
v -0.34502490 0.38864382 0.25955283
v -0.34375276 0.41305037 0.19008125
v -0.33622159 0.38828121 0.25961929
v -0.33494990 0.41267987 0.19012899
v -0.32212143 0.38754626 0.25961932
v -0.32084964 0.41194494 0.19012899
v -0.31332807 0.38699175 0.25955283
v -0.31205593 0.41139834 0.19008125
v -0.31196748 0.38638555 0.25918444
v -0.31196748 0.38638555 0.25918444
v -0.31069313 0.41083379 0.18981526
v -0.31069313 0.41083379 0.18981526
v -0.31163214 0.38374783 0.25739100
v -0.31034748 0.40839295 0.18851242
v -0.31197514 0.37519641 0.25153645
v -0.31065767 0.40047191 0.18424720
v -0.31234415 0.36796097 0.24657736
v -0.31099896 0.39376689 0.18063150
v -0.31277804 0.35961376 0.24084225
v -0.31140120 0.38602869 0.17644898
v -0.30962776 0.42007442 0.09218413
v -0.31180455 0.37831314 0.17226061
v -0.31215878 0.37167312 0.16862806
v -0.30999602 0.41303180 0.09000012
v -0.31032042 0.40696536 0.08810585
v -0.30871119 0.43835248 0.02969904
v -0.30836748 0.44492538 0.03041906
v -0.30901448 0.43268593 0.02907598
v -0.30842961 0.44835629 0.00587426
v -0.30809556 0.45474602 0.00601541
v -0.30866043 0.44984539 0.00236113
v -0.30866043 0.44984539 0.00236113
v -0.30872361 0.44284357 0.00575970
v -0.30895196 0.44435377 0.00232545
v -0.30895196 0.44435377 0.00232545
v -0.30913670 0.43639012 0.00570143
v -0.30934383 0.43790151 0.00241484
v -0.30934383 0.43790151 0.00241484
v -0.30945860 0.42608078 0.02834645
v -0.30960141 0.43448497 0.00587897
v -0.30960141 0.43448497 0.00587897
v -0.30964629 0.43580355 0.00324635
v -0.30964629 0.43580355 0.00324635
v -0.30964629 0.43580355 0.00324635
v -0.31001972 0.42417456 0.02813328
v -0.31001972 0.42417456 0.02813328
v -0.31089155 0.43436481 0.00564511
v -0.31080966 0.43610342 0.00239261
v -0.31080966 0.43610342 0.00239261
v -0.31141038 0.42390849 0.02806127
v -0.31965701 0.43482395 0.00554415
v -0.31956430 0.43660386 0.00222707
v -0.31956430 0.43660386 0.00222707
v -0.32020472 0.42431815 0.02803576
v -0.33375733 0.43555899 0.00554415
v -0.33366455 0.43733890 0.00222707
v -0.33366455 0.43733890 0.00222707
v -0.33430494 0.42505307 0.02803576
v -0.34252308 0.43601359 0.00564511
v -0.34242369 0.43775119 0.00239261
v -0.34242369 0.43775119 0.00239261
v -0.34309416 0.42555995 0.02806127
v -0.34379368 0.43626715 0.00587897
v -0.34379368 0.43626715 0.00587897
v -0.34361194 0.43757398 0.00324637
v -0.34361194 0.43757398 0.00324637
v -0.34361194 0.43757398 0.00324637
v -0.34444962 0.42596908 0.02813328
v -0.34444962 0.42596908 0.02813328
v -0.34405787 0.43821032 0.00570143
v -0.34369461 0.43969198 0.00241484
v -0.34369461 0.43969198 0.00241484
v -0.34480940 0.42792334 0.02834645
v -0.34341364 0.44615008 0.00232545
v -0.34341364 0.44615008 0.00232545
v -0.34230788 0.44044520 0.00057230
v -0.34198426 0.44694318 0.00033362
v -0.33352043 0.44010253 0.00029954
v -0.33318086 0.44661798 0.00002536
v -0.31942020 0.43936755 0.00029954
v -0.31064479 0.43879493 0.00057230
v -0.31908064 0.44588275 0.00002536
v -0.31029110 0.44529118 0.00033362
v -0.31879486 0.45136471 0.00000354
v -0.31846412 0.45771058 0.00000044
v -0.33289517 0.45209976 0.00000354
v -0.31000371 0.45077343 0.00032016
v -0.30967264 0.45712133 0.00032496
v -0.30832811 0.45620860 0.00241633
v -0.30832811 0.45620860 0.00241633
v -0.30934156 0.46347739 0.00033600
v -0.30905668 0.46897282 0.00036615
v -0.31813295 0.46406408 0.00000408
v -0.30799665 0.46258058 0.00247578
v -0.30799665 0.46258058 0.00247578
v -0.30771463 0.46809144 0.00254143
v -0.30771463 0.46809144 0.00254143
v -0.30776294 0.46114583 0.00615910
v -0.30802532 0.45151068 0.03113854
v -0.30748104 0.46668269 0.00629246
v -0.30773611 0.45721270 0.03176210
v -0.30721949 0.47317095 0.00654090
v -0.30743502 0.47452076 0.00277287
v -0.30743502 0.47452076 0.00277287
v -0.30748539 0.46393795 0.03251132
v -0.30748887 0.47501488 0.00684585
v -0.30748887 0.47501488 0.00684585
v -0.30783971 0.46599604 0.03275932
v -0.30783971 0.46599604 0.03275932
v -0.30755194 0.47598298 0.00377991
v -0.30755194 0.47598298 0.00377991
v -0.30755194 0.47598298 0.00377991
v -0.30874719 0.47550561 0.00659401
v -0.30870064 0.47656633 0.00279387
v -0.30870064 0.47656633 0.00279387
v -0.30919103 0.46648611 0.03278022
v -0.31750782 0.47605760 0.00648019
v -0.31745182 0.47712971 0.00260301
v -0.31745182 0.47712971 0.00260301
v -0.31797870 0.46702363 0.03276980
v -0.33160807 0.47679265 0.00648019
v -0.33155219 0.47786464 0.00260301
v -0.33155219 0.47786464 0.00260301
v -0.33207892 0.46775855 0.03276980
v -0.34037863 0.47715439 0.00659401
v -0.34031461 0.47821410 0.00279387
v -0.34031461 0.47821410 0.00279387
v -0.34087481 0.46813776 0.03278022
v -0.34168108 0.47679718 0.00684585
v -0.34168108 0.47679718 0.00684585
v -0.34226970 0.46779080 0.03275932
v -0.34226970 0.46779080 0.03275932
v -0.34151767 0.47775342 0.00377991
v -0.34151767 0.47775342 0.00377991
v -0.34151767 0.47775342 0.00377991
v -0.34214066 0.47499116 0.00654090
v -0.34178601 0.47631122 0.00277287
v -0.34178601 0.47631122 0.00277287
v -0.34283616 0.46578069 0.03251132
v -0.34409128 0.44231589 0.09847339
v -0.34350525 0.44449206 0.09915219
v -0.34350525 0.44449206 0.09915219
v -0.34209411 0.44486751 0.09928938
v -0.33329190 0.44448914 0.09931346
v -0.31919153 0.44375409 0.09931346
v -0.31039773 0.44321527 0.09928938
v -0.30903320 0.44269527 0.09915219
v -0.30903320 0.44269527 0.09915219
v -0.30867662 0.44047000 0.09847339
v -0.30895038 0.43324836 0.09625005
v -0.30926101 0.42713358 0.09436497
v -0.34217633 0.46988757 0.00254143
v -0.34217633 0.46988757 0.00254143
v -0.34040199 0.47700860 0.00066210
v -0.34074984 0.47062470 0.00036615
v -0.33161427 0.47667314 0.00035003
v -0.33194686 0.47029234 0.00002957
v -0.31751405 0.47593798 0.00035003
v -0.31784661 0.46955730 0.00002957
v -0.30873902 0.47535814 0.00066210
v -0.33223321 0.46479900 0.00000408
v -0.33256434 0.45844556 0.00000044
v -0.34103794 0.46512957 0.00033600
v -0.34136955 0.45877345 0.00032496
v -0.34170009 0.45242573 0.00032016
v -0.31079043 0.39991586 0.08585189
v -0.32060216 0.24603884 0.46624651
v -0.32861356 0.26066588 0.39619585
v -0.34295581 0.26141356 0.39619585
v -0.32946683 0.24608974 0.46629404
v -0.33037062 0.22914656 0.53786539
v -0.34362258 0.24682777 0.46629404
v -0.34448524 0.22988226 0.53786539
v -0.35244460 0.24769853 0.46624651
v -0.35328059 0.23104395 0.53789472
v -0.35397984 0.21782865 0.59213650
v -0.35463314 0.23200341 0.53780364
v -0.35463314 0.23200341 0.53780364
v -0.35533278 0.21886404 0.59222835
v -0.35533278 0.21886404 0.59222835
v -0.35460673 0.24293087 0.53885614
v -0.35534872 0.22873540 0.59309106
v -0.35424905 0.24978678 0.54075932
v -0.35383366 0.25766905 0.54324996
v -0.35501479 0.23510201 0.59371858
v -0.35462441 0.24249412 0.59446632
v -0.35539274 0.22760327 0.61789250
v -0.35500954 0.23489989 0.61810517
v -0.35560067 0.22280745 0.62791436
v -0.35572089 0.22133358 0.61768799
v -0.35593759 0.21624123 0.62768798
v -0.35570143 0.21170877 0.61702120
v -0.35570143 0.21170877 0.61702120
v -0.35592465 0.20649089 0.62638771
v -0.35592465 0.20649089 0.62638771
v -0.35435082 0.21063550 0.61670935
v -0.35457499 0.20556925 0.62570416
v -0.34556736 0.20901932 0.61622255
v -0.34518929 0.21635349 0.59195631
v -0.34580411 0.20419960 0.62467646
v -0.33146338 0.20828418 0.61622249
v -0.33107693 0.21561797 0.59195613
v -0.33172895 0.20346610 0.62467640
v -0.32255952 0.20897828 0.61670935
v -0.32286327 0.20391636 0.62570410
v -0.32218058 0.21617119 0.59213650
v -0.32110460 0.20990549 0.61702114
v -0.32110460 0.20990549 0.61702114
v -0.32072736 0.21706040 0.59222847
v -0.32072736 0.21706040 0.59222847
v -0.32142513 0.20469259 0.62638771
v -0.32142513 0.20469259 0.62638771
v -0.32008450 0.21947597 0.61768793
v -0.31968524 0.22687636 0.59309106
v -0.32039855 0.21438874 0.62768792
v -0.31975918 0.22574593 0.61789250
v -0.32005088 0.22095446 0.62791430
v -0.31938167 0.23304270 0.61810511
v -0.31935544 0.23324333 0.59371858
v -0.31897523 0.24063577 0.59446632
v -0.31859036 0.24792804 0.54075926
v -0.31894733 0.24107231 0.53885614
v -0.31818403 0.25581081 0.54324990
v -0.31777875 0.26366414 0.54578673
v -0.31743480 0.27044190 0.54798149
v -0.31859313 0.24804704 0.59522706
v -0.31900112 0.24036552 0.61831253
v -0.31826787 0.25446533 0.59589636
v -0.31867678 0.24670814 0.61850070
v -0.31797649 0.26203279 0.59671723
v -0.31712191 0.27842511 0.55055922
v -0.31838699 0.25417520 0.61878287
v -0.31832860 0.26434864 0.59700184
v -0.31832860 0.26434864 0.59700184
v -0.31874062 0.25644584 0.61894076
v -0.31874062 0.25644584 0.61894076
v -0.31746723 0.28087331 0.55135166
v -0.31746723 0.28087331 0.55135166
v -0.31969307 0.26487996 0.59707534
v -0.32010587 0.25696112 0.61900567
v -0.31883015 0.28143500 0.55151760
v -0.32848714 0.26541938 0.59709071
v -0.32762395 0.28198038 0.55154812
v -0.32890005 0.25749691 0.61902206
v -0.34258737 0.26615448 0.59709066
v -0.34172420 0.28271551 0.55154812
v -0.34300034 0.25823189 0.61902212
v -0.35138999 0.26653193 0.59707522
v -0.35180263 0.25861315 0.61900567
v -0.35052706 0.28308712 0.55151772
v -0.35280223 0.26614563 0.59700184
v -0.35280223 0.26614563 0.59700184
v -0.35321404 0.25824265 0.61894076
v -0.35321404 0.25824265 0.61894076
v -0.35194086 0.28267039 0.55135172
v -0.35194086 0.28267039 0.55135172
v -0.35339324 0.26387881 0.59671723
v -0.35253887 0.28027119 0.55055916
v -0.35380174 0.25602110 0.61878281
v -0.35389017 0.25632225 0.59589630
v -0.35305761 0.27229862 0.54798149
v -0.35428996 0.24856450 0.61850070
v -0.35423382 0.24990489 0.59522712
v -0.35342015 0.26552184 0.54578673
v -0.35462667 0.24222241 0.61831253
v -0.35482006 0.23807825 0.62818962
v -0.35448067 0.24464719 0.62828433
v -0.35520850 0.23045288 0.62807518
v -0.35499336 0.23433198 0.63559675
v -0.35464571 0.24121691 0.63539135
v -0.35522889 0.23014717 0.64838415
v -0.35541020 0.22605126 0.63575732
v -0.35566543 0.22186695 0.65125769
v -0.35586442 0.21726628 0.63571619
v -0.35620354 0.21246861 0.65157162
v -0.35628124 0.20941113 0.63527077
v -0.35674037 0.20290996 0.64028584
v -0.35628407 0.19962718 0.63171380
v -0.35628407 0.19962718 0.63171380
v -0.35673060 0.19373952 0.63381898
v -0.35673060 0.19373952 0.63381898
v -0.35492395 0.19902827 0.63056975
v -0.35535015 0.19330622 0.63248181
v -0.34612699 0.19818576 0.62890559
v -0.34646933 0.19271170 0.63056731
v -0.33203314 0.19745107 0.62890553
v -0.33226170 0.19197108 0.63056725
v -0.32319616 0.19737457 0.63056981
v -0.32336722 0.19163908 0.63248181
v -0.32178120 0.19782878 0.63171380
v -0.32178120 0.19782878 0.63171380
v -0.32194920 0.19192652 0.63381886
v -0.32194920 0.19192652 0.63381886
v -0.32076685 0.20755996 0.63527083
v -0.32098614 0.20104636 0.64028584
v -0.32036470 0.21541591 0.63571619
v -0.32052635 0.21060903 0.65157157
v -0.31990303 0.22420047 0.63575726
v -0.32008435 0.22001223 0.65125763
v -0.31964613 0.22859918 0.62807506
v -0.31945683 0.23247965 0.63559675
v -0.31965767 0.22829302 0.64838415
v -0.31908678 0.23936348 0.63539135
v -0.31923969 0.23622356 0.62818950
v -0.31889431 0.24279217 0.62828439
v -0.31858252 0.25047790 0.62848299
v -0.31875317 0.24726282 0.63525211
v -0.31893171 0.25278421 0.62865954
v -0.31893171 0.25278421 0.62865954
v -0.31909855 0.24958758 0.63538819
v -0.31909855 0.24958758 0.63538819
v -0.32029690 0.25329421 0.62874895
v -0.32046406 0.25008731 0.63550031
v -0.32909136 0.25382717 0.62877285
v -0.32925870 0.25061624 0.63553309
v -0.34319167 0.25456224 0.62877285
v -0.34335901 0.25135116 0.63553309
v -0.35199381 0.25494634 0.62874895
v -0.35216098 0.25173949 0.63550031
v -0.35340463 0.25458108 0.62865948
v -0.35340463 0.25458108 0.62865948
v -0.35357107 0.25138433 0.63538825
v -0.35357107 0.25138433 0.63538825
v -0.35399164 0.25232358 0.62848287
v -0.35415621 0.24910806 0.63525205
v -0.35450451 0.24245404 0.64563596
v -0.35394256 0.24425797 0.64570814
v -0.35394256 0.24425797 0.64570814
v -0.35464804 0.23972403 0.64902275
v -0.35492267 0.23606528 0.64675646
v -0.35498805 0.23491581 0.64979946
v -0.35503186 0.23407374 0.65176462
v -0.35522000 0.23048668 0.65147065
v -0.35517846 0.23129587 0.65345197
v -0.35547696 0.22555594 0.65406244
v -0.35537241 0.22756468 0.65579062
v -0.35581277 0.21929388 0.66026085
v -0.35567455 0.22180592 0.66001945
v -0.35604669 0.21521445 0.66055989
v -0.35579874 0.21788816 0.66378724
v -0.35557698 0.22196679 0.66217928
v -0.35605581 0.21348919 0.66508483
v -0.35533182 0.21785663 0.66515052
v -0.35533182 0.21785663 0.66515052
v -0.35509576 0.22219713 0.66329073
v -0.35509576 0.22219713 0.66329073
v -0.35559772 0.21330170 0.66672259
v -0.35559772 0.21330170 0.66672259
v -0.35393737 0.21789210 0.66556101
v -0.35369985 0.22227465 0.66364973
v -0.35420249 0.21330066 0.66719031
v -0.34513010 0.21747322 0.66565137
v -0.34489743 0.22186159 0.66373056
v -0.34538071 0.21287434 0.66729187
v -0.33101939 0.21673773 0.66565137
v -0.33079453 0.22112639 0.66373050
v -0.33124818 0.21213759 0.66729193
v -0.32221620 0.21623869 0.66556095
v -0.32199685 0.22062220 0.66364973
v -0.32242985 0.21164455 0.66719037
v -0.32083301 0.21605839 0.66515046
v -0.32083301 0.21605839 0.66515046
v -0.32061659 0.22039981 0.66329073
v -0.32061659 0.22039981 0.66329073
v -0.32104214 0.21150048 0.66672259
v -0.32104214 0.21150048 0.66672259
v -0.32036547 0.21604125 0.66378724
v -0.32016198 0.22012059 0.66217928
v -0.32056706 0.21163936 0.66508483
v -0.32020538 0.21743782 0.66026085
v -0.32008158 0.21995051 0.66001951
v -0.32039686 0.21335633 0.66055995
v -0.31988825 0.22370087 0.65406250
v -0.31978337 0.22570963 0.65579062
v -0.31963117 0.22863142 0.65147065
v -0.31940155 0.23306082 0.64979940
v -0.31958853 0.22944067 0.65345191
v -0.31944530 0.23221882 0.65176468
v -0.31957500 0.23143531 0.65511113
v -0.31939735 0.23484136 0.65219551
v -0.31976576 0.22778158 0.65776693
v -0.31999676 0.23235147 0.65577572
v -0.31999676 0.23235147 0.65577572
v -0.32019551 0.22854097 0.65860575
v -0.32019551 0.22854097 0.65860575
v -0.31980832 0.23596708 0.65264218
v -0.31980832 0.23596708 0.65264218
v -0.32137232 0.23266326 0.65603732
v -0.32118241 0.23630632 0.65287089
v -0.32157208 0.22882946 0.65889686
v -0.33016799 0.23317184 0.65610390
v -0.32997803 0.23681577 0.65293377
v -0.33036776 0.22933774 0.65896695
v -0.34426828 0.23390691 0.65610384
v -0.34407835 0.23755087 0.65293383
v -0.34446813 0.23007287 0.65896695
v -0.35306920 0.23431535 0.65603715
v -0.35287927 0.23795842 0.65287089
v -0.35326894 0.23048164 0.65889680
v -0.35446961 0.23414840 0.65577572
v -0.35446961 0.23414840 0.65577572
v -0.35466816 0.23033796 0.65860569
v -0.35466816 0.23033796 0.65860569
v -0.35428120 0.23776393 0.65264224
v -0.35428120 0.23776393 0.65264224
v -0.35498442 0.23328088 0.65511113
v -0.35480697 0.23668717 0.65219551
v -0.35517456 0.22962733 0.65776693
v -0.35410459 0.24115206 0.64924794
v -0.35410459 0.24115206 0.64924794
v -0.35270058 0.24138634 0.64944076
v -0.35253645 0.24453576 0.64586889
v -0.34389953 0.24098141 0.64949869
v -0.34373514 0.24413483 0.64592033
v -0.32979922 0.24024628 0.64949869
v -0.32963492 0.24339978 0.64592033
v -0.32100375 0.23973425 0.64944082
v -0.32083957 0.24288361 0.64586889
v -0.31963171 0.23935507 0.64924794
v -0.31963171 0.23935507 0.64924794
v -0.31946991 0.24246104 0.64570814
v -0.31946991 0.24246104 0.64570814
v -0.31923975 0.23787834 0.64902281
v -0.31909864 0.24060844 0.64563596
v -0.31934698 0.23421098 0.64675640
v -0.32062475 0.20775385 0.66112291
v -0.32104667 0.18808298 0.66334646
v -0.32104667 0.18808298 0.66334646
v -0.32076038 0.20655479 0.66622924
v -0.32109930 0.18837138 0.66888445
v -0.32109930 0.18837138 0.66888445
v -0.32123472 0.20644228 0.66807263
v -0.32123472 0.20644228 0.66807263
v -0.32158168 0.18850805 0.67094343
v -0.32158168 0.18850805 0.67094343
v -0.32158168 0.18850805 0.67094343
v -0.32158168 0.18850805 0.67094343
v -0.32263066 0.20656534 0.66859257
v -0.32303904 0.18862666 0.67153417
v -0.32303904 0.18862666 0.67153417
v -0.33148591 0.20705561 0.66870581
v -0.33219565 0.18915136 0.67166447
v -0.33219565 0.18915136 0.67166447
v -0.34567262 0.20779522 0.66870570
v -0.34682818 0.18991406 0.67166447
v -0.34682818 0.18991406 0.67166447
v -0.35453092 0.20822825 0.66859263
v -0.35598971 0.19034429 0.67153411
v -0.35598971 0.19034429 0.67153411
v -0.35593210 0.20825078 0.66807263
v -0.35593210 0.20825078 0.66807263
v -0.35745148 0.19037770 0.67094349
v -0.35745148 0.19037770 0.67094349
v -0.35745148 0.19037770 0.67094349
v -0.35745148 0.19037770 0.67094349
v -0.35639213 0.20841213 0.66622924
v -0.35794564 0.19029190 0.66888445
v -0.35794564 0.19029190 0.66888445
v -0.35640241 0.20961861 0.66112291
v -0.35802792 0.19001080 0.66334646
v -0.35802792 0.19001080 0.66334646
v -0.36015056 0.16775355 0.66580182
v -0.35799412 0.18933518 0.65360993
v -0.35799412 0.18933518 0.65360993
v -0.36015736 0.16637892 0.65612125
v -0.35798986 0.18775512 0.64327609
v -0.35798986 0.18775512 0.64327609
v -0.36017834 0.16453977 0.64633107
v -0.35765891 0.18330728 0.63588088
v -0.35765891 0.18330728 0.63588088
v -0.35765891 0.18330728 0.63588088
v -0.35765891 0.18330728 0.63588088
v -0.35968585 0.16197690 0.63865285
v -0.35968585 0.16197690 0.63865285
v -0.35623308 0.18300875 0.63441872
v -0.35623308 0.18300875 0.63441872
v -0.35816024 0.16177407 0.63714104
v -0.34714566 0.18259634 0.63235276
v -0.34714566 0.18259634 0.63235276
v -0.34859578 0.16148448 0.63503789
v -0.33264081 0.18184038 0.63235264
v -0.33264081 0.18184038 0.63235264
v -0.33339335 0.16069220 0.63503783
v -0.32355969 0.18130563 0.63441866
v -0.32355969 0.18130563 0.63441866
v -0.32385062 0.15998575 0.63714098
v -0.32211055 0.18145420 0.63588082
v -0.32211055 0.18145420 0.63588082
v -0.32211055 0.18145420 0.63588082
v -0.32211055 0.18145420 0.63588082
v -0.32231219 0.16002886 0.63865280
v -0.32231219 0.16002886 0.63865280
v -0.32131897 0.18584366 0.64327615
v -0.32131897 0.18584366 0.64327615
v -0.32155599 0.16252667 0.64633113
v -0.32115056 0.18741466 0.65360987
v -0.32115056 0.18741466 0.65360987
v -0.32138558 0.16435792 0.65612125
v -0.32165225 0.12426071 0.66041356
v -0.32124944 0.16572581 0.66580176
v -0.32151435 0.12589261 0.67011415
v -0.32129054 0.16640766 0.67142367
v -0.32156782 0.12674220 0.67580711
v -0.32180627 0.16663314 0.67353218
v -0.32180627 0.16663314 0.67353218
v -0.32215320 0.12701553 0.67795085
v -0.32215320 0.12701553 0.67795085
v -0.32335885 0.16676573 0.67414140
v -0.32388480 0.12717505 0.67857211
v -0.33298381 0.16736141 0.67427617
v -0.33438788 0.12790811 0.67870992
v -0.34830977 0.16816019 0.67427623
v -0.35101514 0.12877472 0.67870992
v -0.35794447 0.16856851 0.67414140
v -0.36153750 0.12913759 0.67857217
v -0.35950251 0.16859807 0.67353218
v -0.35950251 0.16859807 0.67353218
v -0.36327623 0.12915896 0.67795091
v -0.36327623 0.12915896 0.67795091
v -0.36003883 0.16842748 0.67142361
v -0.36388691 0.12894809 0.67580699
v -0.37826775 -0.01907469 0.69200664
v -0.36402844 0.12810867 0.67011415
v -0.37849008 -0.01987757 0.68612509
v -0.36406086 0.12647139 0.66041350
v -0.37856288 -0.02138579 0.67613857
v -0.36409117 0.12464869 0.65076994
v -0.37861164 -0.02292408 0.66626024
v -0.36346398 0.12292744 0.64295899
v -0.36346398 0.12292744 0.64295899
v -0.37764467 -0.02411259 0.65828579
v -0.37764467 -0.02411259 0.65828579
v -0.36175387 0.12278074 0.64147257
v -0.37525608 -0.02420222 0.65703123
v -0.35128774 0.12257434 0.63945329
v -0.36142762 -0.02427744 0.65550583
v -0.33476131 0.12171285 0.63945329
v -0.33994402 -0.02539726 0.65550595
v -0.32433049 0.12083018 0.64147263
v -0.32618256 -0.02676011 0.65703123
v -0.32261442 0.12079820 0.64295899
v -0.32261442 0.12079820 0.64295899
v -0.32379766 -0.02691930 0.65828579
v -0.32379766 -0.02691930 0.65828579
v -0.32181157 0.12244493 0.65076994
v -0.32271238 -0.02583778 0.66626018
v -0.32353781 -0.12514396 0.67655986
v -0.32260095 -0.02430283 0.67613863
v -0.32345663 -0.12379620 0.68665426
v -0.32251658 -0.02279515 0.68612521
v -0.32341085 -0.12246203 0.69685220
v -0.32265417 -0.02197354 0.69200664
v -0.32360421 -0.12171797 0.70285421
v -0.32350545 -0.02166647 0.69422215
v -0.32350545 -0.02166647 0.69422215
v -0.32462125 -0.12140363 0.70511239
v -0.32462125 -0.12140363 0.70511239
v -0.32589875 -0.02140706 0.69486367
v -0.32742874 -0.12108416 0.70576518
v -0.33967100 -0.02016780 0.69500601
v -0.34328683 -0.11953969 0.70591014
v -0.36115535 -0.01904798 0.69500601
v -0.36789052 -0.11825728 0.70591008
v -0.37498192 -0.01884862 0.69486367
v -0.38382317 -0.11814463 0.70576518
v -0.37738921 -0.01885781 0.69422221
v -0.37738921 -0.01885781 0.69422221
v -0.38664864 -0.11817053 0.70511239
v -0.38664864 -0.11817053 0.70511239
v -0.39553623 -0.21711922 0.71596145
v -0.39553623 -0.21711922 0.71596145
v -0.38769288 -0.11837737 0.70285421
v -0.39672209 -0.21731474 0.71366214
v -0.38796254 -0.11909735 0.69685220
v -0.39703123 -0.21794975 0.70754086
v -0.38805576 -0.12042896 0.68665420
v -0.39714096 -0.21910159 0.69713210
v -0.38811512 -0.12177792 0.67655992
v -0.39720856 -0.22026300 0.68682050
v -0.38694800 -0.12281280 0.66849696
v -0.38694800 -0.12281280 0.66849696
v -0.39586933 -0.22115548 0.67867129
v -0.39586933 -0.22115548 0.67867129
v -0.38413523 -0.12288352 0.66741001
v -0.39268269 -0.22121499 0.67775171
v -0.36816426 -0.12290893 0.66623121
v -0.37476103 -0.22122900 0.67691826
v -0.34349813 -0.12419458 0.66623121
v -0.34715907 -0.22266781 0.67691826
v -0.32761119 -0.12582976 0.66740995
v -0.32933308 -0.22451696 0.67775177
v -0.32480620 -0.12605191 0.66849696
v -0.32480620 -0.12605191 0.66849696
v -0.32615758 -0.22478917 0.67867129
v -0.32615758 -0.22478917 0.67867129
v -0.32785390 -0.30946089 0.68741232
v -0.32785390 -0.30946089 0.68741232
v -0.32473277 -0.22404076 0.68682050
v -0.32634838 -0.30885166 0.69563156
v -0.32467918 -0.22287858 0.69713216
v -0.32631536 -0.30784877 0.70612847
v -0.32466863 -0.22172159 0.70754092
v -0.32632877 -0.30684270 0.71671646
v -0.32491018 -0.22105785 0.71366214
v -0.32659562 -0.30624518 0.72293710
v -0.32606922 -0.22074012 0.71596157
v -0.32606922 -0.22074012 0.71596157
v -0.32783274 -0.30592531 0.72526651
v -0.32783274 -0.30592531 0.72526651
v -0.32924195 -0.22037287 0.71662509
v -0.33124514 -0.30554074 0.72593724
v -0.34700428 -0.21858050 0.71677219
v -0.35037355 -0.30362682 0.72608625
v -0.37449001 -0.21714787 0.71677213
v -0.37998097 -0.30208360 0.72608625
v -0.39234255 -0.21708380 0.71662509
v -0.39920463 -0.30199842 0.72593730
v -0.40263863 -0.30202615 0.72526651
v -0.40263863 -0.30202615 0.72526651
v -0.40341191 -0.36224239 0.73251914
v -0.40528031 -0.39925180 0.73649126
v -0.40690501 -0.36223145 0.73185050
v -0.40690501 -0.36223145 0.73185050
v -0.38362111 -0.36244176 0.73266827
v -0.38557704 -0.39965056 0.73663598
v -0.35302837 -0.36403640 0.73266821
v -0.35495134 -0.40124692 0.73663592
v -0.33332406 -0.36589567 0.73251908
v -0.33531354 -0.40289874 0.73649132
v -0.32984863 -0.36624794 0.73185050
v -0.32984863 -0.36624794 0.73185050
v -0.33190931 -0.40314801 0.73584896
v -0.33190931 -0.40314801 0.73584896
v -0.32863869 -0.36657621 0.72951400
v -0.33087112 -0.40351729 0.73354518
v -0.32838516 -0.36713584 0.72322970
v -0.33068590 -0.40407927 0.72723573
v -0.32836445 -0.36803679 0.71251666
v -0.33067380 -0.40491943 0.71644925
v -0.32838686 -0.36892624 0.70189040
v -0.33069159 -0.40573697 0.70574563
v -0.32984518 -0.36941962 0.69363146
v -0.32984518 -0.36941962 0.69363146
v -0.33191402 -0.40609379 0.69748514
v -0.33191402 -0.40609379 0.69748514
v -0.33333029 -0.36915748 0.69296938
v -0.33127354 -0.30916926 0.68663841
v -0.33533005 -0.40592875 0.69692158
v -0.35312282 -0.36729114 0.69264197
v -0.35048692 -0.30722761 0.68610042
v -0.35504548 -0.40428160 0.69673168
v -0.38386546 -0.36568870 0.69264185
v -0.38024257 -0.30567661 0.68610030
v -0.38579904 -0.40267862 0.69673168
v -0.40374480 -0.36548720 0.69296932
v -0.39955370 -0.30561024 0.68663829
v -0.40557881 -0.40226711 0.69692158
v -0.40723832 -0.36538558 0.69363152
v -0.40723832 -0.36538558 0.69363152
v -0.40298514 -0.30554475 0.68741226
v -0.40298514 -0.30554475 0.68741226
v -0.40899356 -0.40207611 0.69748514
v -0.40899356 -0.40207611 0.69748514
v -0.40863742 -0.36474322 0.70189046
v -0.40441920 -0.30478226 0.69563162
v -0.41017221 -0.40159412 0.70574575
v -0.40856718 -0.36385624 0.71251660
v -0.40434779 -0.30378139 0.70612847
v -0.41010500 -0.40077911 0.71644925
v -0.40845288 -0.36296238 0.72322964
v -0.40422975 -0.30278221 0.71671652
v -0.41000549 -0.39994480 0.72723573
v -0.40814252 -0.36243214 0.72951400
v -0.40390225 -0.30221567 0.72293710
v -0.40976284 -0.39940514 0.73354524
v -0.40869193 -0.39914577 0.73584902
v -0.40869193 -0.39914577 0.73584902
v -0.40946661 -0.41811629 0.73557358
v -0.40808193 -0.42562066 0.73638498
v -0.40808193 -0.42562066 0.73638498
v -0.40874748 -0.41756384 0.73776036
v -0.40874748 -0.41756384 0.73776036
v -0.40958591 -0.41871704 0.72927206
v -0.40805720 -0.42631219 0.73009782
v -0.40805720 -0.42631219 0.73009782
v -0.40966238 -0.41952859 0.71845191
v -0.40810950 -0.42712195 0.71926694
v -0.40810950 -0.42712195 0.71926694
v -0.40972821 -0.42030291 0.70771145
v -0.40817569 -0.42787556 0.70851290
v -0.40817569 -0.42787556 0.70851290
v -0.40901090 -0.42037593 0.69948464
v -0.40901090 -0.42037593 0.69948464
v -0.40832056 -0.42648382 0.70027512
v -0.40832056 -0.42648382 0.70027512
v -0.40832056 -0.42648382 0.70027512
v -0.40575667 -0.42088552 0.69905942
v -0.40516533 -0.42833291 0.70021861
v -0.40516533 -0.42833291 0.70021861
v -0.38647564 -0.42155983 0.69895702
v -0.38646834 -0.42926989 0.70017385
v -0.38646834 -0.42926989 0.70017385
v -0.35633554 -0.42313083 0.69895702
v -0.35714440 -0.43079840 0.70017379
v -0.35714440 -0.43079840 0.70017379
v -0.33708884 -0.42446478 0.69905948
v -0.33845131 -0.43181033 0.70021849
v -0.33845131 -0.43181033 0.70021849
v -0.33379932 -0.42429627 0.69948470
v -0.33379932 -0.42429627 0.69948470
v -0.33512093 -0.43029930 0.70027512
v -0.33512093 -0.43029930 0.70027512
v -0.33512093 -0.43029930 0.70027512
v -0.33307825 -0.42429824 0.70771145
v -0.33540969 -0.43166842 0.70851290
v -0.33540969 -0.43166842 0.70851290
v -0.33306329 -0.42352127 0.71845185
v -0.33539720 -0.43091200 0.71926689
v -0.33539720 -0.43091200 0.71926689
v -0.33305494 -0.42270614 0.72927206
v -0.33536501 -0.43010123 0.73009776
v -0.33536501 -0.43010123 0.73009776
v -0.33311106 -0.42209627 0.73557352
v -0.33526854 -0.42941599 0.73638498
v -0.33526854 -0.42941599 0.73638498
v -0.33376904 -0.42147206 0.73776036
v -0.33376904 -0.42147206 0.73776036
v -0.33506735 -0.42753230 0.73826438
v -0.33506735 -0.42753230 0.73826438
v -0.33506735 -0.42753230 0.73826438
v -0.33704360 -0.42157035 0.73834460
v -0.33837445 -0.42901395 0.73874348
v -0.33837445 -0.42901395 0.73874348
v -0.35623066 -0.42022769 0.73847657
v -0.35702647 -0.42799439 0.73885655
v -0.35702647 -0.42799439 0.73885655
v -0.38627811 -0.41866149 0.73847669
v -0.38629411 -0.42646880 0.73885661
v -0.38629411 -0.42646880 0.73885661
v -0.40550081 -0.41800205 0.73834466
v -0.40495102 -0.42554371 0.73874354
v -0.40495102 -0.42554371 0.73874354
v -0.40808614 -0.42372628 0.73826444
v -0.40808614 -0.42372628 0.73826444
v -0.40808614 -0.42372628 0.73826444
v -0.40404169 -0.42944942 0.73682981
v -0.40381964 -0.43030770 0.73052733
v -0.38600014 -0.43073384 0.73690163
v -0.38591494 -0.43168475 0.73058348
v -0.35776217 -0.43220569 0.73690163
v -0.33968486 -0.43280397 0.73682987
v -0.35794584 -0.43314259 0.73058348
v -0.33999498 -0.43363453 0.73052739
v -0.35800113 -0.43396719 0.71974474
v -0.38594575 -0.43251060 0.71974462
v -0.35802643 -0.43469892 0.70898055
v -0.34005789 -0.43445070 0.71969050
v -0.34006722 -0.43519138 0.70892846
v -0.38599657 -0.43324099 0.70898055
v -0.40390961 -0.43186365 0.70892840
v -0.40384202 -0.43112604 0.71969050
v -0.32005717 0.23020132 0.53780364
v -0.32005717 0.23020132 0.53780364
v -0.32150210 0.22938751 0.53789478
v -0.38770618 -0.39441480 0.31926342
v -0.38706438 -0.39117377 0.31897765
v -0.38706438 -0.39117377 0.31897765
v -0.38564043 -0.39056163 0.31890579
v -0.37683548 -0.39089482 0.31889104
v -0.36273532 -0.39162980 0.31889104
v -0.35394351 -0.39221384 0.31890579
v -0.35259084 -0.39297070 0.31897765
v -0.35259084 -0.39297070 0.31897765
v -0.35228948 -0.39626087 0.31926348
v -0.39041664 -0.44704826 0.03544548
v -0.39047645 -0.45232846 0.00682461
v -0.38984479 -0.44493477 0.03544359
v -0.38984479 -0.44493477 0.03544359
v -0.39000802 -0.45035227 0.00710405
v -0.39000802 -0.45035227 0.00710405
v -0.38844828 -0.44455804 0.03541062
v -0.38871183 -0.45011689 0.00681773
v -0.37965234 -0.44493611 0.03538919
v -0.37994419 -0.45053582 0.00669133
v -0.36555211 -0.44567107 0.03538919
v -0.36584403 -0.45127077 0.00669133
v -0.35676451 -0.44620954 0.03541062
v -0.35708033 -0.45176561 0.00681773
v -0.35541482 -0.44672941 0.03544359
v -0.35541482 -0.44672941 0.03544359
v -0.35581575 -0.45213450 0.00710405
v -0.35581575 -0.45213450 0.00710405
v -0.35506587 -0.44889088 0.03544548
v -0.35555531 -0.45414875 0.00682461
v -0.35708623 -0.48765163 0.03596473
v -0.35746424 -0.49077310 0.00692928
v -0.35777290 -0.49120869 0.00271631
v -0.35777290 -0.49120869 0.00271631
v -0.35765763 -0.49217065 0.00708372
v -0.35792254 -0.49255396 0.00306714
v -0.35792254 -0.49255396 0.00306714
v -0.35793521 -0.49279673 0.00722510
v -0.35793521 -0.49279673 0.00722510
v -0.35805990 -0.49301027 0.00381833
v -0.35805990 -0.49301027 0.00381833
v -0.35805990 -0.49301027 0.00381833
v -0.35923876 -0.49317430 0.00693681
v -0.35925312 -0.49328084 0.00271929
v -0.35925312 -0.49328084 0.00271929
v -0.36800914 -0.49280809 0.00680886
v -0.36801405 -0.49290265 0.00250644
v -0.36801405 -0.49290265 0.00250644
v -0.38210936 -0.49207307 0.00680886
v -0.38211428 -0.49216770 0.00250644
v -0.38211428 -0.49216770 0.00250644
v -0.39087023 -0.49152555 0.00693681
v -0.38208722 -0.49164863 0.00068256
v -0.38201587 -0.49027897 0.00000634
v -0.36798699 -0.49238361 0.00068256
v -0.36791559 -0.49101393 0.00000634
v -0.35921799 -0.49277593 0.00097424
v -0.35913135 -0.49141820 0.00035554
v -0.35724561 -0.45524015 0.00034430
v -0.35588048 -0.45490165 0.00267165
v -0.35588048 -0.45490165 0.00267165
v -0.35714473 -0.45283239 0.00266893
v -0.35714473 -0.45283239 0.00266893
v -0.36602975 -0.45483316 0.00000000
v -0.38012992 -0.45409821 0.00000000
v -0.36590137 -0.45237051 0.00245922
v -0.36590137 -0.45237051 0.00245922
v -0.38000156 -0.45163555 0.00245922
v -0.38000156 -0.45163555 0.00245922
v -0.38875870 -0.45118453 0.00266893
v -0.38875870 -0.45118453 0.00266893
v -0.38993375 -0.45110656 0.00375154
v -0.38993375 -0.45110656 0.00375154
v -0.38993375 -0.45110656 0.00375154
v -0.38890879 -0.45358972 0.00034430
v -0.39023130 -0.45311113 0.00267165
v -0.39023130 -0.45311113 0.00267165
v -0.39079441 -0.48976777 0.00035554
v -0.35596801 -0.45287697 0.00375154
v -0.35596801 -0.45287697 0.00375154
v -0.35596801 -0.45287697 0.00375154
v -0.34820081 -0.41689803 0.32797261
v -0.34820081 -0.41689803 0.32797261
v -0.34820081 -0.41689803 0.32797261
v -0.34820081 -0.41689803 0.32797261
v -0.35183685 -0.41786157 0.32810649
v -0.35183685 -0.41786157 0.32810649
v -0.35183685 -0.41786157 0.32810649
v -0.34820081 -0.41836204 0.32450511
v -0.34820081 -0.41836204 0.32450511
v -0.34820081 -0.41836204 0.32450511
v -0.34820081 -0.40784504 0.39311882
v -0.34820081 -0.40784504 0.39311882
v -0.34820081 -0.40784504 0.39311882
v -0.34820081 -0.40784504 0.39311882
v 0.34724049 -0.41689803 0.32797261
v 0.34724049 -0.41689803 0.32797261
v 0.34724049 -0.41689803 0.32797261
v 0.34724049 -0.41689803 0.32797261
v 0.34724049 -0.41836204 0.32450511
v 0.34724049 -0.41836204 0.32450511
v 0.34724049 -0.41836204 0.32450511
v 0.35087653 -0.41786157 0.32810649
v 0.35087653 -0.41786157 0.32810649
v 0.35087653 -0.41786157 0.32810649
v 0.34724049 -0.40784504 0.39311882
v 0.34724049 -0.40784504 0.39311882
v 0.34724049 -0.40784504 0.39311882
v 0.34724049 -0.40784504 0.39311882
v 0.35087653 -0.40881495 0.39321437
v 0.35087653 -0.40881495 0.39321437
v 0.35087653 -0.40881495 0.39321437
v 0.34724049 -0.40831147 0.39681818
v 0.34724049 -0.40831147 0.39681818
v 0.34724049 -0.40831147 0.39681818
v 0.35072266 -0.40927480 0.39675852
v 0.35072266 -0.40927480 0.39675852
v 0.34724049 -0.41060303 0.39973202
v 0.34724049 -0.41060303 0.39973202
v 0.34724049 -0.41060303 0.39973202
v -0.34820081 -0.40831147 0.39681812
v -0.34820081 -0.40831147 0.39681812
v -0.34820081 -0.40831147 0.39681812
v -0.34820081 -0.41060303 0.39973202
v -0.34820081 -0.41060303 0.39973202
v -0.34820081 -0.41060303 0.39973202
v -0.35168298 -0.40927477 0.39675843
v -0.35168298 -0.40927477 0.39675843
v -0.35168298 -0.41088812 0.39880987
v -0.35183685 -0.40881492 0.39321431
v -0.35183685 -0.40881492 0.39321431
v -0.35183685 -0.40881492 0.39321431
v -0.35356472 -0.41114868 0.39694481
v -0.35450967 -0.41147663 0.39347901
v -0.35450967 -0.41147663 0.39347901
v -0.35450967 -0.41147663 0.39347901
v -0.35450967 -0.41459741 0.39744347
v -0.35548247 -0.41509648 0.39384016
v -0.35548247 -0.41509648 0.39384016
v -0.35548247 -0.41509648 0.39384016
v -0.35356472 -0.41808476 0.39764001
v -0.35356472 -0.41808476 0.39764001
v -0.35183685 -0.41422398 0.40009218
v -0.34820081 -0.41409872 0.40105831
v -0.34820081 -0.41409872 0.40105831
v -0.35168298 -0.41782694 0.39950531
v -0.35168298 -0.41782694 0.39950531
v -0.34820081 -0.41785140 0.40045842
v -0.34820081 -0.41785140 0.40045842
v -0.34820081 -0.41785140 0.40045842
v -0.34820081 -0.41785140 0.40045842
v -0.35168298 -0.41995828 0.39782905
v -0.35168298 -0.41995828 0.39782905
v -0.35183685 -0.42137696 0.39447325
v -0.35183685 -0.42137696 0.39447325
v -0.34820081 -0.42087875 0.39807751
v -0.34820081 -0.42087875 0.39807751
v -0.34820081 -0.42234637 0.39457204
v -0.34820081 -0.42234637 0.39457204
v -0.34820081 -0.42234637 0.39457204
v -0.34820081 -0.42234637 0.39457204
v 0.34724049 -0.42087881 0.39807751
v 0.34724049 -0.42087881 0.39807751
v 0.34724049 -0.42234637 0.39457210
v 0.34724049 -0.42234637 0.39457210
v 0.34724049 -0.42234637 0.39457210
v 0.34724049 -0.42234637 0.39457210
v 0.35072266 -0.41995831 0.39782905
v 0.35072266 -0.41995831 0.39782905
v 0.34724049 -0.41785146 0.40045842
v 0.34724049 -0.41785146 0.40045842
v 0.34724049 -0.41785146 0.40045842
v 0.34724049 -0.41785146 0.40045842
v 0.34724049 -0.41409875 0.40105831
v 0.34724049 -0.41409875 0.40105831
v 0.35072266 -0.41782700 0.39950525
v 0.35072266 -0.41782700 0.39950525
v 0.35260440 -0.41808479 0.39763995
v 0.35260440 -0.41808479 0.39763995
v 0.35087653 -0.41422398 0.40009224
v 0.35072266 -0.41088812 0.39880993
v 0.35354935 -0.41459750 0.39744347
v 0.35452215 -0.41509648 0.39384022
v 0.35452215 -0.41509648 0.39384022
v 0.35452215 -0.41509648 0.39384022
v 0.35260440 -0.41114868 0.39694490
v 0.35354935 -0.41147666 0.39347916
v 0.35354935 -0.41147666 0.39347916
v 0.35354935 -0.41147666 0.39347916
v 0.35354935 -0.42050894 0.32847443
v 0.35354935 -0.42050894 0.32847443
v 0.35354935 -0.42050894 0.32847443
v 0.35260440 -0.42114066 0.32504653
v 0.35452215 -0.42411043 0.32897487
v 0.35452215 -0.42411043 0.32897487
v 0.35452215 -0.42411043 0.32897487
v 0.35354935 -0.42461090 0.32537340
v 0.35354935 -0.42771186 0.32947537
v 0.35354935 -0.42771186 0.32947537
v 0.35354935 -0.42771186 0.32947537
v 0.35354935 -0.42771186 0.32947537
v 0.35260440 -0.42803873 0.32600515
v 0.35260440 -0.42803873 0.32600515
v 0.35087653 -0.43035926 0.32984322
v 0.35087653 -0.43035926 0.32984322
v 0.35354935 -0.41871588 0.39420449
v 0.35354935 -0.41871588 0.39420449
v 0.35354935 -0.41871588 0.39420449
v 0.35354935 -0.41871588 0.39420449
v 0.35087653 -0.42137699 0.39447319
v 0.35087653 -0.42137699 0.39447319
v 0.35072266 -0.42990257 0.32626411
v 0.35072266 -0.42990257 0.32626411
v 0.34724049 -0.43132274 0.32997709
v 0.34724049 -0.43132274 0.32997709
v 0.34724049 -0.43132274 0.32997709
v 0.34724049 -0.43132274 0.32997709
v 0.34724049 -0.43085970 0.32624184
v 0.34724049 -0.43085970 0.32624184
v 0.34724049 -0.43085970 0.32624184
v -0.34820081 -0.43132274 0.32997709
v -0.34820081 -0.43132274 0.32997709
v -0.34820081 -0.43132274 0.32997709
v -0.34820081 -0.43132274 0.32997709
v -0.34820081 -0.43085970 0.32624184
v -0.34820081 -0.43085970 0.32624184
v -0.34820081 -0.43085970 0.32624184
v -0.35183685 -0.43035926 0.32984322
v -0.35183685 -0.43035926 0.32984322
v -0.35168298 -0.42990257 0.32626411
v -0.35168298 -0.42990257 0.32626411
v -0.35450967 -0.42771186 0.32947537
v -0.35450967 -0.42771186 0.32947537
v -0.35450967 -0.42771186 0.32947537
v -0.35450967 -0.42771186 0.32947537
v -0.35548247 -0.42411043 0.32897487
v -0.35548247 -0.42411043 0.32897487
v -0.35548247 -0.42411043 0.32897487
v -0.35356472 -0.42803873 0.32600515
v -0.35356472 -0.42803873 0.32600515
v -0.35450967 -0.41871582 0.39420458
v -0.35450967 -0.41871582 0.39420458
v -0.35450967 -0.41871582 0.39420458
v -0.35450967 -0.41871582 0.39420458
v -0.35450967 -0.42461090 0.32537340
v -0.35168298 -0.42829774 0.32414129
v -0.35168298 -0.42829774 0.32414129
v -0.34820081 -0.42858021 0.32322651
v -0.34820081 -0.42858021 0.32322651
v -0.34820081 -0.42858021 0.32322651
v -0.34820081 -0.42858021 0.32322651
v -0.35183685 -0.42497872 0.32272606
v -0.35168298 -0.42139961 0.32318273
v -0.34820081 -0.42511265 0.32176253
v -0.34820081 -0.42511265 0.32176253
v 0.34724049 -0.42511265 0.32176253
v 0.34724049 -0.42511265 0.32176253
v -0.34820081 -0.42137732 0.32222562
v -0.34820081 -0.42137732 0.32222562
v -0.34820081 -0.42137732 0.32222562
v 0.34724049 -0.42137732 0.32222562
v 0.34724049 -0.42137732 0.32222562
v 0.34724049 -0.42137732 0.32222562
v 0.35072266 -0.42139961 0.32318273
v 0.35087653 -0.42497872 0.32272606
v 0.35072266 -0.41927682 0.32478752
v 0.35072266 -0.41927682 0.32478752
v 0.35072266 -0.42829774 0.32414129
v 0.35072266 -0.42829774 0.32414129
v 0.34724049 -0.42858021 0.32322651
v 0.34724049 -0.42858021 0.32322651
v 0.34724049 -0.42858021 0.32322651
v 0.34724049 -0.42858021 0.32322651
v -0.35168298 -0.41927682 0.32478752
v -0.35168298 -0.41927682 0.32478752
v -0.35356472 -0.42114066 0.32504653
v -0.35450967 -0.42050894 0.32847443
v -0.35450967 -0.42050894 0.32847443
v -0.35450967 -0.42050894 0.32847443
v -0.35141085 -0.44739766 0.40439528
v -0.35141085 -0.44739766 0.40439528
v -0.35337625 -0.44734536 0.40491852
v -0.35337625 -0.44734536 0.40491852
v -0.35337625 -0.44734536 0.40491852
v -0.35143970 -0.44930057 0.40511441
v -0.35143970 -0.44930057 0.40511441
v -0.34118219 0.24829765 0.33467852
v -0.34118219 0.24829765 0.33467852
v -0.35039966 -0.44739766 0.40439528
v -0.35039966 -0.44739766 0.40439528
v -0.35042803 -0.44930314 0.40511607
v -0.35042803 -0.44930314 0.40511607
v -0.34031419 0.24829765 0.33467852
v -0.34031419 0.24829765 0.33467852
v 0.35141082 -0.44739766 0.40439528
v 0.35141082 -0.44739766 0.40439528
v 0.35337625 -0.44734542 0.40491852
v 0.35337625 -0.44734542 0.40491852
v 0.34118216 0.24829765 0.33467852
v 0.34118216 0.24829765 0.33467852
v 0.35143961 -0.44930314 0.40511607
v 0.35143961 -0.44930314 0.40511607
v 0.35146068 -0.45059289 0.40669315
v 0.35146068 -0.45059289 0.40669315
v 0.35146068 -0.45059289 0.40669315
v 0.35332070 -0.44916712 0.40561434
v 0.35433789 -0.44906582 0.40662634
v 0.35433789 -0.44906582 0.40662634
v 0.35333572 -0.45007767 0.40672772
v 0.35333572 -0.45007767 0.40672772
v 0.35333572 -0.45007767 0.40672772
v 0.35342647 -0.45039831 0.40865143
v 0.35342647 -0.45039831 0.40865143
v 0.35484998 -0.44896100 0.40850731
v 0.35146885 -0.45092131 0.40870374
v 0.35342647 -0.44885810 0.42402025
v 0.35342647 -0.44885810 0.42402025
v 0.35146885 -0.44938122 0.42407262
v 0.35333572 -0.44816218 0.42584204
v 0.35333572 -0.44816218 0.42584204
v 0.35333572 -0.44816218 0.42584204
v 0.35484998 -0.44742085 0.42387613
v 0.35433789 -0.44715028 0.42574059
v 0.35433789 -0.44715028 0.42574059
v 0.35534693 -0.44546552 0.42368024
v 0.35534693 -0.44546552 0.42368024
v 0.35482098 -0.44526939 0.42563566
v 0.35482098 -0.44526939 0.42563566
v 0.35482098 -0.44526939 0.42563566
v 0.35482098 -0.44526939 0.42563566
v 0.35534693 -0.44700561 0.40831142
v 0.35534693 -0.44700561 0.40831142
v 0.34511827 0.25023060 0.35396343
v 0.34511827 0.25023060 0.35396343
v 0.34459235 0.25042643 0.35591891
v 0.34459235 0.25042643 0.35591891
v 0.34459235 0.25042643 0.35591891
v 0.34459235 0.25042643 0.35591891
v 0.34456383 0.25218593 0.35376748
v 0.34456383 0.25218593 0.35376748
v 0.34511827 0.24869047 0.33859461
v 0.34511827 0.24869047 0.33859461
v 0.34456380 0.25064583 0.33839863
v 0.34456380 0.25064583 0.33839863
v 0.34459232 0.24849437 0.33663913
v 0.34459232 0.24849437 0.33663913
v 0.34459232 0.24849437 0.33663913
v 0.34459232 0.24849437 0.33663913
v 0.34405415 0.25037529 0.33653426
v 0.34405415 0.25037529 0.33653426
v 0.34405415 0.25037529 0.33653426
v 0.34405415 0.25037529 0.33653426
v 0.34314753 0.24835022 0.33520170
v 0.34314753 0.24835022 0.33520170
v 0.34314753 0.24835022 0.33520170
v 0.35482098 -0.44720151 0.40635585
v 0.35482098 -0.44720151 0.40635585
v 0.35482098 -0.44720151 0.40635585
v 0.35482098 -0.44720151 0.40635585
v 0.34303696 0.25027378 0.33552223
v 0.34303696 0.25027378 0.33552223
v 0.34303696 0.25027378 0.33552223
v 0.34115355 0.25030546 0.33500572
v 0.34115355 0.25030546 0.33500572
v 0.34302221 0.25138716 0.33643281
v 0.34302221 0.25138716 0.33643281
v 0.34309800 0.25208311 0.33825459
v 0.34113230 0.25188528 0.33629673
v 0.34113230 0.25188528 0.33629673
v 0.34113230 0.25188528 0.33629673
v -0.34026505 0.25188528 0.33629673
v -0.34026505 0.25188528 0.33629673
v 0.34112503 0.25260614 0.33820223
v 0.34112458 0.25414626 0.35357105
v -0.34025742 0.25260614 0.33820223
v -0.34112506 0.25260614 0.33820223
v -0.34025742 0.25414626 0.35357105
v -0.34026505 0.25381784 0.35558160
v -0.34026505 0.25381784 0.35558160
v -0.34112506 0.25414626 0.35357105
v -0.34113260 0.25381897 0.35557889
v -0.34113260 0.25381897 0.35557889
v -0.34113260 0.25381897 0.35557889
v -0.34309803 0.25362320 0.35362341
v -0.34302224 0.25330262 0.35554712
v -0.34302224 0.25330262 0.35554712
v -0.34456383 0.25218593 0.35376748
v -0.34456383 0.25218593 0.35376748
v -0.34309806 0.25208314 0.33825459
v -0.34456386 0.25064586 0.33839863
v -0.34456386 0.25064586 0.33839863
v -0.34302227 0.25138719 0.33643281
v -0.34302227 0.25138719 0.33643281
v -0.34405418 0.25037532 0.33653426
v -0.34405418 0.25037532 0.33653426
v -0.34405418 0.25037532 0.33653426
v -0.34405418 0.25037532 0.33653426
v -0.34113263 0.25188698 0.33629911
v -0.34113263 0.25188698 0.33629911
v -0.34113263 0.25188698 0.33629911
v -0.34303702 0.25027381 0.33552223
v -0.34303702 0.25027381 0.33552223
v -0.34303702 0.25027381 0.33552223
v -0.34314759 0.24835025 0.33520170
v -0.34314759 0.24835025 0.33520170
v -0.34314759 0.24835025 0.33520170
v -0.34314759 0.24835025 0.33520170
v -0.34115361 0.25030549 0.33500572
v -0.34115361 0.25030549 0.33500572
v -0.34028582 0.25030823 0.33500704
v -0.34459238 0.24849440 0.33663913
v -0.34459238 0.24849440 0.33663913
v -0.34459238 0.24849440 0.33663913
v -0.34459238 0.24849440 0.33663913
v -0.34511830 0.24869047 0.33859461
v -0.34511830 0.24869047 0.33859461
v -0.35482098 -0.44720145 0.40635585
v -0.35482098 -0.44720145 0.40635585
v -0.35482098 -0.44720145 0.40635585
v -0.35482098 -0.44720145 0.40635585
v -0.35534696 -0.44700561 0.40831142
v -0.35534696 -0.44700561 0.40831142
v -0.35433789 -0.44906576 0.40662634
v -0.35433789 -0.44906576 0.40662634
v -0.35484998 -0.44896095 0.40850731
v -0.35333572 -0.45007761 0.40672772
v -0.35333572 -0.45007761 0.40672772
v -0.35333572 -0.45007761 0.40672772
v -0.35332070 -0.44916700 0.40561434
v -0.35146101 -0.45059399 0.40669587
v -0.35146101 -0.45059399 0.40669587
v -0.35146101 -0.45059399 0.40669587
v -0.35342647 -0.45039822 0.40865143
v -0.35342647 -0.45039822 0.40865143
v -0.35146888 -0.45092131 0.40870374
v -0.35342650 -0.44885810 0.42402025
v -0.35342650 -0.44885810 0.42402025
v -0.35485001 -0.44742085 0.42387613
v -0.35333575 -0.44816218 0.42584204
v -0.35333575 -0.44816218 0.42584204
v -0.35333575 -0.44816218 0.42584204
v -0.35146888 -0.44938122 0.42407262
v -0.35146107 -0.44866194 0.42597567
v -0.35146107 -0.44866194 0.42597567
v -0.35146107 -0.44866194 0.42597567
v -0.35045643 -0.44938122 0.42407262
v -0.35044880 -0.44866033 0.42597812
v -0.35044880 -0.44866033 0.42597812
v -0.35045643 -0.45092131 0.40870374
v -0.35044880 -0.45059289 0.40669315
v -0.35044880 -0.45059289 0.40669315
v -0.35042803 -0.44708328 0.42726781
v -0.35042803 -0.44708328 0.42726781
v 0.35146104 -0.44866194 0.42597567
v 0.35146104 -0.44866194 0.42597567
v 0.35146104 -0.44866194 0.42597567
v 0.35143961 -0.44708328 0.42726781
v 0.35143961 -0.44708328 0.42726781
v 0.35141082 -0.44507267 0.42759623
v 0.35141082 -0.44507267 0.42759623
v 0.35332070 -0.44704877 0.42675256
v 0.35337625 -0.44512521 0.42707314
v 0.35337625 -0.44512521 0.42707314
v 0.34314756 0.25057034 0.35735633
v 0.34314756 0.25057034 0.35735633
v 0.34314756 0.25057034 0.35735633
v 0.34118216 0.25062262 0.35787951
v 0.34118216 0.25062262 0.35787951
v 0.34303699 0.25239201 0.35666045
v 0.34303699 0.25239201 0.35666045
v 0.34303699 0.25239201 0.35666045
v 0.34115358 0.25252555 0.35716038
v 0.34115358 0.25252555 0.35716038
v 0.34405415 0.25229071 0.35564848
v 0.34405415 0.25229071 0.35564848
v 0.34405415 0.25229071 0.35564848
v 0.34405415 0.25229071 0.35564848
v 0.34302224 0.25330262 0.35554712
v 0.34302224 0.25330262 0.35554712
v 0.34309803 0.25362320 0.35362341
v 0.34113260 0.25381897 0.35557889
v 0.34113260 0.25381897 0.35557889
v 0.34113260 0.25381897 0.35557889
v -0.34028582 0.25252809 0.35715868
v -0.34115358 0.25252555 0.35716038
v -0.34115358 0.25252555 0.35716038
v -0.34031419 0.25062262 0.35787951
v -0.34031419 0.25062262 0.35787951
v -0.34118219 0.25062262 0.35787951
v -0.34118219 0.25062262 0.35787951
v -0.35039966 -0.44507267 0.42759623
v -0.35039966 -0.44507267 0.42759623
v -0.35141085 -0.44507267 0.42759623
v -0.35141085 -0.44507267 0.42759623
v -0.35143973 -0.44708048 0.42726904
v -0.35143973 -0.44708048 0.42726904
v -0.35337628 -0.44512521 0.42707314
v -0.35337628 -0.44512521 0.42707314
v -0.35337628 -0.44512521 0.42707314
v -0.35332073 -0.44704877 0.42675256
v -0.35482101 -0.44526939 0.42563566
v -0.35482101 -0.44526939 0.42563566
v -0.35482101 -0.44526939 0.42563566
v -0.35482101 -0.44526939 0.42563566
v -0.34314756 0.25057034 0.35735633
v -0.34314756 0.25057034 0.35735633
v -0.34314756 0.25057034 0.35735633
v -0.34314756 0.25057034 0.35735633
v -0.34303699 0.25239201 0.35666045
v -0.34303699 0.25239201 0.35666045
v -0.34303699 0.25239201 0.35666045
v -0.34459235 0.25042643 0.35591891
v -0.34459235 0.25042643 0.35591891
v -0.34459235 0.25042643 0.35591891
v -0.34459235 0.25042643 0.35591891
v -0.34511830 0.25023060 0.35396343
v -0.34511830 0.25023060 0.35396343
v -0.34405418 0.25229071 0.35564848
v -0.34405418 0.25229071 0.35564848
v -0.34405418 0.25229071 0.35564848
v -0.34405418 0.25229071 0.35564848
v -0.35534696 -0.44546552 0.42368024
v -0.35534696 -0.44546552 0.42368024
v -0.35433792 -0.44715028 0.42574059
v -0.35433792 -0.44715028 0.42574059
vt 0.01559265 0.27923715
vt 0.13194187 0.13781202
vt 0.35379672 0.18091190
vt 0.13190110 0.09460640
vt 0.13213058 0.12315285
vt 0.24806263 0.44451845
vt 0.13170393 0.18131590
vt 0.23369290 0.23720211
vt 0.48417693 0.48695397
vt 0.35139537 0.12288105
vt 0.46326059 0.48655343
vt 0.47717452 0.48695397
vt 0.01559265 0.44451845
vt 0.13284107 0.15928900
vt 0.29722321 0.13781202
vt 0.24806263 0.27923715
vt 0.29718244 0.09460640
vt 0.35127217 0.10858738
vt 0.23369296 0.48655343
vt 0.35493392 0.15969300
vt 0.48417693 0.23760259
vt 0.13200738 0.10831571
vt 0.46326059 0.23720211
vt 0.47717452 0.23760259
vt 0.13170393 0.14087415
vt 0.35493386 0.18427765
vt 0.13220097 0.18376315
vt 0.48169488 0.48735452
vt 0.13170393 0.16265464
vt 0.29746115 0.14087415
vt 0.35443687 0.16214013
vt 0.48169488 0.23720211
vt 0.13170393 0.14436007
vt 0.35425103 0.18767345
vt 0.13238676 0.16605043
vt 0.29746115 0.14436007
vt 0.35345727 0.16525376
vt 0.47843426 0.23720211
vt 0.13318057 0.18687677
vt 0.47843426 0.48735452
vt 0.02151532 0.27819347
vt 0.34778482 0.18059778
vt 0.13170393 0.12343764
vt 0.13170393 0.09413278
vt 0.13174464 0.14526546
vt 0.35387802 0.18851066
vt 0.13176383 0.18222475
vt 0.48329210 0.48728585
vt 0.23392536 0.24336344
vt 0.48444247 0.48079252
vt 0.35390449 0.16383231
vt 0.47992289 0.23720211
vt 0.13191529 0.16458595
vt 0.29746109 0.14282095
vt 0.24774761 0.28331280
vt 0.29310679 0.09429133
vt 0.13597675 0.09429145
vt 0.24774761 0.44044280
vt 0.13790430 0.12308133
vt 0.25374162 0.44556224
vt 0.02151532 0.44556224
vt 0.13885297 0.15897477
vt 0.25374162 0.27819347
vt 0.34549844 0.10851586
vt 0.46340466 0.48039210
vt 0.47714901 0.48079252
vt 0.01533295 0.28331280
vt 0.13173695 0.07817769
vt 0.13601752 0.13744652
vt 0.35487401 0.16060174
vt 0.48329210 0.23727071
vt 0.13275976 0.16688764
vt 0.29737961 0.09413278
vt 0.29742038 0.14526546
vt 0.35169882 0.10887229
vt 0.22872402 0.48585999
vt 0.34991843 0.15948892
vt 0.34636211 0.12316394
vt 0.45826733 0.48585999
vt 0.13833173 0.16264951
vt 0.13212259 0.16060483
vt 0.29742038 0.13894212
vt 0.13174464 0.13894212
vt 0.35451519 0.18222785
vt 0.13273330 0.18545532
vt 0.47992283 0.48735452
vt 0.48178351 0.24364668
vt 0.48178351 0.48090982
vt 0.34830606 0.18427253
vt 0.13597549 0.14070284
vt 0.13738079 0.18382394
vt 0.01533295 0.44044292
vt 0.28886700 0.07817769
vt 0.29314756 0.13744652
vt 0.23392536 0.48039210
vt 0.48444247 0.24376398
vt 0.13704063 0.10859859
vt 0.45826739 0.23789561
vt 0.46340466 0.24336344
vt 0.47714901 0.24376398
vt 0.29318953 0.14070284
vt 0.13170393 0.14282095
vt 0.35472250 0.18620896
vt 0.13170393 0.10859430
vt 0.35314977 0.16608393
vt 0.47755116 0.23727071
vt 0.13348807 0.18770695
vt 0.35169882 0.12315965
vt 0.47755116 0.48728585
vt 0.34830105 0.16532147
vt 0.29318953 0.14421153
vt 0.13671936 0.18111193
vt 0.22872396 0.23789561
vt 0.13871945 0.16604280
vt 0.47852290 0.48090982
vt 0.34791833 0.18766582
vt 0.13597549 0.14421153
vt 0.13833673 0.18694448
vt 0.34925699 0.16220093
vt 0.47852296 0.24364668
vt 0.13861687 0.18778050
vt 0.34659094 0.12373710
vt 0.13594373 0.09342432
vt 0.13598450 0.14514077
vt 0.25373739 0.44126761
vt 0.34971374 0.16062284
vt 0.13856764 0.16057396
vt 0.13692410 0.18224585
vt 0.13784064 0.12349558
vt 0.34773260 0.18851149
vt 0.47762829 0.48088932
vt 0.02162356 0.28248811
vt 0.13844658 0.16457689
vt 0.47762829 0.24366730
vt 0.13681181 0.10917175
vt 0.34802091 0.16615748
vt 0.22888114 0.24429601
vt 0.13790031 0.18552184
vt 0.29313982 0.09342432
vt 0.29318053 0.14514077
vt 0.48340291 0.48088932
vt 0.34807020 0.18219697
vt 0.13170393 0.07950115
vt 0.13598450 0.13875401
vt 0.28890002 0.07950115
vt 0.29318053 0.13875401
vt 0.22888117 0.47945952
vt 0.48001164 0.48090982
vt 0.34819120 0.18619990
vt 0.48001164 0.24364668
vt 0.34873754 0.16389883
vt 0.13597549 0.14265680
vt 0.45825326 0.47945952
vt 0.45825326 0.24429601
vt 0.13890518 0.16688848
vt 0.34556210 0.10893023
vt 0.29318953 0.14265680
vt 0.02162359 0.44126761
vt 0.48340291 0.24366730
vt 0.25373739 0.28248811
vt 0.22790906 0.73662025
vt 0.22846681 0.73233336
vt 0.30945238 0.83026946
vt 0.22682855 0.73658001
vt 0.22737366 0.73237288
vt 0.22882646 0.73194104
vt 0.30945548 0.82969308
vt 0.22812966 0.73679602
vt 0.30973431 0.83016634
vt 0.22819769 0.73723388
vt 0.31020233 0.83025992
vt 0.30993184 0.82946634
vt 0.22685042 0.73680007
vt 0.22685406 0.73724872
vt 0.21765223 0.73682052
vt 0.21761492 0.73730850
vt 0.21767017 0.73656487
vt 0.21809489 0.73242444
vt 0.19416183 0.73691362
vt 0.19412532 0.73747069
vt 0.16210526 0.73703474
vt 0.19417968 0.73662430
vt 0.19450593 0.73234439
vt 0.16211891 0.73670262
vt 0.16309243 0.73233414
vt 0.19452417 0.73181462
vt 0.16310197 0.73179722
vt 0.21811932 0.73194063
vt 0.19453913 0.72906107
vt 0.21812993 0.72911710
vt 0.16309464 0.72905254
vt 0.19453919 0.72464794
vt 0.21813005 0.72459269
vt 0.16309470 0.72465557
vt 0.19452435 0.72189438
vt 0.16310215 0.72191095
vt 0.21811944 0.72176915
vt 0.19450611 0.72136468
vt 0.19540972 0.71740246
vt 0.16309261 0.72137398
vt 0.16334897 0.71732420
vt 0.21809512 0.72128528
vt 0.21890017 0.71746188
vt 0.19539186 0.71711314
vt 0.21888229 0.71720624
vt 0.19535536 0.71655607
vt 0.16333532 0.71699208
vt 0.13867182 0.71689779
vt 0.16330740 0.71634352
vt 0.13865039 0.71617705
vt 0.16260600 0.70010883
vt 0.13811457 0.69812250
vt 0.19440669 0.70262104
vt 0.16256869 0.69919318
vt 0.24515674 0.78591168
vt 0.19435474 0.70182294
vt 0.24516097 0.81706274
vt 0.13808808 0.69711006
vt 0.24506423 0.76138067
vt 0.24568769 0.78588092
vt 0.24556985 0.76135492
vt 0.24568501 0.81703615
vt 0.24842134 0.78586531
vt 0.24842593 0.81704307
vt 0.24836555 0.76134622
vt 0.25280258 0.78586376
vt 0.25281921 0.81704164
vt 0.25284287 0.76134479
vt 0.25553623 0.78587759
vt 0.25563845 0.76135182
vt 0.25556013 0.81703281
vt 0.16133866 0.75483358
vt 0.25606725 0.78590798
vt 0.19312468 0.75220382
vt 0.25608411 0.81705904
vt 0.13685814 0.75691676
vt 0.25614414 0.76137733
vt 0.16137597 0.75391793
vt 0.13688463 0.75590432
vt 0.19317666 0.75140572
vt 0.16207737 0.73768330
vt 0.13742042 0.73784983
vt 0.12620690 0.73793393
vt 0.13744187 0.73712903
vt 0.12622675 0.73717463
vt 0.13745230 0.73676282
vt 0.13846552 0.73239082
vt 0.12623632 0.73679024
vt 0.12722957 0.73240006
vt 0.13847309 0.73186576
vt 0.12723672 0.73186702
vt 0.13847423 0.72908258
vt 0.12723798 0.72908330
vt 0.13847423 0.72462529
vt 0.12723798 0.72462469
vt 0.13847309 0.72184211
vt 0.12723666 0.72184092
vt 0.13846552 0.72131705
vt 0.13868231 0.71726406
vt 0.12722957 0.72130793
vt 0.12746629 0.71723664
vt 0.12341923 0.72130209
vt 0.12366328 0.71722257
vt 0.12745669 0.71685225
vt 0.12743688 0.71609300
vt 0.12365270 0.71682501
vt 0.12362999 0.71603698
vt 0.12192783 0.71679491
vt 0.12169337 0.72129488
vt 0.12194079 0.71720862
vt 0.12037551 0.71676141
vt 0.12189916 0.71597016
vt 0.12033889 0.71589327
vt 0.12129730 0.69543570
vt 0.11990109 0.69430256
vt 0.12311062 0.69633263
vt 0.12136680 0.69444126
vt 0.24501911 0.74421215
vt 0.12312877 0.69528699
vt 0.24498960 0.74618185
vt 0.12009177 0.69342703
vt 0.24505603 0.74258059
vt 0.24550202 0.74417090
vt 0.24552050 0.74259079
vt 0.24549237 0.74613392
vt 0.24833745 0.74418783
vt 0.24833387 0.74612540
vt 0.24834523 0.74263257
vt 0.25286087 0.74418670
vt 0.25286558 0.74612427
vt 0.25285253 0.74263179
vt 0.25569585 0.74416834
vt 0.25567648 0.74258870
vt 0.25570676 0.74613100
vt 0.12013689 0.75958562
vt 0.25617871 0.74420929
vt 0.12189883 0.75873983
vt 0.25620952 0.74617863
vt 0.11886182 0.76059985
vt 0.25614080 0.74257827
vt 0.12006739 0.75859106
vt 0.11867118 0.75972438
vt 0.12188068 0.75769424
vt 0.12066922 0.73805672
vt 0.11910895 0.73813361
vt 0.12240005 0.73798990
vt 0.12069789 0.73723197
vt 0.11914554 0.73726547
vt 0.12071085 0.73681825
vt 0.12169337 0.73241311
vt 0.12242272 0.73720181
vt 0.12243333 0.73680431
vt 0.12341923 0.73240584
vt 0.12342703 0.73186725
vt 0.12170255 0.73186779
vt 0.12342823 0.72908342
vt 0.12170368 0.72908348
vt 0.12342823 0.72462451
vt 0.12170368 0.72462445
vt 0.12342703 0.72184068
vt 0.12170255 0.72184020
vt 0.12015146 0.72183961
vt 0.11680049 0.72183943
vt 0.12014097 0.72128659
vt 0.12039161 0.71719384
vt 0.12015289 0.72462434
vt 0.11680198 0.72462428
vt 0.12015289 0.72908360
vt 0.11680198 0.72908372
vt 0.12015146 0.73186833
vt 0.11680049 0.73186857
vt 0.11916164 0.73683298
vt 0.12014097 0.73242140
vt 0.11581767 0.73684400
vt 0.11678982 0.73242712
vt 0.10377860 0.73683685
vt 0.10472476 0.73242384
vt 0.11579850 0.73729062
vt 0.11575246 0.73819274
vt 0.10375717 0.73727751
vt 0.10369605 0.73816830
vt 0.09428991 0.73721981
vt 0.08482265 0.73716211
vt 0.09430952 0.73680723
vt 0.09523439 0.73241168
vt 0.09423290 0.73804855
vt 0.08476976 0.73792887
vt 0.01683408 0.82142115
vt 0.08669412 0.76366556
vt 0.20957834 0.78787911
vt 0.28072760 0.68383181
vt 0.08198264 0.75850558
vt 0.27360377 0.68370032
vt 0.03835794 0.82129717
vt 0.18779063 0.78846133
vt 0.10181785 0.76299882
vt 0.21028513 0.80319214
vt 0.01701075 0.82194352
vt 0.28075764 0.68437856
vt 0.01707080 0.82471979
vt 0.28067037 0.68711495
vt 0.27362660 0.68423134
vt 0.03843489 0.82186043
vt 0.07935587 0.82184744
vt 0.03846398 0.82462645
vt 0.07936797 0.82456553
vt 0.03848246 0.82905626
vt 0.07937810 0.82885778
vt 0.01709401 0.82916749
vt 0.28066918 0.69148391
vt 0.03847644 0.83182108
vt 0.07937893 0.83157539
vt 0.01706365 0.83194339
vt 0.28075680 0.69421834
vt 0.03840521 0.83238482
vt 0.04082653 0.83505714
vt 0.01689327 0.83246660
vt 0.01903885 0.83447492
vt 0.08792406 0.69036138
vt 0.28072688 0.69476491
vt 0.07935187 0.83246303
vt 0.08291766 0.83526719
vt 0.04231963 0.84973919
vt 0.08573261 0.84965765
vt 0.01833206 0.84978783
vt 0.10304779 0.69102800
vt 0.04408744 0.86292958
vt 0.08866999 0.86256361
vt 0.02032673 0.86341870
vt 0.11649010 0.68900847
vt 0.03786460 0.77325702
vt 0.04424962 0.86424732
vt 0.01446003 0.77324736
vt 0.02051264 0.86461806
vt 0.11767140 0.68881285
vt 0.24518067 0.73730588
vt 0.08114967 0.77309740
vt 0.08894870 0.86393285
vt 0.03788611 0.77382815
vt 0.08120647 0.77403498
vt 0.01440781 0.77374578
vt 0.24566221 0.73742831
vt 0.03787485 0.77658856
vt 0.08119628 0.77675939
vt 0.01438039 0.77652240
vt 0.24840644 0.73753124
vt 0.03786549 0.78101099
vt 0.08118811 0.78101778
vt 0.01436955 0.78097200
vt 0.25279006 0.73753285
vt 0.03786513 0.78377151
vt 0.08118781 0.78374243
vt 0.01438409 0.78374898
vt 0.25553247 0.73742855
vt 0.03784254 0.78434265
vt 0.18436754 0.81765163
vt 0.01443398 0.78424776
vt 0.11644146 0.76521397
vt 0.20810449 0.81802237
vt 0.25601372 0.73730588
vt 0.08113936 0.78467989
vt 0.13966846 0.81733716
vt 0.18452972 0.81633377
vt 0.13994709 0.81596792
vt 0.11526015 0.76501846
vt 0.20829040 0.81682301
vt 0.18629748 0.80314350
vt 0.14288455 0.80306184
vt 0.08477315 0.80299675
vt 0.07931730 0.82095969
vt 0.14569941 0.78867149
vt 0.08965203 0.78872442
vt 0.13423583 0.82084823
vt 0.04528418 0.78845751
vt 0.17750111 0.82103443
vt 0.13417295 0.82175648
vt 0.17740154 0.82161069
vt 0.13417998 0.82447898
vt 0.17739865 0.82437170
vt 0.13418475 0.82876015
vt 0.17740241 0.82879555
vt 0.13418379 0.83148217
vt 0.17741010 0.83155680
vt 0.13426575 0.83239019
vt 0.13896510 0.83532012
vt 0.17751670 0.83213294
vt 0.18333289 0.83505309
vt 0.14384392 0.84959233
vt 0.18973771 0.84964418
vt 0.14818653 0.86253417
vt 0.19543675 0.86305499
vt 0.13895085 0.77316964
vt 0.14857110 0.86392677
vt 0.18467084 0.77342415
vt 0.19591007 0.86441004
vt 0.13902506 0.77412760
vt 0.18472388 0.77402377
vt 0.13902953 0.77685606
vt 0.18473479 0.77677810
vt 0.13902560 0.78110230
vt 0.18473896 0.78119111
vt 0.13901600 0.78383136
vt 0.18473324 0.78394663
vt 0.08004603 0.81733119
vt 0.13895717 0.78478944
vt 0.03270707 0.81781447
vt 0.18468717 0.78454673
vt 0.08043057 0.81593859
vt 0.03318045 0.81645930
vt 0.00706237 0.81665051
vt 0.13056237 0.69028968
vt 0.03887942 0.80304861
vt 0.01317689 0.80299640
vt 0.14519504 0.68988723
vt 0.00940826 0.59889901
vt 0.02022785 0.78814173
vt 0.16131184 0.68980294
vt 0.20217896 0.82102728
vt 0.14402062 0.68731326
vt 0.14281243 0.68410265
vt 0.01216551 0.59871471
vt 0.16026920 0.68706506
vt 0.12929994 0.68792522
vt 0.12768391 0.68524843
vt 0.12787735 0.68809563
vt 0.36511716 0.51980078
vt 0.00656789 0.81802237
vt 0.12914282 0.69043642
vt 0.21026698 0.78445220
vt 0.36248502 0.51976037
vt 0.12624183 0.68548107
vt 0.36817405 0.51983678
vt 0.36517224 0.51929277
vt 0.21030793 0.78393877
vt 0.36254093 0.51925462
vt 0.36823544 0.51932818
vt 0.36519876 0.51653099
vt 0.21029755 0.78116202
vt 0.36257026 0.51651263
vt 0.36825904 0.51654840
vt 0.36519888 0.51210940
vt 0.21028522 0.77671516
vt 0.36257014 0.51212776
vt 0.36825928 0.51209241
vt 0.36517259 0.50934738
vt 0.21027926 0.77394056
vt 0.36254093 0.50938535
vt 0.36823627 0.50931227
vt 0.12250608 0.60347140
vt 0.36511752 0.50883931
vt 0.12377152 0.60113060
vt 0.21023527 0.77342808
vt 0.22204933 0.86461806
vt 0.36248502 0.50887954
vt 0.12087056 0.60608602
vt 0.36817494 0.50880355
vt 0.12392864 0.60364187
vt 0.12519109 0.60127741
vt 0.22155485 0.86324620
vt 0.12231264 0.60631859
vt 0.13864934 0.60425371
vt 0.13982373 0.60167980
vt 0.21544030 0.84959209
vt 0.13744116 0.60746437
vt 0.01216551 0.60940611
vt 0.15489793 0.60450196
vt 0.01566627 0.60973299
vt 0.15422481 0.60811889
vt 0.00940826 0.60922194
vt 0.15594059 0.60176402
vt 0.20217001 0.83211374
vt 0.20838931 0.83473742
vt 0.01208940 0.60891354
vt 0.00933203 0.60873973
vt 0.20204926 0.83160865
vt 0.01567331 0.60919976
vt 0.01218250 0.60622191
vt 0.00942793 0.60613513
vt 0.20202875 0.82881296
vt 0.01577225 0.60633516
vt 0.01218250 0.60189891
vt 0.00942793 0.60198581
vt 0.20203137 0.82432997
vt 0.01577225 0.60178554
vt 0.01208934 0.59920728
vt 0.00933203 0.59938109
vt 0.20205641 0.82153237
vt 0.01567331 0.59892106
vt 0.01874515 0.59884071
vt 0.01566621 0.59838784
vt 0.15959606 0.68344820
vt 0.01855203 0.59832907
vt 0.16131768 0.68114161
vt 0.02641430 0.59849834
vt 0.16894633 0.67926967
vt 0.14276469 0.68179220
vt 0.14446896 0.67867661
vt 0.12639642 0.68341279
vt 0.12478992 0.68155956
vt 0.12490907 0.68373203
vt 0.37035283 0.51986831
vt 0.12335062 0.68216383
vt 0.37255540 0.51989865
vt 0.37042198 0.51935714
vt 0.37262633 0.51938498
vt 0.37044731 0.51656008
vt 0.37264267 0.51656944
vt 0.37044778 0.51208115
vt 0.37264344 0.51207232
vt 0.37042317 0.50928384
vt 0.37262788 0.50925654
vt 0.11953780 0.60783494
vt 0.37035409 0.50877243
vt 0.11797935 0.60940325
vt 0.37255713 0.50874281
vt 0.12102515 0.60815430
vt 0.11941862 0.61000752
vt 0.13739339 0.60977483
vt 0.13909769 0.61289036
vt 0.01855209 0.60979164
vt 0.15594643 0.61042541
vt 0.02641430 0.60962236
vt 0.16357505 0.61229742
vt 0.01874515 0.60927999
vt 0.02665952 0.60912824
vt 0.01877174 0.60637128
vt 0.02668252 0.60631502
vt 0.01877174 0.60174942
vt 0.02668252 0.60180569
vt 0.04425436 0.60183990
vt 0.02665946 0.59899247
vt 0.04421207 0.59906065
vt 0.06725770 0.59906137
vt 0.04403004 0.59855366
vt 0.18649262 0.67681628
vt 0.06716523 0.59853959
vt 0.20959663 0.67398816
vt 0.18287882 0.67341107
vt 0.20873019 0.67062408
vt 0.18313715 0.67061102
vt 0.16440710 0.67477667
vt 0.14593539 0.67614228
vt 0.16532677 0.67168641
vt 0.14751640 0.67276186
vt 0.16649528 0.66815943
vt 0.14903954 0.66896796
vt 0.18395102 0.66735089
vt 0.16751924 0.66475201
vt 0.15036371 0.66530418
vt 0.18467477 0.66419983
vt 0.16831511 0.66187280
vt 0.18521953 0.66153800
vt 0.15141070 0.66220760
vt 0.16920403 0.65851521
vt 0.18581626 0.65843409
vt 0.15259179 0.65859628
vt 0.15955077 0.65181893
vt 0.16947150 0.65747827
vt 0.17614362 0.65182316
vt 0.18599391 0.65747458
vt 0.14295793 0.65181470
vt 0.15294909 0.65748197
vt 0.15960708 0.65131563
vt 0.17618096 0.65132880
vt 0.14303321 0.65130246
vt 0.15961951 0.64852524
vt 0.14304909 0.64851189
vt 0.17618993 0.64853853
vt 0.15962313 0.64405453
vt 0.14305273 0.64404118
vt 0.17619354 0.64406794
vt 0.15961519 0.64126408
vt 0.17618906 0.64127767
vt 0.14304131 0.64125049
vt 0.15955970 0.64076060
vt 0.16410026 0.63408875
vt 0.17615253 0.64078319
vt 0.18062270 0.63409245
vt 0.14296687 0.64073801
vt 0.14757782 0.63408512
vt 0.16383281 0.63305187
vt 0.18044508 0.63313299
vt 0.14722055 0.63297081
vt 0.16294390 0.62969422
vt 0.17984837 0.63002902
vt 0.14603943 0.62935948
vt 0.16214798 0.62681508
vt 0.17930356 0.62736726
vt 0.14499241 0.62626284
vt 0.16112402 0.62340760
vt 0.14366823 0.62259912
vt 0.17857981 0.62421614
vt 0.15995550 0.61988056
vt 0.17776591 0.62095600
vt 0.14214510 0.61880517
vt 0.15903583 0.61679035
vt 0.14056408 0.61542475
vt 0.17750758 0.61815596
vt 0.20335907 0.62094295
vt 0.04403004 0.60956693
vt 0.18112141 0.61475068
vt 0.06716529 0.60958087
vt 0.20422548 0.61757886
vt 0.04421207 0.60905993
vt 0.06725773 0.60905910
vt 0.04425436 0.60628068
vt 0.06730148 0.60627484
vt 0.08482340 0.60629439
vt 0.06730148 0.60184562
vt 0.08482343 0.60182595
vt 0.09296149 0.60173762
vt 0.08477491 0.59900677
vt 0.09288487 0.59882057
vt 0.08472088 0.59846556
vt 0.22713083 0.67202091
vt 0.09283814 0.59826064
vt 0.23524868 0.67146838
vt 0.22632164 0.66898906
vt 0.23440599 0.66852838
vt 0.22582006 0.66703373
vt 0.20855415 0.66838610
vt 0.22524345 0.66476154
vt 0.23378706 0.66664761
vt 0.23306018 0.66446269
vt 0.23727268 0.66698194
vt 0.23648971 0.66470104
vt 0.23792088 0.66895252
vt 0.24018395 0.66777247
vt 0.23923719 0.66516924
vt 0.24539107 0.66745037
vt 0.24091429 0.67014825
vt 0.24311680 0.67152297
vt 0.09892595 0.59812510
vt 0.24092501 0.67344987
vt 0.09620348 0.59813893
vt 0.23859203 0.67200029
vt 0.10088813 0.59818506
vt 0.24220616 0.67495811
vt 0.09890082 0.59872627
vt 0.10084918 0.59881020
vt 0.09622791 0.59870636
vt 0.09869009 0.60171342
vt 0.10057244 0.60175431
vt 0.09620997 0.60169601
vt 0.09869012 0.60640693
vt 0.10057247 0.60636592
vt 0.09620994 0.60642433
vt 0.09890082 0.60939395
vt 0.10084924 0.60931015
vt 0.09622791 0.60941386
vt 0.09892601 0.60999513
vt 0.23555404 0.61811703
vt 0.09620351 0.60998130
vt 0.23322099 0.61956668
vt 0.10088816 0.60993516
vt 0.23683512 0.61660880
vt 0.23554325 0.62141860
vt 0.23254991 0.62261438
vt 0.23774576 0.62004393
vt 0.23481297 0.62379444
vt 0.24002004 0.62411654
vt 0.23386621 0.62639773
vt 0.23190165 0.62458497
vt 0.23111874 0.62686598
vt 0.22841609 0.62491935
vt 0.22903496 0.62303853
vt 0.22768915 0.62710428
vt 0.22044897 0.62453324
vt 0.22095054 0.62257791
vt 0.21987242 0.62680548
vt 0.20318300 0.62318093
vt 0.20307016 0.62578654
vt 0.20297426 0.62838835
vt 0.20289308 0.63063431
vt 0.21929783 0.62908447
vt 0.22695917 0.62929571
vt 0.21880358 0.63105923
vt 0.22633046 0.63119471
vt 0.21823090 0.63338983
vt 0.20279589 0.63327777
vt 0.22560996 0.63343632
vt 0.21378154 0.64083749
vt 0.21806794 0.63412279
vt 0.22116441 0.64085972
vt 0.22541481 0.63414276
vt 0.19840670 0.64081484
vt 0.20276904 0.63410223
vt 0.21375316 0.64130986
vt 0.22113317 0.64132923
vt 0.19840255 0.64129555
vt 0.21374518 0.64409924
vt 0.19839993 0.64408576
vt 0.22111875 0.64411211
vt 0.21374160 0.64856803
vt 0.19839630 0.64855653
vt 0.22111517 0.64856714
vt 0.21374494 0.65135729
vt 0.22112501 0.65135002
vt 0.19839448 0.65134668
vt 0.21377259 0.65182972
vt 0.22343904 0.65744424
vt 0.22115546 0.65181959
vt 0.23078579 0.65742427
vt 0.19839782 0.65182745
vt 0.20814019 0.65746480
vt 0.22360200 0.65817720
vt 0.20816702 0.65828931
vt 0.23098093 0.65813082
vt 0.22417462 0.66050780
vt 0.20826423 0.66093278
vt 0.23170149 0.66037232
vt 0.22466892 0.66248244
vt 0.20834541 0.66317868
vt 0.23233014 0.66227132
vt 0.23569781 0.66243231
vt 0.23501647 0.66047859
vt 0.23829049 0.66273934
vt 0.23748535 0.66072702
vt 0.24251318 0.66258794
vt 0.24139184 0.66102117
vt 0.24426341 0.66471332
vt 0.24338371 0.66215205
vt 0.24387741 0.66169846
vt 0.24468368 0.66332000
vt 0.24241126 0.66103041
vt 0.24307996 0.66106504
vt 0.24166268 0.65969729
vt 0.24292266 0.66024828
vt 0.24037212 0.65925717
vt 0.23223597 0.65177417
vt 0.24158579 0.65921229
vt 0.23075110 0.65177715
vt 0.24020660 0.65868020
vt 0.23374754 0.65177119
vt 0.24295193 0.65984148
vt 0.23221344 0.65131831
vt 0.23373425 0.65131640
vt 0.23071915 0.65131915
vt 0.23221415 0.64855856
vt 0.23373467 0.64855862
vt 0.23071975 0.64855838
vt 0.23221761 0.64413834
vt 0.23373812 0.64414072
vt 0.23072320 0.64413619
vt 0.23222119 0.64137864
vt 0.23374206 0.64138281
vt 0.23072696 0.64137542
vt 0.23224443 0.64092278
vt 0.23621488 0.63235468
vt 0.23075962 0.64091742
vt 0.23483562 0.63288683
vt 0.23375601 0.64092815
vt 0.23758096 0.63172543
vt 0.23629177 0.63186967
vt 0.23755181 0.63131875
vt 0.23500121 0.63230979
vt 0.23704028 0.63053650
vt 0.23602086 0.63054579
vt 0.23770905 0.63050193
vt 0.23801273 0.62941486
vt 0.23714226 0.62897897
vt 0.23931277 0.62824690
vt 0.23850644 0.62986851
vt 0.23960042 0.62902659
vt 0.23877704 0.63063431
vt 0.23995465 0.62985057
vt 0.23526317 0.64093244
vt 0.23889506 0.63100189
vt 0.23675746 0.64093566
vt 0.24014235 0.63018918
vt 0.23525459 0.64138710
vt 0.23675203 0.64139080
vt 0.23525017 0.64414287
vt 0.23674756 0.64414477
vt 0.23524672 0.64855874
vt 0.23674411 0.64855921
vt 0.23524678 0.65131450
vt 0.23674423 0.65131319
vt 0.23525470 0.65176922
vt 0.24426597 0.66056502
vt 0.23674887 0.65176833
vt 0.24551326 0.66137779
vt 0.24414808 0.66093260
vt 0.24532562 0.66171634
vt 0.24746031 0.66348201
vt 0.24497133 0.66254032
vt 0.24684459 0.66376901
vt 0.24719280 0.66448063
vt 0.24773258 0.66564786
vt 0.24838364 0.66450185
vt 0.24925432 0.66565162
vt 0.24119419 0.65178537
vt 0.24880964 0.66433024
vt 0.23970658 0.65177488
vt 0.24778390 0.66325796
vt 0.24271291 0.65180439
vt 0.24977693 0.66549861
vt 0.24121135 0.65132332
vt 0.23971397 0.65131700
vt 0.24273771 0.65133590
vt 0.24121612 0.64856565
vt 0.23971647 0.64856213
vt 0.24274594 0.64857215
vt 0.24121958 0.64414537
vt 0.23971999 0.64414644
vt 0.24274945 0.64414120
vt 0.24121922 0.64138764
vt 0.23972172 0.64139163
vt 0.24274558 0.64137745
vt 0.24120277 0.64092553
vt 0.24343872 0.62723666
vt 0.23971516 0.64093363
vt 0.24241304 0.62830895
vt 0.24272150 0.64090896
vt 0.24440598 0.62606829
vt 0.24301273 0.62706512
vt 0.24208939 0.62808496
vt 0.24388343 0.62591523
vt 0.24182189 0.62708622
vt 0.24147367 0.62779796
vt 0.24236166 0.62591910
vt 0.24314892 0.62433219
vt 0.23889244 0.62685359
vt 0.24598932 0.61878175
vt 0.46687201 0.66492260
vt 0.24478626 0.62454581
vt 0.24758959 0.61948180
vt 0.46678463 0.66327053
vt 0.24436963 0.64087510
vt 0.24536514 0.62472749
vt 0.24820358 0.61976033
vt 0.25009236 0.64063072
vt 0.46596536 0.65163237
vt 0.46676317 0.66263193
vt 0.24439496 0.64135230
vt 0.25011191 0.64113933
vt 0.46595773 0.65105569
vt 0.24440342 0.64413083
vt 0.25012359 0.64404130
vt 0.46598551 0.64776438
vt 0.24439991 0.64858526
vt 0.25011989 0.64868379
vt 0.46598551 0.64250690
vt 0.24438697 0.65136367
vt 0.25010368 0.65158570
vt 0.46595773 0.63921559
vt 0.24436098 0.65184087
vt 0.25073609 0.66683936
vt 0.25008330 0.65209424
vt 0.25357458 0.67180651
vt 0.45607254 0.62483644
vt 0.46596536 0.63863897
vt 0.25015721 0.66702104
vt 0.25296053 0.67208511
vt 0.45609400 0.62419760
vt 0.24851990 0.66723478
vt 0.25136027 0.67278510
vt 0.45618150 0.62254488
vt 0.44946417 0.62255591
vt 0.24856478 0.67406464
vt 0.45629188 0.61963630
vt 0.44937226 0.61964083
vt 0.24569291 0.67567784
vt 0.45615551 0.61652356
vt 0.44914564 0.61668104
vt 0.10421720 0.59833682
vt 0.24398750 0.67781186
vt 0.26320365 0.59250081
vt 0.45508954 0.61417139
vt 0.27074650 0.59220922
vt 0.44866297 0.61430198
vt 0.10415256 0.59898150
vt 0.26322249 0.59322846
vt 0.27072361 0.59297311
vt 0.10381591 0.60185432
vt 0.26310709 0.59650862
vt 0.27054587 0.59640539
vt 0.10381585 0.60626590
vt 0.26310709 0.60158360
vt 0.27054587 0.60168684
vt 0.10415259 0.60913873
vt 0.26322249 0.60486376
vt 0.27072361 0.60511923
vt 0.10421726 0.60978329
vt 0.23861647 0.61375499
vt 0.26320365 0.60559154
vt 0.46578035 0.67329305
vt 0.27074650 0.60588312
vt 0.45935556 0.67316204
vt 0.24032187 0.61588907
vt 0.46684614 0.67094159
vt 0.45983908 0.67078435
vt 0.24319375 0.61750221
vt 0.46698239 0.66783023
vt 0.46006528 0.66782564
vt 0.44805750 0.66785902
vt 0.46015719 0.66491157
vt 0.44820604 0.66501981
vt 0.46018073 0.66321999
vt 0.44824466 0.66331553
vt 0.45807621 0.65190011
vt 0.46018478 0.66256040
vt 0.44367549 0.65199697
vt 0.44825247 0.66224808
vt 0.45807990 0.65128750
vt 0.44369647 0.65118510
vt 0.45813867 0.64785033
vt 0.44392321 0.64772254
vt 0.45813867 0.64242089
vt 0.44392321 0.64254862
vt 0.45807990 0.63898379
vt 0.44369647 0.63908607
vt 0.44949183 0.62490785
vt 0.45807633 0.63837105
vt 0.43755600 0.62521952
vt 0.44367549 0.63827413
vt 0.44948778 0.62424809
vt 0.43754849 0.62415206
vt 0.39575514 0.62411553
vt 0.43751034 0.62244773
vt 0.39568445 0.62234932
vt 0.43736276 0.61960852
vt 0.39555737 0.61939758
vt 0.43713197 0.61678171
vt 0.39544114 0.61647576
vt 0.28469089 0.59204268
vt 0.43684730 0.61402750
vt 0.32600322 0.59053540
vt 0.39541700 0.61350358
vt 0.28463164 0.59299946
vt 0.32593873 0.59175169
vt 0.28429487 0.59647965
vt 0.32576564 0.59588671
vt 0.28429487 0.60161257
vt 0.32576564 0.60220551
vt 0.28463164 0.60509276
vt 0.32593873 0.60634041
vt 0.28469101 0.60604942
vt 0.44755003 0.67344111
vt 0.32600322 0.60755670
vt 0.40610912 0.67393118
vt 0.44782588 0.67068636
vt 0.40613022 0.67095900
vt 0.37563512 0.67134887
vt 0.40624812 0.66803718
vt 0.37570140 0.66819388
vt 0.40637687 0.66508532
vt 0.37576911 0.66500825
vt 0.40644845 0.66331905
vt 0.37579831 0.66313297
vt 0.40238735 0.65359020
vt 0.40648803 0.66205651
vt 0.37117514 0.65500969
vt 0.37582216 0.66205096
vt 0.40241191 0.65237176
vt 0.37120721 0.65392107
vt 0.40249345 0.64827746
vt 0.37141988 0.64896500
vt 0.40249345 0.64199370
vt 0.37141988 0.64130622
vt 0.40241191 0.63789946
vt 0.37120721 0.63635015
vt 0.39579794 0.62537795
vt 0.40238735 0.63668108
vt 0.36513379 0.62537324
vt 0.37117514 0.63526154
vt 0.33372763 0.62540615
vt 0.34008774 0.63408333
vt 0.36510721 0.62429130
vt 0.33370402 0.62436628
vt 0.36507854 0.62241602
vt 0.33370146 0.62240189
vt 0.36501190 0.61923045
vt 0.33369496 0.61906469
vt 0.36494657 0.61607552
vt 0.33369365 0.61575747
vt 0.35709336 0.58909869
vt 0.36495325 0.61318821
vt 0.33375499 0.61283547
vt 0.38805601 0.58791387
vt 0.35703209 0.59019768
vt 0.38799402 0.58904028
vt 0.35674646 0.59519541
vt 0.38770220 0.59468937
vt 0.35674646 0.60289681
vt 0.38770220 0.60340273
vt 0.35703197 0.60789442
vt 0.38799402 0.60905194
vt 0.35709336 0.60899341
vt 0.37564716 0.67423618
vt 0.34444901 0.67457950
vt 0.38805601 0.61017835
vt 0.31692287 0.67478484
vt 0.41514012 0.61109710
vt 0.34438196 0.67165762
vt 0.31682631 0.67190588
vt 0.34438398 0.66835058
vt 0.31677398 0.66847098
vt 0.34439120 0.66501319
vt 0.31672749 0.66500682
vt 0.34439424 0.66304880
vt 0.31670406 0.66296828
vt 0.34008774 0.65618801
vt 0.34441546 0.66200894
vt 0.31289765 0.65710288
vt 0.31671765 0.66202241
vt 0.34012547 0.65506899
vt 0.31293616 0.65597028
vt 0.34036693 0.64946222
vt 0.31320742 0.64985406
vt 0.34036693 0.64080912
vt 0.31320736 0.64041728
vt 0.34012547 0.63520235
vt 0.31293616 0.63430113
vt 0.30602899 0.62538886
vt 0.31289765 0.63316846
vt 0.29352048 0.63392365
vt 0.28161260 0.63394189
vt 0.28607747 0.62540084
vt 0.29349008 0.63278085
vt 0.29377803 0.64024299
vt 0.28180531 0.64023584
vt 0.29377803 0.65002841
vt 0.28180531 0.65003562
vt 0.29352048 0.65634781
vt 0.28161260 0.65632957
vt 0.29349008 0.65749061
vt 0.29676720 0.66201204
vt 0.28161058 0.65744603
vt 0.28448501 0.66200894
vt 0.29676023 0.66291356
vt 0.28447106 0.66288298
vt 0.29680178 0.66499352
vt 0.28451332 0.66497630
vt 0.29688588 0.66853243
vt 0.28461602 0.66854888
vt 0.29697439 0.67204338
vt 0.28472564 0.67209548
vt 0.29708728 0.67490500
vt 0.43445536 0.61147666
vt 0.28486404 0.67494309
vt 0.44628200 0.61142284
vt 0.43440828 0.61033320
vt 0.41508171 0.60995901
vt 0.44626603 0.61030775
vt 0.43413302 0.60397279
vt 0.41477749 0.60379910
vt 0.44606432 0.60397643
vt 0.43413302 0.59411943
vt 0.41477749 0.59429300
vt 0.44606432 0.59411567
vt 0.43440828 0.58775902
vt 0.41508171 0.58813310
vt 0.44626603 0.58778423
vt 0.28639415 0.61250758
vt 0.43445536 0.58661544
vt 0.30622831 0.61262614
vt 0.41514012 0.58699512
vt 0.27416888 0.61247027
vt 0.44628200 0.58666927
vt 0.28628400 0.61536932
vt 0.30613706 0.61550534
vt 0.27403364 0.61531925
vt 0.28619584 0.61888039
vt 0.30608454 0.61894035
vt 0.27392516 0.61886632
vt 0.28611216 0.62241936
vt 0.30603793 0.62240458
vt 0.27382347 0.62243909
vt 0.28607020 0.62449932
vt 0.30601415 0.62444305
vt 0.27378097 0.62453228
vt 0.27379361 0.62540615
vt 0.28161052 0.63282543
vt 0.26756254 0.62455612
vt 0.26502213 0.62457848
vt 0.44048923 0.56776506
vt 0.26764771 0.62535834
vt 0.27570328 0.63311803
vt 0.26758114 0.62246335
vt 0.26500192 0.62248087
vt 0.44245261 0.56794167
vt 0.26768515 0.61887491
vt 0.26510385 0.61888427
vt 0.44578603 0.56800902
vt 0.26780275 0.61531049
vt 0.26522484 0.61531293
vt 0.44910198 0.56794590
vt 0.26802287 0.61252505
vt 0.45216653 0.58697242
vt 0.26596728 0.61261922
vt 0.45183948 0.56797522
vt 0.45412466 0.58729392
vt 0.45225713 0.58803552
vt 0.45189741 0.56679285
vt 0.45465812 0.58833998
vt 0.45215616 0.59421152
vt 0.45239669 0.56103945
vt 0.45465395 0.59434074
vt 0.45215616 0.60388058
vt 0.45242181 0.55203652
vt 0.45465383 0.60375136
vt 0.45225713 0.61005646
vt 0.45195377 0.54628068
vt 0.45465812 0.60975212
vt 0.27873781 0.67488933
vt 0.45216653 0.61111969
vt 0.27667281 0.67480665
vt 0.45190251 0.54509801
vt 0.45412466 0.61079806
vt 0.27849689 0.67210728
vt 0.27591810 0.67210907
vt 0.44916457 0.54511213
vt 0.27837607 0.66854322
vt 0.27579418 0.66853595
vt 0.44584930 0.54503083
vt 0.27826956 0.66495401
vt 0.27568993 0.66493911
vt 0.44251537 0.54507977
vt 0.27824906 0.66285938
vt 0.27570751 0.66284245
vt 0.44055122 0.54524571
vt 0.27570334 0.65715349
vt 0.27832773 0.66205615
vt 0.27374110 0.65684116
vt 0.27626303 0.66214007
vt 0.43968055 0.54503083
vt 0.27560219 0.65609032
vt 0.27320066 0.65580124
vt 0.43956798 0.54622501
vt 0.27569732 0.64994603
vt 0.27320036 0.64982361
vt 0.43901691 0.55199635
vt 0.27569732 0.64032543
vt 0.27320030 0.64044785
vt 0.43899205 0.56100619
vt 0.27560219 0.63418114
vt 0.27320066 0.63447022
vt 0.43951136 0.56678021
vt 0.26558301 0.62528098
vt 0.27374110 0.63343030
vt 0.43961722 0.56797493
vt 0.44070503 0.56616479
vt 0.44249851 0.56611431
vt 0.44051892 0.56082755
vt 0.44246131 0.56076628
vt 0.44054252 0.55218321
vt 0.44075835 0.54684687
vt 0.44248486 0.55225521
vt 0.44255129 0.54690742
vt 0.44576782 0.55228364
vt 0.44574472 0.56075549
vt 0.44902432 0.55227804
vt 0.44579574 0.54689044
vt 0.44901511 0.54693377
vt 0.44900101 0.56077963
vt 0.44896233 0.56612355
vt 0.44574270 0.56614888
vt 0.23291951 0.62882769
vt 0.23211437 0.63084000
vt 0.23032683 0.62913465
vt 0.22964549 0.63108844
vt 0.22887713 0.63338327
vt 0.23122263 0.63315910
vt 0.22444904 0.64088488
vt 0.22868514 0.63410151
vt 0.22680074 0.64090312
vt 0.23101902 0.63387811
vt 0.22441810 0.64135265
vt 0.22676390 0.64136803
vt 0.22440141 0.64412248
vt 0.22675276 0.64412940
vt 0.22439766 0.64856195
vt 0.22674936 0.64855897
vt 0.22441006 0.65133190
vt 0.22675604 0.65132034
vt 0.22444028 0.65179980
vt 0.23405606 0.65746558
vt 0.22679222 0.65178537
vt 0.23638999 0.65768892
vt 0.23424810 0.65818375
vt 0.23659360 0.65840799
vt 0.20844129 0.66578048
vt 0.08472091 0.60965478
vt 0.22175980 0.61954612
vt 0.09283817 0.60985959
vt 0.22987765 0.62009859
vt 0.08477491 0.60911357
vt 0.09288487 0.60929978
vt 0.09296146 0.60638273
vt 0.11986074 0.61520910
vt 0.11485013 0.61648136
vt 0.12153983 0.61856061
vt 0.11677086 0.61174428
vt 0.11349800 0.61303884
vt 0.11581185 0.61083025
vt 0.37515792 0.50874817
vt 0.11302575 0.61204982
vt 0.37820318 0.50876582
vt 0.37521073 0.50925457
vt 0.37824485 0.50926363
vt 0.37521443 0.51206946
vt 0.37824985 0.51207191
vt 0.37521359 0.51657325
vt 0.37824890 0.51657194
vt 0.37520882 0.51938790
vt 0.37824282 0.51938009
vt 0.12118316 0.68073678
vt 0.37515578 0.51989412
vt 0.11839706 0.67951715
vt 0.37820098 0.51987785
vt 0.12214214 0.67982280
vt 0.11886927 0.67852819
vt 0.12523204 0.67635792
vt 0.12022144 0.67508566
vt 0.12691110 0.67300642
vt 0.12840533 0.66916311
vt 0.12124866 0.67208564
vt 0.11672860 0.67133152
vt 0.12238073 0.66859865
vt 0.11772609 0.66803354
vt 0.12347633 0.66511494
vt 0.12969670 0.66544402
vt 0.11871681 0.66472733
vt 0.12440631 0.66210467
vt 0.13072446 0.66229516
vt 0.11957103 0.66186285
vt 0.12549651 0.65855283
vt 0.12057984 0.65847778
vt 0.13189280 0.65861320
vt 0.11572456 0.65179175
vt 0.12583351 0.65744847
vt 0.12217048 0.65180242
vt 0.13224992 0.65747344
vt 0.11076045 0.65177917
vt 0.12089124 0.65742427
vt 0.11579585 0.65127969
vt 0.11082631 0.65127361
vt 0.12224659 0.65128624
vt 0.11581194 0.64848948
vt 0.12226295 0.64849526
vt 0.11084086 0.64848471
vt 0.11581555 0.64401948
vt 0.12226659 0.64402413
vt 0.11084446 0.64401627
vt 0.11580399 0.64122927
vt 0.11083439 0.64122725
vt 0.12225473 0.64123309
vt 0.11573350 0.64071709
vt 0.12046221 0.63411856
vt 0.12217942 0.64071685
vt 0.12687862 0.63409364
vt 0.11076936 0.64072162
vt 0.11551997 0.63414276
vt 0.12012523 0.63301414
vt 0.11520860 0.63308924
vt 0.12652150 0.63295388
vt 0.11903504 0.62946230
vt 0.12535316 0.62927186
vt 0.11419979 0.62970412
vt 0.11810502 0.62645209
vt 0.11334553 0.62683964
vt 0.11700946 0.62296838
vt 0.12432539 0.62612307
vt 0.12303403 0.62240398
vt 0.11235482 0.62353349
vt 0.11587736 0.61948138
vt 0.11135736 0.62023544
vt 0.10142264 0.62112403
vt 0.11048403 0.61739528
vt 0.10070682 0.61846817
vt 0.10941407 0.61409670
vt 0.09982935 0.61537969
vt 0.10904306 0.61313146
vt 0.38234201 0.50878429
vt 0.09952277 0.61446929
vt 0.39199236 0.50881982
vt 0.38239846 0.50927544
vt 0.39205119 0.50930274
vt 0.38240513 0.51207757
vt 0.39206097 0.51209092
vt 0.38240430 0.51656801
vt 0.39206001 0.51655859
vt 0.38239631 0.51936996
vt 0.39204916 0.51934671
vt 0.11441433 0.67843556
vt 0.38233969 0.51986104
vt 0.10489404 0.67709774
vt 0.39199010 0.51982957
vt 0.11478534 0.67747033
vt 0.10520062 0.67618740
vt 0.11585531 0.67417175
vt 0.10607809 0.67309886
vt 0.08489740 0.67145580
vt 0.10679394 0.67044306
vt 0.08526835 0.66909635
vt 0.10761178 0.66735983
vt 0.08568975 0.66635817
vt 0.10842437 0.66426933
vt 0.08610711 0.66361415
vt 0.10912499 0.66159189
vt 0.08646628 0.66123748
vt 0.10995147 0.65842956
vt 0.08688942 0.65843165
vt 0.10002872 0.65176129
vt 0.11020514 0.65744531
vt 0.07686910 0.65167177
vt 0.08701879 0.65755588
vt 0.10008311 0.65126395
vt 0.07690296 0.65115535
vt 0.10009566 0.64847505
vt 0.07692066 0.64841729
vt 0.10009912 0.64400864
vt 0.07692453 0.64402884
vt 0.10009110 0.64121962
vt 0.07691133 0.64129072
vt 0.10003752 0.64072222
vt 0.10483387 0.63412178
vt 0.07687834 0.64077425
vt 0.08164749 0.63401115
vt 0.10458019 0.63313746
vt 0.08151811 0.63313538
vt 0.10375372 0.62997520
vt 0.08109498 0.63032955
vt 0.10305309 0.62729776
vt 0.08073577 0.62795299
vt 0.10224050 0.62420714
vt 0.08031845 0.62520880
vt 0.05167788 0.62637663
vt 0.07989705 0.62247068
vt 0.07952610 0.62011117
vt 0.05177832 0.62404293
vt 0.05186316 0.62203133
vt 0.03104824 0.62516427
vt 0.03055829 0.62720835
vt 0.03146976 0.62340176
vt 0.02285510 0.62559730
vt 0.02220940 0.62752628
vt 0.02064702 0.66761184
vt 0.02164131 0.62565875
vt 0.02341598 0.62393498
vt 0.02061561 0.66585171
vt 0.02222353 0.62400937
vt 0.02409726 0.62200093
vt 0.02045938 0.66377127
vt 0.02295130 0.62208533
vt 0.03196031 0.62134516
vt 0.02435106 0.62142521
vt 0.46707597 0.50886095
vt 0.02039835 0.66300368
vt 0.02342528 0.62153471
vt 0.46801510 0.50889838
vt 0.03210086 0.62071747
vt 0.45924553 0.50881732
vt 0.46711686 0.50928378
vt 0.01991495 0.66313922
vt 0.46829382 0.50928092
vt 0.45922157 0.50927556
vt 0.46715030 0.51208448
vt 0.01704696 0.66297412
vt 0.46835336 0.51208353
vt 0.45922336 0.51208615
vt 0.46714982 0.51659453
vt 0.01245573 0.66298974
vt 0.46835288 0.51659584
vt 0.45922270 0.51659113
vt 0.46711573 0.51939547
vt 0.00958851 0.66317296
vt 0.46829274 0.51939845
vt 0.45922014 0.51940179
vt 0.02972221 0.67014194
vt 0.46707484 0.51981819
vt 0.00910416 0.66304040
vt 0.02879643 0.67003244
vt 0.46801397 0.51978099
vt 0.03747201 0.67084974
vt 0.45924404 0.51986003
vt 0.02946836 0.66956615
vt 0.00904801 0.66380858
vt 0.02832246 0.66948187
vt 0.03733146 0.67022204
vt 0.02878707 0.66763216
vt 0.00890526 0.66589087
vt 0.02759462 0.66755778
vt 0.03684092 0.66816539
vt 0.02822619 0.66596985
vt 0.00888565 0.66765183
vt 0.02701241 0.66590822
vt 0.02758050 0.66404086
vt 0.03641939 0.66640288
vt 0.03592938 0.66435874
vt 0.05714971 0.66752422
vt 0.05723459 0.66953582
vt 0.05704924 0.66519046
vt 0.05694884 0.66285199
vt 0.05686274 0.66082680
vt 0.03543782 0.66231072
vt 0.02693611 0.66210788
vt 0.03501230 0.66053718
vt 0.02638304 0.66043466
vt 0.03451502 0.65844476
vt 0.02576607 0.65846711
vt 0.05676168 0.65843666
vt 0.02494317 0.65172571
vt 0.03437042 0.65778440
vt 0.01615262 0.65167302
vt 0.02565932 0.65787095
vt 0.04725704 0.65165299
vt 0.05673069 0.65767837
vt 0.02490485 0.65125877
vt 0.01603472 0.65124327
vt 0.04724795 0.65114141
vt 0.02489459 0.64843810
vt 0.04723585 0.64839745
vt 0.01598728 0.64843345
vt 0.02489859 0.64391834
vt 0.04724005 0.64399874
vt 0.01599133 0.64390695
vt 0.02491391 0.64109761
vt 0.01604384 0.64109725
vt 0.04725689 0.64125484
vt 0.02495307 0.64063072
vt 0.02899927 0.63378263
vt 0.01616257 0.64066774
vt 0.02028829 0.63369608
vt 0.04726684 0.64074320
vt 0.05135930 0.63388866
vt 0.02914387 0.63312232
vt 0.02039498 0.63309997
vt 0.05139029 0.63313037
vt 0.02964115 0.63102990
vt 0.05149138 0.63074023
vt 0.02101195 0.63113236
vt 0.03006667 0.62925637
vt 0.05157748 0.62871510
vt 0.02156502 0.62945920
vt 0.02030623 0.62948877
vt 0.02065572 0.67168814
vt 0.01973587 0.63114899
vt 0.02062496 0.67344570
vt 0.02066096 0.66964996
vt 0.02097279 0.62757188
vt 0.01979723 0.67193395
vt 0.01976082 0.67365903
vt 0.01981488 0.66991317
vt 0.01701197 0.67195761
vt 0.01701650 0.67368841
vt 0.01701233 0.66994715
vt 0.01255163 0.67197335
vt 0.01255938 0.67370433
vt 0.01253715 0.66996264
vt 0.00976553 0.67196941
vt 0.00981411 0.67369479
vt 0.00973376 0.66994810
vt 0.00890502 0.67172945
vt 0.02567732 0.66207832
vt 0.00894812 0.67348748
vt 0.02510702 0.66041815
vt 0.00888565 0.66969067
vt 0.02634388 0.66399521
vt 0.00913074 0.67553866
vt 0.02449333 0.65846258
vt 0.00906798 0.67616296
vt 0.01512450 0.65163440
vt 0.02463865 0.65791136
vt 0.00991365 0.67555439
vt 0.01253179 0.67572391
vt 0.00964466 0.67626101
vt 0.01477217 0.65124756
vt 0.01250049 0.67667520
vt 0.01469725 0.64843410
vt 0.01470136 0.64390385
vt 0.01709714 0.67665768
vt 0.01478135 0.64109063
vt 0.01994851 0.67622292
vt 0.01705888 0.67570686
vt 0.01967463 0.67551851
vt 0.01912230 0.63310456
vt 0.02045706 0.67549717
vt 0.01513433 0.64070445
vt 0.01926762 0.63365573
vt 0.02052423 0.67612070
vt 0.00971821 0.66792309
vt 0.00971773 0.66617924
vt 0.01252416 0.66794753
vt 0.01251194 0.66620398
vt 0.01701137 0.66793209
vt 0.01701179 0.66618872
vt 0.01981661 0.66788864
vt 0.01980534 0.66614532
vt 0.01977286 0.66413724
vt 0.01702735 0.66410565
vt 0.01248273 0.66412061
vt 0.00973710 0.66417027
vt 0.05732009 0.67188084
vt 0.08443415 0.67420286
vt 0.05732542 0.67259204
vt 0.43931422 0.51978981
vt 0.08426204 0.67502052
vt 0.41274020 0.51977539
vt 0.43931296 0.51930285
vt 0.41277465 0.51928431
vt 0.43932793 0.51654553
vt 0.41277203 0.51653320
vt 0.43932924 0.51212549
vt 0.41277274 0.51212496
vt 0.43931541 0.50936818
vt 0.41277662 0.50937378
vt 0.05195400 0.61897504
vt 0.43931684 0.50888133
vt 0.07889074 0.61654651
vt 0.41274241 0.50888264
vt 0.05194867 0.61968637
vt 0.07906285 0.61736411
vt 0.11711487 0.76130569
vt 0.11774382 0.76195788
vt 0.25611755 0.74081147
vt 0.25565174 0.74090219
vt 0.25283870 0.74097997
vt 0.24835855 0.74098015
vt 0.24554452 0.74090362
vt 0.11897376 0.69206887
vt 0.24507838 0.74081308
vt 0.11834478 0.69272119
vt 0.11698240 0.71583414
vt 0.10492599 0.71585858
vt 0.11702845 0.71673620
vt 0.11678982 0.72128087
vt 0.11704758 0.71718282
vt 0.10498708 0.71674931
vt 0.10472471 0.72128415
vt 0.10500854 0.71718997
vt 0.09551984 0.71680701
vt 0.08605260 0.71686471
vt 0.09546283 0.71597826
vt 0.09523433 0.72129643
vt 0.09553947 0.71721959
vt 0.08574396 0.72130865
vt 0.08607039 0.71724916
vt 0.09523997 0.72183985
vt 0.10473174 0.72183961
vt 0.08574820 0.72184008
vt 0.09523967 0.72462428
vt 0.10473168 0.72462428
vt 0.08574766 0.72462434
vt 0.09523967 0.72908378
vt 0.10473168 0.72908372
vt 0.08574766 0.72908384
vt 0.09524003 0.73186827
vt 0.08574826 0.73186809
vt 0.10473180 0.73186839
vt 0.07700318 0.73186743
vt 0.08484045 0.73677766
vt 0.08574402 0.73239952
vt 0.07610860 0.73672277
vt 0.07699209 0.73237842
vt 0.06392065 0.73667306
vt 0.06477797 0.73236763
vt 0.07608935 0.73705816
vt 0.07604602 0.73771876
vt 0.06390107 0.73697937
vt 0.06386268 0.73757708
vt 0.03016475 0.73684430
vt 0.03014722 0.73735791
vt 0.01185059 0.73683792
vt 0.03017816 0.73657548
vt 0.03097674 0.73255241
vt 0.01186776 0.73658538
vt 0.01268244 0.73341936
vt 0.03098735 0.73206043
vt 0.01268512 0.73290461
vt 0.06479210 0.73186821
vt 0.03099090 0.72917759
vt 0.01269349 0.72958535
vt 0.06479496 0.72908425
vt 0.03099087 0.72453117
vt 0.01269352 0.72412354
vt 0.06479496 0.72462410
vt 0.03098735 0.72164828
vt 0.01268506 0.72080421
vt 0.06479204 0.72184008
vt 0.03097671 0.72115630
vt 0.03140828 0.71745127
vt 0.01268244 0.72028947
vt 0.01309803 0.71744138
vt 0.06477797 0.72134066
vt 0.06515062 0.71735376
vt 0.03139484 0.71718246
vt 0.01308080 0.71718884
vt 0.03137732 0.71666890
vt 0.06513101 0.71704745
vt 0.07731932 0.71696866
vt 0.06509262 0.71644980
vt 0.07727596 0.71630806
vt 0.06410301 0.70053953
vt 0.25364265 0.69478697
vt 0.07582581 0.69874763
vt 0.26552758 0.69483215
vt 0.03113553 0.70305085
vt 0.22065192 0.69496149
vt 0.25364527 0.69430363
vt 0.22065312 0.69448495
vt 0.26553872 0.69434065
vt 0.25364980 0.69152594
vt 0.22065198 0.69161403
vt 0.26554051 0.69154197
vt 0.25364980 0.68707371
vt 0.22065201 0.68698573
vt 0.26554033 0.68705708
vt 0.25364515 0.68429607
vt 0.22065309 0.68411475
vt 0.26553831 0.68425846
vt 0.06287298 0.75348735
vt 0.25364253 0.68381274
vt 0.07459590 0.75527918
vt 0.26552710 0.68376702
vt 0.02990541 0.75097609
vt 0.22065192 0.68363827
vt 0.01185584 0.74976754
vt 0.20265466 0.68278462
vt 0.00752669 0.74955624
vt 0.19843405 0.68191046
vt 0.20265523 0.68327576
vt 0.01184016 0.73731077
vt 0.00758493 0.73741966
vt 0.00759387 0.73695618
vt 0.00761664 0.73670632
vt 0.00852653 0.73431283
vt 0.00852233 0.73377013
vt 0.00854042 0.73000455
vt 0.00854042 0.72370434
vt 0.00852233 0.71993870
vt 0.00852653 0.71939605
vt 0.00884691 0.71732044
vt 0.00882414 0.71707064
vt 0.00881520 0.71660715
vt 0.00875696 0.70447069
vt 0.19843405 0.69668937
vt 0.01307040 0.71671605
vt 0.01308599 0.70425940
vt 0.20265463 0.69581521
vt 0.20265520 0.69532406
vt 0.19843680 0.69617939
vt 0.20265716 0.69201958
vt 0.19844931 0.69243485
vt 0.20265716 0.68658030
vt 0.19844931 0.68616498
vt 0.19843677 0.68242049
vt 0.27363238 0.68704718
vt 0.27363250 0.69155109
vt 0.27362713 0.69436681
vt 0.08321261 0.69552135
vt 0.27360442 0.69489783
vt 0.08599967 0.71609801
vt 0.07699209 0.72132987
vt 0.07733855 0.71730405
vt 0.07700312 0.72184080
vt 0.07700503 0.72462451
vt 0.07700503 0.72908372
vt 0.12572443 0.75695145
vt 0.12571219 0.75800264
vt 0.25618234 0.75010115
vt 0.25567350 0.75006962
vt 0.25285813 0.75005162
vt 0.24834350 0.75005281
vt 0.24552804 0.75007260
vt 0.12694213 0.69602418
vt 0.24501926 0.75010443
vt 0.12695435 0.69707543
vt 0.21653733 0.74954855
vt 0.22571269 0.74880075
vt 0.21647182 0.75024605
vt 0.25619861 0.84049952
vt 0.22556528 0.74943739
vt 0.25615725 0.84977019
vt 0.25572506 0.84048414
vt 0.25572285 0.84983969
vt 0.25289652 0.84048915
vt 0.25290397 0.84988403
vt 0.24836454 0.84049070
vt 0.24836352 0.84988558
vt 0.24553606 0.84048760
vt 0.24554458 0.84984326
vt 0.21770188 0.70378071
vt 0.24506244 0.84050322
vt 0.22679529 0.70458937
vt 0.24511012 0.84977388
vt 0.21776733 0.70447820
vt 0.22694275 0.70522600
vt 0.21884498 0.71671820
vt 0.22808406 0.71677804
vt 0.22942778 0.71679282
vt 0.31015995 0.81873238
vt 0.22808048 0.71722662
vt 0.22935972 0.71723074
vt 0.30969259 0.81882954
vt 0.22737378 0.72133714
vt 0.22805855 0.71744674
vt 0.22846693 0.72137666
vt 0.22913912 0.71740651
vt 0.30940995 0.81872833
vt 0.22747594 0.72177815
vt 0.22882664 0.72176903
vt 0.30941734 0.81930482
vt 0.22752708 0.72458935
vt 0.22890860 0.72458643
vt 0.30903050 0.82217586
vt 0.22752708 0.72912067
vt 0.22890848 0.72912371
vt 0.30904755 0.82682490
vt 0.22747582 0.73193187
vt 0.30966750 0.82679534
vt 0.31015959 0.82677507
vt 0.30965057 0.82220078
vt 0.31014284 0.82221746
vt 0.30989525 0.81952798
vt 0.31028411 0.81957352
vt 0.32153484 0.81949329
vt 0.22827765 0.70532686
vt 0.32184622 0.81869960
vt 0.24553892 0.85121906
vt 0.32252583 0.81927288
vt 0.32162252 0.82218611
vt 0.32163915 0.82672215
vt 0.24836192 0.85129237
vt 0.32281289 0.82214701
vt 0.25290653 0.85129082
vt 0.32282981 0.82675242
vt 0.25572941 0.85121560
vt 0.32256392 0.82962859
vt 0.22664413 0.74930835
vt 0.25611869 0.85087371
vt 0.32268009 0.83016789
vt 0.32157132 0.82941544
vt 0.22704759 0.74869990
vt 0.32188842 0.83020675
vt 0.31032029 0.82941794
vt 0.22787413 0.70471841
vt 0.24514946 0.85087752
vt 0.32263801 0.81873274
vt 0.23706272 0.92848527
vt 0.23850307 0.93375802
vt 0.33123574 0.81842279
vt 0.23598221 0.92852545
vt 0.23740986 0.93371856
vt 0.23886278 0.93415034
vt 0.33124360 0.81899965
vt 0.23728338 0.92830956
vt 0.33151868 0.81852365
vt 0.23735145 0.92787158
vt 0.33198628 0.81842613
vt 0.33172211 0.81922257
vt 0.23600414 0.92830539
vt 0.23600772 0.92785680
vt 0.22680590 0.92828500
vt 0.22676864 0.92779696
vt 0.22682384 0.92854071
vt 0.22813132 0.93366706
vt 0.20331541 0.92819202
vt 0.20327893 0.92763484
vt 0.17125872 0.92807090
vt 0.20333329 0.92848122
vt 0.20454243 0.93374729
vt 0.17127237 0.92840302
vt 0.17312893 0.93375778
vt 0.20456067 0.93427706
vt 0.17313853 0.93429482
vt 0.22815576 0.93415093
vt 0.20457563 0.93703055
vt 0.22816649 0.93697441
vt 0.17313114 0.93703938
vt 0.20457575 0.94144380
vt 0.22816661 0.94149876
vt 0.17313126 0.94143629
vt 0.20456091 0.94419730
vt 0.17313871 0.94418097
vt 0.22815600 0.94432235
vt 0.20449606 0.95221400
vt 0.20454267 0.94472694
vt 0.17243537 0.95229232
vt 0.17312917 0.94471788
vt 0.22798654 0.95215452
vt 0.22813168 0.94480610
vt 0.20447823 0.95250332
vt 0.22796860 0.95241022
vt 0.20444176 0.95306039
vt 0.17242166 0.95262444
vt 0.14775828 0.95271873
vt 0.17239377 0.95327294
vt 0.14773682 0.95343947
vt 0.17169240 0.96950769
vt 0.14720103 0.97149396
vt 0.20349309 0.96699548
vt 0.17165509 0.97042334
vt 0.48391822 0.56458116
vt 0.20344111 0.96779346
vt 0.48392060 0.59573203
vt 0.14717457 0.97250652
vt 0.48400554 0.54005027
vt 0.48338726 0.56455046
vt 0.48349991 0.54002452
vt 0.48339656 0.59570557
vt 0.48065361 0.56453544
vt 0.48065570 0.59571302
vt 0.48070422 0.54001641
vt 0.47627243 0.56453484
vt 0.47626248 0.59571248
vt 0.47622696 0.54001600
vt 0.47353879 0.56454927
vt 0.47343132 0.54002357
vt 0.47352156 0.59570426
vt 0.17049208 0.91027188
vt 0.47300783 0.56457978
vt 0.20227829 0.91290176
vt 0.47299752 0.59573060
vt 0.14601144 0.90818882
vt 0.47292569 0.54004920
vt 0.17052940 0.91118753
vt 0.14603797 0.90920126
vt 0.20233020 0.91369975
vt 0.17123082 0.92742229
vt 0.14657375 0.92725587
vt 0.13536021 0.92717171
vt 0.14659521 0.92797661
vt 0.13538006 0.92793107
vt 0.14660564 0.92834282
vt 0.14850208 0.93370140
vt 0.13538966 0.92831540
vt 0.13726619 0.93369222
vt 0.14850965 0.93422639
vt 0.13727328 0.93422520
vt 0.14851078 0.93700957
vt 0.13727459 0.93700898
vt 0.14851084 0.94146681
vt 0.13727459 0.94146752
vt 0.14850977 0.94424999
vt 0.13727334 0.94425130
vt 0.14776871 0.95235252
vt 0.14850220 0.94477510
vt 0.13655278 0.95237994
vt 0.13726619 0.94478428
vt 0.13274977 0.95239401
vt 0.13345590 0.94479024
vt 0.13654318 0.95276427
vt 0.13652334 0.95352364
vt 0.13273916 0.95279157
vt 0.13271645 0.95357966
vt 0.13101432 0.95282173
vt 0.13102725 0.95240796
vt 0.13172999 0.94479740
vt 0.12946197 0.95285523
vt 0.13098565 0.95364642
vt 0.12942538 0.95372331
vt 0.13038382 0.97418082
vt 0.12898764 0.97531402
vt 0.13219711 0.97328389
vt 0.13045332 0.97517526
vt 0.48404709 0.52288175
vt 0.13221529 0.97432959
vt 0.48407701 0.52485138
vt 0.12917826 0.97618949
vt 0.48400977 0.52125037
vt 0.48356417 0.52284056
vt 0.48354539 0.52126062
vt 0.48357424 0.52480352
vt 0.48072889 0.52285808
vt 0.48073283 0.52479559
vt 0.48072091 0.52130282
vt 0.47620520 0.52285779
vt 0.47620097 0.52479541
vt 0.47621319 0.52130264
vt 0.47337011 0.52284008
vt 0.47338894 0.52126038
vt 0.47335967 0.52480286
vt 0.12929013 0.90552008
vt 0.47288725 0.52288127
vt 0.13105211 0.90636575
vt 0.47285697 0.52485061
vt 0.12801513 0.90450573
vt 0.47292462 0.52125019
vt 0.12922063 0.90651453
vt 0.12782446 0.90538132
vt 0.13103399 0.90741134
vt 0.12982252 0.92704892
vt 0.12826225 0.92697203
vt 0.13155332 0.92711580
vt 0.12985119 0.92787361
vt 0.12829885 0.92784023
vt 0.12986419 0.92828739
vt 0.13172999 0.93367922
vt 0.13157603 0.92790377
vt 0.13158664 0.92830133
vt 0.13345584 0.93368638
vt 0.13346365 0.93422508
vt 0.13173917 0.93422461
vt 0.13346484 0.93700886
vt 0.13174036 0.93700886
vt 0.13346484 0.94146776
vt 0.13174036 0.94146788
vt 0.13346371 0.94425166
vt 0.13173917 0.94425201
vt 0.13018814 0.94425261
vt 0.12683710 0.94425297
vt 0.12947807 0.95242274
vt 0.13017759 0.94480574
vt 0.13018951 0.94146800
vt 0.12683859 0.94146812
vt 0.13018951 0.93700874
vt 0.12683859 0.93700862
vt 0.13018808 0.93422401
vt 0.12683710 0.93422377
vt 0.12831494 0.92827260
vt 0.13017759 0.93367088
vt 0.12497094 0.92826164
vt 0.12682644 0.93366516
vt 0.11293188 0.92826879
vt 0.11476138 0.93366849
vt 0.12495175 0.92781496
vt 0.12490574 0.92691290
vt 0.11291042 0.92782807
vt 0.11284932 0.92693734
vt 0.10344316 0.92788577
vt 0.09397590 0.92794347
vt 0.10346280 0.92829835
vt 0.10527101 0.93368071
vt 0.10338615 0.92705709
vt 0.09392297 0.92717683
vt 0.09534299 0.90257287
vt 0.23301795 0.90097427
vt 0.09584737 0.90144014
vt 0.23424372 0.90087283
vt 0.48242381 0.68463033
vt 0.49119011 0.79302299
vt 0.09113592 0.90660012
vt 0.22712103 0.90100539
vt 0.11102363 0.90398443
vt 0.23306611 0.90040946
vt 0.22714373 0.90047443
vt 0.23427364 0.90032613
vt 0.48225132 0.68515301
vt 0.23299453 0.89761662
vt 0.23418590 0.89759052
vt 0.48220953 0.68792892
vt 0.22714928 0.89765871
vt 0.23299560 0.89319766
vt 0.23418644 0.89322305
vt 0.48221448 0.69237685
vt 0.22714922 0.89315510
vt 0.23306689 0.89040422
vt 0.22714368 0.89033914
vt 0.23427448 0.89048767
vt 0.48226300 0.69515365
vt 0.09650621 0.97812259
vt 0.23301879 0.88983941
vt 0.09701058 0.97925520
vt 0.23424461 0.88994110
vt 0.29318628 0.73366898
vt 0.48243752 0.69567686
vt 0.09229919 0.97409523
vt 0.22712091 0.88980818
vt 0.11218682 0.97671092
vt 0.10454935 0.95363832
vt 0.11401251 0.95375800
vt 0.09508619 0.95351863
vt 0.10460636 0.95280957
vt 0.09513912 0.95275187
vt 0.11407360 0.95286727
vt 0.10462600 0.95239705
vt 0.10527101 0.94479603
vt 0.11409506 0.95242667
vt 0.11476138 0.94480824
vt 0.09515694 0.95236742
vt 0.09578064 0.94478381
vt 0.10527664 0.94425255
vt 0.11476842 0.94425273
vt 0.09578487 0.94425237
vt 0.10527629 0.94146806
vt 0.11476830 0.94146800
vt 0.09578428 0.94146812
vt 0.10527632 0.93700862
vt 0.11476830 0.93700862
vt 0.09578434 0.93700862
vt 0.10527664 0.93422419
vt 0.09578487 0.93422437
vt 0.11476842 0.93422401
vt 0.08703980 0.93422508
vt 0.09399372 0.92832792
vt 0.09578064 0.93369293
vt 0.08526188 0.92838287
vt 0.08702877 0.93371403
vt 0.07307392 0.92843258
vt 0.07481459 0.93372488
vt 0.08524260 0.92804742
vt 0.08519927 0.92738688
vt 0.07305431 0.92812622
vt 0.07301596 0.92752850
vt 0.03931823 0.92826116
vt 0.03930065 0.92774761
vt 0.02100417 0.92826760
vt 0.03933164 0.92852998
vt 0.04101333 0.93354023
vt 0.02102139 0.92852008
vt 0.02271905 0.93267334
vt 0.04102400 0.93403232
vt 0.02272168 0.93318820
vt 0.07482865 0.93422437
vt 0.04102746 0.93691516
vt 0.02273014 0.93650746
vt 0.07483158 0.93700826
vt 0.04102746 0.94156158
vt 0.02273014 0.94196928
vt 0.07483158 0.94146848
vt 0.04102400 0.94444442
vt 0.02272174 0.94528854
vt 0.07482871 0.94425237
vt 0.04049459 0.95216513
vt 0.04101333 0.94493639
vt 0.02218422 0.95217502
vt 0.02271905 0.94580328
vt 0.07423714 0.95226276
vt 0.07481459 0.94475186
vt 0.04048118 0.95243394
vt 0.02216694 0.95242751
vt 0.04046366 0.95294762
vt 0.07421753 0.95256913
vt 0.08640584 0.95264792
vt 0.07417914 0.95316684
vt 0.08636251 0.95330858
vt 0.07318947 0.96907711
vt 0.20715949 0.88991988
vt 0.08491233 0.97086895
vt 0.21904424 0.88987458
vt 0.04022184 0.96656573
vt 0.17416856 0.88974535
vt 0.20716211 0.89040327
vt 0.17416969 0.89022195
vt 0.21905544 0.89036608
vt 0.20716676 0.89318097
vt 0.17416862 0.89309287
vt 0.21905735 0.89316463
vt 0.20716676 0.89763331
vt 0.17416856 0.89772129
vt 0.21905747 0.89764941
vt 0.20716211 0.90041089
vt 0.17416969 0.90059221
vt 0.21905562 0.90044808
vt 0.07202625 0.91161835
vt 0.20715949 0.90089428
vt 0.08374918 0.90982640
vt 0.21904454 0.90093946
vt 0.03905889 0.91412961
vt 0.17416850 0.90106869
vt 0.02100941 0.91533816
vt 0.15617105 0.90192235
vt 0.01668036 0.91554952
vt 0.15195045 0.90279651
vt 0.15617159 0.90143120
vt 0.02099374 0.92779481
vt 0.01673853 0.92768586
vt 0.01674747 0.92814934
vt 0.01677030 0.92839921
vt 0.01856318 0.93177998
vt 0.01855901 0.93232262
vt 0.01857701 0.93608832
vt 0.01857701 0.94238842
vt 0.01855901 0.94615412
vt 0.01793304 0.95229590
vt 0.01856318 0.94669676
vt 0.01791021 0.95254576
vt 0.01790133 0.95300925
vt 0.01784298 0.96514583
vt 0.15195045 0.88801742
vt 0.02215656 0.95290041
vt 0.02217218 0.96535718
vt 0.15617105 0.88889158
vt 0.15617159 0.88938284
vt 0.15195313 0.88852751
vt 0.15617356 0.89268732
vt 0.15196571 0.89227200
vt 0.15617356 0.89812672
vt 0.15196571 0.89854193
vt 0.15195313 0.90228653
vt 0.08642510 0.95231247
vt 0.08702871 0.94476259
vt 0.08703980 0.94425166
vt 0.08704171 0.94146800
vt 0.08704171 0.93700874
vt 0.12613407 0.95243382
vt 0.12682649 0.94481146
vt 0.12611493 0.95288038
vt 0.12606886 0.95378244
vt 0.12743130 0.97689545
vt 0.12605754 0.97924685
vt 0.12806025 0.97754765
vt 0.48398706 0.51948315
vt 0.12718776 0.97952783
vt 0.48392966 0.51731372
vt 0.48352113 0.51957375
vt 0.48345152 0.51744711
vt 0.48070756 0.51965046
vt 0.48068157 0.51755017
vt 0.47622654 0.51965070
vt 0.47625270 0.51754987
vt 0.47341320 0.51957375
vt 0.47348264 0.51744711
vt 0.12689713 0.90314770
vt 0.47294727 0.51948315
vt 0.12602457 0.90116751
vt 0.47300455 0.51731384
vt 0.12626812 0.90379989
vt 0.12489435 0.90144849
vt 0.12441346 0.90008724
vt 0.48990217 0.76407921
vt 0.12559476 0.89989161
vt 0.29287526 0.74156016
vt 0.47304973 0.51597744
vt 0.48971626 0.76287973
vt 0.11097112 0.90210676
vt 0.49189690 0.77770996
vt 0.47771600 0.76455927
vt 0.30483970 0.74155164
vt 0.47759083 0.76324189
vt 0.44744560 0.76466405
vt 0.47916391 0.77777028
vt 0.44978282 0.77777898
vt 0.47164682 0.68462914
vt 0.48026779 0.79249358
vt 0.44372007 0.68453419
vt 0.45189789 0.79238558
vt 0.47154966 0.68516213
vt 0.44365898 0.68524706
vt 0.47152701 0.68793881
vt 0.44365010 0.68797874
vt 0.47153011 0.69238603
vt 0.44364771 0.69235224
vt 0.47155687 0.69516337
vt 0.44365337 0.69508481
vt 0.30410853 0.73313963
vt 0.47163895 0.69569618
vt 0.33247837 0.73303151
vt 0.44372043 0.69579798
vt 0.30521241 0.71841627
vt 0.33459339 0.71842498
vt 0.30666026 0.70520532
vt 0.11213431 0.97858858
vt 0.29247949 0.71835601
vt 0.12557665 0.98060811
vt 0.29447421 0.70472527
vt 0.12675795 0.98080373
vt 0.29287323 0.75256062
vt 0.29466006 0.70352584
vt 0.48388436 0.51597744
vt 0.29282221 0.75206184
vt 0.48340306 0.51609987
vt 0.30484316 0.75256610
vt 0.30678549 0.70388794
vt 0.33451745 0.75269413
vt 0.33714750 0.70397854
vt 0.30485377 0.75205815
vt 0.33454946 0.75193954
vt 0.30485222 0.74928170
vt 0.33453688 0.74920875
vt 0.29280314 0.74928445
vt 0.48066112 0.51620299
vt 0.30485055 0.74483490
vt 0.29280373 0.74483508
vt 0.47627315 0.51620293
vt 0.33453235 0.74485809
vt 0.30484995 0.74205929
vt 0.29282430 0.74205869
vt 0.47353104 0.51609987
vt 0.33453920 0.74212736
vt 0.33449921 0.74137294
vt 0.44722870 0.76333249
vt 0.38838324 0.74212915
vt 0.38838825 0.74486434
vt 0.44341108 0.74199820
vt 0.38831064 0.74112272
vt 0.39164016 0.76368535
vt 0.33476439 0.76328838
vt 0.44334206 0.74120224
vt 0.39197728 0.76509285
vt 0.33519152 0.76464832
vt 0.39558551 0.77787542
vt 0.34024534 0.77788091
vt 0.39265177 0.68429750
vt 0.39939985 0.79208684
vt 0.34041980 0.68437803
vt 0.34602037 0.79235470
vt 0.39267215 0.68525314
vt 0.34052905 0.68513060
vt 0.39266321 0.68798184
vt 0.34052584 0.68786049
vt 0.39265743 0.69223243
vt 0.34052238 0.69221729
vt 0.39265880 0.69496125
vt 0.34052143 0.69494641
vt 0.38497636 0.73273277
vt 0.39263937 0.69591677
vt 0.34043083 0.69569856
vt 0.43835577 0.73300076
vt 0.38879070 0.71852142
vt 0.44413087 0.71852696
vt 0.39239892 0.70573884
vt 0.44918463 0.70529431
vt 0.38834170 0.75281954
vt 0.39273599 0.70433140
vt 0.33693060 0.70531011
vt 0.44337323 0.75258577
vt 0.44961181 0.70393443
vt 0.38839558 0.75181293
vt 0.44342640 0.75178957
vt 0.38839361 0.74907762
vt 0.44343325 0.74906051
vt 0.44342646 0.74472708
vt 0.29787847 0.55341870
vt 0.48872003 0.74905497
vt 0.29784986 0.55616176
vt 0.48872229 0.75182962
vt 0.29787955 0.54903316
vt 0.48871931 0.74460787
vt 0.30224529 0.55344641
vt 0.30222210 0.55621958
vt 0.30469468 0.55345893
vt 0.30224475 0.54900450
vt 0.30469331 0.54899091
vt 0.30222008 0.54623222
vt 0.29784998 0.54629177
vt 0.48872134 0.74183100
vt 0.30466828 0.54620433
vt 0.16006804 0.50758827
vt 0.30216220 0.54572392
vt 0.16223204 0.50374281
vt 0.28817961 0.76287985
vt 0.29779395 0.54578614
vt 0.48867896 0.74131757
vt 0.15866268 0.50961196
vt 0.30460331 0.54569519
vt 0.16149673 0.50778878
vt 0.16365162 0.50388968
vt 0.28867415 0.76425159
vt 0.16012588 0.50988066
vt 0.17636314 0.50866759
vt 0.17571688 0.51126647
vt 0.17828432 0.50429207
vt 0.29478863 0.77790582
vt 0.19280848 0.50912964
vt 0.39228246 0.56600714
vt 0.19312552 0.51201320
vt 0.38947114 0.56576300
vt 0.19440112 0.50437641
vt 0.29710951 0.68451166
vt 0.30183962 0.79276037
vt 0.39701483 0.56635594
vt 0.39233276 0.56651509
vt 0.29723248 0.68501717
vt 0.39709112 0.56683803
vt 0.38936791 0.56629395
vt 0.39222750 0.56929040
vt 0.29726014 0.68781507
vt 0.39699516 0.56944263
vt 0.38930264 0.56921470
vt 0.39222750 0.57374418
vt 0.38930264 0.57381976
vt 0.29726776 0.69229853
vt 0.39699516 0.57359195
vt 0.39233270 0.57651949
vt 0.38936791 0.57674062
vt 0.19435808 0.59195840
vt 0.39228234 0.57702756
vt 0.29725012 0.69509453
vt 0.39709112 0.57619667
vt 0.19595072 0.59671164
vt 0.29712978 0.69559932
vt 0.39701483 0.57667875
vt 0.48253670 0.73340648
vt 0.17983383 0.59679592
vt 0.48958763 0.71855187
vt 0.16520116 0.59719837
vt 0.49570218 0.70489770
vt 0.17791265 0.59242046
vt 0.17726645 0.58982158
vt 0.16304627 0.59329927
vt 0.16167542 0.59120733
vt 0.16161755 0.59349966
vt 0.30216452 0.55672812
vt 0.16378155 0.59734517
vt 0.29779395 0.55666769
vt 0.48867980 0.75234234
vt 0.49619672 0.70352584
vt 0.16021222 0.59147608
vt 0.30460635 0.55675542
vt 0.15882593 0.58984423
vt 0.30673227 0.55678976
vt 0.30467114 0.55624610
vt 0.30680433 0.55627656
vt 0.31052074 0.55628967
vt 0.30682579 0.55346882
vt 0.30682424 0.54897964
vt 0.31052384 0.55347478
vt 0.31355926 0.55347174
vt 0.31052211 0.54897100
vt 0.31355748 0.54897165
vt 0.31051674 0.54615635
vt 0.31355080 0.54616350
vt 0.30680087 0.54617250
vt 0.15427241 0.51344252
vt 0.31046358 0.54565006
vt 0.15148631 0.51466215
vt 0.31350872 0.54566568
vt 0.15727642 0.51124370
vt 0.30672845 0.54565936
vt 0.15523142 0.51435649
vt 0.15876740 0.51166713
vt 0.15195855 0.51565111
vt 0.15832129 0.51782143
vt 0.15331069 0.51909363
vt 0.17902461 0.51803696
vt 0.16000035 0.52117288
vt 0.17644039 0.51370394
vt 0.19715771 0.51395214
vt 0.38497064 0.56587410
vt 0.21958184 0.51736295
vt 0.36239299 0.56601036
vt 0.38473591 0.56637061
vt 0.19671261 0.51862019
vt 0.21596804 0.52076828
vt 0.19841599 0.52249289
vt 0.18060562 0.52141750
vt 0.21622637 0.52356827
vt 0.19958450 0.52601993
vt 0.18212876 0.52521145
vt 0.21704024 0.52682841
vt 0.20060846 0.52942729
vt 0.18345293 0.52887511
vt 0.21776399 0.52997947
vt 0.20140433 0.53230655
vt 0.21830875 0.53264129
vt 0.18449992 0.53197181
vt 0.20229326 0.53566414
vt 0.21890548 0.53574526
vt 0.18568105 0.53558302
vt 0.19804350 0.54436058
vt 0.20256071 0.53670102
vt 0.21463630 0.54437476
vt 0.21908310 0.53670466
vt 0.18145069 0.54434639
vt 0.18603832 0.53669739
vt 0.19809929 0.54486394
vt 0.21467313 0.54486912
vt 0.18152544 0.54485875
vt 0.19810861 0.54765445
vt 0.18153819 0.54764944
vt 0.21467903 0.54765946
vt 0.19810730 0.55212504
vt 0.18153688 0.55212003
vt 0.21467772 0.55213004
vt 0.19809625 0.55491549
vt 0.21467009 0.55492026
vt 0.18152240 0.55491072
vt 0.19804019 0.55541885
vt 0.20411043 0.56438690
vt 0.21463302 0.55541462
vt 0.22063291 0.56438327
vt 0.18144736 0.55542308
vt 0.18758795 0.56439054
vt 0.20384295 0.56542373
vt 0.22045526 0.56534261
vt 0.18723065 0.56550485
vt 0.20295404 0.56878144
vt 0.21985856 0.56844664
vt 0.18604952 0.56911623
vt 0.20215814 0.57166064
vt 0.21931374 0.57110846
vt 0.18500254 0.57221287
vt 0.20113418 0.57506806
vt 0.18367833 0.57587659
vt 0.21859002 0.57425952
vt 0.19996566 0.57859510
vt 0.21777612 0.57751966
vt 0.18215519 0.57967055
vt 0.19904600 0.58168542
vt 0.18057421 0.58305103
vt 0.21751779 0.58031976
vt 0.19870740 0.58713591
vt 0.38497052 0.57716036
vt 0.22113162 0.58372504
vt 0.36239293 0.57702380
vt 0.19467515 0.58907485
vt 0.38947102 0.57727158
vt 0.38473591 0.57666397
vt 0.17798993 0.58738405
vt 0.16031691 0.58942086
vt 0.15987080 0.58326662
vt 0.15486017 0.58199435
vt 0.16154990 0.57991505
vt 0.15678087 0.58673149
vt 0.15350804 0.58543688
vt 0.15582189 0.58764547
vt 0.31046805 0.55679601
vt 0.15303579 0.58642584
vt 0.31351331 0.55677778
vt 0.14905307 0.58534420
vt 0.31765208 0.55675834
vt 0.31355485 0.55627996
vt 0.31770834 0.55626732
vt 0.32736102 0.55623829
vt 0.31771466 0.55346531
vt 0.32737032 0.55345011
vt 0.31771287 0.54897481
vt 0.32736871 0.54898244
vt 0.31770441 0.54617274
vt 0.32735726 0.54619431
vt 0.14750361 0.51574373
vt 0.31764767 0.54568160
vt 0.13798332 0.51708162
vt 0.32729813 0.54571140
vt 0.14787462 0.51670897
vt 0.13828990 0.51799202
vt 0.14894459 0.52000761
vt 0.13916737 0.52108037
vt 0.14981788 0.52284777
vt 0.15081534 0.52614582
vt 0.13988322 0.52373624
vt 0.15433788 0.52209365
vt 0.15546998 0.52558064
vt 0.16149458 0.52501619
vt 0.15656555 0.52906436
vt 0.16278595 0.52873528
vt 0.15180606 0.52945197
vt 0.15749556 0.53207457
vt 0.16381368 0.53188407
vt 0.15266028 0.53231639
vt 0.15858576 0.53562641
vt 0.15366909 0.53570151
vt 0.16498202 0.53556609
vt 0.15421727 0.54433924
vt 0.15892273 0.53673077
vt 0.16066322 0.54433566
vt 0.16533914 0.53670585
vt 0.14925310 0.54434627
vt 0.15398046 0.53675503
vt 0.15428802 0.54485136
vt 0.14931843 0.54485196
vt 0.16073880 0.54485196
vt 0.15430102 0.54764169
vt 0.16075209 0.54764301
vt 0.14932990 0.54764098
vt 0.15429971 0.55211157
vt 0.16075072 0.55211407
vt 0.14932859 0.55210942
vt 0.15428504 0.55490190
vt 0.14931542 0.55489832
vt 0.16073582 0.55490512
vt 0.15421396 0.55541390
vt 0.16047227 0.56435710
vt 0.16065994 0.55542129
vt 0.16688868 0.56438208
vt 0.14924985 0.55540389
vt 0.15553001 0.56433296
vt 0.16013530 0.56546152
vt 0.15521863 0.56538647
vt 0.16653153 0.56552184
vt 0.15904507 0.56901336
vt 0.16536322 0.56920379
vt 0.15420982 0.56877154
vt 0.15811509 0.57202357
vt 0.15335557 0.57163602
vt 0.15701953 0.57550734
vt 0.16433546 0.57235265
vt 0.16304412 0.57607174
vt 0.15236485 0.57494217
vt 0.15588740 0.57899427
vt 0.15136740 0.57824028
vt 0.14143267 0.57735157
vt 0.15049407 0.58108038
vt 0.14071682 0.58000749
vt 0.14942411 0.58437902
vt 0.13983935 0.58309591
vt 0.11907291 0.58111149
vt 0.13953277 0.58400643
vt 0.32730231 0.55672115
vt 0.11890081 0.58192909
vt 0.34805205 0.55665511
vt 0.09196422 0.57950050
vt 0.37462637 0.55665362
vt 0.34808609 0.55616397
vt 0.37462482 0.55616671
vt 0.34808192 0.55341285
vt 0.37463835 0.55340952
vt 0.34808096 0.54900461
vt 0.37463662 0.54898942
vt 0.34808323 0.54625350
vt 0.37462136 0.54623210
vt 0.11735135 0.51915884
vt 0.34804878 0.54576242
vt 0.09041473 0.52158725
vt 0.37462261 0.54574513
vt 0.11752346 0.51997638
vt 0.09040943 0.52229846
vt 0.11798671 0.52272344
vt 0.09032387 0.52464342
vt 0.11835766 0.52508301
vt 0.11877906 0.52782118
vt 0.09023899 0.52665514
vt 0.09013855 0.52898896
vt 0.06950864 0.52777648
vt 0.06993023 0.52601397
vt 0.06901863 0.52982056
vt 0.06131545 0.52820945
vt 0.06187627 0.52654719
vt 0.06010160 0.52827102
vt 0.35827717 0.82331264
vt 0.06066969 0.53013849
vt 0.05943307 0.53018415
vt 0.36031559 0.82331264
vt 0.06002530 0.53207147
vt 0.05876651 0.53210104
vt 0.36235395 0.82333183
vt 0.05947223 0.53374469
vt 0.06852701 0.53186858
vt 0.06810156 0.53364217
vt 0.09003812 0.53132731
vt 0.08995205 0.53335249
vt 0.11919641 0.53056520
vt 0.11955559 0.53294188
vt 0.14151365 0.52990997
vt 0.14070109 0.52681947
vt 0.14221427 0.53258741
vt 0.14304075 0.53574967
vt 0.11997873 0.53574765
vt 0.13852125 0.54435235
vt 0.14329442 0.53673398
vt 0.11536160 0.54441673
vt 0.12010813 0.53662336
vt 0.13857514 0.54484981
vt 0.11539489 0.54493326
vt 0.13858458 0.54763871
vt 0.11540961 0.54767126
vt 0.13858324 0.55210513
vt 0.11540884 0.55205971
vt 0.13857213 0.55489403
vt 0.11539266 0.55479771
vt 0.13851798 0.55539149
vt 0.14484391 0.56435394
vt 0.11535913 0.55531424
vt 0.12165758 0.56446457
vt 0.14459023 0.56533825
vt 0.12152818 0.56534028
vt 0.14376375 0.56850052
vt 0.12110507 0.56814605
vt 0.14306316 0.57117796
vt 0.12074587 0.57052267
vt 0.14225057 0.57426852
vt 0.12032855 0.57326680
vt 0.09168813 0.57209897
vt 0.11990711 0.57600486
vt 0.11953619 0.57836449
vt 0.09178856 0.57443267
vt 0.09187338 0.57644427
vt 0.07105854 0.57331133
vt 0.07056859 0.57126725
vt 0.07148007 0.57507378
vt 0.06286553 0.57287830
vt 0.06221977 0.57094932
vt 0.06165174 0.57281673
vt 0.35823503 0.83507252
vt 0.06342641 0.57454050
vt 0.06223395 0.57446617
vt 0.35647532 0.83504057
vt 0.06410763 0.57647455
vt 0.06296173 0.57639027
vt 0.35439530 0.83488369
vt 0.07197067 0.57713044
vt 0.06436148 0.57705033
vt 0.40238562 0.55667019
vt 0.06343570 0.57694077
vt 0.35362789 0.83482242
vt 0.40332481 0.55663264
vt 0.07211116 0.57775807
vt 0.39455506 0.55671507
vt 0.40242645 0.55624747
vt 0.35376361 0.83433914
vt 0.40360340 0.55625010
vt 0.39453098 0.55625683
vt 0.40245947 0.55344665
vt 0.35359928 0.83147192
vt 0.40366247 0.55344748
vt 0.39453247 0.55344623
vt 0.40245816 0.54893661
vt 0.35361579 0.82688129
vt 0.40366110 0.54893506
vt 0.39453122 0.54894125
vt 0.40242359 0.54613590
vt 0.35379937 0.82401502
vt 0.40360054 0.54613268
vt 0.39452824 0.54613066
vt 0.06281140 0.52403736
vt 0.40238258 0.54571319
vt 0.06188563 0.52414691
vt 0.35366699 0.82353079
vt 0.40332171 0.54575026
vt 0.07056126 0.52332956
vt 0.39455208 0.54567248
vt 0.06255755 0.52461314
vt 0.06141165 0.52469742
vt 0.35443494 0.82347465
vt 0.07042077 0.52395725
vt 0.06068382 0.52662158
vt 0.35651657 0.82333219
vt 0.35479638 0.82416356
vt 0.35680482 0.82414448
vt 0.35474643 0.82690859
vt 0.35682938 0.82693815
vt 0.35473046 0.83145249
vt 0.35476145 0.83419740
vt 0.35681322 0.83143735
vt 0.35676911 0.83423054
vt 0.35855648 0.83143747
vt 0.36057135 0.83143890
vt 0.35857251 0.82695055
vt 0.35851207 0.83424234
vt 0.36053643 0.83424139
vt 0.06098321 0.57090372
vt 0.36027285 0.83508718
vt 0.36255702 0.83422446
vt 0.36428210 0.83418894
vt 0.36258182 0.83143926
vt 0.06031665 0.56898677
vt 0.36231086 0.83508277
vt 0.05974630 0.56732655
vt 0.36406836 0.83505285
vt 0.06157544 0.56901640
vt 0.07007697 0.56921917
vt 0.06102237 0.56734324
vt 0.06965151 0.56744570
vt 0.06040540 0.56537569
vt 0.05913273 0.56537104
vt 0.36611959 0.83488584
vt 0.06915423 0.56535327
vt 0.05464396 0.55535561
vt 0.06029871 0.56477952
vt 0.06343439 0.55540210
vt 0.06900963 0.56469303
vt 0.05361584 0.55531770
vt 0.05927804 0.56481987
vt 0.36674300 0.83495331
vt 0.05452570 0.55492598
vt 0.05326322 0.55493122
vt 0.36684540 0.83437777
vt 0.06339577 0.55493516
vt 0.05447629 0.55211622
vt 0.05318627 0.55211788
vt 0.36728117 0.83152843
vt 0.06338337 0.55211455
vt 0.05447713 0.54758984
vt 0.05318716 0.54758781
vt 0.36730239 0.82692468
vt 0.06338421 0.54759485
vt 0.05452755 0.54478008
vt 0.05326501 0.54477447
vt 0.36688492 0.82406890
vt 0.06339756 0.54477412
vt 0.05464593 0.54435056
vt 0.05874851 0.53630841
vt 0.06343636 0.54430717
vt 0.06745967 0.53639495
vt 0.05361775 0.54438800
vt 0.05772784 0.53626800
vt 0.36678633 0.82349241
vt 0.05885521 0.53571224
vt 0.05758253 0.53571677
vt 0.36616227 0.82355559
vt 0.06760427 0.53573465
vt 0.08985099 0.53574264
vt 0.08574983 0.54440385
vt 0.08982000 0.53650093
vt 0.08574024 0.54491538
vt 0.08572519 0.54765934
vt 0.08572471 0.55205792
vt 0.08573854 0.55480188
vt 0.08574799 0.55531353
vt 0.09136954 0.56458700
vt 0.09140053 0.56534529
vt 0.09150162 0.56773537
vt 0.09158769 0.56976056
vt 0.05819616 0.53376126
vt 0.36411157 0.82337439
vt 0.36617860 0.82433844
vt 0.36431918 0.82424009
vt 0.36634991 0.82695675
vt 0.36433020 0.82698584
vt 0.36633173 0.83148873
vt 0.36431268 0.83144462
vt 0.36614129 0.83410358
vt 0.36259857 0.82697833
vt 0.36058781 0.82696378
vt 0.36259410 0.82419217
vt 0.36057302 0.82416058
vt 0.35854831 0.82414508
vt 0.09195891 0.57878917
vt 0.36221096 0.57651675
vt 0.38472518 0.57380784
vt 0.38472518 0.56922674
vt 0.36216864 0.57373750
vt 0.33912143 0.57373166
vt 0.36216858 0.56929684
vt 0.33912143 0.56930232
vt 0.36221096 0.56651747
vt 0.33916518 0.56651807
vt 0.32164809 0.56646347
vt 0.24268588 0.52019119
vt 0.33925769 0.56599635
vt 0.26022014 0.52215838
vt 0.32170215 0.56592238
vt 0.24181944 0.52355528
vt 0.25941095 0.52519023
vt 0.24164340 0.52579319
vt 0.24153057 0.52839875
vt 0.25890931 0.52714562
vt 0.25833270 0.52941781
vt 0.26687637 0.52753174
vt 0.26614949 0.52971661
vt 0.27036199 0.52719736
vt 0.26749524 0.52565086
vt 0.27101019 0.52522671
vt 0.26833799 0.52271092
vt 0.31358489 0.56571746
vt 0.27168134 0.52217901
vt 0.31021956 0.56559575
vt 0.31353816 0.56627727
vt 0.31019506 0.56616312
vt 0.31346151 0.56919432
vt 0.32159957 0.56928265
vt 0.31021306 0.56915277
vt 0.31346157 0.57383943
vt 0.32159957 0.57375109
vt 0.31021312 0.57388097
vt 0.31353804 0.57675648
vt 0.31019512 0.57687056
vt 0.32164803 0.57657027
vt 0.26988778 0.57837701
vt 0.31358489 0.57731628
vt 0.26176998 0.57892954
vt 0.32170209 0.57711142
vt 0.27323118 0.57890898
vt 0.31021956 0.57743794
vt 0.26904514 0.57543713
vt 0.26096079 0.57589775
vt 0.27256009 0.57586122
vt 0.26842621 0.57355624
vt 0.27191183 0.57389063
vt 0.26769933 0.57137138
vt 0.26045915 0.57394230
vt 0.25988260 0.57167017
vt 0.24319324 0.57529479
vt 0.24336928 0.57753265
vt 0.24308041 0.57268918
vt 0.24298450 0.57008731
vt 0.24290332 0.56784135
vt 0.25930807 0.56939113
vt 0.26696929 0.56917995
vt 0.25881377 0.56741643
vt 0.26634070 0.56728101
vt 0.25824115 0.56508583
vt 0.24280611 0.56519794
vt 0.26562008 0.56503940
vt 0.25226215 0.55540198
vt 0.25807819 0.56435287
vt 0.25964519 0.55538791
vt 0.26542494 0.56433296
vt 0.23688725 0.55540770
vt 0.24277931 0.56437343
vt 0.25223431 0.55492955
vt 0.25961456 0.55491823
vt 0.23688361 0.55492693
vt 0.25222942 0.55214018
vt 0.23688409 0.55213672
vt 0.25960311 0.55213541
vt 0.25223073 0.54767138
vt 0.23688540 0.54766589
vt 0.25960419 0.54768020
vt 0.25223717 0.54488212
vt 0.25961706 0.54489738
vt 0.23688671 0.54487568
vt 0.25226530 0.54440969
vt 0.25652835 0.53673506
vt 0.25964800 0.54442793
vt 0.26387516 0.53675497
vt 0.23689052 0.54439503
vt 0.24122944 0.53671455
vt 0.25669131 0.53600204
vt 0.24125624 0.53588998
vt 0.26407024 0.53604853
vt 0.25726387 0.53367150
vt 0.24135348 0.53324652
vt 0.26479080 0.53380704
vt 0.25775823 0.53169680
vt 0.24143466 0.53100061
vt 0.26541945 0.53190798
vt 0.26878712 0.53174698
vt 0.26810578 0.53370076
vt 0.26957902 0.52947831
vt 0.27137980 0.53143996
vt 0.27057472 0.53345227
vt 0.27560255 0.53159130
vt 0.27232650 0.52901006
vt 0.27735272 0.52946591
vt 0.27327326 0.52640676
vt 0.27848038 0.52672887
vt 0.27400360 0.52403098
vt 0.27620605 0.52265632
vt 0.27401432 0.52072942
vt 0.30749705 0.56558180
vt 0.27529535 0.51922119
vt 0.30553493 0.56564188
vt 0.30752227 0.56618303
vt 0.30557385 0.56626689
vt 0.30773297 0.56917006
vt 0.30585060 0.56921101
vt 0.30773303 0.57386363
vt 0.30585060 0.57382256
vt 0.30752227 0.57685065
vt 0.30557379 0.57676673
vt 0.27556416 0.58035851
vt 0.30749699 0.57745183
vt 0.27684525 0.58186686
vt 0.30553493 0.57739180
vt 0.27555344 0.57705700
vt 0.27775589 0.57843161
vt 0.27482310 0.57468116
vt 0.28003022 0.57435912
vt 0.27387634 0.57207793
vt 0.27890256 0.57162201
vt 0.27112886 0.57160968
vt 0.27292964 0.56964797
vt 0.27715239 0.56949669
vt 0.27212450 0.56763566
vt 0.27033696 0.56934106
vt 0.26965567 0.56738722
vt 0.26888725 0.56509238
vt 0.27123275 0.56531656
vt 0.26293007 0.55536622
vt 0.26869532 0.56437421
vt 0.26528201 0.55535048
vt 0.27102920 0.56459755
vt 0.26289961 0.55489832
vt 0.26524559 0.55488545
vt 0.26288578 0.55212837
vt 0.26523730 0.55212408
vt 0.26288673 0.54768878
vt 0.26523837 0.54769427
vt 0.26290199 0.54491895
vt 0.26524791 0.54493290
vt 0.26293263 0.54445106
vt 0.26714543 0.53671372
vt 0.26528451 0.54446799
vt 0.26947936 0.53649032
vt 0.26733741 0.53599548
vt 0.26968291 0.53577131
vt 0.27346143 0.53492212
vt 0.26924345 0.54448003
vt 0.27329591 0.53549910
vt 0.27475199 0.53448194
vt 0.27448115 0.53315806
vt 0.27550063 0.53314877
vt 0.27616921 0.53311425
vt 0.27647302 0.53202713
vt 0.27696678 0.53248084
vt 0.27777299 0.53085923
vt 0.27806064 0.53163898
vt 0.28028211 0.52969861
vt 0.27993390 0.53041029
vt 0.28082189 0.52853143
vt 0.28147295 0.52967739
vt 0.28054962 0.53069735
vt 0.28234366 0.52852762
vt 0.27968684 0.54448217
vt 0.28189895 0.52984899
vt 0.27819911 0.54449111
vt 0.28087321 0.53092134
vt 0.28120556 0.54446453
vt 0.28286621 0.52868062
vt 0.27970353 0.54494411
vt 0.27820608 0.54494911
vt 0.28122994 0.54493314
vt 0.27970561 0.54770201
vt 0.27820584 0.54770392
vt 0.28123543 0.54769689
vt 0.27970472 0.55212241
vt 0.27820501 0.55211979
vt 0.28123459 0.55212802
vt 0.27970156 0.55488020
vt 0.27820411 0.55487472
vt 0.28122804 0.55489188
vt 0.27968475 0.55534226
vt 0.28344879 0.57123893
vt 0.27819708 0.55533272
vt 0.28242311 0.57016671
vt 0.28120354 0.55536038
vt 0.28441611 0.57240731
vt 0.28302285 0.57141054
vt 0.28209946 0.57039070
vt 0.28389356 0.57256031
vt 0.28183201 0.57138932
vt 0.28148386 0.57067764
vt 0.28237173 0.57255650
vt 0.27932289 0.57022870
vt 0.27961048 0.56944895
vt 0.27802286 0.56906080
vt 0.27705047 0.56793916
vt 0.27851656 0.56860715
vt 0.27771911 0.56797373
vt 0.27878723 0.56784135
vt 0.27756187 0.56715691
vt 0.27996477 0.56862509
vt 0.27374491 0.55532962
vt 0.27890512 0.56747371
vt 0.27523920 0.55532783
vt 0.28015253 0.56828648
vt 0.27223763 0.55533236
vt 0.27759108 0.56675017
vt 0.27373675 0.55487484
vt 0.27222416 0.55487770
vt 0.27523431 0.55487269
vt 0.27373502 0.55211896
vt 0.27222297 0.55211967
vt 0.27523252 0.55211860
vt 0.27373591 0.54770309
vt 0.27222386 0.54770166
vt 0.27523336 0.54770404
vt 0.27373871 0.54494721
vt 0.27222618 0.54494375
vt 0.27523622 0.54494995
vt 0.27374706 0.54449242
vt 0.27735528 0.53361422
vt 0.27524135 0.54449481
vt 0.27860257 0.53280151
vt 0.27223989 0.54448897
vt 0.27604130 0.53433776
vt 0.27723733 0.53324664
vt 0.27601197 0.53393102
vt 0.27841493 0.53246289
vt 0.27072832 0.54448456
vt 0.27467510 0.53496701
vt 0.27070531 0.54494041
vt 0.26921102 0.54493803
vt 0.27070329 0.54770023
vt 0.26920888 0.54769880
vt 0.27070239 0.55212051
vt 0.26920792 0.55212122
vt 0.27070323 0.55488032
vt 0.26920894 0.55488211
vt 0.27072605 0.55533618
vt 0.27622500 0.56612098
vt 0.26924118 0.55534011
vt 0.27484575 0.56558883
vt 0.27630189 0.56660599
vt 0.27501127 0.56616586
vt 0.27603099 0.56792986
vt 0.28315911 0.57414341
vt 0.28599939 0.57969391
vt 0.49177048 0.94990349
vt 0.28479639 0.57392979
vt 0.28759965 0.57899380
vt 0.49168298 0.95155621
vt 0.28285167 0.55539578
vt 0.28537521 0.57374811
vt 0.28821370 0.57871526
vt 0.28857431 0.55564576
vt 0.49166140 0.95219505
vt 0.49413744 0.91125429
vt 0.28287742 0.55491859
vt 0.28859434 0.55513716
vt 0.49412981 0.91183090
vt 0.28288862 0.55214006
vt 0.28860888 0.55223513
vt 0.49415758 0.91512227
vt 0.28288946 0.54768544
vt 0.28860971 0.54759246
vt 0.49415758 0.92037976
vt 0.28287926 0.54490691
vt 0.28859624 0.54469049
vt 0.49412981 0.92367113
vt 0.28285369 0.54442966
vt 0.28382537 0.52733994
vt 0.28666380 0.52237272
vt 0.28857645 0.54418188
vt 0.49413744 0.92424774
vt 0.49449393 0.88361633
vt 0.28324655 0.52715814
vt 0.28604981 0.52209413
vt 0.49451539 0.88425493
vt 0.28160921 0.52694452
vt 0.28444955 0.52139413
vt 0.49460283 0.88590705
vt 0.48788795 0.88589609
vt 0.28165403 0.52011454
vt 0.49471316 0.88881469
vt 0.48779604 0.88881016
vt 0.27878216 0.51850140
vt 0.49457690 0.89192617
vt 0.48756972 0.89176881
vt 0.27707681 0.51636732
vt 0.30220583 0.56579369
vt 0.49351117 0.89427757
vt 0.49473873 0.85581267
vt 0.48708633 0.89414656
vt 0.48719576 0.85552108
vt 0.30227050 0.56643832
vt 0.49471977 0.85654032
vt 0.48721859 0.85628498
vt 0.30260721 0.56931114
vt 0.49483517 0.85982060
vt 0.48739639 0.85971737
vt 0.30260727 0.57372248
vt 0.49483523 0.86489558
vt 0.48739645 0.86499882
vt 0.30227050 0.57659543
vt 0.49471983 0.86817575
vt 0.48721859 0.86843121
vt 0.27862665 0.58472061
vt 0.30220583 0.57723999
vt 0.49067840 0.94152999
vt 0.49473873 0.86890352
vt 0.48425195 0.94166064
vt 0.48719576 0.86919498
vt 0.28033206 0.58258653
vt 0.49174449 0.94388223
vt 0.48473462 0.94403970
vt 0.28320387 0.58097345
vt 0.49188074 0.94699490
vt 0.48496124 0.94699943
vt 0.47295186 0.94696724
vt 0.48505327 0.94991457
vt 0.47309944 0.94980645
vt 0.48507676 0.95160675
vt 0.47313759 0.95151079
vt 0.48508081 0.95226657
vt 0.48624828 0.91098654
vt 0.47184756 0.91088963
vt 0.47314510 0.95257819
vt 0.48625198 0.91159916
vt 0.47186849 0.91170156
vt 0.48631075 0.91503632
vt 0.47209528 0.91516411
vt 0.48631075 0.92046583
vt 0.47209528 0.92033803
vt 0.48625198 0.92390287
vt 0.47186843 0.92380059
vt 0.48624828 0.92451560
vt 0.48791561 0.88354480
vt 0.47184744 0.92461252
vt 0.47598311 0.88323247
vt 0.48791149 0.88420439
vt 0.47597536 0.88429999
vt 0.43417898 0.88430345
vt 0.47593674 0.88600433
vt 0.43410739 0.88606977
vt 0.47578821 0.88884354
vt 0.43397865 0.88902164
vt 0.47555670 0.89167094
vt 0.43386069 0.89194345
vt 0.47325131 0.85535479
vt 0.47528073 0.89442563
vt 0.43193910 0.85384750
vt 0.43383959 0.89491570
vt 0.47331068 0.85631156
vt 0.43200347 0.85506392
vt 0.47364745 0.85979164
vt 0.43217674 0.85919881
vt 0.47364745 0.86492467
vt 0.43217674 0.86551762
vt 0.47331074 0.86840475
vt 0.43200347 0.86965251
vt 0.47243628 0.94138622
vt 0.47325131 0.86936152
vt 0.43100628 0.94086242
vt 0.43193910 0.87086880
vt 0.47272107 0.94414032
vt 0.43103048 0.94383454
vt 0.40053603 0.94343424
vt 0.43114671 0.94675636
vt 0.40060124 0.94658923
vt 0.43127379 0.94970810
vt 0.40066788 0.94977474
vt 0.43134448 0.95147431
vt 0.40069661 0.95165002
vt 0.43055955 0.90929651
vt 0.43138739 0.95273662
vt 0.39934734 0.90787697
vt 0.40072319 0.95273197
vt 0.43058398 0.91051483
vt 0.39937940 0.90896559
vt 0.43066552 0.91460907
vt 0.39959207 0.91392159
vt 0.43066552 0.92089295
vt 0.39959207 0.92158043
vt 0.43058398 0.92498720
vt 0.39937940 0.92653644
vt 0.43055949 0.92620552
vt 0.43421850 0.88304102
vt 0.39934734 0.92762506
vt 0.40355262 0.88303542
vt 0.36825982 0.92880332
vt 0.37214598 0.88299334
vt 0.40352872 0.88411736
vt 0.37212470 0.88403320
vt 0.40349957 0.88599265
vt 0.37212166 0.88599777
vt 0.40343186 0.88917840
vt 0.37211445 0.88933504
vt 0.40336558 0.89233339
vt 0.37211248 0.89264202
vt 0.40084890 0.85241079
vt 0.40337768 0.89522064
vt 0.36988619 0.85122597
vt 0.37217948 0.89556396
vt 0.40091029 0.85350978
vt 0.36994824 0.85235238
vt 0.40119573 0.85850751
vt 0.37023994 0.85800159
vt 0.40119579 0.86620891
vt 0.37023994 0.86671484
vt 0.40091029 0.87120652
vt 0.36994824 0.87236404
vt 0.40054259 0.94054699
vt 0.40084890 0.87230551
vt 0.36934420 0.94019413
vt 0.36988619 0.87349045
vt 0.34181759 0.93998480
vt 0.34280202 0.87440920
vt 0.36928293 0.94311619
vt 0.34172627 0.94286406
vt 0.36928424 0.94642329
vt 0.34167382 0.94629908
vt 0.36929080 0.94976068
vt 0.34162721 0.94976330
vt 0.36929330 0.95172501
vt 0.34160337 0.95180178
vt 0.36825982 0.90669870
vt 0.36931691 0.95276487
vt 0.34106973 0.90578389
vt 0.34161827 0.95274758
vt 0.36829761 0.90781772
vt 0.34110823 0.90691638
vt 0.36853901 0.91342449
vt 0.34137949 0.91303265
vt 0.36853901 0.92207766
vt 0.34137949 0.92246938
vt 0.36829761 0.92768443
vt 0.34110823 0.92858565
vt 0.34106973 0.92971826
vt 0.34444824 0.88300693
vt 0.32169256 0.92896318
vt 0.30978462 0.92894495
vt 0.32166216 0.93010592
vt 0.32449785 0.88299656
vt 0.32195011 0.92264378
vt 0.30997732 0.92265093
vt 0.32195011 0.91285837
vt 0.30997732 0.91285110
vt 0.32169250 0.90653896
vt 0.30978462 0.90655720
vt 0.32166216 0.90539622
vt 0.32166669 0.95275962
vt 0.30938277 0.95276487
vt 0.30978259 0.90544069
vt 0.32165942 0.95185804
vt 0.30937013 0.95189106
vt 0.32170138 0.94977808
vt 0.30941257 0.94979775
vt 0.32178506 0.94623911
vt 0.30951425 0.94622505
vt 0.32187316 0.94272792
vt 0.30962285 0.94267797
vt 0.32198331 0.93986619
vt 0.32348683 0.87478864
vt 0.30975804 0.93982887
vt 0.31166026 0.87473488
vt 0.32353392 0.87364519
vt 0.34286049 0.87327123
vt 0.31167617 0.87361991
vt 0.32380912 0.86728489
vt 0.34316471 0.86711121
vt 0.31187788 0.86728859
vt 0.32380912 0.85743153
vt 0.34316477 0.85760510
vt 0.31187788 0.85742772
vt 0.32353398 0.85107112
vt 0.34286055 0.85144520
vt 0.31167617 0.85109639
vt 0.32348683 0.84992766
vt 0.32481793 0.89588940
vt 0.34280202 0.85030723
vt 0.34465346 0.89576924
vt 0.31166026 0.84998143
vt 0.31259474 0.89592755
vt 0.32470503 0.89302778
vt 0.34455690 0.89289033
vt 0.31245628 0.89307988
vt 0.32461652 0.88951683
vt 0.34450451 0.88945544
vt 0.31234673 0.88953340
vt 0.32453242 0.88597810
vt 0.34445807 0.88599122
vt 0.31224409 0.88596082
vt 0.32449082 0.88389802
vt 0.34443465 0.88395274
vt 0.31220177 0.88386750
vt 0.30978259 0.93006134
vt 0.31221566 0.88299334
vt 0.30597976 0.88384378
vt 0.26302427 0.92691100
vt 0.30343822 0.88382697
vt 0.30387536 0.92976880
vt 0.30605844 0.88304067
vt 0.30600032 0.88593853
vt 0.26146498 0.92704266
vt 0.30342069 0.88592362
vt 0.30610684 0.88952768
vt 0.25881845 0.92708147
vt 0.30352488 0.88952041
vt 0.30622759 0.89309180
vt 0.25618657 0.92701703
vt 0.30364886 0.89309347
vt 0.30577567 0.85028446
vt 0.30646852 0.89587379
vt 0.25401300 0.92702812
vt 0.30381754 0.85060608
vt 0.30440351 0.89579105
vt 0.30568507 0.85134768
vt 0.25397250 0.92608929
vt 0.30328408 0.85165215
vt 0.30578610 0.85752368
vt 0.25360104 0.92152005
vt 0.30328837 0.85765290
vt 0.30578610 0.86719275
vt 0.25362074 0.91437328
vt 0.30328837 0.86706340
vt 0.30568507 0.87336862
vt 0.25401732 0.90980613
vt 0.30328408 0.87306416
vt 0.30361196 0.93988371
vt 0.30577561 0.87443185
vt 0.25406313 0.90886748
vt 0.30155644 0.93997788
vt 0.30381754 0.87411022
vt 0.30339190 0.94266915
vt 0.25623655 0.90889060
vt 0.30081388 0.94267166
vt 0.30327424 0.94623363
vt 0.25886875 0.90884078
vt 0.30069301 0.94624293
vt 0.30317029 0.94982207
vt 0.26151499 0.90889418
vt 0.30059108 0.94983959
vt 0.30315170 0.95191479
vt 0.26307356 0.90903437
vt 0.30061123 0.95193720
vt 0.30323681 0.95271707
vt 0.30387536 0.90573335
vt 0.26376551 0.90886766
vt 0.30117211 0.95263970
vt 0.30191311 0.90604556
vt 0.30377421 0.90679646
vt 0.26384971 0.90981615
vt 0.30137268 0.90708554
vt 0.30386934 0.91294074
vt 0.26426193 0.91439980
vt 0.30137238 0.91306317
vt 0.30386934 0.92256141
vt 0.26424214 0.92155218
vt 0.30137238 0.92243898
vt 0.30377421 0.92870569
vt 0.26380473 0.92613345
vt 0.30137268 0.92841661
vt 0.26371530 0.92708147
vt 0.30191311 0.92945647
vt 0.30399373 0.88312447
vt 0.26285967 0.92563999
vt 0.26143643 0.92559183
vt 0.26303101 0.92140371
vt 0.26148933 0.92134649
vt 0.26304993 0.91454160
vt 0.26290205 0.91030461
vt 0.26150799 0.91459036
vt 0.26147851 0.91034478
vt 0.25890160 0.91459852
vt 0.25888300 0.92132390
vt 0.25631663 0.91457975
vt 0.25890309 0.91031712
vt 0.25634724 0.91033739
vt 0.25629795 0.92132860
vt 0.25630528 0.92557096
vt 0.25886092 0.92560524
vt 0.24423572 0.58089685
vt 0.33925769 0.57703763
vt 0.33916518 0.57651591
vt 0.13487771 0.90815413
vt 0.13486549 0.90710294
vt 0.47288510 0.52877313
vt 0.47339389 0.52874142
vt 0.47620931 0.52872282
vt 0.48072395 0.52872300
vt 0.48353943 0.52874219
vt 0.13602862 0.97359240
vt 0.48404822 0.52877402
vt 0.13604084 0.97254109
vt 0.22569099 0.91555691
vt 0.23486641 0.91630471
vt 0.22562549 0.91485941
vt 0.47288802 0.61917096
vt 0.23471895 0.91566813
vt 0.47293147 0.62844169
vt 0.47336164 0.61915547
vt 0.47336587 0.62851119
vt 0.47619012 0.61915994
vt 0.47618482 0.62855488
vt 0.48072216 0.61916053
vt 0.48072538 0.62855542
vt 0.48355058 0.61915678
vt 0.48354420 0.62851232
vt 0.22678825 0.96583569
vt 0.48402420 0.61917233
vt 0.23588166 0.96502697
vt 0.48397860 0.62844294
vt 0.22685376 0.96513820
vt 0.23602912 0.96439040
vt 0.22793135 0.95289814
vt 0.23717043 0.95283842
vt 0.23851410 0.95282352
vt 0.33202776 0.82994497
vt 0.23716685 0.95238972
vt 0.23844603 0.95238566
vt 0.33155999 0.82985055
vt 0.23714492 0.95216966
vt 0.23741046 0.94475412
vt 0.23822549 0.95220995
vt 0.23850361 0.94471455
vt 0.33127806 0.82995331
vt 0.23751262 0.94431305
vt 0.23886326 0.94432211
vt 0.33128205 0.82937694
vt 0.23756364 0.94150186
vt 0.23894504 0.94150472
vt 0.33087942 0.82650995
vt 0.23756328 0.93697071
vt 0.23894480 0.93696761
vt 0.33086023 0.82187378
vt 0.23751214 0.93415952
vt 0.33148143 0.82189715
vt 0.33197305 0.82191300
vt 0.33149859 0.82648146
vt 0.33199003 0.82646179
vt 0.33175859 0.82915127
vt 0.33214697 0.82910347
vt 0.34339902 0.82911372
vt 0.23736402 0.96428955
vt 0.34371540 0.82990611
vt 0.34439209 0.82932830
vt 0.48355016 0.62988812
vt 0.34346971 0.82641804
vt 0.34345254 0.82187676
vt 0.34466192 0.82644939
vt 0.48072729 0.62996215
vt 0.34464154 0.82183659
vt 0.47618255 0.62996173
vt 0.34435460 0.81896412
vt 0.47335961 0.62988704
vt 0.23579779 0.91579711
vt 0.34446672 0.81842399
vt 0.47297022 0.62954527
vt 0.34336379 0.81918466
vt 0.23620132 0.91640556
vt 0.34367499 0.81839097
vt 0.33211127 0.81926775
vt 0.23696050 0.96489799
vt 0.34450766 0.82986820
vt 0.48393956 0.62954646
vt 0.50850642 0.08014333
vt 0.59481460 0.26658344
vt 0.60728616 0.28594011
vt 0.98954278 0.01419598
vt 0.59229439 0.26658344
vt 0.60728568 0.28846025
vt 0.70378822 0.27347189
vt 0.50850642 0.08266306
vt 0.59481496 0.26910311
vt 0.70378822 0.27703595
vt 0.56169921 0.28594011
vt 0.57301849 0.26660776
vt 0.98954278 0.05978298
vt 0.99100763 0.17769939
vt 0.50752991 0.01419598
vt 0.55458170 0.29031277
vt 0.58265668 0.26658344
vt 0.99051934 0.08014333
vt 0.58265632 0.26910311
vt 0.66296023 0.26414788
vt 0.99051934 0.08266306
vt 0.55458122 0.28779256
vt 0.58517689 0.26658344
vt 0.66296023 0.26771188
vt 0.50752991 0.05978298
vt 0.50899476 0.29031277
vt 0.50899476 0.17769945
vt 0.68792123 0.26700318
vt 0.50902122 0.28779262
vt 0.67828345 0.26426750
vt 0.68540090 0.26700318
vt 0.50899476 0.18019497
vt 0.67828345 0.26783288
vt 0.68794745 0.26949865
vt 0.67729777 0.26603144
vt 0.68553263 0.26939154
vt 0.50899464 0.18197799
vt 0.64115715 0.20097542
vt 0.67620444 0.26909167
vt 0.57299227 0.26910311
vt 0.62260932 0.26362902
vt 0.99100763 0.18019491
vt 0.62053031 0.26237023
vt 0.98984700 0.20097530
vt 0.99100763 0.18197793
vt 0.57540697 0.26899606
vt 0.62162358 0.26543045
vt 0.62015992 0.26454419
vt 0.56172568 0.28846025
vt 0.57553881 0.26660776
vt 0.62260932 0.26719439
vt 0.62015992 0.26638937
vt 0.56179661 0.29031277
vt 0.59460038 0.27882195
vt 0.62053031 0.26855654
vt 0.61769986 0.26684409
vt 0.59440035 0.27622062
vt 0.61798227 0.26910317
vt 0.66770905 0.28810632
vt 0.60532886 0.27816767
vt 0.61547250 0.26652145
vt 0.61770219 0.26422316
vt 0.61797518 0.26196325
vt 0.98998410 0.20355904
vt 0.60663408 0.27686346
vt 0.61547071 0.26467633
vt 0.50948304 0.16957343
vt 0.60728616 0.27444994
vt 0.61563188 0.26250827
vt 0.99100763 0.20573628
vt 0.60528129 0.27686346
vt 0.61440367 0.26563388
vt 0.60284275 0.27697009
vt 0.61447126 0.28779262
vt 0.50948304 0.16765201
vt 0.60536474 0.27444994
vt 0.50801820 0.15551603
vt 0.50948304 0.16510606
vt 0.60281879 0.27444994
vt 0.61449522 0.29031277
vt 0.56332886 0.26473045
vt 0.99149591 0.16765189
vt 0.55419844 0.27882260
vt 0.56587476 0.26473045
vt 0.99003106 0.15551603
vt 0.99149591 0.16510600
vt 0.56341225 0.26714396
vt 0.67007774 0.26582795
vt 0.56140745 0.26473045
vt 0.64231771 0.20573640
vt 0.67130601 0.26895356
vt 0.99149591 0.16957331
vt 0.64129418 0.20355916
vt 0.67364925 0.26949865
vt 0.56205958 0.26714396
vt 0.67114478 0.26678550
vt 0.56336468 0.26844817
vt 0.67114669 0.26494038
vt 0.67337626 0.26723874
vt 0.67583406 0.26691771
vt 0.67337400 0.26461774
vt 0.61460370 0.27622062
vt 0.65560669 0.27882195
vt 0.67365640 0.26235867
vt 0.67583412 0.26507252
vt 0.50909215 0.28594005
vt 0.61440367 0.27882195
vt 0.67620444 0.26290536
vt 0.55458003 0.28594005
vt 0.64746726 0.27882260
vt 0.66084915 0.26902187
vt 0.66044956 0.26685214
vt 0.64759654 0.27622062
vt 0.65828794 0.26949865
vt 0.68842453 0.27882260
vt 0.65797716 0.26723987
vt 0.50899470 0.27444988
vt 0.64759523 0.26473045
vt 0.65595371 0.26902187
vt 0.68746299 0.27661610
vt 0.64518148 0.26538479
vt 0.65576130 0.26685226
vt 0.50899655 0.27630240
vt 0.64759654 0.26658303
vt 0.55429000 0.27444988
vt 0.56578320 0.26910317
vt 0.65471405 0.27661610
vt 0.67131215 0.26276749
vt 0.55422240 0.27630240
vt 0.56585079 0.26725060
vt 0.64518243 0.26668906
vt 0.65471405 0.26592994
vt 0.50899720 0.27882260
vt 0.64759654 0.26910317
vt 0.99003106 0.11031479
vt 0.99003106 0.10186636
vt 0.64507574 0.26910251
vt 0.99003106 0.09934556
vt 0.99051934 0.09348619
vt 0.50801820 0.11031485
vt 0.50801820 0.10186636
vt 0.63610393 0.26473051
vt 0.65969640 0.29031277
vt 0.50801820 0.09934556
vt 0.50850648 0.09348619
vt 0.63358307 0.26473051
vt 0.63610321 0.26725066
vt 0.65969706 0.28779262
vt 0.63368911 0.26714402
vt 0.69554198 0.27525383
vt 0.63610142 0.26910317
vt 0.65969890 0.28594011
vt 0.69678169 0.27216190
vt 0.69956523 0.29031277
vt 0.56140751 0.27622062
vt 0.69911581 0.27168512
vt 0.70052677 0.28810632
vt 0.63368779 0.26844823
vt 0.69658917 0.27433157
vt 0.60291040 0.27882266
vt 0.61440367 0.28594011
vt 0.61563808 0.26869434
vt 0.66681641 0.29031211
vt 0.69880509 0.27394390
vt 0.63238353 0.26714402
vt 0.69658917 0.27617610
vt 0.50850648 0.09163189
vt 0.50948304 0.07090712
vt 0.63172871 0.26473051
vt 0.69678164 0.27834582
vt 0.69880515 0.27656382
vt 0.70127743 0.27617610
vt 0.51048738 0.06874681
vt 0.69911581 0.27882260
vt 0.65828788 0.26236117
vt 0.86084658 0.06874675
vt 0.50850648 0.08451438
vt 0.51061672 0.06614476
vt 0.70167702 0.27834582
vt 0.66084915 0.26283795
vt 0.86097604 0.06614470
vt 0.99051934 0.08451426
vt 0.66044950 0.26500767
vt 0.65797716 0.26461995
vt 0.58506984 0.26899642
vt 0.66193587 0.26592988
vt 0.64387685 0.26668870
vt 0.65576130 0.26500773
vt 0.64322138 0.26910204
vt 0.65595371 0.26283801
vt 0.85984224 0.07090712
vt 0.99051934 0.09163183
vt 0.59240144 0.26899648
vt 0.70276374 0.27525389
vt 0.70127743 0.27433163
vt 0.56153685 0.27882260
vt 0.60728449 0.29031277
vt 0.70167702 0.27216190
vt 0.74375600 0.56151956
vt 0.88033640 0.86847645
vt 0.74442786 0.56151986
vt 0.87795126 0.82522982
vt 0.88100827 0.86847669
vt 0.87919748 0.84201807
vt 0.88034624 0.86780494
vt 0.74025941 0.80053622
vt 0.87284911 0.84967148
vt 0.74341035 0.56151956
vt 0.87999070 0.86847645
vt 0.87885165 0.84201759
vt 0.88000041 0.86780405
vt 0.73996264 0.80053622
vt 0.87255239 0.84967148
vt 0.50349402 0.56151956
vt 0.64007443 0.86847597
vt 0.50282210 0.56151980
vt 0.63940251 0.86847621
vt 0.50699073 0.80053622
vt 0.63958049 0.84967148
vt 0.63891578 0.84201676
vt 0.64006454 0.86780363
vt 0.63890857 0.84152424
vt 0.63958061 0.93440825
vt 0.64005733 0.86731201
vt 0.63942146 0.86783320
vt 0.62366456 0.91255683
vt 0.63907373 0.86783379
vt 0.62366456 0.91221398
vt 0.63893962 0.93437892
vt 0.63941634 0.86748618
vt 0.62302119 0.91203892
vt 0.63890857 0.93373549
vt 0.62302119 0.91252589
vt 0.63957781 0.93373549
vt 0.61774093 0.91203892
vt 0.63890862 0.92845529
vt 0.63957787 0.92845529
vt 0.61709756 0.91221398
vt 0.63893962 0.92781192
vt 0.88099438 0.87630552
vt 0.61774093 0.91252583
vt 0.61709756 0.91255677
vt 0.88133699 0.87665325
vt 0.61774093 0.91319519
vt 0.87795395 0.89990073
vt 0.61706913 0.91319776
vt 0.87795132 0.89922887
vt 0.88150215 0.87729651
vt 0.99109918 0.56152076
vt 0.62302119 0.91319519
vt 0.87795395 0.90518099
vt 0.61774093 0.89538342
vt 0.63891107 0.89990073
vt 0.61706913 0.89538592
vt 0.61708403 0.85464907
vt 0.63890862 0.89922893
vt 0.98760253 0.80053753
vt 0.61774093 0.89605784
vt 0.87448925 0.88562173
vt 0.62302119 0.89538342
vt 0.63891107 0.90518099
vt 0.62302119 0.89605784
vt 0.87448925 0.89090192
vt 0.50582498 0.80053753
vt 0.61771566 0.84650201
vt 0.62369299 0.89538592
vt 0.63890862 0.90585279
vt 0.61706913 0.84650201
vt 0.61808336 0.86281210
vt 0.62366456 0.89603180
vt 0.87431508 0.89154536
vt 0.50631887 0.80053657
vt 0.61773050 0.84699565
vt 0.63890862 0.84967184
vt 0.50232816 0.56152076
vt 0.62369305 0.91319782
vt 0.63890857 0.86847711
vt 0.87795132 0.90585279
vt 0.61707956 0.84684956
vt 0.61772025 0.86314362
vt 0.63894641 0.85031551
vt 0.61706913 0.86328894
vt 0.63959026 0.85034364
vt 0.61773098 0.86279613
vt 0.87396228 0.89154536
vt 0.87398821 0.89090192
vt 0.61708421 0.86279613
vt 0.63959754 0.85083789
vt 0.87331623 0.89157468
vt 0.64037818 0.89157552
vt 0.87253553 0.85083789
vt 0.87331372 0.89090192
vt 0.87331349 0.88562173
vt 0.64038074 0.89090282
vt 0.64008415 0.89090282
vt 0.64038074 0.88562256
vt 0.64037812 0.88494986
vt 0.87253553 0.85849220
vt 0.64008415 0.88562262
vt 0.61708373 0.87094229
vt 0.64008158 0.88495082
vt 0.87283212 0.85849172
vt 0.63940966 0.88562262
vt 0.61773032 0.87094229
vt 0.63943559 0.88497919
vt 0.61774105 0.90371120
vt 0.63890862 0.88562268
vt 0.63940966 0.89090282
vt 0.62302119 0.90371120
vt 0.63890862 0.89090282
vt 0.61742157 0.88723636
vt 0.63943559 0.89154625
vt 0.61706913 0.88725191
vt 0.61773050 0.83835500
vt 0.62366462 0.90373725
vt 0.63908285 0.89154625
vt 0.61806816 0.88723636
vt 0.64008158 0.89157468
vt 0.87283212 0.85083836
vt 0.61743182 0.88758391
vt 0.61772001 0.83870250
vt 0.87348318 0.85031551
vt 0.61706913 0.83884865
vt 0.63890862 0.82522982
vt 0.74093127 0.80053657
vt 0.87352097 0.84967190
vt 0.61808270 0.88773006
vt 0.87283933 0.85034364
vt 0.87254268 0.85034448
vt 0.61708397 0.83835500
vt 0.62369305 0.90438312
vt 0.63891548 0.82572371
vt 0.87795395 0.92013007
vt 0.62302119 0.90438557
vt 0.87795150 0.91945821
vt 0.61706913 0.92201000
vt 0.63891119 0.92013007
vt 0.87795824 0.82572359
vt 0.88150209 0.86847758
vt 0.61774099 0.92200744
vt 0.63890862 0.91945821
vt 0.61709756 0.92136902
vt 0.88133699 0.86783427
vt 0.61774099 0.92133814
vt 0.61709756 0.92102617
vt 0.88051766 0.93437976
vt 0.88099438 0.86748666
vt 0.88098925 0.86783367
vt 0.87920481 0.84152424
vt 0.87987679 0.93440819
vt 0.88035351 0.86731201
vt 0.61774099 0.92085117
vt 0.88054878 0.93373638
vt 0.87987953 0.93373638
vt 0.62302119 0.92085117
vt 0.88054878 0.92845613
vt 0.62302119 0.92133814
vt 0.62366462 0.92102617
vt 0.63941634 0.87630558
vt 0.88051778 0.92781276
vt 0.87987953 0.92845613
vt 0.64005721 0.87613100
vt 0.87920493 0.83387083
vt 0.87987685 0.92778426
vt 0.87953347 0.92845613
vt 0.87885892 0.83386999
vt 0.87953085 0.92778343
vt 0.87953335 0.93373632
vt 0.87885875 0.84152514
vt 0.87953079 0.93440908
vt 0.64041030 0.87662303
vt 0.87885177 0.83337754
vt 0.63890862 0.83387035
vt 0.63958049 0.92778343
vt 0.88035351 0.87613100
vt 0.63891590 0.83337706
vt 0.88034618 0.87662297
vt 0.88033634 0.87729537
vt 0.98993337 0.56151956
vt 0.88098925 0.87665266
vt 0.88100821 0.87729567
vt 0.99060529 0.56151986
vt 0.61706913 0.85514277
vt 0.63890857 0.85965830
vt 0.98710859 0.80053657
vt 0.63958049 0.85965866
vt 0.98643667 0.80053622
vt 0.61743182 0.87943691
vt 0.61772001 0.85499662
vt 0.63894641 0.85901457
vt 0.61808276 0.87958300
vt 0.63959026 0.85898656
vt 0.61706918 0.87910479
vt 0.61709756 0.89603180
vt 0.61773050 0.85464907
vt 0.87431502 0.88497835
vt 0.61742163 0.87908930
vt 0.87396222 0.88497835
vt 0.87398821 0.88562173
vt 0.61806822 0.87908930
vt 0.63959742 0.85849172
vt 0.87331623 0.88494986
vt 0.87254268 0.85898560
vt 0.61706913 0.87143594
vt 0.87283927 0.85898650
vt 0.75346476 0.80053622
vt 0.87255234 0.85965866
vt 0.75316805 0.80053622
vt 0.87284911 0.85965866
vt 0.64042002 0.87729543
vt 0.75001705 0.56151956
vt 0.64007431 0.87729543
vt 0.74967140 0.56151956
vt 0.64006448 0.87662393
vt 0.87919766 0.83337706
vt 0.63940245 0.87729567
vt 0.74899948 0.56151986
vt 0.87795126 0.81757635
vt 0.63942146 0.87665266
vt 0.62369305 0.92201000
vt 0.63890857 0.87729657
vt 0.63891119 0.91350621
vt 0.87795824 0.81708258
vt 0.61773050 0.83070165
vt 0.63890862 0.81757647
vt 0.75249618 0.80053657
vt 0.87352097 0.85965824
vt 0.61707956 0.83055550
vt 0.61772007 0.87128979
vt 0.87348312 0.85901457
vt 0.61706918 0.90438312
vt 0.61771560 0.83020800
vt 0.63891548 0.81708258
vt 0.87795395 0.91350615
vt 0.61774105 0.90438557
vt 0.87795144 0.91417795
vt 0.61706913 0.83020800
vt 0.61709762 0.90373725
vt 0.61808270 0.87095779
vt 0.63908285 0.88497925
vt 0.62302119 0.92200744
vt 0.63890862 0.91417801
vt 0.62366456 0.92136902
vt 0.63907373 0.87665325
f 122/122 78/78 10/10
f 122/122 10/10 108/108
f 118/118 121/121 107/107
f 118/118 107/107 39/39
f 56/56 57/57 123/123
f 56/56 123/123 139/139
f 123/123 57/57 4/4
f 123/123 4/4 44/44
f 117/117 124/124 45/45
f 117/117 45/45 33/33
f 125/125 60/60 6/6
f 125/125 6/6 58/58
f 77/77 20/20 70/70
f 77/77 70/70 126/126
f 126/126 70/70 31/31
f 126/126 31/31 119/119
f 142/142 89/89 91/91
f 142/142 91/91 128/128
f 14/14 62/62 127/127
f 14/14 127/127 81/81
f 149/149 116/116 118/118
f 149/149 118/118 138/138
f 126/126 127/127 62/62
f 126/126 62/62 77/77
f 81/81 127/127 80/80
f 81/81 80/80 29/29
f 114/114 110/110 136/136
f 114/114 136/136 155/155
f 142/142 128/128 112/112
f 142/142 112/112 42/42
f 91/91 27/27 47/47
f 91/91 47/47 128/128
f 128/128 47/47 7/7
f 128/128 7/7 112/112
f 125/125 153/153 79/79
f 125/125 79/79 60/60
f 34/34 46/46 130/130
f 34/34 130/130 116/116
f 43/43 5/5 59/59
f 43/43 59/59 129/129
f 130/130 121/121 118/118
f 130/130 118/118 116/116
f 40/40 109/109 131/131
f 40/40 131/131 115/115
f 109/109 12/12 66/66
f 109/109 66/66 131/131
f 41/41 132/132 67/67
f 41/41 67/67 1/1
f 29/29 80/80 133/133
f 29/29 133/133 53/53
f 53/53 133/133 114/114
f 53/53 114/114 35/35
f 38/38 120/120 134/134
f 38/38 134/134 106/106
f 131/131 134/134 120/120
f 131/131 120/120 115/115
f 106/106 134/134 100/100
f 106/106 100/100 24/24
f 156/156 135/135 97/97
f 156/156 97/97 64/64
f 110/110 37/37 105/105
f 110/110 105/105 136/136
f 135/135 104/104 22/22
f 135/135 22/22 97/97
f 127/127 126/126 119/119
f 127/127 119/119 80/80
f 150/150 148/148 115/115
f 150/150 115/115 120/120
f 8/8 49/49 137/137
f 8/8 137/137 113/113
f 61/61 158/158 147/147
f 61/61 147/147 76/76
f 101/101 90/90 144/144
f 101/101 144/144 146/146
f 59/59 78/78 122/122
f 59/59 122/122 129/129
f 89/89 149/149 138/138
f 89/89 138/138 91/91
f 118/118 39/39 85/85
f 118/118 85/85 138/138
f 138/138 85/85 27/27
f 138/138 27/27 91/91
f 137/137 132/132 41/41
f 137/137 41/41 113/113
f 111/111 36/36 74/74
f 111/111 74/74 140/140
f 139/139 73/73 17/17
f 139/139 17/17 56/56
f 140/140 124/124 117/117
f 140/140 117/117 111/111
f 9/9 48/48 141/141
f 9/9 141/141 50/50
f 48/48 28/28 88/88
f 48/48 88/88 141/141
f 3/3 84/84 142/142
f 3/3 142/142 42/42
f 84/84 26/26 89/89
f 84/84 89/89 142/142
f 144/144 90/90 25/25
f 144/144 25/25 83/83
f 69/69 144/144 83/83
f 69/69 83/83 2/2
f 94/94 15/15 82/82
f 94/94 82/82 146/146
f 146/146 82/82 30/30
f 146/146 30/30 101/101
f 145/145 143/143 68/68
f 145/145 68/68 93/93
f 66/66 100/100 134/134
f 66/66 134/134 131/131
f 133/133 151/151 110/110
f 133/133 110/110 114/114
f 76/76 147/147 95/95
f 76/76 95/95 19/19
f 28/28 86/86 148/148
f 28/28 148/148 88/88
f 86/86 40/40 115/115
f 86/86 115/115 148/148
f 87/87 88/88 148/148
f 87/87 148/148 150/150
f 152/152 157/157 111/111
f 152/152 111/111 117/117
f 26/26 103/103 149/149
f 26/26 149/149 89/89
f 103/103 34/34 116/116
f 103/103 116/116 149/149
f 32/32 87/87 150/150
f 32/32 150/150 52/52
f 52/52 150/150 120/120
f 52/52 120/120 38/38
f 31/31 51/51 151/151
f 31/31 151/151 119/119
f 51/51 37/37 110/110
f 51/51 110/110 151/151
f 151/151 133/133 80/80
f 151/151 80/80 119/119
f 132/132 137/137 147/147
f 132/132 147/147 158/158
f 153/153 154/154 99/99
f 153/153 99/99 65/65
f 157/157 152/152 90/90
f 157/157 90/90 101/101
f 152/152 117/117 33/33
f 152/152 33/33 102/102
f 90/90 152/152 102/102
f 90/90 102/102 25/25
f 154/154 160/160 63/63
f 154/154 63/63 98/98
f 65/65 11/11 79/79
f 65/65 79/79 153/153
f 147/147 137/137 49/49
f 147/147 49/49 95/95
f 99/99 154/154 98/98
f 99/99 98/98 23/23
f 35/35 114/114 155/155
f 35/35 155/155 72/72
f 75/75 156/156 64/64
f 75/75 64/64 18/18
f 101/101 30/30 54/54
f 101/101 54/54 157/157
f 157/157 54/54 36/36
f 157/157 36/36 111/111
f 125/125 160/160 154/154
f 125/125 154/154 153/153
f 61/61 13/13 92/92
f 61/61 92/92 158/158
f 132/132 158/158 92/92
f 132/132 92/92 67/67
f 21/21 96/96 159/159
f 21/21 159/159 71/71
f 141/141 159/159 96/96
f 141/141 96/96 50/50
f 71/71 159/159 87/87
f 71/71 87/87 32/32
f 125/125 58/58 55/55
f 125/125 55/55 160/160
f 141/141 88/88 87/87
f 141/141 87/87 159/159
f 160/160 55/55 16/16
f 160/160 16/16 63/63
f 165/165 1771/1771 166/166
f 165/165 166/166 162/162
f 168/168 173/173 164/164
f 168/168 164/164 161/161
f 172/172 169/169 163/163
f 172/172 163/163 167/167
f 170/170 174/174 173/173
f 170/170 173/173 168/168
f 171/171 169/169 172/172
f 171/171 172/172 1797/1797
f 174/174 176/176 175/175
f 174/174 175/175 173/173
f 173/173 175/175 177/177
f 173/173 177/177 164/164
f 176/176 180/180 179/179
f 176/176 179/179 175/175
f 175/175 179/179 182/182
f 175/175 182/182 177/177
f 180/180 241/241 181/181
f 180/180 181/181 179/179
f 179/179 181/181 184/184
f 179/179 184/184 182/182
f 185/185 187/187 186/186
f 185/185 186/186 183/183
f 186/186 188/188 178/178
f 186/186 178/178 183/183
f 186/186 187/187 191/191
f 186/186 191/191 189/189
f 186/186 189/189 190/190
f 186/186 190/190 188/188
f 190/190 189/189 192/192
f 190/190 192/192 193/193
f 192/192 189/189 191/191
f 192/192 191/191 194/194
f 193/193 192/192 195/195
f 193/193 195/195 197/197
f 194/194 196/196 195/195
f 194/194 195/195 192/192
f 195/195 196/196 200/200
f 195/195 200/200 198/198
f 202/202 197/197 195/195
f 202/202 195/195 198/198
f 201/201 207/207 204/204
f 201/201 204/204 199/199
f 203/203 199/199 204/204
f 203/203 204/204 205/205
f 205/205 204/204 206/206
f 205/205 206/206 1750/1750
f 204/204 207/207 209/209
f 204/204 209/209 206/206
f 207/207 201/201 259/259
f 207/207 259/259 208/208
f 209/209 207/207 208/208
f 209/209 208/208 210/210
f 209/209 210/210 212/212
f 209/209 212/212 211/211
f 206/206 209/209 211/211
f 206/206 211/211 213/213
f 214/214 211/211 212/212
f 214/214 212/212 218/218
f 213/213 211/211 214/214
f 213/213 214/214 216/216
f 215/215 220/220 222/222
f 215/215 222/222 217/217
f 220/220 215/215 219/219
f 220/220 219/219 221/221
f 223/223 220/220 221/221
f 223/223 221/221 225/225
f 220/220 223/223 224/224
f 220/220 224/224 222/222
f 224/224 223/223 226/226
f 224/224 226/226 227/227
f 223/223 225/225 228/228
f 223/223 228/228 226/226
f 227/227 226/226 229/229
f 227/227 229/229 231/231
f 230/230 229/229 226/226
f 230/230 226/226 228/228
f 233/233 229/229 230/230
f 233/233 230/230 237/237
f 229/229 233/233 235/235
f 229/229 235/235 231/231
f 232/232 238/238 240/240
f 232/232 240/240 234/234
f 239/239 238/238 232/232
f 239/239 232/232 236/236
f 242/242 241/241 238/238
f 242/242 238/238 239/239
f 238/238 241/241 180/180
f 238/238 180/180 240/240
f 241/241 242/242 244/244
f 241/241 244/244 181/181
f 243/243 242/242 239/239
f 243/243 239/239 1720/1720
f 242/242 243/243 245/245
f 242/242 245/245 244/244
f 244/244 245/245 248/248
f 244/244 248/248 246/246
f 181/181 244/244 246/246
f 181/181 246/246 184/184
f 249/249 251/251 250/250
f 249/249 250/250 247/247
f 247/247 250/250 187/187
f 247/247 187/187 185/185
f 252/252 191/191 187/187
f 252/252 187/187 250/250
f 250/250 251/251 253/253
f 250/250 253/253 252/252
f 254/254 252/252 253/253
f 254/254 253/253 255/255
f 194/194 191/191 252/252
f 194/194 252/252 254/254
f 255/255 257/257 256/256
f 255/255 256/256 254/254
f 196/196 194/194 254/254
f 196/196 254/254 256/256
f 196/196 256/256 258/258
f 196/196 258/258 200/200
f 256/256 257/257 260/260
f 256/256 260/260 258/258
f 261/261 264/264 208/208
f 261/261 208/208 259/259
f 263/263 266/266 264/264
f 263/263 264/264 261/261
f 260/260 257/257 320/320
f 260/260 320/320 262/262
f 208/208 264/264 265/265
f 208/208 265/265 210/210
f 264/264 266/266 267/267
f 264/264 267/267 265/265
f 270/270 268/268 266/266
f 270/270 266/266 263/263
f 266/266 268/268 272/272
f 266/266 272/272 267/267
f 268/268 270/270 325/325
f 268/268 325/325 271/271
f 272/272 268/268 271/271
f 272/272 271/271 273/273
f 272/272 273/273 275/275
f 272/272 275/275 274/274
f 267/267 272/272 274/274
f 267/267 274/274 276/276
f 277/277 274/274 275/275
f 277/277 275/275 281/281
f 276/276 274/274 277/277
f 276/276 277/277 279/279
f 278/278 283/283 285/285
f 278/278 285/285 280/280
f 283/283 278/278 282/282
f 283/283 282/282 284/284
f 286/286 283/283 284/284
f 286/286 284/284 288/288
f 283/283 286/286 287/287
f 283/283 287/287 285/285
f 287/287 286/286 289/289
f 287/287 289/289 290/290
f 286/286 288/288 291/291
f 286/286 291/291 289/289
f 290/290 289/289 292/292
f 290/290 292/292 294/294
f 293/293 292/292 289/289
f 293/293 289/289 291/291
f 296/296 292/292 293/293
f 296/296 293/293 300/300
f 292/292 296/296 298/298
f 292/292 298/298 294/294
f 295/295 301/301 303/303
f 295/295 303/303 297/297
f 302/302 301/301 295/295
f 302/302 295/295 299/299
f 305/305 304/304 301/301
f 305/305 301/301 302/302
f 301/301 304/304 306/306
f 301/301 306/306 303/303
f 304/304 305/305 308/308
f 304/304 308/308 307/307
f 306/306 304/304 307/307
f 306/306 307/307 311/311
f 307/307 308/308 332/332
f 307/307 332/332 309/309
f 311/311 307/307 309/309
f 311/311 309/309 312/312
f 243/243 306/306 311/311
f 243/243 311/311 245/245
f 245/245 311/311 312/312
f 245/245 312/312 248/248
f 310/310 315/315 314/314
f 310/310 314/314 313/313
f 314/314 251/251 249/249
f 314/314 249/249 313/313
f 314/314 315/315 317/317
f 314/314 317/317 316/316
f 314/314 316/316 253/253
f 314/314 253/253 251/251
f 255/255 253/253 316/316
f 255/255 316/316 318/318
f 318/318 316/316 317/317
f 318/318 317/317 319/319
f 255/255 318/318 320/320
f 255/255 320/320 257/257
f 319/319 321/321 320/320
f 319/319 320/320 318/318
f 320/320 321/321 269/269
f 320/320 269/269 262/262
f 321/321 322/322 324/324
f 321/321 324/324 269/269
f 321/321 319/319 326/326
f 321/321 326/326 322/322
f 327/327 323/323 322/322
f 327/327 322/322 326/326
f 322/322 323/323 1588/1588
f 322/322 1588/1588 324/324
f 326/326 328/328 329/329
f 326/326 329/329 327/327
f 319/319 317/317 328/328
f 319/319 328/328 326/326
f 330/330 331/331 329/329
f 330/330 329/329 328/328
f 328/328 317/317 315/315
f 328/328 315/315 330/330
f 333/333 330/330 315/315
f 333/333 315/315 310/310
f 335/335 331/331 330/330
f 335/335 330/330 333/333
f 308/308 338/338 334/334
f 308/308 334/334 332/332
f 337/337 1611/1611 331/331
f 337/337 331/331 335/335
f 338/338 340/340 336/336
f 338/338 336/336 334/334
f 339/339 341/341 340/340
f 339/339 340/340 338/338
f 305/305 339/339 338/338
f 305/305 338/338 308/308
f 342/342 344/344 336/336
f 342/342 336/336 340/340
f 341/341 346/346 342/342
f 341/341 342/342 340/340
f 343/343 1613/1613 344/344
f 343/343 344/344 342/342
f 346/346 347/347 343/343
f 346/346 343/343 342/342
f 352/352 347/347 346/346
f 352/352 346/346 349/349
f 349/349 346/346 341/341
f 349/349 341/341 356/356
f 351/351 359/359 362/362
f 351/351 362/362 353/353
f 354/354 363/363 358/358
f 354/354 358/358 348/348
f 357/357 427/427 355/355
f 357/357 355/355 350/350
f 358/358 363/363 365/365
f 358/358 365/365 360/360
f 361/361 1709/1709 362/362
f 361/361 362/362 359/359
f 363/363 364/364 366/366
f 363/363 366/366 365/365
f 363/363 354/354 430/430
f 363/363 430/430 364/364
f 365/365 366/366 368/368
f 365/365 368/368 367/367
f 360/360 365/365 367/367
f 360/360 367/367 369/369
f 372/372 371/371 367/367
f 372/372 367/367 368/368
f 371/371 373/373 369/369
f 371/371 369/369 367/367
f 375/375 371/371 372/372
f 375/375 372/372 381/381
f 371/371 375/375 377/377
f 371/371 377/377 373/373
f 376/376 383/383 385/385
f 376/376 385/385 378/378
f 376/376 382/382 384/384
f 376/376 384/384 383/383
f 388/388 387/387 383/383
f 388/388 383/383 384/384
f 389/389 385/385 383/383
f 389/389 383/383 387/387
f 398/398 392/392 387/387
f 398/398 387/387 388/388
f 387/387 392/392 394/394
f 387/387 394/394 389/389
f 391/391 399/399 401/401
f 391/391 401/401 393/393
f 400/400 399/399 391/391
f 400/400 391/391 397/397
f 404/404 403/403 399/399
f 404/404 399/399 400/400
f 403/403 405/405 401/401
f 403/403 401/401 399/399
f 407/407 403/403 404/404
f 407/407 404/404 408/408
f 403/403 407/407 409/409
f 403/403 409/409 405/405
f 407/407 408/408 412/412
f 407/407 412/412 411/411
f 409/409 407/407 411/411
f 409/409 411/411 413/413
f 415/415 411/411 412/412
f 415/415 412/412 421/421
f 413/413 411/411 415/415
f 413/413 415/415 417/417
f 419/419 416/416 423/423
f 419/419 423/423 426/426
f 423/423 416/416 422/422
f 423/423 422/422 424/424
f 427/427 423/423 424/424
f 427/427 424/424 428/428
f 357/357 426/426 423/423
f 357/357 423/423 427/427
f 427/427 428/428 431/431
f 427/427 431/431 355/355
f 424/424 468/468 429/429
f 424/424 429/429 428/428
f 429/429 432/432 431/431
f 429/429 431/431 428/428
f 433/433 436/436 364/364
f 433/433 364/364 430/430
f 436/436 433/433 435/435
f 436/436 435/435 437/437
f 432/432 429/429 472/472
f 432/432 472/472 434/434
f 438/438 436/436 437/437
f 438/438 437/437 439/439
f 436/436 438/438 366/366
f 436/436 366/366 364/364
f 438/438 440/440 368/368
f 438/438 368/368 366/366
f 440/440 438/438 439/439
f 440/440 439/439 441/441
f 368/368 440/440 442/442
f 368/368 442/442 372/372
f 440/440 441/441 443/443
f 440/440 443/443 442/442
f 446/446 444/444 442/442
f 446/446 442/442 443/443
f 442/442 444/444 381/381
f 442/442 381/381 372/372
f 448/448 445/445 447/447
f 448/448 447/447 449/449
f 448/448 384/384 382/382
f 448/448 382/382 445/445
f 451/451 450/450 448/448
f 451/451 448/448 449/449
f 450/450 388/388 384/384
f 450/450 384/384 448/448
f 455/455 453/453 450/450
f 455/455 450/450 451/451
f 450/450 453/453 398/398
f 450/450 398/398 388/388
f 452/452 456/456 400/400
f 452/452 400/400 397/397
f 454/454 457/457 456/456
f 454/454 456/456 452/452
f 400/400 456/456 458/458
f 400/400 458/458 404/404
f 456/456 457/457 459/459
f 456/456 459/459 458/458
f 459/459 461/461 460/460
f 459/459 460/460 458/458
f 458/458 460/460 408/408
f 458/458 408/408 404/404
f 462/462 460/460 461/461
f 462/462 461/461 463/463
f 460/460 462/462 412/412
f 460/460 412/412 408/408
f 412/412 462/462 465/465
f 412/412 465/465 421/421
f 462/462 463/463 467/467
f 462/462 467/467 465/465
f 422/422 464/464 468/468
f 422/422 468/468 424/424
f 468/468 464/464 466/466
f 468/468 466/466 469/469
f 468/468 469/469 472/472
f 468/468 472/472 429/429
f 473/473 472/472 469/469
f 473/473 469/469 470/470
f 466/466 487/487 470/470
f 466/466 470/470 469/469
f 476/476 434/434 472/472
f 476/476 472/472 473/473
f 482/482 477/477 474/474
f 482/482 474/474 479/479
f 471/471 483/483 479/479
f 471/471 479/479 474/474
f 479/479 483/483 484/484
f 479/479 484/484 480/480
f 480/480 551/551 482/482
f 480/480 482/482 479/479
f 488/488 485/485 483/483
f 488/488 483/483 471/471
f 485/485 491/491 484/484
f 485/485 484/484 483/483
f 495/495 493/493 486/486
f 495/495 486/486 490/490
f 493/493 496/496 492/492
f 493/493 492/492 486/486
f 499/499 497/497 493/493
f 499/499 493/493 495/495
f 497/497 500/500 496/496
f 497/497 496/496 493/493
f 501/501 497/497 499/499
f 501/501 499/499 503/503
f 504/504 500/500 497/497
f 504/504 497/497 501/501
f 505/505 501/501 503/503
f 505/505 503/503 507/507
f 504/504 501/501 505/505
f 504/504 505/505 508/508
f 510/510 505/505 507/507
f 510/510 507/507 514/514
f 516/516 508/508 505/505
f 516/516 505/505 510/510
f 517/517 509/509 511/511
f 517/517 511/511 518/518
f 520/520 515/515 509/509
f 520/520 509/509 517/517
f 521/521 517/517 518/518
f 521/521 518/518 522/522
f 524/524 520/520 517/517
f 524/524 517/517 521/521
f 526/526 521/521 522/522
f 526/526 522/522 530/530
f 528/528 524/524 521/521
f 528/528 521/521 526/526
f 536/536 527/527 525/525
f 536/536 525/525 533/533
f 533/533 525/525 529/529
f 533/533 529/529 534/534
f 537/537 533/533 534/534
f 537/537 534/534 538/538
f 536/536 533/533 537/537
f 536/536 537/537 540/540
f 541/541 537/537 538/538
f 541/541 538/538 542/542
f 544/544 540/540 537/537
f 544/544 537/537 541/541
f 546/546 545/545 541/541
f 546/546 541/541 542/542
f 545/545 548/548 544/544
f 545/545 544/544 541/541
f 475/475 481/481 545/545
f 475/475 545/545 546/546
f 550/550 548/548 545/545
f 550/550 545/545 481/481
f 548/548 549/549 588/588
f 548/548 588/588 544/544
f 548/548 550/550 552/552
f 548/548 552/552 549/549
f 480/480 556/556 553/553
f 480/480 553/553 551/551
f 557/557 555/555 553/553
f 557/557 553/553 556/556
f 554/554 591/591 549/549
f 554/554 549/549 552/552
f 480/480 484/484 558/558
f 480/480 558/558 556/556
f 559/559 557/557 556/556
f 559/559 556/556 558/558
f 560/560 562/562 559/559
f 560/560 559/559 558/558
f 484/484 491/491 560/560
f 484/484 560/560 558/558
f 564/564 565/565 563/563
f 564/564 563/563 561/561
f 492/492 496/496 564/564
f 492/492 564/564 561/561
f 567/567 565/565 564/564
f 567/567 564/564 566/566
f 500/500 566/566 564/564
f 500/500 564/564 496/496
f 569/569 567/567 566/566
f 569/569 566/566 568/568
f 504/504 568/568 566/566
f 504/504 566/566 500/500
f 570/570 571/571 569/569
f 570/570 569/569 568/568
f 568/568 504/504 508/508
f 568/568 508/508 570/570
f 575/575 571/571 570/570
f 575/575 570/570 573/573
f 570/570 508/508 516/516
f 570/570 516/516 573/573
f 577/577 574/574 572/572
f 577/577 572/572 576/576
f 572/572 515/515 520/520
f 572/572 520/520 576/576
f 576/576 578/578 579/579
f 576/576 579/579 577/577
f 576/576 520/520 524/524
f 576/576 524/524 578/578
f 528/528 581/581 578/578
f 528/528 578/578 524/524
f 583/583 579/579 578/578
f 583/583 578/578 581/581
f 585/585 582/582 580/580
f 585/585 580/580 584/584
f 527/527 536/536 584/584
f 527/527 584/584 580/580
f 586/586 587/587 585/585
f 586/586 585/585 584/584
f 584/584 536/536 540/540
f 584/584 540/540 586/586
f 589/589 587/587 586/586
f 589/589 586/586 588/588
f 586/586 540/540 544/544
f 586/586 544/544 588/588
f 591/591 589/589 588/588
f 591/591 588/588 549/549
f 666/666 587/587 589/589
f 666/666 589/589 590/590
f 592/592 590/590 589/589
f 592/592 589/589 591/591
f 594/594 592/592 591/591
f 594/594 591/591 554/554
f 593/593 669/669 590/590
f 593/593 590/590 592/592
f 594/594 596/596 593/593
f 594/594 593/593 592/592
f 598/598 599/599 597/597
f 598/598 597/597 595/595
f 598/598 595/595 555/555
f 598/598 555/555 601/601
f 600/600 681/681 599/599
f 600/600 599/599 598/598
f 603/603 600/600 598/598
f 603/603 598/598 601/601
f 604/604 603/603 601/601
f 604/604 601/601 602/602
f 601/601 555/555 557/557
f 601/601 557/557 602/602
f 603/603 604/604 606/606
f 603/603 606/606 605/605
f 600/600 603/603 605/605
f 600/600 605/605 607/607
f 609/609 608/608 605/605
f 609/609 605/605 606/606
f 608/608 610/610 607/607
f 608/608 607/607 605/605
f 613/613 611/611 608/608
f 613/613 608/608 609/609
f 611/611 612/612 610/610
f 611/611 610/610 608/608
f 614/614 615/615 612/612
f 614/614 612/612 611/611
f 616/616 614/614 611/611
f 616/616 611/611 613/613
f 618/618 620/620 615/615
f 618/618 615/615 614/614
f 622/622 618/618 614/614
f 622/622 614/614 616/616
f 623/623 624/624 619/619
f 623/623 619/619 617/617
f 625/625 623/623 617/617
f 625/625 617/617 621/621
f 628/628 624/624 623/623
f 628/628 623/623 626/626
f 626/626 623/623 625/625
f 626/626 625/625 627/627
f 627/627 630/630 629/629
f 627/627 629/629 626/626
f 626/626 629/629 631/631
f 626/626 631/631 628/628
f 632/632 629/629 630/630
f 632/632 630/630 634/634
f 633/633 631/631 629/629
f 633/633 629/629 632/632
f 637/637 633/633 632/632
f 637/637 632/632 635/635
f 635/635 632/632 634/634
f 635/635 634/634 639/639
f 642/642 638/638 636/636
f 642/642 636/636 641/641
f 641/641 636/636 640/640
f 641/641 640/640 643/643
f 645/645 642/642 641/641
f 645/645 641/641 644/644
f 644/644 641/641 643/643
f 644/644 643/643 646/646
f 647/647 648/648 645/645
f 647/647 645/645 644/644
f 649/649 647/647 644/644
f 649/649 644/644 646/646
f 648/648 647/647 650/650
f 648/648 650/650 652/652
f 647/647 649/649 651/651
f 647/647 651/651 650/650
f 655/655 653/653 650/650
f 655/655 650/650 651/651
f 653/653 654/654 652/652
f 653/653 652/652 650/650
f 654/654 653/653 656/656
f 654/654 656/656 658/658
f 653/653 655/655 657/657
f 653/653 657/657 656/656
f 583/583 656/656 657/657
f 583/583 657/657 579/579
f 661/661 658/658 656/656
f 661/661 656/656 583/583
f 658/658 661/661 663/663
f 658/658 663/663 659/659
f 658/658 659/659 731/731
f 658/658 731/731 654/654
f 665/665 662/662 660/660
f 665/665 660/660 664/664
f 664/664 660/660 582/582
f 664/664 582/582 585/585
f 666/666 664/664 585/585
f 666/666 585/585 587/587
f 666/666 667/667 665/665
f 666/666 665/665 664/664
f 669/669 667/667 666/666
f 669/669 666/666 590/590
f 668/668 1248/1248 665/665
f 668/668 665/665 667/667
f 670/670 668/668 667/667
f 670/670 667/667 669/669
f 672/672 670/670 669/669
f 672/672 669/669 593/593
f 671/671 1250/1250 668/668
f 671/671 668/668 670/670
f 673/673 671/671 670/670
f 673/673 670/670 672/672
f 596/596 674/674 672/672
f 596/596 672/672 593/593
f 674/674 676/676 673/673
f 674/674 673/673 672/672
f 597/597 599/599 678/678
f 597/597 678/678 675/675
f 678/678 679/679 677/677
f 678/678 677/677 675/675
f 681/681 680/680 678/678
f 681/681 678/678 599/599
f 680/680 683/683 679/679
f 680/680 679/679 678/678
f 1243/1243 682/682 680/680
f 1243/1243 680/680 681/681
f 682/682 684/684 683/683
f 682/682 683/683 680/680
f 683/683 684/684 686/686
f 683/683 686/686 685/685
f 679/679 683/683 685/685
f 679/679 685/685 687/687
f 686/686 689/689 688/688
f 686/686 688/688 685/685
f 685/685 688/688 691/691
f 685/685 691/691 687/687
f 688/688 689/689 781/781
f 688/688 781/781 690/690
f 690/690 692/692 691/691
f 690/690 691/691 688/688
f 687/687 691/691 694/694
f 687/687 694/694 696/696
f 694/694 691/691 692/692
f 694/694 692/692 698/698
f 695/695 693/693 699/699
f 695/695 699/699 701/701
f 699/699 693/693 697/697
f 699/699 697/697 700/700
f 702/702 699/699 700/700
f 702/702 700/700 703/703
f 699/699 702/702 704/704
f 699/699 704/704 701/701
f 706/706 705/705 702/702
f 706/706 702/702 703/703
f 702/702 705/705 707/707
f 702/702 707/707 704/704
f 705/705 706/706 709/709
f 705/705 709/709 708/708
f 707/707 705/705 708/708
f 707/707 708/708 710/710
f 715/715 711/711 708/708
f 715/715 708/708 709/709
f 708/708 711/711 713/713
f 708/708 713/713 710/710
f 718/718 714/714 712/712
f 718/718 712/712 717/717
f 719/719 717/717 712/712
f 719/719 712/712 716/716
f 718/718 717/717 720/720
f 718/718 720/720 723/723
f 717/717 719/719 721/721
f 717/717 721/721 720/720
f 720/720 721/721 883/883
f 720/720 883/883 722/722
f 723/723 720/720 722/722
f 723/723 722/722 724/724
f 726/726 718/718 723/723
f 726/726 723/723 725/725
f 725/725 723/723 724/724
f 725/725 724/724 727/727
f 729/729 726/726 725/725
f 729/729 725/725 728/728
f 728/728 725/725 727/727
f 728/728 727/727 730/730
f 659/659 729/729 728/728
f 659/659 728/728 731/731
f 731/731 728/728 730/730
f 731/731 730/730 732/732
f 654/654 731/731 732/732
f 654/654 732/732 652/652
f 652/652 732/732 733/733
f 652/652 733/733 648/648
f 732/732 730/730 735/735
f 732/732 735/735 733/733
f 648/648 733/733 734/734
f 648/648 734/734 645/645
f 733/733 735/735 737/737
f 733/733 737/737 734/734
f 730/730 727/727 736/736
f 730/730 736/736 735/735
f 735/735 736/736 738/738
f 735/735 738/738 737/737
f 737/737 739/739 740/740
f 737/737 740/740 734/734
f 738/738 741/741 739/739
f 738/738 739/739 737/737
f 739/739 743/743 747/747
f 739/739 747/747 740/740
f 741/741 745/745 743/743
f 741/741 743/743 739/739
f 744/744 749/749 748/748
f 744/744 748/748 742/742
f 748/748 750/750 746/746
f 748/748 746/746 742/742
f 748/748 749/749 753/753
f 748/748 753/753 751/751
f 748/748 751/751 752/752
f 748/748 752/752 750/750
f 751/751 754/754 755/755
f 751/751 755/755 752/752
f 753/753 756/756 754/754
f 753/753 754/754 751/751
f 755/755 754/754 757/757
f 755/755 757/757 759/759
f 756/756 758/758 757/757
f 756/756 757/757 754/754
f 757/757 758/758 762/762
f 757/757 762/762 760/760
f 764/764 759/759 757/757
f 764/764 757/757 760/760
f 763/763 768/768 766/766
f 763/763 766/766 761/761
f 761/761 766/766 767/767
f 761/761 767/767 765/765
f 767/767 766/766 769/769
f 767/767 769/769 770/770
f 766/766 768/768 771/771
f 766/766 771/771 769/769
f 770/770 769/769 772/772
f 770/770 772/772 773/773
f 769/769 771/771 774/774
f 769/769 774/774 772/772
f 773/773 772/772 682/682
f 773/773 682/682 1243/1243
f 772/772 774/774 684/684
f 772/772 684/684 682/682
f 774/774 771/771 776/776
f 774/774 776/776 775/775
f 684/684 774/774 775/775
f 684/684 775/775 686/686
f 776/776 778/778 777/777
f 776/776 777/777 775/775
f 775/775 777/777 689/689
f 775/775 689/689 686/686
f 777/777 778/778 780/780
f 777/777 780/780 779/779
f 689/689 777/777 779/779
f 689/689 779/779 781/781
f 785/785 782/782 779/779
f 785/785 779/779 780/780
f 782/782 784/784 781/781
f 782/782 781/781 779/779
f 783/783 846/846 784/784
f 783/783 784/784 782/782
f 786/786 783/783 782/782
f 786/786 782/782 785/785
f 780/780 789/789 787/787
f 780/780 787/787 785/785
f 785/785 787/787 788/788
f 785/785 788/788 786/786
f 787/787 791/791 795/795
f 787/787 795/795 788/788
f 793/793 791/791 787/787
f 793/793 787/787 789/789
f 792/792 798/798 796/796
f 792/792 796/796 790/790
f 790/790 796/796 797/797
f 790/790 797/797 794/794
f 796/796 799/799 800/800
f 796/796 800/800 797/797
f 799/799 796/796 798/798
f 799/799 798/798 801/801
f 803/803 800/800 799/799
f 803/803 799/799 802/802
f 802/802 799/799 801/801
f 802/802 801/801 804/804
f 806/806 803/803 802/802
f 806/806 802/802 805/805
f 805/805 802/802 804/804
f 805/805 804/804 807/807
f 812/812 806/806 805/805
f 812/812 805/805 808/808
f 808/808 805/805 807/807
f 808/808 807/807 810/810
f 814/814 809/809 811/811
f 814/814 811/811 816/816
f 815/815 813/813 809/809
f 815/815 809/809 814/814
f 819/819 815/815 814/814
f 819/819 814/814 817/817
f 817/817 814/814 816/816
f 817/817 816/816 818/818
f 817/817 818/818 821/821
f 817/817 821/821 820/820
f 819/819 817/817 820/820
f 819/819 820/820 823/823
f 820/820 821/821 883/883
f 820/820 883/883 822/822
f 823/823 820/820 822/822
f 823/823 822/822 824/824
f 825/825 823/823 824/824
f 825/825 824/824 826/826
f 819/819 823/823 825/825
f 819/819 825/825 815/815
f 815/815 825/825 828/828
f 815/815 828/828 813/813
f 828/828 825/825 826/826
f 828/828 826/826 830/830
f 831/831 827/827 829/829
f 831/831 829/829 832/832
f 812/812 827/827 831/831
f 812/812 831/831 806/806
f 833/833 803/803 806/806
f 833/833 806/806 831/831
f 833/833 831/831 832/832
f 833/833 832/832 834/834
f 803/803 833/833 835/835
f 803/803 835/835 800/800
f 835/835 833/833 834/834
f 835/835 834/834 836/836
f 835/835 837/837 797/797
f 835/835 797/797 800/800
f 837/837 835/835 836/836
f 837/837 836/836 838/838
f 837/837 839/839 794/794
f 837/837 794/794 797/797
f 841/841 839/839 837/837
f 841/841 837/837 838/838
f 842/842 844/844 843/843
f 842/842 843/843 840/840
f 840/840 843/843 788/788
f 840/840 788/788 795/795
f 843/843 783/783 786/786
f 843/843 786/786 788/788
f 846/846 783/783 843/843
f 846/846 843/843 844/844
f 845/845 847/847 846/846
f 845/845 846/846 844/844
f 855/855 845/845 844/844
f 855/855 844/844 842/842
f 848/848 784/784 846/846
f 848/848 846/846 847/847
f 845/845 850/850 848/848
f 845/845 848/848 847/847
f 849/849 781/781 784/784
f 849/849 784/784 848/848
f 848/848 850/850 851/851
f 848/848 851/851 849/849
f 855/855 853/853 850/850
f 855/855 850/850 845/845
f 850/850 853/853 857/857
f 850/850 857/857 851/851
f 859/859 858/858 852/852
f 859/859 852/852 854/854
f 852/852 858/858 860/860
f 852/852 860/860 856/856
f 862/862 861/861 858/858
f 862/862 858/858 859/859
f 861/861 863/863 860/860
f 861/861 860/860 858/858
f 864/864 861/861 862/862
f 864/864 862/862 865/865
f 864/864 866/866 863/863
f 864/864 863/863 861/861
f 867/867 864/864 865/865
f 867/867 865/865 868/868
f 869/869 866/866 864/864
f 869/869 864/864 867/867
f 870/870 867/867 868/868
f 870/870 868/868 872/872
f 874/874 869/869 867/867
f 874/874 867/867 870/870
f 876/876 871/871 873/873
f 876/876 873/873 877/877
f 875/875 871/871 876/876
f 875/875 876/876 878/878
f 879/879 876/876 877/877
f 879/879 877/877 880/880
f 881/881 878/878 876/876
f 881/881 876/876 879/879
f 880/880 824/824 822/822
f 880/880 822/822 879/879
f 879/879 822/822 883/883
f 879/879 883/883 881/881
f 881/881 883/883 721/721
f 881/881 721/721 882/882
f 882/882 886/886 878/878
f 882/882 878/878 881/881
f 722/722 883/883 821/821
f 722/722 821/821 1219/1219
f 882/882 721/721 953/953
f 882/882 953/953 884/884
f 884/884 887/887 886/886
f 884/884 886/886 882/882
f 886/886 890/890 875/875
f 886/886 875/875 878/878
f 887/887 891/891 890/890
f 887/887 890/890 886/886
f 889/889 895/895 869/869
f 889/889 869/869 874/874
f 889/889 892/892 896/896
f 889/889 896/896 895/895
f 895/895 898/898 866/866
f 895/895 866/866 869/869
f 896/896 899/899 898/898
f 896/896 898/898 895/895
f 898/898 901/901 863/863
f 898/898 863/863 866/866
f 899/899 902/902 901/901
f 899/899 901/901 898/898
f 860/860 863/863 901/901
f 860/860 901/901 904/904
f 901/901 902/902 905/905
f 901/901 905/905 904/904
f 856/856 860/860 904/904
f 856/856 904/904 907/907
f 905/905 909/909 907/907
f 905/905 907/907 904/904
f 857/857 908/908 913/913
f 857/857 913/913 851/851
f 908/908 910/910 914/914
f 908/908 914/914 913/913
f 849/849 851/851 913/913
f 849/849 913/913 916/916
f 913/913 914/914 917/917
f 913/913 917/917 916/916
f 916/916 690/690 781/781
f 916/916 781/781 849/849
f 917/917 920/920 690/690
f 917/917 690/690 916/916
f 918/918 915/915 977/977
f 918/918 977/977 919/919
f 919/919 922/922 921/921
f 919/919 921/921 918/918
f 920/920 923/923 692/692
f 920/920 692/692 690/690
f 925/925 924/924 921/921
f 925/925 921/921 922/922
f 692/692 923/923 927/927
f 692/692 927/927 698/698
f 929/929 924/924 925/925
f 929/929 925/925 931/931
f 926/926 932/932 700/700
f 926/926 700/700 697/697
f 930/930 934/934 933/933
f 930/930 933/933 928/928
f 932/932 935/935 703/703
f 932/932 703/703 700/700
f 933/933 934/934 937/937
f 933/933 937/937 936/936
f 935/935 938/938 706/706
f 935/935 706/706 703/703
f 937/937 940/940 939/939
f 937/937 939/939 936/936
f 709/709 706/706 938/938
f 709/709 938/938 941/941
f 942/942 939/939 940/940
f 942/942 940/940 943/943
f 715/715 709/709 941/941
f 715/715 941/941 944/944
f 946/946 942/942 943/943
f 946/946 943/943 948/948
f 945/945 950/950 719/719
f 945/945 719/719 716/716
f 952/952 951/951 947/947
f 952/952 947/947 949/949
f 719/719 950/950 953/953
f 719/719 953/953 721/721
f 954/954 951/951 952/952
f 954/954 952/952 955/955
f 885/885 954/954 955/955
f 885/885 955/955 957/957
f 952/952 1002/1002 956/956
f 952/952 956/956 955/955
f 957/957 955/955 956/956
f 957/957 956/956 958/958
f 957/957 959/959 888/888
f 957/957 888/888 885/885
f 958/958 960/960 959/959
f 958/958 959/959 957/957
f 960/960 964/964 962/962
f 960/960 962/962 959/959
f 962/962 894/894 888/888
f 962/962 888/888 959/959
f 897/897 893/893 961/961
f 897/897 961/961 965/965
f 961/961 963/963 966/966
f 961/961 966/966 965/965
f 965/965 967/967 900/900
f 965/965 900/900 897/897
f 966/966 968/968 967/967
f 966/966 967/967 965/965
f 968/968 970/970 969/969
f 968/968 969/969 967/967
f 900/900 967/967 969/969
f 900/900 969/969 903/903
f 906/906 903/903 969/969
f 906/906 969/969 971/971
f 971/971 969/969 970/970
f 971/971 970/970 972/972
f 972/972 976/976 974/974
f 972/972 974/974 971/971
f 974/974 912/912 906/906
f 974/974 906/906 971/971
f 915/915 911/911 973/973
f 915/915 973/973 977/977
f 973/973 975/975 978/978
f 973/973 978/978 977/977
f 919/919 977/977 978/978
f 919/919 978/978 980/980
f 978/978 979/979 981/981
f 978/978 981/981 980/980
f 975/975 1023/1023 979/979
f 975/975 979/979 978/978
f 980/980 982/982 922/922
f 980/980 922/922 919/919
f 980/980 981/981 983/983
f 980/980 983/983 982/982
f 983/983 985/985 984/984
f 983/983 984/984 982/982
f 982/982 984/984 925/925
f 982/982 925/925 922/922
f 925/925 984/984 987/987
f 925/925 987/987 931/931
f 989/989 987/987 984/984
f 989/989 984/984 985/985
f 986/986 990/990 934/934
f 986/986 934/934 930/930
f 986/986 988/988 991/991
f 986/986 991/991 990/990
f 991/991 993/993 992/992
f 991/991 992/992 990/990
f 990/990 992/992 937/937
f 990/990 937/937 934/934
f 993/993 995/995 994/994
f 993/993 994/994 992/992
f 992/992 994/994 940/940
f 992/992 940/940 937/937
f 995/995 997/997 996/996
f 995/995 996/996 994/994
f 994/994 996/996 943/943
f 994/994 943/943 940/940
f 998/998 996/996 997/997
f 998/998 997/997 1000/1000
f 948/948 943/943 996/996
f 948/948 996/996 998/998
f 999/999 1002/1002 952/952
f 999/999 952/952 949/949
f 1001/1001 1003/1003 1002/1002
f 1001/1001 1002/1002 999/999
f 1002/1002 1003/1003 1005/1005
f 1002/1002 1005/1005 956/956
f 1005/1005 1003/1003 1004/1004
f 1005/1005 1004/1004 1006/1006
f 1004/1004 1003/1003 1001/1001
f 1004/1004 1001/1001 1050/1050
f 1007/1007 1005/1005 1006/1006
f 1007/1007 1006/1006 1008/1008
f 958/958 956/956 1005/1005
f 958/958 1005/1005 1007/1007
f 1008/1008 1010/1010 1009/1009
f 1008/1008 1009/1009 1007/1007
f 1007/1007 1009/1009 960/960
f 1007/1007 960/960 958/958
f 1014/1014 1012/1012 1009/1009
f 1014/1014 1009/1009 1010/1010
f 1009/1009 1012/1012 964/964
f 1009/1009 964/964 960/960
f 1015/1015 1011/1011 1013/1013
f 1015/1015 1013/1013 1016/1016
f 966/966 963/963 1011/1011
f 966/966 1011/1011 1015/1015
f 966/966 1015/1015 1017/1017
f 966/966 1017/1017 968/968
f 1017/1017 1015/1015 1016/1016
f 1017/1017 1016/1016 1018/1018
f 1017/1017 1018/1018 1020/1020
f 1017/1017 1020/1020 1019/1019
f 968/968 1017/1017 1019/1019
f 968/968 1019/1019 970/970
f 1020/1020 1022/1022 1021/1021
f 1020/1020 1021/1021 1019/1019
f 1021/1021 972/972 970/970
f 1021/1021 970/970 1019/1019
f 1024/1024 976/976 972/972
f 1024/1024 972/972 1021/1021
f 1026/1026 1024/1024 1021/1021
f 1026/1026 1021/1021 1022/1022
f 979/979 1023/1023 1025/1025
f 979/979 1025/1025 1029/1029
f 1073/1073 1028/1028 1026/1026
f 1073/1073 1026/1026 1022/1022
f 1025/1025 1027/1027 1030/1030
f 1025/1025 1030/1030 1029/1029
f 981/981 979/979 1029/1029
f 981/981 1029/1029 1031/1031
f 1031/1031 1029/1029 1030/1030
f 1031/1031 1030/1030 1032/1032
f 1031/1031 1033/1033 983/983
f 1031/1031 983/983 981/981
f 1032/1032 1034/1034 1033/1033
f 1032/1032 1033/1033 1031/1031
f 1034/1034 1036/1036 1035/1035
f 1034/1034 1035/1035 1033/1033
f 1035/1035 985/985 983/983
f 1035/1035 983/983 1033/1033
f 989/989 985/985 1035/1035
f 989/989 1035/1035 1038/1038
f 1038/1038 1035/1035 1036/1036
f 1038/1038 1036/1036 1039/1039
f 1037/1037 1041/1041 991/991
f 1037/1037 991/991 988/988
f 1040/1040 1042/1042 1041/1041
f 1040/1040 1041/1041 1037/1037
f 1042/1042 1044/1044 1043/1043
f 1042/1042 1043/1043 1041/1041
f 993/993 991/991 1041/1041
f 993/993 1041/1041 1043/1043
f 1043/1043 1045/1045 995/995
f 1043/1043 995/995 993/993
f 1044/1044 1046/1046 1045/1045
f 1044/1044 1045/1045 1043/1043
f 1046/1046 1048/1048 1047/1047
f 1046/1046 1047/1047 1045/1045
f 995/995 1045/1045 1047/1047
f 995/995 1047/1047 997/997
f 1000/1000 997/997 1047/1047
f 1000/1000 1047/1047 1049/1049
f 1049/1049 1047/1047 1048/1048
f 1049/1049 1048/1048 1052/1052
f 1051/1051 1055/1055 1004/1004
f 1051/1051 1004/1004 1050/1050
f 1052/1052 1048/1048 1104/1104
f 1052/1052 1104/1104 1054/1054
f 1056/1056 1055/1055 1051/1051
f 1056/1056 1051/1051 1053/1053
f 1004/1004 1055/1055 1057/1057
f 1004/1004 1057/1057 1006/1006
f 1057/1057 1055/1055 1056/1056
f 1057/1057 1056/1056 1058/1058
f 1059/1059 1057/1057 1058/1058
f 1059/1059 1058/1058 1060/1060
f 1008/1008 1006/1006 1057/1057
f 1008/1008 1057/1057 1059/1059
f 1059/1059 1061/1061 1010/1010
f 1059/1059 1010/1010 1008/1008
f 1062/1062 1061/1061 1059/1059
f 1062/1062 1059/1059 1060/1060
f 1066/1066 1064/1064 1061/1061
f 1066/1066 1061/1061 1062/1062
f 1061/1061 1064/1064 1014/1014
f 1061/1061 1014/1014 1010/1010
f 1013/1013 1063/1063 1067/1067
f 1013/1013 1067/1067 1016/1016
f 1067/1067 1063/1063 1065/1065
f 1067/1067 1065/1065 1068/1068
f 1069/1069 1067/1067 1068/1068
f 1069/1069 1068/1068 1070/1070
f 1018/1018 1016/1016 1067/1067
f 1018/1018 1067/1067 1069/1069
f 1069/1069 1070/1070 1072/1072
f 1069/1069 1072/1072 1071/1071
f 1069/1069 1071/1071 1020/1020
f 1069/1069 1020/1020 1018/1018
f 1072/1072 1074/1074 1073/1073
f 1072/1072 1073/1073 1071/1071
f 1071/1071 1073/1073 1022/1022
f 1071/1071 1022/1022 1020/1020
f 1074/1074 1076/1076 1028/1028
f 1074/1074 1028/1028 1073/1073
f 1081/1081 1077/1077 1074/1074
f 1081/1081 1074/1074 1072/1072
f 1074/1074 1077/1077 1080/1080
f 1074/1074 1080/1080 1076/1076
f 1080/1080 1077/1077 1078/1078
f 1080/1080 1078/1078 1134/1134
f 1077/1077 1081/1081 1082/1082
f 1077/1077 1082/1082 1078/1078
f 1083/1083 1081/1081 1072/1072
f 1083/1083 1072/1072 1070/1070
f 1083/1083 1084/1084 1082/1082
f 1083/1083 1082/1082 1081/1081
f 1085/1085 1083/1083 1070/1070
f 1085/1085 1070/1070 1068/1068
f 1085/1085 1086/1086 1084/1084
f 1085/1085 1084/1084 1083/1083
f 1087/1087 1085/1085 1068/1068
f 1087/1087 1068/1068 1065/1065
f 1089/1089 1086/1086 1085/1085
f 1089/1089 1085/1085 1087/1087
f 1091/1091 1088/1088 1066/1066
f 1091/1091 1066/1066 1062/1062
f 1090/1090 1088/1088 1091/1091
f 1090/1090 1091/1091 1092/1092
f 1093/1093 1091/1091 1062/1062
f 1093/1093 1062/1062 1060/1060
f 1094/1094 1092/1092 1091/1091
f 1094/1094 1091/1091 1093/1093
f 1095/1095 1093/1093 1060/1060
f 1095/1095 1060/1060 1058/1058
f 1094/1094 1093/1093 1095/1095
f 1094/1094 1095/1095 1096/1096
f 1097/1097 1095/1095 1058/1058
f 1097/1097 1058/1058 1056/1056
f 1098/1098 1096/1096 1095/1095
f 1098/1098 1095/1095 1097/1097
f 1099/1099 1097/1097 1056/1056
f 1099/1099 1056/1056 1053/1053
f 1098/1098 1097/1097 1099/1099
f 1098/1098 1099/1099 1101/1101
f 1103/1103 1100/1100 1054/1054
f 1103/1103 1054/1054 1104/1104
f 1102/1102 1100/1100 1103/1103
f 1102/1102 1103/1103 1105/1105
f 1106/1106 1103/1103 1104/1104
f 1106/1106 1104/1104 1107/1107
f 1106/1106 1108/1108 1105/1105
f 1106/1106 1105/1105 1103/1103
f 1109/1109 1106/1106 1107/1107
f 1109/1109 1107/1107 1110/1110
f 1111/1111 1108/1108 1106/1106
f 1111/1111 1106/1106 1109/1109
f 1112/1112 1109/1109 1110/1110
f 1112/1112 1110/1110 1113/1113
f 1109/1109 1112/1112 1114/1114
f 1109/1109 1114/1114 1111/1111
f 1118/1118 1116/1116 1112/1112
f 1118/1118 1112/1112 1113/1113
f 1112/1112 1116/1116 1120/1120
f 1112/1112 1120/1120 1114/1114
f 1122/1122 1121/1121 1115/1115
f 1122/1122 1115/1115 1117/1117
f 1115/1115 1121/1121 1123/1123
f 1115/1115 1123/1123 1119/1119
f 1125/1125 1124/1124 1121/1121
f 1125/1125 1121/1121 1122/1122
f 1121/1121 1124/1124 1126/1126
f 1121/1121 1126/1126 1123/1123
f 1128/1128 1127/1127 1124/1124
f 1128/1128 1124/1124 1125/1125
f 1124/1124 1127/1127 1129/1129
f 1124/1124 1129/1129 1126/1126
f 1131/1131 1130/1130 1127/1127
f 1131/1131 1127/1127 1128/1128
f 1127/1127 1130/1130 1132/1132
f 1127/1127 1132/1132 1129/1129
f 1075/1075 1079/1079 1130/1130
f 1075/1075 1130/1130 1131/1131
f 1130/1130 1079/1079 1133/1133
f 1130/1130 1133/1133 1132/1132
f 1133/1133 1138/1138 1135/1135
f 1133/1133 1135/1135 1132/1132
f 1129/1129 1132/1132 1135/1135
f 1129/1129 1135/1135 1140/1140
f 1140/1140 1135/1135 1136/1136
f 1140/1140 1136/1136 1141/1141
f 1135/1135 1138/1138 1200/1200
f 1135/1135 1200/1200 1136/1136
f 1129/1129 1140/1140 1143/1143
f 1129/1129 1143/1143 1126/1126
f 1143/1143 1140/1140 1141/1141
f 1143/1143 1141/1141 1144/1144
f 1146/1146 1143/1143 1144/1144
f 1146/1146 1144/1144 1147/1147
f 1123/1123 1126/1126 1143/1143
f 1123/1123 1143/1143 1146/1146
f 1119/1119 1123/1123 1146/1146
f 1119/1119 1146/1146 1149/1149
f 1149/1149 1146/1146 1147/1147
f 1149/1149 1147/1147 1151/1151
f 1120/1120 1150/1150 1154/1154
f 1120/1120 1154/1154 1114/1114
f 1154/1154 1150/1150 1153/1153
f 1154/1154 1153/1153 1156/1156
f 1157/1157 1154/1154 1156/1156
f 1157/1157 1156/1156 1159/1159
f 1154/1154 1157/1157 1111/1111
f 1154/1154 1111/1111 1114/1114
f 1162/1162 1160/1160 1157/1157
f 1162/1162 1157/1157 1159/1159
f 1157/1157 1160/1160 1108/1108
f 1157/1157 1108/1108 1111/1111
f 1160/1160 1162/1162 1165/1165
f 1160/1160 1165/1165 1163/1163
f 1160/1160 1163/1163 1105/1105
f 1160/1160 1105/1105 1108/1108
f 1170/1170 1167/1167 1163/1163
f 1170/1170 1163/1163 1165/1165
f 1163/1163 1167/1167 1102/1102
f 1163/1163 1102/1102 1105/1105
f 1166/1166 1171/1171 1098/1098
f 1166/1166 1098/1098 1101/1101
f 1168/1168 1172/1172 1171/1171
f 1168/1168 1171/1171 1166/1166
f 1171/1171 1174/1174 1096/1096
f 1171/1171 1096/1096 1098/1098
f 1172/1172 1175/1175 1174/1174
f 1172/1172 1174/1174 1171/1171
f 1175/1175 1178/1178 1177/1177
f 1175/1175 1177/1177 1174/1174
f 1174/1174 1177/1177 1094/1094
f 1174/1174 1094/1094 1096/1096
f 1177/1177 1180/1180 1092/1092
f 1177/1177 1092/1092 1094/1094
f 1178/1178 1181/1181 1180/1180
f 1178/1178 1180/1180 1177/1177
f 1181/1181 1186/1186 1184/1184
f 1181/1181 1184/1184 1180/1180
f 1180/1180 1184/1184 1090/1090
f 1180/1180 1090/1090 1092/1092
f 1183/1183 1188/1188 1086/1086
f 1183/1183 1086/1086 1089/1089
f 1185/1185 1189/1189 1188/1188
f 1185/1185 1188/1188 1183/1183
f 1189/1189 1192/1192 1191/1191
f 1189/1189 1191/1191 1188/1188
f 1188/1188 1191/1191 1084/1084
f 1188/1188 1084/1084 1086/1086
f 1192/1192 1195/1195 1194/1194
f 1192/1192 1194/1194 1191/1191
f 1191/1191 1194/1194 1082/1082
f 1191/1191 1082/1082 1084/1084
f 1197/1197 1194/1194 1195/1195
f 1197/1197 1195/1195 1198/1198
f 1194/1194 1197/1197 1078/1078
f 1194/1194 1078/1078 1082/1082
f 1139/1139 1197/1197 1198/1198
f 1139/1139 1198/1198 1201/1201
f 1134/1134 1078/1078 1197/1197
f 1134/1134 1197/1197 1139/1139
f 1199/1199 1196/1196 1205/1205
f 1199/1199 1205/1205 1203/1203
f 1137/1137 1202/1202 1199/1199
f 1137/1137 1199/1199 1203/1203
f 1206/1206 1204/1204 1203/1203
f 1206/1206 1203/1203 1205/1205
f 1142/1142 1137/1137 1203/1203
f 1142/1142 1203/1203 1204/1204
f 1205/1205 1207/1207 1209/1209
f 1205/1205 1209/1209 1206/1206
f 1193/1193 1207/1207 1205/1205
f 1193/1193 1205/1205 1196/1196
f 1193/1193 1190/1190 1208/1208
f 1193/1193 1208/1208 1207/1207
f 1210/1210 1209/1209 1207/1207
f 1210/1210 1207/1207 1208/1208
f 1210/1210 1214/1214 1211/1211
f 1210/1210 1211/1211 1209/1209
f 1209/1209 1211/1211 1212/1212
f 1209/1209 1212/1212 1206/1206
f 1212/1212 1211/1211 1213/1213
f 1212/1212 1213/1213 1216/1216
f 1211/1211 1214/1214 1215/1215
f 1211/1211 1215/1215 1213/1213
f 1176/1176 1214/1214 1210/1210
f 1176/1176 1210/1210 1179/1179
f 1173/1173 1215/1215 1214/1214
f 1173/1173 1214/1214 1176/1176
f 1215/1215 1164/1164 1161/1161
f 1215/1215 1161/1161 1213/1213
f 1164/1164 1215/1215 1173/1173
f 1164/1164 1173/1173 1169/1169
f 1213/1213 1161/1161 1158/1158
f 1213/1213 1158/1158 1216/1216
f 1155/1155 1217/1217 1216/1216
f 1155/1155 1216/1216 1158/1158
f 1217/1217 1218/1218 1212/1212
f 1217/1217 1212/1212 1216/1216
f 1148/1148 1145/1145 1218/1218
f 1148/1148 1218/1218 1217/1217
f 1152/1152 1148/1148 1217/1217
f 1152/1152 1217/1217 1155/1155
f 1145/1145 1142/1142 1204/1204
f 1145/1145 1204/1204 1218/1218
f 1204/1204 1206/1206 1212/1212
f 1204/1204 1212/1212 1218/1218
f 1179/1179 1210/1210 1208/1208
f 1179/1179 1208/1208 1182/1182
f 1182/1182 1208/1208 1190/1190
f 1182/1182 1190/1190 1187/1187
f 1030/1030 1027/1027 1075/1075
f 1030/1030 1075/1075 1131/1131
f 1032/1032 1030/1030 1131/1131
f 1032/1032 1131/1131 1128/1128
f 1128/1128 1125/1125 1034/1034
f 1128/1128 1034/1034 1032/1032
f 1125/1125 1122/1122 1036/1036
f 1125/1125 1036/1036 1034/1034
f 1039/1039 1036/1036 1122/1122
f 1039/1039 1122/1122 1117/1117
f 1118/1118 1113/1113 1042/1042
f 1118/1118 1042/1042 1040/1040
f 1044/1044 1042/1042 1113/1113
f 1044/1044 1113/1113 1110/1110
f 1107/1107 1046/1046 1044/1044
f 1107/1107 1044/1044 1110/1110
f 1046/1046 1107/1107 1104/1104
f 1046/1046 1104/1104 1048/1048
f 877/877 826/826 824/824
f 877/877 824/824 880/880
f 873/873 830/830 826/826
f 873/873 826/826 877/877
f 872/872 868/868 832/832
f 872/872 832/832 829/829
f 865/865 834/834 832/832
f 865/865 832/832 868/868
f 836/836 834/834 865/865
f 836/836 865/865 862/862
f 859/859 838/838 836/836
f 859/859 836/836 862/862
f 854/854 841/841 838/838
f 854/854 838/838 859/859
f 1219/1219 821/821 818/818
f 1219/1219 818/818 1220/1220
f 724/724 722/722 1219/1219
f 724/724 1219/1219 1221/1221
f 1221/1221 1219/1219 1220/1220
f 1221/1221 1220/1220 1222/1222
f 727/727 724/724 1221/1221
f 727/727 1221/1221 736/736
f 736/736 1221/1221 1222/1222
f 736/736 1222/1222 738/738
f 1220/1220 1224/1224 1223/1223
f 1220/1220 1223/1223 1222/1222
f 1223/1223 741/741 738/738
f 1223/1223 738/738 1222/1222
f 1224/1224 1228/1228 1226/1226
f 1224/1224 1226/1226 1223/1223
f 745/745 741/741 1223/1223
f 745/745 1223/1223 1226/1226
f 1227/1227 1230/1230 1229/1229
f 1227/1227 1229/1229 1225/1225
f 1225/1225 1229/1229 749/749
f 1225/1225 749/749 744/744
f 749/749 1229/1229 1231/1231
f 749/749 1231/1231 753/753
f 1229/1229 1230/1230 1232/1232
f 1229/1229 1232/1232 1231/1231
f 1232/1232 1234/1234 1233/1233
f 1232/1232 1233/1233 1231/1231
f 753/753 1231/1231 1233/1233
f 753/753 1233/1233 756/756
f 1234/1234 1236/1236 1235/1235
f 1234/1234 1235/1235 1233/1233
f 758/758 756/756 1233/1233
f 758/758 1233/1233 1235/1235
f 758/758 1235/1235 1237/1237
f 758/758 1237/1237 762/762
f 1235/1235 1236/1236 1239/1239
f 1235/1235 1239/1239 1237/1237
f 1240/1240 1242/1242 1241/1241
f 1240/1240 1241/1241 1238/1238
f 768/768 763/763 1238/1238
f 768/768 1238/1238 1241/1241
f 1241/1241 1242/1242 778/778
f 1241/1241 778/778 776/776
f 771/771 768/768 1241/1241
f 771/771 1241/1241 776/776
f 1242/1242 789/789 780/780
f 1242/1242 780/780 778/778
f 1240/1240 793/793 789/789
f 1240/1240 789/789 1242/1242
f 1239/1239 1236/1236 798/798
f 1239/1239 798/798 792/792
f 1234/1234 801/801 798/798
f 1234/1234 798/798 1236/1236
f 1232/1232 804/804 801/801
f 1232/1232 801/801 1234/1234
f 1230/1230 807/807 804/804
f 1230/1230 804/804 1232/1232
f 1230/1230 1227/1227 810/810
f 1230/1230 810/810 807/807
f 1224/1224 816/816 811/811
f 1224/1224 811/811 1228/1228
f 1220/1220 818/818 816/816
f 1220/1220 816/816 1224/1224
f 610/610 773/773 1243/1243
f 610/610 1243/1243 607/607
f 612/612 770/770 773/773
f 612/612 773/773 610/610
f 607/607 1243/1243 681/681
f 607/607 681/681 600/600
f 615/615 767/767 770/770
f 615/615 770/770 612/612
f 620/620 765/765 767/767
f 620/620 767/767 615/615
f 624/624 759/759 764/764
f 624/624 764/764 619/619
f 755/755 759/759 624/624
f 755/755 624/624 628/628
f 752/752 755/755 628/628
f 752/752 628/628 631/631
f 633/633 750/750 752/752
f 633/633 752/752 631/631
f 746/746 750/750 633/633
f 746/746 633/633 637/637
f 740/740 747/747 638/638
f 740/740 638/638 642/642
f 734/734 740/740 642/642
f 734/734 642/642 645/645
f 1245/1245 729/729 659/659
f 1245/1245 659/659 663/663
f 729/729 1245/1245 1247/1247
f 729/729 1247/1247 726/726
f 1248/1248 1244/1244 662/662
f 1248/1248 662/662 665/665
f 1249/1249 1246/1246 1244/1244
f 1249/1249 1244/1244 1248/1248
f 668/668 1250/1250 1249/1249
f 668/668 1249/1249 1248/1248
f 1250/1250 707/707 710/710
f 1250/1250 710/710 1249/1249
f 713/713 1246/1246 1249/1249
f 713/713 1249/1249 710/710
f 704/704 707/707 1250/1250
f 704/704 1250/1250 671/671
f 714/714 718/718 726/726
f 714/714 726/726 1247/1247
f 671/671 673/673 701/701
f 671/671 701/701 704/704
f 673/673 676/676 695/695
f 673/673 695/695 701/701
f 677/677 679/679 687/687
f 677/677 687/687 696/696
f 657/657 1251/1251 579/579
f 655/655 1253/1253 1251/1251
f 655/655 1251/1251 657/657
f 1253/1253 1327/1327 1252/1252
f 1253/1253 1252/1252 1251/1251
f 1252/1252 1255/1255 1254/1254
f 1252/1252 1254/1254 1251/1251
f 1251/1251 1254/1254 577/577
f 1251/1251 577/577 579/579
f 1254/1254 1256/1256 574/574
f 1254/1254 574/574 577/577
f 1255/1255 1258/1258 1256/1256
f 1255/1255 1256/1256 1254/1254
f 1259/1259 1261/1261 1260/1260
f 1259/1259 1260/1260 1257/1257
f 1260/1260 571/571 575/575
f 1260/1260 575/575 1257/1257
f 1260/1260 1261/1261 1263/1263
f 1260/1260 1263/1263 1262/1262
f 1260/1260 1262/1262 569/569
f 1260/1260 569/569 571/571
f 1262/1262 1264/1264 567/567
f 1262/1262 567/567 569/569
f 1263/1263 1265/1265 1264/1264
f 1263/1263 1264/1264 1262/1262
f 1264/1264 1266/1266 565/565
f 1264/1264 565/565 567/567
f 1265/1265 1267/1267 1266/1266
f 1265/1265 1266/1266 1264/1264
f 1266/1266 1267/1267 1271/1271
f 1266/1266 1271/1271 1269/1269
f 563/563 565/565 1266/1266
f 563/563 1266/1266 1269/1269
f 1270/1270 1273/1273 1272/1272
f 1270/1270 1272/1272 1268/1268
f 562/562 1268/1268 1272/1272
f 562/562 1272/1272 559/559
f 559/559 1272/1272 1274/1274
f 559/559 1274/1274 557/557
f 1272/1272 1273/1273 1275/1275
f 1272/1272 1275/1275 1274/1274
f 1275/1275 1278/1278 1276/1276
f 1275/1275 1276/1276 1274/1274
f 1274/1274 1276/1276 604/604
f 1274/1274 604/604 602/602
f 557/557 1274/1274 602/602
f 604/604 1276/1276 1277/1277
f 604/604 1277/1277 606/606
f 1276/1276 1278/1278 1280/1280
f 1276/1276 1280/1280 1277/1277
f 1278/1278 1275/1275 1352/1352
f 1278/1278 1352/1352 1279/1279
f 1280/1280 1278/1278 1279/1279
f 1280/1280 1279/1279 1281/1281
f 1282/1282 1280/1280 1281/1281
f 1282/1282 1281/1281 1284/1284
f 1277/1277 1280/1280 1282/1282
f 1277/1277 1282/1282 1283/1283
f 1283/1283 1282/1282 1285/1285
f 1283/1283 1285/1285 1286/1286
f 1285/1285 1282/1282 1284/1284
f 1285/1285 1284/1284 1287/1287
f 1286/1286 1285/1285 1288/1288
f 1286/1286 1288/1288 1290/1290
f 1288/1288 1285/1285 1287/1287
f 1288/1288 1287/1287 1289/1289
f 1292/1292 1288/1288 1289/1289
f 1292/1292 1289/1289 1296/1296
f 1290/1290 1288/1288 1292/1292
f 1290/1290 1292/1292 1294/1294
f 1293/1293 1291/1291 1297/1297
f 1293/1293 1297/1297 1299/1299
f 1297/1297 1291/1291 1295/1295
f 1297/1297 1295/1295 1298/1298
f 1298/1298 1302/1302 1300/1300
f 1298/1298 1300/1300 1297/1297
f 1297/1297 1300/1300 1301/1301
f 1297/1297 1301/1301 1299/1299
f 1300/1300 1303/1303 1304/1304
f 1300/1300 1304/1304 1301/1301
f 1302/1302 1305/1305 1303/1303
f 1302/1302 1303/1303 1300/1300
f 1304/1304 1303/1303 1306/1306
f 1304/1304 1306/1306 1308/1308
f 1303/1303 1305/1305 1307/1307
f 1303/1303 1307/1307 1306/1306
f 1313/1313 1309/1309 1306/1306
f 1313/1313 1306/1306 1307/1307
f 1306/1306 1309/1309 1311/1311
f 1306/1306 1311/1311 1308/1308
f 1310/1310 1315/1315 1317/1317
f 1310/1310 1317/1317 1312/1312
f 1316/1316 1315/1315 1310/1310
f 1316/1316 1310/1310 1314/1314
f 1320/1320 1318/1318 1315/1315
f 1320/1320 1315/1315 1316/1316
f 1315/1315 1318/1318 1319/1319
f 1315/1315 1319/1319 1317/1317
f 1319/1319 1318/1318 1321/1321
f 1319/1319 1321/1321 1324/1324
f 1318/1318 1320/1320 1322/1322
f 1318/1318 1322/1322 1321/1321
f 1321/1321 1322/1322 1326/1326
f 1321/1321 1326/1326 1323/1323
f 1324/1324 1321/1321 1323/1323
f 1324/1324 1323/1323 1325/1325
f 646/646 1319/1319 1324/1324
f 646/646 1324/1324 649/649
f 649/649 1324/1324 1325/1325
f 649/649 1325/1325 651/651
f 651/651 1325/1325 1253/1253
f 651/651 1253/1253 655/655
f 1325/1325 1323/1323 1327/1327
f 1325/1325 1327/1327 1253/1253
f 1323/1323 1326/1326 1328/1328
f 1323/1323 1328/1328 1327/1327
f 1327/1327 1328/1328 1330/1330
f 1327/1327 1330/1330 1252/1252
f 1326/1326 1387/1387 1329/1329
f 1326/1326 1329/1329 1328/1328
f 1328/1328 1329/1329 1331/1331
f 1328/1328 1331/1331 1330/1330
f 1331/1331 1333/1333 1332/1332
f 1331/1331 1332/1332 1330/1330
f 1332/1332 1255/1255 1252/1252
f 1332/1332 1252/1252 1330/1330
f 1333/1333 1336/1336 1334/1334
f 1333/1333 1334/1334 1332/1332
f 1258/1258 1255/1255 1332/1332
f 1258/1258 1332/1332 1334/1334
f 1337/1337 1339/1339 1338/1338
f 1337/1337 1338/1338 1335/1335
f 1335/1335 1338/1338 1261/1261
f 1335/1335 1261/1261 1259/1259
f 1261/1261 1338/1338 1340/1340
f 1261/1261 1340/1340 1263/1263
f 1338/1338 1339/1339 1341/1341
f 1338/1338 1341/1341 1340/1340
f 1341/1341 1343/1343 1342/1342
f 1341/1341 1342/1342 1340/1340
f 1340/1340 1342/1342 1265/1265
f 1340/1340 1265/1265 1263/1263
f 1343/1343 1345/1345 1344/1344
f 1343/1343 1344/1344 1342/1342
f 1267/1267 1265/1265 1342/1342
f 1267/1267 1342/1342 1344/1344
f 1267/1267 1344/1344 1347/1347
f 1267/1267 1347/1347 1271/1271
f 1344/1344 1345/1345 1349/1349
f 1344/1344 1349/1349 1347/1347
f 1348/1348 1351/1351 1350/1350
f 1348/1348 1350/1350 1346/1346
f 1273/1273 1270/1270 1346/1346
f 1273/1273 1346/1346 1350/1350
f 1350/1350 1351/1351 1353/1353
f 1350/1350 1353/1353 1352/1352
f 1275/1275 1273/1273 1350/1350
f 1275/1275 1350/1350 1352/1352
f 1353/1353 1355/1355 1279/1279
f 1353/1353 1279/1279 1352/1352
f 1355/1355 1353/1353 1354/1354
f 1355/1355 1354/1354 1356/1356
f 1353/1353 1351/1351 1556/1556
f 1353/1353 1556/1556 1354/1354
f 1279/1279 1355/1355 1357/1357
f 1279/1279 1357/1357 1281/1281
f 1357/1357 1355/1355 1356/1356
f 1357/1357 1356/1356 1358/1358
f 1359/1359 1357/1357 1358/1358
f 1359/1359 1358/1358 1360/1360
f 1281/1281 1357/1357 1359/1359
f 1281/1281 1359/1359 1284/1284
f 1284/1284 1359/1359 1361/1361
f 1284/1284 1361/1361 1287/1287
f 1361/1361 1359/1359 1360/1360
f 1361/1361 1360/1360 1362/1362
f 1287/1287 1361/1361 1363/1363
f 1287/1287 1363/1363 1289/1289
f 1362/1362 1364/1364 1363/1363
f 1362/1362 1363/1363 1361/1361
f 1289/1289 1363/1363 1366/1366
f 1289/1289 1366/1366 1296/1296
f 1364/1364 1368/1368 1366/1366
f 1364/1364 1366/1366 1363/1363
f 1295/1295 1365/1365 1369/1369
f 1295/1295 1369/1369 1298/1298
f 1365/1365 1367/1367 1370/1370
f 1365/1365 1370/1370 1369/1369
f 1369/1369 1371/1371 1302/1302
f 1369/1369 1302/1302 1298/1298
f 1369/1369 1370/1370 1372/1372
f 1369/1369 1372/1372 1371/1371
f 1374/1374 1373/1373 1371/1371
f 1374/1374 1371/1371 1372/1372
f 1371/1371 1373/1373 1305/1305
f 1371/1371 1305/1305 1302/1302
f 1373/1373 1374/1374 1376/1376
f 1373/1373 1376/1376 1375/1375
f 1305/1305 1373/1373 1375/1375
f 1305/1305 1375/1375 1307/1307
f 1375/1375 1377/1377 1313/1313
f 1375/1375 1313/1313 1307/1307
f 1376/1376 1379/1379 1377/1377
f 1376/1376 1377/1377 1375/1375
f 1378/1378 1381/1381 1316/1316
f 1378/1378 1316/1316 1314/1314
f 1378/1378 1380/1380 1382/1382
f 1378/1378 1382/1382 1381/1381
f 1381/1381 1383/1383 1320/1320
f 1381/1381 1320/1320 1316/1316
f 1381/1381 1382/1382 1384/1384
f 1381/1381 1384/1384 1383/1383
f 1320/1320 1383/1383 1385/1385
f 1320/1320 1385/1385 1322/1322
f 1383/1383 1384/1384 1386/1386
f 1383/1383 1386/1386 1385/1385
f 1385/1385 1386/1386 1388/1388
f 1385/1385 1388/1388 1387/1387
f 1322/1322 1385/1385 1387/1387
f 1322/1322 1387/1387 1326/1326
f 1387/1387 1388/1388 1390/1390
f 1387/1387 1390/1390 1329/1329
f 1386/1386 1495/1495 1389/1389
f 1386/1386 1389/1389 1388/1388
f 1388/1388 1389/1389 1392/1392
f 1388/1388 1392/1392 1390/1390
f 1390/1390 1392/1392 1393/1393
f 1390/1390 1393/1393 1391/1391
f 1329/1329 1390/1390 1391/1391
f 1329/1329 1391/1391 1331/1331
f 1389/1389 1395/1395 1394/1394
f 1389/1389 1394/1394 1392/1392
f 1392/1392 1394/1394 1396/1396
f 1392/1392 1396/1396 1393/1393
f 1395/1395 1398/1398 1397/1397
f 1395/1395 1397/1397 1394/1394
f 1394/1394 1397/1397 1401/1401
f 1394/1394 1401/1401 1396/1396
f 1397/1397 1398/1398 1502/1502
f 1397/1397 1502/1502 1400/1400
f 1401/1401 1397/1397 1400/1400
f 1401/1401 1400/1400 1403/1403
f 1406/1406 1404/1404 1401/1401
f 1406/1406 1401/1401 1403/1403
f 1401/1401 1404/1404 1407/1407
f 1401/1401 1407/1407 1396/1396
f 1411/1411 1408/1408 1404/1404
f 1411/1411 1404/1404 1406/1406
f 1404/1404 1408/1408 1413/1413
f 1404/1404 1413/1413 1407/1407
f 1415/1415 1409/1409 1412/1412
f 1415/1415 1412/1412 1417/1417
f 1409/1409 1415/1415 1418/1418
f 1409/1409 1418/1418 1414/1414
f 1415/1415 1417/1417 1421/1421
f 1415/1415 1421/1421 1419/1419
f 1418/1418 1415/1415 1419/1419
f 1418/1418 1419/1419 1422/1422
f 1419/1419 1421/1421 1425/1425
f 1419/1419 1425/1425 1423/1423
f 1419/1419 1423/1423 1426/1426
f 1419/1419 1426/1426 1422/1422
f 1425/1425 1429/1429 1427/1427
f 1425/1425 1427/1427 1423/1423
f 1423/1423 1427/1427 1430/1430
f 1423/1423 1430/1430 1426/1426
f 1429/1429 1435/1435 1432/1432
f 1429/1429 1432/1432 1427/1427
f 1427/1427 1432/1432 1437/1437
f 1427/1427 1437/1437 1430/1430
f 1438/1438 1431/1431 1434/1434
f 1438/1438 1434/1434 1440/1440
f 1431/1431 1438/1438 1441/1441
f 1431/1431 1441/1441 1436/1436
f 1442/1442 1438/1438 1440/1440
f 1442/1442 1440/1440 1444/1444
f 1441/1441 1438/1438 1442/1442
f 1441/1441 1442/1442 1445/1445
f 1442/1442 1444/1444 1448/1448
f 1442/1442 1448/1448 1446/1446
f 1442/1442 1446/1446 1450/1450
f 1442/1442 1450/1450 1445/1445
f 1446/1446 1448/1448 1520/1520
f 1446/1446 1520/1520 1449/1449
f 1450/1450 1446/1446 1449/1449
f 1450/1450 1449/1449 1451/1451
f 1445/1445 1450/1450 1452/1452
f 1445/1445 1452/1452 1453/1453
f 1452/1452 1450/1450 1451/1451
f 1452/1452 1451/1451 1454/1454
f 1453/1453 1452/1452 1356/1356
f 1453/1453 1356/1356 1354/1354
f 1356/1356 1452/1452 1454/1454
f 1356/1356 1454/1454 1358/1358
f 1358/1358 1454/1454 1455/1455
f 1358/1358 1455/1455 1360/1360
f 1454/1454 1451/1451 1457/1457
f 1454/1454 1457/1457 1455/1455
f 1455/1455 1457/1457 1459/1459
f 1455/1455 1459/1459 1456/1456
f 1360/1360 1455/1455 1456/1456
f 1360/1360 1456/1456 1362/1362
f 1451/1451 1449/1449 1458/1458
f 1451/1451 1458/1458 1457/1457
f 1457/1457 1458/1458 1460/1460
f 1457/1457 1460/1460 1459/1459
f 1461/1461 1463/1463 1456/1456
f 1461/1461 1456/1456 1459/1459
f 1462/1462 1461/1461 1459/1459
f 1462/1462 1459/1459 1460/1460
f 1465/1465 1461/1461 1462/1462
f 1465/1465 1462/1462 1467/1467
f 1465/1465 1469/1469 1463/1463
f 1465/1465 1463/1463 1461/1461
f 1464/1464 1466/1466 1471/1471
f 1464/1464 1471/1471 1470/1470
f 1472/1472 1468/1468 1464/1464
f 1472/1472 1464/1464 1470/1470
f 1471/1471 1475/1475 1473/1473
f 1471/1471 1473/1473 1470/1470
f 1472/1472 1470/1470 1473/1473
f 1472/1472 1473/1473 1474/1474
f 1474/1474 1473/1473 1476/1476
f 1474/1474 1476/1476 1477/1477
f 1476/1476 1473/1473 1475/1475
f 1476/1476 1475/1475 1478/1478
f 1479/1479 1481/1481 1477/1477
f 1479/1479 1477/1477 1476/1476
f 1476/1476 1478/1478 1480/1480
f 1476/1476 1480/1480 1479/1479
f 1480/1480 1484/1484 1482/1482
f 1480/1480 1482/1482 1479/1479
f 1482/1482 1486/1486 1481/1481
f 1482/1482 1481/1481 1479/1479
f 1488/1488 1483/1483 1485/1485
f 1488/1488 1485/1485 1489/1489
f 1490/1490 1487/1487 1483/1483
f 1490/1490 1483/1483 1488/1488
f 1491/1491 1488/1488 1489/1489
f 1491/1491 1489/1489 1493/1493
f 1492/1492 1490/1490 1488/1488
f 1492/1492 1488/1488 1491/1491
f 1492/1492 1491/1491 1494/1494
f 1492/1492 1494/1494 1495/1495
f 1491/1491 1493/1493 1496/1496
f 1491/1491 1496/1496 1494/1494
f 1495/1495 1494/1494 1395/1395
f 1495/1495 1395/1395 1389/1389
f 1494/1494 1496/1496 1398/1398
f 1494/1494 1398/1398 1395/1395
f 1496/1496 1493/1493 1499/1499
f 1496/1496 1499/1499 1497/1497
f 1398/1398 1496/1496 1497/1497
f 1398/1398 1497/1497 1502/1502
f 1504/1504 1503/1503 1498/1498
f 1504/1504 1498/1498 1500/1500
f 1498/1498 1503/1503 1505/1505
f 1498/1498 1505/1505 1501/1501
f 1503/1503 1504/1504 1507/1507
f 1503/1503 1507/1507 1506/1506
f 1503/1503 1506/1506 1508/1508
f 1503/1503 1508/1508 1505/1505
f 1506/1506 1507/1507 1510/1510
f 1506/1506 1510/1510 1509/1509
f 1506/1506 1509/1509 1511/1511
f 1506/1506 1511/1511 1508/1508
f 1512/1512 1509/1509 1510/1510
f 1512/1512 1510/1510 1513/1513
f 1509/1509 1512/1512 1514/1514
f 1509/1509 1514/1514 1511/1511
f 1515/1515 1512/1512 1513/1513
f 1515/1515 1513/1513 1517/1517
f 1519/1519 1514/1514 1512/1512
f 1519/1519 1512/1512 1515/1515
f 1458/1458 1516/1516 1518/1518
f 1458/1458 1518/1518 1460/1460
f 1449/1449 1520/1520 1516/1516
f 1449/1449 1516/1516 1458/1458
f 1447/1447 1543/1543 1514/1514
f 1447/1447 1514/1514 1519/1519
f 1513/1513 1526/1526 1521/1521
f 1513/1513 1521/1521 1517/1517
f 1522/1522 1462/1462 1460/1460
f 1522/1522 1460/1460 1518/1518
f 1525/1525 1467/1467 1462/1462
f 1525/1525 1462/1462 1522/1522
f 1528/1528 1523/1523 1521/1521
f 1528/1528 1521/1521 1526/1526
f 1513/1513 1510/1510 1527/1527
f 1513/1513 1527/1527 1526/1526
f 1530/1530 1528/1528 1526/1526
f 1530/1530 1526/1526 1527/1527
f 1531/1531 1475/1475 1471/1471
f 1531/1531 1471/1471 1529/1529
f 1471/1471 1466/1466 1524/1524
f 1471/1471 1524/1524 1529/1529
f 1478/1478 1475/1475 1531/1531
f 1478/1478 1531/1531 1532/1532
f 1533/1533 1530/1530 1527/1527
f 1533/1533 1527/1527 1536/1536
f 1535/1535 1533/1533 1536/1536
f 1535/1535 1536/1536 1537/1537
f 1478/1478 1532/1532 1534/1534
f 1478/1478 1534/1534 1480/1480
f 1510/1510 1507/1507 1536/1536
f 1510/1510 1536/1536 1527/1527
f 1507/1507 1504/1504 1537/1537
f 1507/1507 1537/1537 1536/1536
f 1535/1535 1537/1537 1539/1539
f 1535/1535 1539/1539 1542/1542
f 1504/1504 1500/1500 1539/1539
f 1504/1504 1539/1539 1537/1537
f 1489/1489 1485/1485 1541/1541
f 1489/1489 1541/1541 1538/1538
f 1493/1493 1489/1489 1538/1538
f 1493/1493 1538/1538 1499/1499
f 1534/1534 1540/1540 1484/1484
f 1534/1534 1484/1484 1480/1480
f 1543/1543 1545/1545 1511/1511
f 1543/1543 1511/1511 1514/1514
f 1544/1544 1543/1543 1447/1447
f 1544/1544 1447/1447 1443/1443
f 1545/1545 1543/1543 1544/1544
f 1545/1545 1544/1544 1546/1546
f 1547/1547 1545/1545 1546/1546
f 1547/1547 1546/1546 1548/1548
f 1547/1547 1508/1508 1511/1511
f 1547/1547 1511/1511 1545/1545
f 1549/1549 1547/1547 1548/1548
f 1549/1549 1548/1548 1550/1550
f 1549/1549 1505/1505 1508/1508
f 1549/1549 1508/1508 1547/1547
f 1399/1399 1549/1549 1550/1550
f 1399/1399 1550/1550 1402/1402
f 1501/1501 1505/1505 1549/1549
f 1501/1501 1549/1549 1399/1399
f 1548/1548 1552/1552 1551/1551
f 1548/1548 1551/1551 1550/1550
f 1405/1405 1402/1402 1550/1550
f 1405/1405 1550/1550 1551/1551
f 1420/1420 1416/1416 1551/1551
f 1420/1420 1551/1551 1552/1552
f 1416/1416 1410/1410 1405/1405
f 1416/1416 1405/1405 1551/1551
f 1424/1424 1420/1420 1552/1552
f 1424/1424 1552/1552 1553/1553
f 1553/1553 1552/1552 1548/1548
f 1553/1553 1548/1548 1546/1546
f 1546/1546 1544/1544 1554/1554
f 1546/1546 1554/1554 1553/1553
f 1424/1424 1553/1553 1554/1554
f 1424/1424 1554/1554 1428/1428
f 1544/1544 1443/1443 1439/1439
f 1544/1544 1439/1439 1554/1554
f 1428/1428 1554/1554 1439/1439
f 1428/1428 1439/1439 1433/1433
f 1384/1384 1492/1492 1495/1495
f 1384/1384 1495/1495 1386/1386
f 1384/1384 1382/1382 1490/1490
f 1384/1384 1490/1490 1492/1492
f 1382/1382 1380/1380 1487/1487
f 1382/1382 1487/1487 1490/1490
f 1481/1481 1486/1486 1379/1379
f 1481/1481 1379/1379 1376/1376
f 1477/1477 1481/1481 1376/1376
f 1477/1477 1376/1376 1374/1374
f 1374/1374 1372/1372 1474/1474
f 1374/1374 1474/1474 1477/1477
f 1370/1370 1472/1472 1474/1474
f 1370/1370 1474/1474 1372/1372
f 1367/1367 1468/1468 1472/1472
f 1367/1367 1472/1472 1370/1370
f 1368/1368 1364/1364 1463/1463
f 1368/1368 1463/1463 1469/1469
f 1463/1463 1364/1364 1362/1362
f 1463/1463 1362/1362 1456/1456
f 1555/1555 1441/1441 1445/1445
f 1555/1555 1445/1445 1453/1453
f 1556/1556 1555/1555 1453/1453
f 1556/1556 1453/1453 1354/1354
f 1557/1557 1555/1555 1556/1556
f 1557/1557 1556/1556 1559/1559
f 1436/1436 1441/1441 1555/1555
f 1436/1436 1555/1555 1557/1557
f 1437/1437 1558/1558 1561/1561
f 1437/1437 1561/1561 1430/1430
f 1561/1561 1558/1558 1560/1560
f 1561/1561 1560/1560 1562/1562
f 1563/1563 1426/1426 1430/1430
f 1563/1563 1430/1430 1561/1561
f 1564/1564 1563/1563 1561/1561
f 1564/1564 1561/1561 1562/1562
f 1565/1565 1422/1422 1426/1426
f 1565/1565 1426/1426 1563/1563
f 1565/1565 1563/1563 1564/1564
f 1565/1565 1564/1564 1566/1566
f 1422/1422 1565/1565 1567/1567
f 1422/1422 1567/1567 1418/1418
f 1567/1567 1565/1565 1566/1566
f 1567/1567 1566/1566 1568/1568
f 1567/1567 1570/1570 1414/1414
f 1567/1567 1414/1414 1418/1418
f 1570/1570 1567/1567 1568/1568
f 1570/1570 1568/1568 1572/1572
f 1407/1407 1413/1413 1569/1569
f 1407/1407 1569/1569 1573/1573
f 1573/1573 1569/1569 1571/1571
f 1573/1573 1571/1571 1574/1574
f 1393/1393 1573/1573 1574/1574
f 1393/1393 1574/1574 1391/1391
f 1396/1396 1407/1407 1573/1573
f 1396/1396 1573/1573 1393/1393
f 1571/1571 1336/1336 1333/1333
f 1571/1571 1333/1333 1574/1574
f 1574/1574 1333/1333 1331/1331
f 1574/1574 1331/1331 1391/1391
f 1568/1568 1339/1339 1337/1337
f 1568/1568 1337/1337 1572/1572
f 1568/1568 1566/1566 1341/1341
f 1568/1568 1341/1341 1339/1339
f 1566/1566 1564/1564 1343/1343
f 1566/1566 1343/1343 1341/1341
f 1343/1343 1564/1564 1562/1562
f 1343/1343 1562/1562 1345/1345
f 1349/1349 1345/1345 1562/1562
f 1349/1349 1562/1562 1560/1560
f 1351/1351 1348/1348 1559/1559
f 1351/1351 1559/1559 1556/1556
f 1317/1317 1319/1319 646/646
f 1317/1317 646/646 643/643
f 1312/1312 1317/1317 643/643
f 1312/1312 643/643 640/640
f 1308/1308 1311/1311 639/639
f 1308/1308 639/639 634/634
f 1304/1304 1308/1308 634/634
f 1304/1304 634/634 630/630
f 1301/1301 1304/1304 630/630
f 1301/1301 630/630 627/627
f 625/625 1299/1299 1301/1301
f 625/625 1301/1301 627/627
f 621/621 1293/1293 1299/1299
f 621/621 1299/1299 625/625
f 616/616 1290/1290 1294/1294
f 616/616 1294/1294 622/622
f 613/613 1286/1286 1290/1290
f 613/613 1290/1290 616/616
f 609/609 1283/1283 1286/1286
f 609/609 1286/1286 613/613
f 606/606 1277/1277 1283/1283
f 606/606 1283/1283 609/609
f 543/543 439/439 437/437
f 543/543 437/437 547/547
f 547/547 437/437 435/435
f 547/547 435/435 478/478
f 539/539 441/441 439/439
f 539/539 439/439 543/543
f 539/539 535/535 443/443
f 539/539 443/443 441/441
f 531/531 446/446 443/443
f 531/531 443/443 535/535
f 523/523 449/449 447/447
f 523/523 447/447 532/532
f 449/449 523/523 519/519
f 449/449 519/519 451/451
f 513/513 455/455 451/451
f 513/513 451/451 519/519
f 506/506 457/457 454/454
f 506/506 454/454 512/512
f 457/457 506/506 502/502
f 457/457 502/502 459/459
f 498/498 461/461 459/459
f 498/498 459/459 502/502
f 494/494 463/463 461/461
f 494/494 461/461 498/498
f 494/494 489/489 467/467
f 494/494 467/467 463/463
f 425/425 356/356 1575/1575
f 418/418 425/425 1575/1575
f 418/418 1575/1575 1576/1576
f 1576/1576 1575/1575 302/302
f 1576/1576 302/302 299/299
f 339/339 305/305 302/302
f 339/339 302/302 1575/1575
f 356/356 341/341 339/339
f 356/356 339/339 1575/1575
f 1578/1578 1577/1577 300/300
f 1578/1578 300/300 293/293
f 414/414 420/420 1577/1577
f 414/414 1577/1577 1578/1578
f 291/291 1579/1579 1578/1578
f 291/291 1578/1578 293/293
f 410/410 414/414 1578/1578
f 410/410 1578/1578 1579/1579
f 410/410 1579/1579 1580/1580
f 410/410 1580/1580 406/406
f 288/288 1580/1580 1579/1579
f 288/288 1579/1579 291/291
f 402/402 406/406 1580/1580
f 402/402 1580/1580 1581/1581
f 1581/1581 1580/1580 288/288
f 1581/1581 288/288 284/284
f 1583/1583 1581/1581 284/284
f 1583/1583 284/284 282/282
f 402/402 1581/1581 1583/1583
f 402/402 1583/1583 396/396
f 275/275 1584/1584 1582/1582
f 275/275 1582/1582 281/281
f 390/390 395/395 1582/1582
f 390/390 1582/1582 1584/1584
f 273/273 1585/1585 1584/1584
f 273/273 1584/1584 275/275
f 390/390 1584/1584 386/386
f 1584/1584 1585/1585 1586/1586
f 1584/1584 1586/1586 386/386
f 271/271 1587/1587 1585/1585
f 271/271 1585/1585 273/273
f 1587/1587 1590/1590 1586/1586
f 1587/1587 1586/1586 1585/1585
f 1589/1589 1587/1587 271/271
f 1589/1589 271/271 325/325
f 1592/1592 1590/1590 1587/1587
f 1592/1592 1587/1587 1589/1589
f 1597/1597 1593/1593 1590/1590
f 1597/1597 1590/1590 1592/1592
f 1590/1590 1593/1593 1595/1595
f 1590/1590 1595/1595 1586/1586
f 1599/1599 1594/1594 1593/1593
f 1599/1599 1593/1593 1597/1597
f 1593/1593 1594/1594 1714/1714
f 1593/1593 1714/1714 1595/1595
f 1601/1601 1600/1600 1596/1596
f 1601/1601 1596/1596 1591/1591
f 1600/1600 1602/1602 1598/1598
f 1600/1600 1598/1598 1596/1596
f 1603/1603 1600/1600 1601/1601
f 1603/1603 1601/1601 1604/1604
f 1605/1605 1602/1602 1600/1600
f 1605/1605 1600/1600 1603/1603
f 1603/1603 1604/1604 1607/1607
f 1603/1603 1607/1607 1606/1606
f 1605/1605 1603/1603 1606/1606
f 1605/1605 1606/1606 1608/1608
f 1611/1611 1609/1609 1606/1606
f 1611/1611 1606/1606 1607/1607
f 1609/1609 1610/1610 1608/1608
f 1609/1609 1608/1608 1606/1606
f 1609/1609 345/345 1614/1614
f 1609/1609 1614/1614 1610/1610
f 1611/1611 337/337 345/345
f 1611/1611 345/345 1609/1609
f 1607/1607 329/329 331/331
f 1607/1607 331/331 1611/1611
f 1612/1612 1610/1610 1614/1614
f 1612/1612 1614/1614 1616/1616
f 1612/1612 1719/1719 1608/1608
f 1612/1612 1608/1608 1610/1610
f 343/343 1619/1619 1615/1615
f 343/343 1615/1615 1613/1613
f 1632/1632 1612/1612 1616/1616
f 1632/1632 1616/1616 1618/1618
f 1621/1621 1617/1617 1615/1615
f 1621/1621 1615/1615 1619/1619
f 1620/1620 1622/1622 1621/1621
f 1620/1620 1621/1621 1619/1619
f 1620/1620 1619/1619 343/343
f 1620/1620 343/343 347/347
f 1624/1624 1623/1623 1621/1621
f 1624/1624 1621/1621 1622/1622
f 1621/1621 1623/1623 1626/1626
f 1621/1621 1626/1626 1617/1617
f 1624/1624 1684/1684 1625/1625
f 1624/1624 1625/1625 1623/1623
f 1625/1625 1628/1628 1626/1626
f 1625/1625 1626/1626 1623/1623
f 1629/1629 1631/1631 1630/1630
f 1629/1629 1630/1630 1627/1627
f 1632/1632 1618/1618 1627/1627
f 1632/1632 1627/1627 1630/1630
f 1631/1631 1634/1634 1633/1633
f 1631/1631 1633/1633 1630/1630
f 1632/1632 1630/1630 1633/1633
f 1632/1632 1633/1633 1635/1635
f 1636/1636 1633/1633 1634/1634
f 1636/1636 1634/1634 1637/1637
f 1638/1638 1635/1635 1633/1633
f 1638/1638 1633/1633 1636/1636
f 1636/1636 1637/1637 1640/1640
f 1636/1636 1640/1640 1639/1639
f 1636/1636 1639/1639 1641/1641
f 1636/1636 1641/1641 1638/1638
f 1640/1640 1644/1644 1642/1642
f 1640/1640 1642/1642 1639/1639
f 1641/1641 1639/1639 1642/1642
f 1641/1641 1642/1642 1646/1646
f 1645/1645 1649/1649 1648/1648
f 1645/1645 1648/1648 1643/1643
f 1651/1651 1647/1647 1643/1643
f 1651/1651 1643/1643 1648/1648
f 1650/1650 1648/1648 1649/1649
f 1650/1650 1649/1649 1699/1699
f 1653/1653 1651/1651 1648/1648
f 1653/1653 1648/1648 1650/1650
f 1652/1652 1651/1651 1653/1653
f 1652/1652 1653/1653 1654/1654
f 1647/1647 1651/1651 1652/1652
f 1647/1647 1652/1652 1716/1716
f 1650/1650 1659/1659 1655/1655
f 1650/1650 1655/1655 1653/1653
f 1654/1654 1653/1653 1655/1655
f 1654/1654 1655/1655 1657/1657
f 1656/1656 1661/1661 1663/1663
f 1656/1656 1663/1663 1658/1658
f 1661/1661 1656/1656 1660/1660
f 1661/1661 1660/1660 1662/1662
f 1664/1664 1661/1661 1662/1662
f 1664/1664 1662/1662 1665/1665
f 1661/1661 1664/1664 1666/1666
f 1661/1661 1666/1666 1663/1663
f 1664/1664 1665/1665 1668/1668
f 1664/1664 1668/1668 1667/1667
f 1664/1664 1667/1667 1669/1669
f 1664/1664 1669/1669 1666/1666
f 1667/1667 1668/1668 1671/1671
f 1667/1667 1671/1671 1670/1670
f 1667/1667 1670/1670 1672/1672
f 1667/1667 1672/1672 1669/1669
f 1671/1671 1678/1678 1674/1674
f 1671/1671 1674/1674 1670/1670
f 1670/1670 1674/1674 1676/1676
f 1670/1670 1676/1676 1672/1672
f 1673/1673 1622/1622 1620/1620
f 1673/1673 1620/1620 1675/1675
f 1624/1624 1622/1622 1673/1673
f 1624/1624 1673/1673 1677/1677
f 1684/1684 1624/1624 1677/1677
f 1684/1684 1677/1677 1679/1679
f 1680/1680 1678/1678 1671/1671
f 1680/1680 1671/1671 1683/1683
f 1681/1681 1685/1685 1684/1684
f 1681/1681 1684/1684 1679/1679
f 1682/1682 1680/1680 1683/1683
f 1682/1682 1683/1683 1708/1708
f 1685/1685 1686/1686 1625/1625
f 1685/1685 1625/1625 1684/1684
f 1625/1625 1686/1686 1687/1687
f 1625/1625 1687/1687 1628/1628
f 1689/1689 1631/1631 1629/1629
f 1689/1689 1629/1629 1688/1688
f 1689/1689 1690/1690 1634/1634
f 1689/1689 1634/1634 1631/1631
f 1690/1690 1691/1691 1637/1637
f 1690/1690 1637/1637 1634/1634
f 1691/1691 1692/1692 1640/1640
f 1691/1691 1640/1640 1637/1637
f 1692/1692 1693/1693 1644/1644
f 1692/1692 1644/1644 1640/1640
f 1694/1694 1695/1695 1649/1649
f 1694/1694 1649/1649 1645/1645
f 1649/1649 1695/1695 1696/1696
f 1649/1649 1696/1696 1699/1699
f 1699/1699 1696/1696 1697/1697
f 1699/1699 1697/1697 1700/1700
f 1659/1659 1650/1650 1699/1699
f 1659/1659 1699/1699 1700/1700
f 1698/1698 1703/1703 1702/1702
f 1698/1698 1702/1702 1701/1701
f 1701/1701 1702/1702 1662/1662
f 1701/1701 1662/1662 1660/1660
f 1703/1703 1705/1705 1704/1704
f 1703/1703 1704/1704 1702/1702
f 1665/1665 1662/1662 1702/1702
f 1665/1665 1702/1702 1704/1704
f 1665/1665 1704/1704 1706/1706
f 1665/1665 1706/1706 1668/1668
f 1706/1706 1704/1704 1705/1705
f 1706/1706 1705/1705 1707/1707
f 1707/1707 1708/1708 1683/1683
f 1707/1707 1683/1683 1706/1706
f 1683/1683 1671/1671 1668/1668
f 1683/1683 1668/1668 1706/1706
f 1672/1672 1676/1676 353/353
f 1672/1672 353/353 362/362
f 1620/1620 347/347 352/352
f 1620/1620 352/352 1675/1675
f 1672/1672 362/362 1709/1709
f 1672/1672 1709/1709 1669/1669
f 1710/1710 1666/1666 1669/1669
f 1710/1710 1669/1669 1709/1709
f 370/370 1710/1710 1709/1709
f 370/370 1709/1709 361/361
f 1711/1711 1710/1710 370/370
f 1711/1711 370/370 374/374
f 1710/1710 1711/1711 1663/1663
f 1710/1710 1663/1663 1666/1666
f 1711/1711 1713/1713 1658/1658
f 1711/1711 1658/1658 1663/1663
f 1713/1713 1711/1711 374/374
f 1713/1713 374/374 380/380
f 379/379 1595/1595 1714/1714
f 379/379 1714/1714 1712/1712
f 1714/1714 1654/1654 1657/1657
f 1714/1714 1657/1657 1712/1712
f 1714/1714 1594/1594 1652/1652
f 1714/1714 1652/1652 1654/1654
f 1594/1594 1599/1599 1716/1716
f 1594/1594 1716/1716 1652/1652
f 1715/1715 1717/1717 1641/1641
f 1715/1715 1641/1641 1646/1646
f 1598/1598 1602/1602 1717/1717
f 1598/1598 1717/1717 1715/1715
f 1638/1638 1641/1641 1717/1717
f 1638/1638 1717/1717 1718/1718
f 1718/1718 1717/1717 1602/1602
f 1718/1718 1602/1602 1605/1605
f 1605/1605 1608/1608 1719/1719
f 1605/1605 1719/1719 1718/1718
f 1719/1719 1635/1635 1638/1638
f 1719/1719 1638/1638 1718/1718
f 1632/1632 1635/1635 1719/1719
f 1632/1632 1719/1719 1612/1612
f 327/327 329/329 1607/1607
f 327/327 1607/1607 1604/1604
f 323/323 327/327 1604/1604
f 323/323 1604/1604 1601/1601
f 323/323 1601/1601 1591/1591
f 323/323 1591/1591 1588/1588
f 386/386 1586/1586 1595/1595
f 386/386 1595/1595 379/379
f 303/303 306/306 243/243
f 303/303 243/243 1720/1720
f 297/297 303/303 1720/1720
f 297/297 1720/1720 1721/1721
f 1721/1721 1720/1720 239/239
f 1721/1721 239/239 236/236
f 294/294 298/298 1722/1722
f 294/294 1722/1722 1723/1723
f 1723/1723 1722/1722 237/237
f 1723/1723 237/237 230/230
f 228/228 1724/1724 1723/1723
f 228/228 1723/1723 230/230
f 290/290 294/294 1723/1723
f 290/290 1723/1723 1724/1724
f 287/287 290/290 1724/1724
f 287/287 1724/1724 1725/1725
f 225/225 1725/1725 1724/1724
f 225/225 1724/1724 228/228
f 1726/1726 285/285 287/287
f 1726/1726 287/287 1725/1725
f 1726/1726 1725/1725 225/225
f 1726/1726 225/225 221/221
f 1728/1728 1726/1726 221/221
f 1728/1728 221/221 219/219
f 280/280 285/285 1726/1726
f 280/280 1726/1726 1728/1728
f 1729/1729 276/276 279/279
f 1729/1729 279/279 1727/1727
f 212/212 1729/1729 1727/1727
f 212/212 1727/1727 218/218
f 210/210 265/265 1729/1729
f 210/210 1729/1729 212/212
f 265/265 267/267 276/276
f 265/265 276/276 1729/1729
f 240/240 180/180 176/176
f 240/240 176/176 1730/1730
f 234/234 240/240 1730/1730
f 234/234 1730/1730 1732/1732
f 1732/1732 1730/1730 1731/1731
f 1732/1732 1731/1731 1734/1734
f 176/176 174/174 1731/1731
f 176/176 1731/1731 1730/1730
f 1736/1736 1733/1733 1735/1735
f 1736/1736 1735/1735 1737/1737
f 231/231 235/235 1733/1733
f 231/231 1733/1733 1736/1736
f 1739/1739 1738/1738 1736/1736
f 1739/1739 1736/1736 1737/1737
f 227/227 231/231 1736/1736
f 227/227 1736/1736 1738/1738
f 224/224 227/227 1738/1738
f 224/224 1738/1738 1740/1740
f 1741/1741 1740/1740 1738/1738
f 1741/1741 1738/1738 1739/1739
f 1742/1742 222/222 224/224
f 1742/1742 224/224 1740/1740
f 1742/1742 1740/1740 1741/1741
f 1742/1742 1741/1741 1743/1743
f 1745/1745 1742/1742 1743/1743
f 1745/1745 1743/1743 1747/1747
f 1745/1745 217/217 222/222
f 1745/1745 222/222 1742/1742
f 1749/1749 1748/1748 1744/1744
f 1749/1749 1744/1744 1746/1746
f 1748/1748 213/213 216/216
f 1748/1748 216/216 1744/1744
f 1751/1751 1750/1750 1748/1748
f 1751/1751 1748/1748 1749/1749
f 1750/1750 206/206 213/213
f 1750/1750 213/213 1748/1748
f 1754/1754 205/205 1750/1750
f 1754/1754 1750/1750 1751/1751
f 1752/1752 1751/1751 1749/1749
f 1752/1752 1749/1749 1779/1779
f 1752/1752 1755/1755 1754/1754
f 1752/1752 1754/1754 1751/1751
f 1755/1755 1760/1760 1758/1758
f 1755/1755 1758/1758 1754/1754
f 203/203 205/205 1754/1754
f 203/203 1754/1754 1758/1758
f 1762/1762 197/197 202/202
f 1762/1762 202/202 1757/1757
f 1763/1763 1762/1762 1757/1757
f 1763/1763 1757/1757 1759/1759
f 1765/1765 1762/1762 1763/1763
f 1765/1765 1763/1763 1766/1766
f 193/193 197/197 1762/1762
f 193/193 1762/1762 1765/1765
f 1768/1768 1765/1765 1766/1766
f 1768/1768 1766/1766 1769/1769
f 1765/1765 1768/1768 190/190
f 1765/1765 190/190 193/193
f 1771/1771 1768/1768 1769/1769
f 1771/1771 1769/1769 166/166
f 1771/1771 188/188 190/190
f 1771/1771 190/190 1768/1768
f 178/178 188/188 1771/1771
f 178/178 1771/1771 165/165
f 1772/1772 172/172 167/167
f 1772/1772 167/167 1770/1770
f 1770/1770 1767/1767 1774/1774
f 1770/1770 1774/1774 1772/1772
f 1772/1772 1774/1774 1775/1775
f 1772/1772 1775/1775 1773/1773
f 172/172 1772/1772 1773/1773
f 172/172 1773/1773 1797/1797
f 1767/1767 1764/1764 1776/1776
f 1767/1767 1776/1776 1774/1774
f 1774/1774 1776/1776 1777/1777
f 1774/1774 1777/1777 1775/1775
f 1764/1764 1761/1761 1756/1756
f 1764/1764 1756/1756 1776/1776
f 1776/1776 1756/1756 1753/1753
f 1776/1776 1753/1753 1777/1777
f 1753/1753 1780/1780 1778/1778
f 1753/1753 1778/1778 1777/1777
f 1775/1775 1777/1777 1778/1778
f 1775/1775 1778/1778 1783/1783
f 1782/1782 1778/1778 1780/1780
f 1782/1782 1780/1780 1800/1800
f 1786/1786 1783/1783 1778/1778
f 1786/1786 1778/1778 1782/1782
f 1775/1775 1783/1783 1784/1784
f 1775/1775 1784/1784 1773/1773
f 1784/1784 1783/1783 1786/1786
f 1784/1784 1786/1786 1788/1788
f 1743/1743 1741/1741 1785/1785
f 1743/1743 1785/1785 1781/1781
f 1785/1785 1741/1741 1739/1739
f 1785/1785 1739/1739 1787/1787
f 1794/1794 1784/1784 1788/1788
f 1794/1794 1788/1788 1790/1790
f 1739/1739 1737/1737 1789/1789
f 1739/1739 1789/1789 1787/1787
f 1793/1793 1796/1796 1794/1794
f 1793/1793 1794/1794 1790/1790
f 1737/1737 1735/1735 1792/1792
f 1737/1737 1792/1792 1789/1789
f 171/171 1797/1797 1794/1794
f 171/171 1794/1794 1796/1796
f 1784/1784 1794/1794 1797/1797
f 1784/1784 1797/1797 1773/1773
f 1734/1734 1731/1731 1795/1795
f 1734/1734 1795/1795 1791/1791
f 1731/1731 174/174 170/170
f 1731/1731 170/170 1795/1795
f 1799/1799 1747/1747 1743/1743
f 1799/1799 1743/1743 1781/1781
f 1779/1779 1749/1749 1746/1746
f 1779/1779 1746/1746 1798/1798
f 1806/1806 3411/3411 1805/1805
f 1806/1806 1805/1805 1802/1802
f 1808/1808 1801/1801 1804/1804
f 1808/1808 1804/1804 1813/1813
f 1812/1812 1807/1807 1803/1803
f 1812/1812 1803/1803 1809/1809
f 1810/1810 1808/1808 1813/1813
f 1810/1810 1813/1813 1814/1814
f 1809/1809 1811/1811 3437/3437
f 1809/1809 3437/3437 1812/1812
f 1814/1814 1813/1813 1815/1815
f 1814/1814 1815/1815 1816/1816
f 1813/1813 1804/1804 1817/1817
f 1813/1813 1817/1817 1815/1815
f 1815/1815 1819/1819 1820/1820
f 1815/1815 1820/1820 1816/1816
f 1817/1817 1822/1822 1819/1819
f 1817/1817 1819/1819 1815/1815
f 1820/1820 1819/1819 1821/1821
f 1820/1820 1821/1821 1881/1881
f 1819/1819 1822/1822 1824/1824
f 1819/1819 1824/1824 1821/1821
f 1827/1827 1825/1825 1823/1823
f 1827/1827 1823/1823 1826/1826
f 1818/1818 1828/1828 1826/1826
f 1818/1818 1826/1826 1823/1823
f 1826/1826 1829/1829 1831/1831
f 1826/1826 1831/1831 1827/1827
f 1830/1830 1829/1829 1826/1826
f 1830/1830 1826/1826 1828/1828
f 1833/1833 1832/1832 1829/1829
f 1833/1833 1829/1829 1830/1830
f 1832/1832 1834/1834 1831/1831
f 1832/1832 1831/1831 1829/1829
f 1835/1835 1832/1832 1833/1833
f 1835/1835 1833/1833 1837/1837
f 1835/1835 1836/1836 1834/1834
f 1835/1835 1834/1834 1832/1832
f 1836/1836 1835/1835 1839/1839
f 1836/1836 1839/1839 1841/1841
f 1843/1843 1839/1839 1835/1835
f 1843/1843 1835/1835 1837/1837
f 1844/1844 1847/1847 1840/1840
f 1844/1844 1840/1840 1838/1838
f 1845/1845 1844/1844 1838/1838
f 1845/1845 1838/1838 1842/1842
f 3390/3390 1846/1846 1844/1844
f 3390/3390 1844/1844 1845/1845
f 1846/1846 1849/1849 1847/1847
f 1846/1846 1847/1847 1844/1844
f 1847/1847 1848/1848 1898/1898
f 1847/1847 1898/1898 1840/1840
f 1849/1849 1850/1850 1848/1848
f 1849/1849 1848/1848 1847/1847
f 1850/1850 1849/1849 1851/1851
f 1850/1850 1851/1851 1852/1852
f 1849/1849 1846/1846 1853/1853
f 1849/1849 1853/1853 1851/1851
f 1854/1854 1858/1858 1852/1852
f 1854/1854 1852/1852 1851/1851
f 1851/1851 1853/1853 1856/1856
f 1851/1851 1856/1856 1854/1854
f 1855/1855 1857/1857 1862/1862
f 1855/1855 1862/1862 1860/1860
f 1860/1860 1861/1861 1859/1859
f 1860/1860 1859/1859 1855/1855
f 1863/1863 1865/1865 1861/1861
f 1863/1863 1861/1861 1860/1860
f 1864/1864 1863/1863 1860/1860
f 1864/1864 1860/1860 1862/1862
f 1864/1864 1867/1867 1866/1866
f 1864/1864 1866/1866 1863/1863
f 1865/1865 1863/1863 1866/1866
f 1865/1865 1866/1866 1868/1868
f 1867/1867 1871/1871 1869/1869
f 1867/1867 1869/1869 1866/1866
f 1866/1866 1869/1869 1870/1870
f 1866/1866 1870/1870 1868/1868
f 1869/1869 1873/1873 1877/1877
f 1869/1869 1877/1877 1870/1870
f 1873/1873 1869/1869 1871/1871
f 1873/1873 1871/1871 1875/1875
f 1878/1878 1872/1872 1874/1874
f 1878/1878 1874/1874 1880/1880
f 1872/1872 1878/1878 1879/1879
f 1872/1872 1879/1879 1876/1876
f 1878/1878 1881/1881 1882/1882
f 1878/1878 1882/1882 1879/1879
f 1881/1881 1878/1878 1880/1880
f 1881/1881 1880/1880 1820/1820
f 1881/1881 1821/1821 1884/1884
f 1881/1881 1884/1884 1882/1882
f 1879/1879 1882/1882 1883/1883
f 1879/1879 1883/1883 3360/3360
f 1882/1882 1884/1884 1885/1885
f 1882/1882 1885/1885 1883/1883
f 1884/1884 1886/1886 1888/1888
f 1884/1884 1888/1888 1885/1885
f 1821/1821 1824/1824 1886/1886
f 1821/1821 1886/1886 1884/1884
f 1891/1891 1889/1889 1887/1887
f 1891/1891 1887/1887 1890/1890
f 1827/1827 1890/1890 1887/1887
f 1827/1827 1887/1887 1825/1825
f 1827/1827 1831/1831 1892/1892
f 1827/1827 1892/1892 1890/1890
f 1890/1890 1892/1892 1893/1893
f 1890/1890 1893/1893 1891/1891
f 1894/1894 1895/1895 1893/1893
f 1894/1894 1893/1893 1892/1892
f 1834/1834 1894/1894 1892/1892
f 1834/1834 1892/1892 1831/1831
f 1896/1896 1897/1897 1895/1895
f 1896/1896 1895/1895 1894/1894
f 1836/1836 1896/1896 1894/1894
f 1836/1836 1894/1894 1834/1834
f 1896/1896 1836/1836 1841/1841
f 1896/1896 1841/1841 1899/1899
f 1897/1897 1896/1896 1899/1899
f 1897/1897 1899/1899 1901/1901
f 1848/1848 1904/1904 1900/1900
f 1848/1848 1900/1900 1898/1898
f 1904/1904 1906/1906 1902/1902
f 1904/1904 1902/1902 1900/1900
f 1901/1901 1903/1903 1960/1960
f 1901/1901 1960/1960 1897/1897
f 1850/1850 1905/1905 1904/1904
f 1850/1850 1904/1904 1848/1848
f 1905/1905 1907/1907 1906/1906
f 1905/1905 1906/1906 1904/1904
f 1906/1906 1908/1908 1909/1909
f 1906/1906 1909/1909 1902/1902
f 1907/1907 1912/1912 1908/1908
f 1907/1907 1908/1908 1906/1906
f 1908/1908 1911/1911 1964/1964
f 1908/1908 1964/1964 1909/1909
f 1912/1912 1913/1913 1911/1911
f 1912/1912 1911/1911 1908/1908
f 1913/1913 1912/1912 1914/1914
f 1913/1913 1914/1914 1915/1915
f 1912/1912 1907/1907 1916/1916
f 1912/1912 1916/1916 1914/1914
f 1917/1917 1921/1921 1915/1915
f 1917/1917 1915/1915 1914/1914
f 1914/1914 1916/1916 1919/1919
f 1914/1914 1919/1919 1917/1917
f 1918/1918 1920/1920 1925/1925
f 1918/1918 1925/1925 1923/1923
f 1923/1923 1924/1924 1922/1922
f 1923/1923 1922/1922 1918/1918
f 1926/1926 1928/1928 1924/1924
f 1926/1926 1924/1924 1923/1923
f 1927/1927 1926/1926 1923/1923
f 1927/1927 1923/1923 1925/1925
f 1927/1927 1930/1930 1929/1929
f 1927/1927 1929/1929 1926/1926
f 1928/1928 1926/1926 1929/1929
f 1928/1928 1929/1929 1931/1931
f 1930/1930 1934/1934 1932/1932
f 1930/1930 1932/1932 1929/1929
f 1929/1929 1932/1932 1933/1933
f 1929/1929 1933/1933 1931/1931
f 1932/1932 1936/1936 1940/1940
f 1932/1932 1940/1940 1933/1933
f 1936/1936 1932/1932 1934/1934
f 1936/1936 1934/1934 1938/1938
f 1941/1941 1935/1935 1937/1937
f 1941/1941 1937/1937 1943/1943
f 1935/1935 1941/1941 1942/1942
f 1935/1935 1942/1942 1939/1939
f 1941/1941 1944/1944 1945/1945
f 1941/1941 1945/1945 1942/1942
f 1944/1944 1941/1941 1943/1943
f 1944/1944 1943/1943 1946/1946
f 1944/1944 1947/1947 1948/1948
f 1944/1944 1948/1948 1945/1945
f 1946/1946 1951/1951 1947/1947
f 1946/1946 1947/1947 1944/1944
f 1947/1947 1949/1949 1972/1972
f 1947/1947 1972/1972 1948/1948
f 1951/1951 1952/1952 1949/1949
f 1951/1951 1949/1949 1947/1947
f 1885/1885 1951/1951 1946/1946
f 1885/1885 1946/1946 1883/1883
f 1952/1952 1951/1951 1885/1885
f 1952/1952 1885/1885 1888/1888
f 1955/1955 1950/1950 1953/1953
f 1955/1955 1953/1953 1954/1954
f 1889/1889 1891/1891 1954/1954
f 1889/1889 1954/1954 1953/1953
f 1954/1954 1956/1956 1957/1957
f 1954/1954 1957/1957 1955/1955
f 1893/1893 1956/1956 1954/1954
f 1893/1893 1954/1954 1891/1891
f 1895/1895 1958/1958 1956/1956
f 1895/1895 1956/1956 1893/1893
f 1958/1958 1959/1959 1957/1957
f 1958/1958 1957/1957 1956/1956
f 1960/1960 1958/1958 1895/1895
f 1960/1960 1895/1895 1897/1897
f 1960/1960 1961/1961 1959/1959
f 1960/1960 1959/1959 1958/1958
f 1961/1961 1960/1960 1903/1903
f 1961/1961 1903/1903 1910/1910
f 1962/1962 1961/1961 1910/1910
f 1962/1962 1910/1910 1965/1965
f 1961/1961 1962/1962 1966/1966
f 1961/1961 1966/1966 1959/1959
f 1962/1962 1963/1963 1967/1967
f 1962/1962 1967/1967 1966/1966
f 1963/1963 1962/1962 1965/1965
f 1963/1963 1965/1965 2149/2149
f 1966/1966 1967/1967 1969/1969
f 1966/1966 1969/1969 1968/1968
f 1959/1959 1966/1966 1968/1968
f 1959/1959 1968/1968 1957/1957
f 1970/1970 1968/1968 1969/1969
f 1970/1970 1969/1969 1971/1971
f 1955/1955 1957/1957 1968/1968
f 1955/1955 1968/1968 1970/1970
f 1955/1955 1970/1970 1973/1973
f 1955/1955 1973/1973 1950/1950
f 1971/1971 1975/1975 1973/1973
f 1971/1971 1973/1973 1970/1970
f 1948/1948 1972/1972 1974/1974
f 1948/1948 1974/1974 1978/1978
f 1977/1977 1975/1975 1971/1971
f 1977/1977 1971/1971 2045/2045
f 1976/1976 1980/1980 1978/1978
f 1976/1976 1978/1978 1974/1974
f 1980/1980 1981/1981 1979/1979
f 1980/1980 1979/1979 1978/1978
f 1945/1945 1948/1948 1978/1978
f 1945/1945 1978/1978 1979/1979
f 1984/1984 1982/1982 1980/1980
f 1984/1984 1980/1980 1976/1976
f 1982/1982 1986/1986 1981/1981
f 1982/1982 1981/1981 1980/1980
f 1983/1983 1987/1987 1986/1986
f 1983/1983 1986/1986 1982/1982
f 2047/2047 1983/1983 1982/1982
f 2047/2047 1982/1982 1984/1984
f 1987/1987 1994/1994 1988/1988
f 1987/1987 1988/1988 1986/1986
f 1986/1986 1988/1988 1996/1996
f 1986/1986 1996/1996 1981/1981
f 1989/1989 1997/1997 1999/1999
f 1989/1989 1999/1999 1991/1991
f 1996/1996 1988/1988 1990/1990
f 1996/1996 1990/1990 2178/2178
f 1989/1989 1995/1995 1998/1998
f 1989/1989 1998/1998 1997/1997
f 1998/1998 2004/2004 2001/2001
f 1998/1998 2001/2001 1997/1997
f 1997/1997 2001/2001 2002/2002
f 1997/1997 2002/2002 1999/1999
f 2001/2001 2005/2005 2006/2006
f 2001/2001 2006/2006 2002/2002
f 2001/2001 2004/2004 2008/2008
f 2001/2001 2008/2008 2005/2005
f 2006/2006 2005/2005 2009/2009
f 2006/2006 2009/2009 2011/2011
f 2005/2005 2008/2008 2010/2010
f 2005/2005 2010/2010 2009/2009
f 2020/2020 2014/2014 2009/2009
f 2020/2020 2009/2009 2010/2010
f 2011/2011 2009/2009 2014/2014
f 2011/2011 2014/2014 2016/2016
f 2013/2013 2021/2021 2205/2205
f 2013/2013 2205/2205 2015/2015
f 2022/2022 2013/2013 2019/2019
f 2022/2022 2019/2019 2024/2024
f 2023/2023 2021/2021 2013/2013
f 2023/2023 2013/2013 2022/2022
f 2023/2023 2022/2022 2025/2025
f 2023/2023 2025/2025 2027/2027
f 2022/2022 2024/2024 2026/2026
f 2022/2022 2026/2026 2025/2025
f 2025/2025 2026/2026 2032/2032
f 2025/2025 2032/2032 2028/2028
f 2027/2027 2025/2025 2028/2028
f 2027/2027 2028/2028 2030/2030
f 2035/2035 2031/2031 2029/2029
f 2035/2035 2029/2029 2034/2034
f 2034/2034 2029/2029 2033/2033
f 2034/2034 2033/2033 2036/2036
f 2035/2035 2034/2034 2037/2037
f 2035/2035 2037/2037 2038/2038
f 2034/2034 2036/2036 2039/2039
f 2034/2034 2039/2039 2037/2037
f 2041/2041 2038/2038 2037/2037
f 2041/2041 2037/2037 2040/2040
f 2040/2040 2037/2037 2039/2039
f 2040/2040 2039/2039 2042/2042
f 2040/2040 2043/2043 2045/2045
f 2040/2040 2045/2045 2041/2041
f 2042/2042 2044/2044 2043/2043
f 2042/2042 2043/2043 2040/2040
f 2043/2043 2044/2044 2048/2048
f 2043/2043 2048/2048 1985/1985
f 2045/2045 2043/2043 1985/1985
f 2045/2045 1985/1985 1977/1977
f 1971/1971 1969/1969 2041/2041
f 1971/1971 2041/2041 2045/2045
f 2048/2048 2044/2044 2046/2046
f 2048/2048 2046/2046 2050/2050
f 2042/2042 2147/2147 2046/2046
f 2042/2042 2046/2046 2044/2044
f 1983/1983 2047/2047 2049/2049
f 1983/1983 2049/2049 2053/2053
f 2050/2050 2046/2046 2066/2066
f 2050/2050 2066/2066 2052/2052
f 2051/2051 2055/2055 2053/2053
f 2051/2051 2053/2053 2049/2049
f 2055/2055 2056/2056 2054/2054
f 2055/2055 2054/2054 2053/2053
f 2053/2053 2054/2054 1987/1987
f 2053/2053 1987/1987 1983/1983
f 2057/2057 2058/2058 2056/2056
f 2057/2057 2056/2056 2055/2055
f 2055/2055 2051/2051 2060/2060
f 2055/2055 2060/2060 2057/2057
f 2058/2058 2057/2057 2059/2059
f 2058/2058 2059/2059 2118/2118
f 2062/2062 2059/2059 2057/2057
f 2062/2062 2057/2057 2060/2060
f 2065/2065 2063/2063 2061/2061
f 2065/2065 2061/2061 2064/2064
f 2066/2066 2064/2064 2061/2061
f 2066/2066 2061/2061 2052/2052
f 2067/2067 2068/2068 2065/2065
f 2067/2067 2065/2065 2064/2064
f 2067/2067 2064/2064 2066/2066
f 2067/2067 2066/2066 2069/2069
f 2070/2070 2071/2071 2068/2068
f 2070/2070 2068/2068 2067/2067
f 2072/2072 2070/2070 2067/2067
f 2072/2072 2067/2067 2069/2069
f 2074/2074 2071/2071 2070/2070
f 2074/2074 2070/2070 2073/2073
f 2075/2075 2073/2073 2070/2070
f 2075/2075 2070/2070 2072/2072
f 2079/2079 2074/2074 2073/2073
f 2079/2079 2073/2073 2077/2077
f 2073/2073 2075/2075 2081/2081
f 2073/2073 2081/2081 2077/2077
f 2083/2083 2078/2078 2076/2076
f 2083/2083 2076/2076 2082/2082
f 2085/2085 2082/2082 2076/2076
f 2085/2085 2076/2076 2080/2080
f 2084/2084 2133/2133 2083/2083
f 2084/2084 2083/2083 2082/2082
f 2087/2087 2084/2084 2082/2082
f 2087/2087 2082/2082 2085/2085
f 2088/2088 2087/2087 2085/2085
f 2088/2088 2085/2085 2086/2086
f 2086/2086 2085/2085 2080/2080
f 2086/2086 2080/2080 2143/2143
f 2084/2084 2087/2087 2089/2089
f 2084/2084 2089/2089 2093/2093
f 2088/2088 2091/2091 2089/2089
f 2088/2088 2089/2089 2087/2087
f 2090/2090 2092/2092 2097/2097
f 2090/2090 2097/2097 2095/2095
f 2095/2095 2096/2096 2094/2094
f 2095/2095 2094/2094 2090/2090
f 2098/2098 2099/2099 2096/2096
f 2098/2098 2096/2096 2095/2095
f 2098/2098 2095/2095 2097/2097
f 2098/2098 2097/2097 2100/2100
f 2098/2098 2101/2101 2102/2102
f 2098/2098 2102/2102 2099/2099
f 2101/2101 2098/2098 2100/2100
f 2101/2101 2100/2100 2103/2103
f 2105/2105 2102/2102 2101/2101
f 2105/2105 2101/2101 2104/2104
f 2106/2106 2104/2104 2101/2101
f 2106/2106 2101/2101 2103/2103
f 2112/2112 2105/2105 2104/2104
f 2112/2112 2104/2104 2108/2108
f 2108/2108 2104/2104 2106/2106
f 2108/2108 2106/2106 2110/2110
f 2107/2107 2109/2109 2054/2054
f 2107/2107 2054/2054 2056/2056
f 2107/2107 2056/2056 2058/2058
f 2107/2107 2058/2058 2111/2111
f 2113/2113 2111/2111 2058/2058
f 2113/2113 2058/2058 2118/2118
f 2114/2114 2117/2117 2105/2105
f 2114/2114 2105/2105 2112/2112
f 2119/2119 2115/2115 2113/2113
f 2119/2119 2113/2113 2118/2118
f 2114/2114 2116/2116 2142/2142
f 2114/2114 2142/2142 2117/2117
f 2120/2120 2119/2119 2118/2118
f 2120/2120 2118/2118 2059/2059
f 2059/2059 2062/2062 2121/2121
f 2059/2059 2121/2121 2120/2120
f 2063/2063 2065/2065 2123/2123
f 2063/2063 2123/2123 2122/2122
f 2124/2124 2123/2123 2065/2065
f 2124/2124 2065/2065 2068/2068
f 2125/2125 2124/2124 2068/2068
f 2125/2125 2068/2068 2071/2071
f 2126/2126 2125/2125 2071/2071
f 2126/2126 2071/2071 2074/2074
f 2128/2128 2126/2126 2074/2074
f 2128/2128 2074/2074 2079/2079
f 2083/2083 2129/2129 2127/2127
f 2083/2083 2127/2127 2078/2078
f 2130/2130 2129/2129 2083/2083
f 2130/2130 2083/2083 2133/2133
f 2130/2130 2133/2133 2134/2134
f 2130/2130 2134/2134 2131/2131
f 2133/2133 2084/2084 2093/2093
f 2133/2133 2093/2093 2134/2134
f 2137/2137 2132/2132 2135/2135
f 2137/2137 2135/2135 2136/2136
f 2136/2136 2135/2135 2094/2094
f 2136/2136 2094/2094 2096/2096
f 2139/2139 2137/2137 2136/2136
f 2139/2139 2136/2136 2138/2138
f 2099/2099 2138/2138 2136/2136
f 2099/2099 2136/2136 2096/2096
f 2140/2140 2138/2138 2099/2099
f 2140/2140 2099/2099 2102/2102
f 2139/2139 2138/2138 2140/2140
f 2139/2139 2140/2140 2141/2141
f 2142/2142 2141/2141 2140/2140
f 2142/2142 2140/2140 2117/2117
f 2102/2102 2105/2105 2117/2117
f 2102/2102 2117/2117 2140/2140
f 1994/1994 1987/1987 2054/2054
f 1994/1994 2054/2054 2109/2109
f 2110/2110 2106/2106 1998/1998
f 2110/2110 1998/1998 1995/1995
f 2004/2004 1998/1998 2106/2106
f 2004/2004 2106/2106 2103/2103
f 2004/2004 2103/2103 2100/2100
f 2004/2004 2100/2100 2008/2008
f 2008/2008 2100/2100 2097/2097
f 2008/2008 2097/2097 2010/2010
f 2010/2010 2097/2097 2092/2092
f 2010/2010 2092/2092 2020/2020
f 2088/2088 2024/2024 2019/2019
f 2088/2088 2019/2019 2091/2091
f 2024/2024 2088/2088 2086/2086
f 2024/2024 2086/2086 2026/2026
f 2026/2026 2086/2086 2143/2143
f 2026/2026 2143/2143 2032/2032
f 2144/2144 2081/2081 2075/2075
f 2144/2144 2075/2075 2145/2145
f 2033/2033 2144/2144 2145/2145
f 2033/2033 2145/2145 2036/2036
f 2075/2075 2072/2072 2146/2146
f 2075/2075 2146/2146 2145/2145
f 2145/2145 2146/2146 2039/2039
f 2145/2145 2039/2039 2036/2036
f 2039/2039 2146/2146 2147/2147
f 2039/2039 2147/2147 2042/2042
f 2146/2146 2072/2072 2069/2069
f 2146/2146 2069/2069 2147/2147
f 2147/2147 2069/2069 2066/2066
f 2147/2147 2066/2066 2046/2046
f 1967/1967 2038/2038 2041/2041
f 1967/1967 2041/2041 1969/1969
f 1963/1963 2035/2035 2038/2038
f 1963/1963 2038/2038 1967/1967
f 2031/2031 2035/2035 1963/1963
f 2031/2031 1963/1963 2149/2149
f 2150/2150 2027/2027 2030/2030
f 2150/2150 2030/2030 2148/2148
f 1911/1911 2150/2150 2148/2148
f 1911/1911 2148/2148 1964/1964
f 1913/1913 2151/2151 2150/2150
f 1913/1913 2150/2150 1911/1911
f 2151/2151 2023/2023 2027/2027
f 2151/2151 2027/2027 2150/2150
f 2151/2151 1913/1913 1915/1915
f 2151/2151 1915/1915 2152/2152
f 2151/2151 2152/2152 2021/2021
f 2151/2151 2021/2021 2023/2023
f 2152/2152 1915/1915 1921/1921
f 2152/2152 1921/1921 2154/2154
f 2154/2154 2156/2156 2153/2153
f 2154/2154 2153/2153 2152/2152
f 2152/2152 2153/2153 2021/2021
f 2155/2155 1922/1922 1924/1924
f 2155/2155 1924/1924 2158/2158
f 2158/2158 2159/2159 2157/2157
f 2158/2158 2157/2157 2155/2155
f 1928/1928 2160/2160 2158/2158
f 1928/1928 2158/2158 1924/1924
f 2159/2159 2158/2158 2160/2160
f 2159/2159 2160/2160 2161/2161
f 2161/2161 2160/2160 2162/2162
f 2161/2161 2162/2162 2163/2163
f 1928/1928 1931/1931 2162/2162
f 1928/1928 2162/2162 2160/2160
f 2164/2164 2165/2165 2163/2163
f 2164/2164 2163/2163 2162/2162
f 1931/1931 1933/1933 2164/2164
f 1931/1931 2164/2164 2162/2162
f 2167/2167 2164/2164 1933/1933
f 2167/2167 1933/1933 1940/1940
f 2165/2165 2164/2164 2167/2167
f 2165/2165 2167/2167 2169/2169
f 2170/2170 2166/2166 1939/1939
f 2170/2170 1939/1939 1942/1942
f 2168/2168 2166/2166 2170/2170
f 2168/2168 2170/2170 2171/2171
f 1942/1942 1945/1945 1979/1979
f 1942/1942 1979/1979 2170/2170
f 2170/2170 1996/1996 2171/2171
f 1979/1979 1981/1981 1996/1996
f 1979/1979 1996/1996 2170/2170
f 2168/2168 2171/2171 2172/2172
f 2168/2168 2172/2172 2174/2174
f 2171/2171 1996/1996 2178/2178
f 2171/2171 2178/2178 2172/2172
f 2177/2177 2173/2173 2180/2180
f 2177/2177 2180/2180 2182/2182
f 2179/2179 2184/2184 2180/2180
f 2179/2179 2180/2180 2173/2173
f 2183/2183 2234/2234 2182/2182
f 2183/2183 2182/2182 2180/2180
f 2185/2185 2183/2183 2180/2180
f 2185/2185 2180/2180 2184/2184
f 2179/2179 1993/1993 2187/2187
f 2179/2179 2187/2187 2184/2184
f 2189/2189 2185/2185 2184/2184
f 2189/2189 2184/2184 2187/2187
f 2191/2191 2188/2188 2186/2186
f 2191/2191 2186/2186 2190/2190
f 1992/1992 2000/2000 2190/2190
f 1992/1992 2190/2190 2186/2186
f 2000/2000 2003/2003 2192/2192
f 2000/2000 2192/2192 2190/2190
f 2191/2191 2190/2190 2192/2192
f 2191/2191 2192/2192 2193/2193
f 2003/2003 2007/2007 2194/2194
f 2003/2003 2194/2194 2192/2192
f 2193/2193 2192/2192 2194/2194
f 2193/2193 2194/2194 2195/2195
f 2197/2197 2195/2195 2194/2194
f 2197/2197 2194/2194 2196/2196
f 2012/2012 2196/2196 2194/2194
f 2012/2012 2194/2194 2007/2007
f 2199/2199 2201/2201 2197/2197
f 2199/2199 2197/2197 2196/2196
f 2018/2018 2199/2199 2196/2196
f 2018/2018 2196/2196 2012/2012
f 2203/2203 2200/2200 2198/2198
f 2203/2203 2198/2198 2202/2202
f 2198/2198 2017/2017 2206/2206
f 2198/2198 2206/2206 2202/2202
f 2268/2268 2203/2203 2202/2202
f 2268/2268 2202/2202 2204/2204
f 2204/2204 2202/2202 2206/2206
f 2204/2204 2206/2206 2208/2208
f 2021/2021 2153/2153 2207/2207
f 2021/2021 2207/2207 2205/2205
f 2211/2211 2216/2216 2204/2204
f 2211/2211 2204/2204 2208/2208
f 2207/2207 2153/2153 2156/2156
f 2207/2207 2156/2156 2209/2209
f 2157/2157 2159/2159 2214/2214
f 2157/2157 2214/2214 2212/2212
f 2210/2210 2213/2213 2219/2219
f 2210/2210 2219/2219 2215/2215
f 2216/2216 2218/2218 2268/2268
f 2216/2216 2268/2268 2204/2204
f 2215/2215 2219/2219 2220/2220
f 2215/2215 2220/2220 2217/2217
f 2222/2222 2220/2220 2219/2219
f 2222/2222 2219/2219 2221/2221
f 2223/2223 2221/2221 2219/2219
f 2223/2223 2219/2219 2213/2213
f 2228/2228 2222/2222 2221/2221
f 2228/2228 2221/2221 2225/2225
f 2226/2226 2225/2225 2221/2221
f 2226/2226 2221/2221 2223/2223
f 2226/2226 2230/2230 2229/2229
f 2226/2226 2229/2229 2225/2225
f 2228/2228 2225/2225 2229/2229
f 2228/2228 2229/2229 2232/2232
f 2230/2230 2175/2175 2181/2181
f 2230/2230 2181/2181 2229/2229
f 2181/2181 2233/2233 2232/2232
f 2181/2181 2232/2232 2229/2229
f 2228/2228 2232/2232 2235/2235
f 2228/2228 2235/2235 2236/2236
f 2233/2233 2238/2238 2235/2235
f 2233/2233 2235/2235 2232/2232
f 2237/2237 2275/2275 2236/2236
f 2237/2237 2236/2236 2235/2235
f 2238/2238 2241/2241 2237/2237
f 2238/2238 2237/2237 2235/2235
f 2183/2183 2242/2242 2239/2239
f 2183/2183 2239/2239 2234/2234
f 2243/2243 2240/2240 2239/2239
f 2243/2243 2239/2239 2242/2242
f 2244/2244 2242/2242 2183/2183
f 2244/2244 2183/2183 2185/2185
f 2245/2245 2243/2243 2242/2242
f 2245/2245 2242/2242 2244/2244
f 2244/2244 2185/2185 2189/2189
f 2244/2244 2189/2189 2247/2247
f 2249/2249 2245/2245 2244/2244
f 2249/2249 2244/2244 2247/2247
f 2251/2251 2248/2248 2246/2246
f 2251/2251 2246/2246 2250/2250
f 2191/2191 2250/2250 2246/2246
f 2191/2191 2246/2246 2188/2188
f 2191/2191 2193/2193 2252/2252
f 2191/2191 2252/2252 2250/2250
f 2253/2253 2251/2251 2250/2250
f 2253/2253 2250/2250 2252/2252
f 2195/2195 2254/2254 2252/2252
f 2195/2195 2252/2252 2193/2193
f 2255/2255 2253/2253 2252/2252
f 2255/2255 2252/2252 2254/2254
f 2257/2257 2255/2255 2254/2254
f 2257/2257 2254/2254 2256/2256
f 2195/2195 2197/2197 2256/2256
f 2195/2195 2256/2256 2254/2254
f 2259/2259 2260/2260 2257/2257
f 2259/2259 2257/2257 2256/2256
f 2197/2197 2201/2201 2259/2259
f 2197/2197 2259/2259 2256/2256
f 2258/2258 2262/2262 2263/2263
f 2258/2258 2263/2263 2261/2261
f 2200/2200 2203/2203 2262/2262
f 2200/2200 2262/2262 2258/2258
f 2265/2265 2263/2263 2262/2262
f 2265/2265 2262/2262 2264/2264
f 2268/2268 2264/2264 2262/2262
f 2268/2268 2262/2262 2203/2203
f 2267/2267 2270/2270 2265/2265
f 2267/2267 2265/2265 2264/2264
f 2268/2268 2218/2218 2267/2267
f 2268/2268 2267/2267 2264/2264
f 2217/2217 2220/2220 2271/2271
f 2217/2217 2271/2271 2266/2266
f 2266/2266 2271/2271 2272/2272
f 2266/2266 2272/2272 2269/2269
f 2274/2274 2272/2272 2271/2271
f 2274/2274 2271/2271 2273/2273
f 2220/2220 2222/2222 2273/2273
f 2220/2220 2273/2273 2271/2271
f 2275/2275 2274/2274 2273/2273
f 2275/2275 2273/2273 2236/2236
f 2222/2222 2228/2228 2236/2236
f 2222/2222 2236/2236 2273/2273
f 2277/2277 2279/2279 2272/2272
f 2277/2277 2272/2272 2274/2274
f 2281/2281 2277/2277 2274/2274
f 2281/2281 2274/2274 2275/2275
f 2276/2276 2282/2282 2283/2283
f 2276/2276 2283/2283 2278/2278
f 2280/2280 2285/2285 2282/2282
f 2280/2280 2282/2282 2276/2276
f 2284/2284 2355/2355 2283/2283
f 2284/2284 2283/2283 2282/2282
f 2286/2286 2284/2284 2282/2282
f 2286/2286 2282/2282 2285/2285
f 2280/2280 2288/2288 2287/2287
f 2280/2280 2287/2287 2285/2285
f 2286/2286 2285/2285 2287/2287
f 2286/2286 2287/2287 2290/2290
f 2295/2295 2292/2292 2287/2287
f 2295/2295 2287/2287 2288/2288
f 2292/2292 2298/2298 2290/2290
f 2292/2292 2290/2290 2287/2287
f 2300/2300 2299/2299 2291/2291
f 2300/2300 2291/2291 2293/2293
f 2302/2302 2297/2297 2291/2291
f 2302/2302 2291/2291 2299/2299
f 2300/2300 2305/2305 2303/2303
f 2300/2300 2303/2303 2299/2299
f 2302/2302 2299/2299 2303/2303
f 2302/2302 2303/2303 2304/2304
f 2304/2304 2303/2303 2307/2307
f 2304/2304 2307/2307 2309/2309
f 2311/2311 2307/2307 2303/2303
f 2311/2311 2303/2303 2305/2305
f 2318/2318 2310/2310 2308/2308
f 2318/2318 2308/2308 2315/2315
f 2317/2317 2315/2315 2308/2308
f 2317/2317 2308/2308 2314/2314
f 2319/2319 2315/2315 2317/2317
f 2319/2319 2317/2317 2321/2321
f 2318/2318 2315/2315 2319/2319
f 2318/2318 2319/2319 2322/2322
f 2326/2326 2323/2323 2319/2319
f 2326/2326 2319/2319 2321/2321
f 2319/2319 2323/2323 2324/2324
f 2319/2319 2324/2324 2322/2322
f 2328/2328 2324/2324 2323/2323
f 2328/2328 2323/2323 2327/2327
f 2332/2332 2327/2327 2323/2323
f 2332/2332 2323/2323 2326/2326
f 2330/2330 2450/2450 2328/2328
f 2330/2330 2328/2328 2327/2327
f 2335/2335 2330/2330 2327/2327
f 2335/2335 2327/2327 2332/2332
f 2331/2331 2325/2325 2255/2255
f 2331/2331 2255/2255 2257/2257
f 2260/2260 2334/2334 2331/2331
f 2260/2260 2331/2331 2257/2257
f 2337/2337 2341/2341 2329/2329
f 2337/2337 2329/2329 2333/2333
f 2263/2263 2338/2338 2336/2336
f 2263/2263 2336/2336 2261/2261
f 2339/2339 2343/2343 2341/2341
f 2339/2339 2341/2341 2337/2337
f 2340/2340 2338/2338 2263/2263
f 2340/2340 2263/2263 2265/2265
f 2329/2329 2341/2341 2342/2342
f 2329/2329 2342/2342 2449/2449
f 2341/2341 2343/2343 2344/2344
f 2341/2341 2344/2344 2342/2342
f 2345/2345 2351/2351 2344/2344
f 2345/2345 2344/2344 2343/2343
f 2347/2347 2345/2345 2343/2343
f 2347/2347 2343/2343 2339/2339
f 2278/2278 2283/2283 2346/2346
f 2278/2278 2346/2346 2348/2348
f 2346/2346 2283/2283 2355/2355
f 2346/2346 2355/2355 2352/2352
f 2351/2351 2353/2353 2453/2453
f 2351/2351 2453/2453 2344/2344
f 2355/2355 2356/2356 2354/2354
f 2355/2355 2354/2354 2352/2352
f 2355/2355 2284/2284 2358/2358
f 2355/2355 2358/2358 2356/2356
f 2354/2354 2356/2356 2357/2357
f 2354/2354 2357/2357 2460/2460
f 2357/2357 2356/2356 2358/2358
f 2357/2357 2358/2358 2360/2360
f 2360/2360 2358/2358 2359/2359
f 2360/2360 2359/2359 2362/2362
f 2284/2284 2286/2286 2359/2359
f 2284/2284 2359/2359 2358/2358
f 2357/2357 2360/2360 2361/2361
f 2357/2357 2361/2361 2465/2465
f 2361/2361 2360/2360 2362/2362
f 2361/2361 2362/2362 2363/2363
f 2364/2364 2362/2362 2359/2359
f 2364/2364 2359/2359 2366/2366
f 2364/2364 2365/2365 2363/2363
f 2364/2364 2363/2363 2362/2362
f 2365/2365 2364/2364 2368/2368
f 2365/2365 2368/2368 2370/2370
f 2364/2364 2366/2366 2372/2372
f 2364/2364 2372/2372 2368/2368
f 2369/2369 2367/2367 2373/2373
f 2369/2369 2373/2373 2375/2375
f 2367/2367 2371/2371 2374/2374
f 2367/2367 2374/2374 2373/2373
f 2376/2376 2373/2373 2374/2374
f 2376/2376 2374/2374 2380/2380
f 2375/2375 2373/2373 2376/2376
f 2375/2375 2376/2376 2377/2377
f 2379/2379 2485/2485 2377/2377
f 2379/2379 2377/2377 2376/2376
f 2378/2378 2376/2376 2380/2380
f 2389/2389 2379/2379 2376/2376
f 2389/2389 2376/2376 2378/2378
f 2381/2381 2386/2386 2378/2378
f 2381/2381 2378/2378 2380/2380
f 2304/2304 2309/2309 2381/2381
f 2304/2304 2381/2381 2380/2380
f 2304/2304 2380/2380 2374/2374
f 2304/2304 2374/2374 2302/2302
f 2387/2387 2386/2386 2381/2381
f 2387/2387 2381/2381 2383/2383
f 2384/2384 2382/2382 2385/2385
f 2384/2384 2385/2385 2769/2769
f 2318/2318 2385/2385 2382/2382
f 2318/2318 2382/2382 2310/2310
f 2390/2390 2388/2388 2386/2386
f 2390/2390 2386/2386 2387/2387
f 2388/2388 2389/2389 2378/2378
f 2388/2388 2378/2378 2386/2386
f 2389/2389 2388/2388 2391/2391
f 2389/2389 2391/2391 2392/2392
f 2388/2388 2390/2390 2393/2393
f 2388/2388 2393/2393 2391/2391
f 2394/2394 2395/2395 2392/2392
f 2394/2394 2392/2392 2391/2391
f 2396/2396 2394/2394 2391/2391
f 2396/2396 2391/2391 2393/2393
f 2395/2395 2394/2394 2397/2397
f 2395/2395 2397/2397 2399/2399
f 2394/2394 2396/2396 2398/2398
f 2394/2394 2398/2398 2397/2397
f 2401/2401 2400/2400 2397/2397
f 2401/2401 2397/2397 2398/2398
f 2400/2400 2402/2402 2399/2399
f 2400/2400 2399/2399 2397/2397
f 2406/2406 2404/2404 2400/2400
f 2406/2406 2400/2400 2401/2401
f 2404/2404 2408/2408 2402/2402
f 2404/2404 2402/2402 2400/2400
f 2410/2410 2409/2409 2403/2403
f 2410/2410 2403/2403 2405/2405
f 2409/2409 2411/2411 2407/2407
f 2409/2409 2407/2407 2403/2403
f 2409/2409 2410/2410 2414/2414
f 2409/2409 2414/2414 2412/2412
f 2411/2411 2409/2409 2412/2412
f 2411/2411 2412/2412 2413/2413
f 2415/2415 2416/2416 2413/2413
f 2415/2415 2413/2413 2412/2412
f 2417/2417 2415/2415 2412/2412
f 2417/2417 2412/2412 2414/2414
f 2418/2418 2420/2420 2416/2416
f 2418/2418 2416/2416 2415/2415
f 2419/2419 2418/2418 2415/2415
f 2419/2419 2415/2415 2417/2417
f 2418/2418 2419/2419 2423/2423
f 2418/2418 2423/2423 2421/2421
f 2420/2420 2418/2418 2421/2421
f 2420/2420 2421/2421 2425/2425
f 2422/2422 2424/2424 2428/2428
f 2422/2422 2428/2428 2427/2427
f 2426/2426 2422/2422 2427/2427
f 2426/2426 2427/2427 2429/2429
f 2427/2427 2428/2428 2431/2431
f 2427/2427 2431/2431 2430/2430
f 2429/2429 2427/2427 2430/2430
f 2429/2429 2430/2430 2432/2432
f 2433/2433 2430/2430 2431/2431
f 2433/2433 2431/2431 2434/2434
f 2435/2435 2432/2432 2430/2430
f 2435/2435 2430/2430 2433/2433
f 2438/2438 2436/2436 2433/2433
f 2438/2438 2433/2433 2434/2434
f 2436/2436 2437/2437 2435/2435
f 2436/2436 2435/2435 2433/2433
f 2441/2441 2437/2437 2436/2436
f 2441/2441 2436/2436 2439/2439
f 2439/2439 2436/2436 2438/2438
f 2439/2439 2438/2438 2440/2440
f 2444/2444 2442/2442 2439/2439
f 2444/2444 2439/2439 2440/2440
f 2442/2442 2443/2443 2441/2441
f 2442/2442 2441/2441 2439/2439
f 2442/2442 2445/2445 2452/2452
f 2442/2442 2452/2452 2443/2443
f 2444/2444 2447/2447 2445/2445
f 2444/2444 2445/2445 2442/2442
f 2448/2448 2762/2762 2451/2451
f 2448/2448 2451/2451 2446/2446
f 2342/2342 2452/2452 2445/2445
f 2342/2342 2445/2445 2449/2449
f 2450/2450 2446/2446 2451/2451
f 2450/2450 2451/2451 2328/2328
f 2453/2453 2457/2457 2454/2454
f 2453/2453 2454/2454 2452/2452
f 2453/2453 2452/2452 2342/2342
f 2453/2453 2342/2342 2344/2344
f 2452/2452 2454/2454 2443/2443
f 2456/2456 2454/2454 2455/2455
f 2456/2456 2455/2455 2533/2533
f 2458/2458 2455/2455 2454/2454
f 2458/2458 2454/2454 2457/2457
f 2454/2454 2456/2456 2441/2441
f 2454/2454 2441/2441 2443/2443
f 2353/2353 2459/2459 2457/2457
f 2353/2353 2457/2457 2453/2453
f 2461/2461 2458/2458 2457/2457
f 2461/2461 2457/2457 2459/2459
f 2465/2465 2462/2462 2460/2460
f 2465/2465 2460/2460 2357/2357
f 2458/2458 2461/2461 2463/2463
f 2458/2458 2463/2463 2538/2538
f 2465/2465 2466/2466 2464/2464
f 2465/2465 2464/2464 2462/2462
f 2465/2465 2361/2361 2468/2468
f 2465/2465 2468/2468 2466/2466
f 2466/2466 2468/2468 2469/2469
f 2466/2466 2469/2469 2467/2467
f 2467/2467 2542/2542 2464/2464
f 2467/2467 2464/2464 2466/2466
f 2469/2469 2468/2468 2470/2470
f 2469/2469 2470/2470 2471/2471
f 2468/2468 2361/2361 2363/2363
f 2468/2468 2363/2363 2470/2470
f 2472/2472 2473/2473 2471/2471
f 2472/2472 2471/2471 2470/2470
f 2365/2365 2472/2472 2470/2470
f 2365/2365 2470/2470 2363/2363
f 2472/2472 2365/2365 2370/2370
f 2472/2472 2370/2370 2475/2475
f 2473/2473 2472/2472 2475/2475
f 2473/2473 2475/2475 2477/2477
f 2476/2476 2474/2474 2478/2478
f 2476/2476 2478/2478 2479/2479
f 2375/2375 2478/2478 2474/2474
f 2375/2375 2474/2474 2369/2369
f 2479/2479 2478/2478 2480/2480
f 2479/2479 2480/2480 2481/2481
f 2377/2377 2480/2480 2478/2478
f 2377/2377 2478/2478 2375/2375
f 2482/2482 2484/2484 2481/2481
f 2482/2482 2481/2481 2480/2480
f 2485/2485 2482/2482 2480/2480
f 2485/2485 2480/2480 2377/2377
f 2483/2483 2588/2588 2484/2484
f 2483/2483 2484/2484 2482/2482
f 2486/2486 2483/2483 2482/2482
f 2486/2486 2482/2482 2485/2485
f 2487/2487 2486/2486 2485/2485
f 2487/2487 2485/2485 2379/2379
f 2488/2488 2490/2490 2483/2483
f 2488/2488 2483/2483 2486/2486
f 2489/2489 2488/2488 2486/2486
f 2489/2489 2486/2486 2487/2487
f 2492/2492 2491/2491 2488/2488
f 2492/2492 2488/2488 2489/2489
f 2491/2491 2493/2493 2490/2490
f 2491/2491 2490/2490 2488/2488
f 2491/2491 2492/2492 2496/2496
f 2491/2491 2496/2496 2494/2494
f 2494/2494 2495/2495 2493/2493
f 2494/2494 2493/2493 2491/2491
f 2498/2498 2502/2502 2495/2495
f 2498/2498 2495/2495 2494/2494
f 2494/2494 2496/2496 2500/2500
f 2494/2494 2500/2500 2498/2498
f 2497/2497 2499/2499 2505/2505
f 2497/2497 2505/2505 2503/2503
f 2503/2503 2504/2504 2501/2501
f 2503/2503 2501/2501 2497/2497
f 2506/2506 2508/2508 2504/2504
f 2506/2506 2504/2504 2503/2503
f 2507/2507 2506/2506 2503/2503
f 2507/2507 2503/2503 2505/2505
f 2509/2509 2506/2506 2507/2507
f 2509/2509 2507/2507 2510/2510
f 2509/2509 2511/2511 2508/2508
f 2509/2509 2508/2508 2506/2506
f 2510/2510 2514/2514 2512/2512
f 2510/2510 2512/2512 2509/2509
f 2509/2509 2512/2512 2513/2513
f 2509/2509 2513/2513 2511/2511
f 2512/2512 2515/2515 2519/2519
f 2512/2512 2519/2519 2513/2513
f 2517/2517 2515/2515 2512/2512
f 2517/2517 2512/2512 2514/2514
f 2521/2521 2516/2516 2518/2518
f 2521/2521 2518/2518 2523/2523
f 2516/2516 2521/2521 2522/2522
f 2516/2516 2522/2522 2520/2520
f 2521/2521 2524/2524 2526/2526
f 2521/2521 2526/2526 2522/2522
f 2525/2525 2524/2524 2521/2521
f 2525/2525 2521/2521 2523/2523
f 2530/2530 2527/2527 2524/2524
f 2530/2530 2524/2524 2525/2525
f 2524/2524 2527/2527 2528/2528
f 2524/2524 2528/2528 2526/2526
f 2527/2527 2529/2529 2532/2532
f 2527/2527 2532/2532 2528/2528
f 2529/2529 2527/2527 2530/2530
f 2529/2529 2530/2530 2531/2531
f 2435/2435 2530/2530 2525/2525
f 2435/2435 2525/2525 2432/2432
f 2437/2437 2531/2531 2530/2530
f 2437/2437 2530/2530 2435/2435
f 2441/2441 2456/2456 2531/2531
f 2441/2441 2531/2531 2437/2437
f 2531/2531 2456/2456 2533/2533
f 2531/2531 2533/2533 2529/2529
f 2529/2529 2533/2533 2534/2534
f 2529/2529 2534/2534 2532/2532
f 2533/2533 2455/2455 2536/2536
f 2533/2533 2536/2536 2534/2534
f 2532/2532 2534/2534 2535/2535
f 2532/2532 2535/2535 2614/2614
f 2534/2534 2536/2536 2537/2537
f 2534/2534 2537/2537 2535/2535
f 2539/2539 2537/2537 2536/2536
f 2539/2539 2536/2536 2538/2538
f 2455/2455 2458/2458 2538/2538
f 2455/2455 2538/2538 2536/2536
f 2541/2541 2539/2539 2538/2538
f 2541/2541 2538/2538 2463/2463
f 2539/2539 2541/2541 2543/2543
f 2539/2539 2543/2543 2540/2540
f 2537/2537 2539/2539 2540/2540
f 2537/2537 2540/2540 2618/2618
f 2542/2542 2467/2467 2547/2547
f 2542/2542 2547/2547 2544/2544
f 2546/2546 2544/2544 2547/2547
f 2546/2546 2547/2547 2548/2548
f 2545/2545 2761/2761 2540/2540
f 2545/2545 2540/2540 2543/2543
f 2550/2550 2548/2548 2547/2547
f 2550/2550 2547/2547 2549/2549
f 2469/2469 2549/2549 2547/2547
f 2469/2469 2547/2547 2467/2467
f 2549/2549 2469/2469 2471/2471
f 2549/2549 2471/2471 2551/2551
f 2550/2550 2549/2549 2551/2551
f 2550/2550 2551/2551 2552/2552
f 2551/2551 2471/2471 2473/2473
f 2551/2551 2473/2473 2553/2553
f 2551/2551 2553/2553 2554/2554
f 2551/2551 2554/2554 2552/2552
f 2558/2558 2554/2554 2553/2553
f 2558/2558 2553/2553 2556/2556
f 2477/2477 2556/2556 2553/2553
f 2477/2477 2553/2553 2473/2473
f 2557/2557 2555/2555 2559/2559
f 2557/2557 2559/2559 2560/2560
f 2479/2479 2559/2559 2555/2555
f 2479/2479 2555/2555 2476/2476
f 2560/2560 2559/2559 2561/2561
f 2560/2560 2561/2561 2562/2562
f 2481/2481 2561/2561 2559/2559
f 2481/2481 2559/2559 2479/2479
f 2563/2563 2565/2565 2562/2562
f 2563/2563 2562/2562 2561/2561
f 2484/2484 2563/2563 2561/2561
f 2484/2484 2561/2561 2481/2481
f 2566/2566 2565/2565 2563/2563
f 2566/2566 2563/2563 2564/2564
f 2588/2588 2564/2564 2563/2563
f 2588/2588 2563/2563 2484/2484
f 2565/2565 2567/2567 2568/2568
f 2565/2565 2568/2568 2562/2562
f 2566/2566 2569/2569 2567/2567
f 2566/2566 2567/2567 2565/2565
f 2567/2567 2570/2570 2571/2571
f 2567/2567 2571/2571 2568/2568
f 2574/2574 2570/2570 2567/2567
f 2574/2574 2567/2567 2569/2569
f 2571/2571 2570/2570 2572/2572
f 2571/2571 2572/2572 2669/2669
f 2570/2570 2574/2574 2575/2575
f 2570/2570 2575/2575 2572/2572
f 2574/2574 2577/2577 2578/2578
f 2574/2574 2578/2578 2575/2575
f 2569/2569 2581/2581 2577/2577
f 2569/2569 2577/2577 2574/2574
f 2577/2577 2580/2580 2747/2747
f 2577/2577 2747/2747 2578/2578
f 2581/2581 2582/2582 2580/2580
f 2581/2581 2580/2580 2577/2577
f 2583/2583 2581/2581 2569/2569
f 2583/2583 2569/2569 2566/2566
f 2584/2584 2582/2582 2581/2581
f 2584/2584 2581/2581 2583/2583
f 2564/2564 2585/2585 2583/2583
f 2564/2564 2583/2583 2566/2566
f 2585/2585 2586/2586 2584/2584
f 2585/2585 2584/2584 2583/2583
f 2587/2587 2585/2585 2564/2564
f 2587/2587 2564/2564 2588/2588
f 2589/2589 2586/2586 2585/2585
f 2589/2589 2585/2585 2587/2587
f 2493/2493 2589/2589 2587/2587
f 2493/2493 2587/2587 2490/2490
f 2490/2490 2587/2587 2588/2588
f 2490/2490 2588/2588 2483/2483
f 2589/2589 2493/2493 2495/2495
f 2589/2589 2495/2495 2590/2590
f 2586/2586 2589/2589 2590/2590
f 2586/2586 2590/2590 2591/2591
f 2590/2590 2495/2495 2502/2502
f 2590/2590 2502/2502 2593/2593
f 2591/2591 2590/2590 2593/2593
f 2591/2591 2593/2593 2595/2595
f 2592/2592 2501/2501 2504/2504
f 2592/2592 2504/2504 2596/2596
f 2594/2594 2592/2592 2596/2596
f 2594/2594 2596/2596 2597/2597
f 2508/2508 2598/2598 2596/2596
f 2508/2508 2596/2596 2504/2504
f 2597/2597 2596/2596 2598/2598
f 2597/2597 2598/2598 2599/2599
f 2598/2598 2600/2600 2601/2601
f 2598/2598 2601/2601 2599/2599
f 2600/2600 2598/2598 2508/2508
f 2600/2600 2508/2508 2511/2511
f 2600/2600 2602/2602 2603/2603
f 2600/2600 2603/2603 2601/2601
f 2511/2511 2513/2513 2602/2602
f 2511/2511 2602/2602 2600/2600
f 2519/2519 2604/2604 2602/2602
f 2519/2519 2602/2602 2513/2513
f 2604/2604 2606/2606 2603/2603
f 2604/2604 2603/2603 2602/2602
f 2608/2608 2605/2605 2520/2520
f 2608/2608 2520/2520 2522/2522
f 2609/2609 2607/2607 2605/2605
f 2609/2609 2605/2605 2608/2608
f 2526/2526 2610/2610 2608/2608
f 2526/2526 2608/2608 2522/2522
f 2611/2611 2609/2609 2608/2608
f 2611/2611 2608/2608 2610/2610
f 2528/2528 2612/2612 2610/2610
f 2528/2528 2610/2610 2526/2526
f 2610/2610 2612/2612 2613/2613
f 2610/2610 2613/2613 2611/2611
f 2612/2612 2614/2614 2615/2615
f 2612/2612 2615/2615 2613/2613
f 2614/2614 2612/2612 2528/2528
f 2614/2614 2528/2528 2532/2532
f 2614/2614 2535/2535 2617/2617
f 2614/2614 2617/2617 2615/2615
f 2615/2615 2616/2616 2746/2746
f 2615/2615 2746/2746 2613/2613
f 2617/2617 2619/2619 2616/2616
f 2617/2617 2616/2616 2615/2615
f 2620/2620 2619/2619 2617/2617
f 2620/2620 2617/2617 2618/2618
f 2535/2535 2537/2537 2618/2618
f 2535/2535 2618/2618 2617/2617
f 2619/2619 2621/2621 2622/2622
f 2619/2619 2622/2622 2616/2616
f 2623/2623 2621/2621 2619/2619
f 2623/2623 2619/2619 2620/2620
f 2621/2621 2624/2624 2625/2625
f 2621/2621 2625/2625 2622/2622
f 2628/2628 2624/2624 2621/2621
f 2628/2628 2621/2621 2623/2623
f 2624/2624 2626/2626 2684/2684
f 2624/2624 2684/2684 2625/2625
f 2628/2628 2629/2629 2626/2626
f 2628/2628 2626/2626 2624/2624
f 2628/2628 2631/2631 2632/2632
f 2628/2628 2632/2632 2629/2629
f 2631/2631 2628/2628 2623/2623
f 2631/2631 2623/2623 2634/2634
f 2631/2631 2635/2635 2637/2637
f 2631/2631 2637/2637 2632/2632
f 2635/2635 2631/2631 2634/2634
f 2635/2635 2634/2634 2640/2640
f 2642/2642 2644/2644 2639/2639
f 2642/2642 2639/2639 2636/2636
f 2636/2636 2641/2641 2645/2645
f 2636/2636 2645/2645 2642/2642
f 2648/2648 2644/2644 2642/2642
f 2648/2648 2642/2642 2646/2646
f 2645/2645 2649/2649 2646/2646
f 2645/2645 2646/2646 2642/2642
f 2646/2646 2650/2650 2652/2652
f 2646/2646 2652/2652 2648/2648
f 2646/2646 2649/2649 2653/2653
f 2646/2646 2653/2653 2650/2650
f 2650/2650 2654/2654 2656/2656
f 2650/2650 2656/2656 2652/2652
f 2654/2654 2650/2650 2653/2653
f 2654/2654 2653/2653 2657/2657
f 2654/2654 2659/2659 2662/2662
f 2654/2654 2662/2662 2656/2656
f 2659/2659 2654/2654 2657/2657
f 2659/2659 2657/2657 2664/2664
f 2665/2665 2666/2666 2660/2660
f 2665/2665 2660/2660 2658/2658
f 2658/2658 2663/2663 2668/2668
f 2658/2658 2668/2668 2665/2665
f 2571/2571 2669/2669 2666/2666
f 2571/2571 2666/2666 2665/2665
f 2665/2665 2668/2668 2568/2568
f 2665/2665 2568/2568 2571/2571
f 2663/2663 2557/2557 2560/2560
f 2663/2663 2560/2560 2668/2668
f 2668/2668 2560/2560 2562/2562
f 2668/2668 2562/2562 2568/2568
f 2667/2667 2671/2671 2655/2655
f 2667/2667 2655/2655 2661/2661
f 2672/2672 2671/2671 2667/2667
f 2672/2672 2667/2667 2670/2670
f 2674/2674 2673/2673 2671/2671
f 2674/2674 2671/2671 2672/2672
f 2671/2671 2673/2673 2651/2651
f 2671/2671 2651/2651 2655/2655
f 2677/2677 2675/2675 2673/2673
f 2677/2677 2673/2673 2674/2674
f 2647/2647 2651/2651 2673/2673
f 2647/2647 2673/2673 2675/2675
f 2647/2647 2675/2675 2676/2676
f 2647/2647 2676/2676 2643/2643
f 2676/2676 2675/2675 2677/2677
f 2676/2676 2677/2677 2678/2678
f 2682/2682 2678/2678 2677/2677
f 2682/2682 2677/2677 2679/2679
f 2679/2679 2677/2677 2674/2674
f 2679/2679 2674/2674 2681/2681
f 2682/2682 2679/2679 2680/2680
f 2682/2682 2680/2680 2683/2683
f 2679/2679 2681/2681 2757/2757
f 2679/2679 2757/2757 2680/2680
f 2678/2678 2682/2682 2627/2627
f 2678/2678 2627/2627 2630/2630
f 2627/2627 2682/2682 2683/2683
f 2627/2627 2683/2683 2685/2685
f 2685/2685 2683/2683 2686/2686
f 2685/2685 2686/2686 2690/2690
f 2686/2686 2683/2683 2680/2680
f 2686/2686 2680/2680 2688/2688
f 2690/2690 2686/2686 2687/2687
f 2690/2690 2687/2687 2692/2692
f 2686/2686 2688/2688 2754/2754
f 2686/2686 2754/2754 2687/2687
f 2693/2693 2689/2689 2691/2691
f 2693/2693 2691/2691 2695/2695
f 2625/2625 2684/2684 2689/2689
f 2625/2625 2689/2689 2693/2693
f 2622/2622 2625/2625 2693/2693
f 2622/2622 2693/2693 2694/2694
f 2694/2694 2693/2693 2695/2695
f 2694/2694 2695/2695 2696/2696
f 2700/2700 2696/2696 2695/2695
f 2700/2700 2695/2695 2697/2697
f 2698/2698 2697/2697 2695/2695
f 2698/2698 2695/2695 2691/2691
f 2706/2706 2702/2702 2697/2697
f 2706/2706 2697/2697 2698/2698
f 2704/2704 2700/2700 2697/2697
f 2704/2704 2697/2697 2702/2702
f 2703/2703 2701/2701 2708/2708
f 2703/2703 2708/2708 2711/2711
f 2708/2708 2701/2701 2705/2705
f 2708/2708 2705/2705 2709/2709
f 2713/2713 2712/2712 2708/2708
f 2713/2713 2708/2708 2709/2709
f 2715/2715 2711/2711 2708/2708
f 2715/2715 2708/2708 2712/2712
f 2712/2712 2713/2713 2717/2717
f 2712/2712 2717/2717 2716/2716
f 2715/2715 2712/2712 2716/2716
f 2715/2715 2716/2716 2719/2719
f 2720/2720 2716/2716 2717/2717
f 2720/2720 2717/2717 2721/2721
f 2716/2716 2720/2720 2723/2723
f 2716/2716 2723/2723 2719/2719
f 2720/2720 2721/2721 2728/2728
f 2720/2720 2728/2728 2724/2724
f 2724/2724 2726/2726 2723/2723
f 2724/2724 2723/2723 2720/2720
f 2727/2727 2725/2725 2731/2731
f 2727/2727 2731/2731 2734/2734
f 2725/2725 2729/2729 2732/2732
f 2725/2725 2732/2732 2731/2731
f 2731/2731 2732/2732 2747/2747
f 2731/2731 2747/2747 2580/2580
f 2734/2734 2731/2731 2580/2580
f 2734/2734 2580/2580 2582/2582
f 2737/2737 2727/2727 2734/2734
f 2737/2737 2734/2734 2735/2735
f 2735/2735 2734/2734 2582/2582
f 2735/2735 2582/2582 2584/2584
f 2591/2591 2735/2735 2584/2584
f 2591/2591 2584/2584 2586/2586
f 2595/2595 2737/2737 2735/2735
f 2595/2595 2735/2735 2591/2591
f 2736/2736 2594/2594 2597/2597
f 2736/2736 2597/2597 2738/2738
f 2738/2738 2723/2723 2726/2726
f 2738/2738 2726/2726 2736/2736
f 2723/2723 2738/2738 2739/2739
f 2723/2723 2739/2739 2719/2719
f 2597/2597 2599/2599 2739/2739
f 2597/2597 2739/2739 2738/2738
f 2601/2601 2740/2740 2739/2739
f 2601/2601 2739/2739 2599/2599
f 2740/2740 2715/2715 2719/2719
f 2740/2740 2719/2719 2739/2739
f 2741/2741 2740/2740 2601/2601
f 2741/2741 2601/2601 2603/2603
f 2740/2740 2741/2741 2711/2711
f 2740/2740 2711/2711 2715/2715
f 2741/2741 2742/2742 2703/2703
f 2741/2741 2703/2703 2711/2711
f 2606/2606 2742/2742 2741/2741
f 2606/2606 2741/2741 2603/2603
f 2607/2607 2609/2609 2744/2744
f 2607/2607 2744/2744 2743/2743
f 2704/2704 2743/2743 2744/2744
f 2704/2704 2744/2744 2700/2700
f 2700/2700 2744/2744 2745/2745
f 2700/2700 2745/2745 2696/2696
f 2609/2609 2611/2611 2745/2745
f 2609/2609 2745/2745 2744/2744
f 2613/2613 2746/2746 2745/2745
f 2613/2613 2745/2745 2611/2611
f 2746/2746 2694/2694 2696/2696
f 2746/2746 2696/2696 2745/2745
f 2616/2616 2622/2622 2694/2694
f 2616/2616 2694/2694 2746/2746
f 2730/2730 2722/2722 2749/2749
f 2730/2730 2749/2749 2733/2733
f 2733/2733 2749/2749 2750/2750
f 2733/2733 2750/2750 2748/2748
f 2752/2752 2750/2750 2749/2749
f 2752/2752 2749/2749 2751/2751
f 2722/2722 2718/2718 2751/2751
f 2722/2722 2751/2751 2749/2749
f 2754/2754 2752/2752 2751/2751
f 2754/2754 2751/2751 2753/2753
f 2718/2718 2714/2714 2753/2753
f 2718/2718 2753/2753 2751/2751
f 2714/2714 2710/2710 2755/2755
f 2714/2714 2755/2755 2753/2753
f 2687/2687 2754/2754 2753/2753
f 2687/2687 2753/2753 2755/2755
f 2699/2699 2755/2755 2710/2710
f 2699/2699 2710/2710 2707/2707
f 2687/2687 2755/2755 2699/2699
f 2687/2687 2699/2699 2692/2692
f 2688/2688 2756/2756 2752/2752
f 2688/2688 2752/2752 2754/2754
f 2758/2758 2750/2750 2752/2752
f 2758/2758 2752/2752 2756/2756
f 2688/2688 2680/2680 2757/2757
f 2688/2688 2757/2757 2756/2756
f 2757/2757 2759/2759 2758/2758
f 2757/2757 2758/2758 2756/2756
f 2579/2579 2748/2748 2750/2750
f 2579/2579 2750/2750 2758/2758
f 2758/2758 2759/2759 2576/2576
f 2758/2758 2576/2576 2579/2579
f 2573/2573 2576/2576 2759/2759
f 2573/2573 2759/2759 2760/2760
f 2760/2760 2759/2759 2757/2757
f 2760/2760 2757/2757 2681/2681
f 2760/2760 2672/2672 2670/2670
f 2760/2760 2670/2670 2573/2573
f 2674/2674 2672/2672 2760/2760
f 2674/2674 2760/2760 2681/2681
f 2633/2633 2676/2676 2678/2678
f 2633/2633 2678/2678 2630/2630
f 2638/2638 2643/2643 2676/2676
f 2638/2638 2676/2676 2633/2633
f 2554/2554 2558/2558 2664/2664
f 2554/2554 2664/2664 2657/2657
f 2653/2653 2552/2552 2554/2554
f 2653/2653 2554/2554 2657/2657
f 2550/2550 2552/2552 2653/2653
f 2550/2550 2653/2653 2649/2649
f 2548/2548 2550/2550 2649/2649
f 2548/2548 2649/2649 2645/2645
f 2548/2548 2645/2645 2641/2641
f 2548/2548 2641/2641 2546/2546
f 2640/2640 2634/2634 2761/2761
f 2640/2640 2761/2761 2545/2545
f 2761/2761 2634/2634 2623/2623
f 2761/2761 2623/2623 2620/2620
f 2761/2761 2620/2620 2618/2618
f 2761/2761 2618/2618 2540/2540
f 2432/2432 2525/2525 2523/2523
f 2432/2432 2523/2523 2429/2429
f 2429/2429 2523/2523 2518/2518
f 2429/2429 2518/2518 2426/2426
f 2425/2425 2517/2517 2514/2514
f 2425/2425 2514/2514 2420/2420
f 2420/2420 2514/2514 2510/2510
f 2420/2420 2510/2510 2416/2416
f 2510/2510 2507/2507 2413/2413
f 2510/2510 2413/2413 2416/2416
f 2507/2507 2505/2505 2411/2411
f 2507/2507 2411/2411 2413/2413
f 2499/2499 2407/2407 2411/2411
f 2499/2499 2411/2411 2505/2505
f 2496/2496 2402/2402 2408/2408
f 2496/2496 2408/2408 2500/2500
f 2399/2399 2402/2402 2496/2496
f 2399/2399 2496/2496 2492/2492
f 2399/2399 2492/2492 2489/2489
f 2399/2399 2489/2489 2395/2395
f 2395/2395 2489/2489 2487/2487
f 2395/2395 2487/2487 2392/2392
f 2392/2392 2487/2487 2379/2379
f 2392/2392 2379/2379 2389/2389
f 2324/2324 2328/2328 2451/2451
f 2324/2324 2451/2451 2763/2763
f 2765/2765 2763/2763 2451/2451
f 2765/2765 2451/2451 2762/2762
f 2324/2324 2763/2763 2764/2764
f 2324/2324 2764/2764 2322/2322
f 2767/2767 2764/2764 2763/2763
f 2767/2767 2763/2763 2765/2765
f 2766/2766 2768/2768 2767/2767
f 2766/2766 2767/2767 2765/2765
f 2765/2765 2762/2762 3359/3359
f 2765/2765 3359/3359 2766/2766
f 2767/2767 2768/2768 2770/2770
f 2767/2767 2770/2770 2769/2769
f 2767/2767 2769/2769 2385/2385
f 2767/2767 2385/2385 2764/2764
f 2773/2773 2384/2384 2769/2769
f 2773/2773 2769/2769 2770/2770
f 2794/2794 2771/2771 2770/2770
f 2794/2794 2770/2770 2768/2768
f 2775/2775 2773/2773 2770/2770
f 2775/2775 2770/2770 2771/2771
f 2383/2383 2772/2772 2776/2776
f 2383/2383 2776/2776 2387/2387
f 2777/2777 2776/2776 2772/2772
f 2777/2777 2772/2772 2774/2774
f 2387/2387 2776/2776 2778/2778
f 2387/2387 2778/2778 2390/2390
f 2776/2776 2777/2777 2780/2780
f 2776/2776 2780/2780 2778/2778
f 2390/2390 2778/2778 2779/2779
f 2390/2390 2779/2779 2393/2393
f 2778/2778 2780/2780 2781/2781
f 2778/2778 2781/2781 2779/2779
f 2780/2780 2782/2782 2783/2783
f 2780/2780 2783/2783 2781/2781
f 2777/2777 2785/2785 2782/2782
f 2777/2777 2782/2782 2780/2780
f 2782/2782 2784/2784 2863/2863
f 2782/2782 2863/2863 2783/2783
f 2785/2785 2786/2786 2784/2784
f 2785/2785 2784/2784 2782/2782
f 2774/2774 2787/2787 2785/2785
f 2774/2774 2785/2785 2777/2777
f 2787/2787 2789/2789 2786/2786
f 2787/2787 2786/2786 2785/2785
f 2788/2788 2775/2775 2771/2771
f 2788/2788 2771/2771 2791/2791
f 2791/2791 2792/2792 2790/2790
f 2791/2791 2790/2790 2788/2788
f 2793/2793 2795/2795 2792/2792
f 2793/2793 2792/2792 2791/2791
f 2794/2794 2793/2793 2791/2791
f 2794/2794 2791/2791 2771/2771
f 2796/2796 2793/2793 2794/2794
f 2796/2796 2794/2794 2797/2797
f 2796/2796 2798/2798 2795/2795
f 2796/2796 2795/2795 2793/2793
f 2797/2797 2801/2801 2799/2799
f 2797/2797 2799/2799 2796/2796
f 2796/2796 2799/2799 2800/2800
f 2796/2796 2800/2800 2798/2798
f 2799/2799 2803/2803 2807/2807
f 2799/2799 2807/2807 2800/2800
f 2805/2805 2803/2803 2799/2799
f 2805/2805 2799/2799 2801/2801
f 2804/2804 2809/2809 2808/2808
f 2804/2804 2808/2808 2802/2802
f 2802/2802 2808/2808 2810/2810
f 2802/2802 2810/2810 2806/2806
f 2814/2814 2811/2811 2808/2808
f 2814/2814 2808/2808 2809/2809
f 2808/2808 2811/2811 2812/2812
f 2808/2808 2812/2812 2810/2810
f 2811/2811 2813/2813 2895/2895
f 2811/2811 2895/2895 2812/2812
f 2813/2813 2811/2811 2814/2814
f 2813/2813 2814/2814 2815/2815
f 2816/2816 2814/2814 2809/2809
f 2816/2816 2809/2809 2817/2817
f 2818/2818 2815/2815 2814/2814
f 2818/2818 2814/2814 2816/2816
f 2440/2440 2816/2816 2817/2817
f 2440/2440 2817/2817 2444/2444
f 2818/2818 2816/2816 2440/2440
f 2818/2818 2440/2440 2438/2438
f 2438/2438 2434/2434 2819/2819
f 2438/2438 2819/2819 2818/2818
f 2819/2819 2821/2821 2815/2815
f 2819/2819 2815/2815 2818/2818
f 2434/2434 2431/2431 2820/2820
f 2434/2434 2820/2820 2819/2819
f 2820/2820 2823/2823 2821/2821
f 2820/2820 2821/2821 2819/2819
f 2815/2815 2821/2821 2822/2822
f 2815/2815 2822/2822 2813/2813
f 2821/2821 2823/2823 2824/2824
f 2821/2821 2824/2824 2822/2822
f 2826/2826 2825/2825 2823/2823
f 2826/2826 2823/2823 2820/2820
f 2827/2827 2824/2824 2823/2823
f 2827/2827 2823/2823 2825/2825
f 2829/2829 2825/2825 2826/2826
f 2829/2829 2826/2826 2833/2833
f 2831/2831 2827/2827 2825/2825
f 2831/2831 2825/2825 2829/2829
f 2835/2835 2830/2830 2828/2828
f 2835/2835 2828/2828 2834/2834
f 2832/2832 2836/2836 2834/2834
f 2832/2832 2834/2834 2828/2828
f 2834/2834 2837/2837 2839/2839
f 2834/2834 2839/2839 2835/2835
f 2838/2838 2837/2837 2834/2834
f 2838/2838 2834/2834 2836/2836
f 2841/2841 2840/2840 2837/2837
f 2841/2841 2837/2837 2838/2838
f 2839/2839 2837/2837 2840/2840
f 2839/2839 2840/2840 2842/2842
f 2843/2843 2840/2840 2841/2841
f 2843/2843 2841/2841 2845/2845
f 2843/2843 2844/2844 2842/2842
f 2843/2843 2842/2842 2840/2840
f 2844/2844 2843/2843 2846/2846
f 2844/2844 2846/2846 2848/2848
f 2850/2850 2846/2846 2843/2843
f 2850/2850 2843/2843 2845/2845
f 2849/2849 2847/2847 2852/2852
f 2849/2849 2852/2852 2854/2854
f 2847/2847 2851/2851 2853/2853
f 2847/2847 2853/2853 2852/2852
f 2852/2852 2853/2853 2856/2856
f 2852/2852 2856/2856 2855/2855
f 2854/2854 2852/2852 2855/2855
f 2854/2854 2855/2855 2857/2857
f 2859/2859 2858/2858 2855/2855
f 2859/2859 2855/2855 2856/2856
f 2858/2858 2860/2860 2857/2857
f 2858/2858 2857/2857 2855/2855
f 2779/2779 2781/2781 2858/2858
f 2779/2779 2858/2858 2859/2859
f 2781/2781 2783/2783 2860/2860
f 2781/2781 2860/2860 2858/2858
f 2860/2860 2861/2861 2862/2862
f 2860/2860 2862/2862 2857/2857
f 2783/2783 2863/2863 2861/2861
f 2783/2783 2861/2861 2860/2860
f 2861/2861 2864/2864 2865/2865
f 2861/2861 2865/2865 2862/2862
f 2863/2863 2867/2867 2864/2864
f 2863/2863 2864/2864 2861/2861
f 2864/2864 2866/2866 2925/2925
f 2864/2864 2925/2925 2865/2865
f 2867/2867 2868/2868 2866/2866
f 2867/2867 2866/2866 2864/2864
f 2869/2869 2870/2870 2868/2868
f 2869/2869 2868/2868 2867/2867
f 2784/2784 2869/2869 2867/2867
f 2784/2784 2867/2867 2863/2863
f 2786/2786 2871/2871 2869/2869
f 2786/2786 2869/2869 2784/2784
f 2871/2871 2872/2872 2870/2870
f 2871/2871 2870/2870 2869/2869
f 2789/2789 2873/2873 2871/2871
f 2789/2789 2871/2871 2786/2786
f 2873/2873 2875/2875 2872/2872
f 2873/2873 2872/2872 2871/2871
f 2874/2874 2790/2790 2792/2792
f 2874/2874 2792/2792 2877/2877
f 2877/2877 2878/2878 2876/2876
f 2877/2877 2876/2876 2874/2874
f 2879/2879 2880/2880 2878/2878
f 2879/2879 2878/2878 2877/2877
f 2795/2795 2879/2879 2877/2877
f 2795/2795 2877/2877 2792/2792
f 2879/2879 2881/2881 2882/2882
f 2879/2879 2882/2882 2880/2880
f 2881/2881 2879/2879 2795/2795
f 2881/2881 2795/2795 2798/2798
f 2881/2881 2883/2883 2884/2884
f 2881/2881 2884/2884 2882/2882
f 2798/2798 2800/2800 2883/2883
f 2798/2798 2883/2883 2881/2881
f 2883/2883 2886/2886 2888/2888
f 2883/2883 2888/2888 2884/2884
f 2807/2807 2886/2886 2883/2883
f 2807/2807 2883/2883 2800/2800
f 2806/2806 2810/2810 2889/2889
f 2806/2806 2889/2889 2885/2885
f 2885/2885 2889/2889 2890/2890
f 2885/2885 2890/2890 2887/2887
f 2812/2812 2891/2891 2889/2889
f 2812/2812 2889/2889 2810/2810
f 2890/2890 2889/2889 2891/2891
f 2890/2890 2891/2891 2892/2892
f 2891/2891 2893/2893 2894/2894
f 2891/2891 2894/2894 2892/2892
f 2893/2893 2891/2891 2812/2812
f 2893/2893 2812/2812 2895/2895
f 2893/2893 2896/2896 2897/2897
f 2893/2893 2897/2897 2894/2894
f 2895/2895 2899/2899 2896/2896
f 2895/2895 2896/2896 2893/2893
f 2896/2896 2898/2898 3020/3020
f 2896/2896 3020/3020 2897/2897
f 2899/2899 2900/2900 2898/2898
f 2899/2899 2898/2898 2896/2896
f 2813/2813 2822/2822 2899/2899
f 2813/2813 2899/2899 2895/2895
f 2822/2822 2824/2824 2900/2900
f 2822/2822 2900/2900 2899/2899
f 2902/2902 2898/2898 2900/2900
f 2902/2902 2900/2900 2901/2901
f 2824/2824 2827/2827 2901/2901
f 2824/2824 2901/2901 2900/2900
f 2906/2906 2902/2902 2901/2901
f 2906/2906 2901/2901 2904/2904
f 2827/2827 2831/2831 2904/2904
f 2827/2827 2904/2904 2901/2901
f 2908/2908 2905/2905 2903/2903
f 2908/2908 2903/2903 2907/2907
f 2835/2835 2907/2907 2903/2903
f 2835/2835 2903/2903 2830/2830
f 2835/2835 2839/2839 2909/2909
f 2835/2835 2909/2909 2907/2907
f 2907/2907 2909/2909 2910/2910
f 2907/2907 2910/2910 2908/2908
f 2910/2910 2909/2909 2911/2911
f 2910/2910 2911/2911 2912/2912
f 2839/2839 2842/2842 2911/2911
f 2839/2839 2911/2911 2909/2909
f 2913/2913 2914/2914 2912/2912
f 2913/2913 2912/2912 2911/2911
f 2844/2844 2913/2913 2911/2911
f 2844/2844 2911/2911 2842/2842
f 2913/2913 2844/2844 2848/2848
f 2913/2913 2848/2848 2915/2915
f 2914/2914 2913/2913 2915/2915
f 2914/2914 2915/2915 2917/2917
f 2918/2918 2916/2916 2919/2919
f 2918/2918 2919/2919 2920/2920
f 2854/2854 2919/2919 2916/2916
f 2854/2854 2916/2916 2849/2849
f 2920/2920 2919/2919 2862/2862
f 2920/2920 2862/2862 2865/2865
f 2857/2857 2862/2862 2919/2919
f 2857/2857 2919/2919 2854/2854
f 2865/2865 2925/2925 2921/2921
f 2865/2865 2921/2921 2920/2920
f 2920/2920 2921/2921 2923/2923
f 2920/2920 2923/2923 2918/2918
f 3005/3005 2923/2923 2921/2921
f 3005/3005 2921/2921 2924/2924
f 2924/2924 2921/2921 2925/2925
f 2924/2924 2925/2925 2926/2926
f 2926/2926 2925/2925 2866/2866
f 2926/2926 2866/2866 2928/2928
f 2926/2926 2927/2927 3002/3002
f 2926/2926 3002/3002 2924/2924
f 2927/2927 2926/2926 2928/2928
f 2927/2927 2928/2928 2929/2929
f 2929/2929 2928/2928 2930/2930
f 2929/2929 2930/2930 2931/2931
f 2928/2928 2866/2866 2868/2868
f 2928/2928 2868/2868 2930/2930
f 2933/2933 2931/2931 2930/2930
f 2933/2933 2930/2930 2932/2932
f 2932/2932 2930/2930 2868/2868
f 2932/2932 2868/2868 2934/2934
f 2935/2935 2936/2936 2933/2933
f 2935/2935 2933/2933 2932/2932
f 2932/2932 2934/2934 2937/2937
f 2932/2932 2937/2937 2935/2935
f 2939/2939 2941/2941 2936/2936
f 2939/2939 2936/2936 2935/2935
f 2935/2935 2937/2937 2943/2943
f 2935/2935 2943/2943 2939/2939
f 2944/2944 2945/2945 2940/2940
f 2944/2944 2940/2940 2938/2938
f 2938/2938 2942/2942 2946/2946
f 2938/2938 2946/2946 2944/2944
f 2947/2947 2948/2948 2945/2945
f 2947/2947 2945/2945 2944/2944
f 2946/2946 2949/2949 2947/2947
f 2946/2946 2947/2947 2944/2944
f 2950/2950 2951/2951 2948/2948
f 2950/2950 2948/2948 2947/2947
f 2950/2950 2947/2947 2949/2949
f 2950/2950 2949/2949 2952/2952
f 2951/2951 2950/2950 2953/2953
f 2951/2951 2953/2953 2954/2954
f 2953/2953 2950/2950 2952/2952
f 2953/2953 2952/2952 2955/2955
f 2954/2954 2953/2953 2956/2956
f 2954/2954 2956/2956 2958/2958
f 2956/2956 2953/2953 2955/2955
f 2956/2956 2955/2955 2960/2960
f 2959/2959 2957/2957 2962/2962
f 2959/2959 2962/2962 2963/2963
f 2962/2962 2957/2957 2961/2961
f 2962/2962 2961/2961 2964/2964
f 2963/2963 2962/2962 2965/2965
f 2963/2963 2965/2965 2966/2966
f 2965/2965 2962/2962 2964/2964
f 2965/2965 2964/2964 2967/2967
f 2968/2968 2969/2969 2966/2966
f 2968/2968 2966/2966 2965/2965
f 2965/2965 2967/2967 2894/2894
f 2965/2965 2894/2894 2968/2968
f 2972/2972 2969/2969 2968/2968
f 2972/2972 2968/2968 2970/2970
f 2970/2970 2968/2968 2894/2894
f 2970/2970 2894/2894 2897/2897
f 2971/2971 2970/2970 2897/2897
f 2971/2971 2897/2897 3020/3020
f 2973/2973 2972/2972 2970/2970
f 2973/2973 2970/2970 2971/2971
f 2969/2969 2972/2972 2974/2974
f 2969/2969 2974/2974 2976/2976
f 2974/2974 2972/2972 2973/2973
f 2974/2974 2973/2973 2975/2975
f 2978/2978 2974/2974 2975/2975
f 2978/2978 2975/2975 2982/2982
f 2980/2980 2976/2976 2974/2974
f 2980/2980 2974/2974 2978/2978
f 2979/2979 2977/2977 2983/2983
f 2979/2979 2983/2983 2985/2985
f 2983/2983 2977/2977 2981/2981
f 2983/2983 2981/2981 2984/2984
f 2986/2986 2983/2983 2984/2984
f 2986/2986 2984/2984 2987/2987
f 2986/2986 2988/2988 2985/2985
f 2986/2986 2985/2985 2983/2983
f 2989/2989 2986/2986 2987/2987
f 2989/2989 2987/2987 2990/2990
f 2991/2991 2988/2988 2986/2986
f 2991/2991 2986/2986 2989/2989
f 2989/2989 2990/2990 2993/2993
f 2989/2989 2993/2993 2992/2992
f 2994/2994 2991/2991 2989/2989
f 2994/2994 2989/2989 2992/2992
f 2992/2992 2993/2993 2999/2999
f 2992/2992 2999/2999 2995/2995
f 2995/2995 2997/2997 2994/2994
f 2995/2995 2994/2994 2992/2992
f 3001/3001 3003/3003 2998/2998
f 3001/3001 2998/2998 2996/2996
f 2996/2996 3000/3000 3002/3002
f 2996/2996 3002/3002 3001/3001
f 3001/3001 3002/3002 2927/2927
f 3001/3001 2927/2927 2929/2929
f 2929/2929 2931/2931 3003/3003
f 2929/2929 3003/3003 3001/3001
f 2933/2933 2936/2936 3003/3003
f 2933/2933 3003/3003 2931/2931
f 2936/2936 2941/2941 2998/2998
f 2936/2936 2998/2998 3003/3003
f 2924/2924 3002/3002 3000/3000
f 2924/2924 3000/3000 3005/3005
f 3004/3004 2999/2999 2993/2993
f 3004/3004 2993/2993 3006/3006
f 3006/3006 3007/3007 2922/2922
f 3006/3006 2922/2922 3004/3004
f 3006/3006 2993/2993 2990/2990
f 3006/3006 2990/2990 3008/3008
f 3009/3009 3007/3007 3006/3006
f 3009/3009 3006/3006 3008/3008
f 3010/3010 3008/3008 2990/2990
f 3010/3010 2990/2990 2987/2987
f 3010/3010 3011/3011 3009/3009
f 3010/3010 3009/3009 3008/3008
f 3012/3012 3010/3010 2987/2987
f 3012/3012 2987/2987 2984/2984
f 3012/3012 3013/3013 3011/3011
f 3012/3012 3011/3011 3010/3010
f 3014/3014 3012/3012 2984/2984
f 3014/3014 2984/2984 2981/2981
f 3016/3016 3013/3013 3012/3012
f 3016/3016 3012/3012 3014/3014
f 3017/3017 3015/3015 3018/3018
f 3017/3017 3018/3018 3019/3019
f 3018/3018 3015/3015 2982/2982
f 3018/3018 2982/2982 2975/2975
f 2971/2971 3018/3018 2975/2975
f 2971/2971 2975/2975 2973/2973
f 3020/3020 3019/3019 3018/3018
f 3020/3020 3018/3018 2971/2971
f 3020/3020 2898/2898 2902/2902
f 3020/3020 2902/2902 3019/3019
f 3017/3017 3019/3019 2902/2902
f 3017/3017 2902/2902 2906/2906
f 2905/2905 2908/2908 3013/3013
f 2905/2905 3013/3013 3016/3016
f 2910/2910 3011/3011 3013/3013
f 2910/2910 3013/3013 2908/2908
f 2912/2912 3009/3009 3011/3011
f 2912/2912 3011/3011 2910/2910
f 2914/2914 3007/3007 3009/3009
f 2914/2914 3009/3009 2912/2912
f 2917/2917 2922/2922 3007/3007
f 2917/2917 3007/3007 2914/2914
f 2945/2945 2994/2994 2997/2997
f 2945/2945 2997/2997 2940/2940
f 2948/2948 2991/2991 2994/2994
f 2948/2948 2994/2994 2945/2945
f 2951/2951 2988/2988 2991/2991
f 2951/2951 2991/2991 2948/2948
f 2954/2954 2985/2985 2988/2988
f 2954/2954 2988/2988 2951/2951
f 2954/2954 2958/2958 2979/2979
f 2954/2954 2979/2979 2985/2985
f 2980/2980 2959/2959 2963/2963
f 2980/2980 2963/2963 2976/2976
f 2969/2969 2976/2976 2963/2963
f 2969/2969 2963/2963 2966/2966
f 3021/3021 2892/2892 2894/2894
f 3021/3021 2894/2894 2967/2967
f 2967/2967 2964/2964 3024/3024
f 2967/2967 3024/3024 3021/3021
f 2892/2892 3021/3021 3022/3022
f 2892/2892 3022/3022 3091/3091
f 3024/3024 3025/3025 3022/3022
f 3024/3024 3022/3022 3021/3021
f 2961/2961 3028/3028 3024/3024
f 2961/2961 3024/3024 2964/2964
f 3028/3028 3029/3029 3025/3025
f 3028/3028 3025/3025 3024/3024
f 2960/2960 2955/2955 3033/3033
f 2960/2960 3033/3033 3027/3027
f 3034/3034 3030/3030 3027/3027
f 3034/3034 3027/3027 3033/3033
f 2955/2955 2952/2952 3036/3036
f 2955/2955 3036/3036 3033/3033
f 3036/3036 3037/3037 3034/3034
f 3036/3036 3034/3034 3033/3033
f 3036/3036 2952/2952 2949/2949
f 3036/3036 2949/2949 3039/3039
f 3039/3039 3040/3040 3037/3037
f 3039/3039 3037/3037 3036/3036
f 3039/3039 2949/2949 2946/2946
f 3039/3039 2946/2946 3042/3042
f 3040/3040 3039/3039 3042/3042
f 3040/3040 3042/3042 3043/3043
f 3042/3042 2946/2946 2942/2942
f 3042/3042 2942/2942 3045/3045
f 3043/3043 3042/3042 3045/3045
f 3043/3043 3045/3045 3048/3048
f 3046/3046 2943/2943 2937/2937
f 3046/3046 2937/2937 3051/3051
f 3047/3047 3046/3046 3051/3051
f 3047/3047 3051/3051 3052/3052
f 3051/3051 2937/2937 2934/2934
f 3051/3051 2934/2934 3054/3054
f 3052/3052 3051/3051 3054/3054
f 3052/3052 3054/3054 3055/3055
f 3054/3054 2934/2934 2868/2868
f 3054/3054 2868/2868 2870/2870
f 2870/2870 3058/3058 3055/3055
f 2870/2870 3055/3055 3054/3054
f 3056/3056 3057/3057 3115/3115
f 3056/3056 3115/3115 3053/3053
f 3056/3056 3059/3059 3060/3060
f 3056/3056 3060/3060 3057/3057
f 2872/2872 3061/3061 3058/3058
f 2872/2872 3058/3058 2870/2870
f 3059/3059 3062/3062 3063/3063
f 3059/3059 3063/3063 3060/3060
f 3061/3061 2872/2872 2875/2875
f 3061/3061 2875/2875 3064/3064
f 3063/3063 3062/3062 3066/3066
f 3063/3063 3066/3066 3068/3068
f 2876/2876 2878/2878 3070/3070
f 2876/2876 3070/3070 3065/3065
f 3067/3067 3071/3071 3072/3072
f 3067/3067 3072/3072 3069/3069
f 2878/2878 2880/2880 3073/3073
f 2878/2878 3073/3073 3070/3070
f 3071/3071 3074/3074 3075/3075
f 3071/3071 3075/3075 3072/3072
f 2882/2882 3076/3076 3073/3073
f 2882/2882 3073/3073 2880/2880
f 3074/3074 3077/3077 3078/3078
f 3074/3074 3078/3078 3075/3075
f 2884/2884 3079/3079 3076/3076
f 2884/2884 3076/3076 2882/2882
f 3080/3080 3081/3081 3078/3078
f 3080/3080 3078/3078 3077/3077
f 3079/3079 2884/2884 2888/2888
f 3079/3079 2888/2888 3083/3083
f 3085/3085 3087/3087 3081/3081
f 3085/3085 3081/3081 3080/3080
f 2890/2890 3088/3088 3082/3082
f 2890/2890 3082/3082 2887/2887
f 3084/3084 3089/3089 3090/3090
f 3084/3084 3090/3090 3086/3086
f 3088/3088 2890/2890 2892/2892
f 3088/3088 2892/2892 3091/3091
f 3092/3092 3093/3093 3090/3090
f 3092/3092 3090/3090 3089/3089
f 3023/3023 3095/3095 3093/3093
f 3023/3023 3093/3093 3092/3092
f 3140/3140 3090/3090 3093/3093
f 3140/3140 3093/3093 3094/3094
f 3094/3094 3093/3093 3095/3095
f 3094/3094 3095/3095 3096/3096
f 3023/3023 3026/3026 3097/3097
f 3023/3023 3097/3097 3095/3095
f 3095/3095 3097/3097 3098/3098
f 3095/3095 3098/3098 3096/3096
f 3099/3099 3102/3102 3098/3098
f 3099/3099 3098/3098 3097/3097
f 3026/3026 3031/3031 3099/3099
f 3026/3026 3099/3099 3097/3097
f 3100/3100 3032/3032 3035/3035
f 3100/3100 3035/3035 3103/3103
f 3104/3104 3101/3101 3100/3100
f 3104/3104 3100/3100 3103/3103
f 3035/3035 3038/3038 3105/3105
f 3035/3035 3105/3105 3103/3103
f 3103/3103 3105/3105 3106/3106
f 3103/3103 3106/3106 3104/3104
f 3106/3106 3105/3105 3107/3107
f 3106/3106 3107/3107 3108/3108
f 3038/3038 3041/3041 3107/3107
f 3038/3038 3107/3107 3105/3105
f 3109/3109 3107/3107 3041/3041
f 3109/3109 3041/3041 3044/3044
f 3108/3108 3107/3107 3109/3109
f 3108/3108 3109/3109 3110/3110
f 3110/3110 3109/3109 3111/3111
f 3110/3110 3111/3111 3113/3113
f 3049/3049 3111/3111 3109/3109
f 3049/3049 3109/3109 3044/3044
f 3053/3053 3115/3115 3112/3112
f 3053/3053 3112/3112 3050/3050
f 3114/3114 3112/3112 3115/3115
f 3114/3114 3115/3115 3116/3116
f 3116/3116 3115/3115 3057/3057
f 3116/3116 3057/3057 3118/3118
f 3117/3117 3116/3116 3118/3118
f 3117/3117 3118/3118 3119/3119
f 3162/3162 3114/3114 3116/3116
f 3162/3162 3116/3116 3117/3117
f 3057/3057 3060/3060 3120/3120
f 3057/3057 3120/3120 3118/3118
f 3118/3118 3120/3120 3121/3121
f 3118/3118 3121/3121 3119/3119
f 3120/3120 3122/3122 3123/3123
f 3120/3120 3123/3123 3121/3121
f 3063/3063 3122/3122 3120/3120
f 3063/3063 3120/3120 3060/3060
f 3122/3122 3063/3063 3068/3068
f 3122/3122 3068/3068 3125/3125
f 3122/3122 3125/3125 3127/3127
f 3122/3122 3127/3127 3123/3123
f 3069/3069 3072/3072 3128/3128
f 3069/3069 3128/3128 3124/3124
f 3124/3124 3128/3128 3129/3129
f 3124/3124 3129/3129 3126/3126
f 3128/3128 3130/3130 3131/3131
f 3128/3128 3131/3131 3129/3129
f 3128/3128 3072/3072 3075/3075
f 3128/3128 3075/3075 3130/3130
f 3130/3130 3132/3132 3133/3133
f 3130/3130 3133/3133 3131/3131
f 3075/3075 3078/3078 3132/3132
f 3075/3075 3132/3132 3130/3130
f 3132/3132 3134/3134 3135/3135
f 3132/3132 3135/3135 3133/3133
f 3078/3078 3081/3081 3134/3134
f 3078/3078 3134/3134 3132/3132
f 3137/3137 3139/3139 3135/3135
f 3137/3137 3135/3135 3134/3134
f 3134/3134 3081/3081 3087/3087
f 3134/3134 3087/3087 3137/3137
f 3090/3090 3140/3140 3136/3136
f 3090/3090 3136/3136 3086/3086
f 3136/3136 3140/3140 3141/3141
f 3136/3136 3141/3141 3138/3138
f 3141/3141 3140/3140 3094/3094
f 3141/3141 3094/3094 3143/3143
f 3143/3143 3144/3144 3142/3142
f 3143/3143 3142/3142 3141/3141
f 3138/3138 3141/3141 3142/3142
f 3138/3138 3142/3142 3187/3187
f 3145/3145 3146/3146 3144/3144
f 3145/3145 3144/3144 3143/3143
f 3096/3096 3145/3145 3143/3143
f 3096/3096 3143/3143 3094/3094
f 3145/3145 3147/3147 3148/3148
f 3145/3145 3148/3148 3146/3146
f 3096/3096 3098/3098 3147/3147
f 3096/3096 3147/3147 3145/3145
f 3147/3147 3150/3150 3152/3152
f 3147/3147 3152/3152 3148/3148
f 3098/3098 3102/3102 3150/3150
f 3098/3098 3150/3150 3147/3147
f 3151/3151 3149/3149 3153/3153
f 3151/3151 3153/3153 3154/3154
f 3153/3153 3149/3149 3101/3101
f 3153/3153 3101/3101 3104/3104
f 3155/3155 3153/3153 3104/3104
f 3155/3155 3104/3104 3106/3106
f 3156/3156 3154/3154 3153/3153
f 3156/3156 3153/3153 3155/3155
f 3155/3155 3157/3157 3158/3158
f 3155/3155 3158/3158 3156/3156
f 3106/3106 3108/3108 3157/3157
f 3106/3106 3157/3157 3155/3155
f 3159/3159 3160/3160 3158/3158
f 3159/3159 3158/3158 3157/3157
f 3110/3110 3159/3159 3157/3157
f 3110/3110 3157/3157 3108/3108
f 3113/3113 3161/3161 3159/3159
f 3113/3113 3159/3159 3110/3110
f 3161/3161 3163/3163 3160/3160
f 3161/3161 3160/3160 3159/3159
f 3117/3117 3167/3167 3164/3164
f 3117/3117 3164/3164 3162/3162
f 3211/3211 3160/3160 3163/3163
f 3211/3211 3163/3163 3165/3165
f 3166/3166 3164/3164 3167/3167
f 3166/3166 3167/3167 3168/3168
f 3119/3119 3169/3169 3167/3167
f 3119/3119 3167/3167 3117/3117
f 3168/3168 3167/3167 3169/3169
f 3168/3168 3169/3169 3170/3170
f 3119/3119 3121/3121 3171/3171
f 3119/3119 3171/3171 3169/3169
f 3169/3169 3171/3171 3172/3172
f 3169/3169 3172/3172 3170/3170
f 3173/3173 3174/3174 3172/3172
f 3173/3173 3172/3172 3171/3171
f 3121/3121 3123/3123 3173/3173
f 3121/3121 3173/3173 3171/3171
f 3173/3173 3123/3123 3127/3127
f 3173/3173 3127/3127 3176/3176
f 3173/3173 3176/3176 3178/3178
f 3173/3173 3178/3178 3174/3174
f 3126/3126 3129/3129 3179/3179
f 3126/3126 3179/3179 3175/3175
f 3175/3175 3179/3179 3180/3180
f 3175/3175 3180/3180 3177/3177
f 3179/3179 3181/3181 3182/3182
f 3179/3179 3182/3182 3180/3180
f 3131/3131 3181/3181 3179/3179
f 3131/3131 3179/3179 3129/3129
f 3131/3131 3133/3133 3183/3183
f 3131/3131 3183/3183 3181/3181
f 3181/3181 3183/3183 3184/3184
f 3181/3181 3184/3184 3182/3182
f 3184/3184 3183/3183 3185/3185
f 3184/3184 3185/3185 3186/3186
f 3133/3133 3135/3135 3185/3185
f 3133/3133 3185/3185 3183/3183
f 3139/3139 3188/3188 3185/3185
f 3139/3139 3185/3185 3135/3135
f 3186/3186 3185/3185 3188/3188
f 3186/3186 3188/3188 3190/3190
f 3142/3142 3193/3193 3189/3189
f 3142/3142 3189/3189 3187/3187
f 3190/3190 3192/3192 3242/3242
f 3190/3190 3242/3242 3186/3186
f 3189/3189 3193/3193 3194/3194
f 3189/3189 3194/3194 3191/3191
f 3193/3193 3142/3142 3144/3144
f 3193/3193 3144/3144 3195/3195
f 3195/3195 3196/3196 3194/3194
f 3195/3195 3194/3194 3193/3193
f 3197/3197 3198/3198 3196/3196
f 3197/3197 3196/3196 3195/3195
f 3195/3195 3144/3144 3146/3146
f 3195/3195 3146/3146 3197/3197
f 3146/3146 3148/3148 3199/3199
f 3146/3146 3199/3199 3197/3197
f 3197/3197 3199/3199 3200/3200
f 3197/3197 3200/3200 3198/3198
f 3199/3199 3202/3202 3204/3204
f 3199/3199 3204/3204 3200/3200
f 3152/3152 3202/3202 3199/3199
f 3152/3152 3199/3199 3148/3148
f 3205/3205 3201/3201 3151/3151
f 3205/3205 3151/3151 3154/3154
f 3206/3206 3203/3203 3201/3201
f 3206/3206 3201/3201 3205/3205
f 3208/3208 3206/3206 3205/3205
f 3208/3208 3205/3205 3207/3207
f 3207/3207 3205/3205 3154/3154
f 3207/3207 3154/3154 3156/3156
f 3207/3207 3209/3209 3210/3210
f 3207/3207 3210/3210 3208/3208
f 3207/3207 3156/3156 3158/3158
f 3207/3207 3158/3158 3209/3209
f 3211/3211 3212/3212 3210/3210
f 3211/3211 3210/3210 3209/3209
f 3158/3158 3160/3160 3211/3211
f 3158/3158 3211/3211 3209/3209
f 3165/3165 3213/3213 3212/3212
f 3165/3165 3212/3212 3211/3211
f 3210/3210 3212/3212 3215/3215
f 3210/3210 3215/3215 3219/3219
f 3215/3215 3212/3212 3213/3213
f 3215/3215 3213/3213 3217/3217
f 3217/3217 3271/3271 3216/3216
f 3217/3217 3216/3216 3215/3215
f 3215/3215 3216/3216 3220/3220
f 3215/3215 3220/3220 3219/3219
f 3221/3221 3208/3208 3210/3210
f 3221/3221 3210/3210 3219/3219
f 3221/3221 3219/3219 3220/3220
f 3221/3221 3220/3220 3222/3222
f 3223/3223 3206/3206 3208/3208
f 3223/3223 3208/3208 3221/3221
f 3223/3223 3221/3221 3222/3222
f 3223/3223 3222/3222 3224/3224
f 3206/3206 3223/3223 3225/3225
f 3206/3206 3225/3225 3203/3203
f 3225/3225 3223/3223 3224/3224
f 3225/3225 3224/3224 3228/3228
f 3204/3204 3226/3226 3229/3229
f 3204/3204 3229/3229 3200/3200
f 3229/3229 3226/3226 3227/3227
f 3229/3229 3227/3227 3230/3230
f 3200/3200 3229/3229 3231/3231
f 3200/3200 3231/3231 3198/3198
f 3231/3231 3229/3229 3230/3230
f 3231/3231 3230/3230 3232/3232
f 3198/3198 3231/3231 3233/3233
f 3198/3198 3233/3233 3196/3196
f 3233/3233 3231/3231 3232/3232
f 3233/3233 3232/3232 3234/3234
f 3196/3196 3233/3233 3235/3235
f 3196/3196 3235/3235 3194/3194
f 3235/3235 3233/3233 3234/3234
f 3235/3235 3234/3234 3236/3236
f 3194/3194 3235/3235 3237/3237
f 3194/3194 3237/3237 3191/3191
f 3237/3237 3235/3235 3236/3236
f 3237/3237 3236/3236 3239/3239
f 3192/3192 3238/3238 3241/3241
f 3192/3192 3241/3241 3242/3242
f 3241/3241 3238/3238 3240/3240
f 3241/3241 3240/3240 3243/3243
f 3244/3244 3245/3245 3242/3242
f 3244/3244 3242/3242 3241/3241
f 3244/3244 3241/3241 3243/3243
f 3244/3244 3243/3243 3246/3246
f 3245/3245 3244/3244 3247/3247
f 3245/3245 3247/3247 3248/3248
f 3247/3247 3244/3244 3246/3246
f 3247/3247 3246/3246 3249/3249
f 3251/3251 3248/3248 3247/3247
f 3251/3251 3247/3247 3250/3250
f 3247/3247 3249/3249 3252/3252
f 3247/3247 3252/3252 3250/3250
f 3253/3253 3255/3255 3251/3251
f 3253/3253 3251/3251 3250/3250
f 3250/3250 3252/3252 3257/3257
f 3250/3250 3257/3257 3253/3253
f 3259/3259 3260/3260 3256/3256
f 3259/3259 3256/3256 3254/3254
f 3261/3261 3259/3259 3254/3254
f 3261/3261 3254/3254 3258/3258
f 3262/3262 3263/3263 3260/3260
f 3262/3262 3260/3260 3259/3259
f 3259/3259 3261/3261 3264/3264
f 3259/3259 3264/3264 3262/3262
f 3265/3265 3266/3266 3263/3263
f 3265/3265 3263/3263 3262/3262
f 3262/3262 3264/3264 3267/3267
f 3262/3262 3267/3267 3265/3265
f 3268/3268 3269/3269 3266/3266
f 3268/3268 3266/3266 3265/3265
f 3265/3265 3267/3267 3270/3270
f 3265/3265 3270/3270 3268/3268
f 3218/3218 3214/3214 3269/3269
f 3218/3218 3269/3269 3268/3268
f 3268/3268 3270/3270 3272/3272
f 3268/3268 3272/3272 3218/3218
f 3277/3277 3272/3272 3270/3270
f 3277/3277 3270/3270 3273/3273
f 3273/3273 3270/3270 3267/3267
f 3273/3273 3267/3267 3278/3278
f 3278/3278 3280/3280 3275/3275
f 3278/3278 3275/3275 3273/3273
f 3273/3273 3275/3275 3340/3340
f 3273/3273 3340/3340 3277/3277
f 3278/3278 3267/3267 3264/3264
f 3278/3278 3264/3264 3281/3281
f 3281/3281 3283/3283 3280/3280
f 3281/3281 3280/3280 3278/3278
f 3284/3284 3286/3286 3283/3283
f 3284/3284 3283/3283 3281/3281
f 3281/3281 3264/3264 3261/3261
f 3281/3281 3261/3261 3284/3284
f 3261/3261 3258/3258 3288/3288
f 3261/3261 3288/3288 3284/3284
f 3288/3288 3291/3291 3286/3286
f 3288/3288 3286/3286 3284/3284
f 3287/3287 3257/3257 3252/3252
f 3287/3287 3252/3252 3292/3292
f 3292/3292 3294/3294 3290/3290
f 3292/3292 3290/3290 3287/3287
f 3295/3295 3297/3297 3294/3294
f 3295/3295 3294/3294 3292/3292
f 3252/3252 3249/3249 3295/3295
f 3252/3252 3295/3295 3292/3292
f 3295/3295 3298/3298 3300/3300
f 3295/3295 3300/3300 3297/3297
f 3249/3249 3246/3246 3298/3298
f 3249/3249 3298/3298 3295/3295
f 3298/3298 3301/3301 3303/3303
f 3298/3298 3303/3303 3300/3300
f 3298/3298 3246/3246 3243/3243
f 3298/3298 3243/3243 3301/3301
f 3301/3301 3305/3305 3308/3308
f 3301/3301 3308/3308 3303/3303
f 3240/3240 3305/3305 3301/3301
f 3240/3240 3301/3301 3243/3243
f 3236/3236 3309/3309 3304/3304
f 3236/3236 3304/3304 3239/3239
f 3304/3304 3309/3309 3311/3311
f 3304/3304 3311/3311 3307/3307
f 3236/3236 3234/3234 3312/3312
f 3236/3236 3312/3312 3309/3309
f 3309/3309 3312/3312 3314/3314
f 3309/3309 3314/3314 3311/3311
f 3312/3312 3315/3315 3317/3317
f 3312/3312 3317/3317 3314/3314
f 3232/3232 3315/3315 3312/3312
f 3232/3232 3312/3312 3234/3234
f 3232/3232 3230/3230 3318/3318
f 3232/3232 3318/3318 3315/3315
f 3315/3315 3318/3318 3320/3320
f 3315/3315 3320/3320 3317/3317
f 3318/3318 3321/3321 3324/3324
f 3318/3318 3324/3324 3320/3320
f 3227/3227 3321/3321 3318/3318
f 3227/3227 3318/3318 3230/3230
f 3228/3228 3224/3224 3326/3326
f 3228/3228 3326/3326 3322/3322
f 3322/3322 3326/3326 3328/3328
f 3322/3322 3328/3328 3325/3325
f 3326/3326 3329/3329 3331/3331
f 3326/3326 3331/3331 3328/3328
f 3326/3326 3224/3224 3222/3222
f 3326/3326 3222/3222 3329/3329
f 3329/3329 3332/3332 3334/3334
f 3329/3329 3334/3334 3331/3331
f 3329/3329 3222/3222 3220/3220
f 3329/3329 3220/3220 3332/3332
f 3335/3335 3337/3337 3334/3334
f 3335/3335 3334/3334 3332/3332
f 3220/3220 3216/3216 3335/3335
f 3220/3220 3335/3335 3332/3332
f 3276/3276 3339/3339 3337/3337
f 3276/3276 3337/3337 3335/3335
f 3335/3335 3216/3216 3271/3271
f 3335/3335 3271/3271 3276/3276
f 3333/3333 3336/3336 3341/3341
f 3333/3333 3341/3341 3343/3343
f 3336/3336 3338/3338 3274/3274
f 3336/3336 3274/3274 3341/3341
f 3342/3342 3344/3344 3343/3343
f 3342/3342 3343/3343 3341/3341
f 3342/3342 3341/3341 3274/3274
f 3342/3342 3274/3274 3279/3279
f 3347/3347 3345/3345 3343/3343
f 3347/3347 3343/3343 3344/3344
f 3330/3330 3333/3333 3343/3343
f 3330/3330 3343/3343 3345/3345
f 3327/3327 3330/3330 3345/3345
f 3327/3327 3345/3345 3346/3346
f 3347/3347 3348/3348 3346/3346
f 3347/3347 3346/3346 3345/3345
f 3348/3348 3347/3347 3349/3349
f 3348/3348 3349/3349 3352/3352
f 3350/3350 3349/3349 3347/3347
f 3350/3350 3347/3347 3344/3344
f 3351/3351 3349/3349 3350/3350
f 3351/3351 3350/3350 3354/3354
f 3353/3353 3352/3352 3349/3349
f 3353/3353 3349/3349 3351/3351
f 3313/3313 3316/3316 3348/3348
f 3313/3313 3348/3348 3352/3352
f 3310/3310 3313/3313 3352/3352
f 3310/3310 3352/3352 3353/3353
f 3353/3353 3351/3351 3299/3299
f 3353/3353 3299/3299 3302/3302
f 3353/3353 3302/3302 3306/3306
f 3353/3353 3306/3306 3310/3310
f 3296/3296 3299/3299 3351/3351
f 3296/3296 3351/3351 3354/3354
f 3293/3293 3296/3296 3354/3354
f 3293/3293 3354/3354 3355/3355
f 3350/3350 3356/3356 3355/3355
f 3350/3350 3355/3355 3354/3354
f 3355/3355 3356/3356 3282/3282
f 3355/3355 3282/3282 3285/3285
f 3293/3293 3355/3355 3285/3285
f 3293/3293 3285/3285 3289/3289
f 3342/3342 3279/3279 3282/3282
f 3342/3342 3282/3282 3356/3356
f 3342/3342 3356/3356 3350/3350
f 3342/3342 3350/3350 3344/3344
f 3316/3316 3319/3319 3346/3346
f 3316/3316 3346/3346 3348/3348
f 3319/3319 3323/3323 3327/3327
f 3319/3319 3327/3327 3346/3346
f 3168/3168 3269/3269 3214/3214
f 3168/3168 3214/3214 3166/3166
f 3170/3170 3266/3266 3269/3269
f 3170/3170 3269/3269 3168/3168
f 3170/3170 3172/3172 3263/3263
f 3170/3170 3263/3263 3266/3266
f 3172/3172 3174/3174 3260/3260
f 3172/3172 3260/3260 3263/3263
f 3178/3178 3256/3256 3260/3260
f 3178/3178 3260/3260 3174/3174
f 3177/3177 3180/3180 3251/3251
f 3177/3177 3251/3251 3255/3255
f 3182/3182 3248/3248 3251/3251
f 3182/3182 3251/3251 3180/3180
f 3182/3182 3184/3184 3245/3245
f 3182/3182 3245/3245 3248/3248
f 3184/3184 3186/3186 3242/3242
f 3184/3184 3242/3242 3245/3245
f 2393/2393 2779/2779 2859/2859
f 2393/2393 2859/2859 2396/2396
f 2396/2396 2859/2859 2856/2856
f 2396/2396 2856/2856 2398/2398
f 2853/2853 2401/2401 2398/2398
f 2853/2853 2398/2398 2856/2856
f 2851/2851 2406/2406 2401/2401
f 2851/2851 2401/2401 2853/2853
f 2845/2845 2410/2410 2405/2405
f 2845/2845 2405/2405 2850/2850
f 2410/2410 2845/2845 2841/2841
f 2410/2410 2841/2841 2414/2414
f 2838/2838 2417/2417 2414/2414
f 2838/2838 2414/2414 2841/2841
f 2419/2419 2417/2417 2838/2838
f 2419/2419 2838/2838 2836/2836
f 2836/2836 2832/2832 2423/2423
f 2836/2836 2423/2423 2419/2419
f 2424/2424 2833/2833 2826/2826
f 2424/2424 2826/2826 2428/2428
f 2826/2826 2820/2820 2431/2431
f 2826/2826 2431/2431 2428/2428
f 2447/2447 2444/2444 2817/2817
f 2447/2447 2817/2817 3357/3357
f 2817/2817 2809/2809 2804/2804
f 2817/2817 2804/2804 3357/3357
f 2448/2448 3358/3358 3359/3359
f 2448/2448 3359/3359 2762/2762
f 3358/3358 2805/2805 2801/2801
f 3358/3358 2801/2801 3359/3359
f 2797/2797 2766/2766 3359/3359
f 2797/2797 3359/3359 2801/2801
f 2797/2797 2794/2794 2768/2768
f 2797/2797 2768/2768 2766/2766
f 2318/2318 2322/2322 2764/2764
f 2318/2318 2764/2764 2385/2385
f 2302/2302 2374/2374 2371/2371
f 2302/2302 2371/2371 2297/2297
f 2298/2298 2372/2372 2366/2366
f 2298/2298 2366/2366 2290/2290
f 2286/2286 2290/2290 2366/2366
f 2286/2286 2366/2366 2359/2359
f 2270/2270 2350/2350 2340/2340
f 2270/2270 2340/2340 2265/2265
f 2279/2279 2349/2349 2269/2269
f 2279/2279 2269/2269 2272/2272
f 2255/2255 2325/2325 2320/2320
f 2255/2255 2320/2320 2253/2253
f 2251/2251 2253/2253 2320/2320
f 2251/2251 2320/2320 2316/2316
f 2251/2251 2316/2316 2312/2312
f 2251/2251 2312/2312 2248/2248
f 2245/2245 2249/2249 2313/2313
f 2245/2245 2313/2313 2306/2306
f 2245/2245 2306/2306 2301/2301
f 2245/2245 2301/2301 2243/2243
f 2301/2301 2294/2294 2240/2240
f 2301/2301 2240/2240 2243/2243
f 2241/2241 2296/2296 2289/2289
f 2241/2241 2289/2289 2237/2237
f 2275/2275 2237/2237 2289/2289
f 2275/2275 2289/2289 2281/2281
f 2163/2163 2165/2165 2231/2231
f 2163/2163 2231/2231 2227/2227
f 2165/2165 2169/2169 2176/2176
f 2165/2165 2176/2176 2231/2231
f 2224/2224 2161/2161 2163/2163
f 2224/2224 2163/2163 2227/2227
f 2214/2214 2159/2159 2161/2161
f 2214/2214 2161/2161 2224/2224
f 1883/1883 1946/1946 1943/1943
f 1883/1883 1943/1943 3360/3360
f 3360/3360 1943/1943 1937/1937
f 3360/3360 1937/1937 3361/3361
f 3360/3360 3361/3361 1876/1876
f 3360/3360 1876/1876 1879/1879
f 1938/1938 1934/1934 3363/3363
f 1938/1938 3363/3363 3362/3362
f 3362/3362 3363/3363 1870/1870
f 3362/3362 1870/1870 1877/1877
f 1868/1868 1870/1870 3363/3363
f 1868/1868 3363/3363 3364/3364
f 3363/3363 1934/1934 1930/1930
f 3363/3363 1930/1930 3364/3364
f 1927/1927 3365/3365 3364/3364
f 1927/1927 3364/3364 1930/1930
f 1865/1865 1868/1868 3364/3364
f 1865/1865 3364/3364 3365/3365
f 1927/1927 1925/1925 3366/3366
f 1927/1927 3366/3366 3365/3365
f 1865/1865 3365/3365 3366/3366
f 1865/1865 3366/3366 1861/1861
f 3368/3368 1859/1859 1861/1861
f 3368/3368 1861/1861 3366/3366
f 1920/1920 3368/3368 3366/3366
f 1920/1920 3366/3366 1925/1925
f 1916/1916 3369/3369 3367/3367
f 1916/1916 3367/3367 1919/1919
f 3369/3369 1852/1852 1858/1858
f 3369/3369 1858/1858 3367/3367
f 1905/1905 1850/1850 1852/1852
f 1905/1905 1852/1852 3369/3369
f 1916/1916 1907/1907 1905/1905
f 1916/1916 1905/1905 3369/3369
f 1816/1816 1820/1820 1880/1880
f 1816/1816 1880/1880 3370/3370
f 3370/3370 1880/1880 1874/1874
f 3370/3370 1874/1874 3372/3372
f 3370/3370 3372/3372 3374/3374
f 3370/3370 3374/3374 3371/3371
f 3371/3371 1814/1814 1816/1816
f 3371/3371 1816/1816 3370/3370
f 3373/3373 3376/3376 3377/3377
f 3373/3373 3377/3377 3375/3375
f 3373/3373 1875/1875 1871/1871
f 3373/3373 1871/1871 3376/3376
f 3379/3379 3377/3377 3376/3376
f 3379/3379 3376/3376 3378/3378
f 3376/3376 1871/1871 1867/1867
f 3376/3376 1867/1867 3378/3378
f 1864/1864 3380/3380 3378/3378
f 1864/1864 3378/3378 1867/1867
f 3381/3381 3379/3379 3378/3378
f 3381/3381 3378/3378 3380/3380
f 1864/1864 1862/1862 3382/3382
f 1864/1864 3382/3382 3380/3380
f 3381/3381 3380/3380 3382/3382
f 3381/3381 3382/3382 3383/3383
f 3385/3385 3387/3387 3383/3383
f 3385/3385 3383/3383 3382/3382
f 1857/1857 3385/3385 3382/3382
f 1857/1857 3382/3382 1862/1862
f 3388/3388 3389/3389 3386/3386
f 3388/3388 3386/3386 3384/3384
f 1853/1853 3388/3388 3384/3384
f 1853/1853 3384/3384 1856/1856
f 3390/3390 3391/3391 3389/3389
f 3390/3390 3389/3389 3388/3388
f 3390/3390 3388/3388 1853/1853
f 3390/3390 1853/1853 1846/1846
f 3391/3391 3390/3390 1845/1845
f 3391/3391 1845/1845 3394/3394
f 3389/3389 3391/3391 3392/3392
f 3389/3389 3392/3392 3419/3419
f 3392/3392 3391/3391 3394/3394
f 3392/3392 3394/3394 3395/3395
f 3395/3395 3394/3394 3397/3397
f 3395/3395 3397/3397 3399/3399
f 3394/3394 1845/1845 1842/1842
f 3394/3394 1842/1842 3397/3397
f 1837/1837 3402/3402 3398/3398
f 1837/1837 3398/3398 1843/1843
f 3402/3402 3403/3403 3400/3400
f 3402/3402 3400/3400 3398/3398
f 3406/3406 3403/3403 3402/3402
f 3406/3406 3402/3402 3405/3405
f 3402/3402 1837/1837 1833/1833
f 3402/3402 1833/1833 3405/3405
f 3409/3409 3406/3406 3405/3405
f 3409/3409 3405/3405 3408/3408
f 3405/3405 1833/1833 1830/1830
f 3405/3405 1830/1830 3408/3408
f 3411/3411 1806/1806 3409/3409
f 3411/3411 3409/3409 3408/3408
f 3411/3411 3408/3408 1830/1830
f 3411/3411 1830/1830 1828/1828
f 1828/1828 1818/1818 1805/1805
f 1828/1828 1805/1805 3411/3411
f 3412/3412 3410/3410 1807/1807
f 3412/3412 1807/1807 1812/1812
f 3412/3412 3414/3414 3407/3407
f 3412/3412 3407/3407 3410/3410
f 3413/3413 3415/3415 3414/3414
f 3413/3413 3414/3414 3412/3412
f 3437/3437 3413/3413 3412/3412
f 3437/3437 3412/3412 1812/1812
f 3414/3414 3416/3416 3404/3404
f 3414/3414 3404/3404 3407/3407
f 3414/3414 3415/3415 3417/3417
f 3414/3414 3417/3417 3416/3416
f 3416/3416 3396/3396 3401/3401
f 3416/3416 3401/3401 3404/3404
f 3393/3393 3396/3396 3416/3416
f 3393/3393 3416/3416 3417/3417
f 3393/3393 3417/3417 3418/3418
f 3393/3393 3418/3418 3420/3420
f 3418/3418 3417/3417 3415/3415
f 3418/3418 3415/3415 3423/3423
f 3420/3420 3418/3418 3421/3421
f 3420/3420 3421/3421 3439/3439
f 3418/3418 3423/3423 3425/3425
f 3418/3418 3425/3425 3421/3421
f 3415/3415 3413/3413 3424/3424
f 3415/3415 3424/3424 3423/3423
f 3427/3427 3425/3425 3423/3423
f 3427/3427 3423/3423 3424/3424
f 3422/3422 3426/3426 3381/3381
f 3422/3422 3381/3381 3383/3383
f 3381/3381 3426/3426 3428/3428
f 3381/3381 3428/3428 3379/3379
f 3429/3429 3427/3427 3424/3424
f 3429/3429 3424/3424 3434/3434
f 3379/3379 3428/3428 3430/3430
f 3379/3379 3430/3430 3377/3377
f 3436/3436 3432/3432 3429/3429
f 3436/3436 3429/3429 3434/3434
f 3433/3433 3375/3375 3377/3377
f 3433/3433 3377/3377 3430/3430
f 1811/1811 3436/3436 3434/3434
f 1811/1811 3434/3434 3437/3437
f 3424/3424 3413/3413 3437/3437
f 3424/3424 3437/3437 3434/3434
f 3435/3435 3371/3371 3374/3374
f 3435/3435 3374/3374 3431/3431
f 1810/1810 1814/1814 3371/3371
f 1810/1810 3371/3371 3435/3435
f 3387/3387 3440/3440 3422/3422
f 3387/3387 3422/3422 3383/3383
f 3389/3389 3419/3419 3438/3438
f 3389/3389 3438/3438 3386/3386
f 3451/3451 3443/3443 3446/3446
f 3451/3451 3446/3446 3489/3489
f 3442/3442 3449/3449 3633/3633
f 3442/3442 3633/3633 3445/3445
f 3461/3461 3448/3448 3441/3441
f 3461/3461 3441/3441 3458/3458
f 3444/3444 3453/3453 3465/3465
f 3444/3444 3465/3465 3455/3455
f 3457/3457 3463/3463 3625/3625
f 3457/3457 3625/3625 3459/3459
f 3469/3469 3462/3462 3456/3456
f 3469/3469 3456/3456 3466/3466
f 3468/3468 3474/3474 3476/3476
f 3468/3468 3476/3476 3471/3471
f 3482/3482 3472/3472 3467/3467
f 3482/3482 3467/3467 3454/3454
f 3473/3473 3479/3479 3540/3540
f 3473/3473 3540/3540 3475/3475
f 3485/3485 3477/3477 3472/3472
f 3485/3485 3472/3472 3482/3482
f 3483/3483 3481/3481 3487/3487
f 3483/3483 3487/3487 3488/3488
f 3452/3452 3490/3490 3486/3486
f 3452/3452 3486/3486 3480/3480
f 3492/3492 3488/3488 3487/3487
f 3491/3491 3495/3495 3492/3492
f 3491/3491 3492/3492 3487/3487
f 3498/3498 3496/3496 3492/3492
f 3498/3498 3492/3492 3495/3495
f 3496/3496 3502/3502 3488/3488
f 3496/3496 3488/3488 3492/3492
f 3498/3498 3602/3602 3501/3501
f 3498/3498 3501/3501 3496/3496
f 3502/3502 3496/3496 3501/3501
f 3502/3502 3501/3501 3506/3506
f 3503/3503 3483/3483 3488/3488
f 3503/3503 3488/3488 3502/3502
f 3503/3503 3502/3502 3506/3506
f 3503/3503 3506/3506 3509/3509
f 3516/3516 3508/3508 3505/3505
f 3516/3516 3505/3505 3511/3511
f 3501/3501 3512/3512 3506/3506
f 3519/3519 3516/3516 3511/3511
f 3519/3519 3511/3511 3513/3513
f 3600/3600 3513/3513 3511/3511
f 3600/3600 3511/3511 3500/3500
f 3522/3522 3515/3515 3518/3518
f 3522/3522 3518/3518 3526/3526
f 3532/3532 3507/3507 3515/3515
f 3532/3532 3515/3515 3522/3522
f 3524/3524 3570/3570 3527/3527
f 3524/3524 3527/3527 3521/3521
f 3529/3529 3521/3521 3527/3527
f 3529/3529 3527/3527 3535/3535
f 3533/3533 3504/3504 3510/3510
f 3533/3533 3510/3510 3530/3530
f 3534/3534 3531/3531 3536/3536
f 3534/3534 3536/3536 3539/3539
f 3528/3528 3538/3538 3536/3536
f 3541/3541 3539/3539 3536/3536
f 3541/3541 3536/3536 3538/3538
f 3539/3539 3541/3541 3545/3545
f 3539/3539 3545/3545 3540/3540
f 3534/3534 3539/3539 3540/3540
f 3534/3534 3540/3540 3479/3479
f 3544/3544 3541/3541 3538/3538
f 3544/3544 3538/3538 3568/3568
f 3544/3544 3548/3548 3545/3545
f 3544/3544 3545/3545 3541/3541
f 3475/3475 3540/3540 3545/3545
f 3548/3548 3470/3470 3475/3475
f 3548/3548 3475/3475 3545/3545
f 3546/3546 3549/3549 3462/3462
f 3546/3546 3462/3462 3469/3469
f 3542/3542 3553/3553 3550/3550
f 3542/3542 3550/3550 3547/3547
f 3464/3464 3551/3551 3552/3552
f 3464/3464 3552/3552 3626/3626
f 3554/3554 3556/3556 3552/3552
f 3554/3554 3552/3552 3551/3551
f 3554/3554 3559/3559 3562/3562
f 3554/3554 3562/3562 3556/3556
f 3567/3567 3560/3560 3555/3555
f 3567/3567 3555/3555 3543/3543
f 3558/3558 3564/3564 3571/3571
f 3558/3558 3571/3571 3561/3561
f 3569/3569 3563/3563 3557/3557
f 3569/3569 3557/3557 3565/3565
f 3570/3570 3566/3566 3537/3537
f 3570/3570 3537/3537 3527/3527
f 3523/3523 3573/3573 3563/3563
f 3523/3523 3563/3563 3569/3569
f 3574/3574 3577/3577 3571/3571
f 3574/3574 3571/3571 3564/3564
f 3584/3584 3578/3578 3576/3576
f 3584/3584 3576/3576 3581/3581
f 3575/3575 3525/3525 3517/3517
f 3575/3575 3517/3517 3580/3580
f 3582/3582 3587/3587 3589/3589
f 3582/3582 3589/3589 3586/3586
f 3583/3583 3520/3520 3514/3514
f 3583/3583 3514/3514 3588/3588
f 3587/3587 3591/3591 3598/3598
f 3587/3587 3598/3598 3589/3589
f 3588/3588 3514/3514 3601/3601
f 3588/3588 3601/3601 3592/3592
f 3594/3594 3603/3603 3499/3499
f 3594/3594 3499/3499 3597/3597
f 3596/3596 3604/3604 3599/3599
f 3596/3596 3599/3599 3593/3593
f 3604/3604 3611/3611 3606/3606
f 3604/3604 3606/3606 3599/3599
f 3599/3599 3606/3606 3590/3590
f 3609/3609 3586/3586 3589/3589
f 3609/3609 3589/3589 3605/3605
f 3614/3614 3610/3610 3606/3606
f 3614/3614 3606/3606 3611/3611
f 3611/3611 3604/3604 3635/3635
f 3611/3611 3635/3635 3612/3612
f 3614/3614 3611/3611 3612/3612
f 3614/3614 3612/3612 3619/3619
f 3613/3613 3616/3616 3631/3631
f 3613/3613 3631/3631 3608/3608
f 3616/3616 3613/3613 3618/3618
f 3616/3616 3618/3618 3621/3621
f 3622/3622 3617/3617 3448/3448
f 3622/3622 3448/3448 3461/3461
f 3450/3450 3619/3619 3612/3612
f 3450/3450 3612/3612 3634/3634
f 3620/3620 3460/3460 3626/3626
f 3620/3620 3626/3626 3623/3623
f 3615/3615 3620/3620 3623/3623
f 3615/3615 3623/3623 3624/3624
f 3556/3556 3624/3624 3623/3623
f 3556/3556 3623/3623 3552/3552
f 3552/3552 3623/3623 3626/3626
f 3615/3615 3624/3624 3628/3628
f 3615/3615 3628/3628 3630/3630
f 3624/3624 3556/3556 3562/3562
f 3624/3624 3562/3562 3628/3628
f 3577/3577 3629/3629 3627/3627
f 3577/3577 3627/3627 3571/3571
f 3562/3562 3572/3572 3628/3628
f 3607/3607 3632/3632 3579/3579
f 3607/3607 3579/3579 3585/3585
f 3635/3635 3634/3634 3612/3612
f 3638/3638 3447/3447 3634/3634
f 3638/3638 3634/3634 3635/3635
f 3596/3596 3638/3638 3635/3635
f 3596/3596 3635/3635 3604/3604
f 3489/3489 3446/3446 3637/3637
f 3489/3489 3637/3637 3493/3493
f 3494/3494 3636/3636 3595/3595
f 3494/3494 3595/3595 3497/3497
f 3504/3504 3533/3533 3478/3478
f 3504/3504 3478/3478 3484/3484
f 3646/3646 3639/3639 3641/3641
f 3646/3646 3641/3641 3765/3765
f 3640/3640 3645/3645 3788/3788
f 3640/3640 3788/3788 3643/3643
f 3651/3651 3645/3645 3640/3640
f 3651/3651 3640/3640 3649/3649
f 3646/3646 3652/3652 3648/3648
f 3646/3646 3648/3648 3639/3639
f 3661/3661 3651/3651 3649/3649
f 3661/3661 3649/3649 3655/3655
f 3652/3652 3658/3658 3654/3654
f 3652/3652 3654/3654 3648/3648
f 3712/3712 3656/3656 3654/3654
f 3712/3712 3654/3654 3658/3658
f 3655/3655 3657/3657 3665/3665
f 3655/3655 3665/3665 3661/3661
f 3662/3662 3809/3809 3650/3650
f 3662/3662 3650/3650 3660/3660
f 3664/3664 3661/3661 3665/3665
f 3664/3664 3665/3665 3670/3670
f 3657/3657 3717/3717 3667/3667
f 3657/3657 3667/3667 3665/3665
f 3665/3665 3667/3667 3670/3670
f 3674/3674 3663/3663 3669/3669
f 3674/3674 3669/3669 3672/3672
f 3673/3673 3671/3671 3668/3668
f 3673/3673 3668/3668 3666/3666
f 3675/3675 3671/3671 3673/3673
f 3675/3675 3673/3673 3681/3681
f 3677/3677 3674/3674 3672/3672
f 3677/3677 3672/3672 3676/3676
f 3677/3677 3676/3676 3679/3679
f 3677/3677 3679/3679 3814/3814
f 3675/3675 3681/3681 3682/3682
f 3675/3675 3682/3682 3678/3678
f 3684/3684 3686/3686 3682/3682
f 3684/3684 3682/3682 3681/3681
f 3681/3681 3673/3673 3690/3690
f 3681/3681 3690/3690 3684/3684
f 3685/3685 3693/3693 3696/3696
f 3685/3685 3696/3696 3687/3687
f 3691/3691 3701/3701 3693/3693
f 3691/3691 3693/3693 3685/3685
f 3692/3692 3698/3698 3834/3834
f 3692/3692 3834/3834 3694/3694
f 3692/3692 3700/3700 3702/3702
f 3692/3692 3702/3702 3698/3698
f 3700/3700 3706/3706 3710/3710
f 3700/3700 3710/3710 3702/3702
f 3701/3701 3691/3691 3718/3718
f 3701/3701 3718/3718 3707/3707
f 3705/3705 3713/3713 3719/3719
f 3705/3705 3719/3719 3708/3708
f 3704/3704 3715/3715 3656/3656
f 3704/3704 3656/3656 3712/3712
f 3690/3690 3673/3673 3666/3666
f 3690/3690 3666/3666 3716/3716
f 3659/3659 3723/3723 3721/3721
f 3659/3659 3721/3721 3714/3714
f 3722/3722 3727/3727 3724/3724
f 3722/3722 3724/3724 3720/3720
f 3720/3720 3724/3724 3709/3709
f 3726/3726 3703/3703 3711/3711
f 3726/3726 3711/3711 3725/3725
f 3732/3732 3726/3726 3725/3725
f 3732/3732 3725/3725 3729/3729
f 3731/3731 3728/3728 3723/3723
f 3731/3731 3723/3723 3769/3769
f 3734/3734 3732/3732 3729/3729
f 3734/3734 3729/3729 3730/3730
f 3839/3839 3726/3726 3732/3732
f 3839/3839 3732/3732 3733/3733
f 3736/3736 3733/3733 3732/3732
f 3736/3736 3732/3732 3734/3734
f 3735/3735 3734/3734 3730/3730
f 3735/3735 3730/3730 3758/3758
f 3739/3739 3736/3736 3734/3734
f 3739/3739 3734/3734 3735/3735
f 3733/3733 3736/3736 3737/3737
f 3733/3733 3737/3737 3842/3842
f 3736/3736 3739/3739 3741/3741
f 3736/3736 3741/3741 3737/3737
f 3739/3739 3743/3743 3745/3745
f 3739/3739 3745/3745 3741/3741
f 3739/3739 3735/3735 3748/3748
f 3739/3739 3748/3748 3743/3743
f 3743/3743 3747/3747 3880/3880
f 3743/3743 3880/3880 3745/3745
f 3743/3743 3748/3748 3750/3750
f 3743/3743 3750/3750 3747/3747
f 3750/3750 3748/3748 3752/3752
f 3750/3750 3752/3752 3756/3756
f 3735/3735 3758/3758 3752/3752
f 3735/3735 3752/3752 3748/3748
f 3760/3760 3753/3753 3751/3751
f 3757/3757 3767/3767 3760/3760
f 3757/3757 3760/3760 3751/3751
f 3763/3763 3770/3770 3754/3754
f 3763/3763 3754/3754 3761/3761
f 3647/3647 3766/3766 3762/3762
f 3647/3647 3762/3762 3768/3768
f 3768/3768 3769/3769 3653/3653
f 3768/3768 3653/3653 3647/3647
f 3759/3759 3731/3731 3769/3769
f 3759/3759 3769/3769 3768/3768
f 3769/3769 3723/3723 3659/3659
f 3769/3769 3659/3659 3653/3653
f 3764/3764 3642/3642 3778/3778
f 3764/3764 3778/3778 3772/3772
f 3774/3774 3749/3749 3755/3755
f 3774/3774 3755/3755 3771/3771
f 3773/3773 3777/3777 3781/3781
f 3773/3773 3781/3781 3775/3775
f 3780/3780 3776/3776 3782/3782
f 3780/3780 3782/3782 3784/3784
f 3779/3779 3643/3643 3788/3788
f 3779/3779 3788/3788 3783/3783
f 3792/3792 3784/3784 3782/3782
f 3792/3792 3782/3782 3785/3785
f 3788/3788 3787/3787 3783/3783
f 3645/3645 3791/3791 3787/3787
f 3645/3645 3787/3787 3788/3788
f 3794/3794 3793/3793 3786/3786
f 3794/3794 3786/3786 3790/3790
f 3794/3794 3801/3801 3796/3796
f 3794/3794 3796/3796 3793/3793
f 3792/3792 3795/3795 3797/3797
f 3792/3792 3797/3797 3784/3784
f 3797/3797 3795/3795 3798/3798
f 3797/3797 3798/3798 3883/3883
f 3801/3801 3804/3804 3800/3800
f 3801/3801 3800/3800 3796/3796
f 3801/3801 3805/3805 3807/3807
f 3801/3801 3807/3807 3804/3804
f 3794/3794 3808/3808 3805/3805
f 3794/3794 3805/3805 3801/3801
f 3805/3805 3677/3677 3814/3814
f 3805/3805 3814/3814 3807/3807
f 3808/3808 3674/3674 3677/3677
f 3808/3808 3677/3677 3805/3805
f 3674/3674 3808/3808 3810/3810
f 3674/3674 3810/3810 3663/3663
f 3808/3808 3794/3794 3790/3790
f 3808/3808 3790/3790 3810/3810
f 3809/3809 3789/3789 3644/3644
f 3809/3809 3644/3644 3650/3650
f 3803/3803 3806/3806 3812/3812
f 3803/3803 3812/3812 3855/3855
f 3806/3806 3813/3813 3816/3816
f 3806/3806 3816/3816 3812/3812
f 3817/3817 3815/3815 3680/3680
f 3817/3817 3680/3680 3820/3820
f 3811/3811 3817/3817 3818/3818
f 3811/3811 3818/3818 3850/3850
f 3818/3818 3817/3817 3820/3820
f 3818/3818 3820/3820 3821/3821
f 3688/3688 3821/3821 3820/3820
f 3688/3688 3820/3820 3683/3683
f 3680/3680 3683/3683 3820/3820
f 3689/3689 3697/3697 3825/3825
f 3689/3689 3825/3825 3822/3822
f 3822/3822 3825/3825 3827/3827
f 3822/3822 3827/3827 3819/3819
f 3826/3826 3824/3824 3830/3830
f 3826/3826 3830/3830 3832/3832
f 3823/3823 3695/3695 3835/3835
f 3823/3823 3835/3835 3829/3829
f 3840/3840 3831/3831 3828/3828
f 3840/3840 3828/3828 3837/3837
f 3828/3828 3833/3833 3837/3837
f 3733/3733 3842/3842 3838/3838
f 3733/3733 3838/3838 3839/3839
f 3699/3699 3839/3839 3838/3838
f 3699/3699 3838/3838 3836/3836
f 3841/3841 3738/3738 3843/3843
f 3841/3841 3843/3843 3832/3832
f 3699/3699 3703/3703 3726/3726
f 3699/3699 3726/3726 3839/3839
f 3832/3832 3843/3843 3847/3847
f 3832/3832 3847/3847 3826/3826
f 3738/3738 3742/3742 3845/3845
f 3738/3738 3845/3845 3843/3843
f 3843/3843 3845/3845 3849/3849
f 3843/3843 3849/3849 3847/3847
f 3853/3853 3851/3851 3846/3846
f 3853/3853 3846/3846 3848/3848
f 3851/3851 3819/3819 3827/3827
f 3851/3851 3827/3827 3846/3846
f 3854/3854 3811/3811 3850/3850
f 3854/3854 3850/3850 3852/3852
f 3852/3852 3856/3856 3859/3859
f 3852/3852 3859/3859 3854/3854
f 3853/3853 3848/3848 3866/3866
f 3853/3853 3866/3866 3857/3857
f 3856/3856 3861/3861 3884/3884
f 3856/3856 3884/3884 3859/3859
f 3858/3858 3865/3865 3873/3873
f 3858/3858 3873/3873 3863/3863
f 3849/3849 3845/3845 3870/3870
f 3849/3849 3870/3870 3867/3867
f 3872/3872 3864/3864 3868/3868
f 3872/3872 3868/3868 3877/3877
f 3862/3862 3874/3874 3876/3876
f 3862/3862 3876/3876 3882/3882
f 3875/3875 3871/3871 3878/3878
f 3875/3875 3878/3878 3746/3746
f 3869/3869 3744/3744 3879/3879
f 3746/3746 3749/3749 3774/3774
f 3746/3746 3774/3774 3875/3875
f 3775/3775 3781/3781 3882/3882
f 3775/3775 3882/3882 3876/3876
f 3881/3881 3797/3797 3883/3883
f 3881/3881 3883/3883 3860/3860
f 3784/3784 3797/3797 3881/3881
f 3784/3784 3881/3881 3780/3780
f 3844/3844 3740/3740 3744/3744
f 3844/3844 3744/3744 3869/3869
f 3859/3859 3884/3884 3799/3799
f 3802/3802 3854/3854 3859/3859
f 3802/3802 3859/3859 3799/3799
