# https://github.com/mikedh/trimesh

o Cube.007_1
v 0.34825914 -0.45921893 0.51648753
v 0.34825914 -0.45921893 0.51648753
v 0.34825914 -0.45921893 0.51648753
v -0.35145541 -0.46570565 0.48433053
v -0.35145541 -0.46570565 0.48433053
v -0.35145541 -0.46570565 0.48433053
v 0.23822775 -0.45276572 0.51589310
v 0.23822775 -0.45276572 0.51589310
v 0.06568166 -0.44390716 0.51075929
v 0.06568166 -0.44390716 0.51075929
v -0.06409028 -0.45062192 0.50913500
v -0.06409028 -0.45062192 0.50913500
v -0.10802253 -0.45193462 0.51124918
v -0.10802253 -0.45193462 0.51124918
v -0.19624579 -0.45050894 0.51647949
v -0.19624579 -0.45050894 0.51647949
v -0.23678204 -0.45069854 0.51817768
v -0.23678204 -0.45069854 0.51817768
v -0.31600170 -0.45873170 0.52335327
v -0.31600170 -0.45873170 0.52335327
v 0.23840994 -0.45715268 0.47145876
v 0.23840994 -0.45715268 0.47145876
v -0.02138585 -0.45258684 0.46826532
v -0.02138585 -0.45258684 0.46826532
v -0.06462125 -0.45415555 0.46924391
v -0.06462125 -0.45415555 0.46924391
v -0.10840619 -0.45537852 0.47175830
v -0.10840619 -0.45537852 0.47175830
v -0.15279755 -0.45460169 0.47401645
v -0.15279755 -0.45460169 0.47401645
v -0.27614008 -0.45726664 0.48088565
v -0.27614008 -0.45726664 0.48088565
v 0.35084014 -0.46204557 0.50877809
v 0.35084014 -0.46204557 0.50877809
v 0.35382564 -0.46523891 0.49791985
v 0.35382564 -0.46523891 0.49791985
v 0.35468806 -0.46601723 0.48663776
v 0.35468806 -0.46601723 0.48663776
v 0.31815858 -0.46190207 0.50585907
v 0.31678613 -0.46173008 0.49461641
v 0.31740285 -0.46147196 0.48396819
v 0.27958457 -0.46233205 0.50619524
v 0.27951370 -0.46441321 0.49442684
v 0.27971439 -0.46411295 0.48259737
v 0.23772787 -0.45841531 0.50597637
v 0.23800214 -0.46108954 0.49418809
v 0.23815402 -0.46121176 0.48221400
v 0.19642773 -0.45711274 0.50657260
v 0.19668671 -0.45980068 0.49439927
v 0.19685884 -0.45930119 0.48208826
v 0.15334061 -0.45429032 0.50585120
v 0.15372595 -0.45691781 0.49385765
v 0.15395421 -0.45642452 0.48171433
v 0.10953464 -0.45127676 0.50388139
v 0.10963174 -0.45344357 0.49206656
v 0.10990154 -0.45360743 0.48014658
v 0.06595767 -0.45304443 0.50288712
v 0.06600838 -0.45639707 0.49101272
v 0.06596411 -0.45643349 0.47860160
v 0.02213177 -0.45692630 0.50305145
v 0.02205693 -0.46062918 0.49087002
v 0.02187766 -0.45956098 0.47806751
v -0.02109686 -0.45739041 0.50312757
v -0.02125818 -0.46119665 0.49101686
v -0.02137750 -0.45963873 0.47835430
v -0.06419796 -0.45915107 0.50476729
v -0.06437635 -0.46270286 0.49254810
v -0.06456486 -0.46117441 0.47979828
v -0.10818835 -0.46059389 0.50627565
v -0.10835948 -0.46365125 0.49413060
v -0.10842054 -0.46226563 0.48160803
v -0.15273705 -0.45884593 0.50777983
v -0.15276672 -0.46149911 0.49604543
v -0.15278170 -0.46052514 0.48400327
v -0.19614924 -0.45814125 0.50955796
v -0.19614275 -0.46069528 0.49797943
v -0.19616947 -0.45976408 0.48609724
v -0.23631999 -0.45863320 0.51120573
v -0.23624997 -0.46156459 0.49982291
v -0.23637705 -0.46114449 0.48810082
v -0.27549781 -0.46105702 0.51346737
v -0.27531897 -0.46430142 0.50218963
v -0.27547060 -0.46341179 0.49043160
v -0.31399600 -0.46446003 0.51471000
v -0.31373639 -0.46634416 0.50336056
v -0.31346442 -0.46520366 0.49219110
v -0.33059748 0.25064726 0.41791626
v -0.33059748 0.25064726 0.41791626
v -0.33059748 0.25064726 0.41791626
v -0.34839658 -0.42823453 0.52088439
v -0.34839658 -0.42823453 0.52088439
v -0.34758236 -0.38741447 0.51621907
v -0.34758236 -0.38741447 0.51621907
v -0.35307096 -0.30048168 0.50653773
v -0.35307096 -0.30048168 0.50653773
v -0.34313320 -0.13110872 0.49307280
v -0.34313320 -0.13110872 0.49307280
v -0.34251209 -0.04618092 0.48835900
v -0.34251209 -0.04618092 0.48835900
v -0.34211554 -0.42990558 0.47866013
v -0.34211554 -0.42990558 0.47866013
v -0.35055982 -0.34440346 0.46626224
v -0.35055982 -0.34440346 0.46626224
v -0.35262255 -0.30275674 0.46110322
v -0.35262255 -0.30275674 0.46110322
v -0.35178845 -0.26119533 0.45663496
v -0.35178845 -0.26119533 0.45663496
v -0.34935440 -0.21934980 0.45264413
v -0.34935440 -0.21934980 0.45264413
v -0.34692325 -0.17675637 0.44953337
v -0.34692325 -0.17675637 0.44953337
v -0.34547131 -0.13528915 0.44638269
v -0.34547131 -0.13528915 0.44638269
v -0.34489684 -0.09352976 0.44366660
v -0.34489684 -0.09352976 0.44366660
v -0.34420003 -0.05098789 0.44153663
v -0.34420003 -0.05098789 0.44153663
v -0.34308918 0.11902353 0.42406958
v -0.34308918 0.11902353 0.42406958
v -0.33655842 0.16560183 0.41952469
v -0.33655842 0.16560183 0.41952469
v -0.32941435 0.21421118 0.41665333
v -0.32941435 0.21421118 0.41665333
v -0.35283802 -0.46404959 0.51533990
v -0.35283802 -0.46404959 0.51533990
v -0.35300370 -0.46542515 0.50443386
v -0.35300370 -0.46542515 0.50443386
v -0.35276179 -0.46621479 0.49328625
v -0.35276179 -0.46621479 0.49328625
v -0.32955612 0.25107779 0.42702162
v -0.32955612 0.25107779 0.42702162
v -0.35030515 -0.42729427 0.51074826
v -0.34901540 -0.42760406 0.49980550
v -0.34666826 -0.42872198 0.48860341
v -0.34948154 -0.38648133 0.50566106
v -0.34881170 -0.38699879 0.49396240
v -0.34736131 -0.38756303 0.48224636
v -0.35707359 -0.34179266 0.50059014
v -0.35821854 -0.34261419 0.48842388
v -0.35648115 -0.34341143 0.47630980
v -0.35691737 -0.29981874 0.49524244
v -0.35829867 -0.30075634 0.48344307
v -0.35727306 -0.30173708 0.47168230
v -0.35642399 -0.25795501 0.49097943
v -0.35814403 -0.25883606 0.47898727
v -0.35656492 -0.25995769 0.46717166
v -0.35414277 -0.21554221 0.48759844
v -0.35567786 -0.21645723 0.47539025
v -0.35450016 -0.21774918 0.46333333
v -0.35165052 -0.17289443 0.48490357
v -0.35403799 -0.17379985 0.47234925
v -0.35289030 -0.17517307 0.45993673
v -0.35089944 -0.13176433 0.48243826
v -0.35389464 -0.13273637 0.46943938
v -0.35218789 -0.13393281 0.45673313
v -0.35011031 -0.09006206 0.48021638
v -0.35303177 -0.09115811 0.46724447
v -0.35146080 -0.09235208 0.45438265
v -0.34926899 -0.04750185 0.47750395
v -0.35125144 -0.04877539 0.46486529
v -0.35003586 -0.04991940 0.45233681
v -0.34858893 -0.00453131 0.47459083
v -0.35031103 -0.00574431 0.46230971
v -0.34910540 -0.00693039 0.45006629
v -0.34704573 0.03808290 0.47117552
v -0.34844376 0.03692891 0.45913654
v -0.34735192 0.03580904 0.44706189
v -0.34542988 0.07949030 0.46582692
v -0.34694119 0.07844117 0.45406919
v -0.34616144 0.07755461 0.44211912
v -0.34487025 0.12029743 0.46029940
v -0.34706993 0.11954142 0.44813626
v -0.34647526 0.11917584 0.43567880
v -0.33725594 0.16316947 0.45965841
v -0.33985002 0.16356038 0.44618978
v -0.34021731 0.16445927 0.43207239
v -0.32816823 0.20835359 0.45857187
v -0.33097993 0.20990624 0.44469323
v -0.33253838 0.21171387 0.43005981
v -0.35226761 -0.46260242 0.52346116
v -0.35226761 -0.46260242 0.52346116
v -0.35226761 -0.46260242 0.52346116
v -0.32446586 0.24709041 0.46140867
v -0.32446586 0.24709041 0.46140867
v -0.32446586 0.24709041 0.46140867
v 0.31809692 -0.45868160 0.51689082
v 0.31809692 -0.45868160 0.51689082
v 0.28032042 -0.45733030 0.51618659
v 0.28032042 -0.45733030 0.51618659
v 0.19629265 -0.45027255 0.51632177
v 0.19629265 -0.45027255 0.51632177
v 0.15288749 -0.44750331 0.51555007
v 0.15288749 -0.44750331 0.51555007
v 0.10896096 -0.44374974 0.51294618
v 0.10896096 -0.44374974 0.51294618
v 0.02237396 -0.44667692 0.50881820
v 0.02237396 -0.44667692 0.50881820
v -0.02065821 -0.44769402 0.50719183
v -0.02065821 -0.44769402 0.50719183
v -0.15273431 -0.45063709 0.51340275
v -0.15273431 -0.45063709 0.51340275
v -0.27653991 -0.45355566 0.52052998
v -0.27653991 -0.45355566 0.52052998
v -0.29468007 0.24939857 0.45936909
v -0.29468007 0.24939857 0.45936909
v -0.22964749 0.25538866 0.44970103
v -0.22964749 0.25538866 0.44970103
v -0.18913640 0.25290905 0.45245379
v -0.18913640 0.25290905 0.45245379
v -0.14805223 0.25053100 0.45308410
v -0.14805223 0.25053100 0.45308410
v -0.06824324 0.25378518 0.45257407
v -0.06824324 0.25378518 0.45257407
v 0.01454403 0.25754727 0.45088493
v 0.01454403 0.25754727 0.45088493
v 0.05842126 0.25998355 0.44601258
v 0.05842126 0.25998355 0.44601258
v 0.14771716 0.26467876 0.43670469
v 0.14771716 0.26467876 0.43670469
v 0.18606448 0.26529579 0.43351298
v 0.18606448 0.26529579 0.43351298
v 0.34664764 -0.42731319 0.51641452
v 0.34664764 -0.42731319 0.51641452
v 0.34809171 -0.39074956 0.51379012
v 0.34809171 -0.39074956 0.51379012
v 0.34716134 -0.31014539 0.50887906
v 0.34716134 -0.31014539 0.50887906
v 0.34696297 -0.22667533 0.50224864
v 0.34696297 -0.22667533 0.50224864
v 0.34736045 -0.18496308 0.49687558
v 0.34736045 -0.18496308 0.49687558
v 0.34607600 -0.09831879 0.48769515
v 0.34607600 -0.09831879 0.48769515
v 0.34204249 0.03809287 0.46958497
v 0.34204249 0.03809287 0.46958497
v -0.35244970 -0.34272300 0.51156014
v -0.35244970 -0.34272300 0.51156014
v -0.35177134 -0.25862560 0.50193893
v -0.35177134 -0.25862560 0.50193893
v -0.34944354 -0.21592562 0.49909856
v -0.34944354 -0.21592562 0.49909856
v -0.34629618 -0.17295418 0.49642228
v -0.34629618 -0.17295418 0.49642228
v -0.34201719 -0.08891246 0.49069225
v -0.34201719 -0.08891246 0.49069225
v -0.34189536 -0.00335287 0.48512628
v -0.34189536 -0.00335287 0.48512628
v -0.34071954 0.03928387 0.48154741
v -0.34071954 0.03928387 0.48154741
v -0.34050749 0.08085129 0.47633349
v -0.34050749 0.08085129 0.47633349
v -0.33984740 0.12157175 0.47101190
v -0.33984740 0.12157175 0.47101190
v -0.33107702 0.16391943 0.47013527
v -0.33107702 0.16391943 0.47013527
v -0.32247277 0.20921196 0.46916171
v -0.32247277 0.20921196 0.46916171
v -0.32203965 -0.42723878 0.55102747
v -0.32509701 -0.38490604 0.55293172
v -0.32531019 -0.34394197 0.54899537
v -0.32554482 -0.30472818 0.54436093
v -0.32479371 -0.26245226 0.54095750
v -0.32256825 -0.21760844 0.53956216
v -0.31972311 -0.17174457 0.53798758
v -0.31752945 -0.12682046 0.53520947
v -0.31682067 -0.08360694 0.53258567
v -0.31807528 -0.04086615 0.53056961
v -0.31837238 0.00177374 0.52645420
v -0.31861086 0.04438505 0.52116191
v -0.31802718 0.08658788 0.51379650
v -0.31662892 0.12799388 0.50653910
v -0.31085370 0.16910090 0.50362050
v -0.30205025 0.21331669 0.49731516
v -0.27909108 -0.42161278 0.55082791
v -0.28126098 -0.37973948 0.56305259
v -0.28268836 -0.33837970 0.56391543
v -0.28205527 -0.29825041 0.56099784
v -0.27996211 -0.25643362 0.55865907
v -0.27764548 -0.21223666 0.55799376
v -0.27591519 -0.16710053 0.55825042
v -0.27488323 -0.12271152 0.55707359
v -0.27498819 -0.07982619 0.55463075
v -0.27561380 -0.03738359 0.55123412
v -0.27705209 0.00553071 0.54708468
v -0.27814244 0.04831612 0.54086840
v -0.27822389 0.09059246 0.53208017
v -0.27787040 0.13260701 0.52137404
v -0.27623571 0.17497127 0.51204776
v -0.26990010 0.21836303 0.49700739
v -0.23818401 -0.41998126 0.55102526
v -0.23884760 -0.37864436 0.56590580
v -0.23730874 -0.33716883 0.56572788
v -0.23461589 -0.29615764 0.56260460
v -0.23193820 -0.25374673 0.56140303
v -0.22995639 -0.20970292 0.56168579
v -0.22889045 -0.16499683 0.56183975
v -0.22919945 -0.12052118 0.56053316
v -0.23049915 -0.07689722 0.55726116
v -0.23173364 -0.03404695 0.55326616
v -0.23272842 0.00831925 0.54928350
v -0.23413172 0.05078080 0.54320025
v -0.23468418 0.09276605 0.53453737
v -0.23460703 0.13453262 0.52428334
v -0.23448482 0.17719616 0.51508408
v -0.23282085 0.22139437 0.49520388
v -0.19617462 -0.42005374 0.54970985
v -0.19425158 -0.38035719 0.56462448
v -0.19092751 -0.33949001 0.56399273
v -0.18737337 -0.29797441 0.56154972
v -0.18439925 -0.25464022 0.56090193
v -0.18280435 -0.20980641 0.56089520
v -0.18306009 -0.16418233 0.56031870
v -0.18476009 -0.11871993 0.55837714
v -0.18705837 -0.07421737 0.55435186
v -0.18903248 -0.03094031 0.54884803
v -0.19000050 0.01096339 0.54336988
v -0.19061932 0.05240966 0.53727906
v -0.19127598 0.09427482 0.52984505
v -0.19130394 0.13619493 0.52260720
v -0.19130084 0.17918746 0.51579981
v -0.19060317 0.22215195 0.49673342
v -0.15140994 -0.41975443 0.54613476
v -0.14885403 -0.38110070 0.56156915
v -0.14516146 -0.34030901 0.56179469
v -0.14136490 -0.29837927 0.55965500
v -0.13866392 -0.25451691 0.55883788
v -0.13777746 -0.20909016 0.55813813
v -0.13901538 -0.16296876 0.55658864
v -0.14178665 -0.11697885 0.55391502
v -0.14466658 -0.07205480 0.55006968
v -0.14694785 -0.02862568 0.54479920
v -0.14804821 0.01332131 0.53888803
v -0.14792554 0.05420768 0.53306007
v -0.14809357 0.09570053 0.52718597
v -0.14835979 0.13792689 0.52174800
v -0.14880054 0.18115039 0.51537459
v -0.14964260 0.22404067 0.49550348
v -0.10662238 -0.42053707 0.54484528
v -0.10434274 -0.38060652 0.55945587
v -0.10077361 -0.33941032 0.56012350
v -0.09720683 -0.29721200 0.55753296
v -0.09506287 -0.25305735 0.55605107
v -0.09511274 -0.20731814 0.55451035
v -0.09706942 -0.16110181 0.55220001
v -0.09999400 -0.11554720 0.54918300
v -0.10303301 -0.07085950 0.54570311
v -0.10536473 -0.02725043 0.54118692
v -0.10625665 0.01479057 0.53604316
v -0.10582607 0.05558059 0.53080856
v -0.10534462 0.09682913 0.52572637
v -0.10576901 0.13939688 0.52092093
v -0.10725351 0.18289743 0.51433664
v -0.11039650 0.22493099 0.49363425
v -0.06258180 -0.41996856 0.54381942
v -0.06075075 -0.37909712 0.55705970
v -0.05753628 -0.33758701 0.55847364
v -0.05458863 -0.29526125 0.55535149
v -0.05314210 -0.25115110 0.55303132
v -0.05393484 -0.20551991 0.55059861
v -0.05642876 -0.15953395 0.54771458
v -0.05915156 -0.11463686 0.54467671
v -0.06167711 -0.07065499 0.54125422
v -0.06368690 -0.02729145 0.53735226
v -0.06450867 0.01491968 0.53301536
v -0.06396526 0.05605151 0.52835863
v -0.06294726 0.09749812 0.52411728
v -0.06364980 0.14123920 0.51993113
v -0.06576981 0.18543349 0.51323670
v -0.06895624 0.22774665 0.49411183
v -0.01850425 -0.41811784 0.54180598
v -0.01741829 -0.37707637 0.55513030
v -0.01540081 -0.33516748 0.55706411
v -0.01327513 -0.29272774 0.55342906
v -0.01241367 -0.24911544 0.55025446
v -0.01339951 -0.20419353 0.54693847
v -0.01589233 -0.15896337 0.54344183
v -0.01837044 -0.11474730 0.54022258
v -0.02040585 -0.07141013 0.53689873
v -0.02179993 -0.02867353 0.53342360
v -0.02238749 0.01379709 0.52986740
v -0.02170163 0.05557045 0.52614247
v -0.02079134 0.09806907 0.52272152
v -0.02181634 0.14291656 0.51912975
v -0.02396787 0.18818869 0.51254731
v -0.02850342 0.23090436 0.49341109
v 0.02541144 -0.41717903 0.54442202
v 0.02541748 -0.37537692 0.55684488
v 0.02580808 -0.33263703 0.55597311
v 0.02705803 -0.28972663 0.55228417
v 0.02736506 -0.24665971 0.54831975
v 0.02642945 -0.20291018 0.54424333
v 0.02450770 -0.15896598 0.54017102
v 0.02252221 -0.11559871 0.53678852
v 0.02100537 -0.07287254 0.53363668
v 0.02029495 -0.03062434 0.53063726
v 0.02008843 0.01191347 0.52762710
v 0.02102380 0.05446480 0.52489453
v 0.02129576 0.09852463 0.52182924
v 0.02008487 0.14483099 0.51851606
v 0.01792188 0.19143631 0.51239269
v 0.01520174 0.23440911 0.49145296
v 0.07003560 -0.41519649 0.54577481
v 0.06785380 -0.37359051 0.55812376
v 0.06667418 -0.33009957 0.55618250
v 0.06713172 -0.28694746 0.55203783
v 0.06708141 -0.24418418 0.54787731
v 0.06621401 -0.20157152 0.54312586
v 0.06483460 -0.15900019 0.53860121
v 0.06359638 -0.11667721 0.53516518
v 0.06288996 -0.07463819 0.53266852
v 0.06281921 -0.03277093 0.53007471
v 0.06318973 0.00981891 0.52736806
v 0.06406493 0.05338258 0.52484351
v 0.06336764 0.09973560 0.52172434
v 0.06195542 0.14751004 0.51777464
v 0.05991849 0.19513081 0.51013898
v 0.05949138 0.23820259 0.48815288
v 0.10962488 -0.41234942 0.54567670
v 0.10840214 -0.37141748 0.55979007
v 0.10803594 -0.32833874 0.55784463
v 0.10806981 -0.28559878 0.55359154
v 0.10774691 -0.24328820 0.54926848
v 0.10710727 -0.20127559 0.54461699
v 0.10628491 -0.15956087 0.53985643
v 0.10580429 -0.11800570 0.53636097
v 0.10581470 -0.07652782 0.53402739
v 0.10635120 -0.03503224 0.53183585
v 0.10685994 0.00802554 0.52938425
v 0.10692922 0.05358891 0.52644485
v 0.10541758 0.10194357 0.52207577
v 0.10363796 0.15091912 0.51644670
v 0.10173766 0.19933112 0.50784361
v 0.10233799 0.24190532 0.48381632
v 0.15005359 -0.41418464 0.54831731
v 0.14875081 -0.37154736 0.56227844
v 0.14989620 -0.32878515 0.56072711
v 0.14996210 -0.28656669 0.55673277
v 0.14972679 -0.24491681 0.55248826
v 0.14953168 -0.20343811 0.54810780
v 0.14926402 -0.16210707 0.54366910
v 0.14921112 -0.12084928 0.53964543
v 0.14959234 -0.07942915 0.53677069
v 0.15021083 -0.03742175 0.53441756
v 0.15045336 0.00661496 0.53200876
v 0.14913911 0.05422801 0.52785050
v 0.14727335 0.10382725 0.52176916
v 0.14511000 0.15362282 0.51410633
v 0.14333244 0.20213930 0.50354981
v 0.14421690 0.24417911 0.47897115
v 0.19415183 -0.41861863 0.55116158
v 0.19255452 -0.37488084 0.56490814
v 0.19234061 -0.33138043 0.56363069
v 0.19238867 -0.28944474 0.55998778
v 0.19226457 -0.24786864 0.55592858
v 0.19228305 -0.20664369 0.55162113
v 0.19242331 -0.16570790 0.54709541
v 0.19270974 -0.12469569 0.54257523
v 0.19324544 -0.08331703 0.53902023
v 0.19362691 -0.04042921 0.53649222
v 0.19287483 0.00528692 0.53329503
v 0.19121669 0.05389820 0.52838402
v 0.18907173 0.10422747 0.52094232
v 0.18694292 0.15443696 0.51142042
v 0.18512331 0.20269988 0.49953123
v 0.18467100 0.24470998 0.47545394
v 0.23770903 -0.42251115 0.55137407
v 0.23675010 -0.37950410 0.56593674
v 0.23655626 -0.33650015 0.56659179
v 0.23592748 -0.29398301 0.56321948
v 0.23563905 -0.25186911 0.55935823
v 0.23563802 -0.21063189 0.55479484
v 0.23607107 -0.16969907 0.54996585
v 0.23605345 -0.12850495 0.54529547
v 0.23628911 -0.08671908 0.54149705
v 0.23610848 -0.04275736 0.53828137
v 0.23525891 0.00340495 0.53447097
v 0.23357235 0.05244046 0.52849644
v 0.23139721 0.10261181 0.51997583
v 0.22933607 0.15274316 0.50942146
v 0.22761981 0.20078997 0.49641159
v 0.22598472 0.24250649 0.47208925
v 0.28021671 -0.42582925 0.55109804
v 0.28044473 -0.38361602 0.56421983
v 0.28031977 -0.34136523 0.56581127
v 0.28012057 -0.29913417 0.56423050
v 0.28019924 -0.25673369 0.56161045
v 0.28035875 -0.21484485 0.55738627
v 0.28093995 -0.17265844 0.55160558
v 0.28013767 -0.13100510 0.54484307
v 0.27898671 -0.08901020 0.54013711
v 0.27892019 -0.04494992 0.53797709
v 0.27818559 0.00111207 0.53385460
v 0.27657180 0.04967873 0.52730727
v 0.27435182 0.09912619 0.51779395
v 0.27220185 0.14859903 0.50622618
v 0.27045880 0.19612493 0.49258157
v 0.26705845 0.23762266 0.47192379
v 0.32046641 -0.42721783 0.54810809
v 0.32112078 -0.38679244 0.55001377
v 0.32120667 -0.34596564 0.54969292
v 0.32105918 -0.30456685 0.54770964
v 0.32110484 -0.26244530 0.54496699
v 0.32210438 -0.22037224 0.54169666
v 0.32296266 -0.17814332 0.53721719
v 0.32221864 -0.13526402 0.53116142
v 0.32038896 -0.09272205 0.52681410
v 0.31937079 -0.04855382 0.52219748
v 0.31789728 -0.00292871 0.51579749
v 0.31642415 0.04456814 0.50837302
v 0.31428759 0.09348667 0.49917852
v 0.31225769 0.14168888 0.48895022
v 0.30995654 0.18726017 0.47966387
v 0.30590345 0.22869496 0.47296079
v 0.35428526 -0.46553300 0.47738733
v 0.35428526 -0.46553300 0.47738733
v 0.35428526 -0.46553300 0.47738733
v 0.34684549 -0.35092710 0.51118564
v 0.34684549 -0.35092710 0.51118564
v 0.34716956 -0.26838085 0.50635498
v 0.34716956 -0.26838085 0.50635498
v 0.34785892 -0.14131634 0.48982965
v 0.34785892 -0.14131634 0.48982965
v 0.34450872 -0.05384018 0.48203259
v 0.34450872 -0.05384018 0.48203259
v 0.34254859 -0.00861884 0.47642531
v 0.34254859 -0.00861884 0.47642531
v 0.34084363 0.08618060 0.46156766
v 0.34084363 0.08618060 0.46156766
v 0.33974631 0.13276291 0.45238485
v 0.33974631 0.13276291 0.45238485
v 0.33696143 0.17712130 0.44556963
v 0.33696143 0.17712130 0.44556963
v 0.33438577 0.21633182 0.44423371
v 0.33438577 0.21633182 0.44423371
v 0.34989811 -0.43202524 0.47195577
v 0.34989811 -0.43202524 0.47195577
v 0.34748219 -0.35478552 0.46512302
v 0.34748219 -0.35478552 0.46512302
v 0.34691103 -0.23078057 0.45486238
v 0.34691103 -0.23078057 0.45486238
v 0.34413092 -0.05851424 0.43505924
v 0.34413092 -0.05851424 0.43505924
v 0.34288023 -0.01348953 0.42974665
v 0.34288023 -0.01348953 0.42974665
v 0.34202372 0.03239711 0.42272299
v 0.34202372 0.03239711 0.42272299
v 0.34080313 0.07894011 0.41458797
v 0.34080313 0.07894011 0.41458797
v 0.33939855 0.12520733 0.40597298
v 0.33939855 0.12520733 0.40597298
v 0.33884244 0.24939020 0.41020551
v 0.33884244 0.24939020 0.41020551
v 0.33861001 0.21445720 0.43364545
v 0.33901675 0.21266027 0.42165970
v 0.33899985 0.21192856 0.40959334
v 0.33844306 0.17572756 0.43371862
v 0.34086595 0.17371227 0.42224150
v 0.34061714 0.17213799 0.41030981
v 0.34221466 0.13065208 0.44081705
v 0.34270267 0.12867667 0.42896213
v 0.34180121 0.12685607 0.41724908
v 0.34335004 0.08415569 0.44988334
v 0.34405671 0.08223289 0.43793243
v 0.34331931 0.08047105 0.42605602
v 0.34562869 0.03667056 0.45813059
v 0.34602337 0.03515805 0.44604620
v 0.34518151 0.03366833 0.43406003
v 0.34650998 -0.00977605 0.46525630
v 0.34684850 -0.01112894 0.45314133
v 0.34615617 -0.01241315 0.44110432
v 0.34867428 -0.05501460 0.47044756
v 0.34912957 -0.05630540 0.45823511
v 0.34811060 -0.05751217 0.44620960
v 0.35111509 -0.09934390 0.47643548
v 0.35235165 -0.10061217 0.46353226
v 0.35095860 -0.10178996 0.45066073
v 0.35322838 -0.14240600 0.47855388
v 0.35498972 -0.14378910 0.46610960
v 0.35203923 -0.14517593 0.45399421
v 0.35248576 -0.18608119 0.48531401
v 0.35448761 -0.18706889 0.47275829
v 0.35189684 -0.18802159 0.46038293
v 0.35156099 -0.22771849 0.49073654
v 0.35305364 -0.22878554 0.47838473
v 0.35143025 -0.22981983 0.46608614
v 0.35093318 -0.26941425 0.49480870
v 0.35197814 -0.27051784 0.48259141
v 0.35109650 -0.27155255 0.47040110
v 0.35200278 -0.31097171 0.49776446
v 0.35293509 -0.31197673 0.48544245
v 0.35198601 -0.31297147 0.47319510
v 0.35114367 -0.35169752 0.50001174
v 0.35291980 -0.35259579 0.48800811
v 0.35238503 -0.35374160 0.47582983
v 0.35215582 -0.39138131 0.50282960
v 0.35329364 -0.39258738 0.49095922
v 0.35240649 -0.39371635 0.47905996
v 0.34913979 -0.42754139 0.50528550
v 0.34910898 -0.42828433 0.49380704
v 0.35010390 -0.42995058 0.48274537
v 0.33907469 0.24751328 0.40159228
v 0.33907469 0.24751328 0.40159228
v 0.33907469 0.24751328 0.40159228
v 0.31856875 -0.46193103 0.47309404
v 0.31856875 -0.46193103 0.47309404
v 0.28013574 -0.46076985 0.47167906
v 0.28013574 -0.46076985 0.47167906
v 0.19705190 -0.45469634 0.47128856
v 0.19705190 -0.45469634 0.47128856
v 0.15421233 -0.45156549 0.47101002
v 0.15421233 -0.45156549 0.47101002
v 0.11007012 -0.44911616 0.46934518
v 0.11007012 -0.44911616 0.46934518
v 0.06549637 -0.45056541 0.46787091
v 0.06549637 -0.45056541 0.46787091
v 0.02186402 -0.45246358 0.46788781
v 0.02186402 -0.45246358 0.46788781
v -0.19619209 -0.45414765 0.47602882
v -0.19619209 -0.45414765 0.47602882
v -0.23673601 -0.45537825 0.47820061
v -0.23673601 -0.45537825 0.47820061
v -0.31465368 -0.46078588 0.48200040
v -0.31465368 -0.46078588 0.48200040
v -0.26763315 0.25449528 0.40130016
v -0.26763315 0.25449528 0.40130016
v -0.18893769 0.24933203 0.40286752
v -0.18893769 0.24933203 0.40286752
v -0.10674469 0.24873133 0.40301346
v -0.10674469 0.24873133 0.40301346
v -0.06696523 0.24914582 0.40478113
v -0.06696523 0.24914582 0.40478113
v -0.02730949 0.25064643 0.40542736
v -0.02730949 0.25064643 0.40542736
v 0.05463570 0.25433134 0.40216660
v 0.05463570 0.25433134 0.40216660
v 0.09988544 0.25716363 0.39853629
v 0.09988544 0.25716363 0.39853629
v 0.14304520 0.25868969 0.39392384
v 0.14304520 0.25868969 0.39392384
v 0.22583313 0.25704317 0.38622954
v 0.22583313 0.25704317 0.38622954
v 0.26716171 0.25329380 0.38630410
v 0.26716171 0.25329380 0.38630410
v 0.30505644 0.24782102 0.39250993
v 0.30505644 0.24782102 0.39250993
v 0.34719320 -0.39433272 0.46879017
v 0.34719320 -0.39433272 0.46879017
v 0.34682147 -0.31385472 0.46239906
v 0.34682147 -0.31385472 0.46239906
v 0.34706412 -0.27248646 0.45914599
v 0.34706412 -0.27248646 0.45914599
v 0.34670426 -0.18884370 0.44939967
v 0.34670426 -0.18884370 0.44939967
v 0.34633611 -0.14611923 0.44381886
v 0.34633611 -0.14611923 0.44381886
v 0.34582357 -0.10265029 0.43940630
v 0.34582357 -0.10265029 0.43940630
v 0.33852793 0.17077707 0.39870589
v 0.33852793 0.17077707 0.39870589
v 0.33745123 0.21171670 0.39783021
v 0.33745123 0.21171670 0.39783021
v -0.34231348 -0.38819142 0.47275724
v -0.34231348 -0.38819142 0.47275724
v -0.34362905 -0.00802322 0.43924864
v -0.34362905 -0.00802322 0.43924864
v -0.34201299 0.03485422 0.43630316
v -0.34201299 0.03485422 0.43630316
v -0.34242128 0.07694320 0.43089088
v -0.34242128 0.07694320 0.43089088
v -0.31177948 0.21875380 0.37671401
v -0.31829540 0.16827025 0.37793436
v -0.32012831 0.11918022 0.38496741
v -0.31963383 0.07529767 0.39181598
v -0.31925659 0.03206048 0.39736059
v -0.31951343 -0.01099518 0.40118765
v -0.32014276 -0.05402675 0.40324741
v -0.32064547 -0.09688787 0.40580886
v -0.32084455 -0.13934585 0.40886384
v -0.32227115 -0.18150266 0.41200342
v -0.32402231 -0.22350487 0.41564273
v -0.32572953 -0.26484779 0.42012294
v -0.32655101 -0.30599993 0.42492085
v -0.32581790 -0.34792565 0.42934053
v -0.32300420 -0.39037462 0.43519934
v -0.31915404 -0.43302901 0.44581881
v -0.27325140 0.21880309 0.36893728
v -0.27778398 0.16775821 0.36577305
v -0.27919091 0.11907555 0.37093880
v -0.27875797 0.07491317 0.37611180
v -0.27831341 0.03174315 0.38148686
v -0.27831800 -0.01123367 0.38594856
v -0.27803679 -0.05437173 0.38935500
v -0.27791481 -0.09746345 0.39248999
v -0.27805199 -0.14027192 0.39561870
v -0.27915265 -0.18285413 0.39869475
v -0.28087972 -0.22514088 0.40170213
v -0.28282543 -0.26691857 0.40512993
v -0.28472523 -0.30816910 0.40917828
v -0.28467919 -0.34993120 0.41444322
v -0.28247888 -0.39197893 0.42322665
v -0.27892937 -0.43131377 0.44264227
v -0.23153923 0.21622716 0.36969402
v -0.23453994 0.16604178 0.36439341
v -0.23551944 0.11897799 0.36917158
v -0.23510197 0.07581928 0.37455096
v -0.23473564 0.03312586 0.38037571
v -0.23440301 -0.00966200 0.38569426
v -0.23364660 -0.05290583 0.39010721
v -0.23355033 -0.09583450 0.39344382
v -0.23365694 -0.13869330 0.39652427
v -0.23410314 -0.18191320 0.39967015
v -0.23525825 -0.22504361 0.40244814
v -0.23695999 -0.26766123 0.40515985
v -0.23895377 -0.30940749 0.40828862
v -0.24068092 -0.35078354 0.41180562
v -0.24010652 -0.39274974 0.41861405
v -0.23833662 -0.43028022 0.44039967
v -0.18967605 0.21344180 0.37146019
v -0.19140448 0.16539919 0.36366471
v -0.19187959 0.12020230 0.36878940
v -0.19171779 0.07715194 0.37473657
v -0.19148293 0.03454214 0.38026973
v -0.19089630 -0.00824230 0.38545083
v -0.19074544 -0.05079058 0.38985097
v -0.19061549 -0.09369054 0.39336353
v -0.18995614 -0.13709287 0.39655640
v -0.18957514 -0.18099264 0.39941093
v -0.19004667 -0.22493230 0.40179788
v -0.19131933 -0.26834542 0.40395524
v -0.19314216 -0.31066088 0.40678581
v -0.19514777 -0.35208355 0.41031822
v -0.19670512 -0.39319842 0.41635745
v -0.19653501 -0.43116440 0.43712252
v -0.14807564 0.21290950 0.37161746
v -0.14850827 0.16673318 0.36198469
v -0.14886986 0.12154952 0.36755281
v -0.14882064 0.07828486 0.37382712
v -0.14860018 0.03562964 0.37900367
v -0.14850749 -0.00686112 0.38361909
v -0.14874989 -0.04911198 0.38747307
v -0.14816763 -0.09223716 0.39092916
v -0.14693908 -0.13604127 0.39412093
v -0.14583981 -0.18044277 0.39687311
v -0.14553699 -0.22498901 0.39915442
v -0.14629889 -0.26891188 0.40137410
v -0.14775714 -0.31165980 0.40434023
v -0.14973132 -0.35325287 0.40805569
v -0.15165645 -0.39426272 0.41425710
v -0.15258847 -0.43181063 0.43490710
v -0.10630530 0.21436240 0.37042352
v -0.10602541 0.16812156 0.36105191
v -0.10618152 0.12259565 0.36645528
v -0.10611372 0.07905921 0.37255820
v -0.10596775 0.03621285 0.37738641
v -0.10664844 -0.00583067 0.38113021
v -0.10687945 -0.04823533 0.38446330
v -0.10610318 -0.09152682 0.38747423
v -0.10451584 -0.13553382 0.39044660
v -0.10297675 -0.18006872 0.39328113
v -0.10224754 -0.22458665 0.39590555
v -0.10250522 -0.26855955 0.39862692
v -0.10347937 -0.31150801 0.40205842
v -0.10519856 -0.35342075 0.40593770
v -0.10694470 -0.39508308 0.41156643
v -0.10796155 -0.43307297 0.43234196
v -0.06553426 0.21632458 0.37048449
v -0.06433920 0.16986893 0.36111885
v -0.06383563 0.12393937 0.36549943
v -0.06361336 0.07967496 0.37112253
v -0.06355428 0.03626550 0.37558299
v -0.06469756 -0.00573174 0.37845301
v -0.06490991 -0.04824214 0.38110527
v -0.06413488 -0.09162422 0.38361868
v -0.06264796 -0.13549691 0.38642957
v -0.06110276 -0.17948198 0.38962012
v -0.06009015 -0.22360188 0.39281609
v -0.05989686 -0.26738276 0.39623296
v -0.06038298 -0.31031854 0.40022367
v -0.06172604 -0.35247527 0.40423872
v -0.06311158 -0.39432232 0.40995699
v -0.06417136 -0.43290661 0.42983594
v -0.02514584 0.21789606 0.37077617
v -0.02305976 0.17168908 0.36115640
v -0.02167830 0.12554707 0.36496701
v -0.02124517 0.08028395 0.37007003
v -0.02103928 0.03591385 0.37400993
v -0.02224242 -0.00649784 0.37620451
v -0.02269859 -0.04907204 0.37812495
v -0.02205611 -0.09235373 0.38021379
v -0.02099283 -0.13561817 0.38306179
v -0.01966609 -0.17893083 0.38658606
v -0.01854754 -0.22245885 0.39045351
v -0.01791328 -0.26578066 0.39467206
v -0.01795152 -0.30857229 0.39902156
v -0.01880823 -0.35086651 0.40320250
v -0.01986595 -0.39292313 0.40898239
v -0.02101661 -0.43112619 0.42890155
v 0.01546543 0.22010039 0.37003254
v 0.01843265 0.17389701 0.36044350
v 0.02031960 0.12727787 0.36464786
v 0.02117138 0.08103913 0.36985945
v 0.02154359 0.03561963 0.37325337
v 0.02079635 -0.00772672 0.37510236
v 0.02009390 -0.05035709 0.37640482
v 0.02032125 -0.09330970 0.37823930
v 0.02091185 -0.13595697 0.38115870
v 0.02191363 -0.17855515 0.38500997
v 0.02300684 -0.22133242 0.38950085
v 0.02392685 -0.26409304 0.39426970
v 0.02416580 -0.30669796 0.39878189
v 0.02385833 -0.34907223 0.40315309
v 0.02288313 -0.39134260 0.40830415
v 0.02185838 -0.42985030 0.42815676
v 0.05775762 0.22275089 0.36775410
v 0.06033080 0.17617990 0.35898968
v 0.06226648 0.12913729 0.36393481
v 0.06353852 0.08199118 0.36986747
v 0.06422874 0.03573830 0.37361839
v 0.06426086 -0.00887652 0.37556499
v 0.06358941 -0.05174348 0.37673452
v 0.06346507 -0.09433205 0.37852156
v 0.06368573 -0.13642517 0.38163453
v 0.06434442 -0.17838600 0.38582691
v 0.06523477 -0.22048111 0.39044219
v 0.06604946 -0.26279393 0.39519983
v 0.06642041 -0.30509406 0.39978247
v 0.06636524 -0.34748881 0.40404018
v 0.06560955 -0.38982911 0.40901294
v 0.06504837 -0.42849459 0.42840626
v 0.10094666 0.22501858 0.36400535
v 0.10249467 0.17827486 0.35619005
v 0.10406608 0.13087690 0.36191302
v 0.10565500 0.08304943 0.36910691
v 0.10679039 0.03589016 0.37396862
v 0.10743172 -0.00967220 0.37676969
v 0.10727608 -0.05303626 0.37840476
v 0.10712080 -0.09541983 0.38047936
v 0.10721251 -0.13720364 0.38388174
v 0.10757052 -0.17878842 0.38808008
v 0.10810320 -0.22043437 0.39248454
v 0.10854300 -0.26220389 0.39705327
v 0.10884063 -0.30419667 0.40148073
v 0.10893520 -0.34645356 0.40553599
v 0.10870980 -0.38892241 0.41050299
v 0.10918535 -0.42779882 0.43041077
v 0.14336546 0.22589751 0.35985317
v 0.14451985 0.17913790 0.35263910
v 0.14586638 0.13167852 0.35872393
v 0.14748247 0.08355908 0.36711180
v 0.14895621 0.03549860 0.37353256
v 0.14998190 -0.01065067 0.37732568
v 0.15052019 -0.05461260 0.37960299
v 0.15057988 -0.09727720 0.38201629
v 0.15042450 -0.13912218 0.38564500
v 0.15047061 -0.18052837 0.38987725
v 0.15065542 -0.22172368 0.39426097
v 0.15092589 -0.26308611 0.39872401
v 0.15125516 -0.30460925 0.40302097
v 0.15182249 -0.34667863 0.40702089
v 0.15276243 -0.38991697 0.41231626
v 0.15338396 -0.42919172 0.43201631
v 0.18548851 0.22483788 0.35625079
v 0.18665472 0.17820324 0.34926885
v 0.18795943 0.13078307 0.35542431
v 0.18948315 0.08262005 0.36444404
v 0.19109520 0.03450134 0.37217870
v 0.19234996 -0.01198237 0.37721815
v 0.19306141 -0.05620353 0.38030943
v 0.19349955 -0.09955519 0.38332438
v 0.19337445 -0.14195905 0.38700792
v 0.19317803 -0.18343162 0.39135715
v 0.19324683 -0.22445694 0.39583921
v 0.19365276 -0.26553351 0.40034577
v 0.19453104 -0.30713150 0.40458398
v 0.19556442 -0.34953941 0.40831336
v 0.19641629 -0.39239947 0.41339754
v 0.19666977 -0.43173720 0.43261957
v 0.22777331 0.22199790 0.35432106
v 0.22909631 0.17557906 0.34710478
v 0.23032352 0.12814903 0.35283988
v 0.23184589 0.08016160 0.36187711
v 0.23352447 0.03241885 0.37039407
v 0.23485006 -0.01388843 0.37660053
v 0.23562388 -0.05825836 0.38067462
v 0.23619145 -0.10195580 0.38420963
v 0.23646520 -0.14510386 0.38808745
v 0.23662485 -0.18719259 0.39257201
v 0.23697218 -0.22847693 0.39736446
v 0.23766471 -0.26956357 0.40192451
v 0.23831031 -0.31115572 0.40573987
v 0.23896104 -0.35323752 0.40898632
v 0.23945190 -0.39532502 0.41461011
v 0.23920129 -0.43389587 0.43361398
v 0.27026157 0.21815847 0.35454591
v 0.27168633 0.17193235 0.34894391
v 0.27287488 0.12459722 0.35404068
v 0.27447726 0.07694884 0.36186867
v 0.27616306 0.02990066 0.36996096
v 0.27748568 -0.01578693 0.37660500
v 0.27836563 -0.06025352 0.38152500
v 0.27908601 -0.10402237 0.38549330
v 0.27964468 -0.14740284 0.38967695
v 0.28021573 -0.19008391 0.39429488
v 0.28082205 -0.23172531 0.39921268
v 0.28135519 -0.27302034 0.40372791
v 0.28169404 -0.31453899 0.40749710
v 0.28187446 -0.35618080 0.41160338
v 0.28201129 -0.39754938 0.41803189
v 0.28136401 -0.43623172 0.43470558
v 0.31137453 0.21392457 0.36204904
v 0.31203873 0.16938545 0.36270731
v 0.31250136 0.12295693 0.37011748
v 0.31398408 0.07614426 0.37842056
v 0.31579255 0.02966560 0.38607507
v 0.31726764 -0.01587403 0.39248773
v 0.31854649 -0.06061861 0.39716553
v 0.32002269 -0.10456699 0.40069556
v 0.32136630 -0.14796717 0.40482580
v 0.32202937 -0.19071820 0.40997788
v 0.32189716 -0.23253332 0.41603687
v 0.32162352 -0.27403806 0.42101397
v 0.32183214 -0.31549372 0.42438176
v 0.32199506 -0.35675047 0.42746120
v 0.32198612 -0.39737032 0.43251779
v 0.32321812 -0.43741246 0.43956619
v 0.33491181 0.25024422 0.44046869
v 0.33491181 0.25024422 0.44046869
v 0.33491181 0.25024422 0.44046869
v -0.26429199 0.25303642 0.45338612
v -0.26429199 0.25303642 0.45338612
v -0.10753980 0.25293438 0.45203623
v -0.10753980 0.25293438 0.45203623
v -0.02901507 0.25588407 0.45263454
v -0.02901507 0.25588407 0.45263454
v 0.10370242 0.26359655 0.44135311
v 0.10370242 0.26359655 0.44135311
v 0.22497304 0.26535718 0.43088465
v 0.22497304 0.26535718 0.43088465
v 0.26522930 0.26116370 0.43225443
v 0.26522930 0.26116370 0.43225443
v 0.30169193 0.25188462 0.43772640
v 0.30169193 0.25188462 0.43772640
v -0.30038448 0.25321598 0.40756702
v -0.30038448 0.25321598 0.40756702
v -0.22943704 0.25422420 0.39912736
v -0.22943704 0.25422420 0.39912736
v -0.14803532 0.24744065 0.40358349
v -0.14803532 0.24744065 0.40358349
v 0.01306683 0.25203548 0.40504747
v 0.01306683 0.25203548 0.40504747
v 0.18426900 0.25875755 0.38938516
v 0.18426900 0.25875755 0.38938516
v 0.33630522 0.25031124 0.43271097
v 0.33630522 0.25031124 0.43271097
v 0.33781727 0.25035377 0.42172074
v 0.33781727 0.25035377 0.42172074
v -0.32586528 0.24897029 0.45259174
v -0.32586528 0.24897029 0.45259174
v -0.32764046 0.25049822 0.43987953
v -0.32764046 0.25049822 0.43987953
v -0.29513539 0.25613134 0.44627076
v -0.29623424 0.25795703 0.43220218
v -0.29793672 0.25750069 0.41912841
v -0.26459067 0.25944223 0.44026255
v -0.26548420 0.26156302 0.42579802
v -0.26689942 0.26015271 0.41220548
v -0.22947694 0.26112558 0.43654450
v -0.22925696 0.26245014 0.42262458
v -0.22926673 0.26093219 0.40925592
v -0.18896170 0.25845636 0.43980288
v -0.18879381 0.25878431 0.42611169
v -0.18877107 0.25635324 0.41308885
v -0.14808904 0.25477581 0.44030734
v -0.14802656 0.25502975 0.42721232
v -0.14801343 0.25337480 0.41448142
v -0.10740946 0.25757842 0.43994650
v -0.10712475 0.25748612 0.42689421
v -0.10685622 0.25486349 0.41423100
v -0.06786358 0.25952537 0.44105258
v -0.06742794 0.25979315 0.42793458
v -0.06710050 0.25678335 0.41522154
v -0.02867458 0.26084740 0.44075199
v -0.02824364 0.26098283 0.42795336
v -0.02772249 0.25775658 0.41565489
v 0.01379388 0.26132543 0.43923655
v 0.01318830 0.26101010 0.42710369
v 0.01298277 0.25834952 0.41532823
v 0.05718072 0.26360427 0.43506908
v 0.05568943 0.26296265 0.42366689
v 0.05476071 0.26083525 0.41226556
v 0.10301038 0.26771004 0.43061753
v 0.10172135 0.26685236 0.41939172
v 0.10068379 0.26398386 0.40829664
v 0.14693390 0.26839985 0.42591881
v 0.14523956 0.26748551 0.41476976
v 0.14381753 0.26489125 0.40385779
v 0.18558379 0.26791085 0.42229297
v 0.18489489 0.26676802 0.41076752
v 0.18435732 0.26383515 0.39976647
v 0.22497274 0.26613139 0.41941475
v 0.22505172 0.26543383 0.40781342
v 0.22548273 0.26204400 0.39665642
v 0.26531978 0.26356910 0.42070478
v 0.26572911 0.26269321 0.40866321
v 0.26655917 0.25937025 0.39678251
v 0.30184810 0.25406383 0.42654338
v 0.30223711 0.25371914 0.41479024
v 0.30295162 0.25408565 0.40294605
v 0.33174418 0.21592934 0.49676513
v 0.33174418 0.21592934 0.49676513
v 0.31639870 0.27432133 0.60889047
v 0.31639870 0.27432133 0.60889047
v 0.30864935 0.30392335 0.69523835
v 0.30864935 0.30392335 0.69523835
v 0.30617739 0.31779985 0.72953802
v 0.30617739 0.31779985 0.72953802
v 0.30508496 0.34690373 0.78445553
v 0.30508496 0.34690373 0.78445553
v 0.30223717 0.36236693 0.81217020
v 0.30223717 0.36236693 0.81217020
v 0.29704426 0.39080586 0.87309044
v 0.29704426 0.39080586 0.87309044
v 0.29704116 0.35797654 0.93802416
v 0.29704116 0.35797654 0.93802416
v 0.29902576 0.34326388 0.90448784
v 0.29902576 0.34326388 0.90448784
v 0.30768059 0.29593037 0.81507783
v 0.30768059 0.29593037 0.81507783
v 0.30845301 0.28045602 0.78765511
v 0.30845301 0.28045602 0.78765511
v 0.30996485 0.26546653 0.75731474
v 0.30996485 0.26546653 0.75731474
v 0.31259443 0.23812459 0.67801689
v 0.31259443 0.23812459 0.67801689
v 0.31716882 0.22308560 0.63235658
v 0.31716882 0.22308560 0.63235658
v 0.32422678 0.18727644 0.55302214
v 0.32422678 0.18727644 0.55302214
v 0.33913268 0.17671777 0.48766583
v 0.33913268 0.17671777 0.48766583
v 0.33833574 0.18819661 0.47950732
v 0.33833574 0.18819661 0.47950732
v 0.29851262 0.38195156 0.96637528
v 0.30000748 0.39323308 0.95848846
v 0.29849721 0.40459077 0.95066875
v 0.30133544 0.36887763 0.92974942
v 0.30260427 0.38016511 0.92151617
v 0.30006324 0.39133768 0.91402292
v 0.30384181 0.35444339 0.89556157
v 0.30511497 0.36661543 0.88699120
v 0.30222623 0.37903418 0.87953138
v 0.30493553 0.33944802 0.86351936
v 0.30573930 0.35196857 0.85460382
v 0.30390953 0.36502247 0.84731525
v 0.30695756 0.32372908 0.83361017
v 0.30684419 0.33610700 0.82471942
v 0.30514963 0.34907715 0.81760239
v 0.30839182 0.30786903 0.80523931
v 0.30828829 0.32029359 0.79652339
v 0.30698527 0.33333041 0.78961628
v 0.31023721 0.29269500 0.77870535
v 0.31022595 0.30546655 0.77053660
v 0.30764370 0.31855945 0.76377051
v 0.31198107 0.27819462 0.74926119
v 0.31153284 0.29143603 0.74169826
v 0.30930714 0.30468966 0.73501932
v 0.31197380 0.26452155 0.71339309
v 0.31293561 0.27779032 0.70680916
v 0.31167473 0.29112582 0.70067089
v 0.31474145 0.25063474 0.67176741
v 0.31541692 0.26364578 0.66558587
v 0.31438749 0.27666108 0.65946626
v 0.31867103 0.23598196 0.62621915
v 0.32016189 0.24923818 0.62039708
v 0.31916709 0.26201899 0.61451524
v 0.32385196 0.21775065 0.58349478
v 0.32469042 0.23079155 0.57671284
v 0.32356204 0.24404086 0.57023382
v 0.32854988 0.19809170 0.54707479
v 0.33026581 0.20967530 0.54046165
v 0.32653807 0.22063302 0.53367757
v 0.33758421 0.18048207 0.52155494
v 0.33804573 0.19223107 0.51288914
v 0.33599131 0.20408805 0.50436812
v -0.33393024 0.20888953 0.49129769
v -0.33393024 0.20888953 0.49129769
v -0.33393024 0.20888953 0.49129769
v -0.33262001 0.17078061 0.50892591
v -0.33262001 0.17078061 0.50892591
v -0.33262001 0.17078061 0.50892591
v 0.33886407 0.15646860 0.50305372
v 0.33886407 0.15646860 0.50305372
v 0.33886407 0.15646860 0.50305372
v -0.31087567 0.21546356 0.48258349
v -0.31087567 0.21546356 0.48258349
v -0.28167604 0.21562277 0.48145300
v -0.28167604 0.21562277 0.48145300
v -0.25318862 0.21425371 0.48098891
v -0.25318862 0.21425371 0.48098891
v -0.18745948 0.21353398 0.48388925
v -0.18745948 0.21353398 0.48388925
v 0.00096433 0.21220614 0.49522173
v 0.00096433 0.21220614 0.49522173
v 0.08489245 0.21427037 0.49147933
v 0.08489245 0.21427037 0.49147933
v 0.17282976 0.21705230 0.48276227
v 0.17282976 0.21705230 0.48276227
v 0.25606038 0.20801674 0.47478824
v 0.25606038 0.20801674 0.47478824
v 0.29784979 0.20207854 0.47184082
v 0.29784979 0.20207854 0.47184082
v 0.13642482 0.16101116 0.50769042
v 0.13642482 0.16101116 0.50769042
v 0.05208227 0.15559846 0.51610410
v 0.05208227 0.15559846 0.51610410
v -0.06612287 0.15284631 0.51399600
v -0.06612287 0.15284631 0.51399600
v -0.10458911 0.15421973 0.51111268
v -0.10458911 0.15421973 0.51111268
v -0.17989370 0.15922940 0.50690007
v -0.17989370 0.15922940 0.50690007
v -0.25014684 0.16439860 0.50418817
v -0.25014684 0.16439860 0.50418817
v -0.30816378 0.16765907 0.50554352
v -0.30816378 0.16765907 0.50554352
v -0.33315511 0.18908481 0.49987393
v -0.33315511 0.18908481 0.49987393
v -0.33313473 0.17780305 0.50505882
v -0.33313473 0.17780305 0.50505882
v -0.33313473 0.17780305 0.50505882
v 0.33955707 0.16511659 0.49607774
v 0.33955707 0.16511659 0.49607774
v 0.30003364 0.16541892 0.49038857
v 0.29923387 0.17671649 0.48203706
v 0.29844631 0.18896417 0.47582959
v 0.25792225 0.16863896 0.48905494
v 0.25714900 0.18043609 0.48246651
v 0.25652002 0.19370915 0.47765341
v 0.21798529 0.17437162 0.49100059
v 0.21703514 0.18700145 0.48524063
v 0.21612044 0.20041586 0.48119309
v 0.17712472 0.17585950 0.49486809
v 0.17561319 0.18919392 0.48925801
v 0.17415255 0.20300032 0.48524379
v 0.13462968 0.17360623 0.49965602
v 0.13266747 0.18737151 0.49393963
v 0.13073130 0.20161371 0.48981660
v 0.09179749 0.17098077 0.50455355
v 0.08938827 0.18499906 0.49875464
v 0.08704609 0.19952272 0.49443733
v 0.04958723 0.16891308 0.50831329
v 0.04694752 0.18317418 0.50233685
v 0.04438555 0.19792302 0.49772700
v 0.00860760 0.16816829 0.50978565
v 0.00595045 0.18244399 0.50367891
v 0.00337470 0.19719149 0.49884095
v -0.03059083 0.16740611 0.50908845
v -0.03340632 0.18186517 0.50287115
v -0.03618149 0.19674383 0.49774786
v -0.06902289 0.16685158 0.50678360
v -0.07181270 0.18127798 0.50045776
v -0.07458385 0.19614811 0.49526586
v -0.10732730 0.16784866 0.50369155
v -0.10980015 0.18195756 0.49740865
v -0.11226450 0.19649233 0.49223294
v -0.14513922 0.16992809 0.50083947
v -0.14734000 0.18369339 0.49453478
v -0.14951377 0.19787933 0.48939892
v -0.18201169 0.17219438 0.49932092
v -0.18389839 0.18561359 0.49301346
v -0.18572934 0.19942580 0.48786169
v -0.21790613 0.17417945 0.49819609
v -0.21926582 0.18702541 0.49181759
v -0.22056745 0.20031188 0.48650294
v -0.25081997 0.17566432 0.49631562
v -0.25145544 0.18807493 0.49006721
v -0.25224380 0.20101716 0.48496675
v -0.27951019 0.17783587 0.49633008
v -0.27987431 0.19003384 0.49018797
v -0.28059982 0.20270498 0.48522811
v -0.30831538 0.17789526 0.49756914
v -0.30860211 0.18993579 0.49126610
v -0.30948447 0.20266841 0.48615652
v 0.28662018 0.38976403 1.00450098
v 0.28662018 0.38976403 1.00450098
v 0.28662018 0.38976403 1.00450098
v -0.17049505 0.40958722 1.02189385
v -0.17049505 0.40958722 1.02189385
v -0.13688165 0.40943573 1.02212452
v -0.13688165 0.40943573 1.02212452
v -0.10356440 0.40827675 1.01938044
v -0.10356440 0.40827675 1.01938044
v -0.03726760 0.40449636 1.01614773
v -0.03726760 0.40449636 1.01614773
v 0.02640478 0.39819320 1.01335632
v 0.02640478 0.39819320 1.01335632
v 0.05772789 0.39527817 1.01051425
v 0.05772789 0.39527817 1.01051425
v 0.08915897 0.39252920 1.00795614
v 0.08915897 0.39252920 1.00795614
v 0.12061920 0.39069737 1.00445329
v 0.12061920 0.39069737 1.00445329
v 0.25481997 0.38516264 1.00737798
v 0.25481997 0.38516264 1.00737798
v 0.30065660 0.15541413 0.50063836
v 0.30065660 0.15541413 0.50063836
v 0.25871198 0.15835322 0.49755558
v 0.25871198 0.15835322 0.49755558
v 0.21887641 0.16285381 0.49882584
v 0.21887641 0.16285381 0.49882584
v 0.17851686 0.16368228 0.50272089
v 0.17851686 0.16368228 0.50272089
v 0.09405480 0.15823697 0.51266652
v 0.09405480 0.15823697 0.51266652
v 0.01116271 0.15501097 0.51783025
v 0.01116271 0.15501097 0.51783025
v -0.02790363 0.15466644 0.51785033
v -0.02790363 0.15466644 0.51785033
v -0.14265056 0.15660268 0.50831311
v -0.14265056 0.15660268 0.50831311
v -0.21632516 0.16193718 0.50569760
v -0.21632516 0.16193718 0.50569760
v -0.27918927 0.16749957 0.50492876
v -0.27918927 0.16749957 0.50492876
v -0.31644215 0.22326599 0.64875268
v -0.31644215 0.22326599 0.64875268
v -0.31290944 0.24224038 0.68671995
v -0.31290944 0.24224038 0.68671995
v -0.31156917 0.26100872 0.72380751
v -0.31156917 0.26100872 0.72380751
v -0.31142013 0.29354464 0.79254788
v -0.31142013 0.29354464 0.79254788
v -0.31295471 0.32258405 0.85675471
v -0.31295471 0.32258405 0.85675471
v -0.30607365 0.37695985 0.95670676
v -0.30607365 0.37695985 0.95670676
v 0.29361121 0.37130834 0.97401082
v 0.29361121 0.37130834 0.97401082
v 0.30346043 0.32741268 0.87341368
v 0.30346043 0.32741268 0.87341368
v 0.30623551 0.31171943 0.84350710
v 0.30623551 0.31171943 0.84350710
v 0.31016375 0.25182293 0.72052323
v 0.31016375 0.25182293 0.72052323
v 0.32008813 0.20554651 0.58985769
v 0.32008813 0.20554651 0.58985769
v 0.33437185 0.16904472 0.52924764
v 0.33437185 0.16904472 0.52924764
v 0.25900905 0.34544580 0.99107318
v 0.26654644 0.32325463 0.96151423
v 0.27487193 0.30368616 0.93154704
v 0.28082375 0.28498562 0.90130317
v 0.28414790 0.26744510 0.87180441
v 0.28551225 0.25109471 0.84289514
v 0.28601186 0.23553388 0.81340014
v 0.28685711 0.22100429 0.78082245
v 0.28815623 0.20808066 0.74284314
v 0.29031424 0.19558872 0.69990026
v 0.29279412 0.18221112 0.65427762
v 0.29550658 0.16615725 0.61225080
v 0.29807599 0.14841408 0.57600980
v 0.30072759 0.14018677 0.54186796
v 0.22280103 0.33825488 0.99520462
v 0.22915623 0.30921088 0.96971434
v 0.23611142 0.28510036 0.94181096
v 0.24116048 0.26426603 0.91216307
v 0.24386275 0.24531521 0.88294845
v 0.24562508 0.22832461 0.85415035
v 0.24699880 0.21289702 0.82460296
v 0.24885137 0.19888897 0.79193132
v 0.25191043 0.18607487 0.75387686
v 0.25533043 0.17446215 0.71115374
v 0.25760709 0.16237740 0.66589820
v 0.25852449 0.15188406 0.62049627
v 0.25970609 0.14090289 0.57932948
v 0.26096992 0.13295422 0.54160415
v 0.18740912 0.33537669 0.99818545
v 0.19385071 0.30138408 0.97408127
v 0.19924776 0.27734025 0.94486677
v 0.20312811 0.25616969 0.91486686
v 0.20547777 0.23768570 0.88538884
v 0.20743497 0.22165914 0.85583418
v 0.20990604 0.20747502 0.82532065
v 0.21325766 0.19418474 0.79227781
v 0.21704452 0.18153076 0.75494646
v 0.21994476 0.16962524 0.71338325
v 0.22099008 0.15669699 0.67007285
v 0.22176510 0.14641631 0.62588357
v 0.22238499 0.13485692 0.58444797
v 0.22155491 0.13320823 0.54274481
v 0.15387496 0.33399816 1.00220560
v 0.15890698 0.29778047 0.97678208
v 0.16339529 0.27386926 0.94629263
v 0.16694228 0.25355591 0.91612267
v 0.16917220 0.23557623 0.88617145
v 0.17196810 0.21963461 0.85531520
v 0.17595136 0.20550604 0.82327622
v 0.18025742 0.19266032 0.78991252
v 0.18353510 0.18068014 0.75380599
v 0.18512593 0.16898568 0.71433770
v 0.18469106 0.15620892 0.67306899
v 0.18385972 0.14102860 0.63253104
v 0.18324755 0.13089530 0.59160888
v 0.18198785 0.13210483 0.54777252
v 0.12178746 0.33375694 1.00531458
v 0.12519579 0.29679321 0.97875606
v 0.12858030 0.27354364 0.94777679
v 0.13119788 0.25371598 0.91753995
v 0.13366283 0.23551784 0.88681506
v 0.13691781 0.21923511 0.85493796
v 0.14110388 0.20540257 0.82200580
v 0.14531347 0.19289671 0.78856295
v 0.14805570 0.18069209 0.75357222
v 0.14827091 0.16785176 0.71618842
v 0.14633113 0.15261905 0.67752021
v 0.14427963 0.13649093 0.63876473
v 0.14267807 0.12833115 0.59819340
v 0.14103626 0.12879488 0.55353176
v 0.08987644 0.33475719 1.00835370
v 0.09183120 0.29823790 0.98113173
v 0.09397507 0.27562638 0.94998371
v 0.09605416 0.25555100 0.91925358
v 0.09846672 0.23678677 0.88803732
v 0.10145182 0.22028954 0.85546398
v 0.10510509 0.20608930 0.82205301
v 0.10860185 0.19333090 0.78837227
v 0.11029595 0.18037994 0.75393086
v 0.10884573 0.16558780 0.71807730
v 0.10586731 0.15020797 0.68061357
v 0.10364310 0.13505842 0.64247447
v 0.10217970 0.12661028 0.60291981
v 0.10013435 0.12589192 0.55857342
v 0.05767133 0.33752553 1.00999033
v 0.05830929 0.30125202 0.98320293
v 0.05948771 0.27852680 0.95194947
v 0.06110673 0.25783901 0.92096400
v 0.06312465 0.23868491 0.88929241
v 0.06557836 0.22158046 0.85651272
v 0.06832040 0.20661478 0.82306605
v 0.07058725 0.19284980 0.78934442
v 0.07086352 0.17839821 0.75490468
v 0.06866559 0.16329525 0.71910297
v 0.06544790 0.14820187 0.68197256
v 0.06305473 0.13310732 0.64455520
v 0.06171151 0.12402990 0.60580235
v 0.05926682 0.12353186 0.56229269
v 0.02550076 0.34078462 1.01101207
v 0.02481002 0.30430968 0.98471873
v 0.02514173 0.28122945 0.95350634
v 0.02605291 0.26037855 0.92211764
v 0.02737193 0.24076949 0.89023160
v 0.02896715 0.22293653 0.85757249
v 0.03052796 0.20677336 0.82433521
v 0.03141544 0.19172408 0.79047250
v 0.03092381 0.17645277 0.75567084
v 0.02838421 0.16123419 0.71940606
v 0.02548466 0.14549395 0.68219470
v 0.02345027 0.13057958 0.64478558
v 0.02245700 0.12184630 0.60619109
v 0.01951402 0.12208097 0.56365519
v -0.00672245 0.34368108 1.01307237
v -0.00858233 0.30762751 0.98572522
v -0.00907242 0.28399219 0.95411830
v -0.00885407 0.26261418 0.92231094
v -0.00841888 0.24234907 0.89046126
v -0.00811487 0.22370310 0.85829591
v -0.00796247 0.20689459 0.82538914
v -0.00799571 0.19146793 0.79116207
v -0.00872874 0.17586596 0.75568151
v -0.01114788 0.15987970 0.71881788
v -0.01384861 0.14389846 0.68104684
v -0.01546606 0.12847008 0.64347910
v -0.01609952 0.11723971 0.60534721
v -0.01832727 0.12076730 0.56225281
v -0.03930030 0.34652551 1.01522230
v -0.04186954 0.31014170 0.98726570
v -0.04311061 0.28653218 0.95443862
v -0.04327096 0.26407708 0.92224365
v -0.04351264 0.24312539 0.89014899
v -0.04438238 0.22397263 0.85799485
v -0.04524029 0.20700435 0.82490634
v -0.04576931 0.19144453 0.79031735
v -0.04678690 0.17590286 0.75430494
v -0.04932344 0.15984342 0.71678387
v -0.05219132 0.14405261 0.67853665
v -0.05375328 0.12852697 0.64043623
v -0.05451812 0.11544876 0.60260808
v -0.05619607 0.11761129 0.55918013
v -0.07281516 0.34937717 1.01685440
v -0.07531756 0.31225176 0.98829495
v -0.07583659 0.28759830 0.95463555
v -0.07544011 0.26409577 0.92164516
v -0.07569709 0.24251036 0.88884621
v -0.07663642 0.22312458 0.85563415
v -0.07805719 0.20638610 0.82154965
v -0.07978100 0.19136350 0.78670328
v -0.08170504 0.17610662 0.75064641
v -0.08499243 0.16058132 0.71291631
v -0.08919199 0.14546424 0.67467748
v -0.09218490 0.13007043 0.63705313
v -0.09302174 0.11629871 0.59926593
v -0.09516166 0.11619963 0.55517691
v -0.10672799 0.35155548 1.01740753
v -0.10832588 0.31323840 0.98855066
v -0.10737947 0.28763856 0.95413708
v -0.10602099 0.26354845 0.92028671
v -0.10548064 0.24142824 0.88611912
v -0.10574832 0.22181155 0.85137641
v -0.10746686 0.20537154 0.81641697
v -0.11050647 0.19102238 0.78130048
v -0.11455484 0.17686202 0.74542039
v -0.11934529 0.16229451 0.70830261
v -0.12514495 0.14799534 0.67063462
v -0.12998572 0.13309073 0.63383293
v -0.13177456 0.11886622 0.59672027
v -0.13426967 0.11707798 0.55218547
v -0.14031658 0.35328458 1.01716303
v -0.14094554 0.31413923 0.98816281
v -0.13849020 0.28737830 0.95309436
v -0.13610116 0.26315044 0.91819608
v -0.13432141 0.24076818 0.88236868
v -0.13399172 0.22113784 0.84641754
v -0.13594884 0.20496230 0.81091391
v -0.14033277 0.19136037 0.77562874
v -0.14663340 0.17849006 0.74015873
v -0.15355559 0.16494934 0.70428889
v -0.16088109 0.15119672 0.66787421
v -0.16702822 0.13651882 0.63205987
v -0.17011291 0.12175836 0.59551232
v -0.17297629 0.12296307 0.55103659
v -0.17379926 0.35547467 1.01579212
v -0.17395201 0.31615855 0.98737519
v -0.17045656 0.28828560 0.95236390
v -0.16703257 0.26418133 0.91621446
v -0.16417745 0.24184079 0.87899154
v -0.16354080 0.22222303 0.84206068
v -0.16588159 0.20627843 0.80618947
v -0.17130111 0.19321255 0.77115791
v -0.17948322 0.18127610 0.73644858
v -0.18830404 0.16836084 0.70194595
v -0.19694394 0.15487784 0.66687166
v -0.20390384 0.14168431 0.63080894
v -0.20802191 0.12961487 0.59261357
v -0.21051481 0.13057949 0.54996406
v -0.20713831 0.35785283 1.01261830
v -0.20823327 0.32058029 0.98592632
v -0.20484009 0.29213794 0.95197421
v -0.20096865 0.26768313 0.91551697
v -0.19748546 0.24565218 0.87718081
v -0.19650358 0.22590663 0.83977252
v -0.19882020 0.20981701 0.80411076
v -0.20481238 0.19695725 0.76935398
v -0.21408951 0.18587275 0.73523288
v -0.22352903 0.17334588 0.70149445
v -0.23305193 0.15987580 0.66698425
v -0.24081965 0.14896275 0.62873303
v -0.24703954 0.13865668 0.59034919
v -0.24827987 0.13284597 0.54888117
v -0.24187320 0.35973872 1.00988578
v -0.24308699 0.32849862 0.98299354
v -0.24167843 0.30047734 0.95071631
v -0.24002983 0.27544244 0.91552388
v -0.23727868 0.25340264 0.87775719
v -0.23530449 0.23417516 0.84055507
v -0.23634946 0.21835132 0.80490434
v -0.24163485 0.20673303 0.76960384
v -0.24989219 0.19651784 0.73502206
v -0.25714616 0.18444248 0.70115238
v -0.26533742 0.17056306 0.66647457
v -0.27444397 0.15472221 0.62737250
v -0.28018297 0.14395672 0.58749914
v -0.28015886 0.13711540 0.54588138
v -0.27699958 0.36522828 1.00643408
v -0.28073861 0.33929928 0.97726988
v -0.28234969 0.31699206 0.94407904
v -0.28266053 0.29687519 0.90921354
v -0.28199942 0.27684657 0.87360328
v -0.28009422 0.25947134 0.83780687
v -0.27981760 0.24435161 0.80287694
v -0.28250115 0.23168917 0.76810210
v -0.28654785 0.21829002 0.73328304
v -0.28984530 0.20406981 0.69882762
v -0.29529200 0.18836920 0.66332387
v -0.30178241 0.17238791 0.62241959
v -0.30461679 0.15669963 0.58086454
v -0.30664335 0.15006746 0.54238039
v -0.30456786 0.44909950 1.00032341
v -0.30456786 0.44909950 1.00032341
v -0.30456786 0.44909950 1.00032341
v -0.30461155 0.40823220 1.02159595
v -0.30461155 0.40823220 1.02159595
v -0.30461155 0.40823220 1.02159595
v 0.28886251 0.42381431 0.98024880
v 0.28886251 0.42381431 0.98024880
v 0.28886251 0.42381431 0.98024880
v 0.15455684 0.44002874 0.97288405
v 0.15455684 0.44002874 0.97288405
v 0.12234843 0.44186421 0.97278004
v 0.12234843 0.44186421 0.97278004
v 0.09019454 0.44358499 0.97509610
v 0.09019454 0.44358499 0.97509610
v 0.02647239 0.44967993 0.98309194
v 0.02647239 0.44967993 0.98309194
v -0.00528286 0.45210321 0.98642009
v -0.00528286 0.45210321 0.98642009
v -0.10332678 0.46091051 0.99640387
v -0.10332678 0.46091051 0.99640387
v -0.13701141 0.46224035 0.99843752
v -0.13701141 0.46224035 0.99843752
v -0.20268244 0.45885850 0.99997866
v -0.20268244 0.45885850 0.99997866
v -0.27035789 0.45247938 0.99899846
v -0.27035789 0.45247938 0.99899846
v -0.27062084 0.40805803 1.02285206
v -0.27062084 0.40805803 1.02285206
v -0.23663476 0.41013838 1.02206921
v -0.23663476 0.41013838 1.02206921
v -0.20424622 0.40966298 1.02169084
v -0.20424622 0.40966298 1.02169084
v -0.07022218 0.40672763 1.01747834
v -0.07022218 0.40672763 1.01747834
v -0.00518135 0.40145369 1.01555061
v -0.00518135 0.40145369 1.01555061
v 0.15219624 0.38902585 1.00212323
v 0.15219624 0.38902585 1.00212323
v 0.18462789 0.38691457 1.00035488
v 0.18462789 0.38691457 1.00035488
v 0.21912397 0.38508673 1.00517904
v 0.21912397 0.38508673 1.00517904
v -0.30600832 0.42871566 1.01212668
v -0.30600832 0.42871566 1.01212668
v 0.28765629 0.39705916 1.00007688
v 0.28765629 0.39705916 1.00007688
v 0.28825901 0.40705384 0.99299985
v 0.28825901 0.40705384 0.99299985
v 0.28889255 0.41704805 0.98599362
v 0.28889255 0.41704805 0.98599362
v -0.27038409 0.42061980 1.02158057
v -0.27031334 0.43296964 1.01628875
v -0.27024360 0.44339038 1.00822234
v -0.23625098 0.42264439 1.02074825
v -0.23634295 0.43531038 1.01694559
v -0.23672098 0.44666059 1.00918662
v -0.20374465 0.42305847 1.01886260
v -0.20334582 0.43741043 1.01778507
v -0.20305523 0.44953002 1.00991701
v -0.17005804 0.42366464 1.01962911
v -0.16983686 0.43795295 1.01626646
v -0.16992706 0.45067902 1.00906836
v -0.13709809 0.42341931 1.01758491
v -0.13745905 0.43761094 1.01416253
v -0.13728894 0.45026274 1.00699102
v -0.10338283 0.42269428 1.01541948
v -0.10309901 0.43728633 1.01303303
v -0.10304730 0.44962259 1.00538921
v -0.07013318 0.42101116 1.01303791
v -0.06999637 0.43524398 1.00989854
v -0.07011165 0.44752510 1.00284290
v -0.03734966 0.41883941 1.01209115
v -0.03750959 0.43224473 1.00678264
v -0.03748260 0.44457115 0.99968945
v -0.00539094 0.41600652 1.01166045
v -0.00571009 0.42965968 1.00541603
v -0.00581835 0.44132645 0.99635362
v 0.02628129 0.41260470 1.00820350
v 0.02601485 0.42619200 1.00167143
v 0.02596692 0.43840702 0.99286293
v 0.05791482 0.40987913 1.00600159
v 0.05780891 0.42339213 0.99876457
v 0.05763975 0.43494959 0.98847240
v 0.08959530 0.40725969 1.00408696
v 0.08967162 0.42106153 0.99676537
v 0.08977375 0.43307014 0.98642766
v 0.12200554 0.40517013 1.00020444
v 0.12268235 0.41871901 0.99323427
v 0.12249118 0.43076415 0.98355996
v 0.15271182 0.40236311 0.99558096
v 0.15288606 0.41522993 0.98890477
v 0.15357186 0.42804368 0.98209512
v 0.18557884 0.40004031 0.99768823
v 0.18668963 0.41300215 0.99215698
v 0.18767397 0.42450906 0.98343896
v 0.21966697 0.39773028 0.99969708
v 0.22013409 0.41029330 0.99292099
v 0.22066832 0.42114325 0.98349690
v 0.25509809 0.39699300 1.00163984
v 0.25552194 0.40924634 0.99542593
v 0.25616913 0.42004956 0.98640537
v 0.33697681 0.19727515 0.47418668
v 0.33697681 0.19727515 0.47418668
v 0.33697681 0.19727515 0.47418668
v 0.25717084 0.43017377 0.97604155
v 0.25717084 0.43017377 0.97604155
v 0.22160709 0.43189277 0.97336196
v 0.22160709 0.43189277 0.97336196
v 0.18851222 0.43527712 0.97315966
v 0.18851222 0.43527712 0.97315966
v 0.05804852 0.44587804 0.97788870
v 0.05804852 0.44587804 0.97788870
v -0.03712489 0.45560427 0.99013995
v -0.03712489 0.45560427 0.99013995
v -0.07018135 0.45863773 0.99344980
v -0.07018135 0.45863773 0.99344980
v -0.17029315 0.46081270 0.99844705
v -0.17029315 0.46081270 0.99844705
v -0.23672719 0.45374818 0.99798583
v -0.23672719 0.45374818 0.99798583
v -0.22178999 0.21387850 0.48226636
v -0.22178999 0.21387850 0.48226636
v -0.15160136 0.21237518 0.48544257
v -0.15160136 0.21237518 0.48544257
v -0.11464792 0.21132727 0.48818713
v -0.11464792 0.21132727 0.48818713
v -0.07723688 0.21130405 0.49121597
v -0.07723688 0.21130405 0.49121597
v -0.03881840 0.21189769 0.49378928
v -0.03881840 0.21189769 0.49378928
v 0.04202358 0.21290554 0.49438714
v 0.04202358 0.21290554 0.49438714
v 0.12894116 0.21605481 0.48716834
v 0.12894116 0.21605481 0.48716834
v 0.21528752 0.21435554 0.47877251
v 0.21528752 0.21435554 0.47877251
v -0.30438320 0.43396921 0.96606623
v -0.30438320 0.43396921 0.96606623
v -0.30818553 0.42289890 0.93291890
v -0.30818553 0.42289890 0.93291890
v -0.31270479 0.39042883 0.86773288
v -0.31270479 0.39042883 0.86773288
v -0.31828831 0.34420855 0.77227681
v -0.31828831 0.34420855 0.77227681
v -0.32319663 0.25012098 0.57682186
v -0.32319663 0.25012098 0.57682186
v -0.33067803 0.23846684 0.54100084
v -0.33067803 0.23846684 0.54100084
v -0.33599190 0.22778924 0.50973963
v -0.33599190 0.22778924 0.50973963
v 0.32132779 0.23183818 0.52736270
v 0.32132779 0.23183818 0.52736270
v 0.31980403 0.25683554 0.56476437
v 0.31980403 0.25683554 0.56476437
v 0.31220581 0.28926538 0.65383803
v 0.31220581 0.28926538 0.65383803
v 0.30552860 0.33210845 0.75860410
v 0.30552860 0.33210845 0.75860410
v 0.29976679 0.37780412 0.84145235
v 0.29976679 0.37780412 0.84145235
v 0.29521923 0.40202035 0.90723240
v 0.29521923 0.40202035 0.90723240
v 0.29374017 0.41498016 0.94347828
v 0.29374017 0.41498016 0.94347828
v -0.27310632 0.46596451 0.95451450
v -0.27532829 0.45519932 0.91878247
v -0.28203289 0.44288649 0.88404083
v -0.28811736 0.42946310 0.84990936
v -0.29203503 0.41322695 0.81734812
v -0.29570545 0.39825036 0.78437197
v -0.29904334 0.38248111 0.75061333
v -0.30395548 0.36589168 0.71470051
v -0.30620886 0.34872563 0.67761432
v -0.30520006 0.32951130 0.63896167
v -0.30651818 0.30828272 0.59662282
v -0.31156464 0.28946333 0.55281698
v -0.31534354 0.27396096 0.51729500
v -0.31511949 0.25402518 0.49045786
v -0.23956229 0.47655757 0.95207095
v -0.24187663 0.47132631 0.91370504
v -0.24501853 0.45597084 0.87870335
v -0.25055845 0.44238557 0.84344786
v -0.25501277 0.42710926 0.80959468
v -0.25840734 0.41042461 0.77646350
v -0.26221959 0.39381401 0.74243056
v -0.26831128 0.37776916 0.70633846
v -0.27379303 0.36240919 0.66907679
v -0.27705659 0.34493949 0.62962591
v -0.28035729 0.32399173 0.58767944
v -0.28497161 0.30228789 0.54558783
v -0.28667133 0.28286596 0.51061963
v -0.28652205 0.26172180 0.48289179
v -0.20516528 0.48444445 0.95358538
v -0.20770271 0.47820391 0.91160690
v -0.21022427 0.45848866 0.87772095
v -0.21463436 0.44025649 0.84403079
v -0.21911646 0.42475452 0.81014007
v -0.22273359 0.40769379 0.77658551
v -0.22641714 0.39084826 0.74237030
v -0.23208475 0.37498684 0.70654928
v -0.23900989 0.35987468 0.66900092
v -0.24518740 0.34393366 0.62931394
v -0.24963972 0.32536156 0.58737754
v -0.25359695 0.30703305 0.54580020
v -0.25595595 0.28775735 0.50946259
v -0.25659625 0.26438941 0.48092004
v -0.17170058 0.49041851 0.95310973
v -0.17346746 0.48376514 0.90990376
v -0.17599583 0.46124901 0.87664604
v -0.18009758 0.44023903 0.84390491
v -0.18424726 0.42470016 0.80959051
v -0.18748999 0.40696608 0.77620684
v -0.19058494 0.38996194 0.74212485
v -0.19546793 0.37426229 0.70649731
v -0.20245491 0.35970373 0.66859733
v -0.21049298 0.34536518 0.62886112
v -0.21737213 0.32944743 0.58770155
v -0.22196195 0.31268032 0.54715055
v -0.22467926 0.29541479 0.50992369
v -0.22495276 0.26583560 0.48246735
v -0.13769101 0.49299283 0.95282322
v -0.13919976 0.48560812 0.90875351
v -0.14226994 0.46237852 0.87579446
v -0.14602709 0.44163294 0.84257489
v -0.14979059 0.42583187 0.80799651
v -0.15255183 0.40748425 0.77490788
v -0.15481432 0.39000989 0.74145293
v -0.15873395 0.37398262 0.70637684
v -0.16540095 0.35928793 0.66879147
v -0.17439912 0.34543754 0.62903827
v -0.18313482 0.33127193 0.58891868
v -0.18963905 0.31595473 0.54914373
v -0.19274238 0.29944892 0.51195335
v -0.19229037 0.26817398 0.48431438
v -0.10364033 0.49328084 0.95145255
v -0.10527878 0.48554839 0.90728956
v -0.10836971 0.46139868 0.87475240
v -0.11194886 0.44131579 0.84081411
v -0.11524113 0.42463328 0.80661368
v -0.11763288 0.40601681 0.77411156
v -0.11930034 0.38816269 0.74138384
v -0.12198887 0.37168585 0.70719128
v -0.12871543 0.35720368 0.67007601
v -0.13808997 0.34376730 0.63042723
v -0.14757665 0.33010207 0.59025460
v -0.15502483 0.31564005 0.55104172
v -0.15850906 0.29979415 0.51400720
v -0.15758395 0.26867239 0.48561727
v -0.06954832 0.49049111 0.94896221
v -0.07138690 0.48240943 0.90551698
v -0.07457367 0.45867302 0.87298178
v -0.07773113 0.43969251 0.83867955
v -0.08041495 0.42264588 0.80510401
v -0.08232003 0.40391834 0.77318060
v -0.08354570 0.38589777 0.74120431
v -0.08570938 0.36926217 0.70796835
v -0.09180926 0.35472162 0.67161506
v -0.10098682 0.34148453 0.63245874
v -0.11080635 0.32820506 0.59256380
v -0.11878771 0.31424244 0.55353492
v -0.12263726 0.29899032 0.51649689
v -0.12151978 0.26842712 0.48779022
v -0.03571384 0.48576088 0.94555497
v -0.03785270 0.47813012 0.90286189
v -0.04075365 0.45573457 0.87044072
v -0.04319144 0.43759020 0.83649927
v -0.04515962 0.42067273 0.80357205
v -0.04649172 0.40210967 0.77212196
v -0.04719856 0.38387977 0.74065697
v -0.04935412 0.36726896 0.70811843
v -0.05446842 0.35249607 0.67282587
v -0.06299920 0.33912094 0.63462734
v -0.07295814 0.32648017 0.59545796
v -0.08134836 0.31345607 0.55666696
v -0.08564335 0.29899941 0.51957428
v -0.08461051 0.26908158 0.49056970
v -0.00324350 0.48098077 0.94094312
v -0.00544086 0.47402979 0.89929514
v -0.00717708 0.45286311 0.86676752
v -0.00855285 0.43559296 0.83339160
v -0.00946250 0.41898675 0.80145281
v -0.01006147 0.40076749 0.77078342
v -0.01017838 0.38255148 0.73980980
v -0.01194777 0.36580731 0.70777988
v -0.01697307 0.35097118 0.67329484
v -0.02478400 0.33762564 0.63635581
v -0.03404715 0.32540442 0.59800267
v -0.04221809 0.31287299 0.55961000
v -0.04665558 0.29893152 0.52254927
v -0.04592460 0.26934595 0.49345409
v 0.02843619 0.47731419 0.93627977
v 0.02683635 0.47124042 0.89420693
v 0.02593094 0.45031990 0.86206662
v 0.02569036 0.43384488 0.82920664
v 0.02611032 0.41767551 0.79807478
v 0.02670922 0.40012719 0.76819270
v 0.02727121 0.38243519 0.73809444
v 0.02620788 0.36542816 0.70692252
v 0.02152791 0.35030256 0.67346870
v 0.01411661 0.33706160 0.63727444
v 0.00564160 0.32475273 0.59954756
v -0.00161753 0.31226383 0.56168478
v -0.00564087 0.29848523 0.52478158
v -0.00521663 0.26901059 0.49567463
v 0.06012870 0.47361787 0.93130963
v 0.05937091 0.46863510 0.88902520
v 0.05909067 0.44858260 0.85677295
v 0.05983359 0.43248458 0.82452595
v 0.06132311 0.41679300 0.79403072
v 0.06287763 0.39994787 0.76478350
v 0.06442672 0.38292120 0.73548906
v 0.06474587 0.36616637 0.70543658
v 0.06126220 0.35074206 0.67324471
v 0.05497090 0.33692627 0.63786303
v 0.04724813 0.32440300 0.60039484
v 0.04017774 0.31220405 0.56242167
v 0.03626869 0.29876132 0.52517497
v 0.03637597 0.26914458 0.49593633
v 0.09235102 0.47129114 0.92704629
v 0.09202267 0.46593775 0.88460618
v 0.09226814 0.44684847 0.85212617
v 0.09381571 0.43156810 0.82016390
v 0.09611134 0.41634180 0.79016184
v 0.09855423 0.40015705 0.76137477
v 0.10109545 0.38371380 0.73274063
v 0.10303554 0.36722966 0.70359420
v 0.10171589 0.35190518 0.67240077
v 0.09714891 0.33794545 0.63775491
v 0.09034921 0.32545818 0.60001665
v 0.08370518 0.31310545 0.56143438
v 0.07998939 0.29956795 0.52371615
v 0.07986274 0.26942332 0.49445861
v 0.12439515 0.47006227 0.92447876
v 0.12454922 0.46369089 0.88172387
v 0.12543747 0.44502349 0.84880506
v 0.12777264 0.43117012 0.81660956
v 0.13078006 0.41636692 0.78697407
v 0.13407756 0.40069111 0.75861871
v 0.13753991 0.38474579 0.73049712
v 0.14073062 0.36861224 0.70183759
v 0.14190795 0.35350098 0.67109787
v 0.13921545 0.33972542 0.63643395
v 0.13397972 0.32715155 0.59834444
v 0.12833346 0.31486081 0.55917334
v 0.12509321 0.30083729 0.52110594
v 0.12477586 0.26995493 0.49183517
v 0.15644243 0.46917059 0.92387389
v 0.15731567 0.46288927 0.88074475
v 0.15896644 0.44352879 0.84698176
v 0.16206211 0.43051423 0.81462305
v 0.16555919 0.41593425 0.78543501
v 0.16940734 0.40098278 0.75748884
v 0.17357215 0.38577662 0.72969859
v 0.17761822 0.37000237 0.70119762
v 0.18003093 0.35495971 0.67026585
v 0.17963310 0.34129564 0.63419276
v 0.17649165 0.32863186 0.59476464
v 0.17266677 0.31620477 0.55513572
v 0.17022166 0.30056570 0.51765858
v 0.16988310 0.26985796 0.48836386
v 0.18998341 0.46525837 0.92311346
v 0.19165830 0.45941086 0.88086753
v 0.19365653 0.44151886 0.84708261
v 0.19706638 0.42810465 0.81493204
v 0.20078698 0.41363309 0.78637933
v 0.20471439 0.39983852 0.75876635
v 0.20879589 0.38613416 0.73084747
v 0.21257389 0.37047862 0.70243227
v 0.21569790 0.35559092 0.67026072
v 0.21700774 0.34234102 0.63218587
v 0.21638651 0.32920174 0.59122526
v 0.21523449 0.31576853 0.55071484
v 0.21413195 0.29739119 0.51391154
v 0.21383779 0.26799540 0.48432594
v 0.22541237 0.45792092 0.92291998
v 0.22727467 0.45322384 0.88194733
v 0.22942826 0.43883313 0.84811007
v 0.23358424 0.42781521 0.81570809
v 0.23775542 0.41550864 0.78628408
v 0.24136561 0.40204583 0.75870174
v 0.24438414 0.38755195 0.73169106
v 0.24751358 0.37230588 0.70302766
v 0.25121276 0.35772656 0.66967475
v 0.25391738 0.34308328 0.63065284
v 0.25478090 0.32790260 0.58903848
v 0.25496788 0.31147970 0.54886031
v 0.25533850 0.29118247 0.51262485
v 0.25559731 0.26108550 0.48330888
v 0.26124261 0.44509007 0.92714750
v 0.26383503 0.43888231 0.88741052
v 0.26609106 0.42649074 0.85382121
v 0.27036162 0.41516156 0.82267325
v 0.27564810 0.40331362 0.79302108
v 0.27971034 0.38968723 0.76510488
v 0.28223692 0.37528343 0.73806851
v 0.28425018 0.36036368 0.70937490
v 0.28684042 0.34532438 0.67567646
v 0.28959848 0.32956342 0.63580858
v 0.29172792 0.31387417 0.59304642
v 0.29389150 0.29885386 0.55141597
v 0.29623778 0.27999596 0.51307642
v 0.29756637 0.24935968 0.48268163
v -0.30964909 0.40712900 0.90197038
v -0.30964909 0.40712900 0.90197038
v -0.31588687 0.37436609 0.83615594
v -0.31588687 0.37436609 0.83615594
v -0.31752054 0.35931791 0.80423283
v -0.31752054 0.35931791 0.80423283
v -0.31701274 0.32778509 0.73868685
v -0.31701274 0.32778509 0.73868685
v -0.31808136 0.30973212 0.70204186
v -0.31808136 0.30973212 0.70204186
v -0.31647401 0.29029675 0.66216951
v -0.31647401 0.29029675 0.66216951
v -0.31757836 0.26912953 0.62115776
v -0.31757836 0.26912953 0.62115776
v -0.33175720 0.18014236 0.53377753
v -0.33175720 0.18014236 0.53377753
v -0.32656585 0.19455291 0.56373023
v -0.32656585 0.19455291 0.56373023
v -0.32270183 0.20618714 0.60538208
v -0.32270183 0.20618714 0.60538208
v -0.31237508 0.27771790 0.75838970
v -0.31237508 0.27771790 0.75838970
v -0.31129356 0.30873282 0.82439333
v -0.31129356 0.30873282 0.82439333
v -0.31270052 0.33930044 0.89083647
v -0.31270052 0.33930044 0.89083647
v -0.31262173 0.35617311 0.92567342
v -0.31262173 0.35617311 0.92567342
v -0.30821632 0.38975562 0.98994159
v -0.30821632 0.38975562 0.98994159
v -0.33359970 0.20072438 0.49469482
v -0.33359970 0.20072438 0.49469482
v -0.30569555 0.41761018 1.01807355
v -0.30569555 0.41761018 1.01807355
v -0.30596988 0.43981542 1.00623464
v -0.30596988 0.43981542 1.00623464
v -0.33545972 0.19160201 0.52902698
v -0.33728613 0.20404480 0.52307587
v -0.33758326 0.21645625 0.51647239
v -0.33133323 0.20414977 0.55996066
v -0.33375816 0.21572413 0.55477201
v -0.33344670 0.22770728 0.54807424
v -0.32580964 0.21659501 0.59949397
v -0.32707156 0.22813015 0.59242427
v -0.32608034 0.23962663 0.58434361
v -0.31875531 0.23447363 0.64298516
v -0.32017790 0.24638058 0.63626992
v -0.31966807 0.25805791 0.62878566
v -0.31530906 0.25413914 0.68125796
v -0.31650604 0.26632898 0.67505991
v -0.31664057 0.27869444 0.66857838
v -0.31421734 0.27327441 0.72007721
v -0.31687294 0.28629918 0.71489858
v -0.31838058 0.29866566 0.70854633
v -0.31456025 0.29059191 0.75452351
v -0.31621711 0.30361147 0.74999397
v -0.31759639 0.31617726 0.74467509
v -0.31524561 0.30715065 0.78869992
v -0.31750827 0.32071693 0.78354805
v -0.31855391 0.33304061 0.77779936
v -0.31473218 0.32166906 0.82041662
v -0.31625806 0.33476286 0.81576740
v -0.31704701 0.34754278 0.81017255
v -0.31563775 0.33609213 0.85203236
v -0.31714560 0.34980728 0.84719633
v -0.31681614 0.36275800 0.84186714
v -0.31453405 0.35306667 0.88660120
v -0.31631948 0.36611961 0.88151764
v -0.31544672 0.37843804 0.87458532
v -0.31611760 0.36954157 0.92027455
v -0.31653510 0.38357283 0.91433685
v -0.31396659 0.39611326 0.90818720
v -0.31021555 0.38715960 0.95101564
v -0.31138189 0.39934297 0.94510918
v -0.31171043 0.41163029 0.93888974
v -0.31325169 0.40091993 0.98452687
v -0.31385036 0.41326936 0.97809654
v -0.31115802 0.42483921 0.97158920
vt 0.25126445 0.49188787
vt 0.28370118 0.25202566
vt 0.33577412 0.25249571
vt 0.25011319 0.74389142
vt 0.30456981 0.25114441
vt 0.32283729 0.48345280
vt 0.25466412 0.45497251
vt 0.33641237 0.28910327
vt 0.25359190 0.39708209
vt 0.33607608 0.34580696
vt 0.25461391 0.35365546
vt 0.33510178 0.38869977
vt 0.25424272 0.33896339
vt 0.33525026 0.40319026
vt 0.25271270 0.30953598
vt 0.33601302 0.43226206
vt 0.25213525 0.29597688
vt 0.33646864 0.44562125
vt 0.25127369 0.26934081
vt 0.33672637 0.47199029
vt 0.25208509 0.54636991
vt 0.32096064 0.28913975
vt 0.25161994 0.63347518
vt 0.31927037 0.37441796
vt 0.25189739 0.64796835
vt 0.31934920 0.38863844
vt 0.25211823 0.66261905
vt 0.31989646 0.40305471
vt 0.25175905 0.67741513
vt 0.32044870 0.41771996
vt 0.25083438 0.71852684
vt 0.32180908 0.45842344
vt 0.28648829 0.25136095
vt 0.33306563 0.25175118
vt 0.29029173 0.25073636
vt 0.32936084 0.25091612
vt 0.29401928 0.25088805
vt 0.32567269 0.25073636
vt 0.33231908 0.26289272
vt 0.32860726 0.26324242
vt 0.32515711 0.26306385
vt 0.33241874 0.27548766
vt 0.32855618 0.27551806
vt 0.32472548 0.27549326
vt 0.33266109 0.28921205
vt 0.32867500 0.28912479
vt 0.32473326 0.28911924
vt 0.33290243 0.30273515
vt 0.32884029 0.30264080
vt 0.32482260 0.30263245
vt 0.33284324 0.31680274
vt 0.32883519 0.31666803
vt 0.32486573 0.31665897
vt 0.33246577 0.33127290
vt 0.32846412 0.33127463
vt 0.32448980 0.33120441
vt 0.33210832 0.34597898
vt 0.32801405 0.34600484
vt 0.32390624 0.34596264
vt 0.33185190 0.36024261
vt 0.32769471 0.36026102
vt 0.32350111 0.36025488
vt 0.33183455 0.37457258
vt 0.32757735 0.37459248
vt 0.32333335 0.37453389
vt 0.33194548 0.38880432
vt 0.32774833 0.38879317
vt 0.32352102 0.38874042
vt 0.33198065 0.40321356
vt 0.32791615 0.40316415
vt 0.32382953 0.40309435
vt 0.33228534 0.41781640
vt 0.32829529 0.41774035
vt 0.32428956 0.41769129
vt 0.33261180 0.43220747
vt 0.32868117 0.43213880
vt 0.32471943 0.43207848
vt 0.33295327 0.44559145
vt 0.32903531 0.44551796
vt 0.32514140 0.44545633
vt 0.33332157 0.45857608
vt 0.32944205 0.45848697
vt 0.32555333 0.45841342
vt 0.33326226 0.47143698
vt 0.32945192 0.47127390
vt 0.32572013 0.47101367
vt 0.00875664 0.73727798
vt 0.26215497 0.25073636
vt 0.30127802 0.48933464
vt 0.23831671 0.25434977
vt 0.31698102 0.26304907
vt 0.22449303 0.25254101
vt 0.31618324 0.27663696
vt 0.19510210 0.25095612
vt 0.31598467 0.30560052
vt 0.13829267 0.25282955
vt 0.31666362 0.36174357
vt 0.11000472 0.25435084
vt 0.31697452 0.38974613
vt 0.23747718 0.74547571
vt 0.30262473 0.26337177
vt 0.20824674 0.74858588
vt 0.30083066 0.29224622
vt 0.19421390 0.74910593
vt 0.30045241 0.30606639
vt 0.18022513 0.74916399
vt 0.30004463 0.31984067
vt 0.16611302 0.74891675
vt 0.29973710 0.33373940
vt 0.15182143 0.74864590
vt 0.29970637 0.34785259
vt 0.13790768 0.74841273
vt 0.29957446 0.36155856
vt 0.12389633 0.74835581
vt 0.29980466 0.37532854
vt 0.10967168 0.74830019
vt 0.30027360 0.38935101
vt 0.05272922 0.74587381
vt 0.29937688 0.44564366
vt 0.03698304 0.74426293
vt 0.29928938 0.46119654
vt 0.02072476 0.74104011
vt 0.29962778 0.47733819
vt 0.31472620 0.25116789
vt 0.33310378 0.48428333
vt 0.31119698 0.25077182
vt 0.32950512 0.48427838
vt 0.30755433 0.25073636
vt 0.32582256 0.48402613
vt 0.26523238 0.25089562
vt 0.30429223 0.48937809
vt 0.31359145 0.26333964
vt 0.30996913 0.26344216
vt 0.30620694 0.26334661
vt 0.31274512 0.27742600
vt 0.30889109 0.27759153
vt 0.30501145 0.27771175
vt 0.31256428 0.29220986
vt 0.30861509 0.29234862
vt 0.30464655 0.29241019
vt 0.31208035 0.30611986
vt 0.30816060 0.30613095
vt 0.30426720 0.30612200
vt 0.31179953 0.31998420
vt 0.30780590 0.31998944
vt 0.30387244 0.31993765
vt 0.31179616 0.33397734
vt 0.30772284 0.33396608
vt 0.30369633 0.33388126
vt 0.31208143 0.34816861
vt 0.30784222 0.34819674
vt 0.30368984 0.34808397
vt 0.31232268 0.36177814
vt 0.30791768 0.36176085
vt 0.30366898 0.36168599
vt 0.31261361 0.37548232
vt 0.30822968 0.37541890
vt 0.30395657 0.37536752
vt 0.31274799 0.38953233
vt 0.30851012 0.38940817
vt 0.30433699 0.38936102
vt 0.31282610 0.40372050
vt 0.30873668 0.40360653
vt 0.30467781 0.40353078
vt 0.31278157 0.41775656
vt 0.30876914 0.41766894
vt 0.30474937 0.41762501
vt 0.31212524 0.43151009
vt 0.30819771 0.43146050
vt 0.30423227 0.43149084
vt 0.31133452 0.44503039
vt 0.30733880 0.44508755
vt 0.30331820 0.44532597
vt 0.31253210 0.45914531
vt 0.30805627 0.45953608
vt 0.30347311 0.46022820
vt 0.31371883 0.47443378
vt 0.30900359 0.47520304
vt 0.30412111 0.47613353
vt 0.24995881 0.25689530
vt 0.31736824 0.25165892
vt 0.33581823 0.48410469
vt 0.01209101 0.27073061
vt 0.27673316 0.25209731
vt 0.31556079 0.48721963
vt 0.25344312 0.48152608
vt 0.33609951 0.26294219
vt 0.25461137 0.46907574
vt 0.33604866 0.27528238
vt 0.25405964 0.44092560
vt 0.33679074 0.30285740
vt 0.25329313 0.42634296
vt 0.33670229 0.31707895
vt 0.25298050 0.41157293
vt 0.33635134 0.33153403
vt 0.25431573 0.38258302
vt 0.33572477 0.36011958
vt 0.25477621 0.36823571
vt 0.33533615 0.37435246
vt 0.25342709 0.32403004
vt 0.33557022 0.41790116
vt 0.25159791 0.28264320
vt 0.33673829 0.45879740
vt 0.00953715 0.28059095
vt 0.27680120 0.26216829
vt 0.00461996 0.30227423
vt 0.27398029 0.28404981
vt 0.00531581 0.31582236
vt 0.27520725 0.29735953
vt 0.00552207 0.32956028
vt 0.27584082 0.31086761
vt 0.00479481 0.35627097
vt 0.27679011 0.33709121
vt 0.00396131 0.38405365
vt 0.27713284 0.36443198
vt 0.00257064 0.39877039
vt 0.27617878 0.37894994
vt 0.00096452 0.42877978
vt 0.27443001 0.40854108
vt 0.00105719 0.44162822
vt 0.27373448 0.42121816
vt 0.24076349 0.49385017
vt 0.28259620 0.26261759
vt 0.22873771 0.49623227
vt 0.28198051 0.27477747
vt 0.20183676 0.49810225
vt 0.28040507 0.30137682
vt 0.17390004 0.49896961
vt 0.27930507 0.32884276
vt 0.15987307 0.49969065
vt 0.27933338 0.34265304
vt 0.13075829 0.49940473
vt 0.27892053 0.37126267
vt 0.08487642 0.49826050
vt 0.27961707 0.41645861
vt 0.20936656 0.25155407
vt 0.31640890 0.29151392
vt 0.18098959 0.25073636
vt 0.31569868 0.31952649
vt 0.16667917 0.25134623
vt 0.31588817 0.33366489
vt 0.15231210 0.25222147
vt 0.31626609 0.34788942
vt 0.12423736 0.25354356
vt 0.31697869 0.37565589
vt 0.09569547 0.25517398
vt 0.31694725 0.40389121
vt 0.08140919 0.25625110
vt 0.31679532 0.41797948
vt 0.06740825 0.25726861
vt 0.31596825 0.43174851
vt 0.05372307 0.25852787
vt 0.31521443 0.44525892
vt 0.03972526 0.26241970
vt 0.31651300 0.45941526
vt 0.02496670 0.26741791
vt 0.31772804 0.47460425
vt 0.23728842 0.26857585
vt 0.22385746 0.26783109
vt 0.21054560 0.26730847
vt 0.19753805 0.26684004
vt 0.18339646 0.26703370
vt 0.16850078 0.26808619
vt 0.15329164 0.26929748
vt 0.13837737 0.27017856
vt 0.12404054 0.27083075
vt 0.11000317 0.27124095
vt 0.09603050 0.27161914
vt 0.08208355 0.27200282
vt 0.06812906 0.27240360
vt 0.05434400 0.27322489
vt 0.04103589 0.27606672
vt 0.02698016 0.27961028
vt 0.23663297 0.28244478
vt 0.22237355 0.28236896
vt 0.20898795 0.28214091
vt 0.19582012 0.28239781
vt 0.18194056 0.28324401
vt 0.16729340 0.28433418
vt 0.15241024 0.28536880
vt 0.13785738 0.28613615
vt 0.12380767 0.28653550
vt 0.10994339 0.28675926
vt 0.09600967 0.28671330
vt 0.08212247 0.28666818
vt 0.06822479 0.28679115
vt 0.05413568 0.28698689
vt 0.04004274 0.28775585
vt 0.02523351 0.28974950
vt 0.23670721 0.29588550
vt 0.22229668 0.29612696
vt 0.20882589 0.29693168
vt 0.19536445 0.29806334
vt 0.18138388 0.29920900
vt 0.16686141 0.30018687
vt 0.15216950 0.30090272
vt 0.13760632 0.30117446
vt 0.12332621 0.30112153
vt 0.10931733 0.30108249
vt 0.09554327 0.30107677
vt 0.08171594 0.30090010
vt 0.06787619 0.30094707
vt 0.05390356 0.30115128
vt 0.03970140 0.30132812
vt 0.02382103 0.30176973
vt 0.23727030 0.30966020
vt 0.22330183 0.31060666
vt 0.20991826 0.31209719
vt 0.19626820 0.31360883
vt 0.18200099 0.31489050
vt 0.16723859 0.31571776
vt 0.15224284 0.31595016
vt 0.13733026 0.31572580
vt 0.12272194 0.31533289
vt 0.10849035 0.31505299
vt 0.09474289 0.31504864
vt 0.08113295 0.31510890
vt 0.06729777 0.31512749
vt 0.05341825 0.31528711
vt 0.03919929 0.31539601
vt 0.02373865 0.31560922
vt 0.23805189 0.32452500
vt 0.22407359 0.32559097
vt 0.21057433 0.32718790
vt 0.19673043 0.32879746
vt 0.18225998 0.32999355
vt 0.16728556 0.33057398
vt 0.15210080 0.33046573
vt 0.13697430 0.32987273
vt 0.12220189 0.32925677
vt 0.10789517 0.32884628
vt 0.09406543 0.32879573
vt 0.08059070 0.32909381
vt 0.06689900 0.32925683
vt 0.05295983 0.32934457
vt 0.03860801 0.32932454
vt 0.02294788 0.32908046
vt 0.23859376 0.33945310
vt 0.22433630 0.34038651
vt 0.21064579 0.34191602
vt 0.19664592 0.34343660
vt 0.18203551 0.34443474
vt 0.16692674 0.34469235
vt 0.15168163 0.34433275
vt 0.13667333 0.34366536
vt 0.12196609 0.34295875
vt 0.10760233 0.34249389
vt 0.09374338 0.34248662
vt 0.08029184 0.34288222
vt 0.06668156 0.34326792
vt 0.05261804 0.34333378
vt 0.03809318 0.34303117
vt 0.02237746 0.34217584
vt 0.23868716 0.35413766
vt 0.22425893 0.35495400
vt 0.21035933 0.35633481
vt 0.19625062 0.35761011
vt 0.18161306 0.35834849
vt 0.16650969 0.35834193
vt 0.15131819 0.35778528
vt 0.13651741 0.35715222
vt 0.12203315 0.35658830
vt 0.10775492 0.35619736
vt 0.09385043 0.35619044
vt 0.08029094 0.35662079
vt 0.06663284 0.35718983
vt 0.05219167 0.35720056
vt 0.03741437 0.35676068
vt 0.02193594 0.35601735
vt 0.23858064 0.36900300
vt 0.22396320 0.36955422
vt 0.20979142 0.37044007
vt 0.19560164 0.37136883
vt 0.18110132 0.37187135
vt 0.16621155 0.37177479
vt 0.15125614 0.37119645
vt 0.13667536 0.37062085
vt 0.12240312 0.37019491
vt 0.10833839 0.36998081
vt 0.09436643 0.37002897
vt 0.08062258 0.37049466
vt 0.06664428 0.37103510
vt 0.05186787 0.37096834
vt 0.03677538 0.37058401
vt 0.02122155 0.36944711
vt 0.23806101 0.38384426
vt 0.22344297 0.38397503
vt 0.20908606 0.38422519
vt 0.19475177 0.38478816
vt 0.18042159 0.38505924
vt 0.16591138 0.38494390
vt 0.15137833 0.38452542
vt 0.13708413 0.38408995
vt 0.12302363 0.38381386
vt 0.10913524 0.38380271
vt 0.09516001 0.38396269
vt 0.08119288 0.38450164
vt 0.06671935 0.38484281
vt 0.05149606 0.38473099
vt 0.03607151 0.38435960
vt 0.02025065 0.38389653
vt 0.23748809 0.39871174
vt 0.22291541 0.39818692
vt 0.20834321 0.39786124
vt 0.19394538 0.39808983
vt 0.17973936 0.39819193
vt 0.16560608 0.39805806
vt 0.15153182 0.39778268
vt 0.13759866 0.39757085
vt 0.12379104 0.39754301
vt 0.11004430 0.39772999
vt 0.09606886 0.39807260
vt 0.08178461 0.39859623
vt 0.06656827 0.39863187
vt 0.05086930 0.39846003
vt 0.03507578 0.39814484
vt 0.01907331 0.39852577
vt 0.23682839 0.41209823
vt 0.22221750 0.41180706
vt 0.20782056 0.41162825
vt 0.19361722 0.41164130
vt 0.17960444 0.41160738
vt 0.16570681 0.41151363
vt 0.15192583 0.41138619
vt 0.13825524 0.41140461
vt 0.12464401 0.41160637
vt 0.11103687 0.41198701
vt 0.09692383 0.41237277
vt 0.08198702 0.41263705
vt 0.06609726 0.41240507
vt 0.04997343 0.41210854
vt 0.03391755 0.41182745
vt 0.01783809 0.41265440
vt 0.23707318 0.42572427
vt 0.22210470 0.42526746
vt 0.20797598 0.42548513
vt 0.19405657 0.42545861
vt 0.18033266 0.42542601
vt 0.16666436 0.42546517
vt 0.15304118 0.42551315
vt 0.13945359 0.42565238
vt 0.12584922 0.42595792
vt 0.11207700 0.42635298
vt 0.09765658 0.42664409
vt 0.08203584 0.42644596
vt 0.06570302 0.42609638
vt 0.04923628 0.42568153
vt 0.03301054 0.42545676
vt 0.01696299 0.42647159
vt 0.23788685 0.44034743
vt 0.22291726 0.43964326
vt 0.20877880 0.43938649
vt 0.19509700 0.43935269
vt 0.18148908 0.43936330
vt 0.16795957 0.43948174
vt 0.15448892 0.43967205
vt 0.14096895 0.43992043
vt 0.12735364 0.44025785
vt 0.11328793 0.44055587
vt 0.09831259 0.44049799
vt 0.08236787 0.44017720
vt 0.06576502 0.43974501
vt 0.04907951 0.43936741
vt 0.03283378 0.43916082
vt 0.01690632 0.43977606
vt 0.23871627 0.45450026
vt 0.22413629 0.45387179
vt 0.21039706 0.45367742
vt 0.19668633 0.45348638
vt 0.18300286 0.45349097
vt 0.16952205 0.45363557
vt 0.15607411 0.45396078
vt 0.14247864 0.45414931
vt 0.12868285 0.45438552
vt 0.11423326 0.45444942
vt 0.09912217 0.45431221
vt 0.08304560 0.45396358
vt 0.06647620 0.45353484
vt 0.04977429 0.45320308
vt 0.03353024 0.45305854
vt 0.01763877 0.45335293
vt 0.23914835 0.46806479
vt 0.22526267 0.46765721
vt 0.21197242 0.46761680
vt 0.19849357 0.46770841
vt 0.18480450 0.46790546
vt 0.17119062 0.46816087
vt 0.15736544 0.46860623
vt 0.14350691 0.46868157
vt 0.12950721 0.46849406
vt 0.11501133 0.46844506
vt 0.09996396 0.46827722
vt 0.08407822 0.46792477
vt 0.06772330 0.46753055
vt 0.05115712 0.46722430
vt 0.03500995 0.46707696
vt 0.01981716 0.46672708
vt 0.23910207 0.48054802
vt 0.22660124 0.48121786
vt 0.21359450 0.48169160
vt 0.20023882 0.48207641
vt 0.18647960 0.48241103
vt 0.17269266 0.48284888
vt 0.15884155 0.48329771
vt 0.14462483 0.48348421
vt 0.13036951 0.48300511
vt 0.11574897 0.48280334
vt 0.10065740 0.48269081
vt 0.08486518 0.48250759
vt 0.06856048 0.48212516
vt 0.05231303 0.48179394
vt 0.03689799 0.48102665
vt 0.02329963 0.47907734
vt 0.25041175 0.50760293
vt 0.29703242 0.25140071
vt 0.32266366 0.25096738
vt 0.21545482 0.49742842
vt 0.28117767 0.28795063
vt 0.18786526 0.49837756
vt 0.27969176 0.31508309
vt 0.14509737 0.50048101
vt 0.27988240 0.35716039
vt 0.11581284 0.49926007
vt 0.27911499 0.38598561
vt 0.10061830 0.49865317
vt 0.27916771 0.40095967
vt 0.06859946 0.49792850
vt 0.28036991 0.43246305
vt 0.05266771 0.49758446
vt 0.28156596 0.44804561
vt 0.03764424 0.49628383
vt 0.28198776 0.46281439
vt 0.02426727 0.49343485
vt 0.28088620 0.47615582
vt 0.23862863 0.50617796
vt 0.29759797 0.26288784
vt 0.21250391 0.50354797
vt 0.29704353 0.28853130
vt 0.17079657 0.50201929
vt 0.29557261 0.32938135
vt 0.11278012 0.50308824
vt 0.29509786 0.38633102
vt 0.09762478 0.50377202
vt 0.29497957 0.40121806
vt 0.08216369 0.50477999
vt 0.29541117 0.41646582
vt 0.06646368 0.50612003
vt 0.29615781 0.43196839
vt 0.05085863 0.50779653
vt 0.29711318 0.44740534
vt 0.26687023 0.47232282
vt 0.29111883 0.48811066
vt 0.28459707 0.47598362
vt 0.28851548 0.47564453
vt 0.29250669 0.47577757
vt 0.28592387 0.46278626
vt 0.28980473 0.46251464
vt 0.29373154 0.46246803
vt 0.28548366 0.44782174
vt 0.28939900 0.44763744
vt 0.29328880 0.44750232
vt 0.28434297 0.43222767
vt 0.28832155 0.43206763
vt 0.29226983 0.43197834
vt 0.28357056 0.41642725
vt 0.28755537 0.41640544
vt 0.29152575 0.41640168
vt 0.28307661 0.40097421
vt 0.28708407 0.40101969
vt 0.29107580 0.40109211
vt 0.28317606 0.38598138
vt 0.28721577 0.38603175
vt 0.29120326 0.38612944
vt 0.28297374 0.37129849
vt 0.28723592 0.37136912
vt 0.29148978 0.37152410
vt 0.28398132 0.35723042
vt 0.28808841 0.35726082
vt 0.29216367 0.35731632
vt 0.28349447 0.34277326
vt 0.28766480 0.34296584
vt 0.29181641 0.34313619
vt 0.28338897 0.32899165
vt 0.28749061 0.32915145
vt 0.29158244 0.32928264
vt 0.28369901 0.31520164
vt 0.28775710 0.31532192
vt 0.29179853 0.31546021
vt 0.28438327 0.30152774
vt 0.28843927 0.30167156
vt 0.29247290 0.30182326
vt 0.28513834 0.28814530
vt 0.28916606 0.28834170
vt 0.29317844 0.28843558
vt 0.28584063 0.27502346
vt 0.28979596 0.27511066
vt 0.29373735 0.27522081
vt 0.28639632 0.26295447
vt 0.29024699 0.26315135
vt 0.29396215 0.26309669
vt 0.00950038 0.51211309
vt 0.26394564 0.47247022
vt 0.29398736 0.48770994
vt 0.25094599 0.51954895
vt 0.32163888 0.26269078
vt 0.25177491 0.53240883
vt 0.32100618 0.27543694
vt 0.25210232 0.56024015
vt 0.32098767 0.30269623
vt 0.25179976 0.57464129
vt 0.32102853 0.31673586
vt 0.25121030 0.58944333
vt 0.32063654 0.33117545
vt 0.25111291 0.60436916
vt 0.31986809 0.34581620
vt 0.25142649 0.61900336
vt 0.31943947 0.36019951
vt 0.25131205 0.69188672
vt 0.32090151 0.43203557
vt 0.25092602 0.70539999
vt 0.32136104 0.44541252
vt 0.25060675 0.73141766
vt 0.32201815 0.47113830
vt 0.00584330 0.71529198
vt 0.25689921 0.27196586
vt 0.00473171 0.68895602
vt 0.25775814 0.29806793
vt 0.00397371 0.66147101
vt 0.25896782 0.32512802
vt 0.00286375 0.64821500
vt 0.25980091 0.33821166
vt 0.00214548 0.63498521
vt 0.26061380 0.35122895
vt 0.00123107 0.60764730
vt 0.26074523 0.37820947
vt 0.00087713 0.59253561
vt 0.26017538 0.39319426
vt 0.00126123 0.57810962
vt 0.25938353 0.40751207
vt 0.00389075 0.55053115
vt 0.25799426 0.43494666
vt 0.00579423 0.53682375
vt 0.25833121 0.44863987
vt 0.00765726 0.52383554
vt 0.26044375 0.46138930
vt 0.22587761 0.50445420
vt 0.29752734 0.27542377
vt 0.19873798 0.50273621
vt 0.29640698 0.30199528
vt 0.18481988 0.50225556
vt 0.29573798 0.31560957
vt 0.15667188 0.50210035
vt 0.29581261 0.34328049
vt 0.14227253 0.50237322
vt 0.29599065 0.35744333
vt 0.12764344 0.50260067
vt 0.29554778 0.37178189
vt 0.03553373 0.50956053
vt 0.29760087 0.46255386
vt 0.02171448 0.51079291
vt 0.29640308 0.47604328
vt 0.22326213 0.74721622
vt 0.30149251 0.27738780
vt 0.09531105 0.74818343
vt 0.30067506 0.40350044
vt 0.08095685 0.74789643
vt 0.30077723 0.41764653
vt 0.06685507 0.74709272
vt 0.30032605 0.43160915
vt 0.02186573 0.72645628
vt 0.03674081 0.72891527
vt 0.05213898 0.73061693
vt 0.06654154 0.73153126
vt 0.08105408 0.73206019
vt 0.09555846 0.73233306
vt 0.10996330 0.73234379
vt 0.12422839 0.73238945
vt 0.13838643 0.73243451
vt 0.15246996 0.73276693
vt 0.16642690 0.73315924
vt 0.18009895 0.73360932
vt 0.19367397 0.73374283
vt 0.20733160 0.73321414
vt 0.22112504 0.73222017
vt 0.23529226 0.73119867
vt 0.02159752 0.71502006
vt 0.03702268 0.71593595
vt 0.05228981 0.71672356
vt 0.06661895 0.71704072
vt 0.08094338 0.71728981
vt 0.09533074 0.71750391
vt 0.10973868 0.71746874
vt 0.12408301 0.71742958
vt 0.13831335 0.71743786
vt 0.15244681 0.71770382
vt 0.16641504 0.71812546
vt 0.18014523 0.71861207
vt 0.19364387 0.71909946
vt 0.20723170 0.71903074
vt 0.22106040 0.71853209
vt 0.23538595 0.71818280
vt 0.02138534 0.70221168
vt 0.03741387 0.70248067
vt 0.05250150 0.70274651
vt 0.06657955 0.70277953
vt 0.08069859 0.70286018
vt 0.09493420 0.70290107
vt 0.10931879 0.70272917
vt 0.12356213 0.70272303
vt 0.13776302 0.70274282
vt 0.15205812 0.70283580
vt 0.16627392 0.70313823
vt 0.18027079 0.70361716
vt 0.19393766 0.70421469
vt 0.20743543 0.70478076
vt 0.22124213 0.70474589
vt 0.23554739 0.70479226
vt 0.02129489 0.68861967
vt 0.03731897 0.68861473
vt 0.05211826 0.68863237
vt 0.06628820 0.68861622
vt 0.08037244 0.68863368
vt 0.09455842 0.68853629
vt 0.10866416 0.68855298
vt 0.12286445 0.68854117
vt 0.13721454 0.68832576
vt 0.15170065 0.68817687
vt 0.16616386 0.68829131
vt 0.18042079 0.68866849
vt 0.19430035 0.68925440
vt 0.20787999 0.68994665
vt 0.22147942 0.69059205
vt 0.23575550 0.69101667
vt 0.02093014 0.67477417
vt 0.03663671 0.67455971
vt 0.05158970 0.67457986
vt 0.06592765 0.67456174
vt 0.08004338 0.67453223
vt 0.09411007 0.67455953
vt 0.10808718 0.67468631
vt 0.12234402 0.67452538
vt 0.13681036 0.67413485
vt 0.15144914 0.67376757
vt 0.16610894 0.67364907
vt 0.18054390 0.67388552
vt 0.19458842 0.67437887
vt 0.20826063 0.67507148
vt 0.22187680 0.67580032
vt 0.23606044 0.67648876
vt 0.02032249 0.66085684
vt 0.03603244 0.66057229
vt 0.05116007 0.66054839
vt 0.06563804 0.66051733
vt 0.07983665 0.66049242
vt 0.09374046 0.66074836
vt 0.10775363 0.66085649
vt 0.12204820 0.66062391
vt 0.13657022 0.66011882
vt 0.15125284 0.65962207
vt 0.16591436 0.65938759
vt 0.18038529 0.65948743
vt 0.19452083 0.65984792
vt 0.20831215 0.66047168
vt 0.22207528 0.66112846
vt 0.23632213 0.66176665
vt 0.01950145 0.64735949
vt 0.03535214 0.64679247
vt 0.05064887 0.64656937
vt 0.06539142 0.64649773
vt 0.07979006 0.64650089
vt 0.09366912 0.64689612
vt 0.10770428 0.64698631
vt 0.12201512 0.64674670
vt 0.13648522 0.64627737
vt 0.15099537 0.64579713
vt 0.16554439 0.64549357
vt 0.17997926 0.64547175
vt 0.19414136 0.64569497
vt 0.20803273 0.64621699
vt 0.22187608 0.64679265
vt 0.23615372 0.64742434
vt 0.01877476 0.63387454
vt 0.03468406 0.63305748
vt 0.05009924 0.63260496
vt 0.06517771 0.63249630
vt 0.07989025 0.63246357
vt 0.09389818 0.63288039
vt 0.10794079 0.63304657
vt 0.12220645 0.63285023
vt 0.13647246 0.63252735
vt 0.15076947 0.63212967
vt 0.16514724 0.63180852
vt 0.17946631 0.63165927
vt 0.19361085 0.63174736
vt 0.20757714 0.63212430
vt 0.22153196 0.63260031
vt 0.23581934 0.63319045
vt 0.01803693 0.62017667
vt 0.03398308 0.61918974
vt 0.04957454 0.61867297
vt 0.06497169 0.61847699
vt 0.08000538 0.61840969
vt 0.09430951 0.61868906
vt 0.10835803 0.61894274
vt 0.12250698 0.61889064
vt 0.13656956 0.61872733
vt 0.15064251 0.61843848
vt 0.16480011 0.61812866
vt 0.17896682 0.61788666
vt 0.19307488 0.61788517
vt 0.20710087 0.61808693
vt 0.22111648 0.61853749
vt 0.23550284 0.61899436
vt 0.01744498 0.60594785
vt 0.03336480 0.60520256
vt 0.04906166 0.60477984
vt 0.06473568 0.60449886
vt 0.08001819 0.60434115
vt 0.09472382 0.60436976
vt 0.10884419 0.60462213
vt 0.12287706 0.60469288
vt 0.13677138 0.60465008
vt 0.15065694 0.60446644
vt 0.16460699 0.60421634
vt 0.17863953 0.60400265
vt 0.19266808 0.60395122
vt 0.20672670 0.60406542
vt 0.22081155 0.60444677
vt 0.23525339 0.60468942
vt 0.01718256 0.59155667
vt 0.03288959 0.59121454
vt 0.04858834 0.59099644
vt 0.06445290 0.59065187
vt 0.08001637 0.59034252
vt 0.09502736 0.59015357
vt 0.10931695 0.59022498
vt 0.12330192 0.59029973
vt 0.13712293 0.59029287
vt 0.15090352 0.59020430
vt 0.16471317 0.59007007
vt 0.17857194 0.58997589
vt 0.19250578 0.58993912
vt 0.20653391 0.58998233
vt 0.22072333 0.59014302
vt 0.23543796 0.58992815
vt 0.01741776 0.57762074
vt 0.03284241 0.57744944
vt 0.04837811 0.57731235
vt 0.06428115 0.57695293
vt 0.08014557 0.57650244
vt 0.09536096 0.57614976
vt 0.10986674 0.57596600
vt 0.12396818 0.57595819
vt 0.13783339 0.57602906
vt 0.15157223 0.57604337
vt 0.16524559 0.57602334
vt 0.17897490 0.57598400
vt 0.19275105 0.57592857
vt 0.20670947 0.57578343
vt 0.22116601 0.57546067
vt 0.23594144 0.57505894
vt 0.01824681 0.56402910
vt 0.03335515 0.56388569
vt 0.04865214 0.56367868
vt 0.06447759 0.56325150
vt 0.08038428 0.56267852
vt 0.09576088 0.56219327
vt 0.11039788 0.56191915
vt 0.12476555 0.56177545
vt 0.13883597 0.56183982
vt 0.15261492 0.56193769
vt 0.16624802 0.56195879
vt 0.17989218 0.56188083
vt 0.19368136 0.56165332
vt 0.20769531 0.56134808
vt 0.22190535 0.56099093
vt 0.23642698 0.56062186
vt 0.01959142 0.55063397
vt 0.03433341 0.55050951
vt 0.04936357 0.55012059
vt 0.06503069 0.54947346
vt 0.08086458 0.54873133
vt 0.09628832 0.54814547
vt 0.11106423 0.54782486
vt 0.12560064 0.54764545
vt 0.13993961 0.54759276
vt 0.15393540 0.54757887
vt 0.16768113 0.54750884
vt 0.18135083 0.54735482
vt 0.19511840 0.54725397
vt 0.20893574 0.54713655
vt 0.22272986 0.54692781
vt 0.23677802 0.54662985
vt 0.02126998 0.53753030
vt 0.03547689 0.53735381
vt 0.05027878 0.53660440
vt 0.06576037 0.53559798
vt 0.08143377 0.53463262
vt 0.09679529 0.53395021
vt 0.11174479 0.53359377
vt 0.12637258 0.53341842
vt 0.14079681 0.53330636
vt 0.15498242 0.53315318
vt 0.16887534 0.53296864
vt 0.18268204 0.53288686
vt 0.19646376 0.53299767
vt 0.21010453 0.53319436
vt 0.22350973 0.53325462
vt 0.23694953 0.53300536
vt 0.02260733 0.52500695
vt 0.03607738 0.52419090
vt 0.05090491 0.52284914
vt 0.06634688 0.52145684
vt 0.08193183 0.52027738
vt 0.09729987 0.51946211
vt 0.11240411 0.51904953
vt 0.12712494 0.51883048
vt 0.14155468 0.51856530
vt 0.15576535 0.51829994
vt 0.16980284 0.51809061
vt 0.18379635 0.51818478
vt 0.19765055 0.51857281
vt 0.21122360 0.51915944
vt 0.22443634 0.51964641
vt 0.23716867 0.51988006
vt 0.01282978 0.49057746
vt 0.27679884 0.47106349
vt 0.28113529 0.48757625
vt 0.00649863 0.29079020
vt 0.27503762 0.27258128
vt 0.00499827 0.34309685
vt 0.27594179 0.32421178
vt 0.00452469 0.36945701
vt 0.27725962 0.35004604
vt 0.00152756 0.41400295
vt 0.27535614 0.39395475
vt 0.00166161 0.45460254
vt 0.27319205 0.43407309
vt 0.00408663 0.46786082
vt 0.27399889 0.44740629
vt 0.00846690 0.47993946
vt 0.27607885 0.45985496
vt 0.00660475 0.72630215
vt 0.25876838 0.26107812
vt 0.00531116 0.70255780
vt 0.25650045 0.28465068
vt 0.00446837 0.67526758
vt 0.25853908 0.31155229
vt 0.00155313 0.62152451
vt 0.26111424 0.36448967
vt 0.00232258 0.56434762
vt 0.25856316 0.42117941
vt 0.27426326 0.47152972
vt 0.28372112 0.48785436
vt 0.27066815 0.47199309
vt 0.28733292 0.48814666
vt 0.27375019 0.25175858
vt 0.31269234 0.48814696
vt 0.26952186 0.25128585
vt 0.30853105 0.48899215
vt 0.27195531 0.26233608
vt 0.26726350 0.26232958
vt 0.26287150 0.26187754
vt 0.27023903 0.27270663
vt 0.26545253 0.27259892
vt 0.26095772 0.27224416
vt 0.26928499 0.28418642
vt 0.26475936 0.28433478
vt 0.26043245 0.28442454
vt 0.27067488 0.29742110
vt 0.26618400 0.29758602
vt 0.26182929 0.29777282
vt 0.27135777 0.31101161
vt 0.26696074 0.31119812
vt 0.26265711 0.31137753
vt 0.27169761 0.32448983
vt 0.26741543 0.32475185
vt 0.26316783 0.32497507
vt 0.27259937 0.33750916
vt 0.26832369 0.33783650
vt 0.26405039 0.33808827
vt 0.27304211 0.35033488
vt 0.26886082 0.35063630
vt 0.26469648 0.35095304
vt 0.27308840 0.36437321
vt 0.26907462 0.36431980
vt 0.26508471 0.36437887
vt 0.27235314 0.37879598
vt 0.26855013 0.37847733
vt 0.26470885 0.37830186
vt 0.27157134 0.39394325
vt 0.26786894 0.39366931
vt 0.26409921 0.39344168
vt 0.27065852 0.40840662
vt 0.26695427 0.40800142
vt 0.26324859 0.40767562
vt 0.26993859 0.42116076
vt 0.26612547 0.42107499
vt 0.26237118 0.42104322
vt 0.26940504 0.43417484
vt 0.26559946 0.43435800
vt 0.26179338 0.43465167
vt 0.27013698 0.44739670
vt 0.26622641 0.44761211
vt 0.26225269 0.44809222
vt 0.27228624 0.45988494
vt 0.26841265 0.46009392
vt 0.26445645 0.46028727
vt 0.50472856 0.71178818
vt 0.95636606 0.25120974
vt 0.50147825 0.66461539
vt 0.90712559 0.25197744
vt 0.50419831 0.63112593
vt 0.87237728 0.25176120
vt 0.50451374 0.61752790
vt 0.85835016 0.25230753
vt 0.50305545 0.59442639
vt 0.83470666 0.25517833
vt 0.50207913 0.58276391
vt 0.82288253 0.25752050
vt 0.50163901 0.55801344
vt 0.79761171 0.26174647
vt 0.52311289 0.54132652
vt 0.54404885 0.49719977
vt 0.52300698 0.55480325
vt 0.55767715 0.50079399
vt 0.52487415 0.59205115
vt 0.59607977 0.50549525
vt 0.52593225 0.60356414
vt 0.60800290 0.50553626
vt 0.52644271 0.61597645
vt 0.62081200 0.50590539
vt 0.52397656 0.64666176
vt 0.65245140 0.50925875
vt 0.52232468 0.66428936
vt 0.67066854 0.51143014
vt 0.52303636 0.69629860
vt 0.70401132 0.51228374
vt 0.51688802 0.72082490
vt 0.98411441 0.49853271
vt 0.51184279 0.72184718
vt 0.98927552 0.49824786
vt 0.51907140 0.52834702
vt 0.51420277 0.52934074
vt 0.50926310 0.53014189
vt 0.51800114 0.54256070
vt 0.51298296 0.54363167
vt 0.50801790 0.54436171
vt 0.51764148 0.55617619
vt 0.51228189 0.55721784
vt 0.50691068 0.55776644
vt 0.51776952 0.56918478
vt 0.51221406 0.57024324
vt 0.50670063 0.57065773
vt 0.51841718 0.58161277
vt 0.51291871 0.58268380
vt 0.50745404 0.58304012
vt 0.51937890 0.59353578
vt 0.51388031 0.59455895
vt 0.50842714 0.59483743
vt 0.52045393 0.60476303
vt 0.51493388 0.60559851
vt 0.50941539 0.60587645
vt 0.52093804 0.61681992
vt 0.51537043 0.61739922
vt 0.50985646 0.61765778
vt 0.52026314 0.63088745
vt 0.51481920 0.63115638
vt 0.50941437 0.63124168
vt 0.51879829 0.64698434
vt 0.51350474 0.64717436
vt 0.50820601 0.64728409
vt 0.51706040 0.66451734
vt 0.51171708 0.66457677
vt 0.50654322 0.66463935
vt 0.51687020 0.68166691
vt 0.51148307 0.68206525
vt 0.50605011 0.68224621
vt 0.51827949 0.69714421
vt 0.51327509 0.69781786
vt 0.50825077 0.69828284
vt 0.52043414 0.70879430
vt 0.51528519 0.71004236
vt 0.51004082 0.71110654
vt 0.57313246 0.72324431
vt 0.95886618 0.50671071
vt 0.99547213 0.25077343
vt 0.55774510 0.72303265
vt 0.72693557 0.25464857
vt 0.97995967 0.25113726
vt 0.52590460 0.71842790
vt 0.72743446 0.50996697
vt 0.97479886 0.49839318
vt 0.96106839 0.49681562
vt 0.99886823 0.25959527
vt 0.96421194 0.48610228
vt 0.99905276 0.27031052
vt 0.96664739 0.47561330
vt 0.99856210 0.28076094
vt 0.96925443 0.45099449
vt 0.99772459 0.30489075
vt 0.97057855 0.37975192
vt 0.99556696 0.37409914
vt 0.97018003 0.34780896
vt 0.99685448 0.40489274
vt 0.96936250 0.31408453
vt 0.99908292 0.43723750
vt 0.97073340 0.28204381
vt 0.99711609 0.46800303
vt 0.97033393 0.26597166
vt 0.99539143 0.48343021
vt 0.73613626 0.43327260
vt 0.97633284 0.42393428
vt 0.73420465 0.40090281
vt 0.97328758 0.39290684
vt 0.73577571 0.35560143
vt 0.97262716 0.34940845
vt 0.73675406 0.34078783
vt 0.97352302 0.33519602
vt 0.73697621 0.31185591
vt 0.97595841 0.30748516
vt 0.73506564 0.28505099
vt 0.97829294 0.28169125
vt 0.73043483 0.26365101
vt 0.97937906 0.26035374
vt 0.56521583 0.72341752
vt 0.98755717 0.25091344
vt 0.56067449 0.72328639
vt 0.98289424 0.25092202
vt 0.98301429 0.25091648
vt 0.52198923 0.71960956
vt 0.97886777 0.49864095
vt 0.98027909 0.48411149
vt 0.98538917 0.48385906
vt 0.99038231 0.48361838
vt 0.98171169 0.46877813
vt 0.98663783 0.46854568
vt 0.99178505 0.46829081
vt 0.98333859 0.45407987
vt 0.98843247 0.45374167
vt 0.99356776 0.45333904
vt 0.98327184 0.43899137
vt 0.98858601 0.43843555
vt 0.99385965 0.43783939
vt 0.98182082 0.42334080
vt 0.98728919 0.42261666
vt 0.99272162 0.42184991
vt 0.98021781 0.40756673
vt 0.98579031 0.40667611
vt 0.99134839 0.40576857
vt 0.97895813 0.39201754
vt 0.98464650 0.39104068
vt 0.99032468 0.39006984
vt 0.97847128 0.37693375
vt 0.98418629 0.37594557
vt 0.98989618 0.37498891
vt 0.97828466 0.36249101
vt 0.98407924 0.36144471
vt 0.98987079 0.36043417
vt 0.97841132 0.34830964
vt 0.98421061 0.34728134
vt 0.99000490 0.34629160
vt 0.97922164 0.33418214
vt 0.98490173 0.33328795
vt 0.99057198 0.33242345
vt 0.98040491 0.32027698
vt 0.98596442 0.31949747
vt 0.99150145 0.31874490
vt 0.98147631 0.30674481
vt 0.98692584 0.30609161
vt 0.99234146 0.30546677
vt 0.98241639 0.29355496
vt 0.98768926 0.29309958
vt 0.99294686 0.29267359
vt 0.98332900 0.28149629
vt 0.98840952 0.28131044
vt 0.99349684 0.28106630
vt 0.98414028 0.27099365
vt 0.98914003 0.27091718
vt 0.99412024 0.27068710
vt 0.98411822 0.26045835
vt 0.98905027 0.26043999
vt 0.99402821 0.26014352
vt 0.51661193 0.48819113
vt 0.52228951 0.51386762
vt 0.54967064 0.73312223
vt 0.50223374 0.31358218
vt 0.55013901 0.56414336
vt 0.50128776 0.32626122
vt 0.54978663 0.57649648
vt 0.50084049 0.33887917
vt 0.54952258 0.58877492
vt 0.50133073 0.36397862
vt 0.54960644 0.61319059
vt 0.50359887 0.38821578
vt 0.55062574 0.63676274
vt 0.50482690 0.40015858
vt 0.55087262 0.64838922
vt 0.50618142 0.41209674
vt 0.55111867 0.66001928
vt 0.50738597 0.42411172
vt 0.55086076 0.67167014
vt 0.51498657 0.47549891
vt 0.55201662 0.72133529
vt 0.73113835 0.49556828
vt 0.97504461 0.48432606
vt 0.73483562 0.47989714
vt 0.97682506 0.46895260
vt 0.73692930 0.46480387
vt 0.97822368 0.45429957
vt 0.73713893 0.44939494
vt 0.97794855 0.43942606
vt 0.73501682 0.41700912
vt 0.97466391 0.40833992
vt 0.73426151 0.38525283
vt 0.97280663 0.37788141
vt 0.73485297 0.37031400
vt 0.97261471 0.36354566
vt 0.73729044 0.32613140
vt 0.97479534 0.32117355
vt 0.73615843 0.29791445
vt 0.97714186 0.29409420
vt 0.73334467 0.27414221
vt 0.97921038 0.27100515
vt 0.55365771 0.66762745
vt 0.66922390 0.25254756
vt 0.55407512 0.65195841
vt 0.65281785 0.25232685
vt 0.55454373 0.63665217
vt 0.63683254 0.25196934
vt 0.55482763 0.60874385
vt 0.60769117 0.25197476
vt 0.55473882 0.58287573
vt 0.58071774 0.25282061
vt 0.53725475 0.25640219
vt 0.55692369 0.54077870
vt 0.52400887 0.52715611
vt 0.53004861 0.49240166
vt 0.52332765 0.56771046
vt 0.57091123 0.50334847
vt 0.52394509 0.58013731
vt 0.58373976 0.50490135
vt 0.52562517 0.63035119
vt 0.63561463 0.50719577
vt 0.52207607 0.68118012
vt 0.68820697 0.51222777
vt 0.52545178 0.70761859
vt 0.71606034 0.51097155
vt 0.53147697 0.47477859
vt 0.54529417 0.47738105
vt 0.55855620 0.48025846
vt 0.57144481 0.48229563
vt 0.58375621 0.48350453
vt 0.59562844 0.48414391
vt 0.60755318 0.48455280
vt 0.62033165 0.48536259
vt 0.63482839 0.48698473
vt 0.65129101 0.48920441
vt 0.66914380 0.49137622
vt 0.68634492 0.49243391
vt 0.70166951 0.49229372
vt 0.71451795 0.49340731
vt 0.53143519 0.46090174
vt 0.54588199 0.46231461
vt 0.55931497 0.46422851
vt 0.57225007 0.46576291
vt 0.58456290 0.46659350
vt 0.59631878 0.46723390
vt 0.60800982 0.46791017
vt 0.62048697 0.46903384
vt 0.63469678 0.47096694
vt 0.65070748 0.47335619
vt 0.66804689 0.47531891
vt 0.68556702 0.47667235
vt 0.70150465 0.47768950
vt 0.71565688 0.47879696
vt 0.53068018 0.44760364
vt 0.54621452 0.44907421
vt 0.55985802 0.45071483
vt 0.57294005 0.45194829
vt 0.58524770 0.45276642
vt 0.59709984 0.45358294
vt 0.60895526 0.45472044
vt 0.62153041 0.45633399
vt 0.63555586 0.45832419
vt 0.65118748 0.46020323
vt 0.66783488 0.46141279
vt 0.68471032 0.46253586
vt 0.70076412 0.46342480
vt 0.71646327 0.46424961
vt 0.52977049 0.43508691
vt 0.54611123 0.43635130
vt 0.56005216 0.43782246
vt 0.57304168 0.43904752
vt 0.58546352 0.43988615
vt 0.59778827 0.44102496
vt 0.61021215 0.44269377
vt 0.62293231 0.44459391
vt 0.63657331 0.44626111
vt 0.65151733 0.44744980
vt 0.66740388 0.44793308
vt 0.68345243 0.44810772
vt 0.69916350 0.44854391
vt 0.71577018 0.44919240
vt 0.52892530 0.42322022
vt 0.54568827 0.42416596
vt 0.55963963 0.42533505
vt 0.57260382 0.42628020
vt 0.58537400 0.42723060
vt 0.59815854 0.42853504
vt 0.61092293 0.43024862
vt 0.62371969 0.43205154
vt 0.63708872 0.43341374
vt 0.65149188 0.43393397
vt 0.66677344 0.43363941
vt 0.68226832 0.43323886
vt 0.69764298 0.43327355
vt 0.71446019 0.43357193
vt 0.52791548 0.41150367
vt 0.54465663 0.41211951
vt 0.55855668 0.41288126
vt 0.57177746 0.41366082
vt 0.58487093 0.41460866
vt 0.59799021 0.41580772
vt 0.61104506 0.41730016
vt 0.62402862 0.41879529
vt 0.63735902 0.41969299
vt 0.65151399 0.41946483
vt 0.66638792 0.41867769
vt 0.68153667 0.41815710
vt 0.69661915 0.41808873
vt 0.71327865 0.41807896
vt 0.52666259 0.39971870
vt 0.54336822 0.39996970
vt 0.55739647 0.40040517
vt 0.57087624 0.40104675
vt 0.58424091 0.40186501
vt 0.59758669 0.40286696
vt 0.61082345 0.40400624
vt 0.62400609 0.40501440
vt 0.63757366 0.40532422
vt 0.65175641 0.40474594
vt 0.66645837 0.40379369
vt 0.68133575 0.40311927
vt 0.69614780 0.40292859
vt 0.71246541 0.40260673
vt 0.52546585 0.38780928
vt 0.54225034 0.38773489
vt 0.55642098 0.38791871
vt 0.57010931 0.38833594
vt 0.58367395 0.38891965
vt 0.59714919 0.38961375
vt 0.61053729 0.39031124
vt 0.62397754 0.39078391
vt 0.63779461 0.39076817
vt 0.65214169 0.39001441
vt 0.66693020 0.38910306
vt 0.68173009 0.38846362
vt 0.69642502 0.38825542
vt 0.71245301 0.38751936
vt 0.52438658 0.37579376
vt 0.54129016 0.37543595
vt 0.55575901 0.37542123
vt 0.56971580 0.37563723
vt 0.58342499 0.37592983
vt 0.59691131 0.37616777
vt 0.61031204 0.37634879
vt 0.62393790 0.37646770
vt 0.63803047 0.37633747
vt 0.65267223 0.37558985
vt 0.66764301 0.37471282
vt 0.68248302 0.37417120
vt 0.69704229 0.37389493
vt 0.71319193 0.37320709
vt 0.52341318 0.36364847
vt 0.54048347 0.36317581
vt 0.55528653 0.36296916
vt 0.56958365 0.36310953
vt 0.58350629 0.36318851
vt 0.59708583 0.36301565
vt 0.61057562 0.36282867
vt 0.62434387 0.36274964
vt 0.63860518 0.36249334
vt 0.65346640 0.36168432
vt 0.66853845 0.36073112
vt 0.68350840 0.36020875
vt 0.69803679 0.35985506
vt 0.71405470 0.35906577
vt 0.52263087 0.35123855
vt 0.53998554 0.35089159
vt 0.55520624 0.35103261
vt 0.56992239 0.35142469
vt 0.58416122 0.35152310
vt 0.59809828 0.35133344
vt 0.61186808 0.35093051
vt 0.62564981 0.35039109
vt 0.63989365 0.34978414
vt 0.65475011 0.34868538
vt 0.66971338 0.34724247
vt 0.68446517 0.34624004
vt 0.69898736 0.34594566
vt 0.71505499 0.34488970
vt 0.52235496 0.33874810
vt 0.54001582 0.33885002
vt 0.55557501 0.33957839
vt 0.57061386 0.34034920
vt 0.58533883 0.34075201
vt 0.59977764 0.34080160
vt 0.61378175 0.34026504
vt 0.62756771 0.33921075
vt 0.64161909 0.33779335
vt 0.65615416 0.33613151
vt 0.67082089 0.33411562
vt 0.68522316 0.33250052
vt 0.69958639 0.33197701
vt 0.71564096 0.33076501
vt 0.52247679 0.32643390
vt 0.54027170 0.32702982
vt 0.55617875 0.32833296
vt 0.57149756 0.32948333
vt 0.58674699 0.33032900
vt 0.60156059 0.33057344
vt 0.61570901 0.32991332
vt 0.62946755 0.32832050
vt 0.64323741 0.32603359
vt 0.65724927 0.32358944
vt 0.67145067 0.32105863
vt 0.68551707 0.31904191
vt 0.69974697 0.31818545
vt 0.71588433 0.31668651
vt 0.52277285 0.31418544
vt 0.54040003 0.31511003
vt 0.55645221 0.31681341
vt 0.57206464 0.31831229
vt 0.58771646 0.31950909
vt 0.60284835 0.31982446
vt 0.61710858 0.31897569
vt 0.63074368 0.31695116
vt 0.64418364 0.31393200
vt 0.65771735 0.31080961
vt 0.67148638 0.30786753
vt 0.68545967 0.30556369
vt 0.69995463 0.30417746
vt 0.71606863 0.30267775
vt 0.52347237 0.30192482
vt 0.54017860 0.30267298
vt 0.55602741 0.30440086
vt 0.57175940 0.30603540
vt 0.58769101 0.30737597
vt 0.60302001 0.30776095
vt 0.61726832 0.30687499
vt 0.63082981 0.30457163
vt 0.64404631 0.30106777
vt 0.65739298 0.29773796
vt 0.67105955 0.29460227
vt 0.68549556 0.29198056
vt 0.69982582 0.28978527
vt 0.71530885 0.28893352
vt 0.52454019 0.28915858
vt 0.53957790 0.28976595
vt 0.55493146 0.29088867
vt 0.57041699 0.29179054
vt 0.58616954 0.29278910
vt 0.60138845 0.29339987
vt 0.61566371 0.29285288
vt 0.62933582 0.29054666
vt 0.64273721 0.28722012
vt 0.65619767 0.28466415
vt 0.67015588 0.28218424
vt 0.68555510 0.27976292
vt 0.70020670 0.27796143
vt 0.71506882 0.27774239
vt 0.52488035 0.27610409
vt 0.53919715 0.27536166
vt 0.55373842 0.27473122
vt 0.56842315 0.27434742
vt 0.58333719 0.27446485
vt 0.59801728 0.27463603
vt 0.61221242 0.27423018
vt 0.62612879 0.27271211
vt 0.64028090 0.27117437
vt 0.65444702 0.27027655
vt 0.66913778 0.26917648
vt 0.68541306 0.26785100
vt 0.70136654 0.26806557
vt 0.71547258 0.26728183
vt 0.53461301 0.51421797
vt 0.57507700 0.51497394
vt 0.74465567 0.49295318
vt 0.51017630 0.26316833
vt 0.55160636 0.51479876
vt 0.55812162 0.51401722
vt 0.50719368 0.51691389
vt 0.53423148 0.73346704
vt 0.75521541 0.26769125
vt 0.52898300 0.68389332
vt 0.75033319 0.31879574
vt 0.52843022 0.67206442
vt 0.74924165 0.33096850
vt 0.52835649 0.66021323
vt 0.74758846 0.34307355
vt 0.52841282 0.63646996
vt 0.74385750 0.36736548
vt 0.52840489 0.62470174
vt 0.74207491 0.37943035
vt 0.52809137 0.58832669
vt 0.73888904 0.41687286
vt 0.52830994 0.57590461
vt 0.73889685 0.42965215
vt 0.53003103 0.55173087
vt 0.74005574 0.45439208
vt 0.53260869 0.52677733
vt 0.74311042 0.47991931
vt 0.50753492 0.27599072
vt 0.55171853 0.52734834
vt 0.50491029 0.28865522
vt 0.55062878 0.53982151
vt 0.50355840 0.30085069
vt 0.55048835 0.55172074
vt 0.50082749 0.35147876
vt 0.54941434 0.60104561
vt 0.50237530 0.37616676
vt 0.55018926 0.62504059
vt 0.50885659 0.43622220
vt 0.55070901 0.68341863
vt 0.51084137 0.44860870
vt 0.55110383 0.69541991
vt 0.51312661 0.46181798
vt 0.55198818 0.70819706
vt 0.54331815 0.51398289
vt 0.56641352 0.51416051
vt 0.51917589 0.51430786
vt 0.54649532 0.73349047
vt 0.51474959 0.51509595
vt 0.54198265 0.73365074
vt 0.51034594 0.51600927
vt 0.53749806 0.73362017
vt 0.54708701 0.52734077
vt 0.54217738 0.52723598
vt 0.53735244 0.52705503
vt 0.54600853 0.53985918
vt 0.54115301 0.53973627
vt 0.53610945 0.53943670
vt 0.54547393 0.55177951
vt 0.54025710 0.55179477
vt 0.53502202 0.55175829
vt 0.54490423 0.56411624
vt 0.53955048 0.56399608
vt 0.53421664 0.56385350
vt 0.54439002 0.57626116
vt 0.53905183 0.57599121
vt 0.53372425 0.57590139
vt 0.54404390 0.58864200
vt 0.53866082 0.58849746
vt 0.53338063 0.58844167
vt 0.54393560 0.60086989
vt 0.53859472 0.60070562
vt 0.53340542 0.60057348
vt 0.54413384 0.61295217
vt 0.53882343 0.61273599
vt 0.53358185 0.61266148
vt 0.54468030 0.62472475
vt 0.53919697 0.62445694
vt 0.53378201 0.62442255
vt 0.54499882 0.63650090
vt 0.53943795 0.63625205
vt 0.53388923 0.63622564
vt 0.54525036 0.64823496
vt 0.53960603 0.64807165
vt 0.53390932 0.64806902
vt 0.54553384 0.65993392
vt 0.53981930 0.65985888
vt 0.53401899 0.65993273
vt 0.54531443 0.67188293
vt 0.53974789 0.67200792
vt 0.53410333 0.67200232
vt 0.54523909 0.68345004
vt 0.53989601 0.68341112
vt 0.53454250 0.68360955
vt 0.54615760 0.69564962
vt 0.54094034 0.69590116
vt 0.53562713 0.69617289
vt 0.54691505 0.70827997
vt 0.54165566 0.70833039
vt 0.53636396 0.70839620
vt 0.54719603 0.72132295
vt 0.54217708 0.72137511
vt 0.53703767 0.72147405
vt 0.50797337 0.72224355
vt 0.96771312 0.25109667
vt 0.99314916 0.49779743
vt 0.53173357 0.72168887
vt 0.75447857 0.28007889
vt 0.53092718 0.70861995
vt 0.75268018 0.29341298
vt 0.53015727 0.69642580
vt 0.75115848 0.30586356
vt 0.52832264 0.64831227
vt 0.74586141 0.35526049
vt 0.52822077 0.61285013
vt 0.74062037 0.39164126
vt 0.52806622 0.60058093
vt 0.73953497 0.40429085
vt 0.52883422 0.56364197
vt 0.73938590 0.44218040
vt 0.53124452 0.53908920
vt 0.74148476 0.46728069
vt 0.96819317 0.46388686
vt 0.99816787 0.29229063
vt 0.97020805 0.43749076
vt 0.99701965 0.31804323
vt 0.97084820 0.42352176
vt 0.99622357 0.33161819
vt 0.97091752 0.40935791
vt 0.99577272 0.34537733
vt 0.97067559 0.39481401
vt 0.99562758 0.35949993
vt 0.97044683 0.36416686
vt 0.99595255 0.38915575
vt 0.96974254 0.33092153
vt 0.99809295 0.42108750
vt 0.96977919 0.29778957
vt 0.99874574 0.45289898
vt 0.57582247 0.52881223
vt 0.75881594 0.49520940
vt 0.57668555 0.54167068
vt 0.77196491 0.49740171
vt 0.57587248 0.56870180
vt 0.79922080 0.50300407
vt 0.57505912 0.60771132
vt 0.83878708 0.50832558
vt 0.57410139 0.68753135
vt 0.92098570 0.51259446
vt 0.57562983 0.70181561
vt 0.93577105 0.51076597
vt 0.57668555 0.71407026
vt 0.94822997 0.50780082
vt 0.50311601 0.69855154
vt 0.94257504 0.25087273
vt 0.50076103 0.68206036
vt 0.92530370 0.25216568
vt 0.50307488 0.64724815
vt 0.88907129 0.25166631
vt 0.50402743 0.60558510
vt 0.84608144 0.25338972
vt 0.50132060 0.57060337
vt 0.81053042 0.25998133
vt 0.50306618 0.54487377
vt 0.78399229 0.26292241
vt 0.50438595 0.53078949
vt 0.76954156 0.26505309
vt 0.76054204 0.47819674
vt 0.77440578 0.47965288
vt 0.78788525 0.48213851
vt 0.80120909 0.48453230
vt 0.81432873 0.48676509
vt 0.82764196 0.48845804
vt 0.84146637 0.49008214
vt 0.85613358 0.49206972
vt 0.87108225 0.49328625
vt 0.88701522 0.49393040
vt 0.90493292 0.49475360
vt 0.92263395 0.49504757
vt 0.93615234 0.49436045
vt 0.94720054 0.49413705
vt 0.76055801 0.46551919
vt 0.77459860 0.46597755
vt 0.78838015 0.46750408
vt 0.80209970 0.46981108
vt 0.81540066 0.47178423
vt 0.82890344 0.47344357
vt 0.84285069 0.47517025
vt 0.85743260 0.47759104
vt 0.87220156 0.47971117
vt 0.88797659 0.48110938
vt 0.90530086 0.48242885
vt 0.92247188 0.48367202
vt 0.93624896 0.48396671
vt 0.94779563 0.48423928
vt 0.75944495 0.45290625
vt 0.77464020 0.45349586
vt 0.78861988 0.45486128
vt 0.80246913 0.45685011
vt 0.81594604 0.45875233
vt 0.82962054 0.46035004
vt 0.84356117 0.46194553
vt 0.85790920 0.46423036
vt 0.87271500 0.46695048
vt 0.88836098 0.46940207
vt 0.90512705 0.47115231
vt 0.92147636 0.47249651
vt 0.93582356 0.47340709
vt 0.94860280 0.47432512
vt 0.75921416 0.44095027
vt 0.77461755 0.44130653
vt 0.78873909 0.44258529
vt 0.80273759 0.44439417
vt 0.81635696 0.44607878
vt 0.83008385 0.44747412
vt 0.84398043 0.44880766
vt 0.85821533 0.45079130
vt 0.87305665 0.45355034
vt 0.88847387 0.45668799
vt 0.90451306 0.45936072
vt 0.92026156 0.46114218
vt 0.93467802 0.46233428
vt 0.94902158 0.46336931
vt 0.75898290 0.42907226
vt 0.77479678 0.42938262
vt 0.78899544 0.43058157
vt 0.80310392 0.43209553
vt 0.81684351 0.43357766
vt 0.83058500 0.43473375
vt 0.84436458 0.43571556
vt 0.85847640 0.43732315
vt 0.87323445 0.43997341
vt 0.88858372 0.44350469
vt 0.90402138 0.44693315
vt 0.91934228 0.44956273
vt 0.93376446 0.45107353
vt 0.94885814 0.45169932
vt 0.75926948 0.41718268
vt 0.77518153 0.41755080
vt 0.78955150 0.41850013
vt 0.80380595 0.41979420
vt 0.81759048 0.42105293
vt 0.83121264 0.42200428
vt 0.84482175 0.42271388
vt 0.85870492 0.42383093
vt 0.87326765 0.42650121
vt 0.88853776 0.43020749
vt 0.90396607 0.43399024
vt 0.91907883 0.43708450
vt 0.93355668 0.43886912
vt 0.94911730 0.43917698
vt 0.75997698 0.40507346
vt 0.77602655 0.40551698
vt 0.79053187 0.40634775
vt 0.80477107 0.40740520
vt 0.81846499 0.40839159
vt 0.83195293 0.40911913
vt 0.84535736 0.40962780
vt 0.85894907 0.41051829
vt 0.87326652 0.41293156
vt 0.88836950 0.41656411
vt 0.90372032 0.42050058
vt 0.91883385 0.42384648
vt 0.93344736 0.42580569
vt 0.94931352 0.42595780
vt 0.76110065 0.39268792
vt 0.77729106 0.39331293
vt 0.79171318 0.39405614
vt 0.80578852 0.39483416
vt 0.81931210 0.39553320
vt 0.83265531 0.39603144
vt 0.84595066 0.39632964
vt 0.85931724 0.39719391
vt 0.87332511 0.39920342
vt 0.88815272 0.40255326
vt 0.90324831 0.40652287
vt 0.91828644 0.41001761
vt 0.93297768 0.41211700
vt 0.94899589 0.41221565
vt 0.76277769 0.38050354
vt 0.77888763 0.38129801
vt 0.79326212 0.38174319
vt 0.80708307 0.38216192
vt 0.82028568 0.38247138
vt 0.83335233 0.38270336
vt 0.84650862 0.38278258
vt 0.85974467 0.38348734
vt 0.87350750 0.38542414
vt 0.88793564 0.38844800
vt 0.90276945 0.39209622
vt 0.91772664 0.39544356
vt 0.93250084 0.39752483
vt 0.94869924 0.39762938
vt 0.76468718 0.36852479
vt 0.78090250 0.36924756
vt 0.79515600 0.36953783
vt 0.80870783 0.36958390
vt 0.82160342 0.36942101
vt 0.83431971 0.36922550
vt 0.84712327 0.36906040
vt 0.86014724 0.36949766
vt 0.87362987 0.37126893
vt 0.88782060 0.37408102
vt 0.90250075 0.37734383
vt 0.91736031 0.38022745
vt 0.93221539 0.38198864
vt 0.94863403 0.38206273
vt 0.76679707 0.35645711
vt 0.78306711 0.35711443
vt 0.79716623 0.35727990
vt 0.81046367 0.35701787
vt 0.82307553 0.35648328
vt 0.83546889 0.35594386
vt 0.84791017 0.35541368
vt 0.86055207 0.35533673
vt 0.87368411 0.35664487
vt 0.88769138 0.35898358
vt 0.90232706 0.36186540
vt 0.91722286 0.36452556
vt 0.93219233 0.36601371
vt 0.94866484 0.36603892
vt 0.76887608 0.34429425
vt 0.78511298 0.34498203
vt 0.79903960 0.34503627
vt 0.81207359 0.34452057
vt 0.82442611 0.34370333
vt 0.83654624 0.34283090
vt 0.84867740 0.34192175
vt 0.86099827 0.34123659
vt 0.87380427 0.34173220
vt 0.88758916 0.34339935
vt 0.90230465 0.34585345
vt 0.91739225 0.34820998
vt 0.93245560 0.34940940
vt 0.94887102 0.34936196
vt 0.77050674 0.33235323
vt 0.78666747 0.33300149
vt 0.80052584 0.33286810
vt 0.81334740 0.33207357
vt 0.82546604 0.33098829
vt 0.83733845 0.32977641
vt 0.84921813 0.32849705
vt 0.86134076 0.32732350
vt 0.87399346 0.32688349
vt 0.88777477 0.32784808
vt 0.90258771 0.32969463
vt 0.91776359 0.33159781
vt 0.93280554 0.33248842
vt 0.94904733 0.33233130
vt 0.77154976 0.32069677
vt 0.78737640 0.32114583
vt 0.80143654 0.32065451
vt 0.81412548 0.31957042
vt 0.82601607 0.31827116
vt 0.83761132 0.31680763
vt 0.84925568 0.31521463
vt 0.86128968 0.31367433
vt 0.87404442 0.31276083
vt 0.88832670 0.31289935
vt 0.90357614 0.31402189
vt 0.91876030 0.31529051
vt 0.93354034 0.31588209
vt 0.94931185 0.31549287
vt 0.77268207 0.30869150
vt 0.78799427 0.30886602
vt 0.80171239 0.30806339
vt 0.81436372 0.30680513
vt 0.82601857 0.30538177
vt 0.83727986 0.30384314
vt 0.84871930 0.30221117
vt 0.86074674 0.30070198
vt 0.87395412 0.29950619
vt 0.88893867 0.29906923
vt 0.90476161 0.29941475
vt 0.92020035 0.29990375
vt 0.93485069 0.30012846
vt 0.94981194 0.29954767
vt 0.77378124 0.29587018
vt 0.78845608 0.29604709
vt 0.80163920 0.29505277
vt 0.81410253 0.29352617
vt 0.82560885 0.29193115
vt 0.83671939 0.29041034
vt 0.84797132 0.28901881
vt 0.86013180 0.28760874
vt 0.87389642 0.28617072
vt 0.88955557 0.28535604
vt 0.90590692 0.28541583
vt 0.92151082 0.28570747
vt 0.93609858 0.28554207
vt 0.95088494 0.28456748
vt 0.77355003 0.28220022
vt 0.78797793 0.28192151
vt 0.80093658 0.28062832
vt 0.81316757 0.27900201
vt 0.82478106 0.27711147
vt 0.83602750 0.27522862
vt 0.84730095 0.27361280
vt 0.85956335 0.27224153
vt 0.87364620 0.27118468
vt 0.88987601 0.27058947
vt 0.90686411 0.27062720
vt 0.92291784 0.27101135
vt 0.93782443 0.27092224
vt 0.95277524 0.26934928
vt 0.57626712 0.55463696
vt 0.78502744 0.50023752
vt 0.57527673 0.58176243
vt 0.81239432 0.50540233
vt 0.57516485 0.59472668
vt 0.82555807 0.50696564
vt 0.57473898 0.62144732
vt 0.85281467 0.50977886
vt 0.57433057 0.63644373
vt 0.86821061 0.51103401
vt 0.57399833 0.65273106
vt 0.88505071 0.51172698
vt 0.57342494 0.66971076
vt 0.90257835 0.51270217
vt 0.55697316 0.71320236
vt 0.71674490 0.25269449
vt 0.55688244 0.70082402
vt 0.70413053 0.25077343
vt 0.55468279 0.68489999
vt 0.68732232 0.25162661
vt 0.55487466 0.62255698
vt 0.62211204 0.25168228
vt 0.55498105 0.59579462
vt 0.59417909 0.25212348
vt 0.55506408 0.56893504
vt 0.56624275 0.25364786
vt 0.55157876 0.25514328
vt 0.55525136 0.55469382
vt 0.52399182 0.25954366
vt 0.55652273 0.52751589
vt 0.56988871 0.72338116
vt 0.99222261 0.25082529
vt 0.54793233 0.51432306
vt 0.56180966 0.51386762
vt 0.53869528 0.51386762
vt 0.57101274 0.51447821
vt 0.56171024 0.71311128
vt 0.56677043 0.71322930
vt 0.57186478 0.71355486
vt 0.56107694 0.70079362
vt 0.56583804 0.70088553
vt 0.57083786 0.70128918
vt 0.55920124 0.68541187
vt 0.56417680 0.68602300
vt 0.56929678 0.68683589
vt 0.55836350 0.66790950
vt 0.56340522 0.66834897
vt 0.56847399 0.66899085
vt 0.55896050 0.65195894
vt 0.56401235 0.65213859
vt 0.56914407 0.65238106
vt 0.55930531 0.63601398
vt 0.56453925 0.63573956
vt 0.56965512 0.63596690
vt 0.55982572 0.62186861
vt 0.56490338 0.62137818
vt 0.56994325 0.62121904
vt 0.56013370 0.60792923
vt 0.56550002 0.60756373
vt 0.57049400 0.60758942
vt 0.56006658 0.59512907
vt 0.56518650 0.59466398
vt 0.57032186 0.59455955
vt 0.56004894 0.58236301
vt 0.56538558 0.58186436
vt 0.57051891 0.58164954
vt 0.56034660 0.56822765
vt 0.56552339 0.56794965
vt 0.57070976 0.56833613
vt 0.56068105 0.55447793
vt 0.56622392 0.55428684
vt 0.57138669 0.55435514
vt 0.56156063 0.54116619
vt 0.56670332 0.54129565
vt 0.57181990 0.54146183
vt 0.56137848 0.52778196
vt 0.56637418 0.52809262
vt 0.57123542 0.52845770
f 41/41 40/40 43/43
f 41/41 43/43 44/44
f 38/38 41/41 605/605
f 38/38 605/605 516/516
f 189/189 8/8 45/45
f 189/189 45/45 42/42
f 81/81 84/84 85/85
f 81/81 85/85 82/82
f 189/189 42/42 39/39
f 189/189 39/39 187/187
f 39/39 34/34 3/3
f 39/39 3/3 187/187
f 36/36 40/40 41/41
f 36/36 41/41 38/38
f 40/40 39/39 42/42
f 40/40 42/42 43/43
f 605/605 41/41 44/44
f 605/605 44/44 607/607
f 39/39 40/40 36/36
f 39/39 36/36 34/34
f 82/82 85/85 86/86
f 82/82 86/86 83/83
f 125/125 127/127 85/85
f 125/125 85/85 84/84
f 8/8 191/191 48/48
f 8/8 48/48 45/45
f 86/86 129/129 6/6
f 86/86 6/6 623/623
f 44/44 43/43 46/46
f 44/44 46/46 47/47
f 191/191 193/193 51/51
f 191/191 51/51 48/48
f 47/47 46/46 49/49
f 47/47 49/49 50/50
f 193/193 195/195 54/54
f 193/193 54/54 51/51
f 42/42 45/45 46/46
f 42/42 46/46 43/43
f 44/44 47/47 22/22
f 44/44 22/22 607/607
f 50/50 49/49 52/52
f 50/50 52/52 53/53
f 195/195 10/10 57/57
f 195/195 57/57 54/54
f 46/46 45/45 48/48
f 46/46 48/48 49/49
f 47/47 50/50 609/609
f 47/47 609/609 22/22
f 53/53 52/52 55/55
f 53/53 55/55 56/56
f 10/10 197/197 60/60
f 10/10 60/60 57/57
f 49/49 48/48 51/51
f 49/49 51/51 52/52
f 50/50 53/53 611/611
f 50/50 611/611 609/609
f 56/56 55/55 58/58
f 56/56 58/58 59/59
f 197/197 199/199 63/63
f 197/197 63/63 60/60
f 52/52 51/51 54/54
f 52/52 54/54 55/55
f 53/53 56/56 613/613
f 53/53 613/613 611/611
f 59/59 58/58 61/61
f 59/59 61/61 62/62
f 199/199 12/12 66/66
f 199/199 66/66 63/63
f 55/55 54/54 57/57
f 55/55 57/57 58/58
f 56/56 59/59 615/615
f 56/56 615/615 613/613
f 62/62 61/61 64/64
f 62/62 64/64 65/65
f 12/12 14/14 69/69
f 12/12 69/69 66/66
f 58/58 57/57 60/60
f 58/58 60/60 61/61
f 59/59 62/62 617/617
f 59/59 617/617 615/615
f 65/65 64/64 67/67
f 65/65 67/67 68/68
f 14/14 201/201 72/72
f 14/14 72/72 69/69
f 61/61 60/60 63/63
f 61/61 63/63 64/64
f 62/62 65/65 24/24
f 62/62 24/24 617/617
f 68/68 67/67 70/70
f 68/68 70/70 71/71
f 201/201 16/16 75/75
f 201/201 75/75 72/72
f 64/64 63/63 66/66
f 64/64 66/66 67/67
f 65/65 68/68 26/26
f 65/65 26/26 24/24
f 71/71 70/70 73/73
f 71/71 73/73 74/74
f 16/16 18/18 78/78
f 16/16 78/78 75/75
f 67/67 66/66 69/69
f 67/67 69/69 70/70
f 68/68 71/71 28/28
f 68/68 28/28 26/26
f 74/74 73/73 76/76
f 74/74 76/76 77/77
f 18/18 203/203 81/81
f 18/18 81/81 78/78
f 70/70 69/69 72/72
f 70/70 72/72 73/73
f 71/71 74/74 30/30
f 71/71 30/30 28/28
f 77/77 76/76 79/79
f 77/77 79/79 80/80
f 203/203 20/20 84/84
f 203/203 84/84 81/81
f 73/73 72/72 75/75
f 73/73 75/75 76/76
f 74/74 77/77 619/619
f 74/74 619/619 30/30
f 80/80 79/79 82/82
f 80/80 82/82 83/83
f 32/32 83/83 86/86
f 32/32 86/86 623/623
f 76/76 75/75 78/78
f 76/76 78/78 79/79
f 77/77 80/80 621/621
f 77/77 621/621 619/619
f 79/79 78/78 81/81
f 79/79 81/81 82/82
f 80/80 83/83 32/32
f 80/80 32/32 621/621
f 86/86 85/85 127/127
f 86/86 127/127 129/129
f 20/20 182/182 125/125
f 20/20 125/125 84/84
f 132/132 124/124 181/181
f 132/132 181/181 91/91
f 103/103 663/663 137/137
f 103/103 137/137 140/140
f 174/174 177/177 178/178
f 174/174 178/178 175/175
f 960/960 131/131 179/179
f 960/960 179/179 178/178
f 123/123 179/179 131/131
f 123/123 131/131 89/89
f 177/177 958/958 960/960
f 177/177 960/960 178/178
f 174/174 255/255 257/257
f 174/174 257/257 177/177
f 175/175 178/178 179/179
f 175/175 179/179 176/176
f 105/105 103/103 140/140
f 105/105 140/140 143/143
f 132/132 133/133 126/126
f 132/132 126/126 124/124
f 185/185 958/958 177/177
f 185/185 177/177 257/257
f 107/107 105/105 143/143
f 107/107 143/143 146/146
f 175/175 176/176 173/173
f 175/175 173/173 172/172
f 172/172 173/173 170/170
f 172/172 170/170 169/169
f 169/169 170/170 167/167
f 169/169 167/167 166/166
f 166/166 167/167 164/164
f 166/166 164/164 163/163
f 163/163 164/164 161/161
f 163/163 161/161 160/160
f 160/160 161/161 158/158
f 160/160 158/158 157/157
f 157/157 158/158 155/155
f 157/157 155/155 154/154
f 154/154 155/155 152/152
f 154/154 152/152 151/151
f 151/151 152/152 149/149
f 151/151 149/149 148/148
f 148/148 149/149 146/146
f 148/148 146/146 145/145
f 145/145 146/146 143/143
f 145/145 143/143 142/142
f 142/142 143/143 140/140
f 142/142 140/140 139/139
f 139/139 140/140 137/137
f 139/139 137/137 136/136
f 136/136 137/137 134/134
f 136/136 134/134 133/133
f 663/663 101/101 134/134
f 663/663 134/134 137/137
f 133/133 134/134 128/128
f 133/133 128/128 126/126
f 135/135 136/136 133/133
f 135/135 133/133 132/132
f 171/171 253/253 255/255
f 171/171 255/255 174/174
f 168/168 251/251 253/253
f 168/168 253/253 171/171
f 165/165 249/249 251/251
f 165/165 251/251 168/168
f 162/162 247/247 249/249
f 162/162 249/249 165/165
f 123/123 121/121 176/176
f 123/123 176/176 179/179
f 159/159 99/99 247/247
f 159/159 247/247 162/162
f 121/121 119/119 173/173
f 121/121 173/173 176/176
f 156/156 245/245 99/99
f 156/156 99/99 159/159
f 119/119 669/669 170/170
f 119/119 170/170 173/173
f 153/153 97/97 245/245
f 153/153 245/245 156/156
f 669/669 667/667 167/167
f 669/669 167/167 170/170
f 150/150 243/243 97/97
f 150/150 97/97 153/153
f 667/667 665/665 164/164
f 667/667 164/164 167/167
f 147/147 241/241 243/243
f 147/147 243/243 150/150
f 665/665 117/117 161/161
f 665/665 161/161 164/164
f 144/144 239/239 241/241
f 144/144 241/241 147/147
f 117/117 115/115 158/158
f 117/117 158/158 161/161
f 141/141 95/95 239/239
f 141/141 239/239 144/144
f 115/115 113/113 155/155
f 115/115 155/155 158/158
f 138/138 237/237 95/95
f 138/138 95/95 141/141
f 113/113 111/111 152/152
f 113/113 152/152 155/155
f 135/135 93/93 237/237
f 135/135 237/237 138/138
f 111/111 109/109 149/149
f 111/111 149/149 152/152
f 109/109 107/107 146/146
f 109/109 146/146 149/149
f 5/5 128/128 134/134
f 5/5 134/134 101/101
f 138/138 139/139 136/136
f 138/138 136/136 135/135
f 141/141 142/142 139/139
f 141/141 139/139 138/138
f 144/144 145/145 142/142
f 144/144 142/142 141/141
f 147/147 148/148 145/145
f 147/147 145/145 144/144
f 150/150 151/151 148/148
f 150/150 148/148 147/147
f 153/153 154/154 151/151
f 153/153 151/151 150/150
f 156/156 157/157 154/154
f 156/156 154/154 153/153
f 159/159 160/160 157/157
f 159/159 157/157 156/156
f 162/162 163/163 160/160
f 162/162 160/160 159/159
f 165/165 166/166 163/163
f 165/165 163/163 162/162
f 168/168 169/169 166/166
f 168/168 166/166 165/165
f 171/171 172/172 169/169
f 171/171 169/169 168/168
f 174/174 175/175 172/172
f 174/174 172/172 171/171
f 135/135 132/132 91/91
f 135/135 91/91 93/93
f 511/511 512/512 496/496
f 511/511 496/496 495/495
f 306/306 290/290 17/17
f 306/306 17/17 15/15
f 290/290 274/274 202/202
f 290/290 202/202 17/17
f 274/274 258/258 19/19
f 274/274 19/19 202/202
f 512/512 531/531 533/533
f 512/512 533/533 513/513
f 510/510 511/511 495/495
f 510/510 495/495 494/494
f 462/462 478/478 479/479
f 462/462 479/479 463/463
f 446/446 462/462 463/463
f 446/446 463/463 447/447
f 430/430 446/446 447/447
f 430/430 447/447 431/431
f 414/414 430/430 431/431
f 414/414 431/431 415/415
f 398/398 414/414 415/415
f 398/398 415/415 399/399
f 382/382 398/398 399/399
f 382/382 399/399 383/383
f 366/366 382/382 383/383
f 366/366 383/383 367/367
f 350/350 366/366 367/367
f 350/350 367/367 351/351
f 334/334 350/350 351/351
f 334/334 351/351 335/335
f 318/318 334/334 335/335
f 318/318 335/335 319/319
f 302/302 318/318 319/319
f 302/302 319/319 303/303
f 286/286 302/302 303/303
f 286/286 303/303 287/287
f 270/270 286/286 287/287
f 270/270 287/287 271/271
f 250/250 270/270 271/271
f 250/250 271/271 252/252
f 511/511 529/529 531/531
f 511/511 531/531 512/512
f 272/272 288/288 289/289
f 272/272 289/289 273/273
f 498/498 186/186 1/1
f 498/498 1/1 222/222
f 258/258 90/90 180/180
f 258/258 180/180 19/19
f 288/288 304/304 305/305
f 288/288 305/305 289/289
f 304/304 320/320 321/321
f 304/304 321/321 305/305
f 322/322 306/306 15/15
f 322/322 15/15 200/200
f 320/320 336/336 337/337
f 320/320 337/337 321/321
f 338/338 322/322 200/200
f 338/338 200/200 13/13
f 336/336 352/352 353/353
f 336/336 353/353 337/337
f 354/354 338/338 13/13
f 354/354 13/13 11/11
f 352/352 368/368 369/369
f 352/352 369/369 353/353
f 370/370 354/354 11/11
f 370/370 11/11 198/198
f 368/368 384/384 385/385
f 368/368 385/385 369/369
f 386/386 370/370 198/198
f 386/386 198/198 196/196
f 384/384 400/400 401/401
f 384/384 401/401 385/385
f 402/402 386/386 196/196
f 402/402 196/196 9/9
f 400/400 416/416 417/417
f 400/400 417/417 401/401
f 418/418 402/402 9/9
f 418/418 9/9 194/194
f 416/416 432/432 433/433
f 416/416 433/433 417/417
f 434/434 418/418 194/194
f 434/434 194/194 192/192
f 432/432 448/448 449/449
f 432/432 449/449 433/433
f 450/450 434/434 192/192
f 450/450 192/192 190/190
f 448/448 464/464 465/465
f 448/448 465/465 449/449
f 466/466 450/450 190/190
f 466/466 190/190 7/7
f 464/464 480/480 481/481
f 464/464 481/481 465/465
f 482/482 466/466 7/7
f 482/482 7/7 188/188
f 186/186 498/498 482/482
f 186/186 482/482 188/188
f 512/512 513/513 497/497
f 512/512 497/497 496/496
f 509/509 510/510 494/494
f 509/509 494/494 493/493
f 476/476 492/492 493/493
f 476/476 493/493 477/477
f 478/478 494/494 495/495
f 478/478 495/495 479/479
f 508/508 509/509 493/493
f 508/508 493/493 492/492
f 509/509 234/234 527/527
f 509/509 527/527 510/510
f 475/475 491/491 492/492
f 475/475 492/492 476/476
f 508/508 525/525 234/234
f 508/508 234/234 509/509
f 477/477 493/493 494/494
f 477/477 494/494 478/478
f 507/507 508/508 492/492
f 507/507 492/492 491/491
f 474/474 490/490 491/491
f 474/474 491/491 475/475
f 507/507 523/523 525/525
f 507/507 525/525 508/508
f 506/506 507/507 491/491
f 506/506 491/491 490/490
f 473/473 489/489 490/490
f 473/473 490/490 474/474
f 506/506 232/232 523/523
f 506/506 523/523 507/507
f 505/505 506/506 490/490
f 505/505 490/490 489/489
f 472/472 488/488 489/489
f 472/472 489/489 473/473
f 505/505 521/521 232/232
f 505/505 232/232 506/506
f 504/504 505/505 489/489
f 504/504 489/489 488/488
f 471/471 487/487 488/488
f 471/471 488/488 472/472
f 504/504 230/230 521/521
f 504/504 521/521 505/505
f 503/503 504/504 488/488
f 503/503 488/488 487/487
f 470/470 486/486 487/487
f 470/470 487/487 471/471
f 503/503 228/228 230/230
f 503/503 230/230 504/504
f 502/502 503/503 487/487
f 502/502 487/487 486/486
f 469/469 485/485 486/486
f 469/469 486/486 470/470
f 502/502 519/519 228/228
f 502/502 228/228 503/503
f 501/501 502/502 486/486
f 501/501 486/486 485/485
f 468/468 484/484 485/485
f 468/468 485/485 469/469
f 501/501 226/226 519/519
f 501/501 519/519 502/502
f 500/500 501/501 485/485
f 500/500 485/485 484/484
f 467/467 483/483 484/484
f 467/467 484/484 468/468
f 500/500 517/517 226/226
f 500/500 226/226 501/501
f 499/499 500/500 484/484
f 499/499 484/484 483/483
f 466/466 482/482 483/483
f 466/466 483/483 467/467
f 499/499 224/224 517/517
f 499/499 517/517 500/500
f 498/498 499/499 483/483
f 498/498 483/483 482/482
f 465/465 481/481 937/937
f 465/465 937/937 220/220
f 498/498 222/222 224/224
f 498/498 224/224 499/499
f 481/481 497/497 939/939
f 481/481 939/939 937/937
f 480/480 496/496 497/497
f 480/480 497/497 481/481
f 463/463 479/479 480/480
f 463/463 480/480 464/464
f 479/479 495/495 496/496
f 479/479 496/496 480/480
f 513/513 941/941 939/939
f 513/513 939/939 497/497
f 460/460 476/476 477/477
f 460/460 477/477 461/461
f 459/459 475/475 476/476
f 459/459 476/476 460/460
f 458/458 474/474 475/475
f 458/458 475/475 459/459
f 457/457 473/473 474/474
f 457/457 474/474 458/458
f 456/456 472/472 473/473
f 456/456 473/473 457/457
f 455/455 471/471 472/472
f 455/455 472/472 456/456
f 454/454 470/470 471/471
f 454/454 471/471 455/455
f 453/453 469/469 470/470
f 453/453 470/470 454/454
f 452/452 468/468 469/469
f 452/452 469/469 453/453
f 451/451 467/467 468/468
f 451/451 468/468 452/452
f 450/450 466/466 467/467
f 450/450 467/467 451/451
f 449/449 465/465 220/220
f 449/449 220/220 218/218
f 447/447 463/463 464/464
f 447/447 464/464 448/448
f 444/444 460/460 461/461
f 444/444 461/461 445/445
f 461/461 477/477 478/478
f 461/461 478/478 462/462
f 443/443 459/459 460/460
f 443/443 460/460 444/444
f 442/442 458/458 459/459
f 442/442 459/459 443/443
f 441/441 457/457 458/458
f 441/441 458/458 442/442
f 440/440 456/456 457/457
f 440/440 457/457 441/441
f 439/439 455/455 456/456
f 439/439 456/456 440/440
f 438/438 454/454 455/455
f 438/438 455/455 439/439
f 437/437 453/453 454/454
f 437/437 454/454 438/438
f 436/436 452/452 453/453
f 436/436 453/453 437/437
f 435/435 451/451 452/452
f 435/435 452/452 436/436
f 434/434 450/450 451/451
f 434/434 451/451 435/435
f 433/433 449/449 218/218
f 433/433 218/218 935/935
f 431/431 447/447 448/448
f 431/431 448/448 432/432
f 428/428 444/444 445/445
f 428/428 445/445 429/429
f 445/445 461/461 462/462
f 445/445 462/462 446/446
f 427/427 443/443 444/444
f 427/427 444/444 428/428
f 426/426 442/442 443/443
f 426/426 443/443 427/427
f 425/425 441/441 442/442
f 425/425 442/442 426/426
f 424/424 440/440 441/441
f 424/424 441/441 425/425
f 423/423 439/439 440/440
f 423/423 440/440 424/424
f 422/422 438/438 439/439
f 422/422 439/439 423/423
f 421/421 437/437 438/438
f 421/421 438/438 422/422
f 420/420 436/436 437/437
f 420/420 437/437 421/421
f 419/419 435/435 436/436
f 419/419 436/436 420/420
f 418/418 434/434 435/435
f 418/418 435/435 419/419
f 417/417 433/433 935/935
f 417/417 935/935 216/216
f 415/415 431/431 432/432
f 415/415 432/432 416/416
f 412/412 428/428 429/429
f 412/412 429/429 413/413
f 429/429 445/445 446/446
f 429/429 446/446 430/430
f 411/411 427/427 428/428
f 411/411 428/428 412/412
f 410/410 426/426 427/427
f 410/410 427/427 411/411
f 409/409 425/425 426/426
f 409/409 426/426 410/410
f 408/408 424/424 425/425
f 408/408 425/425 409/409
f 407/407 423/423 424/424
f 407/407 424/424 408/408
f 406/406 422/422 423/423
f 406/406 423/423 407/407
f 405/405 421/421 422/422
f 405/405 422/422 406/406
f 404/404 420/420 421/421
f 404/404 421/421 405/405
f 403/403 419/419 420/420
f 403/403 420/420 404/404
f 402/402 418/418 419/419
f 402/402 419/419 403/403
f 401/401 417/417 216/216
f 401/401 216/216 214/214
f 399/399 415/415 416/416
f 399/399 416/416 400/400
f 396/396 412/412 413/413
f 396/396 413/413 397/397
f 413/413 429/429 430/430
f 413/413 430/430 414/414
f 395/395 411/411 412/412
f 395/395 412/412 396/396
f 394/394 410/410 411/411
f 394/394 411/411 395/395
f 393/393 409/409 410/410
f 393/393 410/410 394/394
f 392/392 408/408 409/409
f 392/392 409/409 393/393
f 391/391 407/407 408/408
f 391/391 408/408 392/392
f 390/390 406/406 407/407
f 390/390 407/407 391/391
f 389/389 405/405 406/406
f 389/389 406/406 390/390
f 388/388 404/404 405/405
f 388/388 405/405 389/389
f 387/387 403/403 404/404
f 387/387 404/404 388/388
f 386/386 402/402 403/403
f 386/386 403/403 387/387
f 385/385 401/401 214/214
f 385/385 214/214 933/933
f 383/383 399/399 400/400
f 383/383 400/400 384/384
f 380/380 396/396 397/397
f 380/380 397/397 381/381
f 397/397 413/413 414/414
f 397/397 414/414 398/398
f 379/379 395/395 396/396
f 379/379 396/396 380/380
f 378/378 394/394 395/395
f 378/378 395/395 379/379
f 377/377 393/393 394/394
f 377/377 394/394 378/378
f 376/376 392/392 393/393
f 376/376 393/393 377/377
f 375/375 391/391 392/392
f 375/375 392/392 376/376
f 374/374 390/390 391/391
f 374/374 391/391 375/375
f 373/373 389/389 390/390
f 373/373 390/390 374/374
f 372/372 388/388 389/389
f 372/372 389/389 373/373
f 371/371 387/387 388/388
f 371/371 388/388 372/372
f 370/370 386/386 387/387
f 370/370 387/387 371/371
f 369/369 385/385 933/933
f 369/369 933/933 212/212
f 367/367 383/383 384/384
f 367/367 384/384 368/368
f 364/364 380/380 381/381
f 364/364 381/381 365/365
f 381/381 397/397 398/398
f 381/381 398/398 382/382
f 363/363 379/379 380/380
f 363/363 380/380 364/364
f 362/362 378/378 379/379
f 362/362 379/379 363/363
f 361/361 377/377 378/378
f 361/361 378/378 362/362
f 360/360 376/376 377/377
f 360/360 377/377 361/361
f 359/359 375/375 376/376
f 359/359 376/376 360/360
f 358/358 374/374 375/375
f 358/358 375/375 359/359
f 357/357 373/373 374/374
f 357/357 374/374 358/358
f 356/356 372/372 373/373
f 356/356 373/373 357/357
f 355/355 371/371 372/372
f 355/355 372/372 356/356
f 354/354 370/370 371/371
f 354/354 371/371 355/355
f 353/353 369/369 212/212
f 353/353 212/212 931/931
f 351/351 367/367 368/368
f 351/351 368/368 352/352
f 348/348 364/364 365/365
f 348/348 365/365 349/349
f 365/365 381/381 382/382
f 365/365 382/382 366/366
f 347/347 363/363 364/364
f 347/347 364/364 348/348
f 346/346 362/362 363/363
f 346/346 363/363 347/347
f 345/345 361/361 362/362
f 345/345 362/362 346/346
f 344/344 360/360 361/361
f 344/344 361/361 345/345
f 343/343 359/359 360/360
f 343/343 360/360 344/344
f 342/342 358/358 359/359
f 342/342 359/359 343/343
f 341/341 357/357 358/358
f 341/341 358/358 342/342
f 340/340 356/356 357/357
f 340/340 357/357 341/341
f 339/339 355/355 356/356
f 339/339 356/356 340/340
f 338/338 354/354 355/355
f 338/338 355/355 339/339
f 337/337 353/353 931/931
f 337/337 931/931 210/210
f 335/335 351/351 352/352
f 335/335 352/352 336/336
f 332/332 348/348 349/349
f 332/332 349/349 333/333
f 349/349 365/365 366/366
f 349/349 366/366 350/350
f 331/331 347/347 348/348
f 331/331 348/348 332/332
f 330/330 346/346 347/347
f 330/330 347/347 331/331
f 329/329 345/345 346/346
f 329/329 346/346 330/330
f 328/328 344/344 345/345
f 328/328 345/345 329/329
f 327/327 343/343 344/344
f 327/327 344/344 328/328
f 326/326 342/342 343/343
f 326/326 343/343 327/327
f 325/325 341/341 342/342
f 325/325 342/342 326/326
f 324/324 340/340 341/341
f 324/324 341/341 325/325
f 323/323 339/339 340/340
f 323/323 340/340 324/324
f 322/322 338/338 339/339
f 322/322 339/339 323/323
f 321/321 337/337 210/210
f 321/321 210/210 208/208
f 319/319 335/335 336/336
f 319/319 336/336 320/320
f 316/316 332/332 333/333
f 316/316 333/333 317/317
f 333/333 349/349 350/350
f 333/333 350/350 334/334
f 315/315 331/331 332/332
f 315/315 332/332 316/316
f 314/314 330/330 331/331
f 314/314 331/331 315/315
f 313/313 329/329 330/330
f 313/313 330/330 314/314
f 312/312 328/328 329/329
f 312/312 329/329 313/313
f 311/311 327/327 328/328
f 311/311 328/328 312/312
f 310/310 326/326 327/327
f 310/310 327/327 311/311
f 309/309 325/325 326/326
f 309/309 326/326 310/310
f 308/308 324/324 325/325
f 308/308 325/325 309/309
f 307/307 323/323 324/324
f 307/307 324/324 308/308
f 306/306 322/322 323/323
f 306/306 323/323 307/307
f 305/305 321/321 208/208
f 305/305 208/208 206/206
f 303/303 319/319 320/320
f 303/303 320/320 304/304
f 300/300 316/316 317/317
f 300/300 317/317 301/301
f 317/317 333/333 334/334
f 317/317 334/334 318/318
f 299/299 315/315 316/316
f 299/299 316/316 300/300
f 298/298 314/314 315/315
f 298/298 315/315 299/299
f 297/297 313/313 314/314
f 297/297 314/314 298/298
f 296/296 312/312 313/313
f 296/296 313/313 297/297
f 295/295 311/311 312/312
f 295/295 312/312 296/296
f 294/294 310/310 311/311
f 294/294 311/311 295/295
f 293/293 309/309 310/310
f 293/293 310/310 294/294
f 292/292 308/308 309/309
f 292/292 309/309 293/293
f 291/291 307/307 308/308
f 291/291 308/308 292/292
f 290/290 306/306 307/307
f 290/290 307/307 291/291
f 289/289 305/305 206/206
f 289/289 206/206 929/929
f 287/287 303/303 304/304
f 287/287 304/304 288/288
f 284/284 300/300 301/301
f 284/284 301/301 285/285
f 301/301 317/317 318/318
f 301/301 318/318 302/302
f 283/283 299/299 300/300
f 283/283 300/300 284/284
f 282/282 298/298 299/299
f 282/282 299/299 283/283
f 281/281 297/297 298/298
f 281/281 298/298 282/282
f 280/280 296/296 297/297
f 280/280 297/297 281/281
f 279/279 295/295 296/296
f 279/279 296/296 280/280
f 278/278 294/294 295/295
f 278/278 295/295 279/279
f 277/277 293/293 294/294
f 277/277 294/294 278/278
f 276/276 292/292 293/293
f 276/276 293/293 277/277
f 275/275 291/291 292/292
f 275/275 292/292 276/276
f 274/274 290/290 291/291
f 274/274 291/291 275/275
f 273/273 289/289 929/929
f 273/273 929/929 204/204
f 271/271 287/287 288/288
f 271/271 288/288 272/272
f 268/268 284/284 285/285
f 268/268 285/285 269/269
f 285/285 301/301 302/302
f 285/285 302/302 286/286
f 267/267 283/283 284/284
f 267/267 284/284 268/268
f 266/266 282/282 283/283
f 266/266 283/283 267/267
f 265/265 281/281 282/282
f 265/265 282/282 266/266
f 264/264 280/280 281/281
f 264/264 281/281 265/265
f 263/263 279/279 280/280
f 263/263 280/280 264/264
f 262/262 278/278 279/279
f 262/262 279/279 263/263
f 261/261 277/277 278/278
f 261/261 278/278 262/262
f 260/260 276/276 277/277
f 260/260 277/277 261/261
f 259/259 275/275 276/276
f 259/259 276/276 260/260
f 258/258 274/274 275/275
f 258/258 275/275 259/259
f 256/256 273/273 204/204
f 256/256 204/204 183/183
f 252/252 271/271 272/272
f 252/252 272/272 254/254
f 269/269 285/285 286/286
f 269/269 286/286 270/270
f 510/510 527/527 529/529
f 510/510 529/529 511/511
f 248/248 269/269 270/270
f 248/248 270/270 250/250
f 246/246 268/268 269/269
f 246/246 269/269 248/248
f 98/98 267/267 268/268
f 98/98 268/268 246/246
f 244/244 266/266 267/267
f 244/244 267/267 98/98
f 96/96 265/265 266/266
f 96/96 266/266 244/244
f 242/242 264/264 265/265
f 242/242 265/265 96/96
f 240/240 263/263 264/264
f 240/240 264/264 242/242
f 238/238 262/262 263/263
f 238/238 263/263 240/240
f 94/94 261/261 262/262
f 94/94 262/262 238/238
f 236/236 260/260 261/261
f 236/236 261/261 94/94
f 92/92 259/259 260/260
f 92/92 260/260 236/236
f 90/90 258/258 259/259
f 90/90 259/259 92/92
f 513/513 533/533 926/926
f 513/513 926/926 941/941
f 254/254 272/272 273/273
f 254/254 273/273 256/256
f 534/534 532/532 556/556
f 534/534 556/556 553/553
f 928/928 534/534 553/553
f 928/928 553/553 954/954
f 596/596 599/599 600/600
f 596/596 600/600 597/597
f 597/597 600/600 536/536
f 597/597 536/536 647/647
f 557/557 558/558 555/555
f 557/557 555/555 554/554
f 532/532 530/530 559/559
f 532/532 559/559 556/556
f 530/530 528/528 562/562
f 530/530 562/562 559/559
f 557/557 560/560 561/561
f 557/557 561/561 558/558
f 556/556 559/559 560/560
f 556/556 560/560 557/557
f 35/35 37/37 600/600
f 35/35 600/600 599/599
f 528/528 235/235 565/565
f 528/528 565/565 562/562
f 560/560 563/563 564/564
f 560/560 564/564 561/561
f 560/560 559/559 562/562
f 560/560 562/562 563/563
f 554/554 553/553 556/556
f 554/554 556/556 557/557
f 235/235 526/526 568/568
f 235/235 568/568 565/565
f 563/563 566/566 567/567
f 563/563 567/567 564/564
f 563/563 562/562 565/565
f 563/563 565/565 566/566
f 552/552 555/555 661/661
f 552/552 661/661 603/603
f 526/526 524/524 571/571
f 526/526 571/571 568/568
f 566/566 569/569 570/570
f 566/566 570/570 567/567
f 566/566 565/565 568/568
f 566/566 568/568 569/569
f 555/555 558/558 659/659
f 555/555 659/659 661/661
f 524/524 233/233 574/574
f 524/524 574/574 571/571
f 569/569 572/572 573/573
f 569/569 573/573 570/570
f 569/569 568/568 571/571
f 569/569 571/571 572/572
f 558/558 561/561 550/550
f 558/558 550/550 659/659
f 233/233 522/522 577/577
f 233/233 577/577 574/574
f 572/572 575/575 576/576
f 572/572 576/576 573/573
f 572/572 571/571 574/574
f 572/572 574/574 575/575
f 561/561 564/564 548/548
f 561/561 548/548 550/550
f 522/522 231/231 580/580
f 522/522 580/580 577/577
f 575/575 578/578 579/579
f 575/575 579/579 576/576
f 575/575 574/574 577/577
f 575/575 577/577 578/578
f 564/564 567/567 546/546
f 564/564 546/546 548/548
f 231/231 229/229 583/583
f 231/231 583/583 580/580
f 578/578 581/581 582/582
f 578/578 582/582 579/579
f 578/578 577/577 580/580
f 578/578 580/580 581/581
f 567/567 570/570 544/544
f 567/567 544/544 546/546
f 229/229 520/520 586/586
f 229/229 586/586 583/583
f 581/581 584/584 585/585
f 581/581 585/585 582/582
f 581/581 580/580 583/583
f 581/581 583/583 584/584
f 570/570 573/573 542/542
f 570/570 542/542 544/544
f 520/520 227/227 589/589
f 520/520 589/589 586/586
f 584/584 587/587 588/588
f 584/584 588/588 585/585
f 584/584 583/583 586/586
f 584/584 586/586 587/587
f 573/573 576/576 657/657
f 573/573 657/657 542/542
f 227/227 518/518 592/592
f 227/227 592/592 589/589
f 590/590 591/591 588/588
f 590/590 588/588 587/587
f 587/587 586/586 589/589
f 587/587 589/589 590/590
f 576/576 579/579 655/655
f 576/576 655/655 657/657
f 518/518 225/225 595/595
f 518/518 595/595 592/592
f 598/598 223/223 2/2
f 598/598 2/2 33/33
f 590/590 593/593 594/594
f 590/590 594/594 591/591
f 590/590 589/589 592/592
f 590/590 592/592 593/593
f 579/579 582/582 653/653
f 579/579 653/653 655/655
f 225/225 223/223 598/598
f 225/225 598/598 595/595
f 599/599 598/598 33/33
f 599/599 33/33 35/35
f 593/593 596/596 597/597
f 593/593 597/597 594/594
f 593/593 592/592 595/595
f 593/593 595/595 596/596
f 582/582 585/585 540/540
f 582/582 540/540 653/653
f 594/594 597/597 647/647
f 594/594 647/647 538/538
f 591/591 594/594 538/538
f 591/591 538/538 649/649
f 595/595 598/598 599/599
f 595/595 599/599 596/596
f 585/585 588/588 651/651
f 585/585 651/651 540/540
f 554/554 555/555 552/552
f 554/554 552/552 956/956
f 588/588 591/591 649/649
f 588/588 649/649 651/651
f 515/515 536/536 600/600
f 515/515 600/600 37/37
f 553/553 554/554 956/956
f 553/553 956/956 954/954
f 701/701 717/717 620/620
f 701/701 620/620 31/31
f 120/120 122/122 670/670
f 120/120 670/670 671/671
f 733/733 749/749 29/29
f 733/733 29/29 618/618
f 549/549 547/547 913/913
f 549/549 913/913 912/912
f 687/687 688/688 672/672
f 687/687 672/672 671/671
f 703/703 704/704 688/688
f 703/703 688/688 687/687
f 719/719 720/720 704/704
f 719/719 704/704 703/703
f 735/735 736/736 720/720
f 735/735 720/720 719/719
f 751/751 752/752 736/736
f 751/751 736/736 735/735
f 767/767 768/768 752/752
f 767/767 752/752 751/751
f 783/783 784/784 768/768
f 783/783 768/768 767/767
f 799/799 800/800 784/784
f 799/799 784/784 783/783
f 815/815 816/816 800/800
f 815/815 800/800 799/799
f 831/831 832/832 816/816
f 831/831 816/816 815/815
f 847/847 848/848 832/832
f 847/847 832/832 831/831
f 863/863 864/864 848/848
f 863/863 848/848 847/847
f 879/879 880/880 864/864
f 879/879 864/864 863/863
f 895/895 896/896 880/880
f 895/895 880/880 879/879
f 911/911 912/912 896/896
f 911/911 896/896 895/895
f 685/685 701/701 31/31
f 685/685 31/31 622/622
f 686/686 687/687 671/671
f 686/686 671/671 670/670
f 749/749 765/765 27/27
f 749/749 27/27 29/29
f 658/658 549/549 912/912
f 658/658 912/912 911/911
f 717/717 733/733 618/618
f 717/717 618/618 620/620
f 702/702 703/703 687/687
f 702/702 687/687 686/686
f 765/765 781/781 25/25
f 765/765 25/25 27/27
f 666/666 668/668 673/673
f 666/666 673/673 674/674
f 718/718 719/719 703/703
f 718/718 703/703 702/702
f 781/781 797/797 23/23
f 781/781 23/23 25/25
f 689/689 690/690 674/674
f 689/689 674/674 673/673
f 734/734 735/735 719/719
f 734/734 719/719 718/718
f 797/797 813/813 616/616
f 797/797 616/616 23/23
f 705/705 706/706 690/690
f 705/705 690/690 689/689
f 750/750 751/751 735/735
f 750/750 735/735 734/734
f 813/813 829/829 614/614
f 813/813 614/614 616/616
f 721/721 722/722 706/706
f 721/721 706/706 705/705
f 766/766 767/767 751/751
f 766/766 751/751 750/750
f 829/829 845/845 612/612
f 829/829 612/612 614/614
f 737/737 738/738 722/722
f 737/737 722/722 721/721
f 782/782 783/783 767/767
f 782/782 767/767 766/766
f 845/845 861/861 610/610
f 845/845 610/610 612/612
f 753/753 754/754 738/738
f 753/753 738/738 737/737
f 798/798 799/799 783/783
f 798/798 783/783 782/782
f 861/861 877/877 608/608
f 861/861 608/608 610/610
f 769/769 770/770 754/754
f 769/769 754/754 753/753
f 814/814 815/815 799/799
f 814/814 799/799 798/798
f 877/877 893/893 21/21
f 877/877 21/21 608/608
f 785/785 786/786 770/770
f 785/785 770/770 769/769
f 830/830 831/831 815/815
f 830/830 815/815 814/814
f 893/893 909/909 606/606
f 893/893 606/606 21/21
f 801/801 802/802 786/786
f 801/801 786/786 785/785
f 846/846 847/847 831/831
f 846/846 831/831 830/830
f 925/925 604/604 606/606
f 925/925 606/606 909/909
f 817/817 818/818 802/802
f 817/817 802/802 801/801
f 862/862 863/863 847/847
f 862/862 847/847 846/846
f 644/644 910/910 894/894
f 644/644 894/894 642/642
f 833/833 834/834 818/818
f 833/833 818/818 817/817
f 878/878 879/879 863/863
f 878/878 863/863 862/862
f 849/849 850/850 834/834
f 849/849 834/834 833/833
f 894/894 895/895 879/879
f 894/894 879/879 878/878
f 865/865 866/866 850/850
f 865/865 850/850 849/849
f 910/910 911/911 895/895
f 910/910 895/895 894/894
f 881/881 882/882 866/866
f 881/881 866/866 865/865
f 118/118 120/120 671/671
f 118/118 671/671 672/672
f 622/622 4/4 100/100
f 622/622 100/100 685/685
f 660/660 658/658 911/911
f 660/660 911/911 910/910
f 912/912 913/913 897/897
f 912/912 897/897 896/896
f 913/913 914/914 898/898
f 913/913 898/898 897/897
f 914/914 915/915 899/899
f 914/914 899/899 898/898
f 915/915 916/916 900/900
f 915/915 900/900 899/899
f 916/916 917/917 901/901
f 916/916 901/901 900/900
f 917/917 918/918 902/902
f 917/917 902/902 901/901
f 918/918 919/919 903/903
f 918/918 903/903 902/902
f 919/919 920/920 904/904
f 919/919 904/904 903/903
f 920/920 921/921 905/905
f 920/920 905/905 904/904
f 921/921 922/922 906/906
f 921/921 906/906 905/905
f 922/922 923/923 907/907
f 922/922 907/907 906/906
f 923/923 924/924 908/908
f 923/923 908/908 907/907
f 924/924 925/925 909/909
f 924/924 909/909 908/908
f 642/642 894/894 878/878
f 642/642 878/878 640/640
f 882/882 883/883 867/867
f 882/882 867/867 866/866
f 896/896 897/897 881/881
f 896/896 881/881 880/880
f 883/883 884/884 868/868
f 883/883 868/868 867/867
f 897/897 898/898 882/882
f 897/897 882/882 881/881
f 884/884 885/885 869/869
f 884/884 869/869 868/868
f 898/898 899/899 883/883
f 898/898 883/883 882/882
f 885/885 886/886 870/870
f 885/885 870/870 869/869
f 899/899 900/900 884/884
f 899/899 884/884 883/883
f 886/886 887/887 871/871
f 886/886 871/871 870/870
f 900/900 901/901 885/885
f 900/900 885/885 884/884
f 887/887 888/888 872/872
f 887/887 872/872 871/871
f 901/901 902/902 886/886
f 901/901 886/886 885/885
f 888/888 889/889 873/873
f 888/888 873/873 872/872
f 902/902 903/903 887/887
f 902/902 887/887 886/886
f 889/889 890/890 874/874
f 889/889 874/874 873/873
f 903/903 904/904 888/888
f 903/903 888/888 887/887
f 890/890 891/891 875/875
f 890/890 875/875 874/874
f 904/904 905/905 889/889
f 904/904 889/889 888/888
f 891/891 892/892 876/876
f 891/891 876/876 875/875
f 905/905 906/906 890/890
f 905/905 890/890 889/889
f 892/892 893/893 877/877
f 892/892 877/877 876/876
f 906/906 907/907 891/891
f 906/906 891/891 890/890
f 951/951 862/862 846/846
f 951/951 846/846 638/638
f 907/907 908/908 892/892
f 907/907 892/892 891/891
f 908/908 909/909 893/893
f 908/908 893/893 892/892
f 640/640 878/878 862/862
f 640/640 862/862 951/951
f 866/866 867/867 851/851
f 866/866 851/851 850/850
f 880/880 881/881 865/865
f 880/880 865/865 864/864
f 867/867 868/868 852/852
f 867/867 852/852 851/851
f 868/868 869/869 853/853
f 868/868 853/853 852/852
f 869/869 870/870 854/854
f 869/869 854/854 853/853
f 870/870 871/871 855/855
f 870/870 855/855 854/854
f 871/871 872/872 856/856
f 871/871 856/856 855/855
f 872/872 873/873 857/857
f 872/872 857/857 856/856
f 873/873 874/874 858/858
f 873/873 858/858 857/857
f 874/874 875/875 859/859
f 874/874 859/859 858/858
f 875/875 876/876 860/860
f 875/875 860/860 859/859
f 876/876 877/877 861/861
f 876/876 861/861 860/860
f 638/638 846/846 830/830
f 638/638 830/830 636/636
f 850/850 851/851 835/835
f 850/850 835/835 834/834
f 864/864 865/865 849/849
f 864/864 849/849 848/848
f 851/851 852/852 836/836
f 851/851 836/836 835/835
f 852/852 853/853 837/837
f 852/852 837/837 836/836
f 853/853 854/854 838/838
f 853/853 838/838 837/837
f 854/854 855/855 839/839
f 854/854 839/839 838/838
f 855/855 856/856 840/840
f 855/855 840/840 839/839
f 856/856 857/857 841/841
f 856/856 841/841 840/840
f 857/857 858/858 842/842
f 857/857 842/842 841/841
f 858/858 859/859 843/843
f 858/858 843/843 842/842
f 859/859 860/860 844/844
f 859/859 844/844 843/843
f 860/860 861/861 845/845
f 860/860 845/845 844/844
f 636/636 830/830 814/814
f 636/636 814/814 634/634
f 834/834 835/835 819/819
f 834/834 819/819 818/818
f 848/848 849/849 833/833
f 848/848 833/833 832/832
f 835/835 836/836 820/820
f 835/835 820/820 819/819
f 836/836 837/837 821/821
f 836/836 821/821 820/820
f 837/837 838/838 822/822
f 837/837 822/822 821/821
f 838/838 839/839 823/823
f 838/838 823/823 822/822
f 839/839 840/840 824/824
f 839/839 824/824 823/823
f 840/840 841/841 825/825
f 840/840 825/825 824/824
f 841/841 842/842 826/826
f 841/841 826/826 825/825
f 842/842 843/843 827/827
f 842/842 827/827 826/826
f 843/843 844/844 828/828
f 843/843 828/828 827/827
f 844/844 845/845 829/829
f 844/844 829/829 828/828
f 634/634 814/814 798/798
f 634/634 798/798 949/949
f 818/818 819/819 803/803
f 818/818 803/803 802/802
f 832/832 833/833 817/817
f 832/832 817/817 816/816
f 819/819 820/820 804/804
f 819/819 804/804 803/803
f 820/820 821/821 805/805
f 820/820 805/805 804/804
f 821/821 822/822 806/806
f 821/821 806/806 805/805
f 822/822 823/823 807/807
f 822/822 807/807 806/806
f 823/823 824/824 808/808
f 823/823 808/808 807/807
f 824/824 825/825 809/809
f 824/824 809/809 808/808
f 825/825 826/826 810/810
f 825/825 810/810 809/809
f 826/826 827/827 811/811
f 826/826 811/811 810/810
f 827/827 828/828 812/812
f 827/827 812/812 811/811
f 828/828 829/829 813/813
f 828/828 813/813 812/812
f 949/949 798/798 782/782
f 949/949 782/782 632/632
f 802/802 803/803 787/787
f 802/802 787/787 786/786
f 816/816 817/817 801/801
f 816/816 801/801 800/800
f 803/803 804/804 788/788
f 803/803 788/788 787/787
f 804/804 805/805 789/789
f 804/804 789/789 788/788
f 805/805 806/806 790/790
f 805/805 790/790 789/789
f 806/806 807/807 791/791
f 806/806 791/791 790/790
f 807/807 808/808 792/792
f 807/807 792/792 791/791
f 808/808 809/809 793/793
f 808/808 793/793 792/792
f 809/809 810/810 794/794
f 809/809 794/794 793/793
f 810/810 811/811 795/795
f 810/810 795/795 794/794
f 811/811 812/812 796/796
f 811/811 796/796 795/795
f 812/812 813/813 797/797
f 812/812 797/797 796/796
f 632/632 782/782 766/766
f 632/632 766/766 630/630
f 786/786 787/787 771/771
f 786/786 771/771 770/770
f 800/800 801/801 785/785
f 800/800 785/785 784/784
f 787/787 788/788 772/772
f 787/787 772/772 771/771
f 788/788 789/789 773/773
f 788/788 773/773 772/772
f 789/789 790/790 774/774
f 789/789 774/774 773/773
f 790/790 791/791 775/775
f 790/790 775/775 774/774
f 791/791 792/792 776/776
f 791/791 776/776 775/775
f 792/792 793/793 777/777
f 792/792 777/777 776/776
f 793/793 794/794 778/778
f 793/793 778/778 777/777
f 794/794 795/795 779/779
f 794/794 779/779 778/778
f 795/795 796/796 780/780
f 795/795 780/780 779/779
f 796/796 797/797 781/781
f 796/796 781/781 780/780
f 630/630 766/766 750/750
f 630/630 750/750 628/628
f 770/770 771/771 755/755
f 770/770 755/755 754/754
f 784/784 785/785 769/769
f 784/784 769/769 768/768
f 771/771 772/772 756/756
f 771/771 756/756 755/755
f 772/772 773/773 757/757
f 772/772 757/757 756/756
f 773/773 774/774 758/758
f 773/773 758/758 757/757
f 774/774 775/775 759/759
f 774/774 759/759 758/758
f 775/775 776/776 760/760
f 775/775 760/760 759/759
f 776/776 777/777 761/761
f 776/776 761/761 760/760
f 777/777 778/778 762/762
f 777/777 762/762 761/761
f 778/778 779/779 763/763
f 778/778 763/763 762/762
f 779/779 780/780 764/764
f 779/779 764/764 763/763
f 780/780 781/781 765/765
f 780/780 765/765 764/764
f 628/628 750/750 734/734
f 628/628 734/734 947/947
f 754/754 755/755 739/739
f 754/754 739/739 738/738
f 768/768 769/769 753/753
f 768/768 753/753 752/752
f 755/755 756/756 740/740
f 755/755 740/740 739/739
f 756/756 757/757 741/741
f 756/756 741/741 740/740
f 757/757 758/758 742/742
f 757/757 742/742 741/741
f 758/758 759/759 743/743
f 758/758 743/743 742/742
f 759/759 760/760 744/744
f 759/759 744/744 743/743
f 760/760 761/761 745/745
f 760/760 745/745 744/744
f 761/761 762/762 746/746
f 761/761 746/746 745/745
f 762/762 763/763 747/747
f 762/762 747/747 746/746
f 763/763 764/764 748/748
f 763/763 748/748 747/747
f 764/764 765/765 749/749
f 764/764 749/749 748/748
f 947/947 734/734 718/718
f 947/947 718/718 626/626
f 738/738 739/739 723/723
f 738/738 723/723 722/722
f 752/752 753/753 737/737
f 752/752 737/737 736/736
f 739/739 740/740 724/724
f 739/739 724/724 723/723
f 740/740 741/741 725/725
f 740/740 725/725 724/724
f 741/741 742/742 726/726
f 741/741 726/726 725/725
f 742/742 743/743 727/727
f 742/742 727/727 726/726
f 743/743 744/744 728/728
f 743/743 728/728 727/727
f 744/744 745/745 729/729
f 744/744 729/729 728/728
f 745/745 746/746 730/730
f 745/745 730/730 729/729
f 746/746 747/747 731/731
f 746/746 731/731 730/730
f 747/747 748/748 732/732
f 747/747 732/732 731/731
f 748/748 749/749 733/733
f 748/748 733/733 732/732
f 626/626 718/718 702/702
f 626/626 702/702 945/945
f 722/722 723/723 707/707
f 722/722 707/707 706/706
f 736/736 737/737 721/721
f 736/736 721/721 720/720
f 723/723 724/724 708/708
f 723/723 708/708 707/707
f 724/724 725/725 709/709
f 724/724 709/709 708/708
f 725/725 726/726 710/710
f 725/725 710/710 709/709
f 726/726 727/727 711/711
f 726/726 711/711 710/710
f 727/727 728/728 712/712
f 727/727 712/712 711/711
f 728/728 729/729 713/713
f 728/728 713/713 712/712
f 729/729 730/730 714/714
f 729/729 714/714 713/713
f 730/730 731/731 715/715
f 730/730 715/715 714/714
f 731/731 732/732 716/716
f 731/731 716/716 715/715
f 732/732 733/733 717/717
f 732/732 717/717 716/716
f 945/945 702/702 686/686
f 945/945 686/686 624/624
f 706/706 707/707 691/691
f 706/706 691/691 690/690
f 720/720 721/721 705/705
f 720/720 705/705 704/704
f 707/707 708/708 692/692
f 707/707 692/692 691/691
f 708/708 709/709 693/693
f 708/708 693/693 692/692
f 709/709 710/710 694/694
f 709/709 694/694 693/693
f 710/710 711/711 695/695
f 710/710 695/695 694/694
f 711/711 712/712 696/696
f 711/711 696/696 695/695
f 712/712 713/713 697/697
f 712/712 697/697 696/696
f 713/713 714/714 698/698
f 713/713 698/698 697/697
f 714/714 715/715 699/699
f 714/714 699/699 698/698
f 715/715 716/716 700/700
f 715/715 700/700 699/699
f 716/716 717/717 701/701
f 716/716 701/701 700/700
f 624/624 686/686 670/670
f 624/624 670/670 943/943
f 690/690 691/691 675/675
f 690/690 675/675 674/674
f 704/704 705/705 689/689
f 704/704 689/689 688/688
f 691/691 692/692 676/676
f 691/691 676/676 675/675
f 692/692 693/693 677/677
f 692/692 677/677 676/676
f 693/693 694/694 678/678
f 693/693 678/678 677/677
f 694/694 695/695 679/679
f 694/694 679/679 678/678
f 695/695 696/696 680/680
f 695/695 680/680 679/679
f 696/696 697/697 681/681
f 696/696 681/681 680/680
f 697/697 698/698 682/682
f 697/697 682/682 681/681
f 698/698 699/699 683/683
f 698/698 683/683 682/682
f 699/699 700/700 684/684
f 699/699 684/684 683/683
f 700/700 701/701 685/685
f 700/700 685/685 684/684
f 943/943 670/670 122/122
f 943/943 122/122 87/87
f 664/664 666/666 674/674
f 664/664 674/674 675/675
f 688/688 689/689 673/673
f 688/688 673/673 672/672
f 116/116 664/664 675/675
f 116/116 675/675 676/676
f 114/114 116/116 676/676
f 114/114 676/676 677/677
f 112/112 114/114 677/677
f 112/112 677/677 678/678
f 110/110 112/112 678/678
f 110/110 678/678 679/679
f 108/108 110/110 679/679
f 108/108 679/679 680/680
f 106/106 108/108 680/680
f 106/106 680/680 681/681
f 104/104 106/106 681/681
f 104/104 681/681 682/682
f 102/102 104/104 682/682
f 102/102 682/682 683/683
f 662/662 102/102 683/683
f 662/662 683/683 684/684
f 100/100 662/662 684/684
f 100/100 684/684 685/685
f 601/601 660/660 910/910
f 601/601 910/910 644/644
f 668/668 118/118 672/672
f 668/668 672/672 673/673
f 545/545 543/543 915/915
f 545/545 915/915 914/914
f 547/547 545/545 914/914
f 547/547 914/914 913/913
f 543/543 541/541 916/916
f 543/543 916/916 915/915
f 541/541 656/656 917/917
f 541/541 917/917 916/916
f 656/656 654/654 918/918
f 656/656 918/918 917/917
f 654/654 652/652 919/919
f 654/654 919/919 918/918
f 652/652 539/539 920/920
f 652/652 920/920 919/919
f 539/539 650/650 921/921
f 539/539 921/921 920/920
f 650/650 648/648 922/922
f 650/650 922/922 921/921
f 648/648 537/537 923/923
f 648/648 923/923 922/922
f 537/537 646/646 924/924
f 537/537 924/924 923/923
f 646/646 535/535 925/925
f 646/646 925/925 924/924
f 514/514 604/604 925/925
f 514/514 925/925 535/535
f 955/955 551/551 1008/1008
f 955/955 1008/1008 1007/1007
f 961/961 205/205 930/930
f 961/961 930/930 964/964
f 1003/1003 1006/1006 1007/1007
f 1003/1003 1007/1007 1004/1004
f 961/961 962/962 959/959
f 961/961 959/959 957/957
f 964/964 930/930 207/207
f 964/964 207/207 967/967
f 962/962 965/965 966/966
f 962/962 966/966 963/963
f 953/953 955/955 1007/1007
f 953/953 1007/1007 1006/1006
f 967/967 207/207 209/209
f 967/967 209/209 970/970
f 965/965 968/968 969/969
f 965/965 969/969 966/966
f 964/964 965/965 962/962
f 964/964 962/962 961/961
f 963/963 966/966 625/625
f 963/963 625/625 944/944
f 970/970 209/209 211/211
f 970/970 211/211 973/973
f 968/968 971/971 972/972
f 968/968 972/972 969/969
f 967/967 968/968 965/965
f 967/967 965/965 964/964
f 966/966 969/969 946/946
f 966/966 946/946 625/625
f 973/973 211/211 932/932
f 973/973 932/932 976/976
f 971/971 974/974 975/975
f 971/971 975/975 972/972
f 970/970 971/971 968/968
f 970/970 968/968 967/967
f 969/969 972/972 627/627
f 969/969 627/627 946/946
f 976/976 932/932 213/213
f 976/976 213/213 979/979
f 974/974 977/977 978/978
f 974/974 978/978 975/975
f 973/973 974/974 971/971
f 973/973 971/971 970/970
f 972/972 975/975 948/948
f 972/972 948/948 627/627
f 979/979 213/213 934/934
f 979/979 934/934 982/982
f 977/977 980/980 981/981
f 977/977 981/981 978/978
f 976/976 977/977 974/974
f 976/976 974/974 973/973
f 975/975 978/978 629/629
f 975/975 629/629 948/948
f 982/982 934/934 215/215
f 982/982 215/215 985/985
f 980/980 983/983 984/984
f 980/980 984/984 981/981
f 979/979 980/980 977/977
f 979/979 977/977 976/976
f 978/978 981/981 631/631
f 978/978 631/631 629/629
f 985/985 215/215 217/217
f 985/985 217/217 988/988
f 983/983 986/986 987/987
f 983/983 987/987 984/984
f 982/982 983/983 980/980
f 982/982 980/980 979/979
f 981/981 984/984 633/633
f 981/981 633/633 631/631
f 988/988 217/217 936/936
f 988/988 936/936 991/991
f 986/986 989/989 990/990
f 986/986 990/990 987/987
f 985/985 986/986 983/983
f 985/985 983/983 982/982
f 984/984 987/987 950/950
f 984/984 950/950 633/633
f 991/991 936/936 219/219
f 991/991 219/219 994/994
f 989/989 992/992 993/993
f 989/989 993/993 990/990
f 988/988 989/989 986/986
f 988/988 986/986 985/985
f 987/987 990/990 635/635
f 987/987 635/635 950/950
f 994/994 219/219 221/221
f 994/994 221/221 997/997
f 992/992 995/995 996/996
f 992/992 996/996 993/993
f 991/991 992/992 989/989
f 991/991 989/989 988/988
f 990/990 993/993 637/637
f 990/990 637/637 635/635
f 997/997 221/221 938/938
f 997/997 938/938 1000/1000
f 995/995 998/998 999/999
f 995/995 999/999 996/996
f 994/994 995/995 992/992
f 994/994 992/992 991/991
f 993/993 996/996 639/639
f 993/993 639/639 637/637
f 1000/1000 938/938 940/940
f 1000/1000 940/940 1003/1003
f 998/998 1001/1001 1002/1002
f 998/998 1002/1002 999/999
f 997/997 998/998 995/995
f 997/997 995/995 994/994
f 996/996 999/999 952/952
f 996/996 952/952 639/639
f 1003/1003 940/940 942/942
f 1003/1003 942/942 1006/1006
f 1001/1001 1004/1004 1005/1005
f 1001/1001 1005/1005 1002/1002
f 1000/1000 1001/1001 998/998
f 1000/1000 998/998 997/997
f 999/999 1002/1002 641/641
f 999/999 641/641 952/952
f 1005/1005 1008/1008 645/645
f 1005/1005 645/645 643/643
f 957/957 184/184 205/205
f 957/957 205/205 961/961
f 1003/1003 1004/1004 1001/1001
f 1003/1003 1001/1001 1000/1000
f 1002/1002 1005/1005 643/643
f 1002/1002 643/643 641/641
f 962/962 963/963 130/130
f 962/962 130/130 959/959
f 1004/1004 1007/1007 1008/1008
f 1004/1004 1008/1008 1005/1005
f 942/942 927/927 953/953
f 942/942 953/953 1006/1006
f 130/130 963/963 944/944
f 130/130 944/944 88/88
f 645/645 1008/1008 551/551
f 645/645 551/551 602/602
f 1043/1043 1532/1532 1185/1185
f 1043/1043 1185/1185 1237/1237
f 1079/1079 1082/1082 1083/1083
f 1079/1079 1083/1083 1080/1080
f 1051/1051 1021/1021 1648/1648
f 1051/1051 1648/1648 1048/1048
f 1083/1083 1082/1082 1131/1131
f 1083/1083 1131/1131 1039/1039
f 1043/1043 1237/1237 1023/1023
f 1043/1043 1023/1023 1046/1046
f 1082/1082 1247/1247 1091/1091
f 1082/1082 1091/1091 1131/1131
f 1084/1084 1083/1083 1039/1039
f 1084/1084 1039/1039 1041/1041
f 1048/1048 1648/1648 1650/1650
f 1048/1048 1650/1650 1045/1045
f 1045/1045 1536/1536 1534/1534
f 1045/1045 1534/1534 1044/1044
f 1051/1051 1048/1048 1047/1047
f 1051/1051 1047/1047 1050/1050
f 1046/1046 1023/1023 1025/1025
f 1046/1046 1025/1025 1049/1049
f 1049/1049 1025/1025 1239/1239
f 1049/1049 1239/1239 1052/1052
f 1052/1052 1239/1239 1241/1241
f 1052/1052 1241/1241 1055/1055
f 1055/1055 1241/1241 1027/1027
f 1055/1055 1027/1027 1058/1058
f 1058/1058 1027/1027 1029/1029
f 1058/1058 1029/1029 1061/1061
f 1061/1061 1029/1029 1031/1031
f 1061/1061 1031/1031 1064/1064
f 1064/1064 1031/1031 1243/1243
f 1064/1064 1243/1243 1067/1067
f 1067/1067 1243/1243 1033/1033
f 1067/1067 1033/1033 1070/1070
f 1070/1070 1033/1033 1035/1035
f 1070/1070 1035/1035 1073/1073
f 1073/1073 1035/1035 1245/1245
f 1073/1073 1245/1245 1076/1076
f 1076/1076 1245/1245 1037/1037
f 1076/1076 1037/1037 1079/1079
f 1079/1079 1037/1037 1247/1247
f 1079/1079 1247/1247 1082/1082
f 1046/1046 1047/1047 1044/1044
f 1046/1046 1044/1044 1043/1043
f 1049/1049 1050/1050 1047/1047
f 1049/1049 1047/1047 1046/1046
f 1052/1052 1053/1053 1050/1050
f 1052/1052 1050/1050 1049/1049
f 1055/1055 1056/1056 1053/1053
f 1055/1055 1053/1053 1052/1052
f 1058/1058 1059/1059 1056/1056
f 1058/1058 1056/1056 1055/1055
f 1061/1061 1062/1062 1059/1059
f 1061/1061 1059/1059 1058/1058
f 1064/1064 1065/1065 1062/1062
f 1064/1064 1062/1062 1061/1061
f 1067/1067 1068/1068 1065/1065
f 1067/1067 1065/1065 1064/1064
f 1070/1070 1071/1071 1068/1068
f 1070/1070 1068/1068 1067/1067
f 1073/1073 1074/1074 1071/1071
f 1073/1073 1071/1071 1070/1070
f 1076/1076 1077/1077 1074/1074
f 1076/1076 1074/1074 1073/1073
f 1079/1079 1080/1080 1077/1077
f 1079/1079 1077/1077 1076/1076
f 1047/1047 1048/1048 1045/1045
f 1047/1047 1045/1045 1044/1044
f 1054/1054 1051/1051 1050/1050
f 1054/1054 1050/1050 1053/1053
f 1057/1057 1054/1054 1053/1053
f 1057/1057 1053/1053 1056/1056
f 1060/1060 1057/1057 1056/1056
f 1060/1060 1056/1056 1059/1059
f 1063/1063 1060/1060 1059/1059
f 1063/1063 1059/1059 1062/1062
f 1066/1066 1063/1063 1062/1062
f 1066/1066 1062/1062 1065/1065
f 1068/1068 1069/1069 1066/1066
f 1068/1068 1066/1066 1065/1065
f 1071/1071 1072/1072 1069/1069
f 1071/1071 1069/1069 1068/1068
f 1045/1045 1650/1650 1493/1493
f 1045/1045 1493/1493 1536/1536
f 1080/1080 1083/1083 1084/1084
f 1080/1080 1084/1084 1081/1081
f 1080/1080 1081/1081 1078/1078
f 1080/1080 1078/1078 1077/1077
f 1077/1077 1078/1078 1075/1075
f 1077/1077 1075/1075 1074/1074
f 1074/1074 1075/1075 1072/1072
f 1074/1074 1072/1072 1071/1071
f 1044/1044 1534/1534 1532/1532
f 1044/1044 1532/1532 1043/1043
f 1054/1054 1646/1646 1021/1021
f 1054/1054 1021/1021 1051/1051
f 1057/1057 1019/1019 1646/1646
f 1057/1057 1646/1646 1054/1054
f 1060/1060 1017/1017 1019/1019
f 1060/1060 1019/1019 1057/1057
f 1063/1063 1644/1644 1017/1017
f 1063/1063 1017/1017 1060/1060
f 1066/1066 1015/1015 1644/1644
f 1066/1066 1644/1644 1063/1063
f 1069/1069 1013/1013 1015/1015
f 1069/1069 1015/1015 1066/1066
f 1072/1072 1642/1642 1013/1013
f 1072/1072 1013/1013 1069/1069
f 1075/1075 1011/1011 1642/1642
f 1075/1075 1642/1642 1072/1072
f 1078/1078 1640/1640 1011/1011
f 1078/1078 1011/1011 1075/1075
f 1081/1081 1638/1638 1640/1640
f 1081/1081 1640/1640 1078/1078
f 1084/1084 1009/1009 1638/1638
f 1084/1084 1638/1638 1081/1081
f 1589/1589 1009/1009 1084/1084
f 1589/1589 1084/1084 1041/1041
f 1093/1093 1206/1206 1133/1133
f 1093/1093 1133/1133 1132/1132
f 1183/1183 1182/1182 1127/1127
f 1183/1183 1127/1127 1921/1921
f 1179/1179 1178/1178 1181/1181
f 1179/1179 1181/1181 1182/1182
f 1138/1138 1141/1141 1623/1623
f 1138/1138 1623/1623 1109/1109
f 1182/1182 1181/1181 1130/1130
f 1182/1182 1130/1130 1127/1127
f 1206/1206 1208/1208 1136/1136
f 1206/1206 1136/1136 1133/1133
f 1181/1181 1125/1125 1090/1090
f 1181/1181 1090/1090 1129/1129
f 1134/1134 1135/1135 1042/1042
f 1134/1134 1042/1042 1040/1040
f 1180/1180 1179/1179 1182/1182
f 1180/1180 1182/1182 1183/1183
f 1135/1135 1138/1138 1109/1109
f 1135/1135 1109/1109 1111/1111
f 1111/1111 1591/1591 1042/1042
f 1111/1111 1042/1042 1135/1135
f 1208/1208 1210/1210 1139/1139
f 1208/1208 1139/1139 1136/1136
f 1210/1210 1212/1212 1142/1142
f 1210/1210 1142/1142 1139/1139
f 1212/1212 1113/1113 1145/1145
f 1212/1212 1145/1145 1142/1142
f 1113/1113 1214/1214 1148/1148
f 1113/1113 1148/1148 1145/1145
f 1214/1214 1115/1115 1151/1151
f 1214/1214 1151/1151 1148/1148
f 1115/1115 1216/1216 1154/1154
f 1115/1115 1154/1154 1151/1151
f 1216/1216 1218/1218 1157/1157
f 1216/1216 1157/1157 1154/1154
f 1218/1218 1117/1117 1160/1160
f 1218/1218 1160/1160 1157/1157
f 1117/1117 1119/1119 1163/1163
f 1117/1117 1163/1163 1160/1160
f 1119/1119 1220/1220 1166/1166
f 1119/1119 1166/1166 1163/1163
f 1220/1220 1121/1121 1169/1169
f 1220/1220 1169/1169 1166/1166
f 1121/1121 1222/1222 1172/1172
f 1121/1121 1172/1172 1169/1169
f 1222/1222 1123/1123 1175/1175
f 1222/1222 1175/1175 1172/1172
f 1123/1123 1224/1224 1178/1178
f 1123/1123 1178/1178 1175/1175
f 1178/1178 1224/1224 1125/1125
f 1178/1178 1125/1125 1181/1181
f 1179/1179 1180/1180 1177/1177
f 1179/1179 1177/1177 1176/1176
f 1176/1176 1177/1177 1174/1174
f 1176/1176 1174/1174 1173/1173
f 1173/1173 1174/1174 1171/1171
f 1173/1173 1171/1171 1170/1170
f 1170/1170 1171/1171 1168/1168
f 1170/1170 1168/1168 1167/1167
f 1167/1167 1168/1168 1165/1165
f 1167/1167 1165/1165 1164/1164
f 1164/1164 1165/1165 1162/1162
f 1164/1164 1162/1162 1161/1161
f 1161/1161 1162/1162 1159/1159
f 1161/1161 1159/1159 1158/1158
f 1158/1158 1159/1159 1156/1156
f 1158/1158 1156/1156 1155/1155
f 1155/1155 1156/1156 1153/1153
f 1155/1155 1153/1153 1152/1152
f 1152/1152 1153/1153 1150/1150
f 1152/1152 1150/1150 1149/1149
f 1149/1149 1150/1150 1147/1147
f 1149/1149 1147/1147 1146/1146
f 1146/1146 1147/1147 1144/1144
f 1146/1146 1144/1144 1143/1143
f 1143/1143 1144/1144 1141/1141
f 1143/1143 1141/1141 1140/1140
f 1140/1140 1141/1141 1138/1138
f 1140/1140 1138/1138 1137/1137
f 1137/1137 1138/1138 1135/1135
f 1137/1137 1135/1135 1134/1134
f 1134/1134 1040/1040 1132/1132
f 1134/1134 1132/1132 1133/1133
f 1141/1141 1144/1144 1107/1107
f 1141/1141 1107/1107 1623/1623
f 1137/1137 1134/1134 1133/1133
f 1137/1137 1133/1133 1136/1136
f 1144/1144 1147/1147 1621/1621
f 1144/1144 1621/1621 1107/1107
f 1140/1140 1137/1137 1136/1136
f 1140/1140 1136/1136 1139/1139
f 1147/1147 1150/1150 1105/1105
f 1147/1147 1105/1105 1621/1621
f 1143/1143 1140/1140 1139/1139
f 1143/1143 1139/1139 1142/1142
f 1150/1150 1153/1153 1619/1619
f 1150/1150 1619/1619 1105/1105
f 1146/1146 1143/1143 1142/1142
f 1146/1146 1142/1142 1145/1145
f 1153/1153 1156/1156 1103/1103
f 1153/1153 1103/1103 1619/1619
f 1149/1149 1146/1146 1145/1145
f 1149/1149 1145/1145 1148/1148
f 1156/1156 1159/1159 1617/1617
f 1156/1156 1617/1617 1103/1103
f 1152/1152 1149/1149 1148/1148
f 1152/1152 1148/1148 1151/1151
f 1159/1159 1162/1162 1615/1615
f 1159/1159 1615/1615 1617/1617
f 1155/1155 1152/1152 1151/1151
f 1155/1155 1151/1151 1154/1154
f 1162/1162 1165/1165 1613/1613
f 1162/1162 1613/1613 1615/1615
f 1158/1158 1155/1155 1154/1154
f 1158/1158 1154/1154 1157/1157
f 1165/1165 1168/1168 1611/1611
f 1165/1165 1611/1611 1613/1613
f 1161/1161 1158/1158 1157/1157
f 1161/1161 1157/1157 1160/1160
f 1168/1168 1171/1171 1101/1101
f 1168/1168 1101/1101 1611/1611
f 1164/1164 1161/1161 1160/1160
f 1164/1164 1160/1160 1163/1163
f 1171/1171 1174/1174 1609/1609
f 1171/1171 1609/1609 1101/1101
f 1167/1167 1164/1164 1163/1163
f 1167/1167 1163/1163 1166/1166
f 1174/1174 1177/1177 1099/1099
f 1174/1174 1099/1099 1609/1609
f 1170/1170 1167/1167 1166/1166
f 1170/1170 1166/1166 1169/1169
f 1177/1177 1180/1180 1097/1097
f 1177/1177 1097/1097 1099/1099
f 1173/1173 1170/1170 1169/1169
f 1173/1173 1169/1169 1172/1172
f 1180/1180 1183/1183 1095/1095
f 1180/1180 1095/1095 1097/1097
f 1176/1176 1173/1173 1172/1172
f 1176/1176 1172/1172 1175/1175
f 1179/1179 1176/1176 1175/1175
f 1179/1179 1175/1175 1178/1178
f 1087/1087 1095/1095 1183/1183
f 1087/1087 1183/1183 1921/1921
f 1459/1459 1460/1460 1446/1446
f 1459/1459 1446/1446 1445/1445
f 1475/1475 1461/1461 1460/1460
f 1475/1475 1460/1460 1474/1474
f 1475/1475 1474/1474 1235/1235
f 1475/1475 1235/1235 1916/1916
f 1490/1490 1918/1918 1473/1473
f 1490/1490 1473/1473 1514/1514
f 1249/1249 1250/1250 1024/1024
f 1249/1249 1024/1024 1238/1238
f 1263/1263 1264/1264 1250/1250
f 1263/1263 1250/1250 1249/1249
f 1277/1277 1278/1278 1264/1264
f 1277/1277 1264/1264 1263/1263
f 1291/1291 1292/1292 1278/1278
f 1291/1291 1278/1278 1277/1277
f 1305/1305 1306/1306 1292/1292
f 1305/1305 1292/1292 1291/1291
f 1319/1319 1320/1320 1306/1306
f 1319/1319 1306/1306 1305/1305
f 1333/1333 1334/1334 1320/1320
f 1333/1333 1320/1320 1319/1319
f 1347/1347 1348/1348 1334/1334
f 1347/1347 1334/1334 1333/1333
f 1361/1361 1362/1362 1348/1348
f 1361/1361 1348/1348 1347/1347
f 1375/1375 1376/1376 1362/1362
f 1375/1375 1362/1362 1361/1361
f 1389/1389 1390/1390 1376/1376
f 1389/1389 1376/1376 1375/1375
f 1403/1403 1404/1404 1390/1390
f 1403/1403 1390/1390 1389/1389
f 1417/1417 1418/1418 1404/1404
f 1417/1417 1404/1404 1403/1403
f 1431/1431 1432/1432 1418/1418
f 1431/1431 1418/1418 1417/1417
f 1474/1474 1460/1460 1459/1459
f 1474/1474 1459/1459 1473/1473
f 1445/1445 1446/1446 1432/1432
f 1445/1445 1432/1432 1431/1431
f 1486/1486 1124/1124 1223/1223
f 1486/1486 1223/1223 1472/1472
f 1486/1486 1905/1905 1089/1089
f 1486/1486 1089/1089 1124/1124
f 1461/1461 1462/1462 1448/1448
f 1461/1461 1448/1448 1447/1447
f 1476/1476 1462/1462 1461/1461
f 1476/1476 1461/1461 1475/1475
f 1462/1462 1463/1463 1449/1449
f 1462/1462 1449/1449 1448/1448
f 1477/1477 1463/1463 1462/1462
f 1477/1477 1462/1462 1476/1476
f 1463/1463 1464/1464 1450/1450
f 1463/1463 1450/1450 1449/1449
f 1478/1478 1464/1464 1463/1463
f 1478/1478 1463/1463 1477/1477
f 1464/1464 1465/1465 1451/1451
f 1464/1464 1451/1451 1450/1450
f 1479/1479 1465/1465 1464/1464
f 1479/1479 1464/1464 1478/1478
f 1465/1465 1466/1466 1452/1452
f 1465/1465 1452/1452 1451/1451
f 1480/1480 1466/1466 1465/1465
f 1480/1480 1465/1465 1479/1479
f 1466/1466 1467/1467 1453/1453
f 1466/1466 1453/1453 1452/1452
f 1481/1481 1467/1467 1466/1466
f 1481/1481 1466/1466 1480/1480
f 1467/1467 1468/1468 1454/1454
f 1467/1467 1454/1454 1453/1453
f 1482/1482 1468/1468 1467/1467
f 1482/1482 1467/1467 1481/1481
f 1468/1468 1469/1469 1455/1455
f 1468/1468 1455/1455 1454/1454
f 1483/1483 1469/1469 1468/1468
f 1483/1483 1468/1468 1482/1482
f 1469/1469 1470/1470 1456/1456
f 1469/1469 1456/1456 1455/1455
f 1484/1484 1470/1470 1469/1469
f 1484/1484 1469/1469 1483/1483
f 1470/1470 1471/1471 1457/1457
f 1470/1470 1457/1457 1456/1456
f 1485/1485 1471/1471 1470/1470
f 1485/1485 1470/1470 1484/1484
f 1471/1471 1472/1472 1458/1458
f 1471/1471 1458/1458 1457/1457
f 1485/1485 1486/1486 1472/1472
f 1485/1485 1472/1472 1471/1471
f 1472/1472 1223/1223 1122/1122
f 1472/1472 1122/1122 1458/1458
f 1516/1516 1459/1459 1445/1445
f 1516/1516 1445/1445 1518/1518
f 1447/1447 1448/1448 1434/1434
f 1447/1447 1434/1434 1433/1433
f 1418/1418 1419/1419 1405/1405
f 1418/1418 1405/1405 1404/1404
f 1473/1473 1459/1459 1516/1516
f 1473/1473 1516/1516 1514/1514
f 1518/1518 1445/1445 1431/1431
f 1518/1518 1431/1431 1187/1187
f 1460/1460 1461/1461 1447/1447
f 1460/1460 1447/1447 1446/1446
f 1446/1446 1447/1447 1433/1433
f 1446/1446 1433/1433 1432/1432
f 1432/1432 1433/1433 1419/1419
f 1432/1432 1419/1419 1418/1418
f 1448/1448 1449/1449 1435/1435
f 1448/1448 1435/1435 1434/1434
f 1477/1477 1476/1476 1915/1915
f 1477/1477 1915/1915 1234/1234
f 1474/1474 1473/1473 1918/1918
f 1474/1474 1918/1918 1235/1235
f 1449/1449 1450/1450 1436/1436
f 1449/1449 1436/1436 1435/1435
f 1478/1478 1477/1477 1234/1234
f 1478/1478 1234/1234 1913/1913
f 1450/1450 1451/1451 1437/1437
f 1450/1450 1437/1437 1436/1436
f 1479/1479 1478/1478 1913/1913
f 1479/1479 1913/1913 1232/1232
f 1451/1451 1452/1452 1438/1438
f 1451/1451 1438/1438 1437/1437
f 1480/1480 1479/1479 1232/1232
f 1480/1480 1232/1232 1911/1911
f 1452/1452 1453/1453 1439/1439
f 1452/1452 1439/1439 1438/1438
f 1481/1481 1480/1480 1911/1911
f 1481/1481 1911/1911 1230/1230
f 1453/1453 1454/1454 1440/1440
f 1453/1453 1440/1440 1439/1439
f 1482/1482 1481/1481 1230/1230
f 1482/1482 1230/1230 1228/1228
f 1454/1454 1455/1455 1441/1441
f 1454/1454 1441/1441 1440/1440
f 1483/1483 1482/1482 1228/1228
f 1483/1483 1228/1228 1226/1226
f 1455/1455 1456/1456 1442/1442
f 1455/1455 1442/1442 1441/1441
f 1484/1484 1483/1483 1226/1226
f 1484/1484 1226/1226 1909/1909
f 1456/1456 1457/1457 1443/1443
f 1456/1456 1443/1443 1442/1442
f 1485/1485 1484/1484 1909/1909
f 1485/1485 1909/1909 1907/1907
f 1457/1457 1458/1458 1444/1444
f 1457/1457 1444/1444 1443/1443
f 1907/1907 1905/1905 1486/1486
f 1907/1907 1486/1486 1485/1485
f 1458/1458 1122/1122 1221/1221
f 1458/1458 1221/1221 1444/1444
f 1433/1433 1434/1434 1420/1420
f 1433/1433 1420/1420 1419/1419
f 1404/1404 1405/1405 1391/1391
f 1404/1404 1391/1391 1390/1390
f 1434/1434 1435/1435 1421/1421
f 1434/1434 1421/1421 1420/1420
f 1435/1435 1436/1436 1422/1422
f 1435/1435 1422/1422 1421/1421
f 1436/1436 1437/1437 1423/1423
f 1436/1436 1423/1423 1422/1422
f 1437/1437 1438/1438 1424/1424
f 1437/1437 1424/1424 1423/1423
f 1438/1438 1439/1439 1425/1425
f 1438/1438 1425/1425 1424/1424
f 1439/1439 1440/1440 1426/1426
f 1439/1439 1426/1426 1425/1425
f 1440/1440 1441/1441 1427/1427
f 1440/1440 1427/1427 1426/1426
f 1441/1441 1442/1442 1428/1428
f 1441/1441 1428/1428 1427/1427
f 1442/1442 1443/1443 1429/1429
f 1442/1442 1429/1429 1428/1428
f 1443/1443 1444/1444 1430/1430
f 1443/1443 1430/1430 1429/1429
f 1444/1444 1221/1221 1120/1120
f 1444/1444 1120/1120 1430/1430
f 1419/1419 1420/1420 1406/1406
f 1419/1419 1406/1406 1405/1405
f 1390/1390 1391/1391 1377/1377
f 1390/1390 1377/1377 1376/1376
f 1187/1187 1431/1431 1417/1417
f 1187/1187 1417/1417 1189/1189
f 1420/1420 1421/1421 1407/1407
f 1420/1420 1407/1407 1406/1406
f 1421/1421 1422/1422 1408/1408
f 1421/1421 1408/1408 1407/1407
f 1422/1422 1423/1423 1409/1409
f 1422/1422 1409/1409 1408/1408
f 1423/1423 1424/1424 1410/1410
f 1423/1423 1410/1410 1409/1409
f 1424/1424 1425/1425 1411/1411
f 1424/1424 1411/1411 1410/1410
f 1425/1425 1426/1426 1412/1412
f 1425/1425 1412/1412 1411/1411
f 1426/1426 1427/1427 1413/1413
f 1426/1426 1413/1413 1412/1412
f 1427/1427 1428/1428 1414/1414
f 1427/1427 1414/1414 1413/1413
f 1428/1428 1429/1429 1415/1415
f 1428/1428 1415/1415 1414/1414
f 1429/1429 1430/1430 1416/1416
f 1429/1429 1416/1416 1415/1415
f 1430/1430 1120/1120 1219/1219
f 1430/1430 1219/1219 1416/1416
f 1405/1405 1406/1406 1392/1392
f 1405/1405 1392/1392 1391/1391
f 1376/1376 1377/1377 1363/1363
f 1376/1376 1363/1363 1362/1362
f 1189/1189 1417/1417 1403/1403
f 1189/1189 1403/1403 1191/1191
f 1406/1406 1407/1407 1393/1393
f 1406/1406 1393/1393 1392/1392
f 1407/1407 1408/1408 1394/1394
f 1407/1407 1394/1394 1393/1393
f 1408/1408 1409/1409 1395/1395
f 1408/1408 1395/1395 1394/1394
f 1409/1409 1410/1410 1396/1396
f 1409/1409 1396/1396 1395/1395
f 1410/1410 1411/1411 1397/1397
f 1410/1410 1397/1397 1396/1396
f 1411/1411 1412/1412 1398/1398
f 1411/1411 1398/1398 1397/1397
f 1412/1412 1413/1413 1399/1399
f 1412/1412 1399/1399 1398/1398
f 1413/1413 1414/1414 1400/1400
f 1413/1413 1400/1400 1399/1399
f 1414/1414 1415/1415 1401/1401
f 1414/1414 1401/1401 1400/1400
f 1415/1415 1416/1416 1402/1402
f 1415/1415 1402/1402 1401/1401
f 1416/1416 1219/1219 1118/1118
f 1416/1416 1118/1118 1402/1402
f 1391/1391 1392/1392 1378/1378
f 1391/1391 1378/1378 1377/1377
f 1362/1362 1363/1363 1349/1349
f 1362/1362 1349/1349 1348/1348
f 1191/1191 1403/1403 1389/1389
f 1191/1191 1389/1389 1520/1520
f 1392/1392 1393/1393 1379/1379
f 1392/1392 1379/1379 1378/1378
f 1393/1393 1394/1394 1380/1380
f 1393/1393 1380/1380 1379/1379
f 1394/1394 1395/1395 1381/1381
f 1394/1394 1381/1381 1380/1380
f 1395/1395 1396/1396 1382/1382
f 1395/1395 1382/1382 1381/1381
f 1396/1396 1397/1397 1383/1383
f 1396/1396 1383/1383 1382/1382
f 1397/1397 1398/1398 1384/1384
f 1397/1397 1384/1384 1383/1383
f 1398/1398 1399/1399 1385/1385
f 1398/1398 1385/1385 1384/1384
f 1399/1399 1400/1400 1386/1386
f 1399/1399 1386/1386 1385/1385
f 1400/1400 1401/1401 1387/1387
f 1400/1400 1387/1387 1386/1386
f 1401/1401 1402/1402 1388/1388
f 1401/1401 1388/1388 1387/1387
f 1402/1402 1118/1118 1116/1116
f 1402/1402 1116/1116 1388/1388
f 1377/1377 1378/1378 1364/1364
f 1377/1377 1364/1364 1363/1363
f 1348/1348 1349/1349 1335/1335
f 1348/1348 1335/1335 1334/1334
f 1520/1520 1389/1389 1375/1375
f 1520/1520 1375/1375 1193/1193
f 1378/1378 1379/1379 1365/1365
f 1378/1378 1365/1365 1364/1364
f 1379/1379 1380/1380 1366/1366
f 1379/1379 1366/1366 1365/1365
f 1380/1380 1381/1381 1367/1367
f 1380/1380 1367/1367 1366/1366
f 1381/1381 1382/1382 1368/1368
f 1381/1381 1368/1368 1367/1367
f 1382/1382 1383/1383 1369/1369
f 1382/1382 1369/1369 1368/1368
f 1383/1383 1384/1384 1370/1370
f 1383/1383 1370/1370 1369/1369
f 1384/1384 1385/1385 1371/1371
f 1384/1384 1371/1371 1370/1370
f 1385/1385 1386/1386 1372/1372
f 1385/1385 1372/1372 1371/1371
f 1386/1386 1387/1387 1373/1373
f 1386/1386 1373/1373 1372/1372
f 1387/1387 1388/1388 1374/1374
f 1387/1387 1374/1374 1373/1373
f 1388/1388 1116/1116 1217/1217
f 1388/1388 1217/1217 1374/1374
f 1363/1363 1364/1364 1350/1350
f 1363/1363 1350/1350 1349/1349
f 1334/1334 1335/1335 1321/1321
f 1334/1334 1321/1321 1320/1320
f 1193/1193 1375/1375 1361/1361
f 1193/1193 1361/1361 1522/1522
f 1364/1364 1365/1365 1351/1351
f 1364/1364 1351/1351 1350/1350
f 1365/1365 1366/1366 1352/1352
f 1365/1365 1352/1352 1351/1351
f 1366/1366 1367/1367 1353/1353
f 1366/1366 1353/1353 1352/1352
f 1367/1367 1368/1368 1354/1354
f 1367/1367 1354/1354 1353/1353
f 1368/1368 1369/1369 1355/1355
f 1368/1368 1355/1355 1354/1354
f 1369/1369 1370/1370 1356/1356
f 1369/1369 1356/1356 1355/1355
f 1370/1370 1371/1371 1357/1357
f 1370/1370 1357/1357 1356/1356
f 1371/1371 1372/1372 1358/1358
f 1371/1371 1358/1358 1357/1357
f 1372/1372 1373/1373 1359/1359
f 1372/1372 1359/1359 1358/1358
f 1373/1373 1374/1374 1360/1360
f 1373/1373 1360/1360 1359/1359
f 1374/1374 1217/1217 1215/1215
f 1374/1374 1215/1215 1360/1360
f 1349/1349 1350/1350 1336/1336
f 1349/1349 1336/1336 1335/1335
f 1320/1320 1321/1321 1307/1307
f 1320/1320 1307/1307 1306/1306
f 1522/1522 1361/1361 1347/1347
f 1522/1522 1347/1347 1195/1195
f 1350/1350 1351/1351 1337/1337
f 1350/1350 1337/1337 1336/1336
f 1351/1351 1352/1352 1338/1338
f 1351/1351 1338/1338 1337/1337
f 1352/1352 1353/1353 1339/1339
f 1352/1352 1339/1339 1338/1338
f 1353/1353 1354/1354 1340/1340
f 1353/1353 1340/1340 1339/1339
f 1354/1354 1355/1355 1341/1341
f 1354/1354 1341/1341 1340/1340
f 1355/1355 1356/1356 1342/1342
f 1355/1355 1342/1342 1341/1341
f 1356/1356 1357/1357 1343/1343
f 1356/1356 1343/1343 1342/1342
f 1357/1357 1358/1358 1344/1344
f 1357/1357 1344/1344 1343/1343
f 1358/1358 1359/1359 1345/1345
f 1358/1358 1345/1345 1344/1344
f 1359/1359 1360/1360 1346/1346
f 1359/1359 1346/1346 1345/1345
f 1360/1360 1215/1215 1114/1114
f 1360/1360 1114/1114 1346/1346
f 1335/1335 1336/1336 1322/1322
f 1335/1335 1322/1322 1321/1321
f 1306/1306 1307/1307 1293/1293
f 1306/1306 1293/1293 1292/1292
f 1195/1195 1347/1347 1333/1333
f 1195/1195 1333/1333 1197/1197
f 1336/1336 1337/1337 1323/1323
f 1336/1336 1323/1323 1322/1322
f 1337/1337 1338/1338 1324/1324
f 1337/1337 1324/1324 1323/1323
f 1338/1338 1339/1339 1325/1325
f 1338/1338 1325/1325 1324/1324
f 1339/1339 1340/1340 1326/1326
f 1339/1339 1326/1326 1325/1325
f 1340/1340 1341/1341 1327/1327
f 1340/1340 1327/1327 1326/1326
f 1341/1341 1342/1342 1328/1328
f 1341/1341 1328/1328 1327/1327
f 1342/1342 1343/1343 1329/1329
f 1342/1342 1329/1329 1328/1328
f 1343/1343 1344/1344 1330/1330
f 1343/1343 1330/1330 1329/1329
f 1344/1344 1345/1345 1331/1331
f 1344/1344 1331/1331 1330/1330
f 1345/1345 1346/1346 1332/1332
f 1345/1345 1332/1332 1331/1331
f 1346/1346 1114/1114 1213/1213
f 1346/1346 1213/1213 1332/1332
f 1321/1321 1322/1322 1308/1308
f 1321/1321 1308/1308 1307/1307
f 1292/1292 1293/1293 1279/1279
f 1292/1292 1279/1279 1278/1278
f 1197/1197 1333/1333 1319/1319
f 1197/1197 1319/1319 1199/1199
f 1322/1322 1323/1323 1309/1309
f 1322/1322 1309/1309 1308/1308
f 1323/1323 1324/1324 1310/1310
f 1323/1323 1310/1310 1309/1309
f 1324/1324 1325/1325 1311/1311
f 1324/1324 1311/1311 1310/1310
f 1325/1325 1326/1326 1312/1312
f 1325/1325 1312/1312 1311/1311
f 1326/1326 1327/1327 1313/1313
f 1326/1326 1313/1313 1312/1312
f 1327/1327 1328/1328 1314/1314
f 1327/1327 1314/1314 1313/1313
f 1328/1328 1329/1329 1315/1315
f 1328/1328 1315/1315 1314/1314
f 1329/1329 1330/1330 1316/1316
f 1329/1329 1316/1316 1315/1315
f 1330/1330 1331/1331 1317/1317
f 1330/1330 1317/1317 1316/1316
f 1331/1331 1332/1332 1318/1318
f 1331/1331 1318/1318 1317/1317
f 1332/1332 1213/1213 1112/1112
f 1332/1332 1112/1112 1318/1318
f 1307/1307 1308/1308 1294/1294
f 1307/1307 1294/1294 1293/1293
f 1278/1278 1279/1279 1265/1265
f 1278/1278 1265/1265 1264/1264
f 1199/1199 1319/1319 1305/1305
f 1199/1199 1305/1305 1201/1201
f 1308/1308 1309/1309 1295/1295
f 1308/1308 1295/1295 1294/1294
f 1309/1309 1310/1310 1296/1296
f 1309/1309 1296/1296 1295/1295
f 1310/1310 1311/1311 1297/1297
f 1310/1310 1297/1297 1296/1296
f 1311/1311 1312/1312 1298/1298
f 1311/1311 1298/1298 1297/1297
f 1312/1312 1313/1313 1299/1299
f 1312/1312 1299/1299 1298/1298
f 1313/1313 1314/1314 1300/1300
f 1313/1313 1300/1300 1299/1299
f 1314/1314 1315/1315 1301/1301
f 1314/1314 1301/1301 1300/1300
f 1315/1315 1316/1316 1302/1302
f 1315/1315 1302/1302 1301/1301
f 1316/1316 1317/1317 1303/1303
f 1316/1316 1303/1303 1302/1302
f 1317/1317 1318/1318 1304/1304
f 1317/1317 1304/1304 1303/1303
f 1318/1318 1112/1112 1211/1211
f 1318/1318 1211/1211 1304/1304
f 1293/1293 1294/1294 1280/1280
f 1293/1293 1280/1280 1279/1279
f 1264/1264 1265/1265 1251/1251
f 1264/1264 1251/1251 1250/1250
f 1201/1201 1305/1305 1291/1291
f 1201/1201 1291/1291 1524/1524
f 1294/1294 1295/1295 1281/1281
f 1294/1294 1281/1281 1280/1280
f 1295/1295 1296/1296 1282/1282
f 1295/1295 1282/1282 1281/1281
f 1296/1296 1297/1297 1283/1283
f 1296/1296 1283/1283 1282/1282
f 1297/1297 1298/1298 1284/1284
f 1297/1297 1284/1284 1283/1283
f 1298/1298 1299/1299 1285/1285
f 1298/1298 1285/1285 1284/1284
f 1299/1299 1300/1300 1286/1286
f 1299/1299 1286/1286 1285/1285
f 1300/1300 1301/1301 1287/1287
f 1300/1300 1287/1287 1286/1286
f 1301/1301 1302/1302 1288/1288
f 1301/1301 1288/1288 1287/1287
f 1302/1302 1303/1303 1289/1289
f 1302/1302 1289/1289 1288/1288
f 1303/1303 1304/1304 1290/1290
f 1303/1303 1290/1290 1289/1289
f 1304/1304 1211/1211 1209/1209
f 1304/1304 1209/1209 1290/1290
f 1279/1279 1280/1280 1266/1266
f 1279/1279 1266/1266 1265/1265
f 1250/1250 1251/1251 1026/1026
f 1250/1250 1026/1026 1024/1024
f 1524/1524 1291/1291 1277/1277
f 1524/1524 1277/1277 1526/1526
f 1280/1280 1281/1281 1267/1267
f 1280/1280 1267/1267 1266/1266
f 1281/1281 1282/1282 1268/1268
f 1281/1281 1268/1268 1267/1267
f 1282/1282 1283/1283 1269/1269
f 1282/1282 1269/1269 1268/1268
f 1283/1283 1284/1284 1270/1270
f 1283/1283 1270/1270 1269/1269
f 1284/1284 1285/1285 1271/1271
f 1284/1284 1271/1271 1270/1270
f 1285/1285 1286/1286 1272/1272
f 1285/1285 1272/1272 1271/1271
f 1286/1286 1287/1287 1273/1273
f 1286/1286 1273/1273 1272/1272
f 1287/1287 1288/1288 1274/1274
f 1287/1287 1274/1274 1273/1273
f 1288/1288 1289/1289 1275/1275
f 1288/1288 1275/1275 1274/1274
f 1289/1289 1290/1290 1276/1276
f 1289/1289 1276/1276 1275/1275
f 1290/1290 1209/1209 1207/1207
f 1290/1290 1207/1207 1276/1276
f 1265/1265 1266/1266 1252/1252
f 1265/1265 1252/1252 1251/1251
f 1526/1526 1277/1277 1263/1263
f 1526/1526 1263/1263 1528/1528
f 1266/1266 1267/1267 1253/1253
f 1266/1266 1253/1253 1252/1252
f 1267/1267 1268/1268 1254/1254
f 1267/1267 1254/1254 1253/1253
f 1268/1268 1269/1269 1255/1255
f 1268/1268 1255/1255 1254/1254
f 1269/1269 1270/1270 1256/1256
f 1269/1269 1256/1256 1255/1255
f 1270/1270 1271/1271 1257/1257
f 1270/1270 1257/1257 1256/1256
f 1271/1271 1272/1272 1258/1258
f 1271/1271 1258/1258 1257/1257
f 1272/1272 1273/1273 1259/1259
f 1272/1272 1259/1259 1258/1258
f 1273/1273 1274/1274 1260/1260
f 1273/1273 1260/1260 1259/1259
f 1274/1274 1275/1275 1261/1261
f 1274/1274 1261/1261 1260/1260
f 1275/1275 1276/1276 1262/1262
f 1275/1275 1262/1262 1261/1261
f 1276/1276 1207/1207 1205/1205
f 1276/1276 1205/1205 1262/1262
f 1251/1251 1252/1252 1240/1240
f 1251/1251 1240/1240 1026/1026
f 1528/1528 1263/1263 1249/1249
f 1528/1528 1249/1249 1203/1203
f 1252/1252 1253/1253 1242/1242
f 1252/1252 1242/1242 1240/1240
f 1476/1476 1475/1475 1916/1916
f 1476/1476 1916/1916 1915/1915
f 1253/1253 1254/1254 1028/1028
f 1253/1253 1028/1028 1242/1242
f 1254/1254 1255/1255 1030/1030
f 1254/1254 1030/1030 1028/1028
f 1255/1255 1256/1256 1032/1032
f 1255/1255 1032/1032 1030/1030
f 1256/1256 1257/1257 1244/1244
f 1256/1256 1244/1244 1032/1032
f 1257/1257 1258/1258 1034/1034
f 1257/1257 1034/1034 1244/1244
f 1258/1258 1259/1259 1036/1036
f 1258/1258 1036/1036 1034/1034
f 1259/1259 1260/1260 1246/1246
f 1259/1259 1246/1246 1036/1036
f 1260/1260 1261/1261 1038/1038
f 1260/1260 1038/1038 1246/1246
f 1261/1261 1262/1262 1248/1248
f 1261/1261 1248/1248 1038/1038
f 1248/1248 1262/1262 1205/1205
f 1248/1248 1205/1205 1092/1092
f 1203/1203 1249/1249 1238/1238
f 1203/1203 1238/1238 1184/1184
f 1588/1588 1587/1587 1535/1535
f 1588/1588 1535/1535 1537/1537
f 1584/1584 1583/1583 1586/1586
f 1584/1584 1586/1586 1587/1587
f 1588/1588 1585/1585 1584/1584
f 1588/1588 1584/1584 1587/1587
f 1540/1540 1512/1512 1487/1487
f 1540/1540 1487/1487 1924/1924
f 1587/1587 1586/1586 1533/1533
f 1587/1587 1533/1533 1535/1535
f 1517/1517 1541/1541 1538/1538
f 1517/1517 1538/1538 1515/1515
f 1530/1530 1922/1922 1538/1538
f 1530/1530 1538/1538 1539/1539
f 1515/1515 1538/1538 1922/1922
f 1515/1515 1922/1922 1491/1491
f 1543/1543 1546/1546 1510/1510
f 1543/1543 1510/1510 1606/1606
f 1543/1543 1606/1606 1512/1512
f 1543/1543 1512/1512 1540/1540
f 1546/1546 1549/1549 1604/1604
f 1546/1546 1604/1604 1510/1510
f 1204/1204 1186/1186 1533/1533
f 1204/1204 1533/1533 1586/1586
f 1539/1539 1540/1540 1924/1924
f 1539/1539 1924/1924 1530/1530
f 1541/1541 1542/1542 1539/1539
f 1541/1541 1539/1539 1538/1538
f 1549/1549 1552/1552 1508/1508
f 1549/1549 1508/1508 1604/1604
f 1519/1519 1544/1544 1541/1541
f 1519/1519 1541/1541 1517/1517
f 1544/1544 1545/1545 1542/1542
f 1544/1544 1542/1542 1541/1541
f 1543/1543 1540/1540 1539/1539
f 1543/1543 1539/1539 1542/1542
f 1552/1552 1555/1555 1506/1506
f 1552/1552 1506/1506 1508/1508
f 1188/1188 1547/1547 1544/1544
f 1188/1188 1544/1544 1519/1519
f 1547/1547 1548/1548 1545/1545
f 1547/1547 1545/1545 1544/1544
f 1545/1545 1546/1546 1543/1543
f 1545/1545 1543/1543 1542/1542
f 1555/1555 1558/1558 1602/1602
f 1555/1555 1602/1602 1506/1506
f 1190/1190 1550/1550 1547/1547
f 1190/1190 1547/1547 1188/1188
f 1550/1550 1551/1551 1548/1548
f 1550/1550 1548/1548 1547/1547
f 1548/1548 1549/1549 1546/1546
f 1548/1548 1546/1546 1545/1545
f 1558/1558 1561/1561 1600/1600
f 1558/1558 1600/1600 1602/1602
f 1192/1192 1553/1553 1550/1550
f 1192/1192 1550/1550 1190/1190
f 1553/1553 1554/1554 1551/1551
f 1553/1553 1551/1551 1550/1550
f 1551/1551 1552/1552 1549/1549
f 1551/1551 1549/1549 1548/1548
f 1561/1561 1564/1564 1504/1504
f 1561/1561 1504/1504 1600/1600
f 1521/1521 1556/1556 1553/1553
f 1521/1521 1553/1553 1192/1192
f 1556/1556 1557/1557 1554/1554
f 1556/1556 1554/1554 1553/1553
f 1554/1554 1555/1555 1552/1552
f 1554/1554 1552/1552 1551/1551
f 1564/1564 1567/1567 1502/1502
f 1564/1564 1502/1502 1504/1504
f 1194/1194 1559/1559 1556/1556
f 1194/1194 1556/1556 1521/1521
f 1559/1559 1560/1560 1557/1557
f 1559/1559 1557/1557 1556/1556
f 1557/1557 1558/1558 1555/1555
f 1557/1557 1555/1555 1554/1554
f 1567/1567 1570/1570 1598/1598
f 1567/1567 1598/1598 1502/1502
f 1523/1523 1562/1562 1559/1559
f 1523/1523 1559/1559 1194/1194
f 1562/1562 1563/1563 1560/1560
f 1562/1562 1560/1560 1559/1559
f 1560/1560 1561/1561 1558/1558
f 1560/1560 1558/1558 1557/1557
f 1570/1570 1573/1573 1500/1500
f 1570/1570 1500/1500 1598/1598
f 1196/1196 1565/1565 1562/1562
f 1196/1196 1562/1562 1523/1523
f 1565/1565 1566/1566 1563/1563
f 1565/1565 1563/1563 1562/1562
f 1563/1563 1564/1564 1561/1561
f 1563/1563 1561/1561 1560/1560
f 1573/1573 1576/1576 1498/1498
f 1573/1573 1498/1498 1500/1500
f 1198/1198 1568/1568 1565/1565
f 1198/1198 1565/1565 1196/1196
f 1568/1568 1569/1569 1566/1566
f 1568/1568 1566/1566 1565/1565
f 1566/1566 1567/1567 1564/1564
f 1566/1566 1564/1564 1563/1563
f 1576/1576 1579/1579 1496/1496
f 1576/1576 1496/1496 1498/1498
f 1200/1200 1571/1571 1568/1568
f 1200/1200 1568/1568 1198/1198
f 1571/1571 1572/1572 1569/1569
f 1571/1571 1569/1569 1568/1568
f 1569/1569 1570/1570 1567/1567
f 1569/1569 1567/1567 1566/1566
f 1579/1579 1582/1582 1596/1596
f 1579/1579 1596/1596 1496/1496
f 1202/1202 1574/1574 1571/1571
f 1202/1202 1571/1571 1200/1200
f 1574/1574 1575/1575 1572/1572
f 1574/1574 1572/1572 1571/1571
f 1572/1572 1573/1573 1570/1570
f 1572/1572 1570/1570 1569/1569
f 1582/1582 1585/1585 1594/1594
f 1582/1582 1594/1594 1596/1596
f 1525/1525 1577/1577 1574/1574
f 1525/1525 1574/1574 1202/1202
f 1577/1577 1578/1578 1575/1575
f 1577/1577 1575/1575 1574/1574
f 1575/1575 1576/1576 1573/1573
f 1575/1575 1573/1573 1572/1572
f 1585/1585 1588/1588 1592/1592
f 1585/1585 1592/1592 1594/1594
f 1527/1527 1580/1580 1577/1577
f 1527/1527 1577/1577 1525/1525
f 1580/1580 1581/1581 1578/1578
f 1580/1580 1578/1578 1577/1577
f 1578/1578 1579/1579 1576/1576
f 1578/1578 1576/1576 1575/1575
f 1529/1529 1583/1583 1580/1580
f 1529/1529 1580/1580 1527/1527
f 1583/1583 1584/1584 1581/1581
f 1583/1583 1581/1581 1580/1580
f 1581/1581 1582/1582 1579/1579
f 1581/1581 1579/1579 1578/1578
f 1529/1529 1204/1204 1586/1586
f 1529/1529 1586/1586 1583/1583
f 1584/1584 1585/1585 1582/1582
f 1584/1584 1582/1582 1581/1581
f 1494/1494 1592/1592 1588/1588
f 1494/1494 1588/1588 1537/1537
f 1665/1665 1637/1637 1635/1635
f 1665/1665 1635/1635 1664/1664
f 1877/1877 1863/1863 1862/1862
f 1877/1877 1862/1862 1876/1876
f 1653/1653 1652/1652 1666/1666
f 1653/1653 1666/1666 1667/1667
f 1861/1861 1875/1875 1108/1108
f 1861/1861 1108/1108 1622/1622
f 1889/1889 1110/1110 1108/1108
f 1889/1889 1108/1108 1875/1875
f 1639/1639 1010/1010 1889/1889
f 1639/1639 1889/1889 1888/1888
f 1681/1681 1680/1680 1694/1694
f 1681/1681 1694/1694 1695/1695
f 1667/1667 1666/1666 1680/1680
f 1667/1667 1680/1680 1681/1681
f 1695/1695 1694/1694 1708/1708
f 1695/1695 1708/1708 1709/1709
f 1495/1495 1651/1651 1876/1876
f 1495/1495 1876/1876 1593/1593
f 1709/1709 1708/1708 1722/1722
f 1709/1709 1722/1722 1723/1723
f 1096/1096 1679/1679 1693/1693
f 1096/1096 1693/1693 1098/1098
f 1723/1723 1722/1722 1736/1736
f 1723/1723 1736/1736 1737/1737
f 1693/1693 1707/1707 1608/1608
f 1693/1693 1608/1608 1098/1098
f 1737/1737 1736/1736 1750/1750
f 1737/1737 1750/1750 1751/1751
f 1707/1707 1721/1721 1100/1100
f 1707/1707 1100/1100 1608/1608
f 1751/1751 1750/1750 1764/1764
f 1751/1751 1764/1764 1765/1765
f 1721/1721 1735/1735 1610/1610
f 1721/1721 1610/1610 1100/1100
f 1765/1765 1764/1764 1778/1778
f 1765/1765 1778/1778 1779/1779
f 1735/1735 1749/1749 1612/1612
f 1735/1735 1612/1612 1610/1610
f 1779/1779 1778/1778 1792/1792
f 1779/1779 1792/1792 1793/1793
f 1749/1749 1763/1763 1614/1614
f 1749/1749 1614/1614 1612/1612
f 1793/1793 1792/1792 1806/1806
f 1793/1793 1806/1806 1807/1807
f 1763/1763 1777/1777 1616/1616
f 1763/1763 1616/1616 1614/1614
f 1807/1807 1806/1806 1820/1820
f 1807/1807 1820/1820 1821/1821
f 1777/1777 1791/1791 1102/1102
f 1777/1777 1102/1102 1616/1616
f 1821/1821 1820/1820 1834/1834
f 1821/1821 1834/1834 1835/1835
f 1791/1791 1805/1805 1618/1618
f 1791/1791 1618/1618 1102/1102
f 1876/1876 1651/1651 1649/1649
f 1876/1876 1649/1649 1877/1877
f 1805/1805 1819/1819 1104/1104
f 1805/1805 1104/1104 1618/1618
f 1819/1819 1833/1833 1620/1620
f 1819/1819 1620/1620 1104/1104
f 1835/1835 1834/1834 1848/1848
f 1835/1835 1848/1848 1849/1849
f 1833/1833 1847/1847 1106/1106
f 1833/1833 1106/1106 1620/1620
f 1847/1847 1861/1861 1622/1622
f 1847/1847 1622/1622 1106/1106
f 1625/1625 1489/1489 1513/1513
f 1625/1625 1513/1513 1652/1652
f 1877/1877 1649/1649 1022/1022
f 1877/1877 1022/1022 1878/1878
f 1879/1879 1865/1865 1864/1864
f 1879/1879 1864/1864 1878/1878
f 1879/1879 1647/1647 1020/1020
f 1879/1879 1020/1020 1880/1880
f 1880/1880 1020/1020 1018/1018
f 1880/1880 1018/1018 1881/1881
f 1880/1880 1866/1866 1865/1865
f 1880/1880 1865/1865 1879/1879
f 1881/1881 1867/1867 1866/1866
f 1881/1881 1866/1866 1880/1880
f 1882/1882 1868/1868 1867/1867
f 1882/1882 1867/1867 1881/1881
f 1883/1883 1869/1869 1868/1868
f 1883/1883 1868/1868 1882/1882
f 1884/1884 1870/1870 1869/1869
f 1884/1884 1869/1869 1883/1883
f 1885/1885 1871/1871 1870/1870
f 1885/1885 1870/1870 1884/1884
f 1886/1886 1872/1872 1871/1871
f 1886/1886 1871/1871 1885/1885
f 1887/1887 1873/1873 1872/1872
f 1887/1887 1872/1872 1886/1886
f 1888/1888 1874/1874 1873/1873
f 1888/1888 1873/1873 1887/1887
f 1889/1889 1875/1875 1874/1874
f 1889/1889 1874/1874 1888/1888
f 1848/1848 1597/1597 1595/1595
f 1848/1848 1595/1595 1862/1862
f 1878/1878 1022/1022 1647/1647
f 1878/1878 1647/1647 1879/1879
f 1849/1849 1848/1848 1862/1862
f 1849/1849 1862/1862 1863/1863
f 1889/1889 1010/1010 1590/1590
f 1889/1889 1590/1590 1110/1110
f 1836/1836 1835/1835 1849/1849
f 1836/1836 1849/1849 1850/1850
f 1850/1850 1849/1849 1863/1863
f 1850/1850 1863/1863 1864/1864
f 1851/1851 1850/1850 1864/1864
f 1851/1851 1864/1864 1865/1865
f 1852/1852 1851/1851 1865/1865
f 1852/1852 1865/1865 1866/1866
f 1853/1853 1852/1852 1866/1866
f 1853/1853 1866/1866 1867/1867
f 1854/1854 1853/1853 1867/1867
f 1854/1854 1867/1867 1868/1868
f 1855/1855 1854/1854 1868/1868
f 1855/1855 1868/1868 1869/1869
f 1856/1856 1855/1855 1869/1869
f 1856/1856 1869/1869 1870/1870
f 1857/1857 1856/1856 1870/1870
f 1857/1857 1870/1870 1871/1871
f 1858/1858 1857/1857 1871/1871
f 1858/1858 1871/1871 1872/1872
f 1859/1859 1858/1858 1872/1872
f 1859/1859 1872/1872 1873/1873
f 1860/1860 1859/1859 1873/1873
f 1860/1860 1873/1873 1874/1874
f 1875/1875 1861/1861 1860/1860
f 1875/1875 1860/1860 1874/1874
f 1834/1834 1497/1497 1597/1597
f 1834/1834 1597/1597 1848/1848
f 1822/1822 1821/1821 1835/1835
f 1822/1822 1835/1835 1836/1836
f 1837/1837 1836/1836 1850/1850
f 1837/1837 1850/1850 1851/1851
f 1838/1838 1837/1837 1851/1851
f 1838/1838 1851/1851 1852/1852
f 1839/1839 1838/1838 1852/1852
f 1839/1839 1852/1852 1853/1853
f 1840/1840 1839/1839 1853/1853
f 1840/1840 1853/1853 1854/1854
f 1841/1841 1840/1840 1854/1854
f 1841/1841 1854/1854 1855/1855
f 1842/1842 1841/1841 1855/1855
f 1842/1842 1855/1855 1856/1856
f 1843/1843 1842/1842 1856/1856
f 1843/1843 1856/1856 1857/1857
f 1844/1844 1843/1843 1857/1857
f 1844/1844 1857/1857 1858/1858
f 1845/1845 1844/1844 1858/1858
f 1845/1845 1858/1858 1859/1859
f 1846/1846 1845/1845 1859/1859
f 1846/1846 1859/1859 1860/1860
f 1861/1861 1847/1847 1846/1846
f 1861/1861 1846/1846 1860/1860
f 1820/1820 1499/1499 1497/1497
f 1820/1820 1497/1497 1834/1834
f 1808/1808 1807/1807 1821/1821
f 1808/1808 1821/1821 1822/1822
f 1823/1823 1822/1822 1836/1836
f 1823/1823 1836/1836 1837/1837
f 1824/1824 1823/1823 1837/1837
f 1824/1824 1837/1837 1838/1838
f 1825/1825 1824/1824 1838/1838
f 1825/1825 1838/1838 1839/1839
f 1826/1826 1825/1825 1839/1839
f 1826/1826 1839/1839 1840/1840
f 1827/1827 1826/1826 1840/1840
f 1827/1827 1840/1840 1841/1841
f 1828/1828 1827/1827 1841/1841
f 1828/1828 1841/1841 1842/1842
f 1829/1829 1828/1828 1842/1842
f 1829/1829 1842/1842 1843/1843
f 1830/1830 1829/1829 1843/1843
f 1830/1830 1843/1843 1844/1844
f 1831/1831 1830/1830 1844/1844
f 1831/1831 1844/1844 1845/1845
f 1832/1832 1831/1831 1845/1845
f 1832/1832 1845/1845 1846/1846
f 1847/1847 1833/1833 1832/1832
f 1847/1847 1832/1832 1846/1846
f 1806/1806 1501/1501 1499/1499
f 1806/1806 1499/1499 1820/1820
f 1794/1794 1793/1793 1807/1807
f 1794/1794 1807/1807 1808/1808
f 1809/1809 1808/1808 1822/1822
f 1809/1809 1822/1822 1823/1823
f 1810/1810 1809/1809 1823/1823
f 1810/1810 1823/1823 1824/1824
f 1811/1811 1810/1810 1824/1824
f 1811/1811 1824/1824 1825/1825
f 1812/1812 1811/1811 1825/1825
f 1812/1812 1825/1825 1826/1826
f 1813/1813 1812/1812 1826/1826
f 1813/1813 1826/1826 1827/1827
f 1814/1814 1813/1813 1827/1827
f 1814/1814 1827/1827 1828/1828
f 1815/1815 1814/1814 1828/1828
f 1815/1815 1828/1828 1829/1829
f 1816/1816 1815/1815 1829/1829
f 1816/1816 1829/1829 1830/1830
f 1817/1817 1816/1816 1830/1830
f 1817/1817 1830/1830 1831/1831
f 1818/1818 1817/1817 1831/1831
f 1818/1818 1831/1831 1832/1832
f 1833/1833 1819/1819 1818/1818
f 1833/1833 1818/1818 1832/1832
f 1792/1792 1599/1599 1501/1501
f 1792/1792 1501/1501 1806/1806
f 1780/1780 1779/1779 1793/1793
f 1780/1780 1793/1793 1794/1794
f 1795/1795 1794/1794 1808/1808
f 1795/1795 1808/1808 1809/1809
f 1796/1796 1795/1795 1809/1809
f 1796/1796 1809/1809 1810/1810
f 1797/1797 1796/1796 1810/1810
f 1797/1797 1810/1810 1811/1811
f 1798/1798 1797/1797 1811/1811
f 1798/1798 1811/1811 1812/1812
f 1799/1799 1798/1798 1812/1812
f 1799/1799 1812/1812 1813/1813
f 1800/1800 1799/1799 1813/1813
f 1800/1800 1813/1813 1814/1814
f 1801/1801 1800/1800 1814/1814
f 1801/1801 1814/1814 1815/1815
f 1802/1802 1801/1801 1815/1815
f 1802/1802 1815/1815 1816/1816
f 1803/1803 1802/1802 1816/1816
f 1803/1803 1816/1816 1817/1817
f 1804/1804 1803/1803 1817/1817
f 1804/1804 1817/1817 1818/1818
f 1819/1819 1805/1805 1804/1804
f 1819/1819 1804/1804 1818/1818
f 1778/1778 1503/1503 1599/1599
f 1778/1778 1599/1599 1792/1792
f 1766/1766 1765/1765 1779/1779
f 1766/1766 1779/1779 1780/1780
f 1781/1781 1780/1780 1794/1794
f 1781/1781 1794/1794 1795/1795
f 1782/1782 1781/1781 1795/1795
f 1782/1782 1795/1795 1796/1796
f 1783/1783 1782/1782 1796/1796
f 1783/1783 1796/1796 1797/1797
f 1784/1784 1783/1783 1797/1797
f 1784/1784 1797/1797 1798/1798
f 1785/1785 1784/1784 1798/1798
f 1785/1785 1798/1798 1799/1799
f 1786/1786 1785/1785 1799/1799
f 1786/1786 1799/1799 1800/1800
f 1787/1787 1786/1786 1800/1800
f 1787/1787 1800/1800 1801/1801
f 1788/1788 1787/1787 1801/1801
f 1788/1788 1801/1801 1802/1802
f 1789/1789 1788/1788 1802/1802
f 1789/1789 1802/1802 1803/1803
f 1790/1790 1789/1789 1803/1803
f 1790/1790 1803/1803 1804/1804
f 1805/1805 1791/1791 1790/1790
f 1805/1805 1790/1790 1804/1804
f 1764/1764 1505/1505 1503/1503
f 1764/1764 1503/1503 1778/1778
f 1752/1752 1751/1751 1765/1765
f 1752/1752 1765/1765 1766/1766
f 1767/1767 1766/1766 1780/1780
f 1767/1767 1780/1780 1781/1781
f 1768/1768 1767/1767 1781/1781
f 1768/1768 1781/1781 1782/1782
f 1769/1769 1768/1768 1782/1782
f 1769/1769 1782/1782 1783/1783
f 1770/1770 1769/1769 1783/1783
f 1770/1770 1783/1783 1784/1784
f 1771/1771 1770/1770 1784/1784
f 1771/1771 1784/1784 1785/1785
f 1772/1772 1771/1771 1785/1785
f 1772/1772 1785/1785 1786/1786
f 1773/1773 1772/1772 1786/1786
f 1773/1773 1786/1786 1787/1787
f 1774/1774 1773/1773 1787/1787
f 1774/1774 1787/1787 1788/1788
f 1775/1775 1774/1774 1788/1788
f 1775/1775 1788/1788 1789/1789
f 1776/1776 1775/1775 1789/1789
f 1776/1776 1789/1789 1790/1790
f 1791/1791 1777/1777 1776/1776
f 1791/1791 1776/1776 1790/1790
f 1750/1750 1601/1601 1505/1505
f 1750/1750 1505/1505 1764/1764
f 1738/1738 1737/1737 1751/1751
f 1738/1738 1751/1751 1752/1752
f 1753/1753 1752/1752 1766/1766
f 1753/1753 1766/1766 1767/1767
f 1754/1754 1753/1753 1767/1767
f 1754/1754 1767/1767 1768/1768
f 1755/1755 1754/1754 1768/1768
f 1755/1755 1768/1768 1769/1769
f 1756/1756 1755/1755 1769/1769
f 1756/1756 1769/1769 1770/1770
f 1757/1757 1756/1756 1770/1770
f 1757/1757 1770/1770 1771/1771
f 1758/1758 1757/1757 1771/1771
f 1758/1758 1771/1771 1772/1772
f 1759/1759 1758/1758 1772/1772
f 1759/1759 1772/1772 1773/1773
f 1760/1760 1759/1759 1773/1773
f 1760/1760 1773/1773 1774/1774
f 1761/1761 1760/1760 1774/1774
f 1761/1761 1774/1774 1775/1775
f 1762/1762 1761/1761 1775/1775
f 1762/1762 1775/1775 1776/1776
f 1777/1777 1763/1763 1762/1762
f 1777/1777 1762/1762 1776/1776
f 1736/1736 1603/1603 1601/1601
f 1736/1736 1601/1601 1750/1750
f 1724/1724 1723/1723 1737/1737
f 1724/1724 1737/1737 1738/1738
f 1739/1739 1738/1738 1752/1752
f 1739/1739 1752/1752 1753/1753
f 1740/1740 1739/1739 1753/1753
f 1740/1740 1753/1753 1754/1754
f 1741/1741 1740/1740 1754/1754
f 1741/1741 1754/1754 1755/1755
f 1742/1742 1741/1741 1755/1755
f 1742/1742 1755/1755 1756/1756
f 1743/1743 1742/1742 1756/1756
f 1743/1743 1756/1756 1757/1757
f 1744/1744 1743/1743 1757/1757
f 1744/1744 1757/1757 1758/1758
f 1745/1745 1744/1744 1758/1758
f 1745/1745 1758/1758 1759/1759
f 1746/1746 1745/1745 1759/1759
f 1746/1746 1759/1759 1760/1760
f 1747/1747 1746/1746 1760/1760
f 1747/1747 1760/1760 1761/1761
f 1748/1748 1747/1747 1761/1761
f 1748/1748 1761/1761 1762/1762
f 1763/1763 1749/1749 1748/1748
f 1763/1763 1748/1748 1762/1762
f 1722/1722 1507/1507 1603/1603
f 1722/1722 1603/1603 1736/1736
f 1710/1710 1709/1709 1723/1723
f 1710/1710 1723/1723 1724/1724
f 1725/1725 1724/1724 1738/1738
f 1725/1725 1738/1738 1739/1739
f 1726/1726 1725/1725 1739/1739
f 1726/1726 1739/1739 1740/1740
f 1727/1727 1726/1726 1740/1740
f 1727/1727 1740/1740 1741/1741
f 1728/1728 1727/1727 1741/1741
f 1728/1728 1741/1741 1742/1742
f 1729/1729 1728/1728 1742/1742
f 1729/1729 1742/1742 1743/1743
f 1730/1730 1729/1729 1743/1743
f 1730/1730 1743/1743 1744/1744
f 1731/1731 1730/1730 1744/1744
f 1731/1731 1744/1744 1745/1745
f 1732/1732 1731/1731 1745/1745
f 1732/1732 1745/1745 1746/1746
f 1733/1733 1732/1732 1746/1746
f 1733/1733 1746/1746 1747/1747
f 1734/1734 1733/1733 1747/1747
f 1734/1734 1747/1747 1748/1748
f 1749/1749 1735/1735 1734/1734
f 1749/1749 1734/1734 1748/1748
f 1708/1708 1509/1509 1507/1507
f 1708/1708 1507/1507 1722/1722
f 1696/1696 1695/1695 1709/1709
f 1696/1696 1709/1709 1710/1710
f 1711/1711 1710/1710 1724/1724
f 1711/1711 1724/1724 1725/1725
f 1712/1712 1711/1711 1725/1725
f 1712/1712 1725/1725 1726/1726
f 1713/1713 1712/1712 1726/1726
f 1713/1713 1726/1726 1727/1727
f 1714/1714 1713/1713 1727/1727
f 1714/1714 1727/1727 1728/1728
f 1715/1715 1714/1714 1728/1728
f 1715/1715 1728/1728 1729/1729
f 1716/1716 1715/1715 1729/1729
f 1716/1716 1729/1729 1730/1730
f 1717/1717 1716/1716 1730/1730
f 1717/1717 1730/1730 1731/1731
f 1718/1718 1717/1717 1731/1731
f 1718/1718 1731/1731 1732/1732
f 1719/1719 1718/1718 1732/1732
f 1719/1719 1732/1732 1733/1733
f 1720/1720 1719/1719 1733/1733
f 1720/1720 1733/1733 1734/1734
f 1735/1735 1721/1721 1720/1720
f 1735/1735 1720/1720 1734/1734
f 1694/1694 1605/1605 1509/1509
f 1694/1694 1509/1509 1708/1708
f 1682/1682 1681/1681 1695/1695
f 1682/1682 1695/1695 1696/1696
f 1697/1697 1696/1696 1710/1710
f 1697/1697 1710/1710 1711/1711
f 1698/1698 1697/1697 1711/1711
f 1698/1698 1711/1711 1712/1712
f 1699/1699 1698/1698 1712/1712
f 1699/1699 1712/1712 1713/1713
f 1700/1700 1699/1699 1713/1713
f 1700/1700 1713/1713 1714/1714
f 1701/1701 1700/1700 1714/1714
f 1701/1701 1714/1714 1715/1715
f 1702/1702 1701/1701 1715/1715
f 1702/1702 1715/1715 1716/1716
f 1703/1703 1702/1702 1716/1716
f 1703/1703 1716/1716 1717/1717
f 1704/1704 1703/1703 1717/1717
f 1704/1704 1717/1717 1718/1718
f 1705/1705 1704/1704 1718/1718
f 1705/1705 1718/1718 1719/1719
f 1706/1706 1705/1705 1719/1719
f 1706/1706 1719/1719 1720/1720
f 1721/1721 1707/1707 1706/1706
f 1721/1721 1706/1706 1720/1720
f 1680/1680 1511/1511 1605/1605
f 1680/1680 1605/1605 1694/1694
f 1668/1668 1667/1667 1681/1681
f 1668/1668 1681/1681 1682/1682
f 1683/1683 1682/1682 1696/1696
f 1683/1683 1696/1696 1697/1697
f 1684/1684 1683/1683 1697/1697
f 1684/1684 1697/1697 1698/1698
f 1685/1685 1684/1684 1698/1698
f 1685/1685 1698/1698 1699/1699
f 1686/1686 1685/1685 1699/1699
f 1686/1686 1699/1699 1700/1700
f 1687/1687 1686/1686 1700/1700
f 1687/1687 1700/1700 1701/1701
f 1688/1688 1687/1687 1701/1701
f 1688/1688 1701/1701 1702/1702
f 1689/1689 1688/1688 1702/1702
f 1689/1689 1702/1702 1703/1703
f 1690/1690 1689/1689 1703/1703
f 1690/1690 1703/1703 1704/1704
f 1691/1691 1690/1690 1704/1704
f 1691/1691 1704/1704 1705/1705
f 1692/1692 1691/1691 1705/1705
f 1692/1692 1705/1705 1706/1706
f 1707/1707 1693/1693 1692/1692
f 1707/1707 1692/1692 1706/1706
f 1666/1666 1607/1607 1511/1511
f 1666/1666 1511/1511 1680/1680
f 1654/1654 1653/1653 1667/1667
f 1654/1654 1667/1667 1668/1668
f 1669/1669 1668/1668 1682/1682
f 1669/1669 1682/1682 1683/1683
f 1670/1670 1669/1669 1683/1683
f 1670/1670 1683/1683 1684/1684
f 1671/1671 1670/1670 1684/1684
f 1671/1671 1684/1684 1685/1685
f 1672/1672 1671/1671 1685/1685
f 1672/1672 1685/1685 1686/1686
f 1673/1673 1672/1672 1686/1686
f 1673/1673 1686/1686 1687/1687
f 1674/1674 1673/1673 1687/1687
f 1674/1674 1687/1687 1688/1688
f 1675/1675 1674/1674 1688/1688
f 1675/1675 1688/1688 1689/1689
f 1676/1676 1675/1675 1689/1689
f 1676/1676 1689/1689 1690/1690
f 1677/1677 1676/1676 1690/1690
f 1677/1677 1690/1690 1691/1691
f 1678/1678 1677/1677 1691/1691
f 1678/1678 1691/1691 1692/1692
f 1693/1693 1679/1679 1678/1678
f 1693/1693 1678/1678 1692/1692
f 1652/1652 1513/1513 1607/1607
f 1652/1652 1607/1607 1666/1666
f 1627/1627 1625/1625 1652/1652
f 1627/1627 1652/1652 1653/1653
f 1655/1655 1654/1654 1668/1668
f 1655/1655 1668/1668 1669/1669
f 1656/1656 1655/1655 1669/1669
f 1656/1656 1669/1669 1670/1670
f 1657/1657 1656/1656 1670/1670
f 1657/1657 1670/1670 1671/1671
f 1658/1658 1657/1657 1671/1671
f 1658/1658 1671/1671 1672/1672
f 1659/1659 1658/1658 1672/1672
f 1659/1659 1672/1672 1673/1673
f 1660/1660 1659/1659 1673/1673
f 1660/1660 1673/1673 1674/1674
f 1661/1661 1660/1660 1674/1674
f 1661/1661 1674/1674 1675/1675
f 1662/1662 1661/1661 1675/1675
f 1662/1662 1675/1675 1676/1676
f 1663/1663 1662/1662 1676/1676
f 1663/1663 1676/1676 1677/1677
f 1664/1664 1663/1663 1677/1677
f 1664/1664 1677/1677 1678/1678
f 1679/1679 1665/1665 1664/1664
f 1679/1679 1664/1664 1678/1678
f 1595/1595 1593/1593 1876/1876
f 1595/1595 1876/1876 1862/1862
f 1891/1891 1627/1627 1653/1653
f 1891/1891 1653/1653 1654/1654
f 1629/1629 1891/1891 1654/1654
f 1629/1629 1654/1654 1655/1655
f 1893/1893 1629/1629 1655/1655
f 1893/1893 1655/1655 1656/1656
f 1895/1895 1893/1893 1656/1656
f 1895/1895 1656/1656 1657/1657
f 1631/1631 1895/1895 1657/1657
f 1631/1631 1657/1657 1658/1658
f 1897/1897 1631/1631 1658/1658
f 1897/1897 1658/1658 1659/1659
f 1899/1899 1897/1897 1659/1659
f 1899/1899 1659/1659 1660/1660
f 1901/1901 1899/1899 1660/1660
f 1901/1901 1660/1660 1661/1661
f 1903/1903 1901/1901 1661/1661
f 1903/1903 1661/1661 1662/1662
f 1633/1633 1903/1903 1662/1662
f 1633/1633 1662/1662 1663/1663
f 1635/1635 1633/1633 1663/1663
f 1635/1635 1663/1663 1664/1664
f 1878/1878 1864/1864 1863/1863
f 1878/1878 1863/1863 1877/1877
f 1881/1881 1018/1018 1645/1645
f 1881/1881 1645/1645 1882/1882
f 1882/1882 1645/1645 1016/1016
f 1882/1882 1016/1016 1883/1883
f 1883/1883 1016/1016 1014/1014
f 1883/1883 1014/1014 1884/1884
f 1884/1884 1014/1014 1643/1643
f 1884/1884 1643/1643 1885/1885
f 1885/1885 1643/1643 1012/1012
f 1885/1885 1012/1012 1886/1886
f 1886/1886 1012/1012 1641/1641
f 1886/1886 1641/1641 1887/1887
f 1887/1887 1641/1641 1639/1639
f 1887/1887 1639/1639 1888/1888
f 1094/1094 1665/1665 1679/1679
f 1094/1094 1679/1679 1096/1096
f 1094/1094 1086/1086 1637/1637
f 1094/1094 1637/1637 1665/1665
f 1928/1928 1920/1920 1126/1126
f 1928/1928 1126/1126 1927/1927
f 1923/1923 1531/1531 1966/1966
f 1923/1923 1966/1966 1965/1965
f 1964/1964 1963/1963 1966/1966
f 1964/1964 1966/1966 1967/1967
f 1904/1904 1926/1926 1128/1128
f 1904/1904 1128/1128 1088/1088
f 1963/1963 1964/1964 1961/1961
f 1963/1963 1961/1961 1960/1960
f 1632/1632 1634/1634 1931/1931
f 1632/1632 1931/1931 1934/1934
f 1928/1928 1636/1636 1085/1085
f 1928/1928 1085/1085 1920/1920
f 1965/1965 1919/1919 1492/1492
f 1965/1965 1492/1492 1923/1923
f 1531/1531 1925/1925 1967/1967
f 1531/1531 1967/1967 1966/1966
f 1931/1931 1634/1634 1636/1636
f 1931/1931 1636/1636 1928/1928
f 1926/1926 1904/1904 1906/1906
f 1926/1926 1906/1906 1929/1929
f 1960/1960 1961/1961 1958/1958
f 1960/1960 1958/1958 1957/1957
f 1957/1957 1958/1958 1955/1955
f 1957/1957 1955/1955 1954/1954
f 1954/1954 1955/1955 1952/1952
f 1954/1954 1952/1952 1951/1951
f 1951/1951 1952/1952 1949/1949
f 1951/1951 1949/1949 1948/1948
f 1948/1948 1949/1949 1946/1946
f 1948/1948 1946/1946 1945/1945
f 1945/1945 1946/1946 1943/1943
f 1945/1945 1943/1943 1942/1942
f 1942/1942 1943/1943 1940/1940
f 1942/1942 1940/1940 1939/1939
f 1939/1939 1940/1940 1937/1937
f 1939/1939 1937/1937 1936/1936
f 1936/1936 1937/1937 1934/1934
f 1936/1936 1934/1934 1933/1933
f 1933/1933 1934/1934 1931/1931
f 1933/1933 1931/1931 1930/1930
f 1930/1930 1931/1931 1928/1928
f 1930/1930 1928/1928 1927/1927
f 1929/1929 1930/1930 1927/1927
f 1929/1929 1927/1927 1926/1926
f 1962/1962 1236/1236 1919/1919
f 1962/1962 1919/1919 1965/1965
f 1959/1959 1917/1917 1236/1236
f 1959/1959 1236/1236 1962/1962
f 1962/1962 1965/1965 1966/1966
f 1962/1962 1966/1966 1963/1963
f 1956/1956 1914/1914 1917/1917
f 1956/1956 1917/1917 1959/1959
f 1962/1962 1963/1963 1960/1960
f 1962/1962 1960/1960 1959/1959
f 1953/1953 1233/1233 1914/1914
f 1953/1953 1914/1914 1956/1956
f 1959/1959 1960/1960 1957/1957
f 1959/1959 1957/1957 1956/1956
f 1950/1950 1912/1912 1233/1233
f 1950/1950 1233/1233 1953/1953
f 1956/1956 1957/1957 1954/1954
f 1956/1956 1954/1954 1953/1953
f 1947/1947 1231/1231 1912/1912
f 1947/1947 1912/1912 1950/1950
f 1953/1953 1954/1954 1951/1951
f 1953/1953 1951/1951 1950/1950
f 1944/1944 1910/1910 1231/1231
f 1944/1944 1231/1231 1947/1947
f 1950/1950 1951/1951 1948/1948
f 1950/1950 1948/1948 1947/1947
f 1941/1941 1229/1229 1910/1910
f 1941/1941 1910/1910 1944/1944
f 1947/1947 1948/1948 1945/1945
f 1947/1947 1945/1945 1944/1944
f 1938/1938 1227/1227 1229/1229
f 1938/1938 1229/1229 1941/1941
f 1944/1944 1945/1945 1942/1942
f 1944/1944 1942/1942 1941/1941
f 1935/1935 1225/1225 1227/1227
f 1935/1935 1227/1227 1938/1938
f 1941/1941 1942/1942 1939/1939
f 1941/1941 1939/1939 1938/1938
f 1932/1932 1908/1908 1225/1225
f 1932/1932 1225/1225 1935/1935
f 1938/1938 1939/1939 1936/1936
f 1938/1938 1936/1936 1935/1935
f 1929/1929 1906/1906 1908/1908
f 1929/1929 1908/1908 1932/1932
f 1935/1935 1936/1936 1933/1933
f 1935/1935 1933/1933 1932/1932
f 1932/1932 1933/1933 1930/1930
f 1932/1932 1930/1930 1929/1929
f 1128/1128 1926/1926 1927/1927
f 1128/1128 1927/1927 1126/1126
f 1902/1902 1632/1632 1934/1934
f 1902/1902 1934/1934 1937/1937
f 1900/1900 1902/1902 1937/1937
f 1900/1900 1937/1937 1940/1940
f 1898/1898 1900/1900 1940/1940
f 1898/1898 1940/1940 1943/1943
f 1896/1896 1898/1898 1943/1943
f 1896/1896 1943/1943 1946/1946
f 1630/1630 1896/1896 1946/1946
f 1630/1630 1946/1946 1949/1949
f 1894/1894 1630/1630 1949/1949
f 1894/1894 1949/1949 1952/1952
f 1892/1892 1894/1894 1952/1952
f 1892/1892 1952/1952 1955/1955
f 1628/1628 1892/1892 1955/1955
f 1628/1628 1955/1955 1958/1958
f 1890/1890 1628/1628 1958/1958
f 1890/1890 1958/1958 1961/1961
f 1626/1626 1890/1890 1961/1961
f 1626/1626 1961/1961 1964/1964
f 1624/1624 1626/1626 1964/1964
f 1624/1624 1964/1964 1967/1967
f 1925/1925 1488/1488 1624/1624
f 1925/1925 1624/1624 1967/1967
