# https://github.com/mikedh/trimesh

o Cube.011
v -0.27300000 0.22499998 0.00331883
v -0.27300000 0.22299998 0.00131883
v -0.27500001 0.22299998 0.00331883
v -0.27300000 0.22441420 0.00190462
v -0.27300000 0.22441420 0.00190462
v -0.27415469 0.22415470 0.00216413
v -0.27415469 0.22415470 0.00216413
v -0.27415469 0.22415470 0.00216413
v -0.27441421 0.22299999 0.00190462
v -0.27441421 0.22299999 0.00190462
v -0.27441421 0.22441420 0.00331883
v -0.27441421 0.22441420 0.00331883
v -0.27300000 0.17925586 0.00331883
v -0.27500001 0.18125586 0.00331883
v -0.27300000 0.18125586 0.00131883
v -0.27441421 0.17984167 0.00331883
v -0.27441421 0.17984167 0.00331883
v -0.27415469 0.18010117 0.00216413
v -0.27415469 0.18010117 0.00216413
v -0.27415469 0.18010117 0.00216413
v -0.27441421 0.18125588 0.00190462
v -0.27441421 0.18125588 0.00190462
v -0.27300000 0.17984167 0.00190462
v -0.27300000 0.17984167 0.00190462
v -0.23125589 0.22499998 0.00331883
v -0.22925588 0.22299998 0.00331883
v -0.23125589 0.22299998 0.00131883
v -0.22984169 0.22441420 0.00331883
v -0.22984169 0.22441420 0.00331883
v -0.23010120 0.22415470 0.00216413
v -0.23010120 0.22415470 0.00216413
v -0.23010120 0.22415470 0.00216413
v -0.22984169 0.22299999 0.00190462
v -0.22984169 0.22299999 0.00190462
v -0.23125590 0.22441420 0.00190462
v -0.23125590 0.22441420 0.00190462
v -0.22925588 0.17925586 0.00331883
v -0.22925588 0.17925586 0.00331883
v -0.23125589 0.18125586 0.00131883
v -0.22984168 0.17984165 0.00190462
v -0.22984168 0.17984165 0.00190462
v -0.22984168 0.17984165 0.00190462
v -0.22984168 0.17984165 0.00190462
v -0.27300003 0.17925589 0.55006618
v -0.27300003 0.17985196 0.55066228
v -0.27500004 0.18125589 0.54866231
v -0.27300003 0.17943047 0.55048764
v -0.27300003 0.17943047 0.55048764
v -0.27441427 0.18077329 0.55007649
v -0.27441427 0.18077329 0.55007649
v -0.27441427 0.17984168 0.54904330
v -0.27441427 0.17984168 0.54904330
v -0.22985199 0.17985196 0.55066228
v -0.22925591 0.17925589 0.55006618
v -0.22925591 0.17925589 0.55006618
v -0.22949222 0.17949219 0.55048764
v -0.22949222 0.17949219 0.55048764
v -0.22949222 0.17949219 0.55048764
v -0.22949222 0.17949219 0.55048764
v -0.22985199 0.22300000 0.55066228
v -0.22925591 0.22300000 0.55006618
v -0.23125592 0.22500001 0.54866231
v -0.22943050 0.22300000 0.55048764
v -0.22943050 0.22300000 0.55048764
v -0.22984171 0.22441421 0.54900331
v -0.22984171 0.22441421 0.54900331
v -0.23094919 0.22441421 0.55007649
v -0.23094919 0.22441421 0.55007649
v -0.27300003 0.22500001 0.54866231
v -0.27500004 0.22300000 0.54866231
v -0.27300003 0.22300000 0.55066228
v -0.27441424 0.22441420 0.54866237
v -0.27441424 0.22441420 0.54866237
v -0.27415472 0.22415470 0.54981703
v -0.27415472 0.22415470 0.54981703
v -0.27415472 0.22415470 0.54981703
v -0.27441424 0.22299999 0.55007655
v -0.27441424 0.22299999 0.55007655
v -0.27300003 0.22441420 0.55007655
v -0.27300003 0.22441420 0.55007655
v -0.27423990 0.17995068 0.54996759
v -0.27423990 0.17995068 0.54996759
v -0.27423990 0.17995068 0.54996759
v -0.23005231 0.22429904 0.54986596
v -0.23005231 0.22429904 0.54986596
v -0.23005231 0.22429904 0.54986596
v 0.27300000 0.22499998 0.00331883
v 0.27300000 0.22299998 0.00131883
v 0.27500001 0.22299998 0.00331883
v 0.27300000 0.22441420 0.00190462
v 0.27300000 0.22441420 0.00190462
v 0.27415469 0.22415470 0.00216413
v 0.27415469 0.22415470 0.00216413
v 0.27415469 0.22415470 0.00216413
v 0.27441421 0.22299999 0.00190462
v 0.27441421 0.22299999 0.00190462
v 0.27441421 0.22441420 0.00331883
v 0.27441421 0.22441420 0.00331883
v 0.27300000 0.17925586 0.00331883
v 0.27500001 0.18125586 0.00331883
v 0.27300000 0.18125586 0.00131883
v 0.27441421 0.17984167 0.00331883
v 0.27441421 0.17984167 0.00331883
v 0.27415469 0.18010117 0.00216413
v 0.27415469 0.18010117 0.00216413
v 0.27415469 0.18010117 0.00216413
v 0.27441421 0.18125588 0.00190462
v 0.27441421 0.18125588 0.00190462
v 0.27300000 0.17984167 0.00190462
v 0.27300000 0.17984167 0.00190462
v 0.23125589 0.22499998 0.00331883
v 0.22925588 0.22299998 0.00331883
v 0.23125589 0.22299998 0.00131883
v 0.22984169 0.22441420 0.00331883
v 0.22984169 0.22441420 0.00331883
v 0.23010120 0.22415470 0.00216413
v 0.23010120 0.22415470 0.00216413
v 0.23010120 0.22415470 0.00216413
v 0.22984169 0.22299999 0.00190462
v 0.22984169 0.22299999 0.00190462
v 0.23125590 0.22441420 0.00190462
v 0.23125590 0.22441420 0.00190462
v 0.22925588 0.17925586 0.00331883
v 0.22925588 0.17925586 0.00331883
v 0.23125589 0.18125586 0.00131883
v 0.22984168 0.17984165 0.00190462
v 0.22984168 0.17984165 0.00190462
v 0.22984168 0.17984165 0.00190462
v 0.22984168 0.17984165 0.00190462
v 0.27300003 0.17925589 0.55006618
v 0.27300003 0.17985196 0.55066228
v 0.27500004 0.18125589 0.54866231
v 0.27300003 0.17943047 0.55048764
v 0.27300003 0.17943047 0.55048764
v 0.27441427 0.18077329 0.55007649
v 0.27441427 0.18077329 0.55007649
v 0.27441427 0.17984168 0.54904330
v 0.27441427 0.17984168 0.54904330
v 0.22985199 0.17985196 0.55066228
v 0.22925591 0.17925589 0.55006618
v 0.22925591 0.17925589 0.55006618
v 0.22949222 0.17949219 0.55048764
v 0.22949222 0.17949219 0.55048764
v 0.22949222 0.17949219 0.55048764
v 0.22949222 0.17949219 0.55048764
v 0.22985199 0.22300000 0.55066228
v 0.22925591 0.22300000 0.55006618
v 0.23125592 0.22500001 0.54866231
v 0.22943050 0.22300000 0.55048764
v 0.22943050 0.22300000 0.55048764
v 0.22984171 0.22441421 0.54900331
v 0.22984171 0.22441421 0.54900331
v 0.23094919 0.22441421 0.55007649
v 0.23094919 0.22441421 0.55007649
v 0.27300003 0.22500001 0.54866231
v 0.27500004 0.22300000 0.54866231
v 0.27300003 0.22300000 0.55066228
v 0.27441424 0.22441420 0.54866237
v 0.27441424 0.22441420 0.54866237
v 0.27415472 0.22415470 0.54981703
v 0.27415472 0.22415470 0.54981703
v 0.27415472 0.22415470 0.54981703
v 0.27441424 0.22299999 0.55007655
v 0.27441424 0.22299999 0.55007655
v 0.27300003 0.22441420 0.55007655
v 0.27300003 0.22441420 0.55007655
v 0.27423990 0.17995068 0.54996759
v 0.27423990 0.17995068 0.54996759
v 0.27423990 0.17995068 0.54996759
v 0.23005231 0.22429904 0.54986596
v 0.23005231 0.22429904 0.54986596
v 0.23005231 0.22429904 0.54986596
v -0.27300000 -0.22499998 0.00331883
v -0.27300000 -0.22299998 0.00131883
v -0.27500001 -0.22299998 0.00331883
v -0.27300000 -0.22441420 0.00190462
v -0.27300000 -0.22441420 0.00190462
v -0.27415469 -0.22415470 0.00216413
v -0.27415469 -0.22415470 0.00216413
v -0.27415469 -0.22415470 0.00216413
v -0.27441421 -0.22299999 0.00190462
v -0.27441421 -0.22299999 0.00190462
v -0.27441421 -0.22441420 0.00331883
v -0.27441421 -0.22441420 0.00331883
v -0.27300000 -0.17925586 0.00331883
v -0.27500001 -0.18125586 0.00331883
v -0.27300000 -0.18125586 0.00131883
v -0.27441421 -0.17984167 0.00331883
v -0.27441421 -0.17984167 0.00331883
v -0.27415469 -0.18010117 0.00216413
v -0.27415469 -0.18010117 0.00216413
v -0.27415469 -0.18010117 0.00216413
v -0.27441421 -0.18125588 0.00190462
v -0.27441421 -0.18125588 0.00190462
v -0.27300000 -0.17984167 0.00190462
v -0.27300000 -0.17984167 0.00190462
v -0.23125589 -0.22499998 0.00331883
v -0.22925588 -0.22299998 0.00331883
v -0.23125589 -0.22299998 0.00131883
v -0.22984169 -0.22441420 0.00331883
v -0.22984169 -0.22441420 0.00331883
v -0.23010120 -0.22415470 0.00216413
v -0.23010120 -0.22415470 0.00216413
v -0.23010120 -0.22415470 0.00216413
v -0.22984169 -0.22299999 0.00190462
v -0.22984169 -0.22299999 0.00190462
v -0.23125590 -0.22441420 0.00190462
v -0.23125590 -0.22441420 0.00190462
v -0.22925588 -0.17925586 0.00331883
v -0.22925588 -0.17925586 0.00331883
v -0.23125589 -0.18125586 0.00131883
v -0.22984168 -0.17984165 0.00190462
v -0.22984168 -0.17984165 0.00190462
v -0.22984168 -0.17984165 0.00190462
v -0.22984168 -0.17984165 0.00190462
v -0.27300003 -0.17925589 0.55006618
v -0.27300003 -0.17985196 0.55066228
v -0.27500004 -0.18125589 0.54866231
v -0.27300003 -0.17943047 0.55048764
v -0.27300003 -0.17943047 0.55048764
v -0.27441427 -0.18077329 0.55007649
v -0.27441427 -0.18077329 0.55007649
v -0.27441427 -0.17984168 0.54904330
v -0.27441427 -0.17984168 0.54904330
v -0.22985199 -0.17985196 0.55066228
v -0.22925591 -0.17925589 0.55006618
v -0.22925591 -0.17925589 0.55006618
v -0.22949222 -0.17949219 0.55048764
v -0.22949222 -0.17949219 0.55048764
v -0.22949222 -0.17949219 0.55048764
v -0.22949222 -0.17949219 0.55048764
v -0.22985199 -0.22300000 0.55066228
v -0.22925591 -0.22300000 0.55006618
v -0.23125592 -0.22500001 0.54866231
v -0.22943050 -0.22300000 0.55048764
v -0.22943050 -0.22300000 0.55048764
v -0.22984171 -0.22441421 0.54900331
v -0.22984171 -0.22441421 0.54900331
v -0.23094919 -0.22441421 0.55007649
v -0.23094919 -0.22441421 0.55007649
v -0.27300003 -0.22500001 0.54866231
v -0.27500004 -0.22300000 0.54866231
v -0.27300003 -0.22300000 0.55066228
v -0.27441424 -0.22441420 0.54866237
v -0.27441424 -0.22441420 0.54866237
v -0.27415472 -0.22415470 0.54981703
v -0.27415472 -0.22415470 0.54981703
v -0.27415472 -0.22415470 0.54981703
v -0.27441424 -0.22299999 0.55007655
v -0.27441424 -0.22299999 0.55007655
v -0.27300003 -0.22441420 0.55007655
v -0.27300003 -0.22441420 0.55007655
v -0.27423990 -0.17995068 0.54996759
v -0.27423990 -0.17995068 0.54996759
v -0.27423990 -0.17995068 0.54996759
v -0.23005231 -0.22429904 0.54986596
v -0.23005231 -0.22429904 0.54986596
v -0.23005231 -0.22429904 0.54986596
v 0.27300000 -0.22499998 0.00331883
v 0.27300000 -0.22299998 0.00131883
v 0.27500001 -0.22299998 0.00331883
v 0.27300000 -0.22441420 0.00190462
v 0.27300000 -0.22441420 0.00190462
v 0.27415469 -0.22415470 0.00216413
v 0.27415469 -0.22415470 0.00216413
v 0.27415469 -0.22415470 0.00216413
v 0.27441421 -0.22299999 0.00190462
v 0.27441421 -0.22299999 0.00190462
v 0.27441421 -0.22441420 0.00331883
v 0.27441421 -0.22441420 0.00331883
v 0.27300000 -0.17925586 0.00331883
v 0.27500001 -0.18125586 0.00331883
v 0.27300000 -0.18125586 0.00131883
v 0.27441421 -0.17984167 0.00331883
v 0.27441421 -0.17984167 0.00331883
v 0.27415469 -0.18010117 0.00216413
v 0.27415469 -0.18010117 0.00216413
v 0.27415469 -0.18010117 0.00216413
v 0.27441421 -0.18125588 0.00190462
v 0.27441421 -0.18125588 0.00190462
v 0.27300000 -0.17984167 0.00190462
v 0.27300000 -0.17984167 0.00190462
v 0.23125589 -0.22499998 0.00331883
v 0.22925588 -0.22299998 0.00331883
v 0.23125589 -0.22299998 0.00131883
v 0.22984169 -0.22441420 0.00331883
v 0.22984169 -0.22441420 0.00331883
v 0.23010120 -0.22415470 0.00216413
v 0.23010120 -0.22415470 0.00216413
v 0.23010120 -0.22415470 0.00216413
v 0.22984169 -0.22299999 0.00190462
v 0.22984169 -0.22299999 0.00190462
v 0.23125590 -0.22441420 0.00190462
v 0.23125590 -0.22441420 0.00190462
v 0.22925588 -0.17925586 0.00331883
v 0.22925588 -0.17925586 0.00331883
v 0.23125589 -0.18125586 0.00131883
v 0.22984168 -0.17984165 0.00190462
v 0.22984168 -0.17984165 0.00190462
v 0.22984168 -0.17984165 0.00190462
v 0.22984168 -0.17984165 0.00190462
v 0.27300003 -0.17925589 0.55006618
v 0.27300003 -0.17985196 0.55066228
v 0.27500004 -0.18125589 0.54866231
v 0.27300003 -0.17943047 0.55048764
v 0.27300003 -0.17943047 0.55048764
v 0.27441427 -0.18077329 0.55007649
v 0.27441427 -0.18077329 0.55007649
v 0.27441427 -0.17984168 0.54904330
v 0.27441427 -0.17984168 0.54904330
v 0.22985199 -0.17985196 0.55066228
v 0.22925591 -0.17925589 0.55006618
v 0.22925591 -0.17925589 0.55006618
v 0.22949222 -0.17949219 0.55048764
v 0.22949222 -0.17949219 0.55048764
v 0.22949222 -0.17949219 0.55048764
v 0.22949222 -0.17949219 0.55048764
v 0.22985199 -0.22300000 0.55066228
v 0.22925591 -0.22300000 0.55006618
v 0.23125592 -0.22500001 0.54866231
v 0.22943050 -0.22300000 0.55048764
v 0.22943050 -0.22300000 0.55048764
v 0.22984171 -0.22441421 0.54900331
v 0.22984171 -0.22441421 0.54900331
v 0.23094919 -0.22441421 0.55007649
v 0.23094919 -0.22441421 0.55007649
v 0.27300003 -0.22500001 0.54866231
v 0.27500004 -0.22300000 0.54866231
v 0.27300003 -0.22300000 0.55066228
v 0.27441424 -0.22441420 0.54866237
v 0.27441424 -0.22441420 0.54866237
v 0.27415472 -0.22415470 0.54981703
v 0.27415472 -0.22415470 0.54981703
v 0.27415472 -0.22415470 0.54981703
v 0.27441424 -0.22299999 0.55007655
v 0.27441424 -0.22299999 0.55007655
v 0.27300003 -0.22441420 0.55007655
v 0.27300003 -0.22441420 0.55007655
v 0.27423990 -0.17995068 0.54996759
v 0.27423990 -0.17995068 0.54996759
v 0.27423990 -0.17995068 0.54996759
v 0.23005231 -0.22429904 0.54986596
v 0.23005231 -0.22429904 0.54986596
v 0.23005231 -0.22429904 0.54986596
v 0.22909123 0.17903036 0.05285450
v 0.22909123 0.17903036 0.05285450
v 0.22909123 0.17903036 0.05285450
v 0.22909123 0.17903036 0.03165037
v 0.22909123 0.17903036 0.03165037
v 0.22909123 0.17903036 0.03165037
v 0.22909123 0.17903039 0.35282108
v 0.22909123 0.17903039 0.35282108
v 0.22909123 0.17903039 0.35282108
v 0.22909123 0.17903040 0.33170635
v 0.22909123 0.17903040 0.33170635
v 0.22909123 0.17903040 0.33170635
v 0.22909123 0.20199899 0.33170635
v 0.22909123 0.20199899 0.33170635
v 0.22909123 0.20199899 0.33170635
v 0.22909123 0.20199895 0.03165037
v 0.22909123 0.20199895 0.03165037
v 0.22909123 0.20199895 0.03165037
v 0.25198001 0.17903040 0.33170635
v 0.25198001 0.17903040 0.33170635
v 0.25198001 0.17903040 0.33170635
v 0.25198001 0.17903036 0.03165037
v 0.25198001 0.17903036 0.03165037
v 0.25198001 0.17903036 0.03165037
v 0.22909123 0.20199896 0.35222501
v 0.22909123 0.20199896 0.35222501
v 0.22909123 0.20140289 0.35282108
v 0.22909123 0.20140289 0.35282108
v 0.22909123 0.20182438 0.35264647
v 0.22909123 0.20182438 0.35264647
v 0.22909123 0.20182438 0.35264647
v 0.22909123 0.20199895 0.05225842
v 0.22909123 0.20199895 0.05225842
v 0.22909123 0.20140287 0.05285450
v 0.22909123 0.20140287 0.05285450
v 0.22909123 0.20182437 0.05267990
v 0.22909123 0.20182437 0.05267990
v 0.22909123 0.20182437 0.05267990
v 0.25138393 0.17903039 0.35282108
v 0.25138393 0.17903039 0.35282108
v 0.25198001 0.17903039 0.35222501
v 0.25198001 0.17903039 0.35222501
v 0.25180545 0.17903039 0.35264647
v 0.25180545 0.17903039 0.35264647
v 0.25180545 0.17903039 0.35264647
v 0.25138393 0.17903036 0.05285450
v 0.25138393 0.17903036 0.05285450
v 0.25198001 0.17903036 0.05225842
v 0.25198001 0.17903036 0.05225842
v 0.25180545 0.17903036 0.05267990
v 0.25180545 0.17903036 0.05267990
v 0.25180545 0.17903036 0.05267990
v -0.22909126 0.17903036 0.05285450
v -0.22909126 0.17903036 0.05285450
v -0.22909126 0.17903036 0.05285450
v -0.22909126 0.17903036 0.03165037
v -0.22909126 0.17903036 0.03165037
v -0.22909126 0.17903036 0.03165037
v -0.22909126 0.17903039 0.35282108
v -0.22909126 0.17903039 0.35282108
v -0.22909126 0.17903039 0.35282108
v -0.22909126 0.17903040 0.33170635
v -0.22909126 0.17903040 0.33170635
v -0.22909126 0.17903040 0.33170635
v -0.22909126 0.20199899 0.33170635
v -0.22909126 0.20199899 0.33170635
v -0.22909126 0.20199899 0.33170635
v -0.22909126 0.20199895 0.03165037
v -0.22909126 0.20199895 0.03165037
v -0.22909126 0.20199895 0.03165037
v -0.25198001 0.17903040 0.33170635
v -0.25198001 0.17903040 0.33170635
v -0.25198001 0.17903040 0.33170635
v -0.25198001 0.17903036 0.03165037
v -0.25198001 0.17903036 0.03165037
v -0.25198001 0.17903036 0.03165037
v -0.22909126 0.20199896 0.35222501
v -0.22909126 0.20199896 0.35222501
v -0.22909126 0.20140289 0.35282108
v -0.22909126 0.20140289 0.35282108
v -0.22909126 0.20182438 0.35264647
v -0.22909126 0.20182438 0.35264647
v -0.22909126 0.20182438 0.35264647
v -0.22909126 0.20199895 0.05225842
v -0.22909126 0.20199895 0.05225842
v -0.22909126 0.20140287 0.05285450
v -0.22909126 0.20140287 0.05285450
v -0.22909126 0.20182437 0.05267990
v -0.22909126 0.20182437 0.05267990
v -0.22909126 0.20182437 0.05267990
v -0.25138393 0.17903039 0.35282108
v -0.25138393 0.17903039 0.35282108
v -0.25198001 0.17903039 0.35222501
v -0.25198001 0.17903039 0.35222501
v -0.25180545 0.17903039 0.35264647
v -0.25180545 0.17903039 0.35264647
v -0.25180545 0.17903039 0.35264647
v -0.25138393 0.17903036 0.05285450
v -0.25138393 0.17903036 0.05285450
v -0.25198001 0.17903036 0.05225842
v -0.25198001 0.17903036 0.05225842
v -0.25180545 0.17903036 0.05267990
v -0.25180545 0.17903036 0.05267990
v -0.25180545 0.17903036 0.05267990
v 0.22909123 -0.17903036 0.05285450
v 0.22909123 -0.17903036 0.05285450
v 0.22909123 -0.17903036 0.05285450
v 0.22909123 -0.17903036 0.03165037
v 0.22909123 -0.17903036 0.03165037
v 0.22909123 -0.17903036 0.03165037
v 0.22909123 -0.17903039 0.35282108
v 0.22909123 -0.17903039 0.35282108
v 0.22909123 -0.17903039 0.35282108
v 0.22909123 -0.17903040 0.33170635
v 0.22909123 -0.17903040 0.33170635
v 0.22909123 -0.17903040 0.33170635
v 0.22909123 -0.20199899 0.33170635
v 0.22909123 -0.20199899 0.33170635
v 0.22909123 -0.20199899 0.33170635
v 0.22909123 -0.20199895 0.03165037
v 0.22909123 -0.20199895 0.03165037
v 0.22909123 -0.20199895 0.03165037
v 0.25198001 -0.17903040 0.33170635
v 0.25198001 -0.17903040 0.33170635
v 0.25198001 -0.17903040 0.33170635
v 0.25198001 -0.17903036 0.03165037
v 0.25198001 -0.17903036 0.03165037
v 0.25198001 -0.17903036 0.03165037
v 0.22909123 -0.20199896 0.35222501
v 0.22909123 -0.20199896 0.35222501
v 0.22909123 -0.20140289 0.35282108
v 0.22909123 -0.20140289 0.35282108
v 0.22909123 -0.20182438 0.35264647
v 0.22909123 -0.20182438 0.35264647
v 0.22909123 -0.20182438 0.35264647
v 0.22909123 -0.20199895 0.05225842
v 0.22909123 -0.20199895 0.05225842
v 0.22909123 -0.20140287 0.05285450
v 0.22909123 -0.20140287 0.05285450
v 0.22909123 -0.20182437 0.05267990
v 0.22909123 -0.20182437 0.05267990
v 0.22909123 -0.20182437 0.05267990
v 0.25138393 -0.17903039 0.35282108
v 0.25138393 -0.17903039 0.35282108
v 0.25198001 -0.17903039 0.35222501
v 0.25198001 -0.17903039 0.35222501
v 0.25180545 -0.17903039 0.35264647
v 0.25180545 -0.17903039 0.35264647
v 0.25180545 -0.17903039 0.35264647
v 0.25138393 -0.17903036 0.05285450
v 0.25138393 -0.17903036 0.05285450
v 0.25198001 -0.17903036 0.05225842
v 0.25198001 -0.17903036 0.05225842
v 0.25180545 -0.17903036 0.05267990
v 0.25180545 -0.17903036 0.05267990
v 0.25180545 -0.17903036 0.05267990
v -0.22909126 -0.17903036 0.05285450
v -0.22909126 -0.17903036 0.05285450
v -0.22909126 -0.17903036 0.05285450
v -0.22909126 -0.17903036 0.03165037
v -0.22909126 -0.17903036 0.03165037
v -0.22909126 -0.17903036 0.03165037
v -0.22909126 -0.17903039 0.35282108
v -0.22909126 -0.17903039 0.35282108
v -0.22909126 -0.17903039 0.35282108
v -0.22909126 -0.17903040 0.33170635
v -0.22909126 -0.17903040 0.33170635
v -0.22909126 -0.17903040 0.33170635
v -0.22909126 -0.20199899 0.33170635
v -0.22909126 -0.20199899 0.33170635
v -0.22909126 -0.20199899 0.33170635
v -0.22909126 -0.20199895 0.03165037
v -0.22909126 -0.20199895 0.03165037
v -0.22909126 -0.20199895 0.03165037
v -0.25198001 -0.17903040 0.33170635
v -0.25198001 -0.17903040 0.33170635
v -0.25198001 -0.17903040 0.33170635
v -0.25198001 -0.17903036 0.03165037
v -0.25198001 -0.17903036 0.03165037
v -0.25198001 -0.17903036 0.03165037
v -0.22909126 -0.20199896 0.35222501
v -0.22909126 -0.20199896 0.35222501
v -0.22909126 -0.20140289 0.35282108
v -0.22909126 -0.20140289 0.35282108
v -0.22909126 -0.20182438 0.35264647
v -0.22909126 -0.20182438 0.35264647
v -0.22909126 -0.20182438 0.35264647
v -0.22909126 -0.20199895 0.05225842
v -0.22909126 -0.20199895 0.05225842
v -0.22909126 -0.20140287 0.05285450
v -0.22909126 -0.20140287 0.05285450
v -0.22909126 -0.20182437 0.05267990
v -0.22909126 -0.20182437 0.05267990
v -0.22909126 -0.20182437 0.05267990
v -0.25138393 -0.17903039 0.35282108
v -0.25138393 -0.17903039 0.35282108
v -0.25198001 -0.17903039 0.35222501
v -0.25198001 -0.17903039 0.35222501
v -0.25180545 -0.17903039 0.35264647
v -0.25180545 -0.17903039 0.35264647
v -0.25180545 -0.17903039 0.35264647
v -0.25138393 -0.17903036 0.05285450
v -0.25138393 -0.17903036 0.05285450
v -0.25198001 -0.17903036 0.05225842
v -0.25198001 -0.17903036 0.05225842
v -0.25180545 -0.17903036 0.05267990
v -0.25180545 -0.17903036 0.05267990
v -0.25180545 -0.17903036 0.05267990
v -0.22909132 -0.17903043 0.55066228
v -0.22909132 -0.17903043 0.55066228
v -0.22909132 -0.17903043 0.55066228
v -0.22909132 -0.17903043 0.52945811
v -0.22909132 -0.17903043 0.52945811
v -0.22909132 -0.17903043 0.52945811
v -0.25272402 -0.17871812 0.55002696
v -0.22909132 -0.20199902 0.52945811
v -0.22909132 -0.20199902 0.52945811
v -0.22909132 -0.20199902 0.52945811
v -0.25198007 -0.17903043 0.52945811
v -0.25198007 -0.17903043 0.52945811
v -0.25198007 -0.17903043 0.52945811
v -0.22879739 -0.20272402 0.55066228
v -0.22879739 -0.20272402 0.55066228
v -0.22879739 -0.20212795 0.55006618
v -0.22879739 -0.20212795 0.55006618
v -0.22879739 -0.20230253 0.55048770
v -0.22879739 -0.20230253 0.55048770
v -0.22879739 -0.20230253 0.55048770
v -0.22879739 -0.20212795 0.47498361
v -0.22879739 -0.20212795 0.47498361
v -0.22879739 -0.20272402 0.47438753
v -0.22879739 -0.20272402 0.47438753
v -0.22879739 -0.20230253 0.47456211
v -0.22879739 -0.20230253 0.47456211
v -0.22879739 -0.20230253 0.47456211
v -0.25212795 -0.17871812 0.55006618
v -0.25212795 -0.17871812 0.55006618
v -0.25272402 -0.17871812 0.55066228
v -0.25272402 -0.17871812 0.55066228
v -0.25230250 -0.17871812 0.55048770
v -0.25230250 -0.17871812 0.55048770
v -0.25230250 -0.17871812 0.55048770
v -0.25272402 -0.17871812 0.47438753
v -0.25272402 -0.17871812 0.47438753
v -0.25212795 -0.17871812 0.47498361
v -0.25212795 -0.17871812 0.47498361
v -0.25230250 -0.17871812 0.47456211
v -0.25230250 -0.17871812 0.47456211
v -0.25230250 -0.17871812 0.47456211
v -0.22879739 -0.22142746 0.47438753
v -0.22879739 -0.22142746 0.47438753
v -0.22879739 -0.22342746 0.47638750
v -0.22879739 -0.22342746 0.47638750
v -0.22879739 -0.22284167 0.47497329
v -0.22879739 -0.22284167 0.47497329
v -0.22879739 -0.22284167 0.47497329
v -0.27345473 -0.17871812 0.47638750
v -0.27345473 -0.17871812 0.47638750
v -0.27145472 -0.17871812 0.47438753
v -0.27145472 -0.17871812 0.47438753
v -0.27286896 -0.17871812 0.47497329
v -0.27286896 -0.17871812 0.47497329
v -0.27286896 -0.17871812 0.47497329
v -0.22879739 -0.22342746 0.54866225
v -0.22879739 -0.22342746 0.54866225
v -0.22879739 -0.22142746 0.55066228
v -0.22879739 -0.22142746 0.55066228
v -0.25272402 -0.17871812 0.47502283
v -0.22879739 -0.22284167 0.55007649
v -0.22879739 -0.22284167 0.55007649
v -0.22879739 -0.22284167 0.55007649
v -0.27145472 -0.17871812 0.55066228
v -0.27145472 -0.17871812 0.55066228
v -0.27345473 -0.17871812 0.54866225
v -0.27345473 -0.17871812 0.54866225
v -0.27145472 -0.17871812 0.47625587
v -0.27286896 -0.17871812 0.55007649
v -0.27286896 -0.17871812 0.55007649
v -0.27286896 -0.17871812 0.55007649
v -0.22909132 -0.20199902 0.55006618
v -0.22909132 -0.20199902 0.55006618
v -0.22909132 -0.20140295 0.55066228
v -0.22909132 -0.20140295 0.55066228
v -0.22909132 -0.20182444 0.55048770
v -0.22909132 -0.20182444 0.55048770
v -0.22909132 -0.20182444 0.55048770
v -0.25138399 -0.17903043 0.55066228
v -0.25138399 -0.17903043 0.55066228
v -0.25198007 -0.17903043 0.55006618
v -0.25198007 -0.17903043 0.55006618
v -0.25180551 -0.17903043 0.55048770
v -0.25180551 -0.17903043 0.55048770
v -0.25180551 -0.17903043 0.55048770
v -0.27145472 -0.17871812 0.54879391
v -0.22879739 -0.22142746 0.54879409
v -0.22879739 -0.22142746 0.47625569
v -0.22879739 -0.20272401 0.47502288
v -0.22879739 -0.20272401 0.55002690
v 0.22909129 -0.17903043 0.55066228
v 0.22909129 -0.17903043 0.55066228
v 0.22909129 -0.17903043 0.55066228
v 0.22909129 -0.17903043 0.52945811
v 0.22909129 -0.17903043 0.52945811
v 0.22909129 -0.17903043 0.52945811
v 0.25272402 -0.17871812 0.55002696
v 0.22909129 -0.20199902 0.52945811
v 0.22909129 -0.20199902 0.52945811
v 0.22909129 -0.20199902 0.52945811
v 0.25198007 -0.17903043 0.52945811
v 0.25198007 -0.17903043 0.52945811
v 0.25198007 -0.17903043 0.52945811
v 0.22879739 -0.20272402 0.55066228
v 0.22879739 -0.20272402 0.55066228
v 0.22879739 -0.20212795 0.55006618
v 0.22879739 -0.20212795 0.55006618
v 0.22879739 -0.20230253 0.55048770
v 0.22879739 -0.20230253 0.55048770
v 0.22879739 -0.20230253 0.55048770
v 0.22879739 -0.20212795 0.47498361
v 0.22879739 -0.20212795 0.47498361
v 0.22879739 -0.20272402 0.47438753
v 0.22879739 -0.20272402 0.47438753
v 0.22879739 -0.20230253 0.47456211
v 0.22879739 -0.20230253 0.47456211
v 0.22879739 -0.20230253 0.47456211
v 0.25212795 -0.17871812 0.55006618
v 0.25212795 -0.17871812 0.55006618
v 0.25272402 -0.17871812 0.55066228
v 0.25272402 -0.17871812 0.55066228
v 0.25230250 -0.17871812 0.55048770
v 0.25230250 -0.17871812 0.55048770
v 0.25230250 -0.17871812 0.55048770
v 0.25272402 -0.17871812 0.47438753
v 0.25272402 -0.17871812 0.47438753
v 0.25212795 -0.17871812 0.47498361
v 0.25212795 -0.17871812 0.47498361
v 0.25230250 -0.17871812 0.47456211
v 0.25230250 -0.17871812 0.47456211
v 0.25230250 -0.17871812 0.47456211
v 0.22879739 -0.22142746 0.47438753
v 0.22879739 -0.22142746 0.47438753
v 0.22879739 -0.22342746 0.47638750
v 0.22879739 -0.22342746 0.47638750
v 0.22879739 -0.22284167 0.47497329
v 0.22879739 -0.22284167 0.47497329
v 0.22879739 -0.22284167 0.47497329
v 0.27345473 -0.17871812 0.47638750
v 0.27345473 -0.17871812 0.47638750
v 0.27145472 -0.17871812 0.47438753
v 0.27145472 -0.17871812 0.47438753
v 0.27286896 -0.17871812 0.47497329
v 0.27286896 -0.17871812 0.47497329
v 0.27286896 -0.17871812 0.47497329
v 0.22879739 -0.22342746 0.54866225
v 0.22879739 -0.22342746 0.54866225
v 0.22879739 -0.22142746 0.55066228
v 0.22879739 -0.22142746 0.55066228
v 0.25272402 -0.17871812 0.47502283
v 0.22879739 -0.22284167 0.55007649
v 0.22879739 -0.22284167 0.55007649
v 0.22879739 -0.22284167 0.55007649
v 0.27145472 -0.17871812 0.55066228
v 0.27145472 -0.17871812 0.55066228
v 0.27345473 -0.17871812 0.54866225
v 0.27345473 -0.17871812 0.54866225
v 0.27145472 -0.17871812 0.47625587
v 0.27286896 -0.17871812 0.55007649
v 0.27286896 -0.17871812 0.55007649
v 0.27286896 -0.17871812 0.55007649
v 0.22909129 -0.20199902 0.55006618
v 0.22909129 -0.20199902 0.55006618
v 0.22909129 -0.20140295 0.55066228
v 0.22909129 -0.20140295 0.55066228
v 0.22909129 -0.20182444 0.55048770
v 0.22909129 -0.20182444 0.55048770
v 0.22909129 -0.20182444 0.55048770
v 0.25138399 -0.17903043 0.55066228
v 0.25138399 -0.17903043 0.55066228
v 0.25198007 -0.17903043 0.55006618
v 0.25198007 -0.17903043 0.55006618
v 0.25180551 -0.17903043 0.55048770
v 0.25180551 -0.17903043 0.55048770
v 0.25180551 -0.17903043 0.55048770
v 0.27145472 -0.17871812 0.54879391
v 0.22879739 -0.22142746 0.54879409
v 0.22879739 -0.22142746 0.47625569
v 0.22879739 -0.20272401 0.47502288
v 0.22879739 -0.20272401 0.55002690
v -0.22909132 0.17903043 0.55066228
v -0.22909132 0.17903043 0.55066228
v -0.22909132 0.17903043 0.55066228
v -0.22909132 0.17903043 0.52945811
v -0.22909132 0.17903043 0.52945811
v -0.22909132 0.17903043 0.52945811
v -0.25272402 0.17871812 0.55002696
v -0.22909132 0.20199902 0.52945811
v -0.22909132 0.20199902 0.52945811
v -0.22909132 0.20199902 0.52945811
v -0.25198007 0.17903043 0.52945811
v -0.25198007 0.17903043 0.52945811
v -0.25198007 0.17903043 0.52945811
v -0.22879739 0.20272402 0.55066228
v -0.22879739 0.20272402 0.55066228
v -0.22879739 0.20212795 0.55006618
v -0.22879739 0.20212795 0.55006618
v -0.22879739 0.20230253 0.55048770
v -0.22879739 0.20230253 0.55048770
v -0.22879739 0.20230253 0.55048770
v -0.22879739 0.20212795 0.47498361
v -0.22879739 0.20212795 0.47498361
v -0.22879739 0.20272402 0.47438753
v -0.22879739 0.20272402 0.47438753
v -0.22879739 0.20230253 0.47456211
v -0.22879739 0.20230253 0.47456211
v -0.22879739 0.20230253 0.47456211
v -0.25212795 0.17871812 0.55006618
v -0.25212795 0.17871812 0.55006618
v -0.25272402 0.17871812 0.55066228
v -0.25272402 0.17871812 0.55066228
v -0.25230250 0.17871812 0.55048770
v -0.25230250 0.17871812 0.55048770
v -0.25230250 0.17871812 0.55048770
v -0.25272402 0.17871812 0.47438753
v -0.25272402 0.17871812 0.47438753
v -0.25212795 0.17871812 0.47498361
v -0.25212795 0.17871812 0.47498361
v -0.25230250 0.17871812 0.47456211
v -0.25230250 0.17871812 0.47456211
v -0.25230250 0.17871812 0.47456211
v -0.22879739 0.22142746 0.47438753
v -0.22879739 0.22142746 0.47438753
v -0.22879739 0.22342746 0.47638750
v -0.22879739 0.22342746 0.47638750
v -0.22879739 0.22284167 0.47497329
v -0.22879739 0.22284167 0.47497329
v -0.22879739 0.22284167 0.47497329
v -0.27345473 0.17871812 0.47638750
v -0.27345473 0.17871812 0.47638750
v -0.27145472 0.17871812 0.47438753
v -0.27145472 0.17871812 0.47438753
v -0.27286896 0.17871812 0.47497329
v -0.27286896 0.17871812 0.47497329
v -0.27286896 0.17871812 0.47497329
v -0.22879739 0.22342746 0.54866225
v -0.22879739 0.22342746 0.54866225
v -0.22879739 0.22142746 0.55066228
v -0.22879739 0.22142746 0.55066228
v -0.25272402 0.17871812 0.47502283
v -0.22879739 0.22284167 0.55007649
v -0.22879739 0.22284167 0.55007649
v -0.22879739 0.22284167 0.55007649
v -0.27145472 0.17871812 0.55066228
v -0.27145472 0.17871812 0.55066228
v -0.27345473 0.17871812 0.54866225
v -0.27345473 0.17871812 0.54866225
v -0.27145472 0.17871812 0.47625587
v -0.27286896 0.17871812 0.55007649
v -0.27286896 0.17871812 0.55007649
v -0.27286896 0.17871812 0.55007649
v -0.22909132 0.20199902 0.55006618
v -0.22909132 0.20199902 0.55006618
v -0.22909132 0.20140295 0.55066228
v -0.22909132 0.20140295 0.55066228
v -0.22909132 0.20182444 0.55048770
v -0.22909132 0.20182444 0.55048770
v -0.22909132 0.20182444 0.55048770
v -0.25138399 0.17903043 0.55066228
v -0.25138399 0.17903043 0.55066228
v -0.25198007 0.17903043 0.55006618
v -0.25198007 0.17903043 0.55006618
v -0.25180551 0.17903043 0.55048770
v -0.25180551 0.17903043 0.55048770
v -0.25180551 0.17903043 0.55048770
v -0.27145472 0.17871812 0.54879391
v -0.22879739 0.22142746 0.54879409
v -0.22879739 0.22142746 0.47625569
v -0.22879739 0.20272401 0.47502288
v -0.22879739 0.20272401 0.55002690
v 0.22909129 0.17903043 0.55066228
v 0.22909129 0.17903043 0.55066228
v 0.22909129 0.17903043 0.55066228
v 0.22909129 0.17903043 0.52945811
v 0.22909129 0.17903043 0.52945811
v 0.22909129 0.17903043 0.52945811
v 0.25272402 0.17871812 0.55002696
v 0.22909129 0.20199902 0.52945811
v 0.22909129 0.20199902 0.52945811
v 0.22909129 0.20199902 0.52945811
v 0.25198007 0.17903043 0.52945811
v 0.25198007 0.17903043 0.52945811
v 0.25198007 0.17903043 0.52945811
v 0.22879739 0.20272402 0.55066228
v 0.22879739 0.20272402 0.55066228
v 0.22879739 0.20212795 0.55006618
v 0.22879739 0.20212795 0.55006618
v 0.22879739 0.20230253 0.55048770
v 0.22879739 0.20230253 0.55048770
v 0.22879739 0.20230253 0.55048770
v 0.22879739 0.20212795 0.47498361
v 0.22879739 0.20212795 0.47498361
v 0.22879739 0.20272402 0.47438753
v 0.22879739 0.20272402 0.47438753
v 0.22879739 0.20230253 0.47456211
v 0.22879739 0.20230253 0.47456211
v 0.22879739 0.20230253 0.47456211
v 0.25212795 0.17871812 0.55006618
v 0.25212795 0.17871812 0.55006618
v 0.25272402 0.17871812 0.55066228
v 0.25272402 0.17871812 0.55066228
v 0.25230250 0.17871812 0.55048770
v 0.25230250 0.17871812 0.55048770
v 0.25230250 0.17871812 0.55048770
v 0.25272402 0.17871812 0.47438753
v 0.25272402 0.17871812 0.47438753
v 0.25212795 0.17871812 0.47498361
v 0.25212795 0.17871812 0.47498361
v 0.25230250 0.17871812 0.47456211
v 0.25230250 0.17871812 0.47456211
v 0.25230250 0.17871812 0.47456211
v 0.22879739 0.22142746 0.47438753
v 0.22879739 0.22142746 0.47438753
v 0.22879739 0.22342746 0.47638750
v 0.22879739 0.22342746 0.47638750
v 0.22879739 0.22284167 0.47497329
v 0.22879739 0.22284167 0.47497329
v 0.22879739 0.22284167 0.47497329
v 0.27345473 0.17871812 0.47638750
v 0.27345473 0.17871812 0.47638750
v 0.27145472 0.17871812 0.47438753
v 0.27145472 0.17871812 0.47438753
v 0.27286896 0.17871812 0.47497329
v 0.27286896 0.17871812 0.47497329
v 0.27286896 0.17871812 0.47497329
v 0.22879739 0.22342746 0.54866225
v 0.22879739 0.22342746 0.54866225
v 0.22879739 0.22142746 0.55066228
v 0.22879739 0.22142746 0.55066228
v 0.25272402 0.17871812 0.47502283
v 0.22879739 0.22284167 0.55007649
v 0.22879739 0.22284167 0.55007649
v 0.22879739 0.22284167 0.55007649
v 0.27145472 0.17871812 0.55066228
v 0.27145472 0.17871812 0.55066228
v 0.27345473 0.17871812 0.54866225
v 0.27345473 0.17871812 0.54866225
v 0.27145472 0.17871812 0.47625587
v 0.27286896 0.17871812 0.55007649
v 0.27286896 0.17871812 0.55007649
v 0.27286896 0.17871812 0.55007649
v 0.22909129 0.20199902 0.55006618
v 0.22909129 0.20199902 0.55006618
v 0.22909129 0.20140295 0.55066228
v 0.22909129 0.20140295 0.55066228
v 0.22909129 0.20182444 0.55048770
v 0.22909129 0.20182444 0.55048770
v 0.22909129 0.20182444 0.55048770
v 0.25138399 0.17903043 0.55066228
v 0.25138399 0.17903043 0.55066228
v 0.25198007 0.17903043 0.55006618
v 0.25198007 0.17903043 0.55006618
v 0.25180551 0.17903043 0.55048770
v 0.25180551 0.17903043 0.55048770
v 0.25180551 0.17903043 0.55048770
v 0.27145472 0.17871812 0.54879391
v 0.22879739 0.22142746 0.54879409
v 0.22879739 0.22142746 0.47625569
v 0.22879739 0.20272401 0.47502288
v 0.22879739 0.20272401 0.55002690
v -0.22770835 0.19601420 0.02201993
v -0.22614935 0.19601420 0.02201993
v -0.22614935 0.19601420 0.02201993
v -0.22770835 0.19539678 0.01971570
v -0.22614935 0.19539678 0.01971570
v -0.22614935 0.19539678 0.01971570
v -0.22770835 0.19370997 0.01802889
v -0.22614935 0.19370997 0.01802889
v -0.22614935 0.19370997 0.01802889
v -0.22770835 0.19140574 0.01741147
v -0.22614935 0.19140574 0.01741147
v -0.22614935 0.19140574 0.01741147
v -0.22770835 0.18910152 0.01802889
v -0.22614935 0.18910152 0.01802889
v -0.22614935 0.18910152 0.01802889
v -0.22770835 0.18741471 0.01971570
v -0.22614935 0.18741471 0.01971570
v -0.22614935 0.18741471 0.01971570
v -0.22770835 0.18679729 0.02201993
v -0.22614935 0.18679729 0.02201993
v -0.22614935 0.18679729 0.02201993
v -0.22770835 0.18741471 0.02432416
v -0.22614935 0.18741471 0.02432416
v -0.22614935 0.18741471 0.02432416
v -0.22770835 0.18910152 0.02601097
v -0.22614935 0.18910152 0.02601097
v -0.22614935 0.18910152 0.02601097
v -0.22770835 0.19140574 0.02662838
v -0.22770835 0.19140574 0.02662838
v -0.22614935 0.19140574 0.02662838
v -0.22614935 0.19140574 0.02662838
v -0.22614935 0.19140574 0.02662838
v -0.22770835 0.19370997 0.02601097
v -0.22614935 0.19370997 0.02601097
v -0.22614935 0.19370997 0.02601097
v -0.22770835 0.19539678 0.02432416
v -0.22614935 0.19539678 0.02432416
v -0.22614935 0.19539678 0.02432416
v -0.22614935 0.19140574 0.02201993
v -0.21938719 0.19601420 0.03013161
v -0.21938719 0.19601420 0.02857260
v -0.21938719 0.19601420 0.02857260
v -0.22169141 0.19539678 0.03013161
v -0.22169141 0.19539678 0.02857260
v -0.22169141 0.19539678 0.02857260
v -0.22337823 0.19370997 0.03013161
v -0.22337823 0.19370997 0.02857260
v -0.22337823 0.19370997 0.02857260
v -0.22399564 0.19140574 0.03013161
v -0.22399564 0.19140574 0.03013161
v -0.22399564 0.19140574 0.02857260
v -0.22399564 0.19140574 0.02857260
v -0.22399564 0.19140574 0.02857260
v -0.22337823 0.18910152 0.03013161
v -0.22337823 0.18910152 0.02857260
v -0.22337823 0.18910152 0.02857260
v -0.22169141 0.18741471 0.03013161
v -0.22169141 0.18741471 0.02857260
v -0.22169141 0.18741471 0.02857260
v -0.21938719 0.18679729 0.03013161
v -0.21938719 0.18679729 0.02857260
v -0.21938719 0.18679729 0.02857260
v -0.21708296 0.18741471 0.03013161
v -0.21708296 0.18741471 0.02857260
v -0.21708296 0.18741471 0.02857260
v -0.21539615 0.18910152 0.03013161
v -0.21539615 0.18910152 0.02857261
v -0.21539615 0.18910152 0.02857261
v -0.21477872 0.19140574 0.03013161
v -0.21477872 0.19140574 0.02857261
v -0.21477872 0.19140574 0.02857261
v -0.21539615 0.19370997 0.03013161
v -0.21539615 0.19370997 0.02857261
v -0.21539615 0.19370997 0.02857261
v -0.21708295 0.19539678 0.03013161
v -0.21708295 0.19539678 0.02857260
v -0.21708295 0.19539678 0.02857260
v -0.21938719 0.19140574 0.02857260
v 0.22770835 0.19601420 0.02201993
v 0.22614937 0.19601420 0.02201993
v 0.22614937 0.19601420 0.02201993
v 0.22770835 0.19539678 0.01971570
v 0.22614937 0.19539678 0.01971570
v 0.22614937 0.19539678 0.01971570
v 0.22770835 0.19370997 0.01802889
v 0.22614937 0.19370997 0.01802889
v 0.22614937 0.19370997 0.01802889
v 0.22770835 0.19140574 0.01741147
v 0.22614937 0.19140574 0.01741147
v 0.22614937 0.19140574 0.01741147
v 0.22770835 0.18910152 0.01802889
v 0.22614937 0.18910152 0.01802889
v 0.22614937 0.18910152 0.01802889
v 0.22770835 0.18741471 0.01971570
v 0.22614937 0.18741471 0.01971570
v 0.22614937 0.18741471 0.01971570
v 0.22770835 0.18679729 0.02201993
v 0.22614937 0.18679729 0.02201993
v 0.22614937 0.18679729 0.02201993
v 0.22770835 0.18741471 0.02432416
v 0.22614937 0.18741471 0.02432416
v 0.22614937 0.18741471 0.02432416
v 0.22770835 0.18910152 0.02601097
v 0.22614937 0.18910152 0.02601097
v 0.22614937 0.18910152 0.02601097
v 0.22770835 0.19140574 0.02662839
v 0.22770835 0.19140574 0.02662839
v 0.22614937 0.19140574 0.02662839
v 0.22614937 0.19140574 0.02662839
v 0.22614937 0.19140574 0.02662839
v 0.22770835 0.19370997 0.02601097
v 0.22614937 0.19370997 0.02601097
v 0.22614937 0.19370997 0.02601097
v 0.22770835 0.19539678 0.02432416
v 0.22614937 0.19539678 0.02432416
v 0.22614937 0.19539678 0.02432416
v 0.22614937 0.19140574 0.02201993
v 0.21938719 0.19601420 0.03013161
v 0.21938719 0.19601420 0.02857261
v 0.21938719 0.19601420 0.02857261
v 0.22169141 0.19539678 0.03013161
v 0.22169141 0.19539678 0.02857260
v 0.22169141 0.19539678 0.02857260
v 0.22337823 0.19370997 0.03013161
v 0.22337823 0.19370997 0.02857260
v 0.22337823 0.19370997 0.02857260
v 0.22399564 0.19140574 0.03013161
v 0.22399564 0.19140574 0.03013161
v 0.22399564 0.19140574 0.02857260
v 0.22399564 0.19140574 0.02857260
v 0.22399564 0.19140574 0.02857260
v 0.22337823 0.18910152 0.03013161
v 0.22337823 0.18910152 0.02857260
v 0.22337823 0.18910152 0.02857260
v 0.22169141 0.18741471 0.03013161
v 0.22169141 0.18741471 0.02857260
v 0.22169141 0.18741471 0.02857260
v 0.21938719 0.18679729 0.03013161
v 0.21938719 0.18679729 0.02857261
v 0.21938719 0.18679729 0.02857261
v 0.21708296 0.18741471 0.03013161
v 0.21708296 0.18741471 0.02857261
v 0.21708296 0.18741471 0.02857261
v 0.21539615 0.18910152 0.03013161
v 0.21539615 0.18910152 0.02857261
v 0.21539615 0.18910152 0.02857261
v 0.21477874 0.19140574 0.03013161
v 0.21477874 0.19140574 0.02857261
v 0.21477874 0.19140574 0.02857261
v 0.21539615 0.19370997 0.03013161
v 0.21539615 0.19370997 0.02857261
v 0.21539615 0.19370997 0.02857261
v 0.21708296 0.19539678 0.03013161
v 0.21708296 0.19539678 0.02857261
v 0.21708296 0.19539678 0.02857261
v 0.21938719 0.19140574 0.02857261
v -0.22770835 -0.19601417 0.02201993
v -0.22614935 -0.19601417 0.02201993
v -0.22614935 -0.19601417 0.02201993
v -0.22770835 -0.19539678 0.01971570
v -0.22614935 -0.19539678 0.01971570
v -0.22614935 -0.19539678 0.01971570
v -0.22770835 -0.19370997 0.01802889
v -0.22614935 -0.19370997 0.01802889
v -0.22614935 -0.19370997 0.01802889
v -0.22770835 -0.19140574 0.01741147
v -0.22614935 -0.19140574 0.01741147
v -0.22614935 -0.19140574 0.01741147
v -0.22770835 -0.18910149 0.01802889
v -0.22614935 -0.18910149 0.01802889
v -0.22614935 -0.18910149 0.01802889
v -0.22770835 -0.18741468 0.01971570
v -0.22614935 -0.18741468 0.01971570
v -0.22614935 -0.18741468 0.01971570
v -0.22770835 -0.18679729 0.02201993
v -0.22614935 -0.18679729 0.02201993
v -0.22614935 -0.18679729 0.02201993
v -0.22770835 -0.18741468 0.02432416
v -0.22614935 -0.18741468 0.02432416
v -0.22614935 -0.18741468 0.02432416
v -0.22770835 -0.18910149 0.02601097
v -0.22614935 -0.18910149 0.02601097
v -0.22614935 -0.18910149 0.02601097
v -0.22770835 -0.19140574 0.02662838
v -0.22770835 -0.19140574 0.02662838
v -0.22614935 -0.19140574 0.02662839
v -0.22614935 -0.19140574 0.02662839
v -0.22614935 -0.19140574 0.02662839
v -0.22770835 -0.19370997 0.02601097
v -0.22614935 -0.19370997 0.02601097
v -0.22614935 -0.19370997 0.02601097
v -0.22770835 -0.19539678 0.02432416
v -0.22614935 -0.19539678 0.02432416
v -0.22614935 -0.19539678 0.02432416
v -0.22614935 -0.19140574 0.02201993
v -0.21938719 -0.19601417 0.03013161
v -0.21938719 -0.19601417 0.02857260
v -0.21938719 -0.19601417 0.02857260
v -0.22169141 -0.19539678 0.03013161
v -0.22169141 -0.19539678 0.02857260
v -0.22169141 -0.19539678 0.02857260
v -0.22337823 -0.19370997 0.03013161
v -0.22337823 -0.19370997 0.02857260
v -0.22337823 -0.19370997 0.02857260
v -0.22399564 -0.19140574 0.03013161
v -0.22399564 -0.19140574 0.03013161
v -0.22399564 -0.19140574 0.02857260
v -0.22399564 -0.19140574 0.02857260
v -0.22399564 -0.19140574 0.02857260
v -0.22337823 -0.18910149 0.03013161
v -0.22337823 -0.18910149 0.02857260
v -0.22337823 -0.18910149 0.02857260
v -0.22169141 -0.18741468 0.03013161
v -0.22169141 -0.18741468 0.02857260
v -0.22169141 -0.18741468 0.02857260
v -0.21938719 -0.18679729 0.03013161
v -0.21938719 -0.18679729 0.02857260
v -0.21938719 -0.18679729 0.02857260
v -0.21708296 -0.18741468 0.03013161
v -0.21708296 -0.18741468 0.02857261
v -0.21708296 -0.18741468 0.02857261
v -0.21539615 -0.18910149 0.03013161
v -0.21539615 -0.18910149 0.02857261
v -0.21539615 -0.18910149 0.02857261
v -0.21477872 -0.19140574 0.03013161
v -0.21477872 -0.19140574 0.02857261
v -0.21477872 -0.19140574 0.02857261
v -0.21539615 -0.19370997 0.03013161
v -0.21539615 -0.19370997 0.02857261
v -0.21539615 -0.19370997 0.02857261
v -0.21708295 -0.19539678 0.03013161
v -0.21708295 -0.19539678 0.02857261
v -0.21708295 -0.19539678 0.02857261
v -0.21938719 -0.19140574 0.02857260
v 0.22770835 -0.19601417 0.02201993
v 0.22614937 -0.19601417 0.02201993
v 0.22614937 -0.19601417 0.02201993
v 0.22770835 -0.19539678 0.01971570
v 0.22614937 -0.19539678 0.01971570
v 0.22614937 -0.19539678 0.01971570
v 0.22770835 -0.19370997 0.01802889
v 0.22614937 -0.19370997 0.01802889
v 0.22614937 -0.19370997 0.01802889
v 0.22770835 -0.19140574 0.01741147
v 0.22614937 -0.19140574 0.01741148
v 0.22614937 -0.19140574 0.01741148
v 0.22770835 -0.18910149 0.01802889
v 0.22614937 -0.18910149 0.01802889
v 0.22614937 -0.18910149 0.01802889
v 0.22770835 -0.18741468 0.01971570
v 0.22614937 -0.18741468 0.01971570
v 0.22614937 -0.18741468 0.01971570
v 0.22770835 -0.18679729 0.02201993
v 0.22614937 -0.18679729 0.02201993
v 0.22614937 -0.18679729 0.02201993
v 0.22770835 -0.18741468 0.02432416
v 0.22614937 -0.18741468 0.02432416
v 0.22614937 -0.18741468 0.02432416
v 0.22770835 -0.18910149 0.02601097
v 0.22614937 -0.18910149 0.02601097
v 0.22614937 -0.18910149 0.02601097
v 0.22770835 -0.19140574 0.02662839
v 0.22770835 -0.19140574 0.02662839
v 0.22614937 -0.19140574 0.02662839
v 0.22614937 -0.19140574 0.02662839
v 0.22614937 -0.19140574 0.02662839
v 0.22770835 -0.19370997 0.02601097
v 0.22614937 -0.19370997 0.02601097
v 0.22614937 -0.19370997 0.02601097
v 0.22770835 -0.19539678 0.02432416
v 0.22614937 -0.19539678 0.02432416
v 0.22614937 -0.19539678 0.02432416
v 0.22614937 -0.19140574 0.02201993
v 0.21938719 -0.19601417 0.03013161
v 0.21938719 -0.19601417 0.02857261
v 0.21938719 -0.19601417 0.02857261
v 0.22169141 -0.19539678 0.03013161
v 0.22169141 -0.19539678 0.02857261
v 0.22169141 -0.19539678 0.02857261
v 0.22337823 -0.19370997 0.03013161
v 0.22337823 -0.19370997 0.02857261
v 0.22337823 -0.19370997 0.02857261
v 0.22399564 -0.19140574 0.03013161
v 0.22399564 -0.19140574 0.03013161
v 0.22399564 -0.19140574 0.02857260
v 0.22399564 -0.19140574 0.02857260
v 0.22399564 -0.19140574 0.02857260
v 0.22337823 -0.18910149 0.03013161
v 0.22337823 -0.18910149 0.02857261
v 0.22337823 -0.18910149 0.02857261
v 0.22169141 -0.18741468 0.03013161
v 0.22169141 -0.18741468 0.02857261
v 0.22169141 -0.18741468 0.02857261
v 0.21938719 -0.18679729 0.03013161
v 0.21938719 -0.18679729 0.02857261
v 0.21938719 -0.18679729 0.02857261
v 0.21708296 -0.18741468 0.03013161
v 0.21708296 -0.18741468 0.02857261
v 0.21708296 -0.18741468 0.02857261
v 0.21539615 -0.18910149 0.03013161
v 0.21539615 -0.18910149 0.02857261
v 0.21539615 -0.18910149 0.02857261
v 0.21477874 -0.19140574 0.03013161
v 0.21477874 -0.19140574 0.02857261
v 0.21477874 -0.19140574 0.02857261
v 0.21539615 -0.19370997 0.03013161
v 0.21539615 -0.19370997 0.02857261
v 0.21539615 -0.19370997 0.02857261
v 0.21708296 -0.19539678 0.03013161
v 0.21708296 -0.19539678 0.02857261
v 0.21708296 -0.19539678 0.02857261
v 0.21938719 -0.19140574 0.02857261
v -0.22770835 0.19601420 0.32223559
v -0.22614934 0.19601420 0.32223559
v -0.22614934 0.19601420 0.32223559
v -0.22770835 0.19539678 0.31993139
v -0.22614934 0.19539678 0.31993139
v -0.22614934 0.19539678 0.31993139
v -0.22770835 0.19370997 0.31824458
v -0.22614934 0.19370997 0.31824458
v -0.22614934 0.19370997 0.31824458
v -0.22770835 0.19140574 0.31762716
v -0.22614934 0.19140574 0.31762716
v -0.22614934 0.19140574 0.31762716
v -0.22770835 0.18910152 0.31824458
v -0.22614934 0.18910152 0.31824458
v -0.22614934 0.18910152 0.31824458
v -0.22770835 0.18741471 0.31993139
v -0.22614934 0.18741471 0.31993139
v -0.22614934 0.18741471 0.31993139
v -0.22770835 0.18679729 0.32223559
v -0.22614934 0.18679729 0.32223559
v -0.22614934 0.18679729 0.32223559
v -0.22770835 0.18741471 0.32453984
v -0.22614934 0.18741471 0.32453984
v -0.22614934 0.18741471 0.32453984
v -0.22770835 0.18910152 0.32622665
v -0.22614934 0.18910152 0.32622665
v -0.22614934 0.18910152 0.32622665
v -0.22770835 0.19140574 0.32684407
v -0.22770835 0.19140574 0.32684407
v -0.22614935 0.19140574 0.32684407
v -0.22614935 0.19140574 0.32684407
v -0.22614935 0.19140574 0.32684407
v -0.22770835 0.19370997 0.32622665
v -0.22614934 0.19370997 0.32622665
v -0.22614934 0.19370997 0.32622665
v -0.22770835 0.19539678 0.32453984
v -0.22614934 0.19539678 0.32453984
v -0.22614934 0.19539678 0.32453984
v -0.22614934 0.19140574 0.32223559
v -0.21938717 0.19601420 0.33034727
v -0.21938717 0.19601420 0.32878828
v -0.21938717 0.19601420 0.32878828
v -0.22169140 0.19539678 0.33034727
v -0.22169140 0.19539678 0.32878828
v -0.22169140 0.19539678 0.32878828
v -0.22337821 0.19370997 0.33034727
v -0.22337821 0.19370997 0.32878828
v -0.22337821 0.19370997 0.32878828
v -0.22399563 0.19140574 0.33034727
v -0.22399563 0.19140574 0.33034727
v -0.22399563 0.19140574 0.32878828
v -0.22399563 0.19140574 0.32878828
v -0.22399563 0.19140574 0.32878828
v -0.22337821 0.18910152 0.33034727
v -0.22337821 0.18910152 0.32878828
v -0.22337821 0.18910152 0.32878828
v -0.22169140 0.18741471 0.33034727
v -0.22169140 0.18741471 0.32878828
v -0.22169140 0.18741471 0.32878828
v -0.21938717 0.18679729 0.33034727
v -0.21938717 0.18679729 0.32878828
v -0.21938717 0.18679729 0.32878828
v -0.21708295 0.18741471 0.33034727
v -0.21708295 0.18741471 0.32878828
v -0.21708295 0.18741471 0.32878828
v -0.21539614 0.18910152 0.33034727
v -0.21539614 0.18910152 0.32878828
v -0.21539614 0.18910152 0.32878828
v -0.21477872 0.19140574 0.33034727
v -0.21477872 0.19140574 0.32878828
v -0.21477872 0.19140574 0.32878828
v -0.21539614 0.19370997 0.33034727
v -0.21539614 0.19370997 0.32878828
v -0.21539614 0.19370997 0.32878828
v -0.21708295 0.19539678 0.33034727
v -0.21708295 0.19539678 0.32878828
v -0.21708295 0.19539678 0.32878828
v -0.21938717 0.19140574 0.32878828
v 0.22770835 0.19601420 0.32223562
v 0.22614937 0.19601420 0.32223562
v 0.22614937 0.19601420 0.32223562
v 0.22770835 0.19539678 0.31993139
v 0.22614937 0.19539678 0.31993139
v 0.22614937 0.19539678 0.31993139
v 0.22770835 0.19370997 0.31824458
v 0.22614937 0.19370997 0.31824458
v 0.22614937 0.19370997 0.31824458
v 0.22770835 0.19140574 0.31762716
v 0.22614937 0.19140574 0.31762716
v 0.22614937 0.19140574 0.31762716
v 0.22770835 0.18910152 0.31824458
v 0.22614937 0.18910152 0.31824458
v 0.22614937 0.18910152 0.31824458
v 0.22770835 0.18741471 0.31993139
v 0.22614937 0.18741471 0.31993139
v 0.22614937 0.18741471 0.31993139
v 0.22770835 0.18679729 0.32223562
v 0.22614937 0.18679729 0.32223562
v 0.22614937 0.18679729 0.32223562
v 0.22770835 0.18741471 0.32453984
v 0.22614937 0.18741471 0.32453984
v 0.22614937 0.18741471 0.32453984
v 0.22770835 0.18910152 0.32622665
v 0.22614937 0.18910152 0.32622665
v 0.22614937 0.18910152 0.32622665
v 0.22770835 0.19140574 0.32684407
v 0.22770835 0.19140574 0.32684407
v 0.22614937 0.19140574 0.32684407
v 0.22614937 0.19140574 0.32684407
v 0.22614937 0.19140574 0.32684407
v 0.22770835 0.19370997 0.32622665
v 0.22614937 0.19370997 0.32622665
v 0.22614937 0.19370997 0.32622665
v 0.22770835 0.19539678 0.32453984
v 0.22614937 0.19539678 0.32453984
v 0.22614937 0.19539678 0.32453984
v 0.22614937 0.19140574 0.32223562
v 0.21938719 0.19601420 0.33034730
v 0.21938719 0.19601420 0.32878828
v 0.21938719 0.19601420 0.32878828
v 0.22169141 0.19539678 0.33034730
v 0.22169141 0.19539678 0.32878828
v 0.22169141 0.19539678 0.32878828
v 0.22337823 0.19370997 0.33034730
v 0.22337823 0.19370997 0.32878828
v 0.22337823 0.19370997 0.32878828
v 0.22399564 0.19140574 0.33034730
v 0.22399564 0.19140574 0.33034730
v 0.22399564 0.19140574 0.32878828
v 0.22399564 0.19140574 0.32878828
v 0.22399564 0.19140574 0.32878828
v 0.22337823 0.18910152 0.33034730
v 0.22337823 0.18910152 0.32878828
v 0.22337823 0.18910152 0.32878828
v 0.22169141 0.18741471 0.33034730
v 0.22169141 0.18741471 0.32878828
v 0.22169141 0.18741471 0.32878828
v 0.21938719 0.18679729 0.33034730
v 0.21938719 0.18679729 0.32878828
v 0.21938719 0.18679729 0.32878828
v 0.21708296 0.18741471 0.33034730
v 0.21708296 0.18741471 0.32878828
v 0.21708296 0.18741471 0.32878828
v 0.21539615 0.18910152 0.33034730
v 0.21539615 0.18910152 0.32878828
v 0.21539615 0.18910152 0.32878828
v 0.21477874 0.19140574 0.33034730
v 0.21477874 0.19140574 0.32878828
v 0.21477874 0.19140574 0.32878828
v 0.21539615 0.19370997 0.33034730
v 0.21539615 0.19370997 0.32878828
v 0.21539615 0.19370997 0.32878828
v 0.21708296 0.19539678 0.33034730
v 0.21708296 0.19539678 0.32878828
v 0.21708296 0.19539678 0.32878828
v 0.21938719 0.19140574 0.32878828
v -0.22770835 -0.19601417 0.32223562
v -0.22614934 -0.19601417 0.32223562
v -0.22614934 -0.19601417 0.32223562
v -0.22770835 -0.19539678 0.31993139
v -0.22614934 -0.19539678 0.31993139
v -0.22614934 -0.19539678 0.31993139
v -0.22770835 -0.19370997 0.31824458
v -0.22614934 -0.19370997 0.31824458
v -0.22614934 -0.19370997 0.31824458
v -0.22770835 -0.19140574 0.31762716
v -0.22614934 -0.19140574 0.31762716
v -0.22614934 -0.19140574 0.31762716
v -0.22770835 -0.18910149 0.31824458
v -0.22614934 -0.18910149 0.31824458
v -0.22614934 -0.18910149 0.31824458
v -0.22770835 -0.18741468 0.31993139
v -0.22614934 -0.18741468 0.31993139
v -0.22614934 -0.18741468 0.31993139
v -0.22770835 -0.18679729 0.32223562
v -0.22614934 -0.18679729 0.32223562
v -0.22614934 -0.18679729 0.32223562
v -0.22770835 -0.18741468 0.32453984
v -0.22614934 -0.18741468 0.32453984
v -0.22614934 -0.18741468 0.32453984
v -0.22770835 -0.18910149 0.32622665
v -0.22614934 -0.18910149 0.32622665
v -0.22614934 -0.18910149 0.32622665
v -0.22770835 -0.19140574 0.32684407
v -0.22770835 -0.19140574 0.32684407
v -0.22614935 -0.19140574 0.32684407
v -0.22614935 -0.19140574 0.32684407
v -0.22614935 -0.19140574 0.32684407
v -0.22770835 -0.19370997 0.32622665
v -0.22614934 -0.19370997 0.32622665
v -0.22614934 -0.19370997 0.32622665
v -0.22770835 -0.19539678 0.32453987
v -0.22614934 -0.19539678 0.32453987
v -0.22614934 -0.19539678 0.32453987
v -0.22614934 -0.19140574 0.32223562
v -0.21938717 -0.19601417 0.33034730
v -0.21938717 -0.19601417 0.32878828
v -0.21938717 -0.19601417 0.32878828
v -0.22169140 -0.19539678 0.33034730
v -0.22169140 -0.19539678 0.32878828
v -0.22169140 -0.19539678 0.32878828
v -0.22337821 -0.19370997 0.33034730
v -0.22337821 -0.19370997 0.32878828
v -0.22337821 -0.19370997 0.32878828
v -0.22399563 -0.19140574 0.33034730
v -0.22399563 -0.19140574 0.33034730
v -0.22399563 -0.19140574 0.32878828
v -0.22399563 -0.19140574 0.32878828
v -0.22399563 -0.19140574 0.32878828
v -0.22337821 -0.18910149 0.33034730
v -0.22337821 -0.18910149 0.32878828
v -0.22337821 -0.18910149 0.32878828
v -0.22169140 -0.18741468 0.33034730
v -0.22169140 -0.18741468 0.32878828
v -0.22169140 -0.18741468 0.32878828
v -0.21938717 -0.18679729 0.33034730
v -0.21938717 -0.18679729 0.32878828
v -0.21938717 -0.18679729 0.32878828
v -0.21708295 -0.18741468 0.33034730
v -0.21708295 -0.18741468 0.32878828
v -0.21708295 -0.18741468 0.32878828
v -0.21539614 -0.18910149 0.33034730
v -0.21539614 -0.18910149 0.32878828
v -0.21539614 -0.18910149 0.32878828
v -0.21477872 -0.19140574 0.33034730
v -0.21477872 -0.19140574 0.32878828
v -0.21477872 -0.19140574 0.32878828
v -0.21539614 -0.19370997 0.33034730
v -0.21539614 -0.19370997 0.32878828
v -0.21539614 -0.19370997 0.32878828
v -0.21708295 -0.19539678 0.33034730
v -0.21708295 -0.19539678 0.32878828
v -0.21708295 -0.19539678 0.32878828
v -0.21938717 -0.19140574 0.32878828
v 0.22770835 -0.19601417 0.32223562
v 0.22614937 -0.19601417 0.32223562
v 0.22614937 -0.19601417 0.32223562
v 0.22770835 -0.19539678 0.31993142
v 0.22614937 -0.19539678 0.31993142
v 0.22614937 -0.19539678 0.31993142
v 0.22770835 -0.19370997 0.31824461
v 0.22614937 -0.19370997 0.31824461
v 0.22614937 -0.19370997 0.31824461
v 0.22770835 -0.19140574 0.31762719
v 0.22614937 -0.19140574 0.31762719
v 0.22614937 -0.19140574 0.31762719
v 0.22770835 -0.18910149 0.31824461
v 0.22614937 -0.18910149 0.31824461
v 0.22614937 -0.18910149 0.31824461
v 0.22770835 -0.18741468 0.31993142
v 0.22614937 -0.18741468 0.31993142
v 0.22614937 -0.18741468 0.31993142
v 0.22770835 -0.18679729 0.32223562
v 0.22614937 -0.18679729 0.32223562
v 0.22614937 -0.18679729 0.32223562
v 0.22770835 -0.18741468 0.32453987
v 0.22614937 -0.18741468 0.32453987
v 0.22614937 -0.18741468 0.32453987
v 0.22770835 -0.18910149 0.32622668
v 0.22614937 -0.18910149 0.32622668
v 0.22614937 -0.18910149 0.32622668
v 0.22770835 -0.19140574 0.32684410
v 0.22770835 -0.19140574 0.32684410
v 0.22614937 -0.19140574 0.32684410
v 0.22614937 -0.19140574 0.32684410
v 0.22614937 -0.19140574 0.32684410
v 0.22770835 -0.19370997 0.32622668
v 0.22614937 -0.19370997 0.32622668
v 0.22614937 -0.19370997 0.32622668
v 0.22770835 -0.19539678 0.32453987
v 0.22614937 -0.19539678 0.32453987
v 0.22614937 -0.19539678 0.32453987
v 0.22614937 -0.19140574 0.32223562
v 0.21938719 -0.19601417 0.33034730
v 0.21938719 -0.19601417 0.32878831
v 0.21938719 -0.19601417 0.32878831
v 0.22169141 -0.19539678 0.33034730
v 0.22169141 -0.19539678 0.32878831
v 0.22169141 -0.19539678 0.32878831
v 0.22337823 -0.19370997 0.33034730
v 0.22337823 -0.19370997 0.32878831
v 0.22337823 -0.19370997 0.32878831
v 0.22399564 -0.19140574 0.33034730
v 0.22399564 -0.19140574 0.33034730
v 0.22399564 -0.19140574 0.32878831
v 0.22399564 -0.19140574 0.32878831
v 0.22399564 -0.19140574 0.32878831
v 0.22337823 -0.18910149 0.33034730
v 0.22337823 -0.18910149 0.32878831
v 0.22337823 -0.18910149 0.32878831
v 0.22169141 -0.18741468 0.33034730
v 0.22169141 -0.18741468 0.32878831
v 0.22169141 -0.18741468 0.32878831
v 0.21938719 -0.18679729 0.33034730
v 0.21938719 -0.18679729 0.32878831
v 0.21938719 -0.18679729 0.32878831
v 0.21708296 -0.18741468 0.33034730
v 0.21708296 -0.18741468 0.32878831
v 0.21708296 -0.18741468 0.32878831
v 0.21539615 -0.18910149 0.33034730
v 0.21539615 -0.18910149 0.32878831
v 0.21539615 -0.18910149 0.32878831
v 0.21477874 -0.19140574 0.33034730
v 0.21477874 -0.19140574 0.32878831
v 0.21477874 -0.19140574 0.32878831
v 0.21539615 -0.19370997 0.33034730
v 0.21539615 -0.19370997 0.32878831
v 0.21539615 -0.19370997 0.32878831
v 0.21708296 -0.19539678 0.33034730
v 0.21708296 -0.19539678 0.32878831
v 0.21708296 -0.19539678 0.32878831
v 0.21938719 -0.19140574 0.32878831
v -0.22770835 0.19601420 0.51981825
v -0.22614934 0.19601420 0.51981825
v -0.22614934 0.19601420 0.51981825
v -0.22770835 0.19539678 0.51751405
v -0.22614934 0.19539678 0.51751405
v -0.22614934 0.19539678 0.51751405
v -0.22770835 0.19370997 0.51582718
v -0.22614934 0.19370997 0.51582718
v -0.22614934 0.19370997 0.51582718
v -0.22770835 0.19140574 0.51520974
v -0.22614934 0.19140574 0.51520974
v -0.22614934 0.19140574 0.51520974
v -0.22770835 0.18910152 0.51582718
v -0.22614934 0.18910152 0.51582718
v -0.22614934 0.18910152 0.51582718
v -0.22770835 0.18741471 0.51751405
v -0.22614934 0.18741471 0.51751405
v -0.22614934 0.18741471 0.51751405
v -0.22770835 0.18679729 0.51981825
v -0.22614934 0.18679729 0.51981825
v -0.22614934 0.18679729 0.51981825
v -0.22770835 0.18741471 0.52212245
v -0.22614934 0.18741471 0.52212245
v -0.22614934 0.18741471 0.52212245
v -0.22770835 0.18910152 0.52380926
v -0.22614935 0.18910152 0.52380926
v -0.22614935 0.18910152 0.52380926
v -0.22770835 0.19140574 0.52442670
v -0.22770835 0.19140574 0.52442670
v -0.22614935 0.19140574 0.52442670
v -0.22614935 0.19140574 0.52442670
v -0.22614935 0.19140574 0.52442670
v -0.22770835 0.19370997 0.52380926
v -0.22614935 0.19370997 0.52380926
v -0.22614935 0.19370997 0.52380926
v -0.22770835 0.19539678 0.52212245
v -0.22614934 0.19539678 0.52212245
v -0.22614934 0.19539678 0.52212245
v -0.22614934 0.19140574 0.51981825
v -0.21938717 0.19601420 0.52792990
v -0.21938717 0.19601420 0.52637095
v -0.21938717 0.19601420 0.52637095
v -0.22169140 0.19539678 0.52792990
v -0.22169140 0.19539678 0.52637095
v -0.22169140 0.19539678 0.52637095
v -0.22337821 0.19370997 0.52792990
v -0.22337821 0.19370997 0.52637095
v -0.22337821 0.19370997 0.52637095
v -0.22399563 0.19140574 0.52792990
v -0.22399563 0.19140574 0.52792990
v -0.22399563 0.19140574 0.52637095
v -0.22399563 0.19140574 0.52637095
v -0.22399563 0.19140574 0.52637095
v -0.22337821 0.18910152 0.52792990
v -0.22337821 0.18910152 0.52637095
v -0.22337821 0.18910152 0.52637095
v -0.22169140 0.18741471 0.52792990
v -0.22169140 0.18741471 0.52637095
v -0.22169140 0.18741471 0.52637095
v -0.21938717 0.18679729 0.52792990
v -0.21938717 0.18679729 0.52637095
v -0.21938717 0.18679729 0.52637095
v -0.21708295 0.18741471 0.52792990
v -0.21708295 0.18741471 0.52637095
v -0.21708295 0.18741471 0.52637095
v -0.21539614 0.18910152 0.52792990
v -0.21539614 0.18910152 0.52637095
v -0.21539614 0.18910152 0.52637095
v -0.21477872 0.19140574 0.52792990
v -0.21477872 0.19140574 0.52637095
v -0.21477872 0.19140574 0.52637095
v -0.21539614 0.19370997 0.52792990
v -0.21539614 0.19370997 0.52637095
v -0.21539614 0.19370997 0.52637095
v -0.21708295 0.19539678 0.52792990
v -0.21708295 0.19539678 0.52637095
v -0.21708295 0.19539678 0.52637095
v -0.21938717 0.19140574 0.52637095
v 0.22770835 0.19601420 0.51981825
v 0.22614940 0.19601420 0.51981825
v 0.22614940 0.19601420 0.51981825
v 0.22770835 0.19539678 0.51751405
v 0.22614940 0.19539678 0.51751405
v 0.22614940 0.19539678 0.51751405
v 0.22770835 0.19370997 0.51582718
v 0.22614940 0.19370997 0.51582718
v 0.22614940 0.19370997 0.51582718
v 0.22770835 0.19140574 0.51520974
v 0.22614940 0.19140574 0.51520974
v 0.22614940 0.19140574 0.51520974
v 0.22770835 0.18910152 0.51582718
v 0.22614940 0.18910152 0.51582718
v 0.22614940 0.18910152 0.51582718
v 0.22770835 0.18741471 0.51751405
v 0.22614940 0.18741471 0.51751405
v 0.22614940 0.18741471 0.51751405
v 0.22770835 0.18679729 0.51981825
v 0.22614940 0.18679729 0.51981825
v 0.22614940 0.18679729 0.51981825
v 0.22770835 0.18741471 0.52212245
v 0.22614940 0.18741471 0.52212245
v 0.22614940 0.18741471 0.52212245
v 0.22770835 0.18910152 0.52380926
v 0.22614940 0.18910152 0.52380926
v 0.22614940 0.18910152 0.52380926
v 0.22770835 0.19140574 0.52442670
v 0.22770835 0.19140574 0.52442670
v 0.22614940 0.19140574 0.52442670
v 0.22614940 0.19140574 0.52442670
v 0.22614940 0.19140574 0.52442670
v 0.22770835 0.19370997 0.52380926
v 0.22614940 0.19370997 0.52380926
v 0.22614940 0.19370997 0.52380926
v 0.22770835 0.19539678 0.52212245
v 0.22614940 0.19539678 0.52212245
v 0.22614940 0.19539678 0.52212245
v 0.22614940 0.19140574 0.51981825
v 0.21938719 0.19601420 0.52792996
v 0.21938719 0.19601420 0.52637095
v 0.21938719 0.19601420 0.52637095
v 0.22169144 0.19539678 0.52792996
v 0.22169144 0.19539678 0.52637095
v 0.22169144 0.19539678 0.52637095
v 0.22337823 0.19370997 0.52792996
v 0.22337823 0.19370997 0.52637095
v 0.22337823 0.19370997 0.52637095
v 0.22399564 0.19140574 0.52792996
v 0.22399564 0.19140574 0.52792996
v 0.22399564 0.19140574 0.52637095
v 0.22399564 0.19140574 0.52637095
v 0.22399564 0.19140574 0.52637095
v 0.22337823 0.18910152 0.52792996
v 0.22337823 0.18910152 0.52637095
v 0.22337823 0.18910152 0.52637095
v 0.22169144 0.18741471 0.52792996
v 0.22169144 0.18741471 0.52637095
v 0.22169144 0.18741471 0.52637095
v 0.21938719 0.18679729 0.52792996
v 0.21938719 0.18679729 0.52637095
v 0.21938719 0.18679729 0.52637095
v 0.21708296 0.18741471 0.52792996
v 0.21708296 0.18741471 0.52637095
v 0.21708296 0.18741471 0.52637095
v 0.21539618 0.18910152 0.52792996
v 0.21539618 0.18910152 0.52637095
v 0.21539618 0.18910152 0.52637095
v 0.21477877 0.19140574 0.52792996
v 0.21477877 0.19140574 0.52637095
v 0.21477877 0.19140574 0.52637095
v 0.21539618 0.19370997 0.52792996
v 0.21539618 0.19370997 0.52637095
v 0.21539618 0.19370997 0.52637095
v 0.21708296 0.19539678 0.52792996
v 0.21708296 0.19539678 0.52637095
v 0.21708296 0.19539678 0.52637095
v 0.21938719 0.19140574 0.52637095
v -0.22770835 -0.19601417 0.51981825
v -0.22614934 -0.19601417 0.51981825
v -0.22614934 -0.19601417 0.51981825
v -0.22770835 -0.19539678 0.51751405
v -0.22614934 -0.19539678 0.51751405
v -0.22614934 -0.19539678 0.51751405
v -0.22770835 -0.19370997 0.51582718
v -0.22614934 -0.19370997 0.51582718
v -0.22614934 -0.19370997 0.51582718
v -0.22770835 -0.19140574 0.51520974
v -0.22614934 -0.19140574 0.51520974
v -0.22614934 -0.19140574 0.51520974
v -0.22770835 -0.18910149 0.51582718
v -0.22614934 -0.18910149 0.51582718
v -0.22614934 -0.18910149 0.51582718
v -0.22770835 -0.18741468 0.51751405
v -0.22614934 -0.18741468 0.51751405
v -0.22614934 -0.18741468 0.51751405
v -0.22770835 -0.18679729 0.51981825
v -0.22614934 -0.18679729 0.51981825
v -0.22614934 -0.18679729 0.51981825
v -0.22770835 -0.18741468 0.52212245
v -0.22614934 -0.18741468 0.52212245
v -0.22614934 -0.18741468 0.52212245
v -0.22770835 -0.18910149 0.52380926
v -0.22614935 -0.18910149 0.52380926
v -0.22614935 -0.18910149 0.52380926
v -0.22770835 -0.19140574 0.52442670
v -0.22770835 -0.19140574 0.52442670
v -0.22614935 -0.19140574 0.52442670
v -0.22614935 -0.19140574 0.52442670
v -0.22614935 -0.19140574 0.52442670
v -0.22770835 -0.19370997 0.52380926
v -0.22614935 -0.19370997 0.52380926
v -0.22614935 -0.19370997 0.52380926
v -0.22770835 -0.19539678 0.52212245
v -0.22614934 -0.19539678 0.52212245
v -0.22614934 -0.19539678 0.52212245
v -0.22614934 -0.19140574 0.51981825
v -0.21938717 -0.19601417 0.52792996
v -0.21938717 -0.19601417 0.52637095
v -0.21938717 -0.19601417 0.52637095
v -0.22169140 -0.19539678 0.52792996
v -0.22169140 -0.19539678 0.52637095
v -0.22169140 -0.19539678 0.52637095
v -0.22337821 -0.19370997 0.52792996
v -0.22337821 -0.19370997 0.52637095
v -0.22337821 -0.19370997 0.52637095
v -0.22399563 -0.19140574 0.52792996
v -0.22399563 -0.19140574 0.52792996
v -0.22399563 -0.19140574 0.52637095
v -0.22399563 -0.19140574 0.52637095
v -0.22399563 -0.19140574 0.52637095
v -0.22337821 -0.18910149 0.52792996
v -0.22337821 -0.18910149 0.52637095
v -0.22337821 -0.18910149 0.52637095
v -0.22169140 -0.18741468 0.52792996
v -0.22169140 -0.18741468 0.52637095
v -0.22169140 -0.18741468 0.52637095
v -0.21938717 -0.18679729 0.52792996
v -0.21938717 -0.18679729 0.52637095
v -0.21938717 -0.18679729 0.52637095
v -0.21708295 -0.18741468 0.52792996
v -0.21708295 -0.18741468 0.52637095
v -0.21708295 -0.18741468 0.52637095
v -0.21539614 -0.18910149 0.52792996
v -0.21539614 -0.18910149 0.52637095
v -0.21539614 -0.18910149 0.52637095
v -0.21477872 -0.19140574 0.52792996
v -0.21477872 -0.19140574 0.52637095
v -0.21477872 -0.19140574 0.52637095
v -0.21539614 -0.19370997 0.52792996
v -0.21539614 -0.19370997 0.52637095
v -0.21539614 -0.19370997 0.52637095
v -0.21708295 -0.19539678 0.52792996
v -0.21708295 -0.19539678 0.52637095
v -0.21708295 -0.19539678 0.52637095
v -0.21938717 -0.19140574 0.52637095
v 0.22770835 -0.19601417 0.51981825
v 0.22614940 -0.19601417 0.51981825
v 0.22614940 -0.19601417 0.51981825
v 0.22770835 -0.19539678 0.51751405
v 0.22614940 -0.19539678 0.51751405
v 0.22614940 -0.19539678 0.51751405
v 0.22770835 -0.19370997 0.51582724
v 0.22614940 -0.19370997 0.51582724
v 0.22614940 -0.19370997 0.51582724
v 0.22770835 -0.19140574 0.51520980
v 0.22614940 -0.19140574 0.51520980
v 0.22614940 -0.19140574 0.51520980
v 0.22770835 -0.18910149 0.51582724
v 0.22614940 -0.18910149 0.51582724
v 0.22614940 -0.18910149 0.51582724
v 0.22770835 -0.18741468 0.51751405
v 0.22614940 -0.18741468 0.51751405
v 0.22614940 -0.18741468 0.51751405
v 0.22770835 -0.18679729 0.51981825
v 0.22614940 -0.18679729 0.51981825
v 0.22614940 -0.18679729 0.51981825
v 0.22770835 -0.18741468 0.52212245
v 0.22614940 -0.18741468 0.52212245
v 0.22614940 -0.18741468 0.52212245
v 0.22770835 -0.18910149 0.52380926
v 0.22614940 -0.18910149 0.52380926
v 0.22614940 -0.18910149 0.52380926
v 0.22770835 -0.19140574 0.52442676
v 0.22770835 -0.19140574 0.52442676
v 0.22614940 -0.19140574 0.52442676
v 0.22614940 -0.19140574 0.52442676
v 0.22614940 -0.19140574 0.52442676
v 0.22770835 -0.19370997 0.52380926
v 0.22614940 -0.19370997 0.52380926
v 0.22614940 -0.19370997 0.52380926
v 0.22770835 -0.19539678 0.52212245
v 0.22614940 -0.19539678 0.52212245
v 0.22614940 -0.19539678 0.52212245
v 0.22614940 -0.19140574 0.51981825
v 0.21938719 -0.19601417 0.52792996
v 0.21938719 -0.19601417 0.52637095
v 0.21938719 -0.19601417 0.52637095
v 0.22169144 -0.19539678 0.52792996
v 0.22169144 -0.19539678 0.52637095
v 0.22169144 -0.19539678 0.52637095
v 0.22337823 -0.19370997 0.52792996
v 0.22337823 -0.19370997 0.52637095
v 0.22337823 -0.19370997 0.52637095
v 0.22399564 -0.19140574 0.52792996
v 0.22399564 -0.19140574 0.52792996
v 0.22399564 -0.19140574 0.52637095
v 0.22399564 -0.19140574 0.52637095
v 0.22399564 -0.19140574 0.52637095
v 0.22337823 -0.18910149 0.52792996
v 0.22337823 -0.18910149 0.52637095
v 0.22337823 -0.18910149 0.52637095
v 0.22169144 -0.18741468 0.52792996
v 0.22169144 -0.18741468 0.52637095
v 0.22169144 -0.18741468 0.52637095
v 0.21938719 -0.18679729 0.52792996
v 0.21938719 -0.18679729 0.52637095
v 0.21938719 -0.18679729 0.52637095
v 0.21708296 -0.18741468 0.52792996
v 0.21708296 -0.18741468 0.52637095
v 0.21708296 -0.18741468 0.52637095
v 0.21539618 -0.18910149 0.52792996
v 0.21539618 -0.18910149 0.52637095
v 0.21539618 -0.18910149 0.52637095
v 0.21477877 -0.19140574 0.52792996
v 0.21477877 -0.19140574 0.52637095
v 0.21477877 -0.19140574 0.52637095
v 0.21539618 -0.19370997 0.52792996
v 0.21539618 -0.19370997 0.52637095
v 0.21539618 -0.19370997 0.52637095
v 0.21708296 -0.19539678 0.52792996
v 0.21708296 -0.19539678 0.52637095
v 0.21708296 -0.19539678 0.52637095
v 0.21938719 -0.19140574 0.52637095
v 0.22909123 0.20272395 0.05220963
v 0.22909123 0.20272395 0.00762207
v 0.26728192 0.17903036 0.00881350
v 0.26728192 0.17903039 0.30998224
v 0.25272396 0.17903039 0.35217622
v 0.22909123 0.20272395 0.05285450
v 0.22909123 0.20272395 0.05285450
v 0.22909123 0.20212787 0.05225842
v 0.22909123 0.20212787 0.05225842
v 0.22909123 0.20230246 0.05267990
v 0.22909123 0.20230246 0.05267990
v 0.22909123 0.20230246 0.05267990
v 0.22909123 0.20212787 0.00757328
v 0.22909123 0.20212787 0.00757328
v 0.22909123 0.20272395 0.00697720
v 0.22909123 0.20272395 0.00697720
v 0.22909123 0.20230246 0.00715179
v 0.22909123 0.20230246 0.00715179
v 0.22909123 0.20230246 0.00715179
v 0.25212789 0.17903036 0.05225842
v 0.25212789 0.17903036 0.05225842
v 0.25272396 0.17903036 0.05285450
v 0.25272396 0.17903036 0.05285450
v 0.25230244 0.17903036 0.05267990
v 0.25230244 0.17903036 0.05267990
v 0.25230244 0.17903036 0.05267990
v 0.25272396 0.17903036 0.00697720
v 0.25272396 0.17903036 0.00697720
v 0.25212789 0.17903036 0.00757328
v 0.25212789 0.17903036 0.00757328
v 0.25230244 0.17903036 0.00715179
v 0.25230244 0.17903036 0.00715179
v 0.25230244 0.17903036 0.00715179
v 0.22909123 0.20272398 0.35282108
v 0.22909123 0.20272398 0.35282108
v 0.22909123 0.20212790 0.35222501
v 0.22909123 0.20212790 0.35222501
v 0.22909123 0.20230249 0.35264647
v 0.22909123 0.20230249 0.35264647
v 0.22909123 0.20230249 0.35264647
v 0.22909123 0.20212790 0.30874196
v 0.22909123 0.20212790 0.30874196
v 0.22909123 0.20272398 0.30814588
v 0.22909123 0.20272398 0.30814588
v 0.22909123 0.20230249 0.30832044
v 0.22909123 0.20230249 0.30832044
v 0.22909123 0.20230249 0.30832044
v 0.25212789 0.17903039 0.35222501
v 0.25212789 0.17903039 0.35222501
v 0.25272396 0.17903039 0.35282108
v 0.25272396 0.17903039 0.35282108
v 0.25230244 0.17903039 0.35264647
v 0.25230244 0.17903039 0.35264647
v 0.25230244 0.17903039 0.35264647
v 0.25272396 0.17903039 0.30814588
v 0.25272396 0.17903039 0.30814588
v 0.25212789 0.17903039 0.30874196
v 0.25212789 0.17903039 0.30874196
v 0.25230244 0.17903039 0.30832044
v 0.25230244 0.17903039 0.30832044
v 0.25230244 0.17903039 0.30832044
v 0.22909123 0.21728192 0.00697720
v 0.22909123 0.21728192 0.00697720
v 0.22909123 0.21928193 0.00897721
v 0.22909123 0.21928193 0.00897721
v 0.22909123 0.21869613 0.00756297
v 0.22909123 0.21869613 0.00756297
v 0.22909123 0.21869613 0.00756297
v 0.22909123 0.21928193 0.05085451
v 0.22909123 0.21928193 0.05085451
v 0.22909123 0.21728192 0.05285450
v 0.22909123 0.21728192 0.05285450
v 0.26728192 0.17903036 0.05101818
v 0.22909123 0.21869613 0.05226872
v 0.22909123 0.21869613 0.05226872
v 0.22909123 0.21869613 0.05226872
v 0.22909123 0.21728194 0.30814588
v 0.22909123 0.21728194 0.30814588
v 0.22909123 0.21928194 0.31014589
v 0.22909123 0.21928194 0.31014589
v 0.22909123 0.21869615 0.30873165
v 0.22909123 0.21869615 0.30873165
v 0.22909123 0.21869615 0.30873165
v 0.22909123 0.21928194 0.35082108
v 0.22909123 0.21928194 0.35082108
v 0.22909123 0.21728194 0.35282108
v 0.22909123 0.21728194 0.35282108
v 0.22909123 0.21728194 0.35098475
v 0.22909123 0.21869615 0.35223526
v 0.22909123 0.21869615 0.35223526
v 0.22909123 0.21869615 0.35223526
v 0.26928192 0.17903036 0.00897721
v 0.26928192 0.17903036 0.00897721
v 0.26728192 0.17903036 0.00697720
v 0.26728192 0.17903036 0.00697720
v 0.26869616 0.17903036 0.00756297
v 0.26869616 0.17903036 0.00756297
v 0.26869616 0.17903036 0.00756297
v 0.26728192 0.17903039 0.35282108
v 0.26728192 0.17903039 0.35282108
v 0.26928192 0.17903039 0.35082108
v 0.26928192 0.17903039 0.35082108
v 0.26728192 0.17903039 0.35098475
v 0.26869616 0.17903039 0.35223526
v 0.26869616 0.17903039 0.35223526
v 0.26869616 0.17903039 0.35223526
v 0.26728192 0.17903036 0.05285450
v 0.26728192 0.17903036 0.05285450
v 0.26928192 0.17903036 0.05085451
v 0.26928192 0.17903036 0.05085451
v 0.25272396 0.17903036 0.05220963
v 0.26869616 0.17903036 0.05226872
v 0.26869616 0.17903036 0.05226872
v 0.26869616 0.17903036 0.05226872
v 0.26928192 0.17903039 0.31014589
v 0.26928192 0.17903039 0.31014589
v 0.26728192 0.17903039 0.30814588
v 0.26728192 0.17903039 0.30814588
v 0.26869616 0.17903039 0.30873165
v 0.26869616 0.17903039 0.30873165
v 0.26869616 0.17903039 0.30873165
v 0.25272396 0.17903039 0.30879078
v 0.25272396 0.17903036 0.00762207
v 0.22909123 0.20272397 0.35217622
v 0.22909123 0.21728194 0.30998221
v 0.22909123 0.20272398 0.30879078
v 0.22909123 0.21728192 0.05101818
v 0.22909123 0.21728192 0.00881350
v -0.22909126 0.20272395 0.05220963
v -0.22909126 0.20272395 0.00762207
v -0.26728192 0.17903036 0.00881350
v -0.26728192 0.17903039 0.30998224
v -0.25272396 0.17903039 0.35217622
v -0.22909126 0.20272395 0.05285450
v -0.22909126 0.20272395 0.05285450
v -0.22909126 0.20212787 0.05225842
v -0.22909126 0.20212787 0.05225842
v -0.22909126 0.20230246 0.05267990
v -0.22909126 0.20230246 0.05267990
v -0.22909126 0.20230246 0.05267990
v -0.22909126 0.20212787 0.00757328
v -0.22909126 0.20212787 0.00757328
v -0.22909126 0.20272395 0.00697720
v -0.22909126 0.20272395 0.00697720
v -0.22909126 0.20230246 0.00715179
v -0.22909126 0.20230246 0.00715179
v -0.22909126 0.20230246 0.00715179
v -0.25212789 0.17903036 0.05225842
v -0.25212789 0.17903036 0.05225842
v -0.25272396 0.17903036 0.05285450
v -0.25272396 0.17903036 0.05285450
v -0.25230244 0.17903036 0.05267990
v -0.25230244 0.17903036 0.05267990
v -0.25230244 0.17903036 0.05267990
v -0.25272396 0.17903036 0.00697720
v -0.25272396 0.17903036 0.00697720
v -0.25212789 0.17903036 0.00757328
v -0.25212789 0.17903036 0.00757328
v -0.25230244 0.17903036 0.00715179
v -0.25230244 0.17903036 0.00715179
v -0.25230244 0.17903036 0.00715179
v -0.22909126 0.20272398 0.35282108
v -0.22909126 0.20272398 0.35282108
v -0.22909126 0.20212790 0.35222501
v -0.22909126 0.20212790 0.35222501
v -0.22909126 0.20230249 0.35264647
v -0.22909126 0.20230249 0.35264647
v -0.22909126 0.20230249 0.35264647
v -0.22909126 0.20212790 0.30874196
v -0.22909126 0.20212790 0.30874196
v -0.22909126 0.20272398 0.30814588
v -0.22909126 0.20272398 0.30814588
v -0.22909126 0.20230249 0.30832044
v -0.22909126 0.20230249 0.30832044
v -0.22909126 0.20230249 0.30832044
v -0.25212789 0.17903039 0.35222501
v -0.25212789 0.17903039 0.35222501
v -0.25272396 0.17903039 0.35282108
v -0.25272396 0.17903039 0.35282108
v -0.25230244 0.17903039 0.35264647
v -0.25230244 0.17903039 0.35264647
v -0.25230244 0.17903039 0.35264647
v -0.25272396 0.17903039 0.30814588
v -0.25272396 0.17903039 0.30814588
v -0.25212789 0.17903039 0.30874196
v -0.25212789 0.17903039 0.30874196
v -0.25230244 0.17903039 0.30832044
v -0.25230244 0.17903039 0.30832044
v -0.25230244 0.17903039 0.30832044
v -0.22909126 0.21728192 0.00697720
v -0.22909126 0.21728192 0.00697720
v -0.22909126 0.21928193 0.00897721
v -0.22909126 0.21928193 0.00897721
v -0.22909126 0.21869613 0.00756297
v -0.22909126 0.21869613 0.00756297
v -0.22909126 0.21869613 0.00756297
v -0.22909126 0.21928193 0.05085451
v -0.22909126 0.21928193 0.05085451
v -0.22909126 0.21728192 0.05285450
v -0.22909126 0.21728192 0.05285450
v -0.26728192 0.17903036 0.05101818
v -0.22909126 0.21869613 0.05226872
v -0.22909126 0.21869613 0.05226872
v -0.22909126 0.21869613 0.05226872
v -0.22909126 0.21728194 0.30814588
v -0.22909126 0.21728194 0.30814588
v -0.22909126 0.21928194 0.31014589
v -0.22909126 0.21928194 0.31014589
v -0.22909126 0.21869615 0.30873165
v -0.22909126 0.21869615 0.30873165
v -0.22909126 0.21869615 0.30873165
v -0.22909126 0.21928194 0.35082108
v -0.22909126 0.21928194 0.35082108
v -0.22909126 0.21728194 0.35282108
v -0.22909126 0.21728194 0.35282108
v -0.22909126 0.21728194 0.35098475
v -0.22909126 0.21869615 0.35223526
v -0.22909126 0.21869615 0.35223526
v -0.22909126 0.21869615 0.35223526
v -0.26928192 0.17903036 0.00897721
v -0.26928192 0.17903036 0.00897721
v -0.26728192 0.17903036 0.00697720
v -0.26728192 0.17903036 0.00697720
v -0.26869616 0.17903036 0.00756297
v -0.26869616 0.17903036 0.00756297
v -0.26869616 0.17903036 0.00756297
v -0.26728192 0.17903039 0.35282108
v -0.26728192 0.17903039 0.35282108
v -0.26928192 0.17903039 0.35082108
v -0.26928192 0.17903039 0.35082108
v -0.26728192 0.17903039 0.35098475
v -0.26869616 0.17903039 0.35223526
v -0.26869616 0.17903039 0.35223526
v -0.26869616 0.17903039 0.35223526
v -0.26728192 0.17903036 0.05285450
v -0.26728192 0.17903036 0.05285450
v -0.26928192 0.17903036 0.05085451
v -0.26928192 0.17903036 0.05085451
v -0.25272396 0.17903036 0.05220963
v -0.26869616 0.17903036 0.05226872
v -0.26869616 0.17903036 0.05226872
v -0.26869616 0.17903036 0.05226872
v -0.26928192 0.17903039 0.31014589
v -0.26928192 0.17903039 0.31014589
v -0.26728192 0.17903039 0.30814588
v -0.26728192 0.17903039 0.30814588
v -0.26869616 0.17903039 0.30873165
v -0.26869616 0.17903039 0.30873165
v -0.26869616 0.17903039 0.30873165
v -0.25272396 0.17903039 0.30879078
v -0.25272396 0.17903036 0.00762207
v -0.22909126 0.20272397 0.35217622
v -0.22909126 0.21728194 0.30998221
v -0.22909126 0.20272398 0.30879078
v -0.22909126 0.21728192 0.05101818
v -0.22909126 0.21728192 0.00881350
v 0.22909123 -0.20272395 0.05220963
v 0.22909123 -0.20272395 0.00762207
v 0.26728192 -0.17903036 0.00881350
v 0.26728192 -0.17903039 0.30998224
v 0.25272396 -0.17903039 0.35217622
v 0.22909123 -0.20272395 0.05285450
v 0.22909123 -0.20272395 0.05285450
v 0.22909123 -0.20212787 0.05225842
v 0.22909123 -0.20212787 0.05225842
v 0.22909123 -0.20230246 0.05267990
v 0.22909123 -0.20230246 0.05267990
v 0.22909123 -0.20230246 0.05267990
v 0.22909123 -0.20212787 0.00757328
v 0.22909123 -0.20212787 0.00757328
v 0.22909123 -0.20272395 0.00697720
v 0.22909123 -0.20272395 0.00697720
v 0.22909123 -0.20230246 0.00715179
v 0.22909123 -0.20230246 0.00715179
v 0.22909123 -0.20230246 0.00715179
v 0.25212789 -0.17903036 0.05225842
v 0.25212789 -0.17903036 0.05225842
v 0.25272396 -0.17903036 0.05285450
v 0.25272396 -0.17903036 0.05285450
v 0.25230244 -0.17903036 0.05267990
v 0.25230244 -0.17903036 0.05267990
v 0.25230244 -0.17903036 0.05267990
v 0.25272396 -0.17903036 0.00697720
v 0.25272396 -0.17903036 0.00697720
v 0.25212789 -0.17903036 0.00757328
v 0.25212789 -0.17903036 0.00757328
v 0.25230244 -0.17903036 0.00715179
v 0.25230244 -0.17903036 0.00715179
v 0.25230244 -0.17903036 0.00715179
v 0.22909123 -0.20272398 0.35282108
v 0.22909123 -0.20272398 0.35282108
v 0.22909123 -0.20212790 0.35222501
v 0.22909123 -0.20212790 0.35222501
v 0.22909123 -0.20230249 0.35264647
v 0.22909123 -0.20230249 0.35264647
v 0.22909123 -0.20230249 0.35264647
v 0.22909123 -0.20212790 0.30874196
v 0.22909123 -0.20212790 0.30874196
v 0.22909123 -0.20272398 0.30814588
v 0.22909123 -0.20272398 0.30814588
v 0.22909123 -0.20230249 0.30832044
v 0.22909123 -0.20230249 0.30832044
v 0.22909123 -0.20230249 0.30832044
v 0.25212789 -0.17903039 0.35222501
v 0.25212789 -0.17903039 0.35222501
v 0.25272396 -0.17903039 0.35282108
v 0.25272396 -0.17903039 0.35282108
v 0.25230244 -0.17903039 0.35264647
v 0.25230244 -0.17903039 0.35264647
v 0.25230244 -0.17903039 0.35264647
v 0.25272396 -0.17903039 0.30814588
v 0.25272396 -0.17903039 0.30814588
v 0.25212789 -0.17903039 0.30874196
v 0.25212789 -0.17903039 0.30874196
v 0.25230244 -0.17903039 0.30832044
v 0.25230244 -0.17903039 0.30832044
v 0.25230244 -0.17903039 0.30832044
v 0.22909123 -0.21728192 0.00697720
v 0.22909123 -0.21728192 0.00697720
v 0.22909123 -0.21928193 0.00897721
v 0.22909123 -0.21928193 0.00897721
v 0.22909123 -0.21869613 0.00756297
v 0.22909123 -0.21869613 0.00756297
v 0.22909123 -0.21869613 0.00756297
v 0.22909123 -0.21928193 0.05085451
v 0.22909123 -0.21928193 0.05085451
v 0.22909123 -0.21728192 0.05285450
v 0.22909123 -0.21728192 0.05285450
v 0.26728192 -0.17903036 0.05101818
v 0.22909123 -0.21869613 0.05226872
v 0.22909123 -0.21869613 0.05226872
v 0.22909123 -0.21869613 0.05226872
v 0.22909123 -0.21728194 0.30814588
v 0.22909123 -0.21728194 0.30814588
v 0.22909123 -0.21928194 0.31014589
v 0.22909123 -0.21928194 0.31014589
v 0.22909123 -0.21869615 0.30873165
v 0.22909123 -0.21869615 0.30873165
v 0.22909123 -0.21869615 0.30873165
v 0.22909123 -0.21928194 0.35082108
v 0.22909123 -0.21928194 0.35082108
v 0.22909123 -0.21728194 0.35282108
v 0.22909123 -0.21728194 0.35282108
v 0.22909123 -0.21728194 0.35098475
v 0.22909123 -0.21869615 0.35223526
v 0.22909123 -0.21869615 0.35223526
v 0.22909123 -0.21869615 0.35223526
v 0.26928192 -0.17903036 0.00897721
v 0.26928192 -0.17903036 0.00897721
v 0.26728192 -0.17903036 0.00697720
v 0.26728192 -0.17903036 0.00697720
v 0.26869616 -0.17903036 0.00756297
v 0.26869616 -0.17903036 0.00756297
v 0.26869616 -0.17903036 0.00756297
v 0.26728192 -0.17903039 0.35282108
v 0.26728192 -0.17903039 0.35282108
v 0.26928192 -0.17903039 0.35082108
v 0.26928192 -0.17903039 0.35082108
v 0.26728192 -0.17903039 0.35098475
v 0.26869616 -0.17903039 0.35223526
v 0.26869616 -0.17903039 0.35223526
v 0.26869616 -0.17903039 0.35223526
v 0.26728192 -0.17903036 0.05285450
v 0.26728192 -0.17903036 0.05285450
v 0.26928192 -0.17903036 0.05085451
v 0.26928192 -0.17903036 0.05085451
v 0.25272396 -0.17903036 0.05220963
v 0.26869616 -0.17903036 0.05226872
v 0.26869616 -0.17903036 0.05226872
v 0.26869616 -0.17903036 0.05226872
v 0.26928192 -0.17903039 0.31014589
v 0.26928192 -0.17903039 0.31014589
v 0.26728192 -0.17903039 0.30814588
v 0.26728192 -0.17903039 0.30814588
v 0.26869616 -0.17903039 0.30873165
v 0.26869616 -0.17903039 0.30873165
v 0.26869616 -0.17903039 0.30873165
v 0.25272396 -0.17903039 0.30879078
v 0.25272396 -0.17903036 0.00762207
v 0.22909123 -0.20272397 0.35217622
v 0.22909123 -0.21728194 0.30998221
v 0.22909123 -0.20272398 0.30879078
v 0.22909123 -0.21728192 0.05101818
v 0.22909123 -0.21728192 0.00881350
v -0.22909126 -0.20272395 0.05220963
v -0.22909126 -0.20272395 0.00762207
v -0.26728192 -0.17903036 0.00881350
v -0.26728192 -0.17903039 0.30998224
v -0.25272396 -0.17903039 0.35217622
v -0.22909126 -0.20272395 0.05285450
v -0.22909126 -0.20272395 0.05285450
v -0.22909126 -0.20212787 0.05225842
v -0.22909126 -0.20212787 0.05225842
v -0.22909126 -0.20230246 0.05267990
v -0.22909126 -0.20230246 0.05267990
v -0.22909126 -0.20230246 0.05267990
v -0.22909126 -0.20212787 0.00757328
v -0.22909126 -0.20212787 0.00757328
v -0.22909126 -0.20272395 0.00697720
v -0.22909126 -0.20272395 0.00697720
v -0.22909126 -0.20230246 0.00715179
v -0.22909126 -0.20230246 0.00715179
v -0.22909126 -0.20230246 0.00715179
v -0.25212789 -0.17903036 0.05225842
v -0.25212789 -0.17903036 0.05225842
v -0.25272396 -0.17903036 0.05285450
v -0.25272396 -0.17903036 0.05285450
v -0.25230244 -0.17903036 0.05267990
v -0.25230244 -0.17903036 0.05267990
v -0.25230244 -0.17903036 0.05267990
v -0.25272396 -0.17903036 0.00697720
v -0.25272396 -0.17903036 0.00697720
v -0.25212789 -0.17903036 0.00757328
v -0.25212789 -0.17903036 0.00757328
v -0.25230244 -0.17903036 0.00715179
v -0.25230244 -0.17903036 0.00715179
v -0.25230244 -0.17903036 0.00715179
v -0.22909126 -0.20272398 0.35282108
v -0.22909126 -0.20272398 0.35282108
v -0.22909126 -0.20212790 0.35222501
v -0.22909126 -0.20212790 0.35222501
v -0.22909126 -0.20230249 0.35264647
v -0.22909126 -0.20230249 0.35264647
v -0.22909126 -0.20230249 0.35264647
v -0.22909126 -0.20212790 0.30874196
v -0.22909126 -0.20212790 0.30874196
v -0.22909126 -0.20272398 0.30814588
v -0.22909126 -0.20272398 0.30814588
v -0.22909126 -0.20230249 0.30832044
v -0.22909126 -0.20230249 0.30832044
v -0.22909126 -0.20230249 0.30832044
v -0.25212789 -0.17903039 0.35222501
v -0.25212789 -0.17903039 0.35222501
v -0.25272396 -0.17903039 0.35282108
v -0.25272396 -0.17903039 0.35282108
v -0.25230244 -0.17903039 0.35264647
v -0.25230244 -0.17903039 0.35264647
v -0.25230244 -0.17903039 0.35264647
v -0.25272396 -0.17903039 0.30814588
v -0.25272396 -0.17903039 0.30814588
v -0.25212789 -0.17903039 0.30874196
v -0.25212789 -0.17903039 0.30874196
v -0.25230244 -0.17903039 0.30832044
v -0.25230244 -0.17903039 0.30832044
v -0.25230244 -0.17903039 0.30832044
v -0.22909126 -0.21728192 0.00697720
v -0.22909126 -0.21728192 0.00697720
v -0.22909126 -0.21928193 0.00897721
v -0.22909126 -0.21928193 0.00897721
v -0.22909126 -0.21869613 0.00756297
v -0.22909126 -0.21869613 0.00756297
v -0.22909126 -0.21869613 0.00756297
v -0.22909126 -0.21928193 0.05085451
v -0.22909126 -0.21928193 0.05085451
v -0.22909126 -0.21728192 0.05285450
v -0.22909126 -0.21728192 0.05285450
v -0.26728192 -0.17903036 0.05101818
v -0.22909126 -0.21869613 0.05226872
v -0.22909126 -0.21869613 0.05226872
v -0.22909126 -0.21869613 0.05226872
v -0.22909126 -0.21728194 0.30814588
v -0.22909126 -0.21728194 0.30814588
v -0.22909126 -0.21928194 0.31014589
v -0.22909126 -0.21928194 0.31014589
v -0.22909126 -0.21869615 0.30873165
v -0.22909126 -0.21869615 0.30873165
v -0.22909126 -0.21869615 0.30873165
v -0.22909126 -0.21928194 0.35082108
v -0.22909126 -0.21928194 0.35082108
v -0.22909126 -0.21728194 0.35282108
v -0.22909126 -0.21728194 0.35282108
v -0.22909126 -0.21728194 0.35098475
v -0.22909126 -0.21869615 0.35223526
v -0.22909126 -0.21869615 0.35223526
v -0.22909126 -0.21869615 0.35223526
v -0.26928192 -0.17903036 0.00897721
v -0.26928192 -0.17903036 0.00897721
v -0.26728192 -0.17903036 0.00697720
v -0.26728192 -0.17903036 0.00697720
v -0.26869616 -0.17903036 0.00756297
v -0.26869616 -0.17903036 0.00756297
v -0.26869616 -0.17903036 0.00756297
v -0.26728192 -0.17903039 0.35282108
v -0.26728192 -0.17903039 0.35282108
v -0.26928192 -0.17903039 0.35082108
v -0.26928192 -0.17903039 0.35082108
v -0.26728192 -0.17903039 0.35098475
v -0.26869616 -0.17903039 0.35223526
v -0.26869616 -0.17903039 0.35223526
v -0.26869616 -0.17903039 0.35223526
v -0.26728192 -0.17903036 0.05285450
v -0.26728192 -0.17903036 0.05285450
v -0.26928192 -0.17903036 0.05085451
v -0.26928192 -0.17903036 0.05085451
v -0.25272396 -0.17903036 0.05220963
v -0.26869616 -0.17903036 0.05226872
v -0.26869616 -0.17903036 0.05226872
v -0.26869616 -0.17903036 0.05226872
v -0.26928192 -0.17903039 0.31014589
v -0.26928192 -0.17903039 0.31014589
v -0.26728192 -0.17903039 0.30814588
v -0.26728192 -0.17903039 0.30814588
v -0.26869616 -0.17903039 0.30873165
v -0.26869616 -0.17903039 0.30873165
v -0.26869616 -0.17903039 0.30873165
v -0.25272396 -0.17903039 0.30879078
v -0.25272396 -0.17903036 0.00762207
v -0.22909126 -0.20272397 0.35217622
v -0.22909126 -0.21728194 0.30998221
v -0.22909126 -0.20272398 0.30879078
v -0.22909126 -0.21728192 0.05101818
v -0.22909126 -0.21728192 0.00881350
v -0.22746889 0.18164022 0.02983065
v -0.21184747 0.18164022 0.02983065
v -0.21184747 0.18164022 0.02983065
v -0.21184747 0.18164022 0.02983065
v -0.22746889 0.18164022 0.01420921
v -0.22746889 0.18164022 0.01420921
v -0.22746889 0.18164022 0.01420921
v -0.22746889 0.18164022 0.03180209
v -0.21184747 0.18164022 0.03180209
v -0.21184747 0.18164022 0.03180209
v -0.22937201 0.18164022 0.01420921
v -0.22937201 0.18164022 0.01420921
v -0.22937201 0.18164022 0.02983065
v -0.22937201 0.18164022 0.03180209
v -0.21184747 0.18329862 0.02983065
v -0.21184747 0.18329862 0.02983065
v -0.21184747 0.18329862 0.02983065
v -0.21184747 0.18329862 0.02983065
v -0.22746889 0.18329862 0.02983065
v -0.22746889 0.18329862 0.02983065
v -0.22746889 0.18329862 0.02983065
v -0.22746889 0.18329862 0.01420921
v -0.22746889 0.18329862 0.01420921
v -0.22746889 0.18329862 0.01420921
v -0.22746889 0.18329862 0.01420921
v -0.22937201 0.18329862 0.01420921
v -0.21184747 0.18329862 0.03180209
v -0.22746889 0.20117126 0.02983065
v -0.21184747 0.20117126 0.02983065
v -0.21184747 0.20117126 0.02983065
v -0.21184747 0.20117126 0.02983065
v -0.22746889 0.20117126 0.01420921
v -0.22746889 0.20117126 0.01420921
v -0.22746889 0.20117126 0.01420921
v -0.22746889 0.20117126 0.03180209
v -0.21184747 0.20117126 0.03180209
v -0.21184747 0.20117126 0.03180209
v -0.22937201 0.20117126 0.01420921
v -0.22937201 0.20117126 0.01420921
v -0.22937201 0.20117126 0.02983065
v -0.22937201 0.20117126 0.03180209
v -0.21184747 0.19951287 0.02983065
v -0.21184747 0.19951287 0.02983065
v -0.21184747 0.19951287 0.02983065
v -0.21184747 0.19951287 0.02983065
v -0.22746889 0.19951287 0.02983065
v -0.22746889 0.19951287 0.02983065
v -0.22746889 0.19951287 0.02983065
v -0.22746889 0.19951287 0.01420921
v -0.22746889 0.19951287 0.01420921
v -0.22746889 0.19951287 0.01420921
v -0.22746889 0.19951287 0.01420921
v -0.22937201 0.19951287 0.01420921
v -0.21184747 0.19951287 0.03180209
v 0.22746892 0.18164022 0.02983065
v 0.21184747 0.18164022 0.02983065
v 0.21184747 0.18164022 0.02983065
v 0.21184747 0.18164022 0.02983065
v 0.22746892 0.18164022 0.01420921
v 0.22746892 0.18164022 0.01420921
v 0.22746892 0.18164022 0.01420921
v 0.22746892 0.18164022 0.03180209
v 0.21184747 0.18164022 0.03180209
v 0.21184747 0.18164022 0.03180209
v 0.22937201 0.18164022 0.01420921
v 0.22937201 0.18164022 0.01420921
v 0.22937201 0.18164022 0.02983065
v 0.22937201 0.18164022 0.03180209
v 0.21184747 0.18329862 0.02983065
v 0.21184747 0.18329862 0.02983065
v 0.21184747 0.18329862 0.02983065
v 0.21184747 0.18329862 0.02983065
v 0.22746892 0.18329862 0.02983065
v 0.22746892 0.18329862 0.02983065
v 0.22746892 0.18329862 0.02983065
v 0.22746892 0.18329862 0.01420921
v 0.22746892 0.18329862 0.01420921
v 0.22746892 0.18329862 0.01420921
v 0.22746892 0.18329862 0.01420921
v 0.22937201 0.18329862 0.01420921
v 0.21184747 0.18329862 0.03180209
v 0.22746892 0.20117126 0.02983065
v 0.21184747 0.20117126 0.02983065
v 0.21184747 0.20117126 0.02983065
v 0.21184747 0.20117126 0.02983065
v 0.22746892 0.20117126 0.01420921
v 0.22746892 0.20117126 0.01420921
v 0.22746892 0.20117126 0.01420921
v 0.22746892 0.20117126 0.03180209
v 0.21184747 0.20117126 0.03180209
v 0.21184747 0.20117126 0.03180209
v 0.22937201 0.20117126 0.01420921
v 0.22937201 0.20117126 0.01420921
v 0.22937201 0.20117126 0.02983065
v 0.22937201 0.20117126 0.03180209
v 0.21184747 0.19951287 0.02983065
v 0.21184747 0.19951287 0.02983065
v 0.21184747 0.19951287 0.02983065
v 0.21184747 0.19951287 0.02983065
v 0.22746892 0.19951287 0.02983065
v 0.22746892 0.19951287 0.02983065
v 0.22746892 0.19951287 0.02983065
v 0.22746892 0.19951287 0.01420921
v 0.22746892 0.19951287 0.01420921
v 0.22746892 0.19951287 0.01420921
v 0.22746892 0.19951287 0.01420921
v 0.22937201 0.19951287 0.01420921
v 0.21184747 0.19951287 0.03180209
v -0.22746889 -0.18164024 0.02983065
v -0.21184747 -0.18164024 0.02983065
v -0.21184747 -0.18164024 0.02983065
v -0.21184747 -0.18164024 0.02983065
v -0.22746889 -0.18164024 0.01420921
v -0.22746889 -0.18164024 0.01420921
v -0.22746889 -0.18164024 0.01420921
v -0.22746889 -0.18164024 0.03180209
v -0.21184747 -0.18164024 0.03180209
v -0.21184747 -0.18164024 0.03180209
v -0.22937201 -0.18164024 0.01420921
v -0.22937201 -0.18164024 0.01420921
v -0.22937201 -0.18164024 0.02983065
v -0.22937201 -0.18164024 0.03180209
v -0.21184747 -0.18329862 0.02983065
v -0.21184747 -0.18329862 0.02983065
v -0.21184747 -0.18329862 0.02983065
v -0.21184747 -0.18329862 0.02983065
v -0.22746889 -0.18329862 0.02983065
v -0.22746889 -0.18329862 0.02983065
v -0.22746889 -0.18329862 0.02983065
v -0.22746889 -0.18329862 0.01420921
v -0.22746889 -0.18329862 0.01420921
v -0.22746889 -0.18329862 0.01420921
v -0.22746889 -0.18329862 0.01420921
v -0.22937201 -0.18329862 0.01420921
v -0.21184747 -0.18329862 0.03180209
v -0.22746889 -0.20117125 0.02983065
v -0.21184747 -0.20117125 0.02983065
v -0.21184747 -0.20117125 0.02983065
v -0.21184747 -0.20117125 0.02983065
v -0.22746889 -0.20117125 0.01420921
v -0.22746889 -0.20117125 0.01420921
v -0.22746889 -0.20117125 0.01420921
v -0.22746889 -0.20117125 0.03180209
v -0.21184747 -0.20117125 0.03180209
v -0.21184747 -0.20117125 0.03180209
v -0.22937201 -0.20117125 0.01420921
v -0.22937201 -0.20117125 0.01420921
v -0.22937201 -0.20117125 0.02983065
v -0.22937201 -0.20117125 0.03180209
v -0.21184747 -0.19951287 0.02983065
v -0.21184747 -0.19951287 0.02983065
v -0.21184747 -0.19951287 0.02983065
v -0.21184747 -0.19951287 0.02983065
v -0.22746889 -0.19951287 0.02983065
v -0.22746889 -0.19951287 0.02983065
v -0.22746889 -0.19951287 0.02983065
v -0.22746889 -0.19951287 0.01420921
v -0.22746889 -0.19951287 0.01420921
v -0.22746889 -0.19951287 0.01420921
v -0.22746889 -0.19951287 0.01420921
v -0.22937201 -0.19951287 0.01420921
v -0.21184747 -0.19951287 0.03180209
v 0.22746892 -0.18164024 0.02983065
v 0.21184747 -0.18164024 0.02983065
v 0.21184747 -0.18164024 0.02983065
v 0.21184747 -0.18164024 0.02983065
v 0.22746892 -0.18164024 0.01420921
v 0.22746892 -0.18164024 0.01420921
v 0.22746892 -0.18164024 0.01420921
v 0.22746892 -0.18164024 0.03180209
v 0.21184747 -0.18164024 0.03180209
v 0.21184747 -0.18164024 0.03180209
v 0.22937201 -0.18164024 0.01420921
v 0.22937201 -0.18164024 0.01420921
v 0.22937201 -0.18164024 0.02983065
v 0.22937201 -0.18164024 0.03180209
v 0.21184747 -0.18329862 0.02983065
v 0.21184747 -0.18329862 0.02983065
v 0.21184747 -0.18329862 0.02983065
v 0.21184747 -0.18329862 0.02983065
v 0.22746892 -0.18329862 0.02983065
v 0.22746892 -0.18329862 0.02983065
v 0.22746892 -0.18329862 0.02983065
v 0.22746892 -0.18329862 0.01420921
v 0.22746892 -0.18329862 0.01420921
v 0.22746892 -0.18329862 0.01420921
v 0.22746892 -0.18329862 0.01420921
v 0.22937201 -0.18329862 0.01420921
v 0.21184747 -0.18329862 0.03180209
v 0.22746892 -0.20117125 0.02983065
v 0.21184747 -0.20117125 0.02983065
v 0.21184747 -0.20117125 0.02983065
v 0.21184747 -0.20117125 0.02983065
v 0.22746892 -0.20117125 0.01420921
v 0.22746892 -0.20117125 0.01420921
v 0.22746892 -0.20117125 0.01420921
v 0.22746892 -0.20117125 0.03180209
v 0.21184747 -0.20117125 0.03180209
v 0.21184747 -0.20117125 0.03180209
v 0.22937201 -0.20117125 0.01420921
v 0.22937201 -0.20117125 0.01420921
v 0.22937201 -0.20117125 0.02983065
v 0.22937201 -0.20117125 0.03180209
v 0.21184747 -0.19951287 0.02983065
v 0.21184747 -0.19951287 0.02983065
v 0.21184747 -0.19951287 0.02983065
v 0.21184747 -0.19951287 0.02983065
v 0.22746892 -0.19951287 0.02983065
v 0.22746892 -0.19951287 0.02983065
v 0.22746892 -0.19951287 0.02983065
v 0.22746892 -0.19951287 0.01420921
v 0.22746892 -0.19951287 0.01420921
v 0.22746892 -0.19951287 0.01420921
v 0.22746892 -0.19951287 0.01420921
v 0.22937201 -0.19951287 0.01420921
v 0.21184747 -0.19951287 0.03180209
v -0.22746889 0.18164022 0.33004633
v -0.21184745 0.18164022 0.33004633
v -0.21184745 0.18164022 0.33004633
v -0.21184745 0.18164022 0.33004633
v -0.22746889 0.18164022 0.31442487
v -0.22746889 0.18164022 0.31442487
v -0.22746889 0.18164022 0.31442487
v -0.22746889 0.18164022 0.33201775
v -0.21184745 0.18164022 0.33201775
v -0.21184745 0.18164022 0.33201775
v -0.22937199 0.18164022 0.31442487
v -0.22937199 0.18164022 0.31442487
v -0.22937201 0.18164022 0.33004633
v -0.22937201 0.18164022 0.33201775
v -0.21184745 0.18329862 0.33004633
v -0.21184745 0.18329862 0.33004633
v -0.21184745 0.18329862 0.33004633
v -0.21184745 0.18329862 0.33004633
v -0.22746889 0.18329862 0.33004633
v -0.22746889 0.18329862 0.33004633
v -0.22746889 0.18329862 0.33004633
v -0.22746889 0.18329862 0.31442487
v -0.22746889 0.18329862 0.31442487
v -0.22746889 0.18329862 0.31442487
v -0.22746889 0.18329862 0.31442487
v -0.22937199 0.18329862 0.31442487
v -0.21184745 0.18329862 0.33201775
v -0.22746889 0.20117126 0.33004633
v -0.21184745 0.20117126 0.33004633
v -0.21184745 0.20117126 0.33004633
v -0.21184745 0.20117126 0.33004633
v -0.22746889 0.20117126 0.31442487
v -0.22746889 0.20117126 0.31442487
v -0.22746889 0.20117126 0.31442487
v -0.22746889 0.20117126 0.33201775
v -0.21184745 0.20117126 0.33201775
v -0.21184745 0.20117126 0.33201775
v -0.22937199 0.20117126 0.31442487
v -0.22937199 0.20117126 0.31442487
v -0.22937201 0.20117126 0.33004633
v -0.22937201 0.20117126 0.33201775
v -0.21184745 0.19951287 0.33004633
v -0.21184745 0.19951287 0.33004633
v -0.21184745 0.19951287 0.33004633
v -0.21184745 0.19951287 0.33004633
v -0.22746889 0.19951287 0.33004633
v -0.22746889 0.19951287 0.33004633
v -0.22746889 0.19951287 0.33004633
v -0.22746889 0.19951287 0.31442487
v -0.22746889 0.19951287 0.31442487
v -0.22746889 0.19951287 0.31442487
v -0.22746889 0.19951287 0.31442487
v -0.22937199 0.19951287 0.31442487
v -0.21184745 0.19951287 0.33201775
v 0.22746892 0.18164022 0.33004636
v 0.21184747 0.18164022 0.33004636
v 0.21184747 0.18164022 0.33004636
v 0.21184747 0.18164022 0.33004636
v 0.22746892 0.18164022 0.31442490
v 0.22746892 0.18164022 0.31442490
v 0.22746892 0.18164022 0.31442490
v 0.22746892 0.18164022 0.33201775
v 0.21184747 0.18164022 0.33201778
v 0.21184747 0.18164022 0.33201778
v 0.22937201 0.18164022 0.31442490
v 0.22937201 0.18164022 0.31442490
v 0.22937201 0.18164022 0.33004636
v 0.22937201 0.18164022 0.33201775
v 0.21184747 0.18329862 0.33004636
v 0.21184747 0.18329862 0.33004636
v 0.21184747 0.18329862 0.33004636
v 0.21184747 0.18329862 0.33004636
v 0.22746892 0.18329862 0.33004636
v 0.22746892 0.18329862 0.33004636
v 0.22746892 0.18329862 0.33004636
v 0.22746892 0.18329862 0.31442490
v 0.22746892 0.18329862 0.31442490
v 0.22746892 0.18329862 0.31442490
v 0.22746892 0.18329862 0.31442490
v 0.22937201 0.18329862 0.31442490
v 0.21184747 0.18329862 0.33201778
v 0.22746892 0.20117126 0.33004636
v 0.21184747 0.20117126 0.33004636
v 0.21184747 0.20117126 0.33004636
v 0.21184747 0.20117126 0.33004636
v 0.22746892 0.20117126 0.31442490
v 0.22746892 0.20117126 0.31442490
v 0.22746892 0.20117126 0.31442490
v 0.22746892 0.20117126 0.33201775
v 0.21184747 0.20117126 0.33201778
v 0.21184747 0.20117126 0.33201778
v 0.22937201 0.20117126 0.31442490
v 0.22937201 0.20117126 0.31442490
v 0.22937201 0.20117126 0.33004636
v 0.22937201 0.20117126 0.33201775
v 0.21184747 0.19951287 0.33004636
v 0.21184747 0.19951287 0.33004636
v 0.21184747 0.19951287 0.33004636
v 0.21184747 0.19951287 0.33004636
v 0.22746892 0.19951287 0.33004636
v 0.22746892 0.19951287 0.33004636
v 0.22746892 0.19951287 0.33004636
v 0.22746892 0.19951287 0.31442490
v 0.22746892 0.19951287 0.31442490
v 0.22746892 0.19951287 0.31442490
v 0.22746892 0.19951287 0.31442490
v 0.22937201 0.19951287 0.31442490
v 0.21184747 0.19951287 0.33201778
v -0.22746889 -0.18164024 0.33004636
v -0.21184745 -0.18164024 0.33004636
v -0.21184745 -0.18164024 0.33004636
v -0.21184745 -0.18164024 0.33004636
v -0.22746889 -0.18164024 0.31442490
v -0.22746889 -0.18164024 0.31442490
v -0.22746889 -0.18164024 0.31442490
v -0.22746889 -0.18164024 0.33201778
v -0.21184745 -0.18164024 0.33201778
v -0.21184745 -0.18164024 0.33201778
v -0.22937199 -0.18164024 0.31442490
v -0.22937199 -0.18164024 0.31442490
v -0.22937201 -0.18164024 0.33004636
v -0.22937201 -0.18164024 0.33201778
v -0.21184745 -0.18329862 0.33004636
v -0.21184745 -0.18329862 0.33004636
v -0.21184745 -0.18329862 0.33004636
v -0.21184745 -0.18329862 0.33004636
v -0.22746889 -0.18329862 0.33004636
v -0.22746889 -0.18329862 0.33004636
v -0.22746889 -0.18329862 0.33004636
v -0.22746889 -0.18329862 0.31442490
v -0.22746889 -0.18329862 0.31442490
v -0.22746889 -0.18329862 0.31442490
v -0.22746889 -0.18329862 0.31442490
v -0.22937199 -0.18329862 0.31442490
v -0.21184745 -0.18329862 0.33201778
v -0.22746889 -0.20117125 0.33004636
v -0.21184745 -0.20117125 0.33004636
v -0.21184745 -0.20117125 0.33004636
v -0.21184745 -0.20117125 0.33004636
v -0.22746889 -0.20117125 0.31442490
v -0.22746889 -0.20117125 0.31442490
v -0.22746889 -0.20117125 0.31442490
v -0.22746889 -0.20117125 0.33201778
v -0.21184745 -0.20117125 0.33201778
v -0.21184745 -0.20117125 0.33201778
v -0.22937199 -0.20117125 0.31442490
v -0.22937199 -0.20117125 0.31442490
v -0.22937201 -0.20117125 0.33004636
v -0.22937201 -0.20117125 0.33201778
v -0.21184745 -0.19951287 0.33004636
v -0.21184745 -0.19951287 0.33004636
v -0.21184745 -0.19951287 0.33004636
v -0.21184745 -0.19951287 0.33004636
v -0.22746889 -0.19951287 0.33004636
v -0.22746889 -0.19951287 0.33004636
v -0.22746889 -0.19951287 0.33004636
v -0.22746889 -0.19951287 0.31442490
v -0.22746889 -0.19951287 0.31442490
v -0.22746889 -0.19951287 0.31442490
v -0.22746889 -0.19951287 0.31442490
v -0.22937199 -0.19951287 0.31442490
v -0.21184745 -0.19951287 0.33201778
v 0.22746892 -0.18164024 0.33004636
v 0.21184747 -0.18164024 0.33004636
v 0.21184747 -0.18164024 0.33004636
v 0.21184747 -0.18164024 0.33004636
v 0.22746892 -0.18164024 0.31442490
v 0.22746892 -0.18164024 0.31442490
v 0.22746892 -0.18164024 0.31442490
v 0.22746892 -0.18164024 0.33201778
v 0.21184747 -0.18164024 0.33201778
v 0.21184747 -0.18164024 0.33201778
v 0.22937201 -0.18164024 0.31442490
v 0.22937201 -0.18164024 0.31442490
v 0.22937201 -0.18164024 0.33004636
v 0.22937201 -0.18164024 0.33201778
v 0.21184747 -0.18329862 0.33004636
v 0.21184747 -0.18329862 0.33004636
v 0.21184747 -0.18329862 0.33004636
v 0.21184747 -0.18329862 0.33004636
v 0.22746892 -0.18329862 0.33004636
v 0.22746892 -0.18329862 0.33004636
v 0.22746892 -0.18329862 0.33004636
v 0.22746892 -0.18329862 0.31442490
v 0.22746892 -0.18329862 0.31442490
v 0.22746892 -0.18329862 0.31442490
v 0.22746892 -0.18329862 0.31442490
v 0.22937201 -0.18329862 0.31442490
v 0.21184747 -0.18329862 0.33201778
v 0.22746892 -0.20117125 0.33004636
v 0.21184747 -0.20117125 0.33004636
v 0.21184747 -0.20117125 0.33004636
v 0.21184747 -0.20117125 0.33004636
v 0.22746892 -0.20117125 0.31442490
v 0.22746892 -0.20117125 0.31442490
v 0.22746892 -0.20117125 0.31442490
v 0.22746892 -0.20117125 0.33201778
v 0.21184747 -0.20117125 0.33201778
v 0.21184747 -0.20117125 0.33201778
v 0.22937201 -0.20117125 0.31442490
v 0.22937201 -0.20117125 0.31442490
v 0.22937201 -0.20117125 0.33004636
v 0.22937201 -0.20117125 0.33201778
v 0.21184747 -0.19951287 0.33004636
v 0.21184747 -0.19951287 0.33004636
v 0.21184747 -0.19951287 0.33004636
v 0.21184747 -0.19951287 0.33004636
v 0.22746892 -0.19951287 0.33004636
v 0.22746892 -0.19951287 0.33004636
v 0.22746892 -0.19951287 0.33004636
v 0.22746892 -0.19951287 0.31442490
v 0.22746892 -0.19951287 0.31442490
v 0.22746892 -0.19951287 0.31442490
v 0.22746892 -0.19951287 0.31442490
v 0.22937201 -0.19951287 0.31442490
v 0.21184747 -0.19951287 0.33201778
v -0.22746889 0.18164022 0.52762896
v -0.21184745 0.18164022 0.52762896
v -0.21184745 0.18164022 0.52762896
v -0.21184745 0.18164022 0.52762896
v -0.22746889 0.18164022 0.51200754
v -0.22746889 0.18164022 0.51200754
v -0.22746889 0.18164022 0.51200754
v -0.22746889 0.18164022 0.52960038
v -0.21184745 0.18164022 0.52960038
v -0.21184745 0.18164022 0.52960038
v -0.22937199 0.18164022 0.51200754
v -0.22937199 0.18164022 0.51200754
v -0.22937201 0.18164022 0.52762896
v -0.22937201 0.18164022 0.52960038
v -0.21184745 0.18329862 0.52762896
v -0.21184745 0.18329862 0.52762896
v -0.21184745 0.18329862 0.52762896
v -0.21184745 0.18329862 0.52762896
v -0.22746889 0.18329862 0.52762896
v -0.22746889 0.18329862 0.52762896
v -0.22746889 0.18329862 0.52762896
v -0.22746889 0.18329862 0.51200754
v -0.22746889 0.18329862 0.51200754
v -0.22746889 0.18329862 0.51200754
v -0.22746889 0.18329862 0.51200754
v -0.22937199 0.18329862 0.51200754
v -0.21184745 0.18329862 0.52960038
v -0.22746889 0.20117126 0.52762896
v -0.21184745 0.20117126 0.52762896
v -0.21184745 0.20117126 0.52762896
v -0.21184745 0.20117126 0.52762896
v -0.22746889 0.20117126 0.51200754
v -0.22746889 0.20117126 0.51200754
v -0.22746889 0.20117126 0.51200754
v -0.22746889 0.20117126 0.52960038
v -0.21184745 0.20117126 0.52960038
v -0.21184745 0.20117126 0.52960038
v -0.22937199 0.20117126 0.51200754
v -0.22937199 0.20117126 0.51200754
v -0.22937201 0.20117126 0.52762896
v -0.22937201 0.20117126 0.52960038
v -0.21184745 0.19951287 0.52762896
v -0.21184745 0.19951287 0.52762896
v -0.21184745 0.19951287 0.52762896
v -0.21184745 0.19951287 0.52762896
v -0.22746889 0.19951287 0.52762896
v -0.22746889 0.19951287 0.52762896
v -0.22746889 0.19951287 0.52762896
v -0.22746889 0.19951287 0.51200754
v -0.22746889 0.19951287 0.51200754
v -0.22746889 0.19951287 0.51200754
v -0.22746889 0.19951287 0.51200754
v -0.22937199 0.19951287 0.51200754
v -0.21184745 0.19951287 0.52960038
v 0.22746892 0.18164022 0.52762896
v 0.21184747 0.18164022 0.52762896
v 0.21184747 0.18164022 0.52762896
v 0.21184747 0.18164022 0.52762896
v 0.22746892 0.18164022 0.51200754
v 0.22746892 0.18164022 0.51200754
v 0.22746892 0.18164022 0.51200754
v 0.22746892 0.18164022 0.52960038
v 0.21184747 0.18164022 0.52960044
v 0.21184747 0.18164022 0.52960044
v 0.22937201 0.18164022 0.51200754
v 0.22937201 0.18164022 0.51200754
v 0.22937201 0.18164022 0.52762896
v 0.22937201 0.18164022 0.52960038
v 0.21184747 0.18329862 0.52762896
v 0.21184747 0.18329862 0.52762896
v 0.21184747 0.18329862 0.52762896
v 0.21184747 0.18329862 0.52762896
v 0.22746892 0.18329862 0.52762896
v 0.22746892 0.18329862 0.52762896
v 0.22746892 0.18329862 0.52762896
v 0.22746892 0.18329862 0.51200754
v 0.22746892 0.18329862 0.51200754
v 0.22746892 0.18329862 0.51200754
v 0.22746892 0.18329862 0.51200754
v 0.22937201 0.18329862 0.51200754
v 0.21184747 0.18329862 0.52960044
v 0.22746892 0.20117126 0.52762896
v 0.21184747 0.20117126 0.52762896
v 0.21184747 0.20117126 0.52762896
v 0.21184747 0.20117126 0.52762896
v 0.22746892 0.20117126 0.51200754
v 0.22746892 0.20117126 0.51200754
v 0.22746892 0.20117126 0.51200754
v 0.22746892 0.20117126 0.52960038
v 0.21184747 0.20117126 0.52960044
v 0.21184747 0.20117126 0.52960044
v 0.22937201 0.20117126 0.51200754
v 0.22937201 0.20117126 0.51200754
v 0.22937201 0.20117126 0.52762896
v 0.22937201 0.20117126 0.52960038
v 0.21184747 0.19951287 0.52762896
v 0.21184747 0.19951287 0.52762896
v 0.21184747 0.19951287 0.52762896
v 0.21184747 0.19951287 0.52762896
v 0.22746892 0.19951287 0.52762896
v 0.22746892 0.19951287 0.52762896
v 0.22746892 0.19951287 0.52762896
v 0.22746892 0.19951287 0.51200754
v 0.22746892 0.19951287 0.51200754
v 0.22746892 0.19951287 0.51200754
v 0.22746892 0.19951287 0.51200754
v 0.22937201 0.19951287 0.51200754
v 0.21184747 0.19951287 0.52960044
v -0.22746889 -0.18164024 0.52762896
v -0.21184745 -0.18164024 0.52762896
v -0.21184745 -0.18164024 0.52762896
v -0.21184745 -0.18164024 0.52762896
v -0.22746889 -0.18164024 0.51200754
v -0.22746889 -0.18164024 0.51200754
v -0.22746889 -0.18164024 0.51200754
v -0.22746889 -0.18164024 0.52960044
v -0.21184745 -0.18164024 0.52960044
v -0.21184745 -0.18164024 0.52960044
v -0.22937199 -0.18164024 0.51200754
v -0.22937199 -0.18164024 0.51200754
v -0.22937201 -0.18164024 0.52762896
v -0.22937201 -0.18164024 0.52960044
v -0.21184745 -0.18329862 0.52762896
v -0.21184745 -0.18329862 0.52762896
v -0.21184745 -0.18329862 0.52762896
v -0.21184745 -0.18329862 0.52762896
v -0.22746889 -0.18329862 0.52762896
v -0.22746889 -0.18329862 0.52762896
v -0.22746889 -0.18329862 0.52762896
v -0.22746889 -0.18329862 0.51200754
v -0.22746889 -0.18329862 0.51200754
v -0.22746889 -0.18329862 0.51200754
v -0.22746889 -0.18329862 0.51200754
v -0.22937199 -0.18329862 0.51200754
v -0.21184745 -0.18329862 0.52960044
v -0.22746889 -0.20117125 0.52762896
v -0.21184745 -0.20117125 0.52762896
v -0.21184745 -0.20117125 0.52762896
v -0.21184745 -0.20117125 0.52762896
v -0.22746889 -0.20117125 0.51200754
v -0.22746889 -0.20117125 0.51200754
v -0.22746889 -0.20117125 0.51200754
v -0.22746889 -0.20117125 0.52960044
v -0.21184745 -0.20117125 0.52960044
v -0.21184745 -0.20117125 0.52960044
v -0.22937199 -0.20117125 0.51200754
v -0.22937199 -0.20117125 0.51200754
v -0.22937201 -0.20117125 0.52762896
v -0.22937201 -0.20117125 0.52960044
v -0.21184745 -0.19951287 0.52762896
v -0.21184745 -0.19951287 0.52762896
v -0.21184745 -0.19951287 0.52762896
v -0.21184745 -0.19951287 0.52762896
v -0.22746889 -0.19951287 0.52762896
v -0.22746889 -0.19951287 0.52762896
v -0.22746889 -0.19951287 0.52762896
v -0.22746889 -0.19951287 0.51200754
v -0.22746889 -0.19951287 0.51200754
v -0.22746889 -0.19951287 0.51200754
v -0.22746889 -0.19951287 0.51200754
v -0.22937199 -0.19951287 0.51200754
v -0.21184745 -0.19951287 0.52960044
v 0.22746892 -0.18164024 0.52762896
v 0.21184747 -0.18164024 0.52762896
v 0.21184747 -0.18164024 0.52762896
v 0.21184747 -0.18164024 0.52762896
v 0.22746892 -0.18164024 0.51200754
v 0.22746892 -0.18164024 0.51200754
v 0.22746892 -0.18164024 0.51200754
v 0.22746892 -0.18164024 0.52960044
v 0.21184747 -0.18164024 0.52960044
v 0.21184747 -0.18164024 0.52960044
v 0.22937201 -0.18164024 0.51200754
v 0.22937201 -0.18164024 0.51200754
v 0.22937201 -0.18164024 0.52762896
v 0.22937201 -0.18164024 0.52960044
v 0.21184747 -0.18329862 0.52762896
v 0.21184747 -0.18329862 0.52762896
v 0.21184747 -0.18329862 0.52762896
v 0.21184747 -0.18329862 0.52762896
v 0.22746892 -0.18329862 0.52762896
v 0.22746892 -0.18329862 0.52762896
v 0.22746892 -0.18329862 0.52762896
v 0.22746892 -0.18329862 0.51200754
v 0.22746892 -0.18329862 0.51200754
v 0.22746892 -0.18329862 0.51200754
v 0.22746892 -0.18329862 0.51200754
v 0.22937201 -0.18329862 0.51200754
v 0.21184747 -0.18329862 0.52960044
v 0.22746892 -0.20117125 0.52762896
v 0.21184747 -0.20117125 0.52762896
v 0.21184747 -0.20117125 0.52762896
v 0.21184747 -0.20117125 0.52762896
v 0.22746892 -0.20117125 0.51200754
v 0.22746892 -0.20117125 0.51200754
v 0.22746892 -0.20117125 0.51200754
v 0.22746892 -0.20117125 0.52960044
v 0.21184747 -0.20117125 0.52960044
v 0.21184747 -0.20117125 0.52960044
v 0.22937201 -0.20117125 0.51200754
v 0.22937201 -0.20117125 0.51200754
v 0.22937201 -0.20117125 0.52762896
v 0.22937201 -0.20117125 0.52960044
v 0.21184747 -0.19951287 0.52762896
v 0.21184747 -0.19951287 0.52762896
v 0.21184747 -0.19951287 0.52762896
v 0.21184747 -0.19951287 0.52762896
v 0.22746892 -0.19951287 0.52762896
v 0.22746892 -0.19951287 0.52762896
v 0.22746892 -0.19951287 0.52762896
v 0.22746892 -0.19951287 0.51200754
v 0.22746892 -0.19951287 0.51200754
v 0.22746892 -0.19951287 0.51200754
v 0.22746892 -0.19951287 0.51200754
v 0.22937201 -0.19951287 0.51200754
v 0.21184747 -0.19951287 0.52960044
v -0.25178781 0.21729760 0.00000000
v -0.25178781 0.21729760 0.00000000
v -0.25178781 0.21729760 0.00174090
v -0.24446286 0.21533489 0.00000000
v -0.24446286 0.21533489 0.00000000
v -0.24446286 0.21533489 0.00174090
v -0.23910064 0.20997266 0.00000000
v -0.23910064 0.20997266 0.00000000
v -0.23910064 0.20997266 0.00000000
v -0.23910064 0.20997266 0.00174090
v -0.23910064 0.20997266 0.00174090
v -0.23713793 0.20264772 0.00000000
v -0.23713793 0.20264772 0.00000000
v -0.23713793 0.20264772 0.00174090
v -0.23910064 0.19532277 0.00000000
v -0.23910064 0.19532277 0.00000000
v -0.23910064 0.19532277 0.00174090
v -0.24446286 0.18996054 0.00000000
v -0.24446286 0.18996054 0.00000000
v -0.24446286 0.18996054 0.00174090
v -0.25178781 0.18799783 0.00000000
v -0.25178781 0.18799783 0.00000000
v -0.25178781 0.18799783 0.00174090
v -0.25911275 0.18996054 0.00000000
v -0.25911275 0.18996054 0.00000000
v -0.25911275 0.18996054 0.00174090
v -0.26447499 0.19532277 0.00000000
v -0.26447499 0.19532277 0.00000000
v -0.26447499 0.19532277 0.00174090
v -0.26643771 0.20264772 0.00000000
v -0.26643771 0.20264772 0.00000000
v -0.26643771 0.20264772 0.00174090
v -0.26447499 0.20997265 0.00000000
v -0.26447499 0.20997265 0.00000000
v -0.26447499 0.20997265 0.00174090
v -0.25911278 0.21533489 0.00000000
v -0.25911278 0.21533489 0.00000000
v -0.25911278 0.21533489 0.00174090
v -0.25178781 0.20264772 0.00000000
v 0.25199541 0.21729760 0.00000000
v 0.25199541 0.21729760 0.00000000
v 0.25199541 0.21729760 0.00174090
v 0.25932038 0.21533489 0.00000000
v 0.25932038 0.21533489 0.00000000
v 0.25932038 0.21533489 0.00174090
v 0.26468259 0.20997266 0.00000000
v 0.26468259 0.20997266 0.00000000
v 0.26468259 0.20997266 0.00000000
v 0.26468259 0.20997266 0.00174090
v 0.26468259 0.20997266 0.00174090
v 0.26664531 0.20264772 0.00000000
v 0.26664531 0.20264772 0.00000000
v 0.26664531 0.20264772 0.00174090
v 0.26468259 0.19532277 0.00000000
v 0.26468259 0.19532277 0.00000000
v 0.26468259 0.19532277 0.00174090
v 0.25932038 0.18996054 0.00000000
v 0.25932038 0.18996054 0.00000000
v 0.25932038 0.18996054 0.00174090
v 0.25199541 0.18799783 0.00000000
v 0.25199541 0.18799783 0.00000000
v 0.25199541 0.18799783 0.00174090
v 0.24467048 0.18996054 0.00000000
v 0.24467048 0.18996054 0.00000000
v 0.24467048 0.18996054 0.00174090
v 0.23930824 0.19532277 0.00000000
v 0.23930824 0.19532277 0.00000000
v 0.23930824 0.19532277 0.00174090
v 0.23734552 0.20264772 0.00000000
v 0.23734552 0.20264772 0.00000000
v 0.23734552 0.20264772 0.00174090
v 0.23930824 0.20997265 0.00000000
v 0.23930824 0.20997265 0.00000000
v 0.23930824 0.20997265 0.00174090
v 0.24467045 0.21533489 0.00000000
v 0.24467045 0.21533489 0.00000000
v 0.24467045 0.21533489 0.00174090
v 0.25199541 0.20264772 0.00000000
v 0.25199541 -0.18748887 0.00000000
v 0.25199541 -0.18748887 0.00000000
v 0.25199541 -0.18748887 0.00174090
v 0.25932038 -0.18945158 0.00000000
v 0.25932038 -0.18945158 0.00000000
v 0.25932038 -0.18945158 0.00174090
v 0.26468259 -0.19481380 0.00000000
v 0.26468259 -0.19481380 0.00000000
v 0.26468259 -0.19481380 0.00000000
v 0.26468259 -0.19481380 0.00174090
v 0.26468259 -0.19481380 0.00174090
v 0.26664531 -0.20213875 0.00000000
v 0.26664531 -0.20213875 0.00000000
v 0.26664531 -0.20213875 0.00174090
v 0.26468259 -0.20946370 0.00000000
v 0.26468259 -0.20946370 0.00000000
v 0.26468259 -0.20946370 0.00174090
v 0.25932038 -0.21482593 0.00000000
v 0.25932038 -0.21482593 0.00000000
v 0.25932038 -0.21482593 0.00174090
v 0.25199541 -0.21678863 0.00000000
v 0.25199541 -0.21678863 0.00000000
v 0.25199541 -0.21678863 0.00174090
v 0.24467048 -0.21482593 0.00000000
v 0.24467048 -0.21482593 0.00000000
v 0.24467048 -0.21482593 0.00174090
v 0.23930824 -0.20946370 0.00000000
v 0.23930824 -0.20946370 0.00000000
v 0.23930824 -0.20946370 0.00174090
v 0.23734552 -0.20213875 0.00000000
v 0.23734552 -0.20213875 0.00000000
v 0.23734552 -0.20213875 0.00174090
v 0.23930824 -0.19481382 0.00000000
v 0.23930824 -0.19481382 0.00000000
v 0.23930824 -0.19481382 0.00174090
v 0.24467045 -0.18945158 0.00000000
v 0.24467045 -0.18945158 0.00000000
v 0.24467045 -0.18945158 0.00174090
v 0.25199541 -0.20213875 0.00000000
v -0.25288776 -0.18748887 0.00000000
v -0.25288776 -0.18748887 0.00000000
v -0.25288776 -0.18748887 0.00174090
v -0.24556281 -0.18945158 0.00000000
v -0.24556281 -0.18945158 0.00000000
v -0.24556281 -0.18945158 0.00174090
v -0.24020058 -0.19481380 0.00000000
v -0.24020058 -0.19481380 0.00000000
v -0.24020058 -0.19481380 0.00000000
v -0.24020058 -0.19481380 0.00174090
v -0.24020058 -0.19481380 0.00174090
v -0.23823787 -0.20213875 0.00000000
v -0.23823787 -0.20213875 0.00000000
v -0.23823787 -0.20213875 0.00174090
v -0.24020058 -0.20946370 0.00000000
v -0.24020058 -0.20946370 0.00000000
v -0.24020058 -0.20946370 0.00174090
v -0.24556281 -0.21482593 0.00000000
v -0.24556281 -0.21482593 0.00000000
v -0.24556281 -0.21482593 0.00174090
v -0.25288776 -0.21678863 0.00000000
v -0.25288776 -0.21678863 0.00000000
v -0.25288776 -0.21678863 0.00174090
v -0.26021269 -0.21482593 0.00000000
v -0.26021269 -0.21482593 0.00000000
v -0.26021269 -0.21482593 0.00174090
v -0.26557493 -0.20946370 0.00000000
v -0.26557493 -0.20946370 0.00000000
v -0.26557493 -0.20946370 0.00174090
v -0.26753765 -0.20213875 0.00000000
v -0.26753765 -0.20213875 0.00000000
v -0.26753765 -0.20213875 0.00174090
v -0.26557493 -0.19481382 0.00000000
v -0.26557493 -0.19481382 0.00000000
v -0.26557493 -0.19481382 0.00174090
v -0.26021272 -0.18945158 0.00000000
v -0.26021272 -0.18945158 0.00000000
v -0.26021272 -0.18945158 0.00174090
v -0.25288776 -0.20213875 0.00000000
vt 0.26282445 0.55692065
vt 0.02708718 0.86346567
vt 0.29368171 0.84665942
vt 0.02789932 0.86343658
vt 0.26285350 0.55610883
vt 0.02777699 0.86277628
vt 0.26351357 0.55623132
vt 0.29437083 0.84734899
vt 0.02711639 0.86265379
vt 0.29371083 0.84747142
vt 0.26363552 0.55689150
vt 0.29449275 0.84668875
vt 0.05787659 0.84680748
vt 0.27150333 0.84665948
vt 0.00491384 0.86346531
vt 0.05868769 0.84683669
vt 0.27069235 0.84668881
vt 0.00422481 0.86277616
vt 0.05856556 0.84749639
vt 0.27081412 0.84734899
vt 0.00488499 0.86265355
vt 0.27147427 0.84747148
vt 0.00410283 0.86343598
vt 0.05790579 0.84761870
vt 0.24064635 0.55692059
vt 0.15120438 0.55693233
vt 0.02708706 0.88563913
vt 0.15201551 0.55690324
vt 0.23983496 0.55689144
vt 0.02777675 0.88632840
vt 0.15189341 0.55624342
vt 0.23995696 0.55623108
vt 0.02711651 0.88645047
vt 0.15123361 0.55612123
vt 0.02789932 0.88566810
vt 0.24061731 0.55610853
vt 0.03463900 0.84680891
vt 0.12796682 0.55693096
vt 0.00491229 0.88563985
vt 0.00409758 0.88639176
vt 0.03495038 0.84762323
vt 0.00416017 0.88645416
vt 0.12827814 0.55611676
vt 0.05787206 0.55636591
vt 0.48454592 0.83194667
vt 0.27150288 0.55692089
vt 0.05789191 0.55612534
vt 0.48456541 0.83218747
vt 0.27122355 0.55611539
vt 0.48536238 0.83146203
vt 0.05868769 0.55690491
vt 0.27069700 0.55669522
vt 0.46162513 0.83194071
vt 0.03463441 0.55636609
vt 0.12796211 0.84737390
vt 0.03475994 0.55610901
vt 0.46143398 0.83215326
vt 0.12808770 0.84763098
vt 0.46141264 0.83213198
vt 0.46163157 0.80902022
vt 0.15119985 0.84737414
vt 0.24064596 0.84665585
vt 0.15122037 0.84761435
vt 0.46139121 0.80899954
vt 0.15201551 0.84681380
vt 0.23983949 0.84686047
vt 0.24045895 0.84746361
vt 0.46221060 0.80820376
vt 0.26282409 0.84665585
vt 0.29368123 0.55692101
vt 0.48455122 0.80902743
vt 0.26363552 0.84668499
vt 0.29449263 0.55689174
vt 0.26351348 0.84734541
vt 0.29437059 0.55623138
vt 0.48524031 0.80833858
vt 0.29371041 0.55610895
vt 0.48536244 0.80899847
vt 0.26285321 0.84746772
vt 0.48458058 0.80821615
vt 0.05862731 0.55639923
vt 0.27075389 0.55617189
vt 0.48530173 0.83191502
vt 0.15201150 0.84729546
vt 0.23995529 0.84734666
vt 0.46171105 0.80820799
vt 0.35538989 0.55692351
vt 0.60887158 0.80901831
vt 0.23196256 0.84464502
vt 0.35541901 0.55611175
vt 0.60968357 0.80898911
vt 0.23265168 0.84533435
vt 0.35607913 0.55623418
vt 0.60956120 0.80832857
vt 0.23199156 0.84545678
vt 0.60890073 0.80820620
vt 0.23277348 0.84467429
vt 0.35620108 0.55689448
vt 0.81656510 0.74396014
vt 0.20978417 0.84464502
vt 0.58669829 0.80901784
vt 0.20897314 0.84467429
vt 0.81737596 0.74398917
vt 0.20909499 0.84533447
vt 0.58600926 0.80832845
vt 0.81725401 0.74464905
vt 0.20975515 0.84545678
vt 0.58666945 0.80820596
vt 0.58588725 0.80898851
vt 0.81659424 0.74477112
vt 0.33321187 0.55692351
vt 0.78544551 0.45407152
vt 0.60887146 0.83119154
vt 0.33240041 0.55689436
vt 0.78625673 0.45404243
vt 0.33252254 0.55623400
vt 0.60956097 0.83188081
vt 0.78613454 0.45338273
vt 0.60890073 0.83200282
vt 0.78547478 0.45326054
vt 0.33318278 0.55611157
vt 0.60968357 0.83122051
vt 0.76220798 0.45407009
vt 0.79332739 0.74396145
vt 0.58669662 0.83119226
vt 0.58594459 0.83200639
vt 0.76251930 0.45325601
vt 0.58588201 0.83194423
vt 0.79363883 0.74477565
vt 0.81656051 0.45351851
vt 0.38647863 0.83194208
vt 0.20978372 0.55490631
vt 0.38649824 0.83218271
vt 0.81658041 0.45327795
vt 0.20950435 0.55410105
vt 0.38729531 0.83145720
vt 0.20897776 0.55468059
vt 0.81737596 0.45405751
vt 0.36355808 0.83193600
vt 0.76220340 0.74451292
vt 0.79332280 0.45351863
vt 0.36334550 0.83212721
vt 0.76232904 0.74476993
vt 0.36336696 0.83214855
vt 0.79344839 0.45326161
vt 0.36356452 0.80901557
vt 0.78544092 0.74451315
vt 0.33321151 0.84665883
vt 0.36332405 0.80899477
vt 0.78546166 0.74475342
vt 0.33240500 0.84686321
vt 0.78625673 0.74395287
vt 0.33302453 0.84746647
vt 0.36414346 0.80819893
vt 0.35538960 0.84665871
vt 0.23196205 0.55490637
vt 0.38648400 0.80902267
vt 0.23277348 0.55487716
vt 0.35620108 0.84668773
vt 0.23265144 0.55421692
vt 0.35607901 0.84734833
vt 0.38717315 0.80833387
vt 0.23199111 0.55409443
vt 0.38729531 0.80899370
vt 0.35541865 0.84747064
vt 0.38651338 0.80821145
vt 0.20903465 0.55415732
vt 0.38723469 0.83191025
vt 0.81731558 0.45355189
vt 0.33252081 0.84734952
vt 0.36364400 0.80820310
vt 0.78625274 0.74443448
vt 0.32453454 0.55692065
vt 0.05815047 0.86346626
vt 0.18205629 0.84665930
vt 0.05896240 0.86343712
vt 0.32456362 0.55610883
vt 0.05884010 0.86277664
vt 0.18274550 0.84734887
vt 0.32522374 0.55623132
vt 0.05817956 0.86265421
vt 0.18208520 0.84747124
vt 0.18286727 0.84668857
vt 0.32534564 0.55689150
vt 0.08898403 0.84680754
vt 0.15987794 0.84665936
vt 0.03597707 0.86346585
vt 0.08979517 0.84683669
vt 0.15906693 0.84668863
vt 0.03528804 0.86277652
vt 0.08967309 0.84749645
vt 0.15918887 0.84734899
vt 0.03594810 0.86265397
vt 0.15984896 0.84747130
vt 0.03516579 0.86343658
vt 0.08901325 0.84761870
vt 0.30235648 0.55692059
vt 0.83369565 0.00435054
vt 0.05815029 0.88563967
vt 0.30154508 0.55689144
vt 0.83450675 0.00432146
vt 0.05883992 0.88632894
vt 0.30166709 0.55623108
vt 0.83438462 0.00366163
vt 0.05817956 0.88645095
vt 0.83372480 0.00353956
vt 0.05896240 0.88566869
vt 0.30232745 0.55610853
vt 0.06574652 0.84680891
vt 0.81045800 0.00434911
vt 0.03597534 0.88564032
vt 0.03516054 0.88639247
vt 0.06605791 0.84762323
vt 0.03522336 0.88645458
vt 0.81076938 0.00353491
vt 0.08897953 0.55636597
vt 0.54673576 0.83194876
vt 0.15987752 0.55692077
vt 0.08899943 0.55612540
vt 0.54675537 0.83218944
vt 0.15959819 0.55611545
vt 0.54755223 0.83146399
vt 0.08979517 0.55690497
vt 0.15907158 0.55669510
vt 0.52381516 0.83194268
vt 0.06574188 0.55636609
vt 0.81045336 0.29479218
vt 0.06586747 0.55610919
vt 0.52362406 0.83215517
vt 0.52360249 0.83213401
vt 0.81057894 0.29504919
vt 0.52382159 0.80902225
vt 0.83369106 0.29479241
vt 0.30235606 0.84665585
vt 0.52358103 0.80900139
vt 0.83371162 0.29503262
vt 0.30154955 0.84686053
vt 0.83450675 0.29423213
vt 0.30216897 0.84746361
vt 0.52440047 0.80820566
vt 0.32453418 0.84665585
vt 0.18205582 0.55692083
vt 0.54674101 0.80902934
vt 0.18286727 0.55689168
vt 0.32534564 0.84668499
vt 0.18274532 0.55623138
vt 0.32522357 0.84734547
vt 0.54743028 0.80834049
vt 0.18208490 0.55610901
vt 0.54755223 0.80900043
vt 0.32456321 0.84746772
vt 0.54677051 0.80821812
vt 0.08973476 0.55639923
vt 0.15912846 0.55617177
vt 0.54749167 0.83191693
vt 0.30166543 0.84734666
vt 0.52390099 0.80820990
vt 0.83450282 0.29471374
vt 0.41752800 0.55691987
vt 0.57780182 0.80901963
vt 0.45345634 0.84464538
vt 0.41755715 0.55610788
vt 0.57861370 0.80899042
vt 0.41821721 0.55623037
vt 0.45414561 0.84533495
vt 0.57849157 0.80832988
vt 0.45348537 0.84545732
vt 0.57783091 0.80820751
vt 0.41833916 0.55689067
vt 0.45426735 0.84467471
vt 0.12009107 0.84680855
vt 0.43127799 0.84464538
vt 0.55562848 0.80901927
vt 0.12090214 0.84683752
vt 0.43046698 0.84467471
vt 0.12078010 0.84749734
vt 0.43058878 0.84533507
vt 0.55493921 0.80832976
vt 0.43124902 0.84545732
vt 0.55559939 0.80820739
vt 0.12012029 0.84761971
vt 0.55481726 0.80898982
vt 0.39535001 0.55691981
vt 0.02676654 0.55692434
vt 0.57780159 0.83119273
vt 0.02757764 0.55689538
vt 0.39453861 0.55689067
vt 0.02745551 0.55623567
vt 0.39466056 0.55623013
vt 0.57849133 0.83188212
vt 0.02679574 0.55611348
vt 0.57783091 0.83200413
vt 0.39532098 0.55610764
vt 0.57861370 0.83122182
vt 0.00352901 0.55692303
vt 0.09685349 0.84680998
vt 0.55562681 0.83119345
vt 0.00384033 0.55610895
vt 0.55487472 0.83200771
vt 0.09716482 0.84762436
vt 0.55481201 0.83194554
vt 0.12008648 0.55636704
vt 0.51563823 0.83194643
vt 0.43127751 0.55490673
vt 0.12010639 0.55612648
vt 0.51565778 0.83218724
vt 0.43099818 0.55410153
vt 0.51645476 0.83146185
vt 0.12090214 0.55690598
vt 0.43047163 0.55468118
vt 0.49271759 0.83194041
vt 0.00352436 0.84736586
vt 0.09684885 0.55636716
vt 0.00364983 0.84762287
vt 0.49250492 0.83213168
vt 0.09697440 0.55611020
vt 0.49252626 0.83215302
vt 0.49272415 0.80901992
vt 0.02676195 0.84736598
vt 0.39534959 0.84665507
vt 0.02678257 0.84760642
vt 0.49248344 0.80899918
vt 0.02757764 0.84680575
vt 0.39454314 0.84685946
vt 0.39516258 0.84746265
vt 0.49330300 0.80820346
vt 0.41752765 0.84665501
vt 0.45345587 0.55490690
vt 0.51564360 0.80902702
vt 0.41833916 0.84668410
vt 0.45426735 0.55487764
vt 0.41821709 0.84734446
vt 0.45414531 0.55421740
vt 0.51633275 0.80833840
vt 0.45348501 0.55409503
vt 0.51645488 0.80899817
vt 0.41755673 0.84746683
vt 0.51567298 0.80821586
vt 0.12084178 0.55640030
vt 0.43052846 0.55415779
vt 0.51639420 0.83191478
vt 0.02757365 0.84728754
vt 0.39465895 0.84734565
vt 0.49280345 0.80820757
vt 0.15990075 0.85458672
vt 0.45883384 0.53511155
vt 0.13342139 0.86265123
vt 0.45922157 0.01584005
vt 0.15990075 0.86584955
vt 0.13342139 0.87391388
vt 0.20985070 0.88395429
vt 0.23733364 0.53511894
vt 0.35393733 0.85458744
vt 0.42742833 0.25890160
vt 0.20985070 0.87273914
vt 0.35393733 0.86580259
vt 0.43979427 0.25890160
vt 0.91474867 0.00353050
vt 0.34157166 0.86580259
vt 0.44685590 0.01584005
vt 0.88535291 0.24659097
vt 0.12105571 0.87391412
vt 0.42742833 0.27121520
vt 0.19753700 0.87273914
vt 0.84104276 0.94360250
vt 0.45922157 0.00352645
vt 0.17221436 0.86584955
vt 0.79340911 0.75375277
vt 0.90384960 0.00353050
vt 0.34157166 0.85490382
vt 0.22528449 0.53511870
vt 0.34188813 0.85458744
vt 0.22504339 0.53511870
vt 0.90360856 0.00353050
vt 0.34166440 0.85467988
vt 0.89629918 0.24659085
vt 0.12105560 0.86296815
vt 0.44678468 0.53511155
vt 0.12137236 0.86265123
vt 0.44654363 0.53511155
vt 0.89654028 0.24659085
vt 0.12114828 0.86274409
vt 0.19785362 0.88395429
vt 0.23733352 0.54711568
vt 0.19753700 0.88363761
vt 0.83014441 0.94360250
vt 0.19762960 0.88386142
vt 0.23733358 0.54735816
vt 0.82990193 0.94360250
vt 0.17189753 0.85458672
vt 0.45883384 0.54710853
vt 0.17221436 0.85490346
vt 0.80435491 0.75375277
vt 0.17212150 0.85467929
vt 0.45883384 0.54735088
vt 0.80459726 0.75375277
vt 0.43738812 0.86383820
vt 0.27745295 0.85458803
vt 0.45883507 0.29205620
vt 0.43738812 0.85257542
vt 0.45922157 0.25889492
vt 0.27745295 0.86585104
vt 0.40100211 0.85458612
vt 0.17111731 0.88707137
vt 0.23733498 0.29206342
vt 0.40100223 0.86580122
vt 0.15990204 0.88707137
vt 0.42742833 0.01584673
vt 0.41336799 0.86580122
vt 0.43979427 0.01584673
vt 0.91474891 0.24659288
vt 0.42502239 0.85257542
vt 0.44685578 0.25889492
vt 0.88535160 0.00352848
vt 0.89713174 0.75979769
vt 0.42742833 0.00353318
vt 0.15990186 0.87475789
vt 0.78634477 0.75375247
vt 0.45922157 0.27120864
vt 0.26513922 0.86585075
vt 0.41336799 0.85490263
vt 0.90384996 0.24659288
vt 0.41305131 0.85458612
vt 0.22528580 0.29206342
vt 0.41327524 0.85467875
vt 0.22504339 0.29206342
vt 0.90360761 0.24659288
vt 0.42502239 0.86352146
vt 0.89629799 0.00352848
vt 0.42533892 0.86383820
vt 0.44678590 0.29205596
vt 0.42511514 0.86374545
vt 0.44654363 0.29205596
vt 0.89654028 0.00352848
vt 0.23733510 0.28006637
vt 0.17111731 0.87507445
vt 0.88623315 0.75979769
vt 0.17080048 0.87475789
vt 0.23733498 0.27982342
vt 0.88599026 0.75979769
vt 0.17102444 0.87485057
vt 0.45883530 0.28005904
vt 0.26545584 0.85458803
vt 0.77539873 0.75375247
vt 0.26513934 0.85490447
vt 0.45883530 0.27981591
vt 0.77515584 0.75375247
vt 0.26523197 0.85468066
vt 0.24576870 0.86585158
vt 0.64868927 0.53511262
vt 0.10162720 0.86265475
vt 0.64907664 0.01584005
vt 0.24576837 0.85458863
vt 0.10162720 0.87391764
vt 0.21691205 0.87475193
vt 0.42718899 0.53511977
vt 0.61511272 0.86870039
vt 0.23757336 0.25890160
vt 0.22812723 0.87475204
vt 0.61511272 0.87991548
vt 0.22520758 0.25890160
vt 0.91503829 0.49867833
vt 0.62747854 0.87991548
vt 0.66144240 0.01584005
vt 0.88564694 0.25561643
vt 0.11399303 0.87391776
vt 0.23757336 0.27121520
vt 0.22812723 0.88706535
vt 0.84104288 0.75375104
vt 0.64907664 0.00352645
vt 0.25808221 0.85458863
vt 0.79340911 0.94360447
vt 0.90413946 0.49867833
vt 0.62747854 0.86901689
vt 0.43923807 0.53511989
vt 0.62716198 0.86870039
vt 0.43948051 0.53511989
vt 0.90389723 0.49867833
vt 0.62738568 0.86879301
vt 0.89659351 0.25561643
vt 0.11399303 0.86297148
vt 0.66073823 0.53511262
vt 0.11367640 0.86265475
vt 0.66098058 0.53511262
vt 0.89683598 0.25561643
vt 0.11390035 0.86274755
vt 0.21691193 0.88674867
vt 0.42718887 0.54711664
vt 0.21722858 0.88706535
vt 0.83014446 0.75375104
vt 0.21700464 0.88697267
vt 0.42718887 0.54735994
vt 0.82990140 0.75375104
vt 0.25776601 0.86585134
vt 0.64868903 0.54710937
vt 0.25808221 0.86553484
vt 0.80435491 0.94360447
vt 0.25798962 0.86575872
vt 0.64868903 0.54735267
vt 0.80459797 0.94360447
vt 0.20802015 0.86382872
vt 0.33452028 0.85458809
vt 0.64869046 0.29205710
vt 0.20802036 0.85256612
vt 0.64907652 0.25889492
vt 0.32325757 0.85458809
vt 0.17926458 0.85660124
vt 0.23517865 0.87475556
vt 0.42719030 0.29206455
vt 0.19047986 0.85660124
vt 0.23517865 0.88597077
vt 0.23757339 0.01584673
vt 0.19047986 0.86896706
vt 0.22520758 0.01584673
vt 0.91503829 0.25561577
vt 0.22038618 0.85256612
vt 0.66144240 0.25889492
vt 0.88564706 0.49867892
vt 0.89713144 0.94964963
vt 0.23757339 0.00353318
vt 0.24749228 0.88597077
vt 0.78634477 0.94360423
vt 0.64907652 0.27120852
vt 0.32325757 0.86690164
vt 0.17958120 0.86896706
vt 0.90413934 0.25561577
vt 0.17926458 0.86865044
vt 0.43923926 0.29206455
vt 0.17935736 0.86887419
vt 0.43948039 0.29206455
vt 0.90389830 0.25561577
vt 0.22038618 0.86351204
vt 0.89659363 0.49867892
vt 0.22006938 0.86382896
vt 0.66073954 0.29205710
vt 0.22029343 0.86373615
vt 0.66098058 0.29205710
vt 0.89683467 0.49867892
vt 0.42719030 0.28006732
vt 0.24717566 0.87475556
vt 0.88623297 0.94964963
vt 0.24749228 0.87507206
vt 0.42719030 0.27982509
vt 0.88599080 0.94964963
vt 0.24739963 0.87484819
vt 0.64869046 0.28005993
vt 0.33452028 0.86658508
vt 0.77539861 0.94360423
vt 0.33420372 0.86690164
vt 0.64869046 0.27981764
vt 0.77515644 0.94360423
vt 0.33442757 0.86680895
vt 0.22409953 0.28008890
vt 0.28451103 0.85458761
vt 0.20569634 0.29206777
vt 0.21283555 0.28008890
vt 0.20577803 0.25893021
vt 0.28451103 0.86585158
vt 0.64633739 0.55645400
vt 0.21283555 0.26772159
vt 0.21814527 0.25893033
vt 0.89718902 0.50771296
vt 0.76809257 0.94363755
vt 0.20577809 0.27124536
vt 0.29682609 0.86585158
vt 0.36358145 0.88098919
vt 0.90448397 0.51577926
vt 0.36326477 0.88067257
vt 0.71618372 0.24662238
vt 0.36335745 0.88089657
vt 0.71594632 0.24662238
vt 0.90424669 0.51577926
vt 0.36326453 0.84078771
vt 0.75607139 0.24662238
vt 0.36358145 0.84047091
vt 0.73910093 0.94845927
vt 0.36335734 0.84056365
vt 0.73886353 0.94845927
vt 0.75630873 0.24662238
vt 0.64602071 0.55643314
vt 0.70863199 0.44550472
vt 0.64633739 0.55611640
vt 0.92253160 0.94968581
vt 0.64611334 0.55620897
vt 0.70887285 0.44550472
vt 0.92229086 0.94968581
vt 0.64633739 0.59663486
vt 0.94059408 0.75980115
vt 0.64602071 0.59631813
vt 0.66874599 0.44550472
vt 0.64611334 0.59654218
vt 0.66850525 0.44550472
vt 0.94035339 0.75980115
vt 0.37351701 0.84047103
vt 0.74903774 0.94845927
vt 0.37457928 0.84153354
vt 0.71593380 0.69634533
vt 0.37426820 0.84078211
vt 0.71512091 0.69634533
vt 0.74985051 0.94845927
vt 0.76417375 0.25561881
vt 0.65734982 0.59557259
vt 0.95054460 0.75980115
vt 0.65628737 0.59663486
vt 0.76336026 0.25561881
vt 0.95135796 0.75980115
vt 0.65703869 0.59632361
vt 0.37457928 0.87992680
vt 0.75432754 0.69634533
vt 0.37351701 0.88098919
vt 0.91442108 0.51577926
vt 0.64633739 0.59629714
vt 0.37426832 0.88067818
vt 0.75514024 0.69634533
vt 0.91523379 0.51577926
vt 0.93248200 0.94968581
vt 0.65628737 0.55611640
vt 0.80256736 0.25561881
vt 0.65734982 0.55717885
vt 0.65628737 0.59564233
vt 0.80338067 0.25561881
vt 0.93329549 0.94968581
vt 0.65703869 0.55642766
vt 0.22378284 0.26772159
vt 0.88624024 0.50771296
vt 0.22409953 0.26803815
vt 0.21774709 0.29206812
vt 0.22400682 0.26781428
vt 0.21798456 0.29206812
vt 0.88600302 0.50771296
vt 0.20569670 0.28006911
vt 0.29650939 0.85458761
vt 0.75714505 0.94363755
vt 0.29682609 0.85490435
vt 0.20569670 0.27982837
vt 0.75690424 0.94363755
vt 0.29673347 0.85468030
vt 0.65628737 0.55710894
vt 0.37351701 0.87999678
vt 0.37351701 0.84146333
vt 0.36358133 0.84080857
vt 0.36358145 0.88065183
vt 0.22745220 0.85459012
vt 0.20569158 0.53515363
vt 0.14047620 0.86265397
vt 0.20577803 0.01584768
vt 0.23871626 0.85459012
vt 0.14047644 0.87391794
vt 0.19023991 0.84838647
vt 0.21814527 0.01584750
vt 0.89718902 0.75082213
vt 0.15284356 0.87391794
vt 0.20577809 0.00353253
vt 0.23871626 0.86690503
vt 0.82284403 0.75374770
vt 0.90448385 0.75889254
vt 0.52744639 0.88098776
vt 0.71618372 0.00352490
vt 0.52776337 0.88067102
vt 0.71594125 0.00352490
vt 0.90424150 0.75889254
vt 0.52767026 0.88089502
vt 0.75607151 0.00352490
vt 0.52776313 0.84078610
vt 0.73910087 0.70534575
vt 0.52744627 0.84046948
vt 0.73885858 0.70534575
vt 0.75631386 0.00352490
vt 0.52767015 0.84056222
vt 0.71617645 0.44550484
vt 0.18992329 0.84840739
vt 0.95865440 0.75980210
vt 0.19023991 0.84872377
vt 0.71593440 0.44550484
vt 0.95841205 0.75980198
vt 0.19001597 0.84863138
vt 0.90443510 0.95774978
vt 0.19023991 0.80820566
vt 0.75606269 0.44550484
vt 0.18992329 0.80852240
vt 0.75630480 0.44550484
vt 0.90419263 0.95774978
vt 0.19001597 0.80829847
vt 0.74903756 0.70534575
vt 0.51751089 0.84046948
vt 0.71593368 0.45326126
vt 0.51644838 0.84153187
vt 0.71512043 0.45326126
vt 0.74985087 0.70534575
vt 0.51675940 0.84078074
vt 0.20125246 0.80926812
vt 0.66885144 0.64313763
vt 0.20019001 0.80820566
vt 0.91438568 0.95774978
vt 0.20094126 0.80851692
vt 0.66803837 0.64313763
vt 0.91519886 0.95774978
vt 0.75432754 0.45326132
vt 0.51644838 0.87992525
vt 0.91442084 0.75889254
vt 0.51751089 0.88098764
vt 0.19023991 0.80854315
vt 0.75514072 0.45326126
vt 0.91523391 0.75889254
vt 0.51675940 0.88067651
vt 0.20018989 0.84872389
vt 0.96860480 0.75980210
vt 0.20125246 0.84766155
vt 0.70724499 0.64313763
vt 0.20019001 0.80919814
vt 0.20094126 0.84841299
vt 0.70805824 0.64313763
vt 0.96941805 0.75980210
vt 0.88624036 0.75082213
vt 0.15284356 0.86297059
vt 0.21774215 0.53515387
vt 0.15252677 0.86265385
vt 0.21798456 0.53515387
vt 0.88599801 0.75082213
vt 0.15275076 0.86274683
vt 0.22745220 0.86658859
vt 0.20569134 0.54715246
vt 0.22776891 0.86690503
vt 0.81189638 0.75374770
vt 0.22754486 0.86681241
vt 0.20569134 0.54739463
vt 0.81165391 0.75374770
vt 0.20018989 0.84773159
vt 0.51751065 0.87999535
vt 0.51751065 0.84146178
vt 0.52744639 0.84080708
vt 0.52744639 0.88065028
vt 0.08219641 0.86265284
vt 0.31619585 0.85458833
vt 0.01581728 0.29206401
vt 0.08219653 0.87391680
vt 0.01590134 0.25893021
vt 0.31619585 0.86585253
vt 0.61705875 0.84838688
vt 0.09456378 0.87391680
vt 0.00353409 0.25893033
vt 0.20111668 0.79921836
vt 0.76809257 0.75375479
vt 0.01590134 0.27124530
vt 0.30388087 0.86585242
vt 0.48002571 0.84047091
vt 0.93283939 0.25561929
vt 0.47970873 0.84078777
vt 0.66874588 0.00352728
vt 0.47980148 0.84056377
vt 0.66850352 0.00352728
vt 0.93308198 0.25561929
vt 0.47970897 0.88067257
vt 0.70863360 0.00352728
vt 0.48002571 0.88098931
vt 0.92204696 0.00353372
vt 0.47980160 0.88089669
vt 0.70887601 0.00352728
vt 0.92180449 0.00353372
vt 0.61674201 0.84840786
vt 0.70863199 0.25562477
vt 0.61705875 0.84872437
vt 0.92253184 0.75980508
vt 0.61683488 0.84863174
vt 0.70887440 0.25562477
vt 0.92228955 0.75980508
vt 0.61705875 0.80820626
vt 0.94059443 0.94968176
vt 0.61674190 0.80852300
vt 0.66874599 0.25562477
vt 0.61683476 0.80829895
vt 0.66850370 0.25562477
vt 0.94035208 0.94968176
vt 0.48996115 0.88098931
vt 0.93198377 0.00353372
vt 0.49102342 0.87992692
vt 0.76418692 0.00352818
vt 0.49071223 0.88067818
vt 0.76337385 0.00352818
vt 0.93279696 0.00353372
vt 0.76417375 0.44549429
vt 0.62807131 0.80926877
vt 0.95054507 0.94968176
vt 0.62700880 0.80820626
vt 0.76336062 0.44549429
vt 0.95135808 0.94968176
vt 0.62776005 0.80851752
vt 0.49102342 0.84153342
vt 0.80258083 0.00352818
vt 0.48996115 0.84047103
vt 0.92290276 0.25561929
vt 0.61705875 0.80854374
vt 0.49071223 0.84078217
vt 0.80339384 0.00352818
vt 0.92208934 0.25561929
vt 0.93248224 0.75980508
vt 0.62700880 0.84872448
vt 0.80256736 0.44549429
vt 0.62807131 0.84766215
vt 0.62700880 0.80919886
vt 0.80338019 0.44549429
vt 0.93329549 0.75980508
vt 0.62776005 0.84841335
vt 0.09456378 0.86296940
vt 0.19016790 0.79921836
vt 0.09424692 0.86265272
vt 0.00376669 0.29206383
vt 0.09447092 0.86274558
vt 0.00352430 0.29206383
vt 0.18992555 0.79921836
vt 0.01581758 0.28006542
vt 0.30419749 0.85458833
vt 0.75714505 0.75375479
vt 0.30388087 0.85490495
vt 0.01581758 0.27982306
vt 0.75690269 0.75375479
vt 0.30397362 0.85468113
vt 0.62700880 0.84773219
vt 0.48996115 0.84146333
vt 0.48996115 0.87999678
vt 0.48002571 0.88065183
vt 0.48002571 0.84080863
vt 0.38163111 0.85458547
vt 0.01581246 0.53515005
vt 0.43448737 0.26772487
vt 0.01590134 0.01584768
vt 0.38163111 0.86584949
vt 0.44575137 0.26772487
vt 0.46163639 0.84080863
vt 0.00353409 0.01584750
vt 0.20111668 0.55610925
vt 0.44575137 0.28009224
vt 0.01590134 0.00353253
vt 0.39394614 0.86584949
vt 0.82284403 0.94363064
vt 0.93283904 0.49873245
vt 0.50907958 0.84047043
vt 0.66874588 0.24662483
vt 0.50939620 0.84078717
vt 0.66850847 0.24662483
vt 0.93307656 0.49873245
vt 0.50930363 0.84056330
vt 0.70863348 0.24662483
vt 0.50939643 0.88067210
vt 0.92204696 0.24664700
vt 0.50907946 0.88098872
vt 0.70887095 0.24662483
vt 0.92180926 0.24664700
vt 0.50930363 0.88089609
vt 0.71617645 0.25562471
vt 0.46131977 0.84078789
vt 0.95865417 0.94968301
vt 0.46163651 0.84047097
vt 0.71593583 0.25562471
vt 0.95841336 0.94968301
vt 0.46141252 0.84056377
vt 0.90443486 0.76786900
vt 0.46163639 0.88098943
vt 0.75606269 0.25562471
vt 0.46131989 0.88067281
vt 0.75630337 0.25562471
vt 0.90419394 0.76786900
vt 0.46141252 0.88089681
vt 0.93198377 0.24664700
vt 0.49914414 0.88098872
vt 0.76418692 0.24661231
vt 0.49808162 0.87992632
vt 0.76337433 0.24661231
vt 0.93279648 0.24664700
vt 0.49839288 0.88067752
vt 0.47264901 0.87992716
vt 0.66885144 0.45326191
vt 0.47158656 0.88098943
vt 0.91438532 0.76786900
vt 0.47233793 0.88067842
vt 0.66803789 0.45326191
vt 0.91519874 0.76786900
vt 0.80258083 0.24661231
vt 0.49808162 0.84153283
vt 0.92290217 0.49873245
vt 0.49914414 0.84047049
vt 0.46163639 0.88065195
vt 0.80339336 0.24661231
vt 0.92208934 0.49873245
vt 0.49839288 0.84078169
vt 0.47158656 0.84047109
vt 0.96860445 0.94968301
vt 0.47264901 0.84153354
vt 0.70724493 0.45326191
vt 0.47158656 0.87999701
vt 0.47233793 0.84078240
vt 0.70805860 0.45326191
vt 0.96941805 0.94968301
vt 0.19016790 0.55610925
vt 0.43480405 0.28009224
vt 0.00376174 0.53514957
vt 0.43448737 0.27977556
vt 0.00352430 0.53514957
vt 0.18993044 0.55610925
vt 0.43458015 0.27999932
vt 0.39362946 0.85458547
vt 0.01581222 0.54714864
vt 0.39394614 0.85490209
vt 0.81189638 0.94363064
vt 0.39385352 0.85467821
vt 0.01581222 0.54738939
vt 0.81165546 0.94363064
vt 0.47158656 0.84146380
vt 0.49914402 0.84146291
vt 0.49914402 0.87999630
vt 0.50907958 0.88065130
vt 0.50907958 0.84080803
vt 0.64497429 0.97877568
vt 0.64313900 0.97877568
vt 0.71817094 0.95057446
vt 0.64497429 0.97596711
vt 0.64313900 0.97596711
vt 0.72060311 0.95197874
vt 0.64497429 0.97315854
vt 0.64313900 0.97315854
vt 0.72341168 0.95197874
vt 0.64497429 0.97034985
vt 0.64313900 0.97034985
vt 0.72584420 0.95057446
vt 0.64497429 0.96754128
vt 0.64313900 0.96754128
vt 0.72724831 0.94814211
vt 0.64497429 0.96473283
vt 0.64313900 0.96473283
vt 0.72724831 0.94533354
vt 0.64497429 0.96192425
vt 0.64313900 0.96192425
vt 0.72584420 0.94290119
vt 0.64497429 0.95911568
vt 0.64313900 0.95911568
vt 0.72341168 0.94149691
vt 0.64497429 0.95630711
vt 0.64313900 0.95630711
vt 0.72060311 0.94149691
vt 0.64497429 0.98720127
vt 0.64497429 0.95349854
vt 0.64313900 0.98720127
vt 0.64313900 0.95349854
vt 0.71817094 0.94290119
vt 0.64497429 0.98439270
vt 0.64313900 0.98439270
vt 0.71676648 0.94533354
vt 0.64497429 0.98158425
vt 0.64313900 0.98158425
vt 0.71676648 0.94814211
vt 0.72200757 0.94673783
vt 0.65381479 0.96192461
vt 0.06647968 0.95257193
vt 0.65197921 0.96192461
vt 0.65381479 0.95911604
vt 0.65197921 0.95911604
vt 0.06788379 0.95013970
vt 0.65381479 0.95630735
vt 0.65197921 0.95630735
vt 0.06788379 0.94733101
vt 0.65381479 0.98720163
vt 0.65381479 0.95349878
vt 0.65197921 0.98720163
vt 0.65197921 0.95349878
vt 0.06647968 0.94489878
vt 0.65381479 0.98439306
vt 0.65197921 0.98439306
vt 0.06404716 0.94349450
vt 0.65381479 0.98158449
vt 0.65197921 0.98158449
vt 0.06123859 0.94349450
vt 0.65381479 0.97877604
vt 0.05880642 0.94489878
vt 0.65197921 0.97877604
vt 0.65381479 0.97596747
vt 0.05740196 0.94733101
vt 0.65197921 0.97596747
vt 0.65381479 0.97315878
vt 0.05740196 0.95013970
vt 0.65197921 0.97315878
vt 0.65381479 0.97035021
vt 0.05880642 0.95257193
vt 0.65197921 0.97035021
vt 0.65381479 0.96754164
vt 0.06123859 0.95397621
vt 0.65197921 0.96754164
vt 0.65381479 0.96473306
vt 0.06404716 0.95397621
vt 0.65197921 0.96473306
vt 0.06264305 0.94873530
vt 0.52835834 0.96133262
vt 0.60834241 0.94349951
vt 0.52835834 0.95949692
vt 0.52554977 0.96133262
vt 0.61115098 0.94349951
vt 0.52554977 0.95949692
vt 0.52274126 0.96133262
vt 0.61358315 0.94490379
vt 0.52274126 0.95949692
vt 0.51993269 0.96133262
vt 0.61498761 0.94733614
vt 0.51993269 0.95949692
vt 0.51712418 0.96133238
vt 0.61498761 0.95014459
vt 0.51712418 0.95949692
vt 0.51431561 0.96133238
vt 0.61358315 0.95257682
vt 0.51431561 0.95949692
vt 0.51150709 0.96133238
vt 0.61115098 0.95398110
vt 0.51150709 0.95949692
vt 0.50869852 0.96133238
vt 0.60834241 0.95398110
vt 0.50869852 0.95949692
vt 0.50589001 0.96133238
vt 0.60591024 0.95257682
vt 0.50589001 0.95949692
vt 0.50308144 0.96133238
vt 0.53678399 0.96133238
vt 0.60450578 0.95014459
vt 0.50308144 0.95949692
vt 0.53678399 0.95949692
vt 0.53397542 0.96133238
vt 0.60450578 0.94733614
vt 0.53397542 0.95949692
vt 0.53116691 0.96133262
vt 0.60591024 0.94490379
vt 0.53116691 0.95949692
vt 0.60974687 0.94874042
vt 0.16377994 0.96392459
vt 0.16561523 0.96392459
vt 0.19944108 0.93057936
vt 0.16377994 0.96111602
vt 0.19803697 0.92814690
vt 0.16561523 0.96111602
vt 0.16377994 0.95830745
vt 0.19803697 0.92533845
vt 0.16561523 0.95830745
vt 0.16377994 0.98920161
vt 0.16377994 0.95549875
vt 0.19944108 0.92290598
vt 0.16561523 0.98920161
vt 0.16561523 0.95549875
vt 0.16377994 0.98639303
vt 0.20187324 0.92150182
vt 0.16561523 0.98639303
vt 0.16377994 0.98358446
vt 0.20468181 0.92150193
vt 0.16561523 0.98358446
vt 0.16377994 0.98077601
vt 0.16561523 0.98077601
vt 0.20711434 0.92290598
vt 0.16377994 0.97796744
vt 0.16561523 0.97796744
vt 0.20851845 0.92533845
vt 0.16377994 0.97515875
vt 0.16561523 0.97515875
vt 0.20851845 0.92814690
vt 0.16377994 0.97235018
vt 0.16561523 0.97235018
vt 0.20711434 0.93057936
vt 0.16377994 0.96954161
vt 0.16561523 0.96954161
vt 0.20468181 0.93198365
vt 0.16377994 0.96673304
vt 0.16561523 0.96673304
vt 0.20187324 0.93198365
vt 0.20327771 0.92674273
vt 0.28729662 0.98077565
vt 0.28913185 0.98077565
vt 0.18714666 0.95333105
vt 0.28729662 0.97796708
vt 0.28913185 0.97796708
vt 0.18714666 0.95613962
vt 0.28729662 0.97515851
vt 0.28913185 0.97515851
vt 0.18574220 0.95857185
vt 0.28729662 0.97234994
vt 0.28913185 0.97234994
vt 0.18331003 0.95997614
vt 0.28729662 0.96954149
vt 0.28913185 0.96954149
vt 0.18050146 0.95997614
vt 0.28729662 0.96673292
vt 0.28913185 0.96673292
vt 0.17806894 0.95857185
vt 0.28729662 0.96392423
vt 0.28913185 0.96392423
vt 0.17666483 0.95613950
vt 0.28729662 0.96111566
vt 0.28913185 0.96111566
vt 0.17666483 0.95333093
vt 0.28729662 0.95830709
vt 0.28913185 0.95830709
vt 0.17806926 0.95089871
vt 0.28729662 0.98920149
vt 0.28729662 0.95549852
vt 0.28913185 0.98920149
vt 0.28913185 0.95549852
vt 0.18050146 0.94949442
vt 0.28729662 0.98639292
vt 0.28913185 0.98639292
vt 0.18331003 0.94949442
vt 0.28729662 0.98358423
vt 0.28913185 0.98358423
vt 0.18574220 0.95089871
vt 0.18190557 0.95473522
vt 0.55458808 0.96392173
vt 0.55642366 0.96392173
vt 0.77142340 0.95813960
vt 0.55458808 0.96111315
vt 0.55642366 0.96111315
vt 0.77142340 0.95533103
vt 0.55458808 0.95830446
vt 0.55642366 0.95830446
vt 0.77282786 0.95289880
vt 0.55458808 0.98919886
vt 0.55458808 0.95549601
vt 0.55642366 0.98919886
vt 0.55642366 0.95549601
vt 0.77526003 0.95149451
vt 0.55458808 0.98639029
vt 0.55642366 0.98639029
vt 0.77806860 0.95149451
vt 0.55458808 0.98358172
vt 0.55642366 0.98358172
vt 0.78050077 0.95289880
vt 0.55458808 0.98077303
vt 0.55642366 0.98077303
vt 0.78190523 0.95533115
vt 0.55458808 0.97796446
vt 0.78190523 0.95813972
vt 0.55642366 0.97796446
vt 0.55458808 0.97515589
vt 0.78050077 0.96057194
vt 0.55642366 0.97515589
vt 0.55458808 0.97234744
vt 0.77806860 0.96197623
vt 0.55642366 0.97234744
vt 0.55458808 0.96953887
vt 0.77526003 0.96197623
vt 0.55642366 0.96953887
vt 0.55458808 0.96673030
vt 0.77282786 0.96057194
vt 0.55642366 0.96673030
vt 0.77666450 0.95673543
vt 0.73438925 0.98077303
vt 0.07971877 0.95533353
vt 0.73255366 0.98077303
vt 0.73438925 0.97796470
vt 0.07971877 0.95814210
vt 0.73255366 0.97796470
vt 0.73438925 0.97515589
vt 0.08112323 0.96057445
vt 0.73255366 0.97515589
vt 0.73438925 0.97234744
vt 0.08355540 0.96197873
vt 0.73255366 0.97234744
vt 0.73438925 0.96953863
vt 0.08636397 0.96197873
vt 0.73255366 0.96953863
vt 0.73438925 0.96673018
vt 0.08879650 0.96057433
vt 0.73255366 0.96673018
vt 0.73438925 0.96392161
vt 0.09020060 0.95814210
vt 0.73255366 0.96392161
vt 0.73438925 0.96111304
vt 0.09020060 0.95533353
vt 0.73255366 0.96111304
vt 0.73438925 0.95830446
vt 0.08879614 0.95290118
vt 0.73255366 0.95830446
vt 0.73438925 0.98919886
vt 0.73438925 0.95549601
vt 0.08636397 0.95149690
vt 0.73255366 0.98919886
vt 0.73255366 0.95549601
vt 0.73438925 0.98639005
vt 0.08355540 0.95149690
vt 0.73255366 0.98639005
vt 0.73438925 0.98358160
vt 0.08112323 0.95290142
vt 0.73255366 0.98358160
vt 0.08495986 0.95673782
vt 0.74322540 0.96392173
vt 0.74138981 0.96392173
vt 0.16518414 0.94657940
vt 0.74322540 0.96111315
vt 0.16761631 0.94798368
vt 0.74139017 0.96111315
vt 0.74322575 0.95830470
vt 0.17042488 0.94798368
vt 0.74139017 0.95830470
vt 0.74322575 0.98919886
vt 0.74322575 0.95549613
vt 0.17285705 0.94657940
vt 0.74139017 0.98919898
vt 0.74139017 0.95549601
vt 0.74322540 0.98639029
vt 0.17426151 0.94414693
vt 0.74139017 0.98639041
vt 0.74322540 0.98358160
vt 0.17426151 0.94133848
vt 0.74138981 0.98358172
vt 0.74322510 0.98077303
vt 0.74138981 0.98077315
vt 0.17285705 0.93890601
vt 0.74322510 0.97796470
vt 0.74138945 0.97796470
vt 0.17042488 0.93750197
vt 0.74322510 0.97515613
vt 0.74138945 0.97515613
vt 0.16761631 0.93750185
vt 0.74322510 0.97234744
vt 0.74138981 0.97234744
vt 0.16518414 0.93890601
vt 0.74322510 0.96953899
vt 0.74138981 0.96953887
vt 0.16377968 0.94133848
vt 0.74322540 0.96673030
vt 0.74138981 0.96673030
vt 0.16377968 0.94414693
vt 0.16902077 0.94274276
vt 0.99225754 0.81192023
vt 0.99409282 0.81192023
vt 0.00734055 0.95198637
vt 0.99225754 0.81472892
vt 0.99409282 0.81472892
vt 0.01014912 0.95198637
vt 0.99225754 0.81753749
vt 0.99409282 0.81753749
vt 0.01258129 0.95058209
vt 0.99225754 0.82034594
vt 0.99409282 0.82034594
vt 0.01398575 0.94814986
vt 0.99225754 0.82315451
vt 0.99409282 0.82315451
vt 0.01398575 0.94534117
vt 0.99225754 0.82596308
vt 0.99409282 0.82596308
vt 0.01258129 0.94290906
vt 0.99225754 0.82877165
vt 0.99409282 0.82877165
vt 0.01014912 0.94150478
vt 0.99225754 0.83158010
vt 0.99409282 0.83158010
vt 0.00734055 0.94150478
vt 0.99225754 0.83438867
vt 0.99409282 0.83438867
vt 0.00490832 0.94290906
vt 0.99225754 0.83719736
vt 0.99225754 0.80349451
vt 0.99409282 0.83719736
vt 0.99409282 0.80349451
vt 0.00350392 0.94534117
vt 0.99225754 0.80630308
vt 0.99409282 0.80630308
vt 0.00350392 0.94814986
vt 0.99225754 0.80911165
vt 0.99409282 0.80911165
vt 0.00490832 0.95058209
vt 0.00874466 0.94674546
vt 0.04530126 0.95792025
vt 0.54787362 0.95057553
vt 0.04346567 0.95792025
vt 0.04530126 0.95511168
vt 0.04346567 0.95511168
vt 0.54927772 0.94814330
vt 0.04530126 0.95230311
vt 0.04346567 0.95230311
vt 0.54927772 0.94533461
vt 0.04530126 0.98319739
vt 0.04530126 0.94949454
vt 0.04346567 0.98319739
vt 0.04346567 0.94949454
vt 0.54787362 0.94290239
vt 0.04530126 0.98038870
vt 0.04346567 0.98038870
vt 0.54544145 0.94149810
vt 0.04530126 0.97758013
vt 0.04346567 0.97758013
vt 0.54263252 0.94149810
vt 0.04530126 0.97477168
vt 0.54020035 0.94290239
vt 0.04346567 0.97477168
vt 0.04530126 0.97196311
vt 0.53879625 0.94533461
vt 0.04346567 0.97196311
vt 0.04530126 0.96915454
vt 0.53879625 0.94814330
vt 0.04346567 0.96915454
vt 0.04530126 0.96634597
vt 0.54020035 0.95057553
vt 0.04346567 0.96634597
vt 0.04530126 0.96353751
vt 0.54263252 0.95197982
vt 0.04346567 0.96353751
vt 0.04530126 0.96072870
vt 0.54544145 0.95197982
vt 0.04346567 0.96072870
vt 0.54403698 0.94673902
vt 0.63506448 0.83277172
vt 0.27035746 0.94733232
vt 0.63690013 0.83277172
vt 0.63506448 0.82996315
vt 0.27176157 0.94489998
vt 0.63690013 0.82996315
vt 0.63506448 0.82715458
vt 0.27419409 0.94349569
vt 0.63690013 0.82715458
vt 0.63506448 0.82434601
vt 0.27700266 0.94349569
vt 0.63690013 0.82434601
vt 0.63506448 0.82153755
vt 0.27943483 0.94489998
vt 0.63690013 0.82153755
vt 0.63506448 0.81872898
vt 0.28083929 0.94733232
vt 0.63690013 0.81872898
vt 0.63506448 0.81592041
vt 0.28083929 0.95014089
vt 0.63690013 0.81592041
vt 0.63506448 0.81311184
vt 0.27943483 0.95257324
vt 0.63690013 0.81311184
vt 0.63506448 0.81030327
vt 0.27700266 0.95397753
vt 0.63690013 0.81030327
vt 0.63506448 0.84119731
vt 0.63506448 0.80749482
vt 0.27419409 0.95397753
vt 0.63690013 0.84119731
vt 0.63690013 0.80749482
vt 0.63506448 0.83838874
vt 0.27176157 0.95257324
vt 0.63690013 0.83838874
vt 0.63506448 0.83558017
vt 0.27035746 0.95014089
vt 0.63690013 0.83558017
vt 0.27559820 0.94873661
vt 0.81417787 0.95150584
vt 0.68807232 0.89057797
vt 0.81417787 0.95334142
vt 0.81698644 0.95150584
vt 0.68666822 0.88814563
vt 0.81698644 0.95334142
vt 0.81979495 0.95150584
vt 0.68666822 0.88533705
vt 0.81979495 0.95334142
vt 0.78890067 0.95150584
vt 0.82260352 0.95150584
vt 0.68807232 0.88290495
vt 0.78890067 0.95334142
vt 0.82260352 0.95334142
vt 0.79170954 0.95150584
vt 0.69050449 0.88150042
vt 0.79170954 0.95334142
vt 0.79451776 0.95150584
vt 0.69331306 0.88150042
vt 0.79451776 0.95334142
vt 0.79732662 0.95150584
vt 0.69574559 0.88290471
vt 0.79732662 0.95334142
vt 0.80013514 0.95150584
vt 0.80013514 0.95334142
vt 0.69714969 0.88533694
vt 0.80294371 0.95150584
vt 0.80294371 0.95334142
vt 0.69714969 0.88814563
vt 0.80575228 0.95150584
vt 0.80575228 0.95334142
vt 0.69574559 0.89057785
vt 0.80856079 0.95150584
vt 0.80856079 0.95334142
vt 0.69331342 0.89198214
vt 0.81136936 0.95150584
vt 0.81136936 0.95334142
vt 0.69050449 0.89198226
vt 0.69190896 0.88674134
vt 0.11199313 0.97677439
vt 0.11382842 0.97677439
vt 0.57379436 0.94734138
vt 0.11199313 0.97396582
vt 0.11382842 0.97396582
vt 0.57379436 0.95014983
vt 0.11199313 0.97115725
vt 0.11382842 0.97115725
vt 0.57239026 0.95258230
vt 0.11199313 0.96834868
vt 0.11382842 0.96834868
vt 0.56995773 0.95398635
vt 0.11199313 0.96554023
vt 0.11382842 0.96554023
vt 0.56714916 0.95398635
vt 0.11199313 0.96273142
vt 0.11382842 0.96273142
vt 0.56471699 0.95258206
vt 0.11199313 0.95992297
vt 0.11382842 0.95992297
vt 0.56331253 0.95014971
vt 0.11199313 0.95711440
vt 0.11382842 0.95711440
vt 0.56331253 0.94734114
vt 0.11199313 0.95430583
vt 0.11382842 0.95430583
vt 0.56471699 0.94490904
vt 0.11199313 0.98520011
vt 0.11199313 0.95149726
vt 0.11382842 0.98520011
vt 0.11382842 0.95149726
vt 0.56714916 0.94350475
vt 0.11199313 0.98239166
vt 0.11382842 0.98239166
vt 0.56995809 0.94350475
vt 0.11199313 0.97958285
vt 0.11382842 0.97958285
vt 0.57239026 0.94490904
vt 0.56855363 0.94874567
vt 0.13971752 0.97677439
vt 0.13788193 0.97677439
vt 0.32273796 0.95613807
vt 0.13971752 0.97958285
vt 0.13788193 0.97958285
vt 0.32273796 0.95332962
vt 0.13971752 0.98239142
vt 0.13788193 0.98239142
vt 0.32414243 0.95089740
vt 0.13971752 0.98519999
vt 0.13971752 0.95149714
vt 0.13788193 0.98519999
vt 0.13788193 0.95149714
vt 0.32657459 0.94949311
vt 0.13971752 0.95430583
vt 0.13788193 0.95430583
vt 0.32938352 0.94949311
vt 0.13971752 0.95711440
vt 0.13788193 0.95711440
vt 0.33181569 0.95089740
vt 0.13971752 0.95992297
vt 0.33321980 0.95332974
vt 0.13788193 0.95992297
vt 0.13971752 0.96273142
vt 0.33321980 0.95613831
vt 0.13788193 0.96273142
vt 0.13971752 0.96553999
vt 0.33181569 0.95857054
vt 0.13788193 0.96553999
vt 0.13971752 0.96834856
vt 0.32938316 0.95997483
vt 0.13788193 0.96834856
vt 0.13971752 0.97115725
vt 0.32657459 0.95997483
vt 0.13788193 0.97115725
vt 0.13971752 0.97396582
vt 0.32414243 0.95857054
vt 0.13788193 0.97396582
vt 0.32797906 0.95473391
vt 0.99410027 0.87077445
vt 0.37091208 0.95150477
vt 0.99226505 0.87077445
vt 0.99410027 0.86796588
vt 0.36847991 0.95290905
vt 0.99226505 0.86796588
vt 0.99410027 0.86515731
vt 0.36707544 0.95534140
vt 0.99226505 0.86515731
vt 0.99410027 0.86234862
vt 0.36707544 0.95814985
vt 0.99226505 0.86234862
vt 0.99410027 0.85954005
vt 0.36847991 0.96058232
vt 0.99226505 0.85954005
vt 0.99410027 0.85673147
vt 0.37091208 0.96198660
vt 0.99226505 0.85673147
vt 0.99410027 0.85392278
vt 0.37372065 0.96198636
vt 0.99226505 0.85392278
vt 0.99410027 0.85111421
vt 0.37615317 0.96058208
vt 0.99226505 0.85111421
vt 0.99410027 0.84830576
vt 0.37755728 0.95814985
vt 0.99226505 0.84830576
vt 0.99410027 0.87920004
vt 0.99410027 0.84549719
vt 0.37755728 0.95534116
vt 0.99226505 0.87920004
vt 0.99226505 0.84549719
vt 0.99410027 0.87639147
vt 0.37615287 0.95290905
vt 0.99226505 0.87639147
vt 0.99410027 0.87358278
vt 0.37372065 0.95150477
vt 0.99226505 0.87358278
vt 0.37231654 0.95674568
vt 0.99410135 0.89592046
vt 0.66705203 0.95149809
vt 0.99226576 0.89592046
vt 0.99410135 0.89311188
vt 0.66461986 0.95290238
vt 0.99226576 0.89311188
vt 0.99410135 0.89030331
vt 0.66321540 0.95533460
vt 0.99226606 0.89030331
vt 0.99410164 0.92119747
vt 0.99410164 0.88749486
vt 0.66321540 0.95814317
vt 0.99226606 0.92119771
vt 0.99226606 0.88749462
vt 0.99410135 0.91838902
vt 0.66461986 0.96057552
vt 0.99226576 0.91838914
vt 0.99410099 0.91558021
vt 0.66705203 0.96197981
vt 0.99226576 0.91558045
vt 0.99410099 0.91277176
vt 0.66986060 0.96197981
vt 0.99226576 0.91277188
vt 0.99410099 0.90996319
vt 0.99226540 0.90996331
vt 0.67229283 0.96057564
vt 0.99410099 0.90715486
vt 0.99226540 0.90715486
vt 0.67369723 0.95814329
vt 0.99410099 0.90434605
vt 0.99226540 0.90434605
vt 0.67369723 0.95533472
vt 0.99410099 0.90153760
vt 0.99226540 0.90153760
vt 0.67229313 0.95290238
vt 0.99410099 0.89872903
vt 0.99226576 0.89872903
vt 0.66986060 0.95149809
vt 0.66845649 0.95673889
vt 0.99225712 0.93792409
vt 0.99409270 0.93792409
vt 0.35535783 0.95398313
vt 0.99225712 0.94073266
vt 0.99409270 0.94073266
vt 0.35816640 0.95398313
vt 0.99225712 0.94354123
vt 0.99409270 0.94354123
vt 0.36059892 0.95257908
vt 0.99225712 0.94634980
vt 0.99409270 0.94634980
vt 0.36200303 0.95014673
vt 0.99225712 0.94915825
vt 0.99409270 0.94915825
vt 0.36200303 0.94733816
vt 0.99225712 0.95196706
vt 0.99409270 0.95196706
vt 0.36059892 0.94490582
vt 0.99225712 0.95477551
vt 0.99409270 0.95477551
vt 0.35816640 0.94350153
vt 0.99225712 0.95758408
vt 0.99409270 0.95758408
vt 0.35535783 0.94350153
vt 0.99225712 0.96039265
vt 0.99409270 0.96039265
vt 0.35292566 0.94490582
vt 0.99225712 0.96320122
vt 0.99225712 0.92949837
vt 0.99409270 0.96320122
vt 0.99409270 0.92949837
vt 0.35152119 0.94733816
vt 0.99225712 0.93230683
vt 0.99409270 0.93230683
vt 0.35152119 0.95014673
vt 0.99225712 0.93511540
vt 0.99409270 0.93511540
vt 0.35292566 0.95257908
vt 0.35676229 0.94874245
vt 0.47719419 0.95992428
vt 0.30707681 0.95257157
vt 0.47535861 0.95992428
vt 0.47719419 0.95711571
vt 0.47535861 0.95711571
vt 0.30848122 0.95013934
vt 0.47719419 0.95430714
vt 0.47535861 0.95430714
vt 0.30848122 0.94733077
vt 0.47719419 0.98520130
vt 0.47719419 0.95149857
vt 0.47535861 0.98520130
vt 0.47535861 0.95149857
vt 0.30707681 0.94489843
vt 0.47719419 0.98239273
vt 0.47535861 0.98239273
vt 0.30464458 0.94349414
vt 0.47719419 0.97958428
vt 0.47535861 0.97958428
vt 0.30183607 0.94349414
vt 0.47719419 0.97677571
vt 0.29940385 0.94489843
vt 0.47535861 0.97677571
vt 0.47719419 0.97396713
vt 0.29799938 0.94733077
vt 0.47535861 0.97396713
vt 0.47719419 0.97115856
vt 0.29799938 0.95013934
vt 0.47535861 0.97115856
vt 0.47719419 0.96834987
vt 0.29940385 0.95257157
vt 0.47535861 0.96834987
vt 0.47719419 0.96554130
vt 0.30183607 0.95397586
vt 0.47535861 0.96554130
vt 0.47719419 0.96273285
vt 0.30464458 0.95397586
vt 0.47535861 0.96273285
vt 0.30324048 0.94873506
vt 0.82960445 0.97677261
vt 0.50308567 0.94533581
vt 0.83144003 0.97677261
vt 0.82960445 0.97396404
vt 0.50449014 0.94290346
vt 0.83144003 0.97396404
vt 0.82960445 0.97115558
vt 0.50692236 0.94149917
vt 0.83144003 0.97115558
vt 0.82960445 0.96834701
vt 0.50973088 0.94149917
vt 0.83144003 0.96834701
vt 0.82960445 0.96553844
vt 0.51216310 0.94290346
vt 0.83144003 0.96553844
vt 0.82960445 0.96272987
vt 0.51356751 0.94533581
vt 0.83144003 0.96272987
vt 0.82960445 0.95992130
vt 0.51356751 0.94814438
vt 0.83144003 0.95992130
vt 0.82960445 0.95711285
vt 0.51216310 0.95057672
vt 0.83144003 0.95711285
vt 0.82960445 0.95430428
vt 0.50973088 0.95198101
vt 0.83144003 0.95430428
vt 0.82960445 0.98519844
vt 0.82960445 0.95149571
vt 0.50692236 0.95198101
vt 0.83144003 0.98519844
vt 0.83144003 0.95149571
vt 0.82960445 0.98238987
vt 0.50449014 0.95057672
vt 0.83144003 0.98238987
vt 0.82960445 0.97958130
vt 0.50308567 0.94814438
vt 0.83144003 0.97958130
vt 0.50832677 0.94674009
vt 0.94747752 0.95750183
vt 0.94747752 0.95933741
vt 0.70069516 0.95057911
vt 0.95028603 0.95750183
vt 0.69929111 0.94814688
vt 0.95028603 0.95933741
vt 0.95309460 0.95750183
vt 0.69929111 0.94533819
vt 0.95309460 0.95933741
vt 0.92220062 0.95750183
vt 0.95590311 0.95750183
vt 0.70069516 0.94290596
vt 0.92220062 0.95933741
vt 0.95590311 0.95933741
vt 0.92500913 0.95750183
vt 0.70312738 0.94150168
vt 0.92500913 0.95933741
vt 0.92781770 0.95750183
vt 0.70593596 0.94150168
vt 0.92781770 0.95933741
vt 0.93062627 0.95750183
vt 0.93062627 0.95933741
vt 0.70836848 0.94290584
vt 0.93343478 0.95750183
vt 0.93343478 0.95933741
vt 0.70977259 0.94533795
vt 0.93624336 0.95750183
vt 0.93624336 0.95933741
vt 0.70977259 0.94814676
vt 0.93905187 0.95750183
vt 0.93905187 0.95933741
vt 0.70836848 0.95057887
vt 0.94186044 0.95750183
vt 0.94186044 0.95933741
vt 0.70593625 0.95198339
vt 0.94466895 0.95750183
vt 0.94466895 0.95933741
vt 0.70312774 0.95198339
vt 0.70453185 0.94674248
vt 0.40551174 0.96677536
vt 0.40734696 0.96677536
vt 0.76443195 0.95533341
vt 0.40551174 0.96396679
vt 0.40734696 0.96396679
vt 0.76443195 0.95814198
vt 0.40551174 0.96115822
vt 0.40734696 0.96115822
vt 0.76302749 0.96057409
vt 0.40551174 0.95834976
vt 0.40734696 0.95834976
vt 0.76059532 0.96197838
vt 0.40551174 0.95554119
vt 0.40734696 0.95554119
vt 0.75778675 0.96197838
vt 0.40551174 0.95273262
vt 0.40734696 0.95273262
vt 0.75535458 0.96057409
vt 0.40551174 0.94992405
vt 0.40734696 0.94992405
vt 0.75395012 0.95814174
vt 0.40551174 0.94711560
vt 0.40734696 0.94711560
vt 0.75395012 0.95533317
vt 0.40551174 0.94430703
vt 0.40734696 0.94430703
vt 0.75535458 0.95290107
vt 0.40551174 0.97520119
vt 0.40551174 0.94149846
vt 0.40734696 0.97520119
vt 0.40734696 0.94149846
vt 0.75778675 0.95149678
vt 0.40551174 0.97239262
vt 0.40734696 0.97239262
vt 0.76059532 0.95149678
vt 0.40551174 0.96958393
vt 0.40734696 0.96958393
vt 0.76302785 0.95290107
vt 0.75919122 0.95673746
vt 0.84027410 0.97677261
vt 0.83843851 0.97677261
vt 0.68068987 0.95814174
vt 0.84027410 0.97958118
vt 0.83843851 0.97958118
vt 0.68068987 0.95533317
vt 0.84027410 0.98238975
vt 0.83843851 0.98238975
vt 0.68209392 0.95290107
vt 0.84027410 0.98519844
vt 0.84027410 0.95149571
vt 0.83843851 0.98519844
vt 0.83843851 0.95149571
vt 0.68452650 0.95149678
vt 0.84027410 0.95430428
vt 0.83843851 0.95430428
vt 0.68733501 0.95149678
vt 0.84027410 0.95711285
vt 0.83843851 0.95711285
vt 0.68976724 0.95290107
vt 0.84027410 0.95992130
vt 0.83843851 0.95992130
vt 0.69117135 0.95533341
vt 0.84027410 0.96272987
vt 0.69117135 0.95814198
vt 0.83843851 0.96272987
vt 0.84027410 0.96553844
vt 0.68976724 0.96057409
vt 0.83843851 0.96553844
vt 0.84027410 0.96834701
vt 0.68733472 0.96197838
vt 0.83843851 0.96834701
vt 0.84027410 0.97115558
vt 0.68452615 0.96197838
vt 0.83843851 0.97115558
vt 0.84027410 0.97396404
vt 0.68209392 0.96057409
vt 0.83843851 0.97396404
vt 0.68593061 0.95673746
vt 0.44769707 0.96677274
vt 0.25480795 0.95150584
vt 0.44586149 0.96677274
vt 0.44769707 0.96396428
vt 0.25237572 0.95291001
vt 0.44586149 0.96396428
vt 0.44769707 0.96115559
vt 0.25097167 0.95534235
vt 0.44586149 0.96115559
vt 0.44769707 0.95834702
vt 0.25097167 0.95815092
vt 0.44586149 0.95834702
vt 0.44769707 0.95553845
vt 0.25237572 0.96058327
vt 0.44586149 0.95553845
vt 0.44769707 0.95272976
vt 0.25480831 0.96198756
vt 0.44586149 0.95272976
vt 0.44769707 0.94992119
vt 0.25761682 0.96198756
vt 0.44586149 0.94992119
vt 0.44769707 0.94711262
vt 0.26004905 0.96058327
vt 0.44586149 0.94711262
vt 0.44769707 0.94430405
vt 0.26145315 0.95815092
vt 0.44586149 0.94430405
vt 0.44769707 0.97519845
vt 0.44769707 0.94149560
vt 0.26145315 0.95534235
vt 0.44586149 0.97519845
vt 0.44586149 0.94149560
vt 0.44769707 0.97238976
vt 0.26004905 0.95291001
vt 0.44586149 0.97238976
vt 0.44769707 0.96958119
vt 0.25761652 0.95150572
vt 0.44586149 0.96958119
vt 0.25621241 0.95674664
vt 0.19616351 0.96192163
vt 0.19432828 0.96192163
vt 0.59086031 0.94150573
vt 0.19616386 0.95911294
vt 0.58842808 0.94291002
vt 0.19432828 0.95911294
vt 0.19616386 0.95630449
vt 0.58702362 0.94534224
vt 0.19432858 0.95630437
vt 0.19616386 0.98719853
vt 0.19616386 0.95349580
vt 0.58702362 0.94815069
vt 0.19432858 0.98719865
vt 0.19432858 0.95349580
vt 0.19616386 0.98438996
vt 0.58842772 0.95058316
vt 0.19432828 0.98439008
vt 0.19616351 0.98158139
vt 0.59086031 0.95198745
vt 0.19432828 0.98158163
vt 0.19616351 0.97877270
vt 0.19432792 0.97877282
vt 0.59366882 0.95198745
vt 0.19616351 0.97596437
vt 0.19432792 0.97596437
vt 0.59610105 0.95058328
vt 0.19616351 0.97315580
vt 0.19432792 0.97315580
vt 0.59750545 0.94815093
vt 0.19616351 0.97034723
vt 0.19432792 0.97034723
vt 0.59750545 0.94534236
vt 0.19616351 0.96753865
vt 0.19432792 0.96753854
vt 0.59610105 0.94291002
vt 0.19616351 0.96472996
vt 0.19432828 0.96472996
vt 0.59366882 0.94150573
vt 0.59226441 0.94674653
vt 0.64633679 0.62854356
vt 0.64633703 0.60486066
vt 0.98674703 0.69422257
vt 0.63590312 0.84951484
vt 0.64363581 0.87192661
vt 0.97839111 0.75077707
vt 0.64633703 0.62888616
vt 0.38723645 0.55611306
vt 0.64602065 0.62856978
vt 0.38747880 0.55611300
vt 0.97863352 0.75077707
vt 0.64611304 0.62879354
vt 0.36350065 0.55611306
vt 0.64602053 0.60483479
vt 0.95594758 0.24659568
vt 0.64633703 0.60451806
vt 0.36325836 0.55611300
vt 0.95570511 0.24659568
vt 0.64611304 0.60461080
vt 0.67753816 0.65090126
vt 0.99479628 0.71729887
vt 0.99423259 0.39881122
vt 0.99447954 0.71761549
vt 0.67729497 0.65090126
vt 0.99447590 0.39881122
vt 0.99470341 0.71752262
vt 0.98792696 0.20116460
vt 0.99447954 0.69324756
vt 0.70127243 0.65090126
vt 0.99479628 0.69356418
vt 0.70151573 0.65090126
vt 0.98768437 0.20116460
vt 0.99470341 0.69334006
vt 0.92253631 0.50771010
vt 0.65133226 0.87227011
vt 0.57779318 0.55611444
vt 0.65101570 0.87195337
vt 0.57803559 0.55611444
vt 0.92229402 0.50771010
vt 0.65110838 0.87217736
vt 0.55469608 0.55611444
vt 0.65101558 0.84885728
vt 0.94669312 0.50770736
vt 0.65133226 0.84854054
vt 0.55445379 0.55611444
vt 0.94693553 0.50770736
vt 0.65110838 0.84863329
vt 0.85495633 0.20722222
vt 0.64395243 0.87195253
vt 0.98010433 0.00353038
vt 0.64363569 0.87226921
vt 0.85471350 0.20722222
vt 0.98034728 0.00353038
vt 0.64385968 0.87217653
vt 0.98502159 0.94965160
vt 0.64363569 0.84853965
vt 0.87805223 0.20722222
vt 0.64395243 0.84885627
vt 0.87829554 0.20722222
vt 0.98526466 0.94965160
vt 0.64385968 0.84863228
vt 0.96368057 0.24659568
vt 0.65406966 0.60451806
vt 0.48438537 0.55611044
vt 0.65513206 0.60558045
vt 0.48519838 0.55611044
vt 0.96449381 0.24659568
vt 0.65482074 0.60482919
vt 0.46214148 0.55611044
vt 0.65513206 0.62782401
vt 0.97065789 0.75077707
vt 0.65406966 0.62888628
vt 0.98674703 0.71664000
vt 0.46132842 0.55611044
vt 0.96984476 0.75077707
vt 0.65482074 0.62857515
vt 0.93896008 0.50770736
vt 0.65906477 0.84854054
vt 0.84685153 0.30402493
vt 0.66012692 0.84960294
vt 0.84766448 0.30402493
vt 0.93814695 0.50770736
vt 0.65981591 0.84885168
vt 0.82524627 0.30402493
vt 0.66012692 0.87120771
vt 0.93026966 0.50771010
vt 0.65906477 0.87227011
vt 0.65906477 0.87129474
vt 0.82443315 0.30402505
vt 0.93108249 0.50771010
vt 0.65981591 0.87195897
vt 0.98568451 0.69430971
vt 0.82524830 0.55611241
vt 0.98674703 0.69324756
vt 0.99565947 0.20116460
vt 0.98599589 0.69355881
vt 0.82443482 0.55611241
vt 0.99647307 0.20116460
vt 0.63590312 0.87226921
vt 0.97237206 0.00353038
vt 0.63484079 0.87120682
vt 0.87778163 0.40485603
vt 0.63590312 0.87129396
vt 0.63515192 0.87195808
vt 0.87859511 0.40485603
vt 0.97155857 0.00353038
vt 0.98674703 0.71761549
vt 0.98650050 0.39881122
vt 0.98568451 0.71655321
vt 0.84749162 0.55611241
vt 0.99447942 0.71727300
vt 0.98599577 0.71730435
vt 0.84830511 0.55611241
vt 0.98568714 0.39881122
vt 0.63484091 0.84960186
vt 0.85617685 0.40485603
vt 0.63590312 0.84853965
vt 0.97728932 0.94965160
vt 0.63515192 0.84885073
vt 0.85536349 0.40485615
vt 0.97647572 0.94965160
vt 0.64363581 0.84888214
vt 0.99447942 0.69359004
vt 0.65133214 0.87192750
vt 0.65906477 0.84951591
vt 0.65133214 0.84888303
vt 0.65406966 0.62791073
vt 0.65406966 0.60549349
vt 0.98600161 0.72586024
vt 0.98600161 0.74954343
vt 0.55903304 0.84144139
vt 0.59137464 0.84144855
vt 0.58364213 0.86386037
vt 0.98600161 0.72551781
vt 0.97839230 0.50770897
vt 0.98568487 0.72583431
vt 0.38723645 0.79917443
vt 0.98577768 0.72561038
vt 0.38747743 0.79917443
vt 0.97863364 0.50770897
vt 0.98568487 0.74956936
vt 0.36350065 0.79917443
vt 0.98600161 0.74988562
vt 0.95594758 0.00352812
vt 0.98577780 0.74979311
vt 0.36325973 0.79917443
vt 0.95570642 0.00352812
vt 0.55098391 0.86451757
vt 0.64626205 0.84075063
vt 0.55130064 0.86483407
vt 0.87248665 0.98998046
vt 0.55107653 0.86474144
vt 0.64601958 0.84075063
vt 0.87272906 0.98998046
vt 0.55130064 0.84046632
vt 0.85664535 0.80013168
vt 0.55098379 0.84078282
vt 0.66999656 0.84075063
vt 0.55107653 0.84055889
vt 0.67023885 0.84075063
vt 0.85688722 0.80013168
vt 0.07481700 0.88638121
vt 0.92253643 0.75077820
vt 0.07513368 0.88606447
vt 0.57779324 0.79917628
vt 0.07504091 0.88628829
vt 0.57803422 0.79917628
vt 0.92229533 0.75077820
vt 0.07513368 0.86296803
vt 0.55469596 0.79917628
vt 0.07481700 0.86265159
vt 0.94669312 0.75077516
vt 0.07504091 0.86274427
vt 0.55445510 0.79917628
vt 0.94693422 0.75077516
vt 0.58332551 0.86388612
vt 0.87869513 0.60250050
vt 0.58364213 0.86420298
vt 0.98764515 0.00353038
vt 0.58341813 0.86411011
vt 0.87893754 0.60250050
vt 0.98740304 0.00353038
vt 0.58364213 0.84047329
vt 0.97208285 0.39101261
vt 0.58332551 0.84079003
vt 0.85559922 0.60250050
vt 0.58341813 0.84056592
vt 0.85535687 0.60250050
vt 0.97184002 0.39101261
vt 0.99373424 0.74988562
vt 0.96368021 0.00352812
vt 0.99479651 0.74882352
vt 0.48438513 0.79916799
vt 0.99448538 0.74957490
vt 0.48519766 0.79916799
vt 0.96449280 0.00352812
vt 0.99479651 0.72658008
vt 0.46214136 0.79916799
vt 0.99373412 0.72551781
vt 0.97065967 0.50770897
vt 0.55903304 0.86385870
vt 0.99448538 0.72582895
vt 0.46132889 0.79916799
vt 0.96984702 0.50770897
vt 0.06708452 0.86265159
vt 0.93896025 0.75077516
vt 0.06602210 0.86371368
vt 0.84685153 0.54708278
vt 0.06633323 0.86296260
vt 0.84766400 0.54708278
vt 0.93814778 0.75077516
vt 0.06602210 0.88531876
vt 0.82524639 0.54708278
vt 0.06708446 0.88638121
vt 0.93026918 0.75077820
vt 0.06708446 0.88540572
vt 0.06633323 0.88606983
vt 0.82443374 0.54708278
vt 0.93108177 0.75077820
vt 0.86462468 0.00957817
vt 0.56009543 0.84152848
vt 0.84891272 0.80013168
vt 0.55903304 0.84046632
vt 0.84809959 0.80013168
vt 0.86543775 0.00957817
vt 0.55978417 0.84077740
vt 0.99537754 0.00353038
vt 0.59137475 0.86420286
vt 0.73098844 0.89520675
vt 0.59243703 0.86314034
vt 0.59137464 0.86322737
vt 0.73180151 0.89520675
vt 0.99619067 0.00353038
vt 0.59212589 0.86389172
vt 0.86475444 0.98998046
vt 0.55903304 0.86483395
vt 0.84238154 0.00957817
vt 0.56009543 0.86377186
vt 0.55130064 0.86449164
vt 0.84156847 0.00957817
vt 0.86394125 0.98998046
vt 0.55978417 0.86452305
vt 0.70938361 0.89520675
vt 0.59243703 0.84153545
vt 0.97981495 0.39101261
vt 0.59137475 0.84047329
vt 0.70857066 0.89520675
vt 0.98062807 0.39101261
vt 0.59212589 0.84078455
vt 0.58364213 0.84081578
vt 0.55130064 0.84080869
vt 0.07481694 0.88603866
vt 0.06708452 0.86362684
vt 0.07481694 0.86299402
vt 0.99373412 0.72649306
vt 0.99373424 0.74891043
vt 0.99448788 0.68500340
vt 0.99448788 0.66132051
vt 0.99373603 0.62969184
vt 0.67523336 0.84951568
vt 0.66750085 0.87192738
vt 0.95424277 0.75077868
vt 0.99448788 0.68534589
vt 0.49249882 0.55611306
vt 0.99480474 0.68502927
vt 0.49225771 0.55611306
vt 0.95400161 0.75077868
vt 0.99471200 0.68525314
vt 0.51623398 0.55611306
vt 0.99480474 0.66129452
vt 0.94038886 0.25562084
vt 0.99448788 0.66097790
vt 0.51647502 0.55611306
vt 0.94014788 0.25562096
vt 0.99471200 0.66107064
vt 0.67753816 0.84075326
vt 0.98568684 0.65276766
vt 0.99423259 0.58865958
vt 0.98600328 0.65308428
vt 0.67729568 0.84075326
vt 0.99447513 0.58865958
vt 0.98577976 0.65299153
vt 0.98792720 0.39101315
vt 0.98600328 0.62871623
vt 0.70127243 0.84075326
vt 0.98568684 0.62903297
vt 0.70151490 0.84075326
vt 0.98768520 0.39101315
vt 0.98577976 0.62880909
vt 0.94840139 0.00353032
vt 0.69214141 0.87226516
vt 0.60842478 0.79916918
vt 0.69245809 0.87194854
vt 0.60866576 0.79916918
vt 0.94864231 0.00353032
vt 0.69236553 0.87217242
vt 0.58532798 0.79916918
vt 0.69245809 0.84885210
vt 0.96453929 0.49868447
vt 0.69214141 0.84853560
vt 0.58508676 0.79916906
vt 0.96478033 0.49868447
vt 0.69236553 0.84862846
vt 0.85495645 0.39707422
vt 0.66718429 0.87195313
vt 0.98010433 0.19337952
vt 0.66750085 0.87226987
vt 0.85471433 0.39707410
vt 0.98034668 0.19337952
vt 0.66727686 0.87217712
vt 0.98502171 0.75980276
vt 0.66750085 0.84854031
vt 0.87805223 0.39707422
vt 0.66718429 0.84885705
vt 0.87829494 0.39707422
vt 0.98526406 0.75980276
vt 0.66727686 0.84863305
vt 0.94812161 0.25562084
vt 0.98675525 0.66097790
vt 0.54658240 0.79916799
vt 0.98569316 0.66203994
vt 0.54739469 0.79916799
vt 0.94893408 0.25562096
vt 0.98600417 0.66128904
vt 0.52433866 0.79916793
vt 0.98569316 0.68428373
vt 0.96197551 0.75077868
vt 0.98675525 0.68534589
vt 0.99373603 0.65210891
vt 0.52352613 0.79916793
vt 0.96278822 0.75077868
vt 0.98600417 0.68503487
vt 0.95680654 0.49868435
vt 0.68440890 0.84853560
vt 0.61653674 0.55610746
vt 0.68334669 0.84959799
vt 0.61572421 0.55610758
vt 0.95599401 0.49868447
vt 0.68365782 0.84884661
vt 0.63814187 0.55610746
vt 0.68334669 0.87120283
vt 0.94066864 0.00353032
vt 0.68440890 0.87226516
vt 0.68440878 0.87128979
vt 0.63895440 0.55610746
vt 0.93985599 0.00353032
vt 0.68365782 0.87195390
vt 0.99479830 0.62977886
vt 0.82524830 0.74596548
vt 0.99373603 0.62871635
vt 0.99565947 0.39101315
vt 0.99448705 0.62902761
vt 0.82443535 0.74596548
vt 0.99647272 0.39101315
vt 0.67523354 0.87226987
vt 0.97237217 0.19337952
vt 0.67629582 0.87120748
vt 0.87778175 0.59470904
vt 0.67523336 0.87129450
vt 0.67598480 0.87195873
vt 0.87859476 0.59470916
vt 0.97155905 0.19337952
vt 0.99373603 0.65308428
vt 0.98650062 0.58865958
vt 0.99479830 0.65202200
vt 0.84749162 0.74596548
vt 0.98600328 0.65274179
vt 0.99448705 0.65277314
vt 0.84830457 0.74596548
vt 0.98568755 0.58865958
vt 0.67629594 0.84960258
vt 0.85617697 0.59470916
vt 0.67523354 0.84854031
vt 0.97728956 0.75980276
vt 0.67598480 0.84885144
vt 0.85536397 0.59470916
vt 0.97647631 0.75980276
vt 0.66750085 0.84888279
vt 0.98600328 0.62905884
vt 0.69214153 0.87192273
vt 0.68440896 0.84951091
vt 0.69214153 0.84887803
vt 0.98675525 0.68437058
vt 0.98675525 0.66195309
vt 0.53513706 0.86449194
vt 0.53513706 0.84080911
vt 0.98675114 0.59742093
vt 0.56821543 0.84144831
vt 0.57594818 0.86386001
vt 0.53513706 0.86483455
vt 0.95424277 0.50771141
vt 0.53482038 0.86451787
vt 0.49249882 0.79917443
vt 0.53491306 0.86474180
vt 0.49225628 0.79917443
vt 0.95400041 0.50771141
vt 0.53482038 0.84078324
vt 0.51623410 0.79917443
vt 0.53513706 0.84046656
vt 0.94038886 0.49868858
vt 0.53491306 0.84055912
vt 0.51647645 0.79917443
vt 0.94014657 0.49868858
vt 0.99480045 0.62049699
vt 0.64626181 0.65089875
vt 0.99448365 0.62081361
vt 0.87248665 0.80013156
vt 0.99470788 0.62072086
vt 0.64601862 0.65089875
vt 0.87272978 0.80013156
vt 0.99448365 0.59644568
vt 0.85664511 0.98998022
vt 0.99480045 0.59676206
vt 0.66999632 0.65089864
vt 0.99470788 0.59653842
vt 0.67023945 0.65089875
vt 0.85688794 0.98998022
vt 0.59981704 0.86420423
vt 0.94840175 0.24659866
vt 0.59950060 0.86388749
vt 0.60842496 0.55610758
vt 0.59959328 0.86411160
vt 0.60866702 0.55610758
vt 0.94864398 0.24659866
vt 0.59950060 0.84079134
vt 0.58532804 0.55610758
vt 0.59981704 0.84047472
vt 0.96453953 0.25561690
vt 0.59959316 0.84056735
vt 0.58508569 0.55610758
vt 0.96478188 0.25561690
vt 0.57626486 0.86388570
vt 0.87869513 0.79235250
vt 0.57594806 0.86420250
vt 0.98764539 0.19337934
vt 0.57617217 0.86410981
vt 0.87893844 0.79235250
vt 0.98740256 0.19337934
vt 0.57594806 0.84047312
vt 0.97208226 0.20116383
vt 0.57626486 0.84078979
vt 0.85559922 0.79235250
vt 0.57617217 0.84056562
vt 0.85535628 0.79235250
vt 0.97183895 0.20116383
vt 0.54286969 0.84046656
vt 0.94812185 0.49868858
vt 0.54393178 0.84152883
vt 0.54658246 0.55611056
vt 0.54362088 0.84077775
vt 0.54739535 0.55611044
vt 0.94893503 0.49868858
vt 0.54393178 0.86377233
vt 0.52433872 0.55611044
vt 0.54286969 0.86483455
vt 0.96197599 0.50771141
vt 0.98675114 0.61983824
vt 0.54362088 0.86452335
vt 0.52352571 0.55611056
vt 0.96278918 0.50771141
vt 0.60754967 0.84047472
vt 0.95680654 0.25561690
vt 0.60861200 0.84153700
vt 0.61653662 0.79916543
vt 0.60830081 0.84078586
vt 0.61572349 0.79916543
vt 0.95599341 0.25561690
vt 0.60861200 0.86314183
vt 0.63814187 0.79916543
vt 0.60754967 0.86420423
vt 0.94066876 0.24659866
vt 0.60754955 0.86322880
vt 0.60830081 0.86389309
vt 0.63895488 0.79916543
vt 0.93985552 0.24659866
vt 0.86462468 0.19943154
vt 0.98568892 0.59750807
vt 0.84891272 0.98998022
vt 0.98675114 0.59644568
vt 0.84809911 0.98998022
vt 0.86543822 0.19943154
vt 0.98600012 0.59675670
vt 0.99537790 0.19337934
vt 0.56821555 0.86420250
vt 0.73098844 0.70535368
vt 0.56715316 0.86314011
vt 0.56821543 0.86322719
vt 0.73180187 0.70535368
vt 0.99619150 0.19337922
vt 0.56746435 0.86389130
vt 0.86475432 0.80013156
vt 0.98675114 0.62081361
vt 0.84238142 0.19943154
vt 0.98568892 0.61975133
vt 0.99448365 0.62047112
vt 0.84156799 0.19943154
vt 0.86394089 0.80013156
vt 0.98600012 0.62050259
vt 0.70938349 0.70535368
vt 0.56715328 0.84153533
vt 0.97981459 0.20116383
vt 0.56821555 0.84047312
vt 0.70857018 0.70535368
vt 0.98062807 0.20116383
vt 0.56746435 0.84078419
vt 0.57594818 0.84081548
vt 0.99448365 0.59678805
vt 0.59981704 0.86386156
vt 0.60754955 0.84145004
vt 0.59981704 0.84081727
vt 0.54286969 0.86385918
vt 0.54286969 0.84144181
vt 0.33168077 0.90382284
vt 0.31328869 0.90382284
vt 0.18156368 0.99351054
vt 0.01515234 0.95949978
vt 0.98138767 0.95750588
vt 0.33168077 0.92221457
vt 0.18156368 0.96750063
vt 0.33168077 0.90150172
vt 0.31328869 0.90150172
vt 0.01283145 0.95949978
vt 0.98362803 0.95750588
vt 0.33392107 0.92221457
vt 0.33392107 0.90382284
vt 0.33392107 0.90150172
vt 0.07475895 0.89549929
vt 0.64417934 0.94451994
vt 0.18351591 0.99351054
vt 0.01515234 0.96145231
vt 0.07475895 0.91389102
vt 0.66257107 0.94451994
vt 0.56990904 0.89750141
vt 0.98138767 0.95945829
vt 0.66257107 0.92612821
vt 0.18351591 0.96750063
vt 0.56990904 0.91589326
vt 0.98362803 0.95945829
vt 0.01283145 0.96145231
vt 0.72836226 0.93188649
vt 0.70997053 0.93188649
vt 0.35849538 0.96350437
vt 0.01515234 0.98249429
vt 0.98138767 0.98050064
vt 0.72836226 0.91349465
vt 0.35849538 0.98951441
vt 0.72836226 0.93420762
vt 0.70997053 0.93420762
vt 0.01283145 0.98249429
vt 0.98362803 0.98050064
vt 0.73060298 0.91349465
vt 0.73060298 0.93188649
vt 0.73060298 0.93420762
vt 0.05566901 0.89549929
vt 0.31863207 0.94613510
vt 0.36044762 0.96350437
vt 0.01515234 0.98054188
vt 0.05566901 0.91389102
vt 0.30562717 0.93313009
vt 0.55081910 0.89750141
vt 0.98138767 0.97854811
vt 0.31863207 0.92012519
vt 0.36044762 0.98951441
vt 0.55081910 0.91589326
vt 0.98362803 0.97854811
vt 0.01283145 0.98054188
vt 0.64791232 0.90974730
vt 0.20316905 0.95949978
vt 0.51917809 0.96949440
vt 0.64791232 0.92813903
vt 0.49316823 0.96949440
vt 0.92134529 0.96974605
vt 0.62952054 0.90974730
vt 0.65023321 0.90974730
vt 0.20548999 0.95949978
vt 0.65023321 0.92813903
vt 0.92134529 0.96750551
vt 0.62952054 0.90750664
vt 0.64791232 0.90750664
vt 0.65023321 0.90750664
vt 0.20316905 0.96145231
vt 0.51917809 0.97144681
vt 0.27358067 0.89389104
vt 0.03647351 0.96613914
vt 0.29967862 0.89389139
vt 0.27358067 0.87549931
vt 0.02346861 0.95313424
vt 0.29967862 0.87549967
vt 0.49316823 0.97144681
vt 0.91939270 0.96974605
vt 0.03647351 0.94012922
vt 0.91939270 0.96750551
vt 0.20548999 0.96145231
vt 0.16837257 0.92789561
vt 0.20316905 0.98249453
vt 0.48615801 0.96150523
vt 0.16837257 0.90950388
vt 0.48615801 0.98751456
vt 0.89835018 0.96974605
vt 0.14998055 0.92789561
vt 0.17069352 0.92789561
vt 0.20548999 0.98249453
vt 0.17069352 0.90950388
vt 0.89835018 0.96750551
vt 0.14998084 0.93013626
vt 0.16837257 0.93013626
vt 0.17069352 0.93013626
vt 0.20316905 0.98054212
vt 0.48420548 0.96150523
vt 0.25449073 0.89389104
vt 0.10498554 0.95589143
vt 0.28058863 0.89389139
vt 0.25449073 0.87549931
vt 0.10498554 0.93749970
vt 0.28058863 0.87549967
vt 0.48420548 0.98751467
vt 0.90030277 0.96974605
vt 0.08659381 0.93749970
vt 0.90030277 0.96750551
vt 0.20548999 0.98054212
vt 0.67563277 0.90973932
vt 0.67563277 0.92813104
vt 0.32090932 0.96750051
vt 0.34022394 0.95949978
vt 0.12306148 0.96150142
vt 0.65724075 0.90973932
vt 0.32090932 0.99351054
vt 0.67795372 0.90973932
vt 0.67795372 0.92813104
vt 0.34254518 0.95949978
vt 0.12082082 0.96150142
vt 0.65724075 0.90749866
vt 0.67563277 0.90749878
vt 0.67795372 0.90749866
vt 0.24398148 0.96613246
vt 0.08212733 0.88349396
vt 0.32286191 0.96750051
vt 0.34022394 0.96145219
vt 0.23097658 0.95312744
vt 0.08212733 0.90188593
vt 0.63447827 0.88150615
vt 0.12306148 0.96345383
vt 0.24398148 0.94012243
vt 0.32286191 0.99351054
vt 0.63447827 0.89989787
vt 0.12082082 0.96345383
vt 0.34254518 0.96145219
vt 0.04952961 0.92381483
vt 0.03113782 0.92381483
vt 0.14867914 0.96150333
vt 0.34022394 0.98249429
vt 0.12306148 0.98449606
vt 0.04952961 0.94220656
vt 0.14867914 0.98751324
vt 0.04952961 0.92149371
vt 0.03113782 0.92149371
vt 0.34254518 0.98249429
vt 0.12082082 0.98449606
vt 0.05177027 0.94220656
vt 0.05177027 0.92381483
vt 0.05177027 0.92149371
vt 0.53179371 0.92412931
vt 0.10121715 0.88349396
vt 0.14672655 0.96150333
vt 0.34022394 0.98054188
vt 0.51878881 0.93713433
vt 0.10121715 0.90188593
vt 0.65356785 0.88150615
vt 0.12306148 0.98254365
vt 0.53179371 0.95013922
vt 0.14672655 0.98751324
vt 0.65356785 0.89989787
vt 0.12082082 0.98254365
vt 0.34254518 0.98054188
vt 0.60694903 0.89974362
vt 0.00582749 0.95950407
vt 0.22588956 0.96150333
vt 0.60694903 0.91813558
vt 0.22588956 0.98751301
vt 0.25097328 0.97173423
vt 0.62534082 0.89974362
vt 0.60462815 0.89974362
vt 0.00350624 0.95950407
vt 0.60462815 0.91813558
vt 0.25097328 0.96949381
vt 0.62534082 0.89750296
vt 0.60694903 0.89750296
vt 0.60462815 0.89750296
vt 0.00582749 0.96145672
vt 0.22393703 0.96150333
vt 0.13431048 0.91389614
vt 0.13088900 0.95589298
vt 0.30668205 0.89389604
vt 0.13431048 0.89550418
vt 0.13088900 0.93750101
vt 0.30668205 0.87550408
vt 0.22393703 0.98751301
vt 0.25292587 0.97173423
vt 0.11249727 0.93750101
vt 0.25292587 0.96949381
vt 0.00350624 0.96145672
vt 0.35930967 0.91774362
vt 0.00582749 0.98249882
vt 0.68682849 0.96949333
vt 0.35930967 0.93613535
vt 0.66081864 0.96949333
vt 0.27396846 0.97173446
vt 0.34091789 0.91774362
vt 0.36163056 0.91774362
vt 0.00350624 0.98249882
vt 0.36163056 0.93613535
vt 0.27396846 0.96949381
vt 0.34091789 0.91550297
vt 0.35930967 0.91550297
vt 0.36163056 0.91550297
vt 0.00582749 0.98054641
vt 0.68682849 0.97144574
vt 0.15340006 0.91389614
vt 0.49608582 0.95814115
vt 0.32577169 0.89389604
vt 0.15340006 0.89550418
vt 0.48308092 0.94513625
vt 0.32577169 0.87550408
vt 0.66081864 0.97144574
vt 0.27201587 0.97173446
vt 0.49608582 0.93213123
vt 0.27201587 0.96949381
vt 0.00350624 0.98054641
vt 0.27640867 0.90382630
vt 0.25801694 0.90382630
vt 0.63154495 0.96550125
vt 0.89136124 0.95749933
vt 0.45469031 0.95950454
vt 0.27640867 0.92221802
vt 0.63154495 0.99151093
vt 0.27640867 0.90150517
vt 0.25801694 0.90150517
vt 0.88904035 0.95749933
vt 0.45693067 0.95950454
vt 0.27864933 0.92221802
vt 0.27864933 0.90382630
vt 0.27864933 0.90150517
vt 0.12731451 0.88350052
vt 0.42046565 0.95052391
vt 0.62959236 0.96550125
vt 0.89136124 0.95945185
vt 0.12731451 0.90189224
vt 0.43885738 0.95052391
vt 0.67966288 0.88149995
vt 0.45469031 0.96145695
vt 0.43885738 0.93213218
vt 0.62959236 0.99151093
vt 0.67966288 0.89989191
vt 0.45693067 0.96145695
vt 0.88904035 0.95945185
vt 0.50913316 0.91573721
vt 0.50913316 0.93412894
vt 0.29614151 0.96150380
vt 0.89136124 0.98049420
vt 0.45469031 0.98249906
vt 0.49074137 0.91573721
vt 0.29614151 0.98751372
vt 0.51145440 0.91573721
vt 0.51145440 0.93412894
vt 0.88904035 0.98049420
vt 0.45693067 0.98249906
vt 0.49074137 0.91349643
vt 0.50913316 0.91349643
vt 0.51145440 0.91349643
vt 0.10822493 0.88350052
vt 0.29099554 0.94613379
vt 0.29809374 0.96150380
vt 0.89136124 0.97854167
vt 0.10822493 0.90189224
vt 0.27799052 0.93312877
vt 0.66057324 0.88149995
vt 0.45469031 0.98054665
vt 0.29099554 0.92012376
vt 0.29809374 0.98751372
vt 0.66057324 0.89989191
vt 0.45693067 0.98054665
vt 0.88904035 0.97854167
vt 0.48142648 0.91573614
vt 0.62027943 0.95749849
vt 0.38286197 0.96549934
vt 0.48142648 0.93412799
vt 0.38286197 0.99150926
vt 0.95134169 0.96973711
vt 0.46303487 0.91573626
vt 0.48374772 0.91573626
vt 0.62260067 0.95749849
vt 0.48374772 0.93412799
vt 0.95134169 0.96749657
vt 0.46303487 0.91349560
vt 0.48142648 0.91349560
vt 0.48374772 0.91349560
vt 0.62027943 0.95945102
vt 0.38481456 0.96549934
vt 0.35186672 0.89389235
vt 0.07909209 0.94614500
vt 0.55384749 0.88988751
vt 0.35186672 0.87550062
vt 0.06608713 0.93314010
vt 0.55384749 0.87149566
vt 0.38481456 0.99150926
vt 0.94938910 0.96973711
vt 0.07909209 0.92013496
vt 0.94938910 0.96749657
vt 0.62260067 0.95945102
vt 0.36883506 0.90589422
vt 0.62027943 0.98049325
vt 0.33181715 0.96749943
vt 0.36883506 0.88750249
vt 0.33181715 0.99350911
vt 0.92834711 0.96973711
vt 0.35044351 0.90589422
vt 0.37115601 0.90589422
vt 0.62260067 0.98049325
vt 0.37115601 0.88750249
vt 0.92834711 0.96749657
vt 0.35044351 0.90813500
vt 0.36883506 0.90813500
vt 0.37115601 0.90813500
vt 0.62027943 0.97854084
vt 0.32986474 0.96749943
vt 0.33277678 0.89389235
vt 0.55768818 0.94189471
vt 0.53475791 0.88988751
vt 0.33277678 0.87550062
vt 0.55768818 0.92350274
vt 0.53475791 0.87149566
vt 0.32986474 0.99350911
vt 0.93029970 0.96973711
vt 0.53929645 0.92350274
vt 0.93029970 0.96749657
vt 0.62260067 0.97854084
vt 0.59530056 0.89974231
vt 0.59530056 0.91813403
vt 0.02409995 0.99351126
vt 0.69815952 0.96181983
vt 0.96513921 0.95750457
vt 0.57690895 0.89974231
vt 0.02409995 0.96750122
vt 0.59762180 0.89974231
vt 0.59762180 0.91813403
vt 0.69815952 0.95949870
vt 0.96289855 0.95750457
vt 0.57690895 0.89750165
vt 0.59530056 0.89750177
vt 0.59762180 0.89750177
vt 0.56085312 0.87150246
vt 0.23162997 0.94214505
vt 0.02214736 0.99351126
vt 0.70011210 0.96181983
vt 0.56085312 0.88989431
vt 0.21862507 0.92914003
vt 0.49864882 0.88749498
vt 0.96513921 0.95945698
vt 0.23162997 0.91613501
vt 0.02214736 0.96750122
vt 0.49864882 0.90588671
vt 0.96289855 0.95945698
vt 0.70011210 0.95949870
vt 0.42606694 0.90182668
vt 0.40767503 0.90182692
vt 0.17261988 0.99350947
vt 0.72115427 0.96181983
vt 0.96513921 0.98049909
vt 0.42606694 0.92021841
vt 0.17261988 0.96749967
vt 0.42606694 0.89950567
vt 0.40767503 0.89950567
vt 0.72115427 0.95949870
vt 0.96289855 0.98049909
vt 0.42830729 0.92021841
vt 0.42830729 0.90182668
vt 0.42830729 0.89950567
vt 0.57994288 0.87150246
vt 0.39851981 0.94012791
vt 0.17457247 0.99350947
vt 0.71920168 0.96181983
vt 0.57994288 0.88989431
vt 0.38551491 0.95313293
vt 0.51773864 0.88749498
vt 0.96513921 0.97854656
vt 0.39851981 0.96613783
vt 0.17457247 0.96749967
vt 0.51773864 0.90588671
vt 0.96289855 0.97854656
vt 0.71920168 0.95949870
vt 0.11171681 0.92788523
vt 0.88204807 0.95749825
vt 0.71983409 0.97144681
vt 0.13010883 0.92788523
vt 0.69382489 0.97144681
vt 0.58842713 0.96374267
vt 0.11171681 0.90949339
vt 0.11171710 0.93020636
vt 0.87972713 0.95749825
vt 0.13010883 0.93020636
vt 0.58842713 0.96150213
vt 0.10947645 0.90949339
vt 0.10947645 0.92788523
vt 0.10947645 0.93020636
vt 0.88204807 0.95945078
vt 0.71983409 0.96949440
vt 0.20420927 0.91389543
vt 0.15678108 0.95589536
vt 0.44646698 0.90589005
vt 0.20420927 0.89550370
vt 0.15678108 0.93750364
vt 0.44646698 0.88749820
vt 0.69382489 0.96949428
vt 0.59037971 0.96374267
vt 0.13838899 0.93750364
vt 0.59037971 0.96150213
vt 0.87972713 0.95945078
vt 0.24868500 0.90374130
vt 0.88204807 0.98049301
vt 0.77623343 0.96949357
vt 0.24868500 0.92213327
vt 0.75022358 0.96949357
vt 0.61142230 0.96374291
vt 0.23029327 0.90374130
vt 0.25100625 0.90374130
vt 0.87972713 0.98049301
vt 0.25100625 0.92213303
vt 0.61142230 0.96150213
vt 0.23029327 0.90150076
vt 0.24868500 0.90150076
vt 0.25100625 0.90150076
vt 0.88204807 0.97854060
vt 0.77623343 0.97144598
vt 0.22329926 0.91389543
vt 0.19103199 0.94614059
vt 0.46555662 0.90589005
vt 0.22329926 0.89550370
vt 0.17802703 0.93313545
vt 0.46555662 0.88749820
vt 0.75022358 0.97144598
vt 0.60946965 0.96374291
vt 0.19103199 0.92013055
vt 0.60946965 0.96150213
vt 0.87972713 0.97854060
vt 0.02189392 0.92381555
vt 0.00350219 0.92381555
vt 0.09861213 0.96350437
vt 0.31391919 0.95950121
vt 0.97215015 0.95750552
vt 0.02189392 0.94220728
vt 0.09861213 0.98951417
vt 0.02189392 0.92149442
vt 0.00350219 0.92149442
vt 0.31159794 0.95950121
vt 0.97439080 0.95750552
vt 0.02413458 0.94220728
vt 0.02413458 0.92381555
vt 0.02413458 0.92149442
vt 0.19721025 0.89350146
vt 0.67390728 0.94252354
vt 0.09665954 0.96350425
vt 0.31391919 0.96145386
vt 0.19721025 0.91189343
vt 0.69229901 0.94252354
vt 0.60603654 0.87149888
vt 0.97215050 0.95945793
vt 0.69229901 0.92413169
vt 0.09665954 0.98951417
vt 0.60603654 0.88989061
vt 0.97439080 0.95945793
vt 0.31159794 0.96145386
vt 0.45370167 0.91574413
vt 0.45370167 0.93413585
vt 0.69946653 0.84950298
vt 0.31391919 0.98249620
vt 0.97215015 0.98050028
vt 0.43531007 0.91574413
vt 0.69946653 0.87551290
vt 0.45602292 0.91574413
vt 0.45602292 0.93413585
vt 0.31159794 0.98249620
vt 0.97439080 0.98050028
vt 0.43531007 0.91350347
vt 0.45370167 0.91350347
vt 0.45602292 0.91350347
vt 0.17812026 0.89350146
vt 0.38218468 0.94613475
vt 0.70141912 0.84950298
vt 0.31391919 0.98054355
vt 0.17812026 0.91189343
vt 0.36917979 0.93312985
vt 0.58694661 0.87149888
vt 0.97215015 0.97854775
vt 0.38218468 0.92012483
vt 0.70141912 0.87551290
vt 0.58694661 0.88989061
vt 0.97439080 0.97854775
vt 0.31159794 0.98054355
vt 0.10014421 0.91174418
vt 0.44646317 0.85350662
vt 0.21248966 0.96550232
vt 0.10014421 0.93013591
vt 0.21248966 0.99151200
vt 0.81188935 0.96374005
vt 0.08175248 0.91174418
vt 0.10246545 0.91174418
vt 0.44878405 0.85350662
vt 0.10246545 0.93013591
vt 0.81188935 0.96149951
vt 0.08175248 0.90950352
vt 0.10014421 0.90950352
vt 0.10246545 0.90950352
vt 0.44646317 0.85545903
vt 0.21444225 0.96550232
vt 0.49164802 0.90589112
vt 0.63614416 0.95813209
vt 0.43945968 0.89188856
vt 0.49164802 0.88749915
vt 0.62313926 0.94512707
vt 0.43945968 0.87349659
vt 0.21444225 0.99151200
vt 0.80993676 0.96374005
vt 0.63614416 0.93212205
vt 0.80993676 0.96149951
vt 0.44878405 0.85545903
vt 0.61947823 0.93388516
vt 0.44646317 0.87650150
vt 0.56537312 0.96150476
vt 0.61947823 0.91549331
vt 0.56537312 0.98751456
vt 0.78889459 0.96374005
vt 0.60108650 0.93388516
vt 0.62179953 0.93388516
vt 0.44878405 0.87650150
vt 0.62179953 0.91549331
vt 0.78889459 0.96149951
vt 0.60108650 0.93612570
vt 0.61947823 0.93612570
vt 0.62179953 0.93612570
vt 0.44646317 0.87454897
vt 0.56342083 0.96150476
vt 0.47255802 0.90589112
vt 0.34452444 0.95189339
vt 0.42036974 0.89188856
vt 0.47255802 0.88749915
vt 0.34452444 0.93350166
vt 0.42036974 0.87349659
vt 0.56342053 0.98751456
vt 0.79084718 0.96374005
vt 0.32613271 0.93350166
vt 0.79084718 0.96149951
vt 0.44878405 0.87454897
vt 0.39655891 0.90374500
vt 0.39655891 0.92213696
vt 0.82083672 0.98751432
vt 0.41434759 0.96182626
vt 0.54601967 0.95950204
vt 0.37816736 0.90374500
vt 0.82083672 0.96150428
vt 0.39888015 0.90374500
vt 0.39888015 0.92213696
vt 0.41434759 0.95950514
vt 0.54377896 0.95950204
vt 0.37816736 0.90150446
vt 0.39655891 0.90150446
vt 0.39888015 0.90150446
vt 0.38158202 0.87549657
vt 0.46836731 0.95814294
vt 0.81888419 0.98751432
vt 0.41630012 0.96182626
vt 0.38158202 0.89388853
vt 0.45536241 0.94513804
vt 0.52473724 0.89750463
vt 0.54601967 0.96145445
vt 0.46836731 0.93213290
vt 0.81888419 0.96150428
vt 0.52473724 0.91589636
vt 0.54377896 0.96145445
vt 0.41630012 0.95950514
vt 0.30404115 0.90382689
vt 0.28564960 0.90382689
vt 0.34954342 0.98751503
vt 0.43734235 0.96182626
vt 0.54601967 0.98249668
vt 0.30404115 0.92221862
vt 0.34954342 0.96150500
vt 0.30404115 0.90150589
vt 0.28564960 0.90150589
vt 0.43734235 0.95950514
vt 0.54377896 0.98249668
vt 0.30628181 0.92221862
vt 0.30628181 0.90382689
vt 0.30628181 0.90150589
vt 0.40067166 0.87549657
vt 0.58024269 0.91613322
vt 0.35149601 0.98751503
vt 0.43538976 0.96182626
vt 0.40067166 0.89388853
vt 0.56723779 0.92913836
vt 0.54382718 0.89750463
vt 0.54601967 0.98054427
vt 0.58024269 0.94214326
vt 0.35149601 0.96150500
vt 0.54382718 0.91589636
vt 0.54377896 0.98054427
vt 0.43538976 0.95950514
vt 0.40811959 0.93188614
vt 0.58142054 0.95750397
vt 0.80923831 0.97345322
vt 0.42651173 0.93188614
vt 0.78322911 0.97345322
vt 0.05230153 0.96974117
vt 0.40811959 0.91349441
vt 0.40811995 0.93420726
vt 0.57909966 0.95750397
vt 0.42651173 0.93420726
vt 0.05230153 0.96750063
vt 0.40587929 0.91349429
vt 0.40587929 0.93188614
vt 0.40587929 0.93420726
vt 0.58142054 0.95945638
vt 0.80923831 0.97150058
vt 0.02958798 0.91389340
vt 0.21693492 0.95789033
vt 0.00350207 0.91389292
vt 0.02958798 0.89550167
vt 0.21693492 0.93949860
vt 0.00350207 0.89550120
vt 0.78322875 0.97150058
vt 0.05425376 0.96974117
vt 0.19854319 0.93949860
vt 0.05425376 0.96750063
vt 0.57909930 0.95945638
vt 0.70506412 0.90574139
vt 0.58142054 0.98049849
vt 0.07831389 0.97750062
vt 0.70506412 0.92413312
vt 0.05230403 0.97750062
vt 0.07529628 0.96974140
vt 0.68667221 0.90574139
vt 0.70738500 0.90574139
vt 0.57909966 0.98049849
vt 0.70738500 0.92413312
vt 0.07529628 0.96750063
vt 0.68667221 0.90350074
vt 0.70506412 0.90350074
vt 0.70738500 0.90350074
vt 0.58142054 0.97854608
vt 0.07831389 0.97945327
vt 0.04867762 0.91389340
vt 0.26335132 0.94614345
vt 0.02259171 0.91389292
vt 0.04867762 0.89550167
vt 0.25034606 0.93313843
vt 0.02259171 0.89550120
vt 0.05230403 0.97945303
vt 0.07334369 0.96974140
vt 0.26335132 0.92013353
vt 0.07334369 0.96750063
vt 0.57909966 0.97854608
vt 0.43053985 0.97976565
vt 0.87244022 0.04689002
vt 0.87343633 0.04689002
vt 0.42837030 0.98352325
vt 0.87244022 0.05122888
vt 0.87343633 0.05122888
vt 0.42461270 0.98569274
vt 0.87244022 0.05556786
vt 0.87244022 0.00350046
vt 0.87343633 0.05556786
vt 0.87343633 0.00350046
vt 0.42027384 0.98569274
vt 0.87244022 0.00783932
vt 0.87343633 0.00783932
vt 0.41651613 0.98352331
vt 0.87244028 0.01217836
vt 0.87343633 0.01217830
vt 0.41434669 0.97976565
vt 0.87244028 0.01651728
vt 0.87343639 0.01651728
vt 0.41434669 0.97542667
vt 0.87244028 0.02085626
vt 0.87343639 0.02085626
vt 0.41651613 0.97166902
vt 0.87244028 0.02519524
vt 0.87343639 0.02519524
vt 0.42027384 0.96949959
vt 0.87244028 0.02953410
vt 0.87343639 0.02953410
vt 0.42461270 0.96949959
vt 0.87244028 0.03387308
vt 0.87343639 0.03387308
vt 0.42837030 0.97166902
vt 0.87244028 0.03821206
vt 0.87343633 0.03821206
vt 0.43053985 0.97542667
vt 0.87244022 0.04255104
vt 0.87343633 0.04255104
vt 0.42244327 0.97759616
vt 0.60460985 0.98176575
vt 0.87244022 0.10689002
vt 0.87343633 0.10689002
vt 0.60244030 0.98552334
vt 0.87244022 0.11122888
vt 0.87343633 0.11122888
vt 0.59868270 0.98769283
vt 0.87244022 0.11556786
vt 0.87244022 0.06350046
vt 0.87343633 0.11556786
vt 0.87343633 0.06350046
vt 0.59434384 0.98769283
vt 0.87244022 0.06783932
vt 0.87343633 0.06783932
vt 0.59058613 0.98552340
vt 0.87244028 0.07217836
vt 0.87343633 0.07217830
vt 0.58841670 0.98176575
vt 0.87244028 0.07651728
vt 0.87343639 0.07651728
vt 0.58841670 0.97742677
vt 0.87244028 0.08085626
vt 0.87343639 0.08085626
vt 0.59058613 0.97366911
vt 0.87244028 0.08519524
vt 0.87343639 0.08519524
vt 0.59434384 0.97149968
vt 0.87244028 0.08953410
vt 0.87343639 0.08953410
vt 0.59868270 0.97149968
vt 0.87244028 0.09387308
vt 0.87343639 0.09387308
vt 0.60244030 0.97366911
vt 0.87244028 0.09821206
vt 0.87343633 0.09821206
vt 0.60460985 0.97742677
vt 0.87244022 0.10255104
vt 0.87343633 0.10255104
vt 0.59651327 0.97959626
vt 0.24907981 0.98776567
vt 0.87244022 0.16689003
vt 0.87343633 0.16689003
vt 0.24691026 0.99152327
vt 0.87244022 0.17122889
vt 0.87343633 0.17122889
vt 0.24315266 0.99369276
vt 0.87244022 0.17556787
vt 0.87244022 0.12350047
vt 0.87343633 0.17556787
vt 0.87343633 0.12350047
vt 0.23881380 0.99369276
vt 0.87244022 0.12783933
vt 0.87343633 0.12783933
vt 0.23505609 0.99152333
vt 0.87244028 0.13217837
vt 0.87343633 0.13217831
vt 0.23288666 0.98776567
vt 0.87244028 0.13651729
vt 0.87343639 0.13651729
vt 0.23288666 0.98342669
vt 0.87244028 0.14085627
vt 0.87343639 0.14085627
vt 0.23505609 0.97966903
vt 0.87244028 0.14519525
vt 0.87343639 0.14519525
vt 0.23881380 0.97749960
vt 0.87244028 0.14953411
vt 0.87343639 0.14953411
vt 0.24315266 0.97749960
vt 0.87244028 0.15387309
vt 0.87343639 0.15387309
vt 0.24691026 0.97966903
vt 0.87244028 0.15821207
vt 0.87343633 0.15821207
vt 0.24907981 0.98342669
vt 0.87244022 0.16255105
vt 0.87343633 0.16255105
vt 0.24098323 0.98559618
vt 0.53392220 0.98776567
vt 0.84150910 0.25089002
vt 0.84250522 0.25089002
vt 0.53175265 0.99152327
vt 0.84150910 0.25522888
vt 0.84250522 0.25522888
vt 0.52799505 0.99369276
vt 0.84150910 0.25956786
vt 0.84150910 0.20750046
vt 0.84250522 0.25956786
vt 0.84250522 0.20750046
vt 0.52365619 0.99369276
vt 0.84150910 0.21183932
vt 0.84250522 0.21183932
vt 0.51989847 0.99152333
vt 0.84150916 0.21617836
vt 0.84250522 0.21617830
vt 0.51772904 0.98776567
vt 0.84150916 0.22051728
vt 0.84250528 0.22051728
vt 0.51772904 0.98342669
vt 0.84150916 0.22485626
vt 0.84250528 0.22485626
vt 0.51989847 0.97966903
vt 0.84150916 0.22919524
vt 0.84250528 0.22919524
vt 0.52365619 0.97749960
vt 0.84150916 0.23353410
vt 0.84250528 0.23353410
vt 0.52799505 0.97749960
vt 0.84150916 0.23787308
vt 0.84250528 0.23787308
vt 0.53175265 0.97966903
vt 0.84150916 0.24221206
vt 0.84250522 0.24221206
vt 0.53392220 0.98342669
vt 0.84150910 0.24655104
vt 0.84250522 0.24655104
vt 0.52582562 0.98559618
f 14/14 46/46 70/70
f 14/14 70/70 3/3
f 13/13 37/37 54/54
f 13/13 54/54 44/44
f 27/27 39/39 15/15
f 27/27 15/15 2/2
f 1/1 69/69 62/62
f 1/1 62/62 25/25
f 38/38 26/26 61/61
f 38/38 61/61 55/55
f 53/53 60/60 71/71
f 53/53 71/71 45/45
f 1/1 5/5 7/7
f 1/1 7/7 11/11
f 2/2 9/9 6/6
f 2/2 6/6 4/4
f 3/3 12/12 8/8
f 3/3 8/8 10/10
f 13/13 16/16 19/19
f 13/13 19/19 24/24
f 14/14 22/22 20/20
f 14/14 20/20 17/17
f 15/15 23/23 18/18
f 15/15 18/18 21/21
f 25/25 29/29 32/32
f 25/25 32/32 36/36
f 26/26 34/34 31/31
f 26/26 31/31 28/28
f 27/27 35/35 30/30
f 27/27 30/30 33/33
f 83/83 48/48 45/45
f 83/83 45/45 50/50
f 46/46 52/52 82/82
f 84/84 63/63 61/61
f 84/84 61/61 65/65
f 62/62 67/67 85/85
f 69/69 72/72 74/74
f 69/69 74/74 79/79
f 70/70 77/77 75/75
f 70/70 75/75 73/73
f 71/71 80/80 76/76
f 71/71 76/76 78/78
f 55/55 61/61 63/63
f 55/55 63/63 58/58
f 59/59 64/64 60/60
f 59/59 60/60 53/53
f 3/3 70/70 73/73
f 3/3 73/73 12/12
f 11/11 72/72 69/69
f 11/11 69/69 1/1
f 46/46 14/14 17/17
f 46/46 17/17 52/52
f 81/81 51/51 44/44
f 81/81 44/44 47/47
f 61/61 26/26 28/28
f 61/61 28/28 65/65
f 66/66 29/29 25/25
f 66/66 25/25 62/62
f 14/14 3/3 10/10
f 14/14 10/10 22/22
f 21/21 9/9 2/2
f 21/21 2/2 15/15
f 70/70 46/46 49/49
f 70/70 49/49 77/77
f 78/78 50/50 45/45
f 78/78 45/45 71/71
f 26/26 38/38 43/43
f 26/26 43/43 34/34
f 33/33 42/42 39/39
f 33/33 39/39 27/27
f 37/37 13/13 24/24
f 37/37 24/24 41/41
f 40/40 23/23 15/15
f 40/40 15/15 39/39
f 62/62 69/69 79/79
f 62/62 79/79 67/67
f 68/68 80/80 71/71
f 68/68 71/71 60/60
f 1/1 25/25 36/36
f 1/1 36/36 5/5
f 4/4 35/35 27/27
f 4/4 27/27 2/2
f 44/44 54/54 56/56
f 44/44 56/56 47/47
f 48/48 57/57 53/53
f 48/48 53/53 45/45
f 49/49 46/46 82/82
f 44/44 51/51 16/16
f 44/44 16/16 13/13
f 66/66 62/62 85/85
f 86/86 68/68 60/60
f 86/86 60/60 64/64
f 100/100 89/89 156/156
f 100/100 156/156 132/132
f 99/99 130/130 141/141
f 99/99 141/141 124/124
f 113/113 88/88 101/101
f 113/113 101/101 125/125
f 87/87 111/111 148/148
f 87/87 148/148 155/155
f 123/123 140/140 147/147
f 123/123 147/147 112/112
f 139/139 131/131 157/157
f 139/139 157/157 146/146
f 87/87 98/98 93/93
f 87/87 93/93 90/90
f 88/88 91/91 94/94
f 88/88 94/94 96/96
f 89/89 95/95 92/92
f 89/89 92/92 97/97
f 99/99 110/110 106/106
f 99/99 106/106 103/103
f 100/100 102/102 104/104
f 100/100 104/104 107/107
f 101/101 108/108 105/105
f 101/101 105/105 109/109
f 111/111 121/121 116/116
f 111/111 116/116 114/114
f 112/112 115/115 118/118
f 112/112 118/118 120/120
f 113/113 119/119 117/117
f 113/113 117/117 122/122
f 168/168 136/136 131/131
f 168/168 131/131 133/133
f 132/132 167/167 137/137
f 172/172 152/152 147/147
f 172/172 147/147 150/150
f 148/148 170/170 153/153
f 155/155 165/165 161/161
f 155/155 161/161 159/159
f 156/156 158/158 160/160
f 156/156 160/160 163/163
f 157/157 164/164 162/162
f 157/157 162/162 166/166
f 140/140 143/143 150/150
f 140/140 150/150 147/147
f 142/142 139/139 146/146
f 142/142 146/146 149/149
f 89/89 97/97 158/158
f 89/89 158/158 156/156
f 98/98 87/87 155/155
f 98/98 155/155 159/159
f 132/132 137/137 102/102
f 132/132 102/102 100/100
f 169/169 134/134 130/130
f 169/169 130/130 138/138
f 147/147 152/152 115/115
f 147/147 115/115 112/112
f 151/151 148/148 111/111
f 151/151 111/111 114/114
f 100/100 107/107 95/95
f 100/100 95/95 89/89
f 108/108 101/101 88/88
f 108/108 88/88 96/96
f 156/156 163/163 135/135
f 156/156 135/135 132/132
f 164/164 157/157 131/131
f 164/164 131/131 136/136
f 112/112 120/120 127/127
f 112/112 127/127 123/123
f 119/119 113/113 125/125
f 119/119 125/125 126/126
f 124/124 129/129 110/110
f 124/124 110/110 99/99
f 128/128 125/125 101/101
f 128/128 101/101 109/109
f 148/148 153/153 165/165
f 148/148 165/165 155/155
f 154/154 146/146 157/157
f 154/154 157/157 166/166
f 87/87 90/90 121/121
f 87/87 121/121 111/111
f 91/91 88/88 113/113
f 91/91 113/113 122/122
f 130/130 134/134 145/145
f 130/130 145/145 141/141
f 133/133 131/131 139/139
f 133/133 139/139 144/144
f 135/135 167/167 132/132
f 130/130 99/99 103/103
f 130/130 103/103 138/138
f 151/151 170/170 148/148
f 171/171 149/149 146/146
f 171/171 146/146 154/154
f 186/186 175/175 242/242
f 186/186 242/242 218/218
f 185/185 216/216 226/226
f 185/185 226/226 209/209
f 199/199 174/174 187/187
f 199/199 187/187 211/211
f 173/173 197/197 234/234
f 173/173 234/234 241/241
f 210/210 227/227 233/233
f 210/210 233/233 198/198
f 225/225 217/217 243/243
f 225/225 243/243 232/232
f 173/173 184/184 180/180
f 173/173 180/180 177/177
f 174/174 176/176 178/178
f 174/174 178/178 181/181
f 175/175 182/182 179/179
f 175/175 179/179 183/183
f 185/185 196/196 191/191
f 185/185 191/191 188/188
f 186/186 189/189 192/192
f 186/186 192/192 194/194
f 187/187 193/193 190/190
f 187/187 190/190 195/195
f 197/197 208/208 203/203
f 197/197 203/203 200/200
f 198/198 201/201 204/204
f 198/198 204/204 206/206
f 199/199 205/205 202/202
f 199/199 202/202 207/207
f 255/255 222/222 217/217
f 255/255 217/217 220/220
f 218/218 254/254 224/224
f 258/258 238/238 233/233
f 258/258 233/233 236/236
f 234/234 256/256 239/239
f 241/241 251/251 247/247
f 241/241 247/247 245/245
f 242/242 244/244 246/246
f 242/242 246/246 249/249
f 243/243 250/250 248/248
f 243/243 248/248 252/252
f 227/227 231/231 236/236
f 227/227 236/236 233/233
f 230/230 225/225 232/232
f 230/230 232/232 235/235
f 175/175 183/183 244/244
f 175/175 244/244 242/242
f 184/184 173/173 241/241
f 184/184 241/241 245/245
f 218/218 224/224 189/189
f 218/218 189/189 186/186
f 253/253 219/219 216/216
f 253/253 216/216 223/223
f 233/233 238/238 201/201
f 233/233 201/201 198/198
f 237/237 234/234 197/197
f 237/237 197/197 200/200
f 186/186 194/194 182/182
f 186/186 182/182 175/175
f 193/193 187/187 174/174
f 193/193 174/174 181/181
f 242/242 249/249 221/221
f 242/242 221/221 218/218
f 250/250 243/243 217/217
f 250/250 217/217 222/222
f 198/198 206/206 215/215
f 198/198 215/215 210/210
f 205/205 199/199 211/211
f 205/205 211/211 214/214
f 209/209 213/213 196/196
f 209/209 196/196 185/185
f 212/212 211/211 187/187
f 212/212 187/187 195/195
f 234/234 239/239 251/251
f 234/234 251/251 241/241
f 240/240 232/232 243/243
f 240/240 243/243 252/252
f 173/173 177/177 208/208
f 173/173 208/208 197/197
f 176/176 174/174 199/199
f 176/176 199/199 207/207
f 216/216 219/219 228/228
f 216/216 228/228 226/226
f 220/220 217/217 225/225
f 220/220 225/225 229/229
f 221/221 254/254 218/218
f 216/216 185/185 188/188
f 216/216 188/188 223/223
f 237/237 256/256 234/234
f 257/257 235/235 232/232
f 257/257 232/232 240/240
f 272/272 304/304 328/328
f 272/272 328/328 261/261
f 271/271 296/296 313/313
f 271/271 313/313 302/302
f 285/285 297/297 273/273
f 285/285 273/273 260/260
f 259/259 327/327 320/320
f 259/259 320/320 283/283
f 295/295 284/284 319/319
f 295/295 319/319 312/312
f 311/311 318/318 329/329
f 311/311 329/329 303/303
f 259/259 262/262 264/264
f 259/259 264/264 269/269
f 260/260 268/268 266/266
f 260/260 266/266 263/263
f 261/261 270/270 265/265
f 261/261 265/265 267/267
f 271/271 274/274 276/276
f 271/271 276/276 281/281
f 272/272 279/279 277/277
f 272/272 277/277 275/275
f 273/273 282/282 278/278
f 273/273 278/278 280/280
f 283/283 287/287 289/289
f 283/283 289/289 293/293
f 284/284 291/291 288/288
f 284/284 288/288 286/286
f 285/285 294/294 290/290
f 285/285 290/290 292/292
f 341/341 306/306 303/303
f 341/341 303/303 308/308
f 304/304 310/310 340/340
f 342/342 321/321 319/319
f 342/342 319/319 323/323
f 320/320 325/325 343/343
f 327/327 330/330 332/332
f 327/327 332/332 337/337
f 328/328 335/335 333/333
f 328/328 333/333 331/331
f 329/329 338/338 334/334
f 329/329 334/334 336/336
f 312/312 319/319 321/321
f 312/312 321/321 314/314
f 315/315 322/322 318/318
f 315/315 318/318 311/311
f 261/261 328/328 331/331
f 261/261 331/331 270/270
f 269/269 330/330 327/327
f 269/269 327/327 259/259
f 304/304 272/272 275/275
f 304/304 275/275 310/310
f 339/339 309/309 302/302
f 339/339 302/302 305/305
f 319/319 284/284 286/286
f 319/319 286/286 323/323
f 324/324 287/287 283/283
f 324/324 283/283 320/320
f 272/272 261/261 267/267
f 272/272 267/267 279/279
f 280/280 268/268 260/260
f 280/280 260/260 273/273
f 328/328 304/304 307/307
f 328/328 307/307 335/335
f 336/336 308/308 303/303
f 336/336 303/303 329/329
f 284/284 295/295 298/298
f 284/284 298/298 291/291
f 292/292 299/299 297/297
f 292/292 297/297 285/285
f 296/296 271/271 281/281
f 296/296 281/281 300/300
f 301/301 282/282 273/273
f 301/301 273/273 297/297
f 320/320 327/327 337/337
f 320/320 337/337 325/325
f 326/326 338/338 329/329
f 326/326 329/329 318/318
f 259/259 283/283 293/293
f 259/259 293/293 262/262
f 263/263 294/294 285/285
f 263/263 285/285 260/260
f 302/302 313/313 316/316
f 302/302 316/316 305/305
f 306/306 317/317 311/311
f 306/306 311/311 303/303
f 307/307 304/304 340/340
f 302/302 309/309 274/274
f 302/302 274/274 271/271
f 324/324 320/320 343/343
f 344/344 326/326 318/318
f 344/344 318/318 322/322
f 450/450 495/495 391/391
f 450/450 391/391 346/346
f 456/456 488/488 384/384
f 456/456 384/384 352/352
f 350/350 362/362 377/377
f 426/426 424/424 371/371
f 426/426 371/371 373/373
f 433/433 431/431 378/378
f 433/433 378/378 380/380
f 490/490 469/469 365/365
f 490/490 365/365 386/386
f 355/355 385/385 364/364
f 356/356 359/359 370/370
f 497/497 472/472 368/368
f 497/497 368/368 393/393
f 349/349 392/392 367/367
f 389/389 493/493 490/490
f 389/389 490/490 386/386
f 396/396 500/500 497/497
f 396/396 497/497 393/393
f 384/384 488/488 492/492
f 384/384 492/492 388/388
f 391/391 495/495 499/499
f 391/391 499/499 395/395
f 422/422 427/427 374/374
f 422/422 374/374 369/369
f 358/358 411/411 422/422
f 358/358 422/422 369/369
f 467/467 458/458 354/354
f 467/467 354/354 363/363
f 456/456 352/352 405/405
f 456/456 405/405 509/509
f 429/429 434/434 381/381
f 429/429 381/381 376/376
f 429/429 376/376 361/361
f 429/429 361/361 414/414
f 378/378 431/431 399/399
f 378/378 399/399 346/346
f 470/470 452/452 348/348
f 470/470 348/348 366/366
f 387/387 385/385 355/355
f 351/351 383/383 355/355
f 353/353 356/356 372/372
f 356/356 370/370 375/375
f 383/383 387/387 355/355
f 372/372 356/356 375/375
f 450/450 346/346 399/399
f 450/450 399/399 503/503
f 394/394 392/392 349/349
f 345/345 390/390 349/349
f 390/390 394/394 349/349
f 347/347 350/350 379/379
f 379/379 350/350 382/382
f 382/382 350/350 377/377
f 503/503 399/399 442/442
f 503/503 442/442 546/546
f 371/371 424/424 405/405
f 371/371 405/405 352/352
f 509/509 405/405 435/435
f 509/509 435/435 539/539
f 400/400 428/428 412/412
f 530/530 477/477 475/475
f 530/530 475/475 528/528
f 537/537 484/484 482/482
f 537/537 482/482 535/535
f 541/541 437/437 415/415
f 541/541 415/415 519/519
f 407/407 417/417 438/438
f 406/406 421/421 409/409
f 548/548 444/444 418/418
f 548/548 418/418 522/522
f 402/402 420/420 445/445
f 437/437 541/541 544/544
f 437/437 544/544 440/440
f 444/444 548/548 551/551
f 444/444 551/551 447/447
f 439/439 543/543 539/539
f 439/439 539/539 435/435
f 446/446 550/550 546/546
f 446/446 546/546 442/442
f 354/354 408/408 410/410
f 354/354 410/410 357/357
f 348/348 401/401 413/413
f 348/348 413/413 360/360
f 441/441 407/407 438/438
f 404/404 407/407 436/436
f 403/403 423/423 406/406
f 406/406 425/425 421/421
f 436/436 407/407 441/441
f 423/423 425/425 406/406
f 448/448 402/402 445/445
f 398/398 402/402 443/443
f 443/443 402/402 448/448
f 397/397 430/430 400/400
f 430/430 432/432 400/400
f 432/432 428/428 400/400
f 456/456 509/509 528/528
f 456/456 528/528 475/475
f 461/461 514/514 512/512
f 461/461 512/512 458/458
f 464/464 517/517 505/505
f 464/464 505/505 452/452
f 454/454 481/481 466/466
f 459/459 468/468 489/489
f 460/460 474/474 463/463
f 453/453 471/471 496/496
f 526/526 473/473 478/478
f 526/526 478/478 531/531
f 473/473 526/526 515/515
f 473/473 515/515 462/462
f 533/533 480/480 485/485
f 533/533 485/485 538/538
f 533/533 518/518 465/465
f 533/533 465/465 480/480
f 450/450 503/503 535/535
f 450/450 535/535 482/482
f 491/491 459/459 489/489
f 455/455 459/459 487/487
f 457/457 476/476 460/460
f 460/460 479/479 474/474
f 487/487 459/459 491/491
f 476/476 479/479 460/460
f 498/498 453/453 496/496
f 449/449 453/453 494/494
f 494/494 453/453 498/498
f 451/451 483/483 454/454
f 483/483 486/486 454/454
f 486/486 481/481 454/454
f 452/452 505/505 401/401
f 452/452 401/401 348/348
f 458/458 512/512 408/408
f 458/458 408/408 354/354
f 504/504 516/516 532/532
f 511/511 542/542 521/521
f 510/510 513/513 525/525
f 506/506 549/549 524/524
f 520/520 416/416 408/408
f 520/520 408/408 512/512
f 523/523 419/419 401/401
f 523/523 401/401 505/505
f 545/545 542/542 511/511
f 508/508 540/540 511/511
f 507/507 510/510 527/527
f 510/510 525/525 529/529
f 540/540 545/545 511/511
f 527/527 510/510 529/529
f 552/552 549/549 506/506
f 502/502 547/547 506/506
f 547/547 552/552 506/506
f 501/501 504/504 534/534
f 534/534 504/504 536/536
f 536/536 504/504 532/532
f 684/684 595/595 576/576
f 684/684 576/576 665/665
f 826/826 833/833 653/653
f 826/826 653/653 646/646
f 718/718 716/716 627/627
f 718/718 627/627 629/629
f 591/591 589/589 612/612
f 559/559 580/580 584/584
f 813/813 743/743 563/563
f 813/813 563/563 633/633
f 634/634 565/565 558/558
f 638/638 617/617 623/623
f 770/770 761/761 581/581
f 770/770 581/581 590/590
f 618/618 798/798 781/781
f 618/618 781/781 601/601
f 641/641 573/573 577/577
f 604/604 620/620 607/607
f 644/644 555/555 627/627
f 644/644 627/627 716/716
f 811/811 631/631 555/555
f 811/811 555/555 735/735
f 768/768 773/773 593/593
f 768/768 593/593 588/588
f 620/620 612/612 559/559
f 620/620 559/559 638/638
f 556/556 626/626 553/553
f 620/620 638/638 619/619
f 620/620 619/619 602/602
f 638/638 559/559 582/582
f 638/638 582/582 617/617
f 612/612 589/589 580/580
f 612/612 580/580 559/559
f 604/604 587/587 612/612
f 604/604 612/612 620/620
f 772/772 770/770 590/590
f 772/772 590/590 592/592
f 761/761 765/765 585/585
f 761/761 585/585 581/581
f 766/766 763/763 583/583
f 766/766 583/583 586/586
f 796/796 802/802 622/622
f 796/796 622/622 616/616
f 801/801 798/798 618/618
f 801/801 618/618 621/621
f 781/781 785/785 605/605
f 781/781 605/605 601/601
f 786/786 783/783 603/603
f 786/786 603/603 606/606
f 811/811 815/815 635/635
f 811/811 635/635 631/631
f 816/816 813/813 633/633
f 816/816 633/633 636/636
f 796/796 616/616 583/583
f 796/796 583/583 763/763
f 620/620 602/602 607/607
f 714/714 719/719 630/630
f 714/714 630/630 625/625
f 562/562 651/651 714/714
f 562/562 714/714 625/625
f 684/684 689/689 600/600
f 684/684 600/600 595/595
f 704/704 700/700 611/611
f 704/704 611/611 615/615
f 698/698 703/703 614/614
f 698/698 614/614 609/609
f 667/667 665/665 576/576
f 667/667 576/576 578/578
f 663/663 668/668 579/579
f 663/663 579/579 574/574
f 660/660 658/658 569/569
f 660/660 569/569 571/571
f 656/656 661/661 572/572
f 656/656 572/572 567/567
f 656/656 567/567 611/611
f 656/656 611/611 700/700
f 569/569 658/658 663/663
f 569/569 663/663 574/574
f 597/597 686/686 698/698
f 597/597 698/698 609/609
f 554/554 632/632 558/558
f 632/632 637/637 558/558
f 637/637 634/634 558/558
f 628/628 626/626 556/556
f 560/560 624/624 556/556
f 624/624 628/628 556/556
f 768/768 588/588 603/603
f 768/768 603/603 783/783
f 582/582 559/559 584/584
f 587/587 591/591 612/612
f 570/570 568/568 642/642
f 642/642 568/568 573/573
f 642/642 573/573 641/641
f 608/608 639/639 640/640
f 608/608 640/640 596/596
f 613/613 610/610 639/639
f 640/640 594/594 598/598
f 639/639 642/642 641/641
f 639/639 641/641 640/640
f 640/640 641/641 575/575
f 640/640 575/575 594/594
f 610/610 566/566 642/642
f 610/610 642/642 639/639
f 575/575 641/641 577/577
f 596/596 640/640 598/598
f 608/608 613/613 639/639
f 566/566 570/570 642/642
f 619/619 638/638 623/623
f 650/650 561/561 557/557
f 650/650 557/557 646/646
f 683/683 702/702 680/680
f 649/649 676/676 671/671
f 904/904 724/724 655/655
f 904/904 655/655 835/835
f 723/723 647/647 654/654
f 728/728 711/711 706/706
f 859/859 679/679 670/670
f 859/859 670/670 850/850
f 692/692 872/872 889/889
f 692/692 889/889 709/709
f 731/731 669/669 664/664
f 693/693 695/695 710/710
f 902/902 824/824 644/644
f 902/902 644/644 722/722
f 857/857 677/677 682/682
f 857/857 682/682 862/862
f 710/710 728/728 649/649
f 710/710 649/649 702/702
f 735/735 555/555 644/644
f 735/735 644/644 824/824
f 648/648 645/645 717/717
f 710/710 691/691 708/708
f 710/710 708/708 728/728
f 728/728 706/706 673/673
f 728/728 673/673 649/649
f 702/702 649/649 671/671
f 702/702 671/671 680/680
f 693/693 710/710 702/702
f 693/693 702/702 678/678
f 861/861 681/681 679/679
f 861/861 679/679 859/859
f 850/850 670/670 674/674
f 850/850 674/674 854/854
f 855/855 675/675 672/672
f 855/855 672/672 852/852
f 887/887 707/707 713/713
f 887/887 713/713 893/893
f 892/892 712/712 709/709
f 892/892 709/709 889/889
f 872/872 692/692 696/696
f 872/872 696/696 876/876
f 877/877 697/697 694/694
f 877/877 694/694 874/874
f 902/902 722/722 726/726
f 902/902 726/726 906/906
f 907/907 727/727 724/724
f 907/907 724/724 904/904
f 887/887 852/852 672/672
f 887/887 672/672 707/707
f 710/710 695/695 691/691
f 688/688 686/686 597/597
f 688/688 597/597 599/599
f 643/643 647/647 721/721
f 721/721 647/647 725/725
f 725/725 647/647 723/723
f 720/720 648/648 717/717
f 652/652 648/648 715/715
f 715/715 648/648 720/720
f 857/857 874/874 694/694
f 857/857 694/694 677/677
f 673/673 676/676 649/649
f 678/678 702/702 683/683
f 662/662 732/732 659/659
f 732/732 731/731 664/664
f 732/732 664/664 659/659
f 699/699 687/687 730/730
f 699/699 730/730 729/729
f 705/705 729/729 701/701
f 730/730 690/690 685/685
f 729/729 730/730 731/731
f 729/729 731/731 732/732
f 730/730 685/685 666/666
f 730/730 666/666 731/731
f 701/701 729/729 732/732
f 701/701 732/732 657/657
f 666/666 669/669 731/731
f 687/687 690/690 730/730
f 699/699 729/729 705/705
f 657/657 732/732 662/662
f 708/708 711/711 728/728
f 864/864 845/845 756/756
f 864/864 756/756 775/775
f 771/771 792/792 769/769
f 739/739 764/764 760/760
f 814/814 738/738 745/745
f 818/818 803/803 797/797
f 821/821 757/757 753/753
f 784/784 787/787 800/800
f 824/824 896/896 807/807
f 824/824 807/807 735/735
f 800/800 818/818 739/739
f 800/800 739/739 792/792
f 736/736 733/733 806/806
f 800/800 782/782 799/799
f 800/800 799/799 818/818
f 818/818 797/797 762/762
f 818/818 762/762 739/739
f 792/792 739/739 760/760
f 792/792 760/760 769/769
f 784/784 800/800 792/792
f 784/784 792/792 767/767
f 800/800 787/787 782/782
f 894/894 805/805 810/810
f 894/894 810/810 899/899
f 805/805 894/894 831/831
f 805/805 831/831 742/742
f 830/830 826/826 737/737
f 830/830 737/737 741/741
f 868/868 779/779 777/777
f 868/868 777/777 866/866
f 864/864 775/775 780/780
f 864/864 780/780 869/869
f 884/884 795/795 791/791
f 884/884 791/791 880/880
f 878/878 789/789 794/794
f 878/878 794/794 883/883
f 848/848 759/759 756/756
f 848/848 756/756 845/845
f 843/843 754/754 758/758
f 843/843 758/758 847/847
f 840/840 751/751 749/749
f 840/840 749/749 838/838
f 836/836 747/747 752/752
f 836/836 752/752 841/841
f 836/836 880/880 791/791
f 836/836 791/791 747/747
f 754/754 843/843 838/838
f 754/754 838/838 749/749
f 789/789 878/878 866/866
f 789/789 866/866 777/777
f 734/734 738/738 812/812
f 812/812 738/738 817/817
f 817/817 738/738 814/814
f 808/808 736/736 806/806
f 740/740 736/736 804/804
f 804/804 736/736 808/808
f 762/762 764/764 739/739
f 767/767 792/792 771/771
f 750/750 822/822 748/748
f 822/822 821/821 753/753
f 822/822 753/753 748/748
f 788/788 776/776 820/820
f 788/788 820/820 819/819
f 793/793 819/819 790/790
f 820/820 778/778 774/774
f 819/819 820/820 821/821
f 819/819 821/821 822/822
f 820/820 774/774 755/755
f 820/820 755/755 821/821
f 790/790 819/819 822/822
f 790/790 822/822 746/746
f 755/755 757/757 821/821
f 776/776 778/778 820/820
f 788/788 819/819 793/793
f 746/746 822/822 750/750
f 799/799 803/803 818/818
f 898/898 809/809 807/807
f 898/898 807/807 896/896
f 863/863 860/860 882/882
f 829/829 851/851 856/856
f 903/903 834/834 827/827
f 908/908 886/886 891/891
f 911/911 844/844 849/849
f 873/873 890/890 875/875
f 890/890 882/882 829/829
f 890/890 829/829 908/908
f 828/828 897/897 825/825
f 890/890 908/908 888/888
f 890/890 888/888 871/871
f 908/908 829/829 853/853
f 908/908 853/853 886/886
f 882/882 860/860 851/851
f 882/882 851/851 829/829
f 873/873 858/858 882/882
f 873/873 882/882 890/890
f 890/890 871/871 875/875
f 646/646 557/557 737/737
f 646/646 737/737 826/826
f 823/823 901/901 827/827
f 901/901 905/905 827/827
f 905/905 903/903 827/827
f 900/900 897/897 828/828
f 832/832 895/895 828/828
f 895/895 900/900 828/828
f 853/853 829/829 856/856
f 858/858 863/863 882/882
f 842/842 839/839 912/912
f 912/912 839/839 844/844
f 912/912 844/844 911/911
f 879/879 909/909 910/910
f 879/879 910/910 867/867
f 885/885 881/881 909/909
f 910/910 865/865 870/870
f 909/909 912/912 911/911
f 909/909 911/911 910/910
f 910/910 911/911 846/846
f 910/910 846/846 865/865
f 881/881 837/837 912/912
f 881/881 912/912 909/909
f 846/846 911/911 849/849
f 867/867 910/910 870/870
f 879/879 885/885 909/909
f 837/837 842/842 912/912
f 888/888 908/908 891/891
f 737/737 557/557 564/564
f 737/737 564/564 744/744
f 913/913 914/914 917/917
f 913/913 917/917 916/916
f 916/916 917/917 920/920
f 916/916 920/920 919/919
f 919/919 920/920 923/923
f 919/919 923/923 922/922
f 922/922 923/923 926/926
f 922/922 926/926 925/925
f 925/925 926/926 929/929
f 925/925 929/929 928/928
f 928/928 929/929 932/932
f 928/928 932/932 931/931
f 931/931 932/932 935/935
f 931/931 935/935 934/934
f 934/934 935/935 938/938
f 934/934 938/938 937/937
f 937/937 938/938 943/943
f 937/937 943/943 941/941
f 940/940 942/942 946/946
f 940/940 946/946 945/945
f 947/947 944/944 951/951
f 945/945 946/946 949/949
f 945/945 949/949 948/948
f 948/948 949/949 914/914
f 948/948 914/914 913/913
f 921/921 918/918 951/951
f 944/944 939/939 951/951
f 939/939 936/936 951/951
f 936/936 933/933 951/951
f 933/933 930/930 951/951
f 930/930 927/927 951/951
f 927/927 924/924 951/951
f 915/915 950/950 951/951
f 918/918 915/915 951/951
f 924/924 921/921 951/951
f 950/950 947/947 951/951
f 952/952 954/954 956/956
f 952/952 956/956 955/955
f 955/955 956/956 959/959
f 955/955 959/959 958/958
f 958/958 959/959 964/964
f 958/958 964/964 962/962
f 961/961 963/963 967/967
f 961/961 967/967 966/966
f 966/966 967/967 970/970
f 966/966 970/970 969/969
f 969/969 970/970 974/974
f 969/969 974/974 972/972
f 972/972 974/974 977/977
f 972/972 977/977 975/975
f 975/975 977/977 980/980
f 975/975 980/980 978/978
f 978/978 980/980 983/983
f 978/978 983/983 981/981
f 981/981 983/983 986/986
f 981/981 986/986 984/984
f 985/985 982/982 990/990
f 984/984 986/986 989/989
f 984/984 989/989 987/987
f 987/987 989/989 954/954
f 987/987 954/954 952/952
f 960/960 957/957 990/990
f 982/982 979/979 990/990
f 979/979 976/976 990/990
f 976/976 973/973 990/990
f 973/973 971/971 990/990
f 971/971 968/968 990/990
f 968/968 965/965 990/990
f 953/953 988/988 990/990
f 957/957 953/953 990/990
f 965/965 960/960 990/990
f 988/988 985/985 990/990
f 991/991 994/994 996/996
f 991/991 996/996 993/993
f 994/994 997/997 999/999
f 994/994 999/999 996/996
f 997/997 1000/1000 1002/1002
f 997/997 1002/1002 999/999
f 1000/1000 1003/1003 1005/1005
f 1000/1000 1005/1005 1002/1002
f 1003/1003 1006/1006 1008/1008
f 1003/1003 1008/1008 1005/1005
f 1006/1006 1009/1009 1011/1011
f 1006/1006 1011/1011 1008/1008
f 1009/1009 1012/1012 1014/1014
f 1009/1009 1014/1014 1011/1011
f 1012/1012 1015/1015 1017/1017
f 1012/1012 1017/1017 1014/1014
f 1015/1015 1018/1018 1021/1021
f 1015/1015 1021/1021 1017/1017
f 1019/1019 1023/1023 1025/1025
f 1019/1019 1025/1025 1022/1022
f 1024/1024 1029/1029 1020/1020
f 1023/1023 1026/1026 1028/1028
f 1023/1023 1028/1028 1025/1025
f 1026/1026 991/991 993/993
f 1026/1026 993/993 1028/1028
f 998/998 1029/1029 995/995
f 1020/1020 1029/1029 1016/1016
f 1016/1016 1029/1029 1013/1013
f 1013/1013 1029/1029 1010/1010
f 1010/1010 1029/1029 1007/1007
f 1007/1007 1029/1029 1004/1004
f 1004/1004 1029/1029 1001/1001
f 992/992 1029/1029 1027/1027
f 995/995 1029/1029 992/992
f 1001/1001 1029/1029 998/998
f 1027/1027 1029/1029 1024/1024
f 1030/1030 1033/1033 1035/1035
f 1030/1030 1035/1035 1031/1031
f 1033/1033 1036/1036 1038/1038
f 1033/1033 1038/1038 1035/1035
f 1036/1036 1040/1040 1043/1043
f 1036/1036 1043/1043 1038/1038
f 1039/1039 1044/1044 1046/1046
f 1039/1039 1046/1046 1042/1042
f 1044/1044 1047/1047 1049/1049
f 1044/1044 1049/1049 1046/1046
f 1047/1047 1050/1050 1051/1051
f 1047/1047 1051/1051 1049/1049
f 1050/1050 1053/1053 1054/1054
f 1050/1050 1054/1054 1051/1051
f 1053/1053 1056/1056 1057/1057
f 1053/1053 1057/1057 1054/1054
f 1056/1056 1059/1059 1060/1060
f 1056/1056 1060/1060 1057/1057
f 1059/1059 1062/1062 1063/1063
f 1059/1059 1063/1063 1060/1060
f 1064/1064 1068/1068 1061/1061
f 1062/1062 1065/1065 1066/1066
f 1062/1062 1066/1066 1063/1063
f 1065/1065 1030/1030 1031/1031
f 1065/1065 1031/1031 1066/1066
f 1037/1037 1068/1068 1034/1034
f 1061/1061 1068/1068 1058/1058
f 1058/1058 1068/1068 1055/1055
f 1055/1055 1068/1068 1052/1052
f 1052/1052 1068/1068 1048/1048
f 1048/1048 1068/1068 1045/1045
f 1045/1045 1068/1068 1041/1041
f 1032/1032 1068/1068 1067/1067
f 1034/1034 1068/1068 1032/1032
f 1041/1041 1068/1068 1037/1037
f 1067/1067 1068/1068 1064/1064
f 1069/1069 1072/1072 1073/1073
f 1069/1069 1073/1073 1070/1070
f 1072/1072 1075/1075 1076/1076
f 1072/1072 1076/1076 1073/1073
f 1075/1075 1078/1078 1079/1079
f 1075/1075 1079/1079 1076/1076
f 1078/1078 1081/1081 1082/1082
f 1078/1078 1082/1082 1079/1079
f 1081/1081 1084/1084 1085/1085
f 1081/1081 1085/1085 1082/1082
f 1084/1084 1087/1087 1088/1088
f 1084/1084 1088/1088 1085/1085
f 1087/1087 1090/1090 1091/1091
f 1087/1087 1091/1091 1088/1088
f 1090/1090 1093/1093 1094/1094
f 1090/1090 1094/1094 1091/1091
f 1093/1093 1097/1097 1099/1099
f 1093/1093 1099/1099 1094/1094
f 1096/1096 1101/1101 1102/1102
f 1096/1096 1102/1102 1098/1098
f 1103/1103 1107/1107 1100/1100
f 1101/1101 1104/1104 1105/1105
f 1101/1101 1105/1105 1102/1102
f 1104/1104 1069/1069 1070/1070
f 1104/1104 1070/1070 1105/1105
f 1077/1077 1107/1107 1074/1074
f 1100/1100 1107/1107 1095/1095
f 1095/1095 1107/1107 1092/1092
f 1092/1092 1107/1107 1089/1089
f 1089/1089 1107/1107 1086/1086
f 1086/1086 1107/1107 1083/1083
f 1083/1083 1107/1107 1080/1080
f 1071/1071 1107/1107 1106/1106
f 1074/1074 1107/1107 1071/1071
f 1080/1080 1107/1107 1077/1077
f 1106/1106 1107/1107 1103/1103
f 1108/1108 1111/1111 1112/1112
f 1108/1108 1112/1112 1109/1109
f 1111/1111 1114/1114 1115/1115
f 1111/1111 1115/1115 1112/1112
f 1114/1114 1118/1118 1120/1120
f 1114/1114 1120/1120 1115/1115
f 1117/1117 1122/1122 1123/1123
f 1117/1117 1123/1123 1119/1119
f 1122/1122 1125/1125 1126/1126
f 1122/1122 1126/1126 1123/1123
f 1125/1125 1128/1128 1129/1129
f 1125/1125 1129/1129 1126/1126
f 1128/1128 1131/1131 1133/1133
f 1128/1128 1133/1133 1129/1129
f 1131/1131 1134/1134 1136/1136
f 1131/1131 1136/1136 1133/1133
f 1134/1134 1137/1137 1139/1139
f 1134/1134 1139/1139 1136/1136
f 1137/1137 1140/1140 1142/1142
f 1137/1137 1142/1142 1139/1139
f 1141/1141 1146/1146 1138/1138
f 1140/1140 1143/1143 1145/1145
f 1140/1140 1145/1145 1142/1142
f 1143/1143 1108/1108 1109/1109
f 1143/1143 1109/1109 1145/1145
f 1116/1116 1146/1146 1113/1113
f 1138/1138 1146/1146 1135/1135
f 1135/1135 1146/1146 1132/1132
f 1132/1132 1146/1146 1130/1130
f 1130/1130 1146/1146 1127/1127
f 1127/1127 1146/1146 1124/1124
f 1124/1124 1146/1146 1121/1121
f 1110/1110 1146/1146 1144/1144
f 1113/1113 1146/1146 1110/1110
f 1121/1121 1146/1146 1116/1116
f 1144/1144 1146/1146 1141/1141
f 1147/1147 1149/1149 1152/1152
f 1147/1147 1152/1152 1150/1150
f 1150/1150 1152/1152 1155/1155
f 1150/1150 1155/1155 1153/1153
f 1153/1153 1155/1155 1158/1158
f 1153/1153 1158/1158 1156/1156
f 1156/1156 1158/1158 1161/1161
f 1156/1156 1161/1161 1159/1159
f 1159/1159 1161/1161 1164/1164
f 1159/1159 1164/1164 1162/1162
f 1162/1162 1164/1164 1167/1167
f 1162/1162 1167/1167 1165/1165
f 1165/1165 1167/1167 1170/1170
f 1165/1165 1170/1170 1168/1168
f 1168/1168 1170/1170 1173/1173
f 1168/1168 1173/1173 1171/1171
f 1171/1171 1173/1173 1178/1178
f 1171/1171 1178/1178 1175/1175
f 1174/1174 1177/1177 1181/1181
f 1174/1174 1181/1181 1179/1179
f 1180/1180 1176/1176 1185/1185
f 1179/1179 1181/1181 1184/1184
f 1179/1179 1184/1184 1182/1182
f 1182/1182 1184/1184 1149/1149
f 1182/1182 1149/1149 1147/1147
f 1154/1154 1151/1151 1185/1185
f 1176/1176 1172/1172 1185/1185
f 1172/1172 1169/1169 1185/1185
f 1169/1169 1166/1166 1185/1185
f 1166/1166 1163/1163 1185/1185
f 1163/1163 1160/1160 1185/1185
f 1160/1160 1157/1157 1185/1185
f 1148/1148 1183/1183 1185/1185
f 1151/1151 1148/1148 1185/1185
f 1157/1157 1154/1154 1185/1185
f 1183/1183 1180/1180 1185/1185
f 1186/1186 1187/1187 1191/1191
f 1186/1186 1191/1191 1189/1189
f 1189/1189 1191/1191 1194/1194
f 1189/1189 1194/1194 1192/1192
f 1192/1192 1194/1194 1199/1199
f 1192/1192 1199/1199 1196/1196
f 1195/1195 1198/1198 1202/1202
f 1195/1195 1202/1202 1200/1200
f 1200/1200 1202/1202 1205/1205
f 1200/1200 1205/1205 1203/1203
f 1203/1203 1205/1205 1207/1207
f 1203/1203 1207/1207 1206/1206
f 1206/1206 1207/1207 1210/1210
f 1206/1206 1210/1210 1209/1209
f 1209/1209 1210/1210 1213/1213
f 1209/1209 1213/1213 1212/1212
f 1212/1212 1213/1213 1216/1216
f 1212/1212 1216/1216 1215/1215
f 1215/1215 1216/1216 1219/1219
f 1215/1215 1219/1219 1218/1218
f 1220/1220 1217/1217 1224/1224
f 1218/1218 1219/1219 1222/1222
f 1218/1218 1222/1222 1221/1221
f 1221/1221 1222/1222 1187/1187
f 1221/1221 1187/1187 1186/1186
f 1193/1193 1190/1190 1224/1224
f 1217/1217 1214/1214 1224/1224
f 1214/1214 1211/1211 1224/1224
f 1211/1211 1208/1208 1224/1224
f 1208/1208 1204/1204 1224/1224
f 1204/1204 1201/1201 1224/1224
f 1201/1201 1197/1197 1224/1224
f 1188/1188 1223/1223 1224/1224
f 1190/1190 1188/1188 1224/1224
f 1197/1197 1193/1193 1224/1224
f 1223/1223 1220/1220 1224/1224
f 1225/1225 1226/1226 1229/1229
f 1225/1225 1229/1229 1228/1228
f 1228/1228 1229/1229 1232/1232
f 1228/1228 1232/1232 1231/1231
f 1231/1231 1232/1232 1235/1235
f 1231/1231 1235/1235 1234/1234
f 1234/1234 1235/1235 1238/1238
f 1234/1234 1238/1238 1237/1237
f 1237/1237 1238/1238 1241/1241
f 1237/1237 1241/1241 1240/1240
f 1240/1240 1241/1241 1244/1244
f 1240/1240 1244/1244 1243/1243
f 1243/1243 1244/1244 1247/1247
f 1243/1243 1247/1247 1246/1246
f 1246/1246 1247/1247 1250/1250
f 1246/1246 1250/1250 1249/1249
f 1249/1249 1250/1250 1254/1254
f 1249/1249 1254/1254 1252/1252
f 1253/1253 1255/1255 1258/1258
f 1253/1253 1258/1258 1257/1257
f 1259/1259 1256/1256 1263/1263
f 1257/1257 1258/1258 1261/1261
f 1257/1257 1261/1261 1260/1260
f 1260/1260 1261/1261 1226/1226
f 1260/1260 1226/1226 1225/1225
f 1233/1233 1230/1230 1263/1263
f 1256/1256 1251/1251 1263/1263
f 1251/1251 1248/1248 1263/1263
f 1248/1248 1245/1245 1263/1263
f 1245/1245 1242/1242 1263/1263
f 1242/1242 1239/1239 1263/1263
f 1239/1239 1236/1236 1263/1263
f 1227/1227 1262/1262 1263/1263
f 1230/1230 1227/1227 1263/1263
f 1236/1236 1233/1233 1263/1263
f 1262/1262 1259/1259 1263/1263
f 1264/1264 1266/1266 1268/1268
f 1264/1264 1268/1268 1267/1267
f 1267/1267 1268/1268 1271/1271
f 1267/1267 1271/1271 1270/1270
f 1270/1270 1271/1271 1276/1276
f 1270/1270 1276/1276 1274/1274
f 1273/1273 1275/1275 1279/1279
f 1273/1273 1279/1279 1278/1278
f 1278/1278 1279/1279 1282/1282
f 1278/1278 1282/1282 1281/1281
f 1281/1281 1282/1282 1286/1286
f 1281/1281 1286/1286 1284/1284
f 1284/1284 1286/1286 1289/1289
f 1284/1284 1289/1289 1287/1287
f 1287/1287 1289/1289 1292/1292
f 1287/1287 1292/1292 1290/1290
f 1290/1290 1292/1292 1295/1295
f 1290/1290 1295/1295 1293/1293
f 1293/1293 1295/1295 1298/1298
f 1293/1293 1298/1298 1296/1296
f 1297/1297 1294/1294 1302/1302
f 1296/1296 1298/1298 1301/1301
f 1296/1296 1301/1301 1299/1299
f 1299/1299 1301/1301 1266/1266
f 1299/1299 1266/1266 1264/1264
f 1272/1272 1269/1269 1302/1302
f 1294/1294 1291/1291 1302/1302
f 1291/1291 1288/1288 1302/1302
f 1288/1288 1285/1285 1302/1302
f 1285/1285 1283/1283 1302/1302
f 1283/1283 1280/1280 1302/1302
f 1280/1280 1277/1277 1302/1302
f 1265/1265 1300/1300 1302/1302
f 1269/1269 1265/1265 1302/1302
f 1277/1277 1272/1272 1302/1302
f 1300/1300 1297/1297 1302/1302
f 1303/1303 1306/1306 1308/1308
f 1303/1303 1308/1308 1305/1305
f 1306/1306 1309/1309 1311/1311
f 1306/1306 1311/1311 1308/1308
f 1309/1309 1312/1312 1314/1314
f 1309/1309 1314/1314 1311/1311
f 1312/1312 1315/1315 1317/1317
f 1312/1312 1317/1317 1314/1314
f 1315/1315 1318/1318 1320/1320
f 1315/1315 1320/1320 1317/1317
f 1318/1318 1321/1321 1323/1323
f 1318/1318 1323/1323 1320/1320
f 1321/1321 1324/1324 1326/1326
f 1321/1321 1326/1326 1323/1323
f 1324/1324 1327/1327 1329/1329
f 1324/1324 1329/1329 1326/1326
f 1327/1327 1331/1331 1334/1334
f 1327/1327 1334/1334 1329/1329
f 1330/1330 1335/1335 1337/1337
f 1330/1330 1337/1337 1333/1333
f 1336/1336 1341/1341 1332/1332
f 1335/1335 1338/1338 1340/1340
f 1335/1335 1340/1340 1337/1337
f 1338/1338 1303/1303 1305/1305
f 1338/1338 1305/1305 1340/1340
f 1310/1310 1341/1341 1307/1307
f 1332/1332 1341/1341 1328/1328
f 1328/1328 1341/1341 1325/1325
f 1325/1325 1341/1341 1322/1322
f 1322/1322 1341/1341 1319/1319
f 1319/1319 1341/1341 1316/1316
f 1316/1316 1341/1341 1313/1313
f 1304/1304 1341/1341 1339/1339
f 1307/1307 1341/1341 1304/1304
f 1313/1313 1341/1341 1310/1310
f 1339/1339 1341/1341 1336/1336
f 1342/1342 1345/1345 1347/1347
f 1342/1342 1347/1347 1344/1344
f 1345/1345 1348/1348 1350/1350
f 1345/1345 1350/1350 1347/1347
f 1348/1348 1352/1352 1355/1355
f 1348/1348 1355/1355 1350/1350
f 1351/1351 1356/1356 1358/1358
f 1351/1351 1358/1358 1354/1354
f 1356/1356 1359/1359 1361/1361
f 1356/1356 1361/1361 1358/1358
f 1359/1359 1362/1362 1364/1364
f 1359/1359 1364/1364 1361/1361
f 1362/1362 1365/1365 1366/1366
f 1362/1362 1366/1366 1364/1364
f 1365/1365 1368/1368 1369/1369
f 1365/1365 1369/1369 1366/1366
f 1368/1368 1371/1371 1372/1372
f 1368/1368 1372/1372 1369/1369
f 1371/1371 1374/1374 1375/1375
f 1371/1371 1375/1375 1372/1372
f 1376/1376 1380/1380 1373/1373
f 1374/1374 1377/1377 1378/1378
f 1374/1374 1378/1378 1375/1375
f 1377/1377 1342/1342 1344/1344
f 1377/1377 1344/1344 1378/1378
f 1349/1349 1380/1380 1346/1346
f 1373/1373 1380/1380 1370/1370
f 1370/1370 1380/1380 1367/1367
f 1367/1367 1380/1380 1363/1363
f 1363/1363 1380/1380 1360/1360
f 1360/1360 1380/1380 1357/1357
f 1357/1357 1380/1380 1353/1353
f 1343/1343 1380/1380 1379/1379
f 1346/1346 1380/1380 1343/1343
f 1353/1353 1380/1380 1349/1349
f 1379/1379 1380/1380 1376/1376
f 1381/1381 1384/1384 1385/1385
f 1381/1381 1385/1385 1382/1382
f 1384/1384 1387/1387 1388/1388
f 1384/1384 1388/1388 1385/1385
f 1387/1387 1390/1390 1391/1391
f 1387/1387 1391/1391 1388/1388
f 1390/1390 1393/1393 1394/1394
f 1390/1390 1394/1394 1391/1391
f 1393/1393 1396/1396 1397/1397
f 1393/1393 1397/1397 1394/1394
f 1396/1396 1399/1399 1400/1400
f 1396/1396 1400/1400 1397/1397
f 1399/1399 1402/1402 1403/1403
f 1399/1399 1403/1403 1400/1400
f 1402/1402 1405/1405 1406/1406
f 1402/1402 1406/1406 1403/1403
f 1405/1405 1409/1409 1411/1411
f 1405/1405 1411/1411 1406/1406
f 1408/1408 1413/1413 1414/1414
f 1408/1408 1414/1414 1410/1410
f 1415/1415 1419/1419 1412/1412
f 1413/1413 1416/1416 1417/1417
f 1413/1413 1417/1417 1414/1414
f 1416/1416 1381/1381 1382/1382
f 1416/1416 1382/1382 1417/1417
f 1389/1389 1419/1419 1386/1386
f 1412/1412 1419/1419 1407/1407
f 1407/1407 1419/1419 1404/1404
f 1404/1404 1419/1419 1401/1401
f 1401/1401 1419/1419 1398/1398
f 1398/1398 1419/1419 1395/1395
f 1395/1395 1419/1419 1392/1392
f 1383/1383 1419/1419 1418/1418
f 1386/1386 1419/1419 1383/1383
f 1392/1392 1419/1419 1389/1389
f 1418/1418 1419/1419 1415/1415
f 1420/1420 1423/1423 1424/1424
f 1420/1420 1424/1424 1421/1421
f 1423/1423 1426/1426 1427/1427
f 1423/1423 1427/1427 1424/1424
f 1426/1426 1429/1429 1431/1431
f 1426/1426 1431/1431 1427/1427
f 1430/1430 1434/1434 1435/1435
f 1430/1430 1435/1435 1432/1432
f 1434/1434 1437/1437 1438/1438
f 1434/1434 1438/1438 1435/1435
f 1437/1437 1440/1440 1442/1442
f 1437/1437 1442/1442 1438/1438
f 1440/1440 1443/1443 1445/1445
f 1440/1440 1445/1445 1442/1442
f 1443/1443 1446/1446 1448/1448
f 1443/1443 1448/1448 1445/1445
f 1446/1446 1449/1449 1451/1451
f 1446/1446 1451/1451 1448/1448
f 1449/1449 1452/1452 1454/1454
f 1449/1449 1454/1454 1451/1451
f 1453/1453 1458/1458 1450/1450
f 1452/1452 1455/1455 1457/1457
f 1452/1452 1457/1457 1454/1454
f 1455/1455 1420/1420 1421/1421
f 1455/1455 1421/1421 1457/1457
f 1428/1428 1458/1458 1425/1425
f 1450/1450 1458/1458 1447/1447
f 1447/1447 1458/1458 1444/1444
f 1444/1444 1458/1458 1441/1441
f 1441/1441 1458/1458 1439/1439
f 1439/1439 1458/1458 1436/1436
f 1436/1436 1458/1458 1433/1433
f 1422/1422 1458/1458 1456/1456
f 1425/1425 1458/1458 1422/1422
f 1433/1433 1458/1458 1428/1428
f 1456/1456 1458/1458 1453/1453
f 1459/1459 1461/1461 1464/1464
f 1459/1459 1464/1464 1462/1462
f 1462/1462 1464/1464 1467/1467
f 1462/1462 1467/1467 1465/1465
f 1465/1465 1467/1467 1470/1470
f 1465/1465 1470/1470 1468/1468
f 1468/1468 1470/1470 1473/1473
f 1468/1468 1473/1473 1471/1471
f 1471/1471 1473/1473 1476/1476
f 1471/1471 1476/1476 1474/1474
f 1474/1474 1476/1476 1479/1479
f 1474/1474 1479/1479 1477/1477
f 1477/1477 1479/1479 1482/1482
f 1477/1477 1482/1482 1480/1480
f 1480/1480 1482/1482 1485/1485
f 1480/1480 1485/1485 1483/1483
f 1483/1483 1485/1485 1490/1490
f 1483/1483 1490/1490 1487/1487
f 1486/1486 1489/1489 1493/1493
f 1486/1486 1493/1493 1491/1491
f 1492/1492 1488/1488 1497/1497
f 1491/1491 1493/1493 1496/1496
f 1491/1491 1496/1496 1494/1494
f 1494/1494 1496/1496 1461/1461
f 1494/1494 1461/1461 1459/1459
f 1466/1466 1463/1463 1497/1497
f 1488/1488 1484/1484 1497/1497
f 1484/1484 1481/1481 1497/1497
f 1481/1481 1478/1478 1497/1497
f 1478/1478 1475/1475 1497/1497
f 1475/1475 1472/1472 1497/1497
f 1472/1472 1469/1469 1497/1497
f 1460/1460 1495/1495 1497/1497
f 1463/1463 1460/1460 1497/1497
f 1469/1469 1466/1466 1497/1497
f 1495/1495 1492/1492 1497/1497
f 1498/1498 1500/1500 1503/1503
f 1498/1498 1503/1503 1501/1501
f 1501/1501 1503/1503 1506/1506
f 1501/1501 1506/1506 1504/1504
f 1504/1504 1506/1506 1511/1511
f 1504/1504 1511/1511 1508/1508
f 1507/1507 1510/1510 1514/1514
f 1507/1507 1514/1514 1512/1512
f 1512/1512 1514/1514 1517/1517
f 1512/1512 1517/1517 1515/1515
f 1515/1515 1517/1517 1520/1520
f 1515/1515 1520/1520 1518/1518
f 1518/1518 1520/1520 1522/1522
f 1518/1518 1522/1522 1521/1521
f 1521/1521 1522/1522 1525/1525
f 1521/1521 1525/1525 1524/1524
f 1524/1524 1525/1525 1528/1528
f 1524/1524 1528/1528 1527/1527
f 1527/1527 1528/1528 1531/1531
f 1527/1527 1531/1531 1530/1530
f 1532/1532 1529/1529 1536/1536
f 1530/1530 1531/1531 1534/1534
f 1530/1530 1534/1534 1533/1533
f 1533/1533 1534/1534 1500/1500
f 1533/1533 1500/1500 1498/1498
f 1505/1505 1502/1502 1536/1536
f 1529/1529 1526/1526 1536/1536
f 1526/1526 1523/1523 1536/1536
f 1523/1523 1519/1519 1536/1536
f 1519/1519 1516/1516 1536/1536
f 1516/1516 1513/1513 1536/1536
f 1513/1513 1509/1509 1536/1536
f 1499/1499 1535/1535 1536/1536
f 1502/1502 1499/1499 1536/1536
f 1509/1509 1505/1505 1536/1536
f 1535/1535 1532/1532 1536/1536
f 1537/1537 1538/1538 1541/1541
f 1537/1537 1541/1541 1540/1540
f 1540/1540 1541/1541 1544/1544
f 1540/1540 1544/1544 1543/1543
f 1543/1543 1544/1544 1547/1547
f 1543/1543 1547/1547 1546/1546
f 1546/1546 1547/1547 1550/1550
f 1546/1546 1550/1550 1549/1549
f 1549/1549 1550/1550 1553/1553
f 1549/1549 1553/1553 1552/1552
f 1552/1552 1553/1553 1556/1556
f 1552/1552 1556/1556 1555/1555
f 1555/1555 1556/1556 1559/1559
f 1555/1555 1559/1559 1558/1558
f 1558/1558 1559/1559 1562/1562
f 1558/1558 1562/1562 1561/1561
f 1561/1561 1562/1562 1566/1566
f 1561/1561 1566/1566 1564/1564
f 1565/1565 1567/1567 1570/1570
f 1565/1565 1570/1570 1569/1569
f 1571/1571 1568/1568 1575/1575
f 1569/1569 1570/1570 1573/1573
f 1569/1569 1573/1573 1572/1572
f 1572/1572 1573/1573 1538/1538
f 1572/1572 1538/1538 1537/1537
f 1545/1545 1542/1542 1575/1575
f 1568/1568 1563/1563 1575/1575
f 1563/1563 1560/1560 1575/1575
f 1560/1560 1557/1557 1575/1575
f 1557/1557 1554/1554 1575/1575
f 1554/1554 1551/1551 1575/1575
f 1551/1551 1548/1548 1575/1575
f 1539/1539 1574/1574 1575/1575
f 1542/1542 1539/1539 1575/1575
f 1548/1548 1545/1545 1575/1575
f 1574/1574 1571/1571 1575/1575
f 1576/1576 1578/1578 1580/1580
f 1576/1576 1580/1580 1579/1579
f 1579/1579 1580/1580 1583/1583
f 1579/1579 1583/1583 1582/1582
f 1582/1582 1583/1583 1588/1588
f 1582/1582 1588/1588 1586/1586
f 1585/1585 1587/1587 1591/1591
f 1585/1585 1591/1591 1590/1590
f 1590/1590 1591/1591 1594/1594
f 1590/1590 1594/1594 1593/1593
f 1593/1593 1594/1594 1598/1598
f 1593/1593 1598/1598 1596/1596
f 1596/1596 1598/1598 1601/1601
f 1596/1596 1601/1601 1599/1599
f 1599/1599 1601/1601 1604/1604
f 1599/1599 1604/1604 1602/1602
f 1602/1602 1604/1604 1607/1607
f 1602/1602 1607/1607 1605/1605
f 1605/1605 1607/1607 1610/1610
f 1605/1605 1610/1610 1608/1608
f 1609/1609 1606/1606 1614/1614
f 1608/1608 1610/1610 1613/1613
f 1608/1608 1613/1613 1611/1611
f 1611/1611 1613/1613 1578/1578
f 1611/1611 1578/1578 1576/1576
f 1584/1584 1581/1581 1614/1614
f 1606/1606 1603/1603 1614/1614
f 1603/1603 1600/1600 1614/1614
f 1600/1600 1597/1597 1614/1614
f 1597/1597 1595/1595 1614/1614
f 1595/1595 1592/1592 1614/1614
f 1592/1592 1589/1589 1614/1614
f 1577/1577 1612/1612 1614/1614
f 1581/1581 1577/1577 1614/1614
f 1589/1589 1584/1584 1614/1614
f 1612/1612 1609/1609 1614/1614
f 1615/1615 1618/1618 1620/1620
f 1615/1615 1620/1620 1617/1617
f 1618/1618 1621/1621 1623/1623
f 1618/1618 1623/1623 1620/1620
f 1621/1621 1624/1624 1626/1626
f 1621/1621 1626/1626 1623/1623
f 1624/1624 1627/1627 1629/1629
f 1624/1624 1629/1629 1626/1626
f 1627/1627 1630/1630 1632/1632
f 1627/1627 1632/1632 1629/1629
f 1630/1630 1633/1633 1635/1635
f 1630/1630 1635/1635 1632/1632
f 1633/1633 1636/1636 1638/1638
f 1633/1633 1638/1638 1635/1635
f 1636/1636 1639/1639 1641/1641
f 1636/1636 1641/1641 1638/1638
f 1639/1639 1643/1643 1646/1646
f 1639/1639 1646/1646 1641/1641
f 1642/1642 1647/1647 1649/1649
f 1642/1642 1649/1649 1645/1645
f 1648/1648 1653/1653 1644/1644
f 1647/1647 1650/1650 1652/1652
f 1647/1647 1652/1652 1649/1649
f 1650/1650 1615/1615 1617/1617
f 1650/1650 1617/1617 1652/1652
f 1622/1622 1653/1653 1619/1619
f 1644/1644 1653/1653 1640/1640
f 1640/1640 1653/1653 1637/1637
f 1637/1637 1653/1653 1634/1634
f 1634/1634 1653/1653 1631/1631
f 1631/1631 1653/1653 1628/1628
f 1628/1628 1653/1653 1625/1625
f 1616/1616 1653/1653 1651/1651
f 1619/1619 1653/1653 1616/1616
f 1625/1625 1653/1653 1622/1622
f 1651/1651 1653/1653 1648/1648
f 1654/1654 1657/1657 1659/1659
f 1654/1654 1659/1659 1655/1655
f 1657/1657 1660/1660 1662/1662
f 1657/1657 1662/1662 1659/1659
f 1660/1660 1664/1664 1667/1667
f 1660/1660 1667/1667 1662/1662
f 1663/1663 1668/1668 1670/1670
f 1663/1663 1670/1670 1666/1666
f 1668/1668 1671/1671 1673/1673
f 1668/1668 1673/1673 1670/1670
f 1671/1671 1674/1674 1675/1675
f 1671/1671 1675/1675 1673/1673
f 1674/1674 1677/1677 1678/1678
f 1674/1674 1678/1678 1675/1675
f 1677/1677 1680/1680 1681/1681
f 1677/1677 1681/1681 1678/1678
f 1680/1680 1683/1683 1684/1684
f 1680/1680 1684/1684 1681/1681
f 1683/1683 1686/1686 1687/1687
f 1683/1683 1687/1687 1684/1684
f 1688/1688 1692/1692 1685/1685
f 1686/1686 1689/1689 1690/1690
f 1686/1686 1690/1690 1687/1687
f 1689/1689 1654/1654 1655/1655
f 1689/1689 1655/1655 1690/1690
f 1661/1661 1692/1692 1658/1658
f 1685/1685 1692/1692 1682/1682
f 1682/1682 1692/1692 1679/1679
f 1679/1679 1692/1692 1676/1676
f 1676/1676 1692/1692 1672/1672
f 1672/1672 1692/1692 1669/1669
f 1669/1669 1692/1692 1665/1665
f 1656/1656 1692/1692 1691/1691
f 1658/1658 1692/1692 1656/1656
f 1665/1665 1692/1692 1661/1661
f 1691/1691 1692/1692 1688/1688
f 1693/1693 1696/1696 1697/1697
f 1693/1693 1697/1697 1694/1694
f 1696/1696 1699/1699 1700/1700
f 1696/1696 1700/1700 1697/1697
f 1699/1699 1702/1702 1703/1703
f 1699/1699 1703/1703 1700/1700
f 1702/1702 1705/1705 1706/1706
f 1702/1702 1706/1706 1703/1703
f 1705/1705 1708/1708 1709/1709
f 1705/1705 1709/1709 1706/1706
f 1708/1708 1711/1711 1712/1712
f 1708/1708 1712/1712 1709/1709
f 1711/1711 1714/1714 1715/1715
f 1711/1711 1715/1715 1712/1712
f 1714/1714 1717/1717 1718/1718
f 1714/1714 1718/1718 1715/1715
f 1717/1717 1721/1721 1723/1723
f 1717/1717 1723/1723 1718/1718
f 1720/1720 1725/1725 1726/1726
f 1720/1720 1726/1726 1722/1722
f 1727/1727 1731/1731 1724/1724
f 1725/1725 1728/1728 1729/1729
f 1725/1725 1729/1729 1726/1726
f 1728/1728 1693/1693 1694/1694
f 1728/1728 1694/1694 1729/1729
f 1701/1701 1731/1731 1698/1698
f 1724/1724 1731/1731 1719/1719
f 1719/1719 1731/1731 1716/1716
f 1716/1716 1731/1731 1713/1713
f 1713/1713 1731/1731 1710/1710
f 1710/1710 1731/1731 1707/1707
f 1707/1707 1731/1731 1704/1704
f 1695/1695 1731/1731 1730/1730
f 1698/1698 1731/1731 1695/1695
f 1704/1704 1731/1731 1701/1701
f 1730/1730 1731/1731 1727/1727
f 1732/1732 1735/1735 1736/1736
f 1732/1732 1736/1736 1733/1733
f 1735/1735 1738/1738 1739/1739
f 1735/1735 1739/1739 1736/1736
f 1738/1738 1741/1741 1743/1743
f 1738/1738 1743/1743 1739/1739
f 1742/1742 1746/1746 1747/1747
f 1742/1742 1747/1747 1744/1744
f 1746/1746 1749/1749 1750/1750
f 1746/1746 1750/1750 1747/1747
f 1749/1749 1752/1752 1753/1753
f 1749/1749 1753/1753 1750/1750
f 1752/1752 1755/1755 1757/1757
f 1752/1752 1757/1757 1753/1753
f 1755/1755 1758/1758 1760/1760
f 1755/1755 1760/1760 1757/1757
f 1758/1758 1761/1761 1763/1763
f 1758/1758 1763/1763 1760/1760
f 1761/1761 1764/1764 1766/1766
f 1761/1761 1766/1766 1763/1763
f 1765/1765 1770/1770 1762/1762
f 1764/1764 1767/1767 1769/1769
f 1764/1764 1769/1769 1766/1766
f 1767/1767 1732/1732 1733/1733
f 1767/1767 1733/1733 1769/1769
f 1740/1740 1770/1770 1737/1737
f 1762/1762 1770/1770 1759/1759
f 1759/1759 1770/1770 1756/1756
f 1756/1756 1770/1770 1754/1754
f 1754/1754 1770/1770 1751/1751
f 1751/1751 1770/1770 1748/1748
f 1748/1748 1770/1770 1745/1745
f 1734/1734 1770/1770 1768/1768
f 1737/1737 1770/1770 1734/1734
f 1745/1745 1770/1770 1740/1740
f 1768/1768 1770/1770 1765/1765
f 1771/1771 1773/1773 1776/1776
f 1771/1771 1776/1776 1774/1774
f 1774/1774 1776/1776 1779/1779
f 1774/1774 1779/1779 1777/1777
f 1777/1777 1779/1779 1782/1782
f 1777/1777 1782/1782 1780/1780
f 1780/1780 1782/1782 1785/1785
f 1780/1780 1785/1785 1783/1783
f 1783/1783 1785/1785 1788/1788
f 1783/1783 1788/1788 1786/1786
f 1786/1786 1788/1788 1791/1791
f 1786/1786 1791/1791 1789/1789
f 1789/1789 1791/1791 1794/1794
f 1789/1789 1794/1794 1792/1792
f 1792/1792 1794/1794 1797/1797
f 1792/1792 1797/1797 1795/1795
f 1795/1795 1797/1797 1802/1802
f 1795/1795 1802/1802 1799/1799
f 1798/1798 1801/1801 1805/1805
f 1798/1798 1805/1805 1803/1803
f 1804/1804 1800/1800 1809/1809
f 1803/1803 1805/1805 1808/1808
f 1803/1803 1808/1808 1806/1806
f 1806/1806 1808/1808 1773/1773
f 1806/1806 1773/1773 1771/1771
f 1778/1778 1775/1775 1809/1809
f 1800/1800 1796/1796 1809/1809
f 1796/1796 1793/1793 1809/1809
f 1793/1793 1790/1790 1809/1809
f 1790/1790 1787/1787 1809/1809
f 1787/1787 1784/1784 1809/1809
f 1784/1784 1781/1781 1809/1809
f 1772/1772 1807/1807 1809/1809
f 1775/1775 1772/1772 1809/1809
f 1781/1781 1778/1778 1809/1809
f 1807/1807 1804/1804 1809/1809
f 1810/1810 1811/1811 1815/1815
f 1810/1810 1815/1815 1813/1813
f 1813/1813 1815/1815 1818/1818
f 1813/1813 1818/1818 1816/1816
f 1816/1816 1818/1818 1823/1823
f 1816/1816 1823/1823 1820/1820
f 1819/1819 1822/1822 1826/1826
f 1819/1819 1826/1826 1824/1824
f 1824/1824 1826/1826 1829/1829
f 1824/1824 1829/1829 1827/1827
f 1827/1827 1829/1829 1831/1831
f 1827/1827 1831/1831 1830/1830
f 1830/1830 1831/1831 1834/1834
f 1830/1830 1834/1834 1833/1833
f 1833/1833 1834/1834 1837/1837
f 1833/1833 1837/1837 1836/1836
f 1836/1836 1837/1837 1840/1840
f 1836/1836 1840/1840 1839/1839
f 1839/1839 1840/1840 1843/1843
f 1839/1839 1843/1843 1842/1842
f 1844/1844 1841/1841 1848/1848
f 1842/1842 1843/1843 1846/1846
f 1842/1842 1846/1846 1845/1845
f 1845/1845 1846/1846 1811/1811
f 1845/1845 1811/1811 1810/1810
f 1817/1817 1814/1814 1848/1848
f 1841/1841 1838/1838 1848/1848
f 1838/1838 1835/1835 1848/1848
f 1835/1835 1832/1832 1848/1848
f 1832/1832 1828/1828 1848/1848
f 1828/1828 1825/1825 1848/1848
f 1825/1825 1821/1821 1848/1848
f 1812/1812 1847/1847 1848/1848
f 1814/1814 1812/1812 1848/1848
f 1821/1821 1817/1817 1848/1848
f 1847/1847 1844/1844 1848/1848
f 2129/2129 2126/2126 1870/1870
f 2129/2129 1870/1870 1873/1873
f 1850/1850 1862/1862 1867/1867
f 1985/1985 1990/1990 1861/1861
f 1985/1985 1861/1861 1856/1856
f 1889/1889 2018/2018 2022/2022
f 1889/1889 2022/2022 1893/1893
f 1974/1974 1890/1890 1895/1895
f 1959/1959 1971/1971 1878/1878
f 1959/1959 1878/1878 1869/1869
f 2157/2157 2154/2154 1898/1898
f 2157/2157 1898/1898 1901/1901
f 1967/1967 1965/1965 1852/1852
f 1939/1939 1935/1935 1936/1936
f 1955/1955 1921/1921 1959/1959
f 1955/1955 1959/1959 1871/1871
f 1851/1851 1942/1942 1876/1876
f 1851/1851 1876/1876 1971/1971
f 1852/1852 1965/1965 1904/1904
f 1852/1852 1904/1904 1970/1970
f 2013/2013 2018/2018 1889/1889
f 2013/2013 1889/1889 1884/1884
f 1952/1952 1949/1949 1951/1951
f 1950/1950 2206/2206 2220/2220
f 1950/1950 2220/2220 1964/1964
f 1947/1947 1951/1951 1853/1853
f 1947/1947 1853/1853 1899/1899
f 1971/1971 1876/1876 1881/1881
f 1958/1958 2214/2214 2197/2197
f 1958/1958 2197/2197 1941/1941
f 1957/1957 1940/1940 1851/1851
f 1957/1957 1851/1851 1921/1921
f 1905/1905 2161/2161 2152/2152
f 1905/1905 2152/2152 1896/1896
f 1877/1877 2133/2133 2124/2124
f 1877/1877 2124/2124 1868/1868
f 1891/1891 2020/2020 2054/2054
f 1891/1891 2054/2054 1925/1925
f 2046/2046 1917/1917 1912/1912
f 2046/2046 1912/1912 2041/2041
f 1959/1959 1869/1869 1874/1874
f 1944/1944 1942/1942 1851/1851
f 1973/1973 1974/1974 1892/1892
f 1973/1973 1892/1892 1926/1926
f 1888/1888 1885/1885 1972/1972
f 1970/1970 1904/1904 1909/1909
f 1853/1853 1897/1897 1902/1902
f 1921/1921 1851/1851 1971/1971
f 1921/1921 1971/1971 1959/1959
f 1960/1960 1957/1957 1921/1921
f 1919/1919 2048/2048 1983/1983
f 1919/1919 1983/1983 1854/1854
f 1858/1858 1987/1987 1985/1985
f 1858/1858 1985/1985 1856/1856
f 1854/1854 1983/1983 1988/1988
f 1854/1854 1988/1988 1859/1859
f 1866/1866 1995/1995 1992/1992
f 1866/1866 1992/1992 1863/1863
f 1934/1934 2063/2063 2011/2011
f 1934/1934 2011/2011 1882/1882
f 1938/1938 2067/2067 2063/2063
f 1938/1938 2063/2063 1934/1934
f 2135/2135 2133/2133 1877/1877
f 2135/2135 1877/1877 1879/1879
f 2124/2124 2128/2128 1872/1872
f 2124/2124 1872/1872 1868/1868
f 2202/2202 2199/2199 1943/1943
f 2202/2202 1943/1943 1946/1946
f 2131/2131 2136/2136 1880/1880
f 2131/2131 1880/1880 1875/1875
f 1861/1861 1990/1990 1994/1994
f 1861/1861 1994/1994 1865/1865
f 1923/1923 2052/2052 2048/2048
f 1923/1923 2048/2048 1919/1919
f 1932/1932 2061/2061 2066/2066
f 1932/1932 2066/2066 1937/1937
f 1929/1929 2058/2058 2056/2056
f 1929/1929 2056/2056 1927/1927
f 1925/1925 2054/2054 2059/2059
f 1925/1925 2059/2059 1930/1930
f 1886/1886 2015/2015 2013/2013
f 1886/1886 2013/2013 1884/1884
f 1882/1882 2011/2011 2016/2016
f 1882/1882 2016/2016 1887/1887
f 1894/1894 2023/2023 2020/2020
f 1894/1894 2020/2020 1891/1891
f 2163/2163 2161/2161 1905/1905
f 2163/2163 1905/1905 1907/1907
f 2152/2152 2156/2156 1900/1900
f 2152/2152 1900/1900 1896/1896
f 2209/2209 2206/2206 1950/1950
f 2209/2209 1950/1950 1953/1953
f 2159/2159 2164/2164 1908/1908
f 2159/2159 1908/1908 1903/1903
f 1917/1917 2046/2046 2051/2051
f 1917/1917 2051/2051 1922/1922
f 1914/1914 2043/2043 2041/2041
f 1914/1914 2041/2041 1912/1912
f 2217/2217 2214/2214 1958/1958
f 2217/2217 1958/1958 1961/1961
f 2197/2197 2201/2201 1945/1945
f 2197/2197 1945/1945 1941/1941
f 2225/2225 2222/2222 1966/1966
f 2225/2225 1966/1966 1969/1969
f 2204/2204 2210/2210 1954/1954
f 2204/2204 1954/1954 1948/1948
f 2220/2220 2224/2224 1968/1968
f 2220/2220 1968/1968 1964/1964
f 2212/2212 2218/2218 1962/1962
f 2212/2212 1962/1962 1956/1956
f 2154/2154 2204/2204 1948/1948
f 2154/2154 1948/1948 1898/1898
f 2126/2126 2212/2212 1956/1956
f 2126/2126 1956/1956 1870/1870
f 2222/2222 2159/2159 1903/1903
f 2222/2222 1903/1903 1966/1966
f 1853/1853 1970/1970 1906/1906
f 1853/1853 1906/1906 1897/1897
f 2199/2199 2131/2131 1875/1875
f 2199/2199 1875/1875 1943/1943
f 1863/1863 1992/1992 2039/2039
f 1863/1863 2039/2039 1910/1910
f 1955/1955 1960/1960 1921/1921
f 1973/1973 1926/1926 1931/1931
f 1935/1935 1883/1883 1972/1972
f 1935/1935 1972/1972 1936/1936
f 1936/1936 1972/1972 1974/1974
f 1936/1936 1974/1974 1973/1973
f 1933/1933 1936/1936 1973/1973
f 1933/1933 1973/1973 1928/1928
f 1972/1972 1885/1885 1890/1890
f 1972/1972 1890/1890 1974/1974
f 1928/1928 1973/1973 1931/1931
f 1892/1892 1974/1974 1895/1895
f 1933/1933 1939/1939 1936/1936
f 1883/1883 1888/1888 1972/1972
f 2061/2061 1932/1932 1927/1927
f 2061/2061 1927/1927 2056/2056
f 1949/1949 1963/1963 1852/1852
f 1949/1949 1852/1852 1951/1951
f 1951/1951 1852/1852 1970/1970
f 1951/1951 1970/1970 1853/1853
f 1963/1963 1967/1967 1852/1852
f 1906/1906 1970/1970 1909/1909
f 1947/1947 1952/1952 1951/1951
f 1899/1899 1853/1853 1902/1902
f 1940/1940 1944/1944 1851/1851
f 1878/1878 1971/1971 1881/1881
f 1871/1871 1959/1959 1874/1874
f 1860/1860 1857/1857 1849/1849
f 1849/1849 1857/1857 1862/1862
f 1849/1849 1862/1862 1850/1850
f 1976/1976 1850/1850 1864/1864
f 1976/1976 1864/1864 1911/1911
f 1920/1920 1855/1855 1849/1849
f 1920/1920 1849/1849 1975/1975
f 1975/1975 1849/1849 1850/1850
f 1975/1975 1850/1850 1976/1976
f 1864/1864 1850/1850 1867/1867
f 1855/1855 1860/1860 1849/1849
f 1918/1918 1975/1975 1976/1976
f 1918/1918 1976/1976 1913/1913
f 1924/1924 1920/1920 1975/1975
f 1976/1976 1911/1911 1916/1916
f 1913/1913 1976/1976 1916/1916
f 1918/1918 1924/1924 1975/1975
f 1910/1910 2039/2039 2044/2044
f 1910/1910 2044/2044 1915/1915
f 2258/2258 2002/2002 1999/1999
f 2258/2258 1999/1999 2255/2255
f 1978/1978 1993/1993 1989/1989
f 2102/2102 2021/2021 2017/2017
f 2087/2087 1996/1996 2005/2005
f 2087/2087 2005/2005 2099/2099
f 2286/2286 2030/2030 2027/2027
f 2286/2286 2027/2027 2283/2283
f 2097/2097 1980/1980 2094/2094
f 2065/2065 2064/2064 2062/2062
f 2084/2084 1998/1998 2087/2087
f 2084/2084 2087/2087 2049/2049
f 1979/1979 2099/2099 2003/2003
f 1979/1979 2003/2003 2071/2071
f 1980/1980 2098/2098 2031/2031
f 1980/1980 2031/2031 2094/2094
f 2082/2082 2079/2079 2078/2078
f 2091/2091 2347/2347 2333/2333
f 2091/2091 2333/2333 2077/2077
f 2076/2076 2026/2026 1981/1981
f 2076/2076 1981/1981 2079/2079
f 2099/2099 2007/2007 2003/2003
f 2068/2068 2324/2324 2341/2341
f 2068/2068 2341/2341 2085/2085
f 2086/2086 2049/2049 1979/1979
f 2086/2086 1979/1979 2069/2069
f 2025/2025 2281/2281 2290/2290
f 2025/2025 2290/2290 2034/2034
f 1997/1997 2253/2253 2262/2262
f 1997/1997 2262/2262 2006/2006
f 2087/2087 2000/2000 1996/1996
f 2074/2074 1979/1979 2071/2071
f 2101/2101 2053/2053 2019/2019
f 2101/2101 2019/2019 2102/2102
f 2014/2014 2100/2100 2012/2012
f 2098/2098 2035/2035 2031/2031
f 1981/1981 2028/2028 2024/2024
f 2049/2049 2087/2087 2099/2099
f 2049/2049 2099/2099 1979/1979
f 2090/2090 2049/2049 2086/2086
f 2264/2264 2008/2008 2006/2006
f 2264/2264 2006/2006 2262/2262
f 2253/2253 1997/1997 2001/2001
f 2253/2253 2001/2001 2257/2257
f 2328/2328 2072/2072 2070/2070
f 2328/2328 2070/2070 2326/2326
f 2260/2260 2004/2004 2009/2009
f 2260/2260 2009/2009 2265/2265
f 2292/2292 2036/2036 2034/2034
f 2292/2292 2034/2034 2290/2290
f 2281/2281 2025/2025 2029/2029
f 2281/2281 2029/2029 2285/2285
f 2336/2336 2080/2080 2077/2077
f 2336/2336 2077/2077 2333/2333
f 2288/2288 2032/2032 2037/2037
f 2288/2288 2037/2037 2293/2293
f 2344/2344 2088/2088 2085/2085
f 2344/2344 2085/2085 2341/2341
f 2324/2324 2068/2068 2073/2073
f 2324/2324 2073/2073 2329/2329
f 2352/2352 2096/2096 2093/2093
f 2352/2352 2093/2093 2349/2349
f 2331/2331 2075/2075 2081/2081
f 2331/2331 2081/2081 2337/2337
f 2347/2347 2091/2091 2095/2095
f 2347/2347 2095/2095 2351/2351
f 2339/2339 2083/2083 2089/2089
f 2339/2339 2089/2089 2345/2345
f 2283/2283 2027/2027 2075/2075
f 2283/2283 2075/2075 2331/2331
f 2255/2255 1999/1999 2083/2083
f 2255/2255 2083/2083 2339/2339
f 2349/2349 2093/2093 2032/2032
f 2349/2349 2032/2032 2288/2288
f 1981/1981 2024/2024 2033/2033
f 1981/1981 2033/2033 2098/2098
f 2326/2326 2070/2070 2004/2004
f 2326/2326 2004/2004 2260/2260
f 2084/2084 2049/2049 2090/2090
f 2101/2101 2057/2057 2053/2053
f 2062/2062 2064/2064 2100/2100
f 2062/2062 2100/2100 2010/2010
f 2064/2064 2101/2101 2102/2102
f 2064/2064 2102/2102 2100/2100
f 2060/2060 2055/2055 2101/2101
f 2060/2060 2101/2101 2064/2064
f 2100/2100 2102/2102 2017/2017
f 2100/2100 2017/2017 2012/2012
f 2055/2055 2057/2057 2101/2101
f 2019/2019 2021/2021 2102/2102
f 2060/2060 2064/2064 2065/2065
f 2010/2010 2100/2100 2014/2014
f 2078/2078 2079/2079 1980/1980
f 2078/2078 1980/1980 2092/2092
f 2079/2079 1981/1981 2098/2098
f 2079/2079 2098/2098 1980/1980
f 2092/2092 1980/1980 2097/2097
f 2033/2033 2035/2035 2098/2098
f 2076/2076 2079/2079 2082/2082
f 2026/2026 2028/2028 1981/1981
f 2069/2069 1979/1979 2074/2074
f 2005/2005 2007/2007 2099/2099
f 1998/1998 2000/2000 2087/2087
f 1986/1986 1977/1977 1984/1984
f 1977/1977 1978/1978 1989/1989
f 1977/1977 1989/1989 1984/1984
f 2104/2104 2038/2038 1991/1991
f 2104/2104 1991/1991 1978/1978
f 2047/2047 2103/2103 1977/1977
f 2047/2047 1977/1977 1982/1982
f 2103/2103 2104/2104 1978/1978
f 2103/2103 1978/1978 1977/1977
f 1991/1991 1993/1993 1978/1978
f 1982/1982 1977/1977 1986/1986
f 2045/2045 2040/2040 2104/2104
f 2045/2045 2104/2104 2103/2103
f 2050/2050 2103/2103 2047/2047
f 2104/2104 2042/2042 2038/2038
f 2040/2040 2042/2042 2104/2104
f 2045/2045 2103/2103 2050/2050
f 2171/2171 2300/2300 2295/2295
f 2171/2171 2295/2295 2166/2166
f 2106/2106 2123/2123 2118/2118
f 2241/2241 2112/2112 2117/2117
f 2241/2241 2117/2117 2246/2246
f 2149/2149 2278/2278 2274/2274
f 2149/2149 2274/2274 2145/2145
f 2230/2230 2151/2151 2146/2146
f 2215/2215 2125/2125 2134/2134
f 2215/2215 2134/2134 2227/2227
f 2223/2223 2108/2108 2221/2221
f 2195/2195 2192/2192 2191/2191
f 2211/2211 2127/2127 2215/2215
f 2211/2211 2215/2215 2177/2177
f 2107/2107 2227/2227 2132/2132
f 2107/2107 2132/2132 2198/2198
f 2108/2108 2226/2226 2160/2160
f 2108/2108 2160/2160 2221/2221
f 2269/2269 2140/2140 2145/2145
f 2269/2269 2145/2145 2274/2274
f 2208/2208 2207/2207 2205/2205
f 2203/2203 2155/2155 2109/2109
f 2203/2203 2109/2109 2207/2207
f 2227/2227 2137/2137 2132/2132
f 2213/2213 2177/2177 2107/2107
f 2213/2213 2107/2107 2196/2196
f 2181/2181 2310/2310 2276/2276
f 2181/2181 2276/2276 2147/2147
f 2302/2302 2297/2297 2168/2168
f 2302/2302 2168/2168 2173/2173
f 2215/2215 2130/2130 2125/2125
f 2200/2200 2107/2107 2198/2198
f 2229/2229 2182/2182 2148/2148
f 2229/2229 2148/2148 2230/2230
f 2144/2144 2228/2228 2141/2141
f 2226/2226 2165/2165 2160/2160
f 2109/2109 2158/2158 2153/2153
f 2177/2177 2215/2215 2227/2227
f 2177/2177 2227/2227 2107/2107
f 2216/2216 2177/2177 2213/2213
f 2110/2110 2239/2239 2304/2304
f 2110/2110 2304/2304 2175/2175
f 2112/2112 2241/2241 2243/2243
f 2112/2112 2243/2243 2114/2114
f 2115/2115 2244/2244 2239/2239
f 2115/2115 2239/2239 2110/2110
f 2119/2119 2248/2248 2251/2251
f 2119/2119 2251/2251 2122/2122
f 2138/2138 2267/2267 2319/2319
f 2138/2138 2319/2319 2190/2190
f 2190/2190 2319/2319 2323/2323
f 2190/2190 2323/2323 2194/2194
f 2121/2121 2250/2250 2246/2246
f 2121/2121 2246/2246 2117/2117
f 2175/2175 2304/2304 2308/2308
f 2175/2175 2308/2308 2179/2179
f 2193/2193 2322/2322 2317/2317
f 2193/2193 2317/2317 2188/2188
f 2183/2183 2312/2312 2314/2314
f 2183/2183 2314/2314 2185/2185
f 2186/2186 2315/2315 2310/2310
f 2186/2186 2310/2310 2181/2181
f 2140/2140 2269/2269 2271/2271
f 2140/2140 2271/2271 2142/2142
f 2143/2143 2272/2272 2267/2267
f 2143/2143 2267/2267 2138/2138
f 2147/2147 2276/2276 2279/2279
f 2147/2147 2279/2279 2150/2150
f 2178/2178 2307/2307 2302/2302
f 2178/2178 2302/2302 2173/2173
f 2168/2168 2297/2297 2299/2299
f 2168/2168 2299/2299 2170/2170
f 2109/2109 2153/2153 2162/2162
f 2109/2109 2162/2162 2226/2226
f 2166/2166 2295/2295 2248/2248
f 2166/2166 2248/2248 2119/2119
f 2211/2211 2177/2177 2216/2216
f 2229/2229 2187/2187 2182/2182
f 2191/2191 2192/2192 2228/2228
f 2191/2191 2228/2228 2139/2139
f 2192/2192 2229/2229 2230/2230
f 2192/2192 2230/2230 2228/2228
f 2189/2189 2184/2184 2229/2229
f 2189/2189 2229/2229 2192/2192
f 2228/2228 2230/2230 2146/2146
f 2228/2228 2146/2146 2141/2141
f 2184/2184 2187/2187 2229/2229
f 2148/2148 2151/2151 2230/2230
f 2189/2189 2192/2192 2195/2195
f 2139/2139 2228/2228 2144/2144
f 2317/2317 2312/2312 2183/2183
f 2317/2317 2183/2183 2188/2188
f 2205/2205 2207/2207 2108/2108
f 2205/2205 2108/2108 2219/2219
f 2207/2207 2109/2109 2226/2226
f 2207/2207 2226/2226 2108/2108
f 2219/2219 2108/2108 2223/2223
f 2162/2162 2165/2165 2226/2226
f 2203/2203 2207/2207 2208/2208
f 2155/2155 2158/2158 2109/2109
f 2196/2196 2107/2107 2200/2200
f 2134/2134 2137/2137 2227/2227
f 2127/2127 2130/2130 2215/2215
f 2116/2116 2105/2105 2113/2113
f 2105/2105 2106/2106 2118/2118
f 2105/2105 2118/2118 2113/2113
f 2232/2232 2167/2167 2120/2120
f 2232/2232 2120/2120 2106/2106
f 2176/2176 2231/2231 2105/2105
f 2176/2176 2105/2105 2111/2111
f 2231/2231 2232/2232 2106/2106
f 2231/2231 2106/2106 2105/2105
f 2120/2120 2123/2123 2106/2106
f 2111/2111 2105/2105 2116/2116
f 2174/2174 2169/2169 2232/2232
f 2174/2174 2232/2232 2231/2231
f 2180/2180 2231/2231 2176/2176
f 2232/2232 2172/2172 2167/2167
f 2169/2169 2172/2172 2232/2232
f 2174/2174 2231/2231 2180/2180
f 2234/2234 2245/2245 2249/2249
f 2358/2358 2273/2273 2277/2277
f 2343/2343 2355/2355 2261/2261
f 2343/2343 2261/2261 2252/2252
f 2353/2353 2350/2350 2236/2236
f 2321/2321 2318/2318 2320/2320
f 2340/2340 2305/2305 2343/2343
f 2340/2340 2343/2343 2254/2254
f 2235/2235 2327/2327 2259/2259
f 2235/2235 2259/2259 2355/2355
f 2236/2236 2350/2350 2287/2287
f 2236/2236 2287/2287 2354/2354
f 2338/2338 2334/2334 2335/2335
f 2332/2332 2335/2335 2237/2237
f 2332/2332 2237/2237 2282/2282
f 2355/2355 2259/2259 2263/2263
f 2342/2342 2325/2325 2235/2235
f 2342/2342 2235/2235 2305/2305
f 2343/2343 2252/2252 2256/2256
f 2330/2330 2327/2327 2235/2235
f 2357/2357 2358/2358 2275/2275
f 2357/2357 2275/2275 2309/2309
f 2270/2270 2268/2268 2356/2356
f 2354/2354 2287/2287 2291/2291
f 2237/2237 2280/2280 2284/2284
f 2305/2305 2235/2235 2355/2355
f 2305/2305 2355/2355 2343/2343
f 2346/2346 2342/2342 2305/2305
f 2237/2237 2354/2354 2289/2289
f 2237/2237 2289/2289 2280/2280
f 2340/2340 2346/2346 2305/2305
f 2357/2357 2309/2309 2313/2313
f 2318/2318 2266/2266 2356/2356
f 2318/2318 2356/2356 2320/2320
f 2320/2320 2356/2356 2358/2358
f 2320/2320 2358/2358 2357/2357
f 2316/2316 2320/2320 2357/2357
f 2316/2316 2357/2357 2311/2311
f 2356/2356 2268/2268 2273/2273
f 2356/2356 2273/2273 2358/2358
f 2311/2311 2357/2357 2313/2313
f 2275/2275 2358/2358 2277/2277
f 2316/2316 2321/2321 2320/2320
f 2266/2266 2270/2270 2356/2356
f 2334/2334 2348/2348 2236/2236
f 2334/2334 2236/2236 2335/2335
f 2335/2335 2236/2236 2354/2354
f 2335/2335 2354/2354 2237/2237
f 2348/2348 2353/2353 2236/2236
f 2289/2289 2354/2354 2291/2291
f 2332/2332 2338/2338 2335/2335
f 2282/2282 2237/2237 2284/2284
f 2325/2325 2330/2330 2235/2235
f 2261/2261 2355/2355 2263/2263
f 2254/2254 2343/2343 2256/2256
f 2242/2242 2240/2240 2233/2233
f 2233/2233 2240/2240 2245/2245
f 2233/2233 2245/2245 2234/2234
f 2360/2360 2234/2234 2247/2247
f 2360/2360 2247/2247 2294/2294
f 2303/2303 2238/2238 2233/2233
f 2303/2303 2233/2233 2359/2359
f 2359/2359 2233/2233 2234/2234
f 2359/2359 2234/2234 2360/2360
f 2247/2247 2234/2234 2249/2249
f 2238/2238 2242/2242 2233/2233
f 2301/2301 2359/2359 2360/2360
f 2301/2301 2360/2360 2296/2296
f 2306/2306 2303/2303 2359/2359
f 2360/2360 2294/2294 2298/2298
f 2296/2296 2360/2360 2298/2298
f 2301/2301 2306/2306 2359/2359
f 2361/2361 2368/2368 2374/2374
f 2361/2361 2374/2374 2373/2373
f 2376/2376 2383/2383 2380/2380
f 2361/2361 2362/2362 2369/2369
f 2361/2361 2369/2369 2368/2368
f 2402/2402 2375/2375 2379/2379
f 2402/2402 2379/2379 2406/2406
f 2366/2366 2361/2361 2373/2373
f 2366/2366 2373/2373 2372/2372
f 2382/2382 2365/2365 2371/2371
f 2382/2382 2371/2371 2386/2386
f 2362/2362 2361/2361 2366/2366
f 2364/2364 2378/2378 2387/2387
f 2364/2364 2387/2387 2370/2370
f 2377/2377 2363/2363 2367/2367
f 2377/2377 2367/2367 2384/2384
f 2386/2386 2413/2413 2409/2409
f 2386/2386 2409/2409 2382/2382
f 2405/2405 2414/2414 2387/2387
f 2405/2405 2387/2387 2378/2378
f 2388/2388 2400/2400 2401/2401
f 2388/2388 2401/2401 2395/2395
f 2403/2403 2407/2407 2410/2410
f 2388/2388 2395/2395 2396/2396
f 2388/2388 2396/2396 2389/2389
f 2393/2393 2399/2399 2400/2400
f 2393/2393 2400/2400 2388/2388
f 2409/2409 2413/2413 2398/2398
f 2409/2409 2398/2398 2392/2392
f 2389/2389 2393/2393 2388/2388
f 2391/2391 2397/2397 2414/2414
f 2391/2391 2414/2414 2405/2405
f 2404/2404 2411/2411 2394/2394
f 2404/2404 2394/2394 2390/2390
f 2408/2408 2381/2381 2385/2385
f 2408/2408 2385/2385 2412/2412
f 2415/2415 2427/2427 2428/2428
f 2415/2415 2428/2428 2422/2422
f 2432/2432 2435/2435 2439/2439
f 2415/2415 2422/2422 2424/2424
f 2415/2415 2424/2424 2418/2418
f 2458/2458 2461/2461 2434/2434
f 2458/2458 2434/2434 2431/2431
f 2421/2421 2426/2426 2427/2427
f 2421/2421 2427/2427 2415/2415
f 2438/2438 2440/2440 2425/2425
f 2438/2438 2425/2425 2420/2420
f 2418/2418 2421/2421 2415/2415
f 2416/2416 2423/2423 2441/2441
f 2416/2416 2441/2441 2429/2429
f 2430/2430 2437/2437 2419/2419
f 2430/2430 2419/2419 2417/2417
f 2440/2440 2438/2438 2465/2465
f 2440/2440 2465/2465 2467/2467
f 2456/2456 2429/2429 2441/2441
f 2456/2456 2441/2441 2468/2468
f 2442/2442 2449/2449 2455/2455
f 2442/2442 2455/2455 2454/2454
f 2459/2459 2466/2466 2462/2462
f 2442/2442 2445/2445 2451/2451
f 2442/2442 2451/2451 2449/2449
f 2448/2448 2442/2442 2454/2454
f 2448/2448 2454/2454 2453/2453
f 2465/2465 2447/2447 2452/2452
f 2465/2465 2452/2452 2467/2467
f 2445/2445 2442/2442 2448/2448
f 2443/2443 2456/2456 2468/2468
f 2443/2443 2468/2468 2450/2450
f 2457/2457 2444/2444 2446/2446
f 2457/2457 2446/2446 2464/2464
f 2460/2460 2463/2463 2436/2436
f 2460/2460 2436/2436 2433/2433
f 2469/2469 2481/2481 2482/2482
f 2469/2469 2482/2482 2476/2476
f 2483/2483 2487/2487 2491/2491
f 2469/2469 2476/2476 2477/2477
f 2469/2469 2477/2477 2470/2470
f 2511/2511 2515/2515 2488/2488
f 2511/2511 2488/2488 2484/2484
f 2474/2474 2480/2480 2481/2481
f 2474/2474 2481/2481 2469/2469
f 2490/2490 2494/2494 2479/2479
f 2490/2490 2479/2479 2473/2473
f 2470/2470 2474/2474 2469/2469
f 2472/2472 2478/2478 2495/2495
f 2472/2472 2495/2495 2486/2486
f 2485/2485 2492/2492 2475/2475
f 2485/2485 2475/2475 2471/2471
f 2494/2494 2490/2490 2517/2517
f 2494/2494 2517/2517 2521/2521
f 2513/2513 2486/2486 2495/2495
f 2513/2513 2495/2495 2522/2522
f 2496/2496 2503/2503 2509/2509
f 2496/2496 2509/2509 2508/2508
f 2510/2510 2518/2518 2514/2514
f 2496/2496 2497/2497 2504/2504
f 2496/2496 2504/2504 2503/2503
f 2501/2501 2496/2496 2508/2508
f 2501/2501 2508/2508 2507/2507
f 2517/2517 2500/2500 2506/2506
f 2517/2517 2506/2506 2521/2521
f 2497/2497 2496/2496 2501/2501
f 2499/2499 2513/2513 2522/2522
f 2499/2499 2522/2522 2505/2505
f 2512/2512 2498/2498 2502/2502
f 2512/2512 2502/2502 2519/2519
f 2516/2516 2520/2520 2493/2493
f 2516/2516 2493/2493 2489/2489
f 2523/2523 2530/2530 2536/2536
f 2523/2523 2536/2536 2535/2535
f 2540/2540 2547/2547 2543/2543
f 2523/2523 2526/2526 2532/2532
f 2523/2523 2532/2532 2530/2530
f 2566/2566 2539/2539 2542/2542
f 2566/2566 2542/2542 2569/2569
f 2529/2529 2523/2523 2535/2535
f 2529/2529 2535/2535 2534/2534
f 2546/2546 2528/2528 2533/2533
f 2546/2546 2533/2533 2548/2548
f 2526/2526 2523/2523 2529/2529
f 2524/2524 2537/2537 2549/2549
f 2524/2524 2549/2549 2531/2531
f 2538/2538 2525/2525 2527/2527
f 2538/2538 2527/2527 2545/2545
f 2548/2548 2575/2575 2573/2573
f 2548/2548 2573/2573 2546/2546
f 2564/2564 2576/2576 2549/2549
f 2564/2564 2549/2549 2537/2537
f 2550/2550 2562/2562 2563/2563
f 2550/2550 2563/2563 2557/2557
f 2567/2567 2570/2570 2574/2574
f 2550/2550 2557/2557 2559/2559
f 2550/2550 2559/2559 2553/2553
f 2556/2556 2561/2561 2562/2562
f 2556/2556 2562/2562 2550/2550
f 2573/2573 2575/2575 2560/2560
f 2573/2573 2560/2560 2555/2555
f 2553/2553 2556/2556 2550/2550
f 2551/2551 2558/2558 2576/2576
f 2551/2551 2576/2576 2564/2564
f 2565/2565 2572/2572 2554/2554
f 2565/2565 2554/2554 2552/2552
f 2568/2568 2541/2541 2544/2544
f 2568/2568 2544/2544 2571/2571
f 2577/2577 2584/2584 2590/2590
f 2577/2577 2590/2590 2589/2589
f 2592/2592 2599/2599 2596/2596
f 2577/2577 2578/2578 2585/2585
f 2577/2577 2585/2585 2584/2584
f 2618/2618 2591/2591 2595/2595
f 2618/2618 2595/2595 2622/2622
f 2582/2582 2577/2577 2589/2589
f 2582/2582 2589/2589 2588/2588
f 2598/2598 2581/2581 2587/2587
f 2598/2598 2587/2587 2602/2602
f 2578/2578 2577/2577 2582/2582
f 2580/2580 2594/2594 2603/2603
f 2580/2580 2603/2603 2586/2586
f 2593/2593 2579/2579 2583/2583
f 2593/2593 2583/2583 2600/2600
f 2602/2602 2629/2629 2625/2625
f 2602/2602 2625/2625 2598/2598
f 2621/2621 2630/2630 2603/2603
f 2621/2621 2603/2603 2594/2594
f 2604/2604 2616/2616 2617/2617
f 2604/2604 2617/2617 2611/2611
f 2619/2619 2623/2623 2626/2626
f 2604/2604 2611/2611 2612/2612
f 2604/2604 2612/2612 2605/2605
f 2609/2609 2615/2615 2616/2616
f 2609/2609 2616/2616 2604/2604
f 2625/2625 2629/2629 2614/2614
f 2625/2625 2614/2614 2608/2608
f 2605/2605 2609/2609 2604/2604
f 2607/2607 2613/2613 2630/2630
f 2607/2607 2630/2630 2621/2621
f 2620/2620 2627/2627 2610/2610
f 2620/2620 2610/2610 2606/2606
f 2624/2624 2597/2597 2601/2601
f 2624/2624 2601/2601 2628/2628
f 2631/2631 2643/2643 2644/2644
f 2631/2631 2644/2644 2638/2638
f 2648/2648 2651/2651 2655/2655
f 2631/2631 2638/2638 2640/2640
f 2631/2631 2640/2640 2634/2634
f 2674/2674 2677/2677 2650/2650
f 2674/2674 2650/2650 2647/2647
f 2637/2637 2642/2642 2643/2643
f 2637/2637 2643/2643 2631/2631
f 2654/2654 2656/2656 2641/2641
f 2654/2654 2641/2641 2636/2636
f 2634/2634 2637/2637 2631/2631
f 2632/2632 2639/2639 2657/2657
f 2632/2632 2657/2657 2645/2645
f 2646/2646 2653/2653 2635/2635
f 2646/2646 2635/2635 2633/2633
f 2656/2656 2654/2654 2681/2681
f 2656/2656 2681/2681 2683/2683
f 2672/2672 2645/2645 2657/2657
f 2672/2672 2657/2657 2684/2684
f 2658/2658 2665/2665 2671/2671
f 2658/2658 2671/2671 2670/2670
f 2675/2675 2682/2682 2678/2678
f 2658/2658 2661/2661 2667/2667
f 2658/2658 2667/2667 2665/2665
f 2664/2664 2658/2658 2670/2670
f 2664/2664 2670/2670 2669/2669
f 2681/2681 2663/2663 2668/2668
f 2681/2681 2668/2668 2683/2683
f 2661/2661 2658/2658 2664/2664
f 2659/2659 2672/2672 2684/2684
f 2659/2659 2684/2684 2666/2666
f 2673/2673 2660/2660 2662/2662
f 2673/2673 2662/2662 2680/2680
f 2676/2676 2679/2679 2652/2652
f 2676/2676 2652/2652 2649/2649
f 2685/2685 2697/2697 2698/2698
f 2685/2685 2698/2698 2692/2692
f 2700/2700 2704/2704 2707/2707
f 2685/2685 2692/2692 2693/2693
f 2685/2685 2693/2693 2686/2686
f 2726/2726 2730/2730 2703/2703
f 2726/2726 2703/2703 2699/2699
f 2690/2690 2696/2696 2697/2697
f 2690/2690 2697/2697 2685/2685
f 2706/2706 2710/2710 2695/2695
f 2706/2706 2695/2695 2689/2689
f 2686/2686 2690/2690 2685/2685
f 2688/2688 2694/2694 2711/2711
f 2688/2688 2711/2711 2702/2702
f 2701/2701 2708/2708 2691/2691
f 2701/2701 2691/2691 2687/2687
f 2710/2710 2706/2706 2733/2733
f 2710/2710 2733/2733 2737/2737
f 2729/2729 2702/2702 2711/2711
f 2729/2729 2711/2711 2738/2738
f 2712/2712 2719/2719 2725/2725
f 2712/2712 2725/2725 2724/2724
f 2727/2727 2734/2734 2731/2731
f 2712/2712 2713/2713 2720/2720
f 2712/2712 2720/2720 2719/2719
f 2717/2717 2712/2712 2724/2724
f 2717/2717 2724/2724 2723/2723
f 2733/2733 2716/2716 2722/2722
f 2733/2733 2722/2722 2737/2737
f 2713/2713 2712/2712 2717/2717
f 2715/2715 2729/2729 2738/2738
f 2715/2715 2738/2738 2721/2721
f 2728/2728 2714/2714 2718/2718
f 2728/2728 2718/2718 2735/2735
f 2732/2732 2736/2736 2709/2709
f 2732/2732 2709/2709 2705/2705
f 2739/2739 2746/2746 2752/2752
f 2739/2739 2752/2752 2751/2751
f 2756/2756 2763/2763 2759/2759
f 2739/2739 2742/2742 2748/2748
f 2739/2739 2748/2748 2746/2746
f 2782/2782 2755/2755 2758/2758
f 2782/2782 2758/2758 2785/2785
f 2745/2745 2739/2739 2751/2751
f 2745/2745 2751/2751 2750/2750
f 2762/2762 2744/2744 2749/2749
f 2762/2762 2749/2749 2764/2764
f 2742/2742 2739/2739 2745/2745
f 2740/2740 2753/2753 2765/2765
f 2740/2740 2765/2765 2747/2747
f 2754/2754 2741/2741 2743/2743
f 2754/2754 2743/2743 2761/2761
f 2764/2764 2791/2791 2789/2789
f 2764/2764 2789/2789 2762/2762
f 2780/2780 2792/2792 2765/2765
f 2780/2780 2765/2765 2753/2753
f 2766/2766 2778/2778 2779/2779
f 2766/2766 2779/2779 2773/2773
f 2783/2783 2786/2786 2790/2790
f 2766/2766 2773/2773 2775/2775
f 2766/2766 2775/2775 2769/2769
f 2772/2772 2777/2777 2778/2778
f 2772/2772 2778/2778 2766/2766
f 2789/2789 2791/2791 2776/2776
f 2789/2789 2776/2776 2771/2771
f 2769/2769 2772/2772 2766/2766
f 2767/2767 2774/2774 2792/2792
f 2767/2767 2792/2792 2780/2780
f 2781/2781 2788/2788 2770/2770
f 2781/2781 2770/2770 2768/2768
f 2784/2784 2757/2757 2760/2760
f 2784/2784 2760/2760 2787/2787
f 2793/2793 2800/2800 2806/2806
f 2793/2793 2806/2806 2805/2805
f 2808/2808 2815/2815 2812/2812
f 2793/2793 2794/2794 2801/2801
f 2793/2793 2801/2801 2800/2800
f 2834/2834 2807/2807 2811/2811
f 2834/2834 2811/2811 2838/2838
f 2798/2798 2793/2793 2805/2805
f 2798/2798 2805/2805 2804/2804
f 2814/2814 2797/2797 2803/2803
f 2814/2814 2803/2803 2818/2818
f 2794/2794 2793/2793 2798/2798
f 2796/2796 2810/2810 2819/2819
f 2796/2796 2819/2819 2802/2802
f 2809/2809 2795/2795 2799/2799
f 2809/2809 2799/2799 2816/2816
f 2818/2818 2845/2845 2841/2841
f 2818/2818 2841/2841 2814/2814
f 2837/2837 2846/2846 2819/2819
f 2837/2837 2819/2819 2810/2810
f 2820/2820 2832/2832 2833/2833
f 2820/2820 2833/2833 2827/2827
f 2835/2835 2839/2839 2842/2842
f 2820/2820 2827/2827 2828/2828
f 2820/2820 2828/2828 2821/2821
f 2825/2825 2831/2831 2832/2832
f 2825/2825 2832/2832 2820/2820
f 2841/2841 2845/2845 2830/2830
f 2841/2841 2830/2830 2824/2824
f 2821/2821 2825/2825 2820/2820
f 2823/2823 2829/2829 2846/2846
f 2823/2823 2846/2846 2837/2837
f 2836/2836 2843/2843 2826/2826
f 2836/2836 2826/2826 2822/2822
f 2840/2840 2813/2813 2817/2817
f 2840/2840 2817/2817 2844/2844
f 2847/2847 2859/2859 2860/2860
f 2847/2847 2860/2860 2854/2854
f 2864/2864 2867/2867 2871/2871
f 2847/2847 2854/2854 2856/2856
f 2847/2847 2856/2856 2850/2850
f 2890/2890 2893/2893 2866/2866
f 2890/2890 2866/2866 2863/2863
f 2853/2853 2858/2858 2859/2859
f 2853/2853 2859/2859 2847/2847
f 2870/2870 2872/2872 2857/2857
f 2870/2870 2857/2857 2852/2852
f 2850/2850 2853/2853 2847/2847
f 2848/2848 2855/2855 2873/2873
f 2848/2848 2873/2873 2861/2861
f 2862/2862 2869/2869 2851/2851
f 2862/2862 2851/2851 2849/2849
f 2872/2872 2870/2870 2897/2897
f 2872/2872 2897/2897 2899/2899
f 2888/2888 2861/2861 2873/2873
f 2888/2888 2873/2873 2900/2900
f 2874/2874 2881/2881 2887/2887
f 2874/2874 2887/2887 2886/2886
f 2891/2891 2898/2898 2894/2894
f 2874/2874 2877/2877 2883/2883
f 2874/2874 2883/2883 2881/2881
f 2880/2880 2874/2874 2886/2886
f 2880/2880 2886/2886 2885/2885
f 2897/2897 2879/2879 2884/2884
f 2897/2897 2884/2884 2899/2899
f 2877/2877 2874/2874 2880/2880
f 2875/2875 2888/2888 2900/2900
f 2875/2875 2900/2900 2882/2882
f 2889/2889 2876/2876 2878/2878
f 2889/2889 2878/2878 2896/2896
f 2892/2892 2895/2895 2868/2868
f 2892/2892 2868/2868 2865/2865
f 2901/2901 2913/2913 2914/2914
f 2901/2901 2914/2914 2908/2908
f 2916/2916 2920/2920 2923/2923
f 2901/2901 2908/2908 2909/2909
f 2901/2901 2909/2909 2902/2902
f 2942/2942 2946/2946 2919/2919
f 2942/2942 2919/2919 2915/2915
f 2906/2906 2912/2912 2913/2913
f 2906/2906 2913/2913 2901/2901
f 2922/2922 2926/2926 2911/2911
f 2922/2922 2911/2911 2905/2905
f 2902/2902 2906/2906 2901/2901
f 2904/2904 2910/2910 2927/2927
f 2904/2904 2927/2927 2918/2918
f 2917/2917 2924/2924 2907/2907
f 2917/2917 2907/2907 2903/2903
f 2926/2926 2922/2922 2949/2949
f 2926/2926 2949/2949 2953/2953
f 2945/2945 2918/2918 2927/2927
f 2945/2945 2927/2927 2954/2954
f 2928/2928 2935/2935 2941/2941
f 2928/2928 2941/2941 2940/2940
f 2943/2943 2950/2950 2947/2947
f 2928/2928 2929/2929 2936/2936
f 2928/2928 2936/2936 2935/2935
f 2933/2933 2928/2928 2940/2940
f 2933/2933 2940/2940 2939/2939
f 2949/2949 2932/2932 2938/2938
f 2949/2949 2938/2938 2953/2953
f 2929/2929 2928/2928 2933/2933
f 2931/2931 2945/2945 2954/2954
f 2931/2931 2954/2954 2937/2937
f 2944/2944 2930/2930 2934/2934
f 2944/2944 2934/2934 2951/2951
f 2948/2948 2952/2952 2925/2925
f 2948/2948 2925/2925 2921/2921
f 2955/2955 2962/2962 2968/2968
f 2955/2955 2968/2968 2967/2967
f 2972/2972 2979/2979 2975/2975
f 2955/2955 2958/2958 2964/2964
f 2955/2955 2964/2964 2962/2962
f 2998/2998 2971/2971 2974/2974
f 2998/2998 2974/2974 3001/3001
f 2961/2961 2955/2955 2967/2967
f 2961/2961 2967/2967 2966/2966
f 2978/2978 2960/2960 2965/2965
f 2978/2978 2965/2965 2980/2980
f 2958/2958 2955/2955 2961/2961
f 2956/2956 2969/2969 2981/2981
f 2956/2956 2981/2981 2963/2963
f 2970/2970 2957/2957 2959/2959
f 2970/2970 2959/2959 2977/2977
f 2980/2980 3007/3007 3005/3005
f 2980/2980 3005/3005 2978/2978
f 2996/2996 3008/3008 2981/2981
f 2996/2996 2981/2981 2969/2969
f 2982/2982 2994/2994 2995/2995
f 2982/2982 2995/2995 2989/2989
f 2999/2999 3002/3002 3006/3006
f 2982/2982 2989/2989 2991/2991
f 2982/2982 2991/2991 2985/2985
f 2988/2988 2993/2993 2994/2994
f 2988/2988 2994/2994 2982/2982
f 3005/3005 3007/3007 2992/2992
f 3005/3005 2992/2992 2987/2987
f 2985/2985 2988/2988 2982/2982
f 2983/2983 2990/2990 3008/3008
f 2983/2983 3008/3008 2996/2996
f 2997/2997 3004/3004 2986/2986
f 2997/2997 2986/2986 2984/2984
f 3000/3000 2973/2973 2976/2976
f 3000/3000 2976/2976 3003/3003
f 3010/3010 3011/3011 3014/3014
f 3010/3010 3014/3014 3013/3013
f 3013/3013 3014/3014 3018/3018
f 3013/3013 3018/3018 3016/3016
f 3017/3017 3019/3019 3022/3022
f 3017/3017 3022/3022 3021/3021
f 3021/3021 3022/3022 3025/3025
f 3021/3021 3025/3025 3024/3024
f 3024/3024 3025/3025 3028/3028
f 3024/3024 3028/3028 3027/3027
f 3027/3027 3028/3028 3031/3031
f 3027/3027 3031/3031 3030/3030
f 3030/3030 3031/3031 3034/3034
f 3030/3030 3034/3034 3033/3033
f 3033/3033 3034/3034 3037/3037
f 3033/3033 3037/3037 3036/3036
f 3036/3036 3037/3037 3040/3040
f 3036/3036 3040/3040 3039/3039
f 3039/3039 3040/3040 3043/3043
f 3039/3039 3043/3043 3042/3042
f 3026/3026 3029/3029 3047/3047
f 3042/3042 3043/3043 3046/3046
f 3042/3042 3046/3046 3045/3045
f 3045/3045 3046/3046 3011/3011
f 3045/3045 3011/3011 3010/3010
f 3023/3023 3026/3026 3047/3047
f 3020/3020 3023/3023 3047/3047
f 3044/3044 3009/3009 3047/3047
f 3009/3009 3012/3012 3047/3047
f 3015/3015 3020/3020 3047/3047
f 3041/3041 3044/3044 3047/3047
f 3012/3012 3015/3015 3047/3047
f 3038/3038 3041/3041 3047/3047
f 3035/3035 3038/3038 3047/3047
f 3032/3032 3035/3035 3047/3047
f 3029/3029 3032/3032 3047/3047
f 3049/3049 3050/3050 3053/3053
f 3049/3049 3053/3053 3052/3052
f 3052/3052 3053/3053 3057/3057
f 3052/3052 3057/3057 3055/3055
f 3056/3056 3058/3058 3061/3061
f 3056/3056 3061/3061 3060/3060
f 3060/3060 3061/3061 3064/3064
f 3060/3060 3064/3064 3063/3063
f 3063/3063 3064/3064 3067/3067
f 3063/3063 3067/3067 3066/3066
f 3066/3066 3067/3067 3070/3070
f 3066/3066 3070/3070 3069/3069
f 3069/3069 3070/3070 3073/3073
f 3069/3069 3073/3073 3072/3072
f 3072/3072 3073/3073 3076/3076
f 3072/3072 3076/3076 3075/3075
f 3075/3075 3076/3076 3079/3079
f 3075/3075 3079/3079 3078/3078
f 3078/3078 3079/3079 3082/3082
f 3078/3078 3082/3082 3081/3081
f 3065/3065 3068/3068 3086/3086
f 3081/3081 3082/3082 3085/3085
f 3081/3081 3085/3085 3084/3084
f 3084/3084 3085/3085 3050/3050
f 3084/3084 3050/3050 3049/3049
f 3062/3062 3065/3065 3086/3086
f 3059/3059 3062/3062 3086/3086
f 3083/3083 3048/3048 3086/3086
f 3048/3048 3051/3051 3086/3086
f 3054/3054 3059/3059 3086/3086
f 3080/3080 3083/3083 3086/3086
f 3051/3051 3054/3054 3086/3086
f 3077/3077 3080/3080 3086/3086
f 3074/3074 3077/3077 3086/3086
f 3071/3071 3074/3074 3086/3086
f 3068/3068 3071/3071 3086/3086
f 3088/3088 3089/3089 3092/3092
f 3088/3088 3092/3092 3091/3091
f 3091/3091 3092/3092 3096/3096
f 3091/3091 3096/3096 3094/3094
f 3095/3095 3097/3097 3100/3100
f 3095/3095 3100/3100 3099/3099
f 3099/3099 3100/3100 3103/3103
f 3099/3099 3103/3103 3102/3102
f 3102/3102 3103/3103 3106/3106
f 3102/3102 3106/3106 3105/3105
f 3105/3105 3106/3106 3109/3109
f 3105/3105 3109/3109 3108/3108
f 3108/3108 3109/3109 3112/3112
f 3108/3108 3112/3112 3111/3111
f 3111/3111 3112/3112 3115/3115
f 3111/3111 3115/3115 3114/3114
f 3114/3114 3115/3115 3118/3118
f 3114/3114 3118/3118 3117/3117
f 3117/3117 3118/3118 3121/3121
f 3117/3117 3121/3121 3120/3120
f 3104/3104 3107/3107 3125/3125
f 3120/3120 3121/3121 3124/3124
f 3120/3120 3124/3124 3123/3123
f 3123/3123 3124/3124 3089/3089
f 3123/3123 3089/3089 3088/3088
f 3101/3101 3104/3104 3125/3125
f 3098/3098 3101/3101 3125/3125
f 3122/3122 3087/3087 3125/3125
f 3087/3087 3090/3090 3125/3125
f 3093/3093 3098/3098 3125/3125
f 3119/3119 3122/3122 3125/3125
f 3090/3090 3093/3093 3125/3125
f 3116/3116 3119/3119 3125/3125
f 3113/3113 3116/3116 3125/3125
f 3110/3110 3113/3113 3125/3125
f 3107/3107 3110/3110 3125/3125
f 3127/3127 3128/3128 3131/3131
f 3127/3127 3131/3131 3130/3130
f 3130/3130 3131/3131 3135/3135
f 3130/3130 3135/3135 3133/3133
f 3134/3134 3136/3136 3139/3139
f 3134/3134 3139/3139 3138/3138
f 3138/3138 3139/3139 3142/3142
f 3138/3138 3142/3142 3141/3141
f 3141/3141 3142/3142 3145/3145
f 3141/3141 3145/3145 3144/3144
f 3144/3144 3145/3145 3148/3148
f 3144/3144 3148/3148 3147/3147
f 3147/3147 3148/3148 3151/3151
f 3147/3147 3151/3151 3150/3150
f 3150/3150 3151/3151 3154/3154
f 3150/3150 3154/3154 3153/3153
f 3153/3153 3154/3154 3157/3157
f 3153/3153 3157/3157 3156/3156
f 3156/3156 3157/3157 3160/3160
f 3156/3156 3160/3160 3159/3159
f 3143/3143 3146/3146 3164/3164
f 3159/3159 3160/3160 3163/3163
f 3159/3159 3163/3163 3162/3162
f 3162/3162 3163/3163 3128/3128
f 3162/3162 3128/3128 3127/3127
f 3140/3140 3143/3143 3164/3164
f 3137/3137 3140/3140 3164/3164
f 3161/3161 3126/3126 3164/3164
f 3126/3126 3129/3129 3164/3164
f 3132/3132 3137/3137 3164/3164
f 3158/3158 3161/3161 3164/3164
f 3129/3129 3132/3132 3164/3164
f 3155/3155 3158/3158 3164/3164
f 3152/3152 3155/3155 3164/3164
f 3149/3149 3152/3152 3164/3164
f 3146/3146 3149/3149 3164/3164
