# https://github.com/mikedh/trimesh

o Mesh
v 0.14641471 0.00000004 0.41765705
v 0.14641471 0.00000004 0.41765705
v 0.02856421 -0.14360139 0.41765705
v 0.02856421 -0.14360139 0.41765705
v 0.05603062 -0.13526952 0.41765705
v 0.05603062 -0.13526952 0.41765705
v 0.08134378 -0.12173931 0.41765705
v 0.08134378 -0.12173931 0.41765705
v 0.10353095 -0.10353073 0.41765705
v 0.10353095 -0.10353073 0.41765705
v 0.12173948 -0.08134352 0.41765705
v 0.12173948 -0.08134352 0.41765705
v 0.13526963 -0.05603031 0.41765705
v 0.13526963 -0.05603031 0.41765705
v 0.14360146 -0.02856390 0.41765705
v 0.14360146 -0.02856390 0.41765705
v -0.00000127 -0.14608358 0.30238405
v 0.02292980 -0.14554437 0.30714426
v 0.02292980 -0.14554437 0.30714426
v 0.05539676 -0.13505529 0.31505260
v 0.05539676 -0.13505529 0.31505260
v 0.07297974 -0.12616225 0.30655474
v 0.07297974 -0.12616225 0.30655474
v 0.14641471 0.00000004 0.41565449
v 0.02856421 -0.14360139 0.41565449
v 0.05603062 -0.13526952 0.41565449
v 0.08134378 -0.12173931 0.41565449
v 0.10353095 -0.10353073 0.41565449
v 0.12173948 -0.08134352 0.41565449
v 0.13526963 -0.05603031 0.41565449
v 0.14360146 -0.02856390 0.41565449
v 0.15033823 0.00000003 0.36218104
v 0.14744954 -0.02932934 0.36218104
v 0.13889447 -0.05753178 0.36218104
v 0.12500176 -0.08352330 0.36218104
v 0.10630527 -0.10630507 0.36218104
v 0.08352358 -0.12500159 0.36218104
v 0.05753209 -0.13889439 0.36218104
v 0.02932965 -0.14744949 0.36218104
v 0.13976569 0.00000004 0.38666630
v 0.13976569 0.00000004 0.38666630
v 0.13708022 -0.02726676 0.38666630
v 0.13708022 -0.02726676 0.38666630
v 0.12912677 -0.05348586 0.38666630
v 0.12912677 -0.05348586 0.38666630
v 0.11621106 -0.07764954 0.38666630
v 0.11621106 -0.07764954 0.38666630
v 0.09882939 -0.09882919 0.38666630
v 0.09882939 -0.09882919 0.38666630
v 0.07764980 -0.11621090 0.38666630
v 0.07764980 -0.11621090 0.38666630
v 0.05348616 -0.12912668 0.38666630
v 0.05348616 -0.12912668 0.38666630
v 0.02726705 -0.13708015 0.38666630
v 0.02726705 -0.13708015 0.38666630
v 0.14369503 -0.02858252 0.39738620
v 0.13535778 -0.05606684 0.39738620
v 0.12181883 -0.08139653 0.39738620
v 0.10359842 -0.10359820 0.39738620
v 0.08139680 -0.12181866 0.39738620
v 0.05606714 -0.13535769 0.39738620
v 0.02858282 -0.14369498 0.39738620
v 0.14980274 0.00000004 0.40994073
v 0.02922518 -0.14692432 0.40994073
v 0.02925535 -0.14707603 0.40356607
v 0.05732717 -0.13839966 0.40994070
v 0.05738636 -0.13854256 0.40356607
v 0.08322607 -0.12455636 0.40994073
v 0.08331200 -0.12468497 0.40356607
v 0.10592664 -0.10592642 0.40994073
v 0.10603600 -0.10603578 0.40356607
v 0.12455653 -0.08322579 0.40994073
v 0.12468513 -0.08331172 0.40356607
v 0.13839976 -0.05732685 0.40994070
v 0.13854268 -0.05738605 0.40356607
v 0.14692436 -0.02922487 0.40994073
v 0.14707607 -0.02925505 0.40356607
v 0.14289781 -0.02842395 0.37640739
v 0.13460684 -0.05575578 0.37640739
v 0.12114298 -0.08094496 0.37640739
v 0.10302364 -0.10302345 0.37640739
v 0.08094523 -0.12114283 0.37640739
v 0.05575609 -0.13460675 0.37640739
v 0.02842425 -0.14289777 0.37640739
v 0.02624004 -0.14664243 0.33742324
v 0.05688317 -0.13732776 0.33742497
v 0.02906661 -0.14477663 0.31661764
v 0.02906661 -0.14477663 0.31661764
v 0.02906661 -0.14477663 0.31661764
v 0.04752310 -0.13989015 0.32154921
v 0.04752310 -0.13989015 0.32154921
v 0.06108030 -0.13124341 0.30761335
v 0.06108030 -0.13124341 0.30761335
v 0.06678123 -0.12918353 0.30538786
v 0.06678123 -0.12918353 0.30538786
v 0.08424155 -0.11940555 0.30850810
v 0.08424155 -0.11940555 0.30850810
v 0.08258149 -0.12359168 0.33742497
v 0.10153800 -0.10475200 0.31296355
v 0.10153800 -0.10475200 0.31296355
v 0.11301234 -0.09087264 0.30603964
v 0.11301234 -0.09087264 0.30603964
v 0.12108402 -0.08097101 0.31248049
v 0.12108402 -0.08097101 0.31248049
v 0.12743747 -0.06945246 0.30640588
v 0.12743747 -0.06945246 0.30640588
v 0.13513967 -0.05367908 0.32021857
v 0.13513967 -0.05367908 0.32021857
v 0.14044829 -0.04282796 0.32245228
v 0.14044829 -0.04282796 0.32245228
v 0.14394136 -0.02827422 0.31396121
v 0.14394136 -0.02827422 0.31396121
v 0.14394136 -0.02827422 0.31396121
v 0.14578643 -0.02899853 0.33742497
v 0.13176183 -0.06213264 0.30928180
v 0.13176183 -0.06213264 0.30928180
v 0.09115715 -0.11280579 0.30599806
v 0.09115715 -0.11280579 0.30599806
v 0.10569053 -0.10023993 0.31190482
v 0.10569053 -0.10023993 0.31190482
v 0.10510624 -0.10510603 0.33742497
v 0.11635543 -0.08655871 0.30745605
v 0.11635543 -0.08655871 0.30745605
v 0.12478466 -0.07492992 0.30886451
v 0.12478466 -0.07492992 0.30886451
v 0.12359183 -0.08258122 0.33742497
v 0.13829207 -0.04885713 0.32233239
v 0.13829207 -0.04885713 0.32233239
v 0.13732785 -0.05688286 0.33742497
v 0.07995493 -0.12350347 0.31214882
v 0.07995493 -0.12350347 0.31214882
v 0.08743566 -0.11613299 0.30593920
v 0.08743566 -0.11613299 0.30593920
v -0.00000000 0.00000000 0.41765705
v 0.14651012 0.00000004 0.39738620
v 0.14995740 0.00000004 0.40356607
v 0.14569731 0.00000004 0.37640739
v 0.14864251 0.00000003 0.33742497
v 0.03790317 -0.14270185 0.32130388
v 0.03790317 -0.14270185 0.32130388
v 0.14453131 -0.02348778 0.30271966
v 0.14453131 -0.02348778 0.30271966
v 0.14450052 -0.02055017 0.27617938
v 0.14450052 -0.02055017 0.27617938
v 0.14380430 -0.02320497 0.25410557
v 0.14380430 -0.02320497 0.25410557
v 0.14516869 -0.00000197 0.26022199
v 0.14316270 -0.02521817 0.23429964
v 0.14316270 -0.02521817 0.23429964
v 0.02051088 -0.14484119 0.29118953
v 0.02051088 -0.14484119 0.29118953
v -0.00000196 -0.14516869 0.26022199
v 0.01961850 -0.14467335 0.27369136
v 0.01961850 -0.14467335 0.27369136
v 0.02169824 -0.14512724 0.25354648
v 0.02169824 -0.14512724 0.25354648
v 0.02344427 -0.14532487 0.23526002
v 0.02344427 -0.14532487 0.23526002
v 0.10874708 -0.01902721 0.22480792
v 0.10874708 -0.01902721 0.22480792
v 0.10986295 -0.01789635 0.26398057
v 0.10986295 -0.01789635 0.26398057
v 0.10885933 -0.01900873 0.29433647
v 0.10885933 -0.01900873 0.29433647
v 0.10576106 -0.02675581 0.31806634
v 0.10576106 -0.02675581 0.31806634
v 0.10576106 -0.02675581 0.31806634
v 0.10576106 -0.02675581 0.31806634
v 0.10029105 -0.04282001 0.31733436
v 0.10029105 -0.04282001 0.31733436
v 0.08954521 -0.06245393 0.31244189
v 0.08954521 -0.06245393 0.31244189
v 0.07337554 -0.08150534 0.31167016
v 0.07337554 -0.08150534 0.31167016
v 0.05438570 -0.09551158 0.31278554
v 0.05438570 -0.09551158 0.31278554
v 0.03439969 -0.10369482 0.31778590
v 0.03439969 -0.10369482 0.31778590
v 0.01835616 -0.11115459 0.26029334
v 0.01835616 -0.11115459 0.26029334
v 0.01966221 -0.10919254 0.29717062
v 0.01966221 -0.10919254 0.29717062
v 0.02306587 -0.10857783 0.31397039
v 0.02306587 -0.10857783 0.31397039
v 0.02306587 -0.10857783 0.31397039
v 0.02306587 -0.10857783 0.31397039
v 0.13554591 -0.02019808 0.19749454
v 0.13554591 -0.02019808 0.19749454
v 0.10581780 -0.01875944 0.19822528
v 0.10581780 -0.01875944 0.19822528
v 0.13124092 -0.01795297 0.15971049
v 0.13124092 -0.01795297 0.15971049
v 0.10138904 -0.01786011 0.15964126
v 0.10138904 -0.01786011 0.15964126
v 0.13054220 -0.01581662 0.12352711
v 0.13054220 -0.01581662 0.12352711
v 0.10053390 -0.01663550 0.12251262
v 0.10053390 -0.01663550 0.12251262
v 0.13410714 -0.01589012 0.08538424
v 0.13410714 -0.01589012 0.08538424
v 0.10306256 -0.01622941 0.08492865
v 0.10306256 -0.01622941 0.08492865
v 0.14353392 -0.00000087 0.04541720
v 0.14017682 -0.01770657 0.04707961
v 0.14017682 -0.01770657 0.04707961
v 0.10750113 -0.01672638 0.04752326
v 0.10750113 -0.01672638 0.04752326
v 0.14244561 -0.02126975 0.01881491
v 0.14244561 -0.02126975 0.01881491
v 0.11118300 -0.01797085 0.02427040
v 0.11118300 -0.01797085 0.02427040
v 0.14616816 -0.00000087 0.01753255
v 0.14293028 -0.01845256 0.00716961
v 0.14293028 -0.01845256 0.00716961
v 0.11212355 -0.01656946 0.00952546
v 0.11212355 -0.01656946 0.00952546
v 0.14368710 -0.00996685 0.00060411
v 0.14368710 -0.00996685 0.00060411
v 0.14470959 -0.00000087 0.00026755
v 0.14470959 -0.00000087 0.00026755
v 0.14470959 -0.00000087 0.00026755
v 0.11419432 -0.01042756 0.00136415
v 0.11419432 -0.01042756 0.00136415
v 0.02025812 -0.13696517 0.19500727
v 0.02025812 -0.13696517 0.19500727
v 0.01909509 -0.10746390 0.19769008
v 0.01909509 -0.10746390 0.19769008
v 0.01904941 -0.10271619 0.16137487
v 0.01904941 -0.10271619 0.16137487
v 0.01994427 -0.13380088 0.16136043
v 0.01994427 -0.13380088 0.16136043
v 0.01832438 -0.10051751 0.12450404
v 0.01832438 -0.10051751 0.12450404
v 0.01952315 -0.13124540 0.12511130
v 0.01952315 -0.13124540 0.12511130
v -0.00000085 -0.13476029 0.12415150
v 0.01870775 -0.10330168 0.08631580
v 0.01870775 -0.10330168 0.08631580
v 0.01977604 -0.13485850 0.08671947
v 0.01977604 -0.13485850 0.08671947
v 0.01879018 -0.10827361 0.04666533
v 0.01879018 -0.10827361 0.04666533
v 0.02247293 -0.13942236 0.04600145
v 0.02247293 -0.13942236 0.04600145
v -0.00000085 -0.14353393 0.04541720
v 0.02024018 -0.11251577 0.02469095
v 0.02024018 -0.11251577 0.02469095
v 0.02466193 -0.14184871 0.02479704
v 0.02466193 -0.14184871 0.02479704
v -0.00000085 -0.14616817 0.01753255
v 0.02478012 -0.14225444 0.01096597
v 0.02478012 -0.14225444 0.01096597
v 0.01872860 -0.11215724 0.01104220
v 0.01872860 -0.11215724 0.01104220
v -0.00000085 -0.14470960 0.00026755
v -0.00000085 -0.14470960 0.00026755
v -0.00000085 -0.14470960 0.00026755
v 0.02009374 -0.14040263 0.00276829
v 0.02009374 -0.14040263 0.00276829
v 0.01569639 -0.11435170 0.00290261
v 0.01569639 -0.11435170 0.00290261
v -0.00000085 -0.10917467 0.25972933
v -0.00000085 -0.10791381 0.29462848
v -0.00000085 -0.10678306 0.37226782
v -0.00000085 -0.10678306 0.37226782
v 0.02294272 -0.10460500 0.37153283
v 0.02294272 -0.10460500 0.37153283
v 0.03637416 -0.09991018 0.37285180
v 0.03637416 -0.09991018 0.37285180
v 0.10917467 -0.00000085 0.25972933
v 0.10852340 -0.00000086 0.22550418
v 0.10353035 -0.02710076 0.37175680
v 0.10353035 -0.02710076 0.37175680
v 0.09791484 -0.04333051 0.37158299
v 0.09791484 -0.04333051 0.37158299
v 0.08856691 -0.06033744 0.37123240
v 0.08856691 -0.06033744 0.37123240
v 0.07592953 -0.07507740 0.37227825
v 0.07592953 -0.07507740 0.37227825
v 0.05501985 -0.08976372 0.37343580
v 0.05501985 -0.08976372 0.37343580
v 0.14360139 0.02856420 0.41765705
v 0.14360139 0.02856420 0.41765705
v 0.13526952 0.05603061 0.41765705
v 0.13526952 0.05603061 0.41765705
v 0.12173932 0.08134378 0.41765705
v 0.12173932 0.08134378 0.41765705
v 0.10353073 0.10353094 0.41765705
v 0.10353073 0.10353094 0.41765705
v 0.10353073 0.10353094 0.41765705
v 0.08134352 0.12173948 0.41765705
v 0.08134352 0.12173948 0.41765705
v 0.05603033 0.13526963 0.41765705
v 0.05603033 0.13526963 0.41765705
v 0.02856391 0.14360146 0.41765705
v 0.02856391 0.14360146 0.41765705
v 0.14608358 -0.00000128 0.30238405
v 0.14559503 0.02285630 0.30705903
v 0.14559503 0.02285630 0.30705903
v 0.13566908 0.05547671 0.31600750
v 0.13566908 0.05547671 0.31600750
v 0.12616225 0.07297973 0.30655474
v 0.12616225 0.07297973 0.30655474
v 0.14360139 0.02856420 0.41565449
v 0.13526952 0.05603061 0.41565449
v 0.12173932 0.08134378 0.41565449
v 0.10353073 0.10353094 0.41565449
v 0.10353073 0.10353094 0.41565449
v 0.08134352 0.12173948 0.41565449
v 0.05603033 0.13526963 0.41565449
v 0.02856391 0.14360146 0.41565449
v 0.02932935 0.14744954 0.36218104
v 0.05753179 0.13889447 0.36218104
v 0.08352331 0.12500174 0.36218104
v 0.10630508 0.10630526 0.36218104
v 0.12500161 0.08352357 0.36218104
v 0.12500161 0.08352357 0.36218104
v 0.13889439 0.05753208 0.36218104
v 0.14744949 0.02932964 0.36218104
v 0.02726677 0.13708022 0.38666630
v 0.02726677 0.13708022 0.38666630
v 0.05348587 0.12912677 0.38666630
v 0.05348587 0.12912677 0.38666630
v 0.07764955 0.11621105 0.38666630
v 0.07764955 0.11621105 0.38666630
v 0.09882919 0.09882938 0.38666630
v 0.09882919 0.09882938 0.38666630
v 0.09882919 0.09882938 0.38666630
v 0.11621091 0.07764979 0.38666630
v 0.11621091 0.07764979 0.38666630
v 0.11621091 0.07764979 0.38666630
v 0.12912668 0.05348616 0.38666630
v 0.12912668 0.05348616 0.38666630
v 0.13708015 0.02726704 0.38666630
v 0.13708015 0.02726704 0.38666630
v 0.02858253 0.14369503 0.39738620
v 0.05606685 0.13535778 0.39738620
v 0.08139654 0.12181882 0.39738620
v 0.10359821 0.10359841 0.39738620
v 0.10359821 0.10359841 0.39738620
v 0.12181867 0.08139680 0.39738620
v 0.13535769 0.05606714 0.39738620
v 0.14369498 0.02858281 0.39738620
v 0.14692432 0.02922517 0.40994073
v 0.14707603 0.02925534 0.40356607
v 0.13839966 0.05732716 0.40994070
v 0.13854256 0.05738635 0.40356607
v 0.12455637 0.08322606 0.40994073
v 0.12468497 0.08331199 0.40356607
v 0.10592643 0.10592663 0.40994073
v 0.10592643 0.10592663 0.40994073
v 0.10603579 0.10603599 0.40356607
v 0.10603579 0.10603599 0.40356607
v 0.08322580 0.12455652 0.40994073
v 0.08331173 0.12468512 0.40356607
v 0.05732687 0.13839976 0.40994070
v 0.05738606 0.13854268 0.40356607
v 0.02922488 0.14692436 0.40994073
v 0.02925506 0.14707607 0.40356607
v 0.02842396 0.14289781 0.37640739
v 0.05575579 0.13460684 0.37640739
v 0.08094496 0.12114298 0.37640739
v 0.10302345 0.10302363 0.37640739
v 0.12114283 0.08094522 0.37640739
v 0.12114283 0.08094522 0.37640739
v 0.13460675 0.05575608 0.37640739
v 0.14289777 0.02842424 0.37640739
v 0.14664243 0.02624003 0.33742324
v 0.13732776 0.05688316 0.33742497
v 0.14477663 0.02906660 0.31661764
v 0.14477663 0.02906660 0.31661764
v 0.14477663 0.02906660 0.31661764
v 0.13968456 0.04792895 0.32136641
v 0.13968456 0.04792895 0.32136641
v 0.13195156 0.06135393 0.30863125
v 0.13195156 0.06135393 0.30863125
v 0.12886868 0.06668886 0.30502001
v 0.12886868 0.06668886 0.30502001
v 0.11873019 0.08454993 0.30761180
v 0.11873019 0.08454993 0.30761180
v 0.12359168 0.08258148 0.33742497
v 0.12359168 0.08258148 0.33742497
v 0.10484238 0.10191342 0.31332830
v 0.10484238 0.10191342 0.31332830
v 0.09087265 0.11301234 0.30603964
v 0.09087265 0.11301234 0.30603964
v 0.08071079 0.12192525 0.31327847
v 0.08071079 0.12192525 0.31327847
v 0.06963670 0.12785560 0.30692834
v 0.06963670 0.12785560 0.30692834
v 0.05568285 0.13515358 0.32013328
v 0.05568285 0.13515358 0.32013328
v 0.04154774 0.14024222 0.32159514
v 0.04154774 0.14024222 0.32159514
v 0.02755664 0.14420058 0.31315002
v 0.02755664 0.14420058 0.31315002
v 0.02755664 0.14420058 0.31315002
v 0.02899854 0.14578643 0.33742497
v 0.06341634 0.13129205 0.30854199
v 0.06341634 0.13129205 0.30854199
v 0.11197846 0.09176994 0.30613238
v 0.11197846 0.09176994 0.30613238
v 0.10109109 0.10546111 0.31263284
v 0.10109109 0.10546111 0.31263284
v 0.10510603 0.10510623 0.33742497
v 0.08572195 0.11692949 0.30807543
v 0.08572195 0.11692949 0.30807543
v 0.07467069 0.12492867 0.30869294
v 0.07467069 0.12492867 0.30869294
v 0.08258123 0.12359183 0.33742497
v 0.04936068 0.13778256 0.32197083
v 0.04936068 0.13778256 0.32197083
v 0.05688287 0.13732785 0.33742497
v 0.12350348 0.07995492 0.31214882
v 0.12350348 0.07995492 0.31214882
v 0.12350348 0.07995492 0.31214882
v 0.11569598 0.08769587 0.30568955
v 0.11569598 0.08769587 0.30568955
v 0.14278726 0.03849311 0.32173393
v 0.14278726 0.03849311 0.32173393
v 0.02304705 0.14443348 0.30043445
v 0.02304705 0.14443348 0.30043445
v 0.02073589 0.14428301 0.27631823
v 0.02073589 0.14428301 0.27631823
v 0.02236274 0.14451244 0.25550807
v 0.02236274 0.14451244 0.25550807
v 0.00000197 0.14516869 0.26022199
v 0.02512480 0.14335041 0.23381170
v 0.02512480 0.14335041 0.23381170
v 0.14484119 0.02051087 0.29118953
v 0.14484119 0.02051087 0.29118953
v 0.14467335 0.01961848 0.27369136
v 0.14467335 0.01961848 0.27369136
v 0.14491369 0.02191774 0.25289864
v 0.14491369 0.02191774 0.25289864
v 0.14547287 -0.00102029 0.23009743
v 0.14501102 0.02381275 0.23489741
v 0.14501102 0.02381275 0.23489741
v 0.01789635 0.10986295 0.26398057
v 0.01789635 0.10986295 0.26398057
v 0.01900873 0.10885933 0.29433647
v 0.01900873 0.10885933 0.29433647
v 0.02675582 0.10576106 0.31806634
v 0.02675582 0.10576106 0.31806634
v 0.02675582 0.10576106 0.31806634
v 0.02675582 0.10576106 0.31806634
v 0.04282002 0.10029105 0.31733436
v 0.04282002 0.10029105 0.31733436
v 0.06245393 0.08954520 0.31244189
v 0.06245393 0.08954520 0.31244189
v 0.08150535 0.07337553 0.31167016
v 0.08150535 0.07337553 0.31167016
v 0.08150535 0.07337553 0.31167016
v 0.09551159 0.05438569 0.31278554
v 0.09551159 0.05438569 0.31278554
v 0.10369482 0.03439968 0.31778590
v 0.10369482 0.03439968 0.31778590
v 0.11115459 0.01835615 0.26029334
v 0.11115459 0.01835615 0.26029334
v 0.10919254 0.01966220 0.29717062
v 0.10919254 0.01966220 0.29717062
v 0.10857783 0.02306587 0.31397039
v 0.10857783 0.02306587 0.31397039
v 0.10857783 0.02306587 0.31397039
v 0.10857783 0.02306587 0.31397039
v 0.02019808 0.13554591 0.19749454
v 0.02019808 0.13554591 0.19749454
v 0.01875944 0.10581779 0.19822528
v 0.01875944 0.10581779 0.19822528
v 0.01795297 0.13124090 0.15971049
v 0.01795297 0.13124090 0.15971049
v 0.01786010 0.10138903 0.15964126
v 0.01786010 0.10138903 0.15964126
v 0.01581662 0.13054219 0.12352710
v 0.01581662 0.13054219 0.12352710
v 0.01663550 0.10053389 0.12251262
v 0.01663550 0.10053389 0.12251262
v 0.01589011 0.13410713 0.08538423
v 0.01589011 0.13410713 0.08538423
v 0.01622941 0.10306255 0.08492864
v 0.01622941 0.10306255 0.08492864
v 0.00000086 0.14353390 0.04541719
v 0.01770657 0.14017680 0.04707960
v 0.01770657 0.14017680 0.04707960
v 0.01672637 0.10750112 0.04752326
v 0.01672637 0.10750112 0.04752326
v 0.02126974 0.14244559 0.01881491
v 0.02126974 0.14244559 0.01881491
v 0.01797084 0.11118298 0.02427039
v 0.01797084 0.11118298 0.02427039
v 0.00000086 0.14616814 0.01753254
v 0.01845255 0.14293027 0.00716960
v 0.01845255 0.14293027 0.00716960
v 0.01656945 0.11212353 0.00952546
v 0.01656945 0.11212353 0.00952546
v 0.00996684 0.14368708 0.00060411
v 0.00996684 0.14368708 0.00060411
v 0.00000086 0.14470957 0.00026754
v 0.00000086 0.14470957 0.00026754
v 0.00000086 0.14470957 0.00026754
v 0.01042755 0.11419430 0.00136415
v 0.01042755 0.11419430 0.00136415
v 0.14080337 -0.00000086 0.19631462
v 0.13696517 0.02025810 0.19500727
v 0.13696517 0.02025810 0.19500727
v 0.10746390 0.01909508 0.19769008
v 0.10746390 0.01909508 0.19769008
v 0.10271619 0.01904939 0.16137487
v 0.10271619 0.01904939 0.16137487
v 0.13380086 0.01994425 0.16136043
v 0.13380086 0.01994425 0.16136043
v 0.13680431 -0.00000086 0.16018539
v 0.10051750 0.01832436 0.12450404
v 0.10051750 0.01832436 0.12450404
v 0.13124539 0.01952314 0.12511130
v 0.13124539 0.01952314 0.12511130
v 0.13476028 -0.00000087 0.12415150
v 0.10330167 0.01870773 0.08631579
v 0.10330167 0.01870773 0.08631579
v 0.13485849 0.01977602 0.08671947
v 0.13485849 0.01977602 0.08671947
v 0.13809992 -0.00000087 0.08556233
v 0.10827360 0.01879016 0.04666533
v 0.10827360 0.01879016 0.04666533
v 0.13942234 0.02247291 0.04600144
v 0.13942234 0.02247291 0.04600144
v 0.11251575 0.02024016 0.02469095
v 0.11251575 0.02024016 0.02469095
v 0.14184870 0.02466190 0.02479703
v 0.14184870 0.02466190 0.02479703
v 0.14225443 0.02478009 0.01096596
v 0.14225443 0.02478009 0.01096596
v 0.11215723 0.01872858 0.01104219
v 0.11215723 0.01872858 0.01104219
v 0.14040262 0.02009372 0.00276828
v 0.14040262 0.02009372 0.00276828
v 0.11458533 -0.00000087 0.00000001
v 0.11458533 -0.00000087 0.00000001
v 0.11458533 -0.00000087 0.00000001
v 0.11435168 0.01569637 0.00290261
v 0.11435168 0.01569637 0.00290261
v 0.11117024 -0.00000087 0.02051265
v 0.10746836 -0.00000086 0.04706589
v 0.10192139 -0.00000086 0.08533706
v 0.09970011 -0.00000086 0.12301239
v 0.10114719 -0.00000086 0.16015188
v 0.10558477 -0.00000086 0.19678918
v 0.10791381 -0.00000085 0.29462848
v 0.10770524 -0.00000085 0.31459413
v 0.10770524 -0.00000085 0.31459413
v 0.10678306 -0.00000085 0.37226782
v 0.10678306 -0.00000085 0.37226782
v 0.10460500 0.02294271 0.37153283
v 0.10460500 0.02294271 0.37153283
v 0.09991018 0.03637415 0.37285180
v 0.09991018 0.03637415 0.37285180
v 0.00000085 0.10917467 0.25972933
v 0.00000085 0.10834061 0.22371813
v 0.02710076 0.10353035 0.37175680
v 0.02710076 0.10353035 0.37175680
v 0.04333052 0.09791484 0.37158299
v 0.04333052 0.09791484 0.37158299
v 0.06033744 0.08856691 0.37123240
v 0.06033744 0.08856691 0.37123240
v 0.07507741 0.07592952 0.37227825
v 0.07507741 0.07592952 0.37227825
v 0.07507741 0.07592952 0.37227825
v 0.08976373 0.05501984 0.37343580
v 0.08976373 0.05501984 0.37343580
v -0.00000003 0.14641471 0.41765705
v -0.00000003 0.14641471 0.41765705
v -0.02856421 0.14360139 0.41765705
v -0.02856421 0.14360139 0.41765705
v -0.05603061 0.13526952 0.41765705
v -0.05603061 0.13526952 0.41765705
v -0.08134378 0.12173931 0.41765705
v -0.08134378 0.12173931 0.41765705
v -0.10353095 0.10353073 0.41765705
v -0.10353095 0.10353073 0.41765705
v -0.12173948 0.08134352 0.41765705
v -0.12173948 0.08134352 0.41765705
v -0.13526963 0.05603033 0.41765705
v -0.13526963 0.05603033 0.41765705
v -0.14360146 0.02856391 0.41765705
v -0.14360146 0.02856391 0.41765705
v 0.00000128 0.14608358 0.30238405
v -0.02305346 0.14553544 0.30745948
v -0.02305346 0.14553544 0.30745948
v -0.05649771 0.13492717 0.31460703
v -0.05649771 0.13492717 0.31460703
v -0.07356498 0.12649992 0.30688844
v -0.07356498 0.12649992 0.30688844
v -0.02856421 0.14360139 0.41565449
v -0.05603061 0.13526952 0.41565449
v -0.08134378 0.12173931 0.41565449
v -0.10353095 0.10353073 0.41565449
v -0.12173948 0.08134352 0.41565449
v -0.13526963 0.05603033 0.41565449
v -0.14360146 0.02856391 0.41565449
v -0.14744954 0.02932934 0.36218104
v -0.13889447 0.05753178 0.36218104
v -0.12500176 0.08352331 0.36218104
v -0.10630527 0.10630507 0.36218104
v -0.08352357 0.12500159 0.36218104
v -0.05753209 0.13889439 0.36218104
v -0.02932965 0.14744949 0.36218104
v -0.13708022 0.02726676 0.38666630
v -0.13708022 0.02726676 0.38666630
v -0.12912677 0.05348587 0.38666630
v -0.12912677 0.05348587 0.38666630
v -0.11621106 0.07764954 0.38666630
v -0.11621106 0.07764954 0.38666630
v -0.09882939 0.09882919 0.38666630
v -0.09882939 0.09882919 0.38666630
v -0.07764980 0.11621090 0.38666630
v -0.07764980 0.11621090 0.38666630
v -0.05348616 0.12912668 0.38666630
v -0.05348616 0.12912668 0.38666630
v -0.02726705 0.13708015 0.38666630
v -0.02726705 0.13708015 0.38666630
v -0.14369503 0.02858253 0.39738620
v -0.13535778 0.05606685 0.39738620
v -0.12181883 0.08139653 0.39738620
v -0.10359842 0.10359820 0.39738620
v -0.08139680 0.12181866 0.39738620
v -0.05606714 0.13535769 0.39738620
v -0.02858282 0.14369498 0.39738620
v -0.00000003 0.14651012 0.39738620
v -0.00000003 0.14995740 0.40356607
v -0.02922518 0.14692432 0.40994073
v -0.02925535 0.14707603 0.40356607
v -0.05732716 0.13839966 0.40994070
v -0.05738635 0.13854256 0.40356607
v -0.08322606 0.12455636 0.40994073
v -0.08331199 0.12468497 0.40356607
v -0.10592664 0.10592642 0.40994073
v -0.10603600 0.10603578 0.40356607
v -0.12455653 0.08322580 0.40994073
v -0.12468513 0.08331173 0.40356607
v -0.13839976 0.05732686 0.40994070
v -0.13854268 0.05738606 0.40356607
v -0.14692436 0.02922488 0.40994073
v -0.14707607 0.02925505 0.40356607
v -0.14289781 0.02842395 0.37640739
v -0.13460684 0.05575578 0.37640739
v -0.12114298 0.08094496 0.37640739
v -0.10302364 0.10302345 0.37640739
v -0.08094523 0.12114283 0.37640739
v -0.05575609 0.13460675 0.37640739
v -0.02842425 0.14289777 0.37640739
v -0.00000003 0.14569731 0.37640739
v -0.02624004 0.14664243 0.33742324
v -0.00000003 0.14864251 0.33742497
v -0.05688316 0.13732776 0.33742497
v -0.02906661 0.14477663 0.31661764
v -0.02906661 0.14477663 0.31661764
v -0.02906661 0.14477663 0.31661764
v -0.04894846 0.13918994 0.32092152
v -0.04894846 0.13918994 0.32092152
v -0.06124418 0.13190985 0.30803657
v -0.06124418 0.13190985 0.30803657
v -0.06722418 0.12899780 0.30535210
v -0.06722418 0.12899780 0.30535210
v -0.08454993 0.11873018 0.30761180
v -0.08454993 0.11873018 0.30761180
v -0.08258148 0.12359168 0.33742497
v -0.10337839 0.10328704 0.31335074
v -0.10337839 0.10328704 0.31335074
v -0.11361124 0.09002694 0.30602101
v -0.11361124 0.09002694 0.30602101
v -0.12222023 0.08061049 0.31365729
v -0.12222023 0.08061049 0.31365729
v -0.12781389 0.06937847 0.30666274
v -0.12781389 0.06937847 0.30666274
v -0.13484767 0.05582438 0.31958518
v -0.13484767 0.05582438 0.31958518
v -0.14046519 0.04080831 0.32147992
v -0.14046519 0.04080831 0.32147992
v -0.14431579 0.02760332 0.31341205
v -0.14431579 0.02760332 0.31341205
v -0.14431579 0.02760332 0.31341205
v -0.14578643 0.02899853 0.33742497
v -0.13089477 0.06419798 0.30809147
v -0.13089477 0.06419798 0.30809147
v -0.09397036 0.11062077 0.30763633
v -0.09397036 0.11062077 0.30763633
v -0.10751503 0.09866870 0.31094394
v -0.10751503 0.09866870 0.31094394
v -0.10510624 0.10510603 0.33742497
v -0.11665637 0.08625876 0.30775893
v -0.11665637 0.08625876 0.30775893
v -0.12479161 0.07509529 0.30909321
v -0.12479161 0.07509529 0.30909321
v -0.12359183 0.08258123 0.33742497
v -0.13726212 0.05010384 0.32167173
v -0.13726212 0.05010384 0.32167173
v -0.13732785 0.05688286 0.33742497
v -0.07995492 0.12350347 0.31214882
v -0.07995492 0.12350347 0.31214882
v -0.08932868 0.11414859 0.30549700
v -0.08932868 0.11414859 0.30549700
v -0.00000003 0.14641471 0.41565449
v -0.00000003 0.15033823 0.36218104
v -0.00000003 0.13976569 0.38666630
v -0.00000003 0.13976569 0.38666630
v -0.00000003 0.14980274 0.40994073
v -0.03849312 0.14278726 0.32173393
v -0.03849312 0.14278726 0.32173393
v -0.14499018 0.02254846 0.30021892
v -0.14499018 0.02254846 0.30021892
v -0.14458296 0.02046772 0.27608547
v -0.14458296 0.02046772 0.27608547
v -0.14430685 0.02295170 0.25289766
v -0.14430685 0.02295170 0.25289766
v -0.14325805 0.02505081 0.23215056
v -0.14325805 0.02505081 0.23215056
v -0.02057296 0.14488290 0.29208160
v -0.02057296 0.14488290 0.29208160
v -0.01922868 0.14539838 0.27281315
v -0.01922868 0.14539838 0.27281315
v -0.02156566 0.14533581 0.25354893
v -0.02156566 0.14533581 0.25354893
v 0.00126038 0.14518583 0.23039365
v -0.02344427 0.14532487 0.23526002
v -0.02344427 0.14532487 0.23526002
v -0.10849485 0.01900414 0.22251908
v -0.10849485 0.01900414 0.22251908
v -0.10986295 0.01789635 0.26398057
v -0.10986295 0.01789635 0.26398057
v -0.10885933 0.01900872 0.29433647
v -0.10885933 0.01900872 0.29433647
v -0.10576106 0.02675581 0.31806634
v -0.10576106 0.02675581 0.31806634
v -0.10576106 0.02675581 0.31806634
v -0.10576106 0.02675581 0.31806634
v -0.10029105 0.04282001 0.31733436
v -0.10029105 0.04282001 0.31733436
v -0.08954521 0.06245393 0.31244189
v -0.08954521 0.06245393 0.31244189
v -0.07337554 0.08150534 0.31167016
v -0.07337554 0.08150534 0.31167016
v -0.05438570 0.09551158 0.31278554
v -0.05438570 0.09551158 0.31278554
v -0.03439968 0.10369482 0.31778590
v -0.03439968 0.10369482 0.31778590
v -0.01835616 0.11115459 0.26029334
v -0.01835616 0.11115459 0.26029334
v -0.01966221 0.10919254 0.29717062
v -0.01966221 0.10919254 0.29717062
v -0.02306587 0.10857783 0.31397039
v -0.02306587 0.10857783 0.31397039
v -0.02306587 0.10857783 0.31397039
v -0.02306587 0.10857783 0.31397039
v -0.13554591 0.02019807 0.19749454
v -0.13554591 0.02019807 0.19749454
v -0.14080337 0.00000085 0.19631462
v -0.10581780 0.01875943 0.19822528
v -0.10581780 0.01875943 0.19822528
v -0.13680431 0.00000084 0.16018539
v -0.13124092 0.01795296 0.15971049
v -0.13124092 0.01795296 0.15971049
v -0.10138904 0.01786009 0.15964126
v -0.10138904 0.01786009 0.15964126
v -0.13054220 0.01581660 0.12352711
v -0.13054220 0.01581660 0.12352711
v -0.10053390 0.01663548 0.12251262
v -0.10053390 0.01663548 0.12251262
v -0.13809992 0.00000084 0.08556233
v -0.13410714 0.01589010 0.08538424
v -0.13410714 0.01589010 0.08538424
v -0.10306256 0.01622939 0.08492865
v -0.10306256 0.01622939 0.08492865
v -0.14017682 0.01770655 0.04707961
v -0.14017682 0.01770655 0.04707961
v -0.10750113 0.01672636 0.04752326
v -0.10750113 0.01672636 0.04752326
v -0.14244561 0.02126972 0.01881491
v -0.14244561 0.02126972 0.01881491
v -0.11118300 0.01797083 0.02427040
v -0.11118300 0.01797083 0.02427040
v -0.14293028 0.01845253 0.00716961
v -0.14293028 0.01845253 0.00716961
v -0.11212355 0.01656943 0.00952546
v -0.11212355 0.01656943 0.00952546
v -0.14368710 0.00996682 0.00060411
v -0.14368710 0.00996682 0.00060411
v -0.11419432 0.01042753 0.00136415
v -0.11419432 0.01042753 0.00136415
v -0.11458533 0.00000083 0.00000001
v -0.11458533 0.00000083 0.00000001
v -0.11458533 0.00000083 0.00000001
v 0.00000086 0.14080337 0.19631462
v -0.02025812 0.13696517 0.19500727
v -0.02025812 0.13696517 0.19500727
v -0.01909509 0.10746389 0.19769008
v -0.01909509 0.10746389 0.19769008
v -0.01904941 0.10271618 0.16137487
v -0.01904941 0.10271618 0.16137487
v -0.01994427 0.13380085 0.16136043
v -0.01994427 0.13380085 0.16136043
v 0.00000086 0.13680430 0.16018539
v -0.01832438 0.10051750 0.12450403
v -0.01832438 0.10051750 0.12450403
v -0.01952315 0.13124537 0.12511130
v -0.01952315 0.13124537 0.12511130
v 0.00000086 0.13476026 0.12415149
v -0.01870775 0.10330167 0.08631579
v -0.01870775 0.10330167 0.08631579
v -0.01977604 0.13485847 0.08671946
v -0.01977604 0.13485847 0.08671946
v 0.00000086 0.13809991 0.08556232
v -0.01879018 0.10827358 0.04666532
v -0.01879018 0.10827358 0.04666532
v -0.02247293 0.13942233 0.04600143
v -0.02247293 0.13942233 0.04600143
v -0.02024018 0.11251574 0.02469094
v -0.02024018 0.11251574 0.02469094
v -0.02466193 0.14184868 0.02479703
v -0.02466193 0.14184868 0.02479703
v -0.02478012 0.14225441 0.01096596
v -0.02478012 0.14225441 0.01096596
v -0.01872860 0.11215721 0.01104219
v -0.01872860 0.11215721 0.01104219
v -0.02009374 0.14040260 0.00276827
v -0.02009374 0.14040260 0.00276827
v 0.00000085 0.11458532 0.00000000
v 0.00000085 0.11458532 0.00000000
v 0.00000085 0.11458532 0.00000000
v -0.01569639 0.11435167 0.00290260
v -0.01569639 0.11435167 0.00290260
v 0.00000085 0.11117022 0.02051265
v 0.00000085 0.10746834 0.04706589
v 0.00000085 0.10192138 0.08533706
v 0.00000085 0.09970010 0.12301238
v 0.00000085 0.10114718 0.16015188
v 0.00000085 0.10558476 0.19678918
v 0.00000085 0.10791381 0.29462848
v 0.00000085 0.10770524 0.31459413
v 0.00000085 0.10770524 0.31459413
v 0.00000085 0.10678306 0.37226782
v 0.00000085 0.10678306 0.37226782
v -0.02294272 0.10460500 0.37153283
v -0.02294272 0.10460500 0.37153283
v -0.03637415 0.09991018 0.37285180
v -0.03637415 0.09991018 0.37285180
v -0.10770524 0.00000084 0.31459413
v -0.10770524 0.00000084 0.31459413
v -0.10558477 0.00000084 0.19678918
v -0.10114719 0.00000084 0.16015188
v -0.09970011 0.00000083 0.12301239
v -0.10192139 0.00000083 0.08533706
v -0.10746836 0.00000083 0.04706589
v -0.11117024 0.00000083 0.02051265
v -0.10353035 0.02710076 0.37175680
v -0.10353035 0.02710076 0.37175680
v -0.09791484 0.04333052 0.37158299
v -0.09791484 0.04333052 0.37158299
v -0.08856691 0.06033744 0.37123240
v -0.08856691 0.06033744 0.37123240
v -0.07592953 0.07507740 0.37227825
v -0.07592953 0.07507740 0.37227825
v -0.05501985 0.08976372 0.37343580
v -0.05501985 0.08976372 0.37343580
v 0.00000004 -0.14641471 0.41765705
v 0.00000004 -0.14641471 0.41765705
v -0.14641471 -0.00000004 0.41765705
v -0.14641471 -0.00000004 0.41765705
v -0.14360139 -0.02856421 0.41765705
v -0.14360139 -0.02856421 0.41765705
v -0.13526952 -0.05603061 0.41765705
v -0.13526952 -0.05603061 0.41765705
v -0.12173931 -0.08134378 0.41765705
v -0.12173931 -0.08134378 0.41765705
v -0.10353073 -0.10353095 0.41765705
v -0.10353073 -0.10353095 0.41765705
v -0.10353073 -0.10353095 0.41765705
v -0.08134352 -0.12173948 0.41765705
v -0.08134352 -0.12173948 0.41765705
v -0.05603032 -0.13526963 0.41765705
v -0.05603032 -0.13526963 0.41765705
v -0.02856390 -0.14360146 0.41765705
v -0.02856390 -0.14360146 0.41765705
v -0.14608358 0.00000127 0.30238405
v -0.14546889 -0.02304998 0.30729739
v -0.14546889 -0.02304998 0.30729739
v -0.13562836 -0.05453467 0.31609637
v -0.13562836 -0.05453467 0.31609637
v -0.12616225 -0.07297974 0.30655474
v -0.12616225 -0.07297974 0.30655474
v 0.00000004 -0.14641471 0.41565449
v -0.14360139 -0.02856421 0.41565449
v -0.13526952 -0.05603061 0.41565449
v -0.12173931 -0.08134378 0.41565449
v -0.10353073 -0.10353095 0.41565449
v -0.10353073 -0.10353095 0.41565449
v -0.08134352 -0.12173948 0.41565449
v -0.05603032 -0.13526963 0.41565449
v -0.02856390 -0.14360146 0.41565449
v 0.00000004 -0.15033823 0.36218104
v -0.02932934 -0.14744954 0.36218104
v -0.05753178 -0.13889447 0.36218104
v -0.08352330 -0.12500176 0.36218104
v -0.10630507 -0.10630527 0.36218104
v -0.10630507 -0.10630527 0.36218104
v -0.12500159 -0.08352358 0.36218104
v -0.13889439 -0.05753209 0.36218104
v -0.14744949 -0.02932966 0.36218104
v 0.00000004 -0.13976569 0.38666630
v 0.00000004 -0.13976569 0.38666630
v -0.02726676 -0.13708022 0.38666630
v -0.02726676 -0.13708022 0.38666630
v -0.05348586 -0.12912677 0.38666630
v -0.05348586 -0.12912677 0.38666630
v -0.07764954 -0.11621106 0.38666630
v -0.07764954 -0.11621106 0.38666630
v -0.09882919 -0.09882939 0.38666630
v -0.09882919 -0.09882939 0.38666630
v -0.09882919 -0.09882939 0.38666630
v -0.09882919 -0.09882939 0.38666630
v -0.11621090 -0.07764980 0.38666630
v -0.11621090 -0.07764980 0.38666630
v -0.12912668 -0.05348616 0.38666630
v -0.12912668 -0.05348616 0.38666630
v -0.13708015 -0.02726706 0.38666630
v -0.13708015 -0.02726706 0.38666630
v -0.02858252 -0.14369503 0.39738620
v -0.05606684 -0.13535778 0.39738620
v -0.08139653 -0.12181883 0.39738620
v -0.10359820 -0.10359842 0.39738620
v -0.10359820 -0.10359842 0.39738620
v -0.12181866 -0.08139680 0.39738620
v -0.13535769 -0.05606714 0.39738620
v -0.14369498 -0.02858283 0.39738620
v -0.14651012 -0.00000004 0.39738620
v 0.00000004 -0.14980274 0.40994073
v -0.14995740 -0.00000004 0.40356607
v -0.14692432 -0.02922518 0.40994073
v -0.14707603 -0.02925536 0.40356607
v -0.13839966 -0.05732716 0.40994070
v -0.13854256 -0.05738635 0.40356607
v -0.12455636 -0.08322607 0.40994073
v -0.12468497 -0.08331200 0.40356607
v -0.10592642 -0.10592664 0.40994073
v -0.10592642 -0.10592664 0.40994073
v -0.10603578 -0.10603600 0.40356607
v -0.10603578 -0.10603600 0.40356607
v -0.08322579 -0.12455653 0.40994073
v -0.08331172 -0.12468513 0.40356607
v -0.05732685 -0.13839976 0.40994070
v -0.05738605 -0.13854268 0.40356607
v -0.02922487 -0.14692436 0.40994073
v -0.02925505 -0.14707607 0.40356607
v -0.02842395 -0.14289781 0.37640739
v -0.05575578 -0.13460684 0.37640739
v -0.08094496 -0.12114298 0.37640739
v -0.10302345 -0.10302364 0.37640739
v -0.10302345 -0.10302364 0.37640739
v -0.12114283 -0.08094523 0.37640739
v -0.13460675 -0.05575609 0.37640739
v -0.14289777 -0.02842426 0.37640739
v -0.14569731 -0.00000004 0.37640739
v -0.14664243 -0.02624005 0.33742324
v -0.14864251 -0.00000004 0.33742497
v -0.13732776 -0.05688317 0.33742497
v -0.14477663 -0.02906662 0.31661764
v -0.14477663 -0.02906662 0.31661764
v -0.14477663 -0.02906662 0.31661764
v -0.13933297 -0.04713986 0.32082904
v -0.13933297 -0.04713986 0.32082904
v -0.13147978 -0.06089110 0.30794818
v -0.13147978 -0.06089110 0.30794818
v -0.12899780 -0.06722419 0.30535210
v -0.12899780 -0.06722419 0.30535210
v -0.11873018 -0.08454993 0.30761180
v -0.11873018 -0.08454993 0.30761180
v -0.12359168 -0.08258149 0.33742497
v -0.10434876 -0.10255503 0.31354830
v -0.10434876 -0.10255503 0.31354830
v -0.10434876 -0.10255503 0.31354830
v -0.09087264 -0.11301234 0.30603964
v -0.09087264 -0.11301234 0.30603964
v -0.08061048 -0.12222023 0.31365729
v -0.08061048 -0.12222023 0.31365729
v -0.06914259 -0.12807609 0.30678416
v -0.06914259 -0.12807609 0.30678416
v -0.05581146 -0.13453482 0.31908882
v -0.05581146 -0.13453482 0.31908882
v -0.04477959 -0.13905185 0.32170439
v -0.04477959 -0.13905185 0.32170439
v -0.02832686 -0.14385892 0.31416491
v -0.02832686 -0.14385892 0.31416491
v -0.02832686 -0.14385892 0.31416491
v -0.02899853 -0.14578643 0.33742497
v -0.06300466 -0.13080439 0.30809475
v -0.06300466 -0.13080439 0.30809475
v -0.11123059 -0.09267971 0.30664984
v -0.11123059 -0.09267971 0.30664984
v -0.10049418 -0.10581965 0.31220055
v -0.10049418 -0.10581965 0.31220055
v -0.10510603 -0.10510624 0.33742497
v -0.10510603 -0.10510624 0.33742497
v -0.08655871 -0.11635543 0.30745605
v -0.08655871 -0.11635543 0.30745605
v -0.07392779 -0.12531999 0.30821023
v -0.07392779 -0.12531999 0.30821023
v -0.08258122 -0.12359183 0.33742497
v -0.05139375 -0.13696417 0.32171694
v -0.05139375 -0.13696417 0.32171694
v -0.05688286 -0.13732785 0.33742497
v -0.12350347 -0.07995493 0.31214882
v -0.12350347 -0.07995493 0.31214882
v -0.11486667 -0.08817260 0.30535472
v -0.11486667 -0.08817260 0.30535472
v -0.14641471 -0.00000004 0.41565449
v -0.15033823 -0.00000004 0.36218104
v -0.13976569 -0.00000004 0.38666630
v -0.13976569 -0.00000004 0.38666630
v 0.00000004 -0.14651012 0.39738620
v 0.00000004 -0.14995740 0.40356607
v -0.14980274 -0.00000004 0.40994073
v 0.00000004 -0.14569731 0.37640739
v 0.00000004 -0.14864251 0.33742497
v -0.14278726 -0.03849312 0.32173393
v -0.14278726 -0.03849312 0.32173393
v -0.02266368 -0.14506665 0.30102662
v -0.02266368 -0.14506665 0.30102662
v -0.02077761 -0.14422244 0.27612681
v -0.02077761 -0.14422244 0.27612681
v -0.02336090 -0.14369504 0.25346041
v -0.02336090 -0.14369504 0.25346041
v -0.02508160 -0.14314581 0.23146988
v -0.02508160 -0.14314581 0.23146988
v -0.00116079 -0.14505671 0.22881473
v -0.14484119 -0.02051089 0.29118953
v -0.14484119 -0.02051089 0.29118953
v -0.14516869 0.00000196 0.26022199
v -0.14467335 -0.01961851 0.27369136
v -0.14467335 -0.01961851 0.27369136
v -0.14526628 -0.02174394 0.25281025
v -0.14526628 -0.02174394 0.25281025
v -0.14509247 -0.02365484 0.23513267
v -0.14509247 -0.02365484 0.23513267
v -0.01901957 -0.10866354 0.22404989
v -0.01901957 -0.10866354 0.22404989
v -0.01789635 -0.10986295 0.26398057
v -0.01789635 -0.10986295 0.26398057
v -0.01900872 -0.10885933 0.29433647
v -0.01900872 -0.10885933 0.29433647
v -0.02675581 -0.10576106 0.31806634
v -0.02675581 -0.10576106 0.31806634
v -0.02675581 -0.10576106 0.31806634
v -0.02675581 -0.10576106 0.31806634
v -0.04282001 -0.10029105 0.31733436
v -0.04282001 -0.10029105 0.31733436
v -0.06245393 -0.08954521 0.31244189
v -0.06245393 -0.08954521 0.31244189
v -0.08150534 -0.07337554 0.31167016
v -0.08150534 -0.07337554 0.31167016
v -0.08150534 -0.07337554 0.31167016
v -0.09551158 -0.05438570 0.31278554
v -0.09551158 -0.05438570 0.31278554
v -0.10369482 -0.03439969 0.31778590
v -0.10369482 -0.03439969 0.31778590
v -0.11115459 -0.01835617 0.26029334
v -0.11115459 -0.01835617 0.26029334
v -0.10919254 -0.01966221 0.29717062
v -0.10919254 -0.01966221 0.29717062
v -0.10857783 -0.02306588 0.31397039
v -0.10857783 -0.02306588 0.31397039
v -0.10857783 -0.02306588 0.31397039
v -0.10857783 -0.02306588 0.31397039
v -0.02019808 -0.13554591 0.19749454
v -0.02019808 -0.13554591 0.19749454
v -0.00000085 -0.14080337 0.19631462
v -0.01875943 -0.10581781 0.19822528
v -0.01875943 -0.10581781 0.19822528
v -0.00000085 -0.13680433 0.16018539
v -0.01795296 -0.13124093 0.15971049
v -0.01795296 -0.13124093 0.15971049
v -0.01786010 -0.10138904 0.15964126
v -0.01786010 -0.10138904 0.15964126
v -0.01581661 -0.13054222 0.12352712
v -0.01581661 -0.13054222 0.12352712
v -0.01663549 -0.10053390 0.12251263
v -0.01663549 -0.10053390 0.12251263
v -0.00000085 -0.13809994 0.08556234
v -0.01589011 -0.13410716 0.08538425
v -0.01589011 -0.13410716 0.08538425
v -0.01622940 -0.10306258 0.08492865
v -0.01622940 -0.10306258 0.08492865
v -0.01770656 -0.14017683 0.04707962
v -0.01770656 -0.14017683 0.04707962
v -0.01672637 -0.10750115 0.04752326
v -0.01672637 -0.10750115 0.04752326
v -0.02126973 -0.14244562 0.01881492
v -0.02126973 -0.14244562 0.01881492
v -0.01797084 -0.11118301 0.02427040
v -0.01797084 -0.11118301 0.02427040
v -0.01845254 -0.14293030 0.00716962
v -0.01845254 -0.14293030 0.00716962
v -0.01656945 -0.11212356 0.00952547
v -0.01656945 -0.11212356 0.00952547
v -0.00996683 -0.14368711 0.00060412
v -0.00996683 -0.14368711 0.00060412
v -0.01042755 -0.11419433 0.00136416
v -0.01042755 -0.11419433 0.00136416
v -0.00000085 -0.11458535 0.00000001
v -0.00000085 -0.11458535 0.00000001
v -0.00000085 -0.11458535 0.00000001
v -0.13788885 -0.01989065 0.19694158
v -0.13788885 -0.01989065 0.19694158
v -0.10746390 -0.01909510 0.19769008
v -0.10746390 -0.01909510 0.19769008
v -0.10271619 -0.01904942 0.16137487
v -0.10271619 -0.01904942 0.16137487
v -0.13380086 -0.01994428 0.16136043
v -0.13380086 -0.01994428 0.16136043
v -0.10051750 -0.01832439 0.12450404
v -0.10051750 -0.01832439 0.12450404
v -0.13124539 -0.01952317 0.12511130
v -0.13124539 -0.01952317 0.12511130
v -0.13476028 0.00000084 0.12415150
v -0.10330167 -0.01870777 0.08631579
v -0.10330167 -0.01870777 0.08631579
v -0.13485849 -0.01977606 0.08671947
v -0.13485849 -0.01977606 0.08671947
v -0.10827360 -0.01879020 0.04666533
v -0.10827360 -0.01879020 0.04666533
v -0.13942234 -0.02247295 0.04600144
v -0.13942234 -0.02247295 0.04600144
v -0.14353392 0.00000084 0.04541720
v -0.11251575 -0.02024020 0.02469095
v -0.11251575 -0.02024020 0.02469095
v -0.14184870 -0.02466195 0.02479704
v -0.14184870 -0.02466195 0.02479704
v -0.14616816 0.00000084 0.01753255
v -0.14225443 -0.02478014 0.01096597
v -0.14225443 -0.02478014 0.01096597
v -0.11215723 -0.01872862 0.01104219
v -0.11215723 -0.01872862 0.01104219
v -0.14470959 0.00000084 0.00026755
v -0.14470959 0.00000084 0.00026755
v -0.14470959 0.00000084 0.00026755
v -0.14040262 -0.02009376 0.00276828
v -0.14040262 -0.02009376 0.00276828
v -0.11435168 -0.01569641 0.00290261
v -0.11435168 -0.01569641 0.00290261
v -0.10917467 0.00000084 0.25972933
v -0.10791381 0.00000084 0.29462848
v -0.10678306 0.00000085 0.37226782
v -0.10678306 0.00000085 0.37226782
v -0.10460500 -0.02294272 0.37153283
v -0.10460500 -0.02294272 0.37153283
v -0.09991018 -0.03637416 0.37285180
v -0.09991018 -0.03637416 0.37285180
v -0.00000085 -0.10770524 0.31459413
v -0.00000085 -0.10770524 0.31459413
v -0.00000085 -0.10558478 0.19678918
v -0.00000085 -0.10114720 0.16015188
v -0.00000085 -0.09970012 0.12301239
v -0.00000085 -0.10192139 0.08533707
v -0.00000085 -0.10746837 0.04706590
v -0.00000085 -0.11117025 0.02051266
v -0.02710076 -0.10353035 0.37175680
v -0.02710076 -0.10353035 0.37175680
v -0.04333051 -0.09791484 0.37158299
v -0.04333051 -0.09791484 0.37158299
v -0.06033744 -0.08856691 0.37123240
v -0.06033744 -0.08856691 0.37123240
v -0.07507740 -0.07592953 0.37227825
v -0.07507740 -0.07592953 0.37227825
v -0.07507740 -0.07592953 0.37227825
v -0.08976372 -0.05501985 0.37343580
v -0.08976372 -0.05501985 0.37343580
v 0.00000000 -0.00000000 0.37211735
v 0.03344329 0.14277536 0.31865705
v 0.03344329 0.14277536 0.31865705
v 0.05166459 0.05225098 0.37222806
v 0.14240390 -0.03512278 0.31972862
v 0.14240390 -0.03512278 0.31972862
v -0.03689811 -0.14180799 0.32048673
v -0.03689811 -0.14180799 0.32048673
v -0.14323172 0.03240093 0.31815273
v -0.14323172 0.03240093 0.31815273
v 0.10994835 -0.09532462 0.30803982
v 0.10994835 -0.09532462 0.30803982
v -0.09570601 -0.10965039 0.30833132
v -0.09570601 -0.10965039 0.30833132
v -0.11047772 0.09451865 0.30742813
v -0.11047772 0.09451865 0.30742813
v 0.09639032 0.10918359 0.30891634
v 0.09639032 0.10918359 0.30891634
v 0.13363598 -0.05760405 0.31604073
v 0.13363598 -0.05760405 0.31604073
v 0.05964270 0.13352574 0.31367517
v 0.05964270 0.13352574 0.31367517
v -0.13324665 0.05915008 0.31337888
v -0.13324665 0.05915008 0.31337888
v -0.05929558 -0.13302815 0.31281979
v -0.05929558 -0.13302815 0.31281979
v 0.09587878 -0.10934054 0.30920649
v 0.09587878 -0.10934054 0.30920649
v 0.10907834 0.09664056 0.30995656
v 0.10907834 0.09664056 0.30995656
v -0.09845810 0.10753690 0.31132454
v -0.09845810 0.10753690 0.31132454
v -0.10788850 -0.09738545 0.31039429
v -0.10788850 -0.09738545 0.31039429
v -0.00049757 0.14239894 0.21582461
v -0.02100897 0.14080188 0.21674459
v -0.02100897 0.14080188 0.21674459
v -0.01850086 0.10956366 0.22367117
v -0.01850086 0.10956366 0.22367117
v 0.01899731 0.10869168 0.22354478
v 0.01899731 0.10869168 0.22354478
v 0.02044091 0.13820170 0.21620805
v 0.02044091 0.13820170 0.21620805
v -0.14308523 -0.00005560 0.21658679
v -0.13850264 0.02174993 0.21749601
v -0.13850264 0.02174993 0.21749601
v -0.10827036 0.00000084 0.22303174
v -0.10951015 -0.01851602 0.22300894
v -0.10951015 -0.01851602 0.22300894
v -0.14096674 -0.02135883 0.21800097
v -0.14096674 -0.02135883 0.21800097
v -0.00188113 -0.14291242 0.21685509
v -0.02090871 -0.13836657 0.21471513
v -0.02090871 -0.13836657 0.21471513
v -0.00000085 -0.10843961 0.22468532
v 0.01847952 -0.10963910 0.22460433
v 0.01847952 -0.10963910 0.22460433
v 0.02101592 -0.14039963 0.21597574
v 0.02101592 -0.14039963 0.21597574
v 0.14088631 0.02090369 0.21664254
v 0.14088631 0.02090369 0.21664254
v 0.14291467 -0.00000086 0.21564180
v 0.13800903 -0.02152300 0.21548969
v 0.13800903 -0.02152300 0.21548969
v 0.10970294 0.01846144 0.22539436
v 0.10970294 0.01846144 0.22539436
v -0.02298538 0.14435552 0.22461029
v -0.02298538 0.14435552 0.22461029
v -0.14259061 0.02382074 0.22495413
v -0.14259061 0.02382074 0.22495413
v -0.14519675 0.00108061 0.22918122
v -0.14448066 -0.02224352 0.22422308
v -0.14448066 -0.02224352 0.22422308
v 0.02263681 -0.14443597 0.22378930
v 0.02263681 -0.14443597 0.22378930
v -0.02304904 -0.14194007 0.22297016
v -0.02304904 -0.14194007 0.22297016
v 0.14440617 0.02300156 0.22609021
v 0.14440617 0.02300156 0.22609021
v 0.14311503 -0.02256436 0.22349159
v 0.14311503 -0.02256436 0.22349159
v 0.02313244 0.14242078 0.22341586
v 0.02313244 0.14242078 0.22341586
v -0.14332856 0.01659328 0.21954887
v -0.14515504 -0.01720952 0.21972417
v 0.01480676 -0.14533381 0.21953484
v -0.01448480 -0.14361659 0.21941317
v 0.14368710 -0.01418853 0.21953533
v 0.14519279 0.01355680 0.21906804
v 0.01396108 0.14368314 0.21934626
v -0.01527484 0.14553940 0.21923079
vt 0.47403684 0.19419718
vt 0.13005556 0.06329530
vt 0.55086106 0.39048004
vt 0.36166012 0.05610472
vt 0.52414304 0.37185860
vt 0.32855329 0.05430317
vt 0.50157100 0.34838253
vt 0.29540884 0.05344522
vt 0.48401281 0.32095397
vt 0.26225290 0.05353075
vt 0.47214308 0.29062724
vt 0.22911228 0.05455840
vt 0.46641794 0.25856763
vt 0.19601397 0.05652827
vt 0.46705741 0.22600722
vt 0.16298531 0.05943990
vt 0.61460441 0.75669336
vt 0.64128351 0.75931811
vt 0.13924225 0.47510040
vt 0.80553120 0.66416383
vt 0.68246442 0.76547438
vt 0.78256381 0.65060586
vt 0.70546031 0.75466019
vt 0.13034809 0.06554079
vt 0.36150545 0.05836403
vt 0.32846260 0.05656606
vt 0.29538247 0.05570984
vt 0.26229095 0.05579519
vt 0.22921467 0.05682081
vt 0.19618061 0.05878687
vt 0.16321568 0.06169283
vt 0.88151985 0.81967074
vt 0.84891599 0.81802714
vt 0.81633651 0.81692570
vt 0.78371292 0.81690228
vt 0.75107783 0.81687444
vt 0.71849036 0.81762028
vt 0.68593115 0.81909782
vt 0.65340751 0.82130337
vt 0.13518648 0.10234880
vt 0.87987232 0.84996825
vt 0.16700256 0.09863234
vt 0.84779394 0.84840292
vt 0.19891441 0.09582150
vt 0.81578183 0.84735125
vt 0.23089381 0.09391868
vt 0.78368944 0.84731948
vt 0.26291433 0.09292573
vt 0.75156862 0.84730685
vt 0.29494953 0.09284317
vt 0.71956748 0.84804600
vt 0.32697341 0.09367150
vt 0.68760377 0.84950161
vt 0.35896051 0.09540981
vt 0.65564567 0.85167122
vt 0.16553719 0.08433831
vt 0.19785680 0.08149123
vt 0.23024420 0.07956415
vt 0.26267311 0.07855850
vt 0.29511693 0.07847488
vt 0.32754943 0.07931387
vt 0.35994530 0.08107466
vt 0.13132180 0.07298255
vt 0.36099190 0.06585324
vt 0.36049676 0.07306254
vt 0.32816175 0.06406724
vt 0.32787177 0.07128853
vt 0.29529500 0.06321663
vt 0.29521063 0.07044339
vt 0.26241699 0.06330144
vt 0.26253828 0.07052767
vt 0.22955410 0.06432045
vt 0.22988093 0.07154036
vt 0.19673310 0.06627375
vt 0.19726519 0.07348120
vt 0.16398028 0.06916052
vt 0.16471717 0.07634920
vt 0.84830797 0.83497888
vt 0.81601697 0.83390903
vt 0.78369635 0.83388305
vt 0.75137407 0.83386087
vt 0.71909702 0.83460861
vt 0.68685687 0.83607525
vt 0.65463853 0.83826262
vt 0.64800835 0.79342878
vt 0.68439335 0.79094839
vt 0.64960545 0.76955789
vt 0.13966350 0.48748511
vt 0.83165318 0.68771595
vt 0.81667590 0.67052203
vt 0.67225534 0.77363694
vt 0.79542905 0.65869188
vt 0.69002736 0.75653702
vt 0.78968585 0.65415823
vt 0.69720340 0.75372815
vt 0.76512307 0.64498037
vt 0.72121871 0.75639051
vt 0.71748811 0.78943181
vt 0.73725855 0.64113724
vt 0.74799705 0.76082683
vt 0.71543992 0.64300871
vt 0.76892895 0.75291979
vt 0.69918287 0.64592808
vt 0.78363281 0.76024741
vt 0.68430549 0.65087575
vt 0.79899126 0.75336772
vt 0.66148943 0.66394848
vt 0.81990081 0.76896727
vt 0.64943343 0.67133033
vt 0.83392543 0.77218080
vt 0.24929479 0.85146105
vt 0.63584268 0.68581331
vt 0.85186464 0.76320839
vt 0.84997302 0.78991586
vt 0.67492884 0.65485930
vt 0.80895203 0.75658852
vt 0.75403762 0.64345229
vt 0.73263973 0.75305057
vt 0.73017097 0.64134717
vt 0.75507790 0.75960404
vt 0.75064588 0.78874570
vt 0.70912206 0.64413792
vt 0.77525240 0.75450653
vt 0.69057286 0.64867193
vt 0.79186213 0.75614798
vt 0.78373128 0.78874236
vt 0.65512216 0.66679531
vt 0.82645917 0.77180243
vt 0.81682938 0.78873199
vt 0.77296454 0.64608294
vt 0.71433890 0.76078135
vt 0.75967526 0.64418316
vt 0.72665662 0.75323057
vt 0.63203347 0.24553382
vt 0.13331184 0.08810377
vt 0.13226181 0.08014446
vt 0.88060677 0.83656526
vt 0.88295513 0.79168463
vt 0.66059566 0.77412593
vt 0.82451284 0.67857367
vt 0.24986248 0.83760846
vt 0.85812485 0.75063145
vt 0.25022477 0.80732214
vt 0.86326391 0.72043973
vt 0.25025770 0.78207558
vt 0.86236829 0.69461095
vt 0.88784671 0.70427638
vt 0.25025558 0.75949663
vt 0.86267775 0.67125487
vt 0.63624918 0.74119276
vt 0.14017244 0.45695889
vt 0.60843647 0.70923156
vt 0.63262868 0.72117782
vt 0.14038850 0.43714035
vt 0.63150638 0.69766515
vt 0.13969164 0.41419947
vt 0.62985957 0.67609918
vt 0.13922173 0.39341921
vt 0.99072599 0.64898467
vt 0.21072179 0.74816990
vt 0.98943126 0.69344920
vt 0.21109468 0.79265898
vt 0.99064624 0.72789121
vt 0.20930767 0.82709396
vt 0.69783163 0.90251309
vt 0.99950004 0.75496930
vt 0.20585693 0.85542822
vt 0.67356825 0.70777333
vt 0.71684617 0.90168971
vt 0.68850607 0.69556683
vt 0.74202937 0.89614338
vt 0.71221834 0.68535334
vt 0.77028501 0.89527428
vt 0.74038458 0.68252182
vt 0.79706943 0.89687675
vt 0.76640230 0.68864208
vt 0.82138669 0.90330142
vt 0.78708446 0.70297915
vt 0.40164590 0.42764938
vt 0.17844942 0.42187333
vt 0.39742652 0.46934664
vt 0.18065675 0.46384913
vt 0.39229465 0.48811656
vt 0.83552009 0.89939910
vt 0.18111458 0.48322856
vt 0.79805613 0.71254730
vt 0.24129446 0.71728969
vt 0.87410146 0.62930518
vt 0.99051499 0.61864263
vt 0.20751400 0.71799290
vt 0.23647104 0.67433047
vt 0.88097185 0.58749706
vt 0.98958647 0.57456344
vt 0.20259054 0.67418200
vt 0.23576604 0.63319063
vt 0.88683277 0.54755777
vt 0.98820847 0.53241032
vt 0.20169184 0.63202161
vt 0.23982903 0.58989483
vt 0.88948584 0.50467384
vt 0.98779720 0.48963797
vt 0.20459016 0.58936721
vt 0.91058159 0.45963955
vt 0.24671522 0.54636788
vt 0.89008462 0.46074724
vt 0.98833752 0.44686276
vt 0.20961821 0.54691583
vt 0.24939570 0.51405472
vt 0.88785028 0.42827487
vt 0.98967934 0.42012674
vt 0.21377254 0.52050847
vt 0.91234756 0.42803347
vt 0.24947111 0.50048310
vt 0.89186037 0.41509140
vt 0.98803836 0.40331608
vt 0.21450624 0.50371337
vt 0.24926226 0.48837221
vt 0.90202320 0.40817821
vt 0.02311173 0.12756854
vt 0.24936762 0.47700691
vt 0.91348821 0.40849966
vt 0.98095250 0.39380682
vt 0.21599343 0.49208009
vt 0.61654466 0.63063264
vt 0.14897874 0.34786904
vt 0.40584627 0.35665023
vt 0.18252543 0.35054898
vt 0.40896359 0.31518984
vt 0.18699868 0.30888224
vt 0.60873872 0.59352309
vt 0.15170760 0.30992007
vt 0.41279027 0.27339756
vt 0.18788213 0.26669830
vt 0.60094935 0.55343401
vt 0.15303263 0.26892614
vt 0.57856673 0.55637372
vt 0.41541705 0.22996891
vt 0.18249194 0.22338468
vt 0.59351653 0.51060450
vt 0.14673358 0.22576094
vt 0.41856626 0.18470395
vt 0.17431267 0.17868334
vt 0.58868277 0.46431625
vt 0.13873236 0.17994165
vt 0.56296277 0.46760452
vt 0.41863582 0.15928274
vt 0.16788520 0.15400577
vt 0.58689982 0.43994623
vt 0.13427323 0.15603530
vt 0.55757457 0.43640614
vt 0.58432829 0.42433190
vt 0.13286303 0.14042437
vt 0.42159110 0.14401191
vt 0.16765487 0.13841665
vt 0.55427641 0.41711819
vt 0.13327289 0.10639048
vt 0.24988189 0.09580141
vt 0.57777381 0.41563642
vt 0.13532382 0.12979698
vt 0.42575327 0.13477707
vt 0.16528891 0.12852490
vt 0.42259502 0.42845845
vt 0.41992924 0.46802264
vt 0.78936499 0.62460142
vt 0.85796851 0.96696407
vt 0.83196503 0.96477419
vt 0.81090635 0.60980195
vt 0.81580341 0.96572882
vt 0.82166672 0.59771192
vt 0.96906072 0.68862033
vt 0.96908402 0.64977288
vt 0.69874340 0.96349084
vt 0.84811479 0.48852611
vt 0.71846581 0.96329725
vt 0.85148686 0.50769585
vt 0.74069345 0.96290416
vt 0.85159576 0.52969491
vt 0.76281744 0.96410125
vt 0.84718692 0.55128592
vt 0.79175746 0.96581250
vt 0.83455622 0.57738680
vt 0.48708814 0.16435957
vt 0.09726166 0.06810892
vt 0.50571001 0.13764161
vt 0.06466832 0.07391894
vt 0.52918595 0.11506993
vt 0.03240442 0.08076388
vt 0.55661458 0.09751207
vt 0.00050000 0.08807421
vt 0.53032023 0.03464121
vt 0.58694130 0.08564270
vt 0.49841279 0.02734071
vt 0.61900073 0.07991785
vt 0.46614453 0.02050555
vt 0.65156025 0.08055741
vt 0.43354425 0.01471490
vt 0.88489503 0.75202149
vt 0.00050000 0.49778628
vt 0.91084272 0.75873089
vt 0.93757826 0.10359049
vt 0.95032161 0.77187634
vt 0.91295171 0.09175670
vt 0.97396517 0.76312220
vt 0.09761047 0.07034564
vt 0.06505357 0.07614911
vt 0.03277278 0.08300531
vt 0.00084300 0.09033847
vt 0.52997869 0.03690541
vt 0.49804580 0.02958232
vt 0.46576092 0.02273601
vt 0.43319759 0.01695198
vt 0.14512500 0.94313788
vt 0.11255801 0.94585174
vt 0.07999997 0.94904989
vt 0.04735425 0.95277166
vt 0.01444459 0.95718336
vt 0.97994053 0.82749802
vt 0.94690168 0.82423490
vt 0.91416103 0.82163733
vt 0.42734388 0.05358022
vt 0.14753386 0.97342432
vt 0.45883274 0.05908436
vt 0.11539586 0.97611254
vt 0.48996204 0.06558484
vt 0.08337884 0.97919279
vt 0.01055093 0.12708002
vt 0.52028912 0.07365072
vt 0.05164632 0.98276669
vt 0.04087631 0.11900437
vt 0.02059243 0.98759013
vt 0.97490633 0.85809070
vt 0.07200719 0.11249292
vt 0.94371223 0.85436320
vt 0.10350037 0.10696781
vt 0.91191208 0.85189456
vt 0.42962411 0.03939879
vt 0.46158671 0.04500109
vt 0.49338165 0.05165905
vt 0.00595649 0.11331582
vt 0.52487850 0.05988473
vt 0.03745097 0.10507995
vt 0.06924508 0.09841144
vt 0.10120641 0.09278899
vt 0.09878223 0.07775337
vt 0.09991962 0.08487564
vt 0.06638337 0.08351684
vt 0.06769761 0.09057772
vt 0.03412842 0.09036517
vt 0.03556454 0.09736121
vt 0.00183783 0.09798253
vt 0.52898788 0.04454964
vt 0.00340007 0.10537052
vt 0.52743024 0.05193824
vt 0.49669465 0.03694272
vt 0.49526331 0.04393947
vt 0.46443650 0.03010446
vt 0.46312797 0.03716624
vt 0.43203303 0.02436066
vt 0.43090272 0.03148395
vt 0.14647187 0.96003455
vt 0.11415635 0.96273607
vt 0.08190098 0.96585578
vt 0.04971460 0.96949112
vt 0.01767521 0.97430861
vt 0.97734404 0.84471542
vt 0.94516492 0.84102762
vt 0.91290236 0.83851045
vt 0.91274953 0.79339153
vt 0.94913405 0.79625756
vt 0.00071709 0.51042259
vt 0.96430749 0.12544513
vt 0.91772747 0.77004242
vt 0.94764084 0.10906494
vt 0.94005144 0.77721798
vt 0.92716050 0.09870261
vt 0.95893562 0.76414537
vt 0.92018282 0.09508383
vt 0.96633965 0.76069093
vt 0.89399707 0.08752263
vt 0.01265884 0.89435375
vt 0.01120973 0.92875725
vt 0.98213768 0.79902416
vt 0.86641771 0.08521235
vt 0.03882933 0.89780474
vt 0.84514159 0.08904040
vt 0.05847563 0.88714164
vt 0.82794827 0.09288943
vt 0.07500900 0.89365959
vt 0.81382143 0.09944493
vt 0.08899475 0.88491821
vt 0.79327393 0.11304200
vt 0.10877988 0.89804935
vt 0.78071946 0.12495863
vt 0.12621015 0.89829296
vt 0.14253053 0.88759023
vt 0.32307774 0.84955984
vt 0.76820576 0.13989961
vt 0.14295320 0.91514117
vt 0.80656308 0.10337740
vt 0.09748766 0.88589555
vt 0.88262731 0.08686429
vt 0.02379130 0.89115447
vt 0.86054647 0.08575124
vt 0.04465625 0.89636761
vt 0.04409716 0.92487890
vt 0.83773196 0.09104145
vt 0.06628611 0.88852626
vt 0.81973243 0.09711951
vt 0.08230451 0.88763773
vt 0.07701623 0.92112106
vt 0.78710145 0.11820275
vt 0.11680900 0.89952272
vt 0.10994232 0.91783392
vt 0.90309584 0.08789605
vt 0.00579451 0.90039009
vt 0.98186803 0.77018064
vt 0.88888848 0.08707404
vt 0.01738977 0.89149255
vt 0.95621651 0.11606544
vt 0.92854959 0.77667761
vt 0.14671136 0.87313777
vt 0.32303721 0.83418411
vt 0.14689414 0.84601516
vt 0.32264316 0.80666757
vt 0.14256468 0.82313061
vt 0.32307252 0.78304124
vt 0.16849154 0.82543045
vt 0.13628082 0.79936981
vt 0.32222942 0.75821823
vt 0.00206041 0.47962224
vt 0.90890455 0.74074519
vt 0.00298630 0.45974261
vt 0.90893304 0.72127986
vt 0.00342328 0.43599004
vt 0.91339409 0.69864517
vt 0.89051777 0.67014331
vt 0.00387848 0.41548455
vt 0.91753858 0.67952782
vt 0.38436425 0.40294123
vt 0.28345203 0.79264003
vt 0.38325733 0.43739390
vt 0.28245401 0.82706779
vt 0.39016327 0.46505105
vt 0.91291445 0.01769716
vt 0.27948737 0.85538876
vt 0.80859345 0.15745586
vt 0.93218851 0.01813251
vt 0.82229310 0.14387071
vt 0.95792496 0.01442462
vt 0.84506851 0.13149607
vt 0.57617885 0.89718032
vt 0.98626512 0.01578689
vt 0.87294441 0.12662542
vt 0.60298508 0.89736086
vt 0.89941806 0.13081366
vt 0.62759066 0.90247047
vt 0.92091018 0.14381981
vt 0.94806319 0.68925899
vt 0.04158845 0.44591111
vt 0.94676375 0.73115671
vt 0.04226660 0.48784685
vt 0.64147407 0.89780539
vt 0.94292498 0.75023025
vt 0.04225063 0.50710517
vt 0.93250793 0.15254974
vt 0.13493843 0.75671691
vt 0.31116843 0.71577859
vt 0.39060271 0.32841301
vt 0.27751258 0.71859831
vt 0.13186657 0.71331769
vt 0.30315569 0.67309457
vt 0.39273873 0.28436065
vt 0.26937211 0.67542565
vt 0.13028172 0.67213470
vt 0.29928330 0.63220298
vt 0.39427090 0.24217916
vt 0.26522607 0.63335449
vt 0.12644297 0.62884706
vt 0.30058205 0.58908737
vt 0.39676020 0.19945455
vt 0.26537889 0.59024405
vt 0.14120939 0.58112121
vt 0.12105567 0.58503592
vt 0.30590725 0.54594272
vt 0.40019295 0.15682805
vt 0.26884770 0.54704958
vt 0.11450259 0.55309653
vt 0.30865982 0.51404184
vt 0.40344507 0.13030243
vt 0.27301100 0.52024662
vt 0.13874777 0.54955500
vt 0.11671712 0.53947926
vt 0.30882692 0.50050396
vt 0.40304634 0.11350483
vt 0.27385151 0.50341314
vt 0.12586574 0.53126192
vt 0.30868733 0.48837185
vt 0.08208127 0.11697948
vt 0.30887216 0.47700703
vt 0.13726868 0.53004289
vt 0.39675239 0.10352272
vt 0.27540597 0.49180663
vt 0.89775515 0.63162273
vt 0.01548220 0.37048769
vt 0.92120475 0.63282388
vt 0.94740140 0.61808050
vt 0.04881778 0.37511563
vt 0.94775832 0.57653928
vt 0.05615383 0.33419073
vt 0.02088768 0.33250415
vt 0.92478931 0.59387189
vt 0.90208566 0.59059554
vt 0.94868863 0.53466111
vt 0.06065009 0.29249132
vt 0.02574292 0.29153574
vt 0.92773271 0.55240029
vt 0.90533644 0.54958367
vt 0.94817024 0.49122965
vt 0.05951079 0.24903417
vt 0.02369543 0.24780607
vt 0.93062586 0.50862050
vt 0.90805084 0.50553960
vt 0.94794118 0.44590354
vt 0.05604561 0.20382267
vt 0.02053208 0.20132113
vt 0.93637753 0.46228802
vt 0.94611228 0.42056888
vt 0.05231387 0.17864305
vt 0.01867975 0.17704266
vt 0.94011885 0.43811679
vt 0.01898413 0.16135931
vt 0.94113362 0.42232466
vt 0.94790566 0.40507251
vt 0.05378724 0.16314048
vt 0.02259568 0.15105921
vt 0.93671334 0.41237199
vt 0.96916139 0.39229465
vt 0.05640862 0.13536561
vt 0.21532084 0.48016775
vt 0.95139503 0.39552450
vt 0.05252015 0.15305853
vt 0.96921313 0.41586339
vt 0.96932173 0.44628203
vt 0.96939945 0.49014926
vt 0.96940559 0.53296638
vt 0.96938348 0.57514477
vt 0.96919960 0.61702132
vt 0.96909684 0.72826988
vt 0.66757357 0.89859182
vt 0.96911138 0.75092214
vt 0.66760755 0.96404088
vt 0.83641589 0.45986879
vt 0.64147669 0.96327710
vt 0.82162201 0.43831491
vt 0.62536931 0.96510780
vt 0.80952996 0.42754447
vt 0.36441699 0.39672601
vt 0.36728996 0.35591269
vt 0.91010833 0.07861775
vt 0.70029831 0.40107369
vt 0.92956364 0.07970572
vt 0.71947622 0.39769799
vt 0.95155698 0.08089471
vt 0.74148363 0.39758921
vt 0.57230842 0.96630269
vt 0.97342879 0.08381760
vt 0.76308876 0.40200210
vt 0.60133493 0.96648109
vt 0.78920078 0.41464418
vt 0.68336999 0.08753675
vt 0.40074116 0.00993997
vt 0.36780232 0.00614893
vt 0.71320719 0.10058784
vt 0.33477011 0.00332612
vt 0.73992497 0.11920929
vt 0.30167979 0.00145239
vt 0.76249653 0.14268529
vt 0.26856315 0.00050008
vt 0.78005427 0.17011368
vt 0.23545213 0.00050002
vt 0.79192376 0.20044035
vt 0.20230176 0.00051612
vt 0.79764873 0.23249984
vt 0.16914918 0.00226766
vt 0.79700929 0.26506007
vt 0.17306346 0.87305284
vt 0.05873974 0.48760223
vt 0.19979398 0.87676299
vt 0.24155657 0.88290429
vt 0.96612436 0.18942195
vt 0.26382264 0.87343162
vt 0.94548345 0.17390144
vt 0.36757457 0.00840247
vt 0.33460549 0.00558543
vt 0.30157754 0.00371563
vt 0.26852086 0.00276518
vt 0.23547095 0.00276566
vt 0.20238459 0.00277925
vt 0.16929860 0.00452554
vt 0.40600464 0.93874598
vt 0.37342322 0.93690270
vt 0.34081826 0.93582511
vt 0.30817232 0.93581259
vt 0.27551582 0.93614072
vt 0.24289177 0.93708152
vt 0.21029314 0.93861002
vt 0.40415412 0.96911168
vt 0.17176549 0.04155350
vt 0.37217087 0.96731913
vt 0.20361538 0.03991884
vt 0.34023467 0.96625870
vt 0.23568007 0.03989732
vt 0.30821249 0.96624458
vt 0.26786596 0.03989828
vt 0.27609667 0.96657538
vt 0.29992732 0.04081959
vt 0.24399070 0.96750265
vt 0.33192858 0.04262835
vt 0.21187204 0.96901357
vt 0.36384746 0.04535097
vt 0.17080665 0.02722019
vt 0.20320620 0.02554274
vt 0.23564814 0.02553761
vt 0.26809630 0.02553105
vt 0.30054966 0.02646387
vt 0.33295220 0.02829510
vt 0.36528262 0.03105319
vt 0.39751524 0.03475320
vt 0.39855507 0.02679211
vt 0.36682048 0.01587176
vt 0.36609173 0.02306199
vt 0.33406219 0.01307422
vt 0.33353510 0.02028340
vt 0.30124167 0.01121753
vt 0.30091229 0.01843929
vt 0.26838779 0.01027328
vt 0.26825193 0.01750070
vt 0.23551990 0.01028073
vt 0.23558310 0.01751035
vt 0.20264250 0.01027679
vt 0.20291157 0.01750189
vt 0.16979899 0.01201046
vt 0.17027853 0.01921451
vt 0.40499067 0.95569634
vt 0.37273869 0.95388591
vt 0.34047970 0.95281261
vt 0.30817676 0.95280343
vt 0.27583730 0.95313168
vt 0.24349664 0.95406628
vt 0.21115988 0.95558709
vt 0.17881814 0.95765102
vt 0.20550987 0.91063970
vt 0.17584401 0.91272908
vt 0.24187709 0.90892291
vt 0.05886788 0.49972737
vt 0.99028987 0.21669960
vt 0.20764273 0.88681620
vt 0.23185118 0.89057964
vt 0.97577626 0.19684577
vt 0.24790807 0.87518007
vt 0.95811903 0.18373048
vt 0.25574246 0.87190205
vt 0.95185804 0.17862153
vt 0.27975443 0.87392771
vt 0.92780340 0.16714406
vt 0.27495104 0.90795988
vt 0.30817524 0.88018739
vt 0.89882499 0.15970325
vt 0.32775617 0.87180573
vt 0.87807232 0.16013914
vt 0.34290776 0.88062418
vt 0.86104530 0.16075772
vt 0.35830939 0.87302136
vt 0.84603542 0.16526735
vt 0.37592667 0.88830972
vt 0.82432592 0.17513782
vt 0.39438191 0.89154911
vt 0.80878663 0.18531555
vt 0.41134232 0.88343751
vt 0.31320482 0.46939856
vt 0.79467839 0.19724107
vt 0.40777522 0.91063899
vt 0.36553264 0.87484670
vt 0.83934253 0.16736281
vt 0.29434469 0.87369329
vt 0.91355449 0.16336119
vt 0.31537282 0.87745583
vt 0.89128989 0.15933567
vt 0.30809012 0.90764332
vt 0.33364099 0.87372011
vt 0.87225401 0.16053891
vt 0.35037035 0.87558514
vt 0.85290682 0.16360003
vt 0.34135491 0.90766025
vt 0.38298768 0.89112157
vt 0.81788176 0.17885041
vt 0.37455070 0.90873384
vt 0.27212659 0.87927639
vt 0.93669415 0.16914505
vt 0.28749439 0.87136036
vt 0.92034853 0.16522056
vt 0.40045121 0.01218587
vt 0.17771138 0.94073969
vt 0.39566255 0.04900157
vt 0.17971574 0.97105259
vt 0.39948687 0.01962888
vt 0.98397624 0.20604646
vt 0.21912974 0.89207870
vt 0.41855869 0.86891603
vt 0.31389946 0.45336545
vt 0.42334527 0.84173357
vt 0.31379315 0.42587650
vt 0.42297336 0.81506854
vt 0.31423140 0.39941192
vt 0.42286807 0.79080725
vt 0.31375730 0.37575495
vt 0.06022907 0.46996742
vt 0.19533712 0.85927063
vt 0.06053047 0.44803059
vt 0.19168319 0.83732700
vt 0.06135361 0.42601264
vt 0.19191641 0.81489259
vt 0.16280708 0.79226476
vt 0.06204770 0.40519440
vt 0.19142644 0.79335719
vt 0.27385634 0.36430937
vt 0.38712224 0.72050774
vt 0.27454117 0.41140121
vt 0.38585702 0.76757705
vt 0.27283901 0.44585252
vt 0.38706955 0.80201840
vt 0.26937631 0.47419077
vt 0.83158046 0.22142917
vt 0.39592275 0.82909560
vt 0.71900690 0.01304650
vt 0.84733379 0.21029639
vt 0.73802161 0.01221973
vt 0.87174618 0.20185554
vt 0.76320487 0.00666928
vt 0.90010142 0.20184171
vt 0.79145563 0.00579453
vt 0.92537427 0.21069795
vt 0.81823242 0.00738215
vt 0.94436187 0.22720152
vt 0.84254837 0.01379001
vt 0.09994891 0.43536127
vt 0.34346831 0.39590359
vt 0.10049743 0.47729981
vt 0.33920637 0.43759084
vt 0.10041549 0.49656367
vt 0.95422202 0.23776877
vt 0.33405492 0.45635486
vt 0.85667723 0.00987631
vt 0.43241763 0.75130343
vt 0.30472991 0.33605409
vt 0.45579457 0.75350040
vt 0.27095142 0.33672607
vt 0.38693911 0.69277710
vt 0.46030036 0.71227556
vt 0.43927735 0.70891643
vt 0.29994980 0.29309165
vt 0.26607144 0.29290509
vt 0.38600716 0.64869547
vt 0.44643620 0.66867089
vt 0.29929647 0.25195360
vt 0.26522607 0.25073713
vt 0.38462788 0.60653889
vt 0.46978408 0.62750506
vt 0.45128366 0.62570077
vt 0.30342624 0.20866698
vt 0.26819038 0.20808154
vt 0.38421598 0.56376410
vt 0.45440710 0.58177841
vt 0.31038854 0.16515481
vt 0.27329278 0.16563559
vt 0.38475615 0.52098739
vt 0.45405135 0.54921049
vt 0.31313020 0.13284838
vt 0.27749687 0.13923383
vt 0.38609782 0.49425024
vt 0.45881280 0.53627509
vt 0.31323239 0.11927712
vt 0.27826354 0.12243938
vt 0.38445699 0.47743928
vt 0.46935514 0.52995217
vt 0.31304693 0.10716587
vt 0.27977297 0.11080927
vt 0.37737146 0.46793008
vt 0.08260291 0.51120925
vt 0.27912340 0.09889615
vt 0.36558121 0.46641791
vt 0.15823708 0.75292057
vt 0.07407685 0.35986215
vt 0.18099007 0.74779427
vt 0.10740000 0.36457384
vt 0.34768665 0.32493639
vt 0.11483280 0.32365835
vt 0.35075408 0.28348970
vt 0.07957065 0.32189631
vt 0.17598754 0.71031237
vt 0.15313324 0.71188015
vt 0.11941045 0.28195983
vt 0.35449490 0.24170178
vt 0.08450532 0.28094268
vt 0.17142078 0.66985649
vt 0.14887090 0.67093492
vt 0.11833937 0.23849410
vt 0.35701457 0.19827223
vt 0.08252615 0.23721403
vt 0.16771409 0.62666219
vt 0.14493564 0.62695575
vt 0.11493319 0.19327331
vt 0.36004665 0.15300083
vt 0.07942299 0.19072759
vt 0.16712318 0.58019888
vt 0.11123051 0.16808659
vt 0.36005065 0.12757957
vt 0.07759853 0.16644800
vt 0.16761583 0.55579948
vt 0.07791945 0.15076542
vt 0.16651462 0.54002535
vt 0.11272036 0.15258396
vt 0.36296710 0.11230135
vt 0.08154142 0.14046937
vt 0.16080211 0.53075963
vt 0.11536999 0.12481052
vt 0.27481830 0.47989571
vt 0.38508618 0.10109591
vt 0.11146355 0.14249969
vt 0.36710501 0.10305607
vt 0.38338000 0.12464553
vt 0.38129473 0.15501946
vt 0.37831634 0.19877893
vt 0.37537661 0.24145699
vt 0.37248486 0.28349364
vt 0.36948448 0.32525212
vt 0.36171016 0.43628812
vt 0.36013246 0.45887280
vt 0.88274211 0.01207328
vt 0.87916952 0.07742471
vt 0.67163461 0.41278136
vt 0.65007669 0.42758572
vt 0.85316324 0.07525349
vt 0.63930321 0.43968767
vt 0.83699948 0.07622039
vt 0.36553508 0.82504869
vt 0.68874860 0.00912786
vt 0.36562207 0.69115514
vt 0.36580449 0.64927673
vt 0.36582589 0.60709500
vt 0.36581901 0.56427538
vt 0.36574113 0.52040660
vt 0.36563265 0.48998666
vt 0.61287516 0.54894310
vt 0.71991861 0.07402420
vt 0.60948980 0.52976596
vt 0.73964125 0.07382721
vt 0.60937011 0.50775504
vt 0.76186913 0.07342988
vt 0.61377394 0.48614800
vt 0.78399903 0.07462257
vt 0.62640506 0.46002901
vt 0.81294858 0.07631975
vt 0.39470023 0.05885279
vt 0.58069831 0.40353096
vt 0.13608027 0.00507236
vt 0.79003000 0.29686987
vt 0.10313482 0.00889122
vt 0.77697891 0.32670724
vt 0.07037100 0.01372075
vt 0.75835770 0.35342515
vt 0.03790995 0.01958418
vt 0.73488176 0.37599683
vt 0.00579451 0.02590966
vt 0.52501267 0.07927167
vt 0.70745337 0.39355487
vt 0.49288136 0.07303476
vt 0.67712682 0.40542448
vt 0.46040621 0.06727558
vt 0.64506745 0.41114938
vt 0.42763662 0.06256235
vt 0.61250806 0.41051006
vt 0.44391739 0.87366116
vt 0.46980590 0.88134372
vt 0.02697261 0.87387151
vt 0.50766307 0.89509451
vt 0.96453446 0.27090740
vt 0.53295928 0.88717133
vt 0.93973517 0.25749439
vt 0.39448321 0.06110674
vt 0.10341118 0.01113713
vt 0.07068576 0.01596147
vt 0.03820821 0.02183574
vt 0.00606696 0.02818328
vt 0.52474582 0.08154613
vt 0.49258837 0.07528722
vt 0.46009597 0.06951743
vt 0.42736298 0.06480950
vt 0.62091523 0.82423705
vt 0.58840996 0.82750255
vt 0.55589861 0.83109140
vt 0.52332234 0.83526313
vt 0.49048200 0.84012538
vt 0.56913686 0.95585632
vt 0.53626126 0.95126104
vt 0.50365120 0.94736820
vt 0.47111911 0.94402152
vt 0.62365025 0.85448354
vt 0.39088291 0.09805614
vt 0.59162241 0.85767889
vt 0.42270535 0.10160875
vt 0.55967295 0.86119366
vt 0.45436549 0.10607404
vt 0.52800816 0.86520141
vt 0.48569673 0.11153769
vt 0.49702880 0.87044811
vt 0.56287003 0.98621595
vt 0.01463612 0.06520849
vt 0.51627535 0.11859250
vt 0.53184819 0.98123664
vt 0.04519552 0.05806565
vt 0.50016403 0.97749561
vt 0.07650792 0.05249923
vt 0.46822008 0.97427064
vt 0.10814095 0.04791951
vt 0.42452216 0.08736086
vt 0.45665374 0.09190774
vt 0.48865333 0.09750623
vt 0.01046601 0.05130935
vt 0.52040589 0.10468203
vt 0.04219756 0.04404330
vt 0.07417549 0.03834069
vt 0.10628226 0.03367776
vt 0.13849887 0.02996236
vt 0.39375973 0.06857699
vt 0.13771862 0.02197617
vt 0.10434577 0.01857626
vt 0.10525064 0.02572924
vt 0.07178420 0.02336603
vt 0.07287433 0.03046364
vt 0.03933442 0.02923369
vt 0.04055132 0.03627056
vt 0.00682412 0.03585464
vt 0.52400792 0.08921927
vt 0.00815614 0.04328805
vt 0.52269441 0.09665549
vt 0.49148044 0.08268839
vt 0.49027979 0.08972859
vt 0.45901415 0.07692558
vt 0.45793754 0.08402658
vt 0.42644054 0.07225239
vt 0.42554268 0.07940882
vt 0.59020436 0.84432995
vt 0.55801642 0.84787655
vt 0.52589869 0.85195261
vt 0.49393389 0.85720628
vt 0.56584537 0.97295099
vt 0.53383917 0.96797055
vt 0.50169647 0.96416521
vt 0.46949586 0.96089834
vt 0.43724778 0.95810199
vt 0.47047281 0.91573495
vt 0.44074455 0.91326094
vt 0.50673407 0.91946477
vt 0.47608566 0.89252532
vt 0.02701672 0.88616168
vt 0.98990542 0.29231334
vt 0.49754360 0.89949542
vt 0.97373641 0.27659309
vt 0.51742929 0.88681453
vt 0.95323962 0.26522219
vt 0.52569342 0.88493091
vt 0.94649786 0.26051450
vt 0.54883224 0.89032400
vt 0.92092896 0.25264311
vt 0.53963053 0.92337298
vt 0.48230150 0.78487450
vt 0.57407564 0.90028256
vt 0.89244497 0.24934256
vt 0.50054497 0.77379876
vt 0.87184149 0.25273657
vt 0.51739794 0.78040653
vt 0.85398054 0.25608593
vt 0.53135490 0.77060956
vt 0.83916581 0.26309168
vt 0.55040067 0.78220367
vt 0.81994474 0.27627665
vt 0.56451577 0.78366476
vt 0.80908239 0.28547806
vt 0.25132844 0.46991420
vt 0.79467839 0.30192256
vt 0.58368903 0.77333218
vt 0.58552593 0.79962420
vt 0.53942138 0.77098048
vt 0.83260977 0.26723039
vt 0.56150067 0.89079714
vt 0.90804791 0.25148797
vt 0.48780301 0.78264284
vt 0.88657033 0.25006926
vt 0.48688403 0.81175882
vt 0.57249457 0.92750603
vt 0.50705838 0.77450496
vt 0.86561882 0.25414509
vt 0.52505004 0.77311796
vt 0.84477526 0.26089424
vt 0.51970172 0.80741233
vt 0.55649763 0.78463215
vt 0.81455547 0.27982324
vt 0.55255204 0.80317897
vt 0.54067612 0.89457375
vt 0.93001068 0.25331318
vt 0.55514532 0.88850981
vt 0.91473126 0.25219667
vt 0.13629700 0.00732493
vt 0.43856719 0.94121683
vt 0.43618509 0.97148967
vt 0.13991895 0.04425842
vt 0.39227831 0.08375633
vt 0.39306062 0.07576638
vt 0.13702288 0.01479101
vt 0.62242442 0.84110999
vt 0.61837959 0.79629093
vt 0.48669690 0.89941239
vt 0.98204464 0.28274494
vt 0.25234237 0.45364201
vt 0.58881706 0.75821906
vt 0.25122043 0.42530954
vt 0.58752477 0.73040503
vt 0.25098753 0.39947569
vt 0.58092058 0.70596623
vt 0.25068706 0.37454355
vt 0.57476550 0.68228865
vt 0.60102302 0.67447942
vt 0.46827084 0.86297208
vt 0.02846169 0.85540587
vt 0.44816792 0.82601374
vt 0.46898225 0.84325451
vt 0.02944057 0.83552998
vt 0.47366527 0.82000577
vt 0.02955807 0.81168956
vt 0.47803083 0.80010843
vt 0.03034837 0.79156607
vt 0.21096238 0.36602026
vt 0.44694793 0.38955957
vt 0.21209207 0.41146243
vt 0.44254777 0.43465829
vt 0.21105561 0.44594634
vt 0.44147775 0.46910799
vt 0.20804708 0.47429574
vt 0.83389086 0.32084143
vt 0.44841194 0.49675763
vt 0.89175379 0.90726018
vt 0.84768099 0.30734688
vt 0.91102767 0.90770900
vt 0.87059015 0.29517770
vt 0.93676662 0.90401852
vt 0.89861292 0.29103398
vt 0.59734970 0.00772738
vt 0.96510589 0.90539992
vt 0.92491269 0.29607445
vt 0.62415606 0.00790471
vt 0.94609988 0.30966103
vt 0.64876294 0.01301080
vt 0.06807847 0.82179415
vt 0.34448242 0.76338726
vt 0.06864706 0.86373496
vt 0.34318727 0.80528373
vt 0.06856824 0.88300472
vt 0.95746529 0.31862831
vt 0.33934942 0.82435697
vt 0.66264796 0.00834322
vt 0.24148481 0.33582401
vt 0.57117492 0.64285672
vt 0.59418279 0.63740253
vt 0.20770229 0.33664143
vt 0.44876075 0.36015892
vt 0.58607107 0.59684765
vt 0.23653018 0.29289973
vt 0.56497526 0.59990805
vt 0.20264815 0.29282355
vt 0.45094714 0.31612533
vt 0.23576833 0.25178123
vt 0.56014287 0.55910480
vt 0.20169184 0.25064182
vt 0.45256537 0.27396017
vt 0.57085276 0.51290399
vt 0.23981030 0.20849776
vt 0.55259991 0.51641607
vt 0.20457016 0.20796949
vt 0.45515978 0.23124856
vt 0.24671610 0.16501236
vt 0.54325300 0.47334540
vt 0.20961668 0.16547960
vt 0.45870307 0.18863332
vt 0.24953170 0.13279426
vt 0.53376424 0.44218147
vt 0.21386373 0.13900244
vt 0.46202326 0.16211653
vt 0.24975142 0.11927783
vt 0.53469783 0.42842847
vt 0.21475492 0.12216115
vt 0.46166721 0.14531767
vt 0.24966332 0.10716534
vt 0.54303700 0.41939640
vt 0.21635807 0.11054260
vt 0.45539847 0.13531935
vt 0.44373873 0.13286304
vt 0.16722237 0.11051106
vt 0.21580406 0.09862357
vt 0.47823995 0.75602376
vt 0.04087261 0.74852973
vt 0.07534034 0.75100052
vt 0.34382224 0.69221294
vt 0.08265938 0.71006280
vt 0.34418008 0.65067095
vt 0.48290455 0.71585464
vt 0.04739146 0.70840293
vt 0.08711512 0.66834980
vt 0.34510985 0.60878968
vt 0.48714048 0.67501843
vt 0.05220652 0.66743535
vt 0.46486214 0.67137069
vt 0.08591517 0.62488633
vt 0.34459096 0.56535578
vt 0.49217287 0.63172358
vt 0.05009769 0.62371284
vt 0.08237366 0.57967484
vt 0.34436178 0.52002817
vt 0.50054342 0.58590192
vt 0.04685538 0.57723558
vt 0.47493589 0.58181751
vt 0.07859511 0.55449873
vt 0.34253299 0.49469239
vt 0.50567484 0.56200778
vt 0.04495772 0.55296159
vt 0.47852531 0.55036360
vt 0.50759494 0.54630166
vt 0.04523116 0.53727823
vt 0.08003801 0.53899127
vt 0.34432656 0.47919571
vt 0.48078281 0.53092653
vt 0.04928995 0.50347966
vt 0.31317428 0.09580141
vt 0.50374991 0.53611380
vt 0.04882179 0.52697146
vt 0.07875047 0.52891064
vt 0.34781569 0.46964777
vt 0.36548346 0.76274788
vt 0.36552015 0.80239713
vt 0.62459540 0.57759964
vt 0.68878263 0.07457674
vt 0.63940650 0.59914738
vt 0.66265249 0.07381481
vt 0.65150732 0.60991096
vt 0.64654648 0.07564813
vt 0.41837484 0.49060893
vt 0.86158466 0.90161496
vt 0.42764422 0.35698175
vt 0.43069455 0.31522715
vt 0.43367255 0.27319753
vt 0.43671769 0.23052788
vt 0.43980938 0.18677676
vt 0.44197264 0.15640819
vt 0.76071757 0.63631302
vt 0.88890630 0.96817893
vt 0.74155188 0.63969475
vt 0.90836096 0.96928042
vt 0.71955276 0.63981569
vt 0.93035328 0.97048444
vt 0.69795674 0.63541728
vt 0.59348655 0.07684994
vt 0.95222318 0.97342211
vt 0.67184484 0.62279665
vt 0.62251276 0.07702494
vt 0.73048532 0.51869881
vt 0.13580689 0.89423323
vt 0.77387613 0.13252860
vt 0.75292194 0.43839335
vt 0.64276105 0.67815667
vt 0.84330118 0.76939839
vt 0.80229121 0.29223704
vt 0.57405859 0.78130674
vt 0.40497690 0.88843232
vt 0.80028498 0.19187701
vt 0.72159433 0.64209884
vt 0.76260054 0.75521773
vt 0.49417385 0.77737105
vt 0.87848341 0.25147879
vt 0.32132867 0.87346655
vt 0.88428593 0.15981030
vt 0.85273677 0.08739644
vt 0.05106783 0.89137548
vt 0.66702777 0.66011184
vt 0.81493378 0.76418138
vt 0.80015343 0.10756588
vt 0.10313204 0.89122856
vt 0.37189990 0.88107783
vt 0.83159089 0.17134106
vt 0.54511106 0.77570480
vt 0.82649308 0.27115011
vt 0.74652821 0.64223737
vt 0.73954332 0.75658810
vt 0.87497365 0.08564192
vt 0.03071879 0.89479977
vt 0.30066592 0.87787473
vt 0.90639287 0.16126275
vt 0.56747276 0.89583546
vt 0.90030801 0.25052482
vt 0.16198203 0.77508157
vt 0.06844830 0.38428169
vt 0.18502308 0.77168828
vt 0.10358426 0.39392132
vt 0.34629688 0.35445249
vt 0.38881421 0.35726285
vt 0.28224686 0.74678087
vt 0.13789918 0.77814502
vt 0.31539273 0.73721892
vt 0.45321685 0.77731109
vt 0.42836136 0.77301967
vt 0.30808789 0.35880387
vt 0.36551550 0.72108805
vt 0.07171921 0.77959830
vt 0.34441757 0.72104138
vt 0.47739774 0.77937084
vt 0.03617167 0.77225536
vt 0.59715444 0.66094226
vt 0.24471426 0.35530335
vt 0.57477677 0.66249114
vt 0.42536274 0.38874161
vt 0.40439832 0.38724452
vt 0.18011379 0.38132137
vt 0.62215841 0.65342391
vt 0.14507899 0.37146753
vt 0.00983579 0.39480412
vt 0.91786253 0.65883487
vt 0.89465886 0.65318078
vt 0.24410434 0.73774850
vt 0.86992681 0.64868325
vt 0.94804388 0.64962637
vt 0.04483260 0.40641439
vt 0.06375246 0.39316738
vt 0.18908715 0.78032804
vt 0.42495862 0.78170484
vt 0.31290886 0.36748552
vt 0.45045406 0.79123926
vt 0.47797251 0.78679425
vt 0.03177330 0.77914423
vt 0.62621707 0.66246814
vt 0.14032391 0.38039529
vt 0.24902751 0.36476588
vt 0.57516676 0.67272192
vt 0.00510243 0.40549505
vt 0.91740942 0.67045832
vt 0.24994627 0.74687356
vt 0.86768895 0.65899658
vt 0.13773647 0.78628093
vt 0.31902125 0.74513447
vt 0.43428752 0.77823591
vt 0.47208801 0.78271580
vt 0.61650091 0.66077739
vt 0.58414918 0.66725755
vt 0.87780833 0.65617490
vt 0.90847516 0.66090578
vt 0.14689665 0.78222227
vt 0.17925794 0.77731353
f 18/18 85/85 1022/1022
f 18/18 1022/1022 17/17
f 865/865 3/3 134/134
f 3/3 5/5 134/134
f 5/5 7/7 134/134
f 7/7 9/9 134/134
f 9/9 11/11 134/134
f 11/11 13/13 134/134
f 13/13 15/15 134/134
f 15/15 1/1 134/134
f 4/4 864/864 890/890
f 4/4 890/890 25/25
f 6/6 4/4 25/25
f 6/6 25/25 26/26
f 8/8 6/6 26/26
f 8/8 26/26 27/27
f 10/10 8/8 27/27
f 10/10 27/27 28/28
f 12/12 10/10 28/28
f 12/12 28/28 29/29
f 14/14 12/12 29/29
f 14/14 29/29 30/30
f 14/14 30/30 31/31
f 14/14 31/31 16/16
f 2/2 16/16 31/31
f 2/2 31/31 24/24
f 1019/1019 1018/1018 62/62
f 1019/1019 62/62 65/65
f 65/65 62/62 61/61
f 65/65 61/61 67/67
f 67/67 61/61 60/60
f 67/67 60/60 69/69
f 69/69 60/60 59/59
f 69/69 59/59 71/71
f 71/71 59/59 58/58
f 71/71 58/58 73/73
f 73/73 58/58 57/57
f 73/73 57/57 75/75
f 75/75 57/57 56/56
f 75/75 56/56 77/77
f 77/77 56/56 135/135
f 77/77 135/135 136/136
f 25/25 890/890 935/935
f 25/25 935/935 64/64
f 26/26 25/25 64/64
f 26/26 64/64 66/66
f 27/27 26/26 66/66
f 27/27 66/66 68/68
f 28/28 27/27 68/68
f 28/28 68/68 70/70
f 29/29 28/28 70/70
f 29/29 70/70 72/72
f 30/30 29/29 72/72
f 30/30 72/72 74/74
f 31/31 30/30 74/74
f 31/31 74/74 76/76
f 24/24 31/31 76/76
f 24/24 76/76 63/63
f 1021/1021 84/84 55/55
f 1021/1021 55/55 908/908
f 84/84 83/83 53/53
f 84/84 53/53 55/55
f 83/83 82/82 51/51
f 83/83 51/51 53/53
f 82/82 81/81 49/49
f 82/82 49/49 51/51
f 81/81 80/80 47/47
f 81/81 47/47 49/49
f 80/80 79/79 45/45
f 80/80 45/45 47/47
f 79/79 78/78 43/43
f 79/79 43/43 45/45
f 78/78 137/137 41/41
f 78/78 41/41 43/43
f 909/909 54/54 62/62
f 909/909 62/62 1018/1018
f 54/54 52/52 61/61
f 54/54 61/61 62/62
f 52/52 50/50 60/60
f 52/52 60/60 61/61
f 50/50 48/48 59/59
f 50/50 59/59 60/60
f 48/48 46/46 58/58
f 48/48 58/58 59/59
f 46/46 44/44 57/57
f 46/46 57/57 58/58
f 44/44 42/42 56/56
f 44/44 56/56 57/57
f 42/42 40/40 135/135
f 42/42 135/135 56/56
f 1019/1019 65/65 64/64
f 1019/1019 64/64 935/935
f 65/65 67/67 66/66
f 65/65 66/66 64/64
f 67/67 69/69 68/68
f 67/67 68/68 66/66
f 69/69 71/71 70/70
f 69/69 70/70 68/68
f 71/71 73/73 72/72
f 71/71 72/72 70/70
f 73/73 75/75 74/74
f 73/73 74/74 72/72
f 77/77 76/76 74/74
f 77/77 74/74 75/75
f 77/77 136/136 63/63
f 77/77 63/63 76/76
f 899/899 39/39 84/84
f 899/899 84/84 1021/1021
f 39/39 38/38 83/83
f 39/39 83/83 84/84
f 38/38 37/37 82/82
f 38/38 82/82 83/83
f 37/37 36/36 81/81
f 37/37 81/81 82/82
f 36/36 35/35 80/80
f 36/36 80/80 81/81
f 35/35 34/34 79/79
f 35/35 79/79 80/80
f 34/34 33/33 78/78
f 34/34 78/78 79/79
f 33/33 32/32 137/137
f 33/33 137/137 78/78
f 85/85 39/39 899/899
f 85/85 899/899 1022/1022
f 86/86 38/38 39/39
f 86/86 39/39 85/85
f 37/37 38/38 86/86
f 37/37 86/86 98/98
f 36/36 37/37 98/98
f 36/36 98/98 121/121
f 35/35 36/36 121/121
f 35/35 121/121 126/126
f 34/34 35/35 126/126
f 34/34 126/126 129/129
f 33/33 34/34 129/129
f 33/33 129/129 114/114
f 32/32 33/33 114/114
f 32/32 114/114 138/138
f 87/87 139/139 85/85
f 87/87 85/85 18/18
f 21/21 86/86 91/91
f 93/93 86/86 21/21
f 95/95 98/98 86/86
f 95/95 86/86 93/93
f 23/23 98/98 95/95
f 100/100 121/121 1202/1202
f 97/97 98/98 131/131
f 102/102 126/126 121/121
f 102/102 121/121 1186/1186
f 104/104 126/126 123/123
f 129/129 126/126 125/125
f 129/129 125/125 106/106
f 108/108 129/129 1194/1194
f 110/110 114/114 129/129
f 110/110 129/129 128/128
f 113/113 114/114 1180/1180
f 129/129 106/106 116/116
f 121/121 133/133 118/118
f 121/121 100/100 120/120
f 126/126 102/102 123/123
f 126/126 104/104 125/125
f 129/129 108/108 128/128
f 98/98 23/23 131/131
f 98/98 97/97 133/133
f 98/98 133/133 121/121
f 138/138 114/114 113/113
f 138/138 113/113 297/297
f 91/91 86/86 85/85
f 91/91 85/85 139/139
f 142/142 297/297 113/113
f 144/144 147/147 297/297
f 144/144 297/297 142/142
f 146/146 147/147 144/144
f 436/436 147/147 146/146
f 436/436 146/146 149/149
f 1238/1238 1262/1262 1255/1255
f 150/150 18/18 17/17
f 152/152 153/153 150/150
f 152/152 150/150 17/17
f 155/155 153/153 152/152
f 1033/1033 157/157 155/155
f 1033/1033 155/155 152/152
f 157/157 1260/1260 1248/1248
f 162/162 160/160 148/148
f 162/162 148/148 145/145
f 148/148 160/160 1254/1254
f 145/145 143/143 162/162
f 143/143 141/141 164/164
f 143/143 164/164 162/162
f 141/141 111/111 167/167
f 141/141 167/167 164/164
f 112/112 1179/1179 168/168
f 109/109 127/127 170/170
f 109/109 170/170 168/168
f 127/127 107/107 170/170
f 107/107 1193/1193 170/170
f 115/115 105/105 170/170
f 105/105 124/124 172/172
f 105/105 172/172 170/170
f 124/124 103/103 172/172
f 103/103 122/122 172/172
f 122/122 101/101 172/172
f 101/101 1185/1185 174/174
f 101/101 174/174 172/172
f 119/119 99/99 174/174
f 99/99 1201/1201 174/174
f 117/117 132/132 174/174
f 174/174 132/132 96/96
f 174/174 96/96 176/176
f 96/96 130/130 176/176
f 130/130 22/22 176/176
f 22/22 94/94 176/176
f 94/94 92/92 178/178
f 94/94 178/178 176/176
f 92/92 20/20 178/178
f 20/20 90/90 178/178
f 90/90 140/140 186/186
f 90/90 186/186 178/178
f 158/158 1249/1249 1231/1231
f 180/180 156/156 158/158
f 180/180 158/158 1231/1231
f 154/154 156/156 180/180
f 182/182 151/151 154/154
f 182/182 154/154 180/180
f 19/19 151/151 182/182
f 185/185 88/88 19/19
f 185/185 19/19 182/182
f 186/186 140/140 89/89
f 503/503 1236/1236 1238/1238
f 503/503 1238/1238 188/188
f 187/187 1237/1237 160/160
f 187/187 160/160 190/190
f 503/503 188/188 192/192
f 503/503 192/192 512/512
f 187/187 190/190 194/194
f 187/187 194/194 191/191
f 512/512 192/192 196/196
f 512/512 196/196 517/517
f 191/191 194/194 198/198
f 191/191 198/198 195/195
f 517/517 196/196 200/200
f 517/517 200/200 522/522
f 195/195 198/198 202/202
f 195/195 202/202 199/199
f 522/522 200/200 205/205
f 522/522 205/205 203/203
f 199/199 202/202 207/207
f 199/199 207/207 204/204
f 203/203 205/205 209/209
f 203/203 209/209 212/212
f 204/204 207/207 211/211
f 204/204 211/211 208/208
f 209/209 214/214 212/212
f 208/208 211/211 216/216
f 208/208 216/216 213/213
f 221/221 212/212 214/214
f 221/221 214/214 218/218
f 213/213 216/216 223/223
f 213/213 223/223 217/217
f 539/539 220/220 217/217
f 539/539 217/217 223/223
f 1074/1074 224/224 1232/1232
f 1074/1074 1232/1232 1226/1226
f 1231/1231 1233/1233 225/225
f 1231/1231 225/225 227/227
f 227/227 225/225 231/231
f 227/227 231/231 229/229
f 224/224 1074/1074 1077/1077
f 224/224 1077/1077 230/230
f 229/229 231/231 235/235
f 229/229 235/235 233/233
f 230/230 1077/1077 236/236
f 230/230 236/236 234/234
f 233/233 235/235 240/240
f 233/233 240/240 238/238
f 234/234 236/236 1086/1086
f 234/234 1086/1086 239/239
f 238/238 240/240 244/244
f 238/238 244/244 242/242
f 239/239 1086/1086 245/245
f 239/239 245/245 243/243
f 242/242 244/244 249/249
f 242/242 249/249 247/247
f 243/243 245/245 250/250
f 243/243 250/250 248/248
f 254/254 247/247 249/249
f 254/254 249/249 252/252
f 251/251 248/248 250/250
f 255/255 258/258 251/251
f 255/255 251/251 250/250
f 1108/1108 261/261 259/259
f 1108/1108 259/259 256/256
f 259/259 261/261 254/254
f 259/259 254/254 252/252
f 260/260 1107/1107 1163/1163
f 260/260 1163/1163 253/253
f 246/246 253/253 1163/1163
f 1162/1162 241/241 246/246
f 1162/1162 246/246 1163/1163
f 1161/1161 237/237 241/241
f 1161/1161 241/241 1162/1162
f 1160/1160 232/232 237/237
f 1160/1160 237/237 1161/1161
f 1159/1159 228/228 232/232
f 1159/1159 232/232 1160/1160
f 1158/1158 226/226 228/228
f 1158/1158 228/228 1159/1159
f 262/262 179/179 1230/1230
f 262/262 1230/1230 1229/1229
f 263/263 181/181 179/179
f 263/263 179/179 262/262
f 1156/1156 183/183 181/181
f 1156/1156 181/181 263/263
f 265/265 266/266 184/184
f 265/265 184/184 1157/1157
f 268/268 177/177 184/184
f 268/268 184/184 266/266
f 548/548 163/163 166/166
f 548/548 166/166 550/550
f 270/270 161/161 163/163
f 270/270 163/163 548/548
f 271/271 159/159 161/161
f 271/271 161/161 270/270
f 189/189 159/159 271/271
f 189/189 271/271 547/547
f 546/546 193/193 189/189
f 546/546 189/189 547/547
f 545/545 197/197 193/193
f 545/545 193/193 546/546
f 544/544 201/201 197/197
f 544/544 197/197 545/545
f 543/543 206/206 201/201
f 543/543 201/201 544/544
f 542/542 210/210 206/206
f 542/542 206/206 543/543
f 215/215 210/210 542/542
f 542/542 537/537 222/222
f 542/542 222/222 215/215
f 272/272 551/551 549/549
f 272/272 549/549 165/165
f 165/165 169/169 274/274
f 165/165 274/274 272/272
f 169/169 171/171 276/276
f 169/169 276/276 274/274
f 171/171 173/173 278/278
f 171/171 278/278 276/276
f 173/173 175/175 280/280
f 173/173 280/280 278/278
f 175/175 177/177 268/268
f 175/175 268/268 280/280
f 299/299 368/368 138/138
f 299/299 138/138 297/297
f 1/1 282/282 134/134
f 282/282 284/284 134/134
f 284/284 286/286 134/134
f 286/286 288/288 134/134
f 288/288 291/291 134/134
f 291/291 293/293 134/134
f 293/293 295/295 134/134
f 295/295 570/570 134/134
f 283/283 2/2 24/24
f 283/283 24/24 304/304
f 285/285 283/283 304/304
f 285/285 304/304 305/305
f 287/287 285/285 305/305
f 287/287 305/305 306/306
f 289/289 287/287 306/306
f 289/289 306/306 307/307
f 292/292 290/290 308/308
f 292/292 308/308 309/309
f 294/294 292/292 309/309
f 294/294 309/309 310/310
f 294/294 310/310 311/311
f 294/294 311/311 296/296
f 571/571 296/296 311/311
f 571/571 311/311 702/702
f 136/136 135/135 343/343
f 136/136 343/343 345/345
f 345/345 343/343 342/342
f 345/345 342/342 347/347
f 347/347 342/342 341/341
f 347/347 341/341 349/349
f 349/349 341/341 339/339
f 349/349 339/339 352/352
f 353/353 340/340 338/338
f 353/353 338/338 355/355
f 355/355 338/338 337/337
f 355/355 337/337 357/357
f 357/357 337/337 336/336
f 357/357 336/336 359/359
f 359/359 336/336 628/628
f 359/359 628/628 629/629
f 304/304 24/24 63/63
f 304/304 63/63 344/344
f 305/305 304/304 344/344
f 305/305 344/344 346/346
f 306/306 305/305 346/346
f 306/306 346/346 348/348
f 307/307 306/306 348/348
f 307/307 348/348 350/350
f 309/309 308/308 351/351
f 309/309 351/351 354/354
f 310/310 309/309 354/354
f 310/310 354/354 356/356
f 311/311 310/310 356/356
f 311/311 356/356 358/358
f 702/702 311/311 358/358
f 702/702 358/358 706/706
f 137/137 367/367 335/335
f 137/137 335/335 41/41
f 367/367 366/366 333/333
f 367/367 333/333 335/335
f 366/366 365/365 331/331
f 366/366 331/331 333/333
f 364/364 363/363 328/328
f 364/364 328/328 330/330
f 363/363 362/362 325/325
f 363/363 325/325 328/328
f 362/362 361/361 323/323
f 362/362 323/323 325/325
f 361/361 360/360 321/321
f 361/361 321/321 323/323
f 360/360 651/651 705/705
f 360/360 705/705 321/321
f 40/40 334/334 343/343
f 40/40 343/343 135/135
f 334/334 332/332 342/342
f 334/334 342/342 343/343
f 332/332 329/329 341/341
f 332/332 341/341 342/342
f 329/329 326/326 339/339
f 329/329 339/339 341/341
f 327/327 324/324 338/338
f 327/327 338/338 340/340
f 324/324 322/322 337/337
f 324/324 337/337 338/338
f 322/322 320/320 336/336
f 322/322 336/336 337/337
f 320/320 704/704 628/628
f 320/320 628/628 336/336
f 136/136 345/345 344/344
f 136/136 344/344 63/63
f 345/345 347/347 346/346
f 345/345 346/346 344/344
f 347/347 349/349 348/348
f 347/347 348/348 346/346
f 349/349 352/352 350/350
f 349/349 350/350 348/348
f 353/353 355/355 354/354
f 353/353 354/354 351/351
f 355/355 357/357 356/356
f 355/355 356/356 354/354
f 359/359 358/358 356/356
f 359/359 356/356 357/357
f 359/359 629/629 706/706
f 359/359 706/706 358/358
f 32/32 319/319 367/367
f 32/32 367/367 137/137
f 319/319 318/318 366/366
f 319/319 366/366 367/367
f 318/318 317/317 365/365
f 318/318 365/365 366/366
f 316/316 315/315 363/363
f 316/316 363/363 364/364
f 315/315 314/314 362/362
f 315/315 362/362 363/363
f 314/314 313/313 361/361
f 314/314 361/361 362/362
f 313/313 312/312 360/360
f 313/313 360/360 361/361
f 312/312 703/703 651/651
f 312/312 651/651 360/360
f 368/368 319/319 32/32
f 368/368 32/32 138/138
f 369/369 318/318 319/319
f 369/369 319/319 368/368
f 317/317 318/318 369/369
f 317/317 369/369 382/382
f 315/315 316/316 381/381
f 315/315 381/381 405/405
f 314/314 315/315 405/405
f 314/314 405/405 410/410
f 313/313 314/314 410/410
f 313/313 410/410 413/413
f 312/312 313/313 413/413
f 312/312 413/413 398/398
f 703/703 312/312 398/398
f 703/703 398/398 653/653
f 372/372 420/420 368/368
f 372/372 368/368 299/299
f 301/301 369/369 374/374
f 376/376 369/369 301/301
f 378/378 382/382 369/369
f 378/378 369/369 376/376
f 303/303 382/382 378/378
f 384/384 405/405 1204/1204
f 380/380 381/381 415/415
f 386/386 410/410 405/405
f 386/386 405/405 1192/1192
f 388/388 410/410 407/407
f 413/413 410/410 409/409
f 413/413 409/409 390/390
f 392/392 413/413 1196/1196
f 394/394 398/398 413/413
f 394/394 413/413 412/412
f 395/395 398/398 1176/1176
f 413/413 390/390 400/400
f 405/405 418/418 402/402
f 405/405 384/384 404/404
f 410/410 386/386 407/407
f 410/410 388/388 409/409
f 413/413 392/392 412/412
f 382/382 303/303 416/416
f 381/381 380/380 418/418
f 381/381 418/418 405/405
f 653/653 398/398 395/395
f 653/653 395/395 586/586
f 374/374 369/369 368/368
f 374/374 368/368 420/420
f 421/421 586/586 395/395
f 423/423 427/427 586/586
f 423/423 586/586 421/421
f 425/425 427/427 423/423
f 723/723 427/427 425/425
f 723/723 425/425 428/428
f 431/431 299/299 297/297
f 147/147 433/433 431/431
f 147/147 431/431 297/297
f 435/435 433/433 147/147
f 436/436 438/438 435/435
f 436/436 435/435 147/147
f 438/438 1263/1263 1253/1253
f 440/440 1215/1215 429/429
f 440/440 429/429 426/426
f 426/426 424/424 440/440
f 424/424 422/422 442/442
f 424/424 442/442 440/440
f 422/422 396/396 445/445
f 422/422 445/445 442/442
f 397/397 1177/1177 446/446
f 393/393 411/411 448/448
f 393/393 448/448 446/446
f 411/411 391/391 448/448
f 391/391 1195/1195 448/448
f 399/399 389/389 448/448
f 389/389 408/408 450/450
f 389/389 450/450 448/448
f 408/408 387/387 450/450
f 387/387 406/406 450/450
f 406/406 385/385 450/450
f 385/385 1191/1191 453/453
f 385/385 453/453 450/450
f 403/403 383/383 453/453
f 383/383 1203/1203 453/453
f 401/401 417/417 453/453
f 453/453 417/417 379/379
f 453/453 379/379 455/455
f 379/379 414/414 455/455
f 414/414 302/302 455/455
f 302/302 377/377 455/455
f 377/377 375/375 457/457
f 377/377 457/457 455/455
f 375/375 300/300 457/457
f 300/300 373/373 457/457
f 373/373 419/419 465/465
f 373/373 465/465 457/457
f 437/437 1252/1252 1240/1240
f 459/459 434/434 437/437
f 459/459 437/437 1240/1240
f 432/432 434/434 459/459
f 461/461 430/430 432/432
f 461/461 432/432 459/459
f 298/298 430/430 461/461
f 464/464 370/370 298/298
f 464/464 298/298 461/461
f 465/465 419/419 371/371
f 792/792 1209/1209 1216/1216
f 792/792 1216/1216 466/466
f 467/467 1217/1217 1215/1215
f 467/467 1215/1215 469/469
f 792/792 466/466 470/470
f 792/792 470/470 801/801
f 467/467 469/469 473/473
f 467/467 473/473 471/471
f 801/801 470/470 474/474
f 801/801 474/474 806/806
f 471/471 473/473 477/477
f 471/471 477/477 475/475
f 806/806 474/474 478/478
f 806/806 478/478 811/811
f 475/475 477/477 481/481
f 475/475 481/481 479/479
f 811/811 478/478 483/483
f 811/811 483/483 482/482
f 479/479 481/481 486/486
f 479/479 486/486 484/484
f 482/482 483/483 487/487
f 482/482 487/487 491/491
f 484/484 486/486 490/490
f 484/484 490/490 488/488
f 487/487 492/492 491/491
f 488/488 490/490 495/495
f 488/488 495/495 493/493
f 500/500 491/491 492/492
f 500/500 492/492 496/496
f 493/493 495/495 502/502
f 493/493 502/502 497/497
f 827/827 499/499 497/497
f 827/827 497/497 502/502
f 503/503 505/505 1235/1235
f 503/503 1235/1235 1236/1236
f 1240/1240 1234/1234 504/504
f 1240/1240 504/504 507/507
f 507/507 504/504 510/510
f 507/507 510/510 509/509
f 505/505 503/503 512/512
f 505/505 512/512 511/511
f 509/509 510/510 515/515
f 509/509 515/515 514/514
f 511/511 512/512 517/517
f 511/511 517/517 516/516
f 514/514 515/515 520/520
f 514/514 520/520 519/519
f 516/516 517/517 522/522
f 516/516 522/522 521/521
f 519/519 520/520 525/525
f 519/519 525/525 524/524
f 521/521 522/522 203/203
f 521/521 203/203 526/526
f 524/524 525/525 529/529
f 524/524 529/529 528/528
f 526/526 203/203 212/212
f 526/526 212/212 530/530
f 534/534 528/528 529/529
f 534/534 529/529 531/531
f 532/532 530/530 212/212
f 221/221 536/536 532/532
f 221/221 532/532 212/212
f 538/538 541/541 535/535
f 538/538 535/535 219/219
f 535/535 541/541 534/534
f 535/535 534/534 531/531
f 540/540 537/537 542/542
f 540/540 542/542 533/533
f 527/527 533/533 542/542
f 543/543 523/523 527/527
f 543/543 527/527 542/542
f 544/544 518/518 523/523
f 544/544 523/523 543/543
f 545/545 513/513 518/518
f 545/545 518/518 544/544
f 546/546 508/508 513/513
f 546/546 513/513 545/545
f 547/547 506/506 508/508
f 547/547 508/508 546/546
f 270/270 458/458 1239/1239
f 270/270 1239/1239 271/271
f 548/548 460/460 458/458
f 548/548 458/458 270/270
f 550/550 463/463 460/460
f 550/550 460/460 548/548
f 551/551 553/553 462/462
f 551/551 462/462 549/549
f 555/555 456/456 462/462
f 555/555 462/462 553/553
f 837/837 441/441 443/443
f 837/837 443/443 838/838
f 557/557 439/439 441/441
f 557/557 441/441 837/837
f 558/558 1214/1214 439/439
f 558/558 439/439 557/557
f 468/468 1214/1214 558/558
f 468/468 558/558 836/836
f 835/835 472/472 468/468
f 835/835 468/468 836/836
f 834/834 476/476 472/472
f 834/834 472/472 835/835
f 833/833 480/480 476/476
f 833/833 476/476 834/834
f 832/832 485/485 480/480
f 832/832 480/480 833/833
f 831/831 489/489 485/485
f 831/831 485/485 832/832
f 494/494 489/489 831/831
f 831/831 828/828 501/501
f 831/831 501/501 494/494
f 559/559 840/840 839/839
f 559/559 839/839 444/444
f 444/444 447/447 561/561
f 444/444 561/561 559/559
f 447/447 449/449 563/563
f 447/447 563/563 561/561
f 449/449 452/452 566/566
f 449/449 566/566 563/563
f 451/451 454/454 568/568
f 451/451 568/568 565/565
f 454/454 456/456 555/555
f 454/454 555/555 568/568
f 588/588 652/652 653/653
f 588/588 653/653 586/586
f 570/570 573/573 134/134
f 573/573 575/575 134/134
f 575/575 577/577 134/134
f 577/577 579/579 134/134
f 579/579 581/581 134/134
f 581/581 583/583 134/134
f 583/583 585/585 134/134
f 585/585 867/867 134/134
f 572/572 571/571 702/702
f 572/572 702/702 593/593
f 574/574 572/572 593/593
f 574/574 593/593 594/594
f 576/576 574/574 594/594
f 576/576 594/594 595/595
f 578/578 576/576 595/595
f 578/578 595/595 596/596
f 580/580 578/578 596/596
f 580/580 596/596 597/597
f 582/582 580/580 597/597
f 582/582 597/597 598/598
f 582/582 598/598 599/599
f 582/582 599/599 584/584
f 866/866 584/584 599/599
f 866/866 599/599 1014/1014
f 629/629 628/628 627/627
f 629/629 627/627 631/631
f 631/631 627/627 626/626
f 631/631 626/626 633/633
f 633/633 626/626 625/625
f 633/633 625/625 635/635
f 635/635 625/625 624/624
f 635/635 624/624 637/637
f 637/637 624/624 623/623
f 637/637 623/623 639/639
f 639/639 623/623 622/622
f 639/639 622/622 641/641
f 641/641 622/622 621/621
f 641/641 621/621 643/643
f 643/643 621/621 934/934
f 643/643 934/934 936/936
f 593/593 702/702 706/706
f 593/593 706/706 630/630
f 594/594 593/593 630/630
f 594/594 630/630 632/632
f 595/595 594/594 632/632
f 595/595 632/632 634/634
f 596/596 595/595 634/634
f 596/596 634/634 636/636
f 597/597 596/596 636/636
f 597/597 636/636 638/638
f 598/598 597/597 638/638
f 598/598 638/638 640/640
f 599/599 598/598 640/640
f 599/599 640/640 642/642
f 1014/1014 599/599 642/642
f 1014/1014 642/642 1020/1020
f 651/651 650/650 619/619
f 651/651 619/619 705/705
f 650/650 649/649 617/617
f 650/650 617/617 619/619
f 649/649 648/648 615/615
f 649/649 615/615 617/617
f 648/648 647/647 613/613
f 648/648 613/613 615/615
f 647/647 646/646 611/611
f 647/647 611/611 613/613
f 646/646 645/645 609/609
f 646/646 609/609 611/611
f 645/645 644/644 607/607
f 645/645 607/607 609/609
f 644/644 961/961 1016/1016
f 644/644 1016/1016 607/607
f 704/704 620/620 627/627
f 704/704 627/627 628/628
f 620/620 618/618 626/626
f 620/620 626/626 627/627
f 618/618 616/616 625/625
f 618/618 625/625 626/626
f 616/616 614/614 624/624
f 616/616 624/624 625/625
f 614/614 612/612 623/623
f 614/614 623/623 624/624
f 612/612 610/610 622/622
f 612/612 622/622 623/623
f 610/610 608/608 621/621
f 610/610 621/621 622/622
f 608/608 1017/1017 934/934
f 608/608 934/934 621/621
f 629/629 631/631 630/630
f 629/629 630/630 706/706
f 631/631 633/633 632/632
f 631/631 632/632 630/630
f 633/633 635/635 634/634
f 633/633 634/634 632/632
f 635/635 637/637 636/636
f 635/635 636/636 634/634
f 637/637 639/639 638/638
f 637/637 638/638 636/636
f 639/639 641/641 640/640
f 639/639 640/640 638/638
f 643/643 642/642 640/640
f 643/643 640/640 641/641
f 643/643 936/936 1020/1020
f 643/643 1020/1020 642/642
f 703/703 606/606 650/650
f 703/703 650/650 651/651
f 606/606 605/605 649/649
f 606/606 649/649 650/650
f 605/605 604/604 648/648
f 605/605 648/648 649/649
f 604/604 603/603 647/647
f 604/604 647/647 648/648
f 603/603 602/602 646/646
f 603/603 646/646 647/647
f 602/602 601/601 645/645
f 602/602 645/645 646/646
f 601/601 600/600 644/644
f 601/601 644/644 645/645
f 600/600 1015/1015 961/961
f 600/600 961/961 644/644
f 652/652 606/606 703/703
f 652/652 703/703 653/653
f 654/654 605/605 606/606
f 654/654 606/606 652/652
f 604/604 605/605 654/654
f 604/604 654/654 666/666
f 603/603 604/604 666/666
f 603/603 666/666 689/689
f 602/602 603/603 689/689
f 602/602 689/689 694/694
f 601/601 602/602 694/694
f 601/601 694/694 697/697
f 600/600 601/601 697/697
f 600/600 697/697 682/682
f 1015/1015 600/600 682/682
f 1015/1015 682/682 963/963
f 657/657 708/708 652/652
f 657/657 652/652 588/588
f 589/589 654/654 658/658
f 660/660 654/654 589/589
f 662/662 666/666 654/654
f 662/662 654/654 660/660
f 591/591 666/666 662/662
f 667/667 689/689 1205/1205
f 664/664 666/666 698/698
f 669/669 694/694 689/689
f 669/669 689/689 1189/1189
f 671/671 694/694 690/690
f 697/697 694/694 692/692
f 697/697 692/692 673/673
f 675/675 697/697 1197/1197
f 677/677 682/682 697/697
f 677/677 697/697 695/695
f 679/679 682/682 1183/1183
f 697/697 673/673 683/683
f 689/689 700/700 685/685
f 689/689 667/667 687/687
f 694/694 669/669 690/690
f 694/694 671/671 692/692
f 697/697 675/675 695/695
f 666/666 591/591 698/698
f 666/666 664/664 700/700
f 666/666 700/700 689/689
f 963/963 682/682 679/679
f 963/963 679/679 883/883
f 658/658 654/654 652/652
f 658/658 652/652 708/708
f 709/709 883/883 679/679
f 711/711 1036/1036 883/883
f 711/711 883/883 709/709
f 713/713 1036/1036 711/711
f 1245/1245 1036/1036 713/713
f 1245/1245 713/713 715/715
f 1219/1219 1258/1258 1243/1243
f 718/718 588/588 586/586
f 427/427 720/720 718/718
f 427/427 718/718 586/586
f 722/722 720/720 427/427
f 723/723 725/725 722/722
f 723/723 722/722 427/427
f 725/725 1265/1265 1242/1242
f 728/728 726/726 716/716
f 728/728 716/716 714/714
f 716/716 726/726 1244/1244
f 714/714 712/712 728/728
f 712/712 710/710 730/730
f 712/712 730/730 728/728
f 710/710 680/680 732/732
f 710/710 732/732 730/730
f 681/681 1184/1184 733/733
f 678/678 696/696 736/736
f 678/678 736/736 733/733
f 696/696 676/676 736/736
f 676/676 1198/1198 736/736
f 684/684 674/674 736/736
f 674/674 693/693 738/738
f 674/674 738/738 736/736
f 693/693 672/672 738/738
f 672/672 691/691 738/738
f 691/691 670/670 738/738
f 670/670 1190/1190 740/740
f 670/670 740/740 738/738
f 688/688 668/668 740/740
f 668/668 1206/1206 740/740
f 686/686 701/701 740/740
f 740/740 701/701 665/665
f 740/740 665/665 742/742
f 665/665 699/699 742/742
f 699/699 592/592 742/742
f 592/592 663/663 742/742
f 663/663 661/661 744/744
f 663/663 744/744 742/742
f 661/661 590/590 744/744
f 590/590 659/659 744/744
f 659/659 707/707 751/751
f 659/659 751/751 744/744
f 724/724 1241/1241 1212/1212
f 746/746 721/721 724/724
f 746/746 724/724 1212/1212
f 719/719 721/721 746/746
f 748/748 717/717 719/719
f 748/748 719/719 746/746
f 587/587 717/717 748/748
f 750/750 655/655 587/587
f 750/750 587/587 748/748
f 751/751 707/707 656/656
f 756/756 1218/1218 1219/1219
f 756/756 1219/1219 754/754
f 755/755 1220/1220 726/726
f 755/755 726/726 757/757
f 756/756 754/754 760/760
f 756/756 760/760 759/759
f 755/755 757/757 762/762
f 755/755 762/762 761/761
f 759/759 760/760 764/764
f 759/759 764/764 1122/1122
f 761/761 762/762 766/766
f 761/761 766/766 765/765
f 1122/1122 764/764 769/769
f 1122/1122 769/769 768/768
f 765/765 766/766 771/771
f 765/765 771/771 770/770
f 768/768 769/769 773/773
f 768/768 773/773 1131/1131
f 770/770 771/771 775/775
f 770/770 775/775 774/774
f 1131/1131 773/773 777/777
f 1131/1131 777/777 1136/1136
f 774/774 775/775 779/779
f 774/774 779/779 778/778
f 777/777 781/781 1136/1136
f 778/778 779/779 783/783
f 778/778 783/783 782/782
f 1141/1141 1136/1136 781/781
f 1141/1141 781/781 785/785
f 782/782 783/783 787/787
f 782/782 787/787 786/786
f 790/790 1143/1143 786/786
f 790/790 786/786 787/787
f 792/792 794/794 1211/1211
f 792/792 1211/1211 1209/1209
f 1212/1212 1210/1210 793/793
f 1212/1212 793/793 795/795
f 795/795 793/793 799/799
f 795/795 799/799 797/797
f 794/794 792/792 801/801
f 794/794 801/801 800/800
f 797/797 799/799 804/804
f 797/797 804/804 802/802
f 800/800 801/801 806/806
f 800/800 806/806 805/805
f 802/802 804/804 809/809
f 802/802 809/809 807/807
f 805/805 806/806 811/811
f 805/805 811/811 810/810
f 807/807 809/809 814/814
f 807/807 814/814 812/812
f 810/810 811/811 482/482
f 810/810 482/482 815/815
f 812/812 814/814 818/818
f 812/812 818/818 816/816
f 815/815 482/482 491/491
f 815/815 491/491 819/819
f 822/822 816/816 818/818
f 822/822 818/818 820/820
f 821/821 819/819 491/491
f 500/500 825/825 821/821
f 500/500 821/821 491/491
f 826/826 829/829 824/824
f 826/826 824/824 498/498
f 824/824 829/829 822/822
f 824/824 822/822 820/820
f 830/830 828/828 831/831
f 830/830 831/831 823/823
f 817/817 823/823 831/831
f 832/832 813/813 817/817
f 832/832 817/817 831/831
f 833/833 808/808 813/813
f 833/833 813/813 832/832
f 834/834 803/803 808/808
f 834/834 808/808 833/833
f 835/835 798/798 803/803
f 835/835 803/803 834/834
f 836/836 796/796 798/798
f 836/836 798/798 835/835
f 557/557 747/747 1213/1213
f 557/557 1213/1213 558/558
f 837/837 749/749 747/747
f 837/837 747/747 557/557
f 838/838 752/752 749/749
f 838/838 749/749 837/837
f 840/840 843/843 753/753
f 840/840 753/753 839/839
f 845/845 745/745 753/753
f 845/845 753/753 843/843
f 1149/1149 731/731 734/734
f 1149/1149 734/734 846/846
f 1148/1148 729/729 731/731
f 1148/1148 731/731 1149/1149
f 1221/1221 727/727 729/729
f 1221/1221 729/729 1148/1148
f 758/758 727/727 1221/1221
f 758/758 1221/1221 848/848
f 849/849 763/763 758/758
f 849/849 758/758 848/848
f 850/850 767/767 763/763
f 850/850 763/763 849/849
f 851/851 772/772 767/767
f 851/851 767/767 850/850
f 852/852 776/776 772/772
f 852/852 772/772 851/851
f 853/853 780/780 776/776
f 853/853 776/776 852/852
f 784/784 780/780 853/853
f 853/853 791/791 788/788
f 853/853 788/788 784/784
f 855/855 1151/1151 847/847
f 855/855 847/847 735/735
f 735/735 737/737 857/857
f 735/735 857/857 855/855
f 737/737 739/739 859/859
f 737/737 859/859 857/857
f 739/739 741/741 861/861
f 739/739 861/861 859/859
f 741/741 743/743 863/863
f 741/741 863/863 861/861
f 743/743 745/745 845/845
f 743/743 845/845 863/863
f 884/884 962/962 963/963
f 884/884 963/963 883/883
f 867/867 869/869 134/134
f 869/869 871/871 134/134
f 871/871 873/873 134/134
f 873/873 876/876 134/134
f 876/876 878/878 134/134
f 878/878 880/880 134/134
f 880/880 882/882 134/134
f 882/882 865/865 134/134
f 868/868 866/866 1014/1014
f 868/868 1014/1014 891/891
f 870/870 868/868 891/891
f 870/870 891/891 892/892
f 872/872 870/870 892/892
f 872/872 892/892 893/893
f 874/874 872/872 893/893
f 874/874 893/893 894/894
f 877/877 875/875 895/895
f 877/877 895/895 896/896
f 879/879 877/877 896/896
f 879/879 896/896 897/897
f 879/879 897/897 898/898
f 879/879 898/898 881/881
f 864/864 881/881 898/898
f 864/864 898/898 890/890
f 936/936 934/934 933/933
f 936/936 933/933 938/938
f 938/938 933/933 932/932
f 938/938 932/932 940/940
f 940/940 932/932 931/931
f 940/940 931/931 942/942
f 942/942 931/931 929/929
f 942/942 929/929 945/945
f 946/946 930/930 928/928
f 946/946 928/928 948/948
f 948/948 928/928 927/927
f 948/948 927/927 950/950
f 950/950 927/927 926/926
f 950/950 926/926 952/952
f 952/952 926/926 1018/1018
f 952/952 1018/1018 1019/1019
f 891/891 1014/1014 1020/1020
f 891/891 1020/1020 937/937
f 892/892 891/891 937/937
f 892/892 937/937 939/939
f 893/893 892/892 939/939
f 893/893 939/939 941/941
f 894/894 893/893 941/941
f 894/894 941/941 943/943
f 896/896 895/895 944/944
f 896/896 944/944 947/947
f 897/897 896/896 947/947
f 897/897 947/947 949/949
f 898/898 897/897 949/949
f 898/898 949/949 951/951
f 890/890 898/898 951/951
f 890/890 951/951 935/935
f 961/961 960/960 924/924
f 961/961 924/924 1016/1016
f 960/960 959/959 922/922
f 960/960 922/922 924/924
f 959/959 958/958 920/920
f 959/959 920/920 922/922
f 958/958 957/957 917/917
f 958/958 917/917 920/920
f 956/956 955/955 914/914
f 956/956 914/914 916/916
f 955/955 954/954 912/912
f 955/955 912/912 914/914
f 954/954 953/953 910/910
f 954/954 910/910 912/912
f 953/953 1021/1021 908/908
f 953/953 908/908 910/910
f 1017/1017 925/925 933/933
f 1017/1017 933/933 934/934
f 925/925 923/923 932/932
f 925/925 932/932 933/933
f 923/923 921/921 931/931
f 923/923 931/931 932/932
f 921/921 918/918 929/929
f 921/921 929/929 931/931
f 919/919 915/915 928/928
f 919/919 928/928 930/930
f 915/915 913/913 927/927
f 915/915 927/927 928/928
f 913/913 911/911 926/926
f 913/913 926/926 927/927
f 911/911 909/909 1018/1018
f 911/911 1018/1018 926/926
f 936/936 938/938 937/937
f 936/936 937/937 1020/1020
f 938/938 940/940 939/939
f 938/938 939/939 937/937
f 940/940 942/942 941/941
f 940/940 941/941 939/939
f 942/942 945/945 943/943
f 942/942 943/943 941/941
f 946/946 948/948 947/947
f 946/946 947/947 944/944
f 948/948 950/950 949/949
f 948/948 949/949 947/947
f 952/952 951/951 949/949
f 952/952 949/949 950/950
f 952/952 1019/1019 935/935
f 952/952 935/935 951/951
f 1015/1015 907/907 960/960
f 1015/1015 960/960 961/961
f 907/907 906/906 959/959
f 907/907 959/959 960/960
f 906/906 905/905 958/958
f 906/906 958/958 959/959
f 905/905 904/904 957/957
f 905/905 957/957 958/958
f 903/903 902/902 955/955
f 903/903 955/955 956/956
f 902/902 901/901 954/954
f 902/902 954/954 955/955
f 901/901 900/900 953/953
f 901/901 953/953 954/954
f 900/900 899/899 1021/1021
f 900/900 1021/1021 953/953
f 962/962 907/907 1015/1015
f 962/962 1015/1015 963/963
f 964/964 906/906 907/907
f 964/964 907/907 962/962
f 905/905 906/906 964/964
f 905/905 964/964 976/976
f 904/904 905/905 976/976
f 904/904 976/976 1001/1001
f 902/902 903/903 1000/1000
f 902/902 1000/1000 1006/1006
f 901/901 902/902 1006/1006
f 901/901 1006/1006 1009/1009
f 900/900 901/901 1009/1009
f 900/900 1009/1009 993/993
f 899/899 900/900 993/993
f 899/899 993/993 1022/1022
f 965/965 1023/1023 962/962
f 965/965 962/962 884/884
f 886/886 964/964 968/968
f 970/970 964/964 886/886
f 972/972 976/976 964/964
f 972/972 964/964 970/970
f 888/888 976/976 972/972
f 978/978 1001/1001 1207/1207
f 974/974 976/976 1010/1010
f 980/980 1006/1006 1000/1000
f 980/980 1000/1000 1187/1187
f 982/982 1006/1006 1002/1002
f 1009/1009 1006/1006 1004/1004
f 1009/1009 1004/1004 984/984
f 986/986 1009/1009 1199/1199
f 988/988 993/993 1009/1009
f 988/988 1009/1009 1007/1007
f 992/992 993/993 1182/1182
f 1009/1009 984/984 994/994
f 1001/1001 1012/1012 996/996
f 1000/1000 977/977 998/998
f 1006/1006 980/980 1002/1002
f 1006/1006 982/982 1004/1004
f 1009/1009 986/986 1007/1007
f 976/976 888/888 1010/1010
f 976/976 974/974 1012/1012
f 976/976 1012/1012 1001/1001
f 1022/1022 993/993 992/992
f 1022/1022 992/992 17/17
f 968/968 964/964 962/962
f 968/968 962/962 1023/1023
f 1026/1026 17/17 992/992
f 1028/1028 152/152 17/17
f 1028/1028 17/17 1026/1026
f 1030/1030 152/152 1028/1028
f 1033/1033 152/152 1030/1030
f 1033/1033 1030/1030 1032/1032
f 1228/1228 1261/1261 1251/1251
f 1034/1034 884/884 883/883
f 1036/1036 1037/1037 1034/1034
f 1036/1036 1034/1034 883/883
f 1039/1039 1037/1037 1036/1036
f 1245/1245 1041/1041 1039/1039
f 1245/1245 1039/1039 1036/1036
f 1041/1041 1259/1259 1246/1246
f 1045/1045 1043/1043 1031/1031
f 1045/1045 1031/1031 1029/1029
f 1031/1031 1043/1043 1250/1250
f 1029/1029 1027/1027 1045/1045
f 1027/1027 1025/1025 1047/1047
f 1027/1027 1047/1047 1045/1045
f 1025/1025 990/990 1049/1049
f 1025/1025 1049/1049 1047/1047
f 991/991 1181/1181 1050/1050
f 989/989 1008/1008 1053/1053
f 989/989 1053/1053 1050/1050
f 1008/1008 987/987 1053/1053
f 987/987 1200/1200 1053/1053
f 995/995 985/985 1053/1053
f 985/985 1005/1005 1055/1055
f 985/985 1055/1055 1053/1053
f 1005/1005 983/983 1055/1055
f 983/983 1003/1003 1055/1055
f 1003/1003 981/981 1055/1055
f 981/981 1188/1188 1057/1057
f 981/981 1057/1057 1055/1055
f 999/999 979/979 1057/1057
f 979/979 1208/1208 1057/1057
f 997/997 1013/1013 1057/1057
f 1057/1057 1013/1013 975/975
f 1057/1057 975/975 1060/1060
f 975/975 1011/1011 1060/1060
f 1011/1011 889/889 1060/1060
f 889/889 973/973 1060/1060
f 973/973 971/971 1062/1062
f 973/973 1062/1062 1060/1060
f 971/971 887/887 1062/1062
f 887/887 969/969 1062/1062
f 969/969 1024/1024 1069/1069
f 969/969 1069/1069 1062/1062
f 1042/1042 1247/1247 1222/1222
f 1064/1064 1040/1040 1042/1042
f 1064/1064 1042/1042 1222/1222
f 1038/1038 1040/1040 1064/1064
f 1066/1066 1035/1035 1038/1038
f 1066/1066 1038/1038 1064/1064
f 885/885 1035/1035 1066/1066
f 1068/1068 966/966 885/885
f 1068/1068 885/885 1066/1066
f 1069/1069 1024/1024 967/967
f 1073/1073 1074/1074 1226/1226
f 1073/1073 1226/1226 1228/1228
f 1072/1072 1227/1227 1043/1043
f 1072/1072 1043/1043 1075/1075
f 1074/1074 1073/1073 1079/1079
f 1074/1074 1079/1079 1077/1077
f 1072/1072 1075/1075 1080/1080
f 1072/1072 1080/1080 1078/1078
f 1077/1077 1079/1079 1083/1083
f 1077/1077 1083/1083 236/236
f 1078/1078 1080/1080 1084/1084
f 1078/1078 1084/1084 1082/1082
f 236/236 1083/1083 1088/1088
f 236/236 1088/1088 1086/1086
f 1082/1082 1084/1084 1089/1089
f 1082/1082 1089/1089 1087/1087
f 1086/1086 1088/1088 1092/1092
f 1086/1086 1092/1092 245/245
f 1087/1087 1089/1089 1093/1093
f 1087/1087 1093/1093 1091/1091
f 245/245 1092/1092 1096/1096
f 245/245 1096/1096 250/250
f 1091/1091 1093/1093 1097/1097
f 1091/1091 1097/1097 1095/1095
f 1096/1096 1100/1100 250/250
f 1095/1095 1097/1097 1101/1101
f 1095/1095 1101/1101 1099/1099
f 255/255 250/250 1100/1100
f 255/255 1100/1100 1104/1104
f 1099/1099 1101/1101 1105/1105
f 1099/1099 1105/1105 1103/1103
f 1109/1109 257/257 1103/1103
f 1109/1109 1103/1103 1105/1105
f 756/756 1110/1110 1224/1224
f 756/756 1224/1224 1218/1218
f 1222/1222 1225/1225 1111/1111
f 1222/1222 1111/1111 1112/1112
f 1112/1112 1111/1111 1117/1117
f 1112/1112 1117/1117 1114/1114
f 1110/1110 756/756 759/759
f 1110/1110 759/759 1116/1116
f 1114/1114 1117/1117 1121/1121
f 1114/1114 1121/1121 1118/1118
f 1116/1116 759/759 1122/1122
f 1116/1116 1122/1122 1120/1120
f 1118/1118 1121/1121 1126/1126
f 1118/1118 1126/1126 1123/1123
f 1120/1120 1122/1122 768/768
f 1120/1120 768/768 1125/1125
f 1123/1123 1126/1126 1130/1130
f 1123/1123 1130/1130 1127/1127
f 1125/1125 768/768 1131/1131
f 1125/1125 1131/1131 1129/1129
f 1127/1127 1130/1130 1135/1135
f 1127/1127 1135/1135 1132/1132
f 1129/1129 1131/1131 1136/1136
f 1129/1129 1136/1136 1134/1134
f 1139/1139 1132/1132 1135/1135
f 1139/1139 1135/1135 1138/1138
f 1137/1137 1134/1134 1136/1136
f 1141/1141 1144/1144 1137/1137
f 1141/1141 1137/1137 1136/1136
f 789/789 1146/1146 1145/1145
f 789/789 1145/1145 1142/1142
f 1145/1145 1146/1146 1139/1139
f 1145/1145 1139/1139 1138/1138
f 1147/1147 791/791 853/853
f 1147/1147 853/853 1140/1140
f 1133/1133 1140/1140 853/853
f 852/852 1128/1128 1133/1133
f 852/852 1133/1133 853/853
f 851/851 1124/1124 1128/1128
f 851/851 1128/1128 852/852
f 850/850 1119/1119 1124/1124
f 850/850 1124/1124 851/851
f 849/849 1115/1115 1119/1119
f 849/849 1119/1119 850/850
f 848/848 1113/1113 1115/1115
f 848/848 1115/1115 849/849
f 1148/1148 1065/1065 1223/1223
f 1148/1148 1223/1223 1221/1221
f 1149/1149 1067/1067 1065/1065
f 1149/1149 1065/1065 1148/1148
f 846/846 1070/1070 1067/1067
f 846/846 1067/1067 1149/1149
f 1151/1151 1153/1153 1071/1071
f 1151/1151 1071/1071 847/847
f 1155/1155 1063/1063 1071/1071
f 1155/1155 1071/1071 1153/1153
f 263/263 1048/1048 1051/1051
f 263/263 1051/1051 1156/1156
f 262/262 1046/1046 1048/1048
f 262/262 1048/1048 263/263
f 1229/1229 1044/1044 1046/1046
f 1229/1229 1046/1046 262/262
f 1076/1076 1044/1044 1229/1229
f 1076/1076 1229/1229 1158/1158
f 1159/1159 1081/1081 1076/1076
f 1159/1159 1076/1076 1158/1158
f 1160/1160 1085/1085 1081/1081
f 1160/1160 1081/1081 1159/1159
f 1161/1161 1090/1090 1085/1085
f 1161/1161 1085/1085 1160/1160
f 1162/1162 1094/1094 1090/1090
f 1162/1162 1090/1090 1161/1161
f 1163/1163 1098/1098 1094/1094
f 1163/1163 1094/1094 1162/1162
f 1102/1102 1098/1098 1163/1163
f 1163/1163 1107/1107 1106/1106
f 1163/1163 1106/1106 1102/1102
f 1165/1165 265/265 1157/1157
f 1165/1165 1157/1157 1052/1052
f 1052/1052 1054/1054 1167/1167
f 1052/1052 1167/1167 1165/1165
f 1054/1054 1056/1056 1169/1169
f 1054/1054 1169/1169 1167/1167
f 1056/1056 1059/1059 1172/1172
f 1056/1056 1172/1172 1169/1169
f 1058/1058 1061/1061 1174/1174
f 1058/1058 1174/1174 1171/1171
f 1061/1061 1063/1063 1155/1155
f 1061/1061 1155/1155 1174/1174
f 267/267 264/264 1175/1175
f 269/269 267/267 1175/1175
f 552/552 273/273 1175/1175
f 273/273 275/275 1175/1175
f 275/275 277/277 1175/1175
f 277/277 279/279 1175/1175
f 279/279 281/281 1175/1175
f 281/281 269/269 1175/1175
f 554/554 552/552 1175/1175
f 556/556 554/554 1175/1175
f 841/841 560/560 1175/1175
f 560/560 562/562 1175/1175
f 562/562 564/564 1175/1175
f 564/564 567/567 1178/1178
f 564/564 1178/1178 1175/1175
f 569/569 1175/1175 1178/1178
f 569/569 1178/1178 567/567
f 569/569 556/556 1175/1175
f 842/842 841/841 1175/1175
f 844/844 842/842 1175/1175
f 1150/1150 854/854 1175/1175
f 854/854 856/856 1175/1175
f 856/856 858/858 1175/1175
f 858/858 860/860 1175/1175
f 860/860 862/862 1175/1175
f 862/862 844/844 1175/1175
f 1152/1152 1150/1150 1175/1175
f 1154/1154 1152/1152 1175/1175
f 264/264 1164/1164 1175/1175
f 1164/1164 1166/1166 1175/1175
f 1166/1166 1168/1168 1175/1175
f 1168/1168 1170/1170 1175/1175
f 1170/1170 1173/1173 1175/1175
f 1173/1173 1154/1154 1175/1175
f 398/398 394/394 1176/1176
f 1177/1177 393/393 446/446
f 114/114 110/110 1180/1180
f 1179/1179 109/109 168/168
f 993/993 988/988 1182/1182
f 1181/1181 989/989 1050/1050
f 682/682 677/677 1183/1183
f 1184/1184 678/678 733/733
f 121/121 120/120 1186/1186
f 1185/1185 119/119 174/174
f 1000/1000 998/998 1187/1187
f 1188/1188 999/999 1057/1057
f 689/689 687/687 1189/1189
f 1190/1190 688/688 740/740
f 405/405 404/404 1192/1192
f 1191/1191 403/403 453/453
f 129/129 116/116 1194/1194
f 1193/1193 115/115 170/170
f 413/413 400/400 1196/1196
f 1195/1195 399/399 448/448
f 697/697 683/683 1197/1197
f 1198/1198 684/684 736/736
f 1009/1009 994/994 1199/1199
f 1200/1200 995/995 1053/1053
f 121/121 118/118 1202/1202
f 1201/1201 117/117 174/174
f 405/405 402/402 1204/1204
f 1203/1203 401/401 453/453
f 689/689 685/685 1205/1205
f 1206/1206 686/686 740/740
f 1001/1001 996/996 1207/1207
f 1208/1208 997/997 1057/1057
f 796/796 836/836 558/558
f 796/796 558/558 1213/1213
f 1113/1113 848/848 1221/1221
f 1113/1113 1221/1221 1223/1223
f 226/226 1158/1158 1229/1229
f 226/226 1229/1229 1230/1230
f 506/506 547/547 271/271
f 506/506 271/271 1239/1239
f 1241/1241 1210/1210 1212/1212
f 1245/1245 715/715 1258/1258
f 726/726 1220/1220 1244/1244
f 1245/1245 1218/1218 1259/1259
f 1247/1247 1225/1225 1222/1222
f 1249/1249 1233/1233 1231/1231
f 1043/1043 1227/1227 1250/1250
f 160/160 1237/1237 1254/1254
f 1252/1252 1234/1234 1240/1240
f 1215/1215 1217/1217 1257/1257
f 429/429 1215/1215 1257/1257
f 723/723 1264/1264 1209/1209
f 1256/1256 1264/1264 428/428
f 1218/1218 1245/1245 1258/1258
f 1218/1218 1224/1224 1259/1259
f 1226/1226 1232/1232 1260/1260
f 1226/1226 1033/1033 1261/1261
f 1033/1033 1032/1032 1261/1261
f 1033/1033 1226/1226 1260/1260
f 1236/1236 436/436 1262/1262
f 436/436 149/149 1262/1262
f 436/436 1236/1236 1263/1263
f 1236/1236 1235/1235 1263/1263
f 1264/1264 1216/1216 1209/1209
f 723/723 1209/1209 1265/1265
f 1209/1209 1211/1211 1265/1265
f 1219/1219 1218/1218 1258/1258
f 715/715 1243/1243 1258/1258
f 1224/1224 1246/1246 1259/1259
f 1041/1041 1245/1245 1259/1259
f 1228/1228 1226/1226 1261/1261
f 1032/1032 1251/1251 1261/1261
f 157/157 1033/1033 1260/1260
f 1232/1232 1248/1248 1260/1260
f 1238/1238 1236/1236 1262/1262
f 149/149 1255/1255 1262/1262
f 438/438 436/436 1263/1263
f 1235/1235 1253/1253 1263/1263
f 1264/1264 723/723 428/428
f 1264/1264 1256/1256 1216/1216
f 725/725 723/723 1265/1265
f 1211/1211 1242/1242 1265/1265
