domain,variant,trial,feasible,strict_v3_valid,strict_v3_error,task_valid,task_error,graph_compiled,compile_error,n_relations_compiled,n_operation_groups,n_disabled_operations,contract_complete,canonical_graph_emitted,executable_contract_complete,canonicalization_status,n_provisional_ops,n_task_causal,n_unresolved_required_relations,n_unresolved_required_operations,n_canonical_relations_in_doc,n_canonical_groups_in_doc,runtime_sec,pipeline_status,outcome_category,failure_category,failure_reason,n_inspected_regions,grounding_reached,grounding_status,grounding_satisfied,grounding_complete,grounding_failure_kind,complete_grounding,grounding_sec,astar_invocations,astar_reached,plan_length,symbolic_validation,symbolic_goal_status,success,semantic_vlm_requests,gt_goals_total,gt_goals_satisfied,gt_goal_coverage,gt_full_task_satisfied,outcome_correct,false_completion,contract_missing_reasons,executable_contract_missing_reasons
kitchen,K10,trial_01,False,True,,True,,True,,4,3,0,False,True,False,PARTIAL,0,1,2,2,6,3,47.74,NO_MEANINGFUL_CANDIDATE_PLAN,GRAPH_COMPILATION_FAILURE,,NO_COMPLETE_FUNCTIONAL_WITNESS,5,True,INFEASIBLE,False,False,OBJECT_DISCOVERY_FAILURE,False,,0,False,0,,,False,0,4,0,0.0,False,True,False,"[""Unresolved roles: [{'raw_role': {'id': 'soup_ingredient', 'entity_kind': 'OBJECT', 'function': 'Food for soup', 'required_count': 2, 'binding_policy': 'DISTINCT', 'candidate_categories': ['liquid food', 'stew', 'broth'], 'required_properties': ['edible'], 'visible_candidates': [{'label': 'bowl with "", ""Unresolved required operations: [{'id': 'retrieve_coffee', 'operation': 'retrieve_from_storage', 'participant_roles': ['coffee_ingredient', 'storage_unit'], 'semantic_capability_candidates': [], 'reason': 'NO_RUNTIME_CAPABILITY_MATCHES_THIS_OPERATION_PHRASE', 'requirement_provenance': 'DERIVED_FROM_"", 'Unresolved required relations: [{\'raw_subject\': \'coffee_cup\', \'raw_phrase\': \'contains\', \'raw_object\': \'coffee_ingredient\', \'status\': \'UNINTERPRETABLE_REQUIRED_RELATION\', \'reason\': ""Relation text \'contains\' provides no semantic evidence for valid predicates [] or task causal semantics""}, {\'raw_subjec']","[""Required operations the runtime cannot represent: [{'id': 'retrieve_coffee', 'operation': 'retrieve_from_storage', 'participant_roles': ['coffee_ingredient', 'storage_unit'], 'semantic_capability_candidates': [], 'reason': 'NO_RUNTIME_CAPABILITY_MATCHES_THIS_OPERATION_PHRASE', 'requirement_provenanc"", 'Required relations the runtime cannot represent: [{\'raw_subject\': \'coffee_cup\', \'raw_phrase\': \'contains\', \'raw_object\': \'coffee_ingredient\', \'status\': \'UNINTERPRETABLE_REQUIRED_RELATION\', \'reason\': ""Relation text \'contains\' provides no semantic evidence for valid predicates [] or task causal semanti', 'Uninterpretable required relations: [{\'raw_subject\': \'coffee_cup\', \'raw_phrase\': \'contains\', \'raw_object\': \'coffee_ingredient\', \'status\': \'UNINTERPRETABLE_REQUIRED_RELATION\', \'reason\': ""Relation text \'contains\' provides no semantic evidence for valid predicates [] or task causal semantics"", \'require']"
kitchen,K10,trial_02,False,True,,True,,True,,2,3,0,False,True,False,PARTIAL,0,1,1,1,6,3,49.83,PARTIAL_ACTION_SEQUENCE_READY,GRAPH_COMPILATION_FAILURE,,,5,True,COMPLETE,True,True,,False,,1,True,22,,,False,0,4,2,0.5,False,True,False,"[""Unresolved roles: [{'raw_role': {'id': 'soup_portion', 'entity_kind': 'OBJECT', 'function': 'Hot food item served in the bowl.', 'required_count': 2, 'binding_policy': 'DISTINCT', 'candidate_categories': ['soup', 'broth', 'stew', 'porridge'], 'required_properties': ['edible', 'hot_or_warm'], 'visibl"", ""Unresolved required operations: [{'id': 'op_02', 'participant_roles': ['coffee_cup'], 'reason': 'TOO_FEW_DISTINCT_PARTICIPANTS_TO_STATE_A_RELATION', 'requirement_provenance': 'DERIVED_FROM_EXPLICIT_OPERATION', 'operation': 'stir_coffee', 'semantic_capability_candidates': [], 'status': 'UNRESOLVED_RE"", 'Unresolved required relations: [{\'raw_subject\': \'coffee_cup\', \'raw_phrase\': \'placed_on\', \'raw_object\': \'soup_bowl\', \'status\': \'UNINTERPRETABLE_REQUIRED_RELATION\', \'reason\': ""Relation text \'placed_on\' provides no semantic evidence for valid predicates [] or task causal semantics""}]']","[""Required operations the runtime cannot represent: [{'id': 'op_02', 'participant_roles': ['coffee_cup'], 'reason': 'TOO_FEW_DISTINCT_PARTICIPANTS_TO_STATE_A_RELATION', 'requirement_provenance': 'DERIVED_FROM_EXPLICIT_OPERATION', 'operation': 'stir_coffee', 'semantic_capability_candidates': [], 'statu"", 'Required relations the runtime cannot represent: [{\'raw_subject\': \'coffee_cup\', \'raw_phrase\': \'placed_on\', \'raw_object\': \'soup_bowl\', \'status\': \'UNINTERPRETABLE_REQUIRED_RELATION\', \'reason\': ""Relation text \'placed_on\' provides no semantic evidence for valid predicates [] or task causal semantics""}]', 'Uninterpretable required relations: [{\'raw_subject\': \'coffee_cup\', \'raw_phrase\': \'placed_on\', \'raw_object\': \'soup_bowl\', \'status\': \'UNINTERPRETABLE_REQUIRED_RELATION\', \'reason\': ""Relation text \'placed_on\' provides no semantic evidence for valid predicates [] or task causal semantics"", \'requirement_p']"
kitchen,K10,trial_03,False,True,,True,,True,,4,4,0,False,True,False,PARTIAL,0,2,1,0,6,4,48.03,NO_MEANINGFUL_CANDIDATE_PLAN,GRAPH_COMPILATION_FAILURE,,"('coffee_source',)",5,True,INFEASIBLE,False,False,OBJECT_DISCOVERY_FAILURE,False,,0,False,0,,,False,0,4,0,0.0,False,True,False,"[""Unresolved roles: [{'raw_role': {'id': 'soup_source', 'entity_kind': 'OBJECT', 'function': 'The soup ingredient or container.', 'required_count': 2, 'binding_policy': 'DISTINCT', 'candidate_categories': ['can of soup', 'bowl of soup', 'packet of soup'], 'required_properties': ['contains edible liqui"", 'Unresolved required relations: [{\'raw_subject\': \'cup\', \'raw_phrase\': \'The cups and soup bowls are placed on the table.\', \'raw_object\': \'soup_bowl\', \'status\': \'UNINTERPRETABLE_REQUIRED_RELATION\', \'reason\': ""Relation text \'The cups and soup bowls are placed on the table.\' provides no semantic evidence']","['Required relations the runtime cannot represent: [{\'raw_subject\': \'cup\', \'raw_phrase\': \'The cups and soup bowls are placed on the table.\', \'raw_object\': \'soup_bowl\', \'status\': \'UNINTERPRETABLE_REQUIRED_RELATION\', \'reason\': ""Relation text \'The cups and soup bowls are placed on the table.\' provides no', 'Uninterpretable required relations: [{\'raw_subject\': \'cup\', \'raw_phrase\': \'The cups and soup bowls are placed on the table.\', \'raw_object\': \'soup_bowl\', \'status\': \'UNINTERPRETABLE_REQUIRED_RELATION\', \'reason\': ""Relation text \'The cups and soup bowls are placed on the table.\' provides no semantic evi']"
kitchen,K11,trial_01,False,True,,True,,True,,4,4,0,False,True,False,PARTIAL,0,0,1,1,3,4,46.56,NO_MEANINGFUL_CANDIDATE_PLAN,GRAPH_COMPILATION_FAILURE,,"('water_source',)",5,True,INFEASIBLE,False,False,OBJECT_DISCOVERY_FAILURE,False,,0,False,0,,,False,0,4,0,0.0,False,True,False,"[""Unresolved roles: [{'raw_role': {'id': 'soup_ingredient', 'entity_kind': 'OBJECT', 'function': 'Provide food for soup', 'required_count': 2, 'binding_policy': 'SHARED', 'candidate_categories': ['food', 'broth', 'solid'], 'required_properties': ['edible', 'liquid_content'], 'visible_candidates': [{'l"", ""Unresolved required operations: [{'id': 'op_stir_coffee', 'operation': 'Stir coffee beverage.', 'participant_roles': ['coffee_beverage', 'stirring_utensil'], 'semantic_capability_candidates': ['STIR_COFFEE'], 'reason': 'NO_CAPABILITY_SIGNATURE_ACCEPTS_THESE_PARTICIPANTS', 'requirement_provenance': '"", ""Unresolved required relations: [{'raw_subject': 'coffee_beverage', 'raw_phrase': 'Coffee beverage is agitated by stirring utensil.', 'raw_object': 'stirring_utensil', 'status': 'UNINTERPRETABLE_REQUIRED_RELATION', 'reason': 'Unresolved or context-only endpoint'}]""]","[""Required operations the runtime cannot represent: [{'id': 'op_stir_coffee', 'operation': 'Stir coffee beverage.', 'participant_roles': ['coffee_beverage', 'stirring_utensil'], 'semantic_capability_candidates': ['STIR_COFFEE'], 'reason': 'NO_CAPABILITY_SIGNATURE_ACCEPTS_THESE_PARTICIPANTS', 'requirem""]"
kitchen,K11,trial_02,False,True,,True,,True,,4,4,0,False,True,False,PARTIAL,0,3,2,0,7,4,46.99,NO_MEANINGFUL_CANDIDATE_PLAN,GRAPH_COMPILATION_FAILURE,,"('water_source', 'coffee_container', 'soup_container', 'soup_eating_utensil')",5,True,INCOMPLETE,False,False,FUNCTIONAL_ASSIGNMENT_FAILURE,False,,0,False,0,,,False,0,4,0,0.0,False,True,False,"[""Unresolved roles: [{'raw_role': {'id': 'soup', 'entity_kind': 'OBJECT', 'function': 'Food to be served', 'required_count': 2, 'binding_policy': 'DISTINCT', 'candidate_categories': ['soup', 'broth', 'stew'], 'required_properties': ['liquid', 'edible'], 'visible_candidates': [], 'description': ''}, 's"", 'Unresolved required relations: [{\'raw_subject\': \'stirrer\', \'raw_phrase\': \'Stirrer acts upon the contents of the mug.\', \'raw_object\': \'mug\', \'status\': \'UNINTERPRETABLE_REQUIRED_RELATION\', \'reason\': ""Relation text \'Stirrer acts upon the contents of the mug.\' provides no semantic evidence for valid pre']","['Required relations the runtime cannot represent: [{\'raw_subject\': \'mug\', \'raw_phrase\': \'Mugs and bowls are placed on the table.\', \'raw_object\': \'bowl\', \'status\': \'UNINTERPRETABLE_REQUIRED_RELATION\', \'reason\': ""Relation text \'Mugs and bowls are placed on the table.\' provides no semantic evidence for ', 'Uninterpretable required relations: [{\'raw_subject\': \'mug\', \'raw_phrase\': \'Mugs and bowls are placed on the table.\', \'raw_object\': \'bowl\', \'status\': \'UNINTERPRETABLE_REQUIRED_RELATION\', \'reason\': ""Relation text \'Mugs and bowls are placed on the table.\' provides no semantic evidence for valid predica']"
kitchen,K11,trial_03,False,True,,True,,True,,4,4,0,False,True,False,PARTIAL,0,0,6,1,6,4,40.99,NO_MEANINGFUL_CANDIDATE_PLAN,GRAPH_COMPILATION_FAILURE,,"('water_source',)",5,True,INFEASIBLE,False,False,OBJECT_DISCOVERY_FAILURE,False,,0,False,0,,,False,0,4,0,0.0,False,True,False,"[""Unresolved roles: [{'raw_role': {'id': 'soup_content', 'entity_kind': 'OBJECT', 'function': 'Food for soup', 'required_count': 2, 'binding_policy': 'REUSABLE', 'candidate_categories': ['food', 'broth', 'soup'], 'required_properties': ['edible liquid/solid'], 'visible_candidates': [], 'description': "", ""Unresolved required operations: [{'id': 'serve_meal', 'operation': 'Place finished items for serving', 'participant_roles': ['coffee_cup', 'soup_bowl'], 'semantic_capability_candidates': [], 'reason': 'NO_RUNTIME_CAPABILITY_MATCHES_THIS_OPERATION_PHRASE', 'requirement_provenance': 'INSTRUCTION_CLAUS"", 'Unresolved required relations: [{\'raw_subject\': \'coffee_cup\', \'raw_phrase\': \'Combine ingredients into cup\', \'raw_object\': \'coffee_powder\', \'status\': \'UNINTERPRETABLE_REQUIRED_RELATION\', \'reason\': ""Relation text \'Combine ingredients into cup\' provides no semantic evidence for valid predicates [] or t']","[""Required operations the runtime cannot represent: [{'id': 'serve_meal', 'operation': 'Place finished items for serving', 'participant_roles': ['coffee_cup', 'soup_bowl'], 'semantic_capability_candidates': [], 'reason': 'NO_RUNTIME_CAPABILITY_MATCHES_THIS_OPERATION_PHRASE', 'requirement_provenance': "", 'Required relations the runtime cannot represent: [{\'raw_subject\': \'coffee_powder\', \'raw_phrase\': \'Combine ingredients into cup\', \'raw_object\': \'water\', \'status\': \'UNINTERPRETABLE_REQUIRED_RELATION\', \'reason\': ""Relation text \'Combine ingredients into cup\' provides no semantic evidence for valid predi', 'Uninterpretable required relations: [{\'raw_subject\': \'coffee_powder\', \'raw_phrase\': \'Combine ingredients into cup\', \'raw_object\': \'water\', \'status\': \'UNINTERPRETABLE_REQUIRED_RELATION\', \'reason\': ""Relation text \'Combine ingredients into cup\' provides no semantic evidence for valid predicates [] or t']"
kitchen,K12,trial_01,False,True,,True,,True,,2,3,0,False,True,False,PARTIAL,0,2,2,1,7,3,45.78,NO_MEANINGFUL_CANDIDATE_PLAN,GRAPH_COMPILATION_FAILURE,,"('coffee_source',)",5,True,INFEASIBLE,False,False,OBJECT_DISCOVERY_FAILURE,False,,0,False,0,,,False,0,4,0,0.0,False,True,False,"[""Unresolved roles: [{'raw_role': {'id': 'soup_source', 'entity_kind': 'OBJECT', 'function': 'Source of soup', 'required_count': 2, 'binding_policy': 'REUSABLE', 'candidate_categories': ['pot', 'container'], 'required_properties': ['contains_soup'], 'visible_candidates': [], 'description': ''}, 'statu"", ""Unresolved required operations: [{'id': 'prepare_soup', 'operation': 'fill', 'participant_roles': ['soup_bowl', 'soup_source'], 'semantic_capability_candidates': ['TRANSFER_CONTENT_TO_CONTAINER'], 'reason': 'NO_CAPABILITY_SIGNATURE_ACCEPTS_THESE_PARTICIPANTS', 'requirement_provenance': 'DERIVED_FROM"", 'Unresolved required relations: [{\'raw_subject\': \'coffee_cup\', \'raw_phrase\': \'rests_on\', \'raw_object\': \'soup_bowl\', \'status\': \'UNINTERPRETABLE_REQUIRED_RELATION\', \'reason\': ""Relation text \'rests_on\' provides no semantic evidence for valid predicates [] or task causal semantics""}, {\'id\': \'soup_served\'']","[""Required operations the runtime cannot represent: [{'id': 'prepare_soup', 'operation': 'fill', 'participant_roles': ['soup_bowl', 'soup_source'], 'semantic_capability_candidates': ['TRANSFER_CONTENT_TO_CONTAINER'], 'reason': 'NO_CAPABILITY_SIGNATURE_ACCEPTS_THESE_PARTICIPANTS', 'requirement_provenan"", 'Required relations the runtime cannot represent: [{\'raw_subject\': \'coffee_cup\', \'raw_phrase\': \'rests_on\', \'raw_object\': \'soup_bowl\', \'status\': \'UNINTERPRETABLE_REQUIRED_RELATION\', \'reason\': ""Relation text \'rests_on\' provides no semantic evidence for valid predicates [] or task causal semantics""}, {\'', 'Uninterpretable required relations: [{\'raw_subject\': \'coffee_cup\', \'raw_phrase\': \'rests_on\', \'raw_object\': \'soup_bowl\', \'status\': \'UNINTERPRETABLE_REQUIRED_RELATION\', \'reason\': ""Relation text \'rests_on\' provides no semantic evidence for valid predicates [] or task causal semantics"", \'requirement_pro']"
kitchen,K12,trial_02,False,True,,True,,True,,4,4,0,False,True,True,PARTIAL,0,1,0,0,5,4,45.99,PARTIAL_ACTION_SEQUENCE_READY,OBJECT_DISCOVERY_FAILURE,,,5,True,PARTIAL_VERIFIED_GROUNDING,False,False,OBJECT_DISCOVERY_FAILURE,False,,1,True,20,,,False,0,4,0,0.0,False,True,False,"[""Unresolved roles: [{'raw_role': {'id': 'soup_liquid', 'entity_kind': 'OBJECT', 'function': 'Food substance to be eaten', 'required_count': 2, 'binding_policy': 'DISTINCT', 'candidate_categories': ['soup', 'broth', 'stew'], 'required_properties': ['liquid food'], 'visible_candidates': [], 'descriptio""]",[]
kitchen,K12,trial_03,False,False,MalformedVLMSpecificationError: V3 schema validation failed: 'schema_version' is a required property,False,,False,,0,0,0,False,False,False,,0,0,0,0,0,0,2.85,VLM_SPEC_FAILED,TASK_SPECIFICATION_FAILURE,SANITIZER_UNRECOVERABLE,No meaningful functional roles recovered,0,False,,False,False,,False,,0,False,0,,,False,0,4,0,0.0,False,True,False,,
kitchen,K1,trial_01,True,True,,True,,True,,4,4,0,False,True,True,PARTIAL,0,2,0,0,4,4,55.24,PARTIAL_ACTION_SEQUENCE_READY,OBJECT_DISCOVERY_FAILURE,,,5,True,PARTIAL_VERIFIED_GROUNDING,False,False,OBJECT_DISCOVERY_FAILURE,False,,1,True,18,,,False,0,4,2,0.5,False,False,False,"[""Unresolved roles: [{'raw_role': {'id': 'soup_ingredient', 'entity_kind': 'OBJECT', 'function': 'Soup food source', 'required_count': 2, 'binding_policy': 'REUSABLE', 'candidate_categories': ['soup', 'broth', 'can', 'jar'], 'required_properties': ['edible', 'hot or cold'], 'visible_candidates': [{'la""]",[]
kitchen,K1,trial_02,True,True,,True,,True,,4,4,0,False,True,True,PARTIAL,0,1,0,0,5,4,54.35,PARTIAL_ACTION_SEQUENCE_READY,OBJECT_DISCOVERY_FAILURE,,,5,True,PARTIAL_VERIFIED_GROUNDING,False,False,OBJECT_DISCOVERY_FAILURE,False,,1,True,14,,,False,0,4,0,0.0,False,False,False,"[""Unresolved roles: [{'raw_role': {'id': 'soup_food', 'entity_kind': 'OBJECT', 'function': 'Main dish item', 'required_count': 2, 'binding_policy': 'DISTINCT', 'candidate_categories': ['soup', 'broth'], 'required_properties': ['is liquid food'], 'visible_candidates': [], 'description': ''}, 'status': ""]",[]
kitchen,K1,trial_03,True,True,,True,,True,,4,4,0,False,True,False,PARTIAL,0,1,5,0,6,4,49.78,NO_MEANINGFUL_CANDIDATE_PLAN,GRAPH_COMPILATION_FAILURE,,"('coffee_source', 'soup_eating_utensil')",5,True,INFEASIBLE,False,False,OBJECT_DISCOVERY_FAILURE,False,,0,False,0,,,False,0,4,0,0.0,False,False,False,"[""Unresolved roles: [{'raw_role': {'id': 'soup', 'entity_kind': 'OBJECT', 'function': 'Food ingredient for soup', 'required_count': 2, 'binding_policy': 'DISTINCT', 'candidate_categories': ['soup can', 'soup pot', 'liquid food'], 'required_properties': ['liquid', 'edible'], 'visible_candidates': [{'la"", 'Unresolved required relations: [{\'raw_subject\': \'coffee\', \'raw_phrase\': \'Coffee and Water are combined to form a drink in a Cup.\', \'raw_object\': \'water\', \'status\': \'UNINTERPRETABLE_REQUIRED_RELATION\', \'reason\': ""Relation text \'Coffee and Water are combined to form a drink in a Cup.\' provides no sema']","['Required relations the runtime cannot represent: [{\'raw_subject\': \'coffee\', \'raw_phrase\': \'Coffee and Water are combined to form a drink in a Cup.\', \'raw_object\': \'water\', \'status\': \'UNINTERPRETABLE_REQUIRED_RELATION\', \'reason\': ""Relation text \'Coffee and Water are combined to form a drink in a Cup.', 'Uninterpretable required relations: [{\'raw_subject\': \'coffee\', \'raw_phrase\': \'Coffee and Water are combined to form a drink in a Cup.\', \'raw_object\': \'water\', \'status\': \'UNINTERPRETABLE_REQUIRED_RELATION\', \'reason\': ""Relation text \'Coffee and Water are combined to form a drink in a Cup.\' provides no']"
kitchen,K2,trial_01,True,True,,True,,True,,4,4,0,False,True,False,PARTIAL,0,1,2,0,3,4,54.24,NO_MEANINGFUL_CANDIDATE_PLAN,GRAPH_COMPILATION_FAILURE,,"('coffee_source',)",5,True,INCOMPLETE,False,False,FUNCTIONAL_ASSIGNMENT_FAILURE,False,,0,False,0,,,False,0,4,0,0.0,False,False,False,"[""Unresolved roles: [{'raw_role': {'id': 'soup', 'entity_kind': 'OBJECT', 'function': 'Food ingredient to be served.', 'required_count': 2, 'binding_policy': 'SHARED', 'candidate_categories': ['liquid_food', 'soup'], 'required_properties': [], 'visible_candidates': [{'label': 'Red liquid in bowls', 'v"", ""Unresolved required relations: [{'id': 'r1', 'relation': 'contained_in', 'participant_roles': ['coffee', 'coffee_cup'], 'reason': 'NO_LEGAL_ORIENTATION_FOR_PARTICIPANTS', 'requirement_provenance': 'DERIVED_FROM_EXPLICIT_OPERATION', 'status': 'UNRESOLVED_REQUIRED_SEMANTIC'}, {'id': 'r2', 'relation': ""]","[""Required relations the runtime cannot represent: [{'id': 'r1', 'relation': 'contained_in', 'participant_roles': ['coffee', 'coffee_cup'], 'reason': 'NO_LEGAL_ORIENTATION_FOR_PARTICIPANTS', 'requirement_provenance': 'DERIVED_FROM_EXPLICIT_OPERATION', 'status': 'UNRESOLVED_REQUIRED_SEMANTIC'}, {'id': ""]"
kitchen,K2,trial_02,True,True,,True,,True,,4,4,0,True,True,True,FULL,0,3,0,0,5,4,55.76,PARTIAL_ACTION_SEQUENCE_READY,OBJECT_DISCOVERY_FAILURE,,,5,True,PARTIAL_VERIFIED_GROUNDING,False,False,OBJECT_DISCOVERY_FAILURE,False,,1,True,24,,,False,0,4,2,0.5,False,False,False,[],[]
kitchen,K2,trial_03,True,True,,True,,True,,2,3,0,True,True,True,FULL,0,3,0,0,5,3,53.47,PARTIAL_ACTION_SEQUENCE_READY,OBJECT_DISCOVERY_FAILURE,,,5,True,PARTIAL_VERIFIED_GROUNDING,False,False,OBJECT_DISCOVERY_FAILURE,False,,1,True,24,,,False,0,4,2,0.5,False,False,False,[],[]
kitchen,K3,trial_01,True,True,,True,,True,,4,4,0,False,True,False,PARTIAL,0,1,2,1,5,4,53.5,NO_MEANINGFUL_CANDIDATE_PLAN,GRAPH_COMPILATION_FAILURE,,NO_COMPLETE_FUNCTIONAL_WITNESS,5,True,INFEASIBLE,False,False,OBJECT_DISCOVERY_FAILURE,False,,0,False,0,,,False,0,4,0,0.0,False,False,False,"[""Unresolved roles: [{'code': 'AMBIGUOUS_ROLE_MAPPING', 'raw_role': {'id': 'soupsupply', 'entity_kind': 'OBJECT', 'function': 'Provides the soup content.', 'required_count': 1, 'binding_policy': 'SHARED', 'candidate_categories': ['pot', 'container', 'bowl'], 'required_properties': ['contains soup', 'l"", ""Unresolved required operations: [{'id': 'Operation_3', 'operation': 'Pour SoupSupply into SoupContainer', 'participant_roles': ['soupcontainer', 'soupsupply'], 'semantic_capability_candidates': ['TRANSFER_CONTENT_TO_CONTAINER'], 'reason': 'NO_CAPABILITY_SIGNATURE_ACCEPTS_THESE_PARTICIPANTS', 'requir"", ""Unresolved required relations: [{'raw_subject': 'soupcontainer', 'raw_phrase': 'SoupContainer must contain SoupSupply', 'raw_object': 'soupsupply', 'status': 'UNINTERPRETABLE_REQUIRED_RELATION', 'reason': 'Unresolved or context-only endpoint'}, {'raw_subject': 'stirringutensil', 'raw_phrase': 'Stirr""]","[""Required operations the runtime cannot represent: [{'id': 'Operation_3', 'operation': 'Pour SoupSupply into SoupContainer', 'participant_roles': ['soupcontainer', 'soupsupply'], 'semantic_capability_candidates': ['TRANSFER_CONTENT_TO_CONTAINER'], 'reason': 'NO_CAPABILITY_SIGNATURE_ACCEPTS_THESE_PART"", ""Required relations the runtime cannot represent: [{'raw_subject': 'soupcontainer', 'raw_phrase': 'SoupContainer must contain SoupSupply', 'raw_object': 'soupsupply', 'status': 'UNINTERPRETABLE_REQUIRED_RELATION', 'reason': 'Unresolved or context-only endpoint'}]"", ""Uninterpretable required relations: [{'raw_subject': 'soupcontainer', 'raw_phrase': 'SoupContainer must contain SoupSupply', 'raw_object': 'soupsupply', 'status': 'UNINTERPRETABLE_REQUIRED_RELATION', 'reason': 'Unresolved or context-only endpoint', 'requirement_provenance': 'DERIVED_FROM_EXPLICIT_OP""]"
kitchen,K3,trial_02,True,True,,True,,True,,4,4,0,False,True,True,PARTIAL,0,1,1,0,4,4,52.39,PARTIAL_ACTION_SEQUENCE_READY,OBJECT_DISCOVERY_FAILURE,,,5,True,PARTIAL_VERIFIED_GROUNDING,False,False,OBJECT_DISCOVERY_FAILURE,False,,1,True,18,,,False,0,4,0,0.0,False,False,False,"[""Unresolved roles: [{'raw_role': {'id': 'soup_food', 'entity_kind': 'OBJECT', 'function': 'Provide the soup substance.', 'required_count': 2, 'binding_policy': 'REUSABLE', 'candidate_categories': ['broth', 'curry', 'stew'], 'required_properties': ['edible', 'hot'], 'visible_candidates': [{'label': 'r"", 'Unresolved required relations: [{\'raw_subject\': \'coffee_cup\', \'raw_phrase\': \'Used_For\', \'raw_object\': \'stirring_spoon\', \'status\': \'UNINTERPRETABLE_REQUIRED_RELATION\', \'reason\': ""Relation text \'Used_For\' provides no semantic evidence for valid predicates [] or task causal semantics""}]']",[]
kitchen,K3,trial_03,True,True,,True,,True,,4,4,0,False,True,False,PARTIAL,0,2,1,1,6,4,57.76,NO_MEANINGFUL_CANDIDATE_PLAN,GRAPH_COMPILATION_FAILURE,,"('coffee_source',)",5,True,INCOMPLETE,False,False,FUNCTIONAL_ASSIGNMENT_FAILURE,False,,0,False,0,,,False,0,4,0,0.0,False,False,False,"[""Unresolved roles: [{'code': 'AMBIGUOUS_ROLE_MAPPING', 'raw_role': {'id': 'stove', 'entity_kind': 'FIXED_TARGET', 'function': 'Heat source for preparation', 'required_count': 1, 'binding_policy': 'SHARED', 'candidate_categories': ['stove', 'hotplate', 'kettle'], 'required_properties': ['emits heat', "", ""Unresolved required operations: [{'id': 'heat_soup', 'operation': 'Apply heat to soup bowl', 'participant_roles': ['stove', 'soup_bowl'], 'semantic_capability_candidates': [], 'reason': 'NO_RUNTIME_CAPABILITY_MATCHES_THIS_OPERATION_PHRASE', 'requirement_provenance': 'INSTRUCTION_CLAUSE_SUPPORT', 'st"", ""Unresolved required relations: [{'raw_subject': 'stove', 'raw_phrase': 'Stove heats soup bowl', 'raw_object': 'soup_bowl', 'status': 'UNINTERPRETABLE_REQUIRED_RELATION', 'reason': 'Unresolved or context-only endpoint'}]""]","[""Required operations the runtime cannot represent: [{'id': 'heat_soup', 'operation': 'Apply heat to soup bowl', 'participant_roles': ['stove', 'soup_bowl'], 'semantic_capability_candidates': [], 'reason': 'NO_RUNTIME_CAPABILITY_MATCHES_THIS_OPERATION_PHRASE', 'requirement_provenance': 'INSTRUCTION_CL""]"
kitchen,K4,trial_01,True,True,,True,,True,,4,4,0,False,True,False,PARTIAL,0,0,3,0,4,4,52.37,NO_MEANINGFUL_CANDIDATE_PLAN,GRAPH_COMPILATION_FAILURE,,NO_COMPLETE_FUNCTIONAL_WITNESS,5,True,INFEASIBLE,False,False,OBJECT_DISCOVERY_FAILURE,False,,0,False,0,,,False,0,4,0,0.0,False,False,False,"[""Unresolved roles: [{'raw_role': {'id': 'soup_liquid', 'entity_kind': 'OBJECT', 'function': 'Food item to be served', 'required_count': 2, 'binding_policy': 'REUSABLE', 'candidate_categories': ['broth', 'puree', 'stew'], 'required_properties': ['hot', 'savory'], 'visible_candidates': [], 'description"", ""Unresolved required relations: [{'raw_subject': 'soup_bowl', 'raw_phrase': 'Soup liquid is held in a soup bowl', 'raw_object': 'soup_liquid', 'status': 'UNINTERPRETABLE_REQUIRED_RELATION', 'reason': 'Unresolved or context-only endpoint'}, {'raw_subject': 'soup_bowl', 'raw_phrase': 'Soup bowl has a u""]","[""Required relations the runtime cannot represent: [{'id': 'stirred_with', 'relation': 'Coffee is mixed using a stirrer', 'participant_roles': ['coffee_cup', 'stirrer'], 'reason': 'NO_LEGAL_ORIENTATION_FOR_PARTICIPANTS', 'requirement_provenance': 'INSTRUCTION_CLAUSE_SUPPORT', 'status': 'UNRESOLVED_REQ""]"
kitchen,K4,trial_02,True,True,,True,,True,,2,3,0,False,True,False,PARTIAL,0,1,3,0,3,3,47.5,PARTIAL_ACTION_SEQUENCE_READY,GRAPH_COMPILATION_FAILURE,,,4,True,COMPLETE,True,True,,False,,1,True,22,,,False,0,4,2,0.5,False,False,False,"[""Unresolved roles: [{'raw_role': {'id': 'soup_content', 'entity_kind': 'OBJECT', 'function': 'Provide edible soup liquid.', 'required_count': 2, 'binding_policy': 'SHARED', 'candidate_categories': ['broth', 'soup', 'liquid food'], 'required_properties': ['liquid consistency'], 'visible_candidates': ["", ""Unresolved required relations: [{'id': 'r1', 'relation': 'contained_in', 'participant_roles': ['coffee_ingredient', 'storage_container'], 'reason': 'NO_LEGAL_ORIENTATION_FOR_PARTICIPANTS', 'requirement_provenance': 'DERIVED_FROM_EXPLICIT_OPERATION', 'status': 'UNRESOLVED_REQUIRED_SEMANTIC'}, {'id': ""]","[""Required relations the runtime cannot represent: [{'id': 'r1', 'relation': 'contained_in', 'participant_roles': ['coffee_ingredient', 'storage_container'], 'reason': 'NO_LEGAL_ORIENTATION_FOR_PARTICIPANTS', 'requirement_provenance': 'DERIVED_FROM_EXPLICIT_OPERATION', 'status': 'UNRESOLVED_REQUIRED_S""]"
kitchen,K4,trial_03,True,True,,True,,True,,4,4,0,False,True,True,PARTIAL,0,3,0,0,4,4,55.75,PARTIAL_ACTION_SEQUENCE_READY,OBJECT_DISCOVERY_FAILURE,,,5,True,PARTIAL_VERIFIED_GROUNDING,False,False,OBJECT_DISCOVERY_FAILURE,False,,1,True,16,,,False,0,4,0,0.0,False,False,False,"[""Unresolved roles: [{'raw_role': {'id': 'soup_ingredient', 'entity_kind': 'OBJECT', 'function': 'Food item for soup', 'required_count': 2, 'binding_policy': 'DISTINCT', 'candidate_categories': ['soup', 'broth', 'liquid food'], 'required_properties': ['food', 'liquid'], 'visible_candidates': [{'label'""]",[]
kitchen,K5,trial_01,True,True,,True,,True,,2,1,4,False,True,False,PARTIAL,0,0,7,6,6,5,54.0,NO_MEANINGFUL_CANDIDATE_PLAN,GRAPH_COMPILATION_FAILURE,,"('coffee_source',)",5,True,INCOMPLETE,False,False,FUNCTIONAL_ASSIGNMENT_FAILURE,False,,0,False,0,,,False,0,4,0,0.0,False,False,False,"[""Unresolved roles: [{'code': 'AMBIGUOUS_ROLE_MAPPING', 'raw_role': {'id': 'cooking_vessel', 'entity_kind': 'OBJECT', 'function': 'Container for mixing/heating', 'required_count': 1, 'binding_policy': 'SHARED', 'candidate_categories': ['pot', 'kettle', 'pan'], 'required_properties': ['holds liquid', '"", ""Disabled/unsupported operations: [{'raw_group': {'id': 'prep_coffee__primitive_1', 'function': 'transfer material into receiving container', 'tool_role': 'coffee_ingredient', 'target_role': 'cooking_vessel', 'context_role': None, 'required_target_count': 2, 'usage_policy': 'SEQUENTIAL_REUSE_ALLOWED'"", ""Unresolved required operations: [{'id': 'serve_coffee', 'operation': 'pour', 'participant_roles': ['cooking_vessel', 'coffee_cup'], 'semantic_capability_candidates': ['TRANSFER_CONTENT_TO_CONTAINER'], 'reason': 'NO_CAPABILITY_SIGNATURE_ACCEPTS_THESE_PARTICIPANTS', 'requirement_provenance': 'DERIVED_"", ""Unresolved required relations: [{'raw_subject': 'coffee_ingredient', 'raw_phrase': 'mixed_in', 'raw_object': 'cooking_vessel', 'status': 'UNINTERPRETABLE_REQUIRED_RELATION', 'reason': 'Unresolved or context-only endpoint'}, {'raw_subject': 'water', 'raw_phrase': 'mixed_in', 'raw_object': 'cooking_ve""]","[""Required operations the runtime cannot represent: [{'id': 'serve_coffee', 'operation': 'pour', 'participant_roles': ['cooking_vessel', 'coffee_cup'], 'semantic_capability_candidates': ['TRANSFER_CONTENT_TO_CONTAINER'], 'reason': 'NO_CAPABILITY_SIGNATURE_ACCEPTS_THESE_PARTICIPANTS', 'requirement_prov"", ""Required relations the runtime cannot represent: [{'raw_subject': 'coffee_ingredient', 'raw_phrase': 'mixed_in', 'raw_object': 'cooking_vessel', 'status': 'UNINTERPRETABLE_REQUIRED_RELATION', 'reason': 'Unresolved or context-only endpoint'}, {'raw_subject': 'water', 'raw_phrase': 'mixed_in', 'raw_ob"", ""Operations disabled during compilation: [{'raw_group': {'id': 'prep_coffee__primitive_1', 'function': 'transfer material into receiving container', 'tool_role': 'coffee_ingredient', 'target_role': 'cooking_vessel', 'context_role': None, 'required_target_count': 2, 'usage_policy': 'SEQUENTIAL_REUSE_A"", ""Uninterpretable required relations: [{'raw_subject': 'coffee_ingredient', 'raw_phrase': 'mixed_in', 'raw_object': 'cooking_vessel', 'status': 'UNINTERPRETABLE_REQUIRED_RELATION', 'reason': 'Unresolved or context-only endpoint', 'requirement_provenance': 'DERIVED_FROM_EXPLICIT_OPERATION'}, {'raw_subj""]"
kitchen,K5,trial_02,True,True,,True,,True,,4,4,0,False,True,True,PARTIAL,0,3,0,0,3,4,38.06,ACTION_SEQUENCE_READY,SUCCESS,,,2,True,COMPLETE,True,True,,True,,1,True,24,,,True,0,4,4,1.0,True,True,False,"[""Unresolved roles: [{'raw_role': {'id': 'soup_ingredient', 'entity_kind': 'OBJECT', 'function': 'Substance to be eaten as soup', 'required_count': 1, 'binding_policy': 'SHARED', 'candidate_categories': ['soup_can', 'soup_pot', 'food_bag'], 'required_properties': ['is_soup'], 'visible_candidates': [],""]",[]
kitchen,K5,trial_03,True,True,,True,,True,,4,4,0,False,True,True,PARTIAL,0,1,0,0,4,4,46.35,ACTION_SEQUENCE_READY,SUCCESS,,,3,True,COMPLETE,True,True,,True,,1,True,24,,,True,0,4,4,1.0,True,True,False,"[""Unresolved roles: [{'raw_role': {'id': 'soup_content', 'entity_kind': 'OBJECT', 'function': 'The food substance served in the bowl.', 'required_count': 2, 'binding_policy': 'SHARED', 'candidate_categories': ['soup', 'broth', 'stew'], 'required_properties': ['edible liquid/solid'], 'visible_candidate""]",[]
kitchen,K6,trial_01,True,True,,True,,True,,4,4,0,False,True,True,PARTIAL,0,3,0,0,6,4,50.85,ACTION_SEQUENCE_READY,SUCCESS,,,5,True,COMPLETE,True,True,,True,,1,True,26,,,True,0,4,4,1.0,True,True,False,"[""Unresolved roles: [{'raw_role': {'id': 'soup_liquid', 'entity_kind': 'OBJECT', 'function': 'Liquid food component', 'required_count': 2, 'binding_policy': 'SHARED', 'candidate_categories': ['broth', 'liquid_food'], 'required_properties': ['liquid', 'edible'], 'visible_candidates': [{'label': 'red_li""]",[]
kitchen,K6,trial_02,True,True,,True,,True,,2,3,0,False,True,False,PARTIAL,0,0,1,0,8,3,51.73,NO_MEANINGFUL_CANDIDATE_PLAN,GRAPH_COMPILATION_FAILURE,,NO_COMPLETE_FUNCTIONAL_WITNESS,5,True,INFEASIBLE,False,False,OBJECT_DISCOVERY_FAILURE,False,,0,False,0,,,False,0,4,0,0.0,False,False,False,"['Unresolved required relations: [{\'raw_subject\': \'soup_bowl\', \'raw_phrase\': \'The soup_bowl must contain soup and be placed on the table with its own eating_utensil.\', \'raw_object\': \'eating_utensil\', \'status\': \'UNINTERPRETABLE_REQUIRED_RELATION\', \'reason\': ""Relation text \'The soup_bowl must contain so']","['Required relations the runtime cannot represent: [{\'raw_subject\': \'soup_bowl\', \'raw_phrase\': \'The soup_bowl must contain soup and be placed on the table with its own eating_utensil.\', \'raw_object\': \'eating_utensil\', \'status\': \'UNINTERPRETABLE_REQUIRED_RELATION\', \'reason\': ""Relation text \'The soup_bo', 'Uninterpretable required relations: [{\'raw_subject\': \'soup_bowl\', \'raw_phrase\': \'The soup_bowl must contain soup and be placed on the table with its own eating_utensil.\', \'raw_object\': \'eating_utensil\', \'status\': \'UNINTERPRETABLE_REQUIRED_RELATION\', \'reason\': ""Relation text \'The soup_bowl must conta']"
kitchen,K6,trial_03,True,True,,True,,True,,4,4,0,False,True,False,PARTIAL,0,0,3,0,7,4,51.88,NO_MEANINGFUL_CANDIDATE_PLAN,GRAPH_COMPILATION_FAILURE,,"('coffee_source', 'coffee_container')",5,True,INCOMPLETE,False,False,FUNCTIONAL_ASSIGNMENT_FAILURE,False,,0,False,0,,,False,0,4,0,0.0,False,False,False,"[""Unresolved roles: [{'raw_role': {'id': 'soup_ingredient', 'entity_kind': 'OBJECT', 'function': 'Supplies soup liquid/base', 'required_count': 1, 'binding_policy': 'SHARED', 'candidate_categories': ['soup pot', 'can', 'container'], 'required_properties': ['contains soup liquid'], 'visible_candidates'"", 'Unresolved required relations: [{\'raw_subject\': \'stirring_utensil\', \'raw_phrase\': \'stirring_utensil is used to agitate coffee_cup contents\', \'raw_object\': \'coffee_cup\', \'status\': \'UNINTERPRETABLE_REQUIRED_RELATION\', \'reason\': ""Relation text \'stirring_utensil is used to agitate coffee_cup contents\' p']","['Required relations the runtime cannot represent: [{\'raw_subject\': \'coffee_cup\', \'raw_phrase\': \'coffee_cup and soup_bowl are located on service_surface\', \'raw_object\': \'soup_bowl\', \'status\': \'UNINTERPRETABLE_REQUIRED_RELATION\', \'reason\': ""Relation text \'coffee_cup and soup_bowl are located on service', 'Uninterpretable required relations: [{\'raw_subject\': \'coffee_cup\', \'raw_phrase\': \'coffee_cup and soup_bowl are located on service_surface\', \'raw_object\': \'soup_bowl\', \'status\': \'UNINTERPRETABLE_REQUIRED_RELATION\', \'reason\': ""Relation text \'coffee_cup and soup_bowl are located on service_surface\' pro']"
kitchen,K7,trial_01,False,True,,True,,True,,4,4,0,False,True,False,PARTIAL,0,0,2,0,4,4,53.64,NO_MEANINGFUL_CANDIDATE_PLAN,GRAPH_COMPILATION_FAILURE,,"('coffee_source',)",5,True,INFEASIBLE,False,False,OBJECT_DISCOVERY_FAILURE,False,,0,False,0,,,False,0,4,0,0.0,False,True,False,"[""Unresolved roles: [{'raw_role': {'id': 'soup', 'entity_kind': 'OBJECT', 'function': 'Food item to be served.', 'required_count': 2, 'binding_policy': 'DISTINCT', 'candidate_categories': ['broth', 'stew', 'liquid_food'], 'required_properties': ['edible', 'hot_or_cold'], 'visible_candidates': [], 'des"", 'Unresolved required relations: [{\'raw_subject\': \'coffee_cup\', \'raw_phrase\': \'uses_for_action\', \'raw_object\': \'spoon\', \'status\': \'UNINTERPRETABLE_REQUIRED_RELATION\', \'reason\': ""Relation text \'uses_for_action\' provides no semantic evidence for valid predicates [] or task causal semantics""}, {\'raw_subj']","['Required relations the runtime cannot represent: [{\'raw_subject\': \'soup_bowl\', \'raw_phrase\': \'uses_for_action\', \'raw_object\': \'spoon\', \'status\': \'UNINTERPRETABLE_REQUIRED_RELATION\', \'reason\': ""Relation text \'uses_for_action\' provides no semantic evidence for valid predicates [] or task causal semant', 'Uninterpretable required relations: [{\'raw_subject\': \'soup_bowl\', \'raw_phrase\': \'uses_for_action\', \'raw_object\': \'spoon\', \'status\': \'UNINTERPRETABLE_REQUIRED_RELATION\', \'reason\': ""Relation text \'uses_for_action\' provides no semantic evidence for valid predicates [] or task causal semantics"", \'requir']"
kitchen,K7,trial_02,False,True,,True,,True,,4,5,0,False,True,False,PARTIAL,0,0,7,0,9,5,51.97,NO_MEANINGFUL_CANDIDATE_PLAN,GRAPH_COMPILATION_FAILURE,,"('coffee_source', 'water_source')",5,True,INFEASIBLE,False,False,OBJECT_DISCOVERY_FAILURE,False,,0,False,0,,,False,0,4,0,0.0,False,True,False,"[""Unresolved roles: [{'raw_role': {'id': 'soup_ingredient', 'entity_kind': 'OBJECT', 'function': 'Food substance for soup', 'required_count': 2, 'binding_policy': 'DISTINCT', 'candidate_categories': ['soup', 'broth'], 'required_properties': ['liquid', 'edible'], 'visible_candidates': [{'label': 'red_l"", 'Unresolved required relations: [{\'raw_subject\': \'coffee_ingredient\', \'raw_phrase\': \'combine\', \'raw_object\': \'water_ingredient\', \'status\': \'UNINTERPRETABLE_REQUIRED_RELATION\', \'reason\': ""Relation text \'combine\' provides no semantic evidence for valid predicates [] or task causal semantics""}, {\'raw_su']","['Required relations the runtime cannot represent: [{\'raw_subject\': \'coffee_ingredient\', \'raw_phrase\': \'combine\', \'raw_object\': \'water_ingredient\', \'status\': \'UNINTERPRETABLE_REQUIRED_RELATION\', \'reason\': ""Relation text \'combine\' provides no semantic evidence for valid predicates [] or task causal sem', 'Uninterpretable required relations: [{\'raw_subject\': \'coffee_ingredient\', \'raw_phrase\': \'combine\', \'raw_object\': \'water_ingredient\', \'status\': \'UNINTERPRETABLE_REQUIRED_RELATION\', \'reason\': ""Relation text \'combine\' provides no semantic evidence for valid predicates [] or task causal semantics"", \'req']"
kitchen,K7,trial_03,False,True,,True,,True,,4,4,0,False,True,True,PARTIAL,0,1,0,0,5,4,55.4,PARTIAL_ACTION_SEQUENCE_READY,OBJECT_DISCOVERY_FAILURE,,,5,True,PARTIAL_VERIFIED_GROUNDING,False,False,OBJECT_DISCOVERY_FAILURE,False,,1,True,4,,,False,0,4,0,0.0,False,True,False,"[""Unresolved roles: [{'raw_role': {'id': 'soup_source', 'entity_kind': 'OBJECT', 'function': 'Provides the soup food component', 'required_count': 2, 'binding_policy': 'DISTINCT', 'candidate_categories': ['soup can', 'soup pot', 'prepared soup'], 'required_properties': ['liquid food'], 'visible_candid""]",[]
kitchen,K8,trial_01,False,False,MalformedVLMSpecificationError: UNDECLARED_PARTICIPANT: operation_pairings[4] references ['Person'],False,,False,,0,0,0,False,False,False,,0,0,0,0,0,0,2.49,VLM_SPEC_FAILED,TASK_SPECIFICATION_FAILURE,MALFORMED_VLM_SPECIFICATION,UNDECLARED_PARTICIPANT: operation_pairings[4] references ['Person'],0,False,,False,False,,False,,0,False,0,,,False,0,4,0,0.0,False,True,False,,
kitchen,K8,trial_02,False,True,,True,,True,,4,4,0,False,True,False,PARTIAL,0,1,0,1,5,4,51.32,NO_MEANINGFUL_CANDIDATE_PLAN,GRAPH_COMPILATION_FAILURE,,"('coffee_source', 'water_source', 'soup_container')",5,True,INFEASIBLE,False,False,OBJECT_DISCOVERY_FAILURE,False,,0,False,0,,,False,0,4,0,0.0,False,True,False,"[""Unresolved roles: [{'raw_role': {'id': 'soup_ingredient', 'entity_kind': 'OBJECT', 'function': 'Liquid food served in a bowl', 'required_count': 2, 'binding_policy': 'DISTINCT', 'candidate_categories': ['soup', 'broth'], 'required_properties': ['liquid', 'edible'], 'visible_candidates': [], 'descrip"", ""Unresolved required operations: [{'id': 'serve_soup', 'operation': 'serve_soup', 'participant_roles': ['soup_bowl', 'table'], 'semantic_capability_candidates': ['PROVIDE_SOUP_EATING_UTENSIL'], 'reason': 'NO_CAPABILITY_SIGNATURE_ACCEPTS_THESE_PARTICIPANTS', 'requirement_provenance': 'INSTRUCTION_CLAU""]","[""Required operations the runtime cannot represent: [{'id': 'serve_soup', 'operation': 'serve_soup', 'participant_roles': ['soup_bowl', 'table'], 'semantic_capability_candidates': ['PROVIDE_SOUP_EATING_UTENSIL'], 'reason': 'NO_CAPABILITY_SIGNATURE_ACCEPTS_THESE_PARTICIPANTS', 'requirement_provenance':""]"
kitchen,K8,trial_03,False,True,,True,,True,,2,3,0,False,True,False,PARTIAL,0,0,2,1,4,3,54.06,NO_MEANINGFUL_CANDIDATE_PLAN,GRAPH_COMPILATION_FAILURE,,"('coffee_source', 'water_source', 'soup_container')",5,True,INFEASIBLE,False,False,OBJECT_DISCOVERY_FAILURE,False,,0,False,0,,,False,0,4,0,0.0,False,True,False,"[""Unresolved roles: [{'code': 'AMBIGUOUS_ROLE_MAPPING', 'raw_role': {'id': 'soup_bowl', 'entity_kind': 'OBJECT', 'function': 'Container for soup', 'required_count': 2, 'binding_policy': 'DISTINCT', 'candidate_categories': ['bowl', 'dish'], 'required_properties': ['hollow', 'heat resistant'], 'visible_"", ""Unresolved required operations: [{'id': 'serve_soup', 'operation': 'place_with_utensil', 'participant_roles': ['soup_bowl', 'soup', 'eating_utensil'], 'semantic_capability_candidates': [], 'reason': 'NO_RUNTIME_CAPABILITY_MATCHES_THIS_OPERATION_PHRASE', 'requirement_provenance': 'INSTRUCTION_CLAUSE_"", ""Unresolved required relations: [{'raw_subject': 'eating_utensil', 'raw_phrase': 'paired_with', 'raw_object': 'soup_bowl', 'status': 'UNINTERPRETABLE_REQUIRED_RELATION', 'reason': 'Unresolved or context-only endpoint'}, {'raw_subject': 'coffee_cup', 'raw_phrase': 'acted_upon_by', 'raw_object': 'stirr""]","[""Required operations the runtime cannot represent: [{'id': 'serve_soup', 'operation': 'place_with_utensil', 'participant_roles': ['soup_bowl', 'soup', 'eating_utensil'], 'semantic_capability_candidates': [], 'reason': 'NO_RUNTIME_CAPABILITY_MATCHES_THIS_OPERATION_PHRASE', 'requirement_provenance': 'I"", ""Required relations the runtime cannot represent: [{'raw_subject': 'eating_utensil', 'raw_phrase': 'paired_with', 'raw_object': 'soup_bowl', 'status': 'UNINTERPRETABLE_REQUIRED_RELATION', 'reason': 'Unresolved or context-only endpoint'}]"", ""Uninterpretable required relations: [{'raw_subject': 'eating_utensil', 'raw_phrase': 'paired_with', 'raw_object': 'soup_bowl', 'status': 'UNINTERPRETABLE_REQUIRED_RELATION', 'reason': 'Unresolved or context-only endpoint', 'requirement_provenance': 'DERIVED_FROM_EXPLICIT_OPERATION'}]""]"
kitchen,K9,trial_01,False,True,,True,,True,,2,3,0,False,True,False,PARTIAL,0,1,2,1,5,3,51.13,NO_MEANINGFUL_CANDIDATE_PLAN,GRAPH_COMPILATION_FAILURE,,NO_COMPLETE_FUNCTIONAL_WITNESS,5,True,INFEASIBLE,False,False,OBJECT_DISCOVERY_FAILURE,False,,0,False,0,,,False,0,4,0,0.0,False,True,False,"[""Unresolved roles: [{'raw_role': {'id': 'soup_source', 'entity_kind': 'OBJECT', 'function': 'Provides soup ingredient', 'required_count': 1, 'binding_policy': 'SHARED', 'candidate_categories': ['pot', 'bowl', 'container'], 'required_properties': ['contains_soup', 'pourable'], 'visible_candidates': [{"", ""Unresolved required operations: [{'id': 'prepare_soup_portion', 'operation': 'fill', 'participant_roles': ['soup_bowl', 'soup_source'], 'semantic_capability_candidates': ['TRANSFER_CONTENT_TO_CONTAINER'], 'reason': 'NO_CAPABILITY_SIGNATURE_ACCEPTS_THESE_PARTICIPANTS', 'requirement_provenance': 'DERI"", 'Unresolved required relations: [{\'raw_subject\': \'soup_bowl\', \'raw_phrase\': \'has_part\', \'raw_object\': \'eating_utensil\', \'status\': \'UNINTERPRETABLE_REQUIRED_RELATION\', \'reason\': ""Relation text \'has_part\' provides no semantic evidence for valid predicates [] or task causal semantics""}, {\'id\': \'filled_w']","[""Required operations the runtime cannot represent: [{'id': 'prepare_soup_portion', 'operation': 'fill', 'participant_roles': ['soup_bowl', 'soup_source'], 'semantic_capability_candidates': ['TRANSFER_CONTENT_TO_CONTAINER'], 'reason': 'NO_CAPABILITY_SIGNATURE_ACCEPTS_THESE_PARTICIPANTS', 'requirement_"", 'Required relations the runtime cannot represent: [{\'raw_subject\': \'soup_bowl\', \'raw_phrase\': \'has_part\', \'raw_object\': \'eating_utensil\', \'status\': \'UNINTERPRETABLE_REQUIRED_RELATION\', \'reason\': ""Relation text \'has_part\' provides no semantic evidence for valid predicates [] or task causal semantics""}', 'Uninterpretable required relations: [{\'raw_subject\': \'soup_bowl\', \'raw_phrase\': \'has_part\', \'raw_object\': \'eating_utensil\', \'status\': \'UNINTERPRETABLE_REQUIRED_RELATION\', \'reason\': ""Relation text \'has_part\' provides no semantic evidence for valid predicates [] or task causal semantics"", \'requirement']"
kitchen,K9,trial_02,False,True,,True,,True,,4,4,0,False,True,True,PARTIAL,0,0,2,0,4,4,48.28,PARTIAL_ACTION_SEQUENCE_READY,OBJECT_DISCOVERY_FAILURE,,,5,True,PARTIAL_VERIFIED_GROUNDING,False,False,OBJECT_DISCOVERY_FAILURE,False,,1,True,22,,,False,0,4,2,0.5,False,True,False,"['Unresolved required relations: [{\'raw_subject\': \'coffee_cup\', \'raw_phrase\': \'acted_upon_by\', \'raw_object\': \'stirring_spoon\', \'status\': \'UNINTERPRETABLE_REQUIRED_RELATION\', \'reason\': ""Relation text \'acted_upon_by\' provides no semantic evidence for valid predicates [] or task causal semantics""}, {\'raw']",[]
kitchen,K9,trial_03,False,True,,True,,True,,4,2,0,False,True,False,PARTIAL,0,4,5,3,7,2,54.44,NO_MEANINGFUL_CANDIDATE_PLAN,GRAPH_COMPILATION_FAILURE,,NO_COMPLETE_FUNCTIONAL_WITNESS,5,True,INFEASIBLE,False,False,OBJECT_DISCOVERY_FAILURE,False,,0,False,0,,,False,0,4,0,0.0,False,True,False,"[""Unresolved roles: [{'raw_role': {'id': 'soup_food', 'entity_kind': 'OBJECT', 'function': 'The food portion to be eaten', 'required_count': 2, 'binding_policy': 'DISTINCT', 'candidate_categories': ['liquid soup', 'broth', 'stew'], 'required_properties': ['food', 'hot'], 'visible_candidates': [{'label"", ""Unresolved required operations: [{'id': 'prep_coffee', 'operation': 'retrieve', 'participant_roles': ['coffee_ingredient', 'water'], 'semantic_capability_candidates': [], 'reason': 'NO_RUNTIME_CAPABILITY_MATCHES_THIS_OPERATION_PHRASE', 'requirement_provenance': 'DERIVED_FROM_EXPLICIT_OPERATION', 'st"", ""Unresolved required relations: [{'raw_subject': 'coffee_beverage', 'raw_phrase': 'poured_into', 'raw_object': 'coffee_cup', 'status': 'UNINTERPRETABLE_REQUIRED_RELATION', 'reason': 'Unresolved or context-only endpoint'}, {'raw_subject': 'coffee_cup', 'raw_phrase': 'placed_on', 'raw_object': 'table',""]","[""Required operations the runtime cannot represent: [{'id': 'prep_coffee', 'operation': 'retrieve', 'participant_roles': ['coffee_ingredient', 'water'], 'semantic_capability_candidates': [], 'reason': 'NO_RUNTIME_CAPABILITY_MATCHES_THIS_OPERATION_PHRASE', 'requirement_provenance': 'DERIVED_FROM_EXPLIC"", ""Required relations the runtime cannot represent: [{'raw_subject': 'coffee_beverage', 'raw_phrase': 'poured_into', 'raw_object': 'coffee_cup', 'status': 'UNINTERPRETABLE_REQUIRED_RELATION', 'reason': 'Unresolved or context-only endpoint'}, {'raw_subject': 'coffee_cup', 'raw_phrase': 'placed_on', 'raw"", ""Uninterpretable required relations: [{'raw_subject': 'coffee_beverage', 'raw_phrase': 'poured_into', 'raw_object': 'coffee_cup', 'status': 'UNINTERPRETABLE_REQUIRED_RELATION', 'reason': 'Unresolved or context-only endpoint', 'requirement_provenance': 'DERIVED_FROM_EXPLICIT_OPERATION'}, {'raw_subject""]"
living_room,L10,trial_01,False,True,,True,,True,,0,1,0,False,True,False,FULL,0,0,0,1,2,1,11.81,INFEASIBLE,GRAPH_COMPILATION_FAILURE,,"('CUP_SAUCER_SET', 'SHARED_REMOTE_REGION', 'SEATING_POSITION')",0,True,INFEASIBLE,False,False,OBJECT_DISCOVERY_FAILURE,False,,0,False,0,,,False,0,3,0,0.0,False,True,False,"[""Unresolved required operations: [{'id': 'set_refreshments', 'operation': 'Place refreshment settings on the surface.', 'participant_roles': ['refreshment_setting', 'surface', 'person'], 'semantic_capability_candidates': ['SUPPORT_DRINKWARE'], 'reason': 'NO_CAPABILITY_SIGNATURE_ACCEPTS_THESE_PARTICIP""]","[""Required operations the runtime cannot represent: [{'id': 'set_refreshments', 'operation': 'Place refreshment settings on the surface.', 'participant_roles': ['refreshment_setting', 'surface', 'person'], 'semantic_capability_candidates': ['SUPPORT_DRINKWARE'], 'reason': 'NO_CAPABILITY_SIGNATURE_ACCE""]"
living_room,L10,trial_02,False,True,,True,,True,,0,2,0,True,True,True,FULL,0,0,0,0,0,2,12.61,NO_MEANINGFUL_CANDIDATE_PLAN,FUNCTIONAL_ASSIGNMENT_FAILURE,,UNINSTANTIABLE_MISSING_RELATION: no expressed verified placement requirement,0,True,PARTIAL_VERIFIED_GROUNDING,False,False,OBJECT_DISCOVERY_FAILURE,False,,0,False,0,,,False,0,3,0,0.0,False,True,False,[],[]
living_room,L10,trial_03,False,True,,True,,True,,0,0,0,False,True,False,PARTIAL,0,0,4,2,2,0,11.41,INFEASIBLE,GRAPH_COMPILATION_FAILURE,,"('REMOTE', 'PERSONAL_CUP_SAUCER_REGION', 'SEATING_POSITION')",0,True,INFEASIBLE,False,False,OBJECT_DISCOVERY_FAILURE,False,,0,False,0,,,False,0,3,0,0.0,False,True,False,"[""Unresolved roles: [{'code': 'AMBIGUOUS_ROLE_MAPPING', 'raw_role': {'id': 'entertainment_control', 'entity_kind': 'OBJECT', 'function': 'A device to operate the television, such as a remote control.', 'required_count': 1, 'binding_policy': 'SHARED', 'candidate_categories': ['remote', 'controller'], '"", ""Unresolved required operations: [{'id': 'set_refreshments', 'operation': 'place_refreshment_setting', 'participant_roles': ['refreshment_setting', 'surface'], 'semantic_capability_candidates': ['SUPPORT_DRINKWARE', 'SUPPORT_ENTERTAINMENT_CONTROL'], 'reason': 'NO_CAPABILITY_SIGNATURE_ACCEPTS_THESE_PA"", 'Unresolved required relations: [{\'raw_subject\': \'refreshment_setting\', \'raw_phrase\': \'positioned_on\', \'raw_object\': \'surface\', \'status\': \'UNINTERPRETABLE_REQUIRED_RELATION\', \'reason\': ""Relation text \'positioned_on\' provides no semantic evidence for valid predicates [] or task causal semantics""}, {\'r']","[""Required operations the runtime cannot represent: [{'id': 'set_refreshments', 'operation': 'place_refreshment_setting', 'participant_roles': ['refreshment_setting', 'surface'], 'semantic_capability_candidates': ['SUPPORT_DRINKWARE', 'SUPPORT_ENTERTAINMENT_CONTROL'], 'reason': 'NO_CAPABILITY_SIGNATUR"", 'Required relations the runtime cannot represent: [{\'raw_subject\': \'refreshment_setting\', \'raw_phrase\': \'positioned_on\', \'raw_object\': \'surface\', \'status\': \'UNINTERPRETABLE_REQUIRED_RELATION\', \'reason\': ""Relation text \'positioned_on\' provides no semantic evidence for valid predicates [] or task causa', 'Uninterpretable required relations: [{\'raw_subject\': \'refreshment_setting\', \'raw_phrase\': \'positioned_on\', \'raw_object\': \'surface\', \'status\': \'UNINTERPRETABLE_REQUIRED_RELATION\', \'reason\': ""Relation text \'positioned_on\' provides no semantic evidence for valid predicates [] or task causal semantics"",']"
living_room,L1,trial_01,True,True,,True,,True,,1,1,0,False,True,False,FULL,0,0,0,1,1,1,13.53,INFEASIBLE,GRAPH_COMPILATION_FAILURE,,"('SEATING_POSITION',)",0,True,INFEASIBLE,False,False,OBJECT_DISCOVERY_FAILURE,False,,0,False,0,,,False,0,3,0,0.0,False,False,False,"[""Unresolved required operations: [{'id': 'prepare_refreshment_settings', 'operation': 'arrange_refreshment_setting', 'participant_roles': ['refreshment_setting', 'seating_area'], 'semantic_capability_candidates': [], 'reason': 'NO_RUNTIME_CAPABILITY_MATCHES_THIS_OPERATION_PHRASE', 'requirement_proven""]","[""Required operations the runtime cannot represent: [{'id': 'prepare_refreshment_settings', 'operation': 'arrange_refreshment_setting', 'participant_roles': ['refreshment_setting', 'seating_area'], 'semantic_capability_candidates': [], 'reason': 'NO_RUNTIME_CAPABILITY_MATCHES_THIS_OPERATION_PHRASE', '""]"
living_room,L1,trial_02,True,True,,True,,True,,0,2,0,True,True,True,FULL,0,0,0,0,1,2,14.29,PARTIAL_ACTION_SEQUENCE_READY,FUNCTIONAL_ASSIGNMENT_FAILURE,,,0,True,PARTIAL_VERIFIED_GROUNDING,False,False,FUNCTIONAL_ASSIGNMENT_FAILURE,False,,1,True,6,VALID,GOAL_SATISFIED,False,0,3,1,0.3333,False,False,False,[],[]
living_room,L1,trial_03,True,True,,True,,True,,0,2,0,True,True,True,FULL,0,0,0,0,0,2,14.86,ACTION_SEQUENCE_READY,SUCCESS,,,0,True,COMPLETE,True,True,,True,,1,True,10,VALID,GOAL_SATISFIED,True,0,3,3,1.0,True,True,False,[],[]
living_room,L2,trial_01,True,True,,True,,True,,0,2,0,True,True,True,FULL,0,0,0,0,0,2,13.92,PARTIAL_ACTION_SEQUENCE_READY,FUNCTIONAL_ASSIGNMENT_FAILURE,,,0,True,PARTIAL_VERIFIED_GROUNDING,False,False,FUNCTIONAL_ASSIGNMENT_FAILURE,False,,1,True,4,VALID,GOAL_SATISFIED,False,0,3,1,0.3333,False,False,False,[],[]
living_room,L2,trial_02,True,False,MalformedVLMSpecificationError: V3 schema validation failed: 'schema_version' is a required property,False,,False,,0,0,0,False,False,False,,0,0,0,0,0,0,0.27,VLM_SPEC_FAILED,TASK_SPECIFICATION_FAILURE,SANITIZER_UNRECOVERABLE,No meaningful functional roles recovered,0,False,,False,False,,False,,0,False,0,,,False,0,3,0,0.0,False,False,False,,
living_room,L2,trial_03,True,True,,True,,True,,0,2,0,True,True,True,FULL,0,0,0,0,3,2,15.02,ACTION_SEQUENCE_READY,SUCCESS,,,0,True,COMPLETE,True,True,,True,,1,True,8,VALID,GOAL_SATISFIED,True,0,3,3,1.0,True,True,False,[],[]
living_room,L3,trial_01,True,False,MalformedVLMSpecificationError: V3 schema validation failed: 'schema_version' is a required property,False,,False,,0,0,0,False,False,False,,0,0,0,0,0,0,0.3,VLM_SPEC_FAILED,TASK_SPECIFICATION_FAILURE,SANITIZER_UNRECOVERABLE,No meaningful functional roles recovered,0,False,,False,False,,False,,0,False,0,,,False,0,3,0,0.0,False,False,False,,
living_room,L3,trial_02,True,False,MalformedVLMSpecificationError: V3 schema validation failed: 'schema_version' is a required property,False,,False,,0,0,0,False,False,False,,0,0,0,0,0,0,0.26,VLM_SPEC_FAILED,TASK_SPECIFICATION_FAILURE,SANITIZER_UNRECOVERABLE,No meaningful functional roles recovered,0,False,,False,False,,False,,0,False,0,,,False,0,3,0,0.0,False,False,False,,
living_room,L3,trial_03,True,True,,True,,True,,0,1,0,False,True,False,FULL,0,0,1,1,2,1,14.63,PARTIAL_ACTION_SEQUENCE_READY,GRAPH_COMPILATION_FAILURE,,,0,True,COMPLETE,True,True,,False,,1,True,8,VALID,GOAL_SATISFIED,False,0,3,2,0.6667,False,False,False,"[""Unresolved required operations: [{'id': 'position_remote', 'operation': 'place', 'participant_roles': ['entertainment_control', 'surface'], 'semantic_capability_candidates': ['SUPPORT_DRINKWARE', 'SUPPORT_ENTERTAINMENT_CONTROL'], 'reason': 'NO_CAPABILITY_SIGNATURE_ACCEPTS_THESE_PARTICIPANTS', 'requi"", ""Unresolved required relations: [{'id': 'control_accessible', 'relation': 'accessible_to', 'participant_roles': ['entertainment_control', 'chair'], 'reason': 'NO_LEGAL_ORIENTATION_FOR_PARTICIPANTS', 'requirement_provenance': 'INSTRUCTION_CLAUSE_SUPPORT', 'status': 'UNRESOLVED_REQUIRED_SEMANTIC'}]""]","[""Required operations the runtime cannot represent: [{'id': 'position_remote', 'operation': 'place', 'participant_roles': ['entertainment_control', 'surface'], 'semantic_capability_candidates': ['SUPPORT_DRINKWARE', 'SUPPORT_ENTERTAINMENT_CONTROL'], 'reason': 'NO_CAPABILITY_SIGNATURE_ACCEPTS_THESE_PAR"", ""Required relations the runtime cannot represent: [{'id': 'control_accessible', 'relation': 'accessible_to', 'participant_roles': ['entertainment_control', 'chair'], 'reason': 'NO_LEGAL_ORIENTATION_FOR_PARTICIPANTS', 'requirement_provenance': 'INSTRUCTION_CLAUSE_SUPPORT', 'status': 'UNRESOLVED_REQUIR""]"
living_room,L4,trial_01,True,True,,True,,True,,0,2,0,True,True,True,FULL,0,0,0,0,1,2,13.73,ACTION_SEQUENCE_READY,SUCCESS,,,0,True,COMPLETE,True,True,,True,,1,True,10,VALID,GOAL_SATISFIED,True,0,3,3,1.0,True,True,False,[],[]
living_room,L4,trial_02,True,True,,True,,True,,0,2,0,False,True,False,PARTIAL,0,0,1,0,2,2,14.27,PARTIAL_ACTION_SEQUENCE_READY,GRAPH_COMPILATION_FAILURE,,,0,True,COMPLETE,True,True,,False,,1,True,10,VALID,GOAL_SATISFIED,False,0,3,3,1.0,True,True,False,"['Unresolved required relations: [{\'raw_subject\': \'entertainment_control\', \'raw_phrase\': \'is_supported_by\', \'raw_object\': \'surface\', \'status\': \'UNINTERPRETABLE_REQUIRED_RELATION\', \'reason\': ""Relation text \'is_supported_by\' provides no semantic evidence for valid predicates [] or task causal semantics""']","['Required relations the runtime cannot represent: [{\'raw_subject\': \'entertainment_control\', \'raw_phrase\': \'is_supported_by\', \'raw_object\': \'surface\', \'status\': \'UNINTERPRETABLE_REQUIRED_RELATION\', \'reason\': ""Relation text \'is_supported_by\' provides no semantic evidence for valid predicates [] or task', 'Uninterpretable required relations: [{\'raw_subject\': \'entertainment_control\', \'raw_phrase\': \'is_supported_by\', \'raw_object\': \'surface\', \'status\': \'UNINTERPRETABLE_REQUIRED_RELATION\', \'reason\': ""Relation text \'is_supported_by\' provides no semantic evidence for valid predicates [] or task causal seman']"
living_room,L4,trial_03,True,True,,True,,True,,0,2,0,True,True,True,FULL,0,0,0,0,2,2,14.93,ACTION_SEQUENCE_READY,SUCCESS,,,0,True,COMPLETE,True,True,,True,,1,True,10,VALID,GOAL_SATISFIED,True,0,3,3,1.0,True,True,False,[],[]
living_room,L5,trial_01,True,True,,True,,True,,0,2,0,True,True,True,FULL,0,0,0,0,1,2,13.68,ACTION_SEQUENCE_READY,SUCCESS,,,0,True,COMPLETE,True,True,,True,,1,True,8,VALID,GOAL_SATISFIED,True,0,3,3,1.0,True,True,False,[],[]
living_room,L5,trial_02,True,True,,True,,True,,0,2,0,True,True,True,FULL,0,0,0,0,2,2,13.97,ACTION_SEQUENCE_READY,SUCCESS,,,0,True,COMPLETE,True,True,,True,,1,True,8,VALID,GOAL_SATISFIED,True,0,3,3,1.0,True,True,False,[],[]
living_room,L5,trial_03,True,True,,True,,True,,0,0,0,False,True,False,PARTIAL,0,0,8,2,8,0,14.17,NO_MEANINGFUL_CANDIDATE_PLAN,GRAPH_COMPILATION_FAILURE,,UNINSTANTIABLE_MISSING_RELATION: no expressed verified placement requirement,0,True,COMPLETE,True,True,,False,,0,False,0,,,False,0,3,0,0.0,False,False,False,"[""Unresolved roles: [{'code': 'AMBIGUOUS_ROLE_MAPPING', 'raw_role': {'id': 'food_vessel', 'entity_kind': 'OBJECT', 'function': 'Holds food for consumption', 'required_count': 2, 'binding_policy': 'DISTINCT', 'candidate_categories': ['plate', 'bowl'], 'required_properties': ['holds food'], 'visible_can"", ""Unresolved required operations: [{'id': 'create_refreshment_setting', 'operation': 'place_items_on_surface', 'participant_roles': ['drink_vessel', 'food_vessel', 'placement_surface'], 'semantic_capability_candidates': ['SUPPORT_DRINKWARE', 'SUPPORT_ENTERTAINMENT_CONTROL'], 'reason': 'NO_CAPABILITY_S"", ""Unresolved required relations: [{'raw_subject': 'drink_vessel', 'raw_phrase': 'complementary_pair', 'raw_object': 'food_vessel', 'status': 'UNINTERPRETABLE_REQUIRED_RELATION', 'reason': 'Unresolved or context-only endpoint'}, {'raw_subject': 'drink_vessel', 'raw_phrase': 'spatial_support', 'raw_obje""]","[""Required operations the runtime cannot represent: [{'id': 'create_refreshment_setting', 'operation': 'place_items_on_surface', 'participant_roles': ['drink_vessel', 'food_vessel', 'placement_surface'], 'semantic_capability_candidates': ['SUPPORT_DRINKWARE', 'SUPPORT_ENTERTAINMENT_CONTROL'], 'reason'"", ""Required relations the runtime cannot represent: [{'raw_subject': 'drink_vessel', 'raw_phrase': 'complementary_pair', 'raw_object': 'food_vessel', 'status': 'UNINTERPRETABLE_REQUIRED_RELATION', 'reason': 'Unresolved or context-only endpoint'}, {'raw_subject': 'drink_vessel', 'raw_phrase': 'spatial_s"", ""Uninterpretable required relations: [{'raw_subject': 'drink_vessel', 'raw_phrase': 'complementary_pair', 'raw_object': 'food_vessel', 'status': 'UNINTERPRETABLE_REQUIRED_RELATION', 'reason': 'Unresolved or context-only endpoint', 'requirement_provenance': 'DERIVED_FROM_EXPLICIT_OPERATION'}, {'raw_su""]"
living_room,L6,trial_01,True,True,,True,,True,,0,0,0,False,True,False,PARTIAL,0,0,2,2,2,0,13.78,NO_MEANINGFUL_CANDIDATE_PLAN,GRAPH_COMPILATION_FAILURE,,UNINSTANTIABLE_MISSING_RELATION: no expressed verified placement requirement,0,True,COMPLETE,True,True,,False,,0,False,0,,,False,0,3,0,0.0,False,False,False,"[""Unresolved required operations: [{'id': 'provide_refreshment_settings', 'operation': 'place', 'participant_roles': ['refreshment_setting', 'surface'], 'semantic_capability_candidates': ['SUPPORT_DRINKWARE', 'SUPPORT_ENTERTAINMENT_CONTROL'], 'reason': 'NO_CAPABILITY_SIGNATURE_ACCEPTS_THESE_PARTICIPAN"", 'Unresolved required relations: [{\'raw_subject\': \'refreshment_setting\', \'raw_phrase\': \'is located on\', \'raw_object\': \'surface\', \'status\': \'UNINTERPRETABLE_REQUIRED_RELATION\', \'reason\': ""Relation text \'is located on\' provides no semantic evidence for valid predicates [] or task causal semantics""}, {\'r']","[""Required operations the runtime cannot represent: [{'id': 'provide_refreshment_settings', 'operation': 'place', 'participant_roles': ['refreshment_setting', 'surface'], 'semantic_capability_candidates': ['SUPPORT_DRINKWARE', 'SUPPORT_ENTERTAINMENT_CONTROL'], 'reason': 'NO_CAPABILITY_SIGNATURE_ACCEPT"", 'Required relations the runtime cannot represent: [{\'raw_subject\': \'refreshment_setting\', \'raw_phrase\': \'is located on\', \'raw_object\': \'surface\', \'status\': \'UNINTERPRETABLE_REQUIRED_RELATION\', \'reason\': ""Relation text \'is located on\' provides no semantic evidence for valid predicates [] or task causa', 'Uninterpretable required relations: [{\'raw_subject\': \'refreshment_setting\', \'raw_phrase\': \'is located on\', \'raw_object\': \'surface\', \'status\': \'UNINTERPRETABLE_REQUIRED_RELATION\', \'reason\': ""Relation text \'is located on\' provides no semantic evidence for valid predicates [] or task causal semantics"",']"
living_room,L6,trial_02,True,True,,True,,True,,0,2,0,True,True,True,FULL,0,0,0,0,1,2,14.37,ACTION_SEQUENCE_READY,SUCCESS,,,0,True,COMPLETE,True,True,,True,,1,True,10,VALID,GOAL_SATISFIED,True,0,3,3,1.0,True,True,False,[],[]
living_room,L6,trial_03,True,True,,True,,True,,0,0,0,False,True,False,PARTIAL,0,0,3,2,3,0,14.57,INFEASIBLE,GRAPH_COMPILATION_FAILURE,,"('SEATING_POSITION', 'CUP_SAUCER_SET')",0,True,INFEASIBLE,False,False,OBJECT_DISCOVERY_FAILURE,False,,0,False,0,,,False,0,3,0,0.0,False,False,False,"[""Unresolved required operations: [{'id': 'provide_refreshment', 'operation': 'set_up_refreshment_setting', 'participant_roles': ['refreshment_setting', 'person'], 'semantic_capability_candidates': [], 'reason': 'NO_RUNTIME_CAPABILITY_MATCHES_THIS_OPERATION_PHRASE', 'requirement_provenance': 'INSTRUCT"", 'Unresolved required relations: [{\'raw_subject\': \'refreshment_setting\', \'raw_phrase\': \'provided_to\', \'raw_object\': \'person\', \'status\': \'UNINTERPRETABLE_REQUIRED_RELATION\', \'reason\': ""Relation text \'provided_to\' provides no semantic evidence for valid predicates [] or task causal semantics""}, {\'raw_su']","[""Required operations the runtime cannot represent: [{'id': 'provide_refreshment', 'operation': 'set_up_refreshment_setting', 'participant_roles': ['refreshment_setting', 'person'], 'semantic_capability_candidates': [], 'reason': 'NO_RUNTIME_CAPABILITY_MATCHES_THIS_OPERATION_PHRASE', 'requirement_prov"", 'Required relations the runtime cannot represent: [{\'raw_subject\': \'refreshment_setting\', \'raw_phrase\': \'provided_to\', \'raw_object\': \'person\', \'status\': \'UNINTERPRETABLE_REQUIRED_RELATION\', \'reason\': ""Relation text \'provided_to\' provides no semantic evidence for valid predicates [] or task causal sem', 'Uninterpretable required relations: [{\'raw_subject\': \'refreshment_setting\', \'raw_phrase\': \'provided_to\', \'raw_object\': \'person\', \'status\': \'UNINTERPRETABLE_REQUIRED_RELATION\', \'reason\': ""Relation text \'provided_to\' provides no semantic evidence for valid predicates [] or task causal semantics"", \'req']"
living_room,L7,trial_01,False,True,,True,,True,,0,2,0,True,True,True,FULL,0,0,0,0,1,2,13.53,PARTIAL_ACTION_SEQUENCE_READY,FUNCTIONAL_ASSIGNMENT_FAILURE,,,0,True,PARTIAL_VERIFIED_GROUNDING,False,False,FUNCTIONAL_ASSIGNMENT_FAILURE,False,,1,True,8,VALID,GOAL_SATISFIED,False,0,3,2,0.6667,False,True,False,[],[]
living_room,L7,trial_02,False,True,,True,,True,,0,2,0,True,True,True,FULL,0,0,0,0,1,2,13.94,PARTIAL_ACTION_SEQUENCE_READY,FUNCTIONAL_ASSIGNMENT_FAILURE,,,0,True,PARTIAL_VERIFIED_GROUNDING,False,False,FUNCTIONAL_ASSIGNMENT_FAILURE,False,,1,True,4,VALID,GOAL_SATISFIED,False,0,3,0,0.0,False,True,False,[],[]
living_room,L7,trial_03,False,True,,True,,True,,0,1,0,False,True,False,PARTIAL,0,0,2,1,4,1,13.95,PARTIAL_ACTION_SEQUENCE_READY,GRAPH_COMPILATION_FAILURE,,,0,True,COMPLETE,True,True,,False,,1,True,8,VALID,GOAL_SATISFIED,False,0,3,2,0.6667,False,True,False,"[""Unresolved required operations: [{'id': 'place_controller', 'operation': 'Move the entertainment_control to a surface accessible to both people', 'participant_roles': ['entertainment_control', 'surface', 'person'], 'semantic_capability_candidates': ['SUPPORT_DRINKWARE', 'SUPPORT_ENTERTAINMENT_CONTRO"", 'Unresolved required relations: [{\'raw_subject\': \'refreshment_setting\', \'raw_phrase\': \'Refreshment_settings and the entertainment_control must rest on a surface\', \'raw_object\': \'entertainment_control\', \'status\': \'UNINTERPRETABLE_REQUIRED_RELATION\', \'reason\': ""Semantic candidates [\'FITS_ON\', \'FITS_SET']","[""Required operations the runtime cannot represent: [{'id': 'place_controller', 'operation': 'Move the entertainment_control to a surface accessible to both people', 'participant_roles': ['entertainment_control', 'surface', 'person'], 'semantic_capability_candidates': ['SUPPORT_DRINKWARE', 'SUPPORT_EN"", 'Required relations the runtime cannot represent: [{\'raw_subject\': \'refreshment_setting\', \'raw_phrase\': \'Refreshment_settings and the entertainment_control must rest on a surface\', \'raw_object\': \'entertainment_control\', \'status\': \'UNINTERPRETABLE_REQUIRED_RELATION\', \'reason\': ""Semantic candidates [\'F', 'Uninterpretable required relations: [{\'raw_subject\': \'refreshment_setting\', \'raw_phrase\': \'Refreshment_settings and the entertainment_control must rest on a surface\', \'raw_object\': \'entertainment_control\', \'status\': \'UNINTERPRETABLE_REQUIRED_RELATION\', \'reason\': ""Semantic candidates [\'FITS_ON\', \'FIT']"
living_room,L8,trial_01,False,True,,True,,True,,0,1,0,False,True,False,PARTIAL,0,0,1,1,2,1,13.17,INFEASIBLE,GRAPH_COMPILATION_FAILURE,,NO_GLOBAL_REGION_ASSIGNMENT,0,True,INFEASIBLE,False,False,FUNCTIONAL_ASSIGNMENT_FAILURE,False,,0,False,0,,,False,0,3,0,0.0,False,True,False,"[""Unresolved required operations: [{'id': 'place_control', 'operation': 'Place entertainment_control on surface', 'participant_roles': ['entertainment_control', 'surface'], 'semantic_capability_candidates': ['SUPPORT_DRINKWARE', 'SUPPORT_ENTERTAINMENT_CONTROL'], 'reason': 'NO_CAPABILITY_SIGNATURE_ACCE"", 'Unresolved required relations: [{\'raw_subject\': \'entertainment_control\', \'raw_phrase\': \'rests on\', \'raw_object\': \'surface\', \'status\': \'UNINTERPRETABLE_REQUIRED_RELATION\', \'reason\': ""Semantic candidates [\'FITS_ON\', \'FITS_SET_ON\'] incompatible with endpoints (REMOTE, PERSONAL_CUP_SAUCER_REGION)""}]']","[""Required operations the runtime cannot represent: [{'id': 'place_control', 'operation': 'Place entertainment_control on surface', 'participant_roles': ['entertainment_control', 'surface'], 'semantic_capability_candidates': ['SUPPORT_DRINKWARE', 'SUPPORT_ENTERTAINMENT_CONTROL'], 'reason': 'NO_CAPABIL"", 'Required relations the runtime cannot represent: [{\'raw_subject\': \'entertainment_control\', \'raw_phrase\': \'rests on\', \'raw_object\': \'surface\', \'status\': \'UNINTERPRETABLE_REQUIRED_RELATION\', \'reason\': ""Semantic candidates [\'FITS_ON\', \'FITS_SET_ON\'] incompatible with endpoints (REMOTE, PERSONAL_CUP_SAU', 'Uninterpretable required relations: [{\'raw_subject\': \'entertainment_control\', \'raw_phrase\': \'rests on\', \'raw_object\': \'surface\', \'status\': \'UNINTERPRETABLE_REQUIRED_RELATION\', \'reason\': ""Semantic candidates [\'FITS_ON\', \'FITS_SET_ON\'] incompatible with endpoints (REMOTE, PERSONAL_CUP_SAUCER_REGION)"",']"
living_room,L8,trial_02,False,True,,True,,True,,0,2,0,False,True,True,PARTIAL,0,0,0,0,1,2,14.27,PARTIAL_ACTION_SEQUENCE_READY,OBJECT_DISCOVERY_FAILURE,,,0,True,PARTIAL_VERIFIED_GROUNDING,False,False,OBJECT_DISCOVERY_FAILURE,False,,1,True,2,VALID,GOAL_SATISFIED,False,0,3,1,0.3333,False,True,False,"[""Unresolved roles: [{'raw_role': {'id': 'person', 'entity_kind': 'OBJECT', 'function': 'The individual consuming refreshments and watching TV.', 'required_count': 2, 'binding_policy': 'DISTINCT', 'candidate_categories': ['human', 'guest'], 'required_properties': [], 'visible_candidates': [], 'descrip""]",[]
living_room,L8,trial_03,False,True,,True,,True,,0,0,0,False,True,False,PARTIAL,0,0,2,2,0,0,13.57,NO_MEANINGFUL_CANDIDATE_PLAN,GRAPH_COMPILATION_FAILURE,,UNINSTANTIABLE_MISSING_RELATION: no expressed verified placement requirement,0,True,COMPLETE,True,True,,False,,0,False,0,,,False,0,3,0,0.0,False,True,False,"[""Unresolved roles: [{'raw_role': {'id': 'person', 'entity_kind': 'OBJECT', 'function': 'Receiver of refreshments and viewer of television', 'required_count': 2, 'binding_policy': 'DISTINCT', 'candidate_categories': ['human'], 'required_properties': [], 'visible_candidates': [], 'description': ''}, 's"", ""Unresolved required operations: [{'id': 'distribute_refreshments', 'operation': 'place', 'participant_roles': ['refreshment_setting', 'surface', 'person'], 'semantic_capability_candidates': ['SUPPORT_DRINKWARE', 'SUPPORT_ENTERTAINMENT_CONTROL'], 'reason': 'NO_CAPABILITY_SIGNATURE_ACCEPTS_THESE_PARTI"", ""Unresolved required relations: [{'id': 'refreshment_proximity', 'relation': 'near', 'participant_roles': ['refreshment_setting', 'person'], 'reason': 'NO_LEGAL_ORIENTATION_FOR_PARTICIPANTS', 'requirement_provenance': 'DERIVED_FROM_EXPLICIT_OPERATION', 'status': 'UNRESOLVED_REQUIRED_SEMANTIC'}, {'id'""]","[""Required operations the runtime cannot represent: [{'id': 'distribute_refreshments', 'operation': 'place', 'participant_roles': ['refreshment_setting', 'surface', 'person'], 'semantic_capability_candidates': ['SUPPORT_DRINKWARE', 'SUPPORT_ENTERTAINMENT_CONTROL'], 'reason': 'NO_CAPABILITY_SIGNATURE_A"", ""Required relations the runtime cannot represent: [{'id': 'refreshment_proximity', 'relation': 'near', 'participant_roles': ['refreshment_setting', 'person'], 'reason': 'NO_LEGAL_ORIENTATION_FOR_PARTICIPANTS', 'requirement_provenance': 'DERIVED_FROM_EXPLICIT_OPERATION', 'status': 'UNRESOLVED_REQUIRED""]"
living_room,L9,trial_01,False,True,,True,,True,,0,1,0,False,True,False,PARTIAL,0,0,2,1,4,1,12.75,INFEASIBLE,GRAPH_COMPILATION_FAILURE,,NO_GLOBAL_REGION_ASSIGNMENT,0,True,INFEASIBLE,False,False,FUNCTIONAL_ASSIGNMENT_FAILURE,False,,0,False,0,,,False,0,3,0,0.0,False,True,False,"[""Unresolved required operations: [{'id': 'place_control', 'operation': 'Place entertainment control on surface', 'participant_roles': ['entertainment_control', 'surface'], 'semantic_capability_candidates': ['SUPPORT_DRINKWARE', 'SUPPORT_ENTERTAINMENT_CONTROL'], 'reason': 'NO_CAPABILITY_SIGNATURE_ACCE"", 'Unresolved required relations: [{\'raw_subject\': \'refreshment_setting\', \'raw_phrase\': \'on\', \'raw_object\': \'entertainment_control\', \'status\': \'UNINTERPRETABLE_REQUIRED_RELATION\', \'reason\': ""Relation text \'on\' provides no semantic evidence for valid predicates [] or task causal semantics""}, {\'raw_subje']","[""Required operations the runtime cannot represent: [{'id': 'place_control', 'operation': 'Place entertainment control on surface', 'participant_roles': ['entertainment_control', 'surface'], 'semantic_capability_candidates': ['SUPPORT_DRINKWARE', 'SUPPORT_ENTERTAINMENT_CONTROL'], 'reason': 'NO_CAPABIL"", 'Required relations the runtime cannot represent: [{\'raw_subject\': \'refreshment_setting\', \'raw_phrase\': \'on\', \'raw_object\': \'entertainment_control\', \'status\': \'UNINTERPRETABLE_REQUIRED_RELATION\', \'reason\': ""Relation text \'on\' provides no semantic evidence for valid predicates [] or task causal semant', 'Uninterpretable required relations: [{\'raw_subject\': \'refreshment_setting\', \'raw_phrase\': \'on\', \'raw_object\': \'entertainment_control\', \'status\': \'UNINTERPRETABLE_REQUIRED_RELATION\', \'reason\': ""Relation text \'on\' provides no semantic evidence for valid predicates [] or task causal semantics"", \'requir']"
living_room,L9,trial_02,False,False,MalformedVLMSpecificationError: V3 schema validation failed: 'schema_version' is a required property,False,,False,,0,0,0,False,False,False,,0,0,0,0,0,0,0.3,VLM_SPEC_FAILED,TASK_SPECIFICATION_FAILURE,SANITIZER_UNRECOVERABLE,No meaningful functional roles recovered,0,False,,False,False,,False,,0,False,0,,,False,0,3,0,0.0,False,True,False,,
living_room,L9,trial_03,False,True,,True,,True,,0,1,0,False,True,False,FULL,0,0,1,1,1,1,12.39,INFEASIBLE,GRAPH_COMPILATION_FAILURE,,NO_GLOBAL_REGION_ASSIGNMENT,0,True,INFEASIBLE,False,False,FUNCTIONAL_ASSIGNMENT_FAILURE,False,,0,False,0,,,False,0,3,0,0.0,False,True,False,"[""Unresolved required operations: [{'id': 'operation_2', 'operation': 'place', 'participant_roles': ['entertainment_control', 'surface'], 'semantic_capability_candidates': ['SUPPORT_DRINKWARE', 'SUPPORT_ENTERTAINMENT_CONTROL'], 'reason': 'NO_CAPABILITY_SIGNATURE_ACCEPTS_THESE_PARTICIPANTS', 'requireme"", ""Unresolved required relations: [{'id': 'relation_2', 'relation': 'accessible_from', 'participant_roles': ['entertainment_control', 'seating_area'], 'reason': 'NO_LEGAL_ORIENTATION_FOR_PARTICIPANTS', 'requirement_provenance': 'INSTRUCTION_CLAUSE_SUPPORT', 'status': 'UNRESOLVED_REQUIRED_SEMANTIC'}]""]","[""Required operations the runtime cannot represent: [{'id': 'operation_2', 'operation': 'place', 'participant_roles': ['entertainment_control', 'surface'], 'semantic_capability_candidates': ['SUPPORT_DRINKWARE', 'SUPPORT_ENTERTAINMENT_CONTROL'], 'reason': 'NO_CAPABILITY_SIGNATURE_ACCEPTS_THESE_PARTICI"", ""Required relations the runtime cannot represent: [{'id': 'relation_2', 'relation': 'accessible_from', 'participant_roles': ['entertainment_control', 'seating_area'], 'reason': 'NO_LEGAL_ORIENTATION_FOR_PARTICIPANTS', 'requirement_provenance': 'INSTRUCTION_CLAUSE_SUPPORT', 'status': 'UNRESOLVED_REQUI""]"
workshop,W10,trial_01,False,True,,True,,True,,3,1,0,False,True,True,PARTIAL,0,1,2,0,6,2,28.11,ACTION_SEQUENCE_READY,SUCCESS,,,3,True,COMPLETE,True,True,,True,,1,True,5,VALID,GOAL_SATISFIED,True,0,3,3,1.0,True,False,False,"['Unresolved required relations: [{\'raw_subject\': \'fastening_tool\', \'raw_phrase\': \'The fastening tool is used to install the fastener.\', \'raw_object\': \'fastener\', \'status\': \'UNINTERPRETABLE_REQUIRED_RELATION\', \'reason\': ""Relation text \'The fastening tool is used to install the fastener.\' provides no s']",[]
workshop,W10,trial_02,False,True,,True,,True,,3,1,0,False,True,False,PARTIAL,0,0,3,1,3,2,30.92,INFEASIBLE,GRAPH_COMPILATION_FAILURE,,"repair_target, repair_target",3,True,INFEASIBLE,False,False,,False,,0,False,0,,,False,0,3,0,0.0,False,True,False,"[""Unresolved required operations: [{'id': 'search_storage', 'participant_roles': ['storage_unit'], 'reason': 'TOO_FEW_DISTINCT_PARTICIPANTS_TO_STATE_A_RELATION', 'requirement_provenance': 'DERIVED_FROM_EXPLICIT_OPERATION', 'operation': 'Open and inspect the storage unit to find components.', 'semantic"", 'Unresolved required relations: [{\'raw_subject\': \'fastener\', \'raw_phrase\': \'The fastener must fit and secure the workpieces.\', \'raw_object\': \'workpiece\', \'status\': \'UNINTERPRETABLE_REQUIRED_RELATION\', \'reason\': ""Relation text \'The fastener must fit and secure the workpieces.\' provides no semantic evi']","[""Required operations the runtime cannot represent: [{'id': 'search_storage', 'participant_roles': ['storage_unit'], 'reason': 'TOO_FEW_DISTINCT_PARTICIPANTS_TO_STATE_A_RELATION', 'requirement_provenance': 'DERIVED_FROM_EXPLICIT_OPERATION', 'operation': 'Open and inspect the storage unit to find compo"", ""Required relations the runtime cannot represent: [{'id': 'fastened_to', 'relation': 'The workpieces must be joined together.', 'participant_roles': ['workpiece'], 'reason': 'TOO_FEW_DISTINCT_PARTICIPANTS_TO_STATE_A_RELATION', 'requirement_provenance': 'DERIVED_FROM_EXPLICIT_OPERATION', 'status': 'UN""]"
workshop,W10,trial_03,False,True,,True,,True,,3,1,0,False,True,True,PARTIAL,0,0,2,0,3,2,24.93,ACTION_SEQUENCE_READY,SUCCESS,,,3,True,COMPLETE,True,True,,True,,1,True,5,VALID,GOAL_SATISFIED,True,0,3,3,1.0,True,False,False,"['Unresolved required relations: [{\'raw_subject\': \'fastening_component\', \'raw_phrase\': \'The fastening_component must fit the fastening_location.\', \'raw_object\': \'fastening_location\', \'status\': \'UNINTERPRETABLE_REQUIRED_RELATION\', \'reason\': ""Relation text \'The fastening_component must fit the fastening']",[]
workshop,W1,trial_01,True,True,,True,,True,,0,0,0,False,True,False,PARTIAL,0,1,3,1,4,1,48.54,PARTIAL_ACTION_SEQUENCE_READY,GRAPH_COMPILATION_FAILURE,,,3,True,COMPLETE,True,True,,False,,1,True,2,VALID,PARTIAL_GOAL_SATISFIED,False,0,3,1,0.3333,False,False,False,"[""Unresolved roles: [{'code': 'AMBIGUOUS_ROLE_MAPPING', 'raw_role': {'id': 'marked_location', 'entity_kind': 'FIXED_TARGET', 'function': 'Specific spot on workbench for fastening.', 'required_count': 1, 'binding_policy': 'SHARED', 'candidate_categories': ['spot', 'area'], 'required_properties': ['acce"", ""Unresolved required operations: [{'id': 'op_2', 'operation': 'fasten', 'participant_roles': ['fastener', 'workpiece', 'tool', 'marked_location'], 'semantic_capability_candidates': ['FASTEN_JOINT'], 'reason': 'NO_CAPABILITY_SIGNATURE_ACCEPTS_THESE_PARTICIPANTS', 'requirement_provenance': 'DERIVED_FRO"", ""Unresolved required relations: [{'raw_subject': 'fastener', 'raw_phrase': 'fastener connects to workpiece at marked_location', 'raw_object': 'marked_location', 'status': 'UNINTERPRETABLE_REQUIRED_RELATION', 'reason': 'Unresolved or context-only endpoint'}, {'raw_subject': 'fastener', 'raw_phrase': '""]","['The FM expressed 1 physical operation(s) and none survived compilation, so the graph states no change to bring about', ""Required operations the runtime cannot represent: [{'id': 'op_2', 'operation': 'fasten', 'participant_roles': ['fastener', 'workpiece', 'tool', 'marked_location'], 'semantic_capability_candidates': ['FASTEN_JOINT'], 'reason': 'NO_CAPABILITY_SIGNATURE_ACCEPTS_THESE_PARTICIPANTS', 'requirement_provena"", ""Required relations the runtime cannot represent: [{'raw_subject': 'fastener', 'raw_phrase': 'fastener connects to workpiece at marked_location', 'raw_object': 'marked_location', 'status': 'UNINTERPRETABLE_REQUIRED_RELATION', 'reason': 'Unresolved or context-only endpoint'}, {'raw_subject': 'fastener"", ""Uninterpretable required relations: [{'raw_subject': 'fastener', 'raw_phrase': 'fastener connects to workpiece at marked_location', 'raw_object': 'marked_location', 'status': 'UNINTERPRETABLE_REQUIRED_RELATION', 'reason': 'Unresolved or context-only endpoint', 'requirement_provenance': 'INSTRUCTION_""]"
workshop,W1,trial_02,True,True,,True,,True,,0,0,1,False,True,False,PARTIAL,0,0,1,1,2,1,49.93,INCOMPLETE,GRAPH_COMPILATION_FAILURE,,"fastener, fastener",3,True,INCOMPLETE,False,False,,False,,0,False,0,,,False,0,3,0,0.0,False,False,False,"[""Disabled/unsupported operations: [{'raw_group': {'id': 'fastening_action', 'function': 'fastening_tool fastens compatible_component to workbench', 'tool_role': 'fastening_tool', 'target_role': 'compatible_component', 'context_role': 'workbench', 'required_target_count': 1, 'usage_policy': 'SEQUENTIA"", ""Unresolved required operations: [{'id': 'cleanup_action', 'operation': 'fastening_tool is placed on workbench', 'participant_roles': ['fastening_tool', 'workbench'], 'semantic_capability_candidates': [], 'reason': 'NO_RUNTIME_CAPABILITY_MATCHES_THIS_OPERATION_PHRASE', 'requirement_provenance': 'INST"", 'Unresolved required relations: [{\'raw_subject\': \'fastening_tool\', \'raw_phrase\': \'fastening_tool is used to fasten compatible_component\', \'raw_object\': \'compatible_component\', \'status\': \'UNINTERPRETABLE_REQUIRED_RELATION\', \'reason\': ""Relation text \'fastening_tool is used to fasten compatible_componen']","['The FM expressed 1 physical operation(s) and none survived compilation, so the graph states no change to bring about', ""Required operations the runtime cannot represent: [{'id': 'cleanup_action', 'operation': 'fastening_tool is placed on workbench', 'participant_roles': ['fastening_tool', 'workbench'], 'semantic_capability_candidates': [], 'reason': 'NO_RUNTIME_CAPABILITY_MATCHES_THIS_OPERATION_PHRASE', 'requirement_"", 'Required relations the runtime cannot represent: [{\'raw_subject\': \'fastening_tool\', \'raw_phrase\': \'fastening_tool is used to fasten compatible_component\', \'raw_object\': \'compatible_component\', \'status\': \'UNINTERPRETABLE_REQUIRED_RELATION\', \'reason\': ""Relation text \'fastening_tool is used to fasten c', ""Operations disabled during compilation: [{'raw_group': {'id': 'fastening_action', 'function': 'fastening_tool fastens compatible_component to workbench', 'tool_role': 'fastening_tool', 'target_role': 'compatible_component', 'context_role': 'workbench', 'required_target_count': 1, 'usage_policy': 'SE"", 'Uninterpretable required relations: [{\'raw_subject\': \'fastening_tool\', \'raw_phrase\': \'fastening_tool is used to fasten compatible_component\', \'raw_object\': \'compatible_component\', \'status\': \'UNINTERPRETABLE_REQUIRED_RELATION\', \'reason\': ""Relation text \'fastening_tool is used to fasten compatible_com']"
workshop,W1,trial_03,True,True,,True,,True,,0,0,0,True,True,False,FULL,0,0,0,0,3,1,54.76,INCOMPLETE,GRAPH_COMPILATION_FAILURE,,"fastener, fastener",3,True,INCOMPLETE,False,False,,False,,0,False,0,,,False,0,3,0,0.0,False,False,False,[],"['The FM expressed 1 physical operation(s) and none survived compilation, so the graph states no change to bring about']"
workshop,W2,trial_01,True,True,,True,,True,,3,1,0,False,True,True,PARTIAL,0,0,4,0,5,2,52.07,PARTIAL_ACTION_SEQUENCE_READY,FUNCTIONAL_ASSIGNMENT_FAILURE,,,3,True,PARTIAL_VERIFIED_GROUNDING,False,False,OBJECT_DISCOVERY_FAILURE,False,,1,True,2,VALID,GOAL_SATISFIED,False,0,3,1,0.3333,False,False,False,"['Unresolved required relations: [{\'raw_subject\': \'fastening_component\', \'raw_phrase\': \'fastening_component fits fastening_location\', \'raw_object\': \'fastening_location\', \'status\': \'UNINTERPRETABLE_REQUIRED_RELATION\', \'reason\': ""Relation text \'fastening_component fits fastening_location\' provides no se']",[]
workshop,W2,trial_02,True,True,,True,,True,,1,0,1,False,True,False,PARTIAL,0,0,0,0,2,2,62.6,PARTIAL_ACTION_SEQUENCE_READY,GRAPH_COMPILATION_FAILURE,,,3,True,COMPLETE,True,True,,False,,1,True,2,VALID,PARTIAL_GOAL_SATISFIED,False,0,3,1,0.3333,False,False,False,"[""Disabled/unsupported operations: [{'raw_group': {'id': 'fasten_op', 'function': 'apply_fastening', 'tool_role': 'fastening_tool', 'target_role': 'fastener', 'context_role': 'target_area', 'required_target_count': 1, 'usage_policy': 'DEDICATED_PER_TARGET', 'required_relations': [], 'context_relations""]","['The FM expressed 2 physical operation(s) and none survived compilation, so the graph states no change to bring about', ""Operations disabled during compilation: [{'raw_group': {'id': 'fasten_op', 'function': 'apply_fastening', 'tool_role': 'fastening_tool', 'target_role': 'fastener', 'context_role': 'target_area', 'required_target_count': 1, 'usage_policy': 'DEDICATED_PER_TARGET', 'required_relations': [], 'context_re""]"
workshop,W2,trial_03,True,True,,True,,True,,3,1,0,False,True,False,PARTIAL,0,0,2,1,4,2,58.85,INFEASIBLE,GRAPH_COMPILATION_FAILURE,,"fastener, fastener",3,True,INFEASIBLE,False,False,,False,,0,False,0,,,False,0,3,0,0.0,False,False,False,"[""Unresolved required operations: [{'id': 'execute_fastening', 'operation': 'Apply the fastening_tool to the fastener_component at the fastening_site.', 'participant_roles': ['fastening_tool', 'fastener_component', 'fastening_site'], 'semantic_capability_candidates': [], 'reason': 'NO_RUNTIME_CAPABILI"", 'Unresolved required relations: [{\'raw_subject\': \'fastening_tool\', \'raw_phrase\': \'The fastening_tool is used to act upon the fastener_component at the fastening_site.\', \'raw_object\': \'fastener_component\', \'status\': \'UNINTERPRETABLE_REQUIRED_RELATION\', \'reason\': ""Relation text \'The fastening_tool is u']","[""Required operations the runtime cannot represent: [{'id': 'execute_fastening', 'operation': 'Apply the fastening_tool to the fastener_component at the fastening_site.', 'participant_roles': ['fastening_tool', 'fastener_component', 'fastening_site'], 'semantic_capability_candidates': [], 'reason': 'N"", ""Required relations the runtime cannot represent: [{'id': 'suit_for_fastening', 'relation': 'The fastener_component must be compatible with the fastening_site.', 'participant_roles': ['fastener_component', 'fastening_site'], 'reason': 'NO_LEGAL_ORIENTATION_FOR_PARTICIPANTS', 'requirement_provenance':""]"
workshop,W3,trial_01,True,True,,True,,True,,0,0,0,False,True,False,PARTIAL,0,0,2,2,3,0,56.69,INFEASIBLE,GRAPH_COMPILATION_FAILURE,,"fastener, fastener",3,True,INFEASIBLE,False,False,,False,,0,False,0,,,False,0,3,0,0.0,False,False,False,"[""Unresolved roles: [{'raw_role': {'id': 'storage_structure', 'entity_kind': 'OBJECT', 'function': 'Container holding the required components.', 'required_count': 1, 'binding_policy': 'SHARED', 'candidate_categories': ['cabinet', 'drawer', 'storage bin'], 'required_properties': ['can be opened', 'cont"", ""Unresolved required operations: [{'id': 'perform_fastening', 'operation': 'manipulation', 'participant_roles': ['fastening_tool', 'fastener', 'assembly_base', 'marked_workbench_location'], 'semantic_capability_candidates': [], 'reason': 'NO_RUNTIME_CAPABILITY_MATCHES_THIS_OPERATION_PHRASE', 'require"", 'Unresolved required relations: [{\'raw_subject\': \'fastener\', \'raw_phrase\': \'functional\', \'raw_object\': \'assembly_base\', \'status\': \'UNINTERPRETABLE_REQUIRED_RELATION\', \'reason\': ""Relation text \'functional\' provides no semantic evidence for valid predicates [\'COMPATIBLE_WITH_TARGET\'] or task causal sem']","[""Required operations the runtime cannot represent: [{'id': 'perform_fastening', 'operation': 'manipulation', 'participant_roles': ['fastening_tool', 'fastener', 'assembly_base', 'marked_workbench_location'], 'semantic_capability_candidates': [], 'reason': 'NO_RUNTIME_CAPABILITY_MATCHES_THIS_OPERATION"", 'Required relations the runtime cannot represent: [{\'raw_subject\': \'fastener\', \'raw_phrase\': \'functional\', \'raw_object\': \'assembly_base\', \'status\': \'UNINTERPRETABLE_REQUIRED_RELATION\', \'reason\': ""Relation text \'functional\' provides no semantic evidence for valid predicates [\'COMPATIBLE_WITH_TARGET\'] ', 'Uninterpretable required relations: [{\'raw_subject\': \'fastener\', \'raw_phrase\': \'functional\', \'raw_object\': \'assembly_base\', \'status\': \'UNINTERPRETABLE_REQUIRED_RELATION\', \'reason\': ""Relation text \'functional\' provides no semantic evidence for valid predicates [\'COMPATIBLE_WITH_TARGET\'] or task causa']"
workshop,W3,trial_02,True,True,,True,,True,,1,0,1,False,True,False,PARTIAL,0,0,0,3,3,1,61.52,INFEASIBLE,GRAPH_COMPILATION_FAILURE,,"fastener, fastener",3,True,INFEASIBLE,False,False,,False,,0,False,0,,,False,0,3,0,0.0,False,False,False,"[""Disabled/unsupported operations: [{'raw_group': {'id': 'operation_3', 'function': 'placed_on', 'tool_role': 'fastening_tool', 'target_role': 'workbench', 'context_role': None, 'required_target_count': 1, 'usage_policy': 'SEQUENTIAL_REUSE_ALLOWED', 'required_relations': [], 'context_relations': [], '"", ""Unresolved required operations: [{'raw_group': {'id': 'operation_3', 'function': 'placed_on', 'tool_role': 'fastening_tool', 'target_role': 'workbench', 'context_role': None, 'required_target_count': 1, 'usage_policy': 'SEQUENTIAL_REUSE_ALLOWED', 'required_relations': [], 'context_relations': [], 'v""]","['The FM expressed 1 physical operation(s) and none survived compilation, so the graph states no change to bring about', ""Required operations the runtime cannot represent: [{'raw_group': {'id': 'operation_3', 'function': 'placed_on', 'tool_role': 'fastening_tool', 'target_role': 'workbench', 'context_role': None, 'required_target_count': 1, 'usage_policy': 'SEQUENTIAL_REUSE_ALLOWED', 'required_relations': [], 'context_"", ""Operations disabled during compilation: [{'raw_group': {'id': 'operation_3', 'function': 'placed_on', 'tool_role': 'fastening_tool', 'target_role': 'workbench', 'context_role': None, 'required_target_count': 1, 'usage_policy': 'SEQUENTIAL_REUSE_ALLOWED', 'required_relations': [], 'context_relations'""]"
workshop,W3,trial_03,True,True,,True,,True,,1,0,0,False,True,False,FULL,0,0,1,2,1,1,62.29,INFEASIBLE,GRAPH_COMPILATION_FAILURE,,NO_GLOBAL_ASSIGNMENT,3,True,INFEASIBLE,False,False,,False,,0,False,0,,,False,0,3,0,0.0,False,False,False,"[""Unresolved required operations: [{'id': 'place_part', 'operation': 'place_on_surface', 'participant_roles': ['fastening_part', 'workbench'], 'semantic_capability_candidates': ['RETURN_REUSABLE_ITEM_TO_SUPPORT'], 'reason': 'NO_CAPABILITY_SIGNATURE_ACCEPTS_THESE_PARTICIPANTS', 'requirement_provenance'"", ""Unresolved required relations: [{'id': 'attachment', 'relation': 'attaches_to', 'participant_roles': ['fastening_part', 'workbench'], 'reason': 'NO_LEGAL_ORIENTATION_FOR_PARTICIPANTS', 'requirement_provenance': 'DERIVED_FROM_EXPLICIT_OPERATION', 'status': 'UNRESOLVED_REQUIRED_SEMANTIC'}]""]","['The FM expressed 1 physical operation(s) and none survived compilation, so the graph states no change to bring about', ""Required operations the runtime cannot represent: [{'id': 'place_part', 'operation': 'place_on_surface', 'participant_roles': ['fastening_part', 'workbench'], 'semantic_capability_candidates': ['RETURN_REUSABLE_ITEM_TO_SUPPORT'], 'reason': 'NO_CAPABILITY_SIGNATURE_ACCEPTS_THESE_PARTICIPANTS', 'requi"", ""Required relations the runtime cannot represent: [{'id': 'attachment', 'relation': 'attaches_to', 'participant_roles': ['fastening_part', 'workbench'], 'reason': 'NO_LEGAL_ORIENTATION_FOR_PARTICIPANTS', 'requirement_provenance': 'DERIVED_FROM_EXPLICIT_OPERATION', 'status': 'UNRESOLVED_REQUIRED_SEMAN""]"
workshop,W4,trial_01,True,True,,True,,True,,0,0,0,False,True,False,PARTIAL,0,0,1,1,5,1,16.71,PARTIAL_ACTION_SEQUENCE_READY,GRAPH_COMPILATION_FAILURE,,,1,True,COMPLETE,True,True,,False,,1,True,2,VALID,GOAL_SATISFIED,False,0,3,1,0.3333,False,False,False,"[""Unresolved roles: [{'code': 'AMBIGUOUS_ROLE_MAPPING', 'raw_role': {'id': 'storage_container', 'entity_kind': 'OBJECT', 'function': 'A closed structure that may hold the component or tool.', 'required_count': 1, 'binding_policy': 'SHARED', 'candidate_categories': ['cabinet', 'drawer', 'box'], 'requir"", ""Unresolved required operations: [{'id': 'op_assemble', 'operation': 'perform_fastening', 'participant_roles': ['fastening_tool', 'attachment_component', 'marked_fastening_site'], 'semantic_capability_candidates': ['FASTEN_JOINT'], 'reason': 'NO_CAPABILITY_SIGNATURE_ACCEPTS_THESE_PARTICIPANTS', 'requ"", 'Unresolved required relations: [{\'raw_subject\': \'fastening_tool\', \'raw_phrase\': \'secures\', \'raw_object\': \'attachment_component\', \'status\': \'UNINTERPRETABLE_REQUIRED_RELATION\', \'reason\': ""Relation text \'secures\' provides no semantic evidence for valid predicates [\'REACHES_TARGET\'] or task causal sema']","['The FM expressed 1 physical operation(s) and none survived compilation, so the graph states no change to bring about', ""Required operations the runtime cannot represent: [{'id': 'op_assemble', 'operation': 'perform_fastening', 'participant_roles': ['fastening_tool', 'attachment_component', 'marked_fastening_site'], 'semantic_capability_candidates': ['FASTEN_JOINT'], 'reason': 'NO_CAPABILITY_SIGNATURE_ACCEPTS_THESE_PA"", 'Required relations the runtime cannot represent: [{\'raw_subject\': \'fastening_tool\', \'raw_phrase\': \'secures\', \'raw_object\': \'attachment_component\', \'status\': \'UNINTERPRETABLE_REQUIRED_RELATION\', \'reason\': ""Relation text \'secures\' provides no semantic evidence for valid predicates [\'REACHES_TARGET\'] o', 'Uninterpretable required relations: [{\'raw_subject\': \'fastening_tool\', \'raw_phrase\': \'secures\', \'raw_object\': \'attachment_component\', \'status\': \'UNINTERPRETABLE_REQUIRED_RELATION\', \'reason\': ""Relation text \'secures\' provides no semantic evidence for valid predicates [\'REACHES_TARGET\'] or task causal']"
workshop,W4,trial_02,True,True,,True,,True,,3,1,0,False,True,True,PARTIAL,0,0,4,0,5,2,61.49,PARTIAL_ACTION_SEQUENCE_READY,FUNCTIONAL_ASSIGNMENT_FAILURE,,,3,True,PARTIAL_VERIFIED_GROUNDING,False,False,OBJECT_DISCOVERY_FAILURE,False,,1,True,2,VALID,GOAL_SATISFIED,False,0,3,1,0.3333,False,False,False,"['Unresolved required relations: [{\'raw_subject\': \'compatible_component\', \'raw_phrase\': \'The compatible_component is suitable for the fastening_target.\', \'raw_object\': \'fastening_target\', \'status\': \'UNINTERPRETABLE_REQUIRED_RELATION\', \'reason\': ""Relation text \'The compatible_component is suitable for ']",[]
workshop,W4,trial_03,True,True,,True,,True,,3,1,0,False,True,True,PARTIAL,0,0,1,0,3,2,56.13,PARTIAL_ACTION_SEQUENCE_READY,FUNCTIONAL_ASSIGNMENT_FAILURE,,,3,True,PARTIAL_VERIFIED_GROUNDING,False,False,OBJECT_DISCOVERY_FAILURE,False,,1,True,2,VALID,GOAL_SATISFIED,False,0,3,1,0.3333,False,False,False,"['Unresolved required relations: [{\'raw_subject\': \'compatible_component\', \'raw_phrase\': \'compatible_component fits fastening_target\', \'raw_object\': \'fastening_target\', \'status\': \'UNINTERPRETABLE_REQUIRED_RELATION\', \'reason\': ""Relation text \'compatible_component fits fastening_target\' provides no seman']",[]
workshop,W5,trial_01,True,True,,True,,True,,0,0,0,False,True,False,FULL,0,1,0,2,2,1,53.06,INFEASIBLE,GRAPH_COMPILATION_FAILURE,,"fastener, fastener",3,True,INFEASIBLE,False,False,,False,,0,False,0,,,False,0,3,0,0.0,False,False,False,"[""Unresolved required operations: [{'id': 'fasten_workpiece', 'operation': 'Apply the fastener to the workpiece.', 'participant_roles': ['fastener', 'workpiece'], 'semantic_capability_candidates': [], 'reason': 'NO_RUNTIME_CAPABILITY_MATCHES_THIS_OPERATION_PHRASE', 'requirement_provenance': 'DERIVED_F""]","['The FM expressed 1 physical operation(s) and none survived compilation, so the graph states no change to bring about', ""Required operations the runtime cannot represent: [{'id': 'fasten_workpiece', 'operation': 'Apply the fastener to the workpiece.', 'participant_roles': ['fastener', 'workpiece'], 'semantic_capability_candidates': [], 'reason': 'NO_RUNTIME_CAPABILITY_MATCHES_THIS_OPERATION_PHRASE', 'requirement_prove""]"
workshop,W5,trial_02,True,False,MalformedVLMSpecificationError: UNDECLARED_PARTICIPANT: functional_relations[0] references ['target_assembly'],False,,False,,0,0,0,False,False,False,,0,0,0,0,0,0,0.94,VLM_SPEC_FAILED,TASK_SPECIFICATION_FAILURE,MALFORMED_VLM_SPECIFICATION,UNDECLARED_PARTICIPANT: functional_relations[0] references ['target_assembly'],0,False,,False,False,,False,,0,False,0,,,False,0,3,0,0.0,False,False,False,,
workshop,W5,trial_03,True,True,,True,,True,,3,1,0,False,True,True,PARTIAL,0,0,4,0,5,2,40.94,PARTIAL_ACTION_SEQUENCE_READY,FUNCTIONAL_ASSIGNMENT_FAILURE,,,3,True,PARTIAL_VERIFIED_GROUNDING,False,False,FUNCTIONAL_ASSIGNMENT_FAILURE,False,,1,True,2,VALID,PARTIAL_GOAL_SATISFIED,False,0,3,1,0.3333,False,False,False,"[""Unresolved roles: [{'raw_role': {'id': 'storage_drawer_left', 'entity_kind': 'OBJECT', 'function': 'A closed storage unit potentially containing components.', 'required_count': 1, 'binding_policy': 'DISTINCT', 'candidate_categories': ['left drawer', 'under-table drawer'], 'required_properties': ['cl"", 'Unresolved required relations: [{\'raw_subject\': \'fastening_component\', \'raw_phrase\': \'fits\', \'raw_object\': \'assembly_target\', \'status\': \'UNINTERPRETABLE_REQUIRED_RELATION\', \'reason\': ""Relation text \'fits\' provides no semantic evidence for valid predicates [\'COMPATIBLE_WITH_TARGET\'] or task causal se']",[]
workshop,W6,trial_01,True,True,,True,,True,,1,0,0,False,True,False,PARTIAL,0,0,0,1,3,1,59.71,INFEASIBLE,GRAPH_COMPILATION_FAILURE,,"fastener, fastener",3,True,INFEASIBLE,False,False,,False,,0,False,0,,,False,0,3,0,0.0,False,False,False,"[""Unresolved roles: [{'raw_role': {'id': 'storage_container', 'entity_kind': 'OBJECT', 'function': 'Closed structure containing the fastening component or tool.', 'required_count': 1, 'binding_policy': 'DISTINCT', 'candidate_categories': ['cabinet', 'drawer'], 'required_properties': ['openable'], 'vis"", ""Unresolved required operations: [{'id': 'apply_fastener', 'operation': 'fasten', 'participant_roles': ['fastening_component', 'target_location', 'fastening_tool'], 'semantic_capability_candidates': ['FASTEN_JOINT'], 'reason': 'NO_CAPABILITY_SIGNATURE_ACCEPTS_THESE_PARTICIPANTS', 'requirement_provena""]","['The FM expressed 1 physical operation(s) and none survived compilation, so the graph states no change to bring about', ""Required operations the runtime cannot represent: [{'id': 'apply_fastener', 'operation': 'fasten', 'participant_roles': ['fastening_component', 'target_location', 'fastening_tool'], 'semantic_capability_candidates': ['FASTEN_JOINT'], 'reason': 'NO_CAPABILITY_SIGNATURE_ACCEPTS_THESE_PARTICIPANTS', 'r""]"
workshop,W6,trial_02,True,True,,True,,True,,3,1,0,False,True,True,PARTIAL,0,0,3,0,7,2,41.07,PARTIAL_ACTION_SEQUENCE_READY,FUNCTIONAL_ASSIGNMENT_FAILURE,,,3,True,PARTIAL_VERIFIED_GROUNDING,False,False,OBJECT_DISCOVERY_FAILURE,False,,1,True,2,VALID,GOAL_SATISFIED,False,0,3,1,0.3333,False,False,False,"['Unresolved required relations: [{\'raw_subject\': \'fastening_tool\', \'raw_phrase\': \'The fastening tool is used to drive the fastener into the workpiece.\', \'raw_object\': \'fastener\', \'status\': \'UNINTERPRETABLE_REQUIRED_RELATION\', \'reason\': ""Relation text \'The fastening tool is used to drive the fastener ']",[]
workshop,W6,trial_03,True,True,,True,,True,,3,1,0,True,True,True,FULL,0,0,0,0,3,2,50.75,PARTIAL_ACTION_SEQUENCE_READY,FUNCTIONAL_ASSIGNMENT_FAILURE,,,3,True,PARTIAL_VERIFIED_GROUNDING,False,False,OBJECT_DISCOVERY_FAILURE,False,,1,True,2,VALID,GOAL_SATISFIED,False,0,3,1,0.3333,False,False,False,[],[]
workshop,W7,trial_01,True,True,,True,,True,,3,1,0,False,True,True,PARTIAL,0,0,2,0,2,2,48.54,ACTION_SEQUENCE_READY,SUCCESS,,,3,True,COMPLETE,True,True,,True,,1,True,5,VALID,GOAL_SATISFIED,True,0,3,3,1.0,True,True,False,"['Unresolved required relations: [{\'raw_subject\': \'fastening_part\', \'raw_phrase\': \'The component must fit into the spot.\', \'raw_object\': \'fastening_spot\', \'status\': \'UNINTERPRETABLE_REQUIRED_RELATION\', \'reason\': ""Relation text \'The component must fit into the spot.\' provides no semantic evidence for v']",[]
workshop,W7,trial_02,True,True,,True,,False,VLMSpecificationError: No executable role could be typed,0,0,0,False,False,False,,0,0,0,0,1,0,1.04,VLM_SPEC_FAILED,GRAPH_COMPILATION_FAILURE,CANONICALIZATION_AMBIGUITY,No executable role could be typed,0,False,,False,False,,False,,0,False,0,,,False,0,3,0,0.0,False,False,False,,
workshop,W7,trial_03,True,True,,True,,True,,0,0,0,False,True,False,PARTIAL,0,0,0,1,5,1,16.56,PARTIAL_ACTION_SEQUENCE_READY,GRAPH_COMPILATION_FAILURE,,,1,True,COMPLETE,True,True,,False,,1,True,2,VALID,GOAL_SATISFIED,False,0,3,1,0.3333,False,False,False,"[""Unresolved roles: [{'code': 'AMBIGUOUS_ROLE_MAPPING', 'raw_role': {'id': 'storage_container', 'entity_kind': 'REGION', 'function': 'A closed space where components or tools might be hidden.', 'required_count': 1, 'binding_policy': 'SHARED', 'candidate_categories': ['drawer', 'cabinet', 'box'], 'requ"", ""Unresolved required operations: [{'id': 'perform_fastening', 'operation': 'Secure the fastening_part to the attachment_target using the fastening_tool.', 'participant_roles': ['fastening_part', 'attachment_target', 'fastening_tool'], 'semantic_capability_candidates': ['FASTEN_JOINT'], 'reason': 'NO_""]","['The FM expressed 1 physical operation(s) and none survived compilation, so the graph states no change to bring about', ""Required operations the runtime cannot represent: [{'id': 'perform_fastening', 'operation': 'Secure the fastening_part to the attachment_target using the fastening_tool.', 'participant_roles': ['fastening_part', 'attachment_target', 'fastening_tool'], 'semantic_capability_candidates': ['FASTEN_JOINT""]"
workshop,W8,trial_01,True,True,,True,,True,,0,0,0,False,True,False,PARTIAL,0,0,1,2,2,1,42.64,PARTIAL_ACTION_SEQUENCE_READY,GRAPH_COMPILATION_FAILURE,,,2,True,COMPLETE,True,True,,False,,1,True,2,VALID,PARTIAL_GOAL_SATISFIED,False,0,3,1,0.3333,False,False,False,"[""Unresolved required operations: [{'id': 'search_and_identify', 'operation': 'Open storage containers and inspect items to find compatible parts and tools.', 'participant_roles': ['storage_container', 'component_part', 'fastening_tool'], 'semantic_capability_candidates': [], 'reason': 'NO_RUNTIME_CAP"", 'Unresolved required relations: [{\'raw_subject\': \'fastening_tool\', \'raw_phrase\': \'The tool is required to attach the component.\', \'raw_object\': \'component_part\', \'status\': \'UNINTERPRETABLE_REQUIRED_RELATION\', \'reason\': ""Relation text \'The tool is required to attach the component.\' provides no semanti']","['The FM expressed 1 physical operation(s) and none survived compilation, so the graph states no change to bring about', ""Required operations the runtime cannot represent: [{'id': 'search_and_identify', 'operation': 'Open storage containers and inspect items to find compatible parts and tools.', 'participant_roles': ['storage_container', 'component_part', 'fastening_tool'], 'semantic_capability_candidates': [], 'reason"", 'Required relations the runtime cannot represent: [{\'raw_subject\': \'fastening_tool\', \'raw_phrase\': \'The tool is required to attach the component.\', \'raw_object\': \'component_part\', \'status\': \'UNINTERPRETABLE_REQUIRED_RELATION\', \'reason\': ""Relation text \'The tool is required to attach the component.\' p', 'Uninterpretable required relations: [{\'raw_subject\': \'fastening_tool\', \'raw_phrase\': \'The tool is required to attach the component.\', \'raw_object\': \'component_part\', \'status\': \'UNINTERPRETABLE_REQUIRED_RELATION\', \'reason\': ""Relation text \'The tool is required to attach the component.\' provides no se']"
workshop,W8,trial_02,True,True,,True,,True,,3,1,0,False,True,True,PARTIAL,0,0,4,0,5,2,42.14,PARTIAL_ACTION_SEQUENCE_READY,FUNCTIONAL_ASSIGNMENT_FAILURE,,,3,True,PARTIAL_VERIFIED_GROUNDING,False,False,FUNCTIONAL_ASSIGNMENT_FAILURE,False,,1,True,2,VALID,PARTIAL_GOAL_SATISFIED,False,0,3,1,0.3333,False,False,False,"['Unresolved required relations: [{\'raw_subject\': \'fastener\', \'raw_phrase\': \'The fastener must physically suit the workpiece.\', \'raw_object\': \'workpiece\', \'status\': \'UNINTERPRETABLE_REQUIRED_RELATION\', \'reason\': ""Relation text \'The fastener must physically suit the workpiece.\' provides no semantic evi']",[]
workshop,W8,trial_03,True,True,,True,,True,,0,0,0,False,True,False,PARTIAL,0,0,1,1,1,1,16.91,PARTIAL_ACTION_SEQUENCE_READY,GRAPH_COMPILATION_FAILURE,,,1,True,COMPLETE,True,True,,False,,1,True,2,VALID,GOAL_SATISFIED,False,0,3,1,0.3333,False,False,False,"[""Unresolved roles: [{'code': 'AMBIGUOUS_ROLE_MAPPING', 'raw_role': {'id': 'compatible_component', 'entity_kind': 'OBJECT', 'function': 'The physical part(s) that need to be attached or joined at the target.', 'required_count': 1, 'binding_policy': 'DISTINCT', 'candidate_categories': ['block', 'part',"", ""Unresolved required operations: [{'id': 'perform_fastening', 'operation': 'Join component to target using tool', 'participant_roles': ['tool', 'compatible_component', 'fastening_target'], 'semantic_capability_candidates': [], 'reason': 'NO_RUNTIME_CAPABILITY_MATCHES_THIS_OPERATION_PHRASE', 'requirem"", ""Unresolved required relations: [{'raw_subject': 'compatible_component', 'raw_phrase': 'compatible_component fits fastening_target', 'raw_object': 'fastening_target', 'status': 'UNINTERPRETABLE_REQUIRED_RELATION', 'reason': 'Unresolved or context-only endpoint'}]""]","['The FM expressed 1 physical operation(s) and none survived compilation, so the graph states no change to bring about', ""Required operations the runtime cannot represent: [{'id': 'perform_fastening', 'operation': 'Join component to target using tool', 'participant_roles': ['tool', 'compatible_component', 'fastening_target'], 'semantic_capability_candidates': [], 'reason': 'NO_RUNTIME_CAPABILITY_MATCHES_THIS_OPERATION_"", ""Required relations the runtime cannot represent: [{'raw_subject': 'compatible_component', 'raw_phrase': 'compatible_component fits fastening_target', 'raw_object': 'fastening_target', 'status': 'UNINTERPRETABLE_REQUIRED_RELATION', 'reason': 'Unresolved or context-only endpoint'}]"", ""Uninterpretable required relations: [{'raw_subject': 'compatible_component', 'raw_phrase': 'compatible_component fits fastening_target', 'raw_object': 'fastening_target', 'status': 'UNINTERPRETABLE_REQUIRED_RELATION', 'reason': 'Unresolved or context-only endpoint', 'requirement_provenance': 'INSTRU""]"
workshop,W9,trial_01,False,True,,True,,True,,3,1,0,False,True,True,PARTIAL,0,1,1,0,3,2,39.91,PARTIAL_ACTION_SEQUENCE_READY,FUNCTIONAL_ASSIGNMENT_FAILURE,,,3,True,PARTIAL_VERIFIED_GROUNDING,False,False,FUNCTIONAL_ASSIGNMENT_FAILURE,False,,1,True,2,VALID,PARTIAL_GOAL_SATISFIED,False,0,3,1,0.3333,False,True,False,"['Unresolved required relations: [{\'raw_subject\': \'fastening_component\', \'raw_phrase\': \'fits_into\', \'raw_object\': \'fastening_target\', \'status\': \'UNINTERPRETABLE_REQUIRED_RELATION\', \'reason\': ""Relation text \'fits_into\' provides no semantic evidence for valid predicates [\'COMPATIBLE_WITH_TARGET\'] or tas']",[]
workshop,W9,trial_02,False,True,,True,,True,,3,1,1,False,True,False,PARTIAL,0,1,1,1,2,2,39.97,INFEASIBLE,GRAPH_COMPILATION_FAILURE,,NO_GLOBAL_ASSIGNMENT,3,True,INFEASIBLE,False,False,,False,,0,False,0,,,False,0,3,0,0.0,False,True,False,"[""Unresolved roles: [{'code': 'AMBIGUOUS_ROLE_MAPPING', 'raw_role': {'id': 'reusable_equipment', 'entity_kind': 'OBJECT', 'function': 'Tool used for the task, to be left behind.', 'required_count': 1, 'binding_policy': 'SHARED', 'candidate_categories': ['tool', 'device'], 'required_properties': ['mani"", ""Disabled/unsupported operations: [{'raw_group': {'id': 'place_equipment', 'function': 'Place the used tool onto the desk surface.', 'tool_role': 'reusable_equipment', 'target_role': 'desk_surface', 'context_role': None, 'required_target_count': 1, 'usage_policy': 'SEQUENTIAL_REUSE_ALLOWED', 'require"", ""Unresolved required operations: [{'id': 'place_equipment', 'operation': 'Place the used tool onto the desk surface.', 'participant_roles': ['reusable_equipment', 'desk_surface'], 'reason': 'SLOT_PARTICIPANT_HAS_NO_RUNTIME_ROLE', 'unrepresented_participants': ['reusable_equipment'], 'requirement_prov"", 'Unresolved required relations: [{\'raw_subject\': \'fastener_component\', \'raw_phrase\': \'The fastener component must fit into the workpiece target.\', \'raw_object\': \'workpiece_target\', \'status\': \'UNINTERPRETABLE_REQUIRED_RELATION\', \'reason\': ""Relation text \'The fastener component must fit into the workpi']","[""Required operations the runtime cannot represent: [{'id': 'place_equipment', 'operation': 'Place the used tool onto the desk surface.', 'participant_roles': ['reusable_equipment', 'desk_surface'], 'reason': 'SLOT_PARTICIPANT_HAS_NO_RUNTIME_ROLE', 'unrepresented_participants': ['reusable_equipment'],"", ""Operations disabled during compilation: [{'raw_group': {'id': 'place_equipment', 'function': 'Place the used tool onto the desk surface.', 'tool_role': 'reusable_equipment', 'target_role': 'desk_surface', 'context_role': None, 'required_target_count': 1, 'usage_policy': 'SEQUENTIAL_REUSE_ALLOWED', '""]"
workshop,W9,trial_03,False,True,,True,,True,,3,1,0,False,True,True,PARTIAL,0,0,2,0,3,2,36.05,PARTIAL_ACTION_SEQUENCE_READY,FUNCTIONAL_ASSIGNMENT_FAILURE,,,3,True,PARTIAL_VERIFIED_GROUNDING,False,False,FUNCTIONAL_ASSIGNMENT_FAILURE,False,,1,True,2,VALID,PARTIAL_GOAL_SATISFIED,False,0,3,1,0.3333,False,True,False,"['Unresolved required relations: [{\'raw_subject\': \'compatible_components\', \'raw_phrase\': \'compatible_components suit_for_fastening fastening_target\', \'raw_object\': \'fastening_target\', \'status\': \'UNINTERPRETABLE_REQUIRED_RELATION\', \'reason\': ""Relation text \'compatible_components suit_for_fastening fast']",[]
