# Deterministic project-authored movie-night furniture
v -0.0001316 -0.0000001 0.6050000
v -0.0001309 -0.0000635 0.6050000
v -0.0001288 -0.0000726 0.6050000
v -0.0001252 -0.0000781 0.6050000
v -0.0001197 -0.0000817 0.6050000
v -0.0001113 -0.0000840 0.6050000
v -0.0000974 -0.0000854 0.6050000
v 0.0000001 -0.0000858 0.6050000
v 0.0000974 -0.0000854 0.6050000
v 0.0001113 -0.0000840 0.6050000
v 0.0001197 -0.0000817 0.6050000
v 0.0001252 -0.0000781 0.6050000
v 0.0001288 -0.0000726 0.6050000
v 0.0001309 -0.0000635 0.6050000
v 0.0001316 0.0000000 0.6050000
v 0.0001309 0.0000635 0.6050000
v 0.0001288 0.0000726 0.6050000
v 0.0001252 0.0000781 0.6050000
v 0.0001197 0.0000817 0.6050000
v 0.0001113 0.0000840 0.6050000
v 0.0000974 0.0000854 0.6050000
v 0.0000001 0.0000858 0.6050000
v -0.0000974 0.0000854 0.6050000
v -0.0001113 0.0000840 0.6050000
v -0.0001197 0.0000817 0.6050000
v -0.0001252 0.0000781 0.6050000
v -0.0001288 0.0000726 0.6050000
v -0.0001309 0.0000635 0.6050000
v -0.1702950 -0.0000730 0.6051773
v -0.1694324 -0.0822318 0.6051773
v -0.1667800 -0.0939810 0.6051773
v -0.1621155 -0.1010488 0.6051773
v -0.1549415 -0.1057275 0.6051773
v -0.1441042 -0.1087696 0.6051773
v -0.1260887 -0.1104994 0.6051773
v 0.0000974 -0.1110620 0.6051773
v 0.1260887 -0.1104994 0.6051773
v 0.1441042 -0.1087696 0.6051773
v 0.1549415 -0.1057275 0.6051773
v 0.1621155 -0.1010488 0.6051773
v 0.1667800 -0.0939810 0.6051773
v 0.1694324 -0.0822318 0.6051773
v 0.1702950 0.0000000 0.6051773
v 0.1694324 0.0822318 0.6051773
v 0.1667800 0.0939810 0.6051773
v 0.1621155 0.1010488 0.6051773
v 0.1549415 0.1057275 0.6051773
v 0.1441042 0.1087696 0.6051773
v 0.1260887 0.1104994 0.6051773
v 0.0000974 0.1110620 0.6051773
v -0.1260887 0.1104994 0.6051773
v -0.1441042 0.1087696 0.6051773
v -0.1549415 0.1057275 0.6051773
v -0.1621155 0.1010488 0.6051773
v -0.1667800 0.0939810 0.6051773
v -0.1694324 0.0822318 0.6051773
v -0.1946267 -0.0000834 0.6057224
v -0.1936409 -0.0939810 0.6057224
v -0.1906095 -0.1074090 0.6057224
v -0.1852785 -0.1154867 0.6057224
v -0.1770795 -0.1208338 0.6057224
v -0.1646938 -0.1243105 0.6057224
v -0.1441042 -0.1262875 0.6057224
v 0.0001113 -0.1269305 0.6057224
v 0.1441042 -0.1262875 0.6057224
v 0.1646938 -0.1243105 0.6057224
v 0.1770795 -0.1208338 0.6057224
v 0.1852785 -0.1154867 0.6057224
v 0.1906095 -0.1074090 0.6057224
v 0.1936409 -0.0939810 0.6057224
v 0.1946267 0.0000000 0.6057224
v 0.1936409 0.0939810 0.6057224
v 0.1906095 0.1074090 0.6057224
v 0.1852785 0.1154867 0.6057224
v 0.1770795 0.1208338 0.6057224
v 0.1646938 0.1243105 0.6057224
v 0.1441042 0.1262875 0.6057224
v 0.0001113 0.1269305 0.6057224
v -0.1441042 0.1262875 0.6057224
v -0.1646938 0.1243105 0.6057224
v -0.1770795 0.1208338 0.6057224
v -0.1852785 0.1154867 0.6057224
v -0.1906095 0.1074090 0.6057224
v -0.1936409 0.0939810 0.6057224
v -0.2092636 -0.0000897 0.6066811
v -0.2082036 -0.1010488 0.6066811
v -0.2049442 -0.1154867 0.6066811
v -0.1992124 -0.1241718 0.6066811
v -0.1903968 -0.1299211 0.6066811
v -0.1770795 -0.1336593 0.6066811
v -0.1549415 -0.1357849 0.6066811
v 0.0001197 -0.1364763 0.6066811
v 0.1549415 -0.1357849 0.6066811
v 0.1770795 -0.1336593 0.6066811
v 0.1903968 -0.1299211 0.6066811
v 0.1992124 -0.1241718 0.6066811
v 0.2049442 -0.1154867 0.6066811
v 0.2082036 -0.1010488 0.6066811
v 0.2092636 0.0000000 0.6066811
v 0.2082036 0.1010488 0.6066811
v 0.2049442 0.1154867 0.6066811
v 0.1992124 0.1241718 0.6066811
v 0.1903968 0.1299211 0.6066811
v 0.1770795 0.1336593 0.6066811
v 0.1549415 0.1357849 0.6066811
v 0.0001197 0.1364763 0.6066811
v -0.1549415 0.1357849 0.6066811
v -0.1770795 0.1336593 0.6066811
v -0.1903968 0.1299211 0.6066811
v -0.1992124 0.1241718 0.6066811
v -0.2049442 0.1154867 0.6066811
v -0.2082036 0.1010488 0.6066811
v -0.2189528 -0.0000938 0.6081555
v -0.2178437 -0.1057275 0.6081555
v -0.2144334 -0.1208338 0.6081555
v -0.2084362 -0.1299211 0.6081555
v -0.1992124 -0.1359366 0.6081555
v -0.1852785 -0.1398479 0.6081555
v -0.1621155 -0.1420720 0.6081555
v 0.0001252 -0.1427953 0.6081555
v 0.1621155 -0.1420720 0.6081555
v 0.1852785 -0.1398479 0.6081555
v 0.1992124 -0.1359366 0.6081555
v 0.2084362 -0.1299211 0.6081555
v 0.2144334 -0.1208338 0.6081555
v 0.2178437 -0.1057275 0.6081555
v 0.2189528 0.0000000 0.6081555
v 0.2178437 0.1057275 0.6081555
v 0.2144334 0.1208338 0.6081555
v 0.2084362 0.1299211 0.6081555
v 0.1992124 0.1359366 0.6081555
v 0.1852785 0.1398479 0.6081555
v 0.1621155 0.1420720 0.6081555
v 0.0001252 0.1427953 0.6081555
v -0.1621155 0.1420720 0.6081555
v -0.1852785 0.1398479 0.6081555
v -0.1992124 0.1359366 0.6081555
v -0.2084362 0.1299211 0.6081555
v -0.2144334 0.1208338 0.6081555
v -0.2178437 0.1057275 0.6081555
v -0.2252526 -0.0000965 0.6103829
v -0.2241116 -0.1087696 0.6103829
v -0.2206032 -0.1243105 0.6103829
v -0.2144334 -0.1336593 0.6103829
v -0.2049442 -0.1398479 0.6103829
v -0.1906095 -0.1438716 0.6103829
v -0.1667800 -0.1461597 0.6103829
v 0.0001288 -0.1469039 0.6103829
v 0.1667800 -0.1461597 0.6103829
v 0.1906095 -0.1438716 0.6103829
v 0.2049442 -0.1398479 0.6103829
v 0.2144334 -0.1336593 0.6103829
v 0.2206032 -0.1243105 0.6103829
v 0.2241116 -0.1087696 0.6103829
v 0.2252526 0.0000000 0.6103829
v 0.2241116 0.1087696 0.6103829
v 0.2206032 0.1243105 0.6103829
v 0.2144334 0.1336593 0.6103829
v 0.2049442 0.1398479 0.6103829
v 0.1906095 0.1438716 0.6103829
v 0.1667800 0.1461597 0.6103829
v 0.0001288 0.1469039 0.6103829
v -0.1667800 0.1461597 0.6103829
v -0.1906095 0.1438716 0.6103829
v -0.2049442 0.1398479 0.6103829
v -0.2144334 0.1336593 0.6103829
v -0.2206032 0.1243105 0.6103829
v -0.2241116 0.1087696 0.6103829
v -0.2288349 -0.0000981 0.6140855
v -0.2276758 -0.1104994 0.6140855
v -0.2241116 -0.1262875 0.6140855
v -0.2178437 -0.1357849 0.6140855
v -0.2082036 -0.1420720 0.6140855
v -0.1936409 -0.1461597 0.6140855
v -0.1694324 -0.1484842 0.6140855
v 0.0001309 -0.1492402 0.6140855
v 0.1694324 -0.1484842 0.6140855
v 0.1936409 -0.1461597 0.6140855
v 0.2082036 -0.1420720 0.6140855
v 0.2178437 -0.1357849 0.6140855
v 0.2241116 -0.1262875 0.6140855
v 0.2276758 -0.1104994 0.6140855
v 0.2288349 0.0000000 0.6140855
v 0.2276758 0.1104994 0.6140855
v 0.2241116 0.1262875 0.6140855
v 0.2178437 0.1357849 0.6140855
v 0.2082036 0.1420720 0.6140855
v 0.1936409 0.1461597 0.6140855
v 0.1694324 0.1484842 0.6140855
v 0.0001309 0.1492402 0.6140855
v -0.1694324 0.1484842 0.6140855
v -0.1936409 0.1461597 0.6140855
v -0.2082036 0.1420720 0.6140855
v -0.2178437 0.1357849 0.6140855
v -0.2241116 0.1262875 0.6140855
v -0.2276758 0.1104994 0.6140855
v -0.2300000 -0.0000986 0.6400000
v -0.2288349 -0.1110620 0.6400000
v -0.2252526 -0.1269305 0.6400000
v -0.2189528 -0.1364763 0.6400000
v -0.2092636 -0.1427953 0.6400000
v -0.1946267 -0.1469039 0.6400000
v -0.1702950 -0.1492402 0.6400000
v 0.0001316 -0.1500000 0.6400000
v 0.1702950 -0.1492402 0.6400000
v 0.1946267 -0.1469039 0.6400000
v 0.2092636 -0.1427953 0.6400000
v 0.2189528 -0.1364763 0.6400000
v 0.2252526 -0.1269305 0.6400000
v 0.2288349 -0.1110620 0.6400000
v 0.2300000 0.0000000 0.6400000
v 0.2288349 0.1110620 0.6400000
v 0.2252526 0.1269305 0.6400000
v 0.2189528 0.1364763 0.6400000
v 0.2092636 0.1427953 0.6400000
v 0.1946267 0.1469039 0.6400000
v 0.1702950 0.1492402 0.6400000
v 0.0001316 0.1500000 0.6400000
v -0.1702950 0.1492402 0.6400000
v -0.1946267 0.1469039 0.6400000
v -0.2092636 0.1427953 0.6400000
v -0.2189528 0.1364763 0.6400000
v -0.2252526 0.1269305 0.6400000
v -0.2288349 0.1110620 0.6400000
v -0.2288349 -0.0000981 0.6659145
v -0.2276758 -0.1104994 0.6659145
v -0.2241116 -0.1262875 0.6659145
v -0.2178437 -0.1357849 0.6659145
v -0.2082036 -0.1420720 0.6659145
v -0.1936409 -0.1461597 0.6659145
v -0.1694324 -0.1484842 0.6659145
v 0.0001309 -0.1492402 0.6659145
v 0.1694324 -0.1484842 0.6659145
v 0.1936409 -0.1461597 0.6659145
v 0.2082036 -0.1420720 0.6659145
v 0.2178437 -0.1357849 0.6659145
v 0.2241116 -0.1262875 0.6659145
v 0.2276758 -0.1104994 0.6659145
v 0.2288349 0.0000000 0.6659145
v 0.2276758 0.1104994 0.6659145
v 0.2241116 0.1262875 0.6659145
v 0.2178437 0.1357849 0.6659145
v 0.2082036 0.1420720 0.6659145
v 0.1936409 0.1461597 0.6659145
v 0.1694324 0.1484842 0.6659145
v 0.0001309 0.1492402 0.6659145
v -0.1694324 0.1484842 0.6659145
v -0.1936409 0.1461597 0.6659145
v -0.2082036 0.1420720 0.6659145
v -0.2178437 0.1357849 0.6659145
v -0.2241116 0.1262875 0.6659145
v -0.2276758 0.1104994 0.6659145
v -0.2252526 -0.0000965 0.6696171
v -0.2241116 -0.1087696 0.6696171
v -0.2206032 -0.1243105 0.6696171
v -0.2144334 -0.1336593 0.6696171
v -0.2049442 -0.1398479 0.6696171
v -0.1906095 -0.1438716 0.6696171
v -0.1667800 -0.1461597 0.6696171
v 0.0001288 -0.1469039 0.6696171
v 0.1667800 -0.1461597 0.6696171
v 0.1906095 -0.1438716 0.6696171
v 0.2049442 -0.1398479 0.6696171
v 0.2144334 -0.1336593 0.6696171
v 0.2206032 -0.1243105 0.6696171
v 0.2241116 -0.1087696 0.6696171
v 0.2252526 0.0000000 0.6696171
v 0.2241116 0.1087696 0.6696171
v 0.2206032 0.1243105 0.6696171
v 0.2144334 0.1336593 0.6696171
v 0.2049442 0.1398479 0.6696171
v 0.1906095 0.1438716 0.6696171
v 0.1667800 0.1461597 0.6696171
v 0.0001288 0.1469039 0.6696171
v -0.1667800 0.1461597 0.6696171
v -0.1906095 0.1438716 0.6696171
v -0.2049442 0.1398479 0.6696171
v -0.2144334 0.1336593 0.6696171
v -0.2206032 0.1243105 0.6696171
v -0.2241116 0.1087696 0.6696171
v -0.2189528 -0.0000938 0.6718445
v -0.2178437 -0.1057275 0.6718445
v -0.2144334 -0.1208338 0.6718445
v -0.2084362 -0.1299211 0.6718445
v -0.1992124 -0.1359366 0.6718445
v -0.1852785 -0.1398479 0.6718445
v -0.1621155 -0.1420720 0.6718445
v 0.0001252 -0.1427953 0.6718445
v 0.1621155 -0.1420720 0.6718445
v 0.1852785 -0.1398479 0.6718445
v 0.1992124 -0.1359366 0.6718445
v 0.2084362 -0.1299211 0.6718445
v 0.2144334 -0.1208338 0.6718445
v 0.2178437 -0.1057275 0.6718445
v 0.2189528 0.0000000 0.6718445
v 0.2178437 0.1057275 0.6718445
v 0.2144334 0.1208338 0.6718445
v 0.2084362 0.1299211 0.6718445
v 0.1992124 0.1359366 0.6718445
v 0.1852785 0.1398479 0.6718445
v 0.1621155 0.1420720 0.6718445
v 0.0001252 0.1427953 0.6718445
v -0.1621155 0.1420720 0.6718445
v -0.1852785 0.1398479 0.6718445
v -0.1992124 0.1359366 0.6718445
v -0.2084362 0.1299211 0.6718445
v -0.2144334 0.1208338 0.6718445
v -0.2178437 0.1057275 0.6718445
v -0.2092636 -0.0000897 0.6733189
v -0.2082036 -0.1010488 0.6733189
v -0.2049442 -0.1154867 0.6733189
v -0.1992124 -0.1241718 0.6733189
v -0.1903968 -0.1299211 0.6733189
v -0.1770795 -0.1336593 0.6733189
v -0.1549415 -0.1357849 0.6733189
v 0.0001197 -0.1364763 0.6733189
v 0.1549415 -0.1357849 0.6733189
v 0.1770795 -0.1336593 0.6733189
v 0.1903968 -0.1299211 0.6733189
v 0.1992124 -0.1241718 0.6733189
v 0.2049442 -0.1154867 0.6733189
v 0.2082036 -0.1010488 0.6733189
v 0.2092636 0.0000000 0.6733189
v 0.2082036 0.1010488 0.6733189
v 0.2049442 0.1154867 0.6733189
v 0.1992124 0.1241718 0.6733189
v 0.1903968 0.1299211 0.6733189
v 0.1770795 0.1336593 0.6733189
v 0.1549415 0.1357849 0.6733189
v 0.0001197 0.1364763 0.6733189
v -0.1549415 0.1357849 0.6733189
v -0.1770795 0.1336593 0.6733189
v -0.1903968 0.1299211 0.6733189
v -0.1992124 0.1241718 0.6733189
v -0.2049442 0.1154867 0.6733189
v -0.2082036 0.1010488 0.6733189
v -0.1946267 -0.0000834 0.6742776
v -0.1936409 -0.0939810 0.6742776
v -0.1906095 -0.1074090 0.6742776
v -0.1852785 -0.1154867 0.6742776
v -0.1770795 -0.1208338 0.6742776
v -0.1646938 -0.1243105 0.6742776
v -0.1441042 -0.1262875 0.6742776
v 0.0001113 -0.1269305 0.6742776
v 0.1441042 -0.1262875 0.6742776
v 0.1646938 -0.1243105 0.6742776
v 0.1770795 -0.1208338 0.6742776
v 0.1852785 -0.1154867 0.6742776
v 0.1906095 -0.1074090 0.6742776
v 0.1936409 -0.0939810 0.6742776
v 0.1946267 0.0000000 0.6742776
v 0.1936409 0.0939810 0.6742776
v 0.1906095 0.1074090 0.6742776
v 0.1852785 0.1154867 0.6742776
v 0.1770795 0.1208338 0.6742776
v 0.1646938 0.1243105 0.6742776
v 0.1441042 0.1262875 0.6742776
v 0.0001113 0.1269305 0.6742776
v -0.1441042 0.1262875 0.6742776
v -0.1646938 0.1243105 0.6742776
v -0.1770795 0.1208338 0.6742776
v -0.1852785 0.1154867 0.6742776
v -0.1906095 0.1074090 0.6742776
v -0.1936409 0.0939810 0.6742776
v -0.1702950 -0.0000730 0.6748227
v -0.1694324 -0.0822318 0.6748227
v -0.1667800 -0.0939810 0.6748227
v -0.1621155 -0.1010488 0.6748227
v -0.1549415 -0.1057275 0.6748227
v -0.1441042 -0.1087696 0.6748227
v -0.1260887 -0.1104994 0.6748227
v 0.0000974 -0.1110620 0.6748227
v 0.1260887 -0.1104994 0.6748227
v 0.1441042 -0.1087696 0.6748227
v 0.1549415 -0.1057275 0.6748227
v 0.1621155 -0.1010488 0.6748227
v 0.1667800 -0.0939810 0.6748227
v 0.1694324 -0.0822318 0.6748227
v 0.1702950 0.0000000 0.6748227
v 0.1694324 0.0822318 0.6748227
v 0.1667800 0.0939810 0.6748227
v 0.1621155 0.1010488 0.6748227
v 0.1549415 0.1057275 0.6748227
v 0.1441042 0.1087696 0.6748227
v 0.1260887 0.1104994 0.6748227
v 0.0000974 0.1110620 0.6748227
v -0.1260887 0.1104994 0.6748227
v -0.1441042 0.1087696 0.6748227
v -0.1549415 0.1057275 0.6748227
v -0.1621155 0.1010488 0.6748227
v -0.1667800 0.0939810 0.6748227
v -0.1694324 0.0822318 0.6748227
v -0.0001316 -0.0000001 0.6750000
v -0.0001309 -0.0000635 0.6750000
v -0.0001288 -0.0000726 0.6750000
v -0.0001252 -0.0000781 0.6750000
v -0.0001197 -0.0000817 0.6750000
v -0.0001113 -0.0000840 0.6750000
v -0.0000974 -0.0000854 0.6750000
v 0.0000001 -0.0000858 0.6750000
v 0.0000974 -0.0000854 0.6750000
v 0.0001113 -0.0000840 0.6750000
v 0.0001197 -0.0000817 0.6750000
v 0.0001252 -0.0000781 0.6750000
v 0.0001288 -0.0000726 0.6750000
v 0.0001309 -0.0000635 0.6750000
v 0.0001316 0.0000000 0.6750000
v 0.0001309 0.0000635 0.6750000
v 0.0001288 0.0000726 0.6750000
v 0.0001252 0.0000781 0.6750000
v 0.0001197 0.0000817 0.6750000
v 0.0001113 0.0000840 0.6750000
v 0.0000974 0.0000854 0.6750000
v 0.0000001 0.0000858 0.6750000
v -0.0000974 0.0000854 0.6750000
v -0.0001113 0.0000840 0.6750000
v -0.0001197 0.0000817 0.6750000
v -0.0001252 0.0000781 0.6750000
v -0.0001288 0.0000726 0.6750000
v -0.0001309 0.0000635 0.6750000
v -0.1800022 -0.0000000 0.0300000
v -0.1800022 -0.0000073 0.0300000
v -0.1800022 -0.0000086 0.0300000
v -0.1800021 -0.0000094 0.0300000
v -0.1800020 -0.0000100 0.0300000
v -0.1800018 -0.0000103 0.0300000
v -0.1800015 -0.0000105 0.0300000
v -0.1800000 -0.0000106 0.0300000
v -0.1799985 -0.0000105 0.0300000
v -0.1799982 -0.0000103 0.0300000
v -0.1799980 -0.0000100 0.0300000
v -0.1799979 -0.0000094 0.0300000
v -0.1799978 -0.0000086 0.0300000
v -0.1799978 -0.0000073 0.0300000
v -0.1799978 0.0000000 0.0300000
v -0.1799978 0.0000073 0.0300000
v -0.1799978 0.0000086 0.0300000
v -0.1799979 0.0000094 0.0300000
v -0.1799980 0.0000100 0.0300000
v -0.1799982 0.0000103 0.0300000
v -0.1799985 0.0000105 0.0300000
v -0.1800000 0.0000106 0.0300000
v -0.1800015 0.0000105 0.0300000
v -0.1800018 0.0000103 0.0300000
v -0.1800020 0.0000100 0.0300000
v -0.1800021 0.0000094 0.0300000
v -0.1800022 0.0000086 0.0300000
v -0.1800022 0.0000073 0.0300000
v -0.1971705 -0.0000087 0.0318983
v -0.1970618 -0.0566065 0.0318983
v -0.1967286 -0.0668909 0.0318983
v -0.1961459 -0.0732371 0.0318983
v -0.1952577 -0.0775001 0.0318983
v -0.1939356 -0.0802974 0.0318983
v -0.1917930 -0.0818968 0.0318983
v -0.1799985 -0.0824184 0.0318983
v -0.1682070 -0.0818968 0.0318983
v -0.1660644 -0.0802974 0.0318983
v -0.1647423 -0.0775001 0.0318983
v -0.1638541 -0.0732371 0.0318983
v -0.1632714 -0.0668909 0.0318983
v -0.1629382 -0.0566065 0.0318983
v -0.1628295 0.0000000 0.0318983
v -0.1629382 0.0566065 0.0318983
v -0.1632714 0.0668909 0.0318983
v -0.1638541 0.0732371 0.0318983
v -0.1647423 0.0775001 0.0318983
v -0.1660644 0.0802974 0.0318983
v -0.1682070 0.0818968 0.0318983
v -0.1799985 0.0824184 0.0318983
v -0.1917930 0.0818968 0.0318983
v -0.1939356 0.0802974 0.0318983
v -0.1952577 0.0775001 0.0318983
v -0.1961459 0.0732371 0.0318983
v -0.1967286 0.0668909 0.0318983
v -0.1970618 0.0566065 0.0318983
v -0.2002901 -0.0000102 0.0377203
v -0.2001617 -0.0668909 0.0377203
v -0.1997679 -0.0790438 0.0377203
v -0.1990793 -0.0865430 0.0377203
v -0.1980298 -0.0915805 0.0377203
v -0.1964675 -0.0948860 0.0377203
v -0.1939356 -0.0967760 0.0377203
v -0.1799982 -0.0973923 0.0377203
v -0.1660644 -0.0967760 0.0377203
v -0.1635325 -0.0948860 0.0377203
v -0.1619702 -0.0915805 0.0377203
v -0.1609207 -0.0865430 0.0377203
v -0.1602321 -0.0790438 0.0377203
v -0.1598383 -0.0668909 0.0377203
v -0.1597099 0.0000000 0.0377203
v -0.1598383 0.0668909 0.0377203
v -0.1602321 0.0790438 0.0377203
v -0.1609207 0.0865430 0.0377203
v -0.1619702 0.0915805 0.0377203
v -0.1635325 0.0948860 0.0377203
v -0.1660644 0.0967760 0.0377203
v -0.1799982 0.0973923 0.0377203
v -0.1939356 0.0967760 0.0377203
v -0.1964675 0.0948860 0.0377203
v -0.1980298 0.0915805 0.0377203
v -0.1990793 0.0865430 0.0377203
v -0.1997679 0.0790438 0.0377203
v -0.2001617 0.0668909 0.0377203
v -0.2022151 -0.0000112 0.0479023
v -0.2020745 -0.0732371 0.0479023
v -0.2016434 -0.0865430 0.0479023
v -0.2008894 -0.0947536 0.0479023
v -0.1997403 -0.1002690 0.0479023
v -0.1980298 -0.1038882 0.0479023
v -0.1952577 -0.1059575 0.0479023
v -0.1799980 -0.1066323 0.0479023
v -0.1647423 -0.1059575 0.0479023
v -0.1619702 -0.1038882 0.0479023
v -0.1602597 -0.1002690 0.0479023
v -0.1591106 -0.0947536 0.0479023
v -0.1583566 -0.0865430 0.0479023
v -0.1579255 -0.0732371 0.0479023
v -0.1577849 0.0000000 0.0479023
v -0.1579255 0.0732371 0.0479023
v -0.1583566 0.0865430 0.0479023
v -0.1591106 0.0947536 0.0479023
v -0.1602597 0.1002690 0.0479023
v -0.1619702 0.1038882 0.0479023
v -0.1647423 0.1059575 0.0479023
v -0.1799980 0.1066323 0.0479023
v -0.1952577 0.1059575 0.0479023
v -0.1980298 0.1038882 0.0479023
v -0.1997403 0.1002690 0.0479023
v -0.2008894 0.0947536 0.0479023
v -0.2016434 0.0865430 0.0479023
v -0.2020745 0.0732371 0.0479023
v -0.2035081 -0.0000119 0.0634194
v -0.2033594 -0.0775001 0.0634194
v -0.2029032 -0.0915805 0.0634194
v -0.2021053 -0.1002690 0.0634194
v -0.2008894 -0.1061055 0.0634194
v -0.1990793 -0.1099353 0.0634194
v -0.1961459 -0.1121251 0.0634194
v -0.1799979 -0.1128391 0.0634194
v -0.1638541 -0.1121251 0.0634194
v -0.1609207 -0.1099353 0.0634194
v -0.1591106 -0.1061055 0.0634194
v -0.1578947 -0.1002690 0.0634194
v -0.1570968 -0.0915805 0.0634194
v -0.1566406 -0.0775001 0.0634194
v -0.1564919 0.0000000 0.0634194
v -0.1566406 0.0775001 0.0634194
v -0.1570968 0.0915805 0.0634194
v -0.1578947 0.1002690 0.0634194
v -0.1591106 0.1061055 0.0634194
v -0.1609207 0.1099353 0.0634194
v -0.1638541 0.1121251 0.0634194
v -0.1799979 0.1128391 0.0634194
v -0.1961459 0.1121251 0.0634194
v -0.1990793 0.1099353 0.0634194
v -0.2008894 0.1061055 0.0634194
v -0.2021053 0.1002690 0.0634194
v -0.2029032 0.0915805 0.0634194
v -0.2033594 0.0775001 0.0634194
v -0.2043566 -0.0000123 0.0865193
v -0.2042025 -0.0802974 0.0865193
v -0.2037298 -0.0948860 0.0865193
v -0.2029032 -0.1038882 0.0865193
v -0.2016434 -0.1099353 0.0865193
v -0.1997679 -0.1139033 0.0865193
v -0.1967286 -0.1161721 0.0865193
v -0.1799978 -0.1169119 0.0865193
v -0.1632714 -0.1161721 0.0865193
v -0.1602321 -0.1139033 0.0865193
v -0.1583566 -0.1099353 0.0865193
v -0.1570968 -0.1038882 0.0865193
v -0.1562702 -0.0948860 0.0865193
v -0.1557975 -0.0802974 0.0865193
v -0.1556434 0.0000000 0.0865193
v -0.1557975 0.0802974 0.0865193
v -0.1562702 0.0948860 0.0865193
v -0.1570968 0.1038882 0.0865193
v -0.1583566 0.1099353 0.0865193
v -0.1602321 0.1139033 0.0865193
v -0.1632714 0.1161721 0.0865193
v -0.1799978 0.1169119 0.0865193
v -0.1967286 0.1161721 0.0865193
v -0.1997679 0.1139033 0.0865193
v -0.2016434 0.1099353 0.0865193
v -0.2029032 0.1038882 0.0865193
v -0.2037298 0.0948860 0.0865193
v -0.2042025 0.0802974 0.0865193
v -0.2048418 -0.0000125 0.1239541
v -0.2046846 -0.0818968 0.1239541
v -0.2042025 -0.0967760 0.1239541
v -0.2033594 -0.1059575 0.1239541
v -0.2020745 -0.1121251 0.1239541
v -0.2001617 -0.1161721 0.1239541
v -0.1970618 -0.1184861 0.1239541
v -0.1799978 -0.1192407 0.1239541
v -0.1629382 -0.1184861 0.1239541
v -0.1598383 -0.1161721 0.1239541
v -0.1579255 -0.1121251 0.1239541
v -0.1566406 -0.1059575 0.1239541
v -0.1557975 -0.0967760 0.1239541
v -0.1553154 -0.0818968 0.1239541
v -0.1551582 0.0000000 0.1239541
v -0.1553154 0.0818968 0.1239541
v -0.1557975 0.0967760 0.1239541
v -0.1566406 0.1059575 0.1239541
v -0.1579255 0.1121251 0.1239541
v -0.1598383 0.1161721 0.1239541
v -0.1629382 0.1184861 0.1239541
v -0.1799978 0.1192407 0.1239541
v -0.1970618 0.1184861 0.1239541
v -0.2001617 0.1161721 0.1239541
v -0.2020745 0.1121251 0.1239541
v -0.2033594 0.1059575 0.1239541
v -0.2042025 0.0967760 0.1239541
v -0.2046846 0.0818968 0.1239541
v -0.2050000 -0.0000126 0.3300000
v -0.2048418 -0.0824184 0.3300000
v -0.2043566 -0.0973923 0.3300000
v -0.2035081 -0.1066323 0.3300000
v -0.2022151 -0.1128391 0.3300000
v -0.2002901 -0.1169119 0.3300000
v -0.1971705 -0.1192407 0.3300000
v -0.1799978 -0.1200000 0.3300000
v -0.1628295 -0.1192407 0.3300000
v -0.1597099 -0.1169119 0.3300000
v -0.1577849 -0.1128391 0.3300000
v -0.1564919 -0.1066323 0.3300000
v -0.1556434 -0.0973923 0.3300000
v -0.1551582 -0.0824184 0.3300000
v -0.1550000 0.0000000 0.3300000
v -0.1551582 0.0824184 0.3300000
v -0.1556434 0.0973923 0.3300000
v -0.1564919 0.1066323 0.3300000
v -0.1577849 0.1128391 0.3300000
v -0.1597099 0.1169119 0.3300000
v -0.1628295 0.1192407 0.3300000
v -0.1799978 0.1200000 0.3300000
v -0.1971705 0.1192407 0.3300000
v -0.2002901 0.1169119 0.3300000
v -0.2022151 0.1128391 0.3300000
v -0.2035081 0.1066323 0.3300000
v -0.2043566 0.0973923 0.3300000
v -0.2048418 0.0824184 0.3300000
v -0.2048418 -0.0000125 0.5360459
v -0.2046846 -0.0818968 0.5360459
v -0.2042025 -0.0967760 0.5360459
v -0.2033594 -0.1059575 0.5360459
v -0.2020745 -0.1121251 0.5360459
v -0.2001617 -0.1161721 0.5360459
v -0.1970618 -0.1184861 0.5360459
v -0.1799978 -0.1192407 0.5360459
v -0.1629382 -0.1184861 0.5360459
v -0.1598383 -0.1161721 0.5360459
v -0.1579255 -0.1121251 0.5360459
v -0.1566406 -0.1059575 0.5360459
v -0.1557975 -0.0967760 0.5360459
v -0.1553154 -0.0818968 0.5360459
v -0.1551582 0.0000000 0.5360459
v -0.1553154 0.0818968 0.5360459
v -0.1557975 0.0967760 0.5360459
v -0.1566406 0.1059575 0.5360459
v -0.1579255 0.1121251 0.5360459
v -0.1598383 0.1161721 0.5360459
v -0.1629382 0.1184861 0.5360459
v -0.1799978 0.1192407 0.5360459
v -0.1970618 0.1184861 0.5360459
v -0.2001617 0.1161721 0.5360459
v -0.2020745 0.1121251 0.5360459
v -0.2033594 0.1059575 0.5360459
v -0.2042025 0.0967760 0.5360459
v -0.2046846 0.0818968 0.5360459
v -0.2043566 -0.0000123 0.5734807
v -0.2042025 -0.0802974 0.5734807
v -0.2037298 -0.0948860 0.5734807
v -0.2029032 -0.1038882 0.5734807
v -0.2016434 -0.1099353 0.5734807
v -0.1997679 -0.1139033 0.5734807
v -0.1967286 -0.1161721 0.5734807
v -0.1799978 -0.1169119 0.5734807
v -0.1632714 -0.1161721 0.5734807
v -0.1602321 -0.1139033 0.5734807
v -0.1583566 -0.1099353 0.5734807
v -0.1570968 -0.1038882 0.5734807
v -0.1562702 -0.0948860 0.5734807
v -0.1557975 -0.0802974 0.5734807
v -0.1556434 0.0000000 0.5734807
v -0.1557975 0.0802974 0.5734807
v -0.1562702 0.0948860 0.5734807
v -0.1570968 0.1038882 0.5734807
v -0.1583566 0.1099353 0.5734807
v -0.1602321 0.1139033 0.5734807
v -0.1632714 0.1161721 0.5734807
v -0.1799978 0.1169119 0.5734807
v -0.1967286 0.1161721 0.5734807
v -0.1997679 0.1139033 0.5734807
v -0.2016434 0.1099353 0.5734807
v -0.2029032 0.1038882 0.5734807
v -0.2037298 0.0948860 0.5734807
v -0.2042025 0.0802974 0.5734807
v -0.2035081 -0.0000119 0.5965806
v -0.2033594 -0.0775001 0.5965806
v -0.2029032 -0.0915805 0.5965806
v -0.2021053 -0.1002690 0.5965806
v -0.2008894 -0.1061055 0.5965806
v -0.1990793 -0.1099353 0.5965806
v -0.1961459 -0.1121251 0.5965806
v -0.1799979 -0.1128391 0.5965806
v -0.1638541 -0.1121251 0.5965806
v -0.1609207 -0.1099353 0.5965806
v -0.1591106 -0.1061055 0.5965806
v -0.1578947 -0.1002690 0.5965806
v -0.1570968 -0.0915805 0.5965806
v -0.1566406 -0.0775001 0.5965806
v -0.1564919 0.0000000 0.5965806
v -0.1566406 0.0775001 0.5965806
v -0.1570968 0.0915805 0.5965806
v -0.1578947 0.1002690 0.5965806
v -0.1591106 0.1061055 0.5965806
v -0.1609207 0.1099353 0.5965806
v -0.1638541 0.1121251 0.5965806
v -0.1799979 0.1128391 0.5965806
v -0.1961459 0.1121251 0.5965806
v -0.1990793 0.1099353 0.5965806
v -0.2008894 0.1061055 0.5965806
v -0.2021053 0.1002690 0.5965806
v -0.2029032 0.0915805 0.5965806
v -0.2033594 0.0775001 0.5965806
v -0.2022151 -0.0000112 0.6120977
v -0.2020745 -0.0732371 0.6120977
v -0.2016434 -0.0865430 0.6120977
v -0.2008894 -0.0947536 0.6120977
v -0.1997403 -0.1002690 0.6120977
v -0.1980298 -0.1038882 0.6120977
v -0.1952577 -0.1059575 0.6120977
v -0.1799980 -0.1066323 0.6120977
v -0.1647423 -0.1059575 0.6120977
v -0.1619702 -0.1038882 0.6120977
v -0.1602597 -0.1002690 0.6120977
v -0.1591106 -0.0947536 0.6120977
v -0.1583566 -0.0865430 0.6120977
v -0.1579255 -0.0732371 0.6120977
v -0.1577849 0.0000000 0.6120977
v -0.1579255 0.0732371 0.6120977
v -0.1583566 0.0865430 0.6120977
v -0.1591106 0.0947536 0.6120977
v -0.1602597 0.1002690 0.6120977
v -0.1619702 0.1038882 0.6120977
v -0.1647423 0.1059575 0.6120977
v -0.1799980 0.1066323 0.6120977
v -0.1952577 0.1059575 0.6120977
v -0.1980298 0.1038882 0.6120977
v -0.1997403 0.1002690 0.6120977
v -0.2008894 0.0947536 0.6120977
v -0.2016434 0.0865430 0.6120977
v -0.2020745 0.0732371 0.6120977
v -0.2002901 -0.0000102 0.6222797
v -0.2001617 -0.0668909 0.6222797
v -0.1997679 -0.0790438 0.6222797
v -0.1990793 -0.0865430 0.6222797
v -0.1980298 -0.0915805 0.6222797
v -0.1964675 -0.0948860 0.6222797
v -0.1939356 -0.0967760 0.6222797
v -0.1799982 -0.0973923 0.6222797
v -0.1660644 -0.0967760 0.6222797
v -0.1635325 -0.0948860 0.6222797
v -0.1619702 -0.0915805 0.6222797
v -0.1609207 -0.0865430 0.6222797
v -0.1602321 -0.0790438 0.6222797
v -0.1598383 -0.0668909 0.6222797
v -0.1597099 0.0000000 0.6222797
v -0.1598383 0.0668909 0.6222797
v -0.1602321 0.0790438 0.6222797
v -0.1609207 0.0865430 0.6222797
v -0.1619702 0.0915805 0.6222797
v -0.1635325 0.0948860 0.6222797
v -0.1660644 0.0967760 0.6222797
v -0.1799982 0.0973923 0.6222797
v -0.1939356 0.0967760 0.6222797
v -0.1964675 0.0948860 0.6222797
v -0.1980298 0.0915805 0.6222797
v -0.1990793 0.0865430 0.6222797
v -0.1997679 0.0790438 0.6222797
v -0.2001617 0.0668909 0.6222797
v -0.1971705 -0.0000087 0.6281017
v -0.1970618 -0.0566065 0.6281017
v -0.1967286 -0.0668909 0.6281017
v -0.1961459 -0.0732371 0.6281017
v -0.1952577 -0.0775001 0.6281017
v -0.1939356 -0.0802974 0.6281017
v -0.1917930 -0.0818968 0.6281017
v -0.1799985 -0.0824184 0.6281017
v -0.1682070 -0.0818968 0.6281017
v -0.1660644 -0.0802974 0.6281017
v -0.1647423 -0.0775001 0.6281017
v -0.1638541 -0.0732371 0.6281017
v -0.1632714 -0.0668909 0.6281017
v -0.1629382 -0.0566065 0.6281017
v -0.1628295 0.0000000 0.6281017
v -0.1629382 0.0566065 0.6281017
v -0.1632714 0.0668909 0.6281017
v -0.1638541 0.0732371 0.6281017
v -0.1647423 0.0775001 0.6281017
v -0.1660644 0.0802974 0.6281017
v -0.1682070 0.0818968 0.6281017
v -0.1799985 0.0824184 0.6281017
v -0.1917930 0.0818968 0.6281017
v -0.1939356 0.0802974 0.6281017
v -0.1952577 0.0775001 0.6281017
v -0.1961459 0.0732371 0.6281017
v -0.1967286 0.0668909 0.6281017
v -0.1970618 0.0566065 0.6281017
v -0.1800022 -0.0000000 0.6300000
v -0.1800022 -0.0000073 0.6300000
v -0.1800022 -0.0000086 0.6300000
v -0.1800021 -0.0000094 0.6300000
v -0.1800020 -0.0000100 0.6300000
v -0.1800018 -0.0000103 0.6300000
v -0.1800015 -0.0000105 0.6300000
v -0.1800000 -0.0000106 0.6300000
v -0.1799985 -0.0000105 0.6300000
v -0.1799982 -0.0000103 0.6300000
v -0.1799980 -0.0000100 0.6300000
v -0.1799979 -0.0000094 0.6300000
v -0.1799978 -0.0000086 0.6300000
v -0.1799978 -0.0000073 0.6300000
v -0.1799978 0.0000000 0.6300000
v -0.1799978 0.0000073 0.6300000
v -0.1799978 0.0000086 0.6300000
v -0.1799979 0.0000094 0.6300000
v -0.1799980 0.0000100 0.6300000
v -0.1799982 0.0000103 0.6300000
v -0.1799985 0.0000105 0.6300000
v -0.1800000 0.0000106 0.6300000
v -0.1800015 0.0000105 0.6300000
v -0.1800018 0.0000103 0.6300000
v -0.1800020 0.0000100 0.6300000
v -0.1800021 0.0000094 0.6300000
v -0.1800022 0.0000086 0.6300000
v -0.1800022 0.0000073 0.6300000
v -0.0001258 -0.0000001 0.0100000
v -0.0001252 -0.0000635 0.0100000
v -0.0001232 -0.0000726 0.0100000
v -0.0001198 -0.0000781 0.0100000
v -0.0001145 -0.0000817 0.0100000
v -0.0001065 -0.0000840 0.0100000
v -0.0000932 -0.0000854 0.0100000
v 0.0000001 -0.0000858 0.0100000
v 0.0000932 -0.0000854 0.0100000
v 0.0001065 -0.0000840 0.0100000
v 0.0001145 -0.0000817 0.0100000
v 0.0001198 -0.0000781 0.0100000
v 0.0001232 -0.0000726 0.0100000
v 0.0001252 -0.0000635 0.0100000
v 0.0001258 0.0000000 0.0100000
v 0.0001252 0.0000635 0.0100000
v 0.0001232 0.0000726 0.0100000
v 0.0001198 0.0000781 0.0100000
v 0.0001145 0.0000817 0.0100000
v 0.0001065 0.0000840 0.0100000
v 0.0000932 0.0000854 0.0100000
v 0.0000001 0.0000858 0.0100000
v -0.0000932 0.0000854 0.0100000
v -0.0001065 0.0000840 0.0100000
v -0.0001145 0.0000817 0.0100000
v -0.0001198 0.0000781 0.0100000
v -0.0001232 0.0000726 0.0100000
v -0.0001252 0.0000635 0.0100000
v -0.1628909 -0.0000730 0.0101266
v -0.1620658 -0.0822318 0.0101266
v -0.1595287 -0.0939810 0.0101266
v -0.1550670 -0.1010488 0.0101266
v -0.1482050 -0.1057275 0.0101266
v -0.1378388 -0.1087696 0.0101266
v -0.1206066 -0.1104994 0.0101266
v 0.0000932 -0.1110620 0.0101266
v 0.1206066 -0.1104994 0.0101266
v 0.1378388 -0.1087696 0.0101266
v 0.1482050 -0.1057275 0.0101266
v 0.1550670 -0.1010488 0.0101266
v 0.1595287 -0.0939810 0.0101266
v 0.1620658 -0.0822318 0.0101266
v 0.1628909 0.0000000 0.0101266
v 0.1620658 0.0822318 0.0101266
v 0.1595287 0.0939810 0.0101266
v 0.1550670 0.1010488 0.0101266
v 0.1482050 0.1057275 0.0101266
v 0.1378388 0.1087696 0.0101266
v 0.1206066 0.1104994 0.0101266
v 0.0000932 0.1110620 0.0101266
v -0.1206066 0.1104994 0.0101266
v -0.1378388 0.1087696 0.0101266
v -0.1482050 0.1057275 0.0101266
v -0.1550670 0.1010488 0.0101266
v -0.1595287 0.0939810 0.0101266
v -0.1620658 0.0822318 0.0101266
v -0.1861647 -0.0000834 0.0105160
v -0.1852217 -0.0939810 0.0105160
v -0.1823221 -0.1074090 0.0105160
v -0.1772230 -0.1154867 0.0105160
v -0.1693804 -0.1208338 0.0105160
v -0.1575332 -0.1243105 0.0105160
v -0.1378388 -0.1262875 0.0105160
v 0.0001065 -0.1269305 0.0105160
v 0.1378388 -0.1262875 0.0105160
v 0.1575332 -0.1243105 0.0105160
v 0.1693804 -0.1208338 0.0105160
v 0.1772230 -0.1154867 0.0105160
v 0.1823221 -0.1074090 0.0105160
v 0.1852217 -0.0939810 0.0105160
v 0.1861647 0.0000000 0.0105160
v 0.1852217 0.0939810 0.0105160
v 0.1823221 0.1074090 0.0105160
v 0.1772230 0.1154867 0.0105160
v 0.1693804 0.1208338 0.0105160
v 0.1575332 0.1243105 0.0105160
v 0.1378388 0.1262875 0.0105160
v 0.0001065 0.1269305 0.0105160
v -0.1378388 0.1262875 0.0105160
v -0.1575332 0.1243105 0.0105160
v -0.1693804 0.1208338 0.0105160
v -0.1772230 0.1154867 0.0105160
v -0.1823221 0.1074090 0.0105160
v -0.1852217 0.0939810 0.0105160
v -0.2001652 -0.0000897 0.0112008
v -0.1991513 -0.1010488 0.0112008
v -0.1960336 -0.1154867 0.0112008
v -0.1905510 -0.1241718 0.0112008
v -0.1821187 -0.1299211 0.0112008
v -0.1693804 -0.1336593 0.0112008
v -0.1482050 -0.1357849 0.0112008
v 0.0001145 -0.1364763 0.0112008
v 0.1482050 -0.1357849 0.0112008
v 0.1693804 -0.1336593 0.0112008
v 0.1821187 -0.1299211 0.0112008
v 0.1905510 -0.1241718 0.0112008
v 0.1960336 -0.1154867 0.0112008
v 0.1991513 -0.1010488 0.0112008
v 0.2001652 0.0000000 0.0112008
v 0.1991513 0.1010488 0.0112008
v 0.1960336 0.1154867 0.0112008
v 0.1905510 0.1241718 0.0112008
v 0.1821187 0.1299211 0.0112008
v 0.1693804 0.1336593 0.0112008
v 0.1482050 0.1357849 0.0112008
v 0.0001145 0.1364763 0.0112008
v -0.1482050 0.1357849 0.0112008
v -0.1693804 0.1336593 0.0112008
v -0.1821187 0.1299211 0.0112008
v -0.1905510 0.1241718 0.0112008
v -0.1960336 0.1154867 0.0112008
v -0.1991513 0.1010488 0.0112008
v -0.2094331 -0.0000938 0.0122540
v -0.2083722 -0.1057275 0.0122540
v -0.2051102 -0.1208338 0.0122540
v -0.1993737 -0.1299211 0.0122540
v -0.1905510 -0.1359366 0.0122540
v -0.1772230 -0.1398479 0.0122540
v -0.1550670 -0.1420720 0.0122540
v 0.0001198 -0.1427953 0.0122540
v 0.1550670 -0.1420720 0.0122540
v 0.1772230 -0.1398479 0.0122540
v 0.1905510 -0.1359366 0.0122540
v 0.1993737 -0.1299211 0.0122540
v 0.2051102 -0.1208338 0.0122540
v 0.2083722 -0.1057275 0.0122540
v 0.2094331 0.0000000 0.0122540
v 0.2083722 0.1057275 0.0122540
v 0.2051102 0.1208338 0.0122540
v 0.1993737 0.1299211 0.0122540
v 0.1905510 0.1359366 0.0122540
v 0.1772230 0.1398479 0.0122540
v 0.1550670 0.1420720 0.0122540
v 0.0001198 0.1427953 0.0122540
v -0.1550670 0.1420720 0.0122540
v -0.1772230 0.1398479 0.0122540
v -0.1905510 0.1359366 0.0122540
v -0.1993737 0.1299211 0.0122540
v -0.2051102 0.1208338 0.0122540
v -0.2083722 0.1057275 0.0122540
v -0.2154590 -0.0000965 0.0138449
v -0.2143676 -0.1087696 0.0138449
v -0.2110117 -0.1243105 0.0138449
v -0.2051102 -0.1336593 0.0138449
v -0.1960336 -0.1398479 0.0138449
v -0.1823221 -0.1438716 0.0138449
v -0.1595287 -0.1461597 0.0138449
v 0.0001232 -0.1469039 0.0138449
v 0.1595287 -0.1461597 0.0138449
v 0.1823221 -0.1438716 0.0138449
v 0.1960336 -0.1398479 0.0138449
v 0.2051102 -0.1336593 0.0138449
v 0.2110117 -0.1243105 0.0138449
v 0.2143676 -0.1087696 0.0138449
v 0.2154590 0.0000000 0.0138449
v 0.2143676 0.1087696 0.0138449
v 0.2110117 0.1243105 0.0138449
v 0.2051102 0.1336593 0.0138449
v 0.1960336 0.1398479 0.0138449
v 0.1823221 0.1438716 0.0138449
v 0.1595287 0.1461597 0.0138449
v 0.0001232 0.1469039 0.0138449
v -0.1595287 0.1461597 0.0138449
v -0.1823221 0.1438716 0.0138449
v -0.1960336 0.1398479 0.0138449
v -0.2051102 0.1336593 0.0138449
v -0.2110117 0.1243105 0.0138449
v -0.2143676 0.1087696 0.0138449
v -0.2188856 -0.0000981 0.0164897
v -0.2177768 -0.1104994 0.0164897
v -0.2143676 -0.1262875 0.0164897
v -0.2083722 -0.1357849 0.0164897
v -0.1991513 -0.1420720 0.0164897
v -0.1852217 -0.1461597 0.0164897
v -0.1620658 -0.1484842 0.0164897
v 0.0001252 -0.1492402 0.0164897
v 0.1620658 -0.1484842 0.0164897
v 0.1852217 -0.1461597 0.0164897
v 0.1991513 -0.1420720 0.0164897
v 0.2083722 -0.1357849 0.0164897
v 0.2143676 -0.1262875 0.0164897
v 0.2177768 -0.1104994 0.0164897
v 0.2188856 0.0000000 0.0164897
v 0.2177768 0.1104994 0.0164897
v 0.2143676 0.1262875 0.0164897
v 0.2083722 0.1357849 0.0164897
v 0.1991513 0.1420720 0.0164897
v 0.1852217 0.1461597 0.0164897
v 0.1620658 0.1484842 0.0164897
v 0.0001252 0.1492402 0.0164897
v -0.1620658 0.1484842 0.0164897
v -0.1852217 0.1461597 0.0164897
v -0.1991513 0.1420720 0.0164897
v -0.2083722 0.1357849 0.0164897
v -0.2143676 0.1262875 0.0164897
v -0.2177768 0.1104994 0.0164897
v -0.2200000 -0.0000986 0.0350000
v -0.2188856 -0.1110620 0.0350000
v -0.2154590 -0.1269305 0.0350000
v -0.2094331 -0.1364763 0.0350000
v -0.2001652 -0.1427953 0.0350000
v -0.1861647 -0.1469039 0.0350000
v -0.1628909 -0.1492402 0.0350000
v 0.0001258 -0.1500000 0.0350000
v 0.1628909 -0.1492402 0.0350000
v 0.1861647 -0.1469039 0.0350000
v 0.2001652 -0.1427953 0.0350000
v 0.2094331 -0.1364763 0.0350000
v 0.2154590 -0.1269305 0.0350000
v 0.2188856 -0.1110620 0.0350000
v 0.2200000 0.0000000 0.0350000
v 0.2188856 0.1110620 0.0350000
v 0.2154590 0.1269305 0.0350000
v 0.2094331 0.1364763 0.0350000
v 0.2001652 0.1427953 0.0350000
v 0.1861647 0.1469039 0.0350000
v 0.1628909 0.1492402 0.0350000
v 0.0001258 0.1500000 0.0350000
v -0.1628909 0.1492402 0.0350000
v -0.1861647 0.1469039 0.0350000
v -0.2001652 0.1427953 0.0350000
v -0.2094331 0.1364763 0.0350000
v -0.2154590 0.1269305 0.0350000
v -0.2188856 0.1110620 0.0350000
v -0.2188856 -0.0000981 0.0535103
v -0.2177768 -0.1104994 0.0535103
v -0.2143676 -0.1262875 0.0535103
v -0.2083722 -0.1357849 0.0535103
v -0.1991513 -0.1420720 0.0535103
v -0.1852217 -0.1461597 0.0535103
v -0.1620658 -0.1484842 0.0535103
v 0.0001252 -0.1492402 0.0535103
v 0.1620658 -0.1484842 0.0535103
v 0.1852217 -0.1461597 0.0535103
v 0.1991513 -0.1420720 0.0535103
v 0.2083722 -0.1357849 0.0535103
v 0.2143676 -0.1262875 0.0535103
v 0.2177768 -0.1104994 0.0535103
v 0.2188856 0.0000000 0.0535103
v 0.2177768 0.1104994 0.0535103
v 0.2143676 0.1262875 0.0535103
v 0.2083722 0.1357849 0.0535103
v 0.1991513 0.1420720 0.0535103
v 0.1852217 0.1461597 0.0535103
v 0.1620658 0.1484842 0.0535103
v 0.0001252 0.1492402 0.0535103
v -0.1620658 0.1484842 0.0535103
v -0.1852217 0.1461597 0.0535103
v -0.1991513 0.1420720 0.0535103
v -0.2083722 0.1357849 0.0535103
v -0.2143676 0.1262875 0.0535103
v -0.2177768 0.1104994 0.0535103
v -0.2154590 -0.0000965 0.0561551
v -0.2143676 -0.1087696 0.0561551
v -0.2110117 -0.1243105 0.0561551
v -0.2051102 -0.1336593 0.0561551
v -0.1960336 -0.1398479 0.0561551
v -0.1823221 -0.1438716 0.0561551
v -0.1595287 -0.1461597 0.0561551
v 0.0001232 -0.1469039 0.0561551
v 0.1595287 -0.1461597 0.0561551
v 0.1823221 -0.1438716 0.0561551
v 0.1960336 -0.1398479 0.0561551
v 0.2051102 -0.1336593 0.0561551
v 0.2110117 -0.1243105 0.0561551
v 0.2143676 -0.1087696 0.0561551
v 0.2154590 0.0000000 0.0561551
v 0.2143676 0.1087696 0.0561551
v 0.2110117 0.1243105 0.0561551
v 0.2051102 0.1336593 0.0561551
v 0.1960336 0.1398479 0.0561551
v 0.1823221 0.1438716 0.0561551
v 0.1595287 0.1461597 0.0561551
v 0.0001232 0.1469039 0.0561551
v -0.1595287 0.1461597 0.0561551
v -0.1823221 0.1438716 0.0561551
v -0.1960336 0.1398479 0.0561551
v -0.2051102 0.1336593 0.0561551
v -0.2110117 0.1243105 0.0561551
v -0.2143676 0.1087696 0.0561551
v -0.2094331 -0.0000938 0.0577460
v -0.2083722 -0.1057275 0.0577460
v -0.2051102 -0.1208338 0.0577460
v -0.1993737 -0.1299211 0.0577460
v -0.1905510 -0.1359366 0.0577460
v -0.1772230 -0.1398479 0.0577460
v -0.1550670 -0.1420720 0.0577460
v 0.0001198 -0.1427953 0.0577460
v 0.1550670 -0.1420720 0.0577460
v 0.1772230 -0.1398479 0.0577460
v 0.1905510 -0.1359366 0.0577460
v 0.1993737 -0.1299211 0.0577460
v 0.2051102 -0.1208338 0.0577460
v 0.2083722 -0.1057275 0.0577460
v 0.2094331 0.0000000 0.0577460
v 0.2083722 0.1057275 0.0577460
v 0.2051102 0.1208338 0.0577460
v 0.1993737 0.1299211 0.0577460
v 0.1905510 0.1359366 0.0577460
v 0.1772230 0.1398479 0.0577460
v 0.1550670 0.1420720 0.0577460
v 0.0001198 0.1427953 0.0577460
v -0.1550670 0.1420720 0.0577460
v -0.1772230 0.1398479 0.0577460
v -0.1905510 0.1359366 0.0577460
v -0.1993737 0.1299211 0.0577460
v -0.2051102 0.1208338 0.0577460
v -0.2083722 0.1057275 0.0577460
v -0.2001652 -0.0000897 0.0587992
v -0.1991513 -0.1010488 0.0587992
v -0.1960336 -0.1154867 0.0587992
v -0.1905510 -0.1241718 0.0587992
v -0.1821187 -0.1299211 0.0587992
v -0.1693804 -0.1336593 0.0587992
v -0.1482050 -0.1357849 0.0587992
v 0.0001145 -0.1364763 0.0587992
v 0.1482050 -0.1357849 0.0587992
v 0.1693804 -0.1336593 0.0587992
v 0.1821187 -0.1299211 0.0587992
v 0.1905510 -0.1241718 0.0587992
v 0.1960336 -0.1154867 0.0587992
v 0.1991513 -0.1010488 0.0587992
v 0.2001652 0.0000000 0.0587992
v 0.1991513 0.1010488 0.0587992
v 0.1960336 0.1154867 0.0587992
v 0.1905510 0.1241718 0.0587992
v 0.1821187 0.1299211 0.0587992
v 0.1693804 0.1336593 0.0587992
v 0.1482050 0.1357849 0.0587992
v 0.0001145 0.1364763 0.0587992
v -0.1482050 0.1357849 0.0587992
v -0.1693804 0.1336593 0.0587992
v -0.1821187 0.1299211 0.0587992
v -0.1905510 0.1241718 0.0587992
v -0.1960336 0.1154867 0.0587992
v -0.1991513 0.1010488 0.0587992
v -0.1861647 -0.0000834 0.0594840
v -0.1852217 -0.0939810 0.0594840
v -0.1823221 -0.1074090 0.0594840
v -0.1772230 -0.1154867 0.0594840
v -0.1693804 -0.1208338 0.0594840
v -0.1575332 -0.1243105 0.0594840
v -0.1378388 -0.1262875 0.0594840
v 0.0001065 -0.1269305 0.0594840
v 0.1378388 -0.1262875 0.0594840
v 0.1575332 -0.1243105 0.0594840
v 0.1693804 -0.1208338 0.0594840
v 0.1772230 -0.1154867 0.0594840
v 0.1823221 -0.1074090 0.0594840
v 0.1852217 -0.0939810 0.0594840
v 0.1861647 0.0000000 0.0594840
v 0.1852217 0.0939810 0.0594840
v 0.1823221 0.1074090 0.0594840
v 0.1772230 0.1154867 0.0594840
v 0.1693804 0.1208338 0.0594840
v 0.1575332 0.1243105 0.0594840
v 0.1378388 0.1262875 0.0594840
v 0.0001065 0.1269305 0.0594840
v -0.1378388 0.1262875 0.0594840
v -0.1575332 0.1243105 0.0594840
v -0.1693804 0.1208338 0.0594840
v -0.1772230 0.1154867 0.0594840
v -0.1823221 0.1074090 0.0594840
v -0.1852217 0.0939810 0.0594840
v -0.1628909 -0.0000730 0.0598734
v -0.1620658 -0.0822318 0.0598734
v -0.1595287 -0.0939810 0.0598734
v -0.1550670 -0.1010488 0.0598734
v -0.1482050 -0.1057275 0.0598734
v -0.1378388 -0.1087696 0.0598734
v -0.1206066 -0.1104994 0.0598734
v 0.0000932 -0.1110620 0.0598734
v 0.1206066 -0.1104994 0.0598734
v 0.1378388 -0.1087696 0.0598734
v 0.1482050 -0.1057275 0.0598734
v 0.1550670 -0.1010488 0.0598734
v 0.1595287 -0.0939810 0.0598734
v 0.1620658 -0.0822318 0.0598734
v 0.1628909 0.0000000 0.0598734
v 0.1620658 0.0822318 0.0598734
v 0.1595287 0.0939810 0.0598734
v 0.1550670 0.1010488 0.0598734
v 0.1482050 0.1057275 0.0598734
v 0.1378388 0.1087696 0.0598734
v 0.1206066 0.1104994 0.0598734
v 0.0000932 0.1110620 0.0598734
v -0.1206066 0.1104994 0.0598734
v -0.1378388 0.1087696 0.0598734
v -0.1482050 0.1057275 0.0598734
v -0.1550670 0.1010488 0.0598734
v -0.1595287 0.0939810 0.0598734
v -0.1620658 0.0822318 0.0598734
v -0.0001258 -0.0000001 0.0600000
v -0.0001252 -0.0000635 0.0600000
v -0.0001232 -0.0000726 0.0600000
v -0.0001198 -0.0000781 0.0600000
v -0.0001145 -0.0000817 0.0600000
v -0.0001065 -0.0000840 0.0600000
v -0.0000932 -0.0000854 0.0600000
v 0.0000001 -0.0000858 0.0600000
v 0.0000932 -0.0000854 0.0600000
v 0.0001065 -0.0000840 0.0600000
v 0.0001145 -0.0000817 0.0600000
v 0.0001198 -0.0000781 0.0600000
v 0.0001232 -0.0000726 0.0600000
v 0.0001252 -0.0000635 0.0600000
v 0.0001258 0.0000000 0.0600000
v 0.0001252 0.0000635 0.0600000
v 0.0001232 0.0000726 0.0600000
v 0.0001198 0.0000781 0.0600000
v 0.0001145 0.0000817 0.0600000
v 0.0001065 0.0000840 0.0600000
v 0.0000932 0.0000854 0.0600000
v 0.0000001 0.0000858 0.0600000
v -0.0000932 0.0000854 0.0600000
v -0.0001065 0.0000840 0.0600000
v -0.0001145 0.0000817 0.0600000
v -0.0001198 0.0000781 0.0600000
v -0.0001232 0.0000726 0.0600000
v -0.0001252 0.0000635 0.0600000
vt 0.0000000 0.0000000
vt 0.0357143 0.0000000
vt 0.0714286 0.0000000
vt 0.1071429 0.0000000
vt 0.1428571 0.0000000
vt 0.1785714 0.0000000
vt 0.2142857 0.0000000
vt 0.2500000 0.0000000
vt 0.2857143 0.0000000
vt 0.3214286 0.0000000
vt 0.3571429 0.0000000
vt 0.3928571 0.0000000
vt 0.4285714 0.0000000
vt 0.4642857 0.0000000
vt 0.5000000 0.0000000
vt 0.5357143 0.0000000
vt 0.5714286 0.0000000
vt 0.6071429 0.0000000
vt 0.6428571 0.0000000
vt 0.6785714 0.0000000
vt 0.7142857 0.0000000
vt 0.7500000 0.0000000
vt 0.7857143 0.0000000
vt 0.8214286 0.0000000
vt 0.8571429 0.0000000
vt 0.8928571 0.0000000
vt 0.9285714 0.0000000
vt 0.9642857 0.0000000
vt 0.0000000 0.0714286
vt 0.0357143 0.0714286
vt 0.0714286 0.0714286
vt 0.1071429 0.0714286
vt 0.1428571 0.0714286
vt 0.1785714 0.0714286
vt 0.2142857 0.0714286
vt 0.2500000 0.0714286
vt 0.2857143 0.0714286
vt 0.3214286 0.0714286
vt 0.3571429 0.0714286
vt 0.3928571 0.0714286
vt 0.4285714 0.0714286
vt 0.4642857 0.0714286
vt 0.5000000 0.0714286
vt 0.5357143 0.0714286
vt 0.5714286 0.0714286
vt 0.6071429 0.0714286
vt 0.6428571 0.0714286
vt 0.6785714 0.0714286
vt 0.7142857 0.0714286
vt 0.7500000 0.0714286
vt 0.7857143 0.0714286
vt 0.8214286 0.0714286
vt 0.8571429 0.0714286
vt 0.8928571 0.0714286
vt 0.9285714 0.0714286
vt 0.9642857 0.0714286
vt 0.0000000 0.1428571
vt 0.0357143 0.1428571
vt 0.0714286 0.1428571
vt 0.1071429 0.1428571
vt 0.1428571 0.1428571
vt 0.1785714 0.1428571
vt 0.2142857 0.1428571
vt 0.2500000 0.1428571
vt 0.2857143 0.1428571
vt 0.3214286 0.1428571
vt 0.3571429 0.1428571
vt 0.3928571 0.1428571
vt 0.4285714 0.1428571
vt 0.4642857 0.1428571
vt 0.5000000 0.1428571
vt 0.5357143 0.1428571
vt 0.5714286 0.1428571
vt 0.6071429 0.1428571
vt 0.6428571 0.1428571
vt 0.6785714 0.1428571
vt 0.7142857 0.1428571
vt 0.7500000 0.1428571
vt 0.7857143 0.1428571
vt 0.8214286 0.1428571
vt 0.8571429 0.1428571
vt 0.8928571 0.1428571
vt 0.9285714 0.1428571
vt 0.9642857 0.1428571
vt 0.0000000 0.2142857
vt 0.0357143 0.2142857
vt 0.0714286 0.2142857
vt 0.1071429 0.2142857
vt 0.1428571 0.2142857
vt 0.1785714 0.2142857
vt 0.2142857 0.2142857
vt 0.2500000 0.2142857
vt 0.2857143 0.2142857
vt 0.3214286 0.2142857
vt 0.3571429 0.2142857
vt 0.3928571 0.2142857
vt 0.4285714 0.2142857
vt 0.4642857 0.2142857
vt 0.5000000 0.2142857
vt 0.5357143 0.2142857
vt 0.5714286 0.2142857
vt 0.6071429 0.2142857
vt 0.6428571 0.2142857
vt 0.6785714 0.2142857
vt 0.7142857 0.2142857
vt 0.7500000 0.2142857
vt 0.7857143 0.2142857
vt 0.8214286 0.2142857
vt 0.8571429 0.2142857
vt 0.8928571 0.2142857
vt 0.9285714 0.2142857
vt 0.9642857 0.2142857
vt 0.0000000 0.2857143
vt 0.0357143 0.2857143
vt 0.0714286 0.2857143
vt 0.1071429 0.2857143
vt 0.1428571 0.2857143
vt 0.1785714 0.2857143
vt 0.2142857 0.2857143
vt 0.2500000 0.2857143
vt 0.2857143 0.2857143
vt 0.3214286 0.2857143
vt 0.3571429 0.2857143
vt 0.3928571 0.2857143
vt 0.4285714 0.2857143
vt 0.4642857 0.2857143
vt 0.5000000 0.2857143
vt 0.5357143 0.2857143
vt 0.5714286 0.2857143
vt 0.6071429 0.2857143
vt 0.6428571 0.2857143
vt 0.6785714 0.2857143
vt 0.7142857 0.2857143
vt 0.7500000 0.2857143
vt 0.7857143 0.2857143
vt 0.8214286 0.2857143
vt 0.8571429 0.2857143
vt 0.8928571 0.2857143
vt 0.9285714 0.2857143
vt 0.9642857 0.2857143
vt 0.0000000 0.3571429
vt 0.0357143 0.3571429
vt 0.0714286 0.3571429
vt 0.1071429 0.3571429
vt 0.1428571 0.3571429
vt 0.1785714 0.3571429
vt 0.2142857 0.3571429
vt 0.2500000 0.3571429
vt 0.2857143 0.3571429
vt 0.3214286 0.3571429
vt 0.3571429 0.3571429
vt 0.3928571 0.3571429
vt 0.4285714 0.3571429
vt 0.4642857 0.3571429
vt 0.5000000 0.3571429
vt 0.5357143 0.3571429
vt 0.5714286 0.3571429
vt 0.6071429 0.3571429
vt 0.6428571 0.3571429
vt 0.6785714 0.3571429
vt 0.7142857 0.3571429
vt 0.7500000 0.3571429
vt 0.7857143 0.3571429
vt 0.8214286 0.3571429
vt 0.8571429 0.3571429
vt 0.8928571 0.3571429
vt 0.9285714 0.3571429
vt 0.9642857 0.3571429
vt 0.0000000 0.4285714
vt 0.0357143 0.4285714
vt 0.0714286 0.4285714
vt 0.1071429 0.4285714
vt 0.1428571 0.4285714
vt 0.1785714 0.4285714
vt 0.2142857 0.4285714
vt 0.2500000 0.4285714
vt 0.2857143 0.4285714
vt 0.3214286 0.4285714
vt 0.3571429 0.4285714
vt 0.3928571 0.4285714
vt 0.4285714 0.4285714
vt 0.4642857 0.4285714
vt 0.5000000 0.4285714
vt 0.5357143 0.4285714
vt 0.5714286 0.4285714
vt 0.6071429 0.4285714
vt 0.6428571 0.4285714
vt 0.6785714 0.4285714
vt 0.7142857 0.4285714
vt 0.7500000 0.4285714
vt 0.7857143 0.4285714
vt 0.8214286 0.4285714
vt 0.8571429 0.4285714
vt 0.8928571 0.4285714
vt 0.9285714 0.4285714
vt 0.9642857 0.4285714
vt 0.0000000 0.5000000
vt 0.0357143 0.5000000
vt 0.0714286 0.5000000
vt 0.1071429 0.5000000
vt 0.1428571 0.5000000
vt 0.1785714 0.5000000
vt 0.2142857 0.5000000
vt 0.2500000 0.5000000
vt 0.2857143 0.5000000
vt 0.3214286 0.5000000
vt 0.3571429 0.5000000
vt 0.3928571 0.5000000
vt 0.4285714 0.5000000
vt 0.4642857 0.5000000
vt 0.5000000 0.5000000
vt 0.5357143 0.5000000
vt 0.5714286 0.5000000
vt 0.6071429 0.5000000
vt 0.6428571 0.5000000
vt 0.6785714 0.5000000
vt 0.7142857 0.5000000
vt 0.7500000 0.5000000
vt 0.7857143 0.5000000
vt 0.8214286 0.5000000
vt 0.8571429 0.5000000
vt 0.8928571 0.5000000
vt 0.9285714 0.5000000
vt 0.9642857 0.5000000
vt 0.0000000 0.5714286
vt 0.0357143 0.5714286
vt 0.0714286 0.5714286
vt 0.1071429 0.5714286
vt 0.1428571 0.5714286
vt 0.1785714 0.5714286
vt 0.2142857 0.5714286
vt 0.2500000 0.5714286
vt 0.2857143 0.5714286
vt 0.3214286 0.5714286
vt 0.3571429 0.5714286
vt 0.3928571 0.5714286
vt 0.4285714 0.5714286
vt 0.4642857 0.5714286
vt 0.5000000 0.5714286
vt 0.5357143 0.5714286
vt 0.5714286 0.5714286
vt 0.6071429 0.5714286
vt 0.6428571 0.5714286
vt 0.6785714 0.5714286
vt 0.7142857 0.5714286
vt 0.7500000 0.5714286
vt 0.7857143 0.5714286
vt 0.8214286 0.5714286
vt 0.8571429 0.5714286
vt 0.8928571 0.5714286
vt 0.9285714 0.5714286
vt 0.9642857 0.5714286
vt 0.0000000 0.6428571
vt 0.0357143 0.6428571
vt 0.0714286 0.6428571
vt 0.1071429 0.6428571
vt 0.1428571 0.6428571
vt 0.1785714 0.6428571
vt 0.2142857 0.6428571
vt 0.2500000 0.6428571
vt 0.2857143 0.6428571
vt 0.3214286 0.6428571
vt 0.3571429 0.6428571
vt 0.3928571 0.6428571
vt 0.4285714 0.6428571
vt 0.4642857 0.6428571
vt 0.5000000 0.6428571
vt 0.5357143 0.6428571
vt 0.5714286 0.6428571
vt 0.6071429 0.6428571
vt 0.6428571 0.6428571
vt 0.6785714 0.6428571
vt 0.7142857 0.6428571
vt 0.7500000 0.6428571
vt 0.7857143 0.6428571
vt 0.8214286 0.6428571
vt 0.8571429 0.6428571
vt 0.8928571 0.6428571
vt 0.9285714 0.6428571
vt 0.9642857 0.6428571
vt 0.0000000 0.7142857
vt 0.0357143 0.7142857
vt 0.0714286 0.7142857
vt 0.1071429 0.7142857
vt 0.1428571 0.7142857
vt 0.1785714 0.7142857
vt 0.2142857 0.7142857
vt 0.2500000 0.7142857
vt 0.2857143 0.7142857
vt 0.3214286 0.7142857
vt 0.3571429 0.7142857
vt 0.3928571 0.7142857
vt 0.4285714 0.7142857
vt 0.4642857 0.7142857
vt 0.5000000 0.7142857
vt 0.5357143 0.7142857
vt 0.5714286 0.7142857
vt 0.6071429 0.7142857
vt 0.6428571 0.7142857
vt 0.6785714 0.7142857
vt 0.7142857 0.7142857
vt 0.7500000 0.7142857
vt 0.7857143 0.7142857
vt 0.8214286 0.7142857
vt 0.8571429 0.7142857
vt 0.8928571 0.7142857
vt 0.9285714 0.7142857
vt 0.9642857 0.7142857
vt 0.0000000 0.7857143
vt 0.0357143 0.7857143
vt 0.0714286 0.7857143
vt 0.1071429 0.7857143
vt 0.1428571 0.7857143
vt 0.1785714 0.7857143
vt 0.2142857 0.7857143
vt 0.2500000 0.7857143
vt 0.2857143 0.7857143
vt 0.3214286 0.7857143
vt 0.3571429 0.7857143
vt 0.3928571 0.7857143
vt 0.4285714 0.7857143
vt 0.4642857 0.7857143
vt 0.5000000 0.7857143
vt 0.5357143 0.7857143
vt 0.5714286 0.7857143
vt 0.6071429 0.7857143
vt 0.6428571 0.7857143
vt 0.6785714 0.7857143
vt 0.7142857 0.7857143
vt 0.7500000 0.7857143
vt 0.7857143 0.7857143
vt 0.8214286 0.7857143
vt 0.8571429 0.7857143
vt 0.8928571 0.7857143
vt 0.9285714 0.7857143
vt 0.9642857 0.7857143
vt 0.0000000 0.8571429
vt 0.0357143 0.8571429
vt 0.0714286 0.8571429
vt 0.1071429 0.8571429
vt 0.1428571 0.8571429
vt 0.1785714 0.8571429
vt 0.2142857 0.8571429
vt 0.2500000 0.8571429
vt 0.2857143 0.8571429
vt 0.3214286 0.8571429
vt 0.3571429 0.8571429
vt 0.3928571 0.8571429
vt 0.4285714 0.8571429
vt 0.4642857 0.8571429
vt 0.5000000 0.8571429
vt 0.5357143 0.8571429
vt 0.5714286 0.8571429
vt 0.6071429 0.8571429
vt 0.6428571 0.8571429
vt 0.6785714 0.8571429
vt 0.7142857 0.8571429
vt 0.7500000 0.8571429
vt 0.7857143 0.8571429
vt 0.8214286 0.8571429
vt 0.8571429 0.8571429
vt 0.8928571 0.8571429
vt 0.9285714 0.8571429
vt 0.9642857 0.8571429
vt 0.0000000 0.9285714
vt 0.0357143 0.9285714
vt 0.0714286 0.9285714
vt 0.1071429 0.9285714
vt 0.1428571 0.9285714
vt 0.1785714 0.9285714
vt 0.2142857 0.9285714
vt 0.2500000 0.9285714
vt 0.2857143 0.9285714
vt 0.3214286 0.9285714
vt 0.3571429 0.9285714
vt 0.3928571 0.9285714
vt 0.4285714 0.9285714
vt 0.4642857 0.9285714
vt 0.5000000 0.9285714
vt 0.5357143 0.9285714
vt 0.5714286 0.9285714
vt 0.6071429 0.9285714
vt 0.6428571 0.9285714
vt 0.6785714 0.9285714
vt 0.7142857 0.9285714
vt 0.7500000 0.9285714
vt 0.7857143 0.9285714
vt 0.8214286 0.9285714
vt 0.8571429 0.9285714
vt 0.8928571 0.9285714
vt 0.9285714 0.9285714
vt 0.9642857 0.9285714
vt 0.0000000 1.0000000
vt 0.0357143 1.0000000
vt 0.0714286 1.0000000
vt 0.1071429 1.0000000
vt 0.1428571 1.0000000
vt 0.1785714 1.0000000
vt 0.2142857 1.0000000
vt 0.2500000 1.0000000
vt 0.2857143 1.0000000
vt 0.3214286 1.0000000
vt 0.3571429 1.0000000
vt 0.3928571 1.0000000
vt 0.4285714 1.0000000
vt 0.4642857 1.0000000
vt 0.5000000 1.0000000
vt 0.5357143 1.0000000
vt 0.5714286 1.0000000
vt 0.6071429 1.0000000
vt 0.6428571 1.0000000
vt 0.6785714 1.0000000
vt 0.7142857 1.0000000
vt 0.7500000 1.0000000
vt 0.7857143 1.0000000
vt 0.8214286 1.0000000
vt 0.8571429 1.0000000
vt 0.8928571 1.0000000
vt 0.9285714 1.0000000
vt 0.9642857 1.0000000
vt 0.0000000 0.0000000
vt 0.0357143 0.0000000
vt 0.0714286 0.0000000
vt 0.1071429 0.0000000
vt 0.1428571 0.0000000
vt 0.1785714 0.0000000
vt 0.2142857 0.0000000
vt 0.2500000 0.0000000
vt 0.2857143 0.0000000
vt 0.3214286 0.0000000
vt 0.3571429 0.0000000
vt 0.3928571 0.0000000
vt 0.4285714 0.0000000
vt 0.4642857 0.0000000
vt 0.5000000 0.0000000
vt 0.5357143 0.0000000
vt 0.5714286 0.0000000
vt 0.6071429 0.0000000
vt 0.6428571 0.0000000
vt 0.6785714 0.0000000
vt 0.7142857 0.0000000
vt 0.7500000 0.0000000
vt 0.7857143 0.0000000
vt 0.8214286 0.0000000
vt 0.8571429 0.0000000
vt 0.8928571 0.0000000
vt 0.9285714 0.0000000
vt 0.9642857 0.0000000
vt 0.0000000 0.0714286
vt 0.0357143 0.0714286
vt 0.0714286 0.0714286
vt 0.1071429 0.0714286
vt 0.1428571 0.0714286
vt 0.1785714 0.0714286
vt 0.2142857 0.0714286
vt 0.2500000 0.0714286
vt 0.2857143 0.0714286
vt 0.3214286 0.0714286
vt 0.3571429 0.0714286
vt 0.3928571 0.0714286
vt 0.4285714 0.0714286
vt 0.4642857 0.0714286
vt 0.5000000 0.0714286
vt 0.5357143 0.0714286
vt 0.5714286 0.0714286
vt 0.6071429 0.0714286
vt 0.6428571 0.0714286
vt 0.6785714 0.0714286
vt 0.7142857 0.0714286
vt 0.7500000 0.0714286
vt 0.7857143 0.0714286
vt 0.8214286 0.0714286
vt 0.8571429 0.0714286
vt 0.8928571 0.0714286
vt 0.9285714 0.0714286
vt 0.9642857 0.0714286
vt 0.0000000 0.1428571
vt 0.0357143 0.1428571
vt 0.0714286 0.1428571
vt 0.1071429 0.1428571
vt 0.1428571 0.1428571
vt 0.1785714 0.1428571
vt 0.2142857 0.1428571
vt 0.2500000 0.1428571
vt 0.2857143 0.1428571
vt 0.3214286 0.1428571
vt 0.3571429 0.1428571
vt 0.3928571 0.1428571
vt 0.4285714 0.1428571
vt 0.4642857 0.1428571
vt 0.5000000 0.1428571
vt 0.5357143 0.1428571
vt 0.5714286 0.1428571
vt 0.6071429 0.1428571
vt 0.6428571 0.1428571
vt 0.6785714 0.1428571
vt 0.7142857 0.1428571
vt 0.7500000 0.1428571
vt 0.7857143 0.1428571
vt 0.8214286 0.1428571
vt 0.8571429 0.1428571
vt 0.8928571 0.1428571
vt 0.9285714 0.1428571
vt 0.9642857 0.1428571
vt 0.0000000 0.2142857
vt 0.0357143 0.2142857
vt 0.0714286 0.2142857
vt 0.1071429 0.2142857
vt 0.1428571 0.2142857
vt 0.1785714 0.2142857
vt 0.2142857 0.2142857
vt 0.2500000 0.2142857
vt 0.2857143 0.2142857
vt 0.3214286 0.2142857
vt 0.3571429 0.2142857
vt 0.3928571 0.2142857
vt 0.4285714 0.2142857
vt 0.4642857 0.2142857
vt 0.5000000 0.2142857
vt 0.5357143 0.2142857
vt 0.5714286 0.2142857
vt 0.6071429 0.2142857
vt 0.6428571 0.2142857
vt 0.6785714 0.2142857
vt 0.7142857 0.2142857
vt 0.7500000 0.2142857
vt 0.7857143 0.2142857
vt 0.8214286 0.2142857
vt 0.8571429 0.2142857
vt 0.8928571 0.2142857
vt 0.9285714 0.2142857
vt 0.9642857 0.2142857
vt 0.0000000 0.2857143
vt 0.0357143 0.2857143
vt 0.0714286 0.2857143
vt 0.1071429 0.2857143
vt 0.1428571 0.2857143
vt 0.1785714 0.2857143
vt 0.2142857 0.2857143
vt 0.2500000 0.2857143
vt 0.2857143 0.2857143
vt 0.3214286 0.2857143
vt 0.3571429 0.2857143
vt 0.3928571 0.2857143
vt 0.4285714 0.2857143
vt 0.4642857 0.2857143
vt 0.5000000 0.2857143
vt 0.5357143 0.2857143
vt 0.5714286 0.2857143
vt 0.6071429 0.2857143
vt 0.6428571 0.2857143
vt 0.6785714 0.2857143
vt 0.7142857 0.2857143
vt 0.7500000 0.2857143
vt 0.7857143 0.2857143
vt 0.8214286 0.2857143
vt 0.8571429 0.2857143
vt 0.8928571 0.2857143
vt 0.9285714 0.2857143
vt 0.9642857 0.2857143
vt 0.0000000 0.3571429
vt 0.0357143 0.3571429
vt 0.0714286 0.3571429
vt 0.1071429 0.3571429
vt 0.1428571 0.3571429
vt 0.1785714 0.3571429
vt 0.2142857 0.3571429
vt 0.2500000 0.3571429
vt 0.2857143 0.3571429
vt 0.3214286 0.3571429
vt 0.3571429 0.3571429
vt 0.3928571 0.3571429
vt 0.4285714 0.3571429
vt 0.4642857 0.3571429
vt 0.5000000 0.3571429
vt 0.5357143 0.3571429
vt 0.5714286 0.3571429
vt 0.6071429 0.3571429
vt 0.6428571 0.3571429
vt 0.6785714 0.3571429
vt 0.7142857 0.3571429
vt 0.7500000 0.3571429
vt 0.7857143 0.3571429
vt 0.8214286 0.3571429
vt 0.8571429 0.3571429
vt 0.8928571 0.3571429
vt 0.9285714 0.3571429
vt 0.9642857 0.3571429
vt 0.0000000 0.4285714
vt 0.0357143 0.4285714
vt 0.0714286 0.4285714
vt 0.1071429 0.4285714
vt 0.1428571 0.4285714
vt 0.1785714 0.4285714
vt 0.2142857 0.4285714
vt 0.2500000 0.4285714
vt 0.2857143 0.4285714
vt 0.3214286 0.4285714
vt 0.3571429 0.4285714
vt 0.3928571 0.4285714
vt 0.4285714 0.4285714
vt 0.4642857 0.4285714
vt 0.5000000 0.4285714
vt 0.5357143 0.4285714
vt 0.5714286 0.4285714
vt 0.6071429 0.4285714
vt 0.6428571 0.4285714
vt 0.6785714 0.4285714
vt 0.7142857 0.4285714
vt 0.7500000 0.4285714
vt 0.7857143 0.4285714
vt 0.8214286 0.4285714
vt 0.8571429 0.4285714
vt 0.8928571 0.4285714
vt 0.9285714 0.4285714
vt 0.9642857 0.4285714
vt 0.0000000 0.5000000
vt 0.0357143 0.5000000
vt 0.0714286 0.5000000
vt 0.1071429 0.5000000
vt 0.1428571 0.5000000
vt 0.1785714 0.5000000
vt 0.2142857 0.5000000
vt 0.2500000 0.5000000
vt 0.2857143 0.5000000
vt 0.3214286 0.5000000
vt 0.3571429 0.5000000
vt 0.3928571 0.5000000
vt 0.4285714 0.5000000
vt 0.4642857 0.5000000
vt 0.5000000 0.5000000
vt 0.5357143 0.5000000
vt 0.5714286 0.5000000
vt 0.6071429 0.5000000
vt 0.6428571 0.5000000
vt 0.6785714 0.5000000
vt 0.7142857 0.5000000
vt 0.7500000 0.5000000
vt 0.7857143 0.5000000
vt 0.8214286 0.5000000
vt 0.8571429 0.5000000
vt 0.8928571 0.5000000
vt 0.9285714 0.5000000
vt 0.9642857 0.5000000
vt 0.0000000 0.5714286
vt 0.0357143 0.5714286
vt 0.0714286 0.5714286
vt 0.1071429 0.5714286
vt 0.1428571 0.5714286
vt 0.1785714 0.5714286
vt 0.2142857 0.5714286
vt 0.2500000 0.5714286
vt 0.2857143 0.5714286
vt 0.3214286 0.5714286
vt 0.3571429 0.5714286
vt 0.3928571 0.5714286
vt 0.4285714 0.5714286
vt 0.4642857 0.5714286
vt 0.5000000 0.5714286
vt 0.5357143 0.5714286
vt 0.5714286 0.5714286
vt 0.6071429 0.5714286
vt 0.6428571 0.5714286
vt 0.6785714 0.5714286
vt 0.7142857 0.5714286
vt 0.7500000 0.5714286
vt 0.7857143 0.5714286
vt 0.8214286 0.5714286
vt 0.8571429 0.5714286
vt 0.8928571 0.5714286
vt 0.9285714 0.5714286
vt 0.9642857 0.5714286
vt 0.0000000 0.6428571
vt 0.0357143 0.6428571
vt 0.0714286 0.6428571
vt 0.1071429 0.6428571
vt 0.1428571 0.6428571
vt 0.1785714 0.6428571
vt 0.2142857 0.6428571
vt 0.2500000 0.6428571
vt 0.2857143 0.6428571
vt 0.3214286 0.6428571
vt 0.3571429 0.6428571
vt 0.3928571 0.6428571
vt 0.4285714 0.6428571
vt 0.4642857 0.6428571
vt 0.5000000 0.6428571
vt 0.5357143 0.6428571
vt 0.5714286 0.6428571
vt 0.6071429 0.6428571
vt 0.6428571 0.6428571
vt 0.6785714 0.6428571
vt 0.7142857 0.6428571
vt 0.7500000 0.6428571
vt 0.7857143 0.6428571
vt 0.8214286 0.6428571
vt 0.8571429 0.6428571
vt 0.8928571 0.6428571
vt 0.9285714 0.6428571
vt 0.9642857 0.6428571
vt 0.0000000 0.7142857
vt 0.0357143 0.7142857
vt 0.0714286 0.7142857
vt 0.1071429 0.7142857
vt 0.1428571 0.7142857
vt 0.1785714 0.7142857
vt 0.2142857 0.7142857
vt 0.2500000 0.7142857
vt 0.2857143 0.7142857
vt 0.3214286 0.7142857
vt 0.3571429 0.7142857
vt 0.3928571 0.7142857
vt 0.4285714 0.7142857
vt 0.4642857 0.7142857
vt 0.5000000 0.7142857
vt 0.5357143 0.7142857
vt 0.5714286 0.7142857
vt 0.6071429 0.7142857
vt 0.6428571 0.7142857
vt 0.6785714 0.7142857
vt 0.7142857 0.7142857
vt 0.7500000 0.7142857
vt 0.7857143 0.7142857
vt 0.8214286 0.7142857
vt 0.8571429 0.7142857
vt 0.8928571 0.7142857
vt 0.9285714 0.7142857
vt 0.9642857 0.7142857
vt 0.0000000 0.7857143
vt 0.0357143 0.7857143
vt 0.0714286 0.7857143
vt 0.1071429 0.7857143
vt 0.1428571 0.7857143
vt 0.1785714 0.7857143
vt 0.2142857 0.7857143
vt 0.2500000 0.7857143
vt 0.2857143 0.7857143
vt 0.3214286 0.7857143
vt 0.3571429 0.7857143
vt 0.3928571 0.7857143
vt 0.4285714 0.7857143
vt 0.4642857 0.7857143
vt 0.5000000 0.7857143
vt 0.5357143 0.7857143
vt 0.5714286 0.7857143
vt 0.6071429 0.7857143
vt 0.6428571 0.7857143
vt 0.6785714 0.7857143
vt 0.7142857 0.7857143
vt 0.7500000 0.7857143
vt 0.7857143 0.7857143
vt 0.8214286 0.7857143
vt 0.8571429 0.7857143
vt 0.8928571 0.7857143
vt 0.9285714 0.7857143
vt 0.9642857 0.7857143
vt 0.0000000 0.8571429
vt 0.0357143 0.8571429
vt 0.0714286 0.8571429
vt 0.1071429 0.8571429
vt 0.1428571 0.8571429
vt 0.1785714 0.8571429
vt 0.2142857 0.8571429
vt 0.2500000 0.8571429
vt 0.2857143 0.8571429
vt 0.3214286 0.8571429
vt 0.3571429 0.8571429
vt 0.3928571 0.8571429
vt 0.4285714 0.8571429
vt 0.4642857 0.8571429
vt 0.5000000 0.8571429
vt 0.5357143 0.8571429
vt 0.5714286 0.8571429
vt 0.6071429 0.8571429
vt 0.6428571 0.8571429
vt 0.6785714 0.8571429
vt 0.7142857 0.8571429
vt 0.7500000 0.8571429
vt 0.7857143 0.8571429
vt 0.8214286 0.8571429
vt 0.8571429 0.8571429
vt 0.8928571 0.8571429
vt 0.9285714 0.8571429
vt 0.9642857 0.8571429
vt 0.0000000 0.9285714
vt 0.0357143 0.9285714
vt 0.0714286 0.9285714
vt 0.1071429 0.9285714
vt 0.1428571 0.9285714
vt 0.1785714 0.9285714
vt 0.2142857 0.9285714
vt 0.2500000 0.9285714
vt 0.2857143 0.9285714
vt 0.3214286 0.9285714
vt 0.3571429 0.9285714
vt 0.3928571 0.9285714
vt 0.4285714 0.9285714
vt 0.4642857 0.9285714
vt 0.5000000 0.9285714
vt 0.5357143 0.9285714
vt 0.5714286 0.9285714
vt 0.6071429 0.9285714
vt 0.6428571 0.9285714
vt 0.6785714 0.9285714
vt 0.7142857 0.9285714
vt 0.7500000 0.9285714
vt 0.7857143 0.9285714
vt 0.8214286 0.9285714
vt 0.8571429 0.9285714
vt 0.8928571 0.9285714
vt 0.9285714 0.9285714
vt 0.9642857 0.9285714
vt 0.0000000 1.0000000
vt 0.0357143 1.0000000
vt 0.0714286 1.0000000
vt 0.1071429 1.0000000
vt 0.1428571 1.0000000
vt 0.1785714 1.0000000
vt 0.2142857 1.0000000
vt 0.2500000 1.0000000
vt 0.2857143 1.0000000
vt 0.3214286 1.0000000
vt 0.3571429 1.0000000
vt 0.3928571 1.0000000
vt 0.4285714 1.0000000
vt 0.4642857 1.0000000
vt 0.5000000 1.0000000
vt 0.5357143 1.0000000
vt 0.5714286 1.0000000
vt 0.6071429 1.0000000
vt 0.6428571 1.0000000
vt 0.6785714 1.0000000
vt 0.7142857 1.0000000
vt 0.7500000 1.0000000
vt 0.7857143 1.0000000
vt 0.8214286 1.0000000
vt 0.8571429 1.0000000
vt 0.8928571 1.0000000
vt 0.9285714 1.0000000
vt 0.9642857 1.0000000
vt 0.0000000 0.0000000
vt 0.0357143 0.0000000
vt 0.0714286 0.0000000
vt 0.1071429 0.0000000
vt 0.1428571 0.0000000
vt 0.1785714 0.0000000
vt 0.2142857 0.0000000
vt 0.2500000 0.0000000
vt 0.2857143 0.0000000
vt 0.3214286 0.0000000
vt 0.3571429 0.0000000
vt 0.3928571 0.0000000
vt 0.4285714 0.0000000
vt 0.4642857 0.0000000
vt 0.5000000 0.0000000
vt 0.5357143 0.0000000
vt 0.5714286 0.0000000
vt 0.6071429 0.0000000
vt 0.6428571 0.0000000
vt 0.6785714 0.0000000
vt 0.7142857 0.0000000
vt 0.7500000 0.0000000
vt 0.7857143 0.0000000
vt 0.8214286 0.0000000
vt 0.8571429 0.0000000
vt 0.8928571 0.0000000
vt 0.9285714 0.0000000
vt 0.9642857 0.0000000
vt 0.0000000 0.0714286
vt 0.0357143 0.0714286
vt 0.0714286 0.0714286
vt 0.1071429 0.0714286
vt 0.1428571 0.0714286
vt 0.1785714 0.0714286
vt 0.2142857 0.0714286
vt 0.2500000 0.0714286
vt 0.2857143 0.0714286
vt 0.3214286 0.0714286
vt 0.3571429 0.0714286
vt 0.3928571 0.0714286
vt 0.4285714 0.0714286
vt 0.4642857 0.0714286
vt 0.5000000 0.0714286
vt 0.5357143 0.0714286
vt 0.5714286 0.0714286
vt 0.6071429 0.0714286
vt 0.6428571 0.0714286
vt 0.6785714 0.0714286
vt 0.7142857 0.0714286
vt 0.7500000 0.0714286
vt 0.7857143 0.0714286
vt 0.8214286 0.0714286
vt 0.8571429 0.0714286
vt 0.8928571 0.0714286
vt 0.9285714 0.0714286
vt 0.9642857 0.0714286
vt 0.0000000 0.1428571
vt 0.0357143 0.1428571
vt 0.0714286 0.1428571
vt 0.1071429 0.1428571
vt 0.1428571 0.1428571
vt 0.1785714 0.1428571
vt 0.2142857 0.1428571
vt 0.2500000 0.1428571
vt 0.2857143 0.1428571
vt 0.3214286 0.1428571
vt 0.3571429 0.1428571
vt 0.3928571 0.1428571
vt 0.4285714 0.1428571
vt 0.4642857 0.1428571
vt 0.5000000 0.1428571
vt 0.5357143 0.1428571
vt 0.5714286 0.1428571
vt 0.6071429 0.1428571
vt 0.6428571 0.1428571
vt 0.6785714 0.1428571
vt 0.7142857 0.1428571
vt 0.7500000 0.1428571
vt 0.7857143 0.1428571
vt 0.8214286 0.1428571
vt 0.8571429 0.1428571
vt 0.8928571 0.1428571
vt 0.9285714 0.1428571
vt 0.9642857 0.1428571
vt 0.0000000 0.2142857
vt 0.0357143 0.2142857
vt 0.0714286 0.2142857
vt 0.1071429 0.2142857
vt 0.1428571 0.2142857
vt 0.1785714 0.2142857
vt 0.2142857 0.2142857
vt 0.2500000 0.2142857
vt 0.2857143 0.2142857
vt 0.3214286 0.2142857
vt 0.3571429 0.2142857
vt 0.3928571 0.2142857
vt 0.4285714 0.2142857
vt 0.4642857 0.2142857
vt 0.5000000 0.2142857
vt 0.5357143 0.2142857
vt 0.5714286 0.2142857
vt 0.6071429 0.2142857
vt 0.6428571 0.2142857
vt 0.6785714 0.2142857
vt 0.7142857 0.2142857
vt 0.7500000 0.2142857
vt 0.7857143 0.2142857
vt 0.8214286 0.2142857
vt 0.8571429 0.2142857
vt 0.8928571 0.2142857
vt 0.9285714 0.2142857
vt 0.9642857 0.2142857
vt 0.0000000 0.2857143
vt 0.0357143 0.2857143
vt 0.0714286 0.2857143
vt 0.1071429 0.2857143
vt 0.1428571 0.2857143
vt 0.1785714 0.2857143
vt 0.2142857 0.2857143
vt 0.2500000 0.2857143
vt 0.2857143 0.2857143
vt 0.3214286 0.2857143
vt 0.3571429 0.2857143
vt 0.3928571 0.2857143
vt 0.4285714 0.2857143
vt 0.4642857 0.2857143
vt 0.5000000 0.2857143
vt 0.5357143 0.2857143
vt 0.5714286 0.2857143
vt 0.6071429 0.2857143
vt 0.6428571 0.2857143
vt 0.6785714 0.2857143
vt 0.7142857 0.2857143
vt 0.7500000 0.2857143
vt 0.7857143 0.2857143
vt 0.8214286 0.2857143
vt 0.8571429 0.2857143
vt 0.8928571 0.2857143
vt 0.9285714 0.2857143
vt 0.9642857 0.2857143
vt 0.0000000 0.3571429
vt 0.0357143 0.3571429
vt 0.0714286 0.3571429
vt 0.1071429 0.3571429
vt 0.1428571 0.3571429
vt 0.1785714 0.3571429
vt 0.2142857 0.3571429
vt 0.2500000 0.3571429
vt 0.2857143 0.3571429
vt 0.3214286 0.3571429
vt 0.3571429 0.3571429
vt 0.3928571 0.3571429
vt 0.4285714 0.3571429
vt 0.4642857 0.3571429
vt 0.5000000 0.3571429
vt 0.5357143 0.3571429
vt 0.5714286 0.3571429
vt 0.6071429 0.3571429
vt 0.6428571 0.3571429
vt 0.6785714 0.3571429
vt 0.7142857 0.3571429
vt 0.7500000 0.3571429
vt 0.7857143 0.3571429
vt 0.8214286 0.3571429
vt 0.8571429 0.3571429
vt 0.8928571 0.3571429
vt 0.9285714 0.3571429
vt 0.9642857 0.3571429
vt 0.0000000 0.4285714
vt 0.0357143 0.4285714
vt 0.0714286 0.4285714
vt 0.1071429 0.4285714
vt 0.1428571 0.4285714
vt 0.1785714 0.4285714
vt 0.2142857 0.4285714
vt 0.2500000 0.4285714
vt 0.2857143 0.4285714
vt 0.3214286 0.4285714
vt 0.3571429 0.4285714
vt 0.3928571 0.4285714
vt 0.4285714 0.4285714
vt 0.4642857 0.4285714
vt 0.5000000 0.4285714
vt 0.5357143 0.4285714
vt 0.5714286 0.4285714
vt 0.6071429 0.4285714
vt 0.6428571 0.4285714
vt 0.6785714 0.4285714
vt 0.7142857 0.4285714
vt 0.7500000 0.4285714
vt 0.7857143 0.4285714
vt 0.8214286 0.4285714
vt 0.8571429 0.4285714
vt 0.8928571 0.4285714
vt 0.9285714 0.4285714
vt 0.9642857 0.4285714
vt 0.0000000 0.5000000
vt 0.0357143 0.5000000
vt 0.0714286 0.5000000
vt 0.1071429 0.5000000
vt 0.1428571 0.5000000
vt 0.1785714 0.5000000
vt 0.2142857 0.5000000
vt 0.2500000 0.5000000
vt 0.2857143 0.5000000
vt 0.3214286 0.5000000
vt 0.3571429 0.5000000
vt 0.3928571 0.5000000
vt 0.4285714 0.5000000
vt 0.4642857 0.5000000
vt 0.5000000 0.5000000
vt 0.5357143 0.5000000
vt 0.5714286 0.5000000
vt 0.6071429 0.5000000
vt 0.6428571 0.5000000
vt 0.6785714 0.5000000
vt 0.7142857 0.5000000
vt 0.7500000 0.5000000
vt 0.7857143 0.5000000
vt 0.8214286 0.5000000
vt 0.8571429 0.5000000
vt 0.8928571 0.5000000
vt 0.9285714 0.5000000
vt 0.9642857 0.5000000
vt 0.0000000 0.5714286
vt 0.0357143 0.5714286
vt 0.0714286 0.5714286
vt 0.1071429 0.5714286
vt 0.1428571 0.5714286
vt 0.1785714 0.5714286
vt 0.2142857 0.5714286
vt 0.2500000 0.5714286
vt 0.2857143 0.5714286
vt 0.3214286 0.5714286
vt 0.3571429 0.5714286
vt 0.3928571 0.5714286
vt 0.4285714 0.5714286
vt 0.4642857 0.5714286
vt 0.5000000 0.5714286
vt 0.5357143 0.5714286
vt 0.5714286 0.5714286
vt 0.6071429 0.5714286
vt 0.6428571 0.5714286
vt 0.6785714 0.5714286
vt 0.7142857 0.5714286
vt 0.7500000 0.5714286
vt 0.7857143 0.5714286
vt 0.8214286 0.5714286
vt 0.8571429 0.5714286
vt 0.8928571 0.5714286
vt 0.9285714 0.5714286
vt 0.9642857 0.5714286
vt 0.0000000 0.6428571
vt 0.0357143 0.6428571
vt 0.0714286 0.6428571
vt 0.1071429 0.6428571
vt 0.1428571 0.6428571
vt 0.1785714 0.6428571
vt 0.2142857 0.6428571
vt 0.2500000 0.6428571
vt 0.2857143 0.6428571
vt 0.3214286 0.6428571
vt 0.3571429 0.6428571
vt 0.3928571 0.6428571
vt 0.4285714 0.6428571
vt 0.4642857 0.6428571
vt 0.5000000 0.6428571
vt 0.5357143 0.6428571
vt 0.5714286 0.6428571
vt 0.6071429 0.6428571
vt 0.6428571 0.6428571
vt 0.6785714 0.6428571
vt 0.7142857 0.6428571
vt 0.7500000 0.6428571
vt 0.7857143 0.6428571
vt 0.8214286 0.6428571
vt 0.8571429 0.6428571
vt 0.8928571 0.6428571
vt 0.9285714 0.6428571
vt 0.9642857 0.6428571
vt 0.0000000 0.7142857
vt 0.0357143 0.7142857
vt 0.0714286 0.7142857
vt 0.1071429 0.7142857
vt 0.1428571 0.7142857
vt 0.1785714 0.7142857
vt 0.2142857 0.7142857
vt 0.2500000 0.7142857
vt 0.2857143 0.7142857
vt 0.3214286 0.7142857
vt 0.3571429 0.7142857
vt 0.3928571 0.7142857
vt 0.4285714 0.7142857
vt 0.4642857 0.7142857
vt 0.5000000 0.7142857
vt 0.5357143 0.7142857
vt 0.5714286 0.7142857
vt 0.6071429 0.7142857
vt 0.6428571 0.7142857
vt 0.6785714 0.7142857
vt 0.7142857 0.7142857
vt 0.7500000 0.7142857
vt 0.7857143 0.7142857
vt 0.8214286 0.7142857
vt 0.8571429 0.7142857
vt 0.8928571 0.7142857
vt 0.9285714 0.7142857
vt 0.9642857 0.7142857
vt 0.0000000 0.7857143
vt 0.0357143 0.7857143
vt 0.0714286 0.7857143
vt 0.1071429 0.7857143
vt 0.1428571 0.7857143
vt 0.1785714 0.7857143
vt 0.2142857 0.7857143
vt 0.2500000 0.7857143
vt 0.2857143 0.7857143
vt 0.3214286 0.7857143
vt 0.3571429 0.7857143
vt 0.3928571 0.7857143
vt 0.4285714 0.7857143
vt 0.4642857 0.7857143
vt 0.5000000 0.7857143
vt 0.5357143 0.7857143
vt 0.5714286 0.7857143
vt 0.6071429 0.7857143
vt 0.6428571 0.7857143
vt 0.6785714 0.7857143
vt 0.7142857 0.7857143
vt 0.7500000 0.7857143
vt 0.7857143 0.7857143
vt 0.8214286 0.7857143
vt 0.8571429 0.7857143
vt 0.8928571 0.7857143
vt 0.9285714 0.7857143
vt 0.9642857 0.7857143
vt 0.0000000 0.8571429
vt 0.0357143 0.8571429
vt 0.0714286 0.8571429
vt 0.1071429 0.8571429
vt 0.1428571 0.8571429
vt 0.1785714 0.8571429
vt 0.2142857 0.8571429
vt 0.2500000 0.8571429
vt 0.2857143 0.8571429
vt 0.3214286 0.8571429
vt 0.3571429 0.8571429
vt 0.3928571 0.8571429
vt 0.4285714 0.8571429
vt 0.4642857 0.8571429
vt 0.5000000 0.8571429
vt 0.5357143 0.8571429
vt 0.5714286 0.8571429
vt 0.6071429 0.8571429
vt 0.6428571 0.8571429
vt 0.6785714 0.8571429
vt 0.7142857 0.8571429
vt 0.7500000 0.8571429
vt 0.7857143 0.8571429
vt 0.8214286 0.8571429
vt 0.8571429 0.8571429
vt 0.8928571 0.8571429
vt 0.9285714 0.8571429
vt 0.9642857 0.8571429
vt 0.0000000 0.9285714
vt 0.0357143 0.9285714
vt 0.0714286 0.9285714
vt 0.1071429 0.9285714
vt 0.1428571 0.9285714
vt 0.1785714 0.9285714
vt 0.2142857 0.9285714
vt 0.2500000 0.9285714
vt 0.2857143 0.9285714
vt 0.3214286 0.9285714
vt 0.3571429 0.9285714
vt 0.3928571 0.9285714
vt 0.4285714 0.9285714
vt 0.4642857 0.9285714
vt 0.5000000 0.9285714
vt 0.5357143 0.9285714
vt 0.5714286 0.9285714
vt 0.6071429 0.9285714
vt 0.6428571 0.9285714
vt 0.6785714 0.9285714
vt 0.7142857 0.9285714
vt 0.7500000 0.9285714
vt 0.7857143 0.9285714
vt 0.8214286 0.9285714
vt 0.8571429 0.9285714
vt 0.8928571 0.9285714
vt 0.9285714 0.9285714
vt 0.9642857 0.9285714
vt 0.0000000 1.0000000
vt 0.0357143 1.0000000
vt 0.0714286 1.0000000
vt 0.1071429 1.0000000
vt 0.1428571 1.0000000
vt 0.1785714 1.0000000
vt 0.2142857 1.0000000
vt 0.2500000 1.0000000
vt 0.2857143 1.0000000
vt 0.3214286 1.0000000
vt 0.3571429 1.0000000
vt 0.3928571 1.0000000
vt 0.4285714 1.0000000
vt 0.4642857 1.0000000
vt 0.5000000 1.0000000
vt 0.5357143 1.0000000
vt 0.5714286 1.0000000
vt 0.6071429 1.0000000
vt 0.6428571 1.0000000
vt 0.6785714 1.0000000
vt 0.7142857 1.0000000
vt 0.7500000 1.0000000
vt 0.7857143 1.0000000
vt 0.8214286 1.0000000
vt 0.8571429 1.0000000
vt 0.8928571 1.0000000
vt 0.9285714 1.0000000
vt 0.9642857 1.0000000
f 1/1 2/2 30/30 29/29
f 2/2 3/3 31/31 30/30
f 3/3 4/4 32/32 31/31
f 4/4 5/5 33/33 32/32
f 5/5 6/6 34/34 33/33
f 6/6 7/7 35/35 34/34
f 7/7 8/8 36/36 35/35
f 8/8 9/9 37/37 36/36
f 9/9 10/10 38/38 37/37
f 10/10 11/11 39/39 38/38
f 11/11 12/12 40/40 39/39
f 12/12 13/13 41/41 40/40
f 13/13 14/14 42/42 41/41
f 14/14 15/15 43/43 42/42
f 15/15 16/16 44/44 43/43
f 16/16 17/17 45/45 44/44
f 17/17 18/18 46/46 45/45
f 18/18 19/19 47/47 46/46
f 19/19 20/20 48/48 47/47
f 20/20 21/21 49/49 48/48
f 21/21 22/22 50/50 49/49
f 22/22 23/23 51/51 50/50
f 23/23 24/24 52/52 51/51
f 24/24 25/25 53/53 52/52
f 25/25 26/26 54/54 53/53
f 26/26 27/27 55/55 54/54
f 27/27 28/28 56/56 55/55
f 28/28 1/1 29/29 56/56
f 29/29 30/30 58/58 57/57
f 30/30 31/31 59/59 58/58
f 31/31 32/32 60/60 59/59
f 32/32 33/33 61/61 60/60
f 33/33 34/34 62/62 61/61
f 34/34 35/35 63/63 62/62
f 35/35 36/36 64/64 63/63
f 36/36 37/37 65/65 64/64
f 37/37 38/38 66/66 65/65
f 38/38 39/39 67/67 66/66
f 39/39 40/40 68/68 67/67
f 40/40 41/41 69/69 68/68
f 41/41 42/42 70/70 69/69
f 42/42 43/43 71/71 70/70
f 43/43 44/44 72/72 71/71
f 44/44 45/45 73/73 72/72
f 45/45 46/46 74/74 73/73
f 46/46 47/47 75/75 74/74
f 47/47 48/48 76/76 75/75
f 48/48 49/49 77/77 76/76
f 49/49 50/50 78/78 77/77
f 50/50 51/51 79/79 78/78
f 51/51 52/52 80/80 79/79
f 52/52 53/53 81/81 80/80
f 53/53 54/54 82/82 81/81
f 54/54 55/55 83/83 82/82
f 55/55 56/56 84/84 83/83
f 56/56 29/29 57/57 84/84
f 57/57 58/58 86/86 85/85
f 58/58 59/59 87/87 86/86
f 59/59 60/60 88/88 87/87
f 60/60 61/61 89/89 88/88
f 61/61 62/62 90/90 89/89
f 62/62 63/63 91/91 90/90
f 63/63 64/64 92/92 91/91
f 64/64 65/65 93/93 92/92
f 65/65 66/66 94/94 93/93
f 66/66 67/67 95/95 94/94
f 67/67 68/68 96/96 95/95
f 68/68 69/69 97/97 96/96
f 69/69 70/70 98/98 97/97
f 70/70 71/71 99/99 98/98
f 71/71 72/72 100/100 99/99
f 72/72 73/73 101/101 100/100
f 73/73 74/74 102/102 101/101
f 74/74 75/75 103/103 102/102
f 75/75 76/76 104/104 103/103
f 76/76 77/77 105/105 104/104
f 77/77 78/78 106/106 105/105
f 78/78 79/79 107/107 106/106
f 79/79 80/80 108/108 107/107
f 80/80 81/81 109/109 108/108
f 81/81 82/82 110/110 109/109
f 82/82 83/83 111/111 110/110
f 83/83 84/84 112/112 111/111
f 84/84 57/57 85/85 112/112
f 85/85 86/86 114/114 113/113
f 86/86 87/87 115/115 114/114
f 87/87 88/88 116/116 115/115
f 88/88 89/89 117/117 116/116
f 89/89 90/90 118/118 117/117
f 90/90 91/91 119/119 118/118
f 91/91 92/92 120/120 119/119
f 92/92 93/93 121/121 120/120
f 93/93 94/94 122/122 121/121
f 94/94 95/95 123/123 122/122
f 95/95 96/96 124/124 123/123
f 96/96 97/97 125/125 124/124
f 97/97 98/98 126/126 125/125
f 98/98 99/99 127/127 126/126
f 99/99 100/100 128/128 127/127
f 100/100 101/101 129/129 128/128
f 101/101 102/102 130/130 129/129
f 102/102 103/103 131/131 130/130
f 103/103 104/104 132/132 131/131
f 104/104 105/105 133/133 132/132
f 105/105 106/106 134/134 133/133
f 106/106 107/107 135/135 134/134
f 107/107 108/108 136/136 135/135
f 108/108 109/109 137/137 136/136
f 109/109 110/110 138/138 137/137
f 110/110 111/111 139/139 138/138
f 111/111 112/112 140/140 139/139
f 112/112 85/85 113/113 140/140
f 113/113 114/114 142/142 141/141
f 114/114 115/115 143/143 142/142
f 115/115 116/116 144/144 143/143
f 116/116 117/117 145/145 144/144
f 117/117 118/118 146/146 145/145
f 118/118 119/119 147/147 146/146
f 119/119 120/120 148/148 147/147
f 120/120 121/121 149/149 148/148
f 121/121 122/122 150/150 149/149
f 122/122 123/123 151/151 150/150
f 123/123 124/124 152/152 151/151
f 124/124 125/125 153/153 152/152
f 125/125 126/126 154/154 153/153
f 126/126 127/127 155/155 154/154
f 127/127 128/128 156/156 155/155
f 128/128 129/129 157/157 156/156
f 129/129 130/130 158/158 157/157
f 130/130 131/131 159/159 158/158
f 131/131 132/132 160/160 159/159
f 132/132 133/133 161/161 160/160
f 133/133 134/134 162/162 161/161
f 134/134 135/135 163/163 162/162
f 135/135 136/136 164/164 163/163
f 136/136 137/137 165/165 164/164
f 137/137 138/138 166/166 165/165
f 138/138 139/139 167/167 166/166
f 139/139 140/140 168/168 167/167
f 140/140 113/113 141/141 168/168
f 141/141 142/142 170/170 169/169
f 142/142 143/143 171/171 170/170
f 143/143 144/144 172/172 171/171
f 144/144 145/145 173/173 172/172
f 145/145 146/146 174/174 173/173
f 146/146 147/147 175/175 174/174
f 147/147 148/148 176/176 175/175
f 148/148 149/149 177/177 176/176
f 149/149 150/150 178/178 177/177
f 150/150 151/151 179/179 178/178
f 151/151 152/152 180/180 179/179
f 152/152 153/153 181/181 180/180
f 153/153 154/154 182/182 181/181
f 154/154 155/155 183/183 182/182
f 155/155 156/156 184/184 183/183
f 156/156 157/157 185/185 184/184
f 157/157 158/158 186/186 185/185
f 158/158 159/159 187/187 186/186
f 159/159 160/160 188/188 187/187
f 160/160 161/161 189/189 188/188
f 161/161 162/162 190/190 189/189
f 162/162 163/163 191/191 190/190
f 163/163 164/164 192/192 191/191
f 164/164 165/165 193/193 192/192
f 165/165 166/166 194/194 193/193
f 166/166 167/167 195/195 194/194
f 167/167 168/168 196/196 195/195
f 168/168 141/141 169/169 196/196
f 169/169 170/170 198/198 197/197
f 170/170 171/171 199/199 198/198
f 171/171 172/172 200/200 199/199
f 172/172 173/173 201/201 200/200
f 173/173 174/174 202/202 201/201
f 174/174 175/175 203/203 202/202
f 175/175 176/176 204/204 203/203
f 176/176 177/177 205/205 204/204
f 177/177 178/178 206/206 205/205
f 178/178 179/179 207/207 206/206
f 179/179 180/180 208/208 207/207
f 180/180 181/181 209/209 208/208
f 181/181 182/182 210/210 209/209
f 182/182 183/183 211/211 210/210
f 183/183 184/184 212/212 211/211
f 184/184 185/185 213/213 212/212
f 185/185 186/186 214/214 213/213
f 186/186 187/187 215/215 214/214
f 187/187 188/188 216/216 215/215
f 188/188 189/189 217/217 216/216
f 189/189 190/190 218/218 217/217
f 190/190 191/191 219/219 218/218
f 191/191 192/192 220/220 219/219
f 192/192 193/193 221/221 220/220
f 193/193 194/194 222/222 221/221
f 194/194 195/195 223/223 222/222
f 195/195 196/196 224/224 223/223
f 196/196 169/169 197/197 224/224
f 197/197 198/198 226/226 225/225
f 198/198 199/199 227/227 226/226
f 199/199 200/200 228/228 227/227
f 200/200 201/201 229/229 228/228
f 201/201 202/202 230/230 229/229
f 202/202 203/203 231/231 230/230
f 203/203 204/204 232/232 231/231
f 204/204 205/205 233/233 232/232
f 205/205 206/206 234/234 233/233
f 206/206 207/207 235/235 234/234
f 207/207 208/208 236/236 235/235
f 208/208 209/209 237/237 236/236
f 209/209 210/210 238/238 237/237
f 210/210 211/211 239/239 238/238
f 211/211 212/212 240/240 239/239
f 212/212 213/213 241/241 240/240
f 213/213 214/214 242/242 241/241
f 214/214 215/215 243/243 242/242
f 215/215 216/216 244/244 243/243
f 216/216 217/217 245/245 244/244
f 217/217 218/218 246/246 245/245
f 218/218 219/219 247/247 246/246
f 219/219 220/220 248/248 247/247
f 220/220 221/221 249/249 248/248
f 221/221 222/222 250/250 249/249
f 222/222 223/223 251/251 250/250
f 223/223 224/224 252/252 251/251
f 224/224 197/197 225/225 252/252
f 225/225 226/226 254/254 253/253
f 226/226 227/227 255/255 254/254
f 227/227 228/228 256/256 255/255
f 228/228 229/229 257/257 256/256
f 229/229 230/230 258/258 257/257
f 230/230 231/231 259/259 258/258
f 231/231 232/232 260/260 259/259
f 232/232 233/233 261/261 260/260
f 233/233 234/234 262/262 261/261
f 234/234 235/235 263/263 262/262
f 235/235 236/236 264/264 263/263
f 236/236 237/237 265/265 264/264
f 237/237 238/238 266/266 265/265
f 238/238 239/239 267/267 266/266
f 239/239 240/240 268/268 267/267
f 240/240 241/241 269/269 268/268
f 241/241 242/242 270/270 269/269
f 242/242 243/243 271/271 270/270
f 243/243 244/244 272/272 271/271
f 244/244 245/245 273/273 272/272
f 245/245 246/246 274/274 273/273
f 246/246 247/247 275/275 274/274
f 247/247 248/248 276/276 275/275
f 248/248 249/249 277/277 276/276
f 249/249 250/250 278/278 277/277
f 250/250 251/251 279/279 278/278
f 251/251 252/252 280/280 279/279
f 252/252 225/225 253/253 280/280
f 253/253 254/254 282/282 281/281
f 254/254 255/255 283/283 282/282
f 255/255 256/256 284/284 283/283
f 256/256 257/257 285/285 284/284
f 257/257 258/258 286/286 285/285
f 258/258 259/259 287/287 286/286
f 259/259 260/260 288/288 287/287
f 260/260 261/261 289/289 288/288
f 261/261 262/262 290/290 289/289
f 262/262 263/263 291/291 290/290
f 263/263 264/264 292/292 291/291
f 264/264 265/265 293/293 292/292
f 265/265 266/266 294/294 293/293
f 266/266 267/267 295/295 294/294
f 267/267 268/268 296/296 295/295
f 268/268 269/269 297/297 296/296
f 269/269 270/270 298/298 297/297
f 270/270 271/271 299/299 298/298
f 271/271 272/272 300/300 299/299
f 272/272 273/273 301/301 300/300
f 273/273 274/274 302/302 301/301
f 274/274 275/275 303/303 302/302
f 275/275 276/276 304/304 303/303
f 276/276 277/277 305/305 304/304
f 277/277 278/278 306/306 305/305
f 278/278 279/279 307/307 306/306
f 279/279 280/280 308/308 307/307
f 280/280 253/253 281/281 308/308
f 281/281 282/282 310/310 309/309
f 282/282 283/283 311/311 310/310
f 283/283 284/284 312/312 311/311
f 284/284 285/285 313/313 312/312
f 285/285 286/286 314/314 313/313
f 286/286 287/287 315/315 314/314
f 287/287 288/288 316/316 315/315
f 288/288 289/289 317/317 316/316
f 289/289 290/290 318/318 317/317
f 290/290 291/291 319/319 318/318
f 291/291 292/292 320/320 319/319
f 292/292 293/293 321/321 320/320
f 293/293 294/294 322/322 321/321
f 294/294 295/295 323/323 322/322
f 295/295 296/296 324/324 323/323
f 296/296 297/297 325/325 324/324
f 297/297 298/298 326/326 325/325
f 298/298 299/299 327/327 326/326
f 299/299 300/300 328/328 327/327
f 300/300 301/301 329/329 328/328
f 301/301 302/302 330/330 329/329
f 302/302 303/303 331/331 330/330
f 303/303 304/304 332/332 331/331
f 304/304 305/305 333/333 332/332
f 305/305 306/306 334/334 333/333
f 306/306 307/307 335/335 334/334
f 307/307 308/308 336/336 335/335
f 308/308 281/281 309/309 336/336
f 309/309 310/310 338/338 337/337
f 310/310 311/311 339/339 338/338
f 311/311 312/312 340/340 339/339
f 312/312 313/313 341/341 340/340
f 313/313 314/314 342/342 341/341
f 314/314 315/315 343/343 342/342
f 315/315 316/316 344/344 343/343
f 316/316 317/317 345/345 344/344
f 317/317 318/318 346/346 345/345
f 318/318 319/319 347/347 346/346
f 319/319 320/320 348/348 347/347
f 320/320 321/321 349/349 348/348
f 321/321 322/322 350/350 349/349
f 322/322 323/323 351/351 350/350
f 323/323 324/324 352/352 351/351
f 324/324 325/325 353/353 352/352
f 325/325 326/326 354/354 353/353
f 326/326 327/327 355/355 354/354
f 327/327 328/328 356/356 355/355
f 328/328 329/329 357/357 356/356
f 329/329 330/330 358/358 357/357
f 330/330 331/331 359/359 358/358
f 331/331 332/332 360/360 359/359
f 332/332 333/333 361/361 360/360
f 333/333 334/334 362/362 361/361
f 334/334 335/335 363/363 362/362
f 335/335 336/336 364/364 363/363
f 336/336 309/309 337/337 364/364
f 337/337 338/338 366/366 365/365
f 338/338 339/339 367/367 366/366
f 339/339 340/340 368/368 367/367
f 340/340 341/341 369/369 368/368
f 341/341 342/342 370/370 369/369
f 342/342 343/343 371/371 370/370
f 343/343 344/344 372/372 371/371
f 344/344 345/345 373/373 372/372
f 345/345 346/346 374/374 373/373
f 346/346 347/347 375/375 374/374
f 347/347 348/348 376/376 375/375
f 348/348 349/349 377/377 376/376
f 349/349 350/350 378/378 377/377
f 350/350 351/351 379/379 378/378
f 351/351 352/352 380/380 379/379
f 352/352 353/353 381/381 380/380
f 353/353 354/354 382/382 381/381
f 354/354 355/355 383/383 382/382
f 355/355 356/356 384/384 383/383
f 356/356 357/357 385/385 384/384
f 357/357 358/358 386/386 385/385
f 358/358 359/359 387/387 386/386
f 359/359 360/360 388/388 387/387
f 360/360 361/361 389/389 388/388
f 361/361 362/362 390/390 389/389
f 362/362 363/363 391/391 390/390
f 363/363 364/364 392/392 391/391
f 364/364 337/337 365/365 392/392
f 365/365 366/366 394/394 393/393
f 366/366 367/367 395/395 394/394
f 367/367 368/368 396/396 395/395
f 368/368 369/369 397/397 396/396
f 369/369 370/370 398/398 397/397
f 370/370 371/371 399/399 398/398
f 371/371 372/372 400/400 399/399
f 372/372 373/373 401/401 400/400
f 373/373 374/374 402/402 401/401
f 374/374 375/375 403/403 402/402
f 375/375 376/376 404/404 403/403
f 376/376 377/377 405/405 404/404
f 377/377 378/378 406/406 405/405
f 378/378 379/379 407/407 406/406
f 379/379 380/380 408/408 407/407
f 380/380 381/381 409/409 408/408
f 381/381 382/382 410/410 409/409
f 382/382 383/383 411/411 410/410
f 383/383 384/384 412/412 411/411
f 384/384 385/385 413/413 412/412
f 385/385 386/386 414/414 413/413
f 386/386 387/387 415/415 414/414
f 387/387 388/388 416/416 415/415
f 388/388 389/389 417/417 416/416
f 389/389 390/390 418/418 417/417
f 390/390 391/391 419/419 418/418
f 391/391 392/392 420/420 419/419
f 392/392 365/365 393/393 420/420
f 421/421 422/422 450/450 449/449
f 422/422 423/423 451/451 450/450
f 423/423 424/424 452/452 451/451
f 424/424 425/425 453/453 452/452
f 425/425 426/426 454/454 453/453
f 426/426 427/427 455/455 454/454
f 427/427 428/428 456/456 455/455
f 428/428 429/429 457/457 456/456
f 429/429 430/430 458/458 457/457
f 430/430 431/431 459/459 458/458
f 431/431 432/432 460/460 459/459
f 432/432 433/433 461/461 460/460
f 433/433 434/434 462/462 461/461
f 434/434 435/435 463/463 462/462
f 435/435 436/436 464/464 463/463
f 436/436 437/437 465/465 464/464
f 437/437 438/438 466/466 465/465
f 438/438 439/439 467/467 466/466
f 439/439 440/440 468/468 467/467
f 440/440 441/441 469/469 468/468
f 441/441 442/442 470/470 469/469
f 442/442 443/443 471/471 470/470
f 443/443 444/444 472/472 471/471
f 444/444 445/445 473/473 472/472
f 445/445 446/446 474/474 473/473
f 446/446 447/447 475/475 474/474
f 447/447 448/448 476/476 475/475
f 448/448 421/421 449/449 476/476
f 449/449 450/450 478/478 477/477
f 450/450 451/451 479/479 478/478
f 451/451 452/452 480/480 479/479
f 452/452 453/453 481/481 480/480
f 453/453 454/454 482/482 481/481
f 454/454 455/455 483/483 482/482
f 455/455 456/456 484/484 483/483
f 456/456 457/457 485/485 484/484
f 457/457 458/458 486/486 485/485
f 458/458 459/459 487/487 486/486
f 459/459 460/460 488/488 487/487
f 460/460 461/461 489/489 488/488
f 461/461 462/462 490/490 489/489
f 462/462 463/463 491/491 490/490
f 463/463 464/464 492/492 491/491
f 464/464 465/465 493/493 492/492
f 465/465 466/466 494/494 493/493
f 466/466 467/467 495/495 494/494
f 467/467 468/468 496/496 495/495
f 468/468 469/469 497/497 496/496
f 469/469 470/470 498/498 497/497
f 470/470 471/471 499/499 498/498
f 471/471 472/472 500/500 499/499
f 472/472 473/473 501/501 500/500
f 473/473 474/474 502/502 501/501
f 474/474 475/475 503/503 502/502
f 475/475 476/476 504/504 503/503
f 476/476 449/449 477/477 504/504
f 477/477 478/478 506/506 505/505
f 478/478 479/479 507/507 506/506
f 479/479 480/480 508/508 507/507
f 480/480 481/481 509/509 508/508
f 481/481 482/482 510/510 509/509
f 482/482 483/483 511/511 510/510
f 483/483 484/484 512/512 511/511
f 484/484 485/485 513/513 512/512
f 485/485 486/486 514/514 513/513
f 486/486 487/487 515/515 514/514
f 487/487 488/488 516/516 515/515
f 488/488 489/489 517/517 516/516
f 489/489 490/490 518/518 517/517
f 490/490 491/491 519/519 518/518
f 491/491 492/492 520/520 519/519
f 492/492 493/493 521/521 520/520
f 493/493 494/494 522/522 521/521
f 494/494 495/495 523/523 522/522
f 495/495 496/496 524/524 523/523
f 496/496 497/497 525/525 524/524
f 497/497 498/498 526/526 525/525
f 498/498 499/499 527/527 526/526
f 499/499 500/500 528/528 527/527
f 500/500 501/501 529/529 528/528
f 501/501 502/502 530/530 529/529
f 502/502 503/503 531/531 530/530
f 503/503 504/504 532/532 531/531
f 504/504 477/477 505/505 532/532
f 505/505 506/506 534/534 533/533
f 506/506 507/507 535/535 534/534
f 507/507 508/508 536/536 535/535
f 508/508 509/509 537/537 536/536
f 509/509 510/510 538/538 537/537
f 510/510 511/511 539/539 538/538
f 511/511 512/512 540/540 539/539
f 512/512 513/513 541/541 540/540
f 513/513 514/514 542/542 541/541
f 514/514 515/515 543/543 542/542
f 515/515 516/516 544/544 543/543
f 516/516 517/517 545/545 544/544
f 517/517 518/518 546/546 545/545
f 518/518 519/519 547/547 546/546
f 519/519 520/520 548/548 547/547
f 520/520 521/521 549/549 548/548
f 521/521 522/522 550/550 549/549
f 522/522 523/523 551/551 550/550
f 523/523 524/524 552/552 551/551
f 524/524 525/525 553/553 552/552
f 525/525 526/526 554/554 553/553
f 526/526 527/527 555/555 554/554
f 527/527 528/528 556/556 555/555
f 528/528 529/529 557/557 556/556
f 529/529 530/530 558/558 557/557
f 530/530 531/531 559/559 558/558
f 531/531 532/532 560/560 559/559
f 532/532 505/505 533/533 560/560
f 533/533 534/534 562/562 561/561
f 534/534 535/535 563/563 562/562
f 535/535 536/536 564/564 563/563
f 536/536 537/537 565/565 564/564
f 537/537 538/538 566/566 565/565
f 538/538 539/539 567/567 566/566
f 539/539 540/540 568/568 567/567
f 540/540 541/541 569/569 568/568
f 541/541 542/542 570/570 569/569
f 542/542 543/543 571/571 570/570
f 543/543 544/544 572/572 571/571
f 544/544 545/545 573/573 572/572
f 545/545 546/546 574/574 573/573
f 546/546 547/547 575/575 574/574
f 547/547 548/548 576/576 575/575
f 548/548 549/549 577/577 576/576
f 549/549 550/550 578/578 577/577
f 550/550 551/551 579/579 578/578
f 551/551 552/552 580/580 579/579
f 552/552 553/553 581/581 580/580
f 553/553 554/554 582/582 581/581
f 554/554 555/555 583/583 582/582
f 555/555 556/556 584/584 583/583
f 556/556 557/557 585/585 584/584
f 557/557 558/558 586/586 585/585
f 558/558 559/559 587/587 586/586
f 559/559 560/560 588/588 587/587
f 560/560 533/533 561/561 588/588
f 561/561 562/562 590/590 589/589
f 562/562 563/563 591/591 590/590
f 563/563 564/564 592/592 591/591
f 564/564 565/565 593/593 592/592
f 565/565 566/566 594/594 593/593
f 566/566 567/567 595/595 594/594
f 567/567 568/568 596/596 595/595
f 568/568 569/569 597/597 596/596
f 569/569 570/570 598/598 597/597
f 570/570 571/571 599/599 598/598
f 571/571 572/572 600/600 599/599
f 572/572 573/573 601/601 600/600
f 573/573 574/574 602/602 601/601
f 574/574 575/575 603/603 602/602
f 575/575 576/576 604/604 603/603
f 576/576 577/577 605/605 604/604
f 577/577 578/578 606/606 605/605
f 578/578 579/579 607/607 606/606
f 579/579 580/580 608/608 607/607
f 580/580 581/581 609/609 608/608
f 581/581 582/582 610/610 609/609
f 582/582 583/583 611/611 610/610
f 583/583 584/584 612/612 611/611
f 584/584 585/585 613/613 612/612
f 585/585 586/586 614/614 613/613
f 586/586 587/587 615/615 614/614
f 587/587 588/588 616/616 615/615
f 588/588 561/561 589/589 616/616
f 589/589 590/590 618/618 617/617
f 590/590 591/591 619/619 618/618
f 591/591 592/592 620/620 619/619
f 592/592 593/593 621/621 620/620
f 593/593 594/594 622/622 621/621
f 594/594 595/595 623/623 622/622
f 595/595 596/596 624/624 623/623
f 596/596 597/597 625/625 624/624
f 597/597 598/598 626/626 625/625
f 598/598 599/599 627/627 626/626
f 599/599 600/600 628/628 627/627
f 600/600 601/601 629/629 628/628
f 601/601 602/602 630/630 629/629
f 602/602 603/603 631/631 630/630
f 603/603 604/604 632/632 631/631
f 604/604 605/605 633/633 632/632
f 605/605 606/606 634/634 633/633
f 606/606 607/607 635/635 634/634
f 607/607 608/608 636/636 635/635
f 608/608 609/609 637/637 636/636
f 609/609 610/610 638/638 637/637
f 610/610 611/611 639/639 638/638
f 611/611 612/612 640/640 639/639
f 612/612 613/613 641/641 640/640
f 613/613 614/614 642/642 641/641
f 614/614 615/615 643/643 642/642
f 615/615 616/616 644/644 643/643
f 616/616 589/589 617/617 644/644
f 617/617 618/618 646/646 645/645
f 618/618 619/619 647/647 646/646
f 619/619 620/620 648/648 647/647
f 620/620 621/621 649/649 648/648
f 621/621 622/622 650/650 649/649
f 622/622 623/623 651/651 650/650
f 623/623 624/624 652/652 651/651
f 624/624 625/625 653/653 652/652
f 625/625 626/626 654/654 653/653
f 626/626 627/627 655/655 654/654
f 627/627 628/628 656/656 655/655
f 628/628 629/629 657/657 656/656
f 629/629 630/630 658/658 657/657
f 630/630 631/631 659/659 658/658
f 631/631 632/632 660/660 659/659
f 632/632 633/633 661/661 660/660
f 633/633 634/634 662/662 661/661
f 634/634 635/635 663/663 662/662
f 635/635 636/636 664/664 663/663
f 636/636 637/637 665/665 664/664
f 637/637 638/638 666/666 665/665
f 638/638 639/639 667/667 666/666
f 639/639 640/640 668/668 667/667
f 640/640 641/641 669/669 668/668
f 641/641 642/642 670/670 669/669
f 642/642 643/643 671/671 670/670
f 643/643 644/644 672/672 671/671
f 644/644 617/617 645/645 672/672
f 645/645 646/646 674/674 673/673
f 646/646 647/647 675/675 674/674
f 647/647 648/648 676/676 675/675
f 648/648 649/649 677/677 676/676
f 649/649 650/650 678/678 677/677
f 650/650 651/651 679/679 678/678
f 651/651 652/652 680/680 679/679
f 652/652 653/653 681/681 680/680
f 653/653 654/654 682/682 681/681
f 654/654 655/655 683/683 682/682
f 655/655 656/656 684/684 683/683
f 656/656 657/657 685/685 684/684
f 657/657 658/658 686/686 685/685
f 658/658 659/659 687/687 686/686
f 659/659 660/660 688/688 687/687
f 660/660 661/661 689/689 688/688
f 661/661 662/662 690/690 689/689
f 662/662 663/663 691/691 690/690
f 663/663 664/664 692/692 691/691
f 664/664 665/665 693/693 692/692
f 665/665 666/666 694/694 693/693
f 666/666 667/667 695/695 694/694
f 667/667 668/668 696/696 695/695
f 668/668 669/669 697/697 696/696
f 669/669 670/670 698/698 697/697
f 670/670 671/671 699/699 698/698
f 671/671 672/672 700/700 699/699
f 672/672 645/645 673/673 700/700
f 673/673 674/674 702/702 701/701
f 674/674 675/675 703/703 702/702
f 675/675 676/676 704/704 703/703
f 676/676 677/677 705/705 704/704
f 677/677 678/678 706/706 705/705
f 678/678 679/679 707/707 706/706
f 679/679 680/680 708/708 707/707
f 680/680 681/681 709/709 708/708
f 681/681 682/682 710/710 709/709
f 682/682 683/683 711/711 710/710
f 683/683 684/684 712/712 711/711
f 684/684 685/685 713/713 712/712
f 685/685 686/686 714/714 713/713
f 686/686 687/687 715/715 714/714
f 687/687 688/688 716/716 715/715
f 688/688 689/689 717/717 716/716
f 689/689 690/690 718/718 717/717
f 690/690 691/691 719/719 718/718
f 691/691 692/692 720/720 719/719
f 692/692 693/693 721/721 720/720
f 693/693 694/694 722/722 721/721
f 694/694 695/695 723/723 722/722
f 695/695 696/696 724/724 723/723
f 696/696 697/697 725/725 724/724
f 697/697 698/698 726/726 725/725
f 698/698 699/699 727/727 726/726
f 699/699 700/700 728/728 727/727
f 700/700 673/673 701/701 728/728
f 701/701 702/702 730/730 729/729
f 702/702 703/703 731/731 730/730
f 703/703 704/704 732/732 731/731
f 704/704 705/705 733/733 732/732
f 705/705 706/706 734/734 733/733
f 706/706 707/707 735/735 734/734
f 707/707 708/708 736/736 735/735
f 708/708 709/709 737/737 736/736
f 709/709 710/710 738/738 737/737
f 710/710 711/711 739/739 738/738
f 711/711 712/712 740/740 739/739
f 712/712 713/713 741/741 740/740
f 713/713 714/714 742/742 741/741
f 714/714 715/715 743/743 742/742
f 715/715 716/716 744/744 743/743
f 716/716 717/717 745/745 744/744
f 717/717 718/718 746/746 745/745
f 718/718 719/719 747/747 746/746
f 719/719 720/720 748/748 747/747
f 720/720 721/721 749/749 748/748
f 721/721 722/722 750/750 749/749
f 722/722 723/723 751/751 750/750
f 723/723 724/724 752/752 751/751
f 724/724 725/725 753/753 752/752
f 725/725 726/726 754/754 753/753
f 726/726 727/727 755/755 754/754
f 727/727 728/728 756/756 755/755
f 728/728 701/701 729/729 756/756
f 729/729 730/730 758/758 757/757
f 730/730 731/731 759/759 758/758
f 731/731 732/732 760/760 759/759
f 732/732 733/733 761/761 760/760
f 733/733 734/734 762/762 761/761
f 734/734 735/735 763/763 762/762
f 735/735 736/736 764/764 763/763
f 736/736 737/737 765/765 764/764
f 737/737 738/738 766/766 765/765
f 738/738 739/739 767/767 766/766
f 739/739 740/740 768/768 767/767
f 740/740 741/741 769/769 768/768
f 741/741 742/742 770/770 769/769
f 742/742 743/743 771/771 770/770
f 743/743 744/744 772/772 771/771
f 744/744 745/745 773/773 772/772
f 745/745 746/746 774/774 773/773
f 746/746 747/747 775/775 774/774
f 747/747 748/748 776/776 775/775
f 748/748 749/749 777/777 776/776
f 749/749 750/750 778/778 777/777
f 750/750 751/751 779/779 778/778
f 751/751 752/752 780/780 779/779
f 752/752 753/753 781/781 780/780
f 753/753 754/754 782/782 781/781
f 754/754 755/755 783/783 782/782
f 755/755 756/756 784/784 783/783
f 756/756 729/729 757/757 784/784
f 757/757 758/758 786/786 785/785
f 758/758 759/759 787/787 786/786
f 759/759 760/760 788/788 787/787
f 760/760 761/761 789/789 788/788
f 761/761 762/762 790/790 789/789
f 762/762 763/763 791/791 790/790
f 763/763 764/764 792/792 791/791
f 764/764 765/765 793/793 792/792
f 765/765 766/766 794/794 793/793
f 766/766 767/767 795/795 794/794
f 767/767 768/768 796/796 795/795
f 768/768 769/769 797/797 796/796
f 769/769 770/770 798/798 797/797
f 770/770 771/771 799/799 798/798
f 771/771 772/772 800/800 799/799
f 772/772 773/773 801/801 800/800
f 773/773 774/774 802/802 801/801
f 774/774 775/775 803/803 802/802
f 775/775 776/776 804/804 803/803
f 776/776 777/777 805/805 804/804
f 777/777 778/778 806/806 805/805
f 778/778 779/779 807/807 806/806
f 779/779 780/780 808/808 807/807
f 780/780 781/781 809/809 808/808
f 781/781 782/782 810/810 809/809
f 782/782 783/783 811/811 810/810
f 783/783 784/784 812/812 811/811
f 784/784 757/757 785/785 812/812
f 785/785 786/786 814/814 813/813
f 786/786 787/787 815/815 814/814
f 787/787 788/788 816/816 815/815
f 788/788 789/789 817/817 816/816
f 789/789 790/790 818/818 817/817
f 790/790 791/791 819/819 818/818
f 791/791 792/792 820/820 819/819
f 792/792 793/793 821/821 820/820
f 793/793 794/794 822/822 821/821
f 794/794 795/795 823/823 822/822
f 795/795 796/796 824/824 823/823
f 796/796 797/797 825/825 824/824
f 797/797 798/798 826/826 825/825
f 798/798 799/799 827/827 826/826
f 799/799 800/800 828/828 827/827
f 800/800 801/801 829/829 828/828
f 801/801 802/802 830/830 829/829
f 802/802 803/803 831/831 830/830
f 803/803 804/804 832/832 831/831
f 804/804 805/805 833/833 832/832
f 805/805 806/806 834/834 833/833
f 806/806 807/807 835/835 834/834
f 807/807 808/808 836/836 835/835
f 808/808 809/809 837/837 836/836
f 809/809 810/810 838/838 837/837
f 810/810 811/811 839/839 838/838
f 811/811 812/812 840/840 839/839
f 812/812 785/785 813/813 840/840
f 841/841 842/842 870/870 869/869
f 842/842 843/843 871/871 870/870
f 843/843 844/844 872/872 871/871
f 844/844 845/845 873/873 872/872
f 845/845 846/846 874/874 873/873
f 846/846 847/847 875/875 874/874
f 847/847 848/848 876/876 875/875
f 848/848 849/849 877/877 876/876
f 849/849 850/850 878/878 877/877
f 850/850 851/851 879/879 878/878
f 851/851 852/852 880/880 879/879
f 852/852 853/853 881/881 880/880
f 853/853 854/854 882/882 881/881
f 854/854 855/855 883/883 882/882
f 855/855 856/856 884/884 883/883
f 856/856 857/857 885/885 884/884
f 857/857 858/858 886/886 885/885
f 858/858 859/859 887/887 886/886
f 859/859 860/860 888/888 887/887
f 860/860 861/861 889/889 888/888
f 861/861 862/862 890/890 889/889
f 862/862 863/863 891/891 890/890
f 863/863 864/864 892/892 891/891
f 864/864 865/865 893/893 892/892
f 865/865 866/866 894/894 893/893
f 866/866 867/867 895/895 894/894
f 867/867 868/868 896/896 895/895
f 868/868 841/841 869/869 896/896
f 869/869 870/870 898/898 897/897
f 870/870 871/871 899/899 898/898
f 871/871 872/872 900/900 899/899
f 872/872 873/873 901/901 900/900
f 873/873 874/874 902/902 901/901
f 874/874 875/875 903/903 902/902
f 875/875 876/876 904/904 903/903
f 876/876 877/877 905/905 904/904
f 877/877 878/878 906/906 905/905
f 878/878 879/879 907/907 906/906
f 879/879 880/880 908/908 907/907
f 880/880 881/881 909/909 908/908
f 881/881 882/882 910/910 909/909
f 882/882 883/883 911/911 910/910
f 883/883 884/884 912/912 911/911
f 884/884 885/885 913/913 912/912
f 885/885 886/886 914/914 913/913
f 886/886 887/887 915/915 914/914
f 887/887 888/888 916/916 915/915
f 888/888 889/889 917/917 916/916
f 889/889 890/890 918/918 917/917
f 890/890 891/891 919/919 918/918
f 891/891 892/892 920/920 919/919
f 892/892 893/893 921/921 920/920
f 893/893 894/894 922/922 921/921
f 894/894 895/895 923/923 922/922
f 895/895 896/896 924/924 923/923
f 896/896 869/869 897/897 924/924
f 897/897 898/898 926/926 925/925
f 898/898 899/899 927/927 926/926
f 899/899 900/900 928/928 927/927
f 900/900 901/901 929/929 928/928
f 901/901 902/902 930/930 929/929
f 902/902 903/903 931/931 930/930
f 903/903 904/904 932/932 931/931
f 904/904 905/905 933/933 932/932
f 905/905 906/906 934/934 933/933
f 906/906 907/907 935/935 934/934
f 907/907 908/908 936/936 935/935
f 908/908 909/909 937/937 936/936
f 909/909 910/910 938/938 937/937
f 910/910 911/911 939/939 938/938
f 911/911 912/912 940/940 939/939
f 912/912 913/913 941/941 940/940
f 913/913 914/914 942/942 941/941
f 914/914 915/915 943/943 942/942
f 915/915 916/916 944/944 943/943
f 916/916 917/917 945/945 944/944
f 917/917 918/918 946/946 945/945
f 918/918 919/919 947/947 946/946
f 919/919 920/920 948/948 947/947
f 920/920 921/921 949/949 948/948
f 921/921 922/922 950/950 949/949
f 922/922 923/923 951/951 950/950
f 923/923 924/924 952/952 951/951
f 924/924 897/897 925/925 952/952
f 925/925 926/926 954/954 953/953
f 926/926 927/927 955/955 954/954
f 927/927 928/928 956/956 955/955
f 928/928 929/929 957/957 956/956
f 929/929 930/930 958/958 957/957
f 930/930 931/931 959/959 958/958
f 931/931 932/932 960/960 959/959
f 932/932 933/933 961/961 960/960
f 933/933 934/934 962/962 961/961
f 934/934 935/935 963/963 962/962
f 935/935 936/936 964/964 963/963
f 936/936 937/937 965/965 964/964
f 937/937 938/938 966/966 965/965
f 938/938 939/939 967/967 966/966
f 939/939 940/940 968/968 967/967
f 940/940 941/941 969/969 968/968
f 941/941 942/942 970/970 969/969
f 942/942 943/943 971/971 970/970
f 943/943 944/944 972/972 971/971
f 944/944 945/945 973/973 972/972
f 945/945 946/946 974/974 973/973
f 946/946 947/947 975/975 974/974
f 947/947 948/948 976/976 975/975
f 948/948 949/949 977/977 976/976
f 949/949 950/950 978/978 977/977
f 950/950 951/951 979/979 978/978
f 951/951 952/952 980/980 979/979
f 952/952 925/925 953/953 980/980
f 953/953 954/954 982/982 981/981
f 954/954 955/955 983/983 982/982
f 955/955 956/956 984/984 983/983
f 956/956 957/957 985/985 984/984
f 957/957 958/958 986/986 985/985
f 958/958 959/959 987/987 986/986
f 959/959 960/960 988/988 987/987
f 960/960 961/961 989/989 988/988
f 961/961 962/962 990/990 989/989
f 962/962 963/963 991/991 990/990
f 963/963 964/964 992/992 991/991
f 964/964 965/965 993/993 992/992
f 965/965 966/966 994/994 993/993
f 966/966 967/967 995/995 994/994
f 967/967 968/968 996/996 995/995
f 968/968 969/969 997/997 996/996
f 969/969 970/970 998/998 997/997
f 970/970 971/971 999/999 998/998
f 971/971 972/972 1000/1000 999/999
f 972/972 973/973 1001/1001 1000/1000
f 973/973 974/974 1002/1002 1001/1001
f 974/974 975/975 1003/1003 1002/1002
f 975/975 976/976 1004/1004 1003/1003
f 976/976 977/977 1005/1005 1004/1004
f 977/977 978/978 1006/1006 1005/1005
f 978/978 979/979 1007/1007 1006/1006
f 979/979 980/980 1008/1008 1007/1007
f 980/980 953/953 981/981 1008/1008
f 981/981 982/982 1010/1010 1009/1009
f 982/982 983/983 1011/1011 1010/1010
f 983/983 984/984 1012/1012 1011/1011
f 984/984 985/985 1013/1013 1012/1012
f 985/985 986/986 1014/1014 1013/1013
f 986/986 987/987 1015/1015 1014/1014
f 987/987 988/988 1016/1016 1015/1015
f 988/988 989/989 1017/1017 1016/1016
f 989/989 990/990 1018/1018 1017/1017
f 990/990 991/991 1019/1019 1018/1018
f 991/991 992/992 1020/1020 1019/1019
f 992/992 993/993 1021/1021 1020/1020
f 993/993 994/994 1022/1022 1021/1021
f 994/994 995/995 1023/1023 1022/1022
f 995/995 996/996 1024/1024 1023/1023
f 996/996 997/997 1025/1025 1024/1024
f 997/997 998/998 1026/1026 1025/1025
f 998/998 999/999 1027/1027 1026/1026
f 999/999 1000/1000 1028/1028 1027/1027
f 1000/1000 1001/1001 1029/1029 1028/1028
f 1001/1001 1002/1002 1030/1030 1029/1029
f 1002/1002 1003/1003 1031/1031 1030/1030
f 1003/1003 1004/1004 1032/1032 1031/1031
f 1004/1004 1005/1005 1033/1033 1032/1032
f 1005/1005 1006/1006 1034/1034 1033/1033
f 1006/1006 1007/1007 1035/1035 1034/1034
f 1007/1007 1008/1008 1036/1036 1035/1035
f 1008/1008 981/981 1009/1009 1036/1036
f 1009/1009 1010/1010 1038/1038 1037/1037
f 1010/1010 1011/1011 1039/1039 1038/1038
f 1011/1011 1012/1012 1040/1040 1039/1039
f 1012/1012 1013/1013 1041/1041 1040/1040
f 1013/1013 1014/1014 1042/1042 1041/1041
f 1014/1014 1015/1015 1043/1043 1042/1042
f 1015/1015 1016/1016 1044/1044 1043/1043
f 1016/1016 1017/1017 1045/1045 1044/1044
f 1017/1017 1018/1018 1046/1046 1045/1045
f 1018/1018 1019/1019 1047/1047 1046/1046
f 1019/1019 1020/1020 1048/1048 1047/1047
f 1020/1020 1021/1021 1049/1049 1048/1048
f 1021/1021 1022/1022 1050/1050 1049/1049
f 1022/1022 1023/1023 1051/1051 1050/1050
f 1023/1023 1024/1024 1052/1052 1051/1051
f 1024/1024 1025/1025 1053/1053 1052/1052
f 1025/1025 1026/1026 1054/1054 1053/1053
f 1026/1026 1027/1027 1055/1055 1054/1054
f 1027/1027 1028/1028 1056/1056 1055/1055
f 1028/1028 1029/1029 1057/1057 1056/1056
f 1029/1029 1030/1030 1058/1058 1057/1057
f 1030/1030 1031/1031 1059/1059 1058/1058
f 1031/1031 1032/1032 1060/1060 1059/1059
f 1032/1032 1033/1033 1061/1061 1060/1060
f 1033/1033 1034/1034 1062/1062 1061/1061
f 1034/1034 1035/1035 1063/1063 1062/1062
f 1035/1035 1036/1036 1064/1064 1063/1063
f 1036/1036 1009/1009 1037/1037 1064/1064
f 1037/1037 1038/1038 1066/1066 1065/1065
f 1038/1038 1039/1039 1067/1067 1066/1066
f 1039/1039 1040/1040 1068/1068 1067/1067
f 1040/1040 1041/1041 1069/1069 1068/1068
f 1041/1041 1042/1042 1070/1070 1069/1069
f 1042/1042 1043/1043 1071/1071 1070/1070
f 1043/1043 1044/1044 1072/1072 1071/1071
f 1044/1044 1045/1045 1073/1073 1072/1072
f 1045/1045 1046/1046 1074/1074 1073/1073
f 1046/1046 1047/1047 1075/1075 1074/1074
f 1047/1047 1048/1048 1076/1076 1075/1075
f 1048/1048 1049/1049 1077/1077 1076/1076
f 1049/1049 1050/1050 1078/1078 1077/1077
f 1050/1050 1051/1051 1079/1079 1078/1078
f 1051/1051 1052/1052 1080/1080 1079/1079
f 1052/1052 1053/1053 1081/1081 1080/1080
f 1053/1053 1054/1054 1082/1082 1081/1081
f 1054/1054 1055/1055 1083/1083 1082/1082
f 1055/1055 1056/1056 1084/1084 1083/1083
f 1056/1056 1057/1057 1085/1085 1084/1084
f 1057/1057 1058/1058 1086/1086 1085/1085
f 1058/1058 1059/1059 1087/1087 1086/1086
f 1059/1059 1060/1060 1088/1088 1087/1087
f 1060/1060 1061/1061 1089/1089 1088/1088
f 1061/1061 1062/1062 1090/1090 1089/1089
f 1062/1062 1063/1063 1091/1091 1090/1090
f 1063/1063 1064/1064 1092/1092 1091/1091
f 1064/1064 1037/1037 1065/1065 1092/1092
f 1065/1065 1066/1066 1094/1094 1093/1093
f 1066/1066 1067/1067 1095/1095 1094/1094
f 1067/1067 1068/1068 1096/1096 1095/1095
f 1068/1068 1069/1069 1097/1097 1096/1096
f 1069/1069 1070/1070 1098/1098 1097/1097
f 1070/1070 1071/1071 1099/1099 1098/1098
f 1071/1071 1072/1072 1100/1100 1099/1099
f 1072/1072 1073/1073 1101/1101 1100/1100
f 1073/1073 1074/1074 1102/1102 1101/1101
f 1074/1074 1075/1075 1103/1103 1102/1102
f 1075/1075 1076/1076 1104/1104 1103/1103
f 1076/1076 1077/1077 1105/1105 1104/1104
f 1077/1077 1078/1078 1106/1106 1105/1105
f 1078/1078 1079/1079 1107/1107 1106/1106
f 1079/1079 1080/1080 1108/1108 1107/1107
f 1080/1080 1081/1081 1109/1109 1108/1108
f 1081/1081 1082/1082 1110/1110 1109/1109
f 1082/1082 1083/1083 1111/1111 1110/1110
f 1083/1083 1084/1084 1112/1112 1111/1111
f 1084/1084 1085/1085 1113/1113 1112/1112
f 1085/1085 1086/1086 1114/1114 1113/1113
f 1086/1086 1087/1087 1115/1115 1114/1114
f 1087/1087 1088/1088 1116/1116 1115/1115
f 1088/1088 1089/1089 1117/1117 1116/1116
f 1089/1089 1090/1090 1118/1118 1117/1117
f 1090/1090 1091/1091 1119/1119 1118/1118
f 1091/1091 1092/1092 1120/1120 1119/1119
f 1092/1092 1065/1065 1093/1093 1120/1120
f 1093/1093 1094/1094 1122/1122 1121/1121
f 1094/1094 1095/1095 1123/1123 1122/1122
f 1095/1095 1096/1096 1124/1124 1123/1123
f 1096/1096 1097/1097 1125/1125 1124/1124
f 1097/1097 1098/1098 1126/1126 1125/1125
f 1098/1098 1099/1099 1127/1127 1126/1126
f 1099/1099 1100/1100 1128/1128 1127/1127
f 1100/1100 1101/1101 1129/1129 1128/1128
f 1101/1101 1102/1102 1130/1130 1129/1129
f 1102/1102 1103/1103 1131/1131 1130/1130
f 1103/1103 1104/1104 1132/1132 1131/1131
f 1104/1104 1105/1105 1133/1133 1132/1132
f 1105/1105 1106/1106 1134/1134 1133/1133
f 1106/1106 1107/1107 1135/1135 1134/1134
f 1107/1107 1108/1108 1136/1136 1135/1135
f 1108/1108 1109/1109 1137/1137 1136/1136
f 1109/1109 1110/1110 1138/1138 1137/1137
f 1110/1110 1111/1111 1139/1139 1138/1138
f 1111/1111 1112/1112 1140/1140 1139/1139
f 1112/1112 1113/1113 1141/1141 1140/1140
f 1113/1113 1114/1114 1142/1142 1141/1141
f 1114/1114 1115/1115 1143/1143 1142/1142
f 1115/1115 1116/1116 1144/1144 1143/1143
f 1116/1116 1117/1117 1145/1145 1144/1144
f 1117/1117 1118/1118 1146/1146 1145/1145
f 1118/1118 1119/1119 1147/1147 1146/1146
f 1119/1119 1120/1120 1148/1148 1147/1147
f 1120/1120 1093/1093 1121/1121 1148/1148
f 1121/1121 1122/1122 1150/1150 1149/1149
f 1122/1122 1123/1123 1151/1151 1150/1150
f 1123/1123 1124/1124 1152/1152 1151/1151
f 1124/1124 1125/1125 1153/1153 1152/1152
f 1125/1125 1126/1126 1154/1154 1153/1153
f 1126/1126 1127/1127 1155/1155 1154/1154
f 1127/1127 1128/1128 1156/1156 1155/1155
f 1128/1128 1129/1129 1157/1157 1156/1156
f 1129/1129 1130/1130 1158/1158 1157/1157
f 1130/1130 1131/1131 1159/1159 1158/1158
f 1131/1131 1132/1132 1160/1160 1159/1159
f 1132/1132 1133/1133 1161/1161 1160/1160
f 1133/1133 1134/1134 1162/1162 1161/1161
f 1134/1134 1135/1135 1163/1163 1162/1162
f 1135/1135 1136/1136 1164/1164 1163/1163
f 1136/1136 1137/1137 1165/1165 1164/1164
f 1137/1137 1138/1138 1166/1166 1165/1165
f 1138/1138 1139/1139 1167/1167 1166/1166
f 1139/1139 1140/1140 1168/1168 1167/1167
f 1140/1140 1141/1141 1169/1169 1168/1168
f 1141/1141 1142/1142 1170/1170 1169/1169
f 1142/1142 1143/1143 1171/1171 1170/1170
f 1143/1143 1144/1144 1172/1172 1171/1171
f 1144/1144 1145/1145 1173/1173 1172/1172
f 1145/1145 1146/1146 1174/1174 1173/1173
f 1146/1146 1147/1147 1175/1175 1174/1174
f 1147/1147 1148/1148 1176/1176 1175/1175
f 1148/1148 1121/1121 1149/1149 1176/1176
f 1149/1149 1150/1150 1178/1178 1177/1177
f 1150/1150 1151/1151 1179/1179 1178/1178
f 1151/1151 1152/1152 1180/1180 1179/1179
f 1152/1152 1153/1153 1181/1181 1180/1180
f 1153/1153 1154/1154 1182/1182 1181/1181
f 1154/1154 1155/1155 1183/1183 1182/1182
f 1155/1155 1156/1156 1184/1184 1183/1183
f 1156/1156 1157/1157 1185/1185 1184/1184
f 1157/1157 1158/1158 1186/1186 1185/1185
f 1158/1158 1159/1159 1187/1187 1186/1186
f 1159/1159 1160/1160 1188/1188 1187/1187
f 1160/1160 1161/1161 1189/1189 1188/1188
f 1161/1161 1162/1162 1190/1190 1189/1189
f 1162/1162 1163/1163 1191/1191 1190/1190
f 1163/1163 1164/1164 1192/1192 1191/1191
f 1164/1164 1165/1165 1193/1193 1192/1192
f 1165/1165 1166/1166 1194/1194 1193/1193
f 1166/1166 1167/1167 1195/1195 1194/1194
f 1167/1167 1168/1168 1196/1196 1195/1195
f 1168/1168 1169/1169 1197/1197 1196/1196
f 1169/1169 1170/1170 1198/1198 1197/1197
f 1170/1170 1171/1171 1199/1199 1198/1198
f 1171/1171 1172/1172 1200/1200 1199/1199
f 1172/1172 1173/1173 1201/1201 1200/1200
f 1173/1173 1174/1174 1202/1202 1201/1201
f 1174/1174 1175/1175 1203/1203 1202/1202
f 1175/1175 1176/1176 1204/1204 1203/1203
f 1176/1176 1149/1149 1177/1177 1204/1204
f 1177/1177 1178/1178 1206/1206 1205/1205
f 1178/1178 1179/1179 1207/1207 1206/1206
f 1179/1179 1180/1180 1208/1208 1207/1207
f 1180/1180 1181/1181 1209/1209 1208/1208
f 1181/1181 1182/1182 1210/1210 1209/1209
f 1182/1182 1183/1183 1211/1211 1210/1210
f 1183/1183 1184/1184 1212/1212 1211/1211
f 1184/1184 1185/1185 1213/1213 1212/1212
f 1185/1185 1186/1186 1214/1214 1213/1213
f 1186/1186 1187/1187 1215/1215 1214/1214
f 1187/1187 1188/1188 1216/1216 1215/1215
f 1188/1188 1189/1189 1217/1217 1216/1216
f 1189/1189 1190/1190 1218/1218 1217/1217
f 1190/1190 1191/1191 1219/1219 1218/1218
f 1191/1191 1192/1192 1220/1220 1219/1219
f 1192/1192 1193/1193 1221/1221 1220/1220
f 1193/1193 1194/1194 1222/1222 1221/1221
f 1194/1194 1195/1195 1223/1223 1222/1222
f 1195/1195 1196/1196 1224/1224 1223/1223
f 1196/1196 1197/1197 1225/1225 1224/1224
f 1197/1197 1198/1198 1226/1226 1225/1225
f 1198/1198 1199/1199 1227/1227 1226/1226
f 1199/1199 1200/1200 1228/1228 1227/1227
f 1200/1200 1201/1201 1229/1229 1228/1228
f 1201/1201 1202/1202 1230/1230 1229/1229
f 1202/1202 1203/1203 1231/1231 1230/1230
f 1203/1203 1204/1204 1232/1232 1231/1231
f 1204/1204 1177/1177 1205/1205 1232/1232
f 1205/1205 1206/1206 1234/1234 1233/1233
f 1206/1206 1207/1207 1235/1235 1234/1234
f 1207/1207 1208/1208 1236/1236 1235/1235
f 1208/1208 1209/1209 1237/1237 1236/1236
f 1209/1209 1210/1210 1238/1238 1237/1237
f 1210/1210 1211/1211 1239/1239 1238/1238
f 1211/1211 1212/1212 1240/1240 1239/1239
f 1212/1212 1213/1213 1241/1241 1240/1240
f 1213/1213 1214/1214 1242/1242 1241/1241
f 1214/1214 1215/1215 1243/1243 1242/1242
f 1215/1215 1216/1216 1244/1244 1243/1243
f 1216/1216 1217/1217 1245/1245 1244/1244
f 1217/1217 1218/1218 1246/1246 1245/1245
f 1218/1218 1219/1219 1247/1247 1246/1246
f 1219/1219 1220/1220 1248/1248 1247/1247
f 1220/1220 1221/1221 1249/1249 1248/1248
f 1221/1221 1222/1222 1250/1250 1249/1249
f 1222/1222 1223/1223 1251/1251 1250/1250
f 1223/1223 1224/1224 1252/1252 1251/1251
f 1224/1224 1225/1225 1253/1253 1252/1252
f 1225/1225 1226/1226 1254/1254 1253/1253
f 1226/1226 1227/1227 1255/1255 1254/1254
f 1227/1227 1228/1228 1256/1256 1255/1255
f 1228/1228 1229/1229 1257/1257 1256/1256
f 1229/1229 1230/1230 1258/1258 1257/1257
f 1230/1230 1231/1231 1259/1259 1258/1258
f 1231/1231 1232/1232 1260/1260 1259/1259
f 1232/1232 1205/1205 1233/1233 1260/1260
