# Deterministic project-authored movie-night furniture
v -0.0004462 -0.0000002 0.3850000
v -0.0004439 -0.0001948 0.3850000
v -0.0004370 -0.0002227 0.3850000
v -0.0004247 -0.0002394 0.3850000
v -0.0004059 -0.0002505 0.3850000
v -0.0003775 -0.0002577 0.3850000
v -0.0003303 -0.0002618 0.3850000
v 0.0000003 -0.0002631 0.3850000
v 0.0003303 -0.0002618 0.3850000
v 0.0003775 -0.0002577 0.3850000
v 0.0004059 -0.0002505 0.3850000
v 0.0004247 -0.0002394 0.3850000
v 0.0004370 -0.0002227 0.3850000
v 0.0004439 -0.0001948 0.3850000
v 0.0004462 0.0000000 0.3850000
v 0.0004439 0.0001948 0.3850000
v 0.0004370 0.0002227 0.3850000
v 0.0004247 0.0002394 0.3850000
v 0.0004059 0.0002505 0.3850000
v 0.0003775 0.0002577 0.3850000
v 0.0003303 0.0002618 0.3850000
v 0.0000003 0.0002631 0.3850000
v -0.0003303 0.0002618 0.3850000
v -0.0003775 0.0002577 0.3850000
v -0.0004059 0.0002505 0.3850000
v -0.0004247 0.0002394 0.3850000
v -0.0004370 0.0002227 0.3850000
v -0.0004439 0.0001948 0.3850000
v -0.5775223 -0.0002238 0.3852786
v -0.5745969 -0.2521774 0.3852786
v -0.5656017 -0.2882084 0.3852786
v -0.5497831 -0.3098831 0.3852786
v -0.5254539 -0.3242311 0.3852786
v -0.4887013 -0.3335600 0.3852786
v -0.4276052 -0.3388648 0.3852786
v 0.0003303 -0.3405901 0.3852786
v 0.4276052 -0.3388648 0.3852786
v 0.4887013 -0.3335600 0.3852786
v 0.5254539 -0.3242311 0.3852786
v 0.5497831 -0.3098831 0.3852786
v 0.5656017 -0.2882084 0.3852786
v 0.5745969 -0.2521774 0.3852786
v 0.5775223 0.0000000 0.3852786
v 0.5745969 0.2521774 0.3852786
v 0.5656017 0.2882084 0.3852786
v 0.5497831 0.3098831 0.3852786
v 0.5254539 0.3242311 0.3852786
v 0.4887013 0.3335600 0.3852786
v 0.4276052 0.3388648 0.3852786
v 0.0003303 0.3405901 0.3852786
v -0.4276052 0.3388648 0.3852786
v -0.4887013 0.3335600 0.3852786
v -0.5254539 0.3242311 0.3852786
v -0.5497831 0.3098831 0.3852786
v -0.5656017 0.2882084 0.3852786
v -0.5745969 0.2521774 0.3852786
v -0.6600385 -0.0002558 0.3861353
v -0.6566951 -0.2882084 0.3861353
v -0.6464147 -0.3293876 0.3861353
v -0.6283359 -0.3541591 0.3861353
v -0.6005306 -0.3705571 0.3861353
v -0.5585267 -0.3812189 0.3861353
v -0.4887013 -0.3872817 0.3861353
v 0.0003775 -0.3892535 0.3861353
v 0.4887013 -0.3872817 0.3861353
v 0.5585267 -0.3812189 0.3861353
v 0.6005306 -0.3705571 0.3861353
v 0.6283359 -0.3541591 0.3861353
v 0.6464147 -0.3293876 0.3861353
v 0.6566951 -0.2882084 0.3861353
v 0.6600385 0.0000000 0.3861353
v 0.6566951 0.2882084 0.3861353
v 0.6464147 0.3293876 0.3861353
v 0.6283359 0.3541591 0.3861353
v 0.6005306 0.3705571 0.3861353
v 0.5585267 0.3812189 0.3861353
v 0.4887013 0.3872817 0.3861353
v 0.0003775 0.3892535 0.3861353
v -0.4887013 0.3872817 0.3861353
v -0.5585267 0.3812189 0.3861353
v -0.6005306 0.3705571 0.3861353
v -0.6283359 0.3541591 0.3861353
v -0.6464147 0.3293876 0.3861353
v -0.6566951 0.2882084 0.3861353
v -0.7096766 -0.0002750 0.3876417
v -0.7060817 -0.3098831 0.3876417
v -0.6950282 -0.3541591 0.3876417
v -0.6755898 -0.3807935 0.3876417
v -0.6456934 -0.3984248 0.3876417
v -0.6005306 -0.4098884 0.3876417
v -0.5254539 -0.4164072 0.3876417
v 0.0004059 -0.4185272 0.3876417
v 0.5254539 -0.4164072 0.3876417
v 0.6005306 -0.4098884 0.3876417
v 0.6456934 -0.3984248 0.3876417
v 0.6755898 -0.3807935 0.3876417
v 0.6950282 -0.3541591 0.3876417
v 0.7060817 -0.3098831 0.3876417
v 0.7096766 0.0000000 0.3876417
v 0.7060817 0.3098831 0.3876417
v 0.6950282 0.3541591 0.3876417
v 0.6755898 0.3807935 0.3876417
v 0.6456934 0.3984248 0.3876417
v 0.6005306 0.4098884 0.3876417
v 0.5254539 0.4164072 0.3876417
v 0.0004059 0.4185272 0.3876417
v -0.5254539 0.4164072 0.3876417
v -0.6005306 0.4098884 0.3876417
v -0.6456934 0.3984248 0.3876417
v -0.6755898 0.3807935 0.3876417
v -0.6950282 0.3541591 0.3876417
v -0.7060817 0.3098831 0.3876417
v -0.7425355 -0.0002877 0.3899587
v -0.7387742 -0.3242311 0.3899587
v -0.7272089 -0.3705571 0.3899587
v -0.7068705 -0.3984248 0.3899587
v -0.6755898 -0.4168724 0.3899587
v -0.6283359 -0.4288668 0.3899587
v -0.5497831 -0.4356874 0.3899587
v 0.0004247 -0.4379056 0.3899587
v 0.5497831 -0.4356874 0.3899587
v 0.6283359 -0.4288668 0.3899587
v 0.6755898 -0.4168724 0.3899587
v 0.7068705 -0.3984248 0.3899587
v 0.7272089 -0.3705571 0.3899587
v 0.7387742 -0.3242311 0.3899587
v 0.7425355 0.0000000 0.3899587
v 0.7387742 0.3242311 0.3899587
v 0.7272089 0.3705571 0.3899587
v 0.7068705 0.3984248 0.3899587
v 0.6755898 0.4168724 0.3899587
v 0.6283359 0.4288668 0.3899587
v 0.5497831 0.4356874 0.3899587
v 0.0004247 0.4379056 0.3899587
v -0.5497831 0.4356874 0.3899587
v -0.6283359 0.4288668 0.3899587
v -0.6755898 0.4168724 0.3899587
v -0.7068705 0.3984248 0.3899587
v -0.7272089 0.3705571 0.3899587
v -0.7387742 0.3242311 0.3899587
v -0.7639001 -0.0002960 0.3934588
v -0.7600306 -0.3335600 0.3934588
v -0.7481325 -0.3812189 0.3934588
v -0.7272089 -0.4098884 0.3934588
v -0.6950282 -0.4288668 0.3934588
v -0.6464147 -0.4412063 0.3934588
v -0.5656017 -0.4482232 0.3934588
v 0.0004370 -0.4505052 0.3934588
v 0.5656017 -0.4482232 0.3934588
v 0.6464147 -0.4412063 0.3934588
v 0.6950282 -0.4288668 0.3934588
v 0.7272089 -0.4098884 0.3934588
v 0.7481325 -0.3812189 0.3934588
v 0.7600306 -0.3335600 0.3934588
v 0.7639001 0.0000000 0.3934588
v 0.7600306 0.3335600 0.3934588
v 0.7481325 0.3812189 0.3934588
v 0.7272089 0.4098884 0.3934588
v 0.6950282 0.4288668 0.3934588
v 0.6464147 0.4412063 0.3934588
v 0.5656017 0.4482232 0.3934588
v 0.0004370 0.4505052 0.3934588
v -0.5656017 0.4482232 0.3934588
v -0.6464147 0.4412063 0.3934588
v -0.6950282 0.4288668 0.3934588
v -0.7272089 0.4098884 0.3934588
v -0.7481325 0.3812189 0.3934588
v -0.7600306 0.3335600 0.3934588
v -0.7760489 -0.0003007 0.3992773
v -0.7721179 -0.3388648 0.3992773
v -0.7600306 -0.3872817 0.3992773
v -0.7387742 -0.4164072 0.3992773
v -0.7060817 -0.4356874 0.3992773
v -0.6566951 -0.4482232 0.3992773
v -0.5745969 -0.4553516 0.3992773
v 0.0004439 -0.4576699 0.3992773
v 0.5745969 -0.4553516 0.3992773
v 0.6566951 -0.4482232 0.3992773
v 0.7060817 -0.4356874 0.3992773
v 0.7387742 -0.4164072 0.3992773
v 0.7600306 -0.3872817 0.3992773
v 0.7721179 -0.3388648 0.3992773
v 0.7760489 0.0000000 0.3992773
v 0.7721179 0.3388648 0.3992773
v 0.7600306 0.3872817 0.3992773
v 0.7387742 0.4164072 0.3992773
v 0.7060817 0.4356874 0.3992773
v 0.6566951 0.4482232 0.3992773
v 0.5745969 0.4553516 0.3992773
v 0.0004439 0.4576699 0.3992773
v -0.5745969 0.4553516 0.3992773
v -0.6566951 0.4482232 0.3992773
v -0.7060817 0.4356874 0.3992773
v -0.7387742 0.4164072 0.3992773
v -0.7600306 0.3872817 0.3992773
v -0.7721179 0.3388648 0.3992773
v -0.7800000 -0.0003022 0.4400000
v -0.7760489 -0.3405901 0.4400000
v -0.7639001 -0.3892535 0.4400000
v -0.7425355 -0.4185272 0.4400000
v -0.7096766 -0.4379056 0.4400000
v -0.6600385 -0.4505052 0.4400000
v -0.5775223 -0.4576699 0.4400000
v 0.0004462 -0.4600000 0.4400000
v 0.5775223 -0.4576699 0.4400000
v 0.6600385 -0.4505052 0.4400000
v 0.7096766 -0.4379056 0.4400000
v 0.7425355 -0.4185272 0.4400000
v 0.7639001 -0.3892535 0.4400000
v 0.7760489 -0.3405901 0.4400000
v 0.7800000 0.0000000 0.4400000
v 0.7760489 0.3405901 0.4400000
v 0.7639001 0.3892535 0.4400000
v 0.7425355 0.4185272 0.4400000
v 0.7096766 0.4379056 0.4400000
v 0.6600385 0.4505052 0.4400000
v 0.5775223 0.4576699 0.4400000
v 0.0004462 0.4600000 0.4400000
v -0.5775223 0.4576699 0.4400000
v -0.6600385 0.4505052 0.4400000
v -0.7096766 0.4379056 0.4400000
v -0.7425355 0.4185272 0.4400000
v -0.7639001 0.3892535 0.4400000
v -0.7760489 0.3405901 0.4400000
v -0.7760489 -0.0003007 0.4807227
v -0.7721179 -0.3388648 0.4807227
v -0.7600306 -0.3872817 0.4807227
v -0.7387742 -0.4164072 0.4807227
v -0.7060817 -0.4356874 0.4807227
v -0.6566951 -0.4482232 0.4807227
v -0.5745969 -0.4553516 0.4807227
v 0.0004439 -0.4576699 0.4807227
v 0.5745969 -0.4553516 0.4807227
v 0.6566951 -0.4482232 0.4807227
v 0.7060817 -0.4356874 0.4807227
v 0.7387742 -0.4164072 0.4807227
v 0.7600306 -0.3872817 0.4807227
v 0.7721179 -0.3388648 0.4807227
v 0.7760489 0.0000000 0.4807227
v 0.7721179 0.3388648 0.4807227
v 0.7600306 0.3872817 0.4807227
v 0.7387742 0.4164072 0.4807227
v 0.7060817 0.4356874 0.4807227
v 0.6566951 0.4482232 0.4807227
v 0.5745969 0.4553516 0.4807227
v 0.0004439 0.4576699 0.4807227
v -0.5745969 0.4553516 0.4807227
v -0.6566951 0.4482232 0.4807227
v -0.7060817 0.4356874 0.4807227
v -0.7387742 0.4164072 0.4807227
v -0.7600306 0.3872817 0.4807227
v -0.7721179 0.3388648 0.4807227
v -0.7639001 -0.0002960 0.4865412
v -0.7600306 -0.3335600 0.4865412
v -0.7481325 -0.3812189 0.4865412
v -0.7272089 -0.4098884 0.4865412
v -0.6950282 -0.4288668 0.4865412
v -0.6464147 -0.4412063 0.4865412
v -0.5656017 -0.4482232 0.4865412
v 0.0004370 -0.4505052 0.4865412
v 0.5656017 -0.4482232 0.4865412
v 0.6464147 -0.4412063 0.4865412
v 0.6950282 -0.4288668 0.4865412
v 0.7272089 -0.4098884 0.4865412
v 0.7481325 -0.3812189 0.4865412
v 0.7600306 -0.3335600 0.4865412
v 0.7639001 0.0000000 0.4865412
v 0.7600306 0.3335600 0.4865412
v 0.7481325 0.3812189 0.4865412
v 0.7272089 0.4098884 0.4865412
v 0.6950282 0.4288668 0.4865412
v 0.6464147 0.4412063 0.4865412
v 0.5656017 0.4482232 0.4865412
v 0.0004370 0.4505052 0.4865412
v -0.5656017 0.4482232 0.4865412
v -0.6464147 0.4412063 0.4865412
v -0.6950282 0.4288668 0.4865412
v -0.7272089 0.4098884 0.4865412
v -0.7481325 0.3812189 0.4865412
v -0.7600306 0.3335600 0.4865412
v -0.7425355 -0.0002877 0.4900413
v -0.7387742 -0.3242311 0.4900413
v -0.7272089 -0.3705571 0.4900413
v -0.7068705 -0.3984248 0.4900413
v -0.6755898 -0.4168724 0.4900413
v -0.6283359 -0.4288668 0.4900413
v -0.5497831 -0.4356874 0.4900413
v 0.0004247 -0.4379056 0.4900413
v 0.5497831 -0.4356874 0.4900413
v 0.6283359 -0.4288668 0.4900413
v 0.6755898 -0.4168724 0.4900413
v 0.7068705 -0.3984248 0.4900413
v 0.7272089 -0.3705571 0.4900413
v 0.7387742 -0.3242311 0.4900413
v 0.7425355 0.0000000 0.4900413
v 0.7387742 0.3242311 0.4900413
v 0.7272089 0.3705571 0.4900413
v 0.7068705 0.3984248 0.4900413
v 0.6755898 0.4168724 0.4900413
v 0.6283359 0.4288668 0.4900413
v 0.5497831 0.4356874 0.4900413
v 0.0004247 0.4379056 0.4900413
v -0.5497831 0.4356874 0.4900413
v -0.6283359 0.4288668 0.4900413
v -0.6755898 0.4168724 0.4900413
v -0.7068705 0.3984248 0.4900413
v -0.7272089 0.3705571 0.4900413
v -0.7387742 0.3242311 0.4900413
v -0.7096766 -0.0002750 0.4923583
v -0.7060817 -0.3098831 0.4923583
v -0.6950282 -0.3541591 0.4923583
v -0.6755898 -0.3807935 0.4923583
v -0.6456934 -0.3984248 0.4923583
v -0.6005306 -0.4098884 0.4923583
v -0.5254539 -0.4164072 0.4923583
v 0.0004059 -0.4185272 0.4923583
v 0.5254539 -0.4164072 0.4923583
v 0.6005306 -0.4098884 0.4923583
v 0.6456934 -0.3984248 0.4923583
v 0.6755898 -0.3807935 0.4923583
v 0.6950282 -0.3541591 0.4923583
v 0.7060817 -0.3098831 0.4923583
v 0.7096766 0.0000000 0.4923583
v 0.7060817 0.3098831 0.4923583
v 0.6950282 0.3541591 0.4923583
v 0.6755898 0.3807935 0.4923583
v 0.6456934 0.3984248 0.4923583
v 0.6005306 0.4098884 0.4923583
v 0.5254539 0.4164072 0.4923583
v 0.0004059 0.4185272 0.4923583
v -0.5254539 0.4164072 0.4923583
v -0.6005306 0.4098884 0.4923583
v -0.6456934 0.3984248 0.4923583
v -0.6755898 0.3807935 0.4923583
v -0.6950282 0.3541591 0.4923583
v -0.7060817 0.3098831 0.4923583
v -0.6600385 -0.0002558 0.4938647
v -0.6566951 -0.2882084 0.4938647
v -0.6464147 -0.3293876 0.4938647
v -0.6283359 -0.3541591 0.4938647
v -0.6005306 -0.3705571 0.4938647
v -0.5585267 -0.3812189 0.4938647
v -0.4887013 -0.3872817 0.4938647
v 0.0003775 -0.3892535 0.4938647
v 0.4887013 -0.3872817 0.4938647
v 0.5585267 -0.3812189 0.4938647
v 0.6005306 -0.3705571 0.4938647
v 0.6283359 -0.3541591 0.4938647
v 0.6464147 -0.3293876 0.4938647
v 0.6566951 -0.2882084 0.4938647
v 0.6600385 0.0000000 0.4938647
v 0.6566951 0.2882084 0.4938647
v 0.6464147 0.3293876 0.4938647
v 0.6283359 0.3541591 0.4938647
v 0.6005306 0.3705571 0.4938647
v 0.5585267 0.3812189 0.4938647
v 0.4887013 0.3872817 0.4938647
v 0.0003775 0.3892535 0.4938647
v -0.4887013 0.3872817 0.4938647
v -0.5585267 0.3812189 0.4938647
v -0.6005306 0.3705571 0.4938647
v -0.6283359 0.3541591 0.4938647
v -0.6464147 0.3293876 0.4938647
v -0.6566951 0.2882084 0.4938647
v -0.5775223 -0.0002238 0.4947214
v -0.5745969 -0.2521774 0.4947214
v -0.5656017 -0.2882084 0.4947214
v -0.5497831 -0.3098831 0.4947214
v -0.5254539 -0.3242311 0.4947214
v -0.4887013 -0.3335600 0.4947214
v -0.4276052 -0.3388648 0.4947214
v 0.0003303 -0.3405901 0.4947214
v 0.4276052 -0.3388648 0.4947214
v 0.4887013 -0.3335600 0.4947214
v 0.5254539 -0.3242311 0.4947214
v 0.5497831 -0.3098831 0.4947214
v 0.5656017 -0.2882084 0.4947214
v 0.5745969 -0.2521774 0.4947214
v 0.5775223 0.0000000 0.4947214
v 0.5745969 0.2521774 0.4947214
v 0.5656017 0.2882084 0.4947214
v 0.5497831 0.3098831 0.4947214
v 0.5254539 0.3242311 0.4947214
v 0.4887013 0.3335600 0.4947214
v 0.4276052 0.3388648 0.4947214
v 0.0003303 0.3405901 0.4947214
v -0.4276052 0.3388648 0.4947214
v -0.4887013 0.3335600 0.4947214
v -0.5254539 0.3242311 0.4947214
v -0.5497831 0.3098831 0.4947214
v -0.5656017 0.2882084 0.4947214
v -0.5745969 0.2521774 0.4947214
v -0.0004462 -0.0000002 0.4950000
v -0.0004439 -0.0001948 0.4950000
v -0.0004370 -0.0002227 0.4950000
v -0.0004247 -0.0002394 0.4950000
v -0.0004059 -0.0002505 0.4950000
v -0.0003775 -0.0002577 0.4950000
v -0.0003303 -0.0002618 0.4950000
v 0.0000003 -0.0002631 0.4950000
v 0.0003303 -0.0002618 0.4950000
v 0.0003775 -0.0002577 0.4950000
v 0.0004059 -0.0002505 0.4950000
v 0.0004247 -0.0002394 0.4950000
v 0.0004370 -0.0002227 0.4950000
v 0.0004439 -0.0001948 0.4950000
v 0.0004462 0.0000000 0.4950000
v 0.0004439 0.0001948 0.4950000
v 0.0004370 0.0002227 0.4950000
v 0.0004247 0.0002394 0.4950000
v 0.0004059 0.0002505 0.4950000
v 0.0003775 0.0002577 0.4950000
v 0.0003303 0.0002618 0.4950000
v 0.0000003 0.0002631 0.4950000
v -0.0003303 0.0002618 0.4950000
v -0.0003775 0.0002577 0.4950000
v -0.0004059 0.0002505 0.4950000
v -0.0004247 0.0002394 0.4950000
v -0.0004370 0.0002227 0.4950000
v -0.0004439 0.0001948 0.4950000
v -0.6500049 -0.3400000 0.0000000
v -0.6500048 -0.3400033 0.0000000
v -0.6500047 -0.3400039 0.0000000
v -0.6500046 -0.3400043 0.0000000
v -0.6500043 -0.3400046 0.0000000
v -0.6500039 -0.3400047 0.0000000
v -0.6500033 -0.3400048 0.0000000
v -0.6500000 -0.3400049 0.0000000
v -0.6499967 -0.3400048 0.0000000
v -0.6499961 -0.3400047 0.0000000
v -0.6499957 -0.3400046 0.0000000
v -0.6499954 -0.3400043 0.0000000
v -0.6499953 -0.3400039 0.0000000
v -0.6499952 -0.3400033 0.0000000
v -0.6499951 -0.3400000 0.0000000
v -0.6499952 -0.3399967 0.0000000
v -0.6499953 -0.3399961 0.0000000
v -0.6499954 -0.3399957 0.0000000
v -0.6499957 -0.3399954 0.0000000
v -0.6499961 -0.3399953 0.0000000
v -0.6499967 -0.3399952 0.0000000
v -0.6500000 -0.3399951 0.0000000
v -0.6500033 -0.3399952 0.0000000
v -0.6500039 -0.3399953 0.0000000
v -0.6500043 -0.3399954 0.0000000
v -0.6500046 -0.3399957 0.0000000
v -0.6500047 -0.3399961 0.0000000
v -0.6500048 -0.3399967 0.0000000
v -0.6877751 -0.3400040 0.0013921
v -0.6875360 -0.3659447 0.0013921
v -0.6868030 -0.3706583 0.0013921
v -0.6855209 -0.3735670 0.0013921
v -0.6835670 -0.3755209 0.0013921
v -0.6806583 -0.3768030 0.0013921
v -0.6759447 -0.3775360 0.0013921
v -0.6499967 -0.3777751 0.0013921
v -0.6240553 -0.3775360 0.0013921
v -0.6193417 -0.3768030 0.0013921
v -0.6164330 -0.3755209 0.0013921
v -0.6144791 -0.3735670 0.0013921
v -0.6131970 -0.3706583 0.0013921
v -0.6124640 -0.3659447 0.0013921
v -0.6122249 -0.3400000 0.0013921
v -0.6124640 -0.3140553 0.0013921
v -0.6131970 -0.3093417 0.0013921
v -0.6144791 -0.3064330 0.0013921
v -0.6164330 -0.3044791 0.0013921
v -0.6193417 -0.3031970 0.0013921
v -0.6240553 -0.3024640 0.0013921
v -0.6499967 -0.3022249 0.0013921
v -0.6759447 -0.3024640 0.0013921
v -0.6806583 -0.3031970 0.0013921
v -0.6835670 -0.3044791 0.0013921
v -0.6855209 -0.3064330 0.0013921
v -0.6868030 -0.3093417 0.0013921
v -0.6875360 -0.3140553 0.0013921
v -0.6946381 -0.3400047 0.0056615
v -0.6943557 -0.3706583 0.0056615
v -0.6934894 -0.3762284 0.0056615
v -0.6919744 -0.3796655 0.0056615
v -0.6896655 -0.3819744 0.0056615
v -0.6862284 -0.3834894 0.0056615
v -0.6806583 -0.3843557 0.0056615
v -0.6499961 -0.3846381 0.0056615
v -0.6193417 -0.3843557 0.0056615
v -0.6137716 -0.3834894 0.0056615
v -0.6103345 -0.3819744 0.0056615
v -0.6080256 -0.3796655 0.0056615
v -0.6065106 -0.3762284 0.0056615
v -0.6056443 -0.3706583 0.0056615
v -0.6053619 -0.3400000 0.0056615
v -0.6056443 -0.3093417 0.0056615
v -0.6065106 -0.3037716 0.0056615
v -0.6080256 -0.3003345 0.0056615
v -0.6103345 -0.2980256 0.0056615
v -0.6137716 -0.2965106 0.0056615
v -0.6193417 -0.2956443 0.0056615
v -0.6499961 -0.2953619 0.0056615
v -0.6806583 -0.2956443 0.0056615
v -0.6862284 -0.2965106 0.0056615
v -0.6896655 -0.2980256 0.0056615
v -0.6919744 -0.3003345 0.0056615
v -0.6934894 -0.3037716 0.0056615
v -0.6943557 -0.3093417 0.0056615
v -0.6988731 -0.3400051 0.0131284
v -0.6985639 -0.3735670 0.0131284
v -0.6976154 -0.3796655 0.0131284
v -0.6959566 -0.3834288 0.0131284
v -0.6934288 -0.3859566 0.0131284
v -0.6896655 -0.3876154 0.0131284
v -0.6835670 -0.3885639 0.0131284
v -0.6499957 -0.3888731 0.0131284
v -0.6164330 -0.3885639 0.0131284
v -0.6103345 -0.3876154 0.0131284
v -0.6065712 -0.3859566 0.0131284
v -0.6040434 -0.3834288 0.0131284
v -0.6023846 -0.3796655 0.0131284
v -0.6014361 -0.3735670 0.0131284
v -0.6011269 -0.3400000 0.0131284
v -0.6014361 -0.3064330 0.0131284
v -0.6023846 -0.3003345 0.0131284
v -0.6040434 -0.2965712 0.0131284
v -0.6065712 -0.2940434 0.0131284
v -0.6103345 -0.2923846 0.0131284
v -0.6164330 -0.2914361 0.0131284
v -0.6499957 -0.2911269 0.0131284
v -0.6835670 -0.2914361 0.0131284
v -0.6896655 -0.2923846 0.0131284
v -0.6934288 -0.2940434 0.0131284
v -0.6959566 -0.2965712 0.0131284
v -0.6976154 -0.3003345 0.0131284
v -0.6985639 -0.3064330 0.0131284
v -0.7017179 -0.3400054 0.0245075
v -0.7013906 -0.3755209 0.0245075
v -0.7003870 -0.3819744 0.0245075
v -0.6986317 -0.3859566 0.0245075
v -0.6959566 -0.3886317 0.0245075
v -0.6919744 -0.3903870 0.0245075
v -0.6855209 -0.3913906 0.0245075
v -0.6499954 -0.3917179 0.0245075
v -0.6144791 -0.3913906 0.0245075
v -0.6080256 -0.3903870 0.0245075
v -0.6040434 -0.3886317 0.0245075
v -0.6013683 -0.3859566 0.0245075
v -0.5996130 -0.3819744 0.0245075
v -0.5986094 -0.3755209 0.0245075
v -0.5982821 -0.3400000 0.0245075
v -0.5986094 -0.3044791 0.0245075
v -0.5996130 -0.2980256 0.0245075
v -0.6013683 -0.2940434 0.0245075
v -0.6040434 -0.2913683 0.0245075
v -0.6080256 -0.2896130 0.0245075
v -0.6144791 -0.2886094 0.0245075
v -0.6499954 -0.2882821 0.0245075
v -0.6855209 -0.2886094 0.0245075
v -0.6919744 -0.2896130 0.0245075
v -0.6959566 -0.2913683 0.0245075
v -0.6986317 -0.2940434 0.0245075
v -0.7003870 -0.2980256 0.0245075
v -0.7013906 -0.3044791 0.0245075
v -0.7035846 -0.3400056 0.0414475
v -0.7032455 -0.3768030 0.0414475
v -0.7022057 -0.3834894 0.0414475
v -0.7003870 -0.3876154 0.0414475
v -0.6976154 -0.3903870 0.0414475
v -0.6934894 -0.3922057 0.0414475
v -0.6868030 -0.3932455 0.0414475
v -0.6499953 -0.3935846 0.0414475
v -0.6131970 -0.3932455 0.0414475
v -0.6065106 -0.3922057 0.0414475
v -0.6023846 -0.3903870 0.0414475
v -0.5996130 -0.3876154 0.0414475
v -0.5977943 -0.3834894 0.0414475
v -0.5967545 -0.3768030 0.0414475
v -0.5964154 -0.3400000 0.0414475
v -0.5967545 -0.3031970 0.0414475
v -0.5977943 -0.2965106 0.0414475
v -0.5996130 -0.2923846 0.0414475
v -0.6023846 -0.2896130 0.0414475
v -0.6065106 -0.2877943 0.0414475
v -0.6131970 -0.2867545 0.0414475
v -0.6499953 -0.2864154 0.0414475
v -0.6868030 -0.2867545 0.0414475
v -0.6934894 -0.2877943 0.0414475
v -0.6976154 -0.2896130 0.0414475
v -0.7003870 -0.2923846 0.0414475
v -0.7022057 -0.2965106 0.0414475
v -0.7032455 -0.3031970 0.0414475
v -0.7046520 -0.3400057 0.0688997
v -0.7043061 -0.3775360 0.0688997
v -0.7032455 -0.3843557 0.0688997
v -0.7013906 -0.3885639 0.0688997
v -0.6985639 -0.3913906 0.0688997
v -0.6943557 -0.3932455 0.0688997
v -0.6875360 -0.3943061 0.0688997
v -0.6499952 -0.3946520 0.0688997
v -0.6124640 -0.3943061 0.0688997
v -0.6056443 -0.3932455 0.0688997
v -0.6014361 -0.3913906 0.0688997
v -0.5986094 -0.3885639 0.0688997
v -0.5967545 -0.3843557 0.0688997
v -0.5956939 -0.3775360 0.0688997
v -0.5953480 -0.3400000 0.0688997
v -0.5956939 -0.3024640 0.0688997
v -0.5967545 -0.2956443 0.0688997
v -0.5986094 -0.2914361 0.0688997
v -0.6014361 -0.2886094 0.0688997
v -0.6056443 -0.2867545 0.0688997
v -0.6124640 -0.2856939 0.0688997
v -0.6499952 -0.2853480 0.0688997
v -0.6875360 -0.2856939 0.0688997
v -0.6943557 -0.2867545 0.0688997
v -0.6985639 -0.2886094 0.0688997
v -0.7013906 -0.2914361 0.0688997
v -0.7032455 -0.2956443 0.0688997
v -0.7043061 -0.3024640 0.0688997
v -0.7050000 -0.3400058 0.2200000
v -0.7046520 -0.3777751 0.2200000
v -0.7035846 -0.3846381 0.2200000
v -0.7017179 -0.3888731 0.2200000
v -0.6988731 -0.3917179 0.2200000
v -0.6946381 -0.3935846 0.2200000
v -0.6877751 -0.3946520 0.2200000
v -0.6499951 -0.3950000 0.2200000
v -0.6122249 -0.3946520 0.2200000
v -0.6053619 -0.3935846 0.2200000
v -0.6011269 -0.3917179 0.2200000
v -0.5982821 -0.3888731 0.2200000
v -0.5964154 -0.3846381 0.2200000
v -0.5953480 -0.3777751 0.2200000
v -0.5950000 -0.3400000 0.2200000
v -0.5953480 -0.3022249 0.2200000
v -0.5964154 -0.2953619 0.2200000
v -0.5982821 -0.2911269 0.2200000
v -0.6011269 -0.2882821 0.2200000
v -0.6053619 -0.2864154 0.2200000
v -0.6122249 -0.2853480 0.2200000
v -0.6499951 -0.2850000 0.2200000
v -0.6877751 -0.2853480 0.2200000
v -0.6946381 -0.2864154 0.2200000
v -0.6988731 -0.2882821 0.2200000
v -0.7017179 -0.2911269 0.2200000
v -0.7035846 -0.2953619 0.2200000
v -0.7046520 -0.3022249 0.2200000
v -0.7046520 -0.3400057 0.3711003
v -0.7043061 -0.3775360 0.3711003
v -0.7032455 -0.3843557 0.3711003
v -0.7013906 -0.3885639 0.3711003
v -0.6985639 -0.3913906 0.3711003
v -0.6943557 -0.3932455 0.3711003
v -0.6875360 -0.3943061 0.3711003
v -0.6499952 -0.3946520 0.3711003
v -0.6124640 -0.3943061 0.3711003
v -0.6056443 -0.3932455 0.3711003
v -0.6014361 -0.3913906 0.3711003
v -0.5986094 -0.3885639 0.3711003
v -0.5967545 -0.3843557 0.3711003
v -0.5956939 -0.3775360 0.3711003
v -0.5953480 -0.3400000 0.3711003
v -0.5956939 -0.3024640 0.3711003
v -0.5967545 -0.2956443 0.3711003
v -0.5986094 -0.2914361 0.3711003
v -0.6014361 -0.2886094 0.3711003
v -0.6056443 -0.2867545 0.3711003
v -0.6124640 -0.2856939 0.3711003
v -0.6499952 -0.2853480 0.3711003
v -0.6875360 -0.2856939 0.3711003
v -0.6943557 -0.2867545 0.3711003
v -0.6985639 -0.2886094 0.3711003
v -0.7013906 -0.2914361 0.3711003
v -0.7032455 -0.2956443 0.3711003
v -0.7043061 -0.3024640 0.3711003
v -0.7035846 -0.3400056 0.3985525
v -0.7032455 -0.3768030 0.3985525
v -0.7022057 -0.3834894 0.3985525
v -0.7003870 -0.3876154 0.3985525
v -0.6976154 -0.3903870 0.3985525
v -0.6934894 -0.3922057 0.3985525
v -0.6868030 -0.3932455 0.3985525
v -0.6499953 -0.3935846 0.3985525
v -0.6131970 -0.3932455 0.3985525
v -0.6065106 -0.3922057 0.3985525
v -0.6023846 -0.3903870 0.3985525
v -0.5996130 -0.3876154 0.3985525
v -0.5977943 -0.3834894 0.3985525
v -0.5967545 -0.3768030 0.3985525
v -0.5964154 -0.3400000 0.3985525
v -0.5967545 -0.3031970 0.3985525
v -0.5977943 -0.2965106 0.3985525
v -0.5996130 -0.2923846 0.3985525
v -0.6023846 -0.2896130 0.3985525
v -0.6065106 -0.2877943 0.3985525
v -0.6131970 -0.2867545 0.3985525
v -0.6499953 -0.2864154 0.3985525
v -0.6868030 -0.2867545 0.3985525
v -0.6934894 -0.2877943 0.3985525
v -0.6976154 -0.2896130 0.3985525
v -0.7003870 -0.2923846 0.3985525
v -0.7022057 -0.2965106 0.3985525
v -0.7032455 -0.3031970 0.3985525
v -0.7017179 -0.3400054 0.4154925
v -0.7013906 -0.3755209 0.4154925
v -0.7003870 -0.3819744 0.4154925
v -0.6986317 -0.3859566 0.4154925
v -0.6959566 -0.3886317 0.4154925
v -0.6919744 -0.3903870 0.4154925
v -0.6855209 -0.3913906 0.4154925
v -0.6499954 -0.3917179 0.4154925
v -0.6144791 -0.3913906 0.4154925
v -0.6080256 -0.3903870 0.4154925
v -0.6040434 -0.3886317 0.4154925
v -0.6013683 -0.3859566 0.4154925
v -0.5996130 -0.3819744 0.4154925
v -0.5986094 -0.3755209 0.4154925
v -0.5982821 -0.3400000 0.4154925
v -0.5986094 -0.3044791 0.4154925
v -0.5996130 -0.2980256 0.4154925
v -0.6013683 -0.2940434 0.4154925
v -0.6040434 -0.2913683 0.4154925
v -0.6080256 -0.2896130 0.4154925
v -0.6144791 -0.2886094 0.4154925
v -0.6499954 -0.2882821 0.4154925
v -0.6855209 -0.2886094 0.4154925
v -0.6919744 -0.2896130 0.4154925
v -0.6959566 -0.2913683 0.4154925
v -0.6986317 -0.2940434 0.4154925
v -0.7003870 -0.2980256 0.4154925
v -0.7013906 -0.3044791 0.4154925
v -0.6988731 -0.3400051 0.4268716
v -0.6985639 -0.3735670 0.4268716
v -0.6976154 -0.3796655 0.4268716
v -0.6959566 -0.3834288 0.4268716
v -0.6934288 -0.3859566 0.4268716
v -0.6896655 -0.3876154 0.4268716
v -0.6835670 -0.3885639 0.4268716
v -0.6499957 -0.3888731 0.4268716
v -0.6164330 -0.3885639 0.4268716
v -0.6103345 -0.3876154 0.4268716
v -0.6065712 -0.3859566 0.4268716
v -0.6040434 -0.3834288 0.4268716
v -0.6023846 -0.3796655 0.4268716
v -0.6014361 -0.3735670 0.4268716
v -0.6011269 -0.3400000 0.4268716
v -0.6014361 -0.3064330 0.4268716
v -0.6023846 -0.3003345 0.4268716
v -0.6040434 -0.2965712 0.4268716
v -0.6065712 -0.2940434 0.4268716
v -0.6103345 -0.2923846 0.4268716
v -0.6164330 -0.2914361 0.4268716
v -0.6499957 -0.2911269 0.4268716
v -0.6835670 -0.2914361 0.4268716
v -0.6896655 -0.2923846 0.4268716
v -0.6934288 -0.2940434 0.4268716
v -0.6959566 -0.2965712 0.4268716
v -0.6976154 -0.3003345 0.4268716
v -0.6985639 -0.3064330 0.4268716
v -0.6946381 -0.3400047 0.4343385
v -0.6943557 -0.3706583 0.4343385
v -0.6934894 -0.3762284 0.4343385
v -0.6919744 -0.3796655 0.4343385
v -0.6896655 -0.3819744 0.4343385
v -0.6862284 -0.3834894 0.4343385
v -0.6806583 -0.3843557 0.4343385
v -0.6499961 -0.3846381 0.4343385
v -0.6193417 -0.3843557 0.4343385
v -0.6137716 -0.3834894 0.4343385
v -0.6103345 -0.3819744 0.4343385
v -0.6080256 -0.3796655 0.4343385
v -0.6065106 -0.3762284 0.4343385
v -0.6056443 -0.3706583 0.4343385
v -0.6053619 -0.3400000 0.4343385
v -0.6056443 -0.3093417 0.4343385
v -0.6065106 -0.3037716 0.4343385
v -0.6080256 -0.3003345 0.4343385
v -0.6103345 -0.2980256 0.4343385
v -0.6137716 -0.2965106 0.4343385
v -0.6193417 -0.2956443 0.4343385
v -0.6499961 -0.2953619 0.4343385
v -0.6806583 -0.2956443 0.4343385
v -0.6862284 -0.2965106 0.4343385
v -0.6896655 -0.2980256 0.4343385
v -0.6919744 -0.3003345 0.4343385
v -0.6934894 -0.3037716 0.4343385
v -0.6943557 -0.3093417 0.4343385
v -0.6877751 -0.3400040 0.4386079
v -0.6875360 -0.3659447 0.4386079
v -0.6868030 -0.3706583 0.4386079
v -0.6855209 -0.3735670 0.4386079
v -0.6835670 -0.3755209 0.4386079
v -0.6806583 -0.3768030 0.4386079
v -0.6759447 -0.3775360 0.4386079
v -0.6499967 -0.3777751 0.4386079
v -0.6240553 -0.3775360 0.4386079
v -0.6193417 -0.3768030 0.4386079
v -0.6164330 -0.3755209 0.4386079
v -0.6144791 -0.3735670 0.4386079
v -0.6131970 -0.3706583 0.4386079
v -0.6124640 -0.3659447 0.4386079
v -0.6122249 -0.3400000 0.4386079
v -0.6124640 -0.3140553 0.4386079
v -0.6131970 -0.3093417 0.4386079
v -0.6144791 -0.3064330 0.4386079
v -0.6164330 -0.3044791 0.4386079
v -0.6193417 -0.3031970 0.4386079
v -0.6240553 -0.3024640 0.4386079
v -0.6499967 -0.3022249 0.4386079
v -0.6759447 -0.3024640 0.4386079
v -0.6806583 -0.3031970 0.4386079
v -0.6835670 -0.3044791 0.4386079
v -0.6855209 -0.3064330 0.4386079
v -0.6868030 -0.3093417 0.4386079
v -0.6875360 -0.3140553 0.4386079
v -0.6500049 -0.3400000 0.4400000
v -0.6500048 -0.3400033 0.4400000
v -0.6500047 -0.3400039 0.4400000
v -0.6500046 -0.3400043 0.4400000
v -0.6500043 -0.3400046 0.4400000
v -0.6500039 -0.3400047 0.4400000
v -0.6500033 -0.3400048 0.4400000
v -0.6500000 -0.3400049 0.4400000
v -0.6499967 -0.3400048 0.4400000
v -0.6499961 -0.3400047 0.4400000
v -0.6499957 -0.3400046 0.4400000
v -0.6499954 -0.3400043 0.4400000
v -0.6499953 -0.3400039 0.4400000
v -0.6499952 -0.3400033 0.4400000
v -0.6499951 -0.3400000 0.4400000
v -0.6499952 -0.3399967 0.4400000
v -0.6499953 -0.3399961 0.4400000
v -0.6499954 -0.3399957 0.4400000
v -0.6499957 -0.3399954 0.4400000
v -0.6499961 -0.3399953 0.4400000
v -0.6499967 -0.3399952 0.4400000
v -0.6500000 -0.3399951 0.4400000
v -0.6500033 -0.3399952 0.4400000
v -0.6500039 -0.3399953 0.4400000
v -0.6500043 -0.3399954 0.4400000
v -0.6500046 -0.3399957 0.4400000
v -0.6500047 -0.3399961 0.4400000
v -0.6500048 -0.3399967 0.4400000
v -0.6500049 0.3400000 0.0000000
v -0.6500048 0.3399967 0.0000000
v -0.6500047 0.3399961 0.0000000
v -0.6500046 0.3399957 0.0000000
v -0.6500043 0.3399954 0.0000000
v -0.6500039 0.3399953 0.0000000
v -0.6500033 0.3399952 0.0000000
v -0.6500000 0.3399951 0.0000000
v -0.6499967 0.3399952 0.0000000
v -0.6499961 0.3399953 0.0000000
v -0.6499957 0.3399954 0.0000000
v -0.6499954 0.3399957 0.0000000
v -0.6499953 0.3399961 0.0000000
v -0.6499952 0.3399967 0.0000000
v -0.6499951 0.3400000 0.0000000
v -0.6499952 0.3400033 0.0000000
v -0.6499953 0.3400039 0.0000000
v -0.6499954 0.3400043 0.0000000
v -0.6499957 0.3400046 0.0000000
v -0.6499961 0.3400047 0.0000000
v -0.6499967 0.3400048 0.0000000
v -0.6500000 0.3400049 0.0000000
v -0.6500033 0.3400048 0.0000000
v -0.6500039 0.3400047 0.0000000
v -0.6500043 0.3400046 0.0000000
v -0.6500046 0.3400043 0.0000000
v -0.6500047 0.3400039 0.0000000
v -0.6500048 0.3400033 0.0000000
v -0.6877751 0.3399960 0.0013921
v -0.6875360 0.3140553 0.0013921
v -0.6868030 0.3093417 0.0013921
v -0.6855209 0.3064330 0.0013921
v -0.6835670 0.3044791 0.0013921
v -0.6806583 0.3031970 0.0013921
v -0.6759447 0.3024640 0.0013921
v -0.6499967 0.3022249 0.0013921
v -0.6240553 0.3024640 0.0013921
v -0.6193417 0.3031970 0.0013921
v -0.6164330 0.3044791 0.0013921
v -0.6144791 0.3064330 0.0013921
v -0.6131970 0.3093417 0.0013921
v -0.6124640 0.3140553 0.0013921
v -0.6122249 0.3400000 0.0013921
v -0.6124640 0.3659447 0.0013921
v -0.6131970 0.3706583 0.0013921
v -0.6144791 0.3735670 0.0013921
v -0.6164330 0.3755209 0.0013921
v -0.6193417 0.3768030 0.0013921
v -0.6240553 0.3775360 0.0013921
v -0.6499967 0.3777751 0.0013921
v -0.6759447 0.3775360 0.0013921
v -0.6806583 0.3768030 0.0013921
v -0.6835670 0.3755209 0.0013921
v -0.6855209 0.3735670 0.0013921
v -0.6868030 0.3706583 0.0013921
v -0.6875360 0.3659447 0.0013921
v -0.6946381 0.3399953 0.0056615
v -0.6943557 0.3093417 0.0056615
v -0.6934894 0.3037716 0.0056615
v -0.6919744 0.3003345 0.0056615
v -0.6896655 0.2980256 0.0056615
v -0.6862284 0.2965106 0.0056615
v -0.6806583 0.2956443 0.0056615
v -0.6499961 0.2953619 0.0056615
v -0.6193417 0.2956443 0.0056615
v -0.6137716 0.2965106 0.0056615
v -0.6103345 0.2980256 0.0056615
v -0.6080256 0.3003345 0.0056615
v -0.6065106 0.3037716 0.0056615
v -0.6056443 0.3093417 0.0056615
v -0.6053619 0.3400000 0.0056615
v -0.6056443 0.3706583 0.0056615
v -0.6065106 0.3762284 0.0056615
v -0.6080256 0.3796655 0.0056615
v -0.6103345 0.3819744 0.0056615
v -0.6137716 0.3834894 0.0056615
v -0.6193417 0.3843557 0.0056615
v -0.6499961 0.3846381 0.0056615
v -0.6806583 0.3843557 0.0056615
v -0.6862284 0.3834894 0.0056615
v -0.6896655 0.3819744 0.0056615
v -0.6919744 0.3796655 0.0056615
v -0.6934894 0.3762284 0.0056615
v -0.6943557 0.3706583 0.0056615
v -0.6988731 0.3399949 0.0131284
v -0.6985639 0.3064330 0.0131284
v -0.6976154 0.3003345 0.0131284
v -0.6959566 0.2965712 0.0131284
v -0.6934288 0.2940434 0.0131284
v -0.6896655 0.2923846 0.0131284
v -0.6835670 0.2914361 0.0131284
v -0.6499957 0.2911269 0.0131284
v -0.6164330 0.2914361 0.0131284
v -0.6103345 0.2923846 0.0131284
v -0.6065712 0.2940434 0.0131284
v -0.6040434 0.2965712 0.0131284
v -0.6023846 0.3003345 0.0131284
v -0.6014361 0.3064330 0.0131284
v -0.6011269 0.3400000 0.0131284
v -0.6014361 0.3735670 0.0131284
v -0.6023846 0.3796655 0.0131284
v -0.6040434 0.3834288 0.0131284
v -0.6065712 0.3859566 0.0131284
v -0.6103345 0.3876154 0.0131284
v -0.6164330 0.3885639 0.0131284
v -0.6499957 0.3888731 0.0131284
v -0.6835670 0.3885639 0.0131284
v -0.6896655 0.3876154 0.0131284
v -0.6934288 0.3859566 0.0131284
v -0.6959566 0.3834288 0.0131284
v -0.6976154 0.3796655 0.0131284
v -0.6985639 0.3735670 0.0131284
v -0.7017179 0.3399946 0.0245075
v -0.7013906 0.3044791 0.0245075
v -0.7003870 0.2980256 0.0245075
v -0.6986317 0.2940434 0.0245075
v -0.6959566 0.2913683 0.0245075
v -0.6919744 0.2896130 0.0245075
v -0.6855209 0.2886094 0.0245075
v -0.6499954 0.2882821 0.0245075
v -0.6144791 0.2886094 0.0245075
v -0.6080256 0.2896130 0.0245075
v -0.6040434 0.2913683 0.0245075
v -0.6013683 0.2940434 0.0245075
v -0.5996130 0.2980256 0.0245075
v -0.5986094 0.3044791 0.0245075
v -0.5982821 0.3400000 0.0245075
v -0.5986094 0.3755209 0.0245075
v -0.5996130 0.3819744 0.0245075
v -0.6013683 0.3859566 0.0245075
v -0.6040434 0.3886317 0.0245075
v -0.6080256 0.3903870 0.0245075
v -0.6144791 0.3913906 0.0245075
v -0.6499954 0.3917179 0.0245075
v -0.6855209 0.3913906 0.0245075
v -0.6919744 0.3903870 0.0245075
v -0.6959566 0.3886317 0.0245075
v -0.6986317 0.3859566 0.0245075
v -0.7003870 0.3819744 0.0245075
v -0.7013906 0.3755209 0.0245075
v -0.7035846 0.3399944 0.0414475
v -0.7032455 0.3031970 0.0414475
v -0.7022057 0.2965106 0.0414475
v -0.7003870 0.2923846 0.0414475
v -0.6976154 0.2896130 0.0414475
v -0.6934894 0.2877943 0.0414475
v -0.6868030 0.2867545 0.0414475
v -0.6499953 0.2864154 0.0414475
v -0.6131970 0.2867545 0.0414475
v -0.6065106 0.2877943 0.0414475
v -0.6023846 0.2896130 0.0414475
v -0.5996130 0.2923846 0.0414475
v -0.5977943 0.2965106 0.0414475
v -0.5967545 0.3031970 0.0414475
v -0.5964154 0.3400000 0.0414475
v -0.5967545 0.3768030 0.0414475
v -0.5977943 0.3834894 0.0414475
v -0.5996130 0.3876154 0.0414475
v -0.6023846 0.3903870 0.0414475
v -0.6065106 0.3922057 0.0414475
v -0.6131970 0.3932455 0.0414475
v -0.6499953 0.3935846 0.0414475
v -0.6868030 0.3932455 0.0414475
v -0.6934894 0.3922057 0.0414475
v -0.6976154 0.3903870 0.0414475
v -0.7003870 0.3876154 0.0414475
v -0.7022057 0.3834894 0.0414475
v -0.7032455 0.3768030 0.0414475
v -0.7046520 0.3399943 0.0688997
v -0.7043061 0.3024640 0.0688997
v -0.7032455 0.2956443 0.0688997
v -0.7013906 0.2914361 0.0688997
v -0.6985639 0.2886094 0.0688997
v -0.6943557 0.2867545 0.0688997
v -0.6875360 0.2856939 0.0688997
v -0.6499952 0.2853480 0.0688997
v -0.6124640 0.2856939 0.0688997
v -0.6056443 0.2867545 0.0688997
v -0.6014361 0.2886094 0.0688997
v -0.5986094 0.2914361 0.0688997
v -0.5967545 0.2956443 0.0688997
v -0.5956939 0.3024640 0.0688997
v -0.5953480 0.3400000 0.0688997
v -0.5956939 0.3775360 0.0688997
v -0.5967545 0.3843557 0.0688997
v -0.5986094 0.3885639 0.0688997
v -0.6014361 0.3913906 0.0688997
v -0.6056443 0.3932455 0.0688997
v -0.6124640 0.3943061 0.0688997
v -0.6499952 0.3946520 0.0688997
v -0.6875360 0.3943061 0.0688997
v -0.6943557 0.3932455 0.0688997
v -0.6985639 0.3913906 0.0688997
v -0.7013906 0.3885639 0.0688997
v -0.7032455 0.3843557 0.0688997
v -0.7043061 0.3775360 0.0688997
v -0.7050000 0.3399942 0.2200000
v -0.7046520 0.3022249 0.2200000
v -0.7035846 0.2953619 0.2200000
v -0.7017179 0.2911269 0.2200000
v -0.6988731 0.2882821 0.2200000
v -0.6946381 0.2864154 0.2200000
v -0.6877751 0.2853480 0.2200000
v -0.6499951 0.2850000 0.2200000
v -0.6122249 0.2853480 0.2200000
v -0.6053619 0.2864154 0.2200000
v -0.6011269 0.2882821 0.2200000
v -0.5982821 0.2911269 0.2200000
v -0.5964154 0.2953619 0.2200000
v -0.5953480 0.3022249 0.2200000
v -0.5950000 0.3400000 0.2200000
v -0.5953480 0.3777751 0.2200000
v -0.5964154 0.3846381 0.2200000
v -0.5982821 0.3888731 0.2200000
v -0.6011269 0.3917179 0.2200000
v -0.6053619 0.3935846 0.2200000
v -0.6122249 0.3946520 0.2200000
v -0.6499951 0.3950000 0.2200000
v -0.6877751 0.3946520 0.2200000
v -0.6946381 0.3935846 0.2200000
v -0.6988731 0.3917179 0.2200000
v -0.7017179 0.3888731 0.2200000
v -0.7035846 0.3846381 0.2200000
v -0.7046520 0.3777751 0.2200000
v -0.7046520 0.3399943 0.3711003
v -0.7043061 0.3024640 0.3711003
v -0.7032455 0.2956443 0.3711003
v -0.7013906 0.2914361 0.3711003
v -0.6985639 0.2886094 0.3711003
v -0.6943557 0.2867545 0.3711003
v -0.6875360 0.2856939 0.3711003
v -0.6499952 0.2853480 0.3711003
v -0.6124640 0.2856939 0.3711003
v -0.6056443 0.2867545 0.3711003
v -0.6014361 0.2886094 0.3711003
v -0.5986094 0.2914361 0.3711003
v -0.5967545 0.2956443 0.3711003
v -0.5956939 0.3024640 0.3711003
v -0.5953480 0.3400000 0.3711003
v -0.5956939 0.3775360 0.3711003
v -0.5967545 0.3843557 0.3711003
v -0.5986094 0.3885639 0.3711003
v -0.6014361 0.3913906 0.3711003
v -0.6056443 0.3932455 0.3711003
v -0.6124640 0.3943061 0.3711003
v -0.6499952 0.3946520 0.3711003
v -0.6875360 0.3943061 0.3711003
v -0.6943557 0.3932455 0.3711003
v -0.6985639 0.3913906 0.3711003
v -0.7013906 0.3885639 0.3711003
v -0.7032455 0.3843557 0.3711003
v -0.7043061 0.3775360 0.3711003
v -0.7035846 0.3399944 0.3985525
v -0.7032455 0.3031970 0.3985525
v -0.7022057 0.2965106 0.3985525
v -0.7003870 0.2923846 0.3985525
v -0.6976154 0.2896130 0.3985525
v -0.6934894 0.2877943 0.3985525
v -0.6868030 0.2867545 0.3985525
v -0.6499953 0.2864154 0.3985525
v -0.6131970 0.2867545 0.3985525
v -0.6065106 0.2877943 0.3985525
v -0.6023846 0.2896130 0.3985525
v -0.5996130 0.2923846 0.3985525
v -0.5977943 0.2965106 0.3985525
v -0.5967545 0.3031970 0.3985525
v -0.5964154 0.3400000 0.3985525
v -0.5967545 0.3768030 0.3985525
v -0.5977943 0.3834894 0.3985525
v -0.5996130 0.3876154 0.3985525
v -0.6023846 0.3903870 0.3985525
v -0.6065106 0.3922057 0.3985525
v -0.6131970 0.3932455 0.3985525
v -0.6499953 0.3935846 0.3985525
v -0.6868030 0.3932455 0.3985525
v -0.6934894 0.3922057 0.3985525
v -0.6976154 0.3903870 0.3985525
v -0.7003870 0.3876154 0.3985525
v -0.7022057 0.3834894 0.3985525
v -0.7032455 0.3768030 0.3985525
v -0.7017179 0.3399946 0.4154925
v -0.7013906 0.3044791 0.4154925
v -0.7003870 0.2980256 0.4154925
v -0.6986317 0.2940434 0.4154925
v -0.6959566 0.2913683 0.4154925
v -0.6919744 0.2896130 0.4154925
v -0.6855209 0.2886094 0.4154925
v -0.6499954 0.2882821 0.4154925
v -0.6144791 0.2886094 0.4154925
v -0.6080256 0.2896130 0.4154925
v -0.6040434 0.2913683 0.4154925
v -0.6013683 0.2940434 0.4154925
v -0.5996130 0.2980256 0.4154925
v -0.5986094 0.3044791 0.4154925
v -0.5982821 0.3400000 0.4154925
v -0.5986094 0.3755209 0.4154925
v -0.5996130 0.3819744 0.4154925
v -0.6013683 0.3859566 0.4154925
v -0.6040434 0.3886317 0.4154925
v -0.6080256 0.3903870 0.4154925
v -0.6144791 0.3913906 0.4154925
v -0.6499954 0.3917179 0.4154925
v -0.6855209 0.3913906 0.4154925
v -0.6919744 0.3903870 0.4154925
v -0.6959566 0.3886317 0.4154925
v -0.6986317 0.3859566 0.4154925
v -0.7003870 0.3819744 0.4154925
v -0.7013906 0.3755209 0.4154925
v -0.6988731 0.3399949 0.4268716
v -0.6985639 0.3064330 0.4268716
v -0.6976154 0.3003345 0.4268716
v -0.6959566 0.2965712 0.4268716
v -0.6934288 0.2940434 0.4268716
v -0.6896655 0.2923846 0.4268716
v -0.6835670 0.2914361 0.4268716
v -0.6499957 0.2911269 0.4268716
v -0.6164330 0.2914361 0.4268716
v -0.6103345 0.2923846 0.4268716
v -0.6065712 0.2940434 0.4268716
v -0.6040434 0.2965712 0.4268716
v -0.6023846 0.3003345 0.4268716
v -0.6014361 0.3064330 0.4268716
v -0.6011269 0.3400000 0.4268716
v -0.6014361 0.3735670 0.4268716
v -0.6023846 0.3796655 0.4268716
v -0.6040434 0.3834288 0.4268716
v -0.6065712 0.3859566 0.4268716
v -0.6103345 0.3876154 0.4268716
v -0.6164330 0.3885639 0.4268716
v -0.6499957 0.3888731 0.4268716
v -0.6835670 0.3885639 0.4268716
v -0.6896655 0.3876154 0.4268716
v -0.6934288 0.3859566 0.4268716
v -0.6959566 0.3834288 0.4268716
v -0.6976154 0.3796655 0.4268716
v -0.6985639 0.3735670 0.4268716
v -0.6946381 0.3399953 0.4343385
v -0.6943557 0.3093417 0.4343385
v -0.6934894 0.3037716 0.4343385
v -0.6919744 0.3003345 0.4343385
v -0.6896655 0.2980256 0.4343385
v -0.6862284 0.2965106 0.4343385
v -0.6806583 0.2956443 0.4343385
v -0.6499961 0.2953619 0.4343385
v -0.6193417 0.2956443 0.4343385
v -0.6137716 0.2965106 0.4343385
v -0.6103345 0.2980256 0.4343385
v -0.6080256 0.3003345 0.4343385
v -0.6065106 0.3037716 0.4343385
v -0.6056443 0.3093417 0.4343385
v -0.6053619 0.3400000 0.4343385
v -0.6056443 0.3706583 0.4343385
v -0.6065106 0.3762284 0.4343385
v -0.6080256 0.3796655 0.4343385
v -0.6103345 0.3819744 0.4343385
v -0.6137716 0.3834894 0.4343385
v -0.6193417 0.3843557 0.4343385
v -0.6499961 0.3846381 0.4343385
v -0.6806583 0.3843557 0.4343385
v -0.6862284 0.3834894 0.4343385
v -0.6896655 0.3819744 0.4343385
v -0.6919744 0.3796655 0.4343385
v -0.6934894 0.3762284 0.4343385
v -0.6943557 0.3706583 0.4343385
v -0.6877751 0.3399960 0.4386079
v -0.6875360 0.3140553 0.4386079
v -0.6868030 0.3093417 0.4386079
v -0.6855209 0.3064330 0.4386079
v -0.6835670 0.3044791 0.4386079
v -0.6806583 0.3031970 0.4386079
v -0.6759447 0.3024640 0.4386079
v -0.6499967 0.3022249 0.4386079
v -0.6240553 0.3024640 0.4386079
v -0.6193417 0.3031970 0.4386079
v -0.6164330 0.3044791 0.4386079
v -0.6144791 0.3064330 0.4386079
v -0.6131970 0.3093417 0.4386079
v -0.6124640 0.3140553 0.4386079
v -0.6122249 0.3400000 0.4386079
v -0.6124640 0.3659447 0.4386079
v -0.6131970 0.3706583 0.4386079
v -0.6144791 0.3735670 0.4386079
v -0.6164330 0.3755209 0.4386079
v -0.6193417 0.3768030 0.4386079
v -0.6240553 0.3775360 0.4386079
v -0.6499967 0.3777751 0.4386079
v -0.6759447 0.3775360 0.4386079
v -0.6806583 0.3768030 0.4386079
v -0.6835670 0.3755209 0.4386079
v -0.6855209 0.3735670 0.4386079
v -0.6868030 0.3706583 0.4386079
v -0.6875360 0.3659447 0.4386079
v -0.6500049 0.3400000 0.4400000
v -0.6500048 0.3399967 0.4400000
v -0.6500047 0.3399961 0.4400000
v -0.6500046 0.3399957 0.4400000
v -0.6500043 0.3399954 0.4400000
v -0.6500039 0.3399953 0.4400000
v -0.6500033 0.3399952 0.4400000
v -0.6500000 0.3399951 0.4400000
v -0.6499967 0.3399952 0.4400000
v -0.6499961 0.3399953 0.4400000
v -0.6499957 0.3399954 0.4400000
v -0.6499954 0.3399957 0.4400000
v -0.6499953 0.3399961 0.4400000
v -0.6499952 0.3399967 0.4400000
v -0.6499951 0.3400000 0.4400000
v -0.6499952 0.3400033 0.4400000
v -0.6499953 0.3400039 0.4400000
v -0.6499954 0.3400043 0.4400000
v -0.6499957 0.3400046 0.4400000
v -0.6499961 0.3400047 0.4400000
v -0.6499967 0.3400048 0.4400000
v -0.6500000 0.3400049 0.4400000
v -0.6500033 0.3400048 0.4400000
v -0.6500039 0.3400047 0.4400000
v -0.6500043 0.3400046 0.4400000
v -0.6500046 0.3400043 0.4400000
v -0.6500047 0.3400039 0.4400000
v -0.6500048 0.3400033 0.4400000
v 0.6499951 -0.3400000 0.0000000
v 0.6499952 -0.3400033 0.0000000
v 0.6499953 -0.3400039 0.0000000
v 0.6499954 -0.3400043 0.0000000
v 0.6499957 -0.3400046 0.0000000
v 0.6499961 -0.3400047 0.0000000
v 0.6499967 -0.3400048 0.0000000
v 0.6500000 -0.3400049 0.0000000
v 0.6500033 -0.3400048 0.0000000
v 0.6500039 -0.3400047 0.0000000
v 0.6500043 -0.3400046 0.0000000
v 0.6500046 -0.3400043 0.0000000
v 0.6500047 -0.3400039 0.0000000
v 0.6500048 -0.3400033 0.0000000
v 0.6500049 -0.3400000 0.0000000
v 0.6500048 -0.3399967 0.0000000
v 0.6500047 -0.3399961 0.0000000
v 0.6500046 -0.3399957 0.0000000
v 0.6500043 -0.3399954 0.0000000
v 0.6500039 -0.3399953 0.0000000
v 0.6500033 -0.3399952 0.0000000
v 0.6500000 -0.3399951 0.0000000
v 0.6499967 -0.3399952 0.0000000
v 0.6499961 -0.3399953 0.0000000
v 0.6499957 -0.3399954 0.0000000
v 0.6499954 -0.3399957 0.0000000
v 0.6499953 -0.3399961 0.0000000
v 0.6499952 -0.3399967 0.0000000
v 0.6122249 -0.3400040 0.0013921
v 0.6124640 -0.3659447 0.0013921
v 0.6131970 -0.3706583 0.0013921
v 0.6144791 -0.3735670 0.0013921
v 0.6164330 -0.3755209 0.0013921
v 0.6193417 -0.3768030 0.0013921
v 0.6240553 -0.3775360 0.0013921
v 0.6500033 -0.3777751 0.0013921
v 0.6759447 -0.3775360 0.0013921
v 0.6806583 -0.3768030 0.0013921
v 0.6835670 -0.3755209 0.0013921
v 0.6855209 -0.3735670 0.0013921
v 0.6868030 -0.3706583 0.0013921
v 0.6875360 -0.3659447 0.0013921
v 0.6877751 -0.3400000 0.0013921
v 0.6875360 -0.3140553 0.0013921
v 0.6868030 -0.3093417 0.0013921
v 0.6855209 -0.3064330 0.0013921
v 0.6835670 -0.3044791 0.0013921
v 0.6806583 -0.3031970 0.0013921
v 0.6759447 -0.3024640 0.0013921
v 0.6500033 -0.3022249 0.0013921
v 0.6240553 -0.3024640 0.0013921
v 0.6193417 -0.3031970 0.0013921
v 0.6164330 -0.3044791 0.0013921
v 0.6144791 -0.3064330 0.0013921
v 0.6131970 -0.3093417 0.0013921
v 0.6124640 -0.3140553 0.0013921
v 0.6053619 -0.3400047 0.0056615
v 0.6056443 -0.3706583 0.0056615
v 0.6065106 -0.3762284 0.0056615
v 0.6080256 -0.3796655 0.0056615
v 0.6103345 -0.3819744 0.0056615
v 0.6137716 -0.3834894 0.0056615
v 0.6193417 -0.3843557 0.0056615
v 0.6500039 -0.3846381 0.0056615
v 0.6806583 -0.3843557 0.0056615
v 0.6862284 -0.3834894 0.0056615
v 0.6896655 -0.3819744 0.0056615
v 0.6919744 -0.3796655 0.0056615
v 0.6934894 -0.3762284 0.0056615
v 0.6943557 -0.3706583 0.0056615
v 0.6946381 -0.3400000 0.0056615
v 0.6943557 -0.3093417 0.0056615
v 0.6934894 -0.3037716 0.0056615
v 0.6919744 -0.3003345 0.0056615
v 0.6896655 -0.2980256 0.0056615
v 0.6862284 -0.2965106 0.0056615
v 0.6806583 -0.2956443 0.0056615
v 0.6500039 -0.2953619 0.0056615
v 0.6193417 -0.2956443 0.0056615
v 0.6137716 -0.2965106 0.0056615
v 0.6103345 -0.2980256 0.0056615
v 0.6080256 -0.3003345 0.0056615
v 0.6065106 -0.3037716 0.0056615
v 0.6056443 -0.3093417 0.0056615
v 0.6011269 -0.3400051 0.0131284
v 0.6014361 -0.3735670 0.0131284
v 0.6023846 -0.3796655 0.0131284
v 0.6040434 -0.3834288 0.0131284
v 0.6065712 -0.3859566 0.0131284
v 0.6103345 -0.3876154 0.0131284
v 0.6164330 -0.3885639 0.0131284
v 0.6500043 -0.3888731 0.0131284
v 0.6835670 -0.3885639 0.0131284
v 0.6896655 -0.3876154 0.0131284
v 0.6934288 -0.3859566 0.0131284
v 0.6959566 -0.3834288 0.0131284
v 0.6976154 -0.3796655 0.0131284
v 0.6985639 -0.3735670 0.0131284
v 0.6988731 -0.3400000 0.0131284
v 0.6985639 -0.3064330 0.0131284
v 0.6976154 -0.3003345 0.0131284
v 0.6959566 -0.2965712 0.0131284
v 0.6934288 -0.2940434 0.0131284
v 0.6896655 -0.2923846 0.0131284
v 0.6835670 -0.2914361 0.0131284
v 0.6500043 -0.2911269 0.0131284
v 0.6164330 -0.2914361 0.0131284
v 0.6103345 -0.2923846 0.0131284
v 0.6065712 -0.2940434 0.0131284
v 0.6040434 -0.2965712 0.0131284
v 0.6023846 -0.3003345 0.0131284
v 0.6014361 -0.3064330 0.0131284
v 0.5982821 -0.3400054 0.0245075
v 0.5986094 -0.3755209 0.0245075
v 0.5996130 -0.3819744 0.0245075
v 0.6013683 -0.3859566 0.0245075
v 0.6040434 -0.3886317 0.0245075
v 0.6080256 -0.3903870 0.0245075
v 0.6144791 -0.3913906 0.0245075
v 0.6500046 -0.3917179 0.0245075
v 0.6855209 -0.3913906 0.0245075
v 0.6919744 -0.3903870 0.0245075
v 0.6959566 -0.3886317 0.0245075
v 0.6986317 -0.3859566 0.0245075
v 0.7003870 -0.3819744 0.0245075
v 0.7013906 -0.3755209 0.0245075
v 0.7017179 -0.3400000 0.0245075
v 0.7013906 -0.3044791 0.0245075
v 0.7003870 -0.2980256 0.0245075
v 0.6986317 -0.2940434 0.0245075
v 0.6959566 -0.2913683 0.0245075
v 0.6919744 -0.2896130 0.0245075
v 0.6855209 -0.2886094 0.0245075
v 0.6500046 -0.2882821 0.0245075
v 0.6144791 -0.2886094 0.0245075
v 0.6080256 -0.2896130 0.0245075
v 0.6040434 -0.2913683 0.0245075
v 0.6013683 -0.2940434 0.0245075
v 0.5996130 -0.2980256 0.0245075
v 0.5986094 -0.3044791 0.0245075
v 0.5964154 -0.3400056 0.0414475
v 0.5967545 -0.3768030 0.0414475
v 0.5977943 -0.3834894 0.0414475
v 0.5996130 -0.3876154 0.0414475
v 0.6023846 -0.3903870 0.0414475
v 0.6065106 -0.3922057 0.0414475
v 0.6131970 -0.3932455 0.0414475
v 0.6500047 -0.3935846 0.0414475
v 0.6868030 -0.3932455 0.0414475
v 0.6934894 -0.3922057 0.0414475
v 0.6976154 -0.3903870 0.0414475
v 0.7003870 -0.3876154 0.0414475
v 0.7022057 -0.3834894 0.0414475
v 0.7032455 -0.3768030 0.0414475
v 0.7035846 -0.3400000 0.0414475
v 0.7032455 -0.3031970 0.0414475
v 0.7022057 -0.2965106 0.0414475
v 0.7003870 -0.2923846 0.0414475
v 0.6976154 -0.2896130 0.0414475
v 0.6934894 -0.2877943 0.0414475
v 0.6868030 -0.2867545 0.0414475
v 0.6500047 -0.2864154 0.0414475
v 0.6131970 -0.2867545 0.0414475
v 0.6065106 -0.2877943 0.0414475
v 0.6023846 -0.2896130 0.0414475
v 0.5996130 -0.2923846 0.0414475
v 0.5977943 -0.2965106 0.0414475
v 0.5967545 -0.3031970 0.0414475
v 0.5953480 -0.3400057 0.0688997
v 0.5956939 -0.3775360 0.0688997
v 0.5967545 -0.3843557 0.0688997
v 0.5986094 -0.3885639 0.0688997
v 0.6014361 -0.3913906 0.0688997
v 0.6056443 -0.3932455 0.0688997
v 0.6124640 -0.3943061 0.0688997
v 0.6500048 -0.3946520 0.0688997
v 0.6875360 -0.3943061 0.0688997
v 0.6943557 -0.3932455 0.0688997
v 0.6985639 -0.3913906 0.0688997
v 0.7013906 -0.3885639 0.0688997
v 0.7032455 -0.3843557 0.0688997
v 0.7043061 -0.3775360 0.0688997
v 0.7046520 -0.3400000 0.0688997
v 0.7043061 -0.3024640 0.0688997
v 0.7032455 -0.2956443 0.0688997
v 0.7013906 -0.2914361 0.0688997
v 0.6985639 -0.2886094 0.0688997
v 0.6943557 -0.2867545 0.0688997
v 0.6875360 -0.2856939 0.0688997
v 0.6500048 -0.2853480 0.0688997
v 0.6124640 -0.2856939 0.0688997
v 0.6056443 -0.2867545 0.0688997
v 0.6014361 -0.2886094 0.0688997
v 0.5986094 -0.2914361 0.0688997
v 0.5967545 -0.2956443 0.0688997
v 0.5956939 -0.3024640 0.0688997
v 0.5950000 -0.3400058 0.2200000
v 0.5953480 -0.3777751 0.2200000
v 0.5964154 -0.3846381 0.2200000
v 0.5982821 -0.3888731 0.2200000
v 0.6011269 -0.3917179 0.2200000
v 0.6053619 -0.3935846 0.2200000
v 0.6122249 -0.3946520 0.2200000
v 0.6500049 -0.3950000 0.2200000
v 0.6877751 -0.3946520 0.2200000
v 0.6946381 -0.3935846 0.2200000
v 0.6988731 -0.3917179 0.2200000
v 0.7017179 -0.3888731 0.2200000
v 0.7035846 -0.3846381 0.2200000
v 0.7046520 -0.3777751 0.2200000
v 0.7050000 -0.3400000 0.2200000
v 0.7046520 -0.3022249 0.2200000
v 0.7035846 -0.2953619 0.2200000
v 0.7017179 -0.2911269 0.2200000
v 0.6988731 -0.2882821 0.2200000
v 0.6946381 -0.2864154 0.2200000
v 0.6877751 -0.2853480 0.2200000
v 0.6500049 -0.2850000 0.2200000
v 0.6122249 -0.2853480 0.2200000
v 0.6053619 -0.2864154 0.2200000
v 0.6011269 -0.2882821 0.2200000
v 0.5982821 -0.2911269 0.2200000
v 0.5964154 -0.2953619 0.2200000
v 0.5953480 -0.3022249 0.2200000
v 0.5953480 -0.3400057 0.3711003
v 0.5956939 -0.3775360 0.3711003
v 0.5967545 -0.3843557 0.3711003
v 0.5986094 -0.3885639 0.3711003
v 0.6014361 -0.3913906 0.3711003
v 0.6056443 -0.3932455 0.3711003
v 0.6124640 -0.3943061 0.3711003
v 0.6500048 -0.3946520 0.3711003
v 0.6875360 -0.3943061 0.3711003
v 0.6943557 -0.3932455 0.3711003
v 0.6985639 -0.3913906 0.3711003
v 0.7013906 -0.3885639 0.3711003
v 0.7032455 -0.3843557 0.3711003
v 0.7043061 -0.3775360 0.3711003
v 0.7046520 -0.3400000 0.3711003
v 0.7043061 -0.3024640 0.3711003
v 0.7032455 -0.2956443 0.3711003
v 0.7013906 -0.2914361 0.3711003
v 0.6985639 -0.2886094 0.3711003
v 0.6943557 -0.2867545 0.3711003
v 0.6875360 -0.2856939 0.3711003
v 0.6500048 -0.2853480 0.3711003
v 0.6124640 -0.2856939 0.3711003
v 0.6056443 -0.2867545 0.3711003
v 0.6014361 -0.2886094 0.3711003
v 0.5986094 -0.2914361 0.3711003
v 0.5967545 -0.2956443 0.3711003
v 0.5956939 -0.3024640 0.3711003
v 0.5964154 -0.3400056 0.3985525
v 0.5967545 -0.3768030 0.3985525
v 0.5977943 -0.3834894 0.3985525
v 0.5996130 -0.3876154 0.3985525
v 0.6023846 -0.3903870 0.3985525
v 0.6065106 -0.3922057 0.3985525
v 0.6131970 -0.3932455 0.3985525
v 0.6500047 -0.3935846 0.3985525
v 0.6868030 -0.3932455 0.3985525
v 0.6934894 -0.3922057 0.3985525
v 0.6976154 -0.3903870 0.3985525
v 0.7003870 -0.3876154 0.3985525
v 0.7022057 -0.3834894 0.3985525
v 0.7032455 -0.3768030 0.3985525
v 0.7035846 -0.3400000 0.3985525
v 0.7032455 -0.3031970 0.3985525
v 0.7022057 -0.2965106 0.3985525
v 0.7003870 -0.2923846 0.3985525
v 0.6976154 -0.2896130 0.3985525
v 0.6934894 -0.2877943 0.3985525
v 0.6868030 -0.2867545 0.3985525
v 0.6500047 -0.2864154 0.3985525
v 0.6131970 -0.2867545 0.3985525
v 0.6065106 -0.2877943 0.3985525
v 0.6023846 -0.2896130 0.3985525
v 0.5996130 -0.2923846 0.3985525
v 0.5977943 -0.2965106 0.3985525
v 0.5967545 -0.3031970 0.3985525
v 0.5982821 -0.3400054 0.4154925
v 0.5986094 -0.3755209 0.4154925
v 0.5996130 -0.3819744 0.4154925
v 0.6013683 -0.3859566 0.4154925
v 0.6040434 -0.3886317 0.4154925
v 0.6080256 -0.3903870 0.4154925
v 0.6144791 -0.3913906 0.4154925
v 0.6500046 -0.3917179 0.4154925
v 0.6855209 -0.3913906 0.4154925
v 0.6919744 -0.3903870 0.4154925
v 0.6959566 -0.3886317 0.4154925
v 0.6986317 -0.3859566 0.4154925
v 0.7003870 -0.3819744 0.4154925
v 0.7013906 -0.3755209 0.4154925
v 0.7017179 -0.3400000 0.4154925
v 0.7013906 -0.3044791 0.4154925
v 0.7003870 -0.2980256 0.4154925
v 0.6986317 -0.2940434 0.4154925
v 0.6959566 -0.2913683 0.4154925
v 0.6919744 -0.2896130 0.4154925
v 0.6855209 -0.2886094 0.4154925
v 0.6500046 -0.2882821 0.4154925
v 0.6144791 -0.2886094 0.4154925
v 0.6080256 -0.2896130 0.4154925
v 0.6040434 -0.2913683 0.4154925
v 0.6013683 -0.2940434 0.4154925
v 0.5996130 -0.2980256 0.4154925
v 0.5986094 -0.3044791 0.4154925
v 0.6011269 -0.3400051 0.4268716
v 0.6014361 -0.3735670 0.4268716
v 0.6023846 -0.3796655 0.4268716
v 0.6040434 -0.3834288 0.4268716
v 0.6065712 -0.3859566 0.4268716
v 0.6103345 -0.3876154 0.4268716
v 0.6164330 -0.3885639 0.4268716
v 0.6500043 -0.3888731 0.4268716
v 0.6835670 -0.3885639 0.4268716
v 0.6896655 -0.3876154 0.4268716
v 0.6934288 -0.3859566 0.4268716
v 0.6959566 -0.3834288 0.4268716
v 0.6976154 -0.3796655 0.4268716
v 0.6985639 -0.3735670 0.4268716
v 0.6988731 -0.3400000 0.4268716
v 0.6985639 -0.3064330 0.4268716
v 0.6976154 -0.3003345 0.4268716
v 0.6959566 -0.2965712 0.4268716
v 0.6934288 -0.2940434 0.4268716
v 0.6896655 -0.2923846 0.4268716
v 0.6835670 -0.2914361 0.4268716
v 0.6500043 -0.2911269 0.4268716
v 0.6164330 -0.2914361 0.4268716
v 0.6103345 -0.2923846 0.4268716
v 0.6065712 -0.2940434 0.4268716
v 0.6040434 -0.2965712 0.4268716
v 0.6023846 -0.3003345 0.4268716
v 0.6014361 -0.3064330 0.4268716
v 0.6053619 -0.3400047 0.4343385
v 0.6056443 -0.3706583 0.4343385
v 0.6065106 -0.3762284 0.4343385
v 0.6080256 -0.3796655 0.4343385
v 0.6103345 -0.3819744 0.4343385
v 0.6137716 -0.3834894 0.4343385
v 0.6193417 -0.3843557 0.4343385
v 0.6500039 -0.3846381 0.4343385
v 0.6806583 -0.3843557 0.4343385
v 0.6862284 -0.3834894 0.4343385
v 0.6896655 -0.3819744 0.4343385
v 0.6919744 -0.3796655 0.4343385
v 0.6934894 -0.3762284 0.4343385
v 0.6943557 -0.3706583 0.4343385
v 0.6946381 -0.3400000 0.4343385
v 0.6943557 -0.3093417 0.4343385
v 0.6934894 -0.3037716 0.4343385
v 0.6919744 -0.3003345 0.4343385
v 0.6896655 -0.2980256 0.4343385
v 0.6862284 -0.2965106 0.4343385
v 0.6806583 -0.2956443 0.4343385
v 0.6500039 -0.2953619 0.4343385
v 0.6193417 -0.2956443 0.4343385
v 0.6137716 -0.2965106 0.4343385
v 0.6103345 -0.2980256 0.4343385
v 0.6080256 -0.3003345 0.4343385
v 0.6065106 -0.3037716 0.4343385
v 0.6056443 -0.3093417 0.4343385
v 0.6122249 -0.3400040 0.4386079
v 0.6124640 -0.3659447 0.4386079
v 0.6131970 -0.3706583 0.4386079
v 0.6144791 -0.3735670 0.4386079
v 0.6164330 -0.3755209 0.4386079
v 0.6193417 -0.3768030 0.4386079
v 0.6240553 -0.3775360 0.4386079
v 0.6500033 -0.3777751 0.4386079
v 0.6759447 -0.3775360 0.4386079
v 0.6806583 -0.3768030 0.4386079
v 0.6835670 -0.3755209 0.4386079
v 0.6855209 -0.3735670 0.4386079
v 0.6868030 -0.3706583 0.4386079
v 0.6875360 -0.3659447 0.4386079
v 0.6877751 -0.3400000 0.4386079
v 0.6875360 -0.3140553 0.4386079
v 0.6868030 -0.3093417 0.4386079
v 0.6855209 -0.3064330 0.4386079
v 0.6835670 -0.3044791 0.4386079
v 0.6806583 -0.3031970 0.4386079
v 0.6759447 -0.3024640 0.4386079
v 0.6500033 -0.3022249 0.4386079
v 0.6240553 -0.3024640 0.4386079
v 0.6193417 -0.3031970 0.4386079
v 0.6164330 -0.3044791 0.4386079
v 0.6144791 -0.3064330 0.4386079
v 0.6131970 -0.3093417 0.4386079
v 0.6124640 -0.3140553 0.4386079
v 0.6499951 -0.3400000 0.4400000
v 0.6499952 -0.3400033 0.4400000
v 0.6499953 -0.3400039 0.4400000
v 0.6499954 -0.3400043 0.4400000
v 0.6499957 -0.3400046 0.4400000
v 0.6499961 -0.3400047 0.4400000
v 0.6499967 -0.3400048 0.4400000
v 0.6500000 -0.3400049 0.4400000
v 0.6500033 -0.3400048 0.4400000
v 0.6500039 -0.3400047 0.4400000
v 0.6500043 -0.3400046 0.4400000
v 0.6500046 -0.3400043 0.4400000
v 0.6500047 -0.3400039 0.4400000
v 0.6500048 -0.3400033 0.4400000
v 0.6500049 -0.3400000 0.4400000
v 0.6500048 -0.3399967 0.4400000
v 0.6500047 -0.3399961 0.4400000
v 0.6500046 -0.3399957 0.4400000
v 0.6500043 -0.3399954 0.4400000
v 0.6500039 -0.3399953 0.4400000
v 0.6500033 -0.3399952 0.4400000
v 0.6500000 -0.3399951 0.4400000
v 0.6499967 -0.3399952 0.4400000
v 0.6499961 -0.3399953 0.4400000
v 0.6499957 -0.3399954 0.4400000
v 0.6499954 -0.3399957 0.4400000
v 0.6499953 -0.3399961 0.4400000
v 0.6499952 -0.3399967 0.4400000
v 0.6499951 0.3400000 0.0000000
v 0.6499952 0.3399967 0.0000000
v 0.6499953 0.3399961 0.0000000
v 0.6499954 0.3399957 0.0000000
v 0.6499957 0.3399954 0.0000000
v 0.6499961 0.3399953 0.0000000
v 0.6499967 0.3399952 0.0000000
v 0.6500000 0.3399951 0.0000000
v 0.6500033 0.3399952 0.0000000
v 0.6500039 0.3399953 0.0000000
v 0.6500043 0.3399954 0.0000000
v 0.6500046 0.3399957 0.0000000
v 0.6500047 0.3399961 0.0000000
v 0.6500048 0.3399967 0.0000000
v 0.6500049 0.3400000 0.0000000
v 0.6500048 0.3400033 0.0000000
v 0.6500047 0.3400039 0.0000000
v 0.6500046 0.3400043 0.0000000
v 0.6500043 0.3400046 0.0000000
v 0.6500039 0.3400047 0.0000000
v 0.6500033 0.3400048 0.0000000
v 0.6500000 0.3400049 0.0000000
v 0.6499967 0.3400048 0.0000000
v 0.6499961 0.3400047 0.0000000
v 0.6499957 0.3400046 0.0000000
v 0.6499954 0.3400043 0.0000000
v 0.6499953 0.3400039 0.0000000
v 0.6499952 0.3400033 0.0000000
v 0.6122249 0.3399960 0.0013921
v 0.6124640 0.3140553 0.0013921
v 0.6131970 0.3093417 0.0013921
v 0.6144791 0.3064330 0.0013921
v 0.6164330 0.3044791 0.0013921
v 0.6193417 0.3031970 0.0013921
v 0.6240553 0.3024640 0.0013921
v 0.6500033 0.3022249 0.0013921
v 0.6759447 0.3024640 0.0013921
v 0.6806583 0.3031970 0.0013921
v 0.6835670 0.3044791 0.0013921
v 0.6855209 0.3064330 0.0013921
v 0.6868030 0.3093417 0.0013921
v 0.6875360 0.3140553 0.0013921
v 0.6877751 0.3400000 0.0013921
v 0.6875360 0.3659447 0.0013921
v 0.6868030 0.3706583 0.0013921
v 0.6855209 0.3735670 0.0013921
v 0.6835670 0.3755209 0.0013921
v 0.6806583 0.3768030 0.0013921
v 0.6759447 0.3775360 0.0013921
v 0.6500033 0.3777751 0.0013921
v 0.6240553 0.3775360 0.0013921
v 0.6193417 0.3768030 0.0013921
v 0.6164330 0.3755209 0.0013921
v 0.6144791 0.3735670 0.0013921
v 0.6131970 0.3706583 0.0013921
v 0.6124640 0.3659447 0.0013921
v 0.6053619 0.3399953 0.0056615
v 0.6056443 0.3093417 0.0056615
v 0.6065106 0.3037716 0.0056615
v 0.6080256 0.3003345 0.0056615
v 0.6103345 0.2980256 0.0056615
v 0.6137716 0.2965106 0.0056615
v 0.6193417 0.2956443 0.0056615
v 0.6500039 0.2953619 0.0056615
v 0.6806583 0.2956443 0.0056615
v 0.6862284 0.2965106 0.0056615
v 0.6896655 0.2980256 0.0056615
v 0.6919744 0.3003345 0.0056615
v 0.6934894 0.3037716 0.0056615
v 0.6943557 0.3093417 0.0056615
v 0.6946381 0.3400000 0.0056615
v 0.6943557 0.3706583 0.0056615
v 0.6934894 0.3762284 0.0056615
v 0.6919744 0.3796655 0.0056615
v 0.6896655 0.3819744 0.0056615
v 0.6862284 0.3834894 0.0056615
v 0.6806583 0.3843557 0.0056615
v 0.6500039 0.3846381 0.0056615
v 0.6193417 0.3843557 0.0056615
v 0.6137716 0.3834894 0.0056615
v 0.6103345 0.3819744 0.0056615
v 0.6080256 0.3796655 0.0056615
v 0.6065106 0.3762284 0.0056615
v 0.6056443 0.3706583 0.0056615
v 0.6011269 0.3399949 0.0131284
v 0.6014361 0.3064330 0.0131284
v 0.6023846 0.3003345 0.0131284
v 0.6040434 0.2965712 0.0131284
v 0.6065712 0.2940434 0.0131284
v 0.6103345 0.2923846 0.0131284
v 0.6164330 0.2914361 0.0131284
v 0.6500043 0.2911269 0.0131284
v 0.6835670 0.2914361 0.0131284
v 0.6896655 0.2923846 0.0131284
v 0.6934288 0.2940434 0.0131284
v 0.6959566 0.2965712 0.0131284
v 0.6976154 0.3003345 0.0131284
v 0.6985639 0.3064330 0.0131284
v 0.6988731 0.3400000 0.0131284
v 0.6985639 0.3735670 0.0131284
v 0.6976154 0.3796655 0.0131284
v 0.6959566 0.3834288 0.0131284
v 0.6934288 0.3859566 0.0131284
v 0.6896655 0.3876154 0.0131284
v 0.6835670 0.3885639 0.0131284
v 0.6500043 0.3888731 0.0131284
v 0.6164330 0.3885639 0.0131284
v 0.6103345 0.3876154 0.0131284
v 0.6065712 0.3859566 0.0131284
v 0.6040434 0.3834288 0.0131284
v 0.6023846 0.3796655 0.0131284
v 0.6014361 0.3735670 0.0131284
v 0.5982821 0.3399946 0.0245075
v 0.5986094 0.3044791 0.0245075
v 0.5996130 0.2980256 0.0245075
v 0.6013683 0.2940434 0.0245075
v 0.6040434 0.2913683 0.0245075
v 0.6080256 0.2896130 0.0245075
v 0.6144791 0.2886094 0.0245075
v 0.6500046 0.2882821 0.0245075
v 0.6855209 0.2886094 0.0245075
v 0.6919744 0.2896130 0.0245075
v 0.6959566 0.2913683 0.0245075
v 0.6986317 0.2940434 0.0245075
v 0.7003870 0.2980256 0.0245075
v 0.7013906 0.3044791 0.0245075
v 0.7017179 0.3400000 0.0245075
v 0.7013906 0.3755209 0.0245075
v 0.7003870 0.3819744 0.0245075
v 0.6986317 0.3859566 0.0245075
v 0.6959566 0.3886317 0.0245075
v 0.6919744 0.3903870 0.0245075
v 0.6855209 0.3913906 0.0245075
v 0.6500046 0.3917179 0.0245075
v 0.6144791 0.3913906 0.0245075
v 0.6080256 0.3903870 0.0245075
v 0.6040434 0.3886317 0.0245075
v 0.6013683 0.3859566 0.0245075
v 0.5996130 0.3819744 0.0245075
v 0.5986094 0.3755209 0.0245075
v 0.5964154 0.3399944 0.0414475
v 0.5967545 0.3031970 0.0414475
v 0.5977943 0.2965106 0.0414475
v 0.5996130 0.2923846 0.0414475
v 0.6023846 0.2896130 0.0414475
v 0.6065106 0.2877943 0.0414475
v 0.6131970 0.2867545 0.0414475
v 0.6500047 0.2864154 0.0414475
v 0.6868030 0.2867545 0.0414475
v 0.6934894 0.2877943 0.0414475
v 0.6976154 0.2896130 0.0414475
v 0.7003870 0.2923846 0.0414475
v 0.7022057 0.2965106 0.0414475
v 0.7032455 0.3031970 0.0414475
v 0.7035846 0.3400000 0.0414475
v 0.7032455 0.3768030 0.0414475
v 0.7022057 0.3834894 0.0414475
v 0.7003870 0.3876154 0.0414475
v 0.6976154 0.3903870 0.0414475
v 0.6934894 0.3922057 0.0414475
v 0.6868030 0.3932455 0.0414475
v 0.6500047 0.3935846 0.0414475
v 0.6131970 0.3932455 0.0414475
v 0.6065106 0.3922057 0.0414475
v 0.6023846 0.3903870 0.0414475
v 0.5996130 0.3876154 0.0414475
v 0.5977943 0.3834894 0.0414475
v 0.5967545 0.3768030 0.0414475
v 0.5953480 0.3399943 0.0688997
v 0.5956939 0.3024640 0.0688997
v 0.5967545 0.2956443 0.0688997
v 0.5986094 0.2914361 0.0688997
v 0.6014361 0.2886094 0.0688997
v 0.6056443 0.2867545 0.0688997
v 0.6124640 0.2856939 0.0688997
v 0.6500048 0.2853480 0.0688997
v 0.6875360 0.2856939 0.0688997
v 0.6943557 0.2867545 0.0688997
v 0.6985639 0.2886094 0.0688997
v 0.7013906 0.2914361 0.0688997
v 0.7032455 0.2956443 0.0688997
v 0.7043061 0.3024640 0.0688997
v 0.7046520 0.3400000 0.0688997
v 0.7043061 0.3775360 0.0688997
v 0.7032455 0.3843557 0.0688997
v 0.7013906 0.3885639 0.0688997
v 0.6985639 0.3913906 0.0688997
v 0.6943557 0.3932455 0.0688997
v 0.6875360 0.3943061 0.0688997
v 0.6500048 0.3946520 0.0688997
v 0.6124640 0.3943061 0.0688997
v 0.6056443 0.3932455 0.0688997
v 0.6014361 0.3913906 0.0688997
v 0.5986094 0.3885639 0.0688997
v 0.5967545 0.3843557 0.0688997
v 0.5956939 0.3775360 0.0688997
v 0.5950000 0.3399942 0.2200000
v 0.5953480 0.3022249 0.2200000
v 0.5964154 0.2953619 0.2200000
v 0.5982821 0.2911269 0.2200000
v 0.6011269 0.2882821 0.2200000
v 0.6053619 0.2864154 0.2200000
v 0.6122249 0.2853480 0.2200000
v 0.6500049 0.2850000 0.2200000
v 0.6877751 0.2853480 0.2200000
v 0.6946381 0.2864154 0.2200000
v 0.6988731 0.2882821 0.2200000
v 0.7017179 0.2911269 0.2200000
v 0.7035846 0.2953619 0.2200000
v 0.7046520 0.3022249 0.2200000
v 0.7050000 0.3400000 0.2200000
v 0.7046520 0.3777751 0.2200000
v 0.7035846 0.3846381 0.2200000
v 0.7017179 0.3888731 0.2200000
v 0.6988731 0.3917179 0.2200000
v 0.6946381 0.3935846 0.2200000
v 0.6877751 0.3946520 0.2200000
v 0.6500049 0.3950000 0.2200000
v 0.6122249 0.3946520 0.2200000
v 0.6053619 0.3935846 0.2200000
v 0.6011269 0.3917179 0.2200000
v 0.5982821 0.3888731 0.2200000
v 0.5964154 0.3846381 0.2200000
v 0.5953480 0.3777751 0.2200000
v 0.5953480 0.3399943 0.3711003
v 0.5956939 0.3024640 0.3711003
v 0.5967545 0.2956443 0.3711003
v 0.5986094 0.2914361 0.3711003
v 0.6014361 0.2886094 0.3711003
v 0.6056443 0.2867545 0.3711003
v 0.6124640 0.2856939 0.3711003
v 0.6500048 0.2853480 0.3711003
v 0.6875360 0.2856939 0.3711003
v 0.6943557 0.2867545 0.3711003
v 0.6985639 0.2886094 0.3711003
v 0.7013906 0.2914361 0.3711003
v 0.7032455 0.2956443 0.3711003
v 0.7043061 0.3024640 0.3711003
v 0.7046520 0.3400000 0.3711003
v 0.7043061 0.3775360 0.3711003
v 0.7032455 0.3843557 0.3711003
v 0.7013906 0.3885639 0.3711003
v 0.6985639 0.3913906 0.3711003
v 0.6943557 0.3932455 0.3711003
v 0.6875360 0.3943061 0.3711003
v 0.6500048 0.3946520 0.3711003
v 0.6124640 0.3943061 0.3711003
v 0.6056443 0.3932455 0.3711003
v 0.6014361 0.3913906 0.3711003
v 0.5986094 0.3885639 0.3711003
v 0.5967545 0.3843557 0.3711003
v 0.5956939 0.3775360 0.3711003
v 0.5964154 0.3399944 0.3985525
v 0.5967545 0.3031970 0.3985525
v 0.5977943 0.2965106 0.3985525
v 0.5996130 0.2923846 0.3985525
v 0.6023846 0.2896130 0.3985525
v 0.6065106 0.2877943 0.3985525
v 0.6131970 0.2867545 0.3985525
v 0.6500047 0.2864154 0.3985525
v 0.6868030 0.2867545 0.3985525
v 0.6934894 0.2877943 0.3985525
v 0.6976154 0.2896130 0.3985525
v 0.7003870 0.2923846 0.3985525
v 0.7022057 0.2965106 0.3985525
v 0.7032455 0.3031970 0.3985525
v 0.7035846 0.3400000 0.3985525
v 0.7032455 0.3768030 0.3985525
v 0.7022057 0.3834894 0.3985525
v 0.7003870 0.3876154 0.3985525
v 0.6976154 0.3903870 0.3985525
v 0.6934894 0.3922057 0.3985525
v 0.6868030 0.3932455 0.3985525
v 0.6500047 0.3935846 0.3985525
v 0.6131970 0.3932455 0.3985525
v 0.6065106 0.3922057 0.3985525
v 0.6023846 0.3903870 0.3985525
v 0.5996130 0.3876154 0.3985525
v 0.5977943 0.3834894 0.3985525
v 0.5967545 0.3768030 0.3985525
v 0.5982821 0.3399946 0.4154925
v 0.5986094 0.3044791 0.4154925
v 0.5996130 0.2980256 0.4154925
v 0.6013683 0.2940434 0.4154925
v 0.6040434 0.2913683 0.4154925
v 0.6080256 0.2896130 0.4154925
v 0.6144791 0.2886094 0.4154925
v 0.6500046 0.2882821 0.4154925
v 0.6855209 0.2886094 0.4154925
v 0.6919744 0.2896130 0.4154925
v 0.6959566 0.2913683 0.4154925
v 0.6986317 0.2940434 0.4154925
v 0.7003870 0.2980256 0.4154925
v 0.7013906 0.3044791 0.4154925
v 0.7017179 0.3400000 0.4154925
v 0.7013906 0.3755209 0.4154925
v 0.7003870 0.3819744 0.4154925
v 0.6986317 0.3859566 0.4154925
v 0.6959566 0.3886317 0.4154925
v 0.6919744 0.3903870 0.4154925
v 0.6855209 0.3913906 0.4154925
v 0.6500046 0.3917179 0.4154925
v 0.6144791 0.3913906 0.4154925
v 0.6080256 0.3903870 0.4154925
v 0.6040434 0.3886317 0.4154925
v 0.6013683 0.3859566 0.4154925
v 0.5996130 0.3819744 0.4154925
v 0.5986094 0.3755209 0.4154925
v 0.6011269 0.3399949 0.4268716
v 0.6014361 0.3064330 0.4268716
v 0.6023846 0.3003345 0.4268716
v 0.6040434 0.2965712 0.4268716
v 0.6065712 0.2940434 0.4268716
v 0.6103345 0.2923846 0.4268716
v 0.6164330 0.2914361 0.4268716
v 0.6500043 0.2911269 0.4268716
v 0.6835670 0.2914361 0.4268716
v 0.6896655 0.2923846 0.4268716
v 0.6934288 0.2940434 0.4268716
v 0.6959566 0.2965712 0.4268716
v 0.6976154 0.3003345 0.4268716
v 0.6985639 0.3064330 0.4268716
v 0.6988731 0.3400000 0.4268716
v 0.6985639 0.3735670 0.4268716
v 0.6976154 0.3796655 0.4268716
v 0.6959566 0.3834288 0.4268716
v 0.6934288 0.3859566 0.4268716
v 0.6896655 0.3876154 0.4268716
v 0.6835670 0.3885639 0.4268716
v 0.6500043 0.3888731 0.4268716
v 0.6164330 0.3885639 0.4268716
v 0.6103345 0.3876154 0.4268716
v 0.6065712 0.3859566 0.4268716
v 0.6040434 0.3834288 0.4268716
v 0.6023846 0.3796655 0.4268716
v 0.6014361 0.3735670 0.4268716
v 0.6053619 0.3399953 0.4343385
v 0.6056443 0.3093417 0.4343385
v 0.6065106 0.3037716 0.4343385
v 0.6080256 0.3003345 0.4343385
v 0.6103345 0.2980256 0.4343385
v 0.6137716 0.2965106 0.4343385
v 0.6193417 0.2956443 0.4343385
v 0.6500039 0.2953619 0.4343385
v 0.6806583 0.2956443 0.4343385
v 0.6862284 0.2965106 0.4343385
v 0.6896655 0.2980256 0.4343385
v 0.6919744 0.3003345 0.4343385
v 0.6934894 0.3037716 0.4343385
v 0.6943557 0.3093417 0.4343385
v 0.6946381 0.3400000 0.4343385
v 0.6943557 0.3706583 0.4343385
v 0.6934894 0.3762284 0.4343385
v 0.6919744 0.3796655 0.4343385
v 0.6896655 0.3819744 0.4343385
v 0.6862284 0.3834894 0.4343385
v 0.6806583 0.3843557 0.4343385
v 0.6500039 0.3846381 0.4343385
v 0.6193417 0.3843557 0.4343385
v 0.6137716 0.3834894 0.4343385
v 0.6103345 0.3819744 0.4343385
v 0.6080256 0.3796655 0.4343385
v 0.6065106 0.3762284 0.4343385
v 0.6056443 0.3706583 0.4343385
v 0.6122249 0.3399960 0.4386079
v 0.6124640 0.3140553 0.4386079
v 0.6131970 0.3093417 0.4386079
v 0.6144791 0.3064330 0.4386079
v 0.6164330 0.3044791 0.4386079
v 0.6193417 0.3031970 0.4386079
v 0.6240553 0.3024640 0.4386079
v 0.6500033 0.3022249 0.4386079
v 0.6759447 0.3024640 0.4386079
v 0.6806583 0.3031970 0.4386079
v 0.6835670 0.3044791 0.4386079
v 0.6855209 0.3064330 0.4386079
v 0.6868030 0.3093417 0.4386079
v 0.6875360 0.3140553 0.4386079
v 0.6877751 0.3400000 0.4386079
v 0.6875360 0.3659447 0.4386079
v 0.6868030 0.3706583 0.4386079
v 0.6855209 0.3735670 0.4386079
v 0.6835670 0.3755209 0.4386079
v 0.6806583 0.3768030 0.4386079
v 0.6759447 0.3775360 0.4386079
v 0.6500033 0.3777751 0.4386079
v 0.6240553 0.3775360 0.4386079
v 0.6193417 0.3768030 0.4386079
v 0.6164330 0.3755209 0.4386079
v 0.6144791 0.3735670 0.4386079
v 0.6131970 0.3706583 0.4386079
v 0.6124640 0.3659447 0.4386079
v 0.6499951 0.3400000 0.4400000
v 0.6499952 0.3399967 0.4400000
v 0.6499953 0.3399961 0.4400000
v 0.6499954 0.3399957 0.4400000
v 0.6499957 0.3399954 0.4400000
v 0.6499961 0.3399953 0.4400000
v 0.6499967 0.3399952 0.4400000
v 0.6500000 0.3399951 0.4400000
v 0.6500033 0.3399952 0.4400000
v 0.6500039 0.3399953 0.4400000
v 0.6500043 0.3399954 0.4400000
v 0.6500046 0.3399957 0.4400000
v 0.6500047 0.3399961 0.4400000
v 0.6500048 0.3399967 0.4400000
v 0.6500049 0.3400000 0.4400000
v 0.6500048 0.3400033 0.4400000
v 0.6500047 0.3400039 0.4400000
v 0.6500046 0.3400043 0.4400000
v 0.6500043 0.3400046 0.4400000
v 0.6500039 0.3400047 0.4400000
v 0.6500033 0.3400048 0.4400000
v 0.6500000 0.3400049 0.4400000
v 0.6499967 0.3400048 0.4400000
v 0.6499961 0.3400047 0.4400000
v 0.6499957 0.3400046 0.4400000
v 0.6499954 0.3400043 0.4400000
v 0.6499953 0.3400039 0.4400000
v 0.6499952 0.3400033 0.4400000
v -0.0003661 -0.0000001 0.1350000
v -0.0003642 -0.0001440 0.1350000
v -0.0003585 -0.0001646 0.1350000
v -0.0003485 -0.0001769 0.1350000
v -0.0003331 -0.0001851 0.1350000
v -0.0003098 -0.0001905 0.1350000
v -0.0002711 -0.0001935 0.1350000
v 0.0000002 -0.0001945 0.1350000
v 0.0002711 -0.0001935 0.1350000
v 0.0003098 -0.0001905 0.1350000
v 0.0003331 -0.0001851 0.1350000
v 0.0003485 -0.0001769 0.1350000
v 0.0003585 -0.0001646 0.1350000
v 0.0003642 -0.0001440 0.1350000
v 0.0003661 0.0000000 0.1350000
v 0.0003642 0.0001440 0.1350000
v 0.0003585 0.0001646 0.1350000
v 0.0003485 0.0001769 0.1350000
v 0.0003331 0.0001851 0.1350000
v 0.0003098 0.0001905 0.1350000
v 0.0002711 0.0001935 0.1350000
v 0.0000002 0.0001945 0.1350000
v -0.0002711 0.0001935 0.1350000
v -0.0003098 0.0001905 0.1350000
v -0.0003331 0.0001851 0.1350000
v -0.0003485 0.0001769 0.1350000
v -0.0003585 0.0001646 0.1350000
v -0.0003642 0.0001440 0.1350000
v -0.4738645 -0.0001654 0.1351266
v -0.4714641 -0.1863920 0.1351266
v -0.4640835 -0.2130236 0.1351266
v -0.4511041 -0.2290440 0.1351266
v -0.4311417 -0.2396491 0.1351266
v -0.4009856 -0.2465443 0.1351266
v -0.3508555 -0.2504653 0.1351266
v 0.0002711 -0.2517405 0.1351266
v 0.3508555 -0.2504653 0.1351266
v 0.4009856 -0.2465443 0.1351266
v 0.4311417 -0.2396491 0.1351266
v 0.4511041 -0.2290440 0.1351266
v 0.4640835 -0.2130236 0.1351266
v 0.4714641 -0.1863920 0.1351266
v 0.4738645 0.0000000 0.1351266
v 0.4714641 0.1863920 0.1351266
v 0.4640835 0.2130236 0.1351266
v 0.4511041 0.2290440 0.1351266
v 0.4311417 0.2396491 0.1351266
v 0.4009856 0.2465443 0.1351266
v 0.3508555 0.2504653 0.1351266
v 0.0002711 0.2517405 0.1351266
v -0.3508555 0.2504653 0.1351266
v -0.4009856 0.2465443 0.1351266
v -0.4311417 0.2396491 0.1351266
v -0.4511041 0.2290440 0.1351266
v -0.4640835 0.2130236 0.1351266
v -0.4714641 0.1863920 0.1351266
v -0.5415701 -0.0001890 0.1355160
v -0.5388268 -0.2130236 0.1355160
v -0.5303916 -0.2434604 0.1355160
v -0.5155577 -0.2617698 0.1355160
v -0.4927431 -0.2738900 0.1355160
v -0.4582783 -0.2817705 0.1355160
v -0.4009856 -0.2862517 0.1355160
v 0.0003098 -0.2877091 0.1355160
v 0.4009856 -0.2862517 0.1355160
v 0.4582783 -0.2817705 0.1355160
v 0.4927431 -0.2738900 0.1355160
v 0.5155577 -0.2617698 0.1355160
v 0.5303916 -0.2434604 0.1355160
v 0.5388268 -0.2130236 0.1355160
v 0.5415701 0.0000000 0.1355160
v 0.5388268 0.2130236 0.1355160
v 0.5303916 0.2434604 0.1355160
v 0.5155577 0.2617698 0.1355160
v 0.4927431 0.2738900 0.1355160
v 0.4582783 0.2817705 0.1355160
v 0.4009856 0.2862517 0.1355160
v 0.0003098 0.2877091 0.1355160
v -0.4009856 0.2862517 0.1355160
v -0.4582783 0.2817705 0.1355160
v -0.4927431 0.2738900 0.1355160
v -0.5155577 0.2617698 0.1355160
v -0.5303916 0.2434604 0.1355160
v -0.5388268 0.2130236 0.1355160
v -0.5822987 -0.0002033 0.1362008
v -0.5793491 -0.2290440 0.1362008
v -0.5702796 -0.2617698 0.1362008
v -0.5543301 -0.2814561 0.1362008
v -0.5297997 -0.2944879 0.1362008
v -0.4927431 -0.3029610 0.1362008
v -0.4311417 -0.3077792 0.1362008
v 0.0003331 -0.3093462 0.1362008
v 0.4311417 -0.3077792 0.1362008
v 0.4927431 -0.3029610 0.1362008
v 0.5297997 -0.2944879 0.1362008
v 0.5543301 -0.2814561 0.1362008
v 0.5702796 -0.2617698 0.1362008
v 0.5793491 -0.2290440 0.1362008
v 0.5822987 0.0000000 0.1362008
v 0.5793491 0.2290440 0.1362008
v 0.5702796 0.2617698 0.1362008
v 0.5543301 0.2814561 0.1362008
v 0.5297997 0.2944879 0.1362008
v 0.4927431 0.3029610 0.1362008
v 0.4311417 0.3077792 0.1362008
v 0.0003331 0.3093462 0.1362008
v -0.4311417 0.3077792 0.1362008
v -0.4927431 0.3029610 0.1362008
v -0.5297997 0.2944879 0.1362008
v -0.5543301 0.2814561 0.1362008
v -0.5702796 0.2617698 0.1362008
v -0.5793491 0.2290440 0.1362008
v -0.6092599 -0.0002127 0.1372540
v -0.6061737 -0.2396491 0.1372540
v -0.5966842 -0.2738900 0.1372540
v -0.5799963 -0.2944879 0.1372540
v -0.5543301 -0.3081230 0.1372540
v -0.5155577 -0.3169885 0.1372540
v -0.4511041 -0.3220298 0.1372540
v 0.0003485 -0.3236693 0.1372540
v 0.4511041 -0.3220298 0.1372540
v 0.5155577 -0.3169885 0.1372540
v 0.5543301 -0.3081230 0.1372540
v 0.5799963 -0.2944879 0.1372540
v 0.5966842 -0.2738900 0.1372540
v 0.6061737 -0.2396491 0.1372540
v 0.6092599 0.0000000 0.1372540
v 0.6061737 0.2396491 0.1372540
v 0.5966842 0.2738900 0.1372540
v 0.5799963 0.2944879 0.1372540
v 0.5543301 0.3081230 0.1372540
v 0.5155577 0.3169885 0.1372540
v 0.4511041 0.3220298 0.1372540
v 0.0003485 0.3236693 0.1372540
v -0.4511041 0.3220298 0.1372540
v -0.5155577 0.3169885 0.1372540
v -0.5543301 0.3081230 0.1372540
v -0.5799963 0.2944879 0.1372540
v -0.5966842 0.2738900 0.1372540
v -0.6061737 0.2396491 0.1372540
v -0.6267898 -0.0002188 0.1388449
v -0.6236148 -0.2465443 0.1388449
v -0.6138523 -0.2817705 0.1388449
v -0.5966842 -0.3029610 0.1388449
v -0.5702796 -0.3169885 0.1388449
v -0.5303916 -0.3261090 0.1388449
v -0.4640835 -0.3312954 0.1388449
v 0.0003585 -0.3329821 0.1388449
v 0.4640835 -0.3312954 0.1388449
v 0.5303916 -0.3261090 0.1388449
v 0.5702796 -0.3169885 0.1388449
v 0.5966842 -0.3029610 0.1388449
v 0.6138523 -0.2817705 0.1388449
v 0.6236148 -0.2465443 0.1388449
v 0.6267898 0.0000000 0.1388449
v 0.6236148 0.2465443 0.1388449
v 0.6138523 0.2817705 0.1388449
v 0.5966842 0.3029610 0.1388449
v 0.5702796 0.3169885 0.1388449
v 0.5303916 0.3261090 0.1388449
v 0.4640835 0.3312954 0.1388449
v 0.0003585 0.3329821 0.1388449
v -0.4640835 0.3312954 0.1388449
v -0.5303916 0.3261090 0.1388449
v -0.5702796 0.3169885 0.1388449
v -0.5966842 0.3029610 0.1388449
v -0.6138523 0.2817705 0.1388449
v -0.6236148 0.2465443 0.1388449
v -0.6367581 -0.0002223 0.1414897
v -0.6335326 -0.2504653 0.1414897
v -0.6236148 -0.2862517 0.1414897
v -0.6061737 -0.3077792 0.1414897
v -0.5793491 -0.3220298 0.1414897
v -0.5388268 -0.3312954 0.1414897
v -0.4714641 -0.3365642 0.1414897
v 0.0003642 -0.3382777 0.1414897
v 0.4714641 -0.3365642 0.1414897
v 0.5388268 -0.3312954 0.1414897
v 0.5793491 -0.3220298 0.1414897
v 0.6061737 -0.3077792 0.1414897
v 0.6236148 -0.2862517 0.1414897
v 0.6335326 -0.2504653 0.1414897
v 0.6367581 0.0000000 0.1414897
v 0.6335326 0.2504653 0.1414897
v 0.6236148 0.2862517 0.1414897
v 0.6061737 0.3077792 0.1414897
v 0.5793491 0.3220298 0.1414897
v 0.5388268 0.3312954 0.1414897
v 0.4714641 0.3365642 0.1414897
v 0.0003642 0.3382777 0.1414897
v -0.4714641 0.3365642 0.1414897
v -0.5388268 0.3312954 0.1414897
v -0.5793491 0.3220298 0.1414897
v -0.6061737 0.3077792 0.1414897
v -0.6236148 0.2862517 0.1414897
v -0.6335326 0.2504653 0.1414897
v -0.6400000 -0.0002234 0.1600000
v -0.6367581 -0.2517405 0.1600000
v -0.6267898 -0.2877091 0.1600000
v -0.6092599 -0.3093462 0.1600000
v -0.5822987 -0.3236693 0.1600000
v -0.5415701 -0.3329821 0.1600000
v -0.4738645 -0.3382777 0.1600000
v 0.0003661 -0.3400000 0.1600000
v 0.4738645 -0.3382777 0.1600000
v 0.5415701 -0.3329821 0.1600000
v 0.5822987 -0.3236693 0.1600000
v 0.6092599 -0.3093462 0.1600000
v 0.6267898 -0.2877091 0.1600000
v 0.6367581 -0.2517405 0.1600000
v 0.6400000 0.0000000 0.1600000
v 0.6367581 0.2517405 0.1600000
v 0.6267898 0.2877091 0.1600000
v 0.6092599 0.3093462 0.1600000
v 0.5822987 0.3236693 0.1600000
v 0.5415701 0.3329821 0.1600000
v 0.4738645 0.3382777 0.1600000
v 0.0003661 0.3400000 0.1600000
v -0.4738645 0.3382777 0.1600000
v -0.5415701 0.3329821 0.1600000
v -0.5822987 0.3236693 0.1600000
v -0.6092599 0.3093462 0.1600000
v -0.6267898 0.2877091 0.1600000
v -0.6367581 0.2517405 0.1600000
v -0.6367581 -0.0002223 0.1785103
v -0.6335326 -0.2504653 0.1785103
v -0.6236148 -0.2862517 0.1785103
v -0.6061737 -0.3077792 0.1785103
v -0.5793491 -0.3220298 0.1785103
v -0.5388268 -0.3312954 0.1785103
v -0.4714641 -0.3365642 0.1785103
v 0.0003642 -0.3382777 0.1785103
v 0.4714641 -0.3365642 0.1785103
v 0.5388268 -0.3312954 0.1785103
v 0.5793491 -0.3220298 0.1785103
v 0.6061737 -0.3077792 0.1785103
v 0.6236148 -0.2862517 0.1785103
v 0.6335326 -0.2504653 0.1785103
v 0.6367581 0.0000000 0.1785103
v 0.6335326 0.2504653 0.1785103
v 0.6236148 0.2862517 0.1785103
v 0.6061737 0.3077792 0.1785103
v 0.5793491 0.3220298 0.1785103
v 0.5388268 0.3312954 0.1785103
v 0.4714641 0.3365642 0.1785103
v 0.0003642 0.3382777 0.1785103
v -0.4714641 0.3365642 0.1785103
v -0.5388268 0.3312954 0.1785103
v -0.5793491 0.3220298 0.1785103
v -0.6061737 0.3077792 0.1785103
v -0.6236148 0.2862517 0.1785103
v -0.6335326 0.2504653 0.1785103
v -0.6267898 -0.0002188 0.1811551
v -0.6236148 -0.2465443 0.1811551
v -0.6138523 -0.2817705 0.1811551
v -0.5966842 -0.3029610 0.1811551
v -0.5702796 -0.3169885 0.1811551
v -0.5303916 -0.3261090 0.1811551
v -0.4640835 -0.3312954 0.1811551
v 0.0003585 -0.3329821 0.1811551
v 0.4640835 -0.3312954 0.1811551
v 0.5303916 -0.3261090 0.1811551
v 0.5702796 -0.3169885 0.1811551
v 0.5966842 -0.3029610 0.1811551
v 0.6138523 -0.2817705 0.1811551
v 0.6236148 -0.2465443 0.1811551
v 0.6267898 0.0000000 0.1811551
v 0.6236148 0.2465443 0.1811551
v 0.6138523 0.2817705 0.1811551
v 0.5966842 0.3029610 0.1811551
v 0.5702796 0.3169885 0.1811551
v 0.5303916 0.3261090 0.1811551
v 0.4640835 0.3312954 0.1811551
v 0.0003585 0.3329821 0.1811551
v -0.4640835 0.3312954 0.1811551
v -0.5303916 0.3261090 0.1811551
v -0.5702796 0.3169885 0.1811551
v -0.5966842 0.3029610 0.1811551
v -0.6138523 0.2817705 0.1811551
v -0.6236148 0.2465443 0.1811551
v -0.6092599 -0.0002127 0.1827460
v -0.6061737 -0.2396491 0.1827460
v -0.5966842 -0.2738900 0.1827460
v -0.5799963 -0.2944879 0.1827460
v -0.5543301 -0.3081230 0.1827460
v -0.5155577 -0.3169885 0.1827460
v -0.4511041 -0.3220298 0.1827460
v 0.0003485 -0.3236693 0.1827460
v 0.4511041 -0.3220298 0.1827460
v 0.5155577 -0.3169885 0.1827460
v 0.5543301 -0.3081230 0.1827460
v 0.5799963 -0.2944879 0.1827460
v 0.5966842 -0.2738900 0.1827460
v 0.6061737 -0.2396491 0.1827460
v 0.6092599 0.0000000 0.1827460
v 0.6061737 0.2396491 0.1827460
v 0.5966842 0.2738900 0.1827460
v 0.5799963 0.2944879 0.1827460
v 0.5543301 0.3081230 0.1827460
v 0.5155577 0.3169885 0.1827460
v 0.4511041 0.3220298 0.1827460
v 0.0003485 0.3236693 0.1827460
v -0.4511041 0.3220298 0.1827460
v -0.5155577 0.3169885 0.1827460
v -0.5543301 0.3081230 0.1827460
v -0.5799963 0.2944879 0.1827460
v -0.5966842 0.2738900 0.1827460
v -0.6061737 0.2396491 0.1827460
v -0.5822987 -0.0002033 0.1837992
v -0.5793491 -0.2290440 0.1837992
v -0.5702796 -0.2617698 0.1837992
v -0.5543301 -0.2814561 0.1837992
v -0.5297997 -0.2944879 0.1837992
v -0.4927431 -0.3029610 0.1837992
v -0.4311417 -0.3077792 0.1837992
v 0.0003331 -0.3093462 0.1837992
v 0.4311417 -0.3077792 0.1837992
v 0.4927431 -0.3029610 0.1837992
v 0.5297997 -0.2944879 0.1837992
v 0.5543301 -0.2814561 0.1837992
v 0.5702796 -0.2617698 0.1837992
v 0.5793491 -0.2290440 0.1837992
v 0.5822987 0.0000000 0.1837992
v 0.5793491 0.2290440 0.1837992
v 0.5702796 0.2617698 0.1837992
v 0.5543301 0.2814561 0.1837992
v 0.5297997 0.2944879 0.1837992
v 0.4927431 0.3029610 0.1837992
v 0.4311417 0.3077792 0.1837992
v 0.0003331 0.3093462 0.1837992
v -0.4311417 0.3077792 0.1837992
v -0.4927431 0.3029610 0.1837992
v -0.5297997 0.2944879 0.1837992
v -0.5543301 0.2814561 0.1837992
v -0.5702796 0.2617698 0.1837992
v -0.5793491 0.2290440 0.1837992
v -0.5415701 -0.0001890 0.1844840
v -0.5388268 -0.2130236 0.1844840
v -0.5303916 -0.2434604 0.1844840
v -0.5155577 -0.2617698 0.1844840
v -0.4927431 -0.2738900 0.1844840
v -0.4582783 -0.2817705 0.1844840
v -0.4009856 -0.2862517 0.1844840
v 0.0003098 -0.2877091 0.1844840
v 0.4009856 -0.2862517 0.1844840
v 0.4582783 -0.2817705 0.1844840
v 0.4927431 -0.2738900 0.1844840
v 0.5155577 -0.2617698 0.1844840
v 0.5303916 -0.2434604 0.1844840
v 0.5388268 -0.2130236 0.1844840
v 0.5415701 0.0000000 0.1844840
v 0.5388268 0.2130236 0.1844840
v 0.5303916 0.2434604 0.1844840
v 0.5155577 0.2617698 0.1844840
v 0.4927431 0.2738900 0.1844840
v 0.4582783 0.2817705 0.1844840
v 0.4009856 0.2862517 0.1844840
v 0.0003098 0.2877091 0.1844840
v -0.4009856 0.2862517 0.1844840
v -0.4582783 0.2817705 0.1844840
v -0.4927431 0.2738900 0.1844840
v -0.5155577 0.2617698 0.1844840
v -0.5303916 0.2434604 0.1844840
v -0.5388268 0.2130236 0.1844840
v -0.4738645 -0.0001654 0.1848734
v -0.4714641 -0.1863920 0.1848734
v -0.4640835 -0.2130236 0.1848734
v -0.4511041 -0.2290440 0.1848734
v -0.4311417 -0.2396491 0.1848734
v -0.4009856 -0.2465443 0.1848734
v -0.3508555 -0.2504653 0.1848734
v 0.0002711 -0.2517405 0.1848734
v 0.3508555 -0.2504653 0.1848734
v 0.4009856 -0.2465443 0.1848734
v 0.4311417 -0.2396491 0.1848734
v 0.4511041 -0.2290440 0.1848734
v 0.4640835 -0.2130236 0.1848734
v 0.4714641 -0.1863920 0.1848734
v 0.4738645 0.0000000 0.1848734
v 0.4714641 0.1863920 0.1848734
v 0.4640835 0.2130236 0.1848734
v 0.4511041 0.2290440 0.1848734
v 0.4311417 0.2396491 0.1848734
v 0.4009856 0.2465443 0.1848734
v 0.3508555 0.2504653 0.1848734
v 0.0002711 0.2517405 0.1848734
v -0.3508555 0.2504653 0.1848734
v -0.4009856 0.2465443 0.1848734
v -0.4311417 0.2396491 0.1848734
v -0.4511041 0.2290440 0.1848734
v -0.4640835 0.2130236 0.1848734
v -0.4714641 0.1863920 0.1848734
v -0.0003661 -0.0000001 0.1850000
v -0.0003642 -0.0001440 0.1850000
v -0.0003585 -0.0001646 0.1850000
v -0.0003485 -0.0001769 0.1850000
v -0.0003331 -0.0001851 0.1850000
v -0.0003098 -0.0001905 0.1850000
v -0.0002711 -0.0001935 0.1850000
v 0.0000002 -0.0001945 0.1850000
v 0.0002711 -0.0001935 0.1850000
v 0.0003098 -0.0001905 0.1850000
v 0.0003331 -0.0001851 0.1850000
v 0.0003485 -0.0001769 0.1850000
v 0.0003585 -0.0001646 0.1850000
v 0.0003642 -0.0001440 0.1850000
v 0.0003661 0.0000000 0.1850000
v 0.0003642 0.0001440 0.1850000
v 0.0003585 0.0001646 0.1850000
v 0.0003485 0.0001769 0.1850000
v 0.0003331 0.0001851 0.1850000
v 0.0003098 0.0001905 0.1850000
v 0.0002711 0.0001935 0.1850000
v 0.0000002 0.0001945 0.1850000
v -0.0002711 0.0001935 0.1850000
v -0.0003098 0.0001905 0.1850000
v -0.0003331 0.0001851 0.1850000
v -0.0003485 0.0001769 0.1850000
v -0.0003585 0.0001646 0.1850000
v -0.0003642 0.0001440 0.1850000
vt 0.0000000 0.0000000
vt 0.0357143 0.0000000
vt 0.0714286 0.0000000
vt 0.1071429 0.0000000
vt 0.1428571 0.0000000
vt 0.1785714 0.0000000
vt 0.2142857 0.0000000
vt 0.2500000 0.0000000
vt 0.2857143 0.0000000
vt 0.3214286 0.0000000
vt 0.3571429 0.0000000
vt 0.3928571 0.0000000
vt 0.4285714 0.0000000
vt 0.4642857 0.0000000
vt 0.5000000 0.0000000
vt 0.5357143 0.0000000
vt 0.5714286 0.0000000
vt 0.6071429 0.0000000
vt 0.6428571 0.0000000
vt 0.6785714 0.0000000
vt 0.7142857 0.0000000
vt 0.7500000 0.0000000
vt 0.7857143 0.0000000
vt 0.8214286 0.0000000
vt 0.8571429 0.0000000
vt 0.8928571 0.0000000
vt 0.9285714 0.0000000
vt 0.9642857 0.0000000
vt 0.0000000 0.0714286
vt 0.0357143 0.0714286
vt 0.0714286 0.0714286
vt 0.1071429 0.0714286
vt 0.1428571 0.0714286
vt 0.1785714 0.0714286
vt 0.2142857 0.0714286
vt 0.2500000 0.0714286
vt 0.2857143 0.0714286
vt 0.3214286 0.0714286
vt 0.3571429 0.0714286
vt 0.3928571 0.0714286
vt 0.4285714 0.0714286
vt 0.4642857 0.0714286
vt 0.5000000 0.0714286
vt 0.5357143 0.0714286
vt 0.5714286 0.0714286
vt 0.6071429 0.0714286
vt 0.6428571 0.0714286
vt 0.6785714 0.0714286
vt 0.7142857 0.0714286
vt 0.7500000 0.0714286
vt 0.7857143 0.0714286
vt 0.8214286 0.0714286
vt 0.8571429 0.0714286
vt 0.8928571 0.0714286
vt 0.9285714 0.0714286
vt 0.9642857 0.0714286
vt 0.0000000 0.1428571
vt 0.0357143 0.1428571
vt 0.0714286 0.1428571
vt 0.1071429 0.1428571
vt 0.1428571 0.1428571
vt 0.1785714 0.1428571
vt 0.2142857 0.1428571
vt 0.2500000 0.1428571
vt 0.2857143 0.1428571
vt 0.3214286 0.1428571
vt 0.3571429 0.1428571
vt 0.3928571 0.1428571
vt 0.4285714 0.1428571
vt 0.4642857 0.1428571
vt 0.5000000 0.1428571
vt 0.5357143 0.1428571
vt 0.5714286 0.1428571
vt 0.6071429 0.1428571
vt 0.6428571 0.1428571
vt 0.6785714 0.1428571
vt 0.7142857 0.1428571
vt 0.7500000 0.1428571
vt 0.7857143 0.1428571
vt 0.8214286 0.1428571
vt 0.8571429 0.1428571
vt 0.8928571 0.1428571
vt 0.9285714 0.1428571
vt 0.9642857 0.1428571
vt 0.0000000 0.2142857
vt 0.0357143 0.2142857
vt 0.0714286 0.2142857
vt 0.1071429 0.2142857
vt 0.1428571 0.2142857
vt 0.1785714 0.2142857
vt 0.2142857 0.2142857
vt 0.2500000 0.2142857
vt 0.2857143 0.2142857
vt 0.3214286 0.2142857
vt 0.3571429 0.2142857
vt 0.3928571 0.2142857
vt 0.4285714 0.2142857
vt 0.4642857 0.2142857
vt 0.5000000 0.2142857
vt 0.5357143 0.2142857
vt 0.5714286 0.2142857
vt 0.6071429 0.2142857
vt 0.6428571 0.2142857
vt 0.6785714 0.2142857
vt 0.7142857 0.2142857
vt 0.7500000 0.2142857
vt 0.7857143 0.2142857
vt 0.8214286 0.2142857
vt 0.8571429 0.2142857
vt 0.8928571 0.2142857
vt 0.9285714 0.2142857
vt 0.9642857 0.2142857
vt 0.0000000 0.2857143
vt 0.0357143 0.2857143
vt 0.0714286 0.2857143
vt 0.1071429 0.2857143
vt 0.1428571 0.2857143
vt 0.1785714 0.2857143
vt 0.2142857 0.2857143
vt 0.2500000 0.2857143
vt 0.2857143 0.2857143
vt 0.3214286 0.2857143
vt 0.3571429 0.2857143
vt 0.3928571 0.2857143
vt 0.4285714 0.2857143
vt 0.4642857 0.2857143
vt 0.5000000 0.2857143
vt 0.5357143 0.2857143
vt 0.5714286 0.2857143
vt 0.6071429 0.2857143
vt 0.6428571 0.2857143
vt 0.6785714 0.2857143
vt 0.7142857 0.2857143
vt 0.7500000 0.2857143
vt 0.7857143 0.2857143
vt 0.8214286 0.2857143
vt 0.8571429 0.2857143
vt 0.8928571 0.2857143
vt 0.9285714 0.2857143
vt 0.9642857 0.2857143
vt 0.0000000 0.3571429
vt 0.0357143 0.3571429
vt 0.0714286 0.3571429
vt 0.1071429 0.3571429
vt 0.1428571 0.3571429
vt 0.1785714 0.3571429
vt 0.2142857 0.3571429
vt 0.2500000 0.3571429
vt 0.2857143 0.3571429
vt 0.3214286 0.3571429
vt 0.3571429 0.3571429
vt 0.3928571 0.3571429
vt 0.4285714 0.3571429
vt 0.4642857 0.3571429
vt 0.5000000 0.3571429
vt 0.5357143 0.3571429
vt 0.5714286 0.3571429
vt 0.6071429 0.3571429
vt 0.6428571 0.3571429
vt 0.6785714 0.3571429
vt 0.7142857 0.3571429
vt 0.7500000 0.3571429
vt 0.7857143 0.3571429
vt 0.8214286 0.3571429
vt 0.8571429 0.3571429
vt 0.8928571 0.3571429
vt 0.9285714 0.3571429
vt 0.9642857 0.3571429
vt 0.0000000 0.4285714
vt 0.0357143 0.4285714
vt 0.0714286 0.4285714
vt 0.1071429 0.4285714
vt 0.1428571 0.4285714
vt 0.1785714 0.4285714
vt 0.2142857 0.4285714
vt 0.2500000 0.4285714
vt 0.2857143 0.4285714
vt 0.3214286 0.4285714
vt 0.3571429 0.4285714
vt 0.3928571 0.4285714
vt 0.4285714 0.4285714
vt 0.4642857 0.4285714
vt 0.5000000 0.4285714
vt 0.5357143 0.4285714
vt 0.5714286 0.4285714
vt 0.6071429 0.4285714
vt 0.6428571 0.4285714
vt 0.6785714 0.4285714
vt 0.7142857 0.4285714
vt 0.7500000 0.4285714
vt 0.7857143 0.4285714
vt 0.8214286 0.4285714
vt 0.8571429 0.4285714
vt 0.8928571 0.4285714
vt 0.9285714 0.4285714
vt 0.9642857 0.4285714
vt 0.0000000 0.5000000
vt 0.0357143 0.5000000
vt 0.0714286 0.5000000
vt 0.1071429 0.5000000
vt 0.1428571 0.5000000
vt 0.1785714 0.5000000
vt 0.2142857 0.5000000
vt 0.2500000 0.5000000
vt 0.2857143 0.5000000
vt 0.3214286 0.5000000
vt 0.3571429 0.5000000
vt 0.3928571 0.5000000
vt 0.4285714 0.5000000
vt 0.4642857 0.5000000
vt 0.5000000 0.5000000
vt 0.5357143 0.5000000
vt 0.5714286 0.5000000
vt 0.6071429 0.5000000
vt 0.6428571 0.5000000
vt 0.6785714 0.5000000
vt 0.7142857 0.5000000
vt 0.7500000 0.5000000
vt 0.7857143 0.5000000
vt 0.8214286 0.5000000
vt 0.8571429 0.5000000
vt 0.8928571 0.5000000
vt 0.9285714 0.5000000
vt 0.9642857 0.5000000
vt 0.0000000 0.5714286
vt 0.0357143 0.5714286
vt 0.0714286 0.5714286
vt 0.1071429 0.5714286
vt 0.1428571 0.5714286
vt 0.1785714 0.5714286
vt 0.2142857 0.5714286
vt 0.2500000 0.5714286
vt 0.2857143 0.5714286
vt 0.3214286 0.5714286
vt 0.3571429 0.5714286
vt 0.3928571 0.5714286
vt 0.4285714 0.5714286
vt 0.4642857 0.5714286
vt 0.5000000 0.5714286
vt 0.5357143 0.5714286
vt 0.5714286 0.5714286
vt 0.6071429 0.5714286
vt 0.6428571 0.5714286
vt 0.6785714 0.5714286
vt 0.7142857 0.5714286
vt 0.7500000 0.5714286
vt 0.7857143 0.5714286
vt 0.8214286 0.5714286
vt 0.8571429 0.5714286
vt 0.8928571 0.5714286
vt 0.9285714 0.5714286
vt 0.9642857 0.5714286
vt 0.0000000 0.6428571
vt 0.0357143 0.6428571
vt 0.0714286 0.6428571
vt 0.1071429 0.6428571
vt 0.1428571 0.6428571
vt 0.1785714 0.6428571
vt 0.2142857 0.6428571
vt 0.2500000 0.6428571
vt 0.2857143 0.6428571
vt 0.3214286 0.6428571
vt 0.3571429 0.6428571
vt 0.3928571 0.6428571
vt 0.4285714 0.6428571
vt 0.4642857 0.6428571
vt 0.5000000 0.6428571
vt 0.5357143 0.6428571
vt 0.5714286 0.6428571
vt 0.6071429 0.6428571
vt 0.6428571 0.6428571
vt 0.6785714 0.6428571
vt 0.7142857 0.6428571
vt 0.7500000 0.6428571
vt 0.7857143 0.6428571
vt 0.8214286 0.6428571
vt 0.8571429 0.6428571
vt 0.8928571 0.6428571
vt 0.9285714 0.6428571
vt 0.9642857 0.6428571
vt 0.0000000 0.7142857
vt 0.0357143 0.7142857
vt 0.0714286 0.7142857
vt 0.1071429 0.7142857
vt 0.1428571 0.7142857
vt 0.1785714 0.7142857
vt 0.2142857 0.7142857
vt 0.2500000 0.7142857
vt 0.2857143 0.7142857
vt 0.3214286 0.7142857
vt 0.3571429 0.7142857
vt 0.3928571 0.7142857
vt 0.4285714 0.7142857
vt 0.4642857 0.7142857
vt 0.5000000 0.7142857
vt 0.5357143 0.7142857
vt 0.5714286 0.7142857
vt 0.6071429 0.7142857
vt 0.6428571 0.7142857
vt 0.6785714 0.7142857
vt 0.7142857 0.7142857
vt 0.7500000 0.7142857
vt 0.7857143 0.7142857
vt 0.8214286 0.7142857
vt 0.8571429 0.7142857
vt 0.8928571 0.7142857
vt 0.9285714 0.7142857
vt 0.9642857 0.7142857
vt 0.0000000 0.7857143
vt 0.0357143 0.7857143
vt 0.0714286 0.7857143
vt 0.1071429 0.7857143
vt 0.1428571 0.7857143
vt 0.1785714 0.7857143
vt 0.2142857 0.7857143
vt 0.2500000 0.7857143
vt 0.2857143 0.7857143
vt 0.3214286 0.7857143
vt 0.3571429 0.7857143
vt 0.3928571 0.7857143
vt 0.4285714 0.7857143
vt 0.4642857 0.7857143
vt 0.5000000 0.7857143
vt 0.5357143 0.7857143
vt 0.5714286 0.7857143
vt 0.6071429 0.7857143
vt 0.6428571 0.7857143
vt 0.6785714 0.7857143
vt 0.7142857 0.7857143
vt 0.7500000 0.7857143
vt 0.7857143 0.7857143
vt 0.8214286 0.7857143
vt 0.8571429 0.7857143
vt 0.8928571 0.7857143
vt 0.9285714 0.7857143
vt 0.9642857 0.7857143
vt 0.0000000 0.8571429
vt 0.0357143 0.8571429
vt 0.0714286 0.8571429
vt 0.1071429 0.8571429
vt 0.1428571 0.8571429
vt 0.1785714 0.8571429
vt 0.2142857 0.8571429
vt 0.2500000 0.8571429
vt 0.2857143 0.8571429
vt 0.3214286 0.8571429
vt 0.3571429 0.8571429
vt 0.3928571 0.8571429
vt 0.4285714 0.8571429
vt 0.4642857 0.8571429
vt 0.5000000 0.8571429
vt 0.5357143 0.8571429
vt 0.5714286 0.8571429
vt 0.6071429 0.8571429
vt 0.6428571 0.8571429
vt 0.6785714 0.8571429
vt 0.7142857 0.8571429
vt 0.7500000 0.8571429
vt 0.7857143 0.8571429
vt 0.8214286 0.8571429
vt 0.8571429 0.8571429
vt 0.8928571 0.8571429
vt 0.9285714 0.8571429
vt 0.9642857 0.8571429
vt 0.0000000 0.9285714
vt 0.0357143 0.9285714
vt 0.0714286 0.9285714
vt 0.1071429 0.9285714
vt 0.1428571 0.9285714
vt 0.1785714 0.9285714
vt 0.2142857 0.9285714
vt 0.2500000 0.9285714
vt 0.2857143 0.9285714
vt 0.3214286 0.9285714
vt 0.3571429 0.9285714
vt 0.3928571 0.9285714
vt 0.4285714 0.9285714
vt 0.4642857 0.9285714
vt 0.5000000 0.9285714
vt 0.5357143 0.9285714
vt 0.5714286 0.9285714
vt 0.6071429 0.9285714
vt 0.6428571 0.9285714
vt 0.6785714 0.9285714
vt 0.7142857 0.9285714
vt 0.7500000 0.9285714
vt 0.7857143 0.9285714
vt 0.8214286 0.9285714
vt 0.8571429 0.9285714
vt 0.8928571 0.9285714
vt 0.9285714 0.9285714
vt 0.9642857 0.9285714
vt 0.0000000 1.0000000
vt 0.0357143 1.0000000
vt 0.0714286 1.0000000
vt 0.1071429 1.0000000
vt 0.1428571 1.0000000
vt 0.1785714 1.0000000
vt 0.2142857 1.0000000
vt 0.2500000 1.0000000
vt 0.2857143 1.0000000
vt 0.3214286 1.0000000
vt 0.3571429 1.0000000
vt 0.3928571 1.0000000
vt 0.4285714 1.0000000
vt 0.4642857 1.0000000
vt 0.5000000 1.0000000
vt 0.5357143 1.0000000
vt 0.5714286 1.0000000
vt 0.6071429 1.0000000
vt 0.6428571 1.0000000
vt 0.6785714 1.0000000
vt 0.7142857 1.0000000
vt 0.7500000 1.0000000
vt 0.7857143 1.0000000
vt 0.8214286 1.0000000
vt 0.8571429 1.0000000
vt 0.8928571 1.0000000
vt 0.9285714 1.0000000
vt 0.9642857 1.0000000
vt 0.0000000 0.0000000
vt 0.0357143 0.0000000
vt 0.0714286 0.0000000
vt 0.1071429 0.0000000
vt 0.1428571 0.0000000
vt 0.1785714 0.0000000
vt 0.2142857 0.0000000
vt 0.2500000 0.0000000
vt 0.2857143 0.0000000
vt 0.3214286 0.0000000
vt 0.3571429 0.0000000
vt 0.3928571 0.0000000
vt 0.4285714 0.0000000
vt 0.4642857 0.0000000
vt 0.5000000 0.0000000
vt 0.5357143 0.0000000
vt 0.5714286 0.0000000
vt 0.6071429 0.0000000
vt 0.6428571 0.0000000
vt 0.6785714 0.0000000
vt 0.7142857 0.0000000
vt 0.7500000 0.0000000
vt 0.7857143 0.0000000
vt 0.8214286 0.0000000
vt 0.8571429 0.0000000
vt 0.8928571 0.0000000
vt 0.9285714 0.0000000
vt 0.9642857 0.0000000
vt 0.0000000 0.0714286
vt 0.0357143 0.0714286
vt 0.0714286 0.0714286
vt 0.1071429 0.0714286
vt 0.1428571 0.0714286
vt 0.1785714 0.0714286
vt 0.2142857 0.0714286
vt 0.2500000 0.0714286
vt 0.2857143 0.0714286
vt 0.3214286 0.0714286
vt 0.3571429 0.0714286
vt 0.3928571 0.0714286
vt 0.4285714 0.0714286
vt 0.4642857 0.0714286
vt 0.5000000 0.0714286
vt 0.5357143 0.0714286
vt 0.5714286 0.0714286
vt 0.6071429 0.0714286
vt 0.6428571 0.0714286
vt 0.6785714 0.0714286
vt 0.7142857 0.0714286
vt 0.7500000 0.0714286
vt 0.7857143 0.0714286
vt 0.8214286 0.0714286
vt 0.8571429 0.0714286
vt 0.8928571 0.0714286
vt 0.9285714 0.0714286
vt 0.9642857 0.0714286
vt 0.0000000 0.1428571
vt 0.0357143 0.1428571
vt 0.0714286 0.1428571
vt 0.1071429 0.1428571
vt 0.1428571 0.1428571
vt 0.1785714 0.1428571
vt 0.2142857 0.1428571
vt 0.2500000 0.1428571
vt 0.2857143 0.1428571
vt 0.3214286 0.1428571
vt 0.3571429 0.1428571
vt 0.3928571 0.1428571
vt 0.4285714 0.1428571
vt 0.4642857 0.1428571
vt 0.5000000 0.1428571
vt 0.5357143 0.1428571
vt 0.5714286 0.1428571
vt 0.6071429 0.1428571
vt 0.6428571 0.1428571
vt 0.6785714 0.1428571
vt 0.7142857 0.1428571
vt 0.7500000 0.1428571
vt 0.7857143 0.1428571
vt 0.8214286 0.1428571
vt 0.8571429 0.1428571
vt 0.8928571 0.1428571
vt 0.9285714 0.1428571
vt 0.9642857 0.1428571
vt 0.0000000 0.2142857
vt 0.0357143 0.2142857
vt 0.0714286 0.2142857
vt 0.1071429 0.2142857
vt 0.1428571 0.2142857
vt 0.1785714 0.2142857
vt 0.2142857 0.2142857
vt 0.2500000 0.2142857
vt 0.2857143 0.2142857
vt 0.3214286 0.2142857
vt 0.3571429 0.2142857
vt 0.3928571 0.2142857
vt 0.4285714 0.2142857
vt 0.4642857 0.2142857
vt 0.5000000 0.2142857
vt 0.5357143 0.2142857
vt 0.5714286 0.2142857
vt 0.6071429 0.2142857
vt 0.6428571 0.2142857
vt 0.6785714 0.2142857
vt 0.7142857 0.2142857
vt 0.7500000 0.2142857
vt 0.7857143 0.2142857
vt 0.8214286 0.2142857
vt 0.8571429 0.2142857
vt 0.8928571 0.2142857
vt 0.9285714 0.2142857
vt 0.9642857 0.2142857
vt 0.0000000 0.2857143
vt 0.0357143 0.2857143
vt 0.0714286 0.2857143
vt 0.1071429 0.2857143
vt 0.1428571 0.2857143
vt 0.1785714 0.2857143
vt 0.2142857 0.2857143
vt 0.2500000 0.2857143
vt 0.2857143 0.2857143
vt 0.3214286 0.2857143
vt 0.3571429 0.2857143
vt 0.3928571 0.2857143
vt 0.4285714 0.2857143
vt 0.4642857 0.2857143
vt 0.5000000 0.2857143
vt 0.5357143 0.2857143
vt 0.5714286 0.2857143
vt 0.6071429 0.2857143
vt 0.6428571 0.2857143
vt 0.6785714 0.2857143
vt 0.7142857 0.2857143
vt 0.7500000 0.2857143
vt 0.7857143 0.2857143
vt 0.8214286 0.2857143
vt 0.8571429 0.2857143
vt 0.8928571 0.2857143
vt 0.9285714 0.2857143
vt 0.9642857 0.2857143
vt 0.0000000 0.3571429
vt 0.0357143 0.3571429
vt 0.0714286 0.3571429
vt 0.1071429 0.3571429
vt 0.1428571 0.3571429
vt 0.1785714 0.3571429
vt 0.2142857 0.3571429
vt 0.2500000 0.3571429
vt 0.2857143 0.3571429
vt 0.3214286 0.3571429
vt 0.3571429 0.3571429
vt 0.3928571 0.3571429
vt 0.4285714 0.3571429
vt 0.4642857 0.3571429
vt 0.5000000 0.3571429
vt 0.5357143 0.3571429
vt 0.5714286 0.3571429
vt 0.6071429 0.3571429
vt 0.6428571 0.3571429
vt 0.6785714 0.3571429
vt 0.7142857 0.3571429
vt 0.7500000 0.3571429
vt 0.7857143 0.3571429
vt 0.8214286 0.3571429
vt 0.8571429 0.3571429
vt 0.8928571 0.3571429
vt 0.9285714 0.3571429
vt 0.9642857 0.3571429
vt 0.0000000 0.4285714
vt 0.0357143 0.4285714
vt 0.0714286 0.4285714
vt 0.1071429 0.4285714
vt 0.1428571 0.4285714
vt 0.1785714 0.4285714
vt 0.2142857 0.4285714
vt 0.2500000 0.4285714
vt 0.2857143 0.4285714
vt 0.3214286 0.4285714
vt 0.3571429 0.4285714
vt 0.3928571 0.4285714
vt 0.4285714 0.4285714
vt 0.4642857 0.4285714
vt 0.5000000 0.4285714
vt 0.5357143 0.4285714
vt 0.5714286 0.4285714
vt 0.6071429 0.4285714
vt 0.6428571 0.4285714
vt 0.6785714 0.4285714
vt 0.7142857 0.4285714
vt 0.7500000 0.4285714
vt 0.7857143 0.4285714
vt 0.8214286 0.4285714
vt 0.8571429 0.4285714
vt 0.8928571 0.4285714
vt 0.9285714 0.4285714
vt 0.9642857 0.4285714
vt 0.0000000 0.5000000
vt 0.0357143 0.5000000
vt 0.0714286 0.5000000
vt 0.1071429 0.5000000
vt 0.1428571 0.5000000
vt 0.1785714 0.5000000
vt 0.2142857 0.5000000
vt 0.2500000 0.5000000
vt 0.2857143 0.5000000
vt 0.3214286 0.5000000
vt 0.3571429 0.5000000
vt 0.3928571 0.5000000
vt 0.4285714 0.5000000
vt 0.4642857 0.5000000
vt 0.5000000 0.5000000
vt 0.5357143 0.5000000
vt 0.5714286 0.5000000
vt 0.6071429 0.5000000
vt 0.6428571 0.5000000
vt 0.6785714 0.5000000
vt 0.7142857 0.5000000
vt 0.7500000 0.5000000
vt 0.7857143 0.5000000
vt 0.8214286 0.5000000
vt 0.8571429 0.5000000
vt 0.8928571 0.5000000
vt 0.9285714 0.5000000
vt 0.9642857 0.5000000
vt 0.0000000 0.5714286
vt 0.0357143 0.5714286
vt 0.0714286 0.5714286
vt 0.1071429 0.5714286
vt 0.1428571 0.5714286
vt 0.1785714 0.5714286
vt 0.2142857 0.5714286
vt 0.2500000 0.5714286
vt 0.2857143 0.5714286
vt 0.3214286 0.5714286
vt 0.3571429 0.5714286
vt 0.3928571 0.5714286
vt 0.4285714 0.5714286
vt 0.4642857 0.5714286
vt 0.5000000 0.5714286
vt 0.5357143 0.5714286
vt 0.5714286 0.5714286
vt 0.6071429 0.5714286
vt 0.6428571 0.5714286
vt 0.6785714 0.5714286
vt 0.7142857 0.5714286
vt 0.7500000 0.5714286
vt 0.7857143 0.5714286
vt 0.8214286 0.5714286
vt 0.8571429 0.5714286
vt 0.8928571 0.5714286
vt 0.9285714 0.5714286
vt 0.9642857 0.5714286
vt 0.0000000 0.6428571
vt 0.0357143 0.6428571
vt 0.0714286 0.6428571
vt 0.1071429 0.6428571
vt 0.1428571 0.6428571
vt 0.1785714 0.6428571
vt 0.2142857 0.6428571
vt 0.2500000 0.6428571
vt 0.2857143 0.6428571
vt 0.3214286 0.6428571
vt 0.3571429 0.6428571
vt 0.3928571 0.6428571
vt 0.4285714 0.6428571
vt 0.4642857 0.6428571
vt 0.5000000 0.6428571
vt 0.5357143 0.6428571
vt 0.5714286 0.6428571
vt 0.6071429 0.6428571
vt 0.6428571 0.6428571
vt 0.6785714 0.6428571
vt 0.7142857 0.6428571
vt 0.7500000 0.6428571
vt 0.7857143 0.6428571
vt 0.8214286 0.6428571
vt 0.8571429 0.6428571
vt 0.8928571 0.6428571
vt 0.9285714 0.6428571
vt 0.9642857 0.6428571
vt 0.0000000 0.7142857
vt 0.0357143 0.7142857
vt 0.0714286 0.7142857
vt 0.1071429 0.7142857
vt 0.1428571 0.7142857
vt 0.1785714 0.7142857
vt 0.2142857 0.7142857
vt 0.2500000 0.7142857
vt 0.2857143 0.7142857
vt 0.3214286 0.7142857
vt 0.3571429 0.7142857
vt 0.3928571 0.7142857
vt 0.4285714 0.7142857
vt 0.4642857 0.7142857
vt 0.5000000 0.7142857
vt 0.5357143 0.7142857
vt 0.5714286 0.7142857
vt 0.6071429 0.7142857
vt 0.6428571 0.7142857
vt 0.6785714 0.7142857
vt 0.7142857 0.7142857
vt 0.7500000 0.7142857
vt 0.7857143 0.7142857
vt 0.8214286 0.7142857
vt 0.8571429 0.7142857
vt 0.8928571 0.7142857
vt 0.9285714 0.7142857
vt 0.9642857 0.7142857
vt 0.0000000 0.7857143
vt 0.0357143 0.7857143
vt 0.0714286 0.7857143
vt 0.1071429 0.7857143
vt 0.1428571 0.7857143
vt 0.1785714 0.7857143
vt 0.2142857 0.7857143
vt 0.2500000 0.7857143
vt 0.2857143 0.7857143
vt 0.3214286 0.7857143
vt 0.3571429 0.7857143
vt 0.3928571 0.7857143
vt 0.4285714 0.7857143
vt 0.4642857 0.7857143
vt 0.5000000 0.7857143
vt 0.5357143 0.7857143
vt 0.5714286 0.7857143
vt 0.6071429 0.7857143
vt 0.6428571 0.7857143
vt 0.6785714 0.7857143
vt 0.7142857 0.7857143
vt 0.7500000 0.7857143
vt 0.7857143 0.7857143
vt 0.8214286 0.7857143
vt 0.8571429 0.7857143
vt 0.8928571 0.7857143
vt 0.9285714 0.7857143
vt 0.9642857 0.7857143
vt 0.0000000 0.8571429
vt 0.0357143 0.8571429
vt 0.0714286 0.8571429
vt 0.1071429 0.8571429
vt 0.1428571 0.8571429
vt 0.1785714 0.8571429
vt 0.2142857 0.8571429
vt 0.2500000 0.8571429
vt 0.2857143 0.8571429
vt 0.3214286 0.8571429
vt 0.3571429 0.8571429
vt 0.3928571 0.8571429
vt 0.4285714 0.8571429
vt 0.4642857 0.8571429
vt 0.5000000 0.8571429
vt 0.5357143 0.8571429
vt 0.5714286 0.8571429
vt 0.6071429 0.8571429
vt 0.6428571 0.8571429
vt 0.6785714 0.8571429
vt 0.7142857 0.8571429
vt 0.7500000 0.8571429
vt 0.7857143 0.8571429
vt 0.8214286 0.8571429
vt 0.8571429 0.8571429
vt 0.8928571 0.8571429
vt 0.9285714 0.8571429
vt 0.9642857 0.8571429
vt 0.0000000 0.9285714
vt 0.0357143 0.9285714
vt 0.0714286 0.9285714
vt 0.1071429 0.9285714
vt 0.1428571 0.9285714
vt 0.1785714 0.9285714
vt 0.2142857 0.9285714
vt 0.2500000 0.9285714
vt 0.2857143 0.9285714
vt 0.3214286 0.9285714
vt 0.3571429 0.9285714
vt 0.3928571 0.9285714
vt 0.4285714 0.9285714
vt 0.4642857 0.9285714
vt 0.5000000 0.9285714
vt 0.5357143 0.9285714
vt 0.5714286 0.9285714
vt 0.6071429 0.9285714
vt 0.6428571 0.9285714
vt 0.6785714 0.9285714
vt 0.7142857 0.9285714
vt 0.7500000 0.9285714
vt 0.7857143 0.9285714
vt 0.8214286 0.9285714
vt 0.8571429 0.9285714
vt 0.8928571 0.9285714
vt 0.9285714 0.9285714
vt 0.9642857 0.9285714
vt 0.0000000 1.0000000
vt 0.0357143 1.0000000
vt 0.0714286 1.0000000
vt 0.1071429 1.0000000
vt 0.1428571 1.0000000
vt 0.1785714 1.0000000
vt 0.2142857 1.0000000
vt 0.2500000 1.0000000
vt 0.2857143 1.0000000
vt 0.3214286 1.0000000
vt 0.3571429 1.0000000
vt 0.3928571 1.0000000
vt 0.4285714 1.0000000
vt 0.4642857 1.0000000
vt 0.5000000 1.0000000
vt 0.5357143 1.0000000
vt 0.5714286 1.0000000
vt 0.6071429 1.0000000
vt 0.6428571 1.0000000
vt 0.6785714 1.0000000
vt 0.7142857 1.0000000
vt 0.7500000 1.0000000
vt 0.7857143 1.0000000
vt 0.8214286 1.0000000
vt 0.8571429 1.0000000
vt 0.8928571 1.0000000
vt 0.9285714 1.0000000
vt 0.9642857 1.0000000
vt 0.0000000 0.0000000
vt 0.0357143 0.0000000
vt 0.0714286 0.0000000
vt 0.1071429 0.0000000
vt 0.1428571 0.0000000
vt 0.1785714 0.0000000
vt 0.2142857 0.0000000
vt 0.2500000 0.0000000
vt 0.2857143 0.0000000
vt 0.3214286 0.0000000
vt 0.3571429 0.0000000
vt 0.3928571 0.0000000
vt 0.4285714 0.0000000
vt 0.4642857 0.0000000
vt 0.5000000 0.0000000
vt 0.5357143 0.0000000
vt 0.5714286 0.0000000
vt 0.6071429 0.0000000
vt 0.6428571 0.0000000
vt 0.6785714 0.0000000
vt 0.7142857 0.0000000
vt 0.7500000 0.0000000
vt 0.7857143 0.0000000
vt 0.8214286 0.0000000
vt 0.8571429 0.0000000
vt 0.8928571 0.0000000
vt 0.9285714 0.0000000
vt 0.9642857 0.0000000
vt 0.0000000 0.0714286
vt 0.0357143 0.0714286
vt 0.0714286 0.0714286
vt 0.1071429 0.0714286
vt 0.1428571 0.0714286
vt 0.1785714 0.0714286
vt 0.2142857 0.0714286
vt 0.2500000 0.0714286
vt 0.2857143 0.0714286
vt 0.3214286 0.0714286
vt 0.3571429 0.0714286
vt 0.3928571 0.0714286
vt 0.4285714 0.0714286
vt 0.4642857 0.0714286
vt 0.5000000 0.0714286
vt 0.5357143 0.0714286
vt 0.5714286 0.0714286
vt 0.6071429 0.0714286
vt 0.6428571 0.0714286
vt 0.6785714 0.0714286
vt 0.7142857 0.0714286
vt 0.7500000 0.0714286
vt 0.7857143 0.0714286
vt 0.8214286 0.0714286
vt 0.8571429 0.0714286
vt 0.8928571 0.0714286
vt 0.9285714 0.0714286
vt 0.9642857 0.0714286
vt 0.0000000 0.1428571
vt 0.0357143 0.1428571
vt 0.0714286 0.1428571
vt 0.1071429 0.1428571
vt 0.1428571 0.1428571
vt 0.1785714 0.1428571
vt 0.2142857 0.1428571
vt 0.2500000 0.1428571
vt 0.2857143 0.1428571
vt 0.3214286 0.1428571
vt 0.3571429 0.1428571
vt 0.3928571 0.1428571
vt 0.4285714 0.1428571
vt 0.4642857 0.1428571
vt 0.5000000 0.1428571
vt 0.5357143 0.1428571
vt 0.5714286 0.1428571
vt 0.6071429 0.1428571
vt 0.6428571 0.1428571
vt 0.6785714 0.1428571
vt 0.7142857 0.1428571
vt 0.7500000 0.1428571
vt 0.7857143 0.1428571
vt 0.8214286 0.1428571
vt 0.8571429 0.1428571
vt 0.8928571 0.1428571
vt 0.9285714 0.1428571
vt 0.9642857 0.1428571
vt 0.0000000 0.2142857
vt 0.0357143 0.2142857
vt 0.0714286 0.2142857
vt 0.1071429 0.2142857
vt 0.1428571 0.2142857
vt 0.1785714 0.2142857
vt 0.2142857 0.2142857
vt 0.2500000 0.2142857
vt 0.2857143 0.2142857
vt 0.3214286 0.2142857
vt 0.3571429 0.2142857
vt 0.3928571 0.2142857
vt 0.4285714 0.2142857
vt 0.4642857 0.2142857
vt 0.5000000 0.2142857
vt 0.5357143 0.2142857
vt 0.5714286 0.2142857
vt 0.6071429 0.2142857
vt 0.6428571 0.2142857
vt 0.6785714 0.2142857
vt 0.7142857 0.2142857
vt 0.7500000 0.2142857
vt 0.7857143 0.2142857
vt 0.8214286 0.2142857
vt 0.8571429 0.2142857
vt 0.8928571 0.2142857
vt 0.9285714 0.2142857
vt 0.9642857 0.2142857
vt 0.0000000 0.2857143
vt 0.0357143 0.2857143
vt 0.0714286 0.2857143
vt 0.1071429 0.2857143
vt 0.1428571 0.2857143
vt 0.1785714 0.2857143
vt 0.2142857 0.2857143
vt 0.2500000 0.2857143
vt 0.2857143 0.2857143
vt 0.3214286 0.2857143
vt 0.3571429 0.2857143
vt 0.3928571 0.2857143
vt 0.4285714 0.2857143
vt 0.4642857 0.2857143
vt 0.5000000 0.2857143
vt 0.5357143 0.2857143
vt 0.5714286 0.2857143
vt 0.6071429 0.2857143
vt 0.6428571 0.2857143
vt 0.6785714 0.2857143
vt 0.7142857 0.2857143
vt 0.7500000 0.2857143
vt 0.7857143 0.2857143
vt 0.8214286 0.2857143
vt 0.8571429 0.2857143
vt 0.8928571 0.2857143
vt 0.9285714 0.2857143
vt 0.9642857 0.2857143
vt 0.0000000 0.3571429
vt 0.0357143 0.3571429
vt 0.0714286 0.3571429
vt 0.1071429 0.3571429
vt 0.1428571 0.3571429
vt 0.1785714 0.3571429
vt 0.2142857 0.3571429
vt 0.2500000 0.3571429
vt 0.2857143 0.3571429
vt 0.3214286 0.3571429
vt 0.3571429 0.3571429
vt 0.3928571 0.3571429
vt 0.4285714 0.3571429
vt 0.4642857 0.3571429
vt 0.5000000 0.3571429
vt 0.5357143 0.3571429
vt 0.5714286 0.3571429
vt 0.6071429 0.3571429
vt 0.6428571 0.3571429
vt 0.6785714 0.3571429
vt 0.7142857 0.3571429
vt 0.7500000 0.3571429
vt 0.7857143 0.3571429
vt 0.8214286 0.3571429
vt 0.8571429 0.3571429
vt 0.8928571 0.3571429
vt 0.9285714 0.3571429
vt 0.9642857 0.3571429
vt 0.0000000 0.4285714
vt 0.0357143 0.4285714
vt 0.0714286 0.4285714
vt 0.1071429 0.4285714
vt 0.1428571 0.4285714
vt 0.1785714 0.4285714
vt 0.2142857 0.4285714
vt 0.2500000 0.4285714
vt 0.2857143 0.4285714
vt 0.3214286 0.4285714
vt 0.3571429 0.4285714
vt 0.3928571 0.4285714
vt 0.4285714 0.4285714
vt 0.4642857 0.4285714
vt 0.5000000 0.4285714
vt 0.5357143 0.4285714
vt 0.5714286 0.4285714
vt 0.6071429 0.4285714
vt 0.6428571 0.4285714
vt 0.6785714 0.4285714
vt 0.7142857 0.4285714
vt 0.7500000 0.4285714
vt 0.7857143 0.4285714
vt 0.8214286 0.4285714
vt 0.8571429 0.4285714
vt 0.8928571 0.4285714
vt 0.9285714 0.4285714
vt 0.9642857 0.4285714
vt 0.0000000 0.5000000
vt 0.0357143 0.5000000
vt 0.0714286 0.5000000
vt 0.1071429 0.5000000
vt 0.1428571 0.5000000
vt 0.1785714 0.5000000
vt 0.2142857 0.5000000
vt 0.2500000 0.5000000
vt 0.2857143 0.5000000
vt 0.3214286 0.5000000
vt 0.3571429 0.5000000
vt 0.3928571 0.5000000
vt 0.4285714 0.5000000
vt 0.4642857 0.5000000
vt 0.5000000 0.5000000
vt 0.5357143 0.5000000
vt 0.5714286 0.5000000
vt 0.6071429 0.5000000
vt 0.6428571 0.5000000
vt 0.6785714 0.5000000
vt 0.7142857 0.5000000
vt 0.7500000 0.5000000
vt 0.7857143 0.5000000
vt 0.8214286 0.5000000
vt 0.8571429 0.5000000
vt 0.8928571 0.5000000
vt 0.9285714 0.5000000
vt 0.9642857 0.5000000
vt 0.0000000 0.5714286
vt 0.0357143 0.5714286
vt 0.0714286 0.5714286
vt 0.1071429 0.5714286
vt 0.1428571 0.5714286
vt 0.1785714 0.5714286
vt 0.2142857 0.5714286
vt 0.2500000 0.5714286
vt 0.2857143 0.5714286
vt 0.3214286 0.5714286
vt 0.3571429 0.5714286
vt 0.3928571 0.5714286
vt 0.4285714 0.5714286
vt 0.4642857 0.5714286
vt 0.5000000 0.5714286
vt 0.5357143 0.5714286
vt 0.5714286 0.5714286
vt 0.6071429 0.5714286
vt 0.6428571 0.5714286
vt 0.6785714 0.5714286
vt 0.7142857 0.5714286
vt 0.7500000 0.5714286
vt 0.7857143 0.5714286
vt 0.8214286 0.5714286
vt 0.8571429 0.5714286
vt 0.8928571 0.5714286
vt 0.9285714 0.5714286
vt 0.9642857 0.5714286
vt 0.0000000 0.6428571
vt 0.0357143 0.6428571
vt 0.0714286 0.6428571
vt 0.1071429 0.6428571
vt 0.1428571 0.6428571
vt 0.1785714 0.6428571
vt 0.2142857 0.6428571
vt 0.2500000 0.6428571
vt 0.2857143 0.6428571
vt 0.3214286 0.6428571
vt 0.3571429 0.6428571
vt 0.3928571 0.6428571
vt 0.4285714 0.6428571
vt 0.4642857 0.6428571
vt 0.5000000 0.6428571
vt 0.5357143 0.6428571
vt 0.5714286 0.6428571
vt 0.6071429 0.6428571
vt 0.6428571 0.6428571
vt 0.6785714 0.6428571
vt 0.7142857 0.6428571
vt 0.7500000 0.6428571
vt 0.7857143 0.6428571
vt 0.8214286 0.6428571
vt 0.8571429 0.6428571
vt 0.8928571 0.6428571
vt 0.9285714 0.6428571
vt 0.9642857 0.6428571
vt 0.0000000 0.7142857
vt 0.0357143 0.7142857
vt 0.0714286 0.7142857
vt 0.1071429 0.7142857
vt 0.1428571 0.7142857
vt 0.1785714 0.7142857
vt 0.2142857 0.7142857
vt 0.2500000 0.7142857
vt 0.2857143 0.7142857
vt 0.3214286 0.7142857
vt 0.3571429 0.7142857
vt 0.3928571 0.7142857
vt 0.4285714 0.7142857
vt 0.4642857 0.7142857
vt 0.5000000 0.7142857
vt 0.5357143 0.7142857
vt 0.5714286 0.7142857
vt 0.6071429 0.7142857
vt 0.6428571 0.7142857
vt 0.6785714 0.7142857
vt 0.7142857 0.7142857
vt 0.7500000 0.7142857
vt 0.7857143 0.7142857
vt 0.8214286 0.7142857
vt 0.8571429 0.7142857
vt 0.8928571 0.7142857
vt 0.9285714 0.7142857
vt 0.9642857 0.7142857
vt 0.0000000 0.7857143
vt 0.0357143 0.7857143
vt 0.0714286 0.7857143
vt 0.1071429 0.7857143
vt 0.1428571 0.7857143
vt 0.1785714 0.7857143
vt 0.2142857 0.7857143
vt 0.2500000 0.7857143
vt 0.2857143 0.7857143
vt 0.3214286 0.7857143
vt 0.3571429 0.7857143
vt 0.3928571 0.7857143
vt 0.4285714 0.7857143
vt 0.4642857 0.7857143
vt 0.5000000 0.7857143
vt 0.5357143 0.7857143
vt 0.5714286 0.7857143
vt 0.6071429 0.7857143
vt 0.6428571 0.7857143
vt 0.6785714 0.7857143
vt 0.7142857 0.7857143
vt 0.7500000 0.7857143
vt 0.7857143 0.7857143
vt 0.8214286 0.7857143
vt 0.8571429 0.7857143
vt 0.8928571 0.7857143
vt 0.9285714 0.7857143
vt 0.9642857 0.7857143
vt 0.0000000 0.8571429
vt 0.0357143 0.8571429
vt 0.0714286 0.8571429
vt 0.1071429 0.8571429
vt 0.1428571 0.8571429
vt 0.1785714 0.8571429
vt 0.2142857 0.8571429
vt 0.2500000 0.8571429
vt 0.2857143 0.8571429
vt 0.3214286 0.8571429
vt 0.3571429 0.8571429
vt 0.3928571 0.8571429
vt 0.4285714 0.8571429
vt 0.4642857 0.8571429
vt 0.5000000 0.8571429
vt 0.5357143 0.8571429
vt 0.5714286 0.8571429
vt 0.6071429 0.8571429
vt 0.6428571 0.8571429
vt 0.6785714 0.8571429
vt 0.7142857 0.8571429
vt 0.7500000 0.8571429
vt 0.7857143 0.8571429
vt 0.8214286 0.8571429
vt 0.8571429 0.8571429
vt 0.8928571 0.8571429
vt 0.9285714 0.8571429
vt 0.9642857 0.8571429
vt 0.0000000 0.9285714
vt 0.0357143 0.9285714
vt 0.0714286 0.9285714
vt 0.1071429 0.9285714
vt 0.1428571 0.9285714
vt 0.1785714 0.9285714
vt 0.2142857 0.9285714
vt 0.2500000 0.9285714
vt 0.2857143 0.9285714
vt 0.3214286 0.9285714
vt 0.3571429 0.9285714
vt 0.3928571 0.9285714
vt 0.4285714 0.9285714
vt 0.4642857 0.9285714
vt 0.5000000 0.9285714
vt 0.5357143 0.9285714
vt 0.5714286 0.9285714
vt 0.6071429 0.9285714
vt 0.6428571 0.9285714
vt 0.6785714 0.9285714
vt 0.7142857 0.9285714
vt 0.7500000 0.9285714
vt 0.7857143 0.9285714
vt 0.8214286 0.9285714
vt 0.8571429 0.9285714
vt 0.8928571 0.9285714
vt 0.9285714 0.9285714
vt 0.9642857 0.9285714
vt 0.0000000 1.0000000
vt 0.0357143 1.0000000
vt 0.0714286 1.0000000
vt 0.1071429 1.0000000
vt 0.1428571 1.0000000
vt 0.1785714 1.0000000
vt 0.2142857 1.0000000
vt 0.2500000 1.0000000
vt 0.2857143 1.0000000
vt 0.3214286 1.0000000
vt 0.3571429 1.0000000
vt 0.3928571 1.0000000
vt 0.4285714 1.0000000
vt 0.4642857 1.0000000
vt 0.5000000 1.0000000
vt 0.5357143 1.0000000
vt 0.5714286 1.0000000
vt 0.6071429 1.0000000
vt 0.6428571 1.0000000
vt 0.6785714 1.0000000
vt 0.7142857 1.0000000
vt 0.7500000 1.0000000
vt 0.7857143 1.0000000
vt 0.8214286 1.0000000
vt 0.8571429 1.0000000
vt 0.8928571 1.0000000
vt 0.9285714 1.0000000
vt 0.9642857 1.0000000
vt 0.0000000 0.0000000
vt 0.0357143 0.0000000
vt 0.0714286 0.0000000
vt 0.1071429 0.0000000
vt 0.1428571 0.0000000
vt 0.1785714 0.0000000
vt 0.2142857 0.0000000
vt 0.2500000 0.0000000
vt 0.2857143 0.0000000
vt 0.3214286 0.0000000
vt 0.3571429 0.0000000
vt 0.3928571 0.0000000
vt 0.4285714 0.0000000
vt 0.4642857 0.0000000
vt 0.5000000 0.0000000
vt 0.5357143 0.0000000
vt 0.5714286 0.0000000
vt 0.6071429 0.0000000
vt 0.6428571 0.0000000
vt 0.6785714 0.0000000
vt 0.7142857 0.0000000
vt 0.7500000 0.0000000
vt 0.7857143 0.0000000
vt 0.8214286 0.0000000
vt 0.8571429 0.0000000
vt 0.8928571 0.0000000
vt 0.9285714 0.0000000
vt 0.9642857 0.0000000
vt 0.0000000 0.0714286
vt 0.0357143 0.0714286
vt 0.0714286 0.0714286
vt 0.1071429 0.0714286
vt 0.1428571 0.0714286
vt 0.1785714 0.0714286
vt 0.2142857 0.0714286
vt 0.2500000 0.0714286
vt 0.2857143 0.0714286
vt 0.3214286 0.0714286
vt 0.3571429 0.0714286
vt 0.3928571 0.0714286
vt 0.4285714 0.0714286
vt 0.4642857 0.0714286
vt 0.5000000 0.0714286
vt 0.5357143 0.0714286
vt 0.5714286 0.0714286
vt 0.6071429 0.0714286
vt 0.6428571 0.0714286
vt 0.6785714 0.0714286
vt 0.7142857 0.0714286
vt 0.7500000 0.0714286
vt 0.7857143 0.0714286
vt 0.8214286 0.0714286
vt 0.8571429 0.0714286
vt 0.8928571 0.0714286
vt 0.9285714 0.0714286
vt 0.9642857 0.0714286
vt 0.0000000 0.1428571
vt 0.0357143 0.1428571
vt 0.0714286 0.1428571
vt 0.1071429 0.1428571
vt 0.1428571 0.1428571
vt 0.1785714 0.1428571
vt 0.2142857 0.1428571
vt 0.2500000 0.1428571
vt 0.2857143 0.1428571
vt 0.3214286 0.1428571
vt 0.3571429 0.1428571
vt 0.3928571 0.1428571
vt 0.4285714 0.1428571
vt 0.4642857 0.1428571
vt 0.5000000 0.1428571
vt 0.5357143 0.1428571
vt 0.5714286 0.1428571
vt 0.6071429 0.1428571
vt 0.6428571 0.1428571
vt 0.6785714 0.1428571
vt 0.7142857 0.1428571
vt 0.7500000 0.1428571
vt 0.7857143 0.1428571
vt 0.8214286 0.1428571
vt 0.8571429 0.1428571
vt 0.8928571 0.1428571
vt 0.9285714 0.1428571
vt 0.9642857 0.1428571
vt 0.0000000 0.2142857
vt 0.0357143 0.2142857
vt 0.0714286 0.2142857
vt 0.1071429 0.2142857
vt 0.1428571 0.2142857
vt 0.1785714 0.2142857
vt 0.2142857 0.2142857
vt 0.2500000 0.2142857
vt 0.2857143 0.2142857
vt 0.3214286 0.2142857
vt 0.3571429 0.2142857
vt 0.3928571 0.2142857
vt 0.4285714 0.2142857
vt 0.4642857 0.2142857
vt 0.5000000 0.2142857
vt 0.5357143 0.2142857
vt 0.5714286 0.2142857
vt 0.6071429 0.2142857
vt 0.6428571 0.2142857
vt 0.6785714 0.2142857
vt 0.7142857 0.2142857
vt 0.7500000 0.2142857
vt 0.7857143 0.2142857
vt 0.8214286 0.2142857
vt 0.8571429 0.2142857
vt 0.8928571 0.2142857
vt 0.9285714 0.2142857
vt 0.9642857 0.2142857
vt 0.0000000 0.2857143
vt 0.0357143 0.2857143
vt 0.0714286 0.2857143
vt 0.1071429 0.2857143
vt 0.1428571 0.2857143
vt 0.1785714 0.2857143
vt 0.2142857 0.2857143
vt 0.2500000 0.2857143
vt 0.2857143 0.2857143
vt 0.3214286 0.2857143
vt 0.3571429 0.2857143
vt 0.3928571 0.2857143
vt 0.4285714 0.2857143
vt 0.4642857 0.2857143
vt 0.5000000 0.2857143
vt 0.5357143 0.2857143
vt 0.5714286 0.2857143
vt 0.6071429 0.2857143
vt 0.6428571 0.2857143
vt 0.6785714 0.2857143
vt 0.7142857 0.2857143
vt 0.7500000 0.2857143
vt 0.7857143 0.2857143
vt 0.8214286 0.2857143
vt 0.8571429 0.2857143
vt 0.8928571 0.2857143
vt 0.9285714 0.2857143
vt 0.9642857 0.2857143
vt 0.0000000 0.3571429
vt 0.0357143 0.3571429
vt 0.0714286 0.3571429
vt 0.1071429 0.3571429
vt 0.1428571 0.3571429
vt 0.1785714 0.3571429
vt 0.2142857 0.3571429
vt 0.2500000 0.3571429
vt 0.2857143 0.3571429
vt 0.3214286 0.3571429
vt 0.3571429 0.3571429
vt 0.3928571 0.3571429
vt 0.4285714 0.3571429
vt 0.4642857 0.3571429
vt 0.5000000 0.3571429
vt 0.5357143 0.3571429
vt 0.5714286 0.3571429
vt 0.6071429 0.3571429
vt 0.6428571 0.3571429
vt 0.6785714 0.3571429
vt 0.7142857 0.3571429
vt 0.7500000 0.3571429
vt 0.7857143 0.3571429
vt 0.8214286 0.3571429
vt 0.8571429 0.3571429
vt 0.8928571 0.3571429
vt 0.9285714 0.3571429
vt 0.9642857 0.3571429
vt 0.0000000 0.4285714
vt 0.0357143 0.4285714
vt 0.0714286 0.4285714
vt 0.1071429 0.4285714
vt 0.1428571 0.4285714
vt 0.1785714 0.4285714
vt 0.2142857 0.4285714
vt 0.2500000 0.4285714
vt 0.2857143 0.4285714
vt 0.3214286 0.4285714
vt 0.3571429 0.4285714
vt 0.3928571 0.4285714
vt 0.4285714 0.4285714
vt 0.4642857 0.4285714
vt 0.5000000 0.4285714
vt 0.5357143 0.4285714
vt 0.5714286 0.4285714
vt 0.6071429 0.4285714
vt 0.6428571 0.4285714
vt 0.6785714 0.4285714
vt 0.7142857 0.4285714
vt 0.7500000 0.4285714
vt 0.7857143 0.4285714
vt 0.8214286 0.4285714
vt 0.8571429 0.4285714
vt 0.8928571 0.4285714
vt 0.9285714 0.4285714
vt 0.9642857 0.4285714
vt 0.0000000 0.5000000
vt 0.0357143 0.5000000
vt 0.0714286 0.5000000
vt 0.1071429 0.5000000
vt 0.1428571 0.5000000
vt 0.1785714 0.5000000
vt 0.2142857 0.5000000
vt 0.2500000 0.5000000
vt 0.2857143 0.5000000
vt 0.3214286 0.5000000
vt 0.3571429 0.5000000
vt 0.3928571 0.5000000
vt 0.4285714 0.5000000
vt 0.4642857 0.5000000
vt 0.5000000 0.5000000
vt 0.5357143 0.5000000
vt 0.5714286 0.5000000
vt 0.6071429 0.5000000
vt 0.6428571 0.5000000
vt 0.6785714 0.5000000
vt 0.7142857 0.5000000
vt 0.7500000 0.5000000
vt 0.7857143 0.5000000
vt 0.8214286 0.5000000
vt 0.8571429 0.5000000
vt 0.8928571 0.5000000
vt 0.9285714 0.5000000
vt 0.9642857 0.5000000
vt 0.0000000 0.5714286
vt 0.0357143 0.5714286
vt 0.0714286 0.5714286
vt 0.1071429 0.5714286
vt 0.1428571 0.5714286
vt 0.1785714 0.5714286
vt 0.2142857 0.5714286
vt 0.2500000 0.5714286
vt 0.2857143 0.5714286
vt 0.3214286 0.5714286
vt 0.3571429 0.5714286
vt 0.3928571 0.5714286
vt 0.4285714 0.5714286
vt 0.4642857 0.5714286
vt 0.5000000 0.5714286
vt 0.5357143 0.5714286
vt 0.5714286 0.5714286
vt 0.6071429 0.5714286
vt 0.6428571 0.5714286
vt 0.6785714 0.5714286
vt 0.7142857 0.5714286
vt 0.7500000 0.5714286
vt 0.7857143 0.5714286
vt 0.8214286 0.5714286
vt 0.8571429 0.5714286
vt 0.8928571 0.5714286
vt 0.9285714 0.5714286
vt 0.9642857 0.5714286
vt 0.0000000 0.6428571
vt 0.0357143 0.6428571
vt 0.0714286 0.6428571
vt 0.1071429 0.6428571
vt 0.1428571 0.6428571
vt 0.1785714 0.6428571
vt 0.2142857 0.6428571
vt 0.2500000 0.6428571
vt 0.2857143 0.6428571
vt 0.3214286 0.6428571
vt 0.3571429 0.6428571
vt 0.3928571 0.6428571
vt 0.4285714 0.6428571
vt 0.4642857 0.6428571
vt 0.5000000 0.6428571
vt 0.5357143 0.6428571
vt 0.5714286 0.6428571
vt 0.6071429 0.6428571
vt 0.6428571 0.6428571
vt 0.6785714 0.6428571
vt 0.7142857 0.6428571
vt 0.7500000 0.6428571
vt 0.7857143 0.6428571
vt 0.8214286 0.6428571
vt 0.8571429 0.6428571
vt 0.8928571 0.6428571
vt 0.9285714 0.6428571
vt 0.9642857 0.6428571
vt 0.0000000 0.7142857
vt 0.0357143 0.7142857
vt 0.0714286 0.7142857
vt 0.1071429 0.7142857
vt 0.1428571 0.7142857
vt 0.1785714 0.7142857
vt 0.2142857 0.7142857
vt 0.2500000 0.7142857
vt 0.2857143 0.7142857
vt 0.3214286 0.7142857
vt 0.3571429 0.7142857
vt 0.3928571 0.7142857
vt 0.4285714 0.7142857
vt 0.4642857 0.7142857
vt 0.5000000 0.7142857
vt 0.5357143 0.7142857
vt 0.5714286 0.7142857
vt 0.6071429 0.7142857
vt 0.6428571 0.7142857
vt 0.6785714 0.7142857
vt 0.7142857 0.7142857
vt 0.7500000 0.7142857
vt 0.7857143 0.7142857
vt 0.8214286 0.7142857
vt 0.8571429 0.7142857
vt 0.8928571 0.7142857
vt 0.9285714 0.7142857
vt 0.9642857 0.7142857
vt 0.0000000 0.7857143
vt 0.0357143 0.7857143
vt 0.0714286 0.7857143
vt 0.1071429 0.7857143
vt 0.1428571 0.7857143
vt 0.1785714 0.7857143
vt 0.2142857 0.7857143
vt 0.2500000 0.7857143
vt 0.2857143 0.7857143
vt 0.3214286 0.7857143
vt 0.3571429 0.7857143
vt 0.3928571 0.7857143
vt 0.4285714 0.7857143
vt 0.4642857 0.7857143
vt 0.5000000 0.7857143
vt 0.5357143 0.7857143
vt 0.5714286 0.7857143
vt 0.6071429 0.7857143
vt 0.6428571 0.7857143
vt 0.6785714 0.7857143
vt 0.7142857 0.7857143
vt 0.7500000 0.7857143
vt 0.7857143 0.7857143
vt 0.8214286 0.7857143
vt 0.8571429 0.7857143
vt 0.8928571 0.7857143
vt 0.9285714 0.7857143
vt 0.9642857 0.7857143
vt 0.0000000 0.8571429
vt 0.0357143 0.8571429
vt 0.0714286 0.8571429
vt 0.1071429 0.8571429
vt 0.1428571 0.8571429
vt 0.1785714 0.8571429
vt 0.2142857 0.8571429
vt 0.2500000 0.8571429
vt 0.2857143 0.8571429
vt 0.3214286 0.8571429
vt 0.3571429 0.8571429
vt 0.3928571 0.8571429
vt 0.4285714 0.8571429
vt 0.4642857 0.8571429
vt 0.5000000 0.8571429
vt 0.5357143 0.8571429
vt 0.5714286 0.8571429
vt 0.6071429 0.8571429
vt 0.6428571 0.8571429
vt 0.6785714 0.8571429
vt 0.7142857 0.8571429
vt 0.7500000 0.8571429
vt 0.7857143 0.8571429
vt 0.8214286 0.8571429
vt 0.8571429 0.8571429
vt 0.8928571 0.8571429
vt 0.9285714 0.8571429
vt 0.9642857 0.8571429
vt 0.0000000 0.9285714
vt 0.0357143 0.9285714
vt 0.0714286 0.9285714
vt 0.1071429 0.9285714
vt 0.1428571 0.9285714
vt 0.1785714 0.9285714
vt 0.2142857 0.9285714
vt 0.2500000 0.9285714
vt 0.2857143 0.9285714
vt 0.3214286 0.9285714
vt 0.3571429 0.9285714
vt 0.3928571 0.9285714
vt 0.4285714 0.9285714
vt 0.4642857 0.9285714
vt 0.5000000 0.9285714
vt 0.5357143 0.9285714
vt 0.5714286 0.9285714
vt 0.6071429 0.9285714
vt 0.6428571 0.9285714
vt 0.6785714 0.9285714
vt 0.7142857 0.9285714
vt 0.7500000 0.9285714
vt 0.7857143 0.9285714
vt 0.8214286 0.9285714
vt 0.8571429 0.9285714
vt 0.8928571 0.9285714
vt 0.9285714 0.9285714
vt 0.9642857 0.9285714
vt 0.0000000 1.0000000
vt 0.0357143 1.0000000
vt 0.0714286 1.0000000
vt 0.1071429 1.0000000
vt 0.1428571 1.0000000
vt 0.1785714 1.0000000
vt 0.2142857 1.0000000
vt 0.2500000 1.0000000
vt 0.2857143 1.0000000
vt 0.3214286 1.0000000
vt 0.3571429 1.0000000
vt 0.3928571 1.0000000
vt 0.4285714 1.0000000
vt 0.4642857 1.0000000
vt 0.5000000 1.0000000
vt 0.5357143 1.0000000
vt 0.5714286 1.0000000
vt 0.6071429 1.0000000
vt 0.6428571 1.0000000
vt 0.6785714 1.0000000
vt 0.7142857 1.0000000
vt 0.7500000 1.0000000
vt 0.7857143 1.0000000
vt 0.8214286 1.0000000
vt 0.8571429 1.0000000
vt 0.8928571 1.0000000
vt 0.9285714 1.0000000
vt 0.9642857 1.0000000
vt 0.0000000 0.0000000
vt 0.0357143 0.0000000
vt 0.0714286 0.0000000
vt 0.1071429 0.0000000
vt 0.1428571 0.0000000
vt 0.1785714 0.0000000
vt 0.2142857 0.0000000
vt 0.2500000 0.0000000
vt 0.2857143 0.0000000
vt 0.3214286 0.0000000
vt 0.3571429 0.0000000
vt 0.3928571 0.0000000
vt 0.4285714 0.0000000
vt 0.4642857 0.0000000
vt 0.5000000 0.0000000
vt 0.5357143 0.0000000
vt 0.5714286 0.0000000
vt 0.6071429 0.0000000
vt 0.6428571 0.0000000
vt 0.6785714 0.0000000
vt 0.7142857 0.0000000
vt 0.7500000 0.0000000
vt 0.7857143 0.0000000
vt 0.8214286 0.0000000
vt 0.8571429 0.0000000
vt 0.8928571 0.0000000
vt 0.9285714 0.0000000
vt 0.9642857 0.0000000
vt 0.0000000 0.0714286
vt 0.0357143 0.0714286
vt 0.0714286 0.0714286
vt 0.1071429 0.0714286
vt 0.1428571 0.0714286
vt 0.1785714 0.0714286
vt 0.2142857 0.0714286
vt 0.2500000 0.0714286
vt 0.2857143 0.0714286
vt 0.3214286 0.0714286
vt 0.3571429 0.0714286
vt 0.3928571 0.0714286
vt 0.4285714 0.0714286
vt 0.4642857 0.0714286
vt 0.5000000 0.0714286
vt 0.5357143 0.0714286
vt 0.5714286 0.0714286
vt 0.6071429 0.0714286
vt 0.6428571 0.0714286
vt 0.6785714 0.0714286
vt 0.7142857 0.0714286
vt 0.7500000 0.0714286
vt 0.7857143 0.0714286
vt 0.8214286 0.0714286
vt 0.8571429 0.0714286
vt 0.8928571 0.0714286
vt 0.9285714 0.0714286
vt 0.9642857 0.0714286
vt 0.0000000 0.1428571
vt 0.0357143 0.1428571
vt 0.0714286 0.1428571
vt 0.1071429 0.1428571
vt 0.1428571 0.1428571
vt 0.1785714 0.1428571
vt 0.2142857 0.1428571
vt 0.2500000 0.1428571
vt 0.2857143 0.1428571
vt 0.3214286 0.1428571
vt 0.3571429 0.1428571
vt 0.3928571 0.1428571
vt 0.4285714 0.1428571
vt 0.4642857 0.1428571
vt 0.5000000 0.1428571
vt 0.5357143 0.1428571
vt 0.5714286 0.1428571
vt 0.6071429 0.1428571
vt 0.6428571 0.1428571
vt 0.6785714 0.1428571
vt 0.7142857 0.1428571
vt 0.7500000 0.1428571
vt 0.7857143 0.1428571
vt 0.8214286 0.1428571
vt 0.8571429 0.1428571
vt 0.8928571 0.1428571
vt 0.9285714 0.1428571
vt 0.9642857 0.1428571
vt 0.0000000 0.2142857
vt 0.0357143 0.2142857
vt 0.0714286 0.2142857
vt 0.1071429 0.2142857
vt 0.1428571 0.2142857
vt 0.1785714 0.2142857
vt 0.2142857 0.2142857
vt 0.2500000 0.2142857
vt 0.2857143 0.2142857
vt 0.3214286 0.2142857
vt 0.3571429 0.2142857
vt 0.3928571 0.2142857
vt 0.4285714 0.2142857
vt 0.4642857 0.2142857
vt 0.5000000 0.2142857
vt 0.5357143 0.2142857
vt 0.5714286 0.2142857
vt 0.6071429 0.2142857
vt 0.6428571 0.2142857
vt 0.6785714 0.2142857
vt 0.7142857 0.2142857
vt 0.7500000 0.2142857
vt 0.7857143 0.2142857
vt 0.8214286 0.2142857
vt 0.8571429 0.2142857
vt 0.8928571 0.2142857
vt 0.9285714 0.2142857
vt 0.9642857 0.2142857
vt 0.0000000 0.2857143
vt 0.0357143 0.2857143
vt 0.0714286 0.2857143
vt 0.1071429 0.2857143
vt 0.1428571 0.2857143
vt 0.1785714 0.2857143
vt 0.2142857 0.2857143
vt 0.2500000 0.2857143
vt 0.2857143 0.2857143
vt 0.3214286 0.2857143
vt 0.3571429 0.2857143
vt 0.3928571 0.2857143
vt 0.4285714 0.2857143
vt 0.4642857 0.2857143
vt 0.5000000 0.2857143
vt 0.5357143 0.2857143
vt 0.5714286 0.2857143
vt 0.6071429 0.2857143
vt 0.6428571 0.2857143
vt 0.6785714 0.2857143
vt 0.7142857 0.2857143
vt 0.7500000 0.2857143
vt 0.7857143 0.2857143
vt 0.8214286 0.2857143
vt 0.8571429 0.2857143
vt 0.8928571 0.2857143
vt 0.9285714 0.2857143
vt 0.9642857 0.2857143
vt 0.0000000 0.3571429
vt 0.0357143 0.3571429
vt 0.0714286 0.3571429
vt 0.1071429 0.3571429
vt 0.1428571 0.3571429
vt 0.1785714 0.3571429
vt 0.2142857 0.3571429
vt 0.2500000 0.3571429
vt 0.2857143 0.3571429
vt 0.3214286 0.3571429
vt 0.3571429 0.3571429
vt 0.3928571 0.3571429
vt 0.4285714 0.3571429
vt 0.4642857 0.3571429
vt 0.5000000 0.3571429
vt 0.5357143 0.3571429
vt 0.5714286 0.3571429
vt 0.6071429 0.3571429
vt 0.6428571 0.3571429
vt 0.6785714 0.3571429
vt 0.7142857 0.3571429
vt 0.7500000 0.3571429
vt 0.7857143 0.3571429
vt 0.8214286 0.3571429
vt 0.8571429 0.3571429
vt 0.8928571 0.3571429
vt 0.9285714 0.3571429
vt 0.9642857 0.3571429
vt 0.0000000 0.4285714
vt 0.0357143 0.4285714
vt 0.0714286 0.4285714
vt 0.1071429 0.4285714
vt 0.1428571 0.4285714
vt 0.1785714 0.4285714
vt 0.2142857 0.4285714
vt 0.2500000 0.4285714
vt 0.2857143 0.4285714
vt 0.3214286 0.4285714
vt 0.3571429 0.4285714
vt 0.3928571 0.4285714
vt 0.4285714 0.4285714
vt 0.4642857 0.4285714
vt 0.5000000 0.4285714
vt 0.5357143 0.4285714
vt 0.5714286 0.4285714
vt 0.6071429 0.4285714
vt 0.6428571 0.4285714
vt 0.6785714 0.4285714
vt 0.7142857 0.4285714
vt 0.7500000 0.4285714
vt 0.7857143 0.4285714
vt 0.8214286 0.4285714
vt 0.8571429 0.4285714
vt 0.8928571 0.4285714
vt 0.9285714 0.4285714
vt 0.9642857 0.4285714
vt 0.0000000 0.5000000
vt 0.0357143 0.5000000
vt 0.0714286 0.5000000
vt 0.1071429 0.5000000
vt 0.1428571 0.5000000
vt 0.1785714 0.5000000
vt 0.2142857 0.5000000
vt 0.2500000 0.5000000
vt 0.2857143 0.5000000
vt 0.3214286 0.5000000
vt 0.3571429 0.5000000
vt 0.3928571 0.5000000
vt 0.4285714 0.5000000
vt 0.4642857 0.5000000
vt 0.5000000 0.5000000
vt 0.5357143 0.5000000
vt 0.5714286 0.5000000
vt 0.6071429 0.5000000
vt 0.6428571 0.5000000
vt 0.6785714 0.5000000
vt 0.7142857 0.5000000
vt 0.7500000 0.5000000
vt 0.7857143 0.5000000
vt 0.8214286 0.5000000
vt 0.8571429 0.5000000
vt 0.8928571 0.5000000
vt 0.9285714 0.5000000
vt 0.9642857 0.5000000
vt 0.0000000 0.5714286
vt 0.0357143 0.5714286
vt 0.0714286 0.5714286
vt 0.1071429 0.5714286
vt 0.1428571 0.5714286
vt 0.1785714 0.5714286
vt 0.2142857 0.5714286
vt 0.2500000 0.5714286
vt 0.2857143 0.5714286
vt 0.3214286 0.5714286
vt 0.3571429 0.5714286
vt 0.3928571 0.5714286
vt 0.4285714 0.5714286
vt 0.4642857 0.5714286
vt 0.5000000 0.5714286
vt 0.5357143 0.5714286
vt 0.5714286 0.5714286
vt 0.6071429 0.5714286
vt 0.6428571 0.5714286
vt 0.6785714 0.5714286
vt 0.7142857 0.5714286
vt 0.7500000 0.5714286
vt 0.7857143 0.5714286
vt 0.8214286 0.5714286
vt 0.8571429 0.5714286
vt 0.8928571 0.5714286
vt 0.9285714 0.5714286
vt 0.9642857 0.5714286
vt 0.0000000 0.6428571
vt 0.0357143 0.6428571
vt 0.0714286 0.6428571
vt 0.1071429 0.6428571
vt 0.1428571 0.6428571
vt 0.1785714 0.6428571
vt 0.2142857 0.6428571
vt 0.2500000 0.6428571
vt 0.2857143 0.6428571
vt 0.3214286 0.6428571
vt 0.3571429 0.6428571
vt 0.3928571 0.6428571
vt 0.4285714 0.6428571
vt 0.4642857 0.6428571
vt 0.5000000 0.6428571
vt 0.5357143 0.6428571
vt 0.5714286 0.6428571
vt 0.6071429 0.6428571
vt 0.6428571 0.6428571
vt 0.6785714 0.6428571
vt 0.7142857 0.6428571
vt 0.7500000 0.6428571
vt 0.7857143 0.6428571
vt 0.8214286 0.6428571
vt 0.8571429 0.6428571
vt 0.8928571 0.6428571
vt 0.9285714 0.6428571
vt 0.9642857 0.6428571
vt 0.0000000 0.7142857
vt 0.0357143 0.7142857
vt 0.0714286 0.7142857
vt 0.1071429 0.7142857
vt 0.1428571 0.7142857
vt 0.1785714 0.7142857
vt 0.2142857 0.7142857
vt 0.2500000 0.7142857
vt 0.2857143 0.7142857
vt 0.3214286 0.7142857
vt 0.3571429 0.7142857
vt 0.3928571 0.7142857
vt 0.4285714 0.7142857
vt 0.4642857 0.7142857
vt 0.5000000 0.7142857
vt 0.5357143 0.7142857
vt 0.5714286 0.7142857
vt 0.6071429 0.7142857
vt 0.6428571 0.7142857
vt 0.6785714 0.7142857
vt 0.7142857 0.7142857
vt 0.7500000 0.7142857
vt 0.7857143 0.7142857
vt 0.8214286 0.7142857
vt 0.8571429 0.7142857
vt 0.8928571 0.7142857
vt 0.9285714 0.7142857
vt 0.9642857 0.7142857
vt 0.0000000 0.7857143
vt 0.0357143 0.7857143
vt 0.0714286 0.7857143
vt 0.1071429 0.7857143
vt 0.1428571 0.7857143
vt 0.1785714 0.7857143
vt 0.2142857 0.7857143
vt 0.2500000 0.7857143
vt 0.2857143 0.7857143
vt 0.3214286 0.7857143
vt 0.3571429 0.7857143
vt 0.3928571 0.7857143
vt 0.4285714 0.7857143
vt 0.4642857 0.7857143
vt 0.5000000 0.7857143
vt 0.5357143 0.7857143
vt 0.5714286 0.7857143
vt 0.6071429 0.7857143
vt 0.6428571 0.7857143
vt 0.6785714 0.7857143
vt 0.7142857 0.7857143
vt 0.7500000 0.7857143
vt 0.7857143 0.7857143
vt 0.8214286 0.7857143
vt 0.8571429 0.7857143
vt 0.8928571 0.7857143
vt 0.9285714 0.7857143
vt 0.9642857 0.7857143
vt 0.0000000 0.8571429
vt 0.0357143 0.8571429
vt 0.0714286 0.8571429
vt 0.1071429 0.8571429
vt 0.1428571 0.8571429
vt 0.1785714 0.8571429
vt 0.2142857 0.8571429
vt 0.2500000 0.8571429
vt 0.2857143 0.8571429
vt 0.3214286 0.8571429
vt 0.3571429 0.8571429
vt 0.3928571 0.8571429
vt 0.4285714 0.8571429
vt 0.4642857 0.8571429
vt 0.5000000 0.8571429
vt 0.5357143 0.8571429
vt 0.5714286 0.8571429
vt 0.6071429 0.8571429
vt 0.6428571 0.8571429
vt 0.6785714 0.8571429
vt 0.7142857 0.8571429
vt 0.7500000 0.8571429
vt 0.7857143 0.8571429
vt 0.8214286 0.8571429
vt 0.8571429 0.8571429
vt 0.8928571 0.8571429
vt 0.9285714 0.8571429
vt 0.9642857 0.8571429
vt 0.0000000 0.9285714
vt 0.0357143 0.9285714
vt 0.0714286 0.9285714
vt 0.1071429 0.9285714
vt 0.1428571 0.9285714
vt 0.1785714 0.9285714
vt 0.2142857 0.9285714
vt 0.2500000 0.9285714
vt 0.2857143 0.9285714
vt 0.3214286 0.9285714
vt 0.3571429 0.9285714
vt 0.3928571 0.9285714
vt 0.4285714 0.9285714
vt 0.4642857 0.9285714
vt 0.5000000 0.9285714
vt 0.5357143 0.9285714
vt 0.5714286 0.9285714
vt 0.6071429 0.9285714
vt 0.6428571 0.9285714
vt 0.6785714 0.9285714
vt 0.7142857 0.9285714
vt 0.7500000 0.9285714
vt 0.7857143 0.9285714
vt 0.8214286 0.9285714
vt 0.8571429 0.9285714
vt 0.8928571 0.9285714
vt 0.9285714 0.9285714
vt 0.9642857 0.9285714
vt 0.0000000 1.0000000
vt 0.0357143 1.0000000
vt 0.0714286 1.0000000
vt 0.1071429 1.0000000
vt 0.1428571 1.0000000
vt 0.1785714 1.0000000
vt 0.2142857 1.0000000
vt 0.2500000 1.0000000
vt 0.2857143 1.0000000
vt 0.3214286 1.0000000
vt 0.3571429 1.0000000
vt 0.3928571 1.0000000
vt 0.4285714 1.0000000
vt 0.4642857 1.0000000
vt 0.5000000 1.0000000
vt 0.5357143 1.0000000
vt 0.5714286 1.0000000
vt 0.6071429 1.0000000
vt 0.6428571 1.0000000
vt 0.6785714 1.0000000
vt 0.7142857 1.0000000
vt 0.7500000 1.0000000
vt 0.7857143 1.0000000
vt 0.8214286 1.0000000
vt 0.8571429 1.0000000
vt 0.8928571 1.0000000
vt 0.9285714 1.0000000
vt 0.9642857 1.0000000
vt 0.0000000 0.0000000
vt 0.0357143 0.0000000
vt 0.0714286 0.0000000
vt 0.1071429 0.0000000
vt 0.1428571 0.0000000
vt 0.1785714 0.0000000
vt 0.2142857 0.0000000
vt 0.2500000 0.0000000
vt 0.2857143 0.0000000
vt 0.3214286 0.0000000
vt 0.3571429 0.0000000
vt 0.3928571 0.0000000
vt 0.4285714 0.0000000
vt 0.4642857 0.0000000
vt 0.5000000 0.0000000
vt 0.5357143 0.0000000
vt 0.5714286 0.0000000
vt 0.6071429 0.0000000
vt 0.6428571 0.0000000
vt 0.6785714 0.0000000
vt 0.7142857 0.0000000
vt 0.7500000 0.0000000
vt 0.7857143 0.0000000
vt 0.8214286 0.0000000
vt 0.8571429 0.0000000
vt 0.8928571 0.0000000
vt 0.9285714 0.0000000
vt 0.9642857 0.0000000
vt 0.0000000 0.0714286
vt 0.0357143 0.0714286
vt 0.0714286 0.0714286
vt 0.1071429 0.0714286
vt 0.1428571 0.0714286
vt 0.1785714 0.0714286
vt 0.2142857 0.0714286
vt 0.2500000 0.0714286
vt 0.2857143 0.0714286
vt 0.3214286 0.0714286
vt 0.3571429 0.0714286
vt 0.3928571 0.0714286
vt 0.4285714 0.0714286
vt 0.4642857 0.0714286
vt 0.5000000 0.0714286
vt 0.5357143 0.0714286
vt 0.5714286 0.0714286
vt 0.6071429 0.0714286
vt 0.6428571 0.0714286
vt 0.6785714 0.0714286
vt 0.7142857 0.0714286
vt 0.7500000 0.0714286
vt 0.7857143 0.0714286
vt 0.8214286 0.0714286
vt 0.8571429 0.0714286
vt 0.8928571 0.0714286
vt 0.9285714 0.0714286
vt 0.9642857 0.0714286
vt 0.0000000 0.1428571
vt 0.0357143 0.1428571
vt 0.0714286 0.1428571
vt 0.1071429 0.1428571
vt 0.1428571 0.1428571
vt 0.1785714 0.1428571
vt 0.2142857 0.1428571
vt 0.2500000 0.1428571
vt 0.2857143 0.1428571
vt 0.3214286 0.1428571
vt 0.3571429 0.1428571
vt 0.3928571 0.1428571
vt 0.4285714 0.1428571
vt 0.4642857 0.1428571
vt 0.5000000 0.1428571
vt 0.5357143 0.1428571
vt 0.5714286 0.1428571
vt 0.6071429 0.1428571
vt 0.6428571 0.1428571
vt 0.6785714 0.1428571
vt 0.7142857 0.1428571
vt 0.7500000 0.1428571
vt 0.7857143 0.1428571
vt 0.8214286 0.1428571
vt 0.8571429 0.1428571
vt 0.8928571 0.1428571
vt 0.9285714 0.1428571
vt 0.9642857 0.1428571
vt 0.0000000 0.2142857
vt 0.0357143 0.2142857
vt 0.0714286 0.2142857
vt 0.1071429 0.2142857
vt 0.1428571 0.2142857
vt 0.1785714 0.2142857
vt 0.2142857 0.2142857
vt 0.2500000 0.2142857
vt 0.2857143 0.2142857
vt 0.3214286 0.2142857
vt 0.3571429 0.2142857
vt 0.3928571 0.2142857
vt 0.4285714 0.2142857
vt 0.4642857 0.2142857
vt 0.5000000 0.2142857
vt 0.5357143 0.2142857
vt 0.5714286 0.2142857
vt 0.6071429 0.2142857
vt 0.6428571 0.2142857
vt 0.6785714 0.2142857
vt 0.7142857 0.2142857
vt 0.7500000 0.2142857
vt 0.7857143 0.2142857
vt 0.8214286 0.2142857
vt 0.8571429 0.2142857
vt 0.8928571 0.2142857
vt 0.9285714 0.2142857
vt 0.9642857 0.2142857
vt 0.0000000 0.2857143
vt 0.0357143 0.2857143
vt 0.0714286 0.2857143
vt 0.1071429 0.2857143
vt 0.1428571 0.2857143
vt 0.1785714 0.2857143
vt 0.2142857 0.2857143
vt 0.2500000 0.2857143
vt 0.2857143 0.2857143
vt 0.3214286 0.2857143
vt 0.3571429 0.2857143
vt 0.3928571 0.2857143
vt 0.4285714 0.2857143
vt 0.4642857 0.2857143
vt 0.5000000 0.2857143
vt 0.5357143 0.2857143
vt 0.5714286 0.2857143
vt 0.6071429 0.2857143
vt 0.6428571 0.2857143
vt 0.6785714 0.2857143
vt 0.7142857 0.2857143
vt 0.7500000 0.2857143
vt 0.7857143 0.2857143
vt 0.8214286 0.2857143
vt 0.8571429 0.2857143
vt 0.8928571 0.2857143
vt 0.9285714 0.2857143
vt 0.9642857 0.2857143
vt 0.0000000 0.3571429
vt 0.0357143 0.3571429
vt 0.0714286 0.3571429
vt 0.1071429 0.3571429
vt 0.1428571 0.3571429
vt 0.1785714 0.3571429
vt 0.2142857 0.3571429
vt 0.2500000 0.3571429
vt 0.2857143 0.3571429
vt 0.3214286 0.3571429
vt 0.3571429 0.3571429
vt 0.3928571 0.3571429
vt 0.4285714 0.3571429
vt 0.4642857 0.3571429
vt 0.5000000 0.3571429
vt 0.5357143 0.3571429
vt 0.5714286 0.3571429
vt 0.6071429 0.3571429
vt 0.6428571 0.3571429
vt 0.6785714 0.3571429
vt 0.7142857 0.3571429
vt 0.7500000 0.3571429
vt 0.7857143 0.3571429
vt 0.8214286 0.3571429
vt 0.8571429 0.3571429
vt 0.8928571 0.3571429
vt 0.9285714 0.3571429
vt 0.9642857 0.3571429
vt 0.0000000 0.4285714
vt 0.0357143 0.4285714
vt 0.0714286 0.4285714
vt 0.1071429 0.4285714
vt 0.1428571 0.4285714
vt 0.1785714 0.4285714
vt 0.2142857 0.4285714
vt 0.2500000 0.4285714
vt 0.2857143 0.4285714
vt 0.3214286 0.4285714
vt 0.3571429 0.4285714
vt 0.3928571 0.4285714
vt 0.4285714 0.4285714
vt 0.4642857 0.4285714
vt 0.5000000 0.4285714
vt 0.5357143 0.4285714
vt 0.5714286 0.4285714
vt 0.6071429 0.4285714
vt 0.6428571 0.4285714
vt 0.6785714 0.4285714
vt 0.7142857 0.4285714
vt 0.7500000 0.4285714
vt 0.7857143 0.4285714
vt 0.8214286 0.4285714
vt 0.8571429 0.4285714
vt 0.8928571 0.4285714
vt 0.9285714 0.4285714
vt 0.9642857 0.4285714
vt 0.0000000 0.5000000
vt 0.0357143 0.5000000
vt 0.0714286 0.5000000
vt 0.1071429 0.5000000
vt 0.1428571 0.5000000
vt 0.1785714 0.5000000
vt 0.2142857 0.5000000
vt 0.2500000 0.5000000
vt 0.2857143 0.5000000
vt 0.3214286 0.5000000
vt 0.3571429 0.5000000
vt 0.3928571 0.5000000
vt 0.4285714 0.5000000
vt 0.4642857 0.5000000
vt 0.5000000 0.5000000
vt 0.5357143 0.5000000
vt 0.5714286 0.5000000
vt 0.6071429 0.5000000
vt 0.6428571 0.5000000
vt 0.6785714 0.5000000
vt 0.7142857 0.5000000
vt 0.7500000 0.5000000
vt 0.7857143 0.5000000
vt 0.8214286 0.5000000
vt 0.8571429 0.5000000
vt 0.8928571 0.5000000
vt 0.9285714 0.5000000
vt 0.9642857 0.5000000
vt 0.0000000 0.5714286
vt 0.0357143 0.5714286
vt 0.0714286 0.5714286
vt 0.1071429 0.5714286
vt 0.1428571 0.5714286
vt 0.1785714 0.5714286
vt 0.2142857 0.5714286
vt 0.2500000 0.5714286
vt 0.2857143 0.5714286
vt 0.3214286 0.5714286
vt 0.3571429 0.5714286
vt 0.3928571 0.5714286
vt 0.4285714 0.5714286
vt 0.4642857 0.5714286
vt 0.5000000 0.5714286
vt 0.5357143 0.5714286
vt 0.5714286 0.5714286
vt 0.6071429 0.5714286
vt 0.6428571 0.5714286
vt 0.6785714 0.5714286
vt 0.7142857 0.5714286
vt 0.7500000 0.5714286
vt 0.7857143 0.5714286
vt 0.8214286 0.5714286
vt 0.8571429 0.5714286
vt 0.8928571 0.5714286
vt 0.9285714 0.5714286
vt 0.9642857 0.5714286
vt 0.0000000 0.6428571
vt 0.0357143 0.6428571
vt 0.0714286 0.6428571
vt 0.1071429 0.6428571
vt 0.1428571 0.6428571
vt 0.1785714 0.6428571
vt 0.2142857 0.6428571
vt 0.2500000 0.6428571
vt 0.2857143 0.6428571
vt 0.3214286 0.6428571
vt 0.3571429 0.6428571
vt 0.3928571 0.6428571
vt 0.4285714 0.6428571
vt 0.4642857 0.6428571
vt 0.5000000 0.6428571
vt 0.5357143 0.6428571
vt 0.5714286 0.6428571
vt 0.6071429 0.6428571
vt 0.6428571 0.6428571
vt 0.6785714 0.6428571
vt 0.7142857 0.6428571
vt 0.7500000 0.6428571
vt 0.7857143 0.6428571
vt 0.8214286 0.6428571
vt 0.8571429 0.6428571
vt 0.8928571 0.6428571
vt 0.9285714 0.6428571
vt 0.9642857 0.6428571
vt 0.0000000 0.7142857
vt 0.0357143 0.7142857
vt 0.0714286 0.7142857
vt 0.1071429 0.7142857
vt 0.1428571 0.7142857
vt 0.1785714 0.7142857
vt 0.2142857 0.7142857
vt 0.2500000 0.7142857
vt 0.2857143 0.7142857
vt 0.3214286 0.7142857
vt 0.3571429 0.7142857
vt 0.3928571 0.7142857
vt 0.4285714 0.7142857
vt 0.4642857 0.7142857
vt 0.5000000 0.7142857
vt 0.5357143 0.7142857
vt 0.5714286 0.7142857
vt 0.6071429 0.7142857
vt 0.6428571 0.7142857
vt 0.6785714 0.7142857
vt 0.7142857 0.7142857
vt 0.7500000 0.7142857
vt 0.7857143 0.7142857
vt 0.8214286 0.7142857
vt 0.8571429 0.7142857
vt 0.8928571 0.7142857
vt 0.9285714 0.7142857
vt 0.9642857 0.7142857
vt 0.0000000 0.7857143
vt 0.0357143 0.7857143
vt 0.0714286 0.7857143
vt 0.1071429 0.7857143
vt 0.1428571 0.7857143
vt 0.1785714 0.7857143
vt 0.2142857 0.7857143
vt 0.2500000 0.7857143
vt 0.2857143 0.7857143
vt 0.3214286 0.7857143
vt 0.3571429 0.7857143
vt 0.3928571 0.7857143
vt 0.4285714 0.7857143
vt 0.4642857 0.7857143
vt 0.5000000 0.7857143
vt 0.5357143 0.7857143
vt 0.5714286 0.7857143
vt 0.6071429 0.7857143
vt 0.6428571 0.7857143
vt 0.6785714 0.7857143
vt 0.7142857 0.7857143
vt 0.7500000 0.7857143
vt 0.7857143 0.7857143
vt 0.8214286 0.7857143
vt 0.8571429 0.7857143
vt 0.8928571 0.7857143
vt 0.9285714 0.7857143
vt 0.9642857 0.7857143
vt 0.0000000 0.8571429
vt 0.0357143 0.8571429
vt 0.0714286 0.8571429
vt 0.1071429 0.8571429
vt 0.1428571 0.8571429
vt 0.1785714 0.8571429
vt 0.2142857 0.8571429
vt 0.2500000 0.8571429
vt 0.2857143 0.8571429
vt 0.3214286 0.8571429
vt 0.3571429 0.8571429
vt 0.3928571 0.8571429
vt 0.4285714 0.8571429
vt 0.4642857 0.8571429
vt 0.5000000 0.8571429
vt 0.5357143 0.8571429
vt 0.5714286 0.8571429
vt 0.6071429 0.8571429
vt 0.6428571 0.8571429
vt 0.6785714 0.8571429
vt 0.7142857 0.8571429
vt 0.7500000 0.8571429
vt 0.7857143 0.8571429
vt 0.8214286 0.8571429
vt 0.8571429 0.8571429
vt 0.8928571 0.8571429
vt 0.9285714 0.8571429
vt 0.9642857 0.8571429
vt 0.0000000 0.9285714
vt 0.0357143 0.9285714
vt 0.0714286 0.9285714
vt 0.1071429 0.9285714
vt 0.1428571 0.9285714
vt 0.1785714 0.9285714
vt 0.2142857 0.9285714
vt 0.2500000 0.9285714
vt 0.2857143 0.9285714
vt 0.3214286 0.9285714
vt 0.3571429 0.9285714
vt 0.3928571 0.9285714
vt 0.4285714 0.9285714
vt 0.4642857 0.9285714
vt 0.5000000 0.9285714
vt 0.5357143 0.9285714
vt 0.5714286 0.9285714
vt 0.6071429 0.9285714
vt 0.6428571 0.9285714
vt 0.6785714 0.9285714
vt 0.7142857 0.9285714
vt 0.7500000 0.9285714
vt 0.7857143 0.9285714
vt 0.8214286 0.9285714
vt 0.8571429 0.9285714
vt 0.8928571 0.9285714
vt 0.9285714 0.9285714
vt 0.9642857 0.9285714
vt 0.0000000 1.0000000
vt 0.0357143 1.0000000
vt 0.0714286 1.0000000
vt 0.1071429 1.0000000
vt 0.1428571 1.0000000
vt 0.1785714 1.0000000
vt 0.2142857 1.0000000
vt 0.2500000 1.0000000
vt 0.2857143 1.0000000
vt 0.3214286 1.0000000
vt 0.3571429 1.0000000
vt 0.3928571 1.0000000
vt 0.4285714 1.0000000
vt 0.4642857 1.0000000
vt 0.5000000 1.0000000
vt 0.5357143 1.0000000
vt 0.5714286 1.0000000
vt 0.6071429 1.0000000
vt 0.6428571 1.0000000
vt 0.6785714 1.0000000
vt 0.7142857 1.0000000
vt 0.7500000 1.0000000
vt 0.7857143 1.0000000
vt 0.8214286 1.0000000
vt 0.8571429 1.0000000
vt 0.8928571 1.0000000
vt 0.9285714 1.0000000
vt 0.9642857 1.0000000
f 1/1 2/2 30/30 29/29
f 2/2 3/3 31/31 30/30
f 3/3 4/4 32/32 31/31
f 4/4 5/5 33/33 32/32
f 5/5 6/6 34/34 33/33
f 6/6 7/7 35/35 34/34
f 7/7 8/8 36/36 35/35
f 8/8 9/9 37/37 36/36
f 9/9 10/10 38/38 37/37
f 10/10 11/11 39/39 38/38
f 11/11 12/12 40/40 39/39
f 12/12 13/13 41/41 40/40
f 13/13 14/14 42/42 41/41
f 14/14 15/15 43/43 42/42
f 15/15 16/16 44/44 43/43
f 16/16 17/17 45/45 44/44
f 17/17 18/18 46/46 45/45
f 18/18 19/19 47/47 46/46
f 19/19 20/20 48/48 47/47
f 20/20 21/21 49/49 48/48
f 21/21 22/22 50/50 49/49
f 22/22 23/23 51/51 50/50
f 23/23 24/24 52/52 51/51
f 24/24 25/25 53/53 52/52
f 25/25 26/26 54/54 53/53
f 26/26 27/27 55/55 54/54
f 27/27 28/28 56/56 55/55
f 28/28 1/1 29/29 56/56
f 29/29 30/30 58/58 57/57
f 30/30 31/31 59/59 58/58
f 31/31 32/32 60/60 59/59
f 32/32 33/33 61/61 60/60
f 33/33 34/34 62/62 61/61
f 34/34 35/35 63/63 62/62
f 35/35 36/36 64/64 63/63
f 36/36 37/37 65/65 64/64
f 37/37 38/38 66/66 65/65
f 38/38 39/39 67/67 66/66
f 39/39 40/40 68/68 67/67
f 40/40 41/41 69/69 68/68
f 41/41 42/42 70/70 69/69
f 42/42 43/43 71/71 70/70
f 43/43 44/44 72/72 71/71
f 44/44 45/45 73/73 72/72
f 45/45 46/46 74/74 73/73
f 46/46 47/47 75/75 74/74
f 47/47 48/48 76/76 75/75
f 48/48 49/49 77/77 76/76
f 49/49 50/50 78/78 77/77
f 50/50 51/51 79/79 78/78
f 51/51 52/52 80/80 79/79
f 52/52 53/53 81/81 80/80
f 53/53 54/54 82/82 81/81
f 54/54 55/55 83/83 82/82
f 55/55 56/56 84/84 83/83
f 56/56 29/29 57/57 84/84
f 57/57 58/58 86/86 85/85
f 58/58 59/59 87/87 86/86
f 59/59 60/60 88/88 87/87
f 60/60 61/61 89/89 88/88
f 61/61 62/62 90/90 89/89
f 62/62 63/63 91/91 90/90
f 63/63 64/64 92/92 91/91
f 64/64 65/65 93/93 92/92
f 65/65 66/66 94/94 93/93
f 66/66 67/67 95/95 94/94
f 67/67 68/68 96/96 95/95
f 68/68 69/69 97/97 96/96
f 69/69 70/70 98/98 97/97
f 70/70 71/71 99/99 98/98
f 71/71 72/72 100/100 99/99
f 72/72 73/73 101/101 100/100
f 73/73 74/74 102/102 101/101
f 74/74 75/75 103/103 102/102
f 75/75 76/76 104/104 103/103
f 76/76 77/77 105/105 104/104
f 77/77 78/78 106/106 105/105
f 78/78 79/79 107/107 106/106
f 79/79 80/80 108/108 107/107
f 80/80 81/81 109/109 108/108
f 81/81 82/82 110/110 109/109
f 82/82 83/83 111/111 110/110
f 83/83 84/84 112/112 111/111
f 84/84 57/57 85/85 112/112
f 85/85 86/86 114/114 113/113
f 86/86 87/87 115/115 114/114
f 87/87 88/88 116/116 115/115
f 88/88 89/89 117/117 116/116
f 89/89 90/90 118/118 117/117
f 90/90 91/91 119/119 118/118
f 91/91 92/92 120/120 119/119
f 92/92 93/93 121/121 120/120
f 93/93 94/94 122/122 121/121
f 94/94 95/95 123/123 122/122
f 95/95 96/96 124/124 123/123
f 96/96 97/97 125/125 124/124
f 97/97 98/98 126/126 125/125
f 98/98 99/99 127/127 126/126
f 99/99 100/100 128/128 127/127
f 100/100 101/101 129/129 128/128
f 101/101 102/102 130/130 129/129
f 102/102 103/103 131/131 130/130
f 103/103 104/104 132/132 131/131
f 104/104 105/105 133/133 132/132
f 105/105 106/106 134/134 133/133
f 106/106 107/107 135/135 134/134
f 107/107 108/108 136/136 135/135
f 108/108 109/109 137/137 136/136
f 109/109 110/110 138/138 137/137
f 110/110 111/111 139/139 138/138
f 111/111 112/112 140/140 139/139
f 112/112 85/85 113/113 140/140
f 113/113 114/114 142/142 141/141
f 114/114 115/115 143/143 142/142
f 115/115 116/116 144/144 143/143
f 116/116 117/117 145/145 144/144
f 117/117 118/118 146/146 145/145
f 118/118 119/119 147/147 146/146
f 119/119 120/120 148/148 147/147
f 120/120 121/121 149/149 148/148
f 121/121 122/122 150/150 149/149
f 122/122 123/123 151/151 150/150
f 123/123 124/124 152/152 151/151
f 124/124 125/125 153/153 152/152
f 125/125 126/126 154/154 153/153
f 126/126 127/127 155/155 154/154
f 127/127 128/128 156/156 155/155
f 128/128 129/129 157/157 156/156
f 129/129 130/130 158/158 157/157
f 130/130 131/131 159/159 158/158
f 131/131 132/132 160/160 159/159
f 132/132 133/133 161/161 160/160
f 133/133 134/134 162/162 161/161
f 134/134 135/135 163/163 162/162
f 135/135 136/136 164/164 163/163
f 136/136 137/137 165/165 164/164
f 137/137 138/138 166/166 165/165
f 138/138 139/139 167/167 166/166
f 139/139 140/140 168/168 167/167
f 140/140 113/113 141/141 168/168
f 141/141 142/142 170/170 169/169
f 142/142 143/143 171/171 170/170
f 143/143 144/144 172/172 171/171
f 144/144 145/145 173/173 172/172
f 145/145 146/146 174/174 173/173
f 146/146 147/147 175/175 174/174
f 147/147 148/148 176/176 175/175
f 148/148 149/149 177/177 176/176
f 149/149 150/150 178/178 177/177
f 150/150 151/151 179/179 178/178
f 151/151 152/152 180/180 179/179
f 152/152 153/153 181/181 180/180
f 153/153 154/154 182/182 181/181
f 154/154 155/155 183/183 182/182
f 155/155 156/156 184/184 183/183
f 156/156 157/157 185/185 184/184
f 157/157 158/158 186/186 185/185
f 158/158 159/159 187/187 186/186
f 159/159 160/160 188/188 187/187
f 160/160 161/161 189/189 188/188
f 161/161 162/162 190/190 189/189
f 162/162 163/163 191/191 190/190
f 163/163 164/164 192/192 191/191
f 164/164 165/165 193/193 192/192
f 165/165 166/166 194/194 193/193
f 166/166 167/167 195/195 194/194
f 167/167 168/168 196/196 195/195
f 168/168 141/141 169/169 196/196
f 169/169 170/170 198/198 197/197
f 170/170 171/171 199/199 198/198
f 171/171 172/172 200/200 199/199
f 172/172 173/173 201/201 200/200
f 173/173 174/174 202/202 201/201
f 174/174 175/175 203/203 202/202
f 175/175 176/176 204/204 203/203
f 176/176 177/177 205/205 204/204
f 177/177 178/178 206/206 205/205
f 178/178 179/179 207/207 206/206
f 179/179 180/180 208/208 207/207
f 180/180 181/181 209/209 208/208
f 181/181 182/182 210/210 209/209
f 182/182 183/183 211/211 210/210
f 183/183 184/184 212/212 211/211
f 184/184 185/185 213/213 212/212
f 185/185 186/186 214/214 213/213
f 186/186 187/187 215/215 214/214
f 187/187 188/188 216/216 215/215
f 188/188 189/189 217/217 216/216
f 189/189 190/190 218/218 217/217
f 190/190 191/191 219/219 218/218
f 191/191 192/192 220/220 219/219
f 192/192 193/193 221/221 220/220
f 193/193 194/194 222/222 221/221
f 194/194 195/195 223/223 222/222
f 195/195 196/196 224/224 223/223
f 196/196 169/169 197/197 224/224
f 197/197 198/198 226/226 225/225
f 198/198 199/199 227/227 226/226
f 199/199 200/200 228/228 227/227
f 200/200 201/201 229/229 228/228
f 201/201 202/202 230/230 229/229
f 202/202 203/203 231/231 230/230
f 203/203 204/204 232/232 231/231
f 204/204 205/205 233/233 232/232
f 205/205 206/206 234/234 233/233
f 206/206 207/207 235/235 234/234
f 207/207 208/208 236/236 235/235
f 208/208 209/209 237/237 236/236
f 209/209 210/210 238/238 237/237
f 210/210 211/211 239/239 238/238
f 211/211 212/212 240/240 239/239
f 212/212 213/213 241/241 240/240
f 213/213 214/214 242/242 241/241
f 214/214 215/215 243/243 242/242
f 215/215 216/216 244/244 243/243
f 216/216 217/217 245/245 244/244
f 217/217 218/218 246/246 245/245
f 218/218 219/219 247/247 246/246
f 219/219 220/220 248/248 247/247
f 220/220 221/221 249/249 248/248
f 221/221 222/222 250/250 249/249
f 222/222 223/223 251/251 250/250
f 223/223 224/224 252/252 251/251
f 224/224 197/197 225/225 252/252
f 225/225 226/226 254/254 253/253
f 226/226 227/227 255/255 254/254
f 227/227 228/228 256/256 255/255
f 228/228 229/229 257/257 256/256
f 229/229 230/230 258/258 257/257
f 230/230 231/231 259/259 258/258
f 231/231 232/232 260/260 259/259
f 232/232 233/233 261/261 260/260
f 233/233 234/234 262/262 261/261
f 234/234 235/235 263/263 262/262
f 235/235 236/236 264/264 263/263
f 236/236 237/237 265/265 264/264
f 237/237 238/238 266/266 265/265
f 238/238 239/239 267/267 266/266
f 239/239 240/240 268/268 267/267
f 240/240 241/241 269/269 268/268
f 241/241 242/242 270/270 269/269
f 242/242 243/243 271/271 270/270
f 243/243 244/244 272/272 271/271
f 244/244 245/245 273/273 272/272
f 245/245 246/246 274/274 273/273
f 246/246 247/247 275/275 274/274
f 247/247 248/248 276/276 275/275
f 248/248 249/249 277/277 276/276
f 249/249 250/250 278/278 277/277
f 250/250 251/251 279/279 278/278
f 251/251 252/252 280/280 279/279
f 252/252 225/225 253/253 280/280
f 253/253 254/254 282/282 281/281
f 254/254 255/255 283/283 282/282
f 255/255 256/256 284/284 283/283
f 256/256 257/257 285/285 284/284
f 257/257 258/258 286/286 285/285
f 258/258 259/259 287/287 286/286
f 259/259 260/260 288/288 287/287
f 260/260 261/261 289/289 288/288
f 261/261 262/262 290/290 289/289
f 262/262 263/263 291/291 290/290
f 263/263 264/264 292/292 291/291
f 264/264 265/265 293/293 292/292
f 265/265 266/266 294/294 293/293
f 266/266 267/267 295/295 294/294
f 267/267 268/268 296/296 295/295
f 268/268 269/269 297/297 296/296
f 269/269 270/270 298/298 297/297
f 270/270 271/271 299/299 298/298
f 271/271 272/272 300/300 299/299
f 272/272 273/273 301/301 300/300
f 273/273 274/274 302/302 301/301
f 274/274 275/275 303/303 302/302
f 275/275 276/276 304/304 303/303
f 276/276 277/277 305/305 304/304
f 277/277 278/278 306/306 305/305
f 278/278 279/279 307/307 306/306
f 279/279 280/280 308/308 307/307
f 280/280 253/253 281/281 308/308
f 281/281 282/282 310/310 309/309
f 282/282 283/283 311/311 310/310
f 283/283 284/284 312/312 311/311
f 284/284 285/285 313/313 312/312
f 285/285 286/286 314/314 313/313
f 286/286 287/287 315/315 314/314
f 287/287 288/288 316/316 315/315
f 288/288 289/289 317/317 316/316
f 289/289 290/290 318/318 317/317
f 290/290 291/291 319/319 318/318
f 291/291 292/292 320/320 319/319
f 292/292 293/293 321/321 320/320
f 293/293 294/294 322/322 321/321
f 294/294 295/295 323/323 322/322
f 295/295 296/296 324/324 323/323
f 296/296 297/297 325/325 324/324
f 297/297 298/298 326/326 325/325
f 298/298 299/299 327/327 326/326
f 299/299 300/300 328/328 327/327
f 300/300 301/301 329/329 328/328
f 301/301 302/302 330/330 329/329
f 302/302 303/303 331/331 330/330
f 303/303 304/304 332/332 331/331
f 304/304 305/305 333/333 332/332
f 305/305 306/306 334/334 333/333
f 306/306 307/307 335/335 334/334
f 307/307 308/308 336/336 335/335
f 308/308 281/281 309/309 336/336
f 309/309 310/310 338/338 337/337
f 310/310 311/311 339/339 338/338
f 311/311 312/312 340/340 339/339
f 312/312 313/313 341/341 340/340
f 313/313 314/314 342/342 341/341
f 314/314 315/315 343/343 342/342
f 315/315 316/316 344/344 343/343
f 316/316 317/317 345/345 344/344
f 317/317 318/318 346/346 345/345
f 318/318 319/319 347/347 346/346
f 319/319 320/320 348/348 347/347
f 320/320 321/321 349/349 348/348
f 321/321 322/322 350/350 349/349
f 322/322 323/323 351/351 350/350
f 323/323 324/324 352/352 351/351
f 324/324 325/325 353/353 352/352
f 325/325 326/326 354/354 353/353
f 326/326 327/327 355/355 354/354
f 327/327 328/328 356/356 355/355
f 328/328 329/329 357/357 356/356
f 329/329 330/330 358/358 357/357
f 330/330 331/331 359/359 358/358
f 331/331 332/332 360/360 359/359
f 332/332 333/333 361/361 360/360
f 333/333 334/334 362/362 361/361
f 334/334 335/335 363/363 362/362
f 335/335 336/336 364/364 363/363
f 336/336 309/309 337/337 364/364
f 337/337 338/338 366/366 365/365
f 338/338 339/339 367/367 366/366
f 339/339 340/340 368/368 367/367
f 340/340 341/341 369/369 368/368
f 341/341 342/342 370/370 369/369
f 342/342 343/343 371/371 370/370
f 343/343 344/344 372/372 371/371
f 344/344 345/345 373/373 372/372
f 345/345 346/346 374/374 373/373
f 346/346 347/347 375/375 374/374
f 347/347 348/348 376/376 375/375
f 348/348 349/349 377/377 376/376
f 349/349 350/350 378/378 377/377
f 350/350 351/351 379/379 378/378
f 351/351 352/352 380/380 379/379
f 352/352 353/353 381/381 380/380
f 353/353 354/354 382/382 381/381
f 354/354 355/355 383/383 382/382
f 355/355 356/356 384/384 383/383
f 356/356 357/357 385/385 384/384
f 357/357 358/358 386/386 385/385
f 358/358 359/359 387/387 386/386
f 359/359 360/360 388/388 387/387
f 360/360 361/361 389/389 388/388
f 361/361 362/362 390/390 389/389
f 362/362 363/363 391/391 390/390
f 363/363 364/364 392/392 391/391
f 364/364 337/337 365/365 392/392
f 365/365 366/366 394/394 393/393
f 366/366 367/367 395/395 394/394
f 367/367 368/368 396/396 395/395
f 368/368 369/369 397/397 396/396
f 369/369 370/370 398/398 397/397
f 370/370 371/371 399/399 398/398
f 371/371 372/372 400/400 399/399
f 372/372 373/373 401/401 400/400
f 373/373 374/374 402/402 401/401
f 374/374 375/375 403/403 402/402
f 375/375 376/376 404/404 403/403
f 376/376 377/377 405/405 404/404
f 377/377 378/378 406/406 405/405
f 378/378 379/379 407/407 406/406
f 379/379 380/380 408/408 407/407
f 380/380 381/381 409/409 408/408
f 381/381 382/382 410/410 409/409
f 382/382 383/383 411/411 410/410
f 383/383 384/384 412/412 411/411
f 384/384 385/385 413/413 412/412
f 385/385 386/386 414/414 413/413
f 386/386 387/387 415/415 414/414
f 387/387 388/388 416/416 415/415
f 388/388 389/389 417/417 416/416
f 389/389 390/390 418/418 417/417
f 390/390 391/391 419/419 418/418
f 391/391 392/392 420/420 419/419
f 392/392 365/365 393/393 420/420
f 421/421 422/422 450/450 449/449
f 422/422 423/423 451/451 450/450
f 423/423 424/424 452/452 451/451
f 424/424 425/425 453/453 452/452
f 425/425 426/426 454/454 453/453
f 426/426 427/427 455/455 454/454
f 427/427 428/428 456/456 455/455
f 428/428 429/429 457/457 456/456
f 429/429 430/430 458/458 457/457
f 430/430 431/431 459/459 458/458
f 431/431 432/432 460/460 459/459
f 432/432 433/433 461/461 460/460
f 433/433 434/434 462/462 461/461
f 434/434 435/435 463/463 462/462
f 435/435 436/436 464/464 463/463
f 436/436 437/437 465/465 464/464
f 437/437 438/438 466/466 465/465
f 438/438 439/439 467/467 466/466
f 439/439 440/440 468/468 467/467
f 440/440 441/441 469/469 468/468
f 441/441 442/442 470/470 469/469
f 442/442 443/443 471/471 470/470
f 443/443 444/444 472/472 471/471
f 444/444 445/445 473/473 472/472
f 445/445 446/446 474/474 473/473
f 446/446 447/447 475/475 474/474
f 447/447 448/448 476/476 475/475
f 448/448 421/421 449/449 476/476
f 449/449 450/450 478/478 477/477
f 450/450 451/451 479/479 478/478
f 451/451 452/452 480/480 479/479
f 452/452 453/453 481/481 480/480
f 453/453 454/454 482/482 481/481
f 454/454 455/455 483/483 482/482
f 455/455 456/456 484/484 483/483
f 456/456 457/457 485/485 484/484
f 457/457 458/458 486/486 485/485
f 458/458 459/459 487/487 486/486
f 459/459 460/460 488/488 487/487
f 460/460 461/461 489/489 488/488
f 461/461 462/462 490/490 489/489
f 462/462 463/463 491/491 490/490
f 463/463 464/464 492/492 491/491
f 464/464 465/465 493/493 492/492
f 465/465 466/466 494/494 493/493
f 466/466 467/467 495/495 494/494
f 467/467 468/468 496/496 495/495
f 468/468 469/469 497/497 496/496
f 469/469 470/470 498/498 497/497
f 470/470 471/471 499/499 498/498
f 471/471 472/472 500/500 499/499
f 472/472 473/473 501/501 500/500
f 473/473 474/474 502/502 501/501
f 474/474 475/475 503/503 502/502
f 475/475 476/476 504/504 503/503
f 476/476 449/449 477/477 504/504
f 477/477 478/478 506/506 505/505
f 478/478 479/479 507/507 506/506
f 479/479 480/480 508/508 507/507
f 480/480 481/481 509/509 508/508
f 481/481 482/482 510/510 509/509
f 482/482 483/483 511/511 510/510
f 483/483 484/484 512/512 511/511
f 484/484 485/485 513/513 512/512
f 485/485 486/486 514/514 513/513
f 486/486 487/487 515/515 514/514
f 487/487 488/488 516/516 515/515
f 488/488 489/489 517/517 516/516
f 489/489 490/490 518/518 517/517
f 490/490 491/491 519/519 518/518
f 491/491 492/492 520/520 519/519
f 492/492 493/493 521/521 520/520
f 493/493 494/494 522/522 521/521
f 494/494 495/495 523/523 522/522
f 495/495 496/496 524/524 523/523
f 496/496 497/497 525/525 524/524
f 497/497 498/498 526/526 525/525
f 498/498 499/499 527/527 526/526
f 499/499 500/500 528/528 527/527
f 500/500 501/501 529/529 528/528
f 501/501 502/502 530/530 529/529
f 502/502 503/503 531/531 530/530
f 503/503 504/504 532/532 531/531
f 504/504 477/477 505/505 532/532
f 505/505 506/506 534/534 533/533
f 506/506 507/507 535/535 534/534
f 507/507 508/508 536/536 535/535
f 508/508 509/509 537/537 536/536
f 509/509 510/510 538/538 537/537
f 510/510 511/511 539/539 538/538
f 511/511 512/512 540/540 539/539
f 512/512 513/513 541/541 540/540
f 513/513 514/514 542/542 541/541
f 514/514 515/515 543/543 542/542
f 515/515 516/516 544/544 543/543
f 516/516 517/517 545/545 544/544
f 517/517 518/518 546/546 545/545
f 518/518 519/519 547/547 546/546
f 519/519 520/520 548/548 547/547
f 520/520 521/521 549/549 548/548
f 521/521 522/522 550/550 549/549
f 522/522 523/523 551/551 550/550
f 523/523 524/524 552/552 551/551
f 524/524 525/525 553/553 552/552
f 525/525 526/526 554/554 553/553
f 526/526 527/527 555/555 554/554
f 527/527 528/528 556/556 555/555
f 528/528 529/529 557/557 556/556
f 529/529 530/530 558/558 557/557
f 530/530 531/531 559/559 558/558
f 531/531 532/532 560/560 559/559
f 532/532 505/505 533/533 560/560
f 533/533 534/534 562/562 561/561
f 534/534 535/535 563/563 562/562
f 535/535 536/536 564/564 563/563
f 536/536 537/537 565/565 564/564
f 537/537 538/538 566/566 565/565
f 538/538 539/539 567/567 566/566
f 539/539 540/540 568/568 567/567
f 540/540 541/541 569/569 568/568
f 541/541 542/542 570/570 569/569
f 542/542 543/543 571/571 570/570
f 543/543 544/544 572/572 571/571
f 544/544 545/545 573/573 572/572
f 545/545 546/546 574/574 573/573
f 546/546 547/547 575/575 574/574
f 547/547 548/548 576/576 575/575
f 548/548 549/549 577/577 576/576
f 549/549 550/550 578/578 577/577
f 550/550 551/551 579/579 578/578
f 551/551 552/552 580/580 579/579
f 552/552 553/553 581/581 580/580
f 553/553 554/554 582/582 581/581
f 554/554 555/555 583/583 582/582
f 555/555 556/556 584/584 583/583
f 556/556 557/557 585/585 584/584
f 557/557 558/558 586/586 585/585
f 558/558 559/559 587/587 586/586
f 559/559 560/560 588/588 587/587
f 560/560 533/533 561/561 588/588
f 561/561 562/562 590/590 589/589
f 562/562 563/563 591/591 590/590
f 563/563 564/564 592/592 591/591
f 564/564 565/565 593/593 592/592
f 565/565 566/566 594/594 593/593
f 566/566 567/567 595/595 594/594
f 567/567 568/568 596/596 595/595
f 568/568 569/569 597/597 596/596
f 569/569 570/570 598/598 597/597
f 570/570 571/571 599/599 598/598
f 571/571 572/572 600/600 599/599
f 572/572 573/573 601/601 600/600
f 573/573 574/574 602/602 601/601
f 574/574 575/575 603/603 602/602
f 575/575 576/576 604/604 603/603
f 576/576 577/577 605/605 604/604
f 577/577 578/578 606/606 605/605
f 578/578 579/579 607/607 606/606
f 579/579 580/580 608/608 607/607
f 580/580 581/581 609/609 608/608
f 581/581 582/582 610/610 609/609
f 582/582 583/583 611/611 610/610
f 583/583 584/584 612/612 611/611
f 584/584 585/585 613/613 612/612
f 585/585 586/586 614/614 613/613
f 586/586 587/587 615/615 614/614
f 587/587 588/588 616/616 615/615
f 588/588 561/561 589/589 616/616
f 589/589 590/590 618/618 617/617
f 590/590 591/591 619/619 618/618
f 591/591 592/592 620/620 619/619
f 592/592 593/593 621/621 620/620
f 593/593 594/594 622/622 621/621
f 594/594 595/595 623/623 622/622
f 595/595 596/596 624/624 623/623
f 596/596 597/597 625/625 624/624
f 597/597 598/598 626/626 625/625
f 598/598 599/599 627/627 626/626
f 599/599 600/600 628/628 627/627
f 600/600 601/601 629/629 628/628
f 601/601 602/602 630/630 629/629
f 602/602 603/603 631/631 630/630
f 603/603 604/604 632/632 631/631
f 604/604 605/605 633/633 632/632
f 605/605 606/606 634/634 633/633
f 606/606 607/607 635/635 634/634
f 607/607 608/608 636/636 635/635
f 608/608 609/609 637/637 636/636
f 609/609 610/610 638/638 637/637
f 610/610 611/611 639/639 638/638
f 611/611 612/612 640/640 639/639
f 612/612 613/613 641/641 640/640
f 613/613 614/614 642/642 641/641
f 614/614 615/615 643/643 642/642
f 615/615 616/616 644/644 643/643
f 616/616 589/589 617/617 644/644
f 617/617 618/618 646/646 645/645
f 618/618 619/619 647/647 646/646
f 619/619 620/620 648/648 647/647
f 620/620 621/621 649/649 648/648
f 621/621 622/622 650/650 649/649
f 622/622 623/623 651/651 650/650
f 623/623 624/624 652/652 651/651
f 624/624 625/625 653/653 652/652
f 625/625 626/626 654/654 653/653
f 626/626 627/627 655/655 654/654
f 627/627 628/628 656/656 655/655
f 628/628 629/629 657/657 656/656
f 629/629 630/630 658/658 657/657
f 630/630 631/631 659/659 658/658
f 631/631 632/632 660/660 659/659
f 632/632 633/633 661/661 660/660
f 633/633 634/634 662/662 661/661
f 634/634 635/635 663/663 662/662
f 635/635 636/636 664/664 663/663
f 636/636 637/637 665/665 664/664
f 637/637 638/638 666/666 665/665
f 638/638 639/639 667/667 666/666
f 639/639 640/640 668/668 667/667
f 640/640 641/641 669/669 668/668
f 641/641 642/642 670/670 669/669
f 642/642 643/643 671/671 670/670
f 643/643 644/644 672/672 671/671
f 644/644 617/617 645/645 672/672
f 645/645 646/646 674/674 673/673
f 646/646 647/647 675/675 674/674
f 647/647 648/648 676/676 675/675
f 648/648 649/649 677/677 676/676
f 649/649 650/650 678/678 677/677
f 650/650 651/651 679/679 678/678
f 651/651 652/652 680/680 679/679
f 652/652 653/653 681/681 680/680
f 653/653 654/654 682/682 681/681
f 654/654 655/655 683/683 682/682
f 655/655 656/656 684/684 683/683
f 656/656 657/657 685/685 684/684
f 657/657 658/658 686/686 685/685
f 658/658 659/659 687/687 686/686
f 659/659 660/660 688/688 687/687
f 660/660 661/661 689/689 688/688
f 661/661 662/662 690/690 689/689
f 662/662 663/663 691/691 690/690
f 663/663 664/664 692/692 691/691
f 664/664 665/665 693/693 692/692
f 665/665 666/666 694/694 693/693
f 666/666 667/667 695/695 694/694
f 667/667 668/668 696/696 695/695
f 668/668 669/669 697/697 696/696
f 669/669 670/670 698/698 697/697
f 670/670 671/671 699/699 698/698
f 671/671 672/672 700/700 699/699
f 672/672 645/645 673/673 700/700
f 673/673 674/674 702/702 701/701
f 674/674 675/675 703/703 702/702
f 675/675 676/676 704/704 703/703
f 676/676 677/677 705/705 704/704
f 677/677 678/678 706/706 705/705
f 678/678 679/679 707/707 706/706
f 679/679 680/680 708/708 707/707
f 680/680 681/681 709/709 708/708
f 681/681 682/682 710/710 709/709
f 682/682 683/683 711/711 710/710
f 683/683 684/684 712/712 711/711
f 684/684 685/685 713/713 712/712
f 685/685 686/686 714/714 713/713
f 686/686 687/687 715/715 714/714
f 687/687 688/688 716/716 715/715
f 688/688 689/689 717/717 716/716
f 689/689 690/690 718/718 717/717
f 690/690 691/691 719/719 718/718
f 691/691 692/692 720/720 719/719
f 692/692 693/693 721/721 720/720
f 693/693 694/694 722/722 721/721
f 694/694 695/695 723/723 722/722
f 695/695 696/696 724/724 723/723
f 696/696 697/697 725/725 724/724
f 697/697 698/698 726/726 725/725
f 698/698 699/699 727/727 726/726
f 699/699 700/700 728/728 727/727
f 700/700 673/673 701/701 728/728
f 701/701 702/702 730/730 729/729
f 702/702 703/703 731/731 730/730
f 703/703 704/704 732/732 731/731
f 704/704 705/705 733/733 732/732
f 705/705 706/706 734/734 733/733
f 706/706 707/707 735/735 734/734
f 707/707 708/708 736/736 735/735
f 708/708 709/709 737/737 736/736
f 709/709 710/710 738/738 737/737
f 710/710 711/711 739/739 738/738
f 711/711 712/712 740/740 739/739
f 712/712 713/713 741/741 740/740
f 713/713 714/714 742/742 741/741
f 714/714 715/715 743/743 742/742
f 715/715 716/716 744/744 743/743
f 716/716 717/717 745/745 744/744
f 717/717 718/718 746/746 745/745
f 718/718 719/719 747/747 746/746
f 719/719 720/720 748/748 747/747
f 720/720 721/721 749/749 748/748
f 721/721 722/722 750/750 749/749
f 722/722 723/723 751/751 750/750
f 723/723 724/724 752/752 751/751
f 724/724 725/725 753/753 752/752
f 725/725 726/726 754/754 753/753
f 726/726 727/727 755/755 754/754
f 727/727 728/728 756/756 755/755
f 728/728 701/701 729/729 756/756
f 729/729 730/730 758/758 757/757
f 730/730 731/731 759/759 758/758
f 731/731 732/732 760/760 759/759
f 732/732 733/733 761/761 760/760
f 733/733 734/734 762/762 761/761
f 734/734 735/735 763/763 762/762
f 735/735 736/736 764/764 763/763
f 736/736 737/737 765/765 764/764
f 737/737 738/738 766/766 765/765
f 738/738 739/739 767/767 766/766
f 739/739 740/740 768/768 767/767
f 740/740 741/741 769/769 768/768
f 741/741 742/742 770/770 769/769
f 742/742 743/743 771/771 770/770
f 743/743 744/744 772/772 771/771
f 744/744 745/745 773/773 772/772
f 745/745 746/746 774/774 773/773
f 746/746 747/747 775/775 774/774
f 747/747 748/748 776/776 775/775
f 748/748 749/749 777/777 776/776
f 749/749 750/750 778/778 777/777
f 750/750 751/751 779/779 778/778
f 751/751 752/752 780/780 779/779
f 752/752 753/753 781/781 780/780
f 753/753 754/754 782/782 781/781
f 754/754 755/755 783/783 782/782
f 755/755 756/756 784/784 783/783
f 756/756 729/729 757/757 784/784
f 757/757 758/758 786/786 785/785
f 758/758 759/759 787/787 786/786
f 759/759 760/760 788/788 787/787
f 760/760 761/761 789/789 788/788
f 761/761 762/762 790/790 789/789
f 762/762 763/763 791/791 790/790
f 763/763 764/764 792/792 791/791
f 764/764 765/765 793/793 792/792
f 765/765 766/766 794/794 793/793
f 766/766 767/767 795/795 794/794
f 767/767 768/768 796/796 795/795
f 768/768 769/769 797/797 796/796
f 769/769 770/770 798/798 797/797
f 770/770 771/771 799/799 798/798
f 771/771 772/772 800/800 799/799
f 772/772 773/773 801/801 800/800
f 773/773 774/774 802/802 801/801
f 774/774 775/775 803/803 802/802
f 775/775 776/776 804/804 803/803
f 776/776 777/777 805/805 804/804
f 777/777 778/778 806/806 805/805
f 778/778 779/779 807/807 806/806
f 779/779 780/780 808/808 807/807
f 780/780 781/781 809/809 808/808
f 781/781 782/782 810/810 809/809
f 782/782 783/783 811/811 810/810
f 783/783 784/784 812/812 811/811
f 784/784 757/757 785/785 812/812
f 785/785 786/786 814/814 813/813
f 786/786 787/787 815/815 814/814
f 787/787 788/788 816/816 815/815
f 788/788 789/789 817/817 816/816
f 789/789 790/790 818/818 817/817
f 790/790 791/791 819/819 818/818
f 791/791 792/792 820/820 819/819
f 792/792 793/793 821/821 820/820
f 793/793 794/794 822/822 821/821
f 794/794 795/795 823/823 822/822
f 795/795 796/796 824/824 823/823
f 796/796 797/797 825/825 824/824
f 797/797 798/798 826/826 825/825
f 798/798 799/799 827/827 826/826
f 799/799 800/800 828/828 827/827
f 800/800 801/801 829/829 828/828
f 801/801 802/802 830/830 829/829
f 802/802 803/803 831/831 830/830
f 803/803 804/804 832/832 831/831
f 804/804 805/805 833/833 832/832
f 805/805 806/806 834/834 833/833
f 806/806 807/807 835/835 834/834
f 807/807 808/808 836/836 835/835
f 808/808 809/809 837/837 836/836
f 809/809 810/810 838/838 837/837
f 810/810 811/811 839/839 838/838
f 811/811 812/812 840/840 839/839
f 812/812 785/785 813/813 840/840
f 841/841 842/842 870/870 869/869
f 842/842 843/843 871/871 870/870
f 843/843 844/844 872/872 871/871
f 844/844 845/845 873/873 872/872
f 845/845 846/846 874/874 873/873
f 846/846 847/847 875/875 874/874
f 847/847 848/848 876/876 875/875
f 848/848 849/849 877/877 876/876
f 849/849 850/850 878/878 877/877
f 850/850 851/851 879/879 878/878
f 851/851 852/852 880/880 879/879
f 852/852 853/853 881/881 880/880
f 853/853 854/854 882/882 881/881
f 854/854 855/855 883/883 882/882
f 855/855 856/856 884/884 883/883
f 856/856 857/857 885/885 884/884
f 857/857 858/858 886/886 885/885
f 858/858 859/859 887/887 886/886
f 859/859 860/860 888/888 887/887
f 860/860 861/861 889/889 888/888
f 861/861 862/862 890/890 889/889
f 862/862 863/863 891/891 890/890
f 863/863 864/864 892/892 891/891
f 864/864 865/865 893/893 892/892
f 865/865 866/866 894/894 893/893
f 866/866 867/867 895/895 894/894
f 867/867 868/868 896/896 895/895
f 868/868 841/841 869/869 896/896
f 869/869 870/870 898/898 897/897
f 870/870 871/871 899/899 898/898
f 871/871 872/872 900/900 899/899
f 872/872 873/873 901/901 900/900
f 873/873 874/874 902/902 901/901
f 874/874 875/875 903/903 902/902
f 875/875 876/876 904/904 903/903
f 876/876 877/877 905/905 904/904
f 877/877 878/878 906/906 905/905
f 878/878 879/879 907/907 906/906
f 879/879 880/880 908/908 907/907
f 880/880 881/881 909/909 908/908
f 881/881 882/882 910/910 909/909
f 882/882 883/883 911/911 910/910
f 883/883 884/884 912/912 911/911
f 884/884 885/885 913/913 912/912
f 885/885 886/886 914/914 913/913
f 886/886 887/887 915/915 914/914
f 887/887 888/888 916/916 915/915
f 888/888 889/889 917/917 916/916
f 889/889 890/890 918/918 917/917
f 890/890 891/891 919/919 918/918
f 891/891 892/892 920/920 919/919
f 892/892 893/893 921/921 920/920
f 893/893 894/894 922/922 921/921
f 894/894 895/895 923/923 922/922
f 895/895 896/896 924/924 923/923
f 896/896 869/869 897/897 924/924
f 897/897 898/898 926/926 925/925
f 898/898 899/899 927/927 926/926
f 899/899 900/900 928/928 927/927
f 900/900 901/901 929/929 928/928
f 901/901 902/902 930/930 929/929
f 902/902 903/903 931/931 930/930
f 903/903 904/904 932/932 931/931
f 904/904 905/905 933/933 932/932
f 905/905 906/906 934/934 933/933
f 906/906 907/907 935/935 934/934
f 907/907 908/908 936/936 935/935
f 908/908 909/909 937/937 936/936
f 909/909 910/910 938/938 937/937
f 910/910 911/911 939/939 938/938
f 911/911 912/912 940/940 939/939
f 912/912 913/913 941/941 940/940
f 913/913 914/914 942/942 941/941
f 914/914 915/915 943/943 942/942
f 915/915 916/916 944/944 943/943
f 916/916 917/917 945/945 944/944
f 917/917 918/918 946/946 945/945
f 918/918 919/919 947/947 946/946
f 919/919 920/920 948/948 947/947
f 920/920 921/921 949/949 948/948
f 921/921 922/922 950/950 949/949
f 922/922 923/923 951/951 950/950
f 923/923 924/924 952/952 951/951
f 924/924 897/897 925/925 952/952
f 925/925 926/926 954/954 953/953
f 926/926 927/927 955/955 954/954
f 927/927 928/928 956/956 955/955
f 928/928 929/929 957/957 956/956
f 929/929 930/930 958/958 957/957
f 930/930 931/931 959/959 958/958
f 931/931 932/932 960/960 959/959
f 932/932 933/933 961/961 960/960
f 933/933 934/934 962/962 961/961
f 934/934 935/935 963/963 962/962
f 935/935 936/936 964/964 963/963
f 936/936 937/937 965/965 964/964
f 937/937 938/938 966/966 965/965
f 938/938 939/939 967/967 966/966
f 939/939 940/940 968/968 967/967
f 940/940 941/941 969/969 968/968
f 941/941 942/942 970/970 969/969
f 942/942 943/943 971/971 970/970
f 943/943 944/944 972/972 971/971
f 944/944 945/945 973/973 972/972
f 945/945 946/946 974/974 973/973
f 946/946 947/947 975/975 974/974
f 947/947 948/948 976/976 975/975
f 948/948 949/949 977/977 976/976
f 949/949 950/950 978/978 977/977
f 950/950 951/951 979/979 978/978
f 951/951 952/952 980/980 979/979
f 952/952 925/925 953/953 980/980
f 953/953 954/954 982/982 981/981
f 954/954 955/955 983/983 982/982
f 955/955 956/956 984/984 983/983
f 956/956 957/957 985/985 984/984
f 957/957 958/958 986/986 985/985
f 958/958 959/959 987/987 986/986
f 959/959 960/960 988/988 987/987
f 960/960 961/961 989/989 988/988
f 961/961 962/962 990/990 989/989
f 962/962 963/963 991/991 990/990
f 963/963 964/964 992/992 991/991
f 964/964 965/965 993/993 992/992
f 965/965 966/966 994/994 993/993
f 966/966 967/967 995/995 994/994
f 967/967 968/968 996/996 995/995
f 968/968 969/969 997/997 996/996
f 969/969 970/970 998/998 997/997
f 970/970 971/971 999/999 998/998
f 971/971 972/972 1000/1000 999/999
f 972/972 973/973 1001/1001 1000/1000
f 973/973 974/974 1002/1002 1001/1001
f 974/974 975/975 1003/1003 1002/1002
f 975/975 976/976 1004/1004 1003/1003
f 976/976 977/977 1005/1005 1004/1004
f 977/977 978/978 1006/1006 1005/1005
f 978/978 979/979 1007/1007 1006/1006
f 979/979 980/980 1008/1008 1007/1007
f 980/980 953/953 981/981 1008/1008
f 981/981 982/982 1010/1010 1009/1009
f 982/982 983/983 1011/1011 1010/1010
f 983/983 984/984 1012/1012 1011/1011
f 984/984 985/985 1013/1013 1012/1012
f 985/985 986/986 1014/1014 1013/1013
f 986/986 987/987 1015/1015 1014/1014
f 987/987 988/988 1016/1016 1015/1015
f 988/988 989/989 1017/1017 1016/1016
f 989/989 990/990 1018/1018 1017/1017
f 990/990 991/991 1019/1019 1018/1018
f 991/991 992/992 1020/1020 1019/1019
f 992/992 993/993 1021/1021 1020/1020
f 993/993 994/994 1022/1022 1021/1021
f 994/994 995/995 1023/1023 1022/1022
f 995/995 996/996 1024/1024 1023/1023
f 996/996 997/997 1025/1025 1024/1024
f 997/997 998/998 1026/1026 1025/1025
f 998/998 999/999 1027/1027 1026/1026
f 999/999 1000/1000 1028/1028 1027/1027
f 1000/1000 1001/1001 1029/1029 1028/1028
f 1001/1001 1002/1002 1030/1030 1029/1029
f 1002/1002 1003/1003 1031/1031 1030/1030
f 1003/1003 1004/1004 1032/1032 1031/1031
f 1004/1004 1005/1005 1033/1033 1032/1032
f 1005/1005 1006/1006 1034/1034 1033/1033
f 1006/1006 1007/1007 1035/1035 1034/1034
f 1007/1007 1008/1008 1036/1036 1035/1035
f 1008/1008 981/981 1009/1009 1036/1036
f 1009/1009 1010/1010 1038/1038 1037/1037
f 1010/1010 1011/1011 1039/1039 1038/1038
f 1011/1011 1012/1012 1040/1040 1039/1039
f 1012/1012 1013/1013 1041/1041 1040/1040
f 1013/1013 1014/1014 1042/1042 1041/1041
f 1014/1014 1015/1015 1043/1043 1042/1042
f 1015/1015 1016/1016 1044/1044 1043/1043
f 1016/1016 1017/1017 1045/1045 1044/1044
f 1017/1017 1018/1018 1046/1046 1045/1045
f 1018/1018 1019/1019 1047/1047 1046/1046
f 1019/1019 1020/1020 1048/1048 1047/1047
f 1020/1020 1021/1021 1049/1049 1048/1048
f 1021/1021 1022/1022 1050/1050 1049/1049
f 1022/1022 1023/1023 1051/1051 1050/1050
f 1023/1023 1024/1024 1052/1052 1051/1051
f 1024/1024 1025/1025 1053/1053 1052/1052
f 1025/1025 1026/1026 1054/1054 1053/1053
f 1026/1026 1027/1027 1055/1055 1054/1054
f 1027/1027 1028/1028 1056/1056 1055/1055
f 1028/1028 1029/1029 1057/1057 1056/1056
f 1029/1029 1030/1030 1058/1058 1057/1057
f 1030/1030 1031/1031 1059/1059 1058/1058
f 1031/1031 1032/1032 1060/1060 1059/1059
f 1032/1032 1033/1033 1061/1061 1060/1060
f 1033/1033 1034/1034 1062/1062 1061/1061
f 1034/1034 1035/1035 1063/1063 1062/1062
f 1035/1035 1036/1036 1064/1064 1063/1063
f 1036/1036 1009/1009 1037/1037 1064/1064
f 1037/1037 1038/1038 1066/1066 1065/1065
f 1038/1038 1039/1039 1067/1067 1066/1066
f 1039/1039 1040/1040 1068/1068 1067/1067
f 1040/1040 1041/1041 1069/1069 1068/1068
f 1041/1041 1042/1042 1070/1070 1069/1069
f 1042/1042 1043/1043 1071/1071 1070/1070
f 1043/1043 1044/1044 1072/1072 1071/1071
f 1044/1044 1045/1045 1073/1073 1072/1072
f 1045/1045 1046/1046 1074/1074 1073/1073
f 1046/1046 1047/1047 1075/1075 1074/1074
f 1047/1047 1048/1048 1076/1076 1075/1075
f 1048/1048 1049/1049 1077/1077 1076/1076
f 1049/1049 1050/1050 1078/1078 1077/1077
f 1050/1050 1051/1051 1079/1079 1078/1078
f 1051/1051 1052/1052 1080/1080 1079/1079
f 1052/1052 1053/1053 1081/1081 1080/1080
f 1053/1053 1054/1054 1082/1082 1081/1081
f 1054/1054 1055/1055 1083/1083 1082/1082
f 1055/1055 1056/1056 1084/1084 1083/1083
f 1056/1056 1057/1057 1085/1085 1084/1084
f 1057/1057 1058/1058 1086/1086 1085/1085
f 1058/1058 1059/1059 1087/1087 1086/1086
f 1059/1059 1060/1060 1088/1088 1087/1087
f 1060/1060 1061/1061 1089/1089 1088/1088
f 1061/1061 1062/1062 1090/1090 1089/1089
f 1062/1062 1063/1063 1091/1091 1090/1090
f 1063/1063 1064/1064 1092/1092 1091/1091
f 1064/1064 1037/1037 1065/1065 1092/1092
f 1065/1065 1066/1066 1094/1094 1093/1093
f 1066/1066 1067/1067 1095/1095 1094/1094
f 1067/1067 1068/1068 1096/1096 1095/1095
f 1068/1068 1069/1069 1097/1097 1096/1096
f 1069/1069 1070/1070 1098/1098 1097/1097
f 1070/1070 1071/1071 1099/1099 1098/1098
f 1071/1071 1072/1072 1100/1100 1099/1099
f 1072/1072 1073/1073 1101/1101 1100/1100
f 1073/1073 1074/1074 1102/1102 1101/1101
f 1074/1074 1075/1075 1103/1103 1102/1102
f 1075/1075 1076/1076 1104/1104 1103/1103
f 1076/1076 1077/1077 1105/1105 1104/1104
f 1077/1077 1078/1078 1106/1106 1105/1105
f 1078/1078 1079/1079 1107/1107 1106/1106
f 1079/1079 1080/1080 1108/1108 1107/1107
f 1080/1080 1081/1081 1109/1109 1108/1108
f 1081/1081 1082/1082 1110/1110 1109/1109
f 1082/1082 1083/1083 1111/1111 1110/1110
f 1083/1083 1084/1084 1112/1112 1111/1111
f 1084/1084 1085/1085 1113/1113 1112/1112
f 1085/1085 1086/1086 1114/1114 1113/1113
f 1086/1086 1087/1087 1115/1115 1114/1114
f 1087/1087 1088/1088 1116/1116 1115/1115
f 1088/1088 1089/1089 1117/1117 1116/1116
f 1089/1089 1090/1090 1118/1118 1117/1117
f 1090/1090 1091/1091 1119/1119 1118/1118
f 1091/1091 1092/1092 1120/1120 1119/1119
f 1092/1092 1065/1065 1093/1093 1120/1120
f 1093/1093 1094/1094 1122/1122 1121/1121
f 1094/1094 1095/1095 1123/1123 1122/1122
f 1095/1095 1096/1096 1124/1124 1123/1123
f 1096/1096 1097/1097 1125/1125 1124/1124
f 1097/1097 1098/1098 1126/1126 1125/1125
f 1098/1098 1099/1099 1127/1127 1126/1126
f 1099/1099 1100/1100 1128/1128 1127/1127
f 1100/1100 1101/1101 1129/1129 1128/1128
f 1101/1101 1102/1102 1130/1130 1129/1129
f 1102/1102 1103/1103 1131/1131 1130/1130
f 1103/1103 1104/1104 1132/1132 1131/1131
f 1104/1104 1105/1105 1133/1133 1132/1132
f 1105/1105 1106/1106 1134/1134 1133/1133
f 1106/1106 1107/1107 1135/1135 1134/1134
f 1107/1107 1108/1108 1136/1136 1135/1135
f 1108/1108 1109/1109 1137/1137 1136/1136
f 1109/1109 1110/1110 1138/1138 1137/1137
f 1110/1110 1111/1111 1139/1139 1138/1138
f 1111/1111 1112/1112 1140/1140 1139/1139
f 1112/1112 1113/1113 1141/1141 1140/1140
f 1113/1113 1114/1114 1142/1142 1141/1141
f 1114/1114 1115/1115 1143/1143 1142/1142
f 1115/1115 1116/1116 1144/1144 1143/1143
f 1116/1116 1117/1117 1145/1145 1144/1144
f 1117/1117 1118/1118 1146/1146 1145/1145
f 1118/1118 1119/1119 1147/1147 1146/1146
f 1119/1119 1120/1120 1148/1148 1147/1147
f 1120/1120 1093/1093 1121/1121 1148/1148
f 1121/1121 1122/1122 1150/1150 1149/1149
f 1122/1122 1123/1123 1151/1151 1150/1150
f 1123/1123 1124/1124 1152/1152 1151/1151
f 1124/1124 1125/1125 1153/1153 1152/1152
f 1125/1125 1126/1126 1154/1154 1153/1153
f 1126/1126 1127/1127 1155/1155 1154/1154
f 1127/1127 1128/1128 1156/1156 1155/1155
f 1128/1128 1129/1129 1157/1157 1156/1156
f 1129/1129 1130/1130 1158/1158 1157/1157
f 1130/1130 1131/1131 1159/1159 1158/1158
f 1131/1131 1132/1132 1160/1160 1159/1159
f 1132/1132 1133/1133 1161/1161 1160/1160
f 1133/1133 1134/1134 1162/1162 1161/1161
f 1134/1134 1135/1135 1163/1163 1162/1162
f 1135/1135 1136/1136 1164/1164 1163/1163
f 1136/1136 1137/1137 1165/1165 1164/1164
f 1137/1137 1138/1138 1166/1166 1165/1165
f 1138/1138 1139/1139 1167/1167 1166/1166
f 1139/1139 1140/1140 1168/1168 1167/1167
f 1140/1140 1141/1141 1169/1169 1168/1168
f 1141/1141 1142/1142 1170/1170 1169/1169
f 1142/1142 1143/1143 1171/1171 1170/1170
f 1143/1143 1144/1144 1172/1172 1171/1171
f 1144/1144 1145/1145 1173/1173 1172/1172
f 1145/1145 1146/1146 1174/1174 1173/1173
f 1146/1146 1147/1147 1175/1175 1174/1174
f 1147/1147 1148/1148 1176/1176 1175/1175
f 1148/1148 1121/1121 1149/1149 1176/1176
f 1149/1149 1150/1150 1178/1178 1177/1177
f 1150/1150 1151/1151 1179/1179 1178/1178
f 1151/1151 1152/1152 1180/1180 1179/1179
f 1152/1152 1153/1153 1181/1181 1180/1180
f 1153/1153 1154/1154 1182/1182 1181/1181
f 1154/1154 1155/1155 1183/1183 1182/1182
f 1155/1155 1156/1156 1184/1184 1183/1183
f 1156/1156 1157/1157 1185/1185 1184/1184
f 1157/1157 1158/1158 1186/1186 1185/1185
f 1158/1158 1159/1159 1187/1187 1186/1186
f 1159/1159 1160/1160 1188/1188 1187/1187
f 1160/1160 1161/1161 1189/1189 1188/1188
f 1161/1161 1162/1162 1190/1190 1189/1189
f 1162/1162 1163/1163 1191/1191 1190/1190
f 1163/1163 1164/1164 1192/1192 1191/1191
f 1164/1164 1165/1165 1193/1193 1192/1192
f 1165/1165 1166/1166 1194/1194 1193/1193
f 1166/1166 1167/1167 1195/1195 1194/1194
f 1167/1167 1168/1168 1196/1196 1195/1195
f 1168/1168 1169/1169 1197/1197 1196/1196
f 1169/1169 1170/1170 1198/1198 1197/1197
f 1170/1170 1171/1171 1199/1199 1198/1198
f 1171/1171 1172/1172 1200/1200 1199/1199
f 1172/1172 1173/1173 1201/1201 1200/1200
f 1173/1173 1174/1174 1202/1202 1201/1201
f 1174/1174 1175/1175 1203/1203 1202/1202
f 1175/1175 1176/1176 1204/1204 1203/1203
f 1176/1176 1149/1149 1177/1177 1204/1204
f 1177/1177 1178/1178 1206/1206 1205/1205
f 1178/1178 1179/1179 1207/1207 1206/1206
f 1179/1179 1180/1180 1208/1208 1207/1207
f 1180/1180 1181/1181 1209/1209 1208/1208
f 1181/1181 1182/1182 1210/1210 1209/1209
f 1182/1182 1183/1183 1211/1211 1210/1210
f 1183/1183 1184/1184 1212/1212 1211/1211
f 1184/1184 1185/1185 1213/1213 1212/1212
f 1185/1185 1186/1186 1214/1214 1213/1213
f 1186/1186 1187/1187 1215/1215 1214/1214
f 1187/1187 1188/1188 1216/1216 1215/1215
f 1188/1188 1189/1189 1217/1217 1216/1216
f 1189/1189 1190/1190 1218/1218 1217/1217
f 1190/1190 1191/1191 1219/1219 1218/1218
f 1191/1191 1192/1192 1220/1220 1219/1219
f 1192/1192 1193/1193 1221/1221 1220/1220
f 1193/1193 1194/1194 1222/1222 1221/1221
f 1194/1194 1195/1195 1223/1223 1222/1222
f 1195/1195 1196/1196 1224/1224 1223/1223
f 1196/1196 1197/1197 1225/1225 1224/1224
f 1197/1197 1198/1198 1226/1226 1225/1225
f 1198/1198 1199/1199 1227/1227 1226/1226
f 1199/1199 1200/1200 1228/1228 1227/1227
f 1200/1200 1201/1201 1229/1229 1228/1228
f 1201/1201 1202/1202 1230/1230 1229/1229
f 1202/1202 1203/1203 1231/1231 1230/1230
f 1203/1203 1204/1204 1232/1232 1231/1231
f 1204/1204 1177/1177 1205/1205 1232/1232
f 1205/1205 1206/1206 1234/1234 1233/1233
f 1206/1206 1207/1207 1235/1235 1234/1234
f 1207/1207 1208/1208 1236/1236 1235/1235
f 1208/1208 1209/1209 1237/1237 1236/1236
f 1209/1209 1210/1210 1238/1238 1237/1237
f 1210/1210 1211/1211 1239/1239 1238/1238
f 1211/1211 1212/1212 1240/1240 1239/1239
f 1212/1212 1213/1213 1241/1241 1240/1240
f 1213/1213 1214/1214 1242/1242 1241/1241
f 1214/1214 1215/1215 1243/1243 1242/1242
f 1215/1215 1216/1216 1244/1244 1243/1243
f 1216/1216 1217/1217 1245/1245 1244/1244
f 1217/1217 1218/1218 1246/1246 1245/1245
f 1218/1218 1219/1219 1247/1247 1246/1246
f 1219/1219 1220/1220 1248/1248 1247/1247
f 1220/1220 1221/1221 1249/1249 1248/1248
f 1221/1221 1222/1222 1250/1250 1249/1249
f 1222/1222 1223/1223 1251/1251 1250/1250
f 1223/1223 1224/1224 1252/1252 1251/1251
f 1224/1224 1225/1225 1253/1253 1252/1252
f 1225/1225 1226/1226 1254/1254 1253/1253
f 1226/1226 1227/1227 1255/1255 1254/1254
f 1227/1227 1228/1228 1256/1256 1255/1255
f 1228/1228 1229/1229 1257/1257 1256/1256
f 1229/1229 1230/1230 1258/1258 1257/1257
f 1230/1230 1231/1231 1259/1259 1258/1258
f 1231/1231 1232/1232 1260/1260 1259/1259
f 1232/1232 1205/1205 1233/1233 1260/1260
f 1261/1261 1262/1262 1290/1290 1289/1289
f 1262/1262 1263/1263 1291/1291 1290/1290
f 1263/1263 1264/1264 1292/1292 1291/1291
f 1264/1264 1265/1265 1293/1293 1292/1292
f 1265/1265 1266/1266 1294/1294 1293/1293
f 1266/1266 1267/1267 1295/1295 1294/1294
f 1267/1267 1268/1268 1296/1296 1295/1295
f 1268/1268 1269/1269 1297/1297 1296/1296
f 1269/1269 1270/1270 1298/1298 1297/1297
f 1270/1270 1271/1271 1299/1299 1298/1298
f 1271/1271 1272/1272 1300/1300 1299/1299
f 1272/1272 1273/1273 1301/1301 1300/1300
f 1273/1273 1274/1274 1302/1302 1301/1301
f 1274/1274 1275/1275 1303/1303 1302/1302
f 1275/1275 1276/1276 1304/1304 1303/1303
f 1276/1276 1277/1277 1305/1305 1304/1304
f 1277/1277 1278/1278 1306/1306 1305/1305
f 1278/1278 1279/1279 1307/1307 1306/1306
f 1279/1279 1280/1280 1308/1308 1307/1307
f 1280/1280 1281/1281 1309/1309 1308/1308
f 1281/1281 1282/1282 1310/1310 1309/1309
f 1282/1282 1283/1283 1311/1311 1310/1310
f 1283/1283 1284/1284 1312/1312 1311/1311
f 1284/1284 1285/1285 1313/1313 1312/1312
f 1285/1285 1286/1286 1314/1314 1313/1313
f 1286/1286 1287/1287 1315/1315 1314/1314
f 1287/1287 1288/1288 1316/1316 1315/1315
f 1288/1288 1261/1261 1289/1289 1316/1316
f 1289/1289 1290/1290 1318/1318 1317/1317
f 1290/1290 1291/1291 1319/1319 1318/1318
f 1291/1291 1292/1292 1320/1320 1319/1319
f 1292/1292 1293/1293 1321/1321 1320/1320
f 1293/1293 1294/1294 1322/1322 1321/1321
f 1294/1294 1295/1295 1323/1323 1322/1322
f 1295/1295 1296/1296 1324/1324 1323/1323
f 1296/1296 1297/1297 1325/1325 1324/1324
f 1297/1297 1298/1298 1326/1326 1325/1325
f 1298/1298 1299/1299 1327/1327 1326/1326
f 1299/1299 1300/1300 1328/1328 1327/1327
f 1300/1300 1301/1301 1329/1329 1328/1328
f 1301/1301 1302/1302 1330/1330 1329/1329
f 1302/1302 1303/1303 1331/1331 1330/1330
f 1303/1303 1304/1304 1332/1332 1331/1331
f 1304/1304 1305/1305 1333/1333 1332/1332
f 1305/1305 1306/1306 1334/1334 1333/1333
f 1306/1306 1307/1307 1335/1335 1334/1334
f 1307/1307 1308/1308 1336/1336 1335/1335
f 1308/1308 1309/1309 1337/1337 1336/1336
f 1309/1309 1310/1310 1338/1338 1337/1337
f 1310/1310 1311/1311 1339/1339 1338/1338
f 1311/1311 1312/1312 1340/1340 1339/1339
f 1312/1312 1313/1313 1341/1341 1340/1340
f 1313/1313 1314/1314 1342/1342 1341/1341
f 1314/1314 1315/1315 1343/1343 1342/1342
f 1315/1315 1316/1316 1344/1344 1343/1343
f 1316/1316 1289/1289 1317/1317 1344/1344
f 1317/1317 1318/1318 1346/1346 1345/1345
f 1318/1318 1319/1319 1347/1347 1346/1346
f 1319/1319 1320/1320 1348/1348 1347/1347
f 1320/1320 1321/1321 1349/1349 1348/1348
f 1321/1321 1322/1322 1350/1350 1349/1349
f 1322/1322 1323/1323 1351/1351 1350/1350
f 1323/1323 1324/1324 1352/1352 1351/1351
f 1324/1324 1325/1325 1353/1353 1352/1352
f 1325/1325 1326/1326 1354/1354 1353/1353
f 1326/1326 1327/1327 1355/1355 1354/1354
f 1327/1327 1328/1328 1356/1356 1355/1355
f 1328/1328 1329/1329 1357/1357 1356/1356
f 1329/1329 1330/1330 1358/1358 1357/1357
f 1330/1330 1331/1331 1359/1359 1358/1358
f 1331/1331 1332/1332 1360/1360 1359/1359
f 1332/1332 1333/1333 1361/1361 1360/1360
f 1333/1333 1334/1334 1362/1362 1361/1361
f 1334/1334 1335/1335 1363/1363 1362/1362
f 1335/1335 1336/1336 1364/1364 1363/1363
f 1336/1336 1337/1337 1365/1365 1364/1364
f 1337/1337 1338/1338 1366/1366 1365/1365
f 1338/1338 1339/1339 1367/1367 1366/1366
f 1339/1339 1340/1340 1368/1368 1367/1367
f 1340/1340 1341/1341 1369/1369 1368/1368
f 1341/1341 1342/1342 1370/1370 1369/1369
f 1342/1342 1343/1343 1371/1371 1370/1370
f 1343/1343 1344/1344 1372/1372 1371/1371
f 1344/1344 1317/1317 1345/1345 1372/1372
f 1345/1345 1346/1346 1374/1374 1373/1373
f 1346/1346 1347/1347 1375/1375 1374/1374
f 1347/1347 1348/1348 1376/1376 1375/1375
f 1348/1348 1349/1349 1377/1377 1376/1376
f 1349/1349 1350/1350 1378/1378 1377/1377
f 1350/1350 1351/1351 1379/1379 1378/1378
f 1351/1351 1352/1352 1380/1380 1379/1379
f 1352/1352 1353/1353 1381/1381 1380/1380
f 1353/1353 1354/1354 1382/1382 1381/1381
f 1354/1354 1355/1355 1383/1383 1382/1382
f 1355/1355 1356/1356 1384/1384 1383/1383
f 1356/1356 1357/1357 1385/1385 1384/1384
f 1357/1357 1358/1358 1386/1386 1385/1385
f 1358/1358 1359/1359 1387/1387 1386/1386
f 1359/1359 1360/1360 1388/1388 1387/1387
f 1360/1360 1361/1361 1389/1389 1388/1388
f 1361/1361 1362/1362 1390/1390 1389/1389
f 1362/1362 1363/1363 1391/1391 1390/1390
f 1363/1363 1364/1364 1392/1392 1391/1391
f 1364/1364 1365/1365 1393/1393 1392/1392
f 1365/1365 1366/1366 1394/1394 1393/1393
f 1366/1366 1367/1367 1395/1395 1394/1394
f 1367/1367 1368/1368 1396/1396 1395/1395
f 1368/1368 1369/1369 1397/1397 1396/1396
f 1369/1369 1370/1370 1398/1398 1397/1397
f 1370/1370 1371/1371 1399/1399 1398/1398
f 1371/1371 1372/1372 1400/1400 1399/1399
f 1372/1372 1345/1345 1373/1373 1400/1400
f 1373/1373 1374/1374 1402/1402 1401/1401
f 1374/1374 1375/1375 1403/1403 1402/1402
f 1375/1375 1376/1376 1404/1404 1403/1403
f 1376/1376 1377/1377 1405/1405 1404/1404
f 1377/1377 1378/1378 1406/1406 1405/1405
f 1378/1378 1379/1379 1407/1407 1406/1406
f 1379/1379 1380/1380 1408/1408 1407/1407
f 1380/1380 1381/1381 1409/1409 1408/1408
f 1381/1381 1382/1382 1410/1410 1409/1409
f 1382/1382 1383/1383 1411/1411 1410/1410
f 1383/1383 1384/1384 1412/1412 1411/1411
f 1384/1384 1385/1385 1413/1413 1412/1412
f 1385/1385 1386/1386 1414/1414 1413/1413
f 1386/1386 1387/1387 1415/1415 1414/1414
f 1387/1387 1388/1388 1416/1416 1415/1415
f 1388/1388 1389/1389 1417/1417 1416/1416
f 1389/1389 1390/1390 1418/1418 1417/1417
f 1390/1390 1391/1391 1419/1419 1418/1418
f 1391/1391 1392/1392 1420/1420 1419/1419
f 1392/1392 1393/1393 1421/1421 1420/1420
f 1393/1393 1394/1394 1422/1422 1421/1421
f 1394/1394 1395/1395 1423/1423 1422/1422
f 1395/1395 1396/1396 1424/1424 1423/1423
f 1396/1396 1397/1397 1425/1425 1424/1424
f 1397/1397 1398/1398 1426/1426 1425/1425
f 1398/1398 1399/1399 1427/1427 1426/1426
f 1399/1399 1400/1400 1428/1428 1427/1427
f 1400/1400 1373/1373 1401/1401 1428/1428
f 1401/1401 1402/1402 1430/1430 1429/1429
f 1402/1402 1403/1403 1431/1431 1430/1430
f 1403/1403 1404/1404 1432/1432 1431/1431
f 1404/1404 1405/1405 1433/1433 1432/1432
f 1405/1405 1406/1406 1434/1434 1433/1433
f 1406/1406 1407/1407 1435/1435 1434/1434
f 1407/1407 1408/1408 1436/1436 1435/1435
f 1408/1408 1409/1409 1437/1437 1436/1436
f 1409/1409 1410/1410 1438/1438 1437/1437
f 1410/1410 1411/1411 1439/1439 1438/1438
f 1411/1411 1412/1412 1440/1440 1439/1439
f 1412/1412 1413/1413 1441/1441 1440/1440
f 1413/1413 1414/1414 1442/1442 1441/1441
f 1414/1414 1415/1415 1443/1443 1442/1442
f 1415/1415 1416/1416 1444/1444 1443/1443
f 1416/1416 1417/1417 1445/1445 1444/1444
f 1417/1417 1418/1418 1446/1446 1445/1445
f 1418/1418 1419/1419 1447/1447 1446/1446
f 1419/1419 1420/1420 1448/1448 1447/1447
f 1420/1420 1421/1421 1449/1449 1448/1448
f 1421/1421 1422/1422 1450/1450 1449/1449
f 1422/1422 1423/1423 1451/1451 1450/1450
f 1423/1423 1424/1424 1452/1452 1451/1451
f 1424/1424 1425/1425 1453/1453 1452/1452
f 1425/1425 1426/1426 1454/1454 1453/1453
f 1426/1426 1427/1427 1455/1455 1454/1454
f 1427/1427 1428/1428 1456/1456 1455/1455
f 1428/1428 1401/1401 1429/1429 1456/1456
f 1429/1429 1430/1430 1458/1458 1457/1457
f 1430/1430 1431/1431 1459/1459 1458/1458
f 1431/1431 1432/1432 1460/1460 1459/1459
f 1432/1432 1433/1433 1461/1461 1460/1460
f 1433/1433 1434/1434 1462/1462 1461/1461
f 1434/1434 1435/1435 1463/1463 1462/1462
f 1435/1435 1436/1436 1464/1464 1463/1463
f 1436/1436 1437/1437 1465/1465 1464/1464
f 1437/1437 1438/1438 1466/1466 1465/1465
f 1438/1438 1439/1439 1467/1467 1466/1466
f 1439/1439 1440/1440 1468/1468 1467/1467
f 1440/1440 1441/1441 1469/1469 1468/1468
f 1441/1441 1442/1442 1470/1470 1469/1469
f 1442/1442 1443/1443 1471/1471 1470/1470
f 1443/1443 1444/1444 1472/1472 1471/1471
f 1444/1444 1445/1445 1473/1473 1472/1472
f 1445/1445 1446/1446 1474/1474 1473/1473
f 1446/1446 1447/1447 1475/1475 1474/1474
f 1447/1447 1448/1448 1476/1476 1475/1475
f 1448/1448 1449/1449 1477/1477 1476/1476
f 1449/1449 1450/1450 1478/1478 1477/1477
f 1450/1450 1451/1451 1479/1479 1478/1478
f 1451/1451 1452/1452 1480/1480 1479/1479
f 1452/1452 1453/1453 1481/1481 1480/1480
f 1453/1453 1454/1454 1482/1482 1481/1481
f 1454/1454 1455/1455 1483/1483 1482/1482
f 1455/1455 1456/1456 1484/1484 1483/1483
f 1456/1456 1429/1429 1457/1457 1484/1484
f 1457/1457 1458/1458 1486/1486 1485/1485
f 1458/1458 1459/1459 1487/1487 1486/1486
f 1459/1459 1460/1460 1488/1488 1487/1487
f 1460/1460 1461/1461 1489/1489 1488/1488
f 1461/1461 1462/1462 1490/1490 1489/1489
f 1462/1462 1463/1463 1491/1491 1490/1490
f 1463/1463 1464/1464 1492/1492 1491/1491
f 1464/1464 1465/1465 1493/1493 1492/1492
f 1465/1465 1466/1466 1494/1494 1493/1493
f 1466/1466 1467/1467 1495/1495 1494/1494
f 1467/1467 1468/1468 1496/1496 1495/1495
f 1468/1468 1469/1469 1497/1497 1496/1496
f 1469/1469 1470/1470 1498/1498 1497/1497
f 1470/1470 1471/1471 1499/1499 1498/1498
f 1471/1471 1472/1472 1500/1500 1499/1499
f 1472/1472 1473/1473 1501/1501 1500/1500
f 1473/1473 1474/1474 1502/1502 1501/1501
f 1474/1474 1475/1475 1503/1503 1502/1502
f 1475/1475 1476/1476 1504/1504 1503/1503
f 1476/1476 1477/1477 1505/1505 1504/1504
f 1477/1477 1478/1478 1506/1506 1505/1505
f 1478/1478 1479/1479 1507/1507 1506/1506
f 1479/1479 1480/1480 1508/1508 1507/1507
f 1480/1480 1481/1481 1509/1509 1508/1508
f 1481/1481 1482/1482 1510/1510 1509/1509
f 1482/1482 1483/1483 1511/1511 1510/1510
f 1483/1483 1484/1484 1512/1512 1511/1511
f 1484/1484 1457/1457 1485/1485 1512/1512
f 1485/1485 1486/1486 1514/1514 1513/1513
f 1486/1486 1487/1487 1515/1515 1514/1514
f 1487/1487 1488/1488 1516/1516 1515/1515
f 1488/1488 1489/1489 1517/1517 1516/1516
f 1489/1489 1490/1490 1518/1518 1517/1517
f 1490/1490 1491/1491 1519/1519 1518/1518
f 1491/1491 1492/1492 1520/1520 1519/1519
f 1492/1492 1493/1493 1521/1521 1520/1520
f 1493/1493 1494/1494 1522/1522 1521/1521
f 1494/1494 1495/1495 1523/1523 1522/1522
f 1495/1495 1496/1496 1524/1524 1523/1523
f 1496/1496 1497/1497 1525/1525 1524/1524
f 1497/1497 1498/1498 1526/1526 1525/1525
f 1498/1498 1499/1499 1527/1527 1526/1526
f 1499/1499 1500/1500 1528/1528 1527/1527
f 1500/1500 1501/1501 1529/1529 1528/1528
f 1501/1501 1502/1502 1530/1530 1529/1529
f 1502/1502 1503/1503 1531/1531 1530/1530
f 1503/1503 1504/1504 1532/1532 1531/1531
f 1504/1504 1505/1505 1533/1533 1532/1532
f 1505/1505 1506/1506 1534/1534 1533/1533
f 1506/1506 1507/1507 1535/1535 1534/1534
f 1507/1507 1508/1508 1536/1536 1535/1535
f 1508/1508 1509/1509 1537/1537 1536/1536
f 1509/1509 1510/1510 1538/1538 1537/1537
f 1510/1510 1511/1511 1539/1539 1538/1538
f 1511/1511 1512/1512 1540/1540 1539/1539
f 1512/1512 1485/1485 1513/1513 1540/1540
f 1513/1513 1514/1514 1542/1542 1541/1541
f 1514/1514 1515/1515 1543/1543 1542/1542
f 1515/1515 1516/1516 1544/1544 1543/1543
f 1516/1516 1517/1517 1545/1545 1544/1544
f 1517/1517 1518/1518 1546/1546 1545/1545
f 1518/1518 1519/1519 1547/1547 1546/1546
f 1519/1519 1520/1520 1548/1548 1547/1547
f 1520/1520 1521/1521 1549/1549 1548/1548
f 1521/1521 1522/1522 1550/1550 1549/1549
f 1522/1522 1523/1523 1551/1551 1550/1550
f 1523/1523 1524/1524 1552/1552 1551/1551
f 1524/1524 1525/1525 1553/1553 1552/1552
f 1525/1525 1526/1526 1554/1554 1553/1553
f 1526/1526 1527/1527 1555/1555 1554/1554
f 1527/1527 1528/1528 1556/1556 1555/1555
f 1528/1528 1529/1529 1557/1557 1556/1556
f 1529/1529 1530/1530 1558/1558 1557/1557
f 1530/1530 1531/1531 1559/1559 1558/1558
f 1531/1531 1532/1532 1560/1560 1559/1559
f 1532/1532 1533/1533 1561/1561 1560/1560
f 1533/1533 1534/1534 1562/1562 1561/1561
f 1534/1534 1535/1535 1563/1563 1562/1562
f 1535/1535 1536/1536 1564/1564 1563/1563
f 1536/1536 1537/1537 1565/1565 1564/1564
f 1537/1537 1538/1538 1566/1566 1565/1565
f 1538/1538 1539/1539 1567/1567 1566/1566
f 1539/1539 1540/1540 1568/1568 1567/1567
f 1540/1540 1513/1513 1541/1541 1568/1568
f 1541/1541 1542/1542 1570/1570 1569/1569
f 1542/1542 1543/1543 1571/1571 1570/1570
f 1543/1543 1544/1544 1572/1572 1571/1571
f 1544/1544 1545/1545 1573/1573 1572/1572
f 1545/1545 1546/1546 1574/1574 1573/1573
f 1546/1546 1547/1547 1575/1575 1574/1574
f 1547/1547 1548/1548 1576/1576 1575/1575
f 1548/1548 1549/1549 1577/1577 1576/1576
f 1549/1549 1550/1550 1578/1578 1577/1577
f 1550/1550 1551/1551 1579/1579 1578/1578
f 1551/1551 1552/1552 1580/1580 1579/1579
f 1552/1552 1553/1553 1581/1581 1580/1580
f 1553/1553 1554/1554 1582/1582 1581/1581
f 1554/1554 1555/1555 1583/1583 1582/1582
f 1555/1555 1556/1556 1584/1584 1583/1583
f 1556/1556 1557/1557 1585/1585 1584/1584
f 1557/1557 1558/1558 1586/1586 1585/1585
f 1558/1558 1559/1559 1587/1587 1586/1586
f 1559/1559 1560/1560 1588/1588 1587/1587
f 1560/1560 1561/1561 1589/1589 1588/1588
f 1561/1561 1562/1562 1590/1590 1589/1589
f 1562/1562 1563/1563 1591/1591 1590/1590
f 1563/1563 1564/1564 1592/1592 1591/1591
f 1564/1564 1565/1565 1593/1593 1592/1592
f 1565/1565 1566/1566 1594/1594 1593/1593
f 1566/1566 1567/1567 1595/1595 1594/1594
f 1567/1567 1568/1568 1596/1596 1595/1595
f 1568/1568 1541/1541 1569/1569 1596/1596
f 1569/1569 1570/1570 1598/1598 1597/1597
f 1570/1570 1571/1571 1599/1599 1598/1598
f 1571/1571 1572/1572 1600/1600 1599/1599
f 1572/1572 1573/1573 1601/1601 1600/1600
f 1573/1573 1574/1574 1602/1602 1601/1601
f 1574/1574 1575/1575 1603/1603 1602/1602
f 1575/1575 1576/1576 1604/1604 1603/1603
f 1576/1576 1577/1577 1605/1605 1604/1604
f 1577/1577 1578/1578 1606/1606 1605/1605
f 1578/1578 1579/1579 1607/1607 1606/1606
f 1579/1579 1580/1580 1608/1608 1607/1607
f 1580/1580 1581/1581 1609/1609 1608/1608
f 1581/1581 1582/1582 1610/1610 1609/1609
f 1582/1582 1583/1583 1611/1611 1610/1610
f 1583/1583 1584/1584 1612/1612 1611/1611
f 1584/1584 1585/1585 1613/1613 1612/1612
f 1585/1585 1586/1586 1614/1614 1613/1613
f 1586/1586 1587/1587 1615/1615 1614/1614
f 1587/1587 1588/1588 1616/1616 1615/1615
f 1588/1588 1589/1589 1617/1617 1616/1616
f 1589/1589 1590/1590 1618/1618 1617/1617
f 1590/1590 1591/1591 1619/1619 1618/1618
f 1591/1591 1592/1592 1620/1620 1619/1619
f 1592/1592 1593/1593 1621/1621 1620/1620
f 1593/1593 1594/1594 1622/1622 1621/1621
f 1594/1594 1595/1595 1623/1623 1622/1622
f 1595/1595 1596/1596 1624/1624 1623/1623
f 1596/1596 1569/1569 1597/1597 1624/1624
f 1597/1597 1598/1598 1626/1626 1625/1625
f 1598/1598 1599/1599 1627/1627 1626/1626
f 1599/1599 1600/1600 1628/1628 1627/1627
f 1600/1600 1601/1601 1629/1629 1628/1628
f 1601/1601 1602/1602 1630/1630 1629/1629
f 1602/1602 1603/1603 1631/1631 1630/1630
f 1603/1603 1604/1604 1632/1632 1631/1631
f 1604/1604 1605/1605 1633/1633 1632/1632
f 1605/1605 1606/1606 1634/1634 1633/1633
f 1606/1606 1607/1607 1635/1635 1634/1634
f 1607/1607 1608/1608 1636/1636 1635/1635
f 1608/1608 1609/1609 1637/1637 1636/1636
f 1609/1609 1610/1610 1638/1638 1637/1637
f 1610/1610 1611/1611 1639/1639 1638/1638
f 1611/1611 1612/1612 1640/1640 1639/1639
f 1612/1612 1613/1613 1641/1641 1640/1640
f 1613/1613 1614/1614 1642/1642 1641/1641
f 1614/1614 1615/1615 1643/1643 1642/1642
f 1615/1615 1616/1616 1644/1644 1643/1643
f 1616/1616 1617/1617 1645/1645 1644/1644
f 1617/1617 1618/1618 1646/1646 1645/1645
f 1618/1618 1619/1619 1647/1647 1646/1646
f 1619/1619 1620/1620 1648/1648 1647/1647
f 1620/1620 1621/1621 1649/1649 1648/1648
f 1621/1621 1622/1622 1650/1650 1649/1649
f 1622/1622 1623/1623 1651/1651 1650/1650
f 1623/1623 1624/1624 1652/1652 1651/1651
f 1624/1624 1597/1597 1625/1625 1652/1652
f 1625/1625 1626/1626 1654/1654 1653/1653
f 1626/1626 1627/1627 1655/1655 1654/1654
f 1627/1627 1628/1628 1656/1656 1655/1655
f 1628/1628 1629/1629 1657/1657 1656/1656
f 1629/1629 1630/1630 1658/1658 1657/1657
f 1630/1630 1631/1631 1659/1659 1658/1658
f 1631/1631 1632/1632 1660/1660 1659/1659
f 1632/1632 1633/1633 1661/1661 1660/1660
f 1633/1633 1634/1634 1662/1662 1661/1661
f 1634/1634 1635/1635 1663/1663 1662/1662
f 1635/1635 1636/1636 1664/1664 1663/1663
f 1636/1636 1637/1637 1665/1665 1664/1664
f 1637/1637 1638/1638 1666/1666 1665/1665
f 1638/1638 1639/1639 1667/1667 1666/1666
f 1639/1639 1640/1640 1668/1668 1667/1667
f 1640/1640 1641/1641 1669/1669 1668/1668
f 1641/1641 1642/1642 1670/1670 1669/1669
f 1642/1642 1643/1643 1671/1671 1670/1670
f 1643/1643 1644/1644 1672/1672 1671/1671
f 1644/1644 1645/1645 1673/1673 1672/1672
f 1645/1645 1646/1646 1674/1674 1673/1673
f 1646/1646 1647/1647 1675/1675 1674/1674
f 1647/1647 1648/1648 1676/1676 1675/1675
f 1648/1648 1649/1649 1677/1677 1676/1676
f 1649/1649 1650/1650 1678/1678 1677/1677
f 1650/1650 1651/1651 1679/1679 1678/1678
f 1651/1651 1652/1652 1680/1680 1679/1679
f 1652/1652 1625/1625 1653/1653 1680/1680
f 1681/1681 1682/1682 1710/1710 1709/1709
f 1682/1682 1683/1683 1711/1711 1710/1710
f 1683/1683 1684/1684 1712/1712 1711/1711
f 1684/1684 1685/1685 1713/1713 1712/1712
f 1685/1685 1686/1686 1714/1714 1713/1713
f 1686/1686 1687/1687 1715/1715 1714/1714
f 1687/1687 1688/1688 1716/1716 1715/1715
f 1688/1688 1689/1689 1717/1717 1716/1716
f 1689/1689 1690/1690 1718/1718 1717/1717
f 1690/1690 1691/1691 1719/1719 1718/1718
f 1691/1691 1692/1692 1720/1720 1719/1719
f 1692/1692 1693/1693 1721/1721 1720/1720
f 1693/1693 1694/1694 1722/1722 1721/1721
f 1694/1694 1695/1695 1723/1723 1722/1722
f 1695/1695 1696/1696 1724/1724 1723/1723
f 1696/1696 1697/1697 1725/1725 1724/1724
f 1697/1697 1698/1698 1726/1726 1725/1725
f 1698/1698 1699/1699 1727/1727 1726/1726
f 1699/1699 1700/1700 1728/1728 1727/1727
f 1700/1700 1701/1701 1729/1729 1728/1728
f 1701/1701 1702/1702 1730/1730 1729/1729
f 1702/1702 1703/1703 1731/1731 1730/1730
f 1703/1703 1704/1704 1732/1732 1731/1731
f 1704/1704 1705/1705 1733/1733 1732/1732
f 1705/1705 1706/1706 1734/1734 1733/1733
f 1706/1706 1707/1707 1735/1735 1734/1734
f 1707/1707 1708/1708 1736/1736 1735/1735
f 1708/1708 1681/1681 1709/1709 1736/1736
f 1709/1709 1710/1710 1738/1738 1737/1737
f 1710/1710 1711/1711 1739/1739 1738/1738
f 1711/1711 1712/1712 1740/1740 1739/1739
f 1712/1712 1713/1713 1741/1741 1740/1740
f 1713/1713 1714/1714 1742/1742 1741/1741
f 1714/1714 1715/1715 1743/1743 1742/1742
f 1715/1715 1716/1716 1744/1744 1743/1743
f 1716/1716 1717/1717 1745/1745 1744/1744
f 1717/1717 1718/1718 1746/1746 1745/1745
f 1718/1718 1719/1719 1747/1747 1746/1746
f 1719/1719 1720/1720 1748/1748 1747/1747
f 1720/1720 1721/1721 1749/1749 1748/1748
f 1721/1721 1722/1722 1750/1750 1749/1749
f 1722/1722 1723/1723 1751/1751 1750/1750
f 1723/1723 1724/1724 1752/1752 1751/1751
f 1724/1724 1725/1725 1753/1753 1752/1752
f 1725/1725 1726/1726 1754/1754 1753/1753
f 1726/1726 1727/1727 1755/1755 1754/1754
f 1727/1727 1728/1728 1756/1756 1755/1755
f 1728/1728 1729/1729 1757/1757 1756/1756
f 1729/1729 1730/1730 1758/1758 1757/1757
f 1730/1730 1731/1731 1759/1759 1758/1758
f 1731/1731 1732/1732 1760/1760 1759/1759
f 1732/1732 1733/1733 1761/1761 1760/1760
f 1733/1733 1734/1734 1762/1762 1761/1761
f 1734/1734 1735/1735 1763/1763 1762/1762
f 1735/1735 1736/1736 1764/1764 1763/1763
f 1736/1736 1709/1709 1737/1737 1764/1764
f 1737/1737 1738/1738 1766/1766 1765/1765
f 1738/1738 1739/1739 1767/1767 1766/1766
f 1739/1739 1740/1740 1768/1768 1767/1767
f 1740/1740 1741/1741 1769/1769 1768/1768
f 1741/1741 1742/1742 1770/1770 1769/1769
f 1742/1742 1743/1743 1771/1771 1770/1770
f 1743/1743 1744/1744 1772/1772 1771/1771
f 1744/1744 1745/1745 1773/1773 1772/1772
f 1745/1745 1746/1746 1774/1774 1773/1773
f 1746/1746 1747/1747 1775/1775 1774/1774
f 1747/1747 1748/1748 1776/1776 1775/1775
f 1748/1748 1749/1749 1777/1777 1776/1776
f 1749/1749 1750/1750 1778/1778 1777/1777
f 1750/1750 1751/1751 1779/1779 1778/1778
f 1751/1751 1752/1752 1780/1780 1779/1779
f 1752/1752 1753/1753 1781/1781 1780/1780
f 1753/1753 1754/1754 1782/1782 1781/1781
f 1754/1754 1755/1755 1783/1783 1782/1782
f 1755/1755 1756/1756 1784/1784 1783/1783
f 1756/1756 1757/1757 1785/1785 1784/1784
f 1757/1757 1758/1758 1786/1786 1785/1785
f 1758/1758 1759/1759 1787/1787 1786/1786
f 1759/1759 1760/1760 1788/1788 1787/1787
f 1760/1760 1761/1761 1789/1789 1788/1788
f 1761/1761 1762/1762 1790/1790 1789/1789
f 1762/1762 1763/1763 1791/1791 1790/1790
f 1763/1763 1764/1764 1792/1792 1791/1791
f 1764/1764 1737/1737 1765/1765 1792/1792
f 1765/1765 1766/1766 1794/1794 1793/1793
f 1766/1766 1767/1767 1795/1795 1794/1794
f 1767/1767 1768/1768 1796/1796 1795/1795
f 1768/1768 1769/1769 1797/1797 1796/1796
f 1769/1769 1770/1770 1798/1798 1797/1797
f 1770/1770 1771/1771 1799/1799 1798/1798
f 1771/1771 1772/1772 1800/1800 1799/1799
f 1772/1772 1773/1773 1801/1801 1800/1800
f 1773/1773 1774/1774 1802/1802 1801/1801
f 1774/1774 1775/1775 1803/1803 1802/1802
f 1775/1775 1776/1776 1804/1804 1803/1803
f 1776/1776 1777/1777 1805/1805 1804/1804
f 1777/1777 1778/1778 1806/1806 1805/1805
f 1778/1778 1779/1779 1807/1807 1806/1806
f 1779/1779 1780/1780 1808/1808 1807/1807
f 1780/1780 1781/1781 1809/1809 1808/1808
f 1781/1781 1782/1782 1810/1810 1809/1809
f 1782/1782 1783/1783 1811/1811 1810/1810
f 1783/1783 1784/1784 1812/1812 1811/1811
f 1784/1784 1785/1785 1813/1813 1812/1812
f 1785/1785 1786/1786 1814/1814 1813/1813
f 1786/1786 1787/1787 1815/1815 1814/1814
f 1787/1787 1788/1788 1816/1816 1815/1815
f 1788/1788 1789/1789 1817/1817 1816/1816
f 1789/1789 1790/1790 1818/1818 1817/1817
f 1790/1790 1791/1791 1819/1819 1818/1818
f 1791/1791 1792/1792 1820/1820 1819/1819
f 1792/1792 1765/1765 1793/1793 1820/1820
f 1793/1793 1794/1794 1822/1822 1821/1821
f 1794/1794 1795/1795 1823/1823 1822/1822
f 1795/1795 1796/1796 1824/1824 1823/1823
f 1796/1796 1797/1797 1825/1825 1824/1824
f 1797/1797 1798/1798 1826/1826 1825/1825
f 1798/1798 1799/1799 1827/1827 1826/1826
f 1799/1799 1800/1800 1828/1828 1827/1827
f 1800/1800 1801/1801 1829/1829 1828/1828
f 1801/1801 1802/1802 1830/1830 1829/1829
f 1802/1802 1803/1803 1831/1831 1830/1830
f 1803/1803 1804/1804 1832/1832 1831/1831
f 1804/1804 1805/1805 1833/1833 1832/1832
f 1805/1805 1806/1806 1834/1834 1833/1833
f 1806/1806 1807/1807 1835/1835 1834/1834
f 1807/1807 1808/1808 1836/1836 1835/1835
f 1808/1808 1809/1809 1837/1837 1836/1836
f 1809/1809 1810/1810 1838/1838 1837/1837
f 1810/1810 1811/1811 1839/1839 1838/1838
f 1811/1811 1812/1812 1840/1840 1839/1839
f 1812/1812 1813/1813 1841/1841 1840/1840
f 1813/1813 1814/1814 1842/1842 1841/1841
f 1814/1814 1815/1815 1843/1843 1842/1842
f 1815/1815 1816/1816 1844/1844 1843/1843
f 1816/1816 1817/1817 1845/1845 1844/1844
f 1817/1817 1818/1818 1846/1846 1845/1845
f 1818/1818 1819/1819 1847/1847 1846/1846
f 1819/1819 1820/1820 1848/1848 1847/1847
f 1820/1820 1793/1793 1821/1821 1848/1848
f 1821/1821 1822/1822 1850/1850 1849/1849
f 1822/1822 1823/1823 1851/1851 1850/1850
f 1823/1823 1824/1824 1852/1852 1851/1851
f 1824/1824 1825/1825 1853/1853 1852/1852
f 1825/1825 1826/1826 1854/1854 1853/1853
f 1826/1826 1827/1827 1855/1855 1854/1854
f 1827/1827 1828/1828 1856/1856 1855/1855
f 1828/1828 1829/1829 1857/1857 1856/1856
f 1829/1829 1830/1830 1858/1858 1857/1857
f 1830/1830 1831/1831 1859/1859 1858/1858
f 1831/1831 1832/1832 1860/1860 1859/1859
f 1832/1832 1833/1833 1861/1861 1860/1860
f 1833/1833 1834/1834 1862/1862 1861/1861
f 1834/1834 1835/1835 1863/1863 1862/1862
f 1835/1835 1836/1836 1864/1864 1863/1863
f 1836/1836 1837/1837 1865/1865 1864/1864
f 1837/1837 1838/1838 1866/1866 1865/1865
f 1838/1838 1839/1839 1867/1867 1866/1866
f 1839/1839 1840/1840 1868/1868 1867/1867
f 1840/1840 1841/1841 1869/1869 1868/1868
f 1841/1841 1842/1842 1870/1870 1869/1869
f 1842/1842 1843/1843 1871/1871 1870/1870
f 1843/1843 1844/1844 1872/1872 1871/1871
f 1844/1844 1845/1845 1873/1873 1872/1872
f 1845/1845 1846/1846 1874/1874 1873/1873
f 1846/1846 1847/1847 1875/1875 1874/1874
f 1847/1847 1848/1848 1876/1876 1875/1875
f 1848/1848 1821/1821 1849/1849 1876/1876
f 1849/1849 1850/1850 1878/1878 1877/1877
f 1850/1850 1851/1851 1879/1879 1878/1878
f 1851/1851 1852/1852 1880/1880 1879/1879
f 1852/1852 1853/1853 1881/1881 1880/1880
f 1853/1853 1854/1854 1882/1882 1881/1881
f 1854/1854 1855/1855 1883/1883 1882/1882
f 1855/1855 1856/1856 1884/1884 1883/1883
f 1856/1856 1857/1857 1885/1885 1884/1884
f 1857/1857 1858/1858 1886/1886 1885/1885
f 1858/1858 1859/1859 1887/1887 1886/1886
f 1859/1859 1860/1860 1888/1888 1887/1887
f 1860/1860 1861/1861 1889/1889 1888/1888
f 1861/1861 1862/1862 1890/1890 1889/1889
f 1862/1862 1863/1863 1891/1891 1890/1890
f 1863/1863 1864/1864 1892/1892 1891/1891
f 1864/1864 1865/1865 1893/1893 1892/1892
f 1865/1865 1866/1866 1894/1894 1893/1893
f 1866/1866 1867/1867 1895/1895 1894/1894
f 1867/1867 1868/1868 1896/1896 1895/1895
f 1868/1868 1869/1869 1897/1897 1896/1896
f 1869/1869 1870/1870 1898/1898 1897/1897
f 1870/1870 1871/1871 1899/1899 1898/1898
f 1871/1871 1872/1872 1900/1900 1899/1899
f 1872/1872 1873/1873 1901/1901 1900/1900
f 1873/1873 1874/1874 1902/1902 1901/1901
f 1874/1874 1875/1875 1903/1903 1902/1902
f 1875/1875 1876/1876 1904/1904 1903/1903
f 1876/1876 1849/1849 1877/1877 1904/1904
f 1877/1877 1878/1878 1906/1906 1905/1905
f 1878/1878 1879/1879 1907/1907 1906/1906
f 1879/1879 1880/1880 1908/1908 1907/1907
f 1880/1880 1881/1881 1909/1909 1908/1908
f 1881/1881 1882/1882 1910/1910 1909/1909
f 1882/1882 1883/1883 1911/1911 1910/1910
f 1883/1883 1884/1884 1912/1912 1911/1911
f 1884/1884 1885/1885 1913/1913 1912/1912
f 1885/1885 1886/1886 1914/1914 1913/1913
f 1886/1886 1887/1887 1915/1915 1914/1914
f 1887/1887 1888/1888 1916/1916 1915/1915
f 1888/1888 1889/1889 1917/1917 1916/1916
f 1889/1889 1890/1890 1918/1918 1917/1917
f 1890/1890 1891/1891 1919/1919 1918/1918
f 1891/1891 1892/1892 1920/1920 1919/1919
f 1892/1892 1893/1893 1921/1921 1920/1920
f 1893/1893 1894/1894 1922/1922 1921/1921
f 1894/1894 1895/1895 1923/1923 1922/1922
f 1895/1895 1896/1896 1924/1924 1923/1923
f 1896/1896 1897/1897 1925/1925 1924/1924
f 1897/1897 1898/1898 1926/1926 1925/1925
f 1898/1898 1899/1899 1927/1927 1926/1926
f 1899/1899 1900/1900 1928/1928 1927/1927
f 1900/1900 1901/1901 1929/1929 1928/1928
f 1901/1901 1902/1902 1930/1930 1929/1929
f 1902/1902 1903/1903 1931/1931 1930/1930
f 1903/1903 1904/1904 1932/1932 1931/1931
f 1904/1904 1877/1877 1905/1905 1932/1932
f 1905/1905 1906/1906 1934/1934 1933/1933
f 1906/1906 1907/1907 1935/1935 1934/1934
f 1907/1907 1908/1908 1936/1936 1935/1935
f 1908/1908 1909/1909 1937/1937 1936/1936
f 1909/1909 1910/1910 1938/1938 1937/1937
f 1910/1910 1911/1911 1939/1939 1938/1938
f 1911/1911 1912/1912 1940/1940 1939/1939
f 1912/1912 1913/1913 1941/1941 1940/1940
f 1913/1913 1914/1914 1942/1942 1941/1941
f 1914/1914 1915/1915 1943/1943 1942/1942
f 1915/1915 1916/1916 1944/1944 1943/1943
f 1916/1916 1917/1917 1945/1945 1944/1944
f 1917/1917 1918/1918 1946/1946 1945/1945
f 1918/1918 1919/1919 1947/1947 1946/1946
f 1919/1919 1920/1920 1948/1948 1947/1947
f 1920/1920 1921/1921 1949/1949 1948/1948
f 1921/1921 1922/1922 1950/1950 1949/1949
f 1922/1922 1923/1923 1951/1951 1950/1950
f 1923/1923 1924/1924 1952/1952 1951/1951
f 1924/1924 1925/1925 1953/1953 1952/1952
f 1925/1925 1926/1926 1954/1954 1953/1953
f 1926/1926 1927/1927 1955/1955 1954/1954
f 1927/1927 1928/1928 1956/1956 1955/1955
f 1928/1928 1929/1929 1957/1957 1956/1956
f 1929/1929 1930/1930 1958/1958 1957/1957
f 1930/1930 1931/1931 1959/1959 1958/1958
f 1931/1931 1932/1932 1960/1960 1959/1959
f 1932/1932 1905/1905 1933/1933 1960/1960
f 1933/1933 1934/1934 1962/1962 1961/1961
f 1934/1934 1935/1935 1963/1963 1962/1962
f 1935/1935 1936/1936 1964/1964 1963/1963
f 1936/1936 1937/1937 1965/1965 1964/1964
f 1937/1937 1938/1938 1966/1966 1965/1965
f 1938/1938 1939/1939 1967/1967 1966/1966
f 1939/1939 1940/1940 1968/1968 1967/1967
f 1940/1940 1941/1941 1969/1969 1968/1968
f 1941/1941 1942/1942 1970/1970 1969/1969
f 1942/1942 1943/1943 1971/1971 1970/1970
f 1943/1943 1944/1944 1972/1972 1971/1971
f 1944/1944 1945/1945 1973/1973 1972/1972
f 1945/1945 1946/1946 1974/1974 1973/1973
f 1946/1946 1947/1947 1975/1975 1974/1974
f 1947/1947 1948/1948 1976/1976 1975/1975
f 1948/1948 1949/1949 1977/1977 1976/1976
f 1949/1949 1950/1950 1978/1978 1977/1977
f 1950/1950 1951/1951 1979/1979 1978/1978
f 1951/1951 1952/1952 1980/1980 1979/1979
f 1952/1952 1953/1953 1981/1981 1980/1980
f 1953/1953 1954/1954 1982/1982 1981/1981
f 1954/1954 1955/1955 1983/1983 1982/1982
f 1955/1955 1956/1956 1984/1984 1983/1983
f 1956/1956 1957/1957 1985/1985 1984/1984
f 1957/1957 1958/1958 1986/1986 1985/1985
f 1958/1958 1959/1959 1987/1987 1986/1986
f 1959/1959 1960/1960 1988/1988 1987/1987
f 1960/1960 1933/1933 1961/1961 1988/1988
f 1961/1961 1962/1962 1990/1990 1989/1989
f 1962/1962 1963/1963 1991/1991 1990/1990
f 1963/1963 1964/1964 1992/1992 1991/1991
f 1964/1964 1965/1965 1993/1993 1992/1992
f 1965/1965 1966/1966 1994/1994 1993/1993
f 1966/1966 1967/1967 1995/1995 1994/1994
f 1967/1967 1968/1968 1996/1996 1995/1995
f 1968/1968 1969/1969 1997/1997 1996/1996
f 1969/1969 1970/1970 1998/1998 1997/1997
f 1970/1970 1971/1971 1999/1999 1998/1998
f 1971/1971 1972/1972 2000/2000 1999/1999
f 1972/1972 1973/1973 2001/2001 2000/2000
f 1973/1973 1974/1974 2002/2002 2001/2001
f 1974/1974 1975/1975 2003/2003 2002/2002
f 1975/1975 1976/1976 2004/2004 2003/2003
f 1976/1976 1977/1977 2005/2005 2004/2004
f 1977/1977 1978/1978 2006/2006 2005/2005
f 1978/1978 1979/1979 2007/2007 2006/2006
f 1979/1979 1980/1980 2008/2008 2007/2007
f 1980/1980 1981/1981 2009/2009 2008/2008
f 1981/1981 1982/1982 2010/2010 2009/2009
f 1982/1982 1983/1983 2011/2011 2010/2010
f 1983/1983 1984/1984 2012/2012 2011/2011
f 1984/1984 1985/1985 2013/2013 2012/2012
f 1985/1985 1986/1986 2014/2014 2013/2013
f 1986/1986 1987/1987 2015/2015 2014/2014
f 1987/1987 1988/1988 2016/2016 2015/2015
f 1988/1988 1961/1961 1989/1989 2016/2016
f 1989/1989 1990/1990 2018/2018 2017/2017
f 1990/1990 1991/1991 2019/2019 2018/2018
f 1991/1991 1992/1992 2020/2020 2019/2019
f 1992/1992 1993/1993 2021/2021 2020/2020
f 1993/1993 1994/1994 2022/2022 2021/2021
f 1994/1994 1995/1995 2023/2023 2022/2022
f 1995/1995 1996/1996 2024/2024 2023/2023
f 1996/1996 1997/1997 2025/2025 2024/2024
f 1997/1997 1998/1998 2026/2026 2025/2025
f 1998/1998 1999/1999 2027/2027 2026/2026
f 1999/1999 2000/2000 2028/2028 2027/2027
f 2000/2000 2001/2001 2029/2029 2028/2028
f 2001/2001 2002/2002 2030/2030 2029/2029
f 2002/2002 2003/2003 2031/2031 2030/2030
f 2003/2003 2004/2004 2032/2032 2031/2031
f 2004/2004 2005/2005 2033/2033 2032/2032
f 2005/2005 2006/2006 2034/2034 2033/2033
f 2006/2006 2007/2007 2035/2035 2034/2034
f 2007/2007 2008/2008 2036/2036 2035/2035
f 2008/2008 2009/2009 2037/2037 2036/2036
f 2009/2009 2010/2010 2038/2038 2037/2037
f 2010/2010 2011/2011 2039/2039 2038/2038
f 2011/2011 2012/2012 2040/2040 2039/2039
f 2012/2012 2013/2013 2041/2041 2040/2040
f 2013/2013 2014/2014 2042/2042 2041/2041
f 2014/2014 2015/2015 2043/2043 2042/2042
f 2015/2015 2016/2016 2044/2044 2043/2043
f 2016/2016 1989/1989 2017/2017 2044/2044
f 2017/2017 2018/2018 2046/2046 2045/2045
f 2018/2018 2019/2019 2047/2047 2046/2046
f 2019/2019 2020/2020 2048/2048 2047/2047
f 2020/2020 2021/2021 2049/2049 2048/2048
f 2021/2021 2022/2022 2050/2050 2049/2049
f 2022/2022 2023/2023 2051/2051 2050/2050
f 2023/2023 2024/2024 2052/2052 2051/2051
f 2024/2024 2025/2025 2053/2053 2052/2052
f 2025/2025 2026/2026 2054/2054 2053/2053
f 2026/2026 2027/2027 2055/2055 2054/2054
f 2027/2027 2028/2028 2056/2056 2055/2055
f 2028/2028 2029/2029 2057/2057 2056/2056
f 2029/2029 2030/2030 2058/2058 2057/2057
f 2030/2030 2031/2031 2059/2059 2058/2058
f 2031/2031 2032/2032 2060/2060 2059/2059
f 2032/2032 2033/2033 2061/2061 2060/2060
f 2033/2033 2034/2034 2062/2062 2061/2061
f 2034/2034 2035/2035 2063/2063 2062/2062
f 2035/2035 2036/2036 2064/2064 2063/2063
f 2036/2036 2037/2037 2065/2065 2064/2064
f 2037/2037 2038/2038 2066/2066 2065/2065
f 2038/2038 2039/2039 2067/2067 2066/2066
f 2039/2039 2040/2040 2068/2068 2067/2067
f 2040/2040 2041/2041 2069/2069 2068/2068
f 2041/2041 2042/2042 2070/2070 2069/2069
f 2042/2042 2043/2043 2071/2071 2070/2070
f 2043/2043 2044/2044 2072/2072 2071/2071
f 2044/2044 2017/2017 2045/2045 2072/2072
f 2045/2045 2046/2046 2074/2074 2073/2073
f 2046/2046 2047/2047 2075/2075 2074/2074
f 2047/2047 2048/2048 2076/2076 2075/2075
f 2048/2048 2049/2049 2077/2077 2076/2076
f 2049/2049 2050/2050 2078/2078 2077/2077
f 2050/2050 2051/2051 2079/2079 2078/2078
f 2051/2051 2052/2052 2080/2080 2079/2079
f 2052/2052 2053/2053 2081/2081 2080/2080
f 2053/2053 2054/2054 2082/2082 2081/2081
f 2054/2054 2055/2055 2083/2083 2082/2082
f 2055/2055 2056/2056 2084/2084 2083/2083
f 2056/2056 2057/2057 2085/2085 2084/2084
f 2057/2057 2058/2058 2086/2086 2085/2085
f 2058/2058 2059/2059 2087/2087 2086/2086
f 2059/2059 2060/2060 2088/2088 2087/2087
f 2060/2060 2061/2061 2089/2089 2088/2088
f 2061/2061 2062/2062 2090/2090 2089/2089
f 2062/2062 2063/2063 2091/2091 2090/2090
f 2063/2063 2064/2064 2092/2092 2091/2091
f 2064/2064 2065/2065 2093/2093 2092/2092
f 2065/2065 2066/2066 2094/2094 2093/2093
f 2066/2066 2067/2067 2095/2095 2094/2094
f 2067/2067 2068/2068 2096/2096 2095/2095
f 2068/2068 2069/2069 2097/2097 2096/2096
f 2069/2069 2070/2070 2098/2098 2097/2097
f 2070/2070 2071/2071 2099/2099 2098/2098
f 2071/2071 2072/2072 2100/2100 2099/2099
f 2072/2072 2045/2045 2073/2073 2100/2100
f 2101/2101 2102/2102 2130/2130 2129/2129
f 2102/2102 2103/2103 2131/2131 2130/2130
f 2103/2103 2104/2104 2132/2132 2131/2131
f 2104/2104 2105/2105 2133/2133 2132/2132
f 2105/2105 2106/2106 2134/2134 2133/2133
f 2106/2106 2107/2107 2135/2135 2134/2134
f 2107/2107 2108/2108 2136/2136 2135/2135
f 2108/2108 2109/2109 2137/2137 2136/2136
f 2109/2109 2110/2110 2138/2138 2137/2137
f 2110/2110 2111/2111 2139/2139 2138/2138
f 2111/2111 2112/2112 2140/2140 2139/2139
f 2112/2112 2113/2113 2141/2141 2140/2140
f 2113/2113 2114/2114 2142/2142 2141/2141
f 2114/2114 2115/2115 2143/2143 2142/2142
f 2115/2115 2116/2116 2144/2144 2143/2143
f 2116/2116 2117/2117 2145/2145 2144/2144
f 2117/2117 2118/2118 2146/2146 2145/2145
f 2118/2118 2119/2119 2147/2147 2146/2146
f 2119/2119 2120/2120 2148/2148 2147/2147
f 2120/2120 2121/2121 2149/2149 2148/2148
f 2121/2121 2122/2122 2150/2150 2149/2149
f 2122/2122 2123/2123 2151/2151 2150/2150
f 2123/2123 2124/2124 2152/2152 2151/2151
f 2124/2124 2125/2125 2153/2153 2152/2152
f 2125/2125 2126/2126 2154/2154 2153/2153
f 2126/2126 2127/2127 2155/2155 2154/2154
f 2127/2127 2128/2128 2156/2156 2155/2155
f 2128/2128 2101/2101 2129/2129 2156/2156
f 2129/2129 2130/2130 2158/2158 2157/2157
f 2130/2130 2131/2131 2159/2159 2158/2158
f 2131/2131 2132/2132 2160/2160 2159/2159
f 2132/2132 2133/2133 2161/2161 2160/2160
f 2133/2133 2134/2134 2162/2162 2161/2161
f 2134/2134 2135/2135 2163/2163 2162/2162
f 2135/2135 2136/2136 2164/2164 2163/2163
f 2136/2136 2137/2137 2165/2165 2164/2164
f 2137/2137 2138/2138 2166/2166 2165/2165
f 2138/2138 2139/2139 2167/2167 2166/2166
f 2139/2139 2140/2140 2168/2168 2167/2167
f 2140/2140 2141/2141 2169/2169 2168/2168
f 2141/2141 2142/2142 2170/2170 2169/2169
f 2142/2142 2143/2143 2171/2171 2170/2170
f 2143/2143 2144/2144 2172/2172 2171/2171
f 2144/2144 2145/2145 2173/2173 2172/2172
f 2145/2145 2146/2146 2174/2174 2173/2173
f 2146/2146 2147/2147 2175/2175 2174/2174
f 2147/2147 2148/2148 2176/2176 2175/2175
f 2148/2148 2149/2149 2177/2177 2176/2176
f 2149/2149 2150/2150 2178/2178 2177/2177
f 2150/2150 2151/2151 2179/2179 2178/2178
f 2151/2151 2152/2152 2180/2180 2179/2179
f 2152/2152 2153/2153 2181/2181 2180/2180
f 2153/2153 2154/2154 2182/2182 2181/2181
f 2154/2154 2155/2155 2183/2183 2182/2182
f 2155/2155 2156/2156 2184/2184 2183/2183
f 2156/2156 2129/2129 2157/2157 2184/2184
f 2157/2157 2158/2158 2186/2186 2185/2185
f 2158/2158 2159/2159 2187/2187 2186/2186
f 2159/2159 2160/2160 2188/2188 2187/2187
f 2160/2160 2161/2161 2189/2189 2188/2188
f 2161/2161 2162/2162 2190/2190 2189/2189
f 2162/2162 2163/2163 2191/2191 2190/2190
f 2163/2163 2164/2164 2192/2192 2191/2191
f 2164/2164 2165/2165 2193/2193 2192/2192
f 2165/2165 2166/2166 2194/2194 2193/2193
f 2166/2166 2167/2167 2195/2195 2194/2194
f 2167/2167 2168/2168 2196/2196 2195/2195
f 2168/2168 2169/2169 2197/2197 2196/2196
f 2169/2169 2170/2170 2198/2198 2197/2197
f 2170/2170 2171/2171 2199/2199 2198/2198
f 2171/2171 2172/2172 2200/2200 2199/2199
f 2172/2172 2173/2173 2201/2201 2200/2200
f 2173/2173 2174/2174 2202/2202 2201/2201
f 2174/2174 2175/2175 2203/2203 2202/2202
f 2175/2175 2176/2176 2204/2204 2203/2203
f 2176/2176 2177/2177 2205/2205 2204/2204
f 2177/2177 2178/2178 2206/2206 2205/2205
f 2178/2178 2179/2179 2207/2207 2206/2206
f 2179/2179 2180/2180 2208/2208 2207/2207
f 2180/2180 2181/2181 2209/2209 2208/2208
f 2181/2181 2182/2182 2210/2210 2209/2209
f 2182/2182 2183/2183 2211/2211 2210/2210
f 2183/2183 2184/2184 2212/2212 2211/2211
f 2184/2184 2157/2157 2185/2185 2212/2212
f 2185/2185 2186/2186 2214/2214 2213/2213
f 2186/2186 2187/2187 2215/2215 2214/2214
f 2187/2187 2188/2188 2216/2216 2215/2215
f 2188/2188 2189/2189 2217/2217 2216/2216
f 2189/2189 2190/2190 2218/2218 2217/2217
f 2190/2190 2191/2191 2219/2219 2218/2218
f 2191/2191 2192/2192 2220/2220 2219/2219
f 2192/2192 2193/2193 2221/2221 2220/2220
f 2193/2193 2194/2194 2222/2222 2221/2221
f 2194/2194 2195/2195 2223/2223 2222/2222
f 2195/2195 2196/2196 2224/2224 2223/2223
f 2196/2196 2197/2197 2225/2225 2224/2224
f 2197/2197 2198/2198 2226/2226 2225/2225
f 2198/2198 2199/2199 2227/2227 2226/2226
f 2199/2199 2200/2200 2228/2228 2227/2227
f 2200/2200 2201/2201 2229/2229 2228/2228
f 2201/2201 2202/2202 2230/2230 2229/2229
f 2202/2202 2203/2203 2231/2231 2230/2230
f 2203/2203 2204/2204 2232/2232 2231/2231
f 2204/2204 2205/2205 2233/2233 2232/2232
f 2205/2205 2206/2206 2234/2234 2233/2233
f 2206/2206 2207/2207 2235/2235 2234/2234
f 2207/2207 2208/2208 2236/2236 2235/2235
f 2208/2208 2209/2209 2237/2237 2236/2236
f 2209/2209 2210/2210 2238/2238 2237/2237
f 2210/2210 2211/2211 2239/2239 2238/2238
f 2211/2211 2212/2212 2240/2240 2239/2239
f 2212/2212 2185/2185 2213/2213 2240/2240
f 2213/2213 2214/2214 2242/2242 2241/2241
f 2214/2214 2215/2215 2243/2243 2242/2242
f 2215/2215 2216/2216 2244/2244 2243/2243
f 2216/2216 2217/2217 2245/2245 2244/2244
f 2217/2217 2218/2218 2246/2246 2245/2245
f 2218/2218 2219/2219 2247/2247 2246/2246
f 2219/2219 2220/2220 2248/2248 2247/2247
f 2220/2220 2221/2221 2249/2249 2248/2248
f 2221/2221 2222/2222 2250/2250 2249/2249
f 2222/2222 2223/2223 2251/2251 2250/2250
f 2223/2223 2224/2224 2252/2252 2251/2251
f 2224/2224 2225/2225 2253/2253 2252/2252
f 2225/2225 2226/2226 2254/2254 2253/2253
f 2226/2226 2227/2227 2255/2255 2254/2254
f 2227/2227 2228/2228 2256/2256 2255/2255
f 2228/2228 2229/2229 2257/2257 2256/2256
f 2229/2229 2230/2230 2258/2258 2257/2257
f 2230/2230 2231/2231 2259/2259 2258/2258
f 2231/2231 2232/2232 2260/2260 2259/2259
f 2232/2232 2233/2233 2261/2261 2260/2260
f 2233/2233 2234/2234 2262/2262 2261/2261
f 2234/2234 2235/2235 2263/2263 2262/2262
f 2235/2235 2236/2236 2264/2264 2263/2263
f 2236/2236 2237/2237 2265/2265 2264/2264
f 2237/2237 2238/2238 2266/2266 2265/2265
f 2238/2238 2239/2239 2267/2267 2266/2266
f 2239/2239 2240/2240 2268/2268 2267/2267
f 2240/2240 2213/2213 2241/2241 2268/2268
f 2241/2241 2242/2242 2270/2270 2269/2269
f 2242/2242 2243/2243 2271/2271 2270/2270
f 2243/2243 2244/2244 2272/2272 2271/2271
f 2244/2244 2245/2245 2273/2273 2272/2272
f 2245/2245 2246/2246 2274/2274 2273/2273
f 2246/2246 2247/2247 2275/2275 2274/2274
f 2247/2247 2248/2248 2276/2276 2275/2275
f 2248/2248 2249/2249 2277/2277 2276/2276
f 2249/2249 2250/2250 2278/2278 2277/2277
f 2250/2250 2251/2251 2279/2279 2278/2278
f 2251/2251 2252/2252 2280/2280 2279/2279
f 2252/2252 2253/2253 2281/2281 2280/2280
f 2253/2253 2254/2254 2282/2282 2281/2281
f 2254/2254 2255/2255 2283/2283 2282/2282
f 2255/2255 2256/2256 2284/2284 2283/2283
f 2256/2256 2257/2257 2285/2285 2284/2284
f 2257/2257 2258/2258 2286/2286 2285/2285
f 2258/2258 2259/2259 2287/2287 2286/2286
f 2259/2259 2260/2260 2288/2288 2287/2287
f 2260/2260 2261/2261 2289/2289 2288/2288
f 2261/2261 2262/2262 2290/2290 2289/2289
f 2262/2262 2263/2263 2291/2291 2290/2290
f 2263/2263 2264/2264 2292/2292 2291/2291
f 2264/2264 2265/2265 2293/2293 2292/2292
f 2265/2265 2266/2266 2294/2294 2293/2293
f 2266/2266 2267/2267 2295/2295 2294/2294
f 2267/2267 2268/2268 2296/2296 2295/2295
f 2268/2268 2241/2241 2269/2269 2296/2296
f 2269/2269 2270/2270 2298/2298 2297/2297
f 2270/2270 2271/2271 2299/2299 2298/2298
f 2271/2271 2272/2272 2300/2300 2299/2299
f 2272/2272 2273/2273 2301/2301 2300/2300
f 2273/2273 2274/2274 2302/2302 2301/2301
f 2274/2274 2275/2275 2303/2303 2302/2302
f 2275/2275 2276/2276 2304/2304 2303/2303
f 2276/2276 2277/2277 2305/2305 2304/2304
f 2277/2277 2278/2278 2306/2306 2305/2305
f 2278/2278 2279/2279 2307/2307 2306/2306
f 2279/2279 2280/2280 2308/2308 2307/2307
f 2280/2280 2281/2281 2309/2309 2308/2308
f 2281/2281 2282/2282 2310/2310 2309/2309
f 2282/2282 2283/2283 2311/2311 2310/2310
f 2283/2283 2284/2284 2312/2312 2311/2311
f 2284/2284 2285/2285 2313/2313 2312/2312
f 2285/2285 2286/2286 2314/2314 2313/2313
f 2286/2286 2287/2287 2315/2315 2314/2314
f 2287/2287 2288/2288 2316/2316 2315/2315
f 2288/2288 2289/2289 2317/2317 2316/2316
f 2289/2289 2290/2290 2318/2318 2317/2317
f 2290/2290 2291/2291 2319/2319 2318/2318
f 2291/2291 2292/2292 2320/2320 2319/2319
f 2292/2292 2293/2293 2321/2321 2320/2320
f 2293/2293 2294/2294 2322/2322 2321/2321
f 2294/2294 2295/2295 2323/2323 2322/2322
f 2295/2295 2296/2296 2324/2324 2323/2323
f 2296/2296 2269/2269 2297/2297 2324/2324
f 2297/2297 2298/2298 2326/2326 2325/2325
f 2298/2298 2299/2299 2327/2327 2326/2326
f 2299/2299 2300/2300 2328/2328 2327/2327
f 2300/2300 2301/2301 2329/2329 2328/2328
f 2301/2301 2302/2302 2330/2330 2329/2329
f 2302/2302 2303/2303 2331/2331 2330/2330
f 2303/2303 2304/2304 2332/2332 2331/2331
f 2304/2304 2305/2305 2333/2333 2332/2332
f 2305/2305 2306/2306 2334/2334 2333/2333
f 2306/2306 2307/2307 2335/2335 2334/2334
f 2307/2307 2308/2308 2336/2336 2335/2335
f 2308/2308 2309/2309 2337/2337 2336/2336
f 2309/2309 2310/2310 2338/2338 2337/2337
f 2310/2310 2311/2311 2339/2339 2338/2338
f 2311/2311 2312/2312 2340/2340 2339/2339
f 2312/2312 2313/2313 2341/2341 2340/2340
f 2313/2313 2314/2314 2342/2342 2341/2341
f 2314/2314 2315/2315 2343/2343 2342/2342
f 2315/2315 2316/2316 2344/2344 2343/2343
f 2316/2316 2317/2317 2345/2345 2344/2344
f 2317/2317 2318/2318 2346/2346 2345/2345
f 2318/2318 2319/2319 2347/2347 2346/2346
f 2319/2319 2320/2320 2348/2348 2347/2347
f 2320/2320 2321/2321 2349/2349 2348/2348
f 2321/2321 2322/2322 2350/2350 2349/2349
f 2322/2322 2323/2323 2351/2351 2350/2350
f 2323/2323 2324/2324 2352/2352 2351/2351
f 2324/2324 2297/2297 2325/2325 2352/2352
f 2325/2325 2326/2326 2354/2354 2353/2353
f 2326/2326 2327/2327 2355/2355 2354/2354
f 2327/2327 2328/2328 2356/2356 2355/2355
f 2328/2328 2329/2329 2357/2357 2356/2356
f 2329/2329 2330/2330 2358/2358 2357/2357
f 2330/2330 2331/2331 2359/2359 2358/2358
f 2331/2331 2332/2332 2360/2360 2359/2359
f 2332/2332 2333/2333 2361/2361 2360/2360
f 2333/2333 2334/2334 2362/2362 2361/2361
f 2334/2334 2335/2335 2363/2363 2362/2362
f 2335/2335 2336/2336 2364/2364 2363/2363
f 2336/2336 2337/2337 2365/2365 2364/2364
f 2337/2337 2338/2338 2366/2366 2365/2365
f 2338/2338 2339/2339 2367/2367 2366/2366
f 2339/2339 2340/2340 2368/2368 2367/2367
f 2340/2340 2341/2341 2369/2369 2368/2368
f 2341/2341 2342/2342 2370/2370 2369/2369
f 2342/2342 2343/2343 2371/2371 2370/2370
f 2343/2343 2344/2344 2372/2372 2371/2371
f 2344/2344 2345/2345 2373/2373 2372/2372
f 2345/2345 2346/2346 2374/2374 2373/2373
f 2346/2346 2347/2347 2375/2375 2374/2374
f 2347/2347 2348/2348 2376/2376 2375/2375
f 2348/2348 2349/2349 2377/2377 2376/2376
f 2349/2349 2350/2350 2378/2378 2377/2377
f 2350/2350 2351/2351 2379/2379 2378/2378
f 2351/2351 2352/2352 2380/2380 2379/2379
f 2352/2352 2325/2325 2353/2353 2380/2380
f 2353/2353 2354/2354 2382/2382 2381/2381
f 2354/2354 2355/2355 2383/2383 2382/2382
f 2355/2355 2356/2356 2384/2384 2383/2383
f 2356/2356 2357/2357 2385/2385 2384/2384
f 2357/2357 2358/2358 2386/2386 2385/2385
f 2358/2358 2359/2359 2387/2387 2386/2386
f 2359/2359 2360/2360 2388/2388 2387/2387
f 2360/2360 2361/2361 2389/2389 2388/2388
f 2361/2361 2362/2362 2390/2390 2389/2389
f 2362/2362 2363/2363 2391/2391 2390/2390
f 2363/2363 2364/2364 2392/2392 2391/2391
f 2364/2364 2365/2365 2393/2393 2392/2392
f 2365/2365 2366/2366 2394/2394 2393/2393
f 2366/2366 2367/2367 2395/2395 2394/2394
f 2367/2367 2368/2368 2396/2396 2395/2395
f 2368/2368 2369/2369 2397/2397 2396/2396
f 2369/2369 2370/2370 2398/2398 2397/2397
f 2370/2370 2371/2371 2399/2399 2398/2398
f 2371/2371 2372/2372 2400/2400 2399/2399
f 2372/2372 2373/2373 2401/2401 2400/2400
f 2373/2373 2374/2374 2402/2402 2401/2401
f 2374/2374 2375/2375 2403/2403 2402/2402
f 2375/2375 2376/2376 2404/2404 2403/2403
f 2376/2376 2377/2377 2405/2405 2404/2404
f 2377/2377 2378/2378 2406/2406 2405/2405
f 2378/2378 2379/2379 2407/2407 2406/2406
f 2379/2379 2380/2380 2408/2408 2407/2407
f 2380/2380 2353/2353 2381/2381 2408/2408
f 2381/2381 2382/2382 2410/2410 2409/2409
f 2382/2382 2383/2383 2411/2411 2410/2410
f 2383/2383 2384/2384 2412/2412 2411/2411
f 2384/2384 2385/2385 2413/2413 2412/2412
f 2385/2385 2386/2386 2414/2414 2413/2413
f 2386/2386 2387/2387 2415/2415 2414/2414
f 2387/2387 2388/2388 2416/2416 2415/2415
f 2388/2388 2389/2389 2417/2417 2416/2416
f 2389/2389 2390/2390 2418/2418 2417/2417
f 2390/2390 2391/2391 2419/2419 2418/2418
f 2391/2391 2392/2392 2420/2420 2419/2419
f 2392/2392 2393/2393 2421/2421 2420/2420
f 2393/2393 2394/2394 2422/2422 2421/2421
f 2394/2394 2395/2395 2423/2423 2422/2422
f 2395/2395 2396/2396 2424/2424 2423/2423
f 2396/2396 2397/2397 2425/2425 2424/2424
f 2397/2397 2398/2398 2426/2426 2425/2425
f 2398/2398 2399/2399 2427/2427 2426/2426
f 2399/2399 2400/2400 2428/2428 2427/2427
f 2400/2400 2401/2401 2429/2429 2428/2428
f 2401/2401 2402/2402 2430/2430 2429/2429
f 2402/2402 2403/2403 2431/2431 2430/2430
f 2403/2403 2404/2404 2432/2432 2431/2431
f 2404/2404 2405/2405 2433/2433 2432/2432
f 2405/2405 2406/2406 2434/2434 2433/2433
f 2406/2406 2407/2407 2435/2435 2434/2434
f 2407/2407 2408/2408 2436/2436 2435/2435
f 2408/2408 2381/2381 2409/2409 2436/2436
f 2409/2409 2410/2410 2438/2438 2437/2437
f 2410/2410 2411/2411 2439/2439 2438/2438
f 2411/2411 2412/2412 2440/2440 2439/2439
f 2412/2412 2413/2413 2441/2441 2440/2440
f 2413/2413 2414/2414 2442/2442 2441/2441
f 2414/2414 2415/2415 2443/2443 2442/2442
f 2415/2415 2416/2416 2444/2444 2443/2443
f 2416/2416 2417/2417 2445/2445 2444/2444
f 2417/2417 2418/2418 2446/2446 2445/2445
f 2418/2418 2419/2419 2447/2447 2446/2446
f 2419/2419 2420/2420 2448/2448 2447/2447
f 2420/2420 2421/2421 2449/2449 2448/2448
f 2421/2421 2422/2422 2450/2450 2449/2449
f 2422/2422 2423/2423 2451/2451 2450/2450
f 2423/2423 2424/2424 2452/2452 2451/2451
f 2424/2424 2425/2425 2453/2453 2452/2452
f 2425/2425 2426/2426 2454/2454 2453/2453
f 2426/2426 2427/2427 2455/2455 2454/2454
f 2427/2427 2428/2428 2456/2456 2455/2455
f 2428/2428 2429/2429 2457/2457 2456/2456
f 2429/2429 2430/2430 2458/2458 2457/2457
f 2430/2430 2431/2431 2459/2459 2458/2458
f 2431/2431 2432/2432 2460/2460 2459/2459
f 2432/2432 2433/2433 2461/2461 2460/2460
f 2433/2433 2434/2434 2462/2462 2461/2461
f 2434/2434 2435/2435 2463/2463 2462/2462
f 2435/2435 2436/2436 2464/2464 2463/2463
f 2436/2436 2409/2409 2437/2437 2464/2464
f 2437/2437 2438/2438 2466/2466 2465/2465
f 2438/2438 2439/2439 2467/2467 2466/2466
f 2439/2439 2440/2440 2468/2468 2467/2467
f 2440/2440 2441/2441 2469/2469 2468/2468
f 2441/2441 2442/2442 2470/2470 2469/2469
f 2442/2442 2443/2443 2471/2471 2470/2470
f 2443/2443 2444/2444 2472/2472 2471/2471
f 2444/2444 2445/2445 2473/2473 2472/2472
f 2445/2445 2446/2446 2474/2474 2473/2473
f 2446/2446 2447/2447 2475/2475 2474/2474
f 2447/2447 2448/2448 2476/2476 2475/2475
f 2448/2448 2449/2449 2477/2477 2476/2476
f 2449/2449 2450/2450 2478/2478 2477/2477
f 2450/2450 2451/2451 2479/2479 2478/2478
f 2451/2451 2452/2452 2480/2480 2479/2479
f 2452/2452 2453/2453 2481/2481 2480/2480
f 2453/2453 2454/2454 2482/2482 2481/2481
f 2454/2454 2455/2455 2483/2483 2482/2482
f 2455/2455 2456/2456 2484/2484 2483/2483
f 2456/2456 2457/2457 2485/2485 2484/2484
f 2457/2457 2458/2458 2486/2486 2485/2485
f 2458/2458 2459/2459 2487/2487 2486/2486
f 2459/2459 2460/2460 2488/2488 2487/2487
f 2460/2460 2461/2461 2489/2489 2488/2488
f 2461/2461 2462/2462 2490/2490 2489/2489
f 2462/2462 2463/2463 2491/2491 2490/2490
f 2463/2463 2464/2464 2492/2492 2491/2491
f 2464/2464 2437/2437 2465/2465 2492/2492
f 2465/2465 2466/2466 2494/2494 2493/2493
f 2466/2466 2467/2467 2495/2495 2494/2494
f 2467/2467 2468/2468 2496/2496 2495/2495
f 2468/2468 2469/2469 2497/2497 2496/2496
f 2469/2469 2470/2470 2498/2498 2497/2497
f 2470/2470 2471/2471 2499/2499 2498/2498
f 2471/2471 2472/2472 2500/2500 2499/2499
f 2472/2472 2473/2473 2501/2501 2500/2500
f 2473/2473 2474/2474 2502/2502 2501/2501
f 2474/2474 2475/2475 2503/2503 2502/2502
f 2475/2475 2476/2476 2504/2504 2503/2503
f 2476/2476 2477/2477 2505/2505 2504/2504
f 2477/2477 2478/2478 2506/2506 2505/2505
f 2478/2478 2479/2479 2507/2507 2506/2506
f 2479/2479 2480/2480 2508/2508 2507/2507
f 2480/2480 2481/2481 2509/2509 2508/2508
f 2481/2481 2482/2482 2510/2510 2509/2509
f 2482/2482 2483/2483 2511/2511 2510/2510
f 2483/2483 2484/2484 2512/2512 2511/2511
f 2484/2484 2485/2485 2513/2513 2512/2512
f 2485/2485 2486/2486 2514/2514 2513/2513
f 2486/2486 2487/2487 2515/2515 2514/2514
f 2487/2487 2488/2488 2516/2516 2515/2515
f 2488/2488 2489/2489 2517/2517 2516/2516
f 2489/2489 2490/2490 2518/2518 2517/2517
f 2490/2490 2491/2491 2519/2519 2518/2518
f 2491/2491 2492/2492 2520/2520 2519/2519
f 2492/2492 2465/2465 2493/2493 2520/2520
