# Exported by prepare_workshop_assets.py
mtllib combination_wrench.mtl
usemtl material_combination_wrench

v -0.005348 -0.065059 0.000776
v 0.005577 -0.055037 0.000776
v -0.005348 -0.065059 0.006631
v -0.005325 -0.055037 0.006631
v 0.005599 -0.065059 0.000776
v 0.005599 -0.065059 0.006631
v 0.005577 -0.055037 0.006631
v -0.005325 -0.055037 0.000776
v 0.010311 -0.087522 0.002584
v 0.010311 -0.087522 0.002584
v 0.010311 -0.087522 0.002584
v 0.010311 -0.086181 0.008941
v 0.010311 -0.086181 0.008941
v 0.010311 -0.086181 0.008941
v -0.015942 0.078146 0.005826
v -0.015942 0.078146 0.005826
v -0.015942 0.078146 0.005826
v -0.015805 0.078370 0.006218
v -0.015805 0.078370 0.006218
v -0.016023 0.078099 0.001530
v -0.016023 0.078099 0.001530
v -0.016023 0.078099 0.001530
v -0.015821 0.078367 0.001188
v -0.015821 0.078367 0.001188
v 0.015525 0.078926 0.001530
v 0.015525 0.078926 0.001530
v 0.015525 0.078926 0.001530
v 0.015384 0.079084 0.001201
v 0.015384 0.079084 0.001201
v 0.006339 0.040966 0.006631
v 0.006983 0.040966 0.006006
v 0.006983 0.040966 0.006006
v 0.006794 0.040966 0.006448
v 0.005539 0.040965 0.000777
v 0.005539 0.040965 0.000777
v 0.005539 0.040965 0.000777
v 0.005538 0.040967 0.006630
v 0.005538 0.040967 0.006630
v 0.005538 0.040967 0.006630
v 0.006983 0.040966 0.001400
v 0.006983 0.040966 0.001400
v 0.006339 0.040966 0.000776
v 0.006794 0.040966 0.000959
v -0.005287 0.040967 0.000777
v -0.005287 0.040967 0.000777
v -0.005287 0.040967 0.000777
v -0.006078 0.040966 0.000776
v -0.006731 0.040966 0.001400
v -0.006731 0.040966 0.001400
v -0.006540 0.040966 0.000959
v -0.006731 0.040966 0.006006
v -0.006731 0.040966 0.006006
v -0.006078 0.040966 0.006631
v -0.006540 0.040966 0.006448
v 0.006342 -0.049718 0.006631
v 0.006983 -0.049718 0.006005
v 0.006983 -0.049718 0.006005
v 0.006795 -0.049718 0.006448
v 0.006983 -0.049718 0.001400
v 0.006983 -0.049718 0.001400
v 0.006343 -0.049718 0.000776
v 0.006795 -0.049718 0.000959
v -0.006084 -0.049718 0.000776
v -0.006731 -0.049718 0.001400
v -0.006731 -0.049718 0.001400
v -0.006541 -0.049718 0.000959
v -0.006731 -0.049718 0.006005
v -0.006731 -0.049718 0.006005
v -0.006083 -0.049718 0.006631
v -0.006541 -0.049718 0.006448
v 0.005539 -0.049720 0.006631
v 0.005539 -0.049720 0.006631
v 0.005539 -0.049720 0.006631
v -0.005285 -0.049720 0.000777
v -0.005285 -0.049720 0.000777
v -0.005285 -0.049720 0.000777
v 0.005537 -0.049720 0.000777
v 0.005537 -0.049720 0.000777
v 0.005537 -0.049720 0.000777
v 0.005537 -0.049720 0.000153
v 0.005537 -0.049720 0.000153
v 0.005537 -0.049720 0.000153
v 0.005539 0.040965 0.000153
v 0.005539 0.040965 0.000153
v 0.005539 0.040965 0.000153
v -0.005285 -0.049720 0.000153
v -0.005285 -0.049720 0.000153
v -0.005285 -0.049720 0.000153
v -0.005287 0.040967 0.000153
v -0.005287 0.040967 0.000153
v -0.005287 0.040967 0.000153
v -0.005267 0.040967 0.006630
v -0.005267 0.040967 0.006630
v -0.005267 0.040967 0.006630
v -0.005286 -0.049718 0.006631
v -0.005286 -0.049718 0.006631
v -0.005286 -0.049718 0.006631
v 0.005540 -0.049720 0.007254
v 0.005540 -0.049720 0.007254
v 0.005540 -0.049720 0.007254
v 0.005538 0.040968 0.007254
v 0.005538 0.040968 0.007254
v 0.005538 0.040968 0.007254
v -0.005286 -0.049718 0.007254
v -0.005286 -0.049718 0.007254
v -0.005286 -0.049718 0.007254
v -0.005267 0.040968 0.007254
v -0.005267 0.040968 0.007254
v -0.005267 0.040968 0.007254
v -0.006087 -0.055037 0.006631
v -0.006731 -0.055037 0.006004
v -0.006731 -0.055037 0.006004
v -0.006542 -0.055037 0.006447
v -0.006731 -0.065059 0.006003
v -0.006731 -0.065059 0.006003
v -0.006088 -0.065059 0.006631
v -0.006543 -0.065059 0.006447
v -0.006089 -0.065059 0.000776
v -0.006731 -0.065059 0.001400
v -0.006731 -0.065059 0.001400
v -0.006543 -0.065059 0.000959
v -0.006731 -0.055037 0.001400
v -0.006731 -0.055037 0.001400
v -0.006087 -0.055037 0.000776
v -0.006542 -0.055037 0.000959
v 0.006345 -0.055037 0.000776
v 0.006983 -0.055037 0.001400
v 0.006983 -0.055037 0.001400
v 0.006796 -0.055037 0.000959
v 0.006983 -0.065059 0.001400
v 0.006983 -0.065059 0.001400
v 0.006346 -0.065059 0.000776
v 0.006796 -0.065059 0.000959
v 0.006983 -0.055037 0.006004
v 0.006983 -0.055037 0.006004
v 0.006345 -0.055037 0.006631
v 0.006796 -0.055037 0.006447
v 0.006345 -0.065059 0.006631
v 0.006983 -0.065059 0.006003
v 0.006983 -0.065059 0.006003
v 0.006796 -0.065059 0.006447
v 0.015578 0.078899 0.005823
v 0.015578 0.078899 0.005823
v 0.015578 0.078899 0.005823
v 0.015398 0.079068 0.006204
v 0.015398 0.079068 0.006204
v -0.005648 0.055762 0.006631
v -0.005259 0.047010 0.006631
v -0.005406 0.051432 0.006631
v 0.005511 0.047010 0.006631
v 0.005276 0.054648 0.006631
v 0.005469 0.051431 0.006631
v -0.005259 0.047010 0.000776
v -0.005648 0.055762 0.000776
v -0.005406 0.051432 0.000776
v 0.005276 0.054648 0.000776
v 0.005511 0.047010 0.000776
v 0.005469 0.051431 0.000776
v -0.007516 0.055940 0.006006
v -0.007516 0.055940 0.006006
v -0.006732 0.047010 0.006006
v -0.006732 0.047010 0.006006
v -0.006994 0.051428 0.006006
v -0.006994 0.051428 0.006006
v -0.006074 0.047010 0.006631
v -0.006866 0.055883 0.006631
v -0.006334 0.051431 0.006631
v -0.007326 0.055924 0.006448
v -0.006539 0.047010 0.006448
v -0.006801 0.051429 0.006448
v -0.006866 0.055883 0.000776
v -0.006074 0.047010 0.000776
v -0.006334 0.051431 0.000776
v -0.006732 0.047010 0.001400
v -0.006732 0.047010 0.001400
v -0.007516 0.055940 0.001400
v -0.007516 0.055940 0.001400
v -0.006994 0.051428 0.001400
v -0.006994 0.051428 0.001400
v -0.007326 0.055924 0.000959
v -0.006539 0.047010 0.000959
v -0.006801 0.051429 0.000959
v 0.006830 0.054487 0.006631
v 0.006336 0.047010 0.006631
v 0.006533 0.051433 0.006631
v 0.006983 0.047010 0.006006
v 0.006983 0.047010 0.006006
v 0.007467 0.054417 0.006006
v 0.007467 0.054417 0.006006
v 0.007183 0.051431 0.006006
v 0.007183 0.051431 0.006006
v 0.007281 0.054438 0.006448
v 0.006793 0.047010 0.006448
v 0.006992 0.051432 0.006448
v 0.007467 0.054417 0.001400
v 0.007467 0.054417 0.001400
v 0.006983 0.047010 0.001400
v 0.006983 0.047010 0.001400
v 0.007183 0.051431 0.001400
v 0.007183 0.051431 0.001400
v 0.006336 0.047010 0.000776
v 0.006830 0.054487 0.000776
v 0.006534 0.051433 0.000776
v 0.007281 0.054438 0.000959
v 0.006793 0.047010 0.000959
v 0.006992 0.051432 0.000959
v -0.009872 0.070340 0.006789
v -0.006176 0.060661 0.006637
v -0.007671 0.065443 0.006696
v -0.005249 0.069420 0.006813
v 0.005333 0.058643 0.006636
v 0.007952 0.067142 0.006738
v 0.006313 0.062844 0.006674
v 0.003966 0.067935 0.006778
v -0.006195 0.060650 0.000776
v -0.007671 0.065443 0.000711
v 0.005363 0.058424 0.000776
v 0.006313 0.062844 0.000734
v -0.000623 0.068673 0.006808
v -0.008012 0.061014 0.006631
v -0.011604 0.070602 0.006764
v -0.009463 0.065792 0.006670
v -0.012160 0.070603 0.006139
v -0.012160 0.070603 0.006139
v -0.008715 0.061187 0.006006
v -0.008715 0.061187 0.006006
v -0.010121 0.065898 0.006045
v -0.010121 0.065898 0.006045
v -0.012013 0.070599 0.006582
v -0.008508 0.061131 0.006448
v -0.009933 0.065864 0.006487
v -0.011601 0.070597 0.000643
v -0.008012 0.061014 0.000776
v -0.009462 0.065791 0.000737
v -0.008715 0.061187 0.001400
v -0.008715 0.061187 0.001400
v -0.012195 0.070584 0.001267
v -0.012195 0.070584 0.001267
v -0.010132 0.065893 0.001361
v -0.010132 0.065893 0.001361
v -0.012023 0.070593 0.000825
v -0.008508 0.061131 0.000959
v -0.009936 0.065863 0.000920
v 0.009910 0.066751 0.006719
v 0.007351 0.058044 0.006631
v 0.008388 0.062460 0.006657
v 0.007986 0.057921 0.006006
v 0.007986 0.057921 0.006006
v 0.010505 0.066642 0.006095
v 0.010505 0.066642 0.006095
v 0.009012 0.062342 0.006032
v 0.009012 0.062342 0.006032
v 0.007800 0.057957 0.006448
v 0.010330 0.066674 0.006537
v 0.008829 0.062377 0.006474
v 0.010489 0.066648 0.001311
v 0.010489 0.066648 0.001311
v 0.007986 0.057921 0.001400
v 0.007986 0.057921 0.001400
v 0.009008 0.062344 0.001374
v 0.009008 0.062344 0.001374
v 0.007352 0.058044 0.000776
v 0.009911 0.066751 0.000689
v 0.008389 0.062460 0.000751
v 0.007800 0.057957 0.000959
v 0.010325 0.066675 0.000870
v 0.008828 0.062377 0.000933
v -0.000679 0.064144 0.006685
v -0.000679 0.064144 0.000722
v -0.009872 0.070340 0.000618
v -0.005249 0.069420 0.000594
v 0.007952 0.067142 0.000670
v 0.003966 0.067935 0.000630
v -0.000623 0.068673 0.000599
v 0.016498 0.081096 0.006367
v -0.016739 0.080340 0.000995
v 0.016525 0.081080 0.001535
v 0.016526 0.081079 0.005954
v -0.016770 0.080300 0.005816
v -0.016804 0.080280 0.001445
v 0.016491 0.081099 0.000995
v 0.017132 0.083274 0.001165
v -0.017319 0.082385 0.006138
v 0.017132 0.083274 0.006084
v -0.016726 0.080348 0.006326
v -0.017319 0.082385 0.001160
v 0.012687 0.099765 0.007373
v 0.012687 0.099765 0.007373
v 0.010084 0.102604 0.007372
v 0.010084 0.102604 0.007372
v 0.005403 0.102191 0.007374
v 0.005403 0.102191 0.007374
v 0.007805 0.104347 0.007372
v 0.007805 0.104347 0.007372
v -0.013372 0.100311 0.007372
v -0.013372 0.100311 0.007372
v 0.014844 0.096573 0.007373
v 0.014844 0.096573 0.007373
v 0.017630 0.085540 0.007373
v 0.017630 0.085540 0.007373
v 0.016527 0.093102 0.007372
v 0.016527 0.093102 0.007372
v 0.007042 0.090020 0.007376
v 0.007042 0.090020 0.007376
v 0.005176 0.088212 0.007374
v 0.005176 0.088212 0.007374
v -0.010327 0.099822 0.007373
v -0.010327 0.099822 0.007373
v 0.007207 0.091800 0.007374
v 0.007207 0.091800 0.007374
v -0.008270 0.088355 0.007376
v -0.008270 0.088355 0.007376
v -0.006390 0.086674 0.007375
v -0.006390 0.086674 0.007375
v -0.017621 0.084388 0.007373
v -0.017621 0.084388 0.007373
v -0.016260 0.094572 0.007373
v -0.016260 0.094572 0.007373
v -0.017157 0.091238 0.007373
v -0.017157 0.091238 0.007373
v -0.014949 0.097763 0.007372
v -0.014949 0.097763 0.007372
v -0.015589 0.078764 0.007373
v -0.015589 0.078764 0.007373
v -0.015589 0.078764 0.007373
v -0.009675 0.074860 0.007373
v -0.009675 0.074860 0.007373
v -0.005090 0.073516 0.007373
v -0.005090 0.073516 0.007373
v 0.006668 0.104882 0.007372
v 0.006668 0.104882 0.007372
v 0.005331 0.104569 0.007372
v 0.005331 0.104569 0.007372
v 0.005202 0.103588 0.007373
v 0.005202 0.103588 0.007373
v -0.011545 0.101928 0.007372
v -0.011545 0.101928 0.007372
v -0.012501 0.101289 0.007372
v -0.012501 0.101289 0.007372
v -0.011951 0.101739 0.007373
v -0.011951 0.101739 0.007373
v 0.008876 0.075663 0.007373
v 0.008876 0.075663 0.007373
v -0.010628 0.101004 0.007373
v -0.010628 0.101004 0.007373
v -0.010856 0.101586 0.007372
v -0.010856 0.101586 0.007372
v 0.004357 0.074157 0.007373
v 0.004357 0.074157 0.007373
v -0.000339 0.073321 0.007373
v -0.000339 0.073321 0.007373
v 0.014894 0.079471 0.007373
v 0.014894 0.079471 0.007373
v 0.014894 0.079471 0.007373
v 0.006090 0.105000 0.007372
v 0.006090 0.105000 0.007372
v 0.005213 0.104101 0.007373
v 0.005213 0.104101 0.007373
v 0.003670 0.087377 0.007374
v 0.003670 0.087377 0.007374
v 0.013166 0.077910 0.007373
v 0.013166 0.077910 0.007373
v 0.011079 0.076666 0.007373
v 0.011079 0.076666 0.007373
v 0.002101 0.086658 0.007374
v 0.002101 0.086658 0.007374
v 0.006639 0.074835 0.007373
v 0.006639 0.074835 0.007373
v 0.000447 0.086176 0.007374
v 0.000447 0.086176 0.007374
v 0.002026 0.073639 0.007373
v 0.002026 0.073639 0.007373
v -0.001264 0.085963 0.007374
v -0.001264 0.085963 0.007374
v -0.002722 0.073264 0.007373
v -0.002722 0.073264 0.007373
v -0.002987 0.086023 0.007374
v -0.002987 0.086023 0.007374
v -0.007411 0.074065 0.007373
v -0.007411 0.074065 0.007373
v -0.004691 0.086265 0.007373
v -0.004691 0.086265 0.007373
v -0.011888 0.075884 0.007373
v -0.011888 0.075884 0.007373
v -0.013951 0.077185 0.007373
v -0.013951 0.077185 0.007373
v 0.006565 0.089302 0.007375
v 0.006565 0.089302 0.007375
v 0.017135 0.083287 0.007373
v 0.017135 0.083287 0.007373
v 0.016228 0.081285 0.007373
v 0.016228 0.081285 0.007373
v -0.007179 0.087061 0.007375
v -0.007179 0.087061 0.007375
v -0.007848 0.087617 0.007376
v -0.007848 0.087617 0.007376
v -0.016659 0.080526 0.007373
v -0.016659 0.080526 0.007373
v -0.017323 0.082402 0.007373
v -0.017323 0.082402 0.007373
v 0.017552 0.089385 0.007372
v 0.017552 0.089385 0.007372
v 0.007289 0.090890 0.007376
v 0.007289 0.090890 0.007376
v -0.008462 0.089214 0.007374
v -0.008462 0.089214 0.007374
v -0.017630 0.087824 0.007373
v -0.017630 0.087824 0.007373
v -0.011142 0.101882 0.007371
v -0.011142 0.101882 0.007371
v 0.005625 0.104908 0.007371
v 0.005625 0.104908 0.007371
v 0.012684 0.099762 0.000003
v 0.012684 0.099762 0.000003
v 0.010082 0.102602 0.000004
v 0.010082 0.102602 0.000004
v 0.005406 0.102192 0.000002
v 0.005406 0.102192 0.000002
v 0.007803 0.104343 0.000004
v 0.007803 0.104343 0.000004
v -0.013369 0.100309 0.000004
v -0.013369 0.100309 0.000004
v 0.014841 0.096571 0.000003
v 0.014841 0.096571 0.000003
v 0.017626 0.085540 0.000003
v 0.017626 0.085540 0.000003
v 0.016524 0.093100 0.000003
v 0.016524 0.093100 0.000003
v 0.007045 0.090019 0.000000
v 0.007045 0.090019 0.000000
v 0.005178 0.088209 0.000002
v 0.005178 0.088209 0.000002
v -0.010331 0.099821 0.000003
v -0.010331 0.099821 0.000003
v 0.007210 0.091801 0.000002
v 0.007210 0.091801 0.000002
v -0.008273 0.088354 0.000000
v -0.008273 0.088354 0.000000
v -0.006391 0.086671 0.000002
v -0.006391 0.086671 0.000002
v -0.017618 0.084389 0.000003
v -0.017618 0.084389 0.000003
v -0.016257 0.094571 0.000003
v -0.016257 0.094571 0.000003
v -0.017153 0.091237 0.000003
v -0.017153 0.091237 0.000003
v -0.014946 0.097762 0.000004
v -0.014946 0.097762 0.000004
v -0.015586 0.078767 0.000003
v -0.015586 0.078767 0.000003
v -0.015586 0.078767 0.000003
v -0.009673 0.074863 0.000003
v -0.009673 0.074863 0.000003
v -0.005089 0.073520 0.000003
v -0.005089 0.073520 0.000003
v 0.006666 0.104879 0.000004
v 0.006666 0.104879 0.000004
v 0.005334 0.104567 0.000004
v 0.005334 0.104567 0.000004
v 0.005206 0.103588 0.000003
v 0.005206 0.103588 0.000003
v -0.011544 0.101924 0.000004
v -0.011544 0.101924 0.000004
v -0.012499 0.101287 0.000004
v -0.012499 0.101287 0.000004
v -0.011949 0.101736 0.000003
v -0.011949 0.101736 0.000003
v 0.008875 0.075666 0.000003
v 0.008875 0.075666 0.000003
v -0.010631 0.101003 0.000003
v -0.010631 0.101003 0.000003
v -0.010859 0.101584 0.000004
v -0.010859 0.101584 0.000004
v 0.004356 0.074160 0.000003
v 0.004356 0.074160 0.000003
v -0.000340 0.073324 0.000003
v -0.000340 0.073324 0.000003
v 0.014891 0.079473 0.000003
v 0.014891 0.079473 0.000003
v 0.014891 0.079473 0.000003
v 0.006090 0.104996 0.000004
v 0.006090 0.104996 0.000004
v 0.005217 0.104101 0.000003
v 0.005217 0.104101 0.000003
v 0.003671 0.087374 0.000002
v 0.003671 0.087374 0.000002
v 0.013164 0.077913 0.000003
v 0.013164 0.077913 0.000003
v 0.011077 0.076669 0.000003
v 0.011077 0.076669 0.000003
v 0.002102 0.086655 0.000002
v 0.002102 0.086655 0.000002
v 0.006638 0.074838 0.000003
v 0.006638 0.074838 0.000003
v 0.000448 0.086173 0.000002
v 0.000448 0.086173 0.000002
v 0.002026 0.073643 0.000003
v 0.002026 0.073643 0.000003
v -0.001264 0.085959 0.000002
v -0.001264 0.085959 0.000002
v -0.002722 0.073268 0.000003
v -0.002722 0.073268 0.000003
v -0.002988 0.086019 0.000002
v -0.002988 0.086019 0.000002
v -0.007410 0.074069 0.000003
v -0.007410 0.074069 0.000003
v -0.004692 0.086261 0.000003
v -0.004692 0.086261 0.000003
v -0.011887 0.075887 0.000003
v -0.011887 0.075887 0.000003
v -0.013949 0.077188 0.000003
v -0.013949 0.077188 0.000003
v 0.006568 0.089300 0.000001
v 0.006568 0.089300 0.000001
v 0.017132 0.083288 0.000003
v 0.017132 0.083288 0.000003
v 0.016225 0.081287 0.000003
v 0.016225 0.081287 0.000003
v -0.007181 0.087058 0.000001
v -0.007181 0.087058 0.000001
v -0.007850 0.087615 0.000000
v -0.007850 0.087615 0.000000
v -0.016655 0.080527 0.000003
v -0.016655 0.080527 0.000003
v -0.017320 0.082403 0.000003
v -0.017320 0.082403 0.000003
v 0.017549 0.089385 0.000004
v 0.017549 0.089385 0.000004
v 0.007293 0.090889 0.000000
v 0.007293 0.090889 0.000000
v -0.008466 0.089213 0.000002
v -0.008466 0.089213 0.000002
v -0.017626 0.087823 0.000003
v -0.017626 0.087823 0.000003
v -0.011144 0.101879 0.000005
v -0.011144 0.101879 0.000005
v 0.005627 0.104905 0.000005
v 0.005627 0.104905 0.000005
v -0.015475 0.078719 0.006939
v -0.015475 0.078719 0.006939
v -0.015475 0.078719 0.006939
v -0.013844 0.077139 0.006991
v -0.013844 0.077139 0.006991
v -0.007360 0.074055 0.006970
v -0.007360 0.074055 0.006970
v 0.013076 0.077875 0.006988
v 0.013076 0.077875 0.006988
v 0.006590 0.074823 0.006970
v 0.006590 0.074823 0.006970
v -0.000353 0.073320 0.006969
v -0.000353 0.073320 0.006969
v 0.014992 0.079416 0.006705
v 0.014992 0.079416 0.006705
v 0.014806 0.079407 0.006893
v 0.014806 0.079407 0.006893
v 0.014806 0.079407 0.006893
v -0.011799 0.075856 0.006980
v -0.011799 0.075856 0.006980
v -0.009605 0.074839 0.006971
v -0.009605 0.074839 0.006971
v -0.005059 0.073512 0.006969
v -0.005059 0.073512 0.006969
v -0.002714 0.073263 0.006969
v -0.002714 0.073263 0.006969
v 0.001998 0.073636 0.006969
v 0.001998 0.073636 0.006969
v 0.004317 0.074150 0.006970
v 0.004317 0.074150 0.006970
v 0.008821 0.075647 0.006971
v 0.008821 0.075647 0.006971
v 0.011011 0.076644 0.006976
v 0.011011 0.076644 0.006976
v -0.016678 0.080499 0.006990
v 0.016248 0.081259 0.006992
v -0.015624 0.078734 0.000601
v -0.015624 0.078734 0.000601
v -0.015418 0.078671 0.000419
v -0.015418 0.078671 0.000419
v -0.015418 0.078671 0.000419
v 0.014986 0.079454 0.000695
v 0.014986 0.079454 0.000695
v 0.014734 0.079363 0.000489
v 0.014734 0.079363 0.000489
v 0.014734 0.079363 0.000489
v -0.013842 0.077140 0.000418
v -0.013842 0.077140 0.000418
v -0.007360 0.074056 0.000439
v -0.007360 0.074056 0.000439
v 0.013075 0.077876 0.000420
v 0.013075 0.077876 0.000420
v 0.006590 0.074825 0.000439
v 0.006590 0.074825 0.000439
v -0.000354 0.073321 0.000440
v -0.000354 0.073321 0.000440
v -0.011801 0.075853 0.000435
v -0.011801 0.075853 0.000435
v -0.009605 0.074841 0.000437
v -0.009605 0.074841 0.000437
v -0.005059 0.073513 0.000440
v -0.005059 0.073513 0.000440
v -0.002714 0.073265 0.000440
v -0.002714 0.073265 0.000440
v 0.001998 0.073637 0.000440
v 0.001998 0.073637 0.000440
v 0.004317 0.074151 0.000439
v 0.004317 0.074151 0.000439
v 0.008820 0.075648 0.000438
v 0.008820 0.075648 0.000438
v 0.011012 0.076644 0.000435
v 0.011012 0.076644 0.000435
v -0.016678 0.080499 0.000417
v 0.016252 0.081261 0.000413
v 0.004620 -0.082753 0.000379
v 0.004620 -0.082753 0.000379
v 0.004594 -0.082565 0.000497
v 0.004594 -0.082565 0.000497
v -0.002891 -0.082221 0.000404
v -0.002891 -0.082221 0.000404
v -0.002895 -0.082085 0.000413
v -0.002895 -0.082085 0.000413
v -0.002913 -0.082266 0.000293
v -0.002913 -0.082266 0.000293
v -0.001396 -0.081929 0.000353
v -0.001396 -0.081929 0.000353
v -0.001407 -0.081971 0.000241
v -0.001407 -0.081971 0.000241
v -0.001407 -0.081971 0.000241
v -0.001398 -0.081794 0.000362
v -0.001398 -0.081794 0.000362
v 0.010277 -0.087646 0.001342
v 0.010277 -0.087646 0.001342
v 0.010277 -0.087646 0.001342
v 0.010277 -0.087646 0.001342
v 0.010311 -0.087572 0.001991
v 0.010311 -0.087572 0.001991
v 0.010311 -0.087572 0.001991
v 0.008371 -0.085173 0.000922
v 0.008371 -0.085173 0.000922
v 0.008386 -0.085042 0.000930
v 0.008386 -0.085042 0.000930
v 0.008429 -0.085259 0.000821
v 0.008429 -0.085259 0.000821
v 0.009370 -0.086299 0.001105
v 0.009370 -0.086299 0.001105
v 0.009332 -0.085943 0.001120
v 0.009332 -0.085943 0.001120
v 0.009442 -0.086397 0.001022
v 0.009442 -0.086397 0.001022
v -0.004335 -0.082701 0.000488
v -0.004335 -0.082701 0.000488
v -0.004342 -0.082565 0.000497
v -0.004342 -0.082565 0.000497
v -0.004368 -0.082753 0.000379
v -0.004368 -0.082753 0.000379
v -0.010026 -0.087646 0.001343
v -0.010026 -0.087646 0.001343
v -0.010026 -0.087646 0.001343
v -0.010026 -0.087646 0.001343
v -0.010044 -0.087652 0.001252
v -0.010044 -0.087652 0.001252
v -0.010044 -0.087652 0.001252
v -0.010061 -0.087575 0.001965
v -0.010061 -0.087575 0.001965
v -0.010061 -0.087575 0.001965
v -0.009118 -0.086298 0.001106
v -0.009118 -0.086298 0.001106
v -0.009046 -0.085818 0.001116
v -0.009046 -0.085818 0.001116
v -0.009190 -0.086397 0.001022
v -0.009190 -0.086397 0.001022
v -0.006971 -0.084191 0.000748
v -0.006971 -0.084191 0.000748
v -0.007022 -0.084262 0.000645
v -0.007022 -0.084262 0.000645
v -0.006984 -0.084056 0.000758
v -0.006984 -0.084056 0.000758
v 0.003143 -0.082221 0.000404
v 0.003143 -0.082221 0.000404
v 0.003147 -0.082085 0.000413
v 0.003147 -0.082085 0.000413
v 0.003165 -0.082266 0.000293
v 0.003165 -0.082266 0.000293
v 0.001647 -0.081929 0.000353
v 0.001647 -0.081929 0.000353
v 0.001659 -0.081971 0.000241
v 0.001659 -0.081971 0.000241
v 0.001649 -0.081794 0.000362
v 0.001649 -0.081794 0.000362
v 0.005955 -0.083361 0.000604
v 0.005955 -0.083361 0.000604
v 0.005964 -0.083226 0.000612
v 0.005964 -0.083226 0.000612
v 0.005997 -0.083422 0.000497
v 0.005997 -0.083422 0.000497
v 0.007223 -0.084191 0.000748
v 0.007223 -0.084191 0.000748
v 0.007236 -0.084056 0.000758
v 0.007236 -0.084056 0.000758
v 0.007274 -0.084262 0.000645
v 0.007274 -0.084262 0.000645
v -0.005703 -0.083361 0.000604
v -0.005703 -0.083361 0.000604
v -0.005712 -0.083226 0.000612
v -0.005712 -0.083226 0.000612
v -0.005745 -0.083422 0.000497
v -0.005745 -0.083422 0.000497
v -0.010697 -0.097831 0.003157
v -0.010697 -0.097831 0.003157
v -0.010734 -0.096297 0.011945
v 0.011780 -0.090356 0.010897
v 0.011740 -0.091910 0.002113
v 0.011740 -0.091910 0.002113
v -0.010697 -0.089001 0.001600
v -0.010697 -0.089001 0.001600
v -0.010694 -0.087454 0.010383
v -0.010694 -0.087454 0.010383
v 0.011480 -0.094863 0.011692
v 0.011441 -0.096402 0.002905
v 0.011441 -0.096402 0.002905
v 0.000126 -0.104953 0.004413
v 0.000126 -0.104953 0.004413
v 0.000126 -0.103443 0.013205
v 0.010949 -0.097831 0.003157
v 0.010949 -0.097831 0.003157
v 0.010986 -0.096297 0.011945
v -0.007005 -0.102569 0.003992
v -0.007005 -0.102569 0.003992
v -0.007030 -0.101051 0.012783
v -0.011190 -0.096402 0.002905
v -0.011190 -0.096402 0.002905
v -0.011228 -0.094863 0.011692
v 0.007257 -0.102569 0.003992
v 0.007257 -0.102569 0.003992
v 0.007282 -0.101051 0.012783
v -0.001403 -0.104854 0.004395
v -0.001403 -0.104854 0.004395
v -0.001408 -0.103344 0.013188
v 0.003158 -0.104560 0.004344
v 0.003158 -0.104560 0.004344
v 0.003168 -0.103049 0.013136
v -0.011589 -0.093416 0.002379
v -0.011589 -0.093416 0.002379
v -0.011629 -0.091867 0.011164
v 0.010949 -0.089001 0.001600
v 0.010949 -0.089001 0.001600
v 0.010946 -0.087454 0.010383
v 0.010946 -0.087454 0.010383
v -0.011190 -0.090430 0.001852
v -0.011190 -0.090430 0.001852
v -0.011186 -0.088882 0.010635
v 0.005983 -0.103407 0.004140
v 0.005983 -0.103407 0.004140
v 0.006003 -0.101892 0.012932
v -0.004357 -0.104075 0.004258
v -0.004357 -0.104075 0.004258
v -0.004372 -0.102562 0.013050
v 0.011740 -0.094922 0.002644
v 0.011740 -0.094922 0.002644
v 0.011780 -0.093378 0.011430
v 0.004609 -0.104075 0.004258
v 0.004609 -0.104075 0.004258
v 0.004624 -0.102562 0.013050
v -0.011488 -0.094922 0.002644
v -0.011488 -0.094922 0.002644
v -0.011528 -0.093378 0.011430
v -0.008158 -0.101574 0.003817
v -0.008158 -0.101574 0.003817
v -0.008186 -0.100053 0.012607
v 0.008409 -0.101574 0.003817
v 0.008409 -0.101574 0.003817
v 0.008438 -0.100053 0.012607
v -0.010019 -0.099184 0.003396
v -0.010019 -0.099184 0.003396
v -0.010054 -0.097655 0.012185
v 0.010271 -0.099184 0.003396
v 0.010271 -0.099184 0.003396
v 0.010306 -0.097655 0.012185
v 0.009420 -0.100439 0.003617
v 0.009420 -0.100439 0.003617
v 0.009452 -0.098914 0.012407
v -0.011488 -0.091910 0.002113
v -0.011488 -0.091910 0.002113
v -0.011528 -0.090356 0.010897
v 0.001655 -0.104854 0.004395
v 0.001655 -0.104854 0.004395
v 0.001660 -0.103344 0.013188
v -0.009168 -0.100439 0.003617
v -0.009168 -0.100439 0.003617
v -0.009200 -0.098914 0.012407
v -0.005731 -0.103407 0.004140
v -0.005731 -0.103407 0.004140
v -0.005751 -0.101892 0.012932
v 0.011441 -0.090430 0.001852
v 0.011441 -0.090430 0.001852
v 0.011438 -0.088882 0.010635
v 0.011841 -0.093416 0.002379
v 0.011841 -0.093416 0.002379
v 0.011881 -0.091867 0.011164
v -0.002906 -0.104560 0.004344
v -0.002906 -0.104560 0.004344
v -0.002916 -0.103049 0.013136
v -0.008173 -0.091242 0.009998
v -0.008173 -0.091242 0.009998
v -0.008208 -0.091779 0.010093
v -0.008208 -0.091779 0.010093
v -0.009029 -0.089160 0.010525
v -0.009029 -0.089160 0.010525
v -0.008828 -0.088576 0.010422
v -0.008828 -0.088576 0.010422
v -0.006955 -0.087711 0.009376
v -0.006955 -0.087711 0.009376
v -0.006652 -0.087264 0.009297
v -0.006652 -0.087264 0.009297
v -0.006414 -0.085018 0.009795
v -0.006414 -0.085018 0.009795
v -0.005943 -0.084611 0.009723
v -0.005943 -0.084611 0.009723
v -0.003805 -0.084805 0.008863
v -0.003805 -0.084805 0.008863
v -0.003315 -0.084567 0.008821
v -0.003315 -0.084567 0.008821
v -0.002047 -0.082719 0.009390
v -0.002047 -0.082719 0.009390
v -0.001432 -0.082599 0.009368
v -0.001432 -0.082599 0.009368
v -0.001432 -0.082599 0.009368
v -0.001432 -0.082599 0.009368
v 0.000398 -0.083840 0.008693
v 0.000398 -0.083840 0.008693
v 0.000944 -0.083875 0.008699
v 0.000944 -0.083875 0.008699
v 0.002903 -0.082879 0.009418
v 0.002903 -0.082879 0.009418
v 0.003496 -0.083077 0.009453
v 0.003496 -0.083077 0.009453
v 0.004529 -0.085074 0.008911
v 0.004529 -0.085074 0.008911
v 0.004983 -0.085373 0.008963
v 0.004983 -0.085373 0.008963
v 0.007108 -0.085454 0.009872
v 0.007108 -0.085454 0.009872
v 0.007521 -0.085918 0.009954
v 0.007521 -0.085918 0.009954
v 0.007480 -0.088176 0.009458
v 0.007480 -0.088176 0.009458
v 0.007721 -0.088659 0.009543
v 0.007721 -0.088659 0.009543
v 0.009443 -0.089755 0.010630
v 0.009443 -0.089755 0.010630
v 0.009565 -0.090360 0.010737
v 0.009565 -0.090360 0.010737
v 0.008460 -0.092316 0.010188
v 0.008460 -0.092316 0.010188
v 0.008424 -0.092853 0.010282
v 0.008424 -0.092853 0.010282
v 0.009281 -0.094629 0.011490
v 0.009281 -0.094629 0.011490
v 0.009080 -0.095214 0.011593
v 0.009080 -0.095214 0.011593
v 0.007207 -0.096384 0.010905
v 0.007207 -0.096384 0.010905
v 0.006904 -0.096831 0.010984
v 0.006904 -0.096831 0.010984
v 0.006666 -0.098771 0.012220
v 0.006666 -0.098771 0.012220
v 0.006195 -0.099178 0.012292
v 0.006195 -0.099178 0.012292
v 0.004057 -0.099290 0.011417
v 0.004057 -0.099290 0.011417
v 0.003567 -0.099528 0.011459
v 0.003567 -0.099528 0.011459
v 0.002299 -0.101070 0.012625
v 0.002299 -0.101070 0.012625
v 0.001684 -0.101190 0.012647
v 0.001684 -0.101190 0.012647
v -0.000147 -0.100255 0.011588
v -0.000147 -0.100255 0.011588
v -0.000692 -0.100220 0.011581
v -0.000692 -0.100220 0.011581
v -0.002651 -0.100911 0.012597
v -0.002651 -0.100911 0.012597
v -0.003244 -0.100712 0.012562
v -0.003244 -0.100712 0.012562
v -0.004277 -0.099021 0.011370
v -0.004277 -0.099021 0.011370
v -0.004731 -0.098722 0.011317
v -0.004731 -0.098722 0.011317
v -0.006856 -0.098335 0.012143
v -0.006856 -0.098335 0.012143
v -0.007270 -0.097871 0.012061
v -0.007270 -0.097871 0.012061
v -0.007228 -0.095919 0.010823
v -0.007228 -0.095919 0.010823
v -0.007470 -0.095436 0.010738
v -0.007470 -0.095436 0.010738
v -0.009191 -0.094034 0.011385
v -0.009191 -0.094034 0.011385
v -0.009313 -0.093429 0.011278
v -0.009313 -0.093429 0.011278
v -0.008173 -0.092431 0.003258
v -0.008173 -0.092431 0.003258
v -0.008208 -0.092968 0.003353
v -0.008208 -0.092968 0.003353
v -0.009029 -0.090654 0.002051
v -0.009029 -0.090654 0.002051
v -0.008828 -0.090070 0.001948
v -0.008828 -0.090070 0.001948
v -0.006955 -0.088900 0.002636
v -0.006955 -0.088900 0.002636
v -0.006652 -0.088452 0.002557
v -0.006652 -0.088452 0.002557
v -0.006414 -0.086513 0.001321
v -0.006414 -0.086513 0.001321
v -0.005943 -0.086106 0.001249
v -0.005943 -0.086106 0.001249
v -0.003805 -0.085994 0.002123
v -0.003805 -0.085994 0.002123
v -0.003315 -0.085756 0.002081
v -0.003315 -0.085756 0.002081
v -0.002047 -0.084214 0.000915
v -0.002047 -0.084214 0.000915
v -0.001432 -0.084093 0.000894
v -0.001432 -0.084093 0.000894
v -0.001432 -0.084093 0.000894
v -0.001432 -0.084093 0.000894
v 0.000398 -0.085028 0.001953
v 0.000398 -0.085028 0.001953
v 0.000944 -0.085064 0.001959
v 0.000944 -0.085064 0.001959
v 0.002903 -0.084373 0.000943
v 0.002903 -0.084373 0.000943
v 0.003496 -0.084571 0.000978
v 0.003496 -0.084571 0.000978
v 0.004529 -0.086262 0.002170
v 0.004529 -0.086262 0.002170
v 0.004983 -0.086561 0.002223
v 0.004983 -0.086561 0.002223
v 0.007108 -0.086948 0.001397
v 0.007108 -0.086948 0.001397
v 0.007521 -0.087412 0.001479
v 0.007521 -0.087412 0.001479
v 0.007480 -0.089365 0.002717
v 0.007480 -0.089365 0.002717
v 0.007721 -0.089847 0.002803
v 0.007721 -0.089847 0.002803
v 0.009443 -0.091249 0.002156
v 0.009443 -0.091249 0.002156
v 0.009565 -0.091854 0.002262
v 0.009565 -0.091854 0.002262
v 0.008460 -0.093504 0.003447
v 0.008460 -0.093504 0.003447
v 0.008424 -0.094041 0.003542
v 0.008424 -0.094041 0.003542
v 0.009281 -0.096123 0.003015
v 0.009281 -0.096123 0.003015
v 0.009080 -0.096708 0.003118
v 0.009080 -0.096708 0.003118
v 0.007207 -0.097572 0.004165
v 0.007207 -0.097572 0.004165
v 0.006904 -0.098019 0.004244
v 0.006904 -0.098019 0.004244
v 0.006666 -0.100265 0.003745
v 0.006666 -0.100265 0.003745
v 0.006195 -0.100672 0.003817
v 0.006195 -0.100672 0.003817
v 0.004057 -0.100478 0.004677
v 0.004057 -0.100478 0.004677
v 0.003567 -0.100716 0.004719
v 0.003567 -0.100716 0.004719
v 0.002299 -0.102564 0.004151
v 0.002299 -0.102564 0.004151
v 0.001684 -0.102685 0.004172
v 0.001684 -0.102685 0.004172
v -0.000147 -0.101444 0.004847
v -0.000147 -0.101444 0.004847
v -0.000692 -0.101408 0.004841
v -0.000692 -0.101408 0.004841
v -0.002651 -0.102405 0.004123
v -0.002651 -0.102405 0.004123
v -0.003244 -0.102206 0.004088
v -0.003244 -0.102206 0.004088
v -0.004277 -0.100210 0.004630
v -0.004277 -0.100210 0.004630
v -0.004731 -0.099911 0.004577
v -0.004731 -0.099911 0.004577
v -0.006856 -0.099830 0.003669
v -0.006856 -0.099830 0.003669
v -0.007270 -0.099366 0.003587
v -0.007270 -0.099366 0.003587
v -0.007228 -0.097107 0.004083
v -0.007228 -0.097107 0.004083
v -0.007470 -0.096625 0.003998
v -0.007470 -0.096625 0.003998
v -0.009191 -0.095529 0.002910
v -0.009191 -0.095529 0.002910
v -0.009313 -0.094923 0.002804
v -0.009313 -0.094923 0.002804
v -0.009849 -0.090534 0.011163
v -0.009681 -0.090578 0.011115
v -0.009681 -0.090578 0.011115
v -0.009764 -0.091824 0.011334
v -0.009764 -0.091824 0.011334
v -0.009935 -0.091827 0.011391
v -0.009592 -0.089263 0.010939
v -0.009414 -0.089260 0.010884
v -0.009414 -0.089260 0.010884
v -0.009035 -0.088161 0.010690
v -0.009035 -0.088161 0.010690
v -0.009169 -0.088035 0.010723
v -0.008587 -0.086873 0.010518
v -0.008433 -0.086956 0.010476
v -0.008433 -0.086956 0.010476
v -0.007728 -0.085917 0.010293
v -0.007728 -0.085917 0.010293
v -0.007856 -0.085795 0.010328
v -0.006988 -0.084821 0.010156
v -0.006828 -0.084908 0.010116
v -0.006828 -0.084908 0.010116
v -0.005942 -0.084142 0.009981
v -0.005942 -0.084142 0.009981
v -0.005999 -0.083967 0.010005
v -0.004904 -0.083246 0.009878
v -0.004808 -0.083395 0.009848
v -0.004808 -0.083395 0.009848
v -0.003671 -0.082843 0.009751
v -0.003671 -0.082843 0.009751
v -0.003724 -0.082673 0.009777
v -0.002478 -0.082257 0.009704
v -0.002379 -0.082412 0.009676
v -0.002379 -0.082412 0.009676
v -0.001223 -0.082185 0.009636
v -0.001223 -0.082185 0.009636
v -0.001223 -0.082185 0.009636
v -0.001223 -0.082185 0.009636
v -0.001187 -0.082004 0.009659
v -0.001187 -0.082004 0.009659
v 0.000126 -0.081919 0.009644
v 0.000139 -0.082097 0.009619
v 0.000139 -0.082097 0.009619
v 0.001404 -0.082178 0.009634
v 0.001404 -0.082178 0.009634
v 0.001439 -0.082004 0.009659
v 0.002730 -0.082257 0.009704
v 0.002742 -0.082441 0.009681
v 0.002742 -0.082441 0.009681
v 0.003858 -0.082814 0.009747
v 0.003858 -0.082814 0.009747
v 0.003976 -0.082673 0.009777
v 0.005156 -0.083246 0.009878
v 0.005082 -0.083408 0.009850
v 0.005082 -0.083408 0.009850
v 0.006136 -0.084102 0.009973
v 0.006136 -0.084102 0.009973
v 0.006250 -0.083967 0.010005
v 0.007240 -0.084821 0.010156
v 0.007162 -0.084988 0.010130
v 0.007162 -0.084988 0.010130
v 0.007939 -0.085861 0.010284
v 0.007939 -0.085861 0.010284
v 0.008108 -0.085795 0.010328
v 0.008839 -0.086873 0.010518
v 0.008697 -0.086978 0.010480
v 0.008697 -0.086978 0.010480
v 0.009258 -0.088098 0.010677
v 0.009258 -0.088098 0.010677
v 0.009421 -0.088035 0.010723
v 0.009844 -0.089263 0.010939
v 0.009696 -0.089370 0.010903
v 0.009696 -0.089370 0.010903
v 0.009926 -0.090508 0.011104
v 0.009926 -0.090508 0.011104
v 0.010101 -0.090534 0.011163
v 0.010187 -0.091827 0.011391
v 0.010016 -0.091849 0.011339
v 0.010016 -0.091849 0.011339
v 0.009933 -0.093095 0.011559
v 0.009933 -0.093095 0.011559
v 0.010101 -0.093120 0.011619
v 0.009844 -0.094391 0.011843
v 0.009666 -0.094413 0.011792
v 0.009666 -0.094413 0.011792
v 0.009287 -0.095512 0.011986
v 0.009287 -0.095512 0.011986
v 0.009421 -0.095619 0.012060
v 0.008839 -0.096781 0.012265
v 0.008685 -0.096717 0.012197
v 0.008685 -0.096717 0.012197
v 0.007980 -0.097756 0.012380
v 0.007980 -0.097756 0.012380
v 0.008108 -0.097858 0.012455
v 0.007240 -0.098833 0.012626
v 0.007080 -0.098765 0.012560
v 0.007080 -0.098765 0.012560
v 0.006194 -0.099530 0.012695
v 0.006194 -0.099530 0.012695
v 0.006250 -0.099687 0.012777
v 0.005156 -0.100407 0.012904
v 0.005060 -0.100278 0.012825
v 0.005060 -0.100278 0.012825
v 0.003923 -0.100830 0.012923
v 0.003923 -0.100830 0.012923
v 0.003976 -0.100981 0.013005
v 0.002730 -0.101397 0.013079
v 0.002630 -0.101261 0.013000
v 0.002630 -0.101261 0.013000
v 0.001474 -0.101487 0.013040
v 0.001474 -0.101487 0.013040
v 0.001439 -0.101650 0.013123
v 0.000126 -0.101735 0.013138
v 0.000113 -0.101576 0.013054
v 0.000113 -0.101576 0.013054
v -0.001152 -0.101495 0.013040
v -0.001152 -0.101495 0.013040
v -0.001187 -0.101650 0.013123
v -0.002478 -0.101397 0.013079
v -0.002490 -0.101231 0.012994
v -0.002490 -0.101231 0.012994
v -0.003606 -0.100858 0.012929
v -0.003606 -0.100858 0.012929
v -0.003724 -0.100981 0.013005
v -0.004904 -0.100407 0.012904
v -0.004830 -0.100265 0.012823
v -0.004830 -0.100265 0.012823
v -0.005885 -0.099571 0.012701
v -0.005885 -0.099571 0.012701
v -0.005999 -0.099687 0.012777
v -0.006988 -0.098833 0.012626
v -0.006910 -0.098685 0.012545
v -0.006910 -0.098685 0.012545
v -0.007687 -0.097812 0.012392
v -0.007687 -0.097812 0.012392
v -0.007856 -0.097858 0.012455
v -0.008587 -0.096781 0.012265
v -0.008446 -0.096696 0.012193
v -0.008446 -0.096696 0.012193
v -0.009006 -0.095575 0.011996
v -0.009006 -0.095575 0.011996
v -0.009169 -0.095619 0.012060
v -0.009592 -0.094391 0.011843
v -0.009444 -0.094303 0.011773
v -0.009444 -0.094303 0.011773
v -0.009849 -0.093120 0.011619
v -0.009674 -0.093164 0.011572
v -0.009674 -0.093164 0.011572
v -0.009654 -0.092201 0.001929
v -0.009654 -0.092201 0.001929
v -0.009737 -0.093444 0.002148
v -0.009737 -0.093444 0.002148
v -0.009388 -0.090887 0.001696
v -0.009388 -0.090887 0.001696
v -0.009010 -0.089792 0.001503
v -0.009010 -0.089792 0.001503
v -0.008409 -0.088589 0.001292
v -0.008409 -0.088589 0.001292
v -0.007707 -0.087554 0.001110
v -0.007707 -0.087554 0.001110
v -0.006808 -0.086547 0.000931
v -0.006808 -0.086547 0.000931
v -0.005925 -0.085784 0.000796
v -0.005925 -0.085784 0.000796
v -0.004794 -0.085038 0.000666
v -0.004794 -0.085038 0.000666
v -0.003660 -0.084488 0.000569
v -0.003660 -0.084488 0.000569
v -0.002371 -0.084058 0.000492
v -0.002371 -0.084058 0.000492
v -0.001219 -0.083832 0.000452
v -0.001219 -0.083832 0.000452
v -0.001219 -0.083832 0.000452
v -0.001219 -0.083832 0.000452
v 0.000139 -0.083743 0.000438
v 0.000139 -0.083743 0.000438
v 0.001400 -0.083825 0.000452
v 0.001400 -0.083825 0.000452
v 0.002735 -0.084087 0.000497
v 0.002735 -0.084087 0.000497
v 0.003847 -0.084459 0.000563
v 0.003847 -0.084459 0.000563
v 0.005069 -0.085051 0.000668
v 0.005069 -0.085051 0.000668
v 0.006120 -0.085743 0.000790
v 0.006120 -0.085743 0.000790
v 0.007142 -0.086627 0.000945
v 0.007142 -0.086627 0.000945
v 0.007917 -0.087497 0.001099
v 0.007917 -0.087497 0.001099
v 0.008674 -0.088611 0.001296
v 0.008674 -0.088611 0.001296
v 0.009233 -0.089728 0.001493
v 0.009233 -0.089728 0.001493
v 0.009669 -0.090997 0.001716
v 0.009669 -0.090997 0.001716
v 0.009899 -0.092132 0.001916
v 0.009899 -0.092132 0.001916
v 0.009989 -0.093469 0.002153
v 0.009989 -0.093469 0.002153
v 0.009906 -0.094711 0.002372
v 0.009906 -0.094711 0.002372
v 0.009639 -0.096026 0.002602
v 0.009639 -0.096026 0.002602
v 0.009262 -0.097121 0.002796
v 0.009262 -0.097121 0.002796
v 0.008661 -0.098324 0.003009
v 0.008661 -0.098324 0.003009
v 0.007959 -0.099359 0.003191
v 0.007959 -0.099359 0.003191
v 0.007060 -0.100366 0.003368
v 0.007060 -0.100366 0.003368
v 0.006177 -0.101129 0.003502
v 0.006177 -0.101129 0.003502
v 0.005046 -0.101874 0.003635
v 0.005046 -0.101874 0.003635
v 0.003912 -0.102425 0.003732
v 0.003912 -0.102425 0.003732
v 0.002623 -0.102855 0.003807
v 0.002623 -0.102855 0.003807
v 0.001471 -0.103081 0.003846
v 0.001471 -0.103081 0.003846
v 0.000113 -0.103169 0.003863
v 0.000113 -0.103169 0.003863
v -0.001149 -0.103088 0.003849
v -0.001149 -0.103088 0.003849
v -0.002483 -0.102826 0.003801
v -0.002483 -0.102826 0.003801
v -0.003596 -0.102454 0.003736
v -0.003596 -0.102454 0.003736
v -0.004817 -0.101862 0.003633
v -0.004817 -0.101862 0.003633
v -0.005868 -0.101170 0.003511
v -0.005868 -0.101170 0.003511
v -0.006890 -0.100286 0.003354
v -0.006890 -0.100286 0.003354
v -0.007665 -0.099416 0.003200
v -0.007665 -0.099416 0.003200
v -0.008422 -0.098302 0.003005
v -0.008422 -0.098302 0.003005
v -0.008981 -0.097185 0.002808
v -0.008981 -0.097185 0.002808
v -0.009418 -0.095916 0.002583
v -0.009418 -0.095916 0.002583
v -0.009647 -0.094781 0.002383
v -0.009647 -0.094781 0.002383
v -0.011480 -0.093457 0.002149
v -0.011617 -0.093435 0.002271
v -0.011617 -0.093435 0.002271
v -0.011517 -0.091925 0.002005
v -0.011517 -0.091925 0.002005
v -0.011380 -0.091965 0.001886
v -0.011217 -0.090442 0.001744
v -0.011217 -0.090442 0.001744
v -0.011084 -0.090498 0.001628
v -0.010724 -0.089009 0.001491
v -0.010724 -0.089009 0.001491
v -0.010596 -0.089083 0.001378
v -0.009925 -0.087742 0.001142
v -0.009081 -0.086499 0.000923
v -0.008177 -0.085259 0.000821
v -0.008177 -0.085259 0.000821
v -0.008080 -0.085375 0.000724
v -0.006939 -0.084389 0.000551
v -0.005677 -0.083559 0.000404
v -0.004315 -0.082897 0.000288
v -0.002878 -0.082417 0.000203
v -0.001389 -0.082125 0.000151
v -0.001389 -0.082125 0.000151
v 0.000126 -0.081872 0.000224
v 0.000126 -0.081872 0.000224
v 0.000126 -0.082027 0.000134
v 0.001641 -0.082125 0.000151
v 0.003130 -0.082417 0.000203
v 0.004567 -0.082897 0.000288
v 0.005929 -0.083559 0.000404
v 0.007191 -0.084389 0.000551
v 0.008332 -0.085375 0.000724
v 0.009333 -0.086499 0.000923
v 0.010296 -0.087652 0.001252
v 0.010296 -0.087652 0.001252
v 0.010296 -0.087652 0.001252
v 0.010177 -0.087742 0.001142
v 0.010975 -0.089009 0.001491
v 0.010975 -0.089009 0.001491
v 0.010848 -0.089083 0.001378
v 0.011469 -0.090442 0.001744
v 0.011469 -0.090442 0.001744
v 0.011336 -0.090498 0.001628
v 0.011769 -0.091925 0.002005
v 0.011769 -0.091925 0.002005
v 0.011632 -0.091965 0.001886
v 0.011869 -0.093435 0.002271
v 0.011869 -0.093435 0.002271
v 0.011731 -0.093457 0.002149
v 0.011769 -0.094945 0.002538
v 0.011769 -0.094945 0.002538
v 0.011632 -0.094948 0.002412
v 0.011469 -0.096428 0.002799
v 0.011469 -0.096428 0.002799
v 0.011336 -0.096415 0.002671
v 0.010975 -0.097861 0.003052
v 0.010975 -0.097861 0.003052
v 0.010848 -0.097830 0.002921
v 0.010296 -0.099217 0.003291
v 0.010296 -0.099217 0.003291
v 0.010177 -0.099171 0.003157
v 0.009443 -0.100475 0.003513
v 0.009443 -0.100475 0.003513
v 0.009333 -0.100414 0.003376
v 0.008430 -0.101613 0.003713
v 0.008430 -0.101613 0.003713
v 0.008332 -0.101538 0.003574
v 0.007275 -0.102610 0.003889
v 0.007275 -0.102610 0.003889
v 0.007191 -0.102524 0.003748
v 0.005998 -0.103451 0.004037
v 0.005998 -0.103451 0.004037
v 0.005929 -0.103354 0.003895
v 0.004620 -0.104120 0.004155
v 0.004620 -0.104120 0.004155
v 0.004567 -0.104016 0.004011
v 0.003165 -0.104606 0.004241
v 0.003165 -0.104606 0.004241
v 0.003130 -0.104496 0.004096
v 0.001659 -0.104901 0.004293
v 0.001659 -0.104901 0.004293
v 0.001641 -0.104788 0.004147
v 0.000126 -0.105000 0.004311
v 0.000126 -0.105000 0.004311
v 0.000126 -0.104886 0.004165
v -0.001407 -0.104901 0.004293
v -0.001407 -0.104901 0.004293
v -0.001389 -0.104788 0.004147
v -0.002913 -0.104606 0.004241
v -0.002913 -0.104606 0.004241
v -0.002878 -0.104496 0.004096
v -0.004368 -0.104120 0.004155
v -0.004368 -0.104120 0.004155
v -0.004315 -0.104016 0.004011
v -0.005746 -0.103451 0.004037
v -0.005746 -0.103451 0.004037
v -0.005677 -0.103354 0.003895
v -0.007023 -0.102610 0.003889
v -0.007023 -0.102610 0.003889
v -0.006939 -0.102524 0.003748
v -0.008178 -0.101613 0.003713
v -0.008178 -0.101613 0.003713
v -0.008080 -0.101538 0.003574
v -0.009191 -0.100475 0.003513
v -0.009191 -0.100475 0.003513
v -0.009081 -0.100414 0.003376
v -0.010044 -0.099217 0.003291
v -0.010044 -0.099217 0.003291
v -0.009925 -0.099171 0.003157
v -0.010724 -0.097861 0.003052
v -0.010724 -0.097861 0.003052
v -0.010596 -0.097830 0.002921
v -0.011217 -0.096428 0.002799
v -0.011217 -0.096428 0.002799
v -0.011084 -0.096415 0.002671
v -0.011517 -0.094945 0.002538
v -0.011517 -0.094945 0.002538
v -0.011380 -0.094948 0.002412
v 0.004587 -0.082701 0.000488
v 0.004587 -0.082701 0.000488
v -0.008135 -0.085042 0.000930
v -0.008135 -0.085042 0.000930
v -0.008119 -0.085173 0.000922
v -0.008119 -0.085173 0.000922
v 0.000126 -0.081697 0.000345
v 0.000126 -0.081697 0.000345
v 0.000126 -0.081831 0.000336
v 0.000126 -0.081831 0.000336
v -0.011480 -0.091827 0.011391
v -0.011617 -0.091848 0.011269
v -0.011617 -0.091848 0.011269
v -0.011517 -0.090339 0.011003
v -0.011517 -0.090339 0.011003
v -0.011380 -0.090335 0.011128
v -0.011217 -0.088855 0.010741
v -0.011217 -0.088855 0.010741
v -0.011084 -0.088869 0.010870
v -0.010596 -0.087453 0.010620
v -0.010724 -0.087423 0.010489
v -0.010724 -0.087423 0.010489
v -0.010044 -0.086066 0.010249
v -0.010044 -0.086066 0.010249
v -0.010044 -0.086066 0.010249
v -0.009925 -0.086112 0.010383
v -0.009081 -0.084869 0.010164
v -0.009190 -0.084807 0.010036
v -0.009190 -0.084807 0.010036
v -0.008177 -0.083670 0.009836
v -0.008177 -0.083670 0.009836
v -0.008080 -0.083745 0.009966
v -0.006939 -0.082760 0.009792
v -0.007022 -0.082673 0.009660
v -0.007022 -0.082673 0.009660
v -0.005745 -0.081832 0.009512
v -0.005745 -0.081832 0.009512
v -0.005677 -0.081929 0.009646
v -0.004315 -0.081268 0.009529
v -0.004368 -0.081163 0.009394
v -0.004368 -0.081163 0.009394
v -0.002913 -0.080677 0.009308
v -0.002913 -0.080677 0.009308
v -0.002878 -0.080787 0.009445
v -0.001389 -0.080496 0.009393
v -0.001389 -0.080496 0.009393
v -0.001407 -0.080382 0.009256
v -0.001407 -0.080382 0.009256
v -0.001407 -0.080382 0.009256
v 0.000126 -0.080283 0.009238
v 0.000126 -0.080283 0.009238
v 0.000126 -0.080398 0.009376
v 0.001641 -0.080496 0.009393
v 0.001659 -0.080382 0.009256
v 0.001659 -0.080382 0.009256
v 0.003165 -0.080677 0.009308
v 0.003165 -0.080677 0.009308
v 0.003130 -0.080787 0.009445
v 0.004567 -0.081268 0.009529
v 0.004620 -0.081163 0.009394
v 0.004620 -0.081163 0.009394
v 0.005997 -0.081832 0.009512
v 0.005997 -0.081832 0.009512
v 0.005929 -0.081929 0.009646
v 0.007191 -0.082760 0.009792
v 0.007274 -0.082673 0.009660
v 0.007274 -0.082673 0.009660
v 0.008429 -0.083670 0.009836
v 0.008429 -0.083670 0.009836
v 0.008332 -0.083745 0.009966
v 0.009333 -0.084869 0.010164
v 0.009442 -0.084807 0.010036
v 0.009442 -0.084807 0.010036
v 0.010296 -0.086066 0.010249
v 0.010296 -0.086066 0.010249
v 0.010296 -0.086066 0.010249
v 0.010177 -0.086112 0.010383
v 0.010848 -0.087453 0.010620
v 0.010975 -0.087423 0.010489
v 0.010975 -0.087423 0.010489
v 0.011469 -0.088855 0.010741
v 0.011469 -0.088855 0.010741
v 0.011336 -0.088869 0.010870
v 0.011632 -0.090335 0.011128
v 0.011769 -0.090339 0.011003
v 0.011769 -0.090339 0.011003
v 0.011869 -0.091848 0.011269
v 0.011869 -0.091848 0.011269
v 0.011731 -0.091827 0.011391
v 0.011632 -0.093319 0.011654
v 0.011769 -0.093358 0.011535
v 0.011769 -0.093358 0.011535
v 0.011469 -0.094842 0.011797
v 0.011469 -0.094842 0.011797
v 0.011336 -0.094785 0.011913
v 0.010848 -0.096201 0.012162
v 0.010975 -0.096274 0.012049
v 0.010975 -0.096274 0.012049
v 0.010296 -0.097631 0.012289
v 0.010296 -0.097631 0.012289
v 0.010177 -0.097541 0.012399
v 0.009333 -0.098785 0.012618
v 0.009443 -0.098889 0.012510
v 0.009443 -0.098889 0.012510
v 0.008430 -0.100026 0.012711
v 0.008430 -0.100026 0.012711
v 0.008332 -0.099909 0.012816
v 0.007191 -0.100894 0.012990
v 0.007275 -0.101024 0.012887
v 0.007275 -0.101024 0.012887
v 0.005998 -0.101864 0.013035
v 0.005998 -0.101864 0.013035
v 0.005929 -0.101725 0.013136
v 0.004567 -0.102386 0.013253
v 0.004620 -0.102533 0.013153
v 0.004620 -0.102533 0.013153
v 0.003165 -0.103019 0.013239
v 0.003165 -0.103019 0.013239
v 0.003130 -0.102867 0.013338
v 0.001641 -0.103158 0.013389
v 0.001659 -0.103315 0.013291
v 0.001659 -0.103315 0.013291
v 0.000126 -0.103413 0.013308
v 0.000126 -0.103413 0.013308
v 0.000126 -0.103256 0.013406
v -0.001389 -0.103158 0.013389
v -0.001407 -0.103315 0.013291
v -0.001407 -0.103315 0.013291
v -0.002913 -0.103019 0.013239
v -0.002913 -0.103019 0.013239
v -0.002878 -0.102867 0.013338
v -0.004315 -0.102386 0.013253
v -0.004368 -0.102533 0.013153
v -0.004368 -0.102533 0.013153
v -0.005746 -0.101864 0.013035
v -0.005746 -0.101864 0.013035
v -0.005677 -0.101725 0.013136
v -0.006939 -0.100894 0.012990
v -0.007023 -0.101024 0.012887
v -0.007023 -0.101024 0.012887
v -0.008178 -0.100026 0.012711
v -0.008178 -0.100026 0.012711
v -0.008080 -0.099909 0.012816
v -0.009081 -0.098785 0.012618
v -0.009191 -0.098889 0.012510
v -0.009191 -0.098889 0.012510
v -0.010044 -0.097631 0.012289
v -0.010044 -0.097631 0.012289
v -0.009925 -0.097541 0.012399
v -0.010596 -0.096201 0.012162
v -0.010724 -0.096274 0.012049
v -0.010724 -0.096274 0.012049
v -0.011084 -0.094785 0.011913
v -0.011217 -0.094842 0.011797
v -0.011217 -0.094842 0.011797
v -0.011517 -0.093358 0.011535
v -0.011517 -0.093358 0.011535
v -0.011380 -0.093319 0.011654
v -0.005706 -0.081687 0.009331
v -0.005706 -0.081687 0.009331
v -0.005698 -0.081814 0.009388
v -0.005698 -0.081814 0.009388
v 0.007229 -0.082516 0.009479
v 0.007229 -0.082516 0.009479
v 0.007218 -0.082642 0.009536
v 0.007218 -0.082642 0.009536
v 0.005958 -0.081687 0.009331
v 0.005958 -0.081687 0.009331
v 0.005950 -0.081814 0.009388
v 0.005950 -0.081814 0.009388
v 0.001647 -0.080259 0.009076
v 0.001647 -0.080259 0.009076
v 0.001646 -0.080384 0.009134
v 0.001646 -0.080384 0.009134
v 0.003143 -0.080549 0.009128
v 0.003143 -0.080549 0.009128
v 0.003141 -0.080675 0.009186
v 0.003141 -0.080675 0.009186
v -0.006977 -0.082516 0.009479
v -0.006977 -0.082516 0.009479
v -0.006966 -0.082642 0.009536
v -0.006966 -0.082642 0.009536
v -0.009011 -0.084238 0.009721
v -0.009011 -0.084238 0.009721
v -0.009112 -0.084743 0.009921
v -0.009112 -0.084743 0.009921
v -0.010061 -0.086132 0.009482
v -0.010061 -0.086132 0.009482
v -0.010061 -0.086132 0.009482
v -0.010023 -0.086091 0.010160
v -0.010023 -0.086091 0.010160
v -0.010023 -0.086091 0.010160
v -0.010023 -0.086091 0.010160
v -0.004337 -0.081028 0.009214
v -0.004337 -0.081028 0.009214
v -0.004332 -0.081155 0.009271
v -0.004332 -0.081155 0.009271
v 0.009224 -0.084118 0.009680
v 0.009224 -0.084118 0.009680
v 0.009364 -0.084743 0.009920
v 0.009364 -0.084743 0.009920
v 0.008380 -0.083501 0.009654
v 0.008380 -0.083501 0.009654
v 0.008366 -0.083624 0.009708
v 0.008366 -0.083624 0.009708
v 0.010311 -0.086131 0.009500
v 0.010311 -0.086131 0.009500
v 0.010311 -0.086131 0.009500
v 0.010274 -0.086093 0.010160
v 0.010274 -0.086093 0.010160
v 0.010274 -0.086093 0.010160
v 0.010274 -0.086093 0.010160
v -0.001396 -0.080259 0.009076
v -0.001396 -0.080259 0.009076
v -0.001394 -0.080384 0.009134
v -0.001394 -0.080384 0.009134
v -0.002892 -0.080549 0.009128
v -0.002892 -0.080549 0.009128
v -0.002889 -0.080675 0.009186
v -0.002889 -0.080675 0.009186
v 0.004588 -0.081028 0.009214
v 0.004588 -0.081028 0.009214
v 0.004583 -0.081155 0.009271
v 0.004583 -0.081155 0.009271
v -0.008128 -0.083501 0.009654
v -0.008128 -0.083501 0.009654
v -0.008114 -0.083624 0.009708
v -0.008114 -0.083624 0.009708
v 0.000126 -0.080161 0.009059
v 0.000126 -0.080161 0.009059
v 0.000126 -0.080287 0.009116
v 0.000126 -0.080287 0.009116
v -0.003034 -0.075188 0.006923
v -0.003410 -0.077491 0.007628
v 0.003286 -0.075188 0.006923
v -0.003338 -0.077685 0.000687
v 0.005695 -0.072797 0.000776
v 0.006382 -0.077670 0.000814
v 0.005908 -0.075240 0.000788
v 0.006466 -0.077554 0.007475
v 0.005695 -0.072797 0.006631
v 0.005933 -0.075206 0.006878
v 0.003662 -0.077491 0.007628
v -0.003013 -0.075245 0.000750
v -0.006130 -0.077670 0.000814
v -0.005443 -0.072797 0.000776
v -0.005657 -0.075240 0.000788
v -0.005443 -0.072797 0.006631
v -0.006214 -0.077554 0.007475
v -0.005681 -0.075206 0.006878
v 0.000126 -0.077686 0.000613
v 0.000126 -0.072797 0.000776
v 0.000126 -0.075245 0.000729
v 0.000126 -0.072797 0.006631
v 0.000126 -0.077450 0.007718
v 0.000126 -0.075176 0.006949
v -0.007378 -0.077639 0.001509
v -0.007378 -0.077639 0.001509
v -0.006731 -0.072797 0.001400
v -0.006731 -0.072797 0.001400
v -0.006921 -0.075231 0.001432
v -0.006921 -0.075231 0.001432
v -0.006089 -0.072797 0.000776
v -0.006763 -0.077658 0.000854
v -0.006287 -0.075237 0.000799
v -0.006543 -0.072797 0.000959
v -0.007222 -0.077644 0.001036
v -0.006742 -0.075233 0.000981
v -0.006843 -0.077570 0.007429
v -0.006089 -0.072797 0.006631
v -0.006310 -0.075211 0.006865
v -0.006731 -0.072797 0.006002
v -0.006731 -0.072797 0.006002
v -0.007447 -0.077605 0.006769
v -0.007447 -0.077605 0.006769
v -0.006941 -0.075221 0.006227
v -0.006941 -0.075221 0.006227
v -0.006543 -0.072797 0.006447
v -0.007297 -0.077575 0.007240
v -0.006764 -0.075213 0.006679
v 0.007019 -0.077658 0.000854
v 0.006346 -0.072797 0.000776
v 0.006543 -0.075237 0.000799
v 0.006983 -0.072797 0.001400
v 0.006983 -0.072797 0.001400
v 0.007630 -0.077639 0.001509
v 0.007630 -0.077639 0.001509
v 0.007172 -0.075231 0.001432
v 0.007172 -0.075231 0.001432
v 0.006796 -0.072797 0.000959
v 0.007475 -0.077644 0.001036
v 0.006995 -0.075233 0.000981
v 0.007699 -0.077605 0.006769
v 0.007699 -0.077605 0.006769
v 0.006983 -0.072797 0.006002
v 0.006983 -0.072797 0.006002
v 0.007193 -0.075221 0.006227
v 0.007193 -0.075221 0.006227
v 0.006345 -0.072797 0.006631
v 0.007098 -0.077570 0.007429
v 0.006566 -0.075211 0.006865
v 0.006796 -0.072797 0.006447
v 0.007550 -0.077575 0.007240
v 0.007017 -0.075213 0.006679
v -0.010734 -0.087525 0.009885
v -0.010061 -0.086181 0.008941
v -0.010061 -0.086181 0.008941
v -0.010061 -0.086181 0.008941
v 0.010986 -0.087525 0.009885
v -0.010734 -0.088889 0.002145
v 0.010986 -0.088889 0.002148
v -0.010061 -0.087522 0.002584
v -0.010061 -0.087522 0.002584
v -0.010061 -0.087522 0.002584
v 0.005935 0.104235 0.007372
v -0.011564 0.101147 0.007373
v -0.011565 0.101145 0.000003
v 0.005936 0.104233 0.000004
v 0.003265 -0.075245 0.000750
v 0.003590 -0.077685 0.000687
vt 0.133288 0.140641
vt 0.067385 0.199643
vt 0.277256 0.134353
vt 0.277757 0.194617
vt 0.067918 0.139714
vt 0.343205 0.134061
vt 0.343244 0.194230
vt 0.132251 0.200269
vt 0.035900 0.005999
vt 0.756660 0.993811
vt 0.841064 0.635587
vt 0.373913 0.006451
vt 0.784839 0.993811
vt 0.879852 0.634437
vt 0.209033 0.951949
vt 0.823062 0.990819
vt 0.844881 0.624180
vt 0.211069 0.953908
vt 0.842247 0.623205
vt 0.199033 0.960335
vt 0.794839 0.990819
vt 0.870522 0.624437
vt 0.196980 0.962346
vt 0.873179 0.623384
vt 0.005000 0.966113
vt 0.756660 0.005000
vt 0.869870 0.005058
vt 0.006928 0.967473
vt 0.872154 0.005578
vt 0.348198 0.730724
vt 0.353824 0.730753
vt 0.784839 0.236999
vt 0.351038 0.730744
vt 0.479294 0.719893
vt 0.923737 0.881630
vt 0.066063 0.737710
vt 0.492866 0.655332
vt 0.913582 0.881421
vt 0.342693 0.730531
vt 0.055507 0.737948
vt 0.756660 0.236999
vt 0.061084 0.737920
vt 0.058267 0.737939
vt 0.479302 0.655332
vt 0.131538 0.736824
vt 0.951823 0.005000
vt 0.136489 0.737068
vt 0.142112 0.737070
vt 0.794839 0.761756
vt 0.139348 0.737072
vt 0.268365 0.730897
vt 0.823062 0.761756
vt 0.273958 0.730925
vt 0.271117 0.730913
vt 0.348255 0.225877
vt 0.353824 0.225832
vt 0.784839 0.771337
vt 0.351062 0.225849
vt 0.056599 0.231840
vt 0.756660 0.771337
vt 0.062211 0.231910
vt 0.059379 0.231868
vt 0.136540 0.231763
vt 0.142112 0.231779
vt 0.794839 0.227459
vt 0.139364 0.231767
vt 0.267396 0.226451
vt 0.823062 0.227459
vt 0.273008 0.226470
vt 0.270168 0.226455
vt 0.913579 0.404446
vt 0.448716 0.655332
vt 0.343272 0.226077
vt 0.465725 0.719918
vt 0.131610 0.231879
vt 0.951816 0.482192
vt 0.465756 0.655332
vt 0.923738 0.404446
vt 0.067740 0.232128
vt 0.462309 0.655599
vt 0.679610 0.005595
vt 0.927630 0.404794
vt 0.679607 0.523993
vt 0.475832 0.719623
vt 0.927576 0.881249
vt 0.462268 0.719648
vt 0.746587 0.005584
vt 0.955636 0.481822
vt 0.746035 0.523985
vt 0.475858 0.655598
vt 0.955734 0.005357
vt 0.492839 0.719766
vt 0.278856 0.730812
vt 0.937771 0.881427
vt 0.277989 0.226620
vt 0.448712 0.720024
vt 0.937768 0.404446
vt 0.669460 0.005504
vt 0.909737 0.404785
vt 0.452175 0.655601
vt 0.669457 0.523902
vt 0.489419 0.655598
vt 0.909691 0.881073
vt 0.603032 0.005511
vt 0.452197 0.719750
vt 0.941680 0.404791
vt 0.602480 0.523912
vt 0.489418 0.719497
vt 0.941593 0.881085
vt 0.273191 0.194636
vt 0.267358 0.194656
vt 0.823062 0.196117
vt 0.270245 0.194646
vt 0.266967 0.134460
vt 0.823062 0.137073
vt 0.272793 0.134398
vt 0.269849 0.134429
vt 0.137707 0.140715
vt 0.143469 0.140813
vt 0.794839 0.137073
vt 0.140622 0.140764
vt 0.142509 0.200411
vt 0.794839 0.196117
vt 0.136763 0.200332
vt 0.139670 0.200371
vt 0.062755 0.199616
vt 0.056937 0.199555
vt 0.756660 0.802682
vt 0.059822 0.199587
vt 0.057692 0.139590
vt 0.756660 0.861730
vt 0.063453 0.139660
vt 0.060546 0.139625
vt 0.353618 0.194179
vt 0.784839 0.802682
vt 0.347831 0.194208
vt 0.350745 0.194193
vt 0.347694 0.134068
vt 0.353481 0.134080
vt 0.784839 0.861730
vt 0.350604 0.134074
vt 0.402813 0.959814
vt 0.784839 0.005000
vt 0.844096 0.005000
vt 0.400499 0.961257
vt 0.841422 0.005476
vt 0.275139 0.819208
vt 0.278427 0.766815
vt 0.277099 0.793216
vt 0.342823 0.767433
vt 0.341001 0.813450
vt 0.342378 0.794074
vt 0.131530 0.773409
vt 0.134300 0.826346
vt 0.132606 0.800125
vt 0.068173 0.819950
vt 0.066513 0.773952
vt 0.066929 0.800545
vt 0.261925 0.819704
vt 0.823062 0.850204
vt 0.267760 0.766570
vt 0.823062 0.797370
vt 0.265685 0.792795
vt 0.823062 0.823446
vt 0.273586 0.766732
vt 0.267785 0.819804
vt 0.271544 0.793103
vt 0.264801 0.819965
vt 0.270614 0.766674
vt 0.268548 0.793014
vt 0.141700 0.827031
vt 0.136439 0.773372
vt 0.138218 0.800069
vt 0.142333 0.773273
vt 0.794839 0.797370
vt 0.147594 0.827002
vt 0.794839 0.850204
vt 0.144130 0.799826
vt 0.794839 0.823446
vt 0.144701 0.827228
vt 0.139448 0.773345
vt 0.141243 0.800013
vt 0.350375 0.812589
vt 0.347811 0.767445
vt 0.348791 0.794152
vt 0.353697 0.767429
vt 0.784839 0.201383
vt 0.356171 0.811992
vt 0.784839 0.157634
vt 0.354657 0.794061
vt 0.784839 0.175305
vt 0.353296 0.812302
vt 0.350795 0.767453
vt 0.351767 0.794161
vt 0.053015 0.818355
vt 0.756660 0.157634
vt 0.055759 0.773973
vt 0.756660 0.201383
vt 0.054682 0.800460
vt 0.756660 0.175305
vt 0.061572 0.773983
vt 0.058798 0.819005
vt 0.060523 0.800586
vt 0.055880 0.818691
vt 0.058622 0.773996
vt 0.057556 0.800577
vt 0.248822 0.906917
vt 0.271501 0.848703
vt 0.262123 0.877443
vt 0.276517 0.901492
vt 0.341054 0.837547
vt 0.355861 0.889088
vt 0.346563 0.862996
vt 0.331883 0.893338
vt 0.137731 0.855995
vt 0.146693 0.885047
vt 0.067710 0.842777
vt 0.062092 0.869561
vt 0.304281 0.897318
vt 0.260401 0.850686
vt 0.238512 0.908485
vt 0.251285 0.879481
vt 0.233174 0.907505
vt 0.823062 0.941087
vt 0.254259 0.851126
vt 0.823062 0.881916
vt 0.245371 0.879327
vt 0.823062 0.910878
vt 0.235845 0.908340
vt 0.257198 0.851294
vt 0.248233 0.879813
vt 0.170013 0.916471
vt 0.148756 0.858185
vt 0.157550 0.887219
vt 0.154917 0.858705
vt 0.794839 0.881916
vt 0.175488 0.915528
vt 0.794839 0.941087
vt 0.163520 0.887128
vt 0.794839 0.910878
vt 0.172762 0.916359
vt 0.151966 0.858836
vt 0.160631 0.887591
vt 0.367585 0.887054
vt 0.353299 0.834098
vt 0.359154 0.860922
vt 0.359054 0.833054
vt 0.784839 0.136762
vt 0.373081 0.885792
vt 0.784839 0.083193
vt 0.364841 0.859745
vt 0.784839 0.110015
vt 0.356224 0.833566
vt 0.370321 0.886564
vt 0.362028 0.860411
vt 0.035293 0.892131
vt 0.756660 0.083193
vt 0.049910 0.839410
vt 0.756660 0.136762
vt 0.043834 0.866103
vt 0.756660 0.110015
vt 0.055656 0.840514
vt 0.040732 0.893438
vt 0.049500 0.867338
vt 0.052733 0.839951
vt 0.038023 0.892922
vt 0.046634 0.866796
vt 0.304343 0.870219
vt 0.104393 0.877304
vt 0.159684 0.914798
vt 0.131942 0.909018
vt 0.052471 0.895618
vt 0.076472 0.900167
vt 0.104121 0.904491
vt 0.840851 0.019304
vt 0.873860 0.610353
vt 0.869751 0.019237
vt 0.843323 0.019228
vt 0.845035 0.610452
vt 0.871138 0.610614
vt 0.872962 0.019318
vt 0.871931 0.032803
vt 0.843264 0.597659
vt 0.842664 0.032817
vt 0.841988 0.610211
vt 0.872736 0.597696
vt 0.554398 0.243514
vt 0.835399 0.137386
vt 0.573897 0.255478
vt 0.835500 0.160096
vt 0.576980 0.282964
vt 0.835472 0.206978
vt 0.586647 0.266758
vt 0.835632 0.176929
vt 0.584661 0.397881
vt 0.836217 0.487044
vt 0.533370 0.234494
vt 0.835348 0.114641
vt 0.466134 0.230214
vt 0.835246 0.046637
vt 0.511281 0.228515
vt 0.835346 0.091885
vt 0.503547 0.287228
vt 0.834685 0.281600
vt 0.494781 0.300181
vt 0.834981 0.297846
vt 0.579143 0.380788
vt 0.835931 0.457304
vt 0.513930 0.284232
vt 0.834903 0.270299
vt 0.834958 0.387196
vt 0.509592 0.379445
vt 0.497682 0.369956
vt 0.835053 0.371071
vt 0.495486 0.437981
vt 0.836106 0.585692
vt 0.553782 0.420193
vt 0.836116 0.524866
vt 0.535101 0.428633
vt 0.836111 0.545189
vt 0.571231 0.409486
vt 0.836158 0.504593
vt 0.460726 0.431664
vt 0.742877 0.534497
vt 0.835008 0.621318
vt 0.431928 0.401079
vt 0.742877 0.575557
vt 0.419400 0.375600
vt 0.742877 0.603023
vt 0.591066 0.272730
vt 0.835747 0.184315
vt 0.590853 0.280610
vt 0.835863 0.192889
vt 0.585374 0.282489
vt 0.835673 0.198636
vt 0.592407 0.385837
vt 0.836437 0.472718
vt 0.589576 0.391914
vt 0.836297 0.479347
vt 0.591695 0.388316
vt 0.836367 0.475258
vt 0.417592 0.291606
vt 0.742877 0.685209
vt 0.836129 0.464525
vt 0.586353 0.381490
vt 0.836308 0.468151
vt 0.589921 0.382314
vt 0.413436 0.319646
vt 0.742877 0.657798
vt 0.413392 0.348008
vt 0.742877 0.630362
vt 0.433651 0.252495
vt 0.742877 0.726410
vt 0.833062 0.006555
vt 0.835836 0.187691
vt 0.592400 0.275900
vt 0.588328 0.281824
vt 0.835763 0.195648
vt 0.491428 0.309917
vt 0.835116 0.308257
vt 0.426339 0.264192
vt 0.742877 0.713054
vt 0.421201 0.277672
vt 0.742877 0.699118
vt 0.488838 0.319909
vt 0.835155 0.318682
vt 0.415049 0.305572
vt 0.742877 0.671486
vt 0.487717 0.330164
vt 0.835171 0.329122
vt 0.412813 0.333830
vt 0.742877 0.644076
vt 0.488225 0.340477
vt 0.835193 0.339582
vt 0.415508 0.362004
vt 0.742877 0.616686
vt 0.835218 0.350030
vt 0.490344 0.350577
vt 0.424975 0.388628
vt 0.742877 0.589333
vt 0.493508 0.360363
vt 0.835200 0.360428
vt 0.440179 0.412990
vt 0.742877 0.561552
vt 0.449881 0.423713
vt 0.742877 0.547562
vt 0.499789 0.290829
vt 0.834751 0.286976
vt 0.453541 0.235456
vt 0.835026 0.033015
vt 0.442832 0.242833
vt 0.834499 0.019940
vt 0.500785 0.374240
vt 0.834976 0.376482
vt 0.834911 0.381887
vt 0.504779 0.377649
vt 0.472029 0.436152
vt 0.835817 0.609170
vt 0.483614 0.438179
vt 0.836048 0.597480
vt 0.488573 0.226590
vt 0.835359 0.069210
vt 0.508448 0.284804
vt 0.834720 0.275939
vt 0.835137 0.392619
vt 0.514869 0.379788
vt 0.515564 0.434693
vt 0.836122 0.565477
vt 0.591811 0.383657
vt 0.836418 0.470466
vt 0.592407 0.278598
vt 0.835899 0.190365
vt 0.554398 0.199665
vt 0.878583 0.137310
vt 0.573897 0.187701
vt 0.878558 0.160019
vt 0.576980 0.160215
vt 0.878812 0.206907
vt 0.586647 0.176420
vt 0.878483 0.176845
vt 0.584661 0.045297
vt 0.879033 0.487009
vt 0.533370 0.208685
vt 0.878556 0.114562
vt 0.466134 0.212965
vt 0.878391 0.046577
vt 0.511281 0.214664
vt 0.878473 0.091803
vt 0.503547 0.155951
vt 0.879774 0.281551
vt 0.494781 0.142998
vt 0.879507 0.297754
vt 0.879191 0.457238
vt 0.579143 0.062391
vt 0.513930 0.158947
vt 0.879567 0.270245
vt 0.879949 0.387135
vt 0.509592 0.063734
vt 0.497682 0.073223
vt 0.879853 0.370988
vt 0.495486 0.005198
vt 0.879265 0.585688
vt 0.553782 0.022986
vt 0.879177 0.524836
vt 0.535101 0.014545
vt 0.879208 0.545161
vt 0.571231 0.033693
vt 0.879110 0.504565
vt 0.460726 0.011515
vt 0.415056 0.655332
vt 0.880494 0.621477
vt 0.431928 0.042100
vt 0.415056 0.695949
vt 0.419400 0.067579
vt 0.415056 0.723192
vt 0.591066 0.170449
vt 0.878399 0.184220
vt 0.590853 0.162569
vt 0.878365 0.192800
vt 0.585374 0.160690
vt 0.878588 0.198558
vt 0.592407 0.057342
vt 0.878778 0.472655
vt 0.589576 0.051265
vt 0.878942 0.479298
vt 0.591695 0.054863
vt 0.878865 0.475198
vt 0.417593 0.151573
vt 0.415056 0.804710
vt 0.879013 0.464451
vt 0.586353 0.061689
vt 0.878852 0.468079
vt 0.589921 0.060865
vt 0.413436 0.123533
vt 0.415056 0.777521
vt 0.413392 0.095171
vt 0.415056 0.750308
vt 0.415056 0.845454
vt 0.880494 0.006601
vt 0.433651 0.190684
vt 0.878333 0.187596
vt 0.592400 0.167279
vt 0.588328 0.161355
vt 0.878486 0.195562
vt 0.491428 0.133262
vt 0.879437 0.308144
vt 0.426339 0.178987
vt 0.415056 0.832328
vt 0.421201 0.165507
vt 0.415056 0.818505
vt 0.488838 0.123270
vt 0.879459 0.318564
vt 0.415049 0.137606
vt 0.415056 0.791099
vt 0.487717 0.113015
vt 0.879496 0.328999
vt 0.412813 0.109348
vt 0.415056 0.763911
vt 0.488225 0.102702
vt 0.879537 0.339460
vt 0.415508 0.081175
vt 0.415056 0.736743
vt 0.879570 0.349911
vt 0.490344 0.092602
vt 0.424975 0.054551
vt 0.415056 0.709613
vt 0.493508 0.082816
vt 0.879653 0.360320
vt 0.440179 0.030189
vt 0.415056 0.682058
vt 0.449881 0.019466
vt 0.415056 0.668182
vt 0.499789 0.152350
vt 0.879705 0.286917
vt 0.453541 0.207722
vt 0.878566 0.033020
vt 0.442832 0.200346
vt 0.879040 0.019978
vt 0.879942 0.376415
vt 0.500785 0.068939
vt 0.880006 0.381828
vt 0.504779 0.065530
vt 0.472029 0.007026
vt 0.879578 0.609282
vt 0.483614 0.005000
vt 0.879340 0.597524
vt 0.488573 0.216589
vt 0.878366 0.069132
vt 0.508448 0.158375
vt 0.879750 0.275886
vt 0.879777 0.392556
vt 0.514869 0.063391
vt 0.515564 0.008486
vt 0.879224 0.565454
vt 0.591811 0.059522
vt 0.878769 0.470401
vt 0.592407 0.164581
vt 0.878298 0.190277
vt 0.215044 0.957141
vt 0.745117 0.534497
vt 0.837375 0.622210
vt 0.224770 0.948047
vt 0.745117 0.547562
vt 0.263704 0.928943
vt 0.745117 0.589333
vt 0.385528 0.954706
vt 0.745117 0.713054
vt 0.346763 0.934733
vt 0.745117 0.671486
vt 0.305517 0.924918
vt 0.745117 0.630362
vt 0.396869 0.963745
vt 0.837074 0.006187
vt 0.395426 0.964022
vt 0.745117 0.726410
vt 0.835685 0.005567
vt 0.237031 0.939814
vt 0.745117 0.561552
vt 0.250279 0.933631
vt 0.745117 0.575557
vt 0.277458 0.925773
vt 0.745117 0.603023
vt 0.291455 0.924405
vt 0.745117 0.616686
vt 0.319492 0.927037
vt 0.745117 0.644076
vt 0.333260 0.930391
vt 0.745117 0.657798
vt 0.360015 0.940040
vt 0.745117 0.685209
vt 0.373106 0.946495
vt 0.745117 0.699118
vt 0.838028 0.609354
vt 0.836724 0.019706
vt 0.193960 0.965421
vt 0.877158 0.621799
vt 0.192358 0.965405
vt 0.412813 0.655332
vt 0.878452 0.622786
vt 0.010502 0.970150
vt 0.876558 0.006399
vt 0.012419 0.970025
vt 0.412813 0.845454
vt 0.878092 0.005160
vt 0.183496 0.956019
vt 0.412813 0.668182
vt 0.144472 0.936738
vt 0.412813 0.709613
vt 0.021868 0.960932
vt 0.412813 0.832328
vt 0.061046 0.941507
vt 0.412813 0.791099
vt 0.102542 0.932177
vt 0.412813 0.750308
vt 0.171084 0.947902
vt 0.412813 0.682058
vt 0.157890 0.941596
vt 0.412813 0.695949
vt 0.130700 0.933387
vt 0.412813 0.723192
vt 0.116663 0.931840
vt 0.412813 0.736743
vt 0.088492 0.934128
vt 0.412813 0.763911
vt 0.074639 0.937321
vt 0.412813 0.777521
vt 0.047695 0.946662
vt 0.412813 0.804710
vt 0.034498 0.952952
vt 0.412813 0.818505
vt 0.877355 0.609480
vt 0.876827 0.019767
vt 0.425056 0.744913
vt 0.552556 0.821627
vt 0.075611 0.034961
vt 0.426795 0.744913
vt 0.425654 0.704561
vt 0.425654 0.704561
vt 0.120094 0.038528
vt 0.426795 0.704561
vt 0.425056 0.704561
vt 0.552556 0.456530
vt 0.425654 0.712632
vt 0.425654 0.712632
vt 0.425056 0.712632
vt 0.552556 0.855576
vt 0.552556 0.448179
vt 0.111164 0.040138
vt 0.426795 0.712632
vt 0.425654 0.786071
vt 0.833583 0.635012
vt 0.425654 0.786071
vt 0.833583 0.635012
vt 0.039300 0.005000
vt 0.426795 0.786071
vt 0.837518 0.635313
vt 0.425654 0.769107
vt 0.425654 0.769107
vt 0.053133 0.019792
vt 0.426795 0.769107
vt 0.425056 0.769107
vt 0.552556 0.796029
vt 0.425654 0.776804
vt 0.425654 0.776804
vt 0.047483 0.014328
vt 0.426795 0.776804
vt 0.425056 0.776804
vt 0.552556 0.787677
vt 0.425654 0.696492
vt 0.425654 0.696492
vt 0.128749 0.035785
vt 0.426795 0.696492
vt 0.425056 0.696492
vt 0.552556 0.465101
vt 0.425654 0.655332
vt 0.833582 0.927984
vt 0.425654 0.655332
vt 0.833582 0.927984
vt 0.425056 0.655332
vt 0.552556 0.507507
vt 0.833062 0.927973
vt 0.165824 0.006928
vt 0.426795 0.655332
vt 0.837364 0.927700
vt 0.425654 0.664793
vt 0.425654 0.664793
vt 0.157266 0.016777
vt 0.426795 0.664793
vt 0.425056 0.664793
vt 0.552556 0.499050
vt 0.425654 0.680361
vt 0.425654 0.680361
vt 0.425056 0.680361
vt 0.552556 0.482128
vt 0.144669 0.027109
vt 0.426795 0.680361
vt 0.425654 0.736844
vt 0.425654 0.736844
vt 0.084181 0.037972
vt 0.426795 0.736844
vt 0.425056 0.736844
vt 0.552556 0.829978
vt 0.425654 0.728774
vt 0.425654 0.728774
vt 0.425056 0.728774
vt 0.552556 0.838549
vt 0.093060 0.039857
vt 0.426795 0.728774
vt 0.425654 0.752980
vt 0.425654 0.752980
vt 0.067491 0.030878
vt 0.426795 0.752980
vt 0.425056 0.752980
vt 0.552556 0.813056
vt 0.425654 0.761045
vt 0.425654 0.761045
vt 0.059958 0.025793
vt 0.426795 0.761045
vt 0.425056 0.761045
vt 0.552556 0.804599
vt 0.425654 0.688425
vt 0.425654 0.688425
vt 0.136987 0.031956
vt 0.426795 0.688425
vt 0.425056 0.688425
vt 0.552556 0.473558
vt 0.833839 0.863900
vt 0.833839 0.863900
vt 0.886947 0.863905
vt 0.886952 0.662506
vt 0.833802 0.662518
vt 0.833802 0.662518
vt 0.833766 0.918808
vt 0.833766 0.918808
vt 0.886971 0.918818
vt 0.886971 0.918818
vt 0.886962 0.689977
vt 0.833811 0.689989
vt 0.833811 0.689989
vt 0.833845 0.781536
vt 0.833845 0.781536
vt 0.886973 0.781541
vt 0.833817 0.699151
vt 0.833817 0.699151
vt 0.886958 0.699134
vt 0.833841 0.827293
vt 0.833841 0.827293
vt 0.886951 0.827306
vt 0.833836 0.873046
vt 0.833836 0.873046
vt 0.886951 0.873058
vt 0.833835 0.735766
vt 0.833835 0.735766
vt 0.886961 0.735758
vt 0.833841 0.790690
vt 0.833841 0.790690
vt 0.886971 0.790697
vt 0.833838 0.763230
vt 0.833838 0.763230
vt 0.886974 0.763222
vt 0.833823 0.891344
vt 0.833823 0.891344
vt 0.886950 0.891368
vt 0.833765 0.644202
vt 0.833765 0.644202
vt 0.886987 0.644210
vt 0.886987 0.644210
vt 0.833794 0.909648
vt 0.833794 0.909648
vt 0.886952 0.909669
vt 0.833835 0.744917
vt 0.833835 0.744917
vt 0.886966 0.744907
vt 0.833846 0.808995
vt 0.833846 0.808995
vt 0.886959 0.809007
vt 0.833809 0.680827
vt 0.833809 0.680827
vt 0.886958 0.680815
vt 0.833836 0.754075
vt 0.833836 0.754075
vt 0.886973 0.754063
vt 0.833831 0.882194
vt 0.833831 0.882194
vt 0.886947 0.882212
vt 0.833838 0.836448
vt 0.833838 0.836448
vt 0.886948 0.836452
vt 0.833833 0.726613
vt 0.833833 0.726613
vt 0.886967 0.726607
vt 0.833839 0.854751
vt 0.833839 0.854751
vt 0.886949 0.854752
vt 0.833824 0.708308
vt 0.833824 0.708308
vt 0.886962 0.708286
vt 0.833829 0.717460
vt 0.833829 0.717460
vt 0.886966 0.717447
vt 0.833811 0.900492
vt 0.833811 0.900492
vt 0.886947 0.900521
vt 0.833842 0.772384
vt 0.833842 0.772384
vt 0.886972 0.772381
vt 0.833839 0.845600
vt 0.833839 0.845600
vt 0.886948 0.845601
vt 0.833844 0.818142
vt 0.833844 0.818142
vt 0.886956 0.818159
vt 0.833786 0.653365
vt 0.833786 0.653365
vt 0.886959 0.653360
vt 0.833808 0.671670
vt 0.833808 0.671670
vt 0.886954 0.671658
vt 0.833846 0.799845
vt 0.833846 0.799845
vt 0.886968 0.799854
vt 0.483524 0.468516
vt 0.895738 0.313072
vt 0.486373 0.469992
vt 0.895738 0.309818
vt 0.476947 0.456558
vt 0.890494 0.325806
vt 0.473350 0.455346
vt 0.890494 0.329538
vt 0.460855 0.460999
vt 0.895738 0.342272
vt 0.457668 0.460479
vt 0.895738 0.345526
vt 0.447666 0.451090
vt 0.890494 0.358260
vt 0.890494 0.361992
vt 0.443898 0.451022
vt 0.895738 0.374726
vt 0.433978 0.460073
vt 0.430856 0.460553
vt 0.895738 0.377979
vt 0.418712 0.454870
vt 0.890494 0.390713
vt 0.412813 0.637438
vt 0.415178 0.455965
vt 0.890494 0.394446
vt 0.890494 0.005000
vt 0.425346 0.632009
vt 0.895738 0.017734
vt 0.895738 0.020987
vt 0.428552 0.632596
vt 0.890494 0.033722
vt 0.438519 0.642257
vt 0.442379 0.642360
vt 0.890494 0.037454
vt 0.452845 0.633133
vt 0.895738 0.050188
vt 0.895738 0.053441
vt 0.456095 0.632701
vt 0.890494 0.066175
vt 0.468593 0.638807
vt 0.472303 0.637703
vt 0.890494 0.069908
vt 0.479406 0.625651
vt 0.895738 0.082642
vt 0.482371 0.624227
vt 0.895738 0.085895
vt 0.496212 0.626171
vt 0.890494 0.098629
vt 0.499408 0.623898
vt 0.890494 0.102361
vt 0.502485 0.609950
vt 0.895738 0.115096
vt 0.504914 0.607625
vt 0.895738 0.118349
vt 0.518959 0.605132
vt 0.890494 0.131083
vt 0.521359 0.602032
vt 0.890494 0.134815
vt 0.519979 0.588131
vt 0.895738 0.147550
vt 0.521520 0.585229
vt 0.895738 0.150803
vt 0.533812 0.578630
vt 0.890494 0.163537
vt 0.890494 0.167269
vt 0.535099 0.575022
vt 0.895738 0.180003
vt 0.529601 0.562516
vt 0.530160 0.559354
vt 0.895738 0.183256
vt 0.539580 0.549481
vt 0.890494 0.195991
vt 0.890494 0.199723
vt 0.539596 0.545653
vt 0.530281 0.535283
vt 0.895738 0.212457
vt 0.529803 0.532030
vt 0.895738 0.215710
vt 0.535832 0.519423
vt 0.890494 0.228444
vt 0.534736 0.515744
vt 0.890494 0.232177
vt 0.522889 0.508905
vt 0.895738 0.244911
vt 0.895738 0.248164
vt 0.521459 0.506020
vt 0.890494 0.260898
vt 0.523242 0.492443
vt 0.521044 0.489357
vt 0.890494 0.264630
vt 0.507720 0.486533
vt 0.895738 0.277365
vt 0.505467 0.484242
vt 0.895738 0.280618
vt 0.502955 0.470794
vt 0.890494 0.293352
vt 0.499910 0.468542
vt 0.890494 0.297084
vt 0.662086 0.554430
vt 0.936498 0.313072
vt 0.659243 0.555897
vt 0.936498 0.309819
vt 0.668704 0.542590
vt 0.941742 0.325806
vt 0.672289 0.541411
vt 0.941742 0.329538
vt 0.684669 0.547113
vt 0.936498 0.342272
vt 0.687831 0.546599
vt 0.936498 0.345526
vt 0.697797 0.537352
vt 0.941742 0.358260
vt 0.941742 0.361992
vt 0.701560 0.537359
vt 0.936498 0.374726
vt 0.711511 0.546531
vt 0.714657 0.547025
vt 0.936498 0.377979
vt 0.726923 0.541370
vt 0.941742 0.390714
vt 0.730479 0.542498
vt 0.732877 0.721559
vt 0.941742 0.394446
vt 0.941742 0.005000
vt 0.719844 0.715830
vt 0.936498 0.017734
vt 0.936498 0.020987
vt 0.716508 0.716437
vt 0.941742 0.033721
vt 0.706105 0.726449
vt 0.702107 0.726513
vt 0.941742 0.037454
vt 0.691369 0.716961
vt 0.936498 0.050188
vt 0.936498 0.053441
vt 0.688021 0.716502
vt 0.941742 0.066175
vt 0.675113 0.722725
vt 0.671338 0.721611
vt 0.941742 0.069908
vt 0.664294 0.709482
vt 0.936498 0.082642
vt 0.661332 0.708024
vt 0.936498 0.085895
vt 0.647417 0.709888
vt 0.941742 0.098629
vt 0.644246 0.707644
vt 0.941742 0.102361
vt 0.641319 0.693995
vt 0.936498 0.115096
vt 0.638965 0.691698
vt 0.936498 0.118349
vt 0.625228 0.689152
vt 0.941742 0.131083
vt 0.622901 0.686102
vt 0.941742 0.134815
vt 0.624344 0.672508
vt 0.936498 0.147549
vt 0.622854 0.669656
vt 0.936498 0.150802
vt 0.610837 0.663112
vt 0.941742 0.163537
vt 0.941742 0.167269
vt 0.609636 0.659521
vt 0.936498 0.180003
vt 0.615192 0.647096
vt 0.614668 0.643930
vt 0.936498 0.183256
vt 0.605312 0.634005
vt 0.941742 0.195991
vt 0.941742 0.199723
vt 0.605236 0.630259
vt 0.614213 0.620361
vt 0.936498 0.212457
vt 0.614674 0.617255
vt 0.936498 0.215710
vt 0.608995 0.605177
vt 0.941742 0.228444
vt 0.610166 0.601620
vt 0.941742 0.232177
vt 0.622018 0.594882
vt 0.936498 0.244911
vt 0.936498 0.248164
vt 0.623449 0.592009
vt 0.941742 0.260898
vt 0.621773 0.578479
vt 0.624039 0.575398
vt 0.941742 0.264630
vt 0.637686 0.572619
vt 0.936498 0.277365
vt 0.639992 0.570287
vt 0.936498 0.280618
vt 0.642644 0.556633
vt 0.941742 0.293352
vt 0.645704 0.554342
vt 0.941742 0.297084
vt 0.582141 0.533000
vt 0.486952 0.457400
vt 0.581062 0.533000
vt 0.493517 0.460836
vt 0.581062 0.541457
vt 0.582141 0.541457
vt 0.582141 0.524429
vt 0.479451 0.454358
vt 0.581062 0.524429
vt 0.472667 0.452079
vt 0.581062 0.516077
vt 0.582141 0.516077
vt 0.582141 0.507507
vt 0.464821 0.450023
vt 0.581062 0.507507
vt 0.457472 0.448786
vt 0.581062 0.499050
vt 0.582141 0.499050
vt 0.582141 0.490479
vt 0.449363 0.448215
vt 0.581062 0.490479
vt 0.442261 0.448179
vt 0.581062 0.482128
vt 0.582141 0.482128
vt 0.582141 0.473558
vt 0.434316 0.448649
vt 0.581062 0.473558
vt 0.427112 0.449752
vt 0.581062 0.465101
vt 0.582141 0.465101
vt 0.582141 0.456530
vt 0.419413 0.451687
vt 0.581062 0.456530
vt 0.412813 0.453817
vt 0.413351 0.640676
vt 0.581062 0.855574
vt 0.581062 0.448179
vt 0.582141 0.855574
vt 0.582141 0.448179
vt 0.582141 0.847003
vt 0.421120 0.643069
vt 0.581062 0.847003
vt 0.428544 0.644432
vt 0.581062 0.838546
vt 0.582141 0.838546
vt 0.582141 0.829976
vt 0.436744 0.645145
vt 0.581062 0.829976
vt 0.444018 0.645332
vt 0.581062 0.821624
vt 0.582141 0.821624
vt 0.582141 0.813054
vt 0.452261 0.644982
vt 0.581062 0.813054
vt 0.459762 0.643987
vt 0.581062 0.804597
vt 0.582141 0.804597
vt 0.582141 0.796027
vt 0.467800 0.642112
vt 0.581062 0.796027
vt 0.474791 0.640024
vt 0.581062 0.787675
vt 0.582141 0.787675
vt 0.582141 0.779105
vt 0.482538 0.637124
vt 0.581062 0.779105
vt 0.489376 0.633840
vt 0.581062 0.770648
vt 0.582141 0.770648
vt 0.582141 0.762077
vt 0.496476 0.629575
vt 0.581062 0.762077
vt 0.502556 0.625370
vt 0.581062 0.753726
vt 0.582141 0.753726
vt 0.582141 0.745155
vt 0.509184 0.620117
vt 0.581062 0.745155
vt 0.514788 0.614744
vt 0.581062 0.736698
vt 0.582141 0.736698
vt 0.582141 0.728127
vt 0.520302 0.608335
vt 0.581062 0.728127
vt 0.524749 0.602434
vt 0.581062 0.719776
vt 0.582141 0.719776
vt 0.582141 0.711205
vt 0.529296 0.595517
vt 0.581062 0.711205
vt 0.532856 0.588822
vt 0.581062 0.702748
vt 0.582141 0.702748
vt 0.582141 0.694178
vt 0.536032 0.581197
vt 0.581062 0.694178
vt 0.538368 0.574366
vt 0.581062 0.685826
vt 0.582141 0.685826
vt 0.582141 0.677255
vt 0.540488 0.566560
vt 0.581062 0.677256
vt 0.541772 0.559268
vt 0.581062 0.668798
vt 0.582141 0.668798
vt 0.582141 0.660228
vt 0.542431 0.551210
vt 0.581062 0.660228
vt 0.542556 0.543994
vt 0.581062 0.651876
vt 0.582141 0.651876
vt 0.582141 0.643306
vt 0.542165 0.535748
vt 0.581062 0.643306
vt 0.541095 0.528231
vt 0.581062 0.634849
vt 0.582141 0.634849
vt 0.582141 0.626278
vt 0.539148 0.520184
vt 0.581062 0.626278
vt 0.536991 0.513277
vt 0.581062 0.617927
vt 0.582141 0.617927
vt 0.582141 0.609356
vt 0.534083 0.505709
vt 0.581062 0.609356
vt 0.530787 0.499056
vt 0.581062 0.600899
vt 0.582141 0.600899
vt 0.582141 0.592328
vt 0.526559 0.492151
vt 0.581062 0.592328
vt 0.522424 0.486330
vt 0.581062 0.583977
vt 0.582141 0.583977
vt 0.582141 0.575406
vt 0.517354 0.480042
vt 0.581062 0.575406
vt 0.512176 0.474738
vt 0.581062 0.566949
vt 0.582141 0.566949
vt 0.582141 0.558379
vt 0.506016 0.469488
vt 0.581062 0.558379
vt 0.582141 0.550027
vt 0.500282 0.465238
vt 0.581062 0.550027
vt 0.563900 0.533000
vt 0.658756 0.543350
vt 0.563900 0.541457
vt 0.652183 0.546708
vt 0.563900 0.524429
vt 0.666232 0.540385
vt 0.563900 0.516078
vt 0.672990 0.538170
vt 0.563900 0.507507
vt 0.680808 0.536186
vt 0.563900 0.499050
vt 0.688105 0.535035
vt 0.563900 0.490480
vt 0.696127 0.534497
vt 0.563900 0.482128
vt 0.703220 0.534503
vt 0.563900 0.473558
vt 0.711228 0.535001
vt 0.563900 0.465101
vt 0.718488 0.536152
vt 0.726237 0.538156
vt 0.563900 0.456530
vt 0.563900 0.855576
vt 0.563900 0.448179
vt 0.732295 0.724930
vt 0.732877 0.540347
vt 0.563900 0.847006
vt 0.724182 0.727369
vt 0.563900 0.838549
vt 0.716443 0.728729
vt 0.563900 0.829978
vt 0.707932 0.729451
vt 0.563900 0.821627
vt 0.700397 0.729578
vt 0.563900 0.813056
vt 0.691880 0.729201
vt 0.563900 0.804599
vt 0.684154 0.728100
vt 0.563900 0.796029
vt 0.675902 0.726122
vt 0.563900 0.787677
vt 0.668815 0.723930
vt 0.563900 0.779107
vt 0.661048 0.720969
vt 0.563900 0.770650
vt 0.654217 0.717607
vt 0.563900 0.762079
vt 0.647126 0.713291
vt 0.563900 0.753727
vt 0.641146 0.709066
vt 0.563900 0.745157
vt 0.634683 0.703885
vt 0.563900 0.736700
vt 0.629247 0.698583
vt 0.563900 0.728129
vt 0.623893 0.692277
vt 0.563900 0.719778
vt 0.619581 0.686473
vt 0.563900 0.711207
vt 0.615178 0.679673
vt 0.563900 0.702750
vt 0.611741 0.673097
vt 0.563900 0.694179
vt 0.608650 0.665620
vt 0.563900 0.685828
vt 0.606379 0.658855
vt 0.563900 0.677257
vt 0.604281 0.651062
vt 0.563900 0.668800
vt 0.603040 0.643758
vt 0.563900 0.660229
vt 0.602457 0.635698
vt 0.563900 0.651878
vt 0.602407 0.628637
vt 0.602860 0.620739
vt 0.563900 0.643307
vt 0.563900 0.634850
vt 0.603928 0.613577
vt 0.563900 0.626279
vt 0.605815 0.605897
vt 0.607935 0.599164
vt 0.563900 0.617928
vt 0.563900 0.609357
vt 0.610858 0.591635
vt 0.563900 0.600900
vt 0.614189 0.585021
vt 0.563900 0.592329
vt 0.618458 0.578167
vt 0.563900 0.583978
vt 0.622653 0.572307
vt 0.563900 0.575407
vt 0.627880 0.565927
vt 0.563900 0.566950
vt 0.633206 0.560548
vt 0.563900 0.558379
vt 0.639542 0.555273
vt 0.563900 0.550028
vt 0.645365 0.551031
vt 0.553708 0.541457
vt 0.552556 0.541457
vt 0.833184 0.891343
vt 0.552556 0.533000
vt 0.833171 0.900491
vt 0.553708 0.533000
vt 0.552556 0.524429
vt 0.833153 0.909647
vt 0.553708 0.524429
vt 0.552556 0.516078
vt 0.833126 0.918805
vt 0.553708 0.516078
vt 0.553708 0.507507
vt 0.553708 0.499050
vt 0.425056 0.672299
vt 0.552556 0.490480
vt 0.553708 0.490480
vt 0.553708 0.482128
vt 0.553708 0.473558
vt 0.553708 0.465101
vt 0.553708 0.456530
vt 0.553708 0.855576
vt 0.553708 0.448179
vt 0.425056 0.720703
vt 0.552556 0.847006
vt 0.553708 0.847006
vt 0.553708 0.838549
vt 0.553708 0.829978
vt 0.553708 0.821627
vt 0.553708 0.813056
vt 0.553708 0.804599
vt 0.553708 0.796029
vt 0.553708 0.787677
vt 0.425056 0.786071
vt 0.552556 0.779107
vt 0.833062 0.635032
vt 0.553708 0.779107
vt 0.552556 0.770650
vt 0.833124 0.644205
vt 0.553708 0.770650
vt 0.552556 0.762079
vt 0.833146 0.653366
vt 0.553708 0.762079
vt 0.552556 0.753727
vt 0.833162 0.662519
vt 0.553708 0.753728
vt 0.552556 0.745157
vt 0.833168 0.671670
vt 0.553708 0.745157
vt 0.552556 0.736700
vt 0.833169 0.680827
vt 0.553708 0.736700
vt 0.552556 0.728129
vt 0.833170 0.689990
vt 0.553708 0.728129
vt 0.552556 0.719778
vt 0.833176 0.699152
vt 0.553708 0.719778
vt 0.552556 0.711207
vt 0.833184 0.708309
vt 0.553708 0.711207
vt 0.552556 0.702750
vt 0.833190 0.717460
vt 0.553708 0.702750
vt 0.552556 0.694179
vt 0.833192 0.726613
vt 0.553708 0.694179
vt 0.552556 0.685828
vt 0.833196 0.735766
vt 0.553708 0.685828
vt 0.552556 0.677257
vt 0.833196 0.744917
vt 0.553708 0.677257
vt 0.552556 0.668800
vt 0.833196 0.754075
vt 0.553708 0.668800
vt 0.552556 0.660229
vt 0.833199 0.763230
vt 0.553708 0.660229
vt 0.552556 0.651878
vt 0.833201 0.772384
vt 0.553708 0.651878
vt 0.552556 0.643307
vt 0.833205 0.781536
vt 0.553708 0.643307
vt 0.552556 0.634850
vt 0.833201 0.790690
vt 0.553708 0.634850
vt 0.552556 0.626279
vt 0.833206 0.799845
vt 0.553708 0.626279
vt 0.552556 0.617928
vt 0.833206 0.808995
vt 0.553708 0.617928
vt 0.552556 0.609357
vt 0.833205 0.818141
vt 0.553708 0.609357
vt 0.552556 0.600900
vt 0.833200 0.827293
vt 0.553708 0.600900
vt 0.552556 0.592329
vt 0.833198 0.836448
vt 0.553708 0.592329
vt 0.552556 0.583978
vt 0.833199 0.845600
vt 0.553708 0.583978
vt 0.552556 0.575407
vt 0.833199 0.854751
vt 0.553708 0.575407
vt 0.552556 0.566950
vt 0.833199 0.863900
vt 0.553708 0.566950
vt 0.552556 0.558379
vt 0.833197 0.873045
vt 0.553708 0.558379
vt 0.552556 0.550028
vt 0.833191 0.882194
vt 0.553708 0.550028
vt 0.425654 0.744913
vt 0.425654 0.744913
vt 0.151672 0.021323
vt 0.426795 0.672299
vt 0.425654 0.672299
vt 0.425654 0.672299
vt 0.102103 0.040585
vt 0.426795 0.720703
vt 0.425654 0.720703
vt 0.425654 0.720703
vt 0.591254 0.541457
vt 0.592407 0.541457
vt 0.887590 0.891368
vt 0.592407 0.533000
vt 0.887587 0.900522
vt 0.591254 0.533000
vt 0.592407 0.524429
vt 0.887591 0.909668
vt 0.591254 0.524429
vt 0.591254 0.516077
vt 0.592407 0.516077
vt 0.887611 0.918815
vt 0.436795 0.784293
vt 0.592407 0.507507
vt 0.887668 0.927978
vt 0.591254 0.507507
vt 0.591254 0.499050
vt 0.436795 0.774971
vt 0.592407 0.499050
vt 0.436795 0.767653
vt 0.592407 0.490479
vt 0.591254 0.490479
vt 0.591254 0.482128
vt 0.436795 0.759685
vt 0.592407 0.482128
vt 0.436795 0.751715
vt 0.592407 0.473558
vt 0.591254 0.473558
vt 0.591254 0.465101
vt 0.436795 0.743743
vt 0.592407 0.465101
vt 0.436795 0.735770
vt 0.592407 0.456530
vt 0.591254 0.456530
vt 0.591254 0.855574
vt 0.591254 0.448179
vt 0.436795 0.727796
vt 0.592407 0.855574
vt 0.592407 0.448179
vt 0.436795 0.719822
vt 0.592407 0.847003
vt 0.591254 0.847003
vt 0.591254 0.838546
vt 0.436795 0.711848
vt 0.592407 0.838546
vt 0.436795 0.703874
vt 0.592407 0.829976
vt 0.591254 0.829976
vt 0.591254 0.821624
vt 0.436795 0.695901
vt 0.592407 0.821624
vt 0.436795 0.687929
vt 0.592407 0.813054
vt 0.591254 0.813054
vt 0.591254 0.804597
vt 0.436795 0.679960
vt 0.592407 0.804597
vt 0.436795 0.671991
vt 0.592407 0.796027
vt 0.591254 0.796027
vt 0.591254 0.787675
vt 0.436795 0.664859
vt 0.592407 0.787675
vt 0.436795 0.655332
vt 0.592407 0.779105
vt 0.887685 0.635045
vt 0.591254 0.779105
vt 0.591254 0.770648
vt 0.592407 0.770648
vt 0.887628 0.644213
vt 0.592407 0.762077
vt 0.887598 0.653361
vt 0.591254 0.762077
vt 0.591254 0.753726
vt 0.592407 0.753726
vt 0.887592 0.662506
vt 0.592407 0.745155
vt 0.887594 0.671658
vt 0.591254 0.745155
vt 0.591254 0.736698
vt 0.592407 0.736698
vt 0.887599 0.680815
vt 0.592407 0.728127
vt 0.887603 0.689977
vt 0.591254 0.728127
vt 0.591254 0.719776
vt 0.592407 0.719776
vt 0.887597 0.699134
vt 0.592407 0.711205
vt 0.887602 0.708286
vt 0.591254 0.711205
vt 0.591254 0.702748
vt 0.592407 0.702748
vt 0.887607 0.717446
vt 0.592407 0.694178
vt 0.887607 0.726608
vt 0.591254 0.694178
vt 0.591254 0.685826
vt 0.592407 0.685826
vt 0.887600 0.735758
vt 0.592407 0.677256
vt 0.887606 0.744907
vt 0.591254 0.677255
vt 0.591254 0.668798
vt 0.592407 0.668798
vt 0.887613 0.754063
vt 0.592407 0.660228
vt 0.887614 0.763222
vt 0.591254 0.660228
vt 0.591254 0.651876
vt 0.592407 0.651876
vt 0.887613 0.772381
vt 0.592407 0.643306
vt 0.887613 0.781541
vt 0.591254 0.643306
vt 0.591254 0.634849
vt 0.592407 0.634849
vt 0.887611 0.790698
vt 0.592407 0.626278
vt 0.887608 0.799854
vt 0.591254 0.626278
vt 0.591254 0.617927
vt 0.592407 0.617927
vt 0.887598 0.809008
vt 0.592407 0.609356
vt 0.887596 0.818159
vt 0.591254 0.609356
vt 0.591254 0.600899
vt 0.592407 0.600899
vt 0.887589 0.827306
vt 0.592407 0.592328
vt 0.887588 0.836452
vt 0.591254 0.592328
vt 0.591254 0.583977
vt 0.592407 0.583977
vt 0.887588 0.845601
vt 0.592407 0.575406
vt 0.887588 0.854752
vt 0.591254 0.575406
vt 0.591254 0.566949
vt 0.592407 0.566949
vt 0.887587 0.863905
vt 0.591254 0.558379
vt 0.592407 0.558379
vt 0.887590 0.873058
vt 0.592407 0.550027
vt 0.887588 0.882212
vt 0.591254 0.550027
vt 0.275777 0.030731
vt 0.438672 0.751715
vt 0.437397 0.751715
vt 0.437397 0.751715
vt 0.351112 0.025229
vt 0.438672 0.679960
vt 0.437397 0.679960
vt 0.437397 0.679960
vt 0.343763 0.030430
vt 0.438672 0.687929
vt 0.437397 0.687929
vt 0.437397 0.687929
vt 0.318692 0.039618
vt 0.438672 0.711848
vt 0.437397 0.711848
vt 0.437397 0.711848
vt 0.327409 0.037714
vt 0.438672 0.703874
vt 0.437397 0.703874
vt 0.437397 0.703874
vt 0.268382 0.025595
vt 0.438672 0.759685
vt 0.437397 0.759685
vt 0.437397 0.759685
vt 0.256535 0.015177
vt 0.438672 0.774971
vt 0.437397 0.774971
vt 0.437397 0.774971
vt 0.248232 0.005589
vt 0.438672 0.784293
vt 0.883073 0.928323
vt 0.437397 0.784293
vt 0.887141 0.927997
vt 0.437397 0.784293
vt 0.887141 0.927997
vt 0.283764 0.034855
vt 0.438672 0.743743
vt 0.437397 0.743743
vt 0.437397 0.743743
vt 0.362669 0.015464
vt 0.438672 0.664859
vt 0.437397 0.664859
vt 0.437397 0.664859
vt 0.357732 0.019129
vt 0.438672 0.671991
vt 0.437397 0.671991
vt 0.437397 0.671991
vt 0.370987 0.005000
vt 0.438672 0.655332
vt 0.883194 0.634709
vt 0.437397 0.655332
vt 0.887161 0.635033
vt 0.437397 0.655332
vt 0.887161 0.635033
vt 0.300932 0.039696
vt 0.438672 0.727796
vt 0.437397 0.727796
vt 0.437397 0.727796
vt 0.292198 0.037869
vt 0.438672 0.735770
vt 0.437397 0.735770
vt 0.437397 0.735770
vt 0.335815 0.034625
vt 0.438672 0.695901
vt 0.437397 0.695901
vt 0.437397 0.695901
vt 0.261706 0.019554
vt 0.438672 0.767653
vt 0.437397 0.767653
vt 0.437397 0.767653
vt 0.309815 0.040292
vt 0.438672 0.719822
vt 0.437397 0.719822
vt 0.437397 0.719822
vt 0.290780 0.072678
vt 0.288617 0.058076
vt 0.329138 0.072506
vt 0.122467 0.064880
vt 0.067908 0.093383
vt 0.064254 0.064032
vt 0.066826 0.078678
vt 0.348104 0.057331
vt 0.343931 0.087108
vt 0.345301 0.072209
vt 0.331170 0.057886
vt 0.120320 0.079476
vt 0.139202 0.065180
vt 0.134657 0.094386
vt 0.136184 0.079731
vt 0.276118 0.087412
vt 0.271677 0.057673
vt 0.274614 0.072526
vt 0.101734 0.064564
vt 0.101291 0.093862
vt 0.101512 0.079193
vt 0.310025 0.087264
vt 0.309895 0.058233
vt 0.309960 0.072706
vt 0.148880 0.065867
vt 0.794839 0.062510
vt 0.144318 0.094624
vt 0.794839 0.091482
vt 0.145800 0.080146
vt 0.794839 0.077088
vt 0.138535 0.094454
vt 0.142995 0.065288
vt 0.139972 0.079805
vt 0.141466 0.094511
vt 0.145937 0.065424
vt 0.142914 0.079883
vt 0.267886 0.057541
vt 0.272165 0.087445
vt 0.270752 0.072470
vt 0.266260 0.087783
vt 0.823062 0.091482
vt 0.262205 0.058740
vt 0.823062 0.062510
vt 0.264913 0.073263
vt 0.823062 0.077088
vt 0.269183 0.087542
vt 0.264963 0.057780
vt 0.267764 0.072646
vt 0.060436 0.064022
vt 0.063998 0.093333
vt 0.063008 0.078635
vt 0.058227 0.093330
vt 0.756660 0.907324
vt 0.054548 0.064422
vt 0.756660 0.936298
vt 0.057188 0.078799
vt 0.756660 0.921720
vt 0.061082 0.093302
vt 0.057503 0.064069
vt 0.060081 0.078624
vt 0.357590 0.058315
vt 0.784839 0.936298
vt 0.353797 0.087390
vt 0.784839 0.907324
vt 0.355014 0.072861
vt 0.784839 0.921720
vt 0.347913 0.087106
vt 0.351915 0.057164
vt 0.349188 0.072118
vt 0.350876 0.087175
vt 0.354826 0.057379
vt 0.352161 0.072268
vt 0.883963 0.918829
vt 0.245407 0.007016
vt 0.823062 0.005000
vt 0.879836 0.928580
vt 0.883975 0.644198
vt 0.837098 0.918819
vt 0.837109 0.644191
vt 0.169332 0.008082
vt 0.794839 0.005000
vt 0.841061 0.927419
vt 0.588220 0.277609
vt 0.587964 0.386702
vt 0.587964 0.056477
vt 0.588220 0.165570
vt 0.082699 0.078905
vt 0.080997 0.064245
f 6/6 3/3 1614/1614
f 5/5 1597/1597 1612/1612
f 53/53 69/69 95/95
f 53/53 95/95 93/93
f 1612/1612 1/1 5/5
f 1604/1604 1613/1613 1611/1611
f 1604/1604 1611/1611 1596/1596
f 207/207 542/542 221/221
f 42/42 61/61 79/79
f 42/42 79/79 36/36
f 55/55 30/30 39/39
f 55/55 39/39 73/73
f 153/153 157/157 36/36
f 153/153 36/36 45/45
f 172/172 153/153 45/45
f 172/172 45/45 47/47
f 90/90 44/44 34/34
f 90/90 34/34 84/84
f 45/45 75/75 63/63
f 45/45 63/63 47/47
f 88/88 76/76 46/46
f 88/88 46/46 91/91
f 80/80 77/77 74/74
f 80/80 74/74 86/86
f 4/4 7/7 73/73
f 4/4 73/73 95/95
f 71/71 38/38 103/103
f 71/71 103/103 99/99
f 96/96 72/72 100/100
f 96/96 100/100 105/105
f 108/108 102/102 37/37
f 108/108 37/37 92/92
f 94/94 97/97 106/106
f 94/94 106/106 109/109
f 85/85 35/35 78/78
f 85/85 78/78 82/82
f 69/69 53/53 54/54
f 69/69 54/54 70/70
f 70/70 54/54 51/51
f 70/70 51/51 67/67
f 47/47 63/63 66/66
f 47/47 66/66 50/50
f 50/50 66/66 64/64
f 50/50 64/64 48/48
f 56/56 31/31 33/33
f 56/56 33/33 58/58
f 58/58 33/33 30/30
f 58/58 30/30 55/55
f 40/40 59/59 62/62
f 40/40 62/62 43/43
f 43/43 62/62 61/61
f 43/43 61/61 42/42
f 148/148 93/93 39/39
f 148/148 39/39 150/150
f 184/184 150/150 39/39
f 184/184 39/39 30/30
f 148/148 165/165 53/53
f 148/148 53/53 93/93
f 75/75 8/8 124/124
f 75/75 124/124 63/63
f 127/127 130/130 133/133
f 127/127 133/133 129/129
f 129/129 133/133 132/132
f 129/129 132/132 126/126
f 119/119 122/122 125/125
f 119/119 125/125 121/121
f 121/121 125/125 124/124
f 121/121 124/124 118/118
f 136/136 138/138 141/141
f 136/136 141/141 137/137
f 137/137 141/141 139/139
f 137/137 139/139 134/134
f 111/111 114/114 117/117
f 111/111 117/117 113/113
f 113/113 117/117 116/116
f 113/113 116/116 110/110
f 122/122 64/64 66/66
f 122/122 66/66 125/125
f 125/125 66/66 63/63
f 125/125 63/63 124/124
f 67/67 111/111 113/113
f 67/67 113/113 70/70
f 70/70 113/113 110/110
f 70/70 110/110 69/69
f 59/59 127/127 129/129
f 59/59 129/129 62/62
f 62/62 129/129 126/126
f 62/62 126/126 61/61
f 55/55 136/136 137/137
f 55/55 137/137 58/58
f 58/58 137/137 134/134
f 58/58 134/134 56/56
f 2/2 79/79 61/61
f 2/2 61/61 126/126
f 95/95 69/69 110/110
f 95/95 110/110 4/4
f 2/2 8/8 75/75
f 2/2 75/75 79/79
f 6/6 138/138 136/136
f 6/6 136/136 7/7
f 57/57 60/60 41/41
f 57/57 41/41 32/32
f 126/126 132/132 5/5
f 126/126 5/5 2/2
f 1/1 118/118 124/124
f 1/1 124/124 8/8
f 49/49 65/65 68/68
f 49/49 68/68 52/52
f 110/110 116/116 3/3
f 110/110 3/3 4/4
f 60/60 57/57 135/135
f 60/60 135/135 128/128
f 112/112 68/68 65/65
f 112/112 65/65 123/123
f 81/81 87/87 89/89
f 81/81 89/89 83/83
f 104/104 98/98 101/101
f 104/104 101/101 107/107
f 123/123 120/120 115/115
f 123/123 115/115 112/112
f 128/128 135/135 140/140
f 128/128 140/140 131/131
f 148/148 150/150 152/152
f 148/148 152/152 149/149
f 149/149 152/152 151/151
f 149/149 151/151 147/147
f 154/154 156/156 158/158
f 154/154 158/158 155/155
f 155/155 158/158 157/157
f 155/155 157/157 153/153
f 193/193 186/186 190/190
f 193/193 190/190 194/194
f 194/194 190/190 188/188
f 194/194 188/188 192/192
f 184/184 193/193 194/194
f 184/184 194/194 185/185
f 185/185 194/194 192/192
f 185/185 192/192 183/183
f 169/169 165/165 167/167
f 169/169 167/167 170/170
f 170/170 167/167 166/166
f 170/170 166/166 168/168
f 161/161 169/169 170/170
f 161/161 170/170 163/163
f 163/163 170/170 168/168
f 163/163 168/168 159/159
f 205/205 201/201 203/203
f 205/205 203/203 206/206
f 206/206 203/203 202/202
f 206/206 202/202 204/204
f 197/197 205/205 206/206
f 197/197 206/206 199/199
f 199/199 206/206 204/204
f 199/199 204/204 195/195
f 181/181 174/174 178/178
f 181/181 178/178 182/182
f 182/182 178/178 176/176
f 182/182 176/176 180/180
f 172/172 181/181 182/182
f 172/172 182/182 173/173
f 173/173 182/182 180/180
f 173/173 180/180 171/171
f 175/175 162/162 164/164
f 175/175 164/164 179/179
f 179/179 164/164 160/160
f 179/179 160/160 177/177
f 165/165 148/148 149/149
f 165/165 149/149 167/167
f 167/167 149/149 147/147
f 167/167 147/147 166/166
f 153/153 172/172 173/173
f 153/153 173/173 155/155
f 155/155 173/173 171/171
f 155/155 171/171 154/154
f 187/187 198/198 200/200
f 187/187 200/200 191/191
f 191/191 200/200 196/196
f 191/191 196/196 189/189
f 150/150 184/184 185/185
f 150/150 185/185 152/152
f 152/152 185/185 183/183
f 152/152 183/183 151/151
f 201/201 157/157 158/158
f 201/201 158/158 203/203
f 203/203 158/158 156/156
f 203/203 156/156 202/202
f 157/157 201/201 42/42
f 157/157 42/42 36/36
f 161/161 51/51 54/54
f 161/161 54/54 169/169
f 49/49 52/52 162/162
f 49/49 162/162 175/175
f 169/169 54/54 53/53
f 169/169 53/53 165/165
f 172/172 47/47 50/50
f 172/172 50/50 181/181
f 181/181 50/50 48/48
f 181/181 48/48 174/174
f 184/184 30/30 33/33
f 184/184 33/33 193/193
f 193/193 33/33 31/31
f 193/193 31/31 186/186
f 198/198 187/187 32/32
f 198/198 32/32 41/41
f 197/197 40/40 43/43
f 197/197 43/43 205/205
f 205/205 43/43 42/42
f 205/205 42/42 201/201
f 213/213 212/212 214/214
f 269/269 218/218 217/217
f 211/211 213/213 268/268
f 258/258 265/265 267/267
f 258/258 267/267 260/260
f 260/260 267/267 266/266
f 260/260 266/266 256/256
f 265/265 262/262 264/264
f 265/265 264/264 267/267
f 267/267 264/264 263/263
f 267/267 263/263 266/266
f 245/245 253/253 255/255
f 245/245 255/255 246/246
f 246/246 255/255 254/254
f 246/246 254/254 244/244
f 253/253 247/247 251/251
f 253/253 251/251 255/255
f 255/255 251/251 249/249
f 255/255 249/249 254/254
f 242/242 235/235 239/239
f 242/242 239/239 243/243
f 243/243 239/239 237/237
f 243/243 237/237 241/241
f 233/233 242/242 243/243
f 233/233 243/243 234/234
f 234/234 243/243 241/241
f 234/234 241/241 232/232
f 221/221 229/229 231/231
f 221/221 231/231 222/222
f 222/222 231/231 230/230
f 222/222 230/230 220/220
f 229/229 223/223 227/227
f 229/229 227/227 231/231
f 231/231 227/227 225/225
f 231/231 225/225 230/230
f 224/224 238/238 240/240
f 224/224 240/240 228/228
f 228/228 240/240 236/236
f 228/228 236/236 226/226
f 207/207 221/221 222/222
f 207/207 222/222 209/209
f 209/209 222/222 220/220
f 209/209 220/220 208/208
f 215/215 233/233 234/234
f 215/215 234/234 216/216
f 211/211 245/245 246/246
f 211/211 246/246 213/213
f 213/213 246/246 244/244
f 213/213 244/244 212/212
f 248/248 259/259 261/261
f 248/248 261/261 252/252
f 252/252 261/261 257/257
f 252/252 257/257 250/250
f 262/262 217/217 218/218
f 262/262 218/218 264/264
f 220/220 166/166 147/147
f 220/220 147/147 208/208
f 151/151 183/183 245/245
f 151/151 245/245 211/211
f 147/147 151/151 211/211
f 147/147 211/211 208/208
f 233/233 215/215 154/154
f 233/233 154/154 171/171
f 217/217 262/262 202/202
f 217/217 202/202 156/156
f 215/215 217/217 156/156
f 215/215 156/156 154/154
f 166/166 220/220 230/230
f 166/166 230/230 168/168
f 168/168 230/230 225/225
f 168/168 225/225 159/159
f 229/229 18/18 15/15
f 229/229 15/15 223/223
f 177/177 160/160 226/226
f 177/177 226/226 236/236
f 180/180 242/242 233/233
f 180/180 233/233 171/171
f 238/238 224/224 16/16
f 238/238 16/16 21/21
f 176/176 235/235 242/242
f 176/176 242/242 180/180
f 192/192 253/253 245/245
f 192/192 245/245 183/183
f 237/237 20/20 23/23
f 237/237 23/23 241/241
f 188/188 247/247 253/253
f 188/188 253/253 192/192
f 145/145 254/254 249/249
f 145/145 249/249 142/142
f 259/259 248/248 189/189
f 259/259 189/189 196/196
f 204/204 265/265 258/258
f 204/204 258/258 195/195
f 250/250 257/257 26/26
f 250/250 26/26 143/143
f 202/202 262/262 265/265
f 202/202 265/265 204/204
f 25/25 256/256 266/266
f 25/25 266/266 28/28
f 218/218 272/272 263/263
f 218/218 263/263 264/264
f 273/273 272/272 218/218
f 210/210 219/219 563/563
f 561/561 210/210 563/563
f 270/270 216/216 234/234
f 270/270 234/234 232/232
f 544/544 210/210 561/561
f 207/207 210/210 544/544
f 276/276 24/24 22/22
f 276/276 22/22 280/280
f 144/144 27/27 277/277
f 144/144 277/277 278/278
f 144/144 278/278 275/275
f 144/144 275/275 146/146
f 27/27 29/29 281/281
f 27/27 281/281 277/277
f 285/285 400/400 283/283
f 285/285 283/283 279/279
f 282/282 516/516 426/426
f 442/442 526/526 286/286
f 278/278 277/277 282/282
f 278/278 282/282 284/284
f 308/308 433/433 470/470
f 308/308 470/470 344/344
f 302/302 428/428 424/424
f 302/302 424/424 298/298
f 286/286 280/280 279/279
f 286/286 279/279 283/283
f 354/354 556/556 574/574
f 354/354 574/574 392/392
f 404/404 530/530 430/430
f 404/404 430/430 304/304
f 395/395 521/521 437/437
f 395/395 437/437 311/311
f 370/370 496/496 500/500
f 370/370 500/500 374/374
f 290/290 416/416 420/420
f 290/290 420/420 294/294
f 300/300 426/426 528/528
f 300/300 528/528 402/402
f 18/18 229/229 221/221
f 18/18 221/221 539/539
f 310/310 436/436 530/530
f 310/310 530/530 404/404
f 288/288 414/414 416/416
f 288/288 416/416 290/290
f 322/322 448/448 444/444
f 322/322 444/444 318/318
f 311/311 437/437 531/531
f 311/311 531/531 405/405
f 320/320 446/446 534/534
f 320/320 534/534 408/408
f 318/318 444/444 446/446
f 318/318 446/446 320/320
f 377/377 503/503 508/508
f 377/377 508/508 382/382
f 402/402 528/528 428/428
f 402/402 428/428 302/302
f 337/337 463/463 467/467
f 337/337 467/467 341/341
f 341/341 467/467 465/465
f 341/341 465/465 339/339
f 432/432 486/486 360/360
f 432/432 360/360 306/306
f 388/388 514/514 432/432
f 388/388 432/432 306/306
f 486/486 492/492 366/366
f 486/486 366/366 360/360
f 412/412 538/538 459/459
f 412/412 459/459 333/333
f 344/344 470/470 472/472
f 344/344 472/472 346/346
f 366/366 492/492 496/496
f 366/366 496/496 370/370
f 304/304 430/430 514/514
f 304/304 514/514 388/388
f 331/331 457/457 481/481
f 331/331 481/481 355/355
f 298/298 424/424 414/414
f 298/298 414/414 288/288
f 333/333 459/459 484/484
f 333/333 484/484 358/358
f 316/316 442/442 286/286
f 316/316 286/286 283/283
f 436/436 310/310 292/292
f 436/436 292/292 418/418
f 300/300 284/284 282/282
f 300/300 282/282 426/426
f 440/440 314/314 382/382
f 440/440 382/382 508/508
f 358/358 484/484 461/461
f 358/358 461/461 335/335
f 433/433 308/308 405/405
f 433/433 405/405 531/531
f 294/294 420/420 457/457
f 294/294 457/457 331/331
f 335/335 461/461 418/418
f 335/335 418/418 292/292
f 374/374 500/500 503/503
f 374/374 503/503 377/377
f 339/339 465/465 422/422
f 339/339 422/422 296/296
f 316/316 408/408 534/534
f 316/316 534/534 442/442
f 314/314 440/440 519/519
f 314/314 519/519 394/394
f 410/410 536/536 463/463
f 410/410 463/463 337/337
f 394/394 519/519 521/521
f 394/394 521/521 395/395
f 296/296 422/422 448/448
f 296/296 448/448 322/322
f 280/280 22/22 17/17
f 280/280 17/17 279/279
f 19/19 285/285 279/279
f 19/19 279/279 17/17
f 574/574 275/275 390/390
f 346/346 472/472 536/536
f 346/346 536/536 410/410
f 285/285 573/573 400/400
f 355/355 481/481 538/538
f 355/355 538/538 412/412
f 526/526 611/611 276/276
f 566/566 568/568 349/349
f 566/566 349/349 372/372
f 332/332 357/357 1675/1675
f 572/572 547/547 362/362
f 572/572 362/362 364/364
f 540/540 543/543 386/386
f 540/540 386/386 324/324
f 564/564 551/551 351/351
f 564/564 351/351 376/376
f 551/551 566/566 372/372
f 551/551 372/372 351/351
f 556/556 553/553 574/574
f 541/541 325/325 398/398
f 541/541 398/398 573/573
f 543/543 558/558 384/384
f 543/543 384/384 386/386
f 560/560 545/545 380/380
f 560/560 380/380 327/327
f 570/570 572/572 364/364
f 570/570 364/364 343/343
f 549/549 570/570 343/343
f 549/549 343/343 368/368
f 547/547 555/555 353/353
f 547/547 353/353 362/362
f 562/562 564/564 376/376
f 562/562 376/376 329/329
f 545/545 562/562 329/329
f 545/545 329/329 380/380
f 558/558 560/560 327/327
f 558/558 327/327 384/384
f 400/400 316/316 283/283
f 594/594 602/602 502/502
f 594/594 502/502 477/477
f 281/281 516/516 282/282
f 281/281 282/282 277/277
f 398/398 400/400 573/573
f 392/392 574/574 390/390
f 535/535 473/473 1677/1677
f 606/606 604/604 498/498
f 606/606 498/498 475/475
f 590/590 610/610 490/490
f 590/590 490/490 488/488
f 592/592 606/606 475/475
f 592/592 475/475 494/494
f 579/579 576/576 611/611
f 604/604 594/594 477/477
f 604/604 477/477 498/498
f 583/583 590/590 488/488
f 583/583 488/488 478/478
f 568/568 549/549 368/368
f 568/568 368/368 349/349
f 586/586 578/578 450/450
f 586/586 450/450 512/512
f 596/596 586/586 512/512
f 596/596 512/512 510/510
f 610/610 608/608 469/469
f 610/610 469/469 490/490
f 608/608 592/592 494/494
f 608/608 494/494 469/469
f 588/588 598/598 453/453
f 588/588 453/453 506/506
f 602/602 600/600 455/455
f 602/602 455/455 502/502
f 600/600 588/588 506/506
f 600/600 506/506 455/455
f 598/598 596/596 510/510
f 598/598 510/510 453/453
f 612/612 518/518 516/516
f 526/526 524/524 611/611
f 212/212 571/571 569/569
f 559/559 207/207 544/544
f 219/219 550/550 563/563
f 212/212 244/244 552/552
f 212/212 552/552 554/554
f 548/548 214/214 212/212
f 597/597 587/587 270/270
f 212/212 546/546 571/571
f 271/271 587/587 599/599
f 557/557 542/542 207/207
f 274/274 271/271 601/601
f 559/559 557/557 207/207
f 593/593 274/274 601/601
f 271/271 599/599 601/601
f 553/553 146/146 275/275
f 553/553 275/275 574/574
f 254/254 145/145 552/552
f 254/254 552/552 244/244
f 281/281 612/612 516/516
f 595/595 597/597 270/270
f 274/274 593/593 603/603
f 591/591 607/607 272/272
f 589/589 582/582 580/580
f 589/589 580/580 263/263
f 232/232 575/575 577/577
f 232/232 577/577 585/585
f 576/576 24/24 276/276
f 576/576 276/276 611/611
f 241/241 23/23 575/575
f 241/241 575/575 232/232
f 29/29 581/581 612/612
f 29/29 612/612 281/281
f 28/28 266/266 263/263
f 28/28 263/263 580/580
f 390/390 284/284 300/300
f 1665/1665 1668/1668 1674/1674
f 1665/1665 1674/1674 1670/1670
f 1669/1669 747/747 795/795
f 783/783 750/750 749/749
f 783/783 749/749 782/782
f 750/750 716/716 1665/1665
f 795/795 794/794 1671/1671
f 795/795 1671/1671 1669/1669
f 780/780 771/771 770/770
f 780/780 770/770 779/779
f 638/638 643/643 647/647
f 638/638 647/647 641/641
f 655/655 666/666 669/669
f 655/655 669/669 659/659
f 688/688 680/680 677/677
f 688/688 677/677 683/683
f 618/618 624/624 625/625
f 618/618 625/625 621/621
f 620/620 629/629 623/623
f 620/620 623/623 617/617
f 646/646 635/635 632/632
f 646/646 632/632 644/644
f 666/666 1366/1366 1257/1257
f 666/666 1257/1257 669/669
f 768/768 789/789 788/788
f 768/768 788/788 767/767
f 749/749 750/750 1665/1665
f 749/749 1665/1665 1670/1670
f 743/743 783/783 782/782
f 743/743 782/782 742/742
f 774/774 709/709 708/708
f 774/774 708/708 773/773
f 722/722 737/737 736/736
f 722/722 736/736 720/720
f 765/765 743/743 742/742
f 765/765 742/742 764/764
f 734/734 753/753 752/752
f 734/734 752/752 733/733
f 771/771 734/734 733/733
f 771/771 733/733 770/770
f 710/710 798/798 797/797
f 710/710 797/797 712/712
f 725/725 777/777 776/776
f 725/725 776/776 724/724
f 759/759 717/717 719/719
f 759/759 719/719 758/758
f 717/717 725/725 724/724
f 717/717 724/724 719/719
f 737/737 801/801 800/800
f 737/737 800/800 736/736
f 624/624 1369/1369 1266/1266
f 624/624 1266/1266 625/625
f 629/629 1368/1368 1370/1370
f 629/629 1370/1370 623/623
f 672/672 702/702 705/705
f 672/672 705/705 673/673
f 676/676 704/704 701/701
f 676/676 701/701 671/671
f 704/704 652/652 649/649
f 704/704 649/649 701/701
f 1362/1362 690/690 693/693
f 1362/1362 693/693 613/613
f 1369/1369 684/684 685/685
f 1369/1369 685/685 1266/1266
f 1368/1368 688/688 683/683
f 1368/1368 683/683 1370/1370
f 680/680 616/616 1361/1361
f 680/680 1361/1361 677/677
f 690/690 696/696 699/699
f 690/690 699/699 693/693
f 696/696 638/638 641/641
f 696/696 641/641 699/699
f 698/698 640/640 637/637
f 698/698 637/637 695/695
f 663/663 668/668 665/665
f 663/663 665/665 657/657
f 650/650 618/618 621/621
f 650/650 621/621 653/653
f 652/652 620/620 617/617
f 652/652 617/617 649/649
f 1364/1364 676/676 671/671
f 1364/1364 671/671 1365/1365
f 643/643 630/630 1276/1276
f 643/643 1276/1276 647/647
f 800/800 801/801 756/756
f 800/800 756/756 755/755
f 752/752 753/753 762/762
f 752/752 762/762 761/761
f 789/789 774/774 773/773
f 789/789 773/773 788/788
f 795/795 710/710 712/712
f 795/795 712/712 794/794
f 731/731 765/765 764/764
f 731/731 764/764 730/730
f 777/777 780/780 779/779
f 777/777 779/779 776/776
f 786/786 722/722 720/720
f 786/786 720/720 785/785
f 798/798 759/759 758/758
f 798/798 758/758 797/797
f 709/709 731/731 730/730
f 709/709 730/730 708/708
f 756/756 792/792 791/791
f 756/756 791/791 755/755
f 808/808 1007/1007 1005/1005
f 808/808 1005/1005 806/806
f 812/812 1013/1013 1011/1011
f 812/812 1011/1011 810/810
f 817/817 1019/1019 1017/1017
f 817/817 1017/1017 814/814
f 820/820 1025/1025 1023/1023
f 820/820 1023/1023 819/819
f 825/825 1031/1031 1029/1029
f 825/825 1029/1029 822/822
f 831/831 1040/1040 1038/1038
f 831/831 1038/1038 828/828
f 834/834 1046/1046 1044/1044
f 834/834 1044/1044 833/833
f 839/839 1052/1052 1050/1050
f 839/839 1050/1050 836/836
f 1056/1056 841/841 842/842
f 1056/1056 842/842 1058/1058
f 846/846 1064/1064 1062/1062
f 846/846 1062/1062 844/844
f 850/850 1070/1070 1068/1068
f 850/850 1068/1068 848/848
f 854/854 1076/1076 1074/1074
f 854/854 1074/1074 852/852
f 858/858 1082/1082 1080/1080
f 858/858 1080/1080 856/856
f 862/862 1088/1088 1086/1086
f 862/862 1086/1086 860/860
f 867/867 1094/1094 1092/1092
f 867/867 1092/1092 864/864
f 870/870 1100/1100 1098/1098
f 870/870 1098/1098 869/869
f 875/875 1106/1106 1104/1104
f 875/875 1104/1104 872/872
f 878/878 1112/1112 1110/1110
f 878/878 1110/1110 876/876
f 882/882 1118/1118 1116/1116
f 882/882 1116/1116 880/880
f 887/887 1124/1124 1122/1122
f 887/887 1122/1122 884/884
f 890/890 1130/1130 1128/1128
f 890/890 1128/1128 889/889
f 894/894 1136/1136 1134/1134
f 894/894 1134/1134 892/892
f 804/804 1001/1001 1143/1143
f 804/804 1143/1143 898/898
f 1140/1140 896/896 898/898
f 1140/1140 898/898 1143/1143
f 806/806 1005/1005 999/999
f 806/806 999/999 802/802
f 900/900 1146/1146 1150/1150
f 900/900 1150/1150 904/904
f 904/904 1150/1150 1152/1152
f 904/904 1152/1152 906/906
f 906/906 1152/1152 1154/1154
f 906/906 1154/1154 908/908
f 908/908 1154/1154 1156/1156
f 908/908 1156/1156 910/910
f 910/910 1156/1156 1158/1158
f 910/910 1158/1158 912/912
f 912/912 1158/1158 1160/1160
f 912/912 1160/1160 915/915
f 915/915 1160/1160 1162/1162
f 915/915 1162/1162 917/917
f 917/917 1162/1162 1164/1164
f 917/917 1164/1164 918/918
f 918/918 1164/1164 1165/1165
f 918/918 1165/1165 920/920
f 920/920 1165/1165 1170/1170
f 920/920 1170/1170 922/922
f 923/923 1169/1169 1172/1172
f 923/923 1172/1172 926/926
f 926/926 1172/1172 1174/1174
f 926/926 1174/1174 929/929
f 929/929 1174/1174 1176/1176
f 929/929 1176/1176 931/931
f 931/931 1176/1176 1178/1178
f 931/931 1178/1178 932/932
f 932/932 1178/1178 1180/1180
f 932/932 1180/1180 934/934
f 934/934 1180/1180 1182/1182
f 934/934 1182/1182 937/937
f 937/937 1182/1182 1184/1184
f 937/937 1184/1184 939/939
f 939/939 1184/1184 1186/1186
f 939/939 1186/1186 940/940
f 940/940 1186/1186 1188/1188
f 940/940 1188/1188 942/942
f 942/942 1188/1188 1190/1190
f 942/942 1190/1190 944/944
f 944/944 1190/1190 1192/1192
f 944/944 1192/1192 946/946
f 946/946 1192/1192 1194/1194
f 946/946 1194/1194 948/948
f 948/948 1194/1194 1196/1196
f 948/948 1196/1196 950/950
f 950/950 1196/1196 1198/1198
f 950/950 1198/1198 952/952
f 952/952 1198/1198 1200/1200
f 952/952 1200/1200 954/954
f 954/954 1200/1200 1202/1202
f 954/954 1202/1202 956/956
f 956/956 1202/1202 1204/1204
f 956/956 1204/1204 958/958
f 958/958 1204/1204 1206/1206
f 958/958 1206/1206 960/960
f 960/960 1206/1206 1208/1208
f 960/960 1208/1208 962/962
f 962/962 1208/1208 1210/1210
f 962/962 1210/1210 965/965
f 965/965 1210/1210 1212/1212
f 965/965 1212/1212 967/967
f 967/967 1212/1212 1214/1214
f 967/967 1214/1214 968/968
f 968/968 1214/1214 1216/1216
f 968/968 1216/1216 970/970
f 970/970 1216/1216 1218/1218
f 970/970 1218/1218 973/973
f 973/973 1218/1218 1219/1219
f 973/973 1219/1219 974/974
f 974/974 1219/1219 1222/1222
f 974/974 1222/1222 976/976
f 976/976 1222/1222 1224/1224
f 976/976 1224/1224 978/978
f 978/978 1224/1224 1225/1225
f 978/978 1225/1225 980/980
f 980/980 1225/1225 1228/1228
f 980/980 1228/1228 982/982
f 982/982 1228/1228 1230/1230
f 982/982 1230/1230 985/985
f 985/985 1230/1230 1232/1232
f 985/985 1232/1232 987/987
f 987/987 1232/1232 1234/1234
f 987/987 1234/1234 988/988
f 988/988 1234/1234 1236/1236
f 988/988 1236/1236 990/990
f 990/990 1236/1236 1238/1238
f 990/990 1238/1238 992/992
f 992/992 1238/1238 1240/1240
f 992/992 1240/1240 994/994
f 994/994 1240/1240 1242/1242
f 994/994 1242/1242 996/996
f 996/996 1242/1242 1148/1148
f 996/996 1148/1148 902/902
f 1007/1007 808/808 810/810
f 1007/1007 810/810 1011/1011
f 814/814 1017/1017 1013/1013
f 814/814 1013/1013 812/812
f 819/819 1023/1023 1019/1019
f 819/819 1019/1019 817/817
f 1025/1025 820/820 822/822
f 1025/1025 822/822 1029/1029
f 828/828 1038/1038 1032/1032
f 828/828 1032/1032 824/824
f 833/833 1044/1044 1040/1040
f 833/833 1040/1040 831/831
f 836/836 1050/1050 1046/1046
f 836/836 1046/1046 834/834
f 1052/1052 839/839 841/841
f 1052/1052 841/841 1056/1056
f 844/844 1062/1062 1058/1058
f 844/844 1058/1058 842/842
f 848/848 1068/1068 1064/1064
f 848/848 1064/1064 846/846
f 852/852 1074/1074 1070/1070
f 852/852 1070/1070 850/850
f 1076/1076 854/854 856/856
f 1076/1076 856/856 1080/1080
f 860/860 1086/1086 1082/1082
f 860/860 1082/1082 858/858
f 864/864 1092/1092 1088/1088
f 864/864 1088/1088 862/862
f 869/869 1098/1098 1094/1094
f 869/869 1094/1094 867/867
f 872/872 1104/1104 1100/1100
f 872/872 1100/1100 870/870
f 876/876 1110/1110 1106/1106
f 876/876 1106/1106 875/875
f 880/880 1116/1116 1112/1112
f 880/880 1112/1112 878/878
f 884/884 1122/1122 1118/1118
f 884/884 1118/1118 882/882
f 889/889 1128/1128 1124/1124
f 889/889 1124/1124 887/887
f 892/892 1134/1134 1130/1130
f 892/892 1130/1130 890/890
f 896/896 1140/1140 1136/1136
f 896/896 1136/1136 894/894
f 1377/1377 1379/1379 1380/1380
f 1377/1377 1380/1380 1381/1381
f 901/901 803/803 805/805
f 901/901 805/805 903/903
f 905/905 807/807 803/803
f 905/905 803/803 901/901
f 903/903 805/805 899/899
f 903/903 899/899 997/997
f 907/907 809/809 807/807
f 907/907 807/807 905/905
f 909/909 811/811 809/809
f 909/909 809/809 907/907
f 911/911 813/813 811/811
f 911/911 811/811 909/909
f 913/913 815/815 813/813
f 913/913 813/813 911/911
f 914/914 816/816 815/815
f 914/914 815/815 913/913
f 916/916 818/818 816/816
f 916/916 816/816 914/914
f 919/919 821/821 818/818
f 919/919 818/818 916/916
f 921/921 823/823 821/821
f 921/921 821/821 919/919
f 924/924 826/826 823/823
f 924/924 823/823 921/921
f 927/927 829/829 827/827
f 927/927 827/827 925/925
f 928/928 830/830 829/829
f 928/928 829/829 927/927
f 830/830 928/928 930/930
f 830/830 930/930 832/832
f 832/832 930/930 933/933
f 832/832 933/933 835/835
f 935/935 837/837 835/835
f 935/935 835/835 933/933
f 837/837 935/935 936/936
f 837/837 936/936 838/838
f 838/838 936/936 938/938
f 838/838 938/938 840/840
f 840/840 938/938 941/941
f 840/840 941/941 843/843
f 843/843 941/941 943/943
f 843/843 943/943 845/845
f 845/845 943/943 945/945
f 845/845 945/945 847/847
f 847/847 945/945 947/947
f 847/847 947/947 849/849
f 949/949 851/851 849/849
f 949/949 849/849 947/947
f 951/951 853/853 851/851
f 951/951 851/851 949/949
f 953/953 855/855 853/853
f 953/953 853/853 951/951
f 955/955 857/857 855/855
f 955/955 855/855 953/953
f 957/957 859/859 857/857
f 957/957 857/857 955/955
f 959/959 861/861 859/859
f 959/959 859/859 957/957
f 961/961 863/863 861/861
f 961/961 861/861 959/959
f 963/963 865/865 863/863
f 963/963 863/863 961/961
f 964/964 866/866 865/865
f 964/964 865/865 963/963
f 966/966 868/868 866/866
f 966/966 866/866 964/964
f 969/969 871/871 868/868
f 969/969 868/868 966/966
f 971/971 873/873 871/871
f 971/971 871/871 969/969
f 972/972 874/874 873/873
f 972/972 873/873 971/971
f 975/975 877/877 874/874
f 975/975 874/874 972/972
f 877/877 975/975 977/977
f 877/877 977/977 879/879
f 879/879 977/977 979/979
f 879/879 979/979 881/881
f 881/881 979/979 981/981
f 881/881 981/981 883/883
f 883/883 981/981 983/983
f 883/883 983/983 885/885
f 984/984 886/886 885/885
f 984/984 885/885 983/983
f 886/886 984/984 986/986
f 886/886 986/986 888/888
f 888/888 986/986 989/989
f 888/888 989/989 891/891
f 991/991 893/893 891/891
f 991/991 891/891 989/989
f 893/893 991/991 993/993
f 893/893 993/993 895/895
f 895/895 993/993 995/995
f 895/895 995/995 897/897
f 997/997 899/899 897/897
f 997/997 897/897 995/995
f 1009/1009 1004/1004 1006/1006
f 1009/1009 1006/1006 1008/1008
f 1015/1015 1010/1010 1012/1012
f 1015/1015 1012/1012 1014/1014
f 1021/1021 1016/1016 1018/1018
f 1021/1021 1018/1018 1020/1020
f 1027/1027 1022/1022 1024/1024
f 1027/1027 1024/1024 1026/1026
f 1036/1036 1028/1028 1030/1030
f 1036/1036 1030/1030 1034/1034
f 1042/1042 1037/1037 1039/1039
f 1042/1042 1039/1039 1041/1041
f 1048/1048 1043/1043 1045/1045
f 1048/1048 1045/1045 1047/1047
f 1054/1054 1049/1049 1051/1051
f 1054/1054 1051/1051 1053/1053
f 1060/1060 1055/1055 1057/1057
f 1060/1060 1057/1057 1059/1059
f 1066/1066 1061/1061 1063/1063
f 1066/1066 1063/1063 1065/1065
f 1072/1072 1067/1067 1069/1069
f 1072/1072 1069/1069 1071/1071
f 1078/1078 1073/1073 1075/1075
f 1078/1078 1075/1075 1077/1077
f 1084/1084 1079/1079 1081/1081
f 1084/1084 1081/1081 1083/1083
f 1090/1090 1085/1085 1087/1087
f 1090/1090 1087/1087 1089/1089
f 1096/1096 1091/1091 1093/1093
f 1096/1096 1093/1093 1095/1095
f 1102/1102 1097/1097 1099/1099
f 1102/1102 1099/1099 1101/1101
f 1108/1108 1103/1103 1105/1105
f 1108/1108 1105/1105 1107/1107
f 1114/1114 1109/1109 1111/1111
f 1114/1114 1111/1111 1113/1113
f 1120/1120 1115/1115 1117/1117
f 1120/1120 1117/1117 1119/1119
f 1126/1126 1121/1121 1123/1123
f 1126/1126 1123/1123 1125/1125
f 1132/1132 1127/1127 1129/1129
f 1132/1132 1129/1129 1131/1131
f 1138/1138 1133/1133 1135/1135
f 1138/1138 1135/1135 1137/1137
f 1003/1003 1142/1142 1144/1144
f 1003/1003 1144/1144 1002/1002
f 1022/1022 1021/1021 1020/1020
f 1022/1022 1020/1020 1024/1024
f 1037/1037 1035/1035 1033/1033
f 1037/1037 1033/1033 1039/1039
f 1055/1055 1054/1054 1053/1053
f 1055/1055 1053/1053 1057/1057
f 1049/1049 1048/1048 1047/1047
f 1049/1049 1047/1047 1051/1051
f 1115/1115 1114/1114 1113/1113
f 1115/1115 1113/1113 1117/1117
f 1127/1127 1126/1126 1125/1125
f 1127/1127 1125/1125 1129/1129
f 1142/1142 1139/1139 1141/1141
f 1142/1142 1141/1141 1144/1144
f 1139/1139 1138/1138 1137/1137
f 1139/1139 1137/1137 1141/1141
f 1085/1085 1084/1084 1083/1083
f 1085/1085 1083/1083 1087/1087
f 1109/1109 1108/1108 1107/1107
f 1109/1109 1107/1107 1111/1111
f 1097/1097 1096/1096 1095/1095
f 1097/1097 1095/1095 1099/1099
f 1079/1079 1078/1078 1077/1077
f 1079/1079 1077/1077 1081/1081
f 1067/1067 1066/1066 1065/1065
f 1067/1067 1065/1065 1069/1069
f 1016/1016 1015/1015 1014/1014
f 1016/1016 1014/1014 1018/1018
f 1004/1004 998/998 1000/1000
f 1004/1004 1000/1000 1006/1006
f 998/998 1003/1003 1002/1002
f 998/998 1002/1002 1000/1000
f 1010/1010 1009/1009 1008/1008
f 1010/1010 1008/1008 1012/1012
f 1043/1043 1042/1042 1041/1041
f 1043/1043 1041/1041 1045/1045
f 1028/1028 1027/1027 1026/1026
f 1028/1028 1026/1026 1030/1030
f 1061/1061 1060/1060 1059/1059
f 1061/1061 1059/1059 1063/1063
f 1073/1073 1072/1072 1071/1071
f 1073/1073 1071/1071 1075/1075
f 1091/1091 1090/1090 1089/1089
f 1091/1091 1089/1089 1093/1093
f 1103/1103 1102/1102 1101/1101
f 1103/1103 1101/1101 1105/1105
f 1133/1133 1132/1132 1131/1131
f 1133/1133 1131/1131 1135/1135
f 1121/1121 1120/1120 1119/1119
f 1121/1121 1119/1119 1123/1123
f 1251/1251 1149/1149 1145/1145
f 1251/1251 1145/1145 1248/1248
f 1149/1149 1251/1251 1254/1254
f 1149/1149 1254/1254 1151/1151
f 1151/1151 1254/1254 1255/1255
f 1151/1151 1255/1255 1153/1153
f 1256/1256 1155/1155 1153/1153
f 1256/1256 1153/1153 1255/1255
f 1155/1155 1256/1256 1259/1259
f 1155/1155 1259/1259 1157/1157
f 1157/1157 1259/1259 1260/1260
f 1157/1157 1260/1260 1159/1159
f 1261/1261 1161/1161 1159/1159
f 1261/1261 1159/1159 1260/1260
f 1161/1161 1261/1261 1262/1262
f 1161/1161 1262/1262 1163/1163
f 1163/1163 1262/1262 1263/1263
f 1163/1163 1263/1263 1166/1166
f 1265/1265 1168/1168 1166/1166
f 1265/1265 1166/1166 1263/1263
f 1167/1167 1264/1264 1268/1268
f 1167/1167 1268/1268 1171/1171
f 1171/1171 1268/1268 1269/1269
f 1171/1171 1269/1269 1173/1173
f 1270/1270 1175/1175 1173/1173
f 1270/1270 1173/1173 1269/1269
f 1175/1175 1270/1270 1271/1271
f 1175/1175 1271/1271 1177/1177
f 1177/1177 1271/1271 1272/1272
f 1177/1177 1272/1272 1179/1179
f 1273/1273 1181/1181 1179/1179
f 1273/1273 1179/1179 1272/1272
f 1181/1181 1273/1273 1274/1274
f 1181/1181 1274/1274 1183/1183
f 1183/1183 1274/1274 1275/1275
f 1183/1183 1275/1275 1185/1185
f 1279/1279 1187/1187 1185/1185
f 1279/1279 1185/1185 1275/1275
f 1187/1187 1279/1279 1282/1282
f 1187/1187 1282/1282 1189/1189
f 1189/1189 1282/1282 1285/1285
f 1189/1189 1285/1285 1191/1191
f 1288/1288 1193/1193 1191/1191
f 1288/1288 1191/1191 1285/1285
f 1193/1193 1288/1288 1291/1291
f 1193/1193 1291/1291 1195/1195
f 1195/1195 1291/1291 1294/1294
f 1195/1195 1294/1294 1197/1197
f 1297/1297 1199/1199 1197/1197
f 1297/1297 1197/1197 1294/1294
f 1199/1199 1297/1297 1300/1300
f 1199/1199 1300/1300 1201/1201
f 1201/1201 1300/1300 1303/1303
f 1201/1201 1303/1303 1203/1203
f 1306/1306 1205/1205 1203/1203
f 1306/1306 1203/1203 1303/1303
f 1205/1205 1306/1306 1309/1309
f 1205/1205 1309/1309 1207/1207
f 1207/1207 1309/1309 1312/1312
f 1207/1207 1312/1312 1209/1209
f 1315/1315 1211/1211 1209/1209
f 1315/1315 1209/1209 1312/1312
f 1211/1211 1315/1315 1318/1318
f 1211/1211 1318/1318 1213/1213
f 1213/1213 1318/1318 1321/1321
f 1213/1213 1321/1321 1215/1215
f 1324/1324 1217/1217 1215/1215
f 1324/1324 1215/1215 1321/1321
f 1217/1217 1324/1324 1327/1327
f 1217/1217 1327/1327 1220/1220
f 1220/1220 1327/1327 1330/1330
f 1220/1220 1330/1330 1221/1221
f 1333/1333 1223/1223 1221/1221
f 1333/1333 1221/1221 1330/1330
f 1223/1223 1333/1333 1336/1336
f 1223/1223 1336/1336 1226/1226
f 1226/1226 1336/1336 1339/1339
f 1226/1226 1339/1339 1227/1227
f 1342/1342 1229/1229 1227/1227
f 1342/1342 1227/1227 1339/1339
f 1229/1229 1342/1342 1345/1345
f 1229/1229 1345/1345 1231/1231
f 1231/1231 1345/1345 1348/1348
f 1231/1231 1348/1348 1233/1233
f 1351/1351 1235/1235 1233/1233
f 1351/1351 1233/1233 1348/1348
f 1235/1235 1351/1351 1354/1354
f 1235/1235 1354/1354 1237/1237
f 1237/1237 1354/1354 1357/1357
f 1237/1237 1357/1357 1239/1239
f 1360/1360 1241/1241 1239/1239
f 1360/1360 1239/1239 1357/1357
f 1241/1241 1360/1360 1243/1243
f 1241/1241 1243/1243 1147/1147
f 668/668 1364/1364 1365/1365
f 668/668 1365/1365 665/665
f 1278/1278 631/631 744/744
f 1278/1278 744/744 1281/1281
f 714/714 1670/1670 664/664
f 684/684 678/678 681/681
f 684/684 681/681 685/685
f 702/702 650/650 653/653
f 702/702 653/653 705/705
f 616/616 692/692 689/689
f 616/616 689/689 1361/1361
f 678/678 1362/1362 613/613
f 678/678 613/613 681/681
f 692/692 698/698 695/695
f 692/692 695/695 689/689
f 1366/1366 672/672 673/673
f 1366/1366 673/673 1257/1257
f 640/640 646/646 644/644
f 640/640 644/644 637/637
f 636/636 1671/1671 745/745
f 1253/1253 713/713 656/656
f 1253/1253 656/656 661/661
f 1248/1248 1246/1246 1249/1249
f 1248/1248 1249/1249 1251/1251
f 1251/1251 1249/1249 1252/1252
f 1251/1251 1252/1252 1254/1254
f 1254/1254 1252/1252 660/660
f 1254/1254 660/660 1255/1255
f 1255/1255 660/660 670/670
f 1255/1255 670/670 1256/1256
f 1256/1256 670/670 1258/1258
f 1256/1256 1258/1258 1259/1259
f 1259/1259 1258/1258 674/674
f 1259/1259 674/674 1260/1260
f 674/674 706/706 1261/1261
f 674/674 1261/1261 1260/1260
f 1261/1261 706/706 654/654
f 1261/1261 654/654 1262/1262
f 1262/1262 654/654 622/622
f 1262/1262 622/622 1263/1263
f 1263/1263 622/622 627/627
f 1263/1263 627/627 1265/1265
f 1264/1264 626/626 1267/1267
f 1264/1264 1267/1267 1268/1268
f 1268/1268 1267/1267 686/686
f 1268/1268 686/686 1269/1269
f 686/686 682/682 1270/1270
f 686/686 1270/1270 1269/1269
f 1270/1270 682/682 614/614
f 1270/1270 614/614 1271/1271
f 1271/1271 614/614 694/694
f 1271/1271 694/694 1272/1272
f 1272/1272 694/694 700/700
f 1272/1272 700/700 1273/1273
f 1273/1273 700/700 642/642
f 1273/1273 642/642 1274/1274
f 1274/1274 642/642 648/648
f 1274/1274 648/648 1275/1275
f 1275/1275 648/648 1277/1277
f 1275/1275 1277/1277 1279/1279
f 1279/1279 1277/1277 1280/1280
f 1279/1279 1280/1280 1282/1282
f 1282/1282 1280/1280 1283/1283
f 1282/1282 1283/1283 1285/1285
f 1285/1285 1283/1283 1286/1286
f 1285/1285 1286/1286 1288/1288
f 1288/1288 1286/1286 1289/1289
f 1288/1288 1289/1289 1291/1291
f 1291/1291 1289/1289 1292/1292
f 1291/1291 1292/1292 1294/1294
f 1294/1294 1292/1292 1295/1295
f 1294/1294 1295/1295 1297/1297
f 1297/1297 1295/1295 1298/1298
f 1297/1297 1298/1298 1300/1300
f 1300/1300 1298/1298 1301/1301
f 1300/1300 1301/1301 1303/1303
f 1303/1303 1301/1301 1304/1304
f 1303/1303 1304/1304 1306/1306
f 1306/1306 1304/1304 1307/1307
f 1306/1306 1307/1307 1309/1309
f 1309/1309 1307/1307 1310/1310
f 1309/1309 1310/1310 1312/1312
f 1312/1312 1310/1310 1313/1313
f 1312/1312 1313/1313 1315/1315
f 1315/1315 1313/1313 1316/1316
f 1315/1315 1316/1316 1318/1318
f 1318/1318 1316/1316 1319/1319
f 1318/1318 1319/1319 1321/1321
f 1321/1321 1319/1319 1322/1322
f 1321/1321 1322/1322 1324/1324
f 1324/1324 1322/1322 1325/1325
f 1324/1324 1325/1325 1327/1327
f 1327/1327 1325/1325 1328/1328
f 1327/1327 1328/1328 1330/1330
f 1330/1330 1328/1328 1331/1331
f 1330/1330 1331/1331 1333/1333
f 1333/1333 1331/1331 1334/1334
f 1333/1333 1334/1334 1336/1336
f 1336/1336 1334/1334 1337/1337
f 1336/1336 1337/1337 1339/1339
f 1339/1339 1337/1337 1340/1340
f 1339/1339 1340/1340 1342/1342
f 1342/1342 1340/1340 1343/1343
f 1342/1342 1343/1343 1345/1345
f 1345/1345 1343/1343 1346/1346
f 1345/1345 1346/1346 1348/1348
f 1348/1348 1346/1346 1349/1349
f 1348/1348 1349/1349 1351/1351
f 1351/1351 1349/1349 1352/1352
f 1351/1351 1352/1352 1354/1354
f 1354/1354 1352/1352 1355/1355
f 1354/1354 1355/1355 1357/1357
f 1357/1357 1355/1355 1358/1358
f 1357/1357 1358/1358 1360/1360
f 1360/1360 1358/1358 1244/1244
f 1360/1360 1244/1244 1243/1243
f 1147/1147 1243/1243 1248/1248
f 1147/1147 1248/1248 1145/1145
f 1359/1359 763/763 741/741
f 1359/1359 741/741 1245/1245
f 1245/1245 741/741 781/781
f 1245/1245 781/781 1247/1247
f 1247/1247 781/781 748/748
f 1247/1247 748/748 1250/1250
f 1250/1250 748/748 713/713
f 1250/1250 713/713 1253/1253
f 1281/1281 744/744 793/793
f 1281/1281 793/793 1284/1284
f 1287/1287 1284/1284 793/793
f 1287/1287 793/793 711/711
f 1287/1287 711/711 796/796
f 1287/1287 796/796 1290/1290
f 1290/1290 796/796 757/757
f 1290/1290 757/757 1293/1293
f 1293/1293 757/757 718/718
f 1293/1293 718/718 1296/1296
f 1299/1299 1296/1296 718/718
f 1299/1299 718/718 723/723
f 1299/1299 723/723 775/775
f 1299/1299 775/775 1302/1302
f 1302/1302 775/775 778/778
f 1302/1302 778/778 1305/1305
f 1305/1305 778/778 769/769
f 1305/1305 769/769 1308/1308
f 1308/1308 769/769 732/732
f 1308/1308 732/732 1311/1311
f 1311/1311 732/732 751/751
f 1311/1311 751/751 1314/1314
f 1314/1314 751/751 760/760
f 1314/1314 760/760 1317/1317
f 1317/1317 760/760 738/738
f 1317/1317 738/738 1320/1320
f 1323/1323 1320/1320 738/738
f 1323/1323 738/738 784/784
f 1326/1326 1323/1323 784/784
f 1326/1326 784/784 721/721
f 1326/1326 721/721 735/735
f 1326/1326 735/735 1329/1329
f 1329/1329 735/735 799/799
f 1329/1329 799/799 1332/1332
f 1335/1335 1332/1332 799/799
f 1335/1335 799/799 754/754
f 1335/1335 754/754 790/790
f 1335/1335 790/790 1338/1338
f 1341/1341 1338/1338 790/790
f 1341/1341 790/790 726/726
f 1341/1341 726/726 766/766
f 1341/1341 766/766 1344/1344
f 1347/1347 1344/1344 766/766
f 1347/1347 766/766 787/787
f 1347/1347 787/787 772/772
f 1347/1347 772/772 1350/1350
f 1350/1350 772/772 707/707
f 1350/1350 707/707 1353/1353
f 1353/1353 707/707 729/729
f 1353/1353 729/729 1356/1356
f 1359/1359 1356/1356 729/729
f 1359/1359 729/729 763/763
f 1384/1384 1386/1386 1387/1387
f 1384/1384 1387/1387 1389/1389
f 1391/1391 1392/1392 1393/1393
f 1391/1391 1393/1393 1395/1395
f 1397/1397 1398/1398 1399/1399
f 1397/1397 1399/1399 1401/1401
f 1403/1403 1404/1404 1406/1406
f 1403/1403 1406/1406 1409/1409
f 1411/1411 1412/1412 1413/1413
f 1411/1411 1413/1413 1415/1415
f 1417/1417 1418/1418 1419/1419
f 1417/1417 1419/1419 1421/1421
f 1423/1423 1424/1424 1425/1425
f 1423/1423 1425/1425 1427/1427
f 1429/1429 1430/1430 1431/1431
f 1429/1429 1431/1431 1433/1433
f 1435/1435 1437/1437 1438/1438
f 1435/1435 1438/1438 1439/1439
f 1441/1441 1443/1443 1444/1444
f 1441/1441 1444/1444 1445/1445
f 1447/1447 1449/1449 1450/1450
f 1447/1447 1450/1450 1451/1451
f 1453/1453 1455/1455 1456/1456
f 1453/1453 1456/1456 1457/1457
f 1459/1459 1461/1461 1462/1462
f 1459/1459 1462/1462 1463/1463
f 1465/1465 1467/1467 1468/1468
f 1465/1465 1468/1468 1469/1469
f 1471/1471 1473/1473 1474/1474
f 1471/1471 1474/1474 1475/1475
f 1477/1477 1479/1479 1480/1480
f 1477/1477 1480/1480 1481/1481
f 1483/1483 1485/1485 1486/1486
f 1483/1483 1486/1486 1487/1487
f 1489/1489 1491/1491 1492/1492
f 1489/1489 1492/1492 1493/1493
f 1495/1495 1497/1497 1498/1498
f 1495/1495 1498/1498 1499/1499
f 1501/1501 1503/1503 1504/1504
f 1501/1501 1504/1504 1505/1505
f 1507/1507 1509/1509 1510/1510
f 1507/1507 1510/1510 1511/1511
f 1516/1516 1518/1518 1371/1371
f 1516/1516 1371/1371 1372/1372
f 1374/1374 1376/1376 1379/1379
f 1374/1374 1379/1379 1377/1377
f 1505/1505 1504/1504 1509/1509
f 1505/1505 1509/1509 1507/1507
f 1511/1511 1510/1510 1513/1513
f 1511/1511 1513/1513 1514/1514
f 1514/1514 1513/1513 1518/1518
f 1514/1514 1518/1518 1516/1516
f 1372/1372 1371/1371 1376/1376
f 1372/1372 1376/1376 1374/1374
f 1381/1381 1380/1380 1386/1386
f 1381/1381 1386/1386 1384/1384
f 1389/1389 1387/1387 1392/1392
f 1389/1389 1392/1392 1391/1391
f 1395/1395 1393/1393 1398/1398
f 1395/1395 1398/1398 1397/1397
f 1401/1401 1399/1399 1404/1404
f 1401/1401 1404/1404 1403/1403
f 1408/1408 1405/1405 1412/1412
f 1408/1408 1412/1412 1411/1411
f 1415/1415 1413/1413 1418/1418
f 1415/1415 1418/1418 1417/1417
f 1421/1421 1419/1419 1424/1424
f 1421/1421 1424/1424 1423/1423
f 1427/1427 1425/1425 1430/1430
f 1427/1427 1430/1430 1429/1429
f 1433/1433 1431/1431 1437/1437
f 1433/1433 1437/1437 1435/1435
f 1439/1439 1438/1438 1443/1443
f 1439/1439 1443/1443 1441/1441
f 1445/1445 1444/1444 1449/1449
f 1445/1445 1449/1449 1447/1447
f 1451/1451 1450/1450 1455/1455
f 1451/1451 1455/1455 1453/1453
f 1457/1457 1456/1456 1461/1461
f 1457/1457 1461/1461 1459/1459
f 1463/1463 1462/1462 1467/1467
f 1463/1463 1467/1467 1465/1465
f 1469/1469 1468/1468 1473/1473
f 1469/1469 1473/1473 1471/1471
f 1475/1475 1474/1474 1479/1479
f 1475/1475 1479/1479 1477/1477
f 1481/1481 1480/1480 1485/1485
f 1481/1481 1485/1485 1483/1483
f 1487/1487 1486/1486 1491/1491
f 1487/1487 1491/1491 1489/1489
f 1609/1609 1585/1585 1539/1539
f 1493/1493 1492/1492 1497/1497
f 1493/1493 1497/1497 1495/1495
f 1554/1554 1577/1577 1594/1594
f 1554/1554 1594/1594 1519/1519
f 1499/1499 1498/1498 1503/1503
f 1499/1499 1503/1503 1501/1501
f 703/703 675/675 1605/1605
f 1573/1573 1589/1589 1615/1615
f 1535/1535 1581/1581 1603/1603
f 1581/1581 1527/1527 1603/1603
f 1371/1371 1518/1518 1142/1142
f 1371/1371 1142/1142 1003/1003
f 1373/1373 1375/1375 783/783
f 1373/1373 783/783 743/743
f 1517/1517 1373/1373 743/743
f 1517/1517 743/743 765/765
f 998/998 1376/1376 1371/1371
f 998/998 1371/1371 1003/1003
f 1004/1004 1379/1379 1376/1376
f 1004/1004 1376/1376 998/998
f 1375/1375 1378/1378 750/750
f 1375/1375 750/750 783/783
f 1379/1379 1004/1004 1009/1009
f 1379/1379 1009/1009 1380/1380
f 1378/1378 1382/1382 715/715
f 1378/1378 715/715 750/750
f 1010/1010 1386/1386 1380/1380
f 1010/1010 1380/1380 1009/1009
f 1015/1015 1387/1387 1386/1386
f 1015/1015 1386/1386 1010/1010
f 1387/1387 1015/1015 1016/1016
f 1387/1387 1016/1016 1392/1392
f 1021/1021 1393/1393 1392/1392
f 1021/1021 1392/1392 1016/1016
f 1398/1398 1393/1393 1021/1021
f 1398/1398 1021/1021 1022/1022
f 1027/1027 1399/1399 1398/1398
f 1027/1027 1398/1398 1022/1022
f 1399/1399 1027/1027 1028/1028
f 1399/1399 1028/1028 1404/1404
f 1028/1028 1036/1036 1406/1406
f 1028/1028 1406/1406 1404/1404
f 1412/1412 1405/1405 1035/1035
f 1412/1412 1035/1035 1037/1037
f 1412/1412 1037/1037 1042/1042
f 1412/1412 1042/1042 1413/1413
f 1043/1043 1418/1418 1413/1413
f 1043/1043 1413/1413 1042/1042
f 1048/1048 1419/1419 1418/1418
f 1048/1048 1418/1418 1043/1043
f 1049/1049 1424/1424 1419/1419
f 1049/1049 1419/1419 1048/1048
f 1054/1054 1425/1425 1424/1424
f 1054/1054 1424/1424 1049/1049
f 1055/1055 1430/1430 1425/1425
f 1055/1055 1425/1425 1054/1054
f 1055/1055 1060/1060 1431/1431
f 1055/1055 1431/1431 1430/1430
f 1061/1061 1437/1437 1431/1431
f 1061/1061 1431/1431 1060/1060
f 1437/1437 1061/1061 1066/1066
f 1437/1437 1066/1066 1438/1438
f 1440/1440 1442/1442 795/795
f 1440/1440 795/795 746/746
f 1067/1067 1443/1443 1438/1438
f 1067/1067 1438/1438 1066/1066
f 1446/1446 710/710 795/795
f 1446/1446 795/795 1442/1442
f 1072/1072 1444/1444 1443/1443
f 1072/1072 1443/1443 1067/1067
f 1446/1446 1448/1448 798/798
f 1446/1446 798/798 710/710
f 1073/1073 1449/1449 1444/1444
f 1073/1073 1444/1444 1072/1072
f 1448/1448 1452/1452 759/759
f 1448/1448 759/759 798/798
f 1449/1449 1073/1073 1078/1078
f 1449/1449 1078/1078 1450/1450
f 1452/1452 1454/1454 717/717
f 1452/1452 717/717 759/759
f 1455/1455 1450/1450 1078/1078
f 1455/1455 1078/1078 1079/1079
f 1458/1458 725/725 717/717
f 1458/1458 717/717 1454/1454
f 1455/1455 1079/1079 1084/1084
f 1455/1455 1084/1084 1456/1456
f 1458/1458 1460/1460 777/777
f 1458/1458 777/777 725/725
f 1461/1461 1456/1456 1084/1084
f 1461/1461 1084/1084 1085/1085
f 1460/1460 1464/1464 780/780
f 1460/1460 780/780 777/777
f 1462/1462 1461/1461 1085/1085
f 1462/1462 1085/1085 1090/1090
f 1464/1464 1466/1466 771/771
f 1464/1464 771/771 780/780
f 1091/1091 1467/1467 1462/1462
f 1091/1091 1462/1462 1090/1090
f 1467/1467 1091/1091 1096/1096
f 1467/1467 1096/1096 1468/1468
f 1466/1466 1470/1470 734/734
f 1466/1466 734/734 771/771
f 1470/1470 1472/1472 753/753
f 1470/1470 753/753 734/734
f 1096/1096 1097/1097 1473/1473
f 1096/1096 1473/1473 1468/1468
f 1097/1097 1102/1102 1474/1474
f 1097/1097 1474/1474 1473/1473
f 1472/1472 1476/1476 762/762
f 1472/1472 762/762 753/753
f 1476/1476 1478/1478 740/740
f 1476/1476 740/740 762/762
f 1103/1103 1479/1479 1474/1474
f 1103/1103 1474/1474 1102/1102
f 1108/1108 1480/1480 1479/1479
f 1108/1108 1479/1479 1103/1103
f 1482/1482 786/786 740/740
f 1482/1482 740/740 1478/1478
f 1484/1484 722/722 786/786
f 1484/1484 786/786 1482/1482
f 1109/1109 1485/1485 1480/1480
f 1109/1109 1480/1480 1108/1108
f 1484/1484 1488/1488 737/737
f 1484/1484 737/737 722/722
f 1114/1114 1486/1486 1485/1485
f 1114/1114 1485/1485 1109/1109
f 1488/1488 1490/1490 801/801
f 1488/1488 801/801 737/737
f 1114/1114 1115/1115 1491/1491
f 1114/1114 1491/1491 1486/1486
f 1491/1491 1115/1115 1120/1120
f 1491/1491 1120/1120 1492/1492
f 1494/1494 756/756 801/801
f 1494/1494 801/801 1490/1490
f 1494/1494 1496/1496 792/792
f 1494/1494 792/792 756/756
f 1121/1121 1497/1497 1492/1492
f 1121/1121 1492/1492 1120/1120
f 1497/1497 1121/1121 1126/1126
f 1497/1497 1126/1126 1498/1498
f 1500/1500 728/728 792/792
f 1500/1500 792/792 1496/1496
f 1500/1500 1502/1502 768/768
f 1500/1500 768/768 728/728
f 1503/1503 1498/1498 1126/1126
f 1503/1503 1126/1126 1127/1127
f 1503/1503 1127/1127 1132/1132
f 1503/1503 1132/1132 1504/1504
f 1506/1506 789/789 768/768
f 1506/1506 768/768 1502/1502
f 1506/1506 1508/1508 774/774
f 1506/1506 774/774 789/789
f 1133/1133 1509/1509 1504/1504
f 1133/1133 1504/1504 1132/1132
f 1510/1510 1509/1509 1133/1133
f 1510/1510 1133/1133 1138/1138
f 1508/1508 1512/1512 709/709
f 1508/1508 709/709 774/774
f 1512/1512 1515/1515 731/731
f 1512/1512 731/731 709/709
f 1139/1139 1513/1513 1510/1510
f 1139/1139 1510/1510 1138/1138
f 1517/1517 765/765 731/731
f 1517/1517 731/731 1515/1515
f 1139/1139 1142/1142 1518/1518
f 1139/1139 1518/1518 1513/1513
f 1586/1586 1544/1544 1545/1545
f 1586/1586 1545/1545 1587/1587
f 1588/1588 1546/1546 1388/1388
f 1588/1588 1388/1388 1390/1390
f 1567/1567 1559/1559 1560/1560
f 1567/1567 1560/1560 1571/1571
f 1569/1569 1561/1561 1432/1432
f 1569/1569 1432/1432 1434/1434
f 1520/1520 1540/1540 1541/1541
f 1520/1520 1541/1541 1521/1521
f 1522/1522 1542/1542 1394/1394
f 1522/1522 1394/1394 1396/1396
f 1555/1555 1520/1520 1521/1521
f 1555/1555 1521/1521 1556/1556
f 1557/1557 1522/1522 1396/1396
f 1557/1557 1396/1396 1400/1400
f 1528/1528 1582/1582 1583/1583
f 1528/1528 1583/1583 1529/1529
f 1530/1530 1584/1584 1420/1420
f 1530/1530 1420/1420 1422/1422
f 1574/1574 1578/1578 1579/1579
f 1574/1574 1579/1579 1575/1575
f 1576/1576 1580/1580 1402/1402
f 1576/1576 1402/1402 1407/1407
f 1532/1532 1590/1590 1591/1591
f 1532/1532 1591/1591 1533/1533
f 1534/1534 1592/1592 1410/1410
f 1534/1534 1410/1410 1414/1414
f 1563/1563 1524/1524 1525/1525
f 1563/1563 1525/1525 1564/1564
f 1565/1565 1526/1526 1426/1426
f 1565/1565 1426/1426 1428/1428
f 1540/1540 1586/1586 1587/1587
f 1540/1540 1587/1587 1541/1541
f 1542/1542 1588/1588 1390/1390
f 1542/1542 1390/1390 1394/1394
f 1559/1559 1563/1563 1564/1564
f 1559/1559 1564/1564 1560/1560
f 1561/1561 1565/1565 1428/1428
f 1561/1561 1428/1428 1432/1432
f 1578/1578 1555/1555 1556/1556
f 1578/1578 1556/1556 1579/1579
f 1580/1580 1557/1557 1400/1400
f 1580/1580 1400/1400 1402/1402
f 1582/1582 1536/1536 1537/1537
f 1582/1582 1537/1537 1583/1583
f 1584/1584 1538/1538 1416/1416
f 1584/1584 1416/1416 1420/1420
f 1590/1590 1574/1574 1575/1575
f 1590/1590 1575/1575 1591/1591
f 1592/1592 1576/1576 1407/1407
f 1592/1592 1407/1407 1410/1410
f 1544/1544 1548/1548 1552/1552
f 1544/1544 1552/1552 1545/1545
f 1546/1546 1550/1550 1383/1383
f 1546/1546 1383/1383 1388/1388
f 1536/1536 1532/1532 1533/1533
f 1536/1536 1533/1533 1537/1537
f 1538/1538 1534/1534 1414/1414
f 1538/1538 1414/1414 1416/1416
f 1524/1524 1528/1528 1529/1529
f 1524/1524 1529/1529 1525/1525
f 1526/1526 1530/1530 1422/1422
f 1526/1526 1422/1422 1426/1426
f 1665/1665 716/716 1553/1553
f 1665/1665 1553/1553 1549/1549
f 1382/1382 1385/1385 1551/1551
f 1382/1382 1551/1551 715/715
f 14/14 1568/1568 1669/1669
f 1436/1436 1440/1440 746/746
f 1436/1436 746/746 1570/1570
f 1594/1594 1615/1615 1616/1616
f 1594/1594 1616/1616 1593/1593
f 1614/1614 1601/1601 6/6
f 1604/1604 1607/1607 1606/1606
f 1603/1603 1600/1600 1602/1602
f 1603/1603 1602/1602 1595/1595
f 1604/1604 1596/1596 1605/1605
f 1604/1604 1605/1605 1607/1607
f 1679/1679 1599/1599 1598/1598
f 1679/1679 1598/1598 1680/1680
f 1597/1597 1599/1599 1679/1679
f 1655/1655 1662/1662 1664/1664
f 1655/1655 1664/1664 1657/1657
f 1657/1657 1664/1664 1663/1663
f 1657/1657 1663/1663 1653/1653
f 1662/1662 1659/1659 1661/1661
f 1662/1662 1661/1661 1664/1664
f 1664/1664 1661/1661 1660/1660
f 1664/1664 1660/1660 1663/1663
f 1642/1642 1650/1650 1652/1652
f 1642/1642 1652/1652 1643/1643
f 1643/1643 1652/1652 1651/1651
f 1643/1643 1651/1651 1641/1641
f 1650/1650 1644/1644 1648/1648
f 1650/1650 1648/1648 1652/1652
f 1652/1652 1648/1648 1646/1646
f 1652/1652 1646/1646 1651/1651
f 1619/1619 1626/1626 1628/1628
f 1619/1619 1628/1628 1621/1621
f 1621/1621 1628/1628 1627/1627
f 1621/1621 1627/1627 1617/1617
f 1626/1626 1623/1623 1625/1625
f 1626/1626 1625/1625 1628/1628
f 1628/1628 1625/1625 1624/1624
f 1628/1628 1624/1624 1627/1627
f 1630/1630 1638/1638 1640/1640
f 1630/1630 1640/1640 1631/1631
f 1631/1631 1640/1640 1639/1639
f 1631/1631 1639/1639 1629/1629
f 1638/1638 1632/1632 1636/1636
f 1638/1638 1636/1636 1640/1640
f 1640/1640 1636/1636 1634/1634
f 1640/1640 1634/1634 1639/1639
f 1623/1623 1606/1606 1607/1607
f 1623/1623 1607/1607 1625/1625
f 1625/1625 1607/1607 1605/1605
f 1625/1625 1605/1605 1624/1624
f 1633/1633 1620/1620 1622/1622
f 1633/1633 1622/1622 1637/1637
f 1637/1637 1622/1622 1618/1618
f 1637/1637 1618/1618 1635/1635
f 1608/1608 1630/1630 1631/1631
f 1608/1608 1631/1631 1610/1610
f 1610/1610 1631/1631 1629/1629
f 1610/1610 1629/1629 1609/1609
f 1597/1597 1642/1642 1643/1643
f 1597/1597 1643/1643 1599/1599
f 1599/1599 1643/1643 1641/1641
f 1599/1599 1641/1641 1598/1598
f 1659/1659 1601/1601 1602/1602
f 1659/1659 1602/1602 1661/1661
f 1661/1661 1602/1602 1600/1600
f 1661/1661 1600/1600 1660/1660
f 1645/1645 1656/1656 1658/1658
f 1645/1645 1658/1658 1649/1649
f 1649/1649 1658/1658 1654/1654
f 1649/1649 1654/1654 1647/1647
f 1598/1598 639/639 697/697
f 1615/1615 1603/1603 1595/1595
f 1615/1615 1595/1595 1616/1616
f 1610/1610 1593/1593 1608/1608
f 687/687 1611/1611 1680/1680
f 1527/1527 1523/1523 1600/1600
f 1531/1531 1535/1535 1603/1603
f 1604/1604 1606/1606 1612/1612
f 1604/1604 1612/1612 1613/1613
f 1611/1611 1367/1367 628/628
f 1612/1612 1606/1606 1/1
f 615/615 679/679 1680/1680
f 615/615 1680/1680 691/691
f 1601/1601 1614/1614 1616/1616
f 1601/1601 1616/1616 1595/1595
f 1614/1614 1608/1608 1593/1593
f 1614/1614 1593/1593 1616/1616
f 1602/1602 1601/1601 1595/1595
f 1609/1609 1594/1594 1593/1593
f 1609/1609 1593/1593 1610/1610
f 5/5 132/132 1642/1642
f 5/5 1642/1642 1597/1597
f 1598/1598 1641/1641 645/645
f 1598/1598 645/645 639/639
f 1659/1659 138/138 6/6
f 1659/1659 6/6 1601/1601
f 1558/1558 1660/1660 1600/1600
f 1558/1558 1600/1600 1562/1562
f 1/1 8/8 2/2
f 1/1 2/2 5/5
f 1623/1623 118/118 1/1
f 1623/1623 1/1 1606/1606
f 667/667 1624/1624 1605/1605
f 667/667 1605/1605 1363/1363
f 3/3 116/116 1630/1630
f 3/3 1630/1630 1608/1608
f 1585/1585 1609/1609 1629/1629
f 1585/1585 1629/1629 1543/1543
f 1672/1672 1617/1617 1627/1627
f 1672/1672 1627/1627 662/662
f 1619/1619 119/119 121/121
f 1619/1619 121/121 1626/1626
f 1633/1633 115/115 120/120
f 1633/1633 120/120 1620/1620
f 1673/1673 1667/1667 1635/1635
f 1673/1673 1635/1635 1618/1618
f 662/662 1627/1627 1624/1624
f 662/662 1624/1624 667/667
f 1626/1626 121/121 118/118
f 1626/1626 118/118 1623/1623
f 1543/1543 1629/1629 1639/1639
f 1543/1543 1639/1639 1547/1547
f 117/117 1638/1638 1630/1630
f 117/117 1630/1630 116/116
f 114/114 1632/1632 1638/1638
f 114/114 1638/1638 117/117
f 645/645 1641/1641 1651/1651
f 645/645 1651/1651 634/634
f 133/133 1650/1650 1642/1642
f 133/133 1642/1642 132/132
f 131/131 140/140 1656/1656
f 131/131 1656/1656 1645/1645
f 1654/1654 13/13 10/10
f 1654/1654 10/10 1647/1647
f 130/130 1644/1644 1650/1650
f 130/130 1650/1650 133/133
f 12/12 1653/1653 1663/1663
f 12/12 1663/1663 1566/1566
f 141/141 1662/1662 1655/1655
f 141/141 1655/1655 139/139
f 1566/1566 1663/1663 1660/1660
f 1566/1566 1660/1660 1558/1558
f 138/138 1659/1659 1662/1662
f 138/138 1662/1662 141/141
f 1669/1669 1568/1568 1572/1572
f 1669/1669 1572/1572 747/747
f 1547/1547 1639/1639 1634/1634
f 1547/1547 1634/1634 1666/1666
f 1665/1665 1549/1549 1668/1668
f 1671/1671 636/636 11/11
f 634/634 1651/1651 1646/1646
f 634/634 1646/1646 9/9
f 728/728 768/768 767/767
f 728/728 767/767 727/727
f 1671/1671 11/11 14/14
f 1671/1671 14/14 1669/1669
f 612/612 581/581 584/584
f 214/214 567/567 565/565
f 336/336 340/340 1676/1676
f 378/378 381/381 328/328
f 537/537 482/482 1678/1678
f 497/497 499/499 495/495
f 293/293 330/330 1675/1675
f 307/307 345/345 1676/1676
f 421/421 464/464 1677/1677
f 417/417 460/460 1678/1678
f 357/357 334/334 1675/1675
f 1675/1675 330/330 356/356
f 356/356 411/411 1675/1675
f 411/411 332/332 1675/1675
f 473/473 471/471 1677/1677
f 1677/1677 464/464 466/466
f 466/466 462/462 1677/1677
f 462/462 535/535 1677/1677
f 340/340 338/338 1676/1676
f 1676/1676 345/345 347/347
f 347/347 409/409 1676/1676
f 409/409 336/336 1676/1676
f 482/482 456/456 1678/1678
f 1678/1678 460/460 483/483
f 483/483 458/458 1678/1678
f 458/458 537/537 1678/1678
f 456/456 419/419 1678/1678
f 419/419 417/417 1678/1678
f 471/471 434/434 1677/1677
f 434/434 421/421 1677/1677
f 295/295 307/307 1676/1676
f 338/338 295/295 1676/1676
f 334/334 291/291 1675/1675
f 291/291 293/293 1675/1675
f 451/451 579/579 611/611
f 451/451 611/611 524/524
f 286/286 526/526 276/276
f 286/286 276/276 280/280
f 275/275 278/278 284/284
f 275/275 284/284 390/390
f 518/518 612/612 584/584
f 518/518 584/584 479/479
f 73/73 7/7 136/136
f 73/73 136/136 55/55
f 435/435 417/417 413/413
f 417/417 419/419 415/415
f 413/413 417/417 415/415
f 413/413 423/423 435/435
f 423/423 427/427 435/435
f 435/435 427/427 529/529
f 427/427 527/527 529/529
f 527/527 425/425 429/429
f 529/529 527/527 429/429
f 425/425 515/515 513/513
f 515/515 517/517 513/513
f 425/425 513/513 429/429
f 517/517 480/480 513/513
f 480/480 487/487 431/431
f 487/487 489/489 431/431
f 489/489 468/468 485/485
f 485/485 468/468 491/491
f 468/468 493/493 491/491
f 493/493 474/474 491/491
f 491/491 474/474 495/495
f 474/474 497/497 495/495
f 497/497 476/476 499/499
f 499/499 476/476 501/501
f 501/501 454/454 504/504
f 504/504 454/454 507/507
f 454/454 505/505 507/507
f 505/505 452/452 507/507
f 452/452 509/509 439/439
f 509/509 511/511 520/520
f 452/452 439/439 507/507
f 511/511 449/449 520/520
f 449/449 523/523 520/520
f 523/523 525/525 522/522
f 525/525 441/441 522/522
f 523/523 522/522 520/520
f 441/441 533/533 438/438
f 533/533 445/445 532/532
f 445/445 443/443 532/532
f 443/443 447/447 532/532
f 447/447 421/421 434/434
f 447/447 434/434 532/532
f 533/533 532/532 438/438
f 501/501 504/504 499/499
f 439/439 509/509 520/520
f 513/513 480/480 431/431
f 441/441 438/438 522/522
f 485/485 431/431 489/489
f 406/406 307/307 321/321
f 307/307 295/295 321/321
f 406/406 321/321 317/317
f 317/317 319/319 406/406
f 319/319 407/407 406/406
f 406/406 407/407 312/312
f 407/407 315/315 312/312
f 315/315 399/399 396/396
f 312/312 315/315 396/396
f 399/399 397/397 396/396
f 397/397 323/323 393/393
f 323/323 385/385 393/393
f 385/385 383/383 393/393
f 383/383 326/326 313/313
f 326/326 379/379 381/381
f 381/381 379/379 328/328
f 328/328 375/375 378/378
f 378/378 375/375 373/373
f 375/375 350/350 373/373
f 350/350 371/371 373/373
f 373/373 371/371 369/369
f 371/371 348/348 369/369
f 348/348 367/367 365/365
f 365/365 367/367 359/359
f 367/367 342/342 359/359
f 342/342 363/363 359/359
f 363/363 361/361 305/305
f 361/361 352/352 305/305
f 363/363 305/305 359/359
f 352/352 391/391 387/387
f 391/391 389/389 387/387
f 352/352 387/387 305/305
f 389/389 299/299 387/387
f 299/299 401/401 303/303
f 387/387 299/299 303/303
f 401/401 301/301 403/403
f 301/301 297/297 309/309
f 297/297 287/287 309/309
f 287/287 289/289 291/291
f 309/309 287/287 291/291
f 289/289 293/293 291/291
f 301/301 309/309 403/403
f 396/396 397/397 393/393
f 348/348 365/365 369/369
f 401/401 403/403 303/303
f 313/313 393/393 383/383
f 381/381 313/313 326/326
f 569/569 548/548 212/212
f 587/587 271/271 270/270
f 270/270 585/585 595/595
f 591/591 273/273 605/605
f 273/273 274/274 603/603
f 605/605 273/273 603/603
f 589/589 272/272 609/609
f 272/272 273/273 591/591
f 609/609 272/272 607/607
f 550/550 219/219 565/565
f 219/219 214/214 565/565
f 214/214 548/548 567/567
f 209/209 268/268 219/219
f 209/209 219/219 210/210
f 274/274 273/273 218/218
f 274/274 218/218 269/269
f 270/270 271/271 216/216
f 207/207 209/209 210/210
f 268/268 213/213 214/214
f 268/268 214/214 219/219
f 208/208 211/211 268/268
f 209/209 208/208 268/268
f 269/269 217/217 215/215
f 216/216 269/269 215/215
f 216/216 271/271 274/274
f 216/216 274/274 269/269
f 619/619 651/651 1596/1596
f 651/651 703/703 1596/1596
f 1613/1613 1679/1679 1680/1680
f 1613/1613 1680/1680 1611/1611
f 1612/1612 1597/1597 1679/1679
f 1612/1612 1679/1679 1613/1613
f 3/3 1608/1608 1614/1614
f 1243/1243 1244/1244 1246/1246
f 1243/1243 1246/1246 1248/1248
f 792/792 728/728 727/727
f 792/792 727/727 791/791
f 658/658 714/714 664/664
f 664/664 1670/1670 1674/1674
f 714/714 749/749 1670/1670
f 740/740 786/786 785/785
f 740/740 785/785 739/739
f 633/633 636/636 745/745
f 745/745 1671/1671 794/794
f 762/762 740/740 739/739
f 762/762 739/739 761/761
f 1146/1146 900/900 902/902
f 1146/1146 902/902 1148/1148
f 1001/1001 804/804 802/802
f 1001/1001 802/802 999/999
f 1605/1605 1596/1596 703/703
f 675/675 1363/1363 1605/1605
f 697/697 691/691 1598/1598
f 691/691 1680/1680 1598/1598
f 1680/1680 679/679 687/687
f 687/687 1367/1367 1611/1611
f 628/628 619/619 1596/1596
f 1596/1596 1611/1611 628/628
f 1539/1539 1519/1519 1609/1609
f 1519/1519 1594/1594 1609/1609
f 1615/1615 1594/1594 1573/1573
f 1594/1594 1577/1577 1573/1573
f 1600/1600 1603/1603 1527/1527
f 1523/1523 1562/1562 1600/1600
f 1603/1603 1615/1615 1531/1531
f 1615/1615 1589/1589 1531/1531
f 270/270 232/232 585/585
f 272/272 589/589 263/263
f 6/6 7/7 4/4
f 6/6 4/4 3/3
f 546/546 212/212 554/554
f 542/542 539/539 221/221
f 19/19 541/541 573/573
f 19/19 573/573 285/285
