# Exported by prepare_workshop_assets.py
mtllib ratchet_wrench.mtl
usemtl material_ratchet_wrench

v -0.007292 0.005049 0.000130
v -0.008111 0.010042 0.172935
v -0.008111 0.010042 0.172935
v -0.007292 -0.005049 0.000130
v -0.008111 -0.010042 0.172935
v -0.008111 -0.010042 0.172935
v -0.007178 -0.020699 0.222479
v -0.007178 0.020699 0.222479
v -0.012341 -0.000000 0.000130
v -0.016240 -0.000000 0.171087
v -0.016240 -0.000000 0.171087
v -0.002243 -0.000000 0.000130
v 0.002098 -0.000000 0.171949
v 0.002098 -0.000000 0.171949
v -0.016042 -0.000000 0.107638
v 0.001459 -0.000000 0.107638
v 0.001459 -0.000000 0.107638
v 0.000652 -0.000000 0.121342
v 0.000652 -0.000000 0.121342
v 0.001373 -0.000000 0.001637
v 0.001373 -0.000000 0.001637
v 0.001373 -0.000000 0.001637
v 0.001750 -0.000000 0.056877
v 0.001750 -0.000000 0.056877
v -0.015236 -0.000000 0.121342
v -0.016654 -0.000000 0.006981
v -0.016333 -0.000000 0.056877
v 0.000943 -0.000000 0.013049
v 0.000943 -0.000000 0.013049
v 0.000044 -0.000000 0.016175
v 0.000044 -0.000000 0.016175
v 0.000044 -0.000000 0.016175
v 0.000044 -0.000000 0.016175
v 0.000715 -0.000000 0.097448
v 0.000715 -0.000000 0.097448
v 0.000058 -0.000000 0.093203
v 0.000058 -0.000000 0.093203
v 0.000058 -0.000000 0.093203
v 0.000058 -0.000000 0.093203
v -0.007292 -0.000000 0.000000
v -0.019479 0.000000 0.235898
v 0.005209 -0.000000 0.201923
v 0.004796 0.000000 0.238153
v 0.004100 0.000000 0.238881
v -0.015957 -0.000000 0.001637
v -0.015957 -0.000000 0.001637
v -0.015163 -0.000000 0.167263
v -0.015163 -0.000000 0.167263
v -0.015163 -0.000000 0.167263
v 0.002070 -0.000000 0.006981
v 0.002070 -0.000000 0.006981
v 0.000579 -0.000000 0.167263
v 0.000579 -0.000000 0.167263
v 0.000579 -0.000000 0.167263
v 0.000579 -0.000000 0.167263
v -0.014443 -0.000000 0.015691
v -0.000141 -0.000000 0.015691
v -0.000141 -0.000000 0.015691
v -0.000161 -0.000000 0.093695
v -0.000161 -0.000000 0.093695
v -0.000079 -0.000000 0.094324
v -0.000079 -0.000000 0.094324
v 0.000053 -0.000000 0.015071
v 0.000053 -0.000000 0.015071
v -0.014641 -0.000000 0.093203
v -0.014641 -0.000000 0.093203
v -0.014636 -0.000000 0.015071
v -0.014423 -0.000000 0.093695
v -0.014505 -0.000000 0.094324
v -0.015244 -0.000000 0.023391
v -0.014919 -0.000000 0.014602
v -0.014919 -0.000000 0.014602
v -0.015298 -0.000000 0.097448
v -0.014628 -0.000000 0.016175
v -0.014628 -0.000000 0.016175
v -0.015258 -0.000000 0.087079
v -0.015527 -0.000000 0.013049
v -0.014763 -0.000000 0.094800
v -0.014763 -0.000000 0.094800
v 0.000335 -0.000000 0.014602
v 0.000335 -0.000000 0.014602
v 0.000335 -0.000000 0.014602
v 0.000335 -0.000000 0.014602
v 0.000661 -0.000000 0.023391
v 0.000661 -0.000000 0.023391
v 0.000180 -0.000000 0.094800
v 0.000180 -0.000000 0.094800
v 0.000180 -0.000000 0.094800
v 0.000180 -0.000000 0.094800
v 0.000675 -0.000000 0.087079
v 0.000675 -0.000000 0.087079
v -0.019044 0.000000 0.238300
v -0.019044 0.000000 0.238300
v -0.007171 0.000000 0.240000
v 0.004894 -0.000000 0.185164
v 0.004988 0.000000 0.236277
v 0.004597 0.000000 0.238670
v 0.004597 0.000000 0.238670
v -0.018946 0.000000 0.231980
v -0.018946 0.000000 0.231980
v -0.018946 0.000000 0.231980
v -0.018946 0.000000 0.231980
v 0.004822 0.000000 0.206016
v 0.004822 0.000000 0.206016
v 0.004815 0.000000 0.231920
v 0.004815 0.000000 0.231920
v 0.004815 0.000000 0.231920
v 0.004815 0.000000 0.231920
v -0.018274 -0.000000 0.185070
v -0.018265 -0.000000 0.180353
v -0.018938 0.000000 0.206017
v -0.018938 0.000000 0.206017
v -0.011445 -0.004153 0.000194
v -0.018590 -0.000000 0.199773
v -0.017780 -0.000000 0.175116
v -0.017780 -0.000000 0.175116
v -0.019422 -0.000000 0.204468
v -0.019310 -0.000000 0.203463
v -0.019310 -0.000000 0.203463
v -0.019310 -0.000000 0.203463
v -0.019032 -0.000000 0.202945
v -0.019032 -0.000000 0.202945
v -0.019032 -0.000000 0.202945
v -0.007292 -0.007944 0.121342
v -0.019477 -0.017305 0.221224
v -0.007292 -0.008665 0.001637
v -0.007292 -0.008665 0.001637
v -0.019478 -0.011576 0.231676
v -0.019044 -0.012606 0.233913
v -0.019044 -0.012606 0.233913
v -0.003139 -0.004153 0.000194
v -0.013479 -0.006188 0.107638
v 0.001175 -0.012327 0.181749
v -0.001104 -0.006188 0.107638
v -0.000672 -0.006620 0.006981
v -0.007292 -0.007213 0.094324
v -0.013419 -0.006127 0.001637
v -0.013419 -0.006127 0.001637
v -0.007292 -0.007131 0.093695
v -0.002192 -0.005100 0.094324
v -0.007292 -0.007953 0.023391
v -0.013912 -0.006620 0.006981
v -0.007292 -0.007967 0.087079
v -0.012348 -0.005056 0.015691
v -0.012485 -0.005193 0.015071
v -0.007292 -0.007627 0.014602
v -0.007292 -0.007627 0.014602
v -0.007292 -0.007471 0.094800
v -0.007292 -0.007471 0.094800
v -0.012392 -0.005100 0.094324
v -0.012334 -0.005042 0.093695
v -0.001669 -0.005623 0.023391
v -0.001469 -0.005823 0.013049
v -0.001630 -0.005661 0.097448
v -0.002095 -0.005197 0.093203
v -0.002095 -0.005197 0.093203
v -0.001659 -0.005633 0.087079
v -0.012915 -0.005623 0.023391
v -0.013115 -0.005823 0.013049
v -0.012925 -0.005633 0.087079
v 0.005101 -0.012002 0.214084
v 0.005101 -0.012002 0.214084
v 0.005112 -0.005000 0.207072
v 0.005112 -0.005000 0.207072
v 0.005002 -0.011125 0.232247
v 0.005086 -0.011976 0.224175
v 0.005086 -0.011976 0.224175
v 0.004105 -0.012844 0.234445
v 0.004605 -0.012676 0.234287
v 0.004605 -0.012676 0.234287
v 0.004104 -0.019585 0.222209
v 0.004868 -0.011287 0.184914
v 0.004720 -0.011563 0.184482
v 0.004720 -0.011563 0.184482
v -0.001165 -0.006127 0.001637
v -0.001165 -0.006127 0.001637
v -0.002099 -0.005193 0.015071
v -0.007292 -0.007345 0.015071
v -0.019044 -0.019206 0.221995
v -0.019044 -0.019206 0.221995
v -0.012909 -0.005617 0.121342
v -0.007171 -0.013570 0.235309
v -0.000510 -0.007034 0.172332
v -0.001675 -0.005617 0.121342
v -0.007292 -0.008751 0.107638
v -0.007292 -0.008235 0.013049
v -0.007292 -0.008007 0.097448
v -0.002250 -0.005042 0.093695
v -0.012575 -0.005283 0.094800
v -0.012575 -0.005283 0.094800
v -0.007292 -0.007349 0.093203
v -0.007292 -0.007349 0.093203
v -0.012685 -0.005393 0.014602
v -0.012685 -0.005393 0.014602
v -0.007292 -0.009362 0.006981
v -0.007292 -0.009042 0.056877
v -0.007292 -0.007336 0.016175
v -0.007292 -0.007336 0.016175
v -0.002105 -0.005187 0.016175
v -0.002105 -0.005187 0.016175
v -0.007292 -0.007151 0.015691
v -0.002235 -0.005056 0.015691
v -0.001899 -0.005393 0.014602
v -0.001899 -0.005393 0.014602
v -0.000899 -0.006393 0.056877
v -0.002009 -0.005283 0.094800
v -0.002009 -0.005283 0.094800
v -0.001726 -0.005566 0.167263
v -0.001726 -0.005566 0.167263
v -0.007292 -0.007871 0.167263
v -0.007292 -0.007871 0.167263
v -0.007292 -0.007871 0.167263
v -0.012953 -0.005661 0.097448
v -0.014330 -0.006623 0.172259
v -0.012489 -0.005197 0.093203
v -0.012489 -0.005197 0.093203
v -0.007166 -0.014689 0.181652
v -0.012479 -0.005187 0.016175
v -0.012479 -0.005187 0.016175
v -0.013685 -0.006393 0.056877
v -0.012857 -0.005566 0.167263
v -0.012857 -0.005566 0.167263
v 0.005076 -0.004919 0.231199
v 0.005076 -0.004919 0.231199
v 0.005025 -0.016840 0.221388
v 0.004640 -0.019350 0.222188
v 0.004640 -0.019350 0.222188
v 0.004805 -0.012289 0.233873
v 0.004857 -0.018750 0.222082
v 0.004143 -0.011854 0.184017
v -0.019465 -0.013698 0.219229
v -0.018942 -0.012984 0.218939
v -0.018942 -0.012984 0.218939
v -0.019452 -0.009419 0.209305
v -0.018939 -0.009133 0.209778
v -0.018939 -0.009133 0.209778
v -0.018945 -0.009230 0.228140
v -0.018945 -0.009230 0.228140
v -0.019480 -0.009696 0.228695
v 0.004819 -0.012938 0.218961
v 0.004819 -0.012938 0.218961
v 0.005232 -0.013688 0.218985
v 0.005201 -0.009540 0.229268
v 0.004816 -0.009142 0.228139
v 0.004816 -0.009142 0.228139
v 0.004821 -0.009155 0.209811
v 0.004821 -0.009155 0.209811
v 0.005267 -0.009401 0.209481
v -0.018804 -0.014266 0.186264
v -0.018804 -0.014266 0.186264
v -0.017753 -0.014707 0.185603
v -0.017753 -0.014707 0.185603
v -0.018495 -0.013771 0.185860
v -0.018495 -0.013771 0.185860
v -0.018495 -0.013771 0.185860
v -0.018495 -0.013771 0.185860
v -0.017630 -0.013999 0.184720
v -0.017630 -0.013999 0.184720
v -0.017630 -0.013999 0.184720
v -0.019454 -0.012218 0.191319
v -0.019262 -0.011300 0.190201
v -0.019262 -0.011300 0.190201
v -0.019379 -0.014220 0.188904
v -0.019193 -0.013448 0.187198
v -0.019193 -0.013448 0.187198
v -0.018708 -0.012892 0.186946
v -0.018708 -0.012892 0.186946
v -0.018752 -0.010736 0.190007
v -0.018752 -0.010736 0.190007
v -0.019460 -0.004910 0.202127
v -0.019009 -0.003797 0.200907
v -0.019009 -0.003797 0.200907
v -0.019322 -0.004115 0.201224
v -0.019322 -0.004115 0.201224
v -0.019448 -0.002783 0.203942
v -0.019322 -0.002199 0.202878
v -0.019322 -0.002199 0.202878
v -0.019028 -0.002010 0.202412
v -0.019028 -0.002010 0.202412
v 0.005111 -0.010210 0.201896
v -0.007041 -0.017262 0.186663
v 0.001491 -0.016377 0.187949
v -0.018126 -0.016015 0.187964
v -0.018126 -0.016015 0.187964
v -0.019308 -0.005946 0.198533
v -0.019308 -0.005946 0.198533
v -0.019285 -0.008511 0.194484
v -0.019285 -0.008511 0.194484
v -0.019461 -0.006914 0.199308
v -0.019458 -0.009625 0.195340
v -0.019485 -0.016333 0.210564
v -0.019485 -0.013548 0.209804
v -0.019482 -0.010351 0.207328
v -0.019489 -0.011245 0.204648
v -0.019489 -0.013783 0.204602
v -0.019487 -0.016433 0.204726
v 0.005113 0.000000 0.206071
v 0.005113 0.000000 0.206071
v 0.005192 0.000000 0.233077
v -0.019438 0.000000 0.205655
v -0.019487 0.000000 0.232659
v 0.005283 0.000000 0.205711
v 0.005200 -0.009836 0.206867
v -0.019479 -0.006147 0.234799
v 0.004102 -0.006819 0.237800
v -0.007157 -0.007192 0.238817
v -0.019044 -0.006657 0.237116
v -0.019044 -0.006657 0.237116
v 0.005075 0.000000 0.232163
v 0.005075 0.000000 0.232163
v 0.005075 0.000000 0.232163
v 0.004956 -0.005959 0.235333
v 0.004530 -0.006720 0.237570
v 0.004530 -0.006720 0.237570
v 0.004697 -0.006518 0.237091
v -0.018945 -0.005020 0.230976
v -0.018945 -0.005020 0.230976
v -0.019485 -0.005281 0.231625
v 0.005191 -0.005125 0.232125
v 0.004815 -0.004943 0.230939
v 0.004815 -0.004943 0.230939
v -0.019477 -0.015249 0.226720
v 0.004121 -0.017255 0.228893
v 0.004715 -0.016526 0.228542
v -0.019045 -0.016780 0.228432
v -0.019045 -0.016780 0.228432
v -0.007155 -0.018192 0.229474
v 0.004981 -0.014996 0.227421
v 0.004557 -0.017013 0.228785
v 0.004557 -0.017013 0.228785
v -0.018943 -0.012022 0.223913
v -0.018943 -0.012022 0.223913
v -0.019473 -0.012609 0.224313
v 0.005208 -0.012597 0.224907
v 0.004817 -0.011951 0.223937
v 0.004817 -0.011951 0.223937
v 0.004822 -0.004958 0.207003
v 0.004822 -0.004958 0.207003
v 0.005281 -0.005162 0.206772
v -0.018938 -0.004917 0.206986
v -0.018938 -0.004917 0.206986
v -0.019448 -0.004910 0.206223
v -0.019463 -0.012863 0.213639
v -0.018940 -0.011970 0.213975
v -0.018940 -0.011970 0.213975
v 0.004820 -0.011956 0.214003
v 0.004820 -0.011956 0.214003
v 0.005261 -0.012381 0.213485
v 0.004883 -0.015047 0.189398
v 0.004192 -0.015700 0.188777
v 0.004706 -0.015412 0.189056
v 0.004706 -0.015412 0.189056
v 0.004840 -0.006367 0.180762
v 0.004900 -0.005239 0.186478
v 0.004174 -0.006720 0.179672
v 0.002663 -0.006220 0.177091
v 0.004673 -0.006500 0.180252
v 0.004673 -0.006500 0.180252
v 0.005108 -0.009208 0.209900
v 0.005108 -0.009208 0.209900
v 0.005119 -0.006733 0.198800
v 0.005239 -0.005830 0.204698
v 0.005094 -0.012970 0.219083
v 0.005094 -0.012970 0.219083
v 0.005080 -0.009140 0.228407
v 0.005080 -0.009140 0.228407
v -0.018283 -0.000000 0.176672
v -0.018283 -0.000000 0.176672
v -0.018283 -0.000000 0.176672
v -0.017599 -0.011774 0.182976
v -0.019327 -0.009388 0.228275
v -0.019327 -0.009388 0.228275
v -0.019313 -0.013149 0.218957
v -0.019313 -0.013149 0.218957
v -0.019299 -0.009179 0.209703
v -0.019299 -0.009179 0.209703
v -0.019293 0.000000 0.205957
v -0.019293 0.000000 0.205957
v -0.019333 0.000000 0.232180
v -0.019333 0.000000 0.232180
v -0.019333 0.000000 0.232180
v -0.019331 -0.005129 0.231159
v -0.019331 -0.005129 0.231159
v -0.019320 -0.012195 0.223987
v -0.019320 -0.012195 0.223987
v -0.019294 -0.004914 0.206909
v -0.019294 -0.004914 0.206909
v -0.019305 -0.012089 0.213935
v -0.019305 -0.012089 0.213935
v 0.006090 -0.009591 0.218932
v 0.006090 -0.007295 0.226242
v 0.006090 0.000000 0.228532
v 0.006090 0.009597 0.218947
v 0.006090 0.007295 0.226242
v 0.006090 -0.007295 0.211622
v 0.007483 -0.007437 0.218932
v 0.007483 -0.007437 0.218932
v 0.006090 0.000000 0.209333
v 0.007438 -0.006484 0.225419
v 0.007438 -0.006484 0.225419
v 0.007483 0.000000 0.226371
v 0.007483 0.000000 0.226371
v 0.006090 0.007301 0.211637
v 0.006999 0.007438 0.218936
v 0.006999 0.007438 0.218936
v 0.005536 -0.012849 0.218932
v 0.005536 -0.012849 0.218932
v 0.005973 -0.012071 0.218932
v 0.005973 -0.008606 0.227543
v 0.005536 -0.009085 0.228018
v 0.005536 -0.009085 0.228018
v 0.005973 0.000000 0.231006
v 0.005536 0.000000 0.231781
v 0.005536 0.000000 0.231781
v 0.005536 0.000000 0.231781
v 0.007438 0.006484 0.225419
v 0.007438 0.006484 0.225419
v 0.007438 -0.006484 0.212445
v 0.007438 -0.006484 0.212445
v 0.007483 0.000000 0.211493
v 0.007483 0.000000 0.211493
v 0.007483 0.000000 0.211493
v -0.019413 -0.012853 0.218934
v -0.019413 -0.012853 0.218934
v -0.019413 -0.009096 0.228026
v -0.019413 -0.009096 0.228026
v -0.019413 0.000000 0.231797
v -0.019413 0.000000 0.231797
v -0.019413 0.000000 0.231797
v 0.005973 -0.008606 0.210322
v 0.005536 0.012849 0.218932
v 0.005536 0.012849 0.218932
v 0.005973 0.012073 0.218936
v 0.005536 -0.009085 0.209847
v 0.005536 -0.009085 0.209847
v 0.005973 0.008606 0.227543
v 0.005536 0.009085 0.228018
v 0.005536 0.009085 0.228018
v 0.005973 0.000000 0.206859
v 0.005536 0.000000 0.206084
v 0.005536 0.000000 0.206084
v 0.020245 -0.006083 0.225030
v 0.020245 -0.006083 0.225030
v 0.018803 -0.006328 0.225260
v 0.019291 -0.006979 0.218932
v 0.020690 -0.006528 0.218935
v 0.020690 -0.006528 0.218935
v 0.020689 0.000003 0.225471
v 0.020689 0.000003 0.225471
v 0.019291 0.000000 0.225911
v 0.007438 0.006485 0.212449
v 0.007438 0.006485 0.212449
v -0.019413 0.012853 0.218934
v -0.019413 0.012853 0.218934
v -0.019413 -0.009081 0.209849
v -0.019413 -0.009081 0.209849
v -0.019413 0.000000 0.206091
v -0.019413 0.000000 0.206091
v -0.019413 0.009096 0.228026
v -0.019413 0.009096 0.228026
v 0.005973 0.008608 0.210326
v 0.005536 0.009085 0.209847
v 0.005536 0.009085 0.209847
v 0.020244 0.006097 0.225030
v 0.020244 0.006097 0.225030
v 0.018803 0.006328 0.225260
v 0.020840 0.000000 0.222133
v 0.020840 -0.002263 0.221196
v 0.020840 -0.003201 0.218932
v 0.020245 -0.006097 0.212849
v 0.020245 -0.006097 0.212849
v 0.018803 -0.006328 0.212604
v 0.020167 0.006979 0.218932
v 0.020689 0.006538 0.218935
v 0.020689 0.006538 0.218935
v 0.020848 0.000000 0.221902
v 0.021426 0.000000 0.220451
v 0.020848 -0.002100 0.221032
v 0.021426 -0.001074 0.220007
v 0.020848 -0.002970 0.218932
v 0.021426 -0.001519 0.218932
v 0.020690 0.000000 0.212412
v 0.020690 0.000000 0.212412
v 0.020690 0.000000 0.212412
v 0.019291 0.000000 0.211954
v 0.019291 0.000000 0.211954
v -0.019413 0.009081 0.209849
v -0.019413 0.009081 0.209849
v 0.021130 0.000000 0.221514
v 0.021130 -0.001826 0.220758
v 0.021130 -0.002582 0.218932
v 0.020997 0.000003 0.222643
v 0.020997 0.000003 0.222643
v 0.020981 -0.002716 0.221663
v 0.020981 -0.002716 0.221663
v 0.020997 -0.003700 0.218935
v 0.020997 -0.003700 0.218935
v -0.019791 0.000000 0.230955
v -0.019791 -0.008501 0.227433
v -0.019791 -0.012022 0.218932
v 0.020840 0.002264 0.221196
v -0.019765 -0.009653 0.218932
v -0.019765 -0.006825 0.225758
v -0.019765 0.000000 0.228585
v 0.020840 0.003201 0.218932
v 0.020840 0.000000 0.215731
v 0.020840 -0.002264 0.216669
v 0.020245 0.006097 0.212849
v 0.020245 0.006097 0.212849
v 0.018803 0.006328 0.212604
v 0.020848 0.002100 0.221033
v 0.021426 0.001074 0.220007
v -0.020672 0.000000 0.227432
v -0.020672 0.000000 0.227432
v -0.021276 0.000000 0.226568
v -0.021276 -0.004461 0.223394
v -0.020672 -0.006010 0.224942
v -0.021276 -0.007635 0.218932
v -0.020672 -0.008499 0.218932
v 0.020848 0.000000 0.215962
v 0.021426 0.000000 0.217413
v 0.020848 0.002970 0.218932
v 0.021426 0.001519 0.218932
v 0.020848 -0.002100 0.216832
v 0.021426 -0.001074 0.217858
v 0.021130 0.001826 0.220758
v 0.021130 0.002582 0.218932
v 0.021130 0.000000 0.216351
v 0.021130 -0.001826 0.217107
v 0.020980 0.002730 0.221663
v 0.020980 0.002730 0.221663
v 0.020997 0.003710 0.218935
v 0.020997 0.003710 0.218935
v -0.019791 0.008501 0.227433
v 0.020998 0.000000 0.215240
v 0.020998 0.000000 0.215240
v 0.020981 -0.002728 0.216217
v 0.020981 -0.002728 0.216217
v -0.019791 0.000000 0.206910
v -0.019791 -0.008501 0.210431
v -0.019791 0.012022 0.218932
v -0.019765 0.009653 0.218932
v -0.019765 0.006825 0.225758
v 0.020840 0.002264 0.216669
v -0.021276 0.004461 0.223394
v -0.020672 0.006010 0.224942
v -0.021276 0.007635 0.218932
v -0.020672 0.008499 0.218932
v 0.020848 0.002100 0.216832
v 0.021426 0.001074 0.217858
v -0.019765 -0.006825 0.212107
v -0.019765 0.000000 0.209280
v 0.021130 0.001826 0.217107
v 0.020981 0.002730 0.216217
v 0.020981 0.002730 0.216217
v -0.019791 0.008501 0.210431
v -0.020672 0.000000 0.210433
v -0.021276 0.000000 0.211297
v -0.021276 -0.004461 0.214471
v -0.020672 -0.006010 0.212922
v -0.019765 0.006825 0.212107
v -0.021276 0.004461 0.214471
v -0.020672 0.006010 0.212922
v 0.007642 0.007100 0.223718
v 0.007642 0.007100 0.223718
v 0.007450 0.004785 0.226067
v 0.007450 0.004785 0.226067
v 0.020688 0.004751 0.223685
v 0.007450 -0.007130 0.223727
v 0.007450 -0.007130 0.223727
v 0.007450 -0.004785 0.226067
v 0.007450 -0.004785 0.226067
v 0.020692 -0.004686 0.223687
v 0.006090 0.008536 0.223949
v 0.006090 0.004975 0.227486
v 0.020369 0.004636 0.225429
v 0.020369 0.004636 0.225429
v 0.006090 -0.008536 0.223949
v 0.006090 -0.004975 0.227486
v 0.018937 0.004718 0.225813
v 0.020370 -0.004622 0.225430
v 0.020370 -0.004622 0.225430
v 0.018937 -0.004718 0.225813
v 0.018937 -0.006880 0.223649
v 0.020370 -0.006481 0.223568
v 0.020370 -0.006481 0.223568
v 0.019039 0.006920 0.223662
v 0.020369 0.006496 0.223568
v 0.020369 0.006496 0.223568
v 0.007642 0.007105 0.214158
v 0.007642 0.007105 0.214158
v 0.007450 0.004785 0.211798
v 0.007450 0.004785 0.211798
v 0.020692 0.004751 0.214246
v 0.006090 0.008561 0.213975
v 0.006090 0.004975 0.210379
v 0.020370 0.004636 0.212451
v 0.020370 0.004636 0.212451
v 0.018937 0.004718 0.212052
v 0.019039 0.006920 0.214203
v 0.020370 0.006496 0.214310
v 0.020370 0.006496 0.214310
v 0.007450 -0.007130 0.214138
v 0.007450 -0.007130 0.214138
v 0.007450 -0.004785 0.211798
v 0.007450 -0.004785 0.211798
v 0.020692 -0.004748 0.214246
v 0.006090 -0.008536 0.213915
v 0.006090 -0.004975 0.210379
v 0.020370 -0.004636 0.212451
v 0.020370 -0.004636 0.212451
v 0.018937 -0.004718 0.212052
v 0.018937 -0.006880 0.214216
v 0.020370 -0.006495 0.214310
v 0.020370 -0.006495 0.214310
v -0.021276 0.000000 0.218932
v 0.021490 0.000000 0.218932
v 0.017638 0.007023 0.222045
v 0.018864 0.007023 0.218932
v 0.017638 0.007023 0.215820
v 0.011037 0.007023 0.215820
v 0.009876 0.007023 0.218932
v 0.011037 0.007023 0.222045
v 0.014566 0.006186 0.221958
v 0.014566 0.008055 0.220198
v 0.016705 0.006186 0.221072
v 0.016162 0.007298 0.220528
v 0.015461 0.008055 0.219827
v 0.017591 0.006186 0.218932
v 0.016823 0.007298 0.218932
v 0.015831 0.008055 0.218932
v 0.016705 0.006186 0.216793
v 0.016162 0.007298 0.217337
v 0.015461 0.008055 0.218038
v 0.014566 0.006186 0.215907
v 0.014566 0.007298 0.216676
v 0.014566 0.008055 0.217667
v 0.014566 0.008327 0.218932
v 0.012427 0.006186 0.216793
v 0.012970 0.007298 0.217337
v 0.013671 0.008055 0.218038
v 0.011541 0.006186 0.218932
v 0.012309 0.007298 0.218932
v 0.013301 0.008055 0.218932
v 0.012427 0.006186 0.221072
v 0.012970 0.007298 0.220528
v 0.013671 0.008055 0.219827
v 0.014566 0.007298 0.221189
v 0.016640 0.006753 0.221007
v 0.016640 0.006753 0.221007
v 0.016528 0.006608 0.220895
v 0.017340 0.006615 0.218934
v 0.017499 0.006752 0.218933
v 0.017499 0.006752 0.218933
v 0.016639 0.006746 0.216860
v 0.016639 0.006746 0.216860
v 0.012491 0.006753 0.216858
v 0.012491 0.006753 0.216858
v 0.012604 0.006608 0.216970
v 0.011632 0.006753 0.218932
v 0.011632 0.006753 0.218932
v 0.011791 0.006608 0.218932
v 0.012491 0.006753 0.221007
v 0.012491 0.006753 0.221007
v 0.012604 0.006608 0.220895
v 0.017162 0.007017 0.221529
v 0.016955 0.006951 0.221321
v 0.017944 0.006950 0.218932
v 0.018238 0.007017 0.218932
v 0.017162 0.007017 0.216336
v 0.016955 0.006948 0.216544
v 0.011970 0.007017 0.216336
v 0.012177 0.006951 0.216544
v 0.010894 0.007017 0.218932
v 0.011188 0.006951 0.218932
v 0.011970 0.007017 0.221529
v 0.012177 0.006951 0.221321
v -0.021276 -0.005828 0.216518
v -0.020672 -0.007852 0.215680
v -0.019765 -0.008917 0.215239
v -0.019791 -0.011106 0.214332
v -0.019413 -0.011870 0.214017
v -0.019413 -0.011870 0.214017
v 0.005536 -0.011870 0.214016
v 0.005536 -0.011870 0.214016
v 0.005973 -0.011053 0.214061
v 0.005973 -0.004860 0.207876
v 0.005536 -0.004917 0.207063
v 0.005536 -0.004917 0.207063
v -0.019413 -0.004910 0.207067
v -0.019413 -0.004910 0.207067
v -0.019791 -0.004600 0.207826
v -0.019765 -0.003694 0.210015
v -0.020672 -0.003252 0.211081
v -0.021276 -0.002414 0.213104
v 0.005973 0.004860 0.229989
v 0.005536 0.004917 0.230802
v 0.005536 0.004917 0.230802
v -0.019413 0.004927 0.230815
v -0.019413 0.004927 0.230815
v -0.019791 0.004600 0.230038
v -0.019765 0.003694 0.227849
v -0.020672 0.003252 0.226784
v -0.021276 0.002414 0.224761
v -0.021276 0.005828 0.216518
v -0.020672 0.007852 0.215680
v -0.019765 0.008917 0.215239
v -0.019791 0.011106 0.214332
v -0.019413 0.011870 0.214017
v -0.019413 0.011870 0.214017
v 0.005536 0.011870 0.214016
v 0.005536 0.011870 0.214016
v 0.005973 0.011059 0.214076
v -0.021276 -0.005828 0.221347
v -0.020672 -0.007852 0.222185
v -0.019765 -0.008917 0.222626
v -0.019791 -0.011106 0.223533
v -0.019413 -0.011878 0.223853
v -0.019413 -0.011878 0.223853
v 0.005536 -0.011870 0.223849
v 0.005536 -0.011870 0.223849
v 0.005973 -0.011053 0.223803
v -0.021276 0.005828 0.221347
v -0.020672 0.007852 0.222185
v -0.019765 0.008917 0.222626
v -0.019791 0.011106 0.223533
v -0.019413 0.011878 0.223853
v -0.019413 0.011878 0.223853
v 0.005536 0.011870 0.223849
v 0.005536 0.011870 0.223849
v 0.005973 0.011053 0.223803
v -0.021276 -0.002414 0.224761
v -0.020672 -0.003252 0.226784
v -0.019765 -0.003694 0.227849
v -0.019791 -0.004600 0.230038
v -0.019413 -0.004927 0.230815
v -0.019413 -0.004927 0.230815
v 0.005536 -0.004917 0.230802
v 0.005536 -0.004917 0.230802
v 0.005973 -0.004860 0.229989
v 0.005973 0.004860 0.207876
v 0.005536 0.004917 0.207063
v 0.005536 0.004917 0.207063
v -0.019413 0.004910 0.207067
v -0.019413 0.004910 0.207067
v -0.019791 0.004600 0.207826
v -0.019765 0.003694 0.210015
v -0.020672 0.003252 0.211081
v -0.021276 0.002414 0.213104
v -0.019670 0.000000 0.227615
v -0.019670 0.000000 0.227615
v -0.019670 0.000000 0.227615
v -0.019670 -0.006140 0.225072
v -0.019670 -0.006140 0.225072
v -0.019670 -0.008683 0.218932
v -0.019670 -0.008683 0.218932
v -0.019670 0.000000 0.210250
v -0.019670 0.000000 0.210250
v -0.019670 0.006140 0.225072
v -0.019670 0.006140 0.225072
v -0.019670 0.008683 0.218932
v -0.019670 0.008683 0.218932
v -0.019670 0.006140 0.212793
v -0.019670 0.006140 0.212793
v -0.019670 -0.006140 0.212793
v -0.019670 -0.006140 0.212793
v -0.019670 -0.008021 0.215610
v -0.019670 -0.008021 0.215610
v -0.019670 -0.003322 0.210911
v -0.019670 -0.003322 0.210911
v -0.019670 0.003322 0.226953
v -0.019670 0.003322 0.226953
v -0.019670 0.008021 0.215610
v -0.019670 0.008021 0.215610
v -0.019670 -0.008021 0.222255
v -0.019670 -0.008021 0.222255
v -0.019670 0.008021 0.222255
v -0.019670 0.008021 0.222255
v -0.019670 -0.003322 0.226953
v -0.019670 -0.003322 0.226953
v -0.019670 0.003322 0.210911
v -0.019670 0.003322 0.210911
v 0.020681 0.000000 0.221976
v 0.020681 0.000000 0.221976
v 0.020681 -0.002152 0.221084
v 0.020681 -0.002152 0.221084
v 0.020681 -0.003043 0.218932
v 0.020681 -0.003043 0.218932
v 0.020681 0.000000 0.215889
v 0.020681 0.000000 0.215889
v 0.020681 0.003044 0.218932
v 0.020681 0.003044 0.218932
v 0.020681 -0.002153 0.216779
v 0.020681 -0.002153 0.216779
v 0.020681 0.002153 0.221086
v 0.020681 0.002153 0.221086
v 0.020681 0.002153 0.216779
v 0.020681 0.002153 0.216779
v 0.016525 0.006637 0.216977
v 0.020896 -0.005121 0.218945
v 0.020897 0.000000 0.213844
v 0.020894 0.005158 0.218944
v 0.020894 0.000012 0.224094
v -0.018256 -0.011365 0.184348
v -0.018256 -0.011365 0.184348
v -0.018264 -0.003827 0.178454
v -0.018264 -0.003827 0.178454
v -0.017565 -0.004592 0.176932
v -0.018266 -0.003013 0.181076
v -0.018270 -0.006958 0.185685
v -0.018297 -0.006906 0.189436
v -0.018582 -0.002289 0.199994
v -0.018603 -0.001410 0.201195
v -0.018610 -0.000000 0.201380
v -0.018276 -0.003230 0.179455
v -0.018323 -0.010181 0.186012
v -0.018365 -0.009242 0.190004
v -0.018653 -0.003101 0.200398
v -0.018677 -0.001668 0.201712
v -0.018685 -0.000000 0.202176
v -0.018278 -0.000000 0.177780
v -0.018322 -0.000000 0.188960
v -0.018522 -0.000000 0.196990
v -0.018419 -0.000000 0.192987
v -0.018514 -0.003410 0.197501
v -0.018585 -0.004610 0.197966
v -0.018949 -0.005527 0.198341
v -0.018949 -0.005527 0.198341
v -0.018398 -0.005169 0.193426
v -0.018466 -0.006926 0.193936
v -0.018847 -0.008030 0.194293
v -0.018847 -0.008030 0.194293
v -0.021206 0.005734 0.224666
v -0.021206 0.005734 0.224666
v -0.021206 0.007491 0.222035
v -0.021206 0.007491 0.222035
v -0.021206 0.000000 0.227041
v -0.021206 0.000000 0.227041
v -0.021206 0.000000 0.227041
v -0.021206 -0.003103 0.226423
v -0.021206 -0.003103 0.226423
v -0.021206 -0.005734 0.224666
v -0.021206 -0.005734 0.224666
v -0.021206 -0.007491 0.222035
v -0.021206 -0.007491 0.222035
v -0.021206 0.000000 0.210824
v -0.021206 0.000000 0.210824
v -0.021206 -0.003103 0.211442
v -0.021206 -0.003103 0.211442
v -0.021206 0.003103 0.226423
v -0.021206 0.003103 0.226423
v -0.021206 0.005734 0.213199
v -0.021206 0.005734 0.213199
v -0.021206 0.007491 0.215830
v -0.021206 0.007491 0.215830
v -0.021206 0.003103 0.211442
v -0.021206 0.003103 0.211442
v -0.021206 -0.005734 0.213199
v -0.021206 -0.005734 0.213199
v -0.021206 -0.007491 0.215830
v -0.021206 -0.007491 0.215830
v -0.021206 -0.008108 0.218932
v -0.021206 -0.008108 0.218932
v -0.021206 0.008108 0.218932
v -0.021206 0.008108 0.218932
v -0.021276 0.005399 0.224331
v -0.021276 0.007054 0.221854
v -0.021276 0.000000 0.225241
v -0.021276 -0.002922 0.225986
v -0.021276 -0.005399 0.224331
v -0.021276 -0.007054 0.221854
v -0.021276 0.000000 0.212623
v -0.021276 -0.002922 0.211879
v -0.021276 0.002922 0.225986
v -0.021276 0.005399 0.213533
v -0.021276 0.007054 0.216011
v -0.021276 0.002922 0.211879
v -0.021276 -0.005399 0.213533
v -0.021276 -0.007054 0.216011
v -0.021276 -0.006309 0.218932
v -0.021276 0.006309 0.218932
v 0.005110 -0.015908 0.205407
v 0.005179 -0.012706 0.208365
v 0.005159 -0.014778 0.209699
v 0.005025 -0.004337 0.194160
v 0.005025 -0.000000 0.193622
v 0.004155 -0.003543 0.177379
v 0.004098 -0.000000 0.176072
v 0.004098 -0.000000 0.176072
v 0.004823 -0.003155 0.178590
v 0.004816 -0.000000 0.177747
v 0.004637 -0.003193 0.177980
v 0.004637 -0.003193 0.177980
v 0.004624 -0.000000 0.177124
v 0.004624 -0.000000 0.177124
v 0.004624 -0.000000 0.177124
v -0.007104 -0.019233 0.191264
v -0.007169 -0.020679 0.197723
v -0.018609 -0.017611 0.191734
v -0.018609 -0.017611 0.191734
v -0.018957 -0.018976 0.197539
v -0.018957 -0.018976 0.197539
v -0.011445 0.004153 0.000194
v 0.004672 -0.019173 0.198187
v 0.004672 -0.019173 0.198187
v 0.004687 -0.017391 0.192324
v 0.004687 -0.017391 0.192324
v 0.004899 -0.018657 0.198405
v 0.004890 -0.016952 0.192608
v 0.001516 -0.018393 0.191799
v 0.004112 -0.019426 0.198097
v -0.007292 0.007944 0.121342
v 0.005038 -0.015541 0.200643
v -0.019477 0.017305 0.221224
v -0.007292 0.008665 0.001637
v -0.007292 0.008665 0.001637
v -0.019478 0.011576 0.231676
v 0.004157 -0.017708 0.192169
v -0.019044 0.012606 0.233913
v -0.019044 0.012606 0.233913
v -0.003139 0.004153 0.000194
v -0.013479 0.006188 0.107638
v 0.001175 0.012327 0.181749
v 0.001501 0.000000 0.239259
v -0.001104 0.006188 0.107638
v -0.000672 0.006620 0.006981
v 0.001504 -0.013094 0.234736
v 0.001478 -0.019963 0.222297
v 0.001554 -0.006949 0.238151
v 0.001566 -0.017583 0.229090
v -0.007292 0.007213 0.094324
v -0.013419 0.006127 0.001637
v -0.013419 0.006127 0.001637
v -0.007292 0.007131 0.093695
v 0.001462 -0.019908 0.197965
v -0.002192 0.005100 0.094324
v 0.004930 -0.014170 0.190449
v -0.007292 0.007953 0.023391
v 0.004898 -0.010592 0.186126
v 0.004866 -0.002984 0.180504
v 0.004876 -0.006058 0.182288
v -0.013912 0.006620 0.006981
v 0.004862 -0.000000 0.179772
v 0.005048 -0.012191 0.198264
v -0.007292 0.007967 0.087079
v 0.004952 -0.016023 0.193684
v 0.005025 -0.010032 0.194892
v 0.004982 -0.017469 0.199134
v -0.012348 0.005056 0.015691
v 0.004963 -0.007236 0.191456
v -0.012485 0.005193 0.015071
v 0.004940 -0.000000 0.188859
v -0.007292 0.007627 0.014602
v -0.007292 0.007627 0.014602
v 0.004947 -0.004506 0.189990
v 0.005076 -0.013191 0.201998
v 0.004896 -0.002319 0.185525
v 0.004976 -0.012131 0.192742
v 0.004922 -0.008914 0.188991
v 0.005002 -0.014156 0.195980
v -0.007292 0.007471 0.094800
v -0.007292 0.007471 0.094800
v -0.019448 -0.017442 0.197867
v -0.019475 -0.007039 0.204334
v -0.012392 0.005100 0.094324
v -0.012334 0.005042 0.093695
v -0.019284 -0.016405 0.192232
v -0.019442 -0.014970 0.192784
v -0.001669 0.005623 0.023391
v 0.005044 -0.017288 0.215453
v 0.004908 -0.019151 0.215886
v 0.001449 -0.020373 0.216001
v 0.004668 -0.019756 0.215978
v 0.004668 -0.019756 0.215978
v 0.005202 -0.014278 0.214364
v -0.007185 -0.021145 0.215990
v 0.004099 -0.019983 0.215991
v -0.019044 -0.019732 0.215722
v -0.019044 -0.019732 0.215722
v -0.019478 -0.018093 0.215361
v -0.019480 -0.012308 0.198305
v -0.019484 -0.009077 0.201728
v -0.001469 0.005823 0.013049
v -0.001630 0.005661 0.097448
v -0.002095 0.005197 0.093203
v -0.002095 0.005197 0.093203
v -0.001659 0.005633 0.087079
v -0.012915 0.005623 0.023391
v -0.013115 0.005823 0.013049
v -0.018942 0.012984 0.218939
v -0.018942 0.012984 0.218939
v -0.012925 0.005633 0.087079
v -0.018939 0.009133 0.209778
v -0.018939 0.009133 0.209778
v -0.018945 0.009230 0.228140
v -0.018945 0.009230 0.228140
v 0.005101 0.012002 0.214084
v 0.005101 0.012002 0.214084
v 0.004819 0.012938 0.218961
v 0.004819 0.012938 0.218961
v 0.005112 0.005000 0.207072
v 0.005112 0.005000 0.207072
v 0.005002 0.011125 0.232247
v 0.004816 0.009142 0.228139
v 0.004816 0.009142 0.228139
v 0.004821 0.009155 0.209811
v 0.004821 0.009155 0.209811
v 0.005086 0.011976 0.224175
v 0.005086 0.011976 0.224175
v 0.004105 0.012844 0.234445
v 0.004605 0.012676 0.234287
v 0.004605 0.012676 0.234287
v 0.004104 0.019585 0.222209
v 0.004868 0.011287 0.184914
v 0.004720 0.011563 0.184482
v 0.004720 0.011563 0.184482
v -0.001165 0.006127 0.001637
v -0.001165 0.006127 0.001637
v -0.002099 0.005193 0.015071
v -0.007292 0.007344 0.015071
v -0.019044 0.019206 0.221995
v -0.019044 0.019206 0.221995
v -0.012909 0.005617 0.121342
v -0.007171 0.013570 0.235309
v -0.000510 0.007034 0.172332
v -0.001675 0.005617 0.121342
v -0.007292 0.008750 0.107638
v -0.007292 0.008235 0.013049
v -0.007292 0.008007 0.097448
v -0.002250 0.005042 0.093695
v -0.012575 0.005283 0.094800
v -0.012575 0.005283 0.094800
v -0.007292 0.007349 0.093203
v -0.007292 0.007349 0.093203
v -0.012685 0.005393 0.014602
v -0.012685 0.005393 0.014602
v -0.007292 0.009362 0.006981
v -0.007292 0.009042 0.056877
v -0.007292 0.007336 0.016175
v -0.007292 0.007336 0.016175
v -0.002105 0.005187 0.016175
v -0.002105 0.005187 0.016175
v -0.007292 0.007151 0.015691
v -0.002235 0.005056 0.015691
v -0.001899 0.005393 0.014602
v -0.001899 0.005393 0.014602
v -0.000899 0.006393 0.056877
v -0.002009 0.005283 0.094800
v -0.002009 0.005283 0.094800
v -0.001726 0.005566 0.167263
v -0.001726 0.005566 0.167263
v -0.007292 0.007871 0.167263
v -0.007292 0.007871 0.167263
v -0.007292 0.007871 0.167263
v -0.012953 0.005661 0.097448
v -0.014330 0.006623 0.172259
v -0.012489 0.005197 0.093203
v -0.012489 0.005197 0.093203
v -0.007166 0.014689 0.181652
v -0.012479 0.005187 0.016175
v -0.012479 0.005187 0.016175
v -0.013685 0.006393 0.056877
v -0.012857 0.005566 0.167263
v -0.012857 0.005566 0.167263
v 0.005076 0.004919 0.231199
v 0.005076 0.004919 0.231199
v 0.005025 0.016840 0.221388
v 0.004640 0.019350 0.222188
v 0.004640 0.019350 0.222188
v 0.004805 0.012289 0.233873
v 0.004857 0.018750 0.222082
v 0.004143 0.011854 0.184017
v -0.019465 0.013698 0.219229
v -0.019452 0.009419 0.209305
v -0.019480 0.009696 0.228695
v 0.005232 0.013688 0.218985
v 0.005201 0.009540 0.229268
v 0.005267 0.009401 0.209481
v -0.019474 -0.015603 0.198197
v -0.007185 -0.021100 0.204627
v -0.019042 -0.019604 0.204537
v -0.019042 -0.019604 0.204537
v -0.019479 -0.018277 0.204690
v -0.019479 -0.013747 0.225307
v -0.019475 -0.015341 0.220143
v -0.018804 0.014266 0.186264
v -0.018804 0.014266 0.186264
v -0.017753 0.014707 0.185603
v -0.017753 0.014707 0.185603
v -0.019483 -0.010514 0.229913
v -0.019485 -0.005655 0.232932
v -0.018495 0.013771 0.185860
v -0.018495 0.013771 0.185860
v -0.018495 0.013771 0.185860
v -0.018495 0.013771 0.185860
v -0.019487 0.000000 0.233989
v -0.019478 -0.015898 0.214815
v -0.019045 -0.019771 0.211151
v -0.019045 -0.019771 0.211151
v -0.019479 -0.018396 0.210902
v -0.007185 -0.021151 0.211264
v 0.004099 -0.019983 0.211270
v 0.001449 -0.020376 0.211271
v 0.005044 -0.017475 0.210988
v 0.004910 -0.019173 0.211247
v 0.004668 -0.019759 0.211264
v 0.004668 -0.019759 0.211264
v 0.005027 -0.017736 0.205102
v 0.004100 -0.019944 0.204650
v 0.001450 -0.020342 0.204620
v 0.004907 -0.019159 0.204771
v 0.004668 -0.019718 0.204682
v 0.004668 -0.019718 0.204682
v -0.017630 0.013999 0.184720
v -0.017630 0.013999 0.184720
v -0.017630 0.013999 0.184720
v -0.019454 0.012218 0.191319
v -0.019262 0.011300 0.190201
v -0.019262 0.011300 0.190201
v -0.018945 0.005020 0.230976
v -0.018945 0.005020 0.230976
v -0.019379 0.014220 0.188904
v -0.019193 0.013448 0.187198
v -0.019193 0.013448 0.187198
v 0.004815 0.004943 0.230939
v 0.004815 0.004943 0.230939
v -0.018708 0.012892 0.186946
v -0.018708 0.012892 0.186946
v -0.018752 0.010736 0.190007
v -0.018752 0.010736 0.190007
v -0.019460 0.004910 0.202127
v -0.019009 0.003797 0.200907
v -0.019009 0.003797 0.200907
v -0.019322 0.004115 0.201224
v -0.019322 0.004115 0.201224
v -0.019448 0.002783 0.203942
v -0.019322 0.002199 0.202878
v -0.019322 0.002199 0.202878
v -0.018943 0.012022 0.223913
v -0.018943 0.012022 0.223913
v -0.019028 0.002010 0.202412
v -0.019028 0.002010 0.202412
v 0.005111 0.010210 0.201896
v 0.004817 0.011951 0.223937
v 0.004817 0.011951 0.223937
v 0.004822 0.004958 0.207003
v 0.004822 0.004958 0.207003
v -0.007041 0.017262 0.186663
v -0.018938 0.004917 0.206986
v -0.018938 0.004917 0.206986
v 0.001491 0.016377 0.187949
v -0.018126 0.016015 0.187964
v -0.018126 0.016015 0.187964
v -0.018940 0.011970 0.213975
v -0.018940 0.011970 0.213975
v 0.004820 0.011956 0.214003
v 0.004820 0.011956 0.214003
v -0.019308 0.005946 0.198533
v -0.019308 0.005946 0.198533
v -0.019285 0.008511 0.194484
v -0.019285 0.008511 0.194484
v -0.019461 0.006914 0.199308
v -0.019458 0.009625 0.195340
v -0.019485 0.016333 0.210564
v -0.019485 0.013548 0.209804
v -0.019482 0.010351 0.207328
v -0.019489 0.011245 0.204648
v -0.019489 0.013783 0.204602
v -0.019487 0.016433 0.204726
v 0.005200 0.009836 0.206867
v -0.019479 0.006147 0.234799
v 0.004102 0.006819 0.237800
v -0.007157 0.007193 0.238817
v -0.019044 0.006657 0.237116
v -0.019044 0.006657 0.237116
v 0.004956 0.005959 0.235333
v 0.004530 0.006720 0.237570
v 0.004530 0.006720 0.237570
v 0.004697 0.006518 0.237091
v -0.019485 0.005281 0.231625
v 0.005191 0.005125 0.232125
v -0.019477 0.015249 0.226720
v 0.004121 0.017255 0.228893
v 0.004715 0.016526 0.228542
v -0.019045 0.016780 0.228432
v -0.019045 0.016780 0.228432
v -0.007155 0.018192 0.229474
v 0.004981 0.014996 0.227421
v 0.004557 0.017013 0.228785
v 0.004557 0.017013 0.228785
v -0.019473 0.012609 0.224313
v 0.005208 0.012598 0.224907
v 0.005281 0.005162 0.206772
v -0.019448 0.004910 0.206223
v -0.019463 0.012863 0.213639
v 0.005261 0.012381 0.213485
v 0.004883 0.015047 0.189398
v 0.004192 0.015700 0.188777
v 0.004706 0.015412 0.189056
v 0.004706 0.015412 0.189056
v 0.004840 0.006367 0.180762
v 0.004900 0.005239 0.186478
v 0.004174 0.006720 0.179672
v 0.002663 0.006220 0.177091
v 0.004673 0.006500 0.180252
v 0.004673 0.006500 0.180252
v 0.005108 0.009208 0.209900
v 0.005108 0.009208 0.209900
v 0.005119 0.006733 0.198800
v 0.005239 0.005830 0.204698
v -0.018993 -0.015261 0.188273
v -0.019471 -0.013226 0.193446
v 0.005094 0.012970 0.219083
v 0.005094 0.012970 0.219083
v 0.005080 0.009140 0.228407
v 0.005080 0.009140 0.228407
v -0.017599 0.011774 0.182976
v -0.019327 0.009388 0.228275
v -0.019327 0.009388 0.228275
v -0.019313 0.013149 0.218957
v -0.019313 0.013149 0.218957
v -0.019299 0.009179 0.209703
v -0.019299 0.009179 0.209703
v -0.019331 0.005129 0.231159
v -0.019331 0.005129 0.231159
v -0.019320 0.012195 0.223987
v -0.019320 0.012195 0.223987
v -0.019294 0.004914 0.206909
v -0.019294 0.004914 0.206909
v -0.019305 0.012089 0.213935
v -0.019305 0.012089 0.213935
v -0.018256 0.011365 0.184348
v -0.018256 0.011365 0.184348
v -0.018264 0.003827 0.178454
v -0.018264 0.003827 0.178454
v -0.017565 0.004592 0.176932
v -0.018266 0.003013 0.181076
v -0.018270 0.006957 0.185685
v -0.018297 0.006906 0.189436
v -0.018582 0.002289 0.199994
v -0.018603 0.001410 0.201195
v -0.018276 0.003230 0.179455
v -0.018323 0.010181 0.186012
v -0.018365 0.009242 0.190004
v -0.018653 0.003101 0.200398
v -0.018677 0.001668 0.201712
v -0.018514 0.003410 0.197501
v -0.018585 0.004610 0.197966
v -0.018949 0.005527 0.198341
v -0.018949 0.005527 0.198341
v -0.018398 0.005169 0.193426
v -0.018466 0.006926 0.193936
v -0.018847 0.008030 0.194293
v -0.018847 0.008030 0.194293
v 0.005110 0.015908 0.205407
v 0.005179 0.012706 0.208365
v 0.005159 0.014778 0.209699
v 0.005025 0.004337 0.194160
v 0.004155 0.003543 0.177379
v 0.004823 0.003155 0.178590
v 0.004637 0.003193 0.177980
v 0.004637 0.003193 0.177980
v -0.007104 0.019233 0.191264
v -0.007169 0.020679 0.197723
v -0.018609 0.017611 0.191734
v -0.018609 0.017611 0.191734
v -0.018957 0.018976 0.197539
v -0.018957 0.018976 0.197539
v 0.004672 0.019173 0.198187
v 0.004672 0.019173 0.198187
v 0.004687 0.017391 0.192324
v 0.004687 0.017391 0.192324
v 0.004899 0.018657 0.198405
v 0.004890 0.016952 0.192608
v 0.001516 0.018393 0.191799
v 0.004112 0.019426 0.198097
v 0.005038 0.015541 0.200643
v 0.004157 0.017708 0.192169
v 0.001504 0.013094 0.234736
v 0.001478 0.019963 0.222297
v 0.001554 0.006949 0.238151
v 0.001566 0.017583 0.229090
v 0.001462 0.019908 0.197965
v 0.004930 0.014170 0.190449
v 0.004898 0.010592 0.186126
v 0.004866 0.002984 0.180504
v 0.004876 0.006058 0.182288
v 0.005048 0.012191 0.198264
v 0.004952 0.016023 0.193684
v 0.005025 0.010032 0.194892
v 0.004982 0.017469 0.199134
v 0.004963 0.007236 0.191456
v -0.001859 -0.005433 0.156031
v -0.007292 -0.007683 0.156031
v 0.004947 0.004506 0.189990
v -0.014975 -0.000000 0.156031
v -0.012725 -0.005433 0.156031
v 0.000391 -0.000000 0.156031
v 0.000391 -0.000000 0.156031
v 0.005076 0.013191 0.201998
v 0.004896 0.002319 0.185525
v 0.004976 0.012131 0.192742
v 0.004922 0.008914 0.188991
v 0.005002 0.014156 0.195980
v -0.019448 0.017442 0.197867
v -0.015642 -0.019817 0.197537
v -0.015715 -0.017515 0.229060
v -0.015715 -0.020028 0.222267
v -0.015715 0.000000 0.239279
v -0.015715 -0.006927 0.238076
v -0.019475 0.007039 0.204334
v -0.019284 0.016405 0.192232
v -0.015715 -0.013108 0.234754
v -0.014680 -0.014899 0.184184
v -0.014985 -0.016600 0.187387
v -0.019442 0.014970 0.192784
v -0.014846 -0.012987 0.181104
v -0.014846 -0.012987 0.181104
v -0.015762 -0.011260 0.179575
v 0.005044 0.017288 0.215453
v -0.015361 -0.018381 0.191469
v -0.015716 -0.020481 0.215856
v 0.004908 0.019151 0.215886
v 0.001449 0.020373 0.216001
v -0.015714 -0.020338 0.204545
v -0.015716 -0.020467 0.211220
v 0.004668 0.019756 0.215978
v 0.004668 0.019756 0.215978
v 0.005202 0.014278 0.214364
v -0.007185 0.021145 0.215990
v 0.004099 0.019983 0.215991
v -0.019044 0.019732 0.215722
v -0.019044 0.019732 0.215722
v -0.019478 0.018093 0.215361
v -0.019480 0.012308 0.198305
v -0.019484 0.009077 0.201728
v -0.019474 0.015603 0.198197
v -0.007185 0.021100 0.204627
v -0.019042 0.019604 0.204537
v -0.019042 0.019604 0.204537
v -0.019479 0.018277 0.204690
v -0.019479 0.013747 0.225307
v -0.019475 0.015341 0.220143
v -0.019483 0.010514 0.229913
v -0.019485 0.005655 0.232932
v -0.019478 0.015898 0.214815
v -0.019045 0.019771 0.211151
v -0.019045 0.019771 0.211151
v -0.019479 0.018396 0.210902
v -0.007185 0.021151 0.211264
v 0.004099 0.019983 0.211270
v 0.001449 0.020376 0.211271
v 0.005044 0.017475 0.210988
v 0.004910 0.019173 0.211247
v 0.004668 0.019759 0.211264
v 0.004668 0.019759 0.211264
v 0.005027 0.017736 0.205102
v 0.004100 0.019944 0.204650
v 0.001450 0.020342 0.204620
v 0.004907 0.019159 0.204771
v 0.004668 0.019718 0.204682
v 0.004668 0.019718 0.204682
v -0.018993 0.015261 0.188273
v -0.019471 0.013226 0.193446
v -0.001859 0.005433 0.156031
v -0.007292 0.007683 0.156031
v -0.012725 0.005433 0.156031
v -0.015642 0.019817 0.197537
v -0.015715 0.017515 0.229060
v -0.015715 0.020028 0.222267
v -0.015715 0.006927 0.238076
v -0.015715 0.013108 0.234754
v -0.014680 0.014899 0.184184
v -0.014985 0.016600 0.187387
v -0.014846 0.012987 0.181104
v -0.014846 0.012987 0.181104
v -0.015762 0.011260 0.179575
v -0.015361 0.018381 0.191469
v -0.015716 0.020481 0.215856
v -0.015714 0.020338 0.204545
v -0.015716 0.020467 0.211220
v 0.004816 -0.010753 0.226178
v 0.004816 -0.010753 0.226178
v 0.005083 -0.010767 0.226442
v 0.005083 -0.010767 0.226442
v 0.005098 0.012728 0.216520
v 0.005098 0.012728 0.216520
v 0.005110 0.016108 0.210473
v -0.019460 0.008216 0.197429
v -0.019432 -0.001449 0.204352
v -0.019457 -0.003920 0.203178
v -0.019474 -0.005787 0.203077
v -0.019479 -0.013102 0.224742
v -0.019469 -0.013391 0.221823
v -0.019476 -0.016299 0.220696
v -0.019477 -0.016463 0.224052
v -0.019476 0.016299 0.220696
v -0.018898 0.014704 0.187022
v 0.000996 -0.003701 0.171265
v 0.002484 -0.003375 0.174322
v 0.001330 -0.006661 0.174845
v -0.007292 -0.007477 0.014814
v -0.010099 -0.006778 0.015071
v -0.012579 -0.005287 0.014814
v -0.010207 -0.007038 0.014602
v -0.010207 -0.007038 0.014602
v 0.005192 0.000000 0.232368
v -0.007292 0.007216 0.015380
v 0.004718 -0.013771 0.186934
v 0.004718 -0.013771 0.186934
v 0.004814 -0.011444 0.184665
v 0.004878 -0.013444 0.187320
v 0.004817 -0.015255 0.189188
v -0.012835 -0.005543 0.014268
v -0.014330 -0.002915 0.014602
v -0.014330 -0.002915 0.014602
v -0.015131 -0.000000 0.014268
v -0.014891 -0.003148 0.013049
v 0.000240 -0.000000 0.017222
v 0.000240 -0.000000 0.017222
v -0.019419 0.009235 0.209632
v 0.005196 0.007462 0.230915
v -0.012415 0.005123 0.000521
v 0.004747 0.003179 0.178252
v -0.019044 0.019768 0.213458
v -0.019044 0.019768 0.213458
v -0.000711 -0.002726 0.093695
v -0.000153 -0.000000 0.094011
v -0.000153 -0.000000 0.094011
v -0.000636 -0.002757 0.094324
v -0.002244 -0.005048 0.094011
v 0.004949 -0.010659 0.190861
v 0.004940 -0.008077 0.190287
v 0.004993 -0.008634 0.193042
v 0.004999 -0.011129 0.193792
v -0.009680 -0.004725 0.000141
v -0.012017 -0.002388 0.000141
v -0.009896 -0.000000 0.000016
v -0.007292 -0.002604 0.000016
v -0.004255 -0.007331 0.121342
v -0.001842 -0.005450 0.164547
v -0.004283 -0.007263 0.167263
v -0.004283 -0.007263 0.167263
v -0.007292 -0.007716 0.138756
v -0.000510 -0.002809 0.093203
v -0.000510 -0.002809 0.093203
v -0.000081 -0.000000 0.093427
v -0.000081 -0.000000 0.093427
v -0.002193 -0.005099 0.093427
v 0.000186 -0.000000 0.014814
v 0.000186 -0.000000 0.014814
v -0.004483 -0.006782 0.093203
v -0.004483 -0.006782 0.093203
v -0.004566 -0.006581 0.093695
v -0.007292 -0.007211 0.093427
v -0.010148 0.006895 0.094800
v -0.010148 0.006895 0.094800
v -0.014824 -0.000000 0.017222
v 0.001528 -0.003522 0.238984
v 0.003456 -0.006861 0.237909
v 0.004101 -0.003457 0.238614
v 0.003420 0.000000 0.238995
v -0.000397 -0.002856 0.094800
v -0.000397 -0.002856 0.094800
v -0.002112 -0.005180 0.094585
v 0.000034 -0.000000 0.094585
v 0.000034 -0.000000 0.094585
v -0.014959 -0.000000 0.095273
v -0.019466 0.016602 0.198050
v -0.018944 0.010833 0.226164
v -0.018944 0.010833 0.226164
v 0.000375 -0.000000 0.095273
v 0.000375 -0.000000 0.095273
v -0.001966 -0.005326 0.017222
v -0.000522 -0.002804 0.016175
v -0.000522 -0.002804 0.016175
v 0.000047 -0.003040 0.023391
v -0.007292 -0.008500 0.102282
v -0.010637 -0.008075 0.107638
v -0.013302 -0.006011 0.102282
v -0.010352 -0.007389 0.097448
v -0.013226 -0.005883 0.169187
v -0.015718 -0.003093 0.171225
v -0.015579 -0.000000 0.169082
v -0.015579 -0.000000 0.169082
v -0.014555 -0.003009 0.167263
v -0.014555 -0.003009 0.167263
v -0.014187 -0.002856 0.094800
v -0.014187 -0.002856 0.094800
v -0.012713 -0.005421 0.095273
v -0.014680 -0.003060 0.097448
v -0.019424 0.000000 0.237184
v -0.004559 0.006599 0.015691
v -0.015367 -0.003345 0.107638
v -0.015792 -0.000000 0.102282
v -0.004535 -0.006656 0.094324
v -0.007292 -0.007139 0.094011
v -0.010049 0.006656 0.094324
v -0.004488 -0.006770 0.016175
v -0.004488 -0.006770 0.016175
v -0.007292 -0.007203 0.015955
v -0.004559 -0.006599 0.015691
v -0.002198 -0.005093 0.015955
v 0.004209 0.004946 0.178370
v 0.004997 -0.016159 0.224505
v 0.004834 -0.015942 0.228195
v 0.004768 -0.017906 0.225389
v 0.004936 -0.018011 0.221891
v 0.004879 -0.002740 0.182911
v 0.004898 -0.003660 0.185890
v 0.004885 -0.005685 0.184238
v 0.004870 -0.004386 0.181198
v -0.002168 -0.005123 0.000521
v -0.003980 -0.007996 0.001637
v -0.003980 -0.007996 0.001637
v -0.007292 -0.007156 0.000512
v -0.004904 -0.004725 0.000141
v 0.004976 -0.015147 0.194769
v 0.004490 0.017538 0.192255
v 0.004669 0.019587 0.201393
v 0.004669 0.019587 0.201393
v -0.004252 -0.007339 0.023391
v -0.001178 -0.006114 0.037977
v -0.003836 -0.008344 0.056877
v -0.007292 -0.008646 0.037977
v 0.005214 0.013415 0.222253
v 0.004818 -0.012688 0.221498
v 0.004818 -0.012688 0.221498
v 0.005090 -0.012717 0.221679
v 0.005090 -0.012717 0.221679
v -0.019195 -0.002110 0.202639
v -0.019315 -0.001121 0.203315
v -0.019315 -0.001121 0.203315
v -0.019193 -0.000000 0.203197
v -0.019193 -0.000000 0.203197
v -0.019031 -0.001021 0.202809
v -0.019031 -0.001021 0.202809
v -0.014618 -0.000000 0.094585
v -0.013948 -0.002757 0.094324
v -0.012472 -0.005180 0.094585
v -0.014999 -0.000000 0.164547
v -0.019195 0.002110 0.202639
v -0.012629 -0.005337 0.092291
v -0.014074 -0.002809 0.093203
v -0.014074 -0.002809 0.093203
v -0.014839 -0.000000 0.092291
v -0.014644 -0.003045 0.087079
v 0.005196 -0.007462 0.230915
v 0.005097 -0.005512 0.233650
v 0.004978 -0.008669 0.234044
v 0.005119 -0.010266 0.230684
v 0.004898 0.003660 0.185890
v 0.004099 -0.019932 0.218889
v 0.003405 -0.019701 0.222231
v 0.004183 0.016812 0.190387
v -0.015727 -0.000000 0.112242
v -0.013257 -0.005965 0.112242
v -0.014623 -0.003036 0.121342
v 0.004971 -0.003036 0.236057
v 0.004884 0.000000 0.237466
v 0.004746 -0.003304 0.237887
v 0.004814 -0.006298 0.236468
v -0.007292 -0.008435 0.112242
v -0.010328 -0.007331 0.121342
v -0.019483 0.007643 0.230376
v -0.018402 0.006336 0.193701
v -0.002350 0.020856 0.211272
v 0.005245 0.013274 0.213906
v -0.019435 -0.013313 0.219027
v -0.019444 -0.012333 0.224083
v -0.019317 -0.012920 0.221519
v -0.019317 -0.012920 0.221519
v 0.004103 -0.019819 0.201333
v 0.004460 -0.019308 0.198140
v -0.014070 -0.002807 0.015071
v -0.014769 -0.000000 0.014814
v -0.014448 -0.000000 0.000513
v -0.003836 0.008344 0.056877
v -0.018369 -0.016808 0.189628
v -0.018369 -0.016808 0.189628
v -0.019093 -0.017060 0.191957
v -0.019416 -0.014625 0.190603
v -0.018681 -0.015668 0.188128
v -0.010300 -0.007263 0.167263
v -0.010300 -0.007263 0.167263
v -0.012748 -0.005456 0.138756
v 0.000256 -0.000000 0.092291
v 0.000256 -0.000000 0.092291
v -0.019478 -0.008630 0.205800
v -0.016661 -0.000000 0.003887
v -0.012415 -0.005123 0.000521
v -0.015288 -0.003312 0.001637
v -0.015288 -0.003312 0.001637
v 0.004516 0.006568 0.180010
v -0.018485 0.012072 0.186928
v 0.000548 -0.000000 0.014268
v 0.000548 -0.000000 0.014268
v -0.000254 -0.002915 0.014602
v -0.000254 -0.002915 0.014602
v -0.001748 -0.005543 0.014268
v 0.000308 -0.003148 0.013049
v 0.005193 0.004950 0.231408
v -0.018840 -0.000000 0.202578
v -0.019423 0.016086 0.227644
v -0.007292 -0.008855 0.010365
v -0.010440 -0.007599 0.013049
v -0.013553 -0.006261 0.010365
v -0.010870 -0.008639 0.006981
v 0.004821 0.010762 0.211770
v 0.004821 0.010762 0.211770
v -0.019404 0.008919 0.194731
v 0.000097 -0.003060 0.097448
v 0.001208 -0.000000 0.102282
v 0.001208 -0.000000 0.102282
v 0.000783 -0.003345 0.107638
v -0.001281 -0.006011 0.102282
v -0.019044 -0.019768 0.213458
v -0.019044 -0.019768 0.213458
v -0.003947 -0.008075 0.107638
v -0.001327 -0.005965 0.112242
v -0.004436 -0.006895 0.094800
v -0.004436 -0.006895 0.094800
v -0.007292 -0.007326 0.094585
v 0.005237 0.009266 0.209851
v -0.017665 0.014314 0.185020
v -0.017665 0.014314 0.185020
v -0.012385 -0.005093 0.015955
v -0.010025 -0.006599 0.015691
v -0.010096 -0.006770 0.016175
v -0.010096 -0.006770 0.016175
v 0.005186 -0.011406 0.207756
v 0.004993 -0.013280 0.230022
v 0.004896 -0.011821 0.233299
v 0.004761 -0.014637 0.231422
v -0.019474 0.012865 0.195200
v -0.017912 0.015289 0.186603
v -0.017912 0.015289 0.186603
v 0.005245 0.000000 0.206013
v 0.004964 -0.016831 0.196177
v 0.004950 -0.018164 0.198680
v -0.004377 -0.007038 0.014602
v -0.004377 -0.007038 0.014602
v -0.007292 -0.007840 0.014268
v -0.004144 -0.007599 0.013049
v -0.019483 -0.007643 0.230376
v -0.019480 -0.011026 0.230699
v -0.019478 -0.009028 0.233498
v -0.019488 -0.005443 0.232191
v -0.010148 -0.006895 0.094800
v -0.010148 -0.006895 0.094800
v -0.007292 -0.007667 0.095273
v -0.019484 0.011997 0.208745
v -0.018587 -0.001293 0.199841
v -0.018597 -0.001797 0.200752
v -0.018608 -0.000825 0.201317
v -0.018604 -0.000000 0.200710
v -0.007292 -0.007216 0.015380
v -0.004484 -0.006778 0.015071
v -0.002189 -0.005102 0.015380
v -0.010101 0.006782 0.093203
v -0.010101 0.006782 0.093203
v -0.019489 0.013840 0.207389
v -0.019479 0.013102 0.224742
v -0.003980 0.007996 0.001637
v -0.003980 0.007996 0.001637
v 0.004638 0.016842 0.228704
v 0.004993 0.013280 0.230022
v -0.014508 -0.000000 0.015380
v -0.012394 -0.005102 0.015380
v -0.013891 -0.002733 0.015691
v -0.007292 0.007707 0.164547
v -0.007292 -0.009369 0.003887
v -0.013917 -0.006625 0.003887
v -0.010604 -0.007996 0.001637
v -0.010604 -0.007996 0.001637
v -0.019085 0.008296 0.194380
v -0.010096 0.006769 0.016175
v -0.010096 0.006769 0.016175
v -0.019423 -0.018353 0.221675
v -0.019045 -0.018239 0.225283
v -0.019045 -0.018239 0.225283
v -0.019423 -0.016086 0.227644
v 0.004102 -0.009986 0.236417
v 0.004422 -0.012769 0.234373
v 0.004565 -0.009853 0.236218
v 0.004565 -0.009853 0.236218
v 0.004382 -0.006776 0.237695
v -0.012391 -0.005099 0.093427
v -0.013872 -0.002726 0.093695
v -0.014502 -0.000000 0.093427
v -0.000136 -0.000000 0.000512
v 0.000704 -0.003312 0.001637
v 0.000704 -0.003312 0.001637
v -0.002567 -0.002388 0.000141
v 0.004588 -0.018454 0.225548
v 0.004588 -0.018454 0.225548
v 0.004767 -0.019150 0.222159
v 0.004638 -0.016842 0.228704
v 0.004815 -0.007179 0.229745
v 0.004815 -0.007179 0.229745
v -0.018945 -0.007269 0.229765
v -0.018945 -0.007269 0.229765
v 0.004761 0.014637 0.231422
v -0.007292 -0.007548 0.092291
v -0.010101 -0.006782 0.093203
v -0.010101 -0.006782 0.093203
v -0.010337 -0.007352 0.087079
v -0.007292 -0.007532 0.017222
v 0.005262 0.011012 0.211270
v -0.001870 -0.005421 0.095273
v 0.004114 -0.018700 0.225610
v 0.004439 -0.019482 0.222200
v 0.004406 -0.017145 0.228843
v 0.001528 -0.010179 0.236742
v 0.003424 -0.012923 0.234532
v -0.019302 -0.010841 0.211676
v -0.019302 -0.010841 0.211676
v -0.019419 -0.009235 0.209632
v -0.019457 -0.011167 0.211240
v -0.019428 -0.012247 0.213905
v 0.001143 -0.000000 0.112242
v 0.001143 -0.000000 0.112242
v 0.000039 -0.003036 0.121342
v -0.000693 -0.002733 0.015691
v -0.000514 -0.002807 0.015071
v -0.000076 -0.000000 0.015380
v -0.000076 -0.000000 0.015380
v -0.007292 -0.008654 0.074545
v -0.013411 -0.006120 0.074545
v -0.010748 -0.008344 0.056877
v -0.018626 0.003782 0.199382
v -0.018345 0.010195 0.188258
v -0.007292 0.007139 0.094011
v 0.004701 -0.008952 0.182164
v 0.004701 -0.008952 0.182164
v 0.004551 -0.011675 0.184302
v 0.004142 -0.009201 0.181609
v 0.004516 -0.006568 0.180010
v 0.004815 -0.002519 0.231672
v 0.004815 -0.002519 0.231672
v 0.005075 -0.002503 0.231921
v 0.005075 -0.002503 0.231921
v 0.004099 0.019983 0.213678
v -0.019024 -0.019375 0.200959
v -0.019024 -0.019375 0.200959
v -0.011885 -0.020366 0.197615
v 0.005191 -0.002608 0.232843
v 0.005193 -0.004950 0.231408
v -0.018938 -0.002502 0.206261
v -0.018938 -0.002502 0.206261
v -0.019293 -0.002496 0.206194
v -0.019293 -0.002496 0.206194
v 0.005219 -0.013082 0.219114
v 0.005207 -0.012086 0.224339
v 0.005214 -0.013415 0.222253
v -0.007061 -0.018273 0.188779
v -0.002315 -0.016937 0.187170
v 0.001550 -0.017478 0.189781
v -0.002299 -0.018948 0.191482
v -0.019476 0.013159 0.211694
v -0.004688 -0.000000 0.000016
v 0.005237 -0.009266 0.209851
v 0.005275 -0.007439 0.207962
v 0.005243 -0.005042 0.207027
v 0.005110 -0.007246 0.208283
v 0.005110 -0.007246 0.208283
v -0.018298 -0.000000 0.177142
v 0.005220 0.007988 0.205735
v -0.019309 -0.012868 0.216395
v -0.019309 -0.012868 0.216395
v -0.019463 -0.013530 0.216569
v -0.019457 -0.005186 0.231312
v -0.019486 -0.002697 0.232396
v -0.019458 0.000000 0.232339
v -0.019332 -0.002623 0.231921
v -0.019332 -0.002623 0.231921
v 0.001052 -0.003456 0.056877
v 0.001363 -0.000000 0.074545
v 0.001363 -0.000000 0.074545
v 0.000060 -0.003045 0.087079
v -0.001172 -0.006120 0.074545
v -0.015946 -0.000000 0.074545
v -0.019044 0.019627 0.218661
v -0.019044 0.019627 0.218661
v -0.004436 0.006895 0.094800
v -0.004436 0.006895 0.094800
v -0.013302 0.006011 0.102282
v -0.001172 0.006120 0.074545
v -0.004483 0.006782 0.093203
v -0.004483 0.006782 0.093203
v 0.001354 -0.000000 0.037977
v 0.001354 -0.000000 0.037977
v -0.014495 -0.000000 0.015955
v -0.014061 -0.002804 0.016175
v -0.014061 -0.002804 0.016175
v 0.000424 -0.000000 0.138756
v 0.000424 -0.000000 0.138756
v -0.007292 0.007326 0.094585
v -0.018814 0.018364 0.194409
v -0.018814 0.018364 0.194409
v -0.001955 -0.005337 0.092291
v 0.005106 0.000000 0.234587
v -0.012340 -0.005048 0.094011
v -0.014431 -0.000000 0.094011
v -0.010049 -0.006656 0.094324
v -0.010018 -0.006581 0.093695
v 0.004903 -0.019045 0.201549
v 0.004811 0.018976 0.198259
v -0.000089 -0.000000 0.015955
v -0.000089 -0.000000 0.015955
v -0.019461 -0.005853 0.200858
v -0.019487 -0.010342 0.203347
v -0.019488 -0.010892 0.205890
v -0.017979 -0.017186 0.228836
v -0.011926 -0.020471 0.222402
v -0.007163 -0.019735 0.226037
v -0.007369 -0.008400 0.169263
v -0.007369 -0.008400 0.169263
v -0.011458 -0.008760 0.172121
v 0.004718 -0.012545 0.234155
v 0.004750 -0.009548 0.235762
v 0.004616 -0.006646 0.237408
v 0.002077 -0.000000 0.003887
v 0.002077 -0.000000 0.003887
v 0.001347 -0.003579 0.006981
v -0.000667 -0.006625 0.003887
v -0.012340 0.005048 0.094011
v 0.004664 -0.019704 0.218880
v 0.004664 -0.019704 0.218880
v -0.019474 0.005787 0.203077
v 0.005199 -0.009210 0.228604
v 0.005078 -0.007162 0.230012
v 0.005078 -0.007162 0.230012
v 0.005119 -0.013716 0.226125
v 0.005135 -0.015262 0.220419
v 0.004894 -0.001152 0.185231
v 0.004864 -0.001526 0.179989
v 0.004876 -0.000000 0.182383
v 0.005230 -0.012080 0.214032
v 0.005262 -0.011012 0.211270
v 0.005105 -0.010813 0.211855
v 0.005105 -0.010813 0.211855
v -0.018399 -0.014513 0.185970
v -0.017912 -0.015289 0.186603
v -0.017912 -0.015289 0.186603
v -0.004247 -0.007352 0.087079
v -0.007162 0.016130 0.232627
v 0.004822 0.007195 0.208202
v 0.004822 0.007195 0.208202
v -0.001842 0.005450 0.164547
v -0.019423 -0.012142 0.232876
v -0.019044 -0.009799 0.235795
v -0.019044 -0.009799 0.235795
v -0.019423 -0.006424 0.236040
v -0.019025 0.011075 0.190029
v 0.004879 0.002740 0.182911
v 0.003376 -0.000000 0.174670
v 0.003376 -0.000000 0.174670
v -0.018289 0.003538 0.178894
v 0.004815 0.007179 0.229745
v 0.004815 0.007179 0.229745
v 0.004183 -0.016812 0.190387
v 0.003454 -0.017971 0.192030
v 0.003459 -0.015957 0.188485
v -0.015636 -0.003456 0.056877
v -0.018944 -0.010833 0.226164
v -0.018944 -0.010833 0.226164
v 0.004169 -0.014065 0.186567
v 0.004525 -0.015541 0.188941
v 0.004822 -0.002528 0.206266
v 0.004822 -0.002528 0.206266
v 0.004834 0.015942 0.228195
v -0.017979 0.000000 0.238898
v -0.019044 -0.003361 0.237981
v -0.019044 -0.003361 0.237981
v -0.011923 -0.007098 0.238550
v -0.007164 -0.003642 0.239699
v 0.005283 -0.002644 0.205992
v 0.005113 -0.002552 0.206325
v 0.005113 -0.002552 0.206325
v -0.007383 -0.012530 0.177611
v -0.003835 -0.009033 0.172275
v -0.000160 -0.009969 0.176915
v -0.002796 -0.013813 0.181443
v -0.015931 -0.003579 0.006981
v -0.016147 -0.000000 0.010365
v 0.005205 -0.011281 0.227249
v -0.012741 0.005450 0.164547
v -0.007292 0.007716 0.138756
v -0.019044 -0.019627 0.218661
v -0.019044 -0.019627 0.218661
v 0.004891 0.011050 0.185321
v 0.005245 0.009637 0.208542
v 0.004894 -0.017876 0.195245
v 0.004929 -0.016599 0.192985
v -0.013406 -0.006114 0.037977
v -0.015938 -0.000000 0.037977
v -0.014631 -0.003040 0.023391
v -0.010332 -0.007339 0.023391
v 0.005024 0.013218 0.197082
v -0.003713 -0.008639 0.006981
v -0.001031 -0.006261 0.010365
v 0.005153 -0.009922 0.204454
v -0.002005 -0.005287 0.014814
v -0.019479 -0.003108 0.235613
v -0.019490 0.000000 0.233235
v -0.007184 -0.021084 0.219001
v 0.004942 0.015215 0.191986
v -0.018833 0.001846 0.202077
v -0.018267 0.004898 0.183062
v -0.000028 -0.003009 0.167263
v -0.000028 -0.003009 0.167263
v 0.001563 -0.000000 0.010365
v 0.001563 -0.000000 0.010365
v -0.019405 -0.002373 0.203285
v -0.019383 -0.000000 0.203889
v -0.003713 0.008639 0.006981
v 0.004821 -0.010762 0.211770
v 0.004821 -0.010762 0.211770
v -0.018940 -0.010757 0.211737
v -0.018940 -0.010757 0.211737
v 0.001533 -0.019057 0.225752
v 0.003471 -0.017360 0.228952
v -0.018347 0.013207 0.185639
v -0.018347 0.013207 0.185639
v 0.004855 -0.008746 0.182634
v 0.004775 -0.006439 0.180482
v 0.005098 -0.012728 0.216520
v 0.005098 -0.012728 0.216520
v 0.004819 -0.012690 0.216431
v 0.004819 -0.012690 0.216431
v -0.004231 -0.007389 0.097448
v 0.004099 0.019932 0.218889
v -0.012618 -0.005326 0.017222
v -0.001391 -0.005936 0.169201
v -0.002244 0.005048 0.094011
v 0.004564 -0.003404 0.238391
v 0.004564 -0.003404 0.238391
v 0.004416 0.000000 0.238784
v -0.018942 -0.012747 0.221473
v -0.018942 -0.012747 0.221473
v -0.010025 0.006599 0.015691
v -0.018946 -0.002564 0.231725
v -0.018946 -0.002564 0.231725
v -0.019478 -0.013640 0.229335
v -0.019045 -0.014919 0.231388
v -0.019045 -0.014919 0.231388
v 0.004584 -0.015077 0.231758
v 0.004584 -0.015077 0.231758
v 0.005260 -0.013020 0.216244
v 0.004915 0.012621 0.188420
v -0.011925 -0.013410 0.235116
v -0.007164 -0.010548 0.237367
v 0.004115 -0.015288 0.231893
v -0.013406 0.006114 0.037977
v -0.007162 -0.016130 0.232627
v 0.004711 0.000000 0.238502
v -0.018968 0.013235 0.186956
v -0.019457 0.003920 0.203178
v -0.018399 0.014513 0.185970
v 0.004696 -0.016506 0.190595
v 0.004696 -0.016506 0.190595
v 0.004887 -0.016105 0.190904
v 0.004814 -0.017204 0.192418
v -0.012394 0.005102 0.015380
v -0.019484 0.010524 0.200222
v 0.004439 0.019482 0.222200
v 0.004814 0.017204 0.192418
v 0.004814 0.006298 0.236468
v 0.004525 0.015541 0.188941
v 0.001453 0.020237 0.201260
v 0.005127 0.015751 0.214943
v -0.011354 0.014960 0.182793
v -0.018624 0.007519 0.194142
v 0.004940 0.008077 0.190287
v -0.002168 0.005123 0.000521
v -0.017063 -0.000000 0.173274
v -0.017063 -0.000000 0.173274
v -0.002189 0.005102 0.015380
v -0.002299 0.018948 0.191482
v -0.012385 0.005093 0.015955
v -0.013917 0.006625 0.003887
v -0.019488 0.005443 0.232191
v -0.010099 0.006778 0.015071
v 0.001292 -0.014861 0.185499
v 0.003248 -0.012140 0.183432
v 0.004169 0.014065 0.186567
v 0.004750 0.009548 0.235762
v 0.004907 -0.007044 0.187502
v 0.004908 -0.009817 0.187475
v 0.004885 -0.008252 0.183986
v 0.005199 0.009210 0.228604
v -0.001955 0.005337 0.092291
v -0.018810 -0.003463 0.200667
v -0.019022 -0.002940 0.201773
v -0.019022 -0.002940 0.201773
v -0.018833 -0.001846 0.202077
v -0.018668 -0.002413 0.201162
v -0.018661 -0.014006 0.185943
v -0.018661 -0.014006 0.185943
v -0.018190 -0.013977 0.185431
v -0.018190 -0.013977 0.185431
v -0.017665 -0.014314 0.185020
v -0.017665 -0.014314 0.185020
v -0.019384 -0.015741 0.192508
v -0.019473 -0.014420 0.219624
v -0.019320 -0.013791 0.187800
v -0.019443 -0.013331 0.189855
v -0.019398 -0.011692 0.190602
v -0.019248 -0.012524 0.188443
v -0.019248 -0.012524 0.188443
v -0.019186 -0.003975 0.201059
v -0.019324 -0.003199 0.202172
v -0.019324 -0.003199 0.202172
v -0.019412 -0.004385 0.201538
v -0.019025 -0.011075 0.190029
v -0.018732 -0.011949 0.188231
v -0.018732 -0.011949 0.188231
v -0.018968 -0.013235 0.186956
v -0.018682 -0.000854 0.202056
v 0.004914 -0.014742 0.189765
v 0.004942 -0.015215 0.191986
v -0.019489 -0.012367 0.204628
v -0.018742 -0.005092 0.198173
v -0.018985 -0.004606 0.199801
v -0.018985 -0.004606 0.199801
v -0.018626 -0.003782 0.199382
v -0.019404 -0.008919 0.194731
v -0.019460 -0.008216 0.197429
v -0.019409 -0.006291 0.198762
v -0.019298 -0.007145 0.196633
v -0.019298 -0.007145 0.196633
v -0.019487 -0.016489 0.207867
v -0.019055 -0.013972 0.186566
v -0.019055 -0.013972 0.186566
v -0.019316 -0.004980 0.200041
v -0.019316 -0.004980 0.200041
v -0.019486 -0.015013 0.210339
v -0.019488 -0.015184 0.204654
v -0.011354 -0.014960 0.182793
v -0.007072 -0.016183 0.184517
v -0.017065 -0.016280 0.187752
v -0.019389 -0.016935 0.194855
v -0.019477 -0.010692 0.196493
v -0.019456 -0.010973 0.193222
v -0.019273 -0.009928 0.192277
v -0.019273 -0.009928 0.192277
v -0.019148 -0.005760 0.198434
v -0.018529 0.005703 0.196064
v -0.019484 -0.011997 0.208745
v -0.018938 -0.007158 0.208174
v -0.018938 -0.007158 0.208174
v -0.019296 -0.007173 0.208094
v -0.019296 -0.007173 0.208094
v -0.016739 0.011609 0.181347
v 0.004976 0.015147 0.194769
v -0.013226 0.005883 0.169187
v -0.011922 0.017949 0.229326
v -0.018159 -0.000000 0.176145
v -0.018159 -0.000000 0.176145
v -0.011945 -0.011766 0.177388
v -0.011945 -0.011766 0.177388
v 0.004929 0.016599 0.192985
v 0.005040 -0.017161 0.218248
v -0.019451 -0.009495 0.228407
v -0.019329 -0.007409 0.229927
v -0.019329 -0.007409 0.229927
v 0.005219 -0.014113 0.216632
v 0.004822 -0.007195 0.208202
v 0.004822 -0.007195 0.208202
v -0.019477 -0.011366 0.226639
v 0.001536 -0.015581 0.232140
v -0.019324 -0.011002 0.226268
v -0.019324 -0.011002 0.226268
v 0.004103 0.019819 0.201333
v 0.004652 -0.004681 0.178898
v 0.004652 -0.004681 0.178898
v 0.004209 -0.004946 0.178370
v 0.004481 -0.003243 0.177700
v -0.019424 0.019187 0.211047
v -0.018941 -0.012721 0.216407
v -0.018941 -0.012721 0.216407
v -0.007292 0.009369 0.003887
v -0.019329 0.007409 0.229927
v -0.019329 0.007409 0.229927
v -0.019470 -0.009816 0.208519
v -0.019476 -0.013159 0.211694
v 0.004588 0.018454 0.225548
v 0.004588 0.018454 0.225548
v 0.001031 -0.000000 0.169140
v 0.001031 -0.000000 0.169140
v 0.004830 -0.004604 0.179463
v 0.004747 -0.003179 0.178252
v 0.004811 -0.018976 0.198259
v 0.002292 -0.009321 0.179389
v 0.003545 -0.006870 0.179013
v 0.003471 0.017360 0.228952
v -0.007292 0.008855 0.010365
v 0.005229 -0.012432 0.211022
v 0.005275 -0.000000 0.204870
v 0.004775 0.006439 0.180482
v 0.005169 -0.003872 0.200388
v 0.005069 -0.005656 0.196188
v 0.005111 -0.002577 0.197784
v 0.005244 -0.003349 0.203885
v 0.005273 -0.005423 0.206115
v 0.005245 -0.009637 0.208542
v 0.005220 -0.007988 0.205735
v -0.019317 0.012920 0.221519
v -0.019317 0.012920 0.221519
v -0.019465 -0.006151 0.205437
v -0.019449 -0.007407 0.207667
v 0.003398 -0.019588 0.198045
v 0.001453 -0.020237 0.201260
v -0.019414 -0.004920 0.206811
v -0.003835 0.009033 0.172275
v 0.004460 0.019308 0.198140
v -0.019411 0.000000 0.205894
v -0.019441 -0.002327 0.205805
v 0.019923 -0.006264 0.212670
v 0.018825 -0.005828 0.212272
v 0.020059 -0.004696 0.212160
v 0.020260 -0.005683 0.212577
v 0.020260 -0.005683 0.212577
v 0.005536 -0.012601 0.221439
v 0.005536 -0.012601 0.221439
v 0.005536 -0.007138 0.229614
v 0.005536 -0.007138 0.229614
v -0.019652 0.011676 0.214096
v -0.019413 0.010680 0.211796
v -0.019413 0.010680 0.211796
v -0.019652 0.008937 0.209995
v -0.019791 0.009995 0.212254
v 0.018836 0.006665 0.213085
v 0.006090 -0.007919 0.225389
v 0.006344 -0.007623 0.223861
v 0.007440 -0.006845 0.224881
v 0.007440 -0.006845 0.224881
v 0.006342 -0.006783 0.225726
v 0.007440 -0.005942 0.225781
v 0.007440 -0.005942 0.225781
v 0.009876 -0.006368 0.225301
v 0.009915 -0.004733 0.225879
v 0.020417 0.000000 0.212078
v 0.020417 0.000000 0.212078
v 0.019160 0.002646 0.211965
v 0.020059 0.004696 0.212160
v 0.020573 0.002608 0.212415
v 0.020573 0.002608 0.212415
v 0.007440 -0.005942 0.212084
v 0.007440 -0.005942 0.212084
v 0.006342 -0.006783 0.212139
v 0.006090 -0.006426 0.211000
v 0.006344 -0.004899 0.211297
v 0.005536 -0.010682 0.211795
v 0.005536 -0.010682 0.211795
v 0.020433 -0.005688 0.224664
v 0.020260 -0.006354 0.224616
v 0.020260 -0.006354 0.224616
v 0.020536 -0.005895 0.223500
v 0.007471 -0.002676 0.226283
v 0.007471 -0.002676 0.226283
v 0.010019 0.000000 0.226008
v 0.020417 -0.006856 0.218933
v 0.019160 -0.006967 0.216287
v 0.020059 -0.006774 0.214239
v 0.020573 -0.006530 0.216333
v 0.020573 -0.006530 0.216333
v 0.018825 0.005828 0.212272
v 0.020059 0.004696 0.225707
v 0.019160 0.002646 0.225900
v 0.020417 0.000000 0.225789
v 0.020572 0.002608 0.225468
v 0.020572 0.002608 0.225468
v 0.020973 0.000000 0.214629
v 0.020989 -0.001500 0.215479
v 0.020989 -0.001500 0.215479
v 0.020913 -0.003449 0.215522
v 0.020835 -0.002374 0.213914
v 0.010019 0.000000 0.211857
v 0.010019 0.000000 0.211857
v 0.009915 -0.004733 0.211986
v 0.007471 -0.002676 0.211581
v 0.007471 -0.002676 0.211581
v 0.007440 0.005942 0.225781
v 0.007440 0.005942 0.225781
v 0.006342 0.006783 0.225726
v 0.006090 0.006426 0.226865
v 0.006344 0.004899 0.226568
v 0.006034 -0.004931 0.209070
v 0.005973 -0.002514 0.207139
v 0.006034 0.000000 0.207965
v 0.006090 -0.002723 0.209684
v 0.006090 0.006426 0.211002
v 0.006342 0.006788 0.212149
v 0.007440 0.005942 0.212085
v 0.007440 0.005942 0.212085
v 0.006344 0.004899 0.211297
v -0.019413 -0.002512 0.231548
v -0.019413 -0.002512 0.231548
v 0.009876 0.006368 0.212565
v 0.009915 0.004733 0.211986
v 0.009915 0.004733 0.225879
v 0.007471 0.002676 0.226283
v 0.007471 0.002676 0.226283
v -0.019413 -0.010692 0.226076
v -0.019413 -0.010692 0.226076
v -0.019652 -0.004836 0.207257
v -0.019413 -0.007131 0.208253
v -0.019413 -0.007131 0.208253
v -0.019652 -0.008937 0.209995
v -0.019791 -0.006679 0.208938
v 0.005536 0.010682 0.226070
v 0.005536 0.010682 0.226070
v 0.005827 -0.008951 0.227884
v 0.005973 -0.006900 0.228922
v 0.005827 -0.004869 0.230603
v 0.005827 -0.004869 0.207262
v 0.005973 -0.006900 0.208942
v 0.005827 -0.008951 0.209981
v 0.005536 -0.007138 0.208250
v 0.005536 -0.007138 0.208250
v 0.009876 -0.006368 0.212564
v 0.018825 0.005828 0.225593
v 0.020980 0.000000 0.221785
v 0.020848 -0.001135 0.221673
v 0.020980 -0.002017 0.220949
v 0.021130 -0.000987 0.221315
v -0.019652 0.011677 0.223769
v -0.019413 0.012607 0.221441
v -0.019413 0.012607 0.221441
v -0.019652 0.012640 0.218933
v -0.019791 0.011790 0.221277
v 0.005536 -0.002506 0.206332
v 0.005536 -0.002506 0.206332
v 0.019160 -0.002646 0.211965
v 0.020573 -0.002608 0.212415
v 0.020573 -0.002608 0.212415
v 0.005536 0.002506 0.231533
v 0.005536 0.002506 0.231533
v 0.006034 -0.007982 0.226925
v 0.005973 -0.009986 0.225840
v 0.006034 -0.009850 0.223893
v 0.018825 -0.005828 0.225593
v 0.019923 -0.006263 0.225197
v 0.020260 -0.005670 0.225301
v 0.020260 -0.005670 0.225301
v 0.020059 -0.004694 0.225707
v 0.006090 -0.009235 0.221684
v 0.006348 -0.008327 0.218932
v 0.007471 -0.007348 0.221615
v 0.007471 -0.007348 0.221615
v 0.005536 0.012601 0.216426
v 0.005536 0.012601 0.216426
v 0.006090 0.002723 0.209684
v 0.007471 0.002676 0.211581
v 0.007471 0.002676 0.211581
v 0.006348 0.000000 0.210600
v 0.019160 -0.002646 0.225900
v 0.010156 0.007023 0.217224
v 0.009535 0.007034 0.215160
v 0.007092 0.007351 0.216412
v 0.007092 0.007351 0.216412
v 0.008430 0.007075 0.218933
v 0.019160 -0.006967 0.221577
v 0.020573 -0.006521 0.221541
v 0.020573 -0.006521 0.221541
v 0.020059 -0.006772 0.223627
v 0.020801 -0.005911 0.218941
v 0.020835 -0.005033 0.221310
v 0.009915 -0.006946 0.214200
v 0.010019 -0.007075 0.218932
v 0.007471 -0.007348 0.216250
v 0.007471 -0.007348 0.216250
v 0.020526 0.006857 0.218933
v 0.019938 0.006974 0.221428
v 0.020092 0.006779 0.223630
v 0.020572 0.006535 0.221541
v 0.020572 0.006535 0.221541
v 0.018825 -0.006661 0.224759
v 0.020913 0.003453 0.215522
v 0.020989 0.001500 0.215479
v 0.020989 0.001500 0.215479
v 0.020835 0.002375 0.213914
v 0.006034 -0.009850 0.213972
v 0.005973 -0.009986 0.212025
v 0.006034 -0.007982 0.210939
v 0.006090 -0.007919 0.212476
v -0.019652 0.000000 0.231574
v -0.019413 0.002512 0.231548
v -0.019413 0.002512 0.231548
v -0.019652 0.004838 0.230610
v -0.019791 0.002345 0.230722
v -0.019413 -0.012603 0.216427
v -0.019413 -0.012603 0.216427
v 0.020259 0.005683 0.225301
v 0.020259 0.005683 0.225301
v 0.019923 0.006264 0.225197
v -0.019652 -0.004838 0.230610
v -0.019791 -0.002345 0.230722
v 0.005827 0.000000 0.231578
v 0.005973 0.002514 0.230726
v 0.005827 0.004869 0.230602
v 0.020944 -0.003358 0.218933
v 0.020840 -0.002954 0.220156
v 0.020942 -0.002387 0.221321
v 0.020989 -0.003458 0.220433
v 0.020989 -0.003458 0.220433
v 0.020944 0.000000 0.215576
v 0.020840 -0.001224 0.215978
v 0.020942 -0.002388 0.216546
v 0.005973 -0.002514 0.230726
v 0.005536 -0.002506 0.231533
v 0.005536 -0.002506 0.231533
v -0.019413 0.007149 0.229625
v -0.019413 0.007149 0.229625
v 0.006034 0.009850 0.223893
v 0.005973 0.009986 0.225840
v 0.006034 0.007982 0.226925
v 0.006090 0.007919 0.225389
v 0.020092 0.006779 0.214236
v 0.020260 0.006368 0.213262
v 0.020260 0.006368 0.213262
v 0.019923 0.006264 0.212670
v 0.020681 -0.002808 0.220095
v 0.020681 -0.002808 0.220095
v 0.020733 -0.003014 0.218932
v 0.020848 -0.002741 0.220068
v 0.020733 -0.002131 0.221063
v -0.019652 0.000000 0.206294
v -0.019413 -0.002502 0.206338
v -0.019413 -0.002502 0.206338
v -0.019791 -0.002345 0.207143
v 0.020681 -0.001163 0.221740
v 0.020681 -0.001163 0.221740
v 0.020733 0.000000 0.221946
v 0.005827 0.000000 0.206287
v 0.005827 0.011670 0.214064
v 0.005973 0.009991 0.212036
v 0.005827 0.008951 0.209982
v 0.005536 0.010682 0.211795
v 0.005536 0.010682 0.211795
v 0.020732 0.000000 0.222036
v 0.020840 -0.001223 0.221886
v 0.020732 -0.002194 0.221127
v 0.020835 -0.005069 0.216594
v 0.020989 -0.003466 0.217441
v 0.020989 -0.003466 0.217441
v 0.020972 -0.004327 0.218941
v 0.020732 -0.003104 0.218932
v 0.006341 0.007620 0.223861
v 0.007456 0.006842 0.224899
v 0.007456 0.006842 0.224899
v 0.006090 -0.002723 0.228181
v 0.006034 0.000000 0.229899
v 0.006034 -0.004931 0.228795
v 0.020980 -0.002852 0.218932
v 0.021130 -0.002383 0.219919
v 0.020848 0.002741 0.220068
v 0.020980 0.002017 0.220949
v 0.021130 0.002383 0.219919
v 0.020980 0.002852 0.218932
v 0.018836 0.006665 0.224780
v 0.020259 0.006368 0.224616
v 0.020259 0.006368 0.224616
v 0.007092 0.007347 0.221464
v 0.007092 0.007347 0.221464
v 0.006287 0.008331 0.218943
v 0.006090 0.009236 0.221686
v 0.005536 0.007138 0.208250
v 0.005536 0.007138 0.208250
v 0.021426 -0.000587 0.220350
v 0.021295 0.000000 0.221040
v 0.021295 -0.001491 0.220423
v 0.021426 -0.001417 0.219519
v 0.021295 -0.002108 0.218932
v 0.006344 -0.007623 0.214004
v 0.006090 -0.009235 0.216181
v 0.009876 0.006368 0.225301
v 0.009535 0.007033 0.222706
v 0.010156 0.007023 0.220641
v 0.020535 0.004566 0.213038
v 0.020260 0.005683 0.212577
v 0.020260 0.005683 0.212577
v 0.020433 0.005730 0.213243
v 0.020535 0.005939 0.214405
v 0.020573 0.006535 0.216333
v 0.020573 0.006535 0.216333
v 0.020800 0.005938 0.218941
v 0.020834 0.005088 0.216594
v 0.006034 0.004931 0.228795
v 0.006090 0.002723 0.228181
v 0.020913 -0.003411 0.222388
v 0.020989 -0.001491 0.222404
v 0.020989 -0.001491 0.222404
v 0.020971 0.000009 0.223288
v 0.020834 -0.002337 0.224024
v 0.021295 0.001491 0.220423
v 0.021130 0.000987 0.221315
v 0.021426 0.000587 0.220350
v 0.020733 -0.002132 0.216800
v 0.020848 -0.002741 0.217797
v 0.020681 -0.002809 0.217768
v 0.020681 -0.002809 0.217768
v -0.019765 -0.009466 0.220815
v -0.019791 -0.011790 0.221277
v -0.019670 -0.007218 0.223756
v -0.019670 -0.007218 0.223756
v -0.020112 -0.006068 0.225000
v -0.020672 -0.007066 0.223654
v -0.020112 -0.007927 0.222216
v 0.005827 -0.011670 0.214062
v 0.005973 -0.011790 0.216411
v 0.005827 -0.012646 0.218932
v 0.005536 -0.012601 0.216426
v 0.005536 -0.012601 0.216426
v 0.020942 0.002388 0.216546
v 0.020840 0.001224 0.215978
v 0.006090 0.009253 0.216224
v 0.006341 0.007638 0.214046
v -0.019652 -0.011676 0.214096
v -0.019652 -0.012640 0.218933
v -0.019791 -0.011790 0.216588
v -0.019765 -0.005362 0.226957
v -0.019791 -0.006679 0.228927
v 0.021130 0.000987 0.216550
v 0.020980 0.000000 0.216080
v 0.020848 0.001135 0.216192
v 0.020980 0.002017 0.216915
v 0.021295 0.002108 0.218932
v 0.021426 0.001417 0.219519
v 0.020980 -0.002017 0.216915
v 0.020848 -0.001135 0.216192
v 0.021130 -0.000987 0.216550
v -0.019670 -0.001694 0.227447
v -0.019670 -0.001694 0.227447
v -0.020112 0.000000 0.227513
v -0.020112 0.000000 0.227513
v -0.020672 -0.001658 0.227268
v -0.020112 -0.003283 0.226859
v 0.020848 0.002741 0.217797
v 0.021130 0.002383 0.217946
v 0.021130 -0.002383 0.217946
v 0.021295 -0.001491 0.217442
v 0.021426 -0.001417 0.218345
v -0.021276 -0.003543 0.224235
v -0.021276 -0.001612 0.222825
v -0.021276 -0.002979 0.221912
v -0.019622 -0.008279 0.222362
v -0.019670 -0.008515 0.220626
v -0.019670 -0.008515 0.220626
v -0.019622 -0.008962 0.218932
v -0.019622 -0.003429 0.210654
v -0.019765 -0.005362 0.210908
v -0.019622 -0.006337 0.212595
v -0.019670 -0.004823 0.211714
v -0.019670 -0.004823 0.211714
v 0.012516 0.007023 0.222895
v 0.010348 0.006936 0.224245
v 0.020944 0.000000 0.222291
v 0.020840 0.001224 0.221887
v 0.020942 0.002388 0.221321
v 0.020989 0.001500 0.222404
v 0.020989 0.001500 0.222404
v 0.020840 0.002954 0.220156
v 0.020944 0.003359 0.218933
v 0.020989 0.003471 0.220433
v 0.020989 0.003471 0.220433
v 0.020989 0.003471 0.217441
v 0.020989 0.003471 0.217441
v 0.020840 0.002954 0.217709
v 0.020733 0.000000 0.215919
v 0.020681 -0.001164 0.216123
v 0.020681 -0.001164 0.216123
v -0.021035 -0.008334 0.218932
v -0.020672 -0.008335 0.220590
v -0.021035 -0.007698 0.222121
v -0.021206 -0.007952 0.220514
v -0.021206 -0.007952 0.220514
v -0.021035 0.007698 0.222121
v -0.020672 0.008335 0.220590
v -0.021035 0.008334 0.218932
v -0.021206 0.007952 0.220514
v -0.021206 0.007952 0.220514
v 0.020840 -0.002954 0.217709
v 0.020732 -0.002196 0.216737
v -0.019791 0.006679 0.208938
v -0.019413 0.007131 0.208253
v -0.019413 0.007131 0.208253
v -0.019652 0.004836 0.207257
v 0.020732 0.000000 0.215828
v 0.020732 0.003104 0.218932
v 0.020732 0.002196 0.221128
v 0.020681 0.002809 0.220097
v 0.020681 0.002809 0.220097
v 0.020733 0.002132 0.221064
v 0.020733 0.003014 0.218932
v -0.019413 0.002502 0.206338
v -0.019413 0.002502 0.206338
v 0.020681 0.001164 0.221742
v 0.020681 0.001164 0.221742
v 0.019938 0.006974 0.216437
v 0.021295 0.000000 0.216824
v 0.021426 -0.000587 0.217515
v 0.006090 0.007936 0.212519
v 0.006034 0.007987 0.210950
v 0.006034 0.009868 0.214014
v 0.006344 -0.004899 0.226568
v 0.006348 0.000000 0.227265
v 0.007440 -0.006845 0.212983
v 0.007440 -0.006845 0.212983
v 0.009915 -0.006946 0.223665
v -0.019791 -0.009995 0.212254
v -0.019765 -0.008025 0.213570
v -0.020112 -0.008581 0.218932
v -0.020672 -0.008335 0.217275
v -0.020112 -0.007927 0.215649
v -0.019670 -0.008515 0.217239
v -0.019670 -0.008515 0.217239
v -0.020112 -0.006068 0.212865
v -0.020672 -0.004722 0.211866
v -0.020112 -0.003283 0.211006
v -0.021276 -0.005303 0.215389
v -0.021276 -0.003892 0.217320
v -0.021276 -0.002979 0.215953
v -0.019765 -0.001883 0.209466
v -0.021035 0.000000 0.227266
v -0.021035 0.000000 0.227266
v -0.020672 0.001658 0.227268
v -0.021035 0.003189 0.226631
v -0.021206 0.001582 0.226884
v -0.021206 0.001582 0.226884
v -0.019765 0.001883 0.228399
v -0.019622 0.003429 0.227211
v -0.019670 0.001694 0.227447
v -0.019670 0.001694 0.227447
v -0.019622 0.000000 0.227894
v -0.021035 0.000000 0.210599
v -0.020672 -0.001658 0.210597
v -0.021035 -0.003189 0.211234
v -0.021206 -0.001582 0.210981
v -0.021206 -0.001582 0.210981
v -0.019622 0.000000 0.209971
v -0.019670 -0.001694 0.210418
v -0.019670 -0.001694 0.210418
v 0.021426 0.000587 0.217515
v 0.021295 0.001491 0.217442
v 0.020848 0.001135 0.221673
v 0.007456 0.006846 0.212976
v 0.007456 0.006846 0.212976
v 0.010348 0.006936 0.213620
v 0.020910 0.003453 0.222387
v 0.020971 0.004354 0.218941
v 0.020832 0.005088 0.221310
v 0.018208 0.007012 0.222702
v -0.020112 0.008581 0.218932
v -0.020112 0.007927 0.222216
v -0.019670 0.008515 0.220626
v -0.019670 0.008515 0.220626
v 0.020681 0.002809 0.217768
v 0.020681 0.002809 0.217768
v 0.020733 0.002132 0.216800
v -0.019791 0.009995 0.225611
v -0.019765 0.008025 0.224295
v -0.021035 0.007698 0.215744
v -0.020672 0.007066 0.214211
v -0.021035 0.005893 0.213040
v -0.021206 0.006741 0.214428
v -0.021206 0.006741 0.214428
v -0.019622 -0.003429 0.227211
v -0.019765 -0.001883 0.228399
v 0.021426 0.001417 0.218345
v -0.019622 0.008279 0.215503
v -0.019765 0.008025 0.213570
v -0.019622 0.006337 0.212595
v -0.019670 0.007218 0.214109
v -0.019670 0.007218 0.214109
v -0.021276 0.005303 0.222476
v -0.021276 0.003892 0.220545
v -0.021276 0.002979 0.221912
v -0.020112 0.006068 0.225000
v -0.020672 0.004722 0.225999
v -0.020112 0.003283 0.226859
v -0.019670 0.004823 0.226151
v -0.019670 0.004823 0.226151
v 0.020681 0.001164 0.216123
v 0.020681 0.001164 0.216123
v -0.021035 -0.003189 0.226631
v -0.021206 -0.001582 0.226884
v -0.021206 -0.001582 0.226884
v 0.020732 0.002196 0.216737
v -0.020112 0.006068 0.212865
v -0.020112 0.007927 0.215649
v -0.019622 -0.008279 0.215503
v -0.019765 -0.009466 0.217050
v -0.019670 0.008515 0.217239
v -0.019670 0.008515 0.217239
v -0.019622 0.008962 0.218932
v -0.019765 0.009466 0.217050
v 0.021482 0.000899 0.218932
v 0.021482 0.000636 0.218297
v -0.019765 0.005362 0.210908
v -0.021035 -0.005893 0.213040
v -0.020672 -0.007066 0.214211
v -0.021035 -0.007698 0.215744
v -0.021206 -0.006741 0.214428
v -0.021206 -0.006741 0.214428
v -0.021276 0.003543 0.213630
v -0.021276 0.001612 0.215040
v -0.021276 0.002979 0.215953
v 0.021482 0.000636 0.219568
v 0.020831 0.002376 0.224023
v 0.020431 0.005730 0.224664
v 0.020533 0.005939 0.223499
v -0.019670 0.001694 0.210418
v -0.019670 0.001694 0.210418
v -0.020112 0.000000 0.210352
v -0.020672 0.001658 0.210597
v -0.020112 0.003283 0.211006
v -0.019791 0.011790 0.216588
v -0.021206 -0.007952 0.217351
v -0.021206 -0.007952 0.217351
v 0.020535 -0.005935 0.214405
v 0.020260 -0.006368 0.213262
v 0.020260 -0.006368 0.213262
v 0.020433 -0.005730 0.213243
v 0.018825 -0.006661 0.213105
v 0.020533 0.004566 0.224873
v 0.006090 -0.006426 0.226865
v 0.020535 -0.004526 0.224874
v 0.020536 -0.004566 0.213038
v 0.020573 -0.002599 0.225468
v 0.020573 -0.002599 0.225468
v 0.021482 -0.000899 0.218932
v 0.021482 -0.000636 0.219568
v 0.021482 -0.000636 0.218297
v 0.005973 0.002514 0.207139
v 0.006034 0.004931 0.209070
v 0.012516 0.007023 0.214970
v 0.018208 0.007012 0.215163
v 0.018560 0.007023 0.217224
v 0.019525 0.007018 0.218932
v 0.018560 0.007023 0.220641
v 0.013162 0.007017 0.222321
v 0.011757 0.007022 0.221689
v 0.017318 0.007022 0.216176
v 0.013162 0.007017 0.215544
v 0.011757 0.007022 0.216176
v 0.011177 0.007017 0.217529
v 0.010631 0.007022 0.218932
v 0.011177 0.007017 0.220336
v 0.017955 0.007017 0.220336
v 0.017318 0.007022 0.221689
v 0.018452 0.007022 0.218932
v 0.017955 0.007017 0.217529
v 0.014566 0.008241 0.219677
v 0.015055 0.008052 0.220113
v 0.015093 0.008241 0.219459
v 0.014566 0.006767 0.221596
v 0.015722 0.006186 0.221724
v 0.016449 0.006767 0.220815
v 0.015429 0.007298 0.221015
v 0.014566 0.007737 0.220711
v 0.015824 0.007737 0.220190
v 0.015746 0.008052 0.219421
v 0.015311 0.008241 0.218932
v 0.017358 0.006186 0.220089
v 0.017229 0.006767 0.218932
v 0.016649 0.007298 0.219795
v 0.016344 0.007737 0.218932
v 0.016649 0.007298 0.218070
v 0.015824 0.007737 0.217675
v 0.015746 0.008052 0.218443
v 0.015093 0.008241 0.218406
v 0.017358 0.006186 0.217776
v 0.016449 0.006767 0.217049
v 0.015429 0.007298 0.216850
v 0.014566 0.007737 0.217154
v 0.015055 0.008052 0.217752
v 0.014566 0.008241 0.218187
v 0.015722 0.006186 0.216140
v 0.014566 0.006767 0.216269
v 0.014077 0.008052 0.217752
v 0.014039 0.008241 0.218406
v 0.013410 0.006186 0.216140
v 0.012683 0.006767 0.217049
v 0.013703 0.007298 0.216850
v 0.013308 0.007737 0.217675
v 0.011774 0.006186 0.217776
v 0.011903 0.006767 0.218932
v 0.012483 0.007298 0.218070
v 0.012787 0.007737 0.218932
v 0.013386 0.008052 0.218443
v 0.013821 0.008241 0.218932
v 0.012483 0.007298 0.219795
v 0.013308 0.007737 0.220190
v 0.013386 0.008052 0.219421
v 0.014039 0.008241 0.219459
v 0.011774 0.006186 0.220089
v 0.012683 0.006767 0.220815
v 0.014077 0.008052 0.220113
v 0.013410 0.006186 0.221724
v 0.013703 0.007298 0.221015
v 0.011859 0.006753 0.217811
v 0.011859 0.006753 0.217811
v 0.012339 0.006858 0.216705
v 0.011448 0.006951 0.217641
v 0.011417 0.006858 0.218932
v 0.013445 0.006753 0.216225
v 0.013445 0.006753 0.216225
v 0.013275 0.006951 0.215815
v 0.016792 0.006849 0.216706
v 0.017272 0.006748 0.217813
v 0.017272 0.006748 0.217813
v 0.017715 0.006856 0.218933
v 0.017683 0.006949 0.217641
v 0.017273 0.006753 0.220054
v 0.017273 0.006753 0.220054
v 0.016793 0.006858 0.221159
v 0.017684 0.006951 0.220224
v 0.013445 0.006753 0.221640
v 0.013445 0.006753 0.221640
v 0.012339 0.006858 0.221159
v 0.013275 0.006951 0.222050
v 0.011859 0.006753 0.220054
v 0.011859 0.006753 0.220054
v 0.011448 0.006951 0.220224
v 0.017065 0.007000 0.216433
v 0.018101 0.007000 0.218932
v 0.012067 0.007000 0.216433
v 0.011031 0.007000 0.218932
v 0.012067 0.007000 0.221432
v 0.017065 0.007000 0.221432
v 0.016561 0.006672 0.220927
v 0.017386 0.006674 0.218934
v 0.016558 0.006679 0.216942
v 0.017124 0.006629 0.217877
v 0.012571 0.006672 0.216938
v 0.013505 0.006609 0.216372
v 0.013505 0.006608 0.221493
v 0.012571 0.006672 0.220927
v 0.012005 0.006608 0.217872
v 0.011745 0.006672 0.218932
v 0.017127 0.006609 0.219993
v -0.021206 0.007952 0.217351
v -0.021206 0.007952 0.217351
v -0.020672 0.008335 0.217275
v -0.019670 -0.007218 0.214109
v -0.019670 -0.007218 0.214109
v -0.019765 0.005362 0.226957
v -0.019622 0.006337 0.225269
v -0.019652 0.008939 0.227871
v -0.019791 0.006679 0.228927
v -0.019413 -0.010680 0.211796
v -0.019413 -0.010680 0.211796
v 0.005827 0.012646 0.218933
v 0.005973 0.011795 0.216422
v 0.005973 0.006900 0.228922
v 0.005827 0.008951 0.227884
v 0.005536 0.007138 0.229614
v 0.005536 0.007138 0.229614
v -0.019413 -0.012607 0.221441
v -0.019413 -0.012607 0.221441
v -0.019652 -0.011677 0.223769
v -0.019622 0.008279 0.222362
v -0.019765 0.009466 0.220815
v -0.021035 0.005893 0.224825
v -0.021206 0.004504 0.225674
v -0.021206 0.004504 0.225674
v 0.005973 0.006900 0.208943
v 0.005827 0.004869 0.207262
v -0.020672 0.004722 0.211866
v -0.021035 0.003189 0.211234
v -0.021206 0.004504 0.212191
v -0.021206 0.004504 0.212191
v -0.021035 -0.005893 0.224825
v -0.021206 -0.006741 0.223437
v -0.021206 -0.006741 0.223437
v -0.019765 -0.008025 0.224295
v -0.019622 -0.006337 0.225269
v -0.019652 -0.008939 0.227871
v -0.019791 -0.009995 0.225611
v -0.019413 0.012603 0.216427
v -0.019413 0.012603 0.216427
v 0.005827 -0.011670 0.223803
v 0.005536 -0.010682 0.226070
v 0.005536 -0.010682 0.226070
v -0.020672 0.007066 0.223654
v -0.021206 0.006741 0.223437
v -0.021206 0.006741 0.223437
v -0.019670 0.007218 0.223756
v -0.019670 0.007218 0.223756
v -0.019413 0.010692 0.226076
v -0.019413 0.010692 0.226076
v 0.005827 0.011670 0.223803
v -0.021206 -0.004504 0.212191
v -0.021206 -0.004504 0.212191
v -0.019622 0.003429 0.210654
v -0.019670 0.004823 0.211714
v -0.019670 0.004823 0.211714
v 0.005536 0.012601 0.221439
v 0.005536 0.012601 0.221439
v 0.005973 -0.011790 0.221454
v -0.021206 0.001582 0.210981
v -0.021206 0.001582 0.210981
v -0.019670 -0.004823 0.226151
v -0.019670 -0.004823 0.226151
v -0.020672 -0.004722 0.225999
v -0.019765 0.001883 0.209466
v -0.019791 0.002345 0.207143
v -0.019413 -0.007149 0.229625
v -0.019413 -0.007149 0.229625
v 0.005536 0.002506 0.206332
v 0.005536 0.002506 0.206332
v -0.021206 -0.004504 0.225674
v -0.021206 -0.004504 0.225674
v 0.005973 0.011791 0.221454
v 0.012005 0.006608 0.219993
v 0.020802 0.000000 0.213045
v 0.020800 0.000009 0.224872
v 0.006034 0.010965 0.218943
v 0.006034 -0.010961 0.218932
v -0.018938 0.007158 0.208174
v -0.018938 0.007158 0.208174
v -0.018520 -0.010046 0.190046
v -0.018345 -0.010195 0.188258
v -0.018485 -0.012072 0.186928
v -0.018555 -0.002793 0.198950
v -0.018562 -0.000000 0.198550
v -0.018520 -0.001924 0.197166
v -0.018289 -0.003538 0.178894
v -0.018277 -0.001159 0.178054
v -0.018279 -0.001417 0.176980
v -0.018279 -0.001417 0.176980
v -0.017692 -0.001914 0.175429
v -0.018108 -0.004105 0.177961
v -0.018280 -0.006672 0.182452
v -0.018242 -0.007694 0.181438
v -0.018242 -0.007694 0.181438
v -0.018323 -0.010812 0.184885
v -0.017553 -0.008357 0.179981
v -0.018067 -0.011695 0.183869
v -0.016389 -0.005472 0.174985
v -0.016739 -0.011609 0.181347
v -0.018347 -0.013207 0.185639
v -0.018347 -0.013207 0.185639
v -0.017620 -0.013460 0.184360
v -0.018646 -0.013455 0.186249
v -0.018646 -0.013455 0.186249
v -0.018267 -0.000000 0.182639
v -0.018276 -0.007477 0.187721
v -0.018312 -0.003897 0.189108
v -0.018291 -0.000000 0.187112
v -0.018272 -0.003906 0.185299
v -0.018901 0.006696 0.196450
v -0.018901 0.006696 0.196450
v -0.018267 -0.004898 0.183062
v -0.018267 -0.003001 0.180223
v -0.018276 -0.008667 0.185888
v -0.018340 -0.006074 0.191332
v -0.018301 -0.008457 0.189777
v -0.018407 -0.008114 0.191884
v -0.018402 -0.006336 0.193701
v -0.018588 -0.002804 0.200176
v -0.018612 -0.001529 0.201414
v -0.018620 -0.000000 0.201819
v -0.018265 -0.001541 0.180541
v -0.018266 -0.000000 0.178767
v -0.018460 0.004237 0.195577
v -0.018366 -0.000000 0.190916
v -0.007292 0.007532 0.017222
v 0.004964 0.016831 0.196177
v -0.018473 -0.000000 0.195077
v -0.004144 0.007599 0.013049
v -0.018624 -0.007519 0.194142
v -0.018901 -0.006696 0.196450
v -0.018901 -0.006696 0.196450
v -0.018529 -0.005703 0.196064
v -0.018521 -0.004183 0.197761
v -0.018460 -0.004237 0.195577
v -0.018411 -0.002915 0.193131
v -0.019085 -0.008296 0.194380
v -0.018793 -0.009402 0.192085
v -0.018793 -0.009402 0.192085
v -0.016389 0.005472 0.174985
v -0.021276 0.006348 0.223174
v -0.021268 0.005567 0.224499
v -0.021268 0.007272 0.221945
v -0.021276 -0.001489 0.226420
v -0.021268 -0.003012 0.226205
v -0.021268 0.000000 0.226805
v -0.021276 -0.006348 0.223174
v -0.021268 -0.007272 0.221945
v -0.021268 -0.005567 0.224499
v -0.021276 -0.001489 0.211445
v -0.021268 0.000000 0.211060
v -0.021268 -0.003012 0.211660
v -0.021276 0.001489 0.226420
v -0.021268 0.003012 0.226205
v -0.021276 0.006348 0.214691
v -0.021268 0.007272 0.215920
v -0.021268 0.005567 0.213366
v -0.021276 0.001489 0.211445
v -0.021268 0.003012 0.211660
v -0.021276 -0.006348 0.214691
v -0.021268 -0.005567 0.213366
v -0.021268 -0.007272 0.215920
v -0.021276 -0.007488 0.217443
v -0.021268 -0.007872 0.218932
v -0.021276 -0.004242 0.212585
v -0.021276 0.004242 0.225280
v -0.021276 0.007488 0.217443
v -0.021268 0.007872 0.218932
v -0.021276 -0.007488 0.220422
v -0.021276 0.007488 0.220422
v -0.021276 -0.004242 0.225280
v -0.021276 0.004242 0.212585
v -0.021276 0.005156 0.224089
v -0.021276 0.006736 0.221723
v -0.021276 -0.001244 0.225188
v -0.021276 -0.002790 0.225669
v -0.021276 0.000000 0.226224
v -0.021276 -0.005303 0.222476
v -0.021276 -0.006736 0.221723
v -0.021276 -0.005156 0.224089
v -0.021276 -0.001244 0.212677
v -0.021276 0.000000 0.211640
v -0.021276 -0.002790 0.212196
v -0.021276 0.001244 0.225188
v -0.021276 0.002790 0.225669
v -0.021276 0.005303 0.215389
v -0.021276 0.006736 0.216142
v -0.021276 0.005156 0.213776
v -0.021276 0.001244 0.212677
v -0.021276 0.002790 0.212196
v -0.021276 -0.005156 0.213776
v -0.021276 -0.006736 0.216142
v -0.021276 -0.006255 0.217688
v -0.021276 -0.007292 0.218932
v -0.021276 -0.003543 0.213630
v -0.021276 0.003543 0.224235
v -0.021276 0.006255 0.217688
v -0.021276 0.007292 0.218932
v -0.021276 -0.006255 0.220177
v -0.021276 0.006255 0.220177
v -0.021276 0.000000 0.223146
v -0.021276 -0.004213 0.218932
v -0.021276 -0.003892 0.220545
v -0.021276 0.000000 0.214719
v -0.021276 -0.001612 0.215040
v -0.021276 0.004213 0.218932
v -0.021276 0.001612 0.222825
v -0.021276 0.003892 0.217320
v -0.004904 0.004725 0.000141
v -0.010337 0.007352 0.087079
v -0.012748 0.005456 0.138756
v -0.017979 0.020143 0.215801
v -0.010352 0.007389 0.097448
v 0.005135 -0.015330 0.207189
v -0.019483 0.017439 0.204738
v 0.005230 0.012080 0.214032
v -0.007292 0.007156 0.000513
v -0.017979 0.006800 0.237697
v 0.021482 0.000000 0.219831
v 0.021482 0.000000 0.218034
v 0.005100 -0.000000 0.197069
v 0.005023 -0.002106 0.193707
v 0.005119 0.010266 0.230684
v 0.004922 -0.004830 0.188375
v 0.004948 -0.005980 0.190457
v 0.004917 -0.001606 0.187435
v 0.004947 -0.002567 0.189573
v 0.004974 -0.004323 0.191629
v 0.004977 -0.000000 0.191161
v 0.004952 -0.013220 0.191539
v 0.004915 -0.012621 0.188420
v 0.004737 -0.000000 0.177404
v -0.007163 0.019735 0.226037
v 0.004818 -0.001622 0.177986
v 0.004628 -0.001637 0.177361
v 0.004628 -0.001637 0.177361
v 0.004462 -0.000000 0.176779
v 0.004462 -0.000000 0.176779
v 0.004110 -0.001881 0.176486
v -0.018814 -0.018364 0.194409
v -0.018814 -0.018364 0.194409
v -0.019362 -0.018278 0.197678
v -0.002796 0.013813 0.181443
v 0.005090 0.012717 0.221679
v 0.005090 0.012717 0.221679
v -0.019416 0.014625 0.190603
v 0.005229 0.012432 0.211022
v 0.005119 -0.008726 0.200521
v 0.005187 -0.006306 0.202262
v 0.005059 -0.008615 0.196370
v 0.005077 -0.011021 0.199807
v 0.005042 -0.011213 0.196671
v 0.005069 0.005656 0.196188
v -0.019324 0.003199 0.202172
v -0.019324 0.003199 0.202172
v 0.004997 0.016159 0.224505
v 0.003248 0.012140 0.183432
v -0.013411 0.006120 0.074545
v -0.002315 0.016937 0.187170
v 0.004679 -0.018355 0.194987
v 0.004679 -0.018355 0.194987
v -0.002340 -0.020410 0.197849
v -0.018108 0.004105 0.177961
v 0.004130 -0.018647 0.194868
v 0.004490 -0.017538 0.192255
v 0.001482 -0.019248 0.194650
v -0.002267 -0.017973 0.229334
v -0.002310 -0.013392 0.235095
v 0.004652 0.004681 0.178898
v 0.004652 0.004681 0.178898
v -0.002329 -0.020421 0.222414
v -0.002274 -0.007104 0.238577
v -0.002312 0.000000 0.239724
v -0.007142 -0.020071 0.194331
v 0.004993 -0.013249 0.194342
v 0.005105 0.010813 0.211855
v 0.005105 0.010813 0.211855
v -0.011945 0.011766 0.177388
v -0.011945 0.011766 0.177388
v 0.004894 0.017876 0.195245
v -0.012629 0.005337 0.092291
v 0.004903 0.019045 0.201549
v 0.004914 -0.000000 0.187099
v 0.004891 -0.011050 0.185321
v 0.004868 -0.006266 0.181223
v 0.004856 -0.003104 0.179168
v 0.004851 -0.000000 0.178342
v -0.011926 0.020471 0.222402
v 0.003553 -0.004373 0.177075
v -0.017537 -0.017987 0.191595
v 0.005024 -0.013218 0.197082
v -0.012835 0.005543 0.014268
v 0.005085 -0.015744 0.203503
v 0.005011 -0.016571 0.199799
v 0.005095 -0.011715 0.202330
v 0.004989 -0.006189 0.192670
v 0.005181 -0.014452 0.212095
v 0.005060 -0.014441 0.201501
v 0.005053 -0.012942 0.199790
v 0.004999 0.011129 0.193792
v 0.005042 0.011213 0.196671
v -0.018732 0.011949 0.188231
v -0.018732 0.011949 0.188231
v 0.005012 -0.014977 0.198050
v -0.019148 0.005760 0.198434
v -0.019273 0.009928 0.192277
v -0.019273 0.009928 0.192277
v -0.019438 0.000000 0.205124
v 0.001449 -0.020375 0.213680
v 0.004900 -0.019090 0.218785
v 0.004099 -0.019983 0.213678
v 0.004668 -0.019757 0.213665
v 0.004668 -0.019757 0.213665
v 0.005124 -0.013063 0.205131
v 0.005127 -0.015751 0.214943
v -0.007185 -0.021150 0.213648
v 0.004811 -0.019551 0.215951
v 0.001452 -0.020320 0.218930
v 0.005245 -0.013274 0.213906
v 0.005045 -0.017372 0.213223
v 0.004977 -0.018429 0.215750
v 0.004451 -0.019884 0.215988
v -0.002350 -0.020850 0.216008
v 0.003383 -0.020100 0.215994
v -0.017979 -0.020143 0.215801
v -0.019477 -0.017808 0.218174
v -0.019479 -0.017070 0.215105
v -0.019479 -0.018418 0.208033
v -0.019423 -0.019020 0.215573
v -0.019480 -0.007874 0.200321
v -0.019481 -0.007954 0.203089
v -0.019485 -0.013203 0.201669
v -0.019484 -0.010524 0.200222
v -0.019458 -0.003569 0.204900
v -0.019478 -0.014249 0.198285
v -0.019456 0.010973 0.193222
v -0.019488 0.015184 0.204654
v -0.007292 0.008646 0.037977
v -0.019093 0.017060 0.191957
v -0.018369 0.016808 0.189628
v -0.018369 0.016808 0.189628
v 0.003545 0.006870 0.179013
v -0.019478 0.009028 0.233498
v -0.007292 0.007477 0.014814
v -0.016646 0.013708 0.183450
v -0.016646 0.013708 0.183450
v 0.005243 0.005042 0.207027
v -0.010440 0.007599 0.013049
v 0.005186 0.011406 0.207756
v -0.013257 0.005965 0.112242
v 0.004814 0.011444 0.184665
v 0.005207 0.012086 0.224339
v 0.004767 0.019150 0.222159
v 0.004422 0.012769 0.234373
v -0.010604 0.007996 0.001637
v -0.010604 0.007996 0.001637
v -0.019444 0.012333 0.224083
v -0.001327 0.005965 0.112242
v 0.004718 0.012545 0.234155
v -0.019186 0.003975 0.201059
v -0.003947 0.008075 0.107638
v 0.004114 0.018700 0.225610
v 0.005260 0.013020 0.216244
v -0.019457 0.005186 0.231312
v 0.004819 0.012690 0.216431
v 0.004819 0.012690 0.216431
v -0.019423 0.018353 0.221675
v -0.018646 0.013455 0.186249
v -0.018646 0.013455 0.186249
v -0.012391 0.005099 0.093427
v -0.019248 0.012524 0.188443
v -0.019248 0.012524 0.188443
v 0.004978 0.008669 0.234044
v 0.004382 0.006776 0.237695
v 0.004887 0.016105 0.190904
v 0.001292 0.014861 0.185499
v -0.019398 0.011692 0.190602
v 0.004896 0.011821 0.233299
v 0.005060 0.014441 0.201501
v -0.004484 0.006778 0.015071
v -0.019486 0.015013 0.210339
v -0.019478 -0.014462 0.225946
v 0.004664 0.019704 0.218880
v 0.004664 0.019704 0.218880
v -0.011458 0.008760 0.172121
v -0.007185 0.021140 0.208151
v -0.007369 0.008400 0.169263
v -0.007369 0.008400 0.169263
v -0.019449 0.007407 0.207667
v -0.002112 0.005180 0.094585
v -0.019045 0.018239 0.225283
v -0.019045 0.018239 0.225283
v -0.007292 0.007211 0.093427
v 0.004481 0.003243 0.177700
v -0.001178 0.006114 0.037977
v 0.001528 0.010179 0.236742
v -0.019477 0.010692 0.196493
v 0.004870 0.004386 0.181198
v -0.010328 0.007331 0.121342
v 0.004115 0.015288 0.231893
v -0.019463 0.013530 0.216569
v -0.019477 0.014724 0.222787
v -0.019457 0.011167 0.211240
v -0.007292 0.007547 0.092291
v -0.001281 0.006011 0.102282
v -0.019405 0.002373 0.203285
v -0.011927 0.020924 0.215928
v 0.005110 0.007246 0.208283
v 0.005110 0.007246 0.208283
v -0.001391 0.005936 0.169201
v -0.012472 0.005180 0.094585
v -0.007383 0.012530 0.177611
v -0.001748 0.005543 0.014268
v 0.004130 0.018647 0.194868
v -0.010870 0.008639 0.006981
v -0.018945 0.007269 0.229765
v -0.018945 0.007269 0.229765
v 0.004142 0.009201 0.181609
v -0.010637 0.008075 0.107638
v 0.004701 0.008952 0.182164
v 0.004701 0.008952 0.182164
v 0.004885 0.005685 0.184238
v -0.019466 -0.016602 0.198050
v -0.019483 -0.016067 0.201410
v -0.019461 -0.015259 0.195315
v -0.007181 -0.020988 0.201147
v -0.019472 -0.017922 0.201214
v -0.011926 -0.020833 0.204591
v -0.019422 -0.019022 0.204607
v -0.019483 -0.017439 0.204738
v -0.019488 0.010892 0.205890
v -0.019484 -0.010051 0.229221
v -0.019482 -0.005889 0.233772
v -0.011923 0.007098 0.238550
v -0.019483 0.000000 0.234844
v -0.018941 0.012721 0.216407
v -0.018941 0.012721 0.216407
v -0.019474 -0.014511 0.214448
v -0.019477 0.011366 0.226639
v -0.019481 -0.012352 0.227736
v 0.005059 0.008615 0.196370
v -0.019476 -0.015683 0.217373
v -0.019486 -0.002873 0.233719
v -0.019484 -0.008245 0.231659
v 0.004948 0.005980 0.190457
v -0.019477 -0.014724 0.222787
v -0.019482 -0.016116 0.212709
v -0.019046 -0.019725 0.208086
v -0.019046 -0.019725 0.208086
v -0.019478 -0.018282 0.213134
v -0.007185 -0.021140 0.208151
v -0.011928 -0.020921 0.211243
v -0.019482 -0.017453 0.210737
v -0.019424 -0.019187 0.211047
v 0.005039 -0.017616 0.208190
v 0.004909 -0.019162 0.213602
v 0.004668 -0.019754 0.208140
v 0.004668 -0.019754 0.208140
v 0.005110 -0.016108 0.210473
v 0.004812 -0.019555 0.211258
v 0.004981 -0.018504 0.211204
v 0.003383 -0.020101 0.211271
v -0.002350 -0.020856 0.211272
v 0.004451 -0.019887 0.211268
v 0.005005 -0.017738 0.202099
v 0.004099 -0.019979 0.208130
v 0.001449 -0.020372 0.208123
v 0.004909 -0.019181 0.208172
v 0.004669 -0.019587 0.201393
v 0.004669 -0.019587 0.201393
v -0.002349 -0.020821 0.204628
v 0.004811 -0.019517 0.204708
v 0.003384 -0.020064 0.204630
v 0.005082 -0.016729 0.205338
v 0.004972 -0.018568 0.204898
v 0.004452 -0.019846 0.204667
v 0.005174 -0.013763 0.208866
v -0.000160 0.009969 0.176915
v -0.019324 0.011002 0.226268
v -0.019324 0.011002 0.226268
v -0.002005 0.005287 0.014814
v 0.005135 0.015262 0.220419
v 0.004974 0.004323 0.191629
v -0.019298 0.007145 0.196633
v -0.019298 0.007145 0.196633
v -0.019423 0.012142 0.232876
v 0.004696 0.016506 0.190595
v 0.004696 0.016506 0.190595
v 0.005205 0.011281 0.227249
v -0.012618 0.005326 0.017222
v -0.019045 0.014919 0.231388
v -0.019045 0.014919 0.231388
v -0.019478 0.013640 0.229335
v 0.005153 0.009922 0.204454
v -0.017620 0.013460 0.184360
v 0.004885 0.008252 0.183986
v 0.004922 0.004830 0.188375
v -0.007164 0.010548 0.237367
v -0.019022 0.002940 0.201773
v -0.019022 0.002940 0.201773
v 0.004584 0.015077 0.231758
v 0.004584 0.015077 0.231758
v 0.005273 0.005423 0.206115
v -0.004231 0.007389 0.097448
v -0.018190 0.013977 0.185431
v -0.018190 0.013977 0.185431
v -0.018810 0.003463 0.200667
v -0.018661 0.014006 0.185943
v -0.018661 0.014006 0.185943
v -0.018668 0.002413 0.201162
v -0.018407 0.008114 0.191884
v 0.004908 0.009817 0.187475
v -0.019412 0.004385 0.201538
v -0.019443 0.013331 0.189855
v -0.019320 0.013791 0.187800
v -0.019473 0.014420 0.219624
v -0.018742 0.005092 0.198173
v -0.019384 0.015741 0.192508
v 0.003424 0.012923 0.234532
v -0.019489 0.012367 0.204628
v 0.004914 0.014742 0.189765
v -0.019302 0.010841 0.211676
v -0.019302 0.010841 0.211676
v -0.019409 0.006291 0.198762
v -0.019428 0.012247 0.213905
v -0.019316 0.004980 0.200041
v -0.019316 0.004980 0.200041
v -0.019055 0.013972 0.186566
v -0.019055 0.013972 0.186566
v -0.019389 0.016935 0.194855
v -0.017065 0.016280 0.187752
v -0.019487 0.016489 0.207867
v -0.018301 0.008457 0.189777
v -0.018242 0.007694 0.181438
v -0.018242 0.007694 0.181438
v -0.019465 0.006151 0.205437
v -0.018520 0.010046 0.190046
v -0.019414 0.004920 0.206811
v -0.018276 0.007477 0.187721
v -0.019423 0.006424 0.236040
v 0.003398 0.019588 0.198045
v -0.018280 0.006672 0.182452
v -0.019451 0.009495 0.228407
v -0.018276 0.008667 0.185888
v -0.017553 0.008357 0.179981
v -0.019470 0.009816 0.208519
v 0.004830 0.004604 0.179463
v 0.005135 0.015330 0.207189
v -0.019309 0.012868 0.216395
v -0.019309 0.012868 0.216395
v -0.007292 0.007667 0.095273
v 0.003384 0.020064 0.204630
v 0.005219 0.013082 0.219114
v -0.018597 0.001797 0.200752
v -0.018555 0.002793 0.198950
v -0.000667 0.006625 0.003887
v -0.018985 0.004606 0.199801
v -0.018985 0.004606 0.199801
v -0.018267 0.003001 0.180223
v 0.004952 0.013220 0.191539
v 0.004406 0.017145 0.228843
v -0.018940 0.010757 0.211737
v -0.018940 0.010757 0.211737
v 0.005275 0.007439 0.207962
v -0.018521 0.004183 0.197761
v 0.003459 0.015957 0.188485
v -0.019024 0.019375 0.200959
v -0.019024 0.019375 0.200959
v -0.017979 0.017186 0.228836
v -0.002198 0.005093 0.015955
v -0.002329 0.020421 0.222414
v -0.013553 0.006261 0.010365
v -0.007292 0.007203 0.015955
v 0.005174 0.013763 0.208866
v 0.005012 0.014977 0.198050
v 0.004900 0.019090 0.218785
v 0.002292 0.009321 0.179389
v 0.004102 0.009986 0.236417
v -0.004535 0.006656 0.094324
v -0.010300 0.007263 0.167263
v -0.010300 0.007263 0.167263
v -0.012579 0.005287 0.014814
v -0.004377 0.007038 0.014602
v -0.004377 0.007038 0.014602
v 0.003454 0.017971 0.192030
v -0.018942 0.012747 0.221473
v -0.018942 0.012747 0.221473
v -0.018067 0.011695 0.183869
v 0.005011 0.016571 0.199799
v 0.004936 0.018011 0.221891
v 0.005078 0.007162 0.230012
v 0.005078 0.007162 0.230012
v -0.015716 0.020481 0.213560
v -0.012713 0.005421 0.095273
v -0.001870 0.005421 0.095273
v 0.004565 0.009853 0.236218
v 0.004565 0.009853 0.236218
v 0.004616 0.006646 0.237408
v 0.004818 0.012688 0.221498
v 0.004818 0.012688 0.221498
v 0.004816 0.010753 0.226178
v 0.004816 0.010753 0.226178
v -0.007072 0.016183 0.184517
v 0.005053 0.012942 0.199790
v 0.003553 0.004373 0.177075
v -0.019487 0.010342 0.203347
v -0.002274 0.007104 0.238577
v 0.004993 0.013249 0.194342
v -0.007142 0.020071 0.194331
v -0.002267 0.017973 0.229334
v -0.019423 0.019020 0.215573
v -0.002350 0.020850 0.216008
v -0.002310 0.013392 0.235095
v 0.001482 0.019248 0.194650
v -0.015321 0.012120 0.180217
v -0.002340 0.020410 0.197849
v 0.005077 0.011021 0.199807
v 0.004679 0.018355 0.194987
v 0.004679 0.018355 0.194987
v -0.019472 0.017922 0.201214
v 0.005187 0.006306 0.202262
v -0.019481 0.007954 0.203089
v 0.005119 0.008726 0.200521
v -0.019362 0.018278 0.197678
v -0.019474 0.014511 0.214448
v -0.019485 0.013203 0.201669
v -0.019478 0.014462 0.225946
v -0.018793 0.009402 0.192085
v -0.018793 0.009402 0.192085
v -0.018612 0.001529 0.201414
v -0.018588 0.002804 0.200176
v -0.019223 -0.014822 0.188453
v -0.019135 -0.015842 0.190023
v -0.018898 -0.014704 0.187022
v -0.019465 -0.014027 0.193091
v -0.019474 -0.012865 0.195200
v -0.019470 -0.012774 0.192383
v -0.019489 -0.013840 0.207389
v 0.004856 0.003104 0.179168
v 0.004868 0.006266 0.181223
v -0.017537 0.017987 0.191595
v 0.005085 0.015744 0.203503
v 0.005181 0.014452 0.212095
v -0.015715 0.015545 0.232143
v 0.004989 0.006189 0.192670
v 0.005095 0.011715 0.202330
v 0.005124 0.013063 0.205131
v 0.001452 0.020320 0.218930
v 0.004451 0.019884 0.215988
v 0.004668 0.019757 0.213665
v 0.004668 0.019757 0.213665
v 0.004977 0.018429 0.215750
v 0.004811 0.019551 0.215951
v 0.001449 0.020375 0.213680
v 0.005045 0.017372 0.213223
v 0.003383 0.020100 0.215994
v -0.019479 0.018418 0.208033
v -0.019480 0.007874 0.200321
v -0.015715 0.019041 0.225728
v -0.019479 0.017070 0.215105
v -0.019477 0.017808 0.218174
v -0.007181 0.020988 0.201147
v -0.019422 0.019022 0.204607
v -0.019461 0.015259 0.195315
v -0.019482 0.005889 0.233772
v -0.011926 0.020833 0.204591
v -0.019478 0.014249 0.198285
v -0.019458 0.003569 0.204900
v -0.019484 0.010051 0.229221
v -0.019476 0.015683 0.217373
v -0.019484 0.008245 0.231659
v -0.019478 0.018282 0.213134
v -0.019482 0.017453 0.210737
v 0.004668 0.019754 0.208140
v 0.004668 0.019754 0.208140
v -0.019046 0.019725 0.208086
v -0.019046 0.019725 0.208086
v 0.004909 0.019162 0.213602
v -0.019482 0.016116 0.212709
v -0.019481 0.012352 0.227736
v -0.011928 0.020921 0.211243
v 0.005039 0.017616 0.208190
v -0.019483 0.016067 0.201410
v 0.003383 0.020101 0.211271
v 0.004981 0.018504 0.211204
v 0.004812 0.019555 0.211258
v 0.004099 0.019979 0.208130
v 0.005005 0.017738 0.202099
v 0.004451 0.019887 0.211268
v -0.004252 0.007339 0.023391
v -0.019461 0.005853 0.200858
v 0.004718 0.013771 0.186934
v 0.004718 0.013771 0.186934
v 0.004855 0.008746 0.182634
v -0.018681 0.015668 0.188128
v -0.019478 0.008630 0.205800
v 0.004950 0.018164 0.198680
v 0.004815 0.002519 0.231672
v 0.004815 0.002519 0.231672
v -0.009680 0.004725 0.000141
v 0.001330 0.006661 0.174845
v 0.005119 0.013716 0.226125
v 0.004993 0.008634 0.193042
v -0.018323 0.010812 0.184885
v -0.007292 0.007840 0.014268
v -0.018938 0.002502 0.206261
v -0.018938 0.002502 0.206261
v -0.001966 0.005326 0.017222
v -0.019044 0.009799 0.235795
v -0.019044 0.009799 0.235795
v -0.019435 0.013313 0.219027
v -0.001031 0.006261 0.010365
v -0.002193 0.005099 0.093427
v -0.004283 0.007263 0.167263
v -0.004283 0.007263 0.167263
v -0.010207 0.007038 0.014602
v -0.010207 0.007038 0.014602
v -0.019469 0.013391 0.221823
v 0.003456 0.006861 0.237909
v 0.004551 0.011675 0.184302
v -0.004255 0.007331 0.121342
v -0.019480 0.011026 0.230699
v 0.003405 0.019701 0.222231
v 0.004817 0.015255 0.189188
v -0.007292 0.008500 0.102282
v -0.007292 0.008435 0.112242
v -0.004488 0.006769 0.016175
v -0.004488 0.006769 0.016175
v 0.001533 0.019057 0.225752
v -0.004566 0.006581 0.093695
v -0.018946 0.002564 0.231725
v -0.018946 0.002564 0.231725
v -0.011925 0.013410 0.235116
v -0.010332 0.007339 0.023391
v -0.010018 0.006581 0.093695
v -0.007292 0.008654 0.074545
v -0.007061 0.018273 0.188779
v -0.019477 0.016463 0.224052
v 0.004949 0.010659 0.190861
v -0.010748 0.008344 0.056877
v 0.004878 0.013444 0.187320
v -0.007184 0.021084 0.219001
v -0.004247 0.007352 0.087079
v 0.004907 0.007044 0.187502
v 0.001536 0.015581 0.232140
v -0.019296 0.007173 0.208094
v -0.019296 0.007173 0.208094
v -0.018340 0.006074 0.191332
v 0.005219 0.014113 0.216632
v 0.005040 0.017161 0.218248
v 0.004822 0.002528 0.206266
v 0.004822 0.002528 0.206266
v 0.004768 0.017906 0.225389
v 0.001550 0.017478 0.189781
v 0.005083 0.010767 0.226442
v 0.005083 0.010767 0.226442
v -0.011885 0.020366 0.197615
v 0.005097 0.005512 0.233650
v -0.007185 0.021150 0.213648
v -0.019108 0.009171 0.228094
v -0.019108 0.004976 0.230908
v -0.019108 0.000000 0.231902
v -0.019108 0.000000 0.231902
v -0.019108 -0.004976 0.230908
v -0.019108 -0.009171 0.228094
v -0.019108 -0.011963 0.223890
v -0.019108 -0.012934 0.218937
v -0.019108 -0.011936 0.213990
v -0.019107 -0.009122 0.209801
v -0.019107 -0.004923 0.207010
v -0.019107 0.000000 0.206033
v -0.019107 0.004923 0.207010
v -0.019107 0.009122 0.209801
v -0.019108 0.011936 0.213990
v -0.019108 0.012934 0.218937
v -0.019108 0.011963 0.223890
v 0.005112 -0.009134 0.228074
v 0.005111 -0.004942 0.230874
v 0.005111 0.000000 0.231857
v 0.005111 0.000000 0.231857
v 0.005111 0.004942 0.230874
v 0.005112 0.009134 0.228074
v 0.005112 0.011934 0.223882
v 0.005112 0.012918 0.218936
v 0.005112 0.011935 0.213992
v 0.005112 0.009136 0.209801
v 0.005112 0.004944 0.207001
v 0.005112 0.000000 0.206017
v 0.005112 -0.004944 0.207001
v 0.005112 -0.009136 0.209801
v 0.005112 -0.011935 0.213992
v 0.005112 -0.012918 0.218936
v 0.005112 -0.011934 0.223882
v -0.001836 -0.005456 0.138756
v -0.007292 -0.007707 0.164547
v 0.004909 0.019181 0.208172
v -0.015008 -0.000000 0.138756
v -0.012741 -0.005450 0.164547
v 0.000415 -0.000000 0.164547
v 0.000415 -0.000000 0.164547
v 0.004811 0.019517 0.204708
v 0.004452 0.019846 0.204667
v -0.002349 0.020821 0.204628
v -0.000202 -0.002937 0.156031
v 0.004972 0.018568 0.204898
v 0.005082 0.016729 0.205338
v -0.014382 -0.002937 0.156031
v -0.010229 -0.007090 0.156031
v 0.001449 0.020372 0.208123
v -0.004355 -0.007090 0.156031
v -0.019135 0.015842 0.190023
v -0.019465 0.014027 0.193091
v -0.019470 0.012774 0.192383
v -0.001836 0.005456 0.138756
v -0.017888 -0.019413 0.197500
v -0.011922 -0.017949 0.229326
v -0.017979 -0.019681 0.222160
v -0.011925 0.000000 0.239750
v -0.017979 -0.006800 0.237697
v -0.017979 -0.012879 0.234449
v -0.016685 -0.014816 0.185091
v -0.011507 -0.017046 0.186866
v -0.017888 0.019413 0.197500
v -0.016646 -0.013708 0.183450
v -0.016646 -0.013708 0.183450
v -0.014998 -0.009475 0.176544
v -0.011722 -0.018927 0.191305
v -0.011927 -0.020924 0.215928
v -0.011507 0.017046 0.186866
v -0.011722 0.018927 0.191305
v -0.017977 -0.019975 0.204519
v -0.017980 -0.020130 0.211199
v -0.017980 0.020130 0.211199
v -0.015176 0.017488 0.189212
v -0.015525 0.019195 0.194299
v -0.015716 -0.020481 0.213560
v -0.015716 -0.020422 0.218838
v -0.016685 0.014816 0.185091
v -0.015176 -0.017488 0.189212
v -0.015321 -0.012120 0.180217
v -0.017979 0.012879 0.234449
v -0.014809 0.015764 0.185778
v -0.014651 -0.013937 0.182515
v -0.014809 -0.015764 0.185778
v -0.015717 0.020425 0.208115
v -0.015525 -0.019195 0.194299
v -0.004355 0.007090 0.156031
v -0.014998 0.009475 0.176544
v -0.010229 0.007090 0.156031
v -0.017977 0.019975 0.204519
v -0.015716 0.020422 0.218838
v -0.015715 -0.015545 0.232143
v -0.015715 -0.010186 0.236707
v -0.015717 -0.020425 0.208115
v -0.015715 -0.003501 0.238959
v -0.015715 0.010186 0.236707
v -0.015715 -0.019041 0.225728
v -0.015698 -0.020171 0.200977
v -0.019223 0.014822 0.188453
v -0.014651 0.013937 0.182515
v -0.017979 0.019681 0.222160
v -0.015698 0.020171 0.200977
v -0.018312 0.003897 0.189108
v -0.013891 0.002733 0.015691
v -0.015931 0.003578 0.006981
v -0.014623 0.003036 0.121342
v -0.014187 0.002856 0.094800
v -0.014187 0.002856 0.094800
v 0.001528 0.003522 0.238984
v -0.014555 0.003009 0.167263
v -0.014555 0.003009 0.167263
v -0.000397 0.002856 0.094800
v -0.000397 0.002856 0.094800
v -0.018265 0.001541 0.180541
v 0.005191 0.002608 0.232843
v 0.004564 0.003404 0.238391
v 0.004564 0.003404 0.238391
v -0.019486 0.002873 0.233719
v -0.018682 0.000854 0.202056
v -0.019044 0.003361 0.237981
v -0.019044 0.003361 0.237981
v -0.014070 0.002807 0.015071
v -0.014382 0.002937 0.156031
v -0.000028 0.003009 0.167263
v -0.000028 0.003009 0.167263
v 0.005283 0.002644 0.205992
v -0.015718 0.003093 0.171225
v -0.007292 0.002604 0.000016
v 0.005169 0.003872 0.200388
v 0.004947 0.002567 0.189573
v -0.007164 0.003642 0.239699
v -0.014891 0.003148 0.013049
v -0.015636 0.003456 0.056877
v 0.000097 0.003060 0.097448
v -0.019031 0.001021 0.202809
v -0.019031 0.001021 0.202809
v 0.004917 0.001605 0.187435
v 0.004864 0.001526 0.179989
v -0.014330 0.002915 0.014602
v -0.014330 0.002915 0.014602
v -0.018411 0.002915 0.193131
v 0.004746 0.003304 0.237887
v -0.018520 0.001924 0.197166
v -0.013872 0.002726 0.093695
v -0.000254 0.002915 0.014602
v -0.000254 0.002915 0.014602
v -0.014644 0.003045 0.087079
v -0.018587 0.001293 0.199841
v -0.014061 0.002804 0.016175
v -0.014061 0.002804 0.016175
v 0.000047 0.003040 0.023391
v -0.019486 0.002697 0.232396
v 0.000308 0.003148 0.013049
v 0.001052 0.003456 0.056877
v -0.014680 0.003060 0.097448
v -0.014631 0.003040 0.023391
v -0.000522 0.002804 0.016175
v -0.000522 0.002804 0.016175
v 0.004894 0.001152 0.185231
v 0.000783 0.003345 0.107638
v -0.019479 0.003108 0.235613
v -0.000693 0.002733 0.015691
v 0.000704 0.003312 0.001637
v 0.000704 0.003312 0.001637
v -0.017692 0.001914 0.175429
v -0.019332 0.002623 0.231921
v -0.019332 0.002623 0.231921
v 0.000039 0.003036 0.121342
v 0.005244 0.003349 0.203885
v -0.018279 0.001417 0.176980
v -0.018279 0.001417 0.176980
v -0.018277 0.001159 0.178054
v 0.005023 0.002106 0.193707
v 0.005111 0.002577 0.197784
v -0.018272 0.003906 0.185299
v 0.000060 0.003045 0.087079
v 0.004101 0.003457 0.238614
v 0.001347 0.003578 0.006981
v -0.018608 0.000825 0.201317
v -0.000711 0.002726 0.093695
v -0.002567 0.002388 0.000141
v 0.004628 0.001637 0.177361
v 0.004628 0.001637 0.177361
v 0.004110 0.001881 0.176486
v 0.004818 0.001622 0.177986
v -0.013948 0.002757 0.094324
v 0.005075 0.002503 0.231921
v 0.005075 0.002503 0.231921
v 0.004971 0.003036 0.236057
v -0.015367 0.003345 0.107638
v -0.012017 0.002388 0.000141
v -0.019293 0.002496 0.206194
v -0.019293 0.002496 0.206194
v -0.019441 0.002327 0.205805
v -0.000510 0.002809 0.093203
v -0.000510 0.002809 0.093203
v -0.014074 0.002809 0.093203
v -0.014074 0.002809 0.093203
v 0.005113 0.002552 0.206325
v 0.005113 0.002552 0.206325
v 0.000996 0.003701 0.171265
v -0.000514 0.002807 0.015071
v 0.002484 0.003375 0.174322
v -0.019432 0.001449 0.204352
v -0.019315 0.001121 0.203315
v -0.019315 0.001121 0.203315
v -0.000636 0.002757 0.094324
v -0.015288 0.003312 0.001637
v -0.015288 0.003312 0.001637
v -0.000202 0.002937 0.156031
v -0.015715 0.003501 0.238959
v -0.019079 0.012097 0.223940
v -0.019075 0.013051 0.218939
v -0.019070 0.012016 0.213953
v -0.019066 0.009151 0.209742
v -0.019064 0.004913 0.206951
v -0.019063 0.000000 0.205991
v -0.019064 -0.004913 0.206951
v -0.019066 -0.009151 0.209742
v -0.019070 -0.012016 0.213953
v -0.019075 -0.013051 0.218939
v -0.019079 -0.012097 0.223940
v -0.019083 -0.009303 0.228196
v -0.019086 -0.005073 0.231056
v -0.019086 0.000000 0.232069
v -0.019086 0.000000 0.232069
v -0.019086 0.005073 0.231056
v -0.019083 0.009303 0.228196
v 0.004874 -0.011958 0.224049
v 0.004879 -0.012947 0.219020
v 0.004883 -0.011973 0.214045
v 0.004886 -0.009176 0.209858
v 0.004889 -0.004976 0.207042
v 0.004890 0.000000 0.206049
v 0.004889 0.004976 0.207042
v 0.004886 0.009176 0.209858
v 0.004883 0.011973 0.214045
v 0.004879 0.012947 0.219020
v 0.004874 0.011958 0.224049
v 0.004871 0.009137 0.228263
v 0.004868 0.004929 0.231058
v 0.004867 0.000000 0.232030
v 0.004867 0.000000 0.232030
v 0.004868 -0.004929 0.231058
v 0.004871 -0.009137 0.228263
v -0.010516 0.007784 0.112242
v -0.019475 -0.013969 0.222238
v 0.000365 0.003200 0.169116
v -0.019194 0.001072 0.203055
v 0.001588 -0.004515 0.173282
v -0.010150 -0.006900 0.014814
v 0.004416 0.015192 0.231832
v 0.004819 -0.013631 0.187091
v -0.014526 -0.002997 0.014268
v 0.004968 0.005548 0.191542
v -0.018143 0.001573 0.176466
v -0.010289 0.007234 0.014268
v -0.000704 -0.002729 0.094011
v 0.004969 -0.009677 0.191961
v -0.009758 -0.002467 0.000032
v -0.004346 -0.007112 0.164547
v -0.000638 -0.002756 0.093427
v 0.004812 0.018161 0.195071
v -0.004536 -0.006654 0.093427
v 0.003447 0.018812 0.225650
v 0.003438 -0.003478 0.238727
v -0.000531 -0.002800 0.094585
v -0.004068 0.007784 0.112242
v 0.004796 0.008860 0.182371
v -0.002350 0.020852 0.208140
v -0.016490 0.008814 0.178222
v -0.000341 -0.002879 0.017222
v -0.010541 -0.007844 0.102282
v -0.014960 -0.003136 0.169105
v -0.014367 -0.002931 0.095273
v -0.019423 0.003245 0.236881
v -0.015136 -0.003249 0.102282
v -0.004563 -0.006588 0.094011
v 0.004968 0.018342 0.218626
v -0.004538 -0.006647 0.015955
v -0.010021 0.006588 0.094011
v 0.004872 -0.017237 0.225138
v 0.004881 -0.004093 0.183406
v -0.004503 -0.006617 0.000515
v -0.019257 -0.017711 0.194602
v 0.004537 0.009043 0.181949
v -0.019423 0.014341 0.230436
v -0.003987 -0.007979 0.037977
v -0.019194 -0.001072 0.203055
v -0.014052 -0.002800 0.094585
v -0.010177 0.006965 0.092291
v -0.014257 -0.002885 0.092291
v 0.005107 -0.008015 0.232402
v -0.019257 0.017711 0.194602
v 0.004451 -0.019882 0.208136
v 0.004811 0.019553 0.213645
v 0.004879 0.008579 0.183061
v -0.015076 -0.003224 0.112242
v 0.004848 -0.003201 0.237226
v -0.010516 -0.007784 0.112242
v -0.019412 0.002481 0.206120
v 0.003383 0.020101 0.213681
v 0.004451 0.019882 0.208136
v -0.019440 -0.013072 0.221604
v 0.004758 0.004647 0.179152
v 0.004454 -0.019716 0.201361
v -0.010048 0.006654 0.093427
v -0.014192 -0.002858 0.014814
v -0.015271 0.003305 0.037977
v -0.018885 -0.016365 0.189817
v -0.010238 -0.007112 0.164547
v -0.004123 0.007743 0.169234
v -0.018523 0.015019 0.186830
v -0.013909 -0.002789 0.000515
v -0.002482 0.015644 0.184803
v -0.000057 -0.002997 0.014268
v -0.004043 0.007844 0.102282
v -0.002273 0.018002 0.189189
v -0.010677 -0.008171 0.010365
v -0.002293 0.003600 0.239437
v 0.000552 -0.003249 0.102282
v -0.017981 -0.020079 0.208099
v -0.004068 -0.007784 0.112242
v -0.004492 -0.006761 0.094585
v -0.004407 0.006965 0.092291
v 0.004939 -0.017456 0.195584
v -0.014404 -0.002946 0.164547
v -0.010045 -0.006647 0.015955
v -0.019407 0.007528 0.196854
v 0.004867 -0.014106 0.230950
v -0.010050 0.006659 0.015380
v -0.019482 0.002984 0.234569
v -0.019438 -0.016161 0.195105
v -0.004295 -0.007235 0.014268
v -0.019445 0.001879 0.205117
v -0.019481 -0.008621 0.232484
v -0.010223 -0.007075 0.095273
v -0.019391 0.001216 0.203738
v -0.018602 -0.001019 0.200710
v -0.004534 -0.006659 0.015380
v -0.018604 0.002186 0.200909
v 0.000879 0.003385 0.010365
v -0.004503 0.006617 0.000515
v -0.013951 -0.002758 0.015380
v -0.013939 0.002753 0.015955
v -0.010873 -0.008646 0.003887
v -0.019468 0.004806 0.204163
v -0.019423 -0.017435 0.224736
v 0.004400 -0.009927 0.236326
v -0.013946 -0.002756 0.093427
v -0.000675 -0.002789 0.000515
v 0.004687 -0.018266 0.225497
v -0.015076 0.003224 0.112242
v -0.014192 0.002858 0.014814
v -0.010177 -0.006965 0.092291
v -0.004413 -0.006951 0.017222
v -0.019454 0.007494 0.230071
v -0.000217 -0.002931 0.095273
v 0.004419 -0.018590 0.225581
v 0.003438 -0.010047 0.236517
v -0.019423 -0.010935 0.211612
v 0.000492 -0.003224 0.112242
v -0.000633 -0.002758 0.015380
v -0.010600 -0.007986 0.074545
v 0.004978 0.018548 0.208211
v 0.005107 0.008015 0.232402
v -0.010289 -0.007235 0.014268
v 0.004537 -0.009043 0.181949
v -0.017957 -0.019785 0.200933
v 0.005192 -0.002517 0.232128
v 0.005212 -0.012838 0.221797
v -0.002273 -0.018002 0.189189
v -0.004825 -0.002467 0.000032
v 0.005241 -0.007299 0.208241
v -0.010150 0.006900 0.014814
v -0.019431 -0.013039 0.216430
v -0.019440 0.013072 0.221604
v -0.010223 0.007075 0.095273
v 0.004451 0.019886 0.213674
v -0.019484 0.014745 0.201448
v -0.019458 -0.002652 0.232078
v 0.000695 -0.003308 0.074545
v 0.004819 0.013631 0.187091
v -0.017981 0.020079 0.208099
v -0.019465 0.007943 0.206895
v -0.017979 0.020146 0.213525
v 0.004926 0.006479 0.189107
v 0.000687 -0.003305 0.037977
v -0.013939 -0.002753 0.015955
v 0.004815 0.016333 0.190705
v 0.004400 0.009927 0.236326
v -0.014960 0.003136 0.169105
v -0.018825 0.002687 0.201482
v -0.000327 -0.002885 0.092291
v -0.013880 -0.002729 0.094011
v -0.010021 -0.006588 0.094011
v 0.005205 0.004411 0.202214
v -0.000645 -0.002753 0.015955
v -0.019478 -0.006748 0.201808
v -0.019007 0.012308 0.188234
v -0.017979 -0.018695 0.225564
v 0.004977 0.002341 0.191369
v -0.010550 -0.007710 0.169215
v 0.004666 -0.009747 0.236068
v 0.001354 -0.003581 0.003887
v -0.000675 0.002789 0.000515
v 0.004978 -0.018548 0.208211
v 0.004980 0.018466 0.213501
v 0.005196 -0.007211 0.230217
v 0.005126 -0.014703 0.223366
v 0.004877 -0.001388 0.182537
v 0.005233 -0.010876 0.211793
v -0.003984 -0.007986 0.074545
v -0.014404 0.002946 0.164547
v -0.019448 0.011126 0.226382
v -0.004407 -0.006965 0.092291
v -0.013909 0.002789 0.000515
v -0.000704 0.002729 0.094011
v -0.019423 -0.009451 0.234730
v -0.010050 -0.006659 0.015380
v 0.004663 0.003365 0.238224
v -0.011927 0.020863 0.218935
v 0.003488 -0.017071 0.190177
v 0.004687 0.018266 0.225497
v -0.015278 -0.003308 0.074545
v 0.004544 -0.013893 0.186788
v 0.004903 0.013162 0.187702
v -0.017979 0.020080 0.218763
v 0.005134 0.015582 0.217555
v -0.017979 -0.003434 0.238574
v 0.005245 -0.002575 0.206272
v -0.003345 -0.011378 0.176826
v -0.015938 -0.003581 0.003887
v -0.015463 -0.003385 0.010365
v 0.005120 -0.012206 0.228577
v -0.015463 0.003385 0.010365
v -0.015938 0.003581 0.003887
v 0.004962 0.018497 0.201754
v -0.019423 -0.018822 0.218467
v -0.010048 -0.006654 0.093427
v -0.010677 0.008171 0.010365
v -0.015271 -0.003305 0.037977
v -0.010092 -0.006761 0.094585
v -0.010597 -0.007979 0.037977
v -0.019423 0.017435 0.224736
v -0.003907 0.008171 0.010365
v -0.003907 -0.008171 0.010365
v -0.010081 -0.006617 0.000515
v -0.004434 -0.006900 0.014814
v -0.019482 -0.002984 0.234569
v -0.019424 -0.019165 0.208068
v 0.005101 0.002808 0.234365
v -0.013951 0.002758 0.015380
v -0.019423 0.019133 0.213321
v -0.000180 -0.002946 0.164547
v 0.000879 -0.003385 0.010365
v -0.019391 -0.001216 0.203738
v -0.014257 0.002885 0.092291
v 0.005212 0.012838 0.221797
v -0.003711 -0.008646 0.003887
v 0.003447 -0.018812 0.225650
v 0.000695 0.003308 0.074545
v -0.018465 0.005199 0.195846
v -0.019483 -0.017538 0.207967
v -0.018110 0.013473 0.185177
v -0.004295 0.007234 0.014268
v 0.004796 -0.008860 0.182371
v -0.004043 -0.007844 0.102282
v -0.004413 0.006951 0.017222
v 0.004544 0.013893 0.186788
v -0.014243 -0.002879 0.017222
v -0.004123 -0.007743 0.169234
v 0.005203 -0.010858 0.226627
v -0.000057 0.002997 0.014268
v -0.010171 -0.006951 0.017222
v 0.004854 0.009194 0.235154
v -0.018500 0.011183 0.188310
v -0.000392 -0.002858 0.014814
v 0.004399 -0.003434 0.238512
v -0.019489 0.002774 0.232969
v -0.019423 -0.014341 0.230436
v 0.004680 -0.014925 0.231651
v 0.005225 -0.012805 0.216505
v -0.019193 0.003081 0.201966
v 0.003438 0.003478 0.238727
v -0.019423 0.010935 0.211612
v -0.017979 -0.010008 0.236360
v -0.019477 0.015553 0.223394
v 0.004416 -0.015192 0.231832
v 0.004872 0.017237 0.225138
v -0.017979 -0.015261 0.231876
v 0.004867 0.014106 0.230950
v -0.002347 0.020719 0.201213
v 0.004921 0.003107 0.187894
v 0.004811 0.019387 0.201443
v 0.005277 0.002823 0.205282
v 0.004815 -0.016333 0.190705
v -0.017979 0.015261 0.231876
v -0.018267 0.001114 0.179007
v -0.014052 0.002800 0.094585
v 0.004449 0.019833 0.218887
v -0.017957 0.019785 0.200933
v -0.017979 0.018695 0.225564
v -0.019482 0.011794 0.227113
v 0.005245 0.002575 0.206272
v 0.005225 0.012805 0.216505
v 0.005049 0.016796 0.202632
v -0.010600 0.007986 0.074545
v -0.014367 0.002931 0.095273
v -0.010873 0.008646 0.003887
v -0.004346 0.007112 0.164547
v -0.004492 0.006761 0.094585
v -0.019052 0.009704 0.192143
v -0.011817 0.019754 0.194286
v -0.019487 0.011662 0.202376
v -0.004534 0.006659 0.015380
v -0.019480 0.014715 0.212415
v 0.004812 0.019552 0.208148
v -0.019416 0.007209 0.208013
v -0.019479 0.009266 0.198552
v -0.018687 0.006232 0.196279
v -0.018838 0.000941 0.202449
v 0.005241 0.007299 0.208241
v 0.003330 -0.014359 0.186164
v -0.019438 0.016161 0.195105
v 0.000492 0.003224 0.112242
v -0.019473 0.011812 0.194240
v -0.010241 0.007120 0.138756
v 0.004454 0.019716 0.201361
v 0.003425 0.002432 0.175546
v 0.004969 0.009677 0.191961
v 0.004893 -0.007690 0.185624
v 0.004848 0.003201 0.237226
v -0.019471 0.014104 0.195431
v 0.004930 0.011713 0.189579
v -0.019481 0.017291 0.212927
v -0.019119 0.006943 0.196542
v 0.004805 0.019498 0.218855
v -0.018564 0.008805 0.192020
v -0.004361 -0.007075 0.095273
v -0.014243 0.002879 0.017222
v -0.003345 0.011377 0.176826
v -0.000217 0.002931 0.095273
v -0.011614 0.017992 0.188877
v -0.018825 -0.002687 0.201482
v -0.018289 -0.014210 0.185568
v -0.019423 0.009451 0.234730
v -0.011817 -0.019754 0.194286
v -0.019385 -0.012883 0.188948
v -0.019193 -0.003081 0.201966
v -0.019411 -0.003429 0.202539
v -0.019007 -0.012308 0.188234
v -0.018838 -0.000941 0.202449
v 0.004922 -0.015785 0.191280
v -0.018783 -0.004212 0.199608
v -0.019407 -0.007528 0.196854
v -0.019471 -0.014104 0.195431
v -0.019477 -0.016771 0.217798
v -0.019411 -0.005287 0.200306
v 0.005203 0.010858 0.226627
v 0.004740 0.001634 0.177640
v 0.004881 0.004093 0.183406
v -0.011413 -0.016116 0.185000
v -0.019401 -0.010339 0.192588
v -0.019171 -0.004816 0.199916
v -0.018618 0.000795 0.201714
v -0.000633 0.002758 0.015380
v -0.010092 0.006761 0.094585
v -0.019481 0.008621 0.232484
v -0.010238 0.007112 0.164547
v 0.003384 0.020097 0.208122
v 0.004419 0.018590 0.225581
v -0.018296 0.001287 0.177436
v 0.004939 0.017456 0.195584
v -0.004538 0.006647 0.015955
v -0.011408 -0.013392 0.179961
v 0.005233 0.010876 0.211793
v 0.005016 0.012284 0.195458
v 0.005118 0.015895 0.212691
v -0.019454 -0.007493 0.230071
v 0.005134 -0.015582 0.217555
v 0.004663 -0.003365 0.238224
v 0.004854 -0.009194 0.235154
v -0.019482 -0.011794 0.227113
v 0.003449 -0.015381 0.231967
v -0.019423 -0.003244 0.236881
v -0.018602 0.001019 0.200710
v -0.017979 0.010008 0.236360
v 0.004501 -0.004735 0.178642
v -0.015278 0.003308 0.074545
v 0.005101 -0.002808 0.234365
v -0.018266 0.002728 0.182822
v -0.000341 0.002879 0.017222
v -0.019473 -0.011542 0.210242
v -0.015136 0.003249 0.102282
v -0.018285 0.004210 0.187317
v -0.004343 0.007120 0.138756
v 0.004758 -0.004647 0.179152
v -0.003987 0.007979 0.037977
v 0.004811 -0.019387 0.201443
v 0.003364 -0.009416 0.180934
v 0.003364 0.009416 0.180934
v -0.004563 0.006588 0.094011
v -0.000392 0.002858 0.014814
v 0.005075 0.009886 0.198296
v 0.000365 -0.003200 0.169116
v 0.005073 0.011915 0.200598
v 0.005255 -0.013344 0.215685
v -0.013342 0.010509 0.176286
v -0.016617 0.014233 0.184141
v 0.005119 -0.003966 0.198219
v 0.005277 -0.002823 0.205282
v -0.004536 0.006654 0.093427
v 0.005260 -0.007705 0.207236
v 0.005024 0.007326 0.194372
v -0.019489 0.015236 0.207708
v -0.004361 0.007075 0.095273
v -0.019465 -0.007943 0.206895
v 0.003388 -0.019949 0.201300
v -0.002482 -0.015644 0.184803
v -0.018885 0.016365 0.189817
v 0.004852 0.001594 0.178581
v -0.019448 -0.011126 0.226382
v -0.019416 -0.007209 0.208013
v -0.004434 0.006900 0.014814
v 0.004988 0.015961 0.197063
v 0.004507 0.016646 0.190507
v 0.004877 0.001388 0.182537
v 0.005119 0.014483 0.205240
v -0.019412 -0.002481 0.206120
v -0.019431 0.013039 0.216430
v 0.019944 -0.005787 0.212358
v -0.019652 0.010508 0.211911
v 0.006342 -0.007207 0.225106
v 0.009882 -0.005855 0.225644
v 0.020284 0.002636 0.212086
v 0.006342 -0.006152 0.211715
v 0.020408 -0.006005 0.224422
v 0.009981 -0.002652 0.225985
v 0.020285 -0.006848 0.216298
v 0.020284 0.002636 0.225781
v 0.020945 -0.001917 0.214806
v 0.009981 -0.002652 0.211880
v 0.006342 0.006152 0.226150
v 0.006034 -0.002624 0.208309
v 0.006342 0.006153 0.211716
v 0.009882 0.005855 0.212221
v 0.009981 0.002652 0.225985
v -0.019652 -0.007021 0.208425
v 0.005827 -0.007049 0.229440
v 0.005827 -0.007049 0.208425
v 0.009882 -0.005855 0.212221
v 0.020980 -0.001090 0.221565
v -0.019652 0.012396 0.221398
v 0.020284 -0.002636 0.212086
v 0.006034 -0.008988 0.225640
v 0.019944 -0.005786 0.225509
v 0.006346 -0.008090 0.221675
v 0.006346 0.002723 0.210833
v 0.008644 0.007063 0.216828
v 0.020285 -0.006847 0.221568
v 0.020710 -0.005891 0.221482
v 0.009981 -0.007052 0.216280
v 0.020377 0.006849 0.221554
v 0.020945 0.001918 0.214806
v 0.006034 -0.008988 0.212224
v -0.019652 0.002466 0.231329
v 0.019944 0.005787 0.225509
v -0.019652 -0.002466 0.231329
v 0.005827 0.002486 0.231328
v 0.020943 -0.003104 0.220227
v 0.020943 -0.001294 0.215829
v 0.005827 -0.002486 0.231328
v 0.006034 0.008988 0.225640
v 0.019948 0.006577 0.213145
v 0.020733 -0.002781 0.220084
v -0.019652 -0.002465 0.206538
v 0.020733 -0.001152 0.221713
v 0.005827 -0.002486 0.206537
v 0.005827 0.010508 0.211884
v 0.020732 -0.001186 0.221796
v 0.020945 -0.004162 0.217040
v 0.020732 -0.002864 0.220119
v 0.009981 0.002652 0.211880
v 0.006344 0.007207 0.225108
v 0.006034 -0.002624 0.229556
v 0.020980 -0.002632 0.220023
v 0.020980 0.002632 0.220023
v 0.019948 0.006577 0.224721
v 0.006301 0.008090 0.221662
v 0.021295 -0.000807 0.220880
v 0.021295 -0.001947 0.219739
v 0.006346 -0.008090 0.216190
v 0.009882 0.005855 0.225644
v 0.008644 0.007063 0.221038
v 0.020408 0.005488 0.212926
v 0.020709 0.005930 0.216410
v 0.006034 0.002624 0.229556
v 0.020944 -0.001891 0.223111
v 0.021295 0.000807 0.220880
v 0.020733 -0.002782 0.217780
v -0.020112 -0.007134 0.223699
v 0.005827 -0.012395 0.216445
v 0.020943 0.001294 0.215829
v 0.006301 0.008102 0.216235
v -0.019652 -0.012396 0.216467
v 0.020980 0.001090 0.216300
v 0.021295 0.001947 0.219739
v 0.020980 -0.001090 0.216300
v -0.020112 -0.001674 0.227347
v 0.020980 0.002632 0.217842
v 0.021295 -0.001947 0.218126
v 0.020980 -0.002632 0.217842
v -0.021276 -0.002676 0.222937
v -0.019622 -0.008789 0.220680
v -0.019622 -0.004979 0.211482
v 0.011437 0.007014 0.223520
v 0.020943 0.001294 0.222038
v 0.020943 0.003106 0.220227
v 0.009930 0.006711 0.224856
v 0.020943 0.003106 0.217639
v 0.020733 -0.001153 0.216151
v -0.021035 -0.008173 0.220558
v -0.021035 0.008173 0.220558
v 0.020732 -0.002865 0.217745
v 0.005827 -0.010507 0.211882
v -0.019652 0.007021 0.208425
v 0.020732 -0.001187 0.216068
v 0.020732 0.002865 0.220120
v 0.020733 0.002782 0.220085
v 0.020732 0.001187 0.221797
v 0.020377 0.006849 0.216312
v 0.021295 -0.000807 0.216985
v 0.006034 0.009001 0.212255
v 0.006346 -0.002723 0.227032
v 0.009882 -0.006711 0.213078
v 0.009882 -0.006711 0.224787
v -0.020112 -0.008415 0.217259
v -0.020112 -0.004767 0.211799
v -0.021276 -0.004004 0.216257
v -0.021035 0.001625 0.227105
v -0.019622 0.001748 0.227721
v -0.021035 -0.001625 0.210760
v -0.019622 -0.001748 0.210144
v 0.021295 0.000807 0.216985
v 0.020980 0.001090 0.221565
v 0.006344 0.007219 0.212788
v 0.009930 0.006711 0.213010
v 0.020942 0.004176 0.220852
v -0.020112 0.008415 0.220606
v 0.020733 0.002782 0.217780
v -0.021035 0.006928 0.214303
v -0.019622 -0.001748 0.227721
v 0.021295 0.001947 0.218126
v -0.019622 0.007451 0.213954
v -0.021276 0.004004 0.221608
v -0.020112 0.004767 0.226066
v 0.020733 0.001153 0.216151
v 0.020943 -0.003105 0.217639
v -0.021035 -0.001625 0.227105
v 0.020732 0.002865 0.217745
v -0.020112 0.007134 0.214166
v -0.019622 -0.008789 0.217184
v 0.020732 0.001187 0.216068
v -0.019622 0.008789 0.217184
v 0.021478 0.000966 0.218532
v -0.021035 -0.006928 0.214303
v -0.021276 0.002676 0.214928
v 0.021478 0.000966 0.219333
v 0.020942 0.001919 0.223110
v 0.006346 -0.002723 0.210833
v 0.020406 0.006041 0.224421
v 0.006346 0.002723 0.227032
v -0.020112 0.001674 0.210517
v 0.020943 -0.001293 0.222038
v -0.021035 -0.008173 0.217307
v 0.019944 0.005787 0.212358
v 0.020408 -0.006040 0.213478
v 0.006342 -0.007207 0.212758
v 0.020408 0.006041 0.213478
v 0.019944 -0.006575 0.224719
v 0.020406 0.005488 0.224974
v 0.006342 -0.006152 0.226150
v 0.020408 -0.005453 0.224975
v 0.009981 -0.007052 0.221584
v 0.020408 -0.005488 0.212926
v 0.020284 -0.002635 0.225781
v 0.021478 -0.000966 0.219333
v 0.021478 -0.000966 0.218532
v 0.020733 0.001153 0.221714
v 0.006034 0.002624 0.208309
v 0.011437 0.007014 0.214345
v 0.019234 0.007017 0.216831
v 0.019234 0.007017 0.221034
v 0.013030 0.007022 0.222518
v 0.013030 0.007022 0.215347
v 0.010925 0.007022 0.217439
v 0.010925 0.007022 0.220426
v 0.018155 0.007022 0.220426
v 0.018155 0.007022 0.217439
v 0.014898 0.008214 0.219734
v 0.015584 0.006767 0.221390
v 0.015246 0.007736 0.220575
v 0.015367 0.008214 0.219264
v 0.017024 0.006767 0.219950
v 0.016209 0.007736 0.219613
v 0.016209 0.007736 0.218252
v 0.015367 0.008214 0.218601
v 0.017024 0.006767 0.217914
v 0.015246 0.007736 0.217290
v 0.014898 0.008214 0.218131
v 0.015584 0.006767 0.216475
v 0.014234 0.008214 0.218131
v 0.013548 0.006767 0.216475
v 0.013885 0.007736 0.217290
v 0.012108 0.006767 0.217914
v 0.012923 0.007736 0.218252
v 0.013765 0.008214 0.218601
v 0.012923 0.007736 0.219613
v 0.013765 0.008214 0.219264
v 0.012108 0.006767 0.219950
v 0.014234 0.008214 0.219734
v 0.013548 0.006767 0.221390
v 0.013885 0.007736 0.220575
v 0.011660 0.006858 0.217729
v 0.013362 0.006857 0.216026
v 0.017472 0.006852 0.217729
v 0.017472 0.006857 0.220136
v 0.013362 0.006858 0.221839
v 0.011660 0.006858 0.220136
v 0.017828 0.007000 0.217581
v 0.013215 0.007000 0.215671
v 0.011304 0.007000 0.217581
v 0.011304 0.007000 0.220284
v 0.013215 0.007000 0.222194
v 0.017828 0.007000 0.220284
v 0.017167 0.006677 0.217857
v 0.013488 0.006672 0.216329
v 0.013488 0.006672 0.221536
v 0.011963 0.006672 0.217854
v 0.017169 0.006672 0.220011
v -0.021035 0.008173 0.217307
v -0.020112 -0.007134 0.214166
v -0.019622 0.004979 0.226383
v -0.019652 0.007023 0.229442
v 0.005827 0.012396 0.216446
v 0.005827 0.007049 0.229440
v -0.019652 -0.012396 0.221398
v -0.019622 0.008789 0.220680
v -0.020112 -0.001674 0.210517
v -0.021035 0.004630 0.225861
v 0.005827 0.007049 0.208425
v -0.019652 -0.010508 0.211911
v -0.019622 -0.007451 0.213954
v -0.020112 0.001674 0.227347
v -0.021035 0.004630 0.212004
v -0.021035 -0.006928 0.223562
v -0.020112 0.008415 0.217259
v -0.019622 -0.007451 0.223911
v -0.019652 -0.010509 0.225955
v 0.005827 -0.010507 0.225983
v -0.021035 0.006928 0.223562
v -0.020112 -0.008415 0.220606
v -0.019622 0.007451 0.223911
v -0.019652 0.010509 0.225955
v 0.005827 0.010507 0.225983
v -0.021035 -0.004630 0.212004
v -0.020112 0.007134 0.223699
v -0.019622 0.004979 0.211482
v -0.019652 0.012396 0.216467
v 0.005827 -0.012395 0.221420
v -0.021035 0.001625 0.210760
v -0.020112 -0.004767 0.226066
v -0.019622 0.001748 0.210144
v -0.019652 0.002465 0.206538
v 0.005827 0.002486 0.206537
v -0.021035 -0.004630 0.225861
v 0.005827 0.012395 0.221420
v -0.020112 0.004767 0.211799
v -0.019622 -0.004979 0.226383
v 0.011963 0.006672 0.220011
v -0.019652 -0.007023 0.229442
v 0.019944 -0.006576 0.213147
v 0.020710 -0.005916 0.216410
v 0.020945 -0.004137 0.220852
v 0.020710 -0.002547 0.213052
v 0.020710 0.002547 0.213052
v 0.020944 0.004176 0.217040
v 0.020708 0.005930 0.221481
v 0.020709 -0.002521 0.224865
v 0.020708 0.002548 0.224865
v 0.006034 0.010627 0.216319
v 0.006034 0.006686 0.209935
v 0.006034 -0.006686 0.209934
v 0.006034 -0.010614 0.216288
v 0.006034 0.010615 0.221578
v 0.006034 0.006686 0.227931
v 0.006034 -0.006686 0.227931
v 0.006034 -0.010614 0.221577
v -0.016846 0.015501 0.186301
v 0.000552 0.003249 0.102282
v -0.019479 0.012970 0.228446
v -0.018500 -0.011183 0.188310
v -0.018560 -0.001577 0.198686
v -0.018296 -0.001287 0.177436
v -0.018143 -0.001573 0.176466
v -0.018283 -0.007220 0.181909
v -0.018073 -0.008031 0.180953
v -0.016790 -0.002537 0.173533
v -0.016490 -0.008814 0.178222
v 0.001588 0.004515 0.173282
v -0.018110 -0.013473 0.185177
v -0.018451 -0.012739 0.186107
v -0.019424 0.019164 0.208068
v -0.018285 -0.004210 0.187317
v -0.019475 0.013969 0.222238
v -0.002347 0.020792 0.218984
v -0.018270 -0.006010 0.182868
v -0.018343 -0.007433 0.191639
v -0.018604 -0.002186 0.200909
v -0.018618 -0.000795 0.201714
v 0.005215 0.013394 0.211611
v -0.010550 0.007710 0.169215
v -0.018267 -0.001114 0.179007
v 0.005120 0.012206 0.228577
v -0.018283 -0.009212 0.188059
v -0.018283 0.009212 0.188059
v -0.018562 0.003422 0.199176
v -0.018266 -0.002728 0.182822
v 0.004893 0.007690 0.185624
v -0.019411 0.003429 0.202539
v 0.004473 0.018498 0.194930
v -0.011924 0.010422 0.237133
v -0.018451 0.012739 0.186107
v 0.005170 0.008219 0.203286
v -0.018687 -0.006232 0.196279
v -0.018562 -0.003422 0.199176
v -0.018468 -0.002388 0.195248
v -0.019119 -0.006943 0.196542
v -0.018564 -0.008805 0.192020
v -0.018465 -0.005199 0.195846
v -0.018356 -0.003429 0.191045
v -0.019052 -0.009704 0.192143
v -0.000645 0.002753 0.015955
v -0.018869 -0.013743 0.186291
v -0.021268 0.006545 0.223306
v -0.021268 -0.001535 0.226653
v -0.021268 -0.006545 0.223306
v -0.021268 -0.001535 0.211212
v -0.021268 0.001535 0.226653
v -0.021268 0.006545 0.214559
v -0.021268 0.001535 0.211212
v -0.021268 -0.006545 0.214559
v -0.021268 -0.007720 0.217397
v -0.021268 -0.004373 0.212388
v -0.021268 0.004373 0.225477
v -0.021268 0.007720 0.217397
v -0.021268 -0.007720 0.220468
v -0.021268 0.007720 0.220468
v -0.021268 -0.004373 0.225477
v -0.021268 0.004373 0.212388
v -0.021276 0.006070 0.222988
v -0.021276 -0.001424 0.226092
v -0.021276 -0.006070 0.222988
v -0.021276 -0.001424 0.211773
v -0.021276 0.001424 0.226092
v -0.021276 0.006070 0.214877
v -0.021276 0.001424 0.211773
v -0.021276 -0.006070 0.214877
v -0.021276 -0.007160 0.217508
v -0.021276 -0.004056 0.212863
v -0.021276 0.004056 0.225002
v -0.021276 0.007160 0.217508
v -0.021276 -0.007160 0.220356
v -0.021276 0.007160 0.220356
v -0.021276 -0.004056 0.225002
v -0.021276 0.004056 0.212863
v -0.021276 -0.000939 0.223656
v -0.021276 -0.004724 0.219872
v -0.021276 -0.004004 0.221608
v -0.021276 -0.004724 0.217993
v -0.021276 -0.000939 0.214209
v -0.021276 -0.002676 0.214928
v -0.021276 0.004724 0.219872
v -0.021276 0.000939 0.223656
v -0.021276 0.002676 0.222937
v -0.021276 0.000939 0.214209
v -0.021276 0.004724 0.217993
v -0.021276 0.004004 0.216257
v 0.005255 0.013344 0.215685
v -0.000531 0.002800 0.094585
v -0.010045 0.006647 0.015955
v 0.004861 0.004537 0.179985
v -0.011924 0.019491 0.225927
v -0.010597 0.007979 0.037977
v -0.010081 0.006617 0.000515
v 0.004666 0.009747 0.236068
v 0.005192 0.002517 0.232128
v 0.003384 -0.020097 0.208122
v -0.019458 0.002652 0.232078
v -0.000180 0.002946 0.164547
v 0.004399 0.003434 0.238512
v -0.019473 0.011542 0.210242
v 0.004680 0.014925 0.231651
v 0.004501 0.004735 0.178642
v -0.003984 0.007986 0.074545
v -0.019487 0.007904 0.230931
v 0.004467 0.001668 0.177040
v -0.019423 0.018822 0.218467
v -0.019401 0.010339 0.192588
v 0.003420 0.018866 0.194782
v 0.021478 -0.000400 0.219899
v 0.021478 0.000400 0.219899
v 0.021478 0.000400 0.217966
v 0.021478 -0.000400 0.217966
v 0.005033 0.013998 0.198944
v 0.005082 -0.001575 0.196377
v 0.003449 0.015381 0.231967
v 0.004926 -0.006479 0.189107
v -0.014526 0.002997 0.014268
v 0.004921 -0.003107 0.187894
v 0.004977 -0.002341 0.191369
v 0.004930 -0.011713 0.189579
v -0.000327 0.002885 0.092291
v 0.004740 -0.001634 0.177640
v 0.001354 0.003581 0.003887
v 0.004467 -0.001668 0.177040
v 0.005196 0.007211 0.230217
v 0.004812 -0.018161 0.195071
v -0.002350 0.020854 0.213672
v -0.017742 0.018786 0.194324
v 0.005170 -0.008219 0.203286
v 0.005075 -0.009886 0.198296
v -0.011413 0.016116 0.185000
v -0.013342 -0.010509 0.176286
v -0.019304 -0.015295 0.190247
v -0.018343 0.007433 0.191639
v 0.005100 0.016432 0.207972
v 0.005126 0.014703 0.223366
v 0.005236 0.011202 0.209890
v -0.010541 0.007844 0.102282
v -0.002325 -0.019788 0.194475
v 0.004473 -0.018498 0.194930
v -0.019477 0.016771 0.217798
v 0.003420 -0.018866 0.194782
v -0.013880 0.002729 0.094011
v 0.005073 -0.011915 0.200598
v -0.018073 0.008031 0.180953
v -0.000638 0.002756 0.093427
v 0.004507 -0.016646 0.190507
v -0.002347 -0.020719 0.201213
v -0.002288 -0.015930 0.232446
v -0.017979 0.003434 0.238574
v -0.011928 0.020895 0.208138
v -0.002290 0.019485 0.225934
v -0.002290 -0.019485 0.225934
v 0.003388 0.019949 0.201300
v -0.002293 -0.010411 0.237139
v -0.018270 0.006010 0.182868
v -0.011928 -0.020895 0.208138
v -0.018783 0.004212 0.199608
v -0.002293 -0.003600 0.239437
v 0.001315 -0.008750 0.177089
v 0.003330 0.014359 0.186164
v 0.004966 -0.014295 0.193100
v -0.018283 0.007220 0.181909
v -0.016790 0.002537 0.173533
v 0.005119 0.003966 0.198219
v 0.004903 -0.013162 0.187702
v -0.018289 0.014210 0.185568
v 0.004879 -0.008579 0.183061
v 0.004861 -0.004537 0.179985
v 0.004852 -0.001594 0.178581
v 0.004922 0.015785 0.191280
v -0.019171 0.004816 0.199916
v 0.003784 -0.005340 0.178117
v 0.003425 -0.002432 0.175546
v -0.011614 -0.017992 0.188877
v -0.019385 0.012883 0.188948
v 0.005016 -0.012284 0.195458
v 0.005260 0.007705 0.207236
v 0.003438 0.010047 0.236517
v 0.005033 -0.013998 0.198944
v -0.002350 -0.020852 0.208140
v -0.018869 0.013743 0.186291
v 0.005024 -0.007326 0.194372
v -0.018356 0.003429 0.191045
v 0.003784 0.005340 0.178117
v 0.004968 -0.005548 0.191542
v 0.004910 -0.000868 0.186840
v 0.005118 -0.015895 0.212691
v -0.010171 0.006951 0.017222
v -0.019478 0.006748 0.201808
v -0.019483 0.017538 0.207967
v -0.002288 0.015930 0.232446
v 0.005205 -0.004411 0.202214
v -0.011408 0.013392 0.179961
v -0.018560 0.001577 0.198686
v 0.003488 0.017071 0.190177
v -0.019304 0.015295 0.190247
v -0.019411 0.005287 0.200306
v -0.011917 0.020695 0.201060
v 0.005082 0.001575 0.196377
v 0.003386 0.020050 0.218898
v 0.004812 -0.019552 0.208148
v -0.009758 0.002466 0.000032
v 0.000687 0.003305 0.037977
v -0.019487 -0.011662 0.202376
v 0.004966 0.014295 0.193100
v -0.003711 0.008646 0.003887
v -0.019468 -0.004806 0.204163
v -0.004825 0.002466 0.000032
v -0.000172 0.002949 0.138756
v -0.018468 0.002388 0.195248
v 0.005236 -0.011202 0.209890
v 0.004449 -0.019833 0.218887
v 0.004968 -0.018342 0.218626
v 0.004805 -0.019498 0.218855
v 0.004812 -0.019553 0.213645
v 0.005215 -0.013394 0.211611
v -0.002347 -0.020792 0.218984
v 0.003386 -0.020050 0.218898
v -0.011927 -0.020863 0.218935
v -0.019472 -0.014520 0.216939
v -0.019423 -0.019133 0.213321
v -0.019479 -0.012970 0.228446
v -0.019479 -0.009266 0.198552
v -0.019484 -0.009393 0.204553
v -0.019445 -0.001879 0.205117
v -0.019484 -0.014745 0.201448
v -0.002325 0.019788 0.194475
v -0.019484 0.009393 0.204553
v -0.002293 0.010411 0.237139
v -0.011924 0.003591 0.239438
v 0.001315 0.008750 0.177089
v -0.019479 0.017080 0.201337
v -0.019472 0.014520 0.216939
v -0.019489 0.012380 0.206808
v -0.013946 0.002756 0.093427
v 0.004910 0.000868 0.186840
v -0.019479 -0.017080 0.201337
v 0.004988 -0.015961 0.197063
v -0.019409 -0.018724 0.201069
v 0.005100 -0.016432 0.207972
v -0.019489 -0.012380 0.206808
v 0.005136 0.011558 0.205006
v -0.019489 -0.002774 0.232969
v -0.019487 -0.007904 0.230931
v -0.017304 0.017127 0.189455
v -0.019477 -0.015553 0.223394
v -0.019481 -0.017291 0.212927
v 0.005136 -0.011558 0.205006
v -0.011928 -0.020927 0.213605
v 0.004980 -0.018466 0.213501
v 0.003383 -0.020101 0.213681
v -0.002350 -0.020854 0.213672
v 0.004451 -0.019886 0.213674
v 0.005049 -0.016796 0.202632
v 0.004962 -0.018497 0.201754
v -0.011928 0.020927 0.213605
v -0.019158 0.014349 0.187247
v -0.011924 0.015922 0.232458
v -0.016742 0.013061 0.182833
v -0.014412 0.002949 0.138756
v -0.019462 0.013745 0.191242
v -0.019409 0.018724 0.201069
v -0.019158 -0.014349 0.187247
v -0.018523 -0.015019 0.186830
v -0.019473 -0.011812 0.194240
v -0.019462 -0.013745 0.191242
v -0.019108 0.007214 0.229706
v -0.019108 0.002539 0.231649
v -0.019108 -0.002539 0.231649
v -0.019108 -0.007214 0.229706
v -0.019108 -0.010773 0.226129
v -0.019108 -0.012692 0.221461
v -0.019108 -0.012678 0.216415
v -0.019107 -0.010734 0.211758
v -0.019107 -0.007157 0.208199
v -0.019107 -0.002507 0.206280
v -0.019107 0.002507 0.206280
v -0.019107 0.007157 0.208199
v -0.019107 0.010734 0.211758
v -0.019108 0.012678 0.216415
v -0.019108 0.012692 0.221461
v -0.019108 0.010773 0.226129
v 0.005111 -0.007176 0.229680
v 0.005111 -0.002519 0.231608
v 0.005111 0.002519 0.231608
v 0.005111 0.007176 0.229680
v 0.005112 0.010740 0.226116
v 0.005112 0.012669 0.221457
v 0.005112 0.012669 0.216415
v 0.005112 0.010741 0.211759
v 0.005112 0.007178 0.208195
v 0.005112 0.002520 0.206266
v 0.005112 -0.002520 0.206266
v 0.005112 -0.007178 0.208195
v 0.005112 -0.010741 0.211759
v 0.005112 -0.012669 0.216415
v 0.005112 -0.012669 0.221457
v 0.005112 -0.010740 0.226116
v -0.000172 -0.002949 0.138756
v -0.014412 -0.002949 0.138756
v -0.010241 -0.007120 0.138756
v -0.004343 -0.007120 0.138756
v -0.017979 -0.020146 0.213525
v -0.017979 -0.020080 0.218763
v -0.017304 -0.017127 0.189455
v -0.016742 -0.013061 0.182833
v -0.016617 -0.014233 0.184141
v -0.016846 -0.015501 0.186301
v -0.017742 -0.018786 0.194324
v -0.011924 -0.015922 0.232458
v -0.011924 -0.010422 0.237133
v -0.011924 -0.003591 0.239438
v -0.011924 -0.019491 0.225927
v -0.011917 -0.020695 0.201060
v -0.019480 -0.014715 0.212415
v -0.019489 -0.015236 0.207708
v 0.005119 -0.014483 0.205240
v -0.019077 0.012820 0.221486
v -0.019072 0.012778 0.216395
v -0.019068 0.010790 0.211707
v -0.019065 0.007162 0.208137
v -0.019063 0.002497 0.206232
v -0.019063 -0.002497 0.206232
v -0.019065 -0.007162 0.208137
v -0.019068 -0.010790 0.211707
v -0.019072 -0.012778 0.216395
v -0.019077 -0.012820 0.221486
v -0.019081 -0.010909 0.226205
v -0.019084 -0.007335 0.229834
v -0.019086 -0.002593 0.231812
v -0.019086 0.002593 0.231812
v -0.019084 0.007335 0.229834
v -0.019081 0.010909 0.226205
v 0.004876 -0.012695 0.221583
v 0.004881 -0.012702 0.216475
v 0.004885 -0.010781 0.211814
v 0.004888 -0.007216 0.208246
v 0.004890 -0.002538 0.206300
v 0.004890 0.002538 0.206300
v 0.004888 0.007216 0.208246
v 0.004885 0.010781 0.211814
v 0.004881 0.012702 0.216475
v 0.004876 0.012695 0.221583
v 0.004872 0.010755 0.226301
v 0.004869 0.007168 0.229868
v 0.004868 0.002510 0.231785
v 0.004868 -0.002510 0.231785
v 0.004869 -0.007168 0.229868
v 0.004872 -0.010755 0.226301
v -0.019944 -0.002127 0.196141
v -0.019592 -0.002314 0.195988
v -0.019592 -0.002314 0.195988
v -0.019946 -0.002978 0.198555
v -0.019600 -0.003207 0.198562
v -0.019600 -0.003207 0.198562
v -0.019600 -0.002061 0.200841
v -0.019600 -0.002061 0.200841
v -0.019600 -0.002061 0.200841
v -0.019946 -0.001915 0.200686
v -0.020041 0.002497 0.200260
v -0.019600 0.002800 0.200433
v -0.019600 0.002800 0.200433
v -0.019946 0.000313 0.201479
v -0.019600 0.000370 0.201672
v -0.019600 0.000370 0.201672
v -0.018232 -0.001769 0.196445
v -0.018531 -0.002314 0.195988
v -0.018531 -0.002314 0.195988
v -0.018238 -0.002812 0.198543
v -0.018533 -0.003207 0.198562
v -0.018533 -0.003207 0.198562
v -0.018232 0.002266 0.199954
v -0.018533 0.002800 0.200433
v -0.018533 0.002800 0.200433
v -0.018232 -0.001604 0.200316
v -0.018533 -0.002061 0.200841
v -0.018533 -0.002061 0.200841
v -0.018533 -0.002061 0.200841
v -0.018238 0.000332 0.201275
v -0.018533 0.000370 0.201672
v -0.018533 0.000370 0.201672
v -0.019952 0.009989 0.184172
v -0.019645 0.010003 0.183860
v -0.019645 0.010003 0.183860
v -0.019957 0.011489 0.183439
v -0.019645 0.011635 0.183090
v -0.019645 0.011635 0.183090
v -0.019948 0.012780 0.186607
v -0.019635 0.013087 0.186543
v -0.019635 0.013087 0.186543
v -0.019957 0.012789 0.183774
v -0.019645 0.012954 0.183583
v -0.019645 0.012954 0.183583
v -0.019957 0.013297 0.185024
v -0.019645 0.013629 0.184824
v -0.019645 0.013629 0.184824
v -0.018232 0.010336 0.184213
v -0.018545 0.010003 0.183860
v -0.018545 0.010003 0.183860
v -0.018238 0.011647 0.183365
v -0.018545 0.011635 0.183090
v -0.018545 0.011635 0.183090
v -0.018545 0.012954 0.183583
v -0.018545 0.012954 0.183583
v -0.018232 0.012671 0.183910
v -0.018232 0.012698 0.186266
v -0.018542 0.013093 0.186546
v -0.018542 0.013093 0.186546
v -0.018238 0.013355 0.184850
v -0.018545 0.013629 0.184824
v -0.018545 0.013629 0.184824
v -0.018222 0.011531 0.185219
v -0.018222 0.000195 0.198249
v -0.018238 0.004224 0.190562
v -0.018554 0.003812 0.190189
v -0.018554 0.003812 0.190189
v -0.019950 0.004212 0.190596
v -0.019595 0.003829 0.190207
v -0.019595 0.003829 0.190207
v -0.019587 0.007655 0.193535
v -0.019587 0.007655 0.193535
v -0.019587 0.007655 0.193535
v -0.019949 0.007218 0.193220
v -0.018233 0.007253 0.193196
v -0.018533 0.007661 0.193538
v -0.018533 0.007661 0.193538
v -0.019968 0.005039 0.192677
v -0.018222 0.005737 0.191881
v -0.019968 0.003196 0.194822
v -0.020124 0.003177 0.198053
v -0.020819 0.002332 0.198237
v -0.021279 0.001383 0.198295
v -0.018534 0.005085 0.197510
v -0.018534 0.005085 0.197510
v -0.020124 0.002154 0.196105
v -0.020819 0.001603 0.196753
v -0.021279 0.000976 0.197464
v -0.020124 0.000053 0.195383
v -0.020819 0.000041 0.196218
v -0.021279 0.000101 0.197164
v -0.018232 0.004578 0.197059
v -0.019951 0.004594 0.197181
v -0.020124 -0.001926 0.196474
v -0.020819 -0.001442 0.196944
v -0.021279 -0.000731 0.197571
v -0.019597 0.005085 0.197510
v -0.019597 0.005085 0.197510
v -0.020124 -0.002642 0.198545
v -0.020819 -0.001977 0.198506
v -0.021279 -0.001031 0.198446
v -0.019946 0.000638 0.193791
v -0.018531 0.000256 0.193312
v -0.018531 0.000256 0.193312
v -0.019568 0.000261 0.193316
v -0.019568 0.000261 0.193316
v -0.020124 -0.001692 0.200477
v -0.020819 -0.001251 0.199989
v -0.021279 -0.000624 0.199278
v -0.020124 0.000315 0.201200
v -0.020819 0.000313 0.200525
v -0.021279 0.000252 0.199578
v -0.021481 0.000176 0.198371
v -0.018222 0.002673 0.195400
v -0.018234 0.000775 0.193752
v -0.020819 0.001804 0.199802
v -0.021279 0.001083 0.199171
v -0.020080 0.012661 0.185601
v -0.021247 0.010658 0.186965
v -0.020084 0.012401 0.184222
v -0.021283 0.010537 0.186356
v -0.020080 0.011030 0.184114
v -0.021247 0.009933 0.186298
v -0.020079 0.007946 0.186781
v -0.021234 0.008648 0.187449
v -0.020080 0.005558 0.190137
v -0.021247 0.007669 0.188881
v -0.020084 0.005906 0.191662
v -0.021283 0.007795 0.189494
v -0.020080 0.007437 0.191839
v -0.021247 0.008405 0.189556
v -0.021490 0.009166 0.187925
v -0.020079 0.010425 0.189033
v -0.021234 0.009685 0.188402
v -0.018548 0.007317 0.186583
v -0.018548 0.007317 0.186583
v -0.019954 0.007558 0.186684
v -0.018232 0.010356 0.189266
v -0.018234 0.007690 0.186948
v -0.019636 0.007322 0.186587
v -0.019636 0.007322 0.186587
v -0.019594 0.010735 0.189562
v -0.019594 0.010735 0.189562
v -0.019944 0.010618 0.189366
v -0.018533 0.010758 0.189576
v -0.018533 0.010758 0.189576
v -0.018222 0.009016 0.188111
v -0.020647 0.011730 0.186241
v -0.020671 0.011535 0.185214
v -0.020647 0.010518 0.185124
v -0.020639 0.008274 0.187105
v -0.020647 0.006572 0.189583
v -0.020671 0.006798 0.190636
v -0.020647 0.007845 0.190752
v -0.020639 0.010059 0.188745
v -0.018233 -0.002431 0.199356
v -0.018287 -0.003078 0.198556
v -0.018286 -0.001961 0.200726
v -0.018533 -0.002867 0.199803
v -0.018533 -0.002867 0.199803
v -0.019946 -0.002663 0.199718
v -0.019600 -0.002867 0.199803
v -0.019600 -0.002867 0.199803
v -0.019946 -0.000855 0.201300
v -0.019600 -0.000916 0.201499
v -0.019600 -0.000916 0.201499
v -0.018233 -0.000533 0.201006
v -0.018287 0.000357 0.201543
v -0.018533 -0.000916 0.201499
v -0.018533 -0.000916 0.201499
v -0.019956 0.001401 0.201175
v -0.019600 0.001617 0.201299
v -0.019600 0.001617 0.201299
v -0.018233 0.001160 0.200863
v -0.018286 0.002689 0.200315
v -0.018533 0.001617 0.201299
v -0.018533 0.001617 0.201299
v -0.018233 -0.002517 0.197668
v -0.018286 -0.002183 0.196080
v -0.018533 -0.003008 0.197279
v -0.018533 -0.003008 0.197279
v -0.019945 -0.002788 0.197346
v -0.019599 -0.003008 0.197279
v -0.019599 -0.003008 0.197279
v -0.018233 0.012105 0.183534
v -0.018287 0.012875 0.183675
v -0.018288 0.011639 0.183199
v -0.018545 0.012336 0.183218
v -0.018545 0.012336 0.183218
v -0.019957 0.012226 0.183451
v -0.019645 0.012336 0.183218
v -0.019645 0.012336 0.183218
v -0.018233 0.013122 0.184418
v -0.018288 0.013521 0.184835
v -0.018545 0.013404 0.184146
v -0.018545 0.013404 0.184146
v -0.019957 0.013184 0.184292
v -0.019645 0.013404 0.184146
v -0.019645 0.013404 0.184146
v -0.018233 0.013212 0.185357
v -0.018287 0.012979 0.186485
v -0.018544 0.013568 0.185573
v -0.018544 0.013568 0.185573
v -0.019955 0.013073 0.185926
v -0.019643 0.013567 0.185573
v -0.019643 0.013567 0.185573
v -0.019956 0.010627 0.183786
v -0.019645 0.010902 0.183256
v -0.019645 0.010902 0.183256
v -0.018233 0.011165 0.183578
v -0.018287 0.010081 0.183966
v -0.018545 0.010902 0.183256
v -0.018545 0.010902 0.183256
v -0.018232 -0.000650 0.195140
v -0.018545 0.008800 0.185011
v -0.018545 0.008800 0.185011
v -0.019956 0.009104 0.185069
v -0.019577 -0.001201 0.194680
v -0.019577 -0.001201 0.194680
v -0.019956 0.003716 0.198912
v -0.018232 0.011709 0.187593
v -0.018533 0.003939 0.199149
v -0.018533 0.003939 0.199149
v -0.019985 0.003746 0.197738
v -0.019984 -0.002043 0.196288
v -0.019985 0.000186 0.194790
v -0.019987 0.002551 0.195607
v -0.019980 0.005092 0.190242
v -0.019982 0.005564 0.192064
v -0.018223 0.010860 0.184653
v -0.018223 -0.000928 0.197234
v -0.018223 0.012187 0.185807
v -0.018223 0.001361 0.199223
v -0.018222 0.001367 0.196902
v -0.018223 0.012256 0.184386
v -0.018223 -0.000845 0.199445
v -0.018236 0.006011 0.188743
v -0.018543 0.001974 0.191831
v -0.018543 0.001974 0.191831
v -0.019940 0.002428 0.192244
v -0.019586 0.009186 0.191483
v -0.019586 0.009186 0.191483
v -0.019943 0.009009 0.191300
v -0.018233 0.005845 0.195199
v -0.019979 0.007419 0.192308
v -0.018222 0.007405 0.189962
v -0.018224 0.004880 0.191136
v -0.018223 0.006595 0.192627
v -0.019966 0.005961 0.193280
v -0.019966 0.004321 0.191846
v -0.018288 0.007569 0.193465
v -0.021276 0.001273 0.197834
v -0.020819 0.002112 0.197424
v -0.020124 0.002859 0.197003
v -0.018232 0.003403 0.198664
v -0.019599 0.003939 0.199149
v -0.019599 0.003939 0.199149
v -0.020819 0.000875 0.196333
v -0.020124 0.001169 0.195526
v -0.019941 -0.001038 0.194962
v -0.021276 0.000572 0.197216
v -0.018528 -0.001202 0.194680
v -0.018528 -0.001202 0.194680
v -0.021276 -0.000361 0.197274
v -0.020819 -0.000771 0.196436
v -0.020124 -0.001032 0.195734
v -0.019984 0.000263 0.201392
v -0.018222 0.004139 0.193716
v -0.020124 -0.002487 0.197456
v -0.019968 0.004142 0.193715
v -0.019984 -0.002834 0.198552
v -0.021276 -0.000979 0.197975
v -0.020819 -0.001862 0.197672
v -0.019984 -0.001821 0.200601
v -0.021276 -0.000921 0.198908
v -0.020819 -0.001759 0.199318
v -0.020124 -0.002358 0.199603
v -0.019945 0.005845 0.195213
v -0.021405 0.000221 0.199082
v -0.021276 -0.000220 0.199526
v -0.020819 -0.000522 0.200409
v -0.020124 -0.000743 0.201030
v -0.021276 0.000713 0.199468
v -0.020819 0.001130 0.200309
v -0.018289 0.000375 0.193410
v -0.019965 0.002052 0.194057
v -0.021405 0.000887 0.198326
v -0.019966 0.004116 0.195847
v -0.021405 0.000647 0.197837
v -0.018223 0.003753 0.196339
v -0.021405 0.000132 0.197660
v -0.018223 0.001597 0.194465
v -0.021405 -0.000358 0.197900
v -0.021405 -0.000535 0.198415
v -0.021405 -0.000295 0.198905
v -0.018286 0.004972 0.197407
v -0.021405 0.000710 0.198842
v -0.021276 0.001331 0.198767
v -0.020819 0.002221 0.199072
v -0.018236 0.002438 0.192236
v -0.021268 0.010715 0.186560
v -0.020083 0.012749 0.184707
v -0.020083 0.011890 0.183922
v -0.021268 0.010320 0.186197
v -0.021233 0.009340 0.186731
v -0.020079 0.009627 0.185125
v -0.020079 0.006458 0.188600
v -0.021233 0.008026 0.188231
v -0.021268 0.007615 0.189287
v -0.020083 0.005478 0.191092
v -0.021411 0.008717 0.188896
v -0.021268 0.008017 0.189656
v -0.020083 0.006513 0.192030
v -0.021233 0.008996 0.189122
v -0.020079 0.008828 0.190751
v -0.021411 0.010057 0.187359
v -0.021434 0.009999 0.186972
v -0.021411 0.009617 0.186955
v -0.021401 0.008855 0.187639
v -0.021411 0.008275 0.188490
v -0.021434 0.008334 0.188878
v -0.021401 0.009478 0.188212
v -0.021233 0.010304 0.187617
v -0.020079 0.011841 0.187137
v -0.018554 0.005626 0.188380
v -0.018554 0.005626 0.188380
v -0.019950 0.005866 0.188548
v -0.018233 0.008808 0.191175
v -0.018232 0.009159 0.185377
v -0.019644 0.008800 0.185012
v -0.019644 0.008800 0.185012
v -0.019948 0.012008 0.187610
v -0.018537 0.012116 0.187895
v -0.018537 0.012116 0.187895
v -0.018222 0.010428 0.186487
v -0.018223 0.009769 0.188765
v -0.018223 0.008266 0.187457
v -0.019979 0.007804 0.186672
v -0.019978 0.010577 0.189142
v -0.019980 0.012972 0.185353
v -0.019980 0.012646 0.183940
v -0.019980 0.011220 0.183789
v -0.019614 0.012099 0.187885
v -0.019614 0.012099 0.187885
v -0.019618 0.005639 0.188393
v -0.019618 0.005639 0.188393
v -0.019592 0.006299 0.195593
v -0.019592 0.006299 0.195593
v -0.018532 0.009203 0.191493
v -0.018532 0.009203 0.191493
v -0.018302 0.003905 0.190277
v -0.018534 0.006299 0.195593
v -0.018534 0.006299 0.195593
v -0.019575 0.001987 0.191844
v -0.019575 0.001987 0.191844
v -0.020116 0.001332 0.200972
v -0.020116 0.003065 0.199096
v -0.018291 0.007406 0.186680
v -0.018286 0.010658 0.189508
v -0.020640 0.011098 0.187383
v -0.020640 0.008874 0.189974
v -0.020662 0.007198 0.190888
v -0.020662 0.006510 0.190256
v -0.020640 0.007214 0.188449
v -0.020640 0.009480 0.185895
v -0.020662 0.011155 0.184980
v -0.020662 0.011802 0.185576
v -0.019870 -0.001999 0.200772
v -0.019870 -0.003109 0.198559
v -0.019870 0.000356 0.201578
v -0.019877 0.002724 0.200357
v -0.019864 -0.002227 0.196042
v -0.019902 0.011619 0.183203
v -0.019902 0.012890 0.183658
v -0.019902 0.013519 0.184856
v -0.019894 0.012977 0.186531
v -0.019901 0.010032 0.183969
v -0.019861 0.007567 0.193469
v -0.019861 0.007567 0.193469
v -0.019863 0.003914 0.190291
v -0.019847 0.000357 0.193411
v -0.019869 0.004983 0.197426
v -0.019866 0.010670 0.189508
v -0.019895 0.007393 0.186651
v -0.018224 0.000271 0.200288
v -0.018286 -0.000852 0.201372
v -0.019870 -0.000889 0.201410
v -0.018286 0.001534 0.201178
v -0.019871 0.001564 0.201216
v -0.018286 -0.002877 0.197344
v -0.018286 0.003822 0.199036
v -0.019869 -0.002912 0.197307
v -0.018287 0.013308 0.184209
v -0.019854 -0.001119 0.194757
v -0.018287 0.013454 0.185535
v -0.019902 0.013316 0.184194
v -0.018287 0.010956 0.183364
v -0.019901 0.013437 0.185603
v -0.019902 0.010892 0.183388
v -0.018288 0.008886 0.185114
v -0.018287 0.006198 0.195506
v -0.019880 0.012027 0.187825
v -0.019984 -0.001049 0.195341
v -0.019984 -0.002660 0.197392
v -0.019984 -0.002533 0.199672
v -0.019984 -0.000815 0.201192
v -0.018286 0.012007 0.187827
v -0.018224 0.012806 0.184924
v -0.018223 0.002520 0.197900
v -0.018223 0.000222 0.195902
v -0.018224 0.011648 0.183917
v -0.018224 -0.001831 0.198461
v -0.018223 0.006616 0.189276
v -0.018223 0.008197 0.190650
v -0.018297 0.002079 0.191924
v -0.019901 0.008876 0.185079
v -0.018286 -0.002749 0.199723
v -0.018298 0.005715 0.188471
v -0.019986 0.003375 0.196604
v -0.021383 0.000921 0.198007
v -0.018223 0.003175 0.192878
v -0.018286 -0.001074 0.194780
v -0.021383 0.000445 0.197587
v -0.019850 0.002087 0.191935
v -0.019965 0.003178 0.192892
v -0.021383 -0.000188 0.197626
v -0.021383 -0.000608 0.198102
v -0.021383 -0.000568 0.198735
v -0.019864 0.006199 0.195509
v -0.018223 0.005106 0.194556
v -0.021383 -0.000093 0.199155
v -0.021383 0.000540 0.199115
v -0.019991 0.003578 0.198674
v -0.019986 0.001442 0.194933
v -0.021383 0.000960 0.198640
v -0.019965 0.005094 0.194558
v -0.019990 0.001080 0.201244
v -0.021405 0.010238 0.186983
v -0.021405 0.009962 0.186730
v -0.021377 0.009282 0.187102
v -0.021377 0.008381 0.188133
v -0.021405 0.008094 0.188866
v -0.021405 0.008372 0.189121
v -0.021377 0.009051 0.188748
v -0.021377 0.009951 0.187717
v -0.018287 0.012287 0.183322
v -0.018223 0.011146 0.187112
v -0.018223 0.009711 0.185865
v -0.018287 0.009110 0.191425
v -0.019871 0.003858 0.199068
v -0.019860 0.009118 0.191433
v -0.019975 0.012223 0.186946
v -0.019978 0.008914 0.191039
v -0.019981 0.006336 0.192517
v -0.019981 0.005022 0.191351
v -0.019979 0.006152 0.188581
v -0.019975 0.009748 0.184748
v -0.019980 0.012095 0.183636
v -0.019980 0.013012 0.184456
v -0.019880 0.005707 0.188461
v -0.019902 0.012301 0.183311
v -0.019870 -0.002780 0.199765
vt 0.783527 0.052201
vt 0.076957 0.792924
vt 0.825009 0.191849
vt 0.826351 0.069937
vt 0.076956 0.042002
vt 0.842987 0.582452
vt 0.064018 0.285075
vt 0.064018 0.549852
vt 0.796085 0.082448
vt 0.761306 0.181544
vt 0.779284 0.592757
vt 0.813793 0.039690
vt 0.152090 0.019901
vt 0.152091 0.815024
vt 0.454142 0.450144
vt 0.462610 0.573149
vt 0.462610 0.327140
vt 0.396149 0.574122
vt 0.396149 0.326166
vt 0.613428 0.316892
vt 0.613428 0.017367
vt 0.821268 0.021639
vt 0.373377 0.016512
vt 0.373377 0.303883
vt 0.392548 0.450144
vt 0.586784 0.167129
vt 0.370909 0.160198
vt 0.662507 0.273564
vt 0.662507 0.060695
vt 0.174106 0.042429
vt 0.174106 0.277967
vt 0.809875 0.548836
vt 0.809875 0.326946
vt 0.510467 0.561966
vt 0.510467 0.338322
vt 0.548297 0.274621
vt 0.548297 0.045774
vt 0.688030 0.844689
vt 0.688030 0.618806
vt 0.804939 0.061069
vt 0.189388 0.675297
vt 0.621403 0.494726
vt 0.621886 0.328219
vt 0.109904 0.417464
vt 0.557030 0.167129
vt 0.788609 0.100499
vt 0.174684 0.450144
vt 0.761286 0.199493
vt 0.779264 0.574808
vt 0.640200 0.297053
vt 0.640200 0.037205
vt 0.142267 0.003504
vt 0.142268 0.831422
vt 0.174106 0.327725
vt 0.174106 0.572563
vt 0.785262 0.437891
vt 0.807409 0.326423
vt 0.807409 0.549359
vt 0.685630 0.844739
vt 0.685630 0.618755
vt 0.682895 0.845389
vt 0.682895 0.618106
vt 0.804894 0.550623
vt 0.804894 0.325159
vt 0.527824 0.160198
vt 0.677665 0.731747
vt 0.782227 0.437891
vt 0.675110 0.731747
vt 0.672093 0.731747
vt 0.225017 0.160198
vt 0.620938 0.167129
vt 0.779720 0.437892
vt 0.493214 0.450144
vt 0.192757 0.160198
vt 0.787919 0.437892
vt 0.501031 0.160198
vt 0.613604 0.167129
vt 0.503971 0.450144
vt 0.669501 0.731747
vt 0.667873 0.266351
vt 0.667873 0.067907
vt 0.802835 0.323899
vt 0.802835 0.551883
vt 0.209751 0.034893
vt 0.209751 0.285503
vt 0.523202 0.557709
vt 0.523202 0.342580
vt 0.680568 0.846270
vt 0.680568 0.617225
vt 0.518853 0.282714
vt 0.518853 0.037682
vt 0.003527 0.417464
vt 0.176282 0.675315
vt 0.059586 0.417464
vt 0.621301 0.571638
vt 0.621863 0.336887
vt 0.112579 0.417464
vt 0.621894 0.325578
vt 0.772182 0.687195
vt 0.772182 0.326072
vt 0.865994 0.396977
vt 0.865994 0.017367
vt 0.695282 0.806861
vt 0.833795 0.301695
vt 0.702695 0.995533
vt 0.702695 0.618189
vt 0.841750 0.491612
vt 0.841750 0.111779
vt 0.600098 0.794141
vt 0.617211 0.780869
vt 0.723046 0.506634
vt 0.856212 0.207172
vt 0.815269 0.085972
vt 0.546921 0.835382
vt 0.761270 0.163769
vt 0.779248 0.610533
vt 0.333734 0.675060
vt 0.338975 0.675059
vt 0.821558 0.551883
vt 0.821558 0.334596
vt 0.534796 0.844785
vt 0.823072 0.550915
vt 0.823072 0.335563
vt 0.393455 0.511034
vt 0.256847 0.754610
vt 0.573602 0.088550
vt 0.844401 0.077412
vt 0.208848 0.728412
vt 0.004408 0.350518
vt 0.196590 0.733916
vt 0.829852 0.050762
vt 0.454985 0.479167
vt 0.121872 0.091158
vt 0.459481 0.540524
vt 0.617104 0.067877
vt 0.674678 0.789570
vt 0.561660 0.126610
vt 0.821304 0.100506
vt 0.677636 0.789284
vt 0.678224 0.818045
vt 0.222232 0.098287
vt 0.590054 0.132521
vt 0.504212 0.099260
vt 0.786897 0.408995
vt 0.783811 0.408691
vt 0.631921 0.112822
vt 0.785851 0.379275
vt 0.508150 0.503179
vt 0.672185 0.789812
vt 0.672691 0.760693
vt 0.675679 0.760538
vt 0.217858 0.067078
vt 0.640535 0.083783
vt 0.502023 0.532791
vt 0.537846 0.073551
vt 0.683729 0.817320
vt 0.509654 0.068218
vt 0.224339 0.128975
vt 0.616243 0.138209
vt 0.501706 0.130181
vt 0.676204 0.438604
vt 0.704261 0.735730
vt 0.644288 0.470804
vt 0.699262 0.782888
vt 0.672682 0.355478
vt 0.676236 0.392294
vt 0.710790 0.687795
vt 0.110933 0.354136
vt 0.113669 0.354370
vt 0.680032 0.345917
vt 0.115402 0.288643
vt 0.673221 0.572884
vt 0.140320 0.102956
vt 0.674611 0.574984
vt 0.591164 0.052437
vt 0.844394 0.044750
vt 0.795578 0.351693
vt 0.788364 0.379796
vt 0.007208 0.281523
vt 0.252767 0.764823
vt 0.392654 0.480187
vt 0.060797 0.352287
vt 0.120390 0.039228
vt 0.395071 0.542465
vt 0.456964 0.509222
vt 0.624929 0.109794
vt 0.497178 0.504577
vt 0.681170 0.817608
vt 0.505020 0.476571
vt 0.670147 0.760821
vt 0.531716 0.102502
vt 0.680297 0.789028
vt 0.623530 0.139770
vt 0.781283 0.408434
vt 0.600043 0.099277
vt 0.371251 0.090236
vt 0.189496 0.101286
vt 0.793940 0.380950
vt 0.183972 0.072149
vt 0.800981 0.353346
vt 0.791460 0.380437
vt 0.798480 0.352643
vt 0.646809 0.088477
vt 0.793222 0.350887
vt 0.372163 0.053823
vt 0.513522 0.530275
vt 0.675736 0.818476
vt 0.114319 0.013992
vt 0.174358 0.541532
vt 0.084707 0.018778
vt 0.174531 0.510900
vt 0.835640 0.558890
vt 0.494301 0.477173
vt 0.813107 0.594025
vt 0.528720 0.131772
vt 0.678293 0.760403
vt 0.079855 0.091766
vt 0.192028 0.130317
vt 0.789474 0.409249
vt 0.370922 0.125522
vt 0.174642 0.480485
vt 0.808087 0.569585
vt 0.644195 0.360149
vt 0.710396 0.640244
vt 0.698655 0.405223
vt 0.118279 0.289076
vt 0.710545 0.401484
vt 0.678075 0.348009
vt 0.707477 0.402043
vt 0.136844 0.101319
vt 0.265963 0.738056
vt 0.732974 0.412470
vt 0.855907 0.112219
vt 0.311445 0.718312
vt 0.725181 0.459390
vt 0.855897 0.159847
vt 0.748290 0.367496
vt 0.858572 0.064687
vt 0.222516 0.719762
vt 0.704425 0.712351
vt 0.835794 0.396736
vt 0.684131 0.416212
vt 0.665376 0.369084
vt 0.708847 0.665111
vt 0.838292 0.444203
vt 0.698017 0.759447
vt 0.834295 0.349226
vt 0.664489 0.459984
vt 0.418364 0.739888
vt 0.821101 0.439736
vt 0.026369 0.104270
vt 0.421179 0.745365
vt 0.420452 0.739876
vt 0.635964 0.847353
vt 0.823072 0.439110
vt 0.842330 0.662522
vt 0.026980 0.100275
vt 0.424692 0.743639
vt 0.844102 0.655349
vt 0.393907 0.731278
vt 0.399754 0.726337
vt 0.818931 0.416549
vt 0.404904 0.740513
vt 0.413792 0.736419
vt 0.819662 0.433879
vt 0.630645 0.847599
vt 0.822482 0.433844
vt 0.613374 0.848337
vt 0.821862 0.416589
vt 0.344447 0.697664
vt 0.553364 0.853393
vt 0.818716 0.356357
vt 0.349095 0.693568
vt 0.817078 0.356129
vt 0.336132 0.687867
vt 0.341610 0.684960
vt 0.818134 0.344607
vt 0.542582 0.850820
vt 0.819847 0.345175
vt 0.668249 0.494817
vt 0.077785 0.117910
vt 0.117580 0.125866
vt 0.023614 0.116750
vt 0.409898 0.750336
vt 0.361302 0.701875
vt 0.817404 0.370946
vt 0.379848 0.713542
vt 0.818152 0.392855
vt 0.357358 0.706894
vt 0.375525 0.719362
vt 0.305684 0.750067
vt 0.309158 0.737291
vt 0.320521 0.722606
vt 0.332817 0.726725
vt 0.333015 0.738370
vt 0.332440 0.750522
vt 0.621434 0.475381
vt 0.698548 0.806861
vt 0.621825 0.351557
vt 0.328255 0.675061
vt 0.204262 0.675277
vt 0.621429 0.477333
vt 0.666521 0.471990
vt 0.194474 0.703513
vt 0.109974 0.385864
vt 0.059977 0.384960
vt 0.003692 0.384167
vt 0.181851 0.706242
vt 0.621815 0.355728
vt 0.705843 0.996496
vt 0.705843 0.617225
vt 0.649139 0.341208
vt 0.112475 0.385974
vt 0.652806 0.330670
vt 0.651784 0.333021
vt 0.759242 0.346342
vt 0.861667 0.041036
vt 0.209040 0.699515
vt 0.645243 0.355949
vt 0.707237 0.641478
vt 0.839914 0.467915
vt 0.231620 0.745228
vt 0.112701 0.321371
vt 0.697479 0.372421
vt 0.005575 0.315946
vt 0.222257 0.753427
vt 0.062242 0.318726
vt 0.690331 0.377591
vt 0.115314 0.321660
vt 0.699845 0.371237
vt 0.739584 0.389622
vt 0.856741 0.088423
vt 0.242641 0.733098
vt 0.679265 0.389078
vt 0.707525 0.688798
vt 0.836916 0.420476
vt 0.695992 0.783117
vt 0.833917 0.325462
vt 0.645093 0.472465
vt 0.723519 0.483084
vt 0.856114 0.183610
vt 0.325622 0.697640
vt 0.291578 0.734181
vt 0.728256 0.435790
vt 0.855731 0.136032
vt 0.701049 0.735878
vt 0.834917 0.372985
vt 0.678130 0.441520
vt 0.690538 0.552233
vt 0.130743 0.129479
vt 0.133747 0.130379
vt 0.692434 0.553932
vt 0.650535 0.591972
vt 0.645386 0.565650
vt 0.147621 0.071450
vt 0.140703 0.058536
vt 0.150800 0.073676
vt 0.651245 0.594425
vt 0.663470 0.457816
vt 0.701280 0.759165
vt 0.652294 0.509045
vt 0.648165 0.481979
vt 0.680635 0.415648
vt 0.707627 0.712027
vt 0.663394 0.372926
vt 0.712072 0.663881
vt 0.630574 0.770506
vt 0.761212 0.156529
vt 0.779189 0.617772
vt 0.833564 0.647330
vt 0.224550 0.718324
vt 0.744920 0.366143
vt 0.267333 0.735414
vt 0.729558 0.411707
vt 0.309589 0.717127
vt 0.721795 0.459215
vt 0.326767 0.675062
vt 0.719706 0.506634
vt 0.206547 0.675274
vt 0.769240 0.689368
vt 0.769240 0.323899
vt 0.211269 0.698833
vt 0.755989 0.344661
vt 0.244248 0.731126
vt 0.736176 0.388562
vt 0.322398 0.697593
vt 0.720159 0.483133
vt 0.290276 0.730513
vt 0.724849 0.435323
vt 0.816577 0.732364
vt 0.789255 0.710344
vt 0.755455 0.720146
vt 0.743381 0.781317
vt 0.733494 0.747580
vt 0.826416 0.766015
vt 0.677529 0.080268
vt 0.806684 0.738961
vt 0.804573 0.793402
vt 0.675628 0.111912
vt 0.788055 0.716604
vt 0.675131 0.143596
vt 0.762086 0.730087
vt 0.770863 0.803234
vt 0.678431 0.206314
vt 0.753317 0.774727
vt 0.829844 0.723521
vt 0.841087 0.396513
vt 0.826175 0.725966
vt 0.790976 0.701868
vt 0.791763 0.697999
vt 0.843580 0.443869
vt 0.749034 0.710531
vt 0.746575 0.706849
vt 0.847028 0.491166
vt 0.847028 0.112224
vt 0.676098 0.175227
vt 0.739744 0.748847
vt 0.680785 0.048713
vt 0.820191 0.764738
vt 0.684838 0.017367
vt 0.685349 0.268186
vt 0.797940 0.783527
vt 0.641266 0.711559
vt 0.859594 0.112330
vt 0.603078 0.737518
vt 0.862273 0.065007
vt 0.557656 0.728702
vt 0.869629 0.396152
vt 0.869629 0.018192
vt 0.834881 0.767654
vt 0.730176 0.790284
vt 0.841087 0.206877
vt 0.733831 0.787804
vt 0.838743 0.768404
vt 0.839591 0.349114
vt 0.724991 0.745960
vt 0.721110 0.745214
vt 0.843580 0.159521
vt 0.810994 0.802956
vt 0.813452 0.806614
vt 0.839092 0.301695
vt 0.738660 0.114375
vt 0.763817 0.282501
vt 0.732085 0.114115
vt 0.737002 0.085312
vt 0.743755 0.085909
vt 0.761457 0.253765
vt 0.741464 0.143170
vt 0.792555 0.284864
vt 0.734687 0.143215
vt 0.681537 0.237200
vt 0.772099 0.797022
vt 0.540695 0.644680
vt 0.859594 0.302014
vt 0.650033 0.666147
vt 0.859575 0.159750
vt 0.624345 0.627710
vt 0.859891 0.207172
vt 0.531778 0.690219
vt 0.862272 0.349337
vt 0.769215 0.811738
vt 0.768461 0.815616
vt 0.839591 0.254275
vt 0.739050 0.172032
vt 0.821291 0.282497
vt 0.732458 0.172366
vt 0.719524 0.286734
vt 0.727381 0.278472
vt 0.738838 0.278451
vt 0.743764 0.056978
vt 0.763819 0.225034
vt 0.737209 0.056048
vt 0.741164 0.200761
vt 0.743961 0.200514
vt 0.823655 0.253762
vt 0.284934 0.795030
vt 0.278187 0.792344
vt 0.277549 0.802789
vt 0.274614 0.796048
vt 0.266670 0.803010
vt 0.269419 0.796120
vt 0.754204 0.257027
vt 0.754204 0.029313
vt 0.792553 0.222666
vt 0.747227 0.027755
vt 0.747247 0.258492
vt 0.579063 0.618814
vt 0.859575 0.254594
vt 0.282772 0.794172
vt 0.276605 0.800609
vt 0.267567 0.800768
vt 0.718006 0.286142
vt 0.792553 0.269696
vt 0.726735 0.276975
vt 0.781290 0.265028
vt 0.739473 0.276920
vt 0.776624 0.253766
vt 0.560244 0.724802
vt 0.602141 0.732944
vt 0.637363 0.708997
vt 0.719638 0.298353
vt 0.627994 0.702854
vt 0.599895 0.721975
vt 0.566455 0.715448
vt 0.727644 0.306636
vt 0.747165 0.298492
vt 0.747092 0.286786
vt 0.744117 0.229377
vt 0.821291 0.225025
vt 0.737568 0.230243
vt 0.284898 0.784375
vt 0.278152 0.787218
vt 0.521470 0.789818
vt 0.521470 0.589232
vt 0.245890 0.804486
vt 0.227604 0.787267
vt 0.496285 0.608024
vt 0.204685 0.776993
vt 0.477770 0.631272
vt 0.258832 0.784537
vt 0.265655 0.787304
vt 0.277255 0.776765
vt 0.274465 0.783598
vt 0.258807 0.795422
vt 0.265674 0.792500
vt 0.282729 0.785302
vt 0.276343 0.778993
vt 0.261032 0.785429
vt 0.261037 0.794470
vt 0.718119 0.298977
vt 0.803817 0.265025
vt 0.727010 0.308126
vt 0.808487 0.253761
vt 0.536375 0.689292
vt 0.748687 0.299108
vt 0.792555 0.237833
vt 0.748643 0.286136
vt 0.781292 0.242503
vt 0.621754 0.631589
vt 0.645445 0.667066
vt 0.544601 0.647269
vt 0.553974 0.653480
vt 0.547403 0.687069
vt 0.739067 0.306726
vt 0.235616 0.827406
vt 0.496285 0.771026
vt 0.218397 0.845691
vt 0.477770 0.747779
vt 0.266414 0.776792
vt 0.269281 0.783604
vt 0.634428 0.669272
vt 0.615535 0.640890
vt 0.267330 0.778997
vt 0.739700 0.308250
vt 0.803819 0.242498
vt 0.579992 0.623386
vt 0.462261 0.689525
vt 0.177192 0.818198
vt 0.187466 0.795279
vt 0.466288 0.658682
vt 0.582225 0.634354
vt 0.195477 0.835417
vt 0.466288 0.720369
vt 0.676648 0.183857
vt 0.741740 0.756481
vt 0.675718 0.166515
vt 0.744444 0.742536
vt 0.814409 0.275627
vt 0.676040 0.103171
vt 0.794335 0.721336
vt 0.675372 0.120653
vt 0.780405 0.718565
vt 0.770997 0.275636
vt 0.734638 0.759541
vt 0.739150 0.736850
vt 0.739620 0.164231
vt 0.814205 0.284647
vt 0.799854 0.715944
vt 0.777165 0.711488
vt 0.732942 0.164328
vt 0.739325 0.122150
vt 0.770904 0.284650
vt 0.732664 0.122138
vt 0.733298 0.106162
vt 0.739940 0.106679
vt 0.761670 0.275412
vt 0.734092 0.180271
vt 0.740306 0.179744
vt 0.823439 0.275408
vt 0.680600 0.228649
vt 0.765790 0.792312
vt 0.682574 0.245773
vt 0.779723 0.795052
vt 0.814411 0.232201
vt 0.760047 0.797563
vt 0.782975 0.802092
vt 0.746307 0.236914
vt 0.814205 0.222877
vt 0.739676 0.238097
vt 0.737768 0.222178
vt 0.743980 0.221588
vt 0.823439 0.232114
vt 0.679785 0.057424
vt 0.818223 0.757140
vt 0.681882 0.040036
vt 0.815493 0.771038
vt 0.770715 0.232207
vt 0.825308 0.754110
vt 0.820776 0.776704
vt 0.746039 0.049436
vt 0.770904 0.222884
vt 0.739400 0.048178
vt 0.736996 0.064114
vt 0.743649 0.064783
vt 0.761672 0.232122
vt 0.211541 0.811342
vt 0.271931 0.789842
vt 0.728605 0.187917
vt 0.735308 0.201279
vt 0.731016 0.215633
vt 0.701303 0.218692
vt 0.694669 0.204914
vt 0.698794 0.190166
vt 0.676567 0.298892
vt 0.687470 0.294611
vt 0.676675 0.285923
vt 0.682487 0.288611
vt 0.687336 0.290670
vt 0.685896 0.276894
vt 0.688080 0.282896
vt 0.690031 0.287801
vt 0.698758 0.277053
vt 0.696072 0.282832
vt 0.693982 0.287682
vt 0.707732 0.286185
vt 0.701786 0.288439
vt 0.696870 0.290399
vt 0.692147 0.292511
vt 0.707736 0.298921
vt 0.701907 0.296443
vt 0.696997 0.294367
vt 0.698716 0.308135
vt 0.696264 0.302122
vt 0.694246 0.297236
vt 0.685662 0.308165
vt 0.688283 0.302286
vt 0.690295 0.297368
vt 0.682596 0.296653
vt 0.406219 0.800325
vt 0.724206 0.193336
vt 0.406474 0.799711
vt 0.399724 0.792576
vt 0.399143 0.792846
vt 0.728611 0.201861
vt 0.399036 0.782464
vt 0.725667 0.211035
vt 0.416236 0.775505
vt 0.707878 0.212802
vt 0.415970 0.776098
vt 0.423372 0.782898
vt 0.703348 0.204142
vt 0.422744 0.783153
vt 0.423390 0.793182
vt 0.706328 0.194826
vt 0.422786 0.792942
vt 0.726717 0.190354
vt 0.725845 0.191387
vt 0.731167 0.201640
vt 0.732520 0.201523
vt 0.728727 0.213565
vt 0.727675 0.212695
vt 0.705349 0.215877
vt 0.706227 0.214812
vt 0.699365 0.204507
vt 0.700746 0.204383
vt 0.703276 0.192251
vt 0.704333 0.193145
vt 0.195447 0.787291
vt 0.471178 0.644454
vt 0.634487 0.686721
vt 0.645490 0.688841
vt 0.650087 0.689730
vt 0.859413 0.136039
vt 0.838734 0.745081
vt 0.840212 0.372818
vt 0.834669 0.747146
vt 0.826888 0.786594
vt 0.829899 0.790011
vt 0.839215 0.325406
vt 0.640983 0.644383
vt 0.859792 0.183460
vt 0.637094 0.646978
vt 0.627792 0.653176
vt 0.463277 0.673812
vt 0.183154 0.805715
vt 0.733024 0.726926
vt 0.730003 0.723493
vt 0.845197 0.135865
vt 0.540912 0.712030
vt 0.865360 0.372834
vt 0.544805 0.709415
vt 0.554111 0.703165
vt 0.508144 0.780971
vt 0.239928 0.816969
vt 0.205914 0.839729
vt 0.471178 0.734596
vt 0.566234 0.641095
vt 0.559969 0.631820
vt 0.557352 0.627940
vt 0.859413 0.278305
vt 0.746804 0.806756
vt 0.840212 0.230572
vt 0.750205 0.803726
vt 0.217168 0.782955
vt 0.486160 0.619154
vt 0.615869 0.715243
vt 0.622134 0.724469
vt 0.624756 0.728330
vt 0.860436 0.088638
vt 0.813360 0.706994
vt 0.842207 0.420198
vt 0.809888 0.709960
vt 0.227635 0.835394
vt 0.486160 0.759897
vt 0.547353 0.669622
vt 0.536342 0.667464
vt 0.531736 0.666562
vt 0.860436 0.325706
vt 0.721168 0.768660
vt 0.842207 0.183192
vt 0.725248 0.766572
vt 0.235592 0.795248
vt 0.508144 0.598079
vt 0.582538 0.722059
vt 0.580398 0.733031
vt 0.579504 0.737623
vt 0.865360 0.041510
vt 0.768302 0.697917
vt 0.845197 0.467526
vt 0.770322 0.702023
vt 0.789828 0.811501
vt 0.791857 0.815586
vt 0.839215 0.277984
vt 0.602589 0.618755
vt 0.859792 0.230883
vt 0.601688 0.623332
vt 0.599535 0.634265
vt 0.463277 0.705239
vt 0.187489 0.827436
vt 0.517811 0.795654
vt 0.517811 0.583397
vt 0.569587 0.710737
vt 0.491805 0.603499
vt 0.598765 0.716449
vt 0.472553 0.628182
vt 0.623271 0.699764
vt 0.455550 0.689525
vt 0.612399 0.645573
vt 0.491805 0.775552
vt 0.552960 0.685952
vt 0.472553 0.750868
vt 0.558697 0.656608
vt 0.460162 0.722119
vt 0.583354 0.639876
vt 0.460162 0.656932
vt 0.628874 0.670381
vt 0.465500 0.641992
vt 0.628899 0.685655
vt 0.456788 0.672884
vt 0.623069 0.656316
vt 0.504143 0.786174
vt 0.558835 0.699996
vt 0.465500 0.737058
vt 0.569421 0.645793
vt 0.481272 0.615359
vt 0.612690 0.710562
vt 0.481272 0.763691
vt 0.552939 0.670718
vt 0.504143 0.592876
vt 0.583627 0.716492
vt 0.456788 0.706167
vt 0.598442 0.639810
vt 0.286144 0.795494
vt 0.720808 0.287229
vt 0.278096 0.804007
vt 0.727944 0.279748
vt 0.266171 0.804301
vt 0.738304 0.279768
vt 0.257575 0.784027
vt 0.745874 0.297970
vt 0.277774 0.775499
vt 0.728184 0.305375
vt 0.257589 0.795943
vt 0.745755 0.287354
vt 0.286076 0.783861
vt 0.720957 0.297814
vt 0.265911 0.775585
vt 0.738519 0.305413
vt 0.399494 0.782669
vt 0.769040 0.253821
vt 0.792554 0.230399
vt 0.816242 0.253816
vt 0.792611 0.277465
vt 0.635411 0.833930
vt 0.831806 0.654150
vt 0.635065 0.789525
vt 0.796756 0.626933
vt 0.800494 0.619386
vt 0.623074 0.793851
vt 0.617455 0.821168
vt 0.603679 0.831502
vt 0.552476 0.844244
vt 0.545726 0.844381
vt 0.541169 0.839842
vt 0.629563 0.790076
vt 0.625339 0.833866
vt 0.608167 0.841639
vt 0.553250 0.848362
vt 0.544543 0.846798
vt 0.538261 0.842097
vt 0.626548 0.773629
vt 0.585985 0.805086
vt 0.556931 0.827618
vt 0.571399 0.816398
vt 0.564616 0.841378
vt 0.566271 0.847087
vt 0.567711 0.852634
vt 0.819291 0.370783
vt 0.584316 0.836369
vt 0.587384 0.844232
vt 0.589579 0.850471
vt 0.820577 0.392725
vt 0.242487 0.831990
vt 0.498793 0.768429
vt 0.232228 0.842258
vt 0.488888 0.757734
vt 0.248023 0.804060
vt 0.523202 0.786330
vt 0.523202 0.592721
vt 0.242456 0.790655
vt 0.510295 0.601053
vt 0.232189 0.780396
vt 0.498793 0.610621
vt 0.218774 0.774854
vt 0.488888 0.621316
vt 0.175059 0.818624
vt 0.466015 0.689525
vt 0.175053 0.804109
vt 0.466903 0.674294
vt 0.248029 0.818575
vt 0.510295 0.777998
vt 0.190893 0.842288
vt 0.469770 0.719419
vt 0.204308 0.847830
vt 0.474385 0.733244
vt 0.180625 0.832029
vt 0.466903 0.704757
vt 0.180595 0.790694
vt 0.469770 0.659631
vt 0.190854 0.780427
vt 0.474385 0.645807
vt 0.204259 0.774860
vt 0.480758 0.633041
vt 0.218823 0.847824
vt 0.480758 0.746009
vt 0.240677 0.830783
vt 0.231018 0.840450
vt 0.239923 0.805677
vt 0.240649 0.791865
vt 0.230981 0.782206
vt 0.218351 0.776987
vt 0.183159 0.817007
vt 0.177186 0.804532
vt 0.245896 0.818152
vt 0.192100 0.840479
vt 0.204731 0.845697
vt 0.182433 0.830819
vt 0.182404 0.791902
vt 0.192064 0.782234
vt 0.205876 0.782960
vt 0.217206 0.839725
vt 0.694392 0.478681
vt 0.679672 0.465089
vt 0.689185 0.458949
vt 0.641280 0.530351
vt 0.621352 0.532802
vt 0.154738 0.054489
vt 0.163150 0.037414
vt 0.163150 0.797512
vt 0.635724 0.601874
vt 0.621256 0.605678
vt 0.158397 0.056400
vt 0.635967 0.604783
vt 0.167098 0.791844
vt 0.167098 0.043082
vt 0.621252 0.608648
vt 0.075294 0.140864
vt 0.072500 0.171239
vt 0.019863 0.135804
vt 0.392502 0.757100
vt 0.015690 0.164105
vt 0.365727 0.763309
vt 0.780026 0.071377
vt 0.127641 0.176730
vt 0.709795 0.511931
vt 0.130566 0.148191
vt 0.701562 0.538869
vt 0.707065 0.510844
vt 0.699262 0.537457
vt 0.114897 0.145955
vt 0.124657 0.176344
vt 0.393455 0.389255
vt 0.692716 0.500566
vt 0.256622 0.595755
vt 0.573602 0.245709
vt 0.765476 0.044726
vt 0.208698 0.622124
vt 0.127542 0.147747
vt 0.004408 0.484409
vt 0.196422 0.616658
vt 0.794608 0.036166
vt 0.454985 0.421121
vt 0.121873 0.743768
vt 0.098219 0.417464
vt 0.459481 0.359765
vt 0.617104 0.266382
vt 0.099290 0.353669
vt 0.103372 0.287714
vt 0.098564 0.385641
vt 0.101165 0.320717
vt 0.674678 0.673925
vt 0.561660 0.207648
vt 0.765483 0.077388
vt 0.677636 0.674210
vt 0.112286 0.175149
vt 0.678224 0.645449
vt 0.686475 0.547389
vt 0.222232 0.222109
vt 0.670010 0.567292
vt 0.634957 0.593064
vt 0.649120 0.584925
vt 0.590054 0.201737
vt 0.621269 0.596366
vt 0.677345 0.511495
vt 0.504212 0.221135
vt 0.694955 0.532511
vt 0.667435 0.526987
vt 0.701568 0.507491
vt 0.786897 0.466788
vt 0.654589 0.542775
vt 0.783811 0.467092
vt 0.621323 0.554674
vt 0.631921 0.221436
vt 0.785851 0.496508
vt 0.642038 0.549505
vt 0.681926 0.494345
vt 0.631954 0.570006
vt 0.677083 0.536861
vt 0.662298 0.554110
vt 0.686370 0.521976
vt 0.508150 0.397110
vt 0.672185 0.673683
vt 0.363875 0.755197
vt 0.334292 0.707429
vt 0.672691 0.702801
vt 0.675679 0.702956
vt 0.389779 0.750611
vt 0.387186 0.743910
vt 0.217858 0.253317
vt 0.700724 0.432462
vt 0.709341 0.430460
vt 0.106079 0.258675
vt 0.121437 0.260070
vt 0.712507 0.429978
vt 0.686865 0.437474
vt 0.066034 0.255345
vt 0.118437 0.259766
vt 0.008611 0.250985
vt 0.281825 0.766828
vt 0.283722 0.758165
vt 0.361903 0.731650
vt 0.346229 0.716798
vt 0.640535 0.250475
vt 0.502023 0.367497
vt 0.537846 0.246845
vt 0.683729 0.646174
vt 0.509654 0.252178
vt 0.224339 0.191420
vt 0.616243 0.196049
vt 0.732975 0.600797
vt 0.855907 0.302125
vt 0.501706 0.190214
vt 0.725181 0.553878
vt 0.855897 0.254497
vt 0.748290 0.645771
vt 0.858572 0.349656
vt 0.566706 0.438450
vt 0.704261 0.877992
vt 0.704425 0.901370
vt 0.835794 0.206654
vt 0.598584 0.470721
vt 0.699262 0.830833
vt 0.570857 0.355219
vt 0.708847 0.948610
vt 0.838293 0.159187
vt 0.698017 0.854274
vt 0.834295 0.254164
vt 0.567028 0.392130
vt 0.710790 0.925926
vt 0.110933 0.480791
vt 0.113669 0.480557
vt 0.563549 0.345584
vt 0.115402 0.546284
vt 0.569380 0.572751
vt 0.140320 0.731970
vt 0.567984 0.574847
vt 0.591164 0.281821
vt 0.788574 0.021633
vt 0.795578 0.524089
vt 0.788364 0.495987
vt 0.007209 0.553404
vt 0.252503 0.585550
vt 0.392654 0.420101
vt 0.060797 0.482640
vt 0.120390 0.795698
vt 0.395071 0.357823
vt 0.456964 0.391066
vt 0.624929 0.224464
vt 0.497178 0.395711
vt 0.681171 0.645886
vt 0.505020 0.423718
vt 0.670147 0.702673
vt 0.531716 0.217893
vt 0.680297 0.674466
vt 0.623530 0.194488
vt 0.781283 0.467348
vt 0.600043 0.234982
vt 0.371251 0.230160
vt 0.189496 0.219110
vt 0.793940 0.494833
vt 0.183972 0.248247
vt 0.800982 0.522436
vt 0.791460 0.495346
vt 0.798480 0.523139
vt 0.646809 0.245781
vt 0.793222 0.524895
vt 0.372163 0.266572
vt 0.513522 0.370013
vt 0.675736 0.645018
vt 0.114320 0.820933
vt 0.174358 0.358756
vt 0.084708 0.816147
vt 0.174531 0.389388
vt 0.817662 0.215411
vt 0.494301 0.423116
vt 0.795129 0.180276
vt 0.528720 0.188623
vt 0.678293 0.703091
vt 0.079855 0.743160
vt 0.192028 0.190078
vt 0.789474 0.466533
vt 0.370922 0.194873
vt 0.174642 0.419804
vt 0.790110 0.204716
vt 0.599391 0.360060
vt 0.710396 0.973477
vt 0.544434 0.404931
vt 0.118279 0.545852
vt 0.532543 0.401106
vt 0.565497 0.347694
vt 0.535617 0.401686
vt 0.136844 0.733608
vt 0.265802 0.612288
vt 0.311404 0.631871
vt 0.222395 0.630732
vt 0.558890 0.416039
vt 0.578104 0.368912
vt 0.578379 0.459844
vt 0.362373 0.746758
vt 0.069956 0.203038
vt 0.012343 0.197533
vt 0.333496 0.765882
vt 0.332604 0.758973
vt 0.238091 0.738328
vt 0.261786 0.745596
vt 0.418363 0.610039
vt 0.821101 0.446743
vt 0.026370 0.730656
vt 0.421170 0.604550
vt 0.216931 0.723528
vt 0.203040 0.701240
vt 0.420453 0.610047
vt 0.557487 0.746161
vt 0.823072 0.447368
vt 0.824353 0.111779
vt 0.198154 0.675285
vt 0.286206 0.748105
vt 0.009915 0.229258
vt 0.302812 0.766678
vt 0.304149 0.759524
vt 0.067637 0.233625
vt 0.120402 0.237794
vt 0.107969 0.236803
vt 0.701609 0.453004
vt 0.709479 0.451802
vt 0.123407 0.238015
vt 0.712568 0.451712
vt 0.702807 0.480075
vt 0.122573 0.206925
vt 0.110181 0.205949
vt 0.709403 0.481599
vt 0.125556 0.207223
vt 0.712366 0.482039
vt 0.026980 0.734651
vt 0.424692 0.606271
vt 0.826124 0.118952
vt 0.393890 0.618710
vt 0.399755 0.623646
vt 0.818931 0.469930
vt 0.759242 0.666925
vt 0.861666 0.373307
vt 0.404884 0.609441
vt 0.413792 0.613522
vt 0.819662 0.452599
vt 0.707237 0.972244
vt 0.839914 0.135475
vt 0.555924 0.751251
vt 0.822482 0.452634
vt 0.550911 0.767795
vt 0.821862 0.469890
vt 0.344437 0.652444
vt 0.531079 0.824658
vt 0.818716 0.530121
vt 0.349091 0.656538
vt 0.817078 0.530350
vt 0.336128 0.662251
vt 0.341607 0.665155
vt 0.818134 0.541872
vt 0.739584 0.623645
vt 0.856741 0.325920
vt 0.530888 0.835741
vt 0.819847 0.541303
vt 0.574538 0.494683
vt 0.707525 0.924923
vt 0.836916 0.182914
vt 0.695992 0.830604
vt 0.833917 0.277928
vt 0.077786 0.717016
vt 0.723519 0.530183
vt 0.856114 0.230733
vt 0.117580 0.709060
vt 0.023615 0.718177
vt 0.409864 0.599595
vt 0.728256 0.577477
vt 0.855731 0.278311
vt 0.701049 0.877843
vt 0.834917 0.230405
vt 0.361299 0.648207
vt 0.817404 0.515533
vt 0.379847 0.636495
vt 0.818152 0.493623
vt 0.357344 0.643189
vt 0.375509 0.630677
vt 0.305522 0.600124
vt 0.309044 0.612899
vt 0.320466 0.627550
vt 0.332753 0.623399
vt 0.332920 0.611749
vt 0.332309 0.599586
vt 0.576319 0.471851
vt 0.194397 0.647067
vt 0.109974 0.449063
vt 0.059977 0.449968
vt 0.003692 0.450760
vt 0.181766 0.644374
vt 0.594539 0.341060
vt 0.112475 0.448954
vt 0.590928 0.330485
vt 0.591937 0.332846
vt 0.208976 0.651024
vt 0.598362 0.355847
vt 0.231420 0.605230
vt 0.112701 0.513556
vt 0.545860 0.372041
vt 0.005575 0.518982
vt 0.222025 0.597061
vt 0.062243 0.516201
vt 0.552993 0.377278
vt 0.115314 0.513267
vt 0.543496 0.370837
vt 0.242485 0.617327
vt 0.564012 0.388882
vt 0.597771 0.472379
vt 0.325614 0.652492
vt 0.291452 0.616074
vt 0.564772 0.441361
vt 0.552115 0.552060
vt 0.130743 0.705447
vt 0.133747 0.704547
vt 0.550215 0.553754
vt 0.592014 0.591896
vt 0.597231 0.565587
vt 0.147621 0.763476
vt 0.140703 0.776390
vt 0.150800 0.761250
vt 0.591298 0.594347
vt 0.579401 0.457678
vt 0.701280 0.854557
vt 0.590468 0.508956
vt 0.594668 0.481888
vt 0.408065 0.745741
vt 0.384163 0.735895
vt 0.562394 0.415500
vt 0.707627 0.901694
vt 0.580070 0.372778
vt 0.712072 0.949840
vt 0.815587 0.126971
vt 0.224434 0.632165
vt 0.744920 0.647124
vt 0.267182 0.614927
vt 0.729558 0.601560
vt 0.309551 0.633062
vt 0.721796 0.554052
vt 0.211207 0.651699
vt 0.755989 0.668606
vt 0.244100 0.619295
vt 0.736176 0.624705
vt 0.322390 0.652544
vt 0.720159 0.530134
vt 0.290162 0.619750
vt 0.724849 0.577945
vt 0.570350 0.750037
vt 0.813828 0.120151
vt 0.613271 0.761423
vt 0.778779 0.147369
vt 0.782516 0.154915
vt 0.606097 0.771960
vt 0.578241 0.770603
vt 0.564804 0.781374
vt 0.539719 0.827796
vt 0.537907 0.834299
vt 0.611368 0.766614
vt 0.567905 0.759808
vt 0.556103 0.774505
vt 0.535924 0.826021
vt 0.535271 0.834843
vt 0.545516 0.816751
vt 0.540399 0.813727
vt 0.535385 0.810952
vt 0.819291 0.515696
vt 0.555271 0.798917
vt 0.548419 0.793989
vt 0.542923 0.790310
vt 0.820577 0.493754
vt 0.548415 0.478485
vt 0.563173 0.464922
vt 0.553671 0.458756
vt 0.601429 0.530296
vt 0.154738 0.780437
vt 0.606799 0.601836
vt 0.158397 0.778526
vt 0.606548 0.604744
vt 0.075295 0.694062
vt 0.072500 0.663688
vt 0.019864 0.699123
vt 0.392430 0.592857
vt 0.015691 0.670822
vt 0.365605 0.586698
vt 0.127641 0.658196
vt 0.532940 0.511718
vt 0.130566 0.686736
vt 0.541122 0.538673
vt 0.535672 0.510635
vt 0.543424 0.537266
vt 0.114897 0.688971
vt 0.124657 0.658583
vt 0.550047 0.500382
vt 0.127542 0.687180
vt 0.099290 0.481258
vt 0.103372 0.547213
vt 0.098564 0.449286
vt 0.101165 0.514211
vt 0.112286 0.659778
vt 0.556189 0.547225
vt 0.572605 0.567167
vt 0.607589 0.593028
vt 0.593448 0.584853
vt 0.565400 0.511346
vt 0.547742 0.532328
vt 0.575278 0.526865
vt 0.541178 0.507293
vt 0.588086 0.542687
vt 0.228029 0.541768
vt 0.227747 0.510990
vt 0.600621 0.549449
vt 0.227712 0.450144
vt 0.227673 0.480470
vt 0.228112 0.327406
vt 0.228112 0.572882
vt 0.560855 0.494181
vt 0.610652 0.569978
vt 0.565605 0.536718
vt 0.580349 0.554004
vt 0.556350 0.521811
vt 0.363770 0.594826
vt 0.033214 0.166404
vt 0.023255 0.316790
vt 0.024858 0.282575
vt 0.021075 0.417464
vt 0.021286 0.384386
vt 0.334269 0.642692
vt 0.389717 0.599360
vt 0.022059 0.351042
vt 0.042767 0.099575
vt 0.040134 0.116440
vt 0.387136 0.606076
vt 0.044643 0.080516
vt 0.843827 0.631756
vt 0.833396 0.629197
vt 0.542206 0.432211
vt 0.036910 0.137208
vt 0.026339 0.252278
vt 0.533587 0.430169
vt 0.106080 0.576252
vt 0.030091 0.199325
vt 0.027689 0.230593
vt 0.121437 0.574857
vt 0.530415 0.429672
vt 0.556052 0.437287
vt 0.066035 0.579582
vt 0.118437 0.575161
vt 0.008612 0.583942
vt 0.281575 0.583430
vt 0.283506 0.592095
vt 0.361849 0.618404
vt 0.346192 0.633299
vt 0.362286 0.603279
vt 0.069957 0.631889
vt 0.012344 0.637394
vt 0.333322 0.584204
vt 0.332448 0.591125
vt 0.237916 0.612110
vt 0.261596 0.604757
vt 0.216798 0.626983
vt 0.202970 0.649316
vt 0.286027 0.602156
vt 0.009915 0.605669
vt 0.302589 0.583502
vt 0.303952 0.590661
vt 0.067637 0.601302
vt 0.120402 0.597133
vt 0.107969 0.598125
vt 0.541252 0.452773
vt 0.533376 0.451549
vt 0.123407 0.596912
vt 0.530283 0.451449
vt 0.539992 0.479862
vt 0.122573 0.628002
vt 0.110181 0.628977
vt 0.533388 0.481373
vt 0.125556 0.627704
vt 0.530422 0.481807
vt 0.408038 0.604199
vt 0.384125 0.614107
vt 0.228029 0.358521
vt 0.227747 0.389299
vt 0.227673 0.419819
vt 0.033214 0.668523
vt 0.023256 0.518138
vt 0.024858 0.552353
vt 0.021286 0.450541
vt 0.022059 0.483885
vt 0.042767 0.735352
vt 0.040135 0.718487
vt 0.044644 0.754410
vt 0.825849 0.142545
vt 0.815418 0.145104
vt 0.036910 0.697718
vt 0.026339 0.582650
vt 0.030091 0.635602
vt 0.027690 0.604334
vt 0.708494 0.676967
vt 0.837573 0.432342
vt 0.670775 0.381916
vt 0.711751 0.675794
vt 0.563442 0.427265
vt 0.705917 0.889769
vt 0.547547 0.455172
vt 0.365948 0.637179
vt 0.334262 0.681727
vt 0.339632 0.693104
vt 0.340076 0.701689
vt 0.240679 0.735365
vt 0.254069 0.736668
vt 0.259258 0.749994
vt 0.243870 0.750776
vt 0.259051 0.600365
vt 0.413940 0.606759
vt 0.135102 0.027787
vt 0.145375 0.040180
vt 0.131592 0.049579
vt 0.787034 0.379520
vt 0.785737 0.394188
vt 0.782478 0.408556
vt 0.626960 0.126133
vt 0.783204 0.393799
vt 0.621817 0.354818
vt 0.789915 0.495666
vt 0.136389 0.118031
vt 0.684829 0.563705
vt 0.673976 0.574067
vt 0.683159 0.561805
vt 0.691555 0.553234
vt 0.621722 0.139397
vt 0.621564 0.153453
vt 0.780114 0.423144
vt 0.619146 0.167129
vt 0.614237 0.152663
vt 0.179364 0.040897
vt 0.179364 0.279499
vt 0.309884 0.632752
vt 0.587647 0.361372
vt 0.773816 0.073945
vt 0.606659 0.603452
vt 0.009190 0.594684
vt 0.291958 0.583425
vt 0.683341 0.831283
vt 0.684257 0.845002
vt 0.684257 0.618493
vt 0.680480 0.831820
vt 0.679692 0.817816
vt 0.670321 0.545509
vt 0.658450 0.548151
vt 0.661011 0.535488
vt 0.672475 0.532039
vt 0.820788 0.079482
vt 0.806772 0.085274
vt 0.800382 0.072071
vt 0.815960 0.065633
vt 0.394251 0.526702
vt 0.187141 0.541584
vt 0.099669 0.016920
vt 0.174454 0.526171
vt 0.310233 0.511087
vt 0.542709 0.059559
vt 0.685822 0.831089
vt 0.686874 0.844660
vt 0.686874 0.618835
vt 0.682500 0.817449
vt 0.803818 0.324510
vt 0.803818 0.551272
vt 0.534247 0.087897
vt 0.681858 0.803269
vt 0.679233 0.803567
vt 0.679008 0.789152
vt 0.506363 0.410460
vt 0.670982 0.688163
vt 0.197742 0.160198
vt 0.098332 0.401544
vt 0.107003 0.385798
vt 0.109885 0.401651
vt 0.106790 0.417464
vt 0.517977 0.543970
vt 0.678056 0.832452
vt 0.676924 0.818265
vt 0.681682 0.845821
vt 0.681682 0.617673
vt 0.501773 0.450144
vt 0.362943 0.598688
vt 0.743665 0.634816
vt 0.857514 0.337800
vt 0.520796 0.558885
vt 0.520796 0.341404
vt 0.189101 0.071237
vt 0.179405 0.057339
vt 0.805295 0.340042
vt 0.214126 0.051066
vt 0.478297 0.506850
vt 0.455884 0.494045
vt 0.475793 0.478132
vt 0.495551 0.490802
vt 0.810433 0.578733
vt 0.794515 0.591803
vt 0.761301 0.190765
vt 0.779279 0.583536
vt 0.174673 0.465310
vt 0.793795 0.572710
vt 0.504227 0.463350
vt 0.669659 0.746290
vt 0.502852 0.476710
vt 0.493498 0.463636
vt 0.183225 0.675306
vt 0.794679 0.509413
vt 0.454370 0.464576
vt 0.474755 0.450144
vt 0.676267 0.803922
vt 0.676145 0.789428
vt 0.673493 0.688348
vt 0.187262 0.086786
vt 0.797165 0.367010
vt 0.792776 0.380709
vt 0.794679 0.366369
vt 0.799784 0.353023
vt 0.151715 0.772955
vt 0.695594 0.390941
vt 0.694734 0.374039
vt 0.703705 0.386868
vt 0.704049 0.402923
vt 0.633865 0.582013
vt 0.638122 0.568342
vt 0.647422 0.575958
vt 0.641410 0.589912
vt 0.836061 0.048193
vt 0.581698 0.070310
vt 0.847599 0.061083
vt 0.835691 0.073805
vt 0.829165 0.059253
vt 0.690929 0.527533
vt 0.129325 0.686917
vt 0.126541 0.643073
vt 0.531030 0.496964
vt 0.220478 0.082807
vt 0.285295 0.058650
vt 0.371644 0.072174
vt 0.287348 0.093145
vt 0.560211 0.401042
vt 0.706094 0.700587
vt 0.836324 0.408607
vt 0.679541 0.403735
vt 0.709331 0.699924
vt 0.818990 0.344891
vt 0.339643 0.680110
vt 0.819643 0.339492
vt 0.822315 0.551399
vt 0.822315 0.335080
vt 0.538250 0.848214
vt 0.821290 0.340250
vt 0.670743 0.731747
vt 0.672236 0.746224
vt 0.671365 0.760760
vt 0.187296 0.450144
vt 0.818990 0.541587
vt 0.524448 0.131516
vt 0.528040 0.146070
vt 0.677818 0.746075
vt 0.523623 0.160198
vt 0.501186 0.145274
vt 0.655906 0.361514
vt 0.647050 0.348945
vt 0.661493 0.347173
vt 0.668722 0.362615
vt 0.604488 0.568298
vt 0.117000 0.273166
vt 0.112155 0.288349
vt 0.129022 0.696433
vt 0.434922 0.450144
vt 0.435386 0.479835
vt 0.392559 0.465099
vt 0.635776 0.337899
vt 0.621877 0.331416
vt 0.637068 0.329409
vt 0.650739 0.335946
vt 0.436760 0.510562
vt 0.392927 0.495509
vt 0.214691 0.640171
vt 0.550982 0.795469
vt 0.090227 0.599534
vt 0.560664 0.439410
vt 0.266904 0.736275
vt 0.243708 0.731821
vt 0.255583 0.734404
vt 0.732613 0.400061
vt 0.123568 0.191500
vt 0.126390 0.176556
vt 0.782629 0.423271
vt 0.780911 0.437892
vt 0.792217 0.091786
vt 0.371644 0.248222
vt 0.021822 0.125292
vt 0.402166 0.753616
vt 0.391127 0.753806
vt 0.397152 0.742349
vt 0.408955 0.748011
vt 0.174594 0.495678
vt 0.821983 0.564751
vt 0.309875 0.480379
vt 0.543887 0.276222
vt 0.543887 0.044173
vt 0.327549 0.714717
vt 0.571714 0.167129
vt 0.817844 0.092179
vt 0.558256 0.146668
vt 0.804959 0.103703
vt 0.149695 0.762191
vt 0.559022 0.755347
vt 0.666773 0.268238
vt 0.666773 0.066020
vt 0.656861 0.077880
vt 0.797862 0.337271
vt 0.645325 0.087263
vt 0.651032 0.072007
vt 0.599179 0.359153
vt 0.536639 0.843356
vt 0.226982 0.601252
vt 0.613945 0.105113
vt 0.619772 0.123830
vt 0.604732 0.135691
vt 0.594186 0.115665
vt 0.699448 0.866069
vt 0.834575 0.242284
vt 0.378372 0.634001
vt 0.505927 0.547301
vt 0.487824 0.567820
vt 0.487824 0.332469
vt 0.460993 0.556730
vt 0.481982 0.536682
vt 0.009189 0.240243
vt 0.292196 0.766792
vt 0.458151 0.524696
vt 0.438730 0.542272
vt 0.510374 0.516667
vt 0.673768 0.804232
vt 0.673377 0.789696
vt 0.579048 0.458093
vt 0.026868 0.733387
vt 0.423606 0.605689
vt 0.788250 0.409128
vt 0.788846 0.394661
vt 0.191032 0.115736
vt 0.791362 0.395043
vt 0.673714 0.467894
vt 0.682513 0.365691
vt 0.675892 0.350658
vt 0.688832 0.359258
vt 0.376089 0.615794
vt 0.025218 0.725399
vt 0.416411 0.602448
vt 0.621432 0.475876
vt 0.698647 0.521062
vt 0.704766 0.509576
vt 0.638488 0.100171
vt 0.789196 0.364922
vt 0.630175 0.112052
vt 0.631812 0.096390
vt 0.214785 0.710349
vt 0.213327 0.725881
vt 0.200464 0.716729
vt 0.206442 0.700265
vt 0.506363 0.489829
vt 0.670982 0.775331
vt 0.505911 0.503489
vt 0.313934 0.620011
vt 0.550270 0.840225
vt 0.548387 0.844556
vt 0.543675 0.842618
vt 0.543563 0.837985
vt 0.789915 0.380117
vt 0.791651 0.365571
vt 0.797018 0.352176
vt 0.529918 0.203198
vt 0.679111 0.688768
vt 0.320124 0.611525
vt 0.240515 0.615066
vt 0.581698 0.263949
vt 0.774760 0.030917
vt 0.544357 0.371260
vt 0.560927 0.365396
vt 0.783733 0.437891
vt 0.785350 0.408843
vt 0.785681 0.423419
vt 0.187201 0.389363
vt 0.586531 0.093747
vt 0.575605 0.129485
vt 0.566863 0.107263
vt 0.835117 0.091221
vt 0.819364 0.493689
vt 0.191032 0.204660
vt 0.791362 0.480740
vt 0.254719 0.759602
vt 0.006372 0.298637
vt 0.237214 0.760314
vt 0.227197 0.749220
vt 0.110334 0.370087
vt 0.112513 0.354252
vt 0.112947 0.370266
vt 0.667139 0.336959
vt 0.111427 0.385918
vt 0.677034 0.760468
vt 0.675245 0.746144
vt 0.676445 0.731747
vt 0.817660 0.030352
vt 0.601937 0.034833
vt 0.835096 0.030933
vt 0.823349 0.045248
vt 0.116651 0.305250
vt 0.706432 0.386083
vt 0.709403 0.401673
vt 0.698983 0.371653
vt 0.708458 0.653262
vt 0.839072 0.456061
vt 0.753475 0.356789
vt 0.859945 0.052858
vt 0.554631 0.358899
vt 0.527348 0.101953
vt 0.529918 0.117198
vt 0.679111 0.774726
vt 0.502678 0.114807
vt 0.194460 0.100790
vt 0.571018 0.451578
vt 0.511243 0.530873
vt 0.113939 0.304876
vt 0.117062 0.288865
vt 0.114206 0.321518
vt 0.098823 0.369736
vt 0.107816 0.353993
vt 0.300580 0.724764
vt 0.723131 0.447244
vt 0.309922 0.717435
vt 0.302570 0.726359
vt 0.290358 0.731333
vt 0.440425 0.574771
vt 0.440425 0.325518
vt 0.395681 0.558281
vt 0.802802 0.339393
vt 0.800080 0.338288
vt 0.806121 0.549936
vt 0.806121 0.325846
vt 0.449126 0.093700
vt 0.447523 0.127384
vt 0.371021 0.107997
vt 0.537643 0.820708
vt 0.559719 0.766106
vt 0.676145 0.674067
vt 0.145571 0.087331
vt 0.662554 0.585643
vt 0.139139 0.102364
vt 0.142154 0.085232
vt 0.149695 0.072735
vt 0.705194 0.629801
vt 0.840815 0.479765
vt 0.633203 0.356847
vt 0.708342 0.628677
vt 0.119484 0.585895
vt 0.013896 0.180462
vt 0.349995 0.764994
vt 0.050676 0.168655
vt 0.633748 0.352647
vt 0.644411 0.359244
vt 0.723155 0.494875
vt 0.856185 0.195410
vt 0.325678 0.686510
vt 0.719809 0.494924
vt 0.681296 0.415600
vt 0.676870 0.391659
vt 0.682941 0.401231
vt 0.076619 0.128651
vt 0.099833 0.121701
vt 0.116323 0.135742
vt 0.097359 0.143575
vt 0.300374 0.614702
vt 0.809495 0.050067
vt 0.663823 0.458233
vt 0.655512 0.466984
vt 0.644518 0.471231
vt 0.654531 0.465240
vt 0.700123 0.770983
vt 0.628863 0.771833
vt 0.584784 0.477084
vt 0.279048 0.734101
vt 0.726980 0.423469
vt 0.278156 0.737266
vt 0.210492 0.699081
vt 0.205486 0.687658
vt 0.205747 0.675275
vt 0.207755 0.687331
vt 0.762446 0.334229
vt 0.372753 0.035232
vt 0.458692 0.024664
vt 0.458692 0.295731
vt 0.513944 0.052902
vt 0.452730 0.059301
vt 0.447131 0.160198
vt 0.007965 0.569870
vt 0.268033 0.583711
vt 0.510374 0.383622
vt 0.673768 0.659262
vt 0.475793 0.422157
vt 0.452730 0.261094
vt 0.534247 0.232498
vt 0.681858 0.660226
vt 0.281264 0.023061
vt 0.281264 0.297335
vt 0.786642 0.437891
vt 0.192583 0.145173
vt 0.788314 0.423547
vt 0.311732 0.573356
vt 0.311732 0.326932
vt 0.673377 0.673799
vt 0.017748 0.685985
vt 0.380072 0.589455
vt 0.533472 0.072590
vt 0.621843 0.344635
vt 0.674180 0.760616
vt 0.673604 0.731747
vt 0.673493 0.775146
vt 0.676460 0.774924
vt 0.708861 0.496406
vt 0.534110 0.511323
vt 0.808658 0.549023
vt 0.808658 0.326759
vt 0.350262 0.702005
vt 0.338792 0.722591
vt 0.327119 0.725100
vt 0.012453 0.316269
vt 0.042301 0.283673
vt 0.063084 0.301798
vt 0.083654 0.028392
vt 0.839965 0.567507
vt 0.829381 0.587788
vt 0.679312 0.346652
vt 0.665591 0.339218
vt 0.652406 0.331505
vt 0.626837 0.307744
vt 0.626837 0.026514
vt 0.628197 0.052508
vt 0.603956 0.059830
vt 0.674180 0.702878
vt 0.119970 0.273557
vt 0.712212 0.416651
vt 0.340061 0.648423
vt 0.663822 0.372114
vt 0.654399 0.365583
vt 0.711645 0.652004
vt 0.684425 0.383517
vt 0.691393 0.409652
vt 0.626594 0.571343
vt 0.628262 0.595392
vt 0.621284 0.584394
vt 0.676691 0.438971
vt 0.671861 0.451731
vt 0.670784 0.448840
vt 0.702688 0.747438
vt 0.419341 0.743178
vt 0.025217 0.109528
vt 0.416430 0.747473
vt 0.506453 0.083693
vt 0.061458 0.499322
vt 0.696851 0.842452
vt 0.834075 0.266046
vt 0.187141 0.358705
vt 0.203095 0.731116
vt 0.003986 0.367442
vt 0.187920 0.720853
vt 0.188527 0.704839
vt 0.820397 0.469910
vt 0.608709 0.581980
vt 0.158061 0.029462
vt 0.158061 0.805463
vt 0.612538 0.763894
vt 0.708458 0.960459
vt 0.839072 0.147329
vt 0.129022 0.138493
vt 0.124015 0.147235
vt 0.126992 0.128353
vt 0.370903 0.142897
vt 0.743665 0.378451
vt 0.857515 0.076544
vt 0.133133 0.116804
vt 0.132572 0.130041
vt 0.695462 0.794984
vt 0.833825 0.313578
vt 0.548603 0.373683
vt 0.010375 0.417464
vt 0.003556 0.400827
vt 0.177810 0.690928
vt 0.038551 0.384629
vt 0.059703 0.401208
vt 0.633553 0.476055
vt 0.633102 0.474230
vt 0.698730 0.794858
vt 0.080717 0.070016
vt 0.100965 0.041939
vt 0.118272 0.065058
vt 0.101335 0.091111
vt 0.587597 0.149733
vt 0.601876 0.167129
vt 0.673296 0.378346
vt 0.187260 0.419795
vt 0.310233 0.389202
vt 0.007964 0.265058
vt 0.268294 0.766601
vt 0.570486 0.570868
vt 0.577265 0.464160
vt 0.703483 0.525349
vt 0.697610 0.535718
vt 0.288398 0.126691
vt 0.288784 0.160198
vt 0.224848 0.144526
vt 0.223481 0.113614
vt 0.560672 0.516764
vt 0.607674 0.083402
vt 0.630294 0.076636
vt 0.666921 0.483069
vt 0.794336 0.351270
vt 0.190717 0.689565
vt 0.201616 0.675281
vt 0.065058 0.269085
vt 0.551416 0.540141
vt 0.533239 0.835275
vt 0.593571 0.770702
vt 0.128449 0.009283
vt 0.174239 0.557013
vt 0.652959 0.284361
vt 0.652959 0.049897
vt 0.339237 0.685956
vt 0.336478 0.675059
vt 0.607674 0.250856
vt 0.699448 0.747653
vt 0.834575 0.361106
vt 0.726528 0.447564
vt 0.855791 0.147939
vt 0.102207 0.304089
vt 0.109685 0.321174
vt 0.560292 0.747274
vt 0.821980 0.113629
vt 0.661505 0.583377
vt 0.650899 0.593312
vt 0.679512 0.427415
vt 0.705917 0.723952
vt 0.702722 0.724113
vt 0.835324 0.384861
vt 0.499205 0.518556
vt 0.117000 0.561761
vt 0.196977 0.130096
vt 0.116729 0.023391
vt 0.679692 0.645678
vt 0.112470 0.401701
vt 0.637573 0.326880
vt 0.111458 0.417464
vt 0.736028 0.400973
vt 0.856220 0.100317
vt 0.788846 0.481122
vt 0.765561 0.336140
vt 0.863734 0.029205
vt 0.219607 0.737869
vt 0.004926 0.333304
vt 0.208344 0.744707
vt 0.114394 0.338113
vt 0.690998 0.357574
vt 0.681047 0.428813
vt 0.563289 0.556587
vt 0.039367 0.351582
vt 0.060323 0.368699
vt 0.111712 0.337859
vt 0.288398 0.193704
vt 0.061458 0.335605
vt 0.621891 0.326524
vt 0.821072 0.452617
vt 0.339624 0.657011
vt 0.419335 0.606743
vt 0.131987 0.139119
vt 0.697488 0.546833
vt 0.695393 0.545293
vt 0.700496 0.538360
vt 0.785350 0.466940
vt 0.353083 0.626631
vt 0.117062 0.546062
vt 0.542189 0.538166
vt 0.592967 0.335781
vt 0.132572 0.704885
vt 0.111222 0.644503
vt 0.549281 0.434590
vt 0.059237 0.739665
vt 0.545789 0.792322
vt 0.584211 0.548054
vt 0.792033 0.029959
vt 0.761294 0.171853
vt 0.779272 0.602448
vt 0.797018 0.523606
vt 0.097359 0.691352
vt 0.788250 0.466654
vt 0.575605 0.204774
vt 0.206375 0.650281
vt 0.785737 0.481594
vt 0.118783 0.112389
vt 0.132135 0.098942
vt 0.133133 0.718122
vt 0.578067 0.338967
vt 0.653695 0.560955
vt 0.666447 0.561085
vt 0.659229 0.577134
vt 0.579645 0.371961
vt 0.533472 0.247805
vt 0.553264 0.850660
vt 0.547661 0.852563
vt 0.819004 0.350535
vt 0.543619 0.848660
vt 0.548586 0.847973
vt 0.419445 0.740074
vt 0.822086 0.439423
vt 0.422572 0.741757
vt 0.843450 0.659724
vt 0.026867 0.101540
vt 0.423609 0.744222
vt 0.388473 0.747489
vt 0.264160 0.741371
vt 0.410083 0.738507
vt 0.400563 0.736382
vt 0.397287 0.728780
vt 0.407935 0.732051
vt 0.819248 0.426574
vt 0.817897 0.356243
vt 0.344804 0.689448
vt 0.817329 0.350128
vt 0.347224 0.695193
vt 0.820396 0.416569
vt 0.623418 0.847824
vt 0.822226 0.426635
vt 0.821072 0.433862
vt 0.541056 0.844823
vt 0.689112 0.550536
vt 0.691265 0.540316
vt 0.332900 0.731872
vt 0.566889 0.849654
vt 0.559766 0.853323
vt 0.818857 0.362810
vt 0.558823 0.848019
vt 0.378379 0.716036
vt 0.365963 0.712884
vt 0.359926 0.703959
vt 0.369969 0.707328
vt 0.817754 0.381185
vt 0.318045 0.750777
vt 0.416899 0.738884
vt 0.820309 0.437788
vt 0.354450 0.697483
vt 0.817147 0.362802
vt 0.306710 0.744014
vt 0.332771 0.744799
vt 0.059236 0.095262
vt 0.078786 0.106816
vt 0.029982 0.116617
vt 0.377708 0.752928
vt 0.370223 0.724251
vt 0.385218 0.725563
vt 0.390085 0.720015
vt 0.818562 0.404970
vt 0.818347 0.370865
vt 0.544180 0.804410
vt 0.314017 0.730165
vt 0.724186 0.471244
vt 0.856012 0.171748
vt 0.316959 0.707936
vt 0.720812 0.471207
vt 0.815730 0.135556
vt 0.551778 0.527358
vt 0.792456 0.195568
vt 0.040645 0.517281
vt 0.761242 0.159100
vt 0.779219 0.615202
vt 0.061543 0.061519
vt 0.843890 0.606944
vt 0.545080 0.535530
vt 0.700122 0.419627
vt 0.223851 0.718835
vt 0.216951 0.709276
vt 0.750143 0.355287
vt 0.686092 0.427031
vt 0.696851 0.771270
vt 0.834075 0.337344
vt 0.231962 0.727413
vt 0.100130 0.337301
vt 0.233772 0.725693
vt 0.740272 0.377244
vt 0.123568 0.643427
vt 0.154815 0.063809
vt 0.642843 0.600613
vt 0.151714 0.061971
vt 0.157261 0.055291
vt 0.303251 0.586929
vt 0.730394 0.424084
vt 0.855757 0.124125
vt 0.586531 0.240511
vt 0.216860 0.641238
vt 0.750143 0.657980
vt 0.315060 0.720147
vt 0.300493 0.735519
vt 0.116651 0.529677
vt 0.536777 0.385684
vt 0.146878 0.011295
vt 0.146878 0.823631
vt 0.642403 0.597910
vt 0.635860 0.603490
vt 0.708626 0.511535
vt 0.132575 0.075047
vt 0.144187 0.068592
vt 0.109685 0.513754
vt 0.613945 0.229145
vt 0.678395 0.452865
vt 0.621422 0.481206
vt 0.591647 0.593235
vt 0.639169 0.501769
vt 0.647344 0.521041
vt 0.633215 0.513721
vt 0.636781 0.485726
vt 0.646294 0.475487
vt 0.665593 0.464300
vt 0.658052 0.477202
vt 0.255429 0.615978
vt 0.732613 0.613206
vt 0.329235 0.703346
vt 0.318974 0.709084
vt 0.121269 0.175992
vt 0.111222 0.190424
vt 0.322879 0.697658
vt 0.100966 0.792987
vt 0.126390 0.658370
vt 0.327106 0.675062
vt 0.327558 0.685764
vt 0.742216 0.056753
vt 0.737760 0.053288
vt 0.744496 0.049071
vt 0.744325 0.054383
vt 0.765933 0.223703
vt 0.822417 0.714451
vt 0.841616 0.408357
vt 0.780043 0.696809
vt 0.844357 0.455700
vt 0.558219 0.629226
vt 0.567770 0.622307
vt 0.859470 0.266449
vt 0.579370 0.620324
vt 0.569578 0.626616
vt 0.737372 0.227543
vt 0.793833 0.712021
vt 0.796479 0.718774
vt 0.675755 0.108871
vt 0.790642 0.717674
vt 0.788579 0.713811
vt 0.675522 0.114951
vt 0.785251 0.716605
vt 0.691297 0.112516
vt 0.691250 0.121090
vt 0.752718 0.028923
vt 0.752722 0.257397
vt 0.742954 0.247118
vt 0.744766 0.237262
vt 0.749729 0.245790
vt 0.804723 0.222645
vt 0.681159 0.045686
vt 0.819129 0.767319
vt 0.822964 0.765318
vt 0.824696 0.770621
vt 0.817974 0.773287
vt 0.839870 0.360967
vt 0.839873 0.756740
vt 0.766232 0.280281
vt 0.738917 0.111741
vt 0.762488 0.280385
vt 0.765261 0.274861
vt 0.675180 0.130795
vt 0.772226 0.723446
vt 0.691549 0.143494
vt 0.742237 0.085774
vt 0.737334 0.073515
vt 0.742080 0.064677
vt 0.744057 0.074132
vt 0.761439 0.241600
vt 0.738095 0.232996
vt 0.738049 0.164201
vt 0.734056 0.154994
vt 0.739940 0.143180
vt 0.740802 0.154939
vt 0.804724 0.284881
vt 0.792555 0.234144
vt 0.749925 0.292628
vt 0.786467 0.239065
vt 0.776881 0.238263
vt 0.781637 0.230710
vt 0.701857 0.019748
vt 0.702171 0.265963
vt 0.697813 0.042087
vt 0.683186 0.030013
vt 0.807906 0.776714
vt 0.675950 0.172202
vt 0.740798 0.746255
vt 0.736960 0.748271
vt 0.735211 0.742952
vt 0.741958 0.740279
vt 0.824002 0.781818
vt 0.819851 0.795436
vt 0.808096 0.798645
vt 0.814007 0.785111
vt 0.775842 0.803420
vt 0.771545 0.799784
vt 0.681892 0.240189
vt 0.774897 0.797015
vt 0.780868 0.798202
vt 0.568140 0.734238
vt 0.867404 0.029836
vt 0.697028 0.235331
vt 0.698320 0.243812
vt 0.691535 0.165890
vt 0.675373 0.156389
vt 0.752067 0.736879
vt 0.614369 0.733994
vt 0.861212 0.076811
vt 0.639694 0.645244
vt 0.646573 0.654824
vt 0.859690 0.171605
vt 0.648519 0.666451
vt 0.642252 0.656615
vt 0.719993 0.756943
vt 0.842862 0.171355
vt 0.791476 0.699417
vt 0.780893 0.700922
vt 0.768740 0.699374
vt 0.828724 0.789056
vt 0.831913 0.777290
vt 0.837328 0.768127
vt 0.835375 0.779635
vt 0.839372 0.337261
vt 0.696460 0.050642
vt 0.732450 0.169575
vt 0.284110 0.794705
vt 0.281995 0.799623
vt 0.277187 0.801954
vt 0.280315 0.797988
vt 0.533263 0.666861
vt 0.535145 0.655175
vt 0.859911 0.313864
vt 0.541985 0.645535
vt 0.539484 0.656955
vt 0.822496 0.799124
vt 0.839122 0.313551
vt 0.742791 0.039144
vt 0.749578 0.040556
vt 0.780384 0.222649
vt 0.737463 0.714349
vt 0.846096 0.124043
vt 0.790147 0.705926
vt 0.800616 0.704881
vt 0.805025 0.712770
vt 0.732106 0.116903
vt 0.737104 0.114314
vt 0.738707 0.117022
vt 0.765932 0.283831
vt 0.737758 0.122199
vt 0.808255 0.722799
vt 0.811512 0.735741
vt 0.676619 0.093042
vt 0.799937 0.728965
vt 0.737678 0.799341
vt 0.840618 0.218724
vt 0.793326 0.799002
vt 0.683798 0.255682
vt 0.787857 0.790173
vt 0.801178 0.788349
vt 0.733900 0.131449
vt 0.696667 0.212654
vt 0.694191 0.222530
vt 0.679600 0.218784
vt 0.760126 0.784710
vt 0.687613 0.205522
vt 0.735272 0.096979
vt 0.741985 0.097553
vt 0.761437 0.265932
vt 0.738382 0.106505
vt 0.765248 0.253804
vt 0.769432 0.264699
vt 0.695652 0.059221
vt 0.693946 0.081620
vt 0.678709 0.067516
vt 0.813324 0.749034
vt 0.742940 0.200604
vt 0.739098 0.189870
vt 0.738887 0.179908
vt 0.742255 0.188876
vt 0.823673 0.265929
vt 0.732327 0.111336
vt 0.808247 0.238258
vt 0.745075 0.304588
vt 0.798644 0.239062
vt 0.803473 0.230707
vt 0.830215 0.750556
vt 0.835792 0.757632
vt 0.830826 0.766874
vt 0.826618 0.761162
vt 0.558511 0.727413
vt 0.548470 0.721194
vt 0.867404 0.384507
vt 0.542202 0.711163
vt 0.551774 0.717873
vt 0.646736 0.701082
vt 0.859441 0.124183
vt 0.739070 0.169376
vt 0.819176 0.283828
vt 0.737491 0.172108
vt 0.579800 0.736100
vt 0.569915 0.729908
vt 0.747414 0.708105
vt 0.740113 0.718059
vt 0.731182 0.724454
vt 0.739146 0.277706
vt 0.733075 0.277309
vt 0.727065 0.277744
vt 0.733064 0.275670
vt 0.777853 0.259854
vt 0.747904 0.298791
vt 0.748265 0.292647
vt 0.747848 0.286469
vt 0.759411 0.705177
vt 0.756997 0.701308
vt 0.846096 0.479347
vt 0.535273 0.701571
vt 0.863647 0.361108
vt 0.729716 0.763129
vt 0.724094 0.756035
vt 0.729065 0.746731
vt 0.733307 0.752456
vt 0.742556 0.221681
vt 0.743901 0.226742
vt 0.822621 0.227141
vt 0.742572 0.229589
vt 0.272185 0.805330
vt 0.733100 0.278712
vt 0.266405 0.803689
vt 0.272158 0.803967
vt 0.277835 0.803433
vt 0.623489 0.628991
vt 0.633478 0.635224
vt 0.859864 0.195316
vt 0.630174 0.638523
vt 0.282952 0.800521
vt 0.723644 0.282758
vt 0.285572 0.795277
vt 0.812614 0.805367
vt 0.747758 0.805578
vt 0.759535 0.808763
vt 0.768738 0.814196
vt 0.757200 0.812243
vt 0.839870 0.242423
vt 0.720188 0.286990
vt 0.722649 0.281804
vt 0.727670 0.279131
vt 0.769268 0.243013
vt 0.744943 0.280625
vt 0.777855 0.247678
vt 0.772832 0.253804
vt 0.738561 0.279129
vt 0.738551 0.757490
vt 0.676267 0.178242
vt 0.739760 0.751648
vt 0.766764 0.714560
vt 0.751932 0.714869
vt 0.773652 0.706533
vt 0.267015 0.802146
vt 0.272121 0.801574
vt 0.281834 0.779838
vt 0.284073 0.784732
vt 0.280164 0.781539
vt 0.276903 0.777624
vt 0.732754 0.175058
vt 0.739318 0.174674
vt 0.822621 0.280381
vt 0.677393 0.193800
vt 0.746649 0.764627
vt 0.748458 0.777932
vt 0.737759 0.769966
vt 0.780161 0.816742
vt 0.839372 0.266129
vt 0.276815 0.794596
vt 0.280682 0.793339
vt 0.275696 0.798527
vt 0.272035 0.796666
vt 0.268414 0.798642
vt 0.821406 0.756141
vt 0.822208 0.743724
vt 0.691688 0.174449
vt 0.691113 0.187588
vt 0.695282 0.196936
vt 0.813644 0.226473
vt 0.744654 0.231971
vt 0.819176 0.223695
vt 0.819062 0.227429
vt 0.820041 0.232839
vt 0.744307 0.212267
vt 0.823673 0.241594
vt 0.819981 0.253799
vt 0.815931 0.243007
vt 0.735917 0.731719
vt 0.745962 0.728433
vt 0.777044 0.269467
vt 0.721478 0.280679
vt 0.786465 0.268466
vt 0.792593 0.273615
vt 0.781809 0.277156
vt 0.280640 0.786177
vt 0.283614 0.789727
vt 0.278744 0.789773
vt 0.258159 0.795700
vt 0.261972 0.799988
vt 0.261044 0.800973
vt 0.742738 0.282825
vt 0.622542 0.709651
vt 0.630512 0.717480
vt 0.486306 0.609293
vt 0.606019 0.714196
vt 0.494230 0.605942
vt 0.491008 0.613456
vt 0.483918 0.617409
vt 0.837288 0.745525
vt 0.831511 0.736302
vt 0.828595 0.724353
vt 0.835346 0.733866
vt 0.840618 0.384666
vt 0.739376 0.307469
vt 0.743913 0.303426
vt 0.751654 0.790790
vt 0.763489 0.794768
vt 0.648565 0.689435
vt 0.639977 0.710713
vt 0.642404 0.699325
vt 0.591223 0.722872
vt 0.591282 0.734059
vt 0.263560 0.781585
vt 0.259675 0.784879
vt 0.261879 0.779912
vt 0.266762 0.777635
vt 0.275483 0.781099
vt 0.276720 0.785003
vt 0.259661 0.795057
vt 0.257749 0.789990
vt 0.260146 0.789959
vt 0.510881 0.588050
vt 0.576324 0.714306
vt 0.519821 0.792516
vt 0.519821 0.586535
vt 0.514697 0.593572
vt 0.506317 0.595687
vt 0.271826 0.775710
vt 0.271827 0.778110
vt 0.263669 0.798258
vt 0.263159 0.793568
vt 0.267133 0.794728
vt 0.232215 0.790640
vt 0.227603 0.800594
vt 0.222268 0.795265
vt 0.613880 0.712314
vt 0.476696 0.621656
vt 0.618516 0.705689
vt 0.625031 0.700914
vt 0.624837 0.655142
vt 0.631894 0.660892
vt 0.630944 0.669969
vt 0.458222 0.664795
vt 0.626656 0.663058
vt 0.705247 0.185789
vt 0.694265 0.180129
vt 0.718787 0.286447
vt 0.718491 0.292542
vt 0.718897 0.298657
vt 0.716852 0.292563
vt 0.798642 0.268464
vt 0.722856 0.303289
vt 0.727336 0.307360
vt 0.721690 0.304426
vt 0.807255 0.259849
vt 0.733344 0.309457
vt 0.807257 0.247673
vt 0.733344 0.307827
vt 0.258171 0.784269
vt 0.256411 0.789984
vt 0.746844 0.292675
vt 0.479473 0.632280
vt 0.481742 0.625087
vt 0.487727 0.620388
vt 0.211515 0.774145
vt 0.484600 0.627050
vt 0.487727 0.758663
vt 0.481742 0.753963
vt 0.479473 0.746770
vt 0.225798 0.845699
vt 0.484600 0.752000
vt 0.743757 0.281805
vt 0.746404 0.287078
vt 0.590834 0.622289
vt 0.590821 0.617625
vt 0.859690 0.242739
vt 0.602290 0.620273
vt 0.746498 0.298222
vt 0.727923 0.305984
vt 0.720316 0.298076
vt 0.282751 0.778875
vt 0.723867 0.302325
vt 0.285525 0.784102
vt 0.277529 0.776096
vt 0.613911 0.622159
vt 0.859864 0.219028
vt 0.287229 0.789672
vt 0.719895 0.292514
vt 0.741024 0.211846
vt 0.263142 0.786285
vt 0.265079 0.789910
vt 0.766166 0.801502
vt 0.770003 0.807661
vt 0.754950 0.800811
vt 0.779266 0.715400
vt 0.758849 0.725232
vt 0.680424 0.051745
vt 0.820190 0.761949
vt 0.691915 0.103958
vt 0.646523 0.677948
vt 0.635297 0.677995
vt 0.475370 0.629851
vt 0.474256 0.637728
vt 0.468570 0.643327
vt 0.468821 0.634953
vt 0.626763 0.692998
vt 0.463473 0.657882
vt 0.464538 0.666148
vt 0.460300 0.673390
vt 0.190839 0.790668
vt 0.200793 0.795280
vt 0.195463 0.800615
vt 0.622265 0.646427
vt 0.522516 0.787854
vt 0.522516 0.591196
vt 0.514697 0.785479
vt 0.509393 0.779275
vt 0.248738 0.811317
vt 0.516640 0.782264
vt 0.559682 0.709915
vt 0.557067 0.701182
vt 0.510881 0.791001
vt 0.563689 0.705899
vt 0.568420 0.712492
vt 0.464415 0.689525
vt 0.462515 0.681628
vt 0.465358 0.674095
vt 0.174343 0.811368
vt 0.466225 0.681869
vt 0.613568 0.643829
vt 0.455874 0.681156
vt 0.618256 0.650412
vt 0.267057 0.785040
vt 0.268220 0.781103
vt 0.285947 0.789693
vt 0.681194 0.234214
vt 0.769509 0.795958
vt 0.698587 0.229303
vt 0.808246 0.269460
vt 0.812397 0.253799
vt 0.815930 0.264692
vt 0.730822 0.184848
vt 0.475370 0.749200
vt 0.483918 0.761641
vt 0.476696 0.757395
vt 0.555128 0.663378
vt 0.271844 0.774372
vt 0.733334 0.306434
vt 0.266148 0.776150
vt 0.535288 0.678385
vt 0.546523 0.678348
vt 0.473013 0.733816
vt 0.468513 0.727607
vt 0.468277 0.719819
vt 0.197328 0.845717
vt 0.471863 0.726453
vt 0.583219 0.718575
vt 0.574176 0.719547
vt 0.271866 0.783019
vt 0.568226 0.644037
vt 0.573906 0.636937
vt 0.582932 0.637820
vt 0.462601 0.729727
vt 0.576110 0.642146
vt 0.232243 0.832016
vt 0.222289 0.827404
vt 0.227618 0.822069
vt 0.494230 0.773108
vt 0.501996 0.776159
vt 0.506317 0.783364
vt 0.497762 0.781030
vt 0.555209 0.693261
vt 0.260922 0.778990
vt 0.742924 0.302427
vt 0.509393 0.599775
vt 0.245898 0.797085
vt 0.516640 0.596787
vt 0.738785 0.306050
vt 0.463473 0.721169
vt 0.468570 0.735723
vt 0.630991 0.686052
vt 0.632020 0.695111
vt 0.468821 0.744098
vt 0.563534 0.650676
vt 0.556938 0.655443
vt 0.559504 0.646684
vt 0.273421 0.786165
vt 0.270371 0.786172
vt 0.590879 0.633452
vt 0.468277 0.659231
vt 0.468513 0.651444
vt 0.473013 0.645235
vt 0.185220 0.785057
vt 0.471863 0.652598
vt 0.190867 0.832044
vt 0.195479 0.822090
vt 0.200814 0.827420
vt 0.275594 0.788294
vt 0.803479 0.277150
vt 0.819061 0.280274
vt 0.820040 0.274854
vt 0.455874 0.697895
vt 0.605705 0.641999
vt 0.459183 0.689525
vt 0.462515 0.697422
vt 0.460300 0.705661
vt 0.551530 0.638792
vt 0.197284 0.776985
vt 0.477352 0.639290
vt 0.765088 0.232846
vt 0.743539 0.059617
vt 0.762490 0.227150
vt 0.766049 0.227437
vt 0.736949 0.058837
vt 0.813643 0.281255
vt 0.784319 0.710174
vt 0.771640 0.281261
vt 0.771466 0.226480
vt 0.740636 0.131415
vt 0.780385 0.284883
vt 0.270452 0.793535
vt 0.273508 0.793497
vt 0.268252 0.791405
vt 0.800683 0.808320
vt 0.786493 0.807018
vt 0.708410 0.221865
vt 0.733742 0.218259
vt 0.734593 0.208984
vt 0.738251 0.201019
vt 0.733276 0.193822
vt 0.708418 0.188220
vt 0.702242 0.191589
vt 0.729481 0.214211
vt 0.711103 0.218930
vt 0.704449 0.216706
vt 0.701236 0.210790
vt 0.698158 0.204612
vt 0.700111 0.197990
vt 0.730713 0.195381
vt 0.727345 0.189587
vt 0.733475 0.201440
vt 0.731795 0.207897
vt 0.689475 0.293720
vt 0.686969 0.292648
vt 0.689388 0.291471
vt 0.679669 0.297762
vt 0.675355 0.292387
vt 0.679652 0.287315
vt 0.681760 0.292635
vt 0.685205 0.295590
vt 0.685059 0.289732
vt 0.688359 0.288936
vt 0.690918 0.289824
vt 0.680401 0.280497
vt 0.687004 0.279976
vt 0.684721 0.285200
vt 0.689093 0.285516
vt 0.692069 0.282081
vt 0.694936 0.285401
vt 0.691991 0.287300
vt 0.693178 0.289741
vt 0.692349 0.275714
vt 0.697371 0.280011
vt 0.699471 0.285075
vt 0.699166 0.289462
vt 0.695727 0.288716
vt 0.694840 0.291284
vt 0.704136 0.280758
vt 0.704685 0.287335
vt 0.697380 0.292372
vt 0.694924 0.293552
vt 0.708970 0.292543
vt 0.704755 0.297657
vt 0.702635 0.292440
vt 0.699306 0.295331
vt 0.704139 0.304399
vt 0.697456 0.305044
vt 0.699648 0.299823
vt 0.695197 0.299512
vt 0.695946 0.296103
vt 0.693363 0.295212
vt 0.692273 0.302986
vt 0.689374 0.299677
vt 0.692273 0.297748
vt 0.691097 0.295292
vt 0.692198 0.309440
vt 0.687020 0.305155
vt 0.688582 0.296312
vt 0.680195 0.304430
vt 0.684897 0.300042
vt 0.420501 0.778508
vt 0.704760 0.208923
vt 0.706967 0.213911
vt 0.702459 0.210145
vt 0.701913 0.204275
vt 0.411198 0.774385
vt 0.712250 0.215142
vt 0.711501 0.217616
vt 0.726776 0.211951
vt 0.398108 0.787632
vt 0.728029 0.206716
vt 0.730021 0.201739
vt 0.730496 0.207492
vt 0.401991 0.797302
vt 0.727250 0.197171
vt 0.725110 0.192261
vt 0.729512 0.196001
vt 0.420553 0.797506
vt 0.710238 0.191760
vt 0.705227 0.193898
vt 0.709047 0.189446
vt 0.424364 0.788052
vt 0.703920 0.199187
vt 0.701431 0.198407
vt 0.728247 0.213167
vt 0.731899 0.201577
vt 0.705753 0.215387
vt 0.700000 0.204451
vt 0.703761 0.192662
vt 0.726315 0.190829
vt 0.406346 0.800018
vt 0.399433 0.792711
vt 0.399265 0.782567
vt 0.398665 0.787595
vt 0.416103 0.775802
vt 0.411179 0.775033
vt 0.420089 0.797050
vt 0.423088 0.793062
vt 0.420017 0.778963
vt 0.423058 0.783025
vt 0.402460 0.796828
vt 0.211566 0.848540
vt 0.477352 0.739761
vt 0.474256 0.741323
vt 0.462601 0.649323
vt 0.629618 0.678015
vt 0.549969 0.695449
vt 0.550890 0.686368
vt 0.533296 0.689913
vt 0.539600 0.699764
vt 0.651204 0.677933
vt 0.859471 0.147894
vt 0.731423 0.789442
vt 0.741357 0.796680
vt 0.727968 0.736272
vt 0.722532 0.745490
vt 0.724490 0.733919
vt 0.844357 0.147691
vt 0.633838 0.720752
vt 0.859911 0.100479
vt 0.623886 0.727049
vt 0.550848 0.670307
vt 0.549873 0.661226
vt 0.497724 0.769547
vt 0.245916 0.825555
vt 0.504342 0.773378
vt 0.779296 0.812641
vt 0.791415 0.814135
vt 0.464538 0.712902
vt 0.465358 0.704956
vt 0.185256 0.837663
vt 0.468099 0.712179
vt 0.497724 0.609503
vt 0.225754 0.776967
vt 0.493631 0.615840
vt 0.608219 0.719398
vt 0.599186 0.718508
vt 0.602768 0.736007
vt 0.612554 0.729694
vt 0.548205 0.635493
vt 0.859441 0.290160
vt 0.812393 0.708160
vt 0.803009 0.701443
vt 0.842862 0.432035
vt 0.491008 0.765594
vt 0.237862 0.837627
vt 0.493631 0.763211
vt 0.486306 0.769757
vt 0.552204 0.678341
vt 0.530597 0.678397
vt 0.861212 0.337533
vt 0.722619 0.768209
vt 0.177166 0.797129
vt 0.468099 0.666871
vt 0.598851 0.637735
vt 0.458222 0.714256
vt 0.590893 0.639094
vt 0.724608 0.779919
vt 0.841616 0.195033
vt 0.818690 0.717058
vt 0.177184 0.825599
vt 0.466225 0.697182
vt 0.497762 0.598020
vt 0.591205 0.717217
vt 0.501996 0.602892
vt 0.607858 0.636784
vt 0.612131 0.626470
vt 0.591304 0.738732
vt 0.863647 0.053235
vt 0.803101 0.812165
vt 0.839122 0.289839
vt 0.237825 0.785021
vt 0.504342 0.605673
vt 0.728450 0.777456
vt 0.423699 0.788062
vt 0.792554 0.226560
vt 0.792594 0.281199
vt 0.738135 0.784869
vt 0.821843 0.728854
vt 0.724186 0.542023
vt 0.856012 0.242596
vt 0.610390 0.844908
vt 0.617202 0.840227
vt 0.627448 0.843579
vt 0.557646 0.843173
vt 0.551310 0.831977
vt 0.561673 0.835065
vt 0.632490 0.789620
vt 0.628815 0.778603
vt 0.633466 0.776526
vt 0.785611 0.620075
vt 0.788125 0.612552
vt 0.797953 0.624597
vt 0.628387 0.811035
vt 0.635471 0.812195
vt 0.814809 0.640601
vt 0.631304 0.833040
vt 0.817832 0.633421
vt 0.832845 0.651934
vt 0.805406 0.609221
vt 0.833708 0.638745
vt 0.635584 0.844358
vt 0.839958 0.660672
vt 0.841382 0.653809
vt 0.634328 0.847462
vt 0.822763 0.437503
vt 0.608920 0.787299
vt 0.611522 0.828774
vt 0.596410 0.819651
vt 0.592688 0.799888
vt 0.610269 0.808983
vt 0.538886 0.801347
vt 0.819888 0.505489
vt 0.621175 0.806296
vt 0.626129 0.791405
vt 0.621531 0.827967
vt 0.594456 0.833792
vt 0.606794 0.838100
vt 0.598168 0.842795
vt 0.586588 0.841381
vt 0.553241 0.846614
vt 0.545263 0.845419
vt 0.539593 0.841064
vt 0.620869 0.786994
vt 0.622965 0.776407
vt 0.550123 0.808350
vt 0.578895 0.810584
vt 0.194460 0.219606
vt 0.544072 0.520871
vt 0.563839 0.822261
vt 0.631812 0.237868
vt 0.588344 0.847194
vt 0.577885 0.851633
vt 0.819888 0.380990
vt 0.576236 0.845744
vt 0.565830 0.844912
vt 0.573899 0.839007
vt 0.579060 0.827368
vt 0.819364 0.392790
vt 0.601745 0.849286
vt 0.821279 0.404932
vt 0.787428 0.165081
vt 0.236323 0.836090
vt 0.241582 0.831386
vt 0.231623 0.841354
vt 0.243889 0.797919
vt 0.241552 0.791260
vt 0.246956 0.804273
vt 0.224923 0.778977
vt 0.218562 0.775921
vt 0.231585 0.781301
vt 0.176518 0.811366
vt 0.176126 0.818411
vt 0.176120 0.804321
vt 0.246564 0.811318
vt 0.246962 0.818363
vt 0.198159 0.843708
vt 0.204520 0.846763
vt 0.191497 0.841383
vt 0.179193 0.824766
vt 0.181530 0.831424
vt 0.186759 0.786594
vt 0.181500 0.791298
vt 0.191459 0.781331
vt 0.198117 0.778994
vt 0.204472 0.775927
vt 0.179175 0.797960
vt 0.243906 0.824724
vt 0.211565 0.846365
vt 0.218610 0.846757
vt 0.211517 0.776319
vt 0.224964 0.843690
vt 0.236289 0.786560
vt 0.186793 0.836124
vt 0.239367 0.829908
vt 0.230142 0.839141
vt 0.238564 0.800129
vt 0.239340 0.792741
vt 0.244345 0.804794
vt 0.222720 0.784305
vt 0.218045 0.778532
vt 0.230107 0.783516
vt 0.182284 0.811362
vt 0.178736 0.817890
vt 0.178731 0.804839
vt 0.240798 0.811322
vt 0.244351 0.817846
vt 0.200362 0.838379
vt 0.205037 0.844152
vt 0.192975 0.839168
vt 0.184518 0.822556
vt 0.183742 0.829944
vt 0.183715 0.792776
vt 0.192939 0.783543
vt 0.200327 0.784319
vt 0.204993 0.778538
vt 0.184504 0.800163
vt 0.238578 0.822521
vt 0.211561 0.840599
vt 0.218089 0.844147
vt 0.211521 0.782085
vt 0.222754 0.838365
vt 0.230495 0.807559
vt 0.207758 0.792388
vt 0.215299 0.792385
vt 0.192587 0.815126
vt 0.192583 0.807584
vt 0.215324 0.830296
vt 0.230498 0.815100
vt 0.207783 0.830300
vt 0.789090 0.042656
vt 0.502678 0.205588
vt 0.309875 0.419909
vt 0.015460 0.583453
vt 0.495551 0.409487
vt 0.691730 0.470493
vt 0.332240 0.594968
vt 0.566219 0.438815
vt 0.774186 0.048333
vt 0.010546 0.450680
vt 0.275618 0.791317
vt 0.268236 0.788349
vt 0.621373 0.516995
vt 0.631030 0.532421
vt 0.574786 0.362403
vt 0.643521 0.556927
vt 0.648814 0.547362
vt 0.628692 0.561227
vt 0.633124 0.551410
vt 0.641206 0.541973
vt 0.621337 0.544097
vt 0.682097 0.542386
vt 0.679352 0.556735
vt 0.621254 0.607322
vt 0.063084 0.533129
vt 0.628689 0.604610
vt 0.162538 0.049656
vt 0.628793 0.607583
vt 0.165866 0.793465
vt 0.165866 0.041460
vt 0.158585 0.046298
vt 0.017748 0.148942
vt 0.380168 0.760523
vt 0.364785 0.759172
vt 0.101335 0.743815
vt 0.563598 0.403579
vt 0.709331 0.913798
vt 0.397118 0.607618
vt 0.564478 0.452701
vt 0.661439 0.501136
vt 0.650344 0.493154
vt 0.660929 0.520195
vt 0.671974 0.504409
vt 0.672858 0.518810
vt 0.595388 0.520969
vt 0.344801 0.660664
vt 0.817329 0.536350
vt 0.547609 0.390632
vt 0.132135 0.735984
vt 0.447523 0.193012
vt 0.099833 0.713225
vt 0.129057 0.161344
vt 0.706008 0.526632
vt 0.094762 0.173516
vt 0.779976 0.149704
vt 0.126037 0.160954
vt 0.129325 0.148009
vt 0.113519 0.159622
vt 0.084115 0.319837
vt 0.082423 0.353049
vt 0.154815 0.771117
vt 0.599684 0.600556
vt 0.086081 0.286538
vt 0.081665 0.385333
vt 0.081256 0.417464
vt 0.073888 0.155431
vt 0.682213 0.529502
vt 0.572099 0.448688
vt 0.702688 0.866284
vt 0.061544 0.773407
vt 0.825912 0.167357
vt 0.539227 0.525149
vt 0.524448 0.188879
vt 0.533903 0.496190
vt 0.621312 0.562761
vt 0.672120 0.570998
vt 0.650067 0.589830
vt 0.635493 0.599198
vt 0.621260 0.602924
vt 0.042301 0.551255
vt 0.149629 0.054766
vt 0.026451 0.136340
vt 0.682060 0.516922
vt 0.621722 0.194862
vt 0.693640 0.487428
vt 0.697442 0.504438
vt 0.675156 0.492825
vt 0.649783 0.537195
vt 0.687675 0.447921
vt 0.687661 0.496626
vt 0.680788 0.504485
vt 0.570225 0.531906
vt 0.569872 0.518673
vt 0.553908 0.758195
vt 0.822226 0.459844
vt 0.690134 0.512473
vt 0.818347 0.515614
vt 0.390085 0.629995
vt 0.818562 0.481508
vt 0.330713 0.675061
vt 0.107069 0.247974
vt 0.709024 0.417162
vt 0.119484 0.249032
vt 0.122492 0.249273
vt 0.712549 0.440634
vt 0.681328 0.479954
vt 0.693645 0.434807
vt 0.066819 0.244612
vt 0.711289 0.430152
vt 0.104760 0.272124
vt 0.682244 0.439580
vt 0.701127 0.442718
vt 0.705981 0.431093
vt 0.120169 0.259938
vt 0.088464 0.257185
vt 0.115071 0.259455
vt 0.015459 0.251475
vt 0.270829 0.756883
vt 0.284887 0.753477
vt 0.317290 0.759618
vt 0.282726 0.762557
vt 0.352698 0.711291
vt 0.339994 0.711636
vt 0.346471 0.735726
vt 0.353128 0.723448
vt 0.331721 0.691483
vt 0.361979 0.740551
vt 0.385202 0.624450
vt 0.332657 0.605314
vt 0.287348 0.227250
vt 0.391061 0.596158
vt 0.021823 0.709634
vt 0.402115 0.596325
vt 0.144188 0.766334
vt 0.200348 0.633833
vt 0.787034 0.496262
vt 0.033733 0.742273
vt 0.826052 0.126956
vt 0.598351 0.471147
vt 0.619772 0.210428
vt 0.569129 0.467740
vt 0.435386 0.420454
vt 0.568622 0.573932
vt 0.566396 0.391489
vt 0.533688 0.401302
vt 0.112513 0.480675
vt 0.566863 0.226995
vt 0.762279 0.061055
vt 0.243557 0.618602
vt 0.438730 0.358016
vt 0.564266 0.346326
vt 0.817897 0.530235
vt 0.458151 0.375592
vt 0.113939 0.530051
vt 0.561902 0.428654
vt 0.210429 0.651454
vt 0.702722 0.889609
vt 0.835324 0.218529
vt 0.254475 0.590767
vt 0.556974 0.747717
vt 0.822763 0.448975
vt 0.677034 0.703026
vt 0.407935 0.617908
vt 0.819248 0.459905
vt 0.582127 0.346964
vt 0.111427 0.449010
vt 0.547277 0.545109
vt 0.118783 0.722537
vt 0.397279 0.621205
vt 0.567668 0.350365
vt 0.555113 0.496451
vt 0.791652 0.510211
vt 0.306570 0.606179
vt 0.235164 0.741614
vt 0.119970 0.561370
vt 0.530780 0.416309
vt 0.811404 0.186513
vt 0.068719 0.615658
vt 0.083655 0.806534
vt 0.821988 0.206794
vt 0.318954 0.641071
vt 0.676924 0.645229
vt 0.006372 0.536290
vt 0.236961 0.590120
vt 0.679008 0.674343
vt 0.157261 0.779635
vt 0.285296 0.261746
vt 0.098823 0.465191
vt 0.370192 0.625793
vt 0.601145 0.589860
vt 0.392927 0.404780
vt 0.111712 0.497069
vt 0.278005 0.613035
vt 0.249469 0.607610
vt 0.302491 0.623857
vt 0.527348 0.218442
vt 0.481982 0.363606
vt 0.339233 0.664161
vt 0.043997 0.581312
vt 0.588339 0.465125
vt 0.700123 0.842739
vt 0.116730 0.811534
vt 0.671365 0.702734
vt 0.080717 0.764910
vt 0.645325 0.246995
vt 0.126037 0.673972
vt 0.594186 0.218593
vt 0.753475 0.656478
vt 0.859945 0.361486
vt 0.142154 0.749694
vt 0.455884 0.406243
vt 0.145571 0.747595
vt 0.580013 0.585536
vt 0.595168 0.575890
vt 0.363040 0.751342
vt 0.347641 0.748860
vt 0.375590 0.745210
vt 0.071205 0.187039
vt 0.348530 0.757365
vt 0.047819 0.201067
vt 0.333005 0.762491
vt 0.332385 0.755135
vt 0.327059 0.625039
vt 0.220102 0.721396
vt 0.199186 0.702320
vt 0.038551 0.450298
vt 0.194228 0.675291
vt 0.730394 0.589183
vt 0.855757 0.290219
vt 0.287880 0.741745
vt 0.231821 0.623049
vt 0.226934 0.731946
vt 0.581802 0.520088
vt 0.274484 0.747142
vt 0.199411 0.688475
vt 0.208900 0.713122
vt 0.593851 0.547289
vt 0.249655 0.742787
vt 0.295858 0.749085
vt 0.010986 0.214551
vt 0.317035 0.766398
vt 0.293923 0.759013
vt 0.068718 0.219269
vt 0.045451 0.231930
vt 0.304898 0.755201
vt 0.303461 0.763254
vt 0.702261 0.465875
vt 0.709420 0.440961
vt 0.124468 0.223383
vt 0.712548 0.466113
vt 0.695313 0.455383
vt 0.711349 0.451751
vt 0.706359 0.452004
vt 0.117020 0.237526
vt 0.090227 0.235393
vt 0.122138 0.237925
vt 0.702810 0.493877
vt 0.121472 0.223137
vt 0.109047 0.222186
vt 0.709514 0.465956
vt 0.126541 0.191853
vt 0.711731 0.497185
vt 0.092489 0.204734
vt 0.711158 0.481896
vt 0.119205 0.206616
vt 0.698170 0.478997
vt 0.706646 0.481012
vt 0.124298 0.207099
vt 0.684521 0.462782
vt 0.118272 0.769868
vt 0.233637 0.624765
vt 0.740272 0.636023
vt 0.794336 0.524512
vt 0.551671 0.409419
vt 0.601473 0.541920
vt 0.369967 0.642734
vt 0.817754 0.505293
vt 0.202936 0.619438
vt 0.131988 0.695808
vt 0.545179 0.546644
vt 0.570093 0.378156
vt 0.196977 0.190299
vt 0.004927 0.501623
vt 0.208142 0.605829
vt 0.219429 0.612631
vt 0.575894 0.482934
vt 0.823404 0.120492
vt 0.583360 0.577036
vt 0.599119 0.556869
vt 0.060323 0.466229
vt 0.530464 0.830389
vt 0.819004 0.535944
vt 0.114394 0.496814
vt 0.552470 0.357195
vt 0.596558 0.475399
vt 0.499205 0.381733
vt 0.422572 0.608159
vt 0.825472 0.114577
vt 0.533702 0.825436
vt 0.419445 0.609851
vt 0.822086 0.447056
vt 0.535140 0.830635
vt 0.552494 0.783902
vt 0.576182 0.560969
vt 0.347217 0.654913
vt 0.400545 0.613587
vt 0.410073 0.611439
vt 0.263986 0.608977
vt 0.538067 0.812489
vt 0.388417 0.602490
vt 0.107816 0.480935
vt 0.332823 0.618250
vt 0.553545 0.550365
vt 0.300505 0.625461
vt 0.723132 0.566023
vt 0.359919 0.646123
vt 0.290241 0.618928
vt 0.354446 0.652612
vt 0.817147 0.523676
vt 0.416898 0.611048
vt 0.820309 0.448690
vt 0.377626 0.597067
vt 0.029983 0.718310
vt 0.317896 0.599374
vt 0.559189 0.776715
vt 0.591416 0.755387
vt 0.796831 0.133700
vt 0.329219 0.646783
vt 0.553490 0.771538
vt 0.322871 0.652478
vt 0.569398 0.774458
vt 0.188446 0.645758
vt 0.121270 0.658935
vt 0.590776 0.762538
vt 0.223733 0.631656
vt 0.572670 0.764963
vt 0.799855 0.140881
vt 0.315013 0.630025
vt 0.600131 0.597855
vt 0.551097 0.470299
vt 0.278909 0.616201
vt 0.726980 0.589798
vt 0.505911 0.396800
vt 0.119205 0.628311
vt 0.561732 0.415447
vt 0.538399 0.831678
vt 0.542044 0.823055
vt 0.603956 0.274429
vt 0.532740 0.818475
vt 0.818857 0.523668
vt 0.609226 0.769610
vt 0.560578 0.542232
vt 0.114206 0.513410
vt 0.726528 0.565703
vt 0.855791 0.266404
vt 0.587352 0.466866
vt 0.542396 0.814696
vt 0.126992 0.706574
vt 0.013897 0.654465
vt 0.349846 0.585049
vt 0.012453 0.518659
vt 0.799784 0.522759
vt 0.086081 0.548390
vt 0.604732 0.198567
vt 0.792776 0.495073
vt 0.558327 0.462604
vt 0.552605 0.512297
vt 0.533973 0.416837
vt 0.132575 0.759879
vt 0.110334 0.464841
vt 0.676267 0.659573
vt 0.174594 0.404611
vt 0.804005 0.209550
vt 0.782478 0.467226
vt 0.638488 0.234088
vt 0.789196 0.510860
vt 0.124015 0.687691
vt 0.736029 0.612295
vt 0.856220 0.314027
vt 0.814867 0.122367
vt 0.545311 0.504246
vt 0.539048 0.402591
vt 0.589135 0.365460
vt 0.711645 0.961717
vt 0.026949 0.593379
vt 0.502852 0.423578
vt 0.511243 0.369416
vt 0.112947 0.464661
vt 0.576531 0.336693
vt 0.591324 0.331324
vt 0.706094 0.913134
vt 0.836324 0.194783
vt 0.708494 0.936754
vt 0.837573 0.171048
vt 0.078787 0.728110
vt 0.561972 0.504327
vt 0.149629 0.780160
vt 0.338740 0.627520
vt 0.081665 0.449594
vt 0.560492 0.529347
vt 0.073888 0.679495
vt 0.084116 0.515091
vt 0.282493 0.587702
vt 0.088464 0.577742
vt 0.082423 0.481878
vt 0.113519 0.675305
vt 0.820496 0.143349
vt 0.094762 0.661411
vt 0.570790 0.504270
vt 0.129057 0.673582
vt 0.536699 0.526428
vt 0.348399 0.592692
vt 0.592458 0.493063
vt 0.339964 0.638476
vt 0.581337 0.501020
vt 0.364672 0.590843
vt 0.287724 0.608517
vt 0.346393 0.614360
vt 0.234977 0.608834
vt 0.547098 0.778821
vt 0.821279 0.481546
vt 0.536787 0.834489
vt 0.537614 0.826465
vt 0.407061 0.743447
vt 0.399977 0.748212
vt 0.413954 0.743172
vt 0.385780 0.739569
vt 0.376133 0.734227
vt 0.389030 0.733822
vt 0.320231 0.738629
vt 0.607037 0.599161
vt 0.592488 0.589755
vt 0.026452 0.698587
vt 0.549150 0.487237
vt 0.555209 0.447731
vt 0.022602 0.500928
vt 0.592907 0.537118
vt 0.567632 0.492676
vt 0.561484 0.479788
vt 0.104760 0.562803
vt 0.120169 0.574989
vt 0.122492 0.585654
vt 0.530332 0.440353
vt 0.536949 0.430818
vt 0.531636 0.429851
vt 0.107069 0.586953
vt 0.541763 0.442480
vt 0.115071 0.575472
vt 0.317112 0.590525
vt 0.352675 0.638797
vt 0.024033 0.535342
vt 0.284688 0.596784
vt 0.270605 0.593427
vt 0.071206 0.647888
vt 0.332839 0.587601
vt 0.375522 0.604798
vt 0.199113 0.648247
vt 0.047819 0.633860
vt 0.361906 0.609493
vt 0.331716 0.658640
vt 0.219976 0.629106
vt 0.274298 0.603164
vt 0.208797 0.637415
vt 0.293715 0.591208
vt 0.304718 0.594987
vt 0.124468 0.611544
vt 0.530271 0.465868
vt 0.010987 0.620376
vt 0.316834 0.583737
vt 0.533465 0.440691
vt 0.295686 0.601140
vt 0.226776 0.618532
vt 0.045451 0.602998
vt 0.540569 0.465654
vt 0.347531 0.601210
vt 0.117020 0.597402
vt 0.536500 0.451759
vt 0.531503 0.451492
vt 0.121472 0.611790
vt 0.539962 0.493671
vt 0.122138 0.597002
vt 0.220478 0.237589
vt 0.350251 0.648093
vt 0.136389 0.716896
vt 0.557796 0.563544
vt 0.581068 0.583273
vt 0.408925 0.601924
vt 0.327513 0.635420
vt 0.537974 0.509371
vt 0.705194 0.983920
vt 0.840815 0.123626
vt 0.780712 0.062885
vt 0.131592 0.785347
vt 0.558876 0.383265
vt 0.581682 0.535383
vt 0.570189 0.754236
vt 0.630175 0.222206
vt 0.723155 0.518393
vt 0.856185 0.218933
vt 0.189100 0.249159
vt 0.003986 0.467486
vt 0.187793 0.629747
vt 0.266749 0.614068
vt 0.630294 0.257622
vt 0.682500 0.646045
vt 0.099670 0.818006
vt 0.174454 0.374118
vt 0.626960 0.208126
vt 0.783204 0.481984
vt 0.253906 0.613718
vt 0.107003 0.449129
vt 0.139139 0.732562
vt 0.394251 0.373587
vt 0.213185 0.624641
vt 0.112155 0.546579
vt 0.551096 0.553058
vt 0.478297 0.393438
vt 0.436760 0.389727
vt 0.187262 0.233610
vt 0.797165 0.508772
vt 0.102207 0.530838
vt 0.679233 0.659928
vt 0.765561 0.677127
vt 0.863734 0.385139
vt 0.039367 0.483346
vt 0.223481 0.206782
vt 0.676460 0.688570
vt 0.449126 0.226695
vt 0.076619 0.706275
vt 0.243653 0.599638
vt 0.572347 0.545383
vt 0.371021 0.212399
vt 0.559471 0.561648
vt 0.065058 0.565842
vt 0.506453 0.236702
vt 0.588935 0.560870
vt 0.100130 0.497627
vt 0.316942 0.642223
vt 0.720812 0.542061
vt 0.560291 0.789737
vt 0.556867 0.426849
vt 0.542875 0.419357
vt 0.695462 0.818737
vt 0.833825 0.289811
vt 0.539508 0.386490
vt 0.116324 0.699185
vt 0.572599 0.381754
vt 0.711751 0.937927
vt 0.050676 0.666271
vt 0.596591 0.348822
vt 0.066819 0.590315
vt 0.860422 0.349497
vt 0.863513 0.373071
vt 0.867812 0.396564
vt 0.867812 0.017779
vt 0.863513 0.041273
vt 0.860422 0.064847
vt 0.858588 0.088530
vt 0.857751 0.112274
vt 0.857572 0.136035
vt 0.857736 0.159798
vt 0.857953 0.183535
vt 0.858052 0.207172
vt 0.857953 0.230808
vt 0.857736 0.254545
vt 0.857572 0.278308
vt 0.857751 0.302069
vt 0.858588 0.325813
vt 0.840936 0.444036
vt 0.842555 0.467720
vt 0.844389 0.491389
vt 0.844389 0.112001
vt 0.842555 0.135670
vt 0.840936 0.159354
vt 0.839561 0.183053
vt 0.838441 0.206766
vt 0.837565 0.230489
vt 0.836943 0.254220
vt 0.836566 0.277956
vt 0.836443 0.301695
vt 0.836566 0.325434
vt 0.836943 0.349170
vt 0.837565 0.372901
vt 0.838440 0.396624
vt 0.839561 0.420337
vt 0.311193 0.542143
vt 0.187200 0.510926
vt 0.533309 0.465717
vt 0.309908 0.450144
vt 0.187260 0.480494
vt 0.186988 0.327632
vt 0.186988 0.572657
vt 0.531631 0.481667
vt 0.124298 0.627828
vt 0.092489 0.630193
vt 0.228095 0.557297
vt 0.536148 0.480792
vt 0.544635 0.478793
vt 0.227696 0.465292
vt 0.227679 0.495701
vt 0.109047 0.612742
vt 0.227889 0.526337
vt 0.399934 0.601742
vt 0.385736 0.610425
vt 0.389003 0.616173
vt 0.311193 0.358146
vt 0.022459 0.164993
vt 0.040645 0.317647
vt 0.014057 0.281918
vt 0.038247 0.417464
vt 0.010546 0.384247
vt 0.011285 0.350718
vt 0.032673 0.102448
vt 0.056714 0.116441
vt 0.022459 0.669934
vt 0.033732 0.092654
vt 0.844030 0.647345
vt 0.826006 0.614274
vt 0.053905 0.138691
vt 0.043997 0.253615
vt 0.056714 0.718485
vt 0.053906 0.696236
vt 0.019187 0.198227
vt 0.016768 0.229773
vt 0.016768 0.605154
vt 0.038602 0.709051
vt 0.035055 0.683959
vt 0.026948 0.241549
vt 0.025645 0.266247
vt 0.032674 0.732479
vt 0.038601 0.125875
vt 0.838474 0.630953
vt 0.011285 0.484210
vt 0.041542 0.726910
vt 0.043769 0.090317
vt 0.041541 0.108016
vt 0.028763 0.618879
vt 0.035054 0.150968
vt 0.227889 0.373951
vt 0.808028 0.160027
vt 0.227679 0.404587
vt 0.019188 0.636700
vt 0.025645 0.568680
vt 0.022601 0.334000
vt 0.021610 0.367803
vt 0.028762 0.216048
vt 0.021119 0.400929
vt 0.021610 0.467125
vt 0.024033 0.299585
vt 0.031565 0.182607
vt 0.407038 0.606498
vt 0.043770 0.744610
vt 0.014057 0.553009
vt 0.031565 0.652320
vt 0.574473 0.791364
vt 0.785681 0.452364
vt 0.587597 0.184526
vt 0.392559 0.435189
vt 0.504227 0.436939
vt 0.669659 0.717204
vt 0.098332 0.433383
vt 0.174673 0.434979
vt 0.775817 0.201591
vt 0.517977 0.356318
vt 0.678056 0.631042
vt 0.612189 0.775802
vt 0.609891 0.352594
vt 0.112470 0.433226
vt 0.606200 0.326785
vt 0.199376 0.662092
vt 0.536317 0.838712
vt 0.003556 0.434101
vt 0.177767 0.659699
vt 0.782629 0.452512
vt 0.227696 0.434997
vt 0.128450 0.825643
vt 0.174239 0.343276
vt 0.609307 0.476010
vt 0.776537 0.182499
vt 0.793917 0.056505
vt 0.603615 0.501716
vt 0.609530 0.551378
vt 0.059703 0.433720
vt 0.614237 0.181595
vt 0.370903 0.177498
vt 0.505927 0.352987
vt 0.532334 0.840586
vt 0.821290 0.546228
vt 0.613937 0.561207
vt 0.614278 0.595374
vt 0.621564 0.180806
vt 0.780114 0.452639
vt 0.562681 0.806248
vt 0.606692 0.329319
vt 0.550898 0.821172
vt 0.675245 0.717350
vt 0.656861 0.256378
vt 0.797862 0.538511
vt 0.501186 0.175122
vt 0.543064 0.830932
vt 0.192583 0.175222
vt 0.788314 0.452236
vt 0.214126 0.269329
vt 0.205453 0.662892
vt 0.651032 0.262252
vt 0.372753 0.285164
vt 0.493498 0.436653
vt 0.224848 0.175870
vt 0.179405 0.263057
vt 0.805295 0.535740
vt 0.616008 0.571329
vt 0.460993 0.343559
vt 0.190678 0.661026
vt 0.802802 0.536389
vt 0.601937 0.299426
vt 0.804919 0.018435
vt 0.770147 0.161749
vt 0.207723 0.663214
vt 0.762446 0.679038
vt 0.395681 0.342007
vt 0.606046 0.485673
vt 0.625463 0.766207
vt 0.767634 0.154226
vt 0.622294 0.770195
vt 0.611675 0.532395
vt 0.609539 0.513688
vt 0.588254 0.780596
vt 0.513944 0.267494
vt 0.109885 0.433276
vt 0.628197 0.281750
vt 0.539105 0.836724
vt 0.683342 0.632212
vt 0.803105 0.036864
vt 0.162538 0.785270
vt 0.613715 0.607563
vt 0.158585 0.788627
vt 0.613827 0.604590
vt 0.672236 0.717270
vt 0.610416 0.356800
vt 0.708342 0.985044
vt 0.607938 0.337823
vt 0.454370 0.435712
vt 0.786529 0.076890
vt 0.325675 0.663617
vt 0.719809 0.518343
vt 0.327555 0.664361
vt 0.542709 0.260837
vt 0.685822 0.632406
vt 0.528040 0.174325
vt 0.677818 0.717419
vt 0.609768 0.474187
vt 0.698730 0.818863
vt 0.135102 0.807138
vt 0.800080 0.537494
vt 0.145375 0.794746
vt 0.334259 0.668392
vt 0.339642 0.670008
vt 0.819643 0.546986
vt 0.680480 0.631674
vt 0.558256 0.187591
vt 0.774781 0.091205
vt 0.228095 0.342992
vt 0.021119 0.433999
vt 0.737880 0.624175
vt 0.731266 0.601179
vt 0.726552 0.577711
vt 0.723488 0.553965
vt 0.721839 0.530159
vt 0.721376 0.506634
vt 0.721839 0.483108
vt 0.723488 0.459302
vt 0.726552 0.435556
vt 0.731266 0.412089
vt 0.737880 0.389092
vt 0.746605 0.366819
vt 0.757616 0.345502
vt 0.770711 0.688282
vt 0.770711 0.324985
vt 0.757616 0.667765
vt 0.746605 0.646448
vt 0.709157 0.688296
vt 0.706026 0.712189
vt 0.702655 0.735804
vt 0.699648 0.759306
vt 0.697627 0.783003
vt 0.696915 0.806861
vt 0.697627 0.830718
vt 0.699648 0.854415
vt 0.702655 0.877917
vt 0.706026 0.901532
vt 0.709157 0.925425
vt 0.710460 0.949225
vt 0.708817 0.972860
vt 0.704269 0.996014
vt 0.704269 0.617707
vt 0.708817 0.640861
vt 0.710460 0.664496
vt 0.435964 0.405230
vt 0.252168 0.739324
vt 0.131872 0.817191
vt 0.820466 0.546607
vt 0.137218 0.038300
vt 0.784398 0.393983
vt 0.113257 0.496941
vt 0.684064 0.562895
vt 0.619764 0.153269
vt 0.595846 0.542309
vt 0.768386 0.156685
vt 0.625162 0.208697
vt 0.681906 0.831519
vt 0.665807 0.540454
vt 0.811061 0.075819
vt 0.187178 0.526208
vt 0.684631 0.831154
vt 0.537828 0.525970
vt 0.680591 0.803411
vt 0.110834 0.530298
vt 0.106842 0.401621
vt 0.679215 0.832135
vt 0.437733 0.373988
vt 0.580508 0.584523
vt 0.091308 0.614000
vt 0.802901 0.150188
vt 0.184606 0.056134
vt 0.476915 0.492374
vt 0.794826 0.581559
vt 0.502046 0.463418
vt 0.184602 0.660385
vt 0.475034 0.464086
vt 0.677740 0.803743
vt 0.537447 0.417593
vt 0.795991 0.366709
vt 0.674966 0.688458
vt 0.700584 0.388036
vt 0.640090 0.579760
vt 0.838332 0.060873
vt 0.378927 0.756645
vt 0.144417 0.748376
vt 0.214141 0.609302
vt 0.286537 0.076053
vt 0.820466 0.339871
vt 0.670894 0.746258
vt 0.525590 0.203593
vt 0.523818 0.145945
vt 0.658468 0.354701
vt 0.378838 0.593342
vt 0.123203 0.223284
vt 0.531553 0.440478
vt 0.581846 0.581290
vt 0.435038 0.464906
vt 0.636568 0.332500
vt 0.435964 0.495058
vt 0.326062 0.663662
vt 0.116105 0.586181
vt 0.123203 0.611643
vt 0.255086 0.735188
vt 0.599899 0.599342
vt 0.125288 0.191699
vt 0.677828 0.688672
vt 0.781307 0.423205
vt 0.288683 0.176965
vt 0.401058 0.750888
vt 0.187229 0.495694
vt 0.100621 0.808302
vt 0.415087 0.604620
vt 0.805157 0.094436
vt 0.100672 0.725791
vt 0.655561 0.076351
vt 0.479907 0.378693
vt 0.098697 0.702727
vt 0.608489 0.120205
vt 0.081389 0.433536
vt 0.484710 0.552145
vt 0.017839 0.215131
vt 0.437733 0.526301
vt 0.674962 0.804083
vt 0.529871 0.233227
vt 0.701526 0.523786
vt 0.187285 0.465314
vt 0.790178 0.394863
vt 0.368650 0.640417
vt 0.686346 0.361442
vt 0.787293 0.481357
vt 0.195472 0.661590
vt 0.376555 0.749356
vt 0.636850 0.099199
vt 0.330735 0.666414
vt 0.205115 0.714854
vt 0.504165 0.490048
vt 0.337167 0.669479
vt 0.546389 0.841643
vt 0.793163 0.365971
vt 0.536744 0.830733
vt 0.641147 0.271116
vt 0.781462 0.037321
vt 0.784146 0.423345
vt 0.787053 0.452297
vt 0.580238 0.111341
vt 0.335085 0.652943
vt 0.240612 0.755413
vt 0.111848 0.370175
vt 0.676586 0.746108
vt 0.828684 0.037627
vt 0.705430 0.386354
vt 0.435038 0.435382
vt 0.781307 0.452578
vt 0.525590 0.116803
vt 0.192301 0.086107
vt 0.216109 0.640855
vt 0.515646 0.544831
vt 0.115502 0.305066
vt 0.107294 0.369980
vt 0.300855 0.725268
vt 0.439616 0.558462
vt 0.801420 0.338868
vt 0.448129 0.110659
vt 0.536263 0.465547
vt 0.585117 0.354528
vt 0.625162 0.125562
vt 0.144417 0.086550
vt 0.020715 0.181292
vt 0.633312 0.355934
vt 0.680237 0.403300
vt 0.098697 0.132200
vt 0.819697 0.054966
vt 0.654837 0.465643
vt 0.784398 0.481800
vt 0.278800 0.734998
vt 0.254929 0.615195
vt 0.504165 0.410241
vt 0.121221 0.585754
vt 0.347381 0.607275
vt 0.206960 0.687451
vt 0.455520 0.041993
vt 0.558563 0.562736
vt 0.017840 0.619796
vt 0.322498 0.638589
vt 0.016040 0.594185
vt 0.591547 0.553492
vt 0.283455 0.040940
vt 0.787053 0.423486
vt 0.546161 0.546056
vt 0.111848 0.464753
vt 0.776848 0.192742
vt 0.532987 0.830551
vt 0.538322 0.058298
vt 0.673741 0.746184
vt 0.674966 0.775036
vt 0.601158 0.493322
vt 0.804084 0.339765
vt 0.345887 0.706112
vt 0.820737 0.459874
vt 0.013235 0.298996
vt 0.610583 0.543129
vt 0.825471 0.573666
vt 0.666554 0.337757
vt 0.614984 0.043147
vt 0.804720 0.027702
vt 0.706563 0.465779
vt 0.536714 0.441173
vt 0.654720 0.364713
vt 0.688881 0.396147
vt 0.627654 0.583705
vt 0.671186 0.449286
vt 0.450616 0.076558
vt 0.187285 0.434975
vt 0.233017 0.624157
vt 0.529871 0.087168
vt 0.781193 0.084511
vt 0.681906 0.631976
vt 0.194561 0.718750
vt 0.787293 0.394425
vt 0.606399 0.327691
vt 0.043188 0.567438
vt 0.125491 0.137705
vt 0.537781 0.385963
vt 0.447217 0.143860
vt 0.135212 0.117583
vt 0.560789 0.559885
vt 0.014809 0.569422
vt 0.550129 0.422576
vt 0.010405 0.400863
vt 0.633225 0.474701
vt 0.101224 0.066312
vt 0.572714 0.148160
vt 0.602568 0.151369
vt 0.677560 0.372283
vt 0.602568 0.182890
vt 0.572714 0.186098
vt 0.536463 0.495249
vt 0.269458 0.761706
vt 0.677828 0.774822
vt 0.608489 0.214053
vt 0.288683 0.143430
vt 0.672184 0.775243
vt 0.287952 0.109975
vt 0.240378 0.595010
vt 0.621190 0.243664
vt 0.621190 0.090595
vt 0.828416 0.084817
vt 0.790353 0.365228
vt 0.195508 0.688988
vt 0.317127 0.763136
vt 0.608978 0.345603
vt 0.784146 0.452438
vt 0.292819 0.587188
vt 0.187074 0.557084
vt 0.641147 0.063142
vt 0.337168 0.680640
vt 0.523818 0.174451
vt 0.562905 0.403137
vt 0.594433 0.076636
vt 0.110834 0.304629
vt 0.455520 0.278402
vt 0.546441 0.805628
vt 0.317587 0.755587
vt 0.823002 0.116069
vt 0.636850 0.235059
vt 0.662062 0.584628
vt 0.479907 0.521595
vt 0.192301 0.234288
vt 0.135212 0.717343
vt 0.197556 0.145066
vt 0.100621 0.026623
vt 0.671313 0.381178
vt 0.655562 0.257907
vt 0.195970 0.115388
vt 0.579713 0.341821
vt 0.556538 0.762477
vt 0.798915 0.337759
vt 0.111388 0.401676
vt 0.202821 0.662543
vt 0.214331 0.741214
vt 0.690210 0.358166
vt 0.680004 0.427586
vt 0.818166 0.536147
vt 0.106842 0.433307
vt 0.300778 0.624955
vt 0.010851 0.367577
vt 0.246678 0.603810
vt 0.113257 0.337987
vt 0.542629 0.387683
vt 0.011809 0.333571
vt 0.557109 0.361107
vt 0.093617 0.645900
vt 0.607037 0.559091
vt 0.532225 0.496689
vt 0.608476 0.479275
vt 0.696507 0.546242
vt 0.011809 0.501357
vt 0.618961 0.773039
vt 0.670894 0.717236
vt 0.118715 0.561552
vt 0.020715 0.653635
vt 0.013236 0.535931
vt 0.229642 0.621090
vt 0.609641 0.474657
vt 0.562950 0.427433
vt 0.544301 0.491231
vt 0.448129 0.209737
vt 0.502046 0.436870
vt 0.580238 0.222917
vt 0.187178 0.374081
vt 0.674962 0.659411
vt 0.819920 0.481527
vt 0.052291 0.681941
vt 0.343174 0.621447
vt 0.793163 0.509811
vt 0.297046 0.607565
vt 0.531488 0.465828
vt 0.317333 0.642010
vt 0.360771 0.632374
vt 0.541689 0.803019
vt 0.534459 0.839593
vt 0.588032 0.465527
vt 0.128779 0.115245
vt 0.376479 0.600645
vt 0.439616 0.341827
vt 0.380513 0.620614
vt 0.309965 0.404615
vt 0.125288 0.643228
vt 0.153129 0.791694
vt 0.576873 0.540339
vt 0.656653 0.569596
vt 0.607174 0.332415
vt 0.375006 0.610109
vt 0.567484 0.551268
vt 0.294672 0.595755
vt 0.818821 0.505391
vt 0.531989 0.416492
vt 0.549845 0.781647
vt 0.508116 0.517090
vt 0.197556 0.175330
vt 0.101224 0.768614
vt 0.515646 0.355458
vt 0.055383 0.708255
vt 0.548132 0.850079
vt 0.421484 0.742203
vt 0.194439 0.631830
vt 0.052290 0.152986
vt 0.404825 0.734262
vt 0.818166 0.350332
vt 0.342648 0.690800
vt 0.820737 0.426604
vt 0.539741 0.846403
vt 0.693892 0.543556
vt 0.559210 0.850451
vt 0.368656 0.709644
vt 0.375063 0.739907
vt 0.272545 0.752130
vt 0.352863 0.699342
vt 0.572064 0.381011
vt 0.613759 0.606240
vt 0.602491 0.579711
vt 0.057950 0.106823
vt 0.388202 0.722562
vt 0.818002 0.362806
vt 0.537762 0.837940
vt 0.801421 0.536914
vt 0.672184 0.688251
vt 0.205006 0.635694
vt 0.187229 0.404595
vt 0.118094 0.612071
vt 0.115502 0.529862
vt 0.624178 0.767986
vt 0.541187 0.523590
vt 0.795991 0.509073
vt 0.060576 0.079698
vt 0.571698 0.449134
vt 0.564942 0.524235
vt 0.548565 0.444957
vt 0.216200 0.709661
vt 0.692853 0.422799
vt 0.637370 0.327784
vt 0.663932 0.342057
vt 0.229791 0.729379
vt 0.108645 0.337691
vt 0.184642 0.690223
vt 0.540724 0.834338
vt 0.010851 0.467351
vt 0.153742 0.062793
vt 0.447216 0.176535
vt 0.634696 0.345667
vt 0.600562 0.777906
vt 0.184606 0.264261
vt 0.307153 0.728082
vt 0.475034 0.436203
vt 0.580082 0.785180
vt 0.310705 0.373704
vt 0.642631 0.599398
vt 0.286537 0.244342
vt 0.710537 0.496908
vt 0.137992 0.082371
vt 0.137992 0.752555
vt 0.677740 0.659751
vt 0.798915 0.538023
vt 0.575984 0.511225
vt 0.131871 0.017734
vt 0.566695 0.500629
vt 0.682555 0.431387
vt 0.816431 0.164828
vt 0.033349 0.737722
vt 0.639593 0.511724
vt 0.634372 0.479322
vt 0.680591 0.660083
vt 0.656752 0.470320
vt 0.587702 0.529286
vt 0.318643 0.605123
vt 0.508116 0.383198
vt 0.322525 0.711559
vt 0.120208 0.191167
vt 0.100672 0.109136
vt 0.401011 0.599060
vt 0.613960 0.601832
vt 0.233155 0.726302
vt 0.317351 0.708148
vt 0.790353 0.510554
vt 0.548074 0.516817
vt 0.130782 0.696051
vt 0.614916 0.583688
vt 0.554967 0.479267
vt 0.326065 0.686464
vt 0.278658 0.615304
vt 0.742779 0.054078
vt 0.568369 0.623732
vt 0.791769 0.715089
vt 0.691224 0.115507
vt 0.748210 0.246161
vt 0.821654 0.768525
vt 0.764705 0.279172
vt 0.691403 0.130996
vt 0.742516 0.074026
vt 0.739257 0.154916
vt 0.783854 0.234973
vt 0.699585 0.032210
vt 0.738264 0.745049
vt 0.817188 0.790627
vt 0.775054 0.799808
vt 0.697429 0.238290
vt 0.691563 0.155990
vt 0.645145 0.655418
vt 0.780148 0.698281
vt 0.834060 0.778979
vt 0.696879 0.047656
vt 0.281353 0.799000
vt 0.536581 0.655763
vt 0.748057 0.040167
vt 0.797284 0.708285
vt 0.737142 0.117030
vt 0.803716 0.725918
vt 0.790279 0.794401
vt 0.689439 0.215285
vt 0.740451 0.097386
vt 0.765314 0.265533
vt 0.694921 0.069130
vt 0.741146 0.189077
vt 0.801258 0.234970
vt 0.831381 0.759405
vt 0.549564 0.720096
vt 0.737500 0.169386
vt 0.568726 0.732804
vt 0.738475 0.715489
vt 0.733068 0.276511
vt 0.749072 0.292637
vt 0.757663 0.702679
vt 0.728524 0.754238
vt 0.742355 0.226888
vt 0.272171 0.804685
vt 0.632384 0.636315
vt 0.282498 0.800100
vt 0.821487 0.797991
vt 0.757856 0.810924
vt 0.723162 0.282297
vt 0.773607 0.245174
vt 0.733086 0.278032
vt 0.700007 0.253606
vt 0.736937 0.751708
vt 0.762859 0.709492
vt 0.272144 0.803047
vt 0.281196 0.780494
vt 0.737770 0.174810
vt 0.742383 0.766955
vt 0.278701 0.796424
vt 0.272081 0.799306
vt 0.817587 0.746715
vt 0.691579 0.171467
vt 0.687700 0.195575
vt 0.817956 0.225906
vt 0.819968 0.242113
vt 0.742778 0.722891
vt 0.783967 0.272785
vt 0.281369 0.789749
vt 0.261478 0.800507
vt 0.488852 0.611542
vt 0.833985 0.734532
vt 0.744477 0.303992
vt 0.756238 0.787688
vt 0.645303 0.700502
vt 0.262521 0.780550
vt 0.278573 0.783140
vt 0.258667 0.789979
vt 0.512965 0.591027
vt 0.271822 0.776632
vt 0.265271 0.796625
vt 0.262622 0.799322
vt 0.227152 0.795709
vt 0.620018 0.707170
vt 0.628612 0.662248
vt 0.699956 0.183224
vt 0.717693 0.292553
vt 0.722288 0.303841
vt 0.692066 0.177094
vt 0.733345 0.308620
vt 0.257041 0.789990
vt 0.483376 0.626207
vt 0.483376 0.752844
vt 0.743232 0.282330
vt 0.838410 0.756853
vt 0.590824 0.619169
vt 0.747531 0.292661
vt 0.723376 0.302791
vt 0.282321 0.779329
vt 0.719215 0.292529
vt 0.743181 0.212264
vt 0.262425 0.789935
vt 0.762775 0.805287
vt 0.769807 0.719190
vt 0.696123 0.053633
vt 0.691456 0.109528
vt 0.471758 0.636454
vt 0.461638 0.665531
vt 0.195908 0.795731
vt 0.515844 0.783655
vt 0.562190 0.707397
vt 0.464645 0.681770
vt 0.619755 0.648926
vt 0.265173 0.783181
vt 0.285060 0.789708
vt 0.768274 0.798464
vt 0.696947 0.232663
vt 0.811564 0.262473
vt 0.479424 0.755541
vt 0.271834 0.775001
vt 0.470428 0.726939
vt 0.575523 0.716264
vt 0.271843 0.780379
vt 0.575284 0.640203
vt 0.227174 0.826953
vt 0.500056 0.778398
vt 0.261376 0.779423
vt 0.744334 0.281230
vt 0.515844 0.595396
vt 0.733340 0.307108
vt 0.465797 0.728577
vt 0.628727 0.693783
vt 0.743402 0.302911
vt 0.562030 0.649185
vt 0.271887 0.785213
vt 0.470428 0.652111
vt 0.195929 0.826975
vt 0.275179 0.786556
vt 0.801261 0.272781
vt 0.810902 0.780554
vt 0.820553 0.279165
vt 0.749069 0.733016
vt 0.459470 0.697637
vt 0.722080 0.281258
vt 0.476023 0.638622
vt 0.743109 0.232260
vt 0.764559 0.228509
vt 0.823002 0.761896
vt 0.820554 0.228501
vt 0.737357 0.111609
vt 0.817955 0.281766
vt 0.785099 0.713800
vt 0.767301 0.281772
vt 0.692835 0.094087
vt 0.767154 0.225914
vt 0.739094 0.131459
vt 0.271999 0.794471
vt 0.268678 0.793154
vt 0.286626 0.789681
vt 0.797233 0.804035
vt 0.703650 0.225289
vt 0.737718 0.210409
vt 0.736099 0.191868
vt 0.707740 0.187366
vt 0.710588 0.219887
vt 0.700116 0.211312
vt 0.698915 0.197669
vt 0.731572 0.194909
vt 0.732724 0.208212
vt 0.688724 0.292612
vt 0.678643 0.292532
vt 0.684558 0.292667
vt 0.689628 0.290161
vt 0.682608 0.282918
vt 0.686655 0.287222
vt 0.692002 0.284879
vt 0.692022 0.289066
vt 0.692193 0.278978
vt 0.697448 0.287010
vt 0.694498 0.289988
vt 0.701739 0.282963
vt 0.695602 0.292395
vt 0.705729 0.292492
vt 0.699822 0.292391
vt 0.701837 0.302052
vt 0.697670 0.297819
vt 0.694669 0.294873
vt 0.692285 0.300173
vt 0.692244 0.295976
vt 0.692241 0.306126
vt 0.689797 0.295028
vt 0.682621 0.302193
vt 0.686894 0.298059
vt 0.703490 0.209597
vt 0.711837 0.216507
vt 0.729391 0.207144
vt 0.728498 0.196526
vt 0.709581 0.190483
vt 0.702547 0.198757
vt 0.731200 0.207712
vt 0.711286 0.218326
vt 0.701798 0.210494
vt 0.700717 0.198182
vt 0.708706 0.188783
vt 0.730160 0.195666
vt 0.398387 0.787614
vt 0.411188 0.774709
vt 0.420321 0.797278
vt 0.420259 0.778736
vt 0.402226 0.797065
vt 0.476023 0.740428
vt 0.465797 0.650474
vt 0.553253 0.694079
vt 0.536704 0.700972
vt 0.738810 0.798328
vt 0.725811 0.734579
vt 0.632738 0.719668
vt 0.553165 0.662577
vt 0.459470 0.681414
vt 0.503346 0.774572
vt 0.780050 0.815274
vt 0.649656 0.677936
vt 0.631740 0.678008
vt 0.512965 0.788023
vt 0.466577 0.712481
vt 0.492514 0.614815
vt 0.471758 0.742597
vt 0.606842 0.716138
vt 0.613767 0.732571
vt 0.802341 0.702754
vt 0.492514 0.764236
vt 0.479424 0.623509
vt 0.550082 0.678341
vt 0.532149 0.678394
vt 0.721463 0.756825
vt 0.466577 0.666569
vt 0.488852 0.767509
vt 0.590890 0.636987
vt 0.549304 0.636585
vt 0.821277 0.715452
vt 0.464645 0.697280
vt 0.500056 0.600652
vt 0.606508 0.640051
vt 0.613323 0.623587
vt 0.802433 0.810802
vt 0.503346 0.604478
vt 0.725972 0.779244
vt 0.461638 0.713520
vt 0.591209 0.719329
vt 0.424031 0.788057
vt 0.591298 0.737185
vt 0.741975 0.059466
vt 0.765204 0.242118
vt 0.773715 0.262478
vt 0.780796 0.226572
vt 0.804313 0.226568
vt 0.811565 0.245169
vt 0.819968 0.265527
vt 0.780911 0.281188
vt 0.804318 0.281184
vt 0.746146 0.793991
vt 0.777575 0.808203
vt 0.828462 0.774027
vt 0.827238 0.739797
vt 0.732726 0.773927
vt 0.731432 0.739541
vt 0.782600 0.705374
vt 0.813817 0.719661
vt 0.031503 0.725996
vt 0.484710 0.348144
vt 0.223513 0.615703
vt 0.619924 0.844211
vt 0.555218 0.838043
vt 0.631423 0.777327
vt 0.786363 0.617617
vt 0.631976 0.811529
vt 0.816009 0.638386
vt 0.791428 0.603204
vt 0.820878 0.624113
vt 0.137218 0.796626
vt 0.840980 0.658232
vt 0.632316 0.843694
vt 0.316937 0.587003
vt 0.603796 0.815757
vt 0.251996 0.611066
vt 0.087300 0.564161
vt 0.625009 0.809799
vt 0.597154 0.839591
vt 0.548890 0.846395
vt 0.542164 0.843615
vt 0.560067 0.449975
vt 0.807493 0.200635
vt 0.625231 0.781123
vt 0.565853 0.372043
vt 0.615174 0.836042
vt 0.563267 0.769111
vt 0.539453 0.821428
vt 0.615937 0.797732
vt 0.585955 0.569504
vt 0.342643 0.659313
vt 0.127805 0.673753
vt 0.038899 0.466741
vt 0.560122 0.750605
vt 0.583691 0.488327
vt 0.576962 0.848503
vt 0.558576 0.846087
vt 0.569915 0.831388
vt 0.818821 0.381088
vt 0.599693 0.845922
vt 0.575619 0.843251
vt 0.588065 0.823385
vt 0.819920 0.404951
vt 0.804084 0.536017
vt 0.821536 0.437646
vt 0.237092 0.836858
vt 0.244893 0.797502
vt 0.225338 0.777972
vt 0.175431 0.811367
vt 0.247651 0.811317
vt 0.197744 0.844712
vt 0.178189 0.825182
vt 0.185990 0.785826
vt 0.197701 0.777990
vt 0.178171 0.797545
vt 0.244911 0.825139
vt 0.211566 0.847452
vt 0.211516 0.775232
vt 0.225381 0.844694
vt 0.237057 0.785791
vt 0.186025 0.836893
vt 0.235236 0.835005
vt 0.242471 0.798507
vt 0.224336 0.780396
vt 0.178053 0.811365
vt 0.245028 0.811319
vt 0.198746 0.842289
vt 0.180611 0.824177
vt 0.187845 0.787679
vt 0.198706 0.780412
vt 0.180594 0.798547
vt 0.242488 0.824137
vt 0.211564 0.844830
vt 0.211518 0.777855
vt 0.224376 0.842272
vt 0.235204 0.787647
vt 0.187878 0.835038
vt 0.231947 0.802874
vt 0.211526 0.789249
vt 0.219982 0.790925
vt 0.203073 0.790936
vt 0.189448 0.811357
vt 0.191124 0.802901
vt 0.220009 0.831748
vt 0.233634 0.811327
vt 0.231958 0.819784
vt 0.191135 0.819810
vt 0.211556 0.833435
vt 0.203099 0.831759
vt 0.560383 0.431221
vt 0.679215 0.631359
vt 0.790178 0.480920
vt 0.600450 0.595433
vt 0.041438 0.534365
vt 0.287952 0.210420
vt 0.771546 0.061265
vt 0.577112 0.337496
vt 0.610310 0.355886
vt 0.118094 0.222856
vt 0.206929 0.663095
vt 0.187074 0.343205
vt 0.111388 0.433252
vt 0.307072 0.622117
vt 0.553256 0.357795
vt 0.153742 0.772133
vt 0.450616 0.243837
vt 0.212141 0.638974
vt 0.161344 0.786595
vt 0.269216 0.588606
vt 0.388195 0.627449
vt 0.122567 0.674357
vt 0.275245 0.793071
vt 0.276556 0.789794
vt 0.268624 0.786585
vt 0.267284 0.789888
vt 0.557114 0.508203
vt 0.628605 0.520174
vt 0.108645 0.497237
vt 0.651101 0.553571
vt 0.619764 0.180990
vt 0.635597 0.559129
vt 0.632093 0.543158
vt 0.675170 0.551405
vt 0.538322 0.262098
vt 0.628752 0.606260
vt 0.614984 0.291111
vt 0.161344 0.048331
vt 0.588818 0.364586
vt 0.704880 0.526172
vt 0.089362 0.588457
vt 0.024438 0.685205
vt 0.659117 0.488442
vt 0.666766 0.511350
vt 0.057950 0.728104
vt 0.834409 0.609473
vt 0.398843 0.745532
vt 0.555345 0.785681
vt 0.546030 0.466678
vt 0.554297 0.395901
vt 0.570102 0.457930
vt 0.476915 0.407915
vt 0.096019 0.157803
vt 0.127805 0.161173
vt 0.272340 0.598178
vt 0.122567 0.160569
vt 0.673741 0.717310
vt 0.676075 0.500778
vt 0.798031 0.135915
vt 0.684631 0.632341
vt 0.130782 0.138876
vt 0.093617 0.189027
vt 0.083190 0.336547
vt 0.010405 0.434064
vt 0.046529 0.617409
vt 0.085046 0.531854
vt 0.085046 0.303073
vt 0.120208 0.643760
vt 0.081961 0.369268
vt 0.591132 0.766117
vt 0.046529 0.217518
vt 0.535384 0.819728
vt 0.081389 0.401392
vt 0.127876 0.063669
vt 0.128779 0.719681
vt 0.687028 0.535200
vt 0.591190 0.758939
vt 0.773450 0.171097
vt 0.603166 0.511672
vt 0.681845 0.560038
vt 0.421482 0.607715
vt 0.660732 0.581392
vt 0.642090 0.595488
vt 0.628563 0.601852
vt 0.548782 0.543376
vt 0.818002 0.523672
vt 0.148701 0.061509
vt 0.153129 0.043232
vt 0.055382 0.126672
vt 0.404817 0.615700
vt 0.677774 0.524382
vt 0.586102 0.470201
vt 0.107294 0.464948
vt 0.685635 0.508370
vt 0.091308 0.220927
vt 0.821536 0.448833
vt 0.655008 0.529377
vt 0.568780 0.798518
vt 0.148701 0.773417
vt 0.646832 0.542377
vt 0.625300 0.563954
vt 0.694323 0.445171
vt 0.195970 0.205007
vt 0.345868 0.643990
vt 0.317422 0.594560
vt 0.083190 0.498380
vt 0.641648 0.493386
vt 0.060576 0.755228
vt 0.546408 0.826683
vt 0.125491 0.697221
vt 0.398804 0.604427
vt 0.352856 0.650754
vt 0.049194 0.650233
vt 0.614133 0.520154
vt 0.113669 0.562078
vt 0.711333 0.466071
vt 0.790181 0.067172
vt 0.283455 0.279456
vt 0.343238 0.728651
vt 0.555663 0.535035
vt 0.594433 0.257622
vt 0.335096 0.697176
vt 0.798816 0.046319
vt 0.311518 0.342549
vt 0.556511 0.814105
vt 0.672763 0.458084
vt 0.118715 0.273375
vt 0.705554 0.417897
vt 0.711005 0.416828
vt 0.711330 0.440755
vt 0.682812 0.450150
vt 0.087300 0.270766
vt 0.113669 0.272850
vt 0.043188 0.267489
vt 0.276467 0.741807
vt 0.293043 0.763031
vt 0.223681 0.734784
vt 0.360799 0.717694
vt 0.333264 0.718230
vt 0.330738 0.683708
vt 0.347475 0.742802
vt 0.096019 0.677124
vt 0.333221 0.631895
vt 0.081961 0.465660
vt 0.038327 0.433881
vt 0.127877 0.771257
vt 0.347848 0.596560
vt 0.276300 0.608497
vt 0.322818 0.618224
vt 0.676586 0.717386
vt 0.617321 0.563943
vt 0.347969 0.753504
vt 0.694654 0.517000
vt 0.349229 0.761159
vt 0.696802 0.466886
vt 0.322901 0.731925
vt 0.568393 0.480380
vt 0.202854 0.688015
vt 0.212239 0.711554
vt 0.028300 0.709420
vt 0.246878 0.746595
vt 0.294864 0.754468
vt 0.674423 0.480532
vt 0.044678 0.242882
vt 0.706174 0.441430
vt 0.116105 0.248746
vt 0.089362 0.246470
vt 0.121221 0.249174
vt 0.698478 0.491430
vt 0.706304 0.495460
vt 0.044678 0.592045
vt 0.412715 0.608707
vt 0.039951 0.500222
vt 0.822662 0.128877
vt 0.309885 0.435066
vt 0.394200 0.611702
vt 0.349090 0.588892
vt 0.412726 0.741230
vt 0.415103 0.745307
vt 0.380543 0.729404
vt 0.394231 0.738276
vt 0.861796 0.361297
vt 0.865569 0.384823
vt 0.865569 0.029521
vt 0.861796 0.053047
vt 0.859363 0.076677
vt 0.858066 0.100398
vt 0.857599 0.124154
vt 0.857631 0.147917
vt 0.857851 0.171676
vt 0.858025 0.195363
vt 0.858025 0.218980
vt 0.857851 0.242667
vt 0.857631 0.266427
vt 0.857599 0.290189
vt 0.858065 0.313945
vt 0.859363 0.337666
vt 0.841714 0.455881
vt 0.843456 0.479556
vt 0.843456 0.123834
vt 0.841715 0.147510
vt 0.840218 0.171202
vt 0.838970 0.194908
vt 0.837971 0.218626
vt 0.837222 0.242353
vt 0.836723 0.266087
vt 0.836473 0.289825
vt 0.836473 0.313564
vt 0.836723 0.337302
vt 0.837222 0.361036
vt 0.837971 0.384764
vt 0.838970 0.408482
vt 0.840217 0.432188
vt 0.311518 0.557740
vt 0.309885 0.465222
vt 0.309965 0.495673
vt 0.310705 0.526584
vt 0.016040 0.240742
vt 0.014809 0.265505
vt 0.028299 0.125507
vt 0.840639 0.645424
vt 0.033348 0.097204
vt 0.031502 0.108931
vt 0.024437 0.149722
vt 0.039951 0.334705
vt 0.038899 0.368186
vt 0.038327 0.401046
vt 0.041438 0.300562
vt 0.049193 0.184694
vt 0.297195 0.742662
vt 0.318773 0.745031
vt 0.687843 0.479448
vt 0.734321 0.612750
vt 0.728687 0.589490
vt 0.724830 0.565863
vt 0.722499 0.542042
vt 0.721482 0.518368
vt 0.721482 0.494899
vt 0.722499 0.471225
vt 0.724830 0.447404
vt 0.728687 0.423777
vt 0.734321 0.400517
vt 0.741969 0.377847
vt 0.751809 0.356038
vt 0.764003 0.335184
vt 0.764003 0.678083
vt 0.751809 0.657229
vt 0.741969 0.635419
vt 0.707712 0.700255
vt 0.704319 0.724032
vt 0.701068 0.747545
vt 0.698487 0.771126
vt 0.697096 0.794921
vt 0.697096 0.818800
vt 0.698487 0.842595
vt 0.701068 0.866176
vt 0.704319 0.889689
vt 0.707712 0.913466
vt 0.710122 0.937341
vt 0.710052 0.961088
vt 0.706768 0.984482
vt 0.706768 0.629239
vt 0.710052 0.652633
vt 0.710122 0.676380
vt 0.882940 0.796056
vt 0.432220 0.816050
vt 0.885644 0.797345
vt 0.876906 0.808146
vt 0.432296 0.829598
vt 0.879358 0.810831
vt 0.432375 0.583397
vt 0.432376 0.843623
vt 0.864741 0.815272
vt 0.864991 0.811911
vt 0.850658 0.793975
vt 0.432314 0.611145
vt 0.847259 0.794454
vt 0.853975 0.806500
vt 0.432344 0.597597
vt 0.851164 0.808401
vt 0.856505 0.652874
vt 0.439749 0.816007
vt 0.851733 0.653524
vt 0.858524 0.664019
vt 0.439825 0.829556
vt 0.855380 0.666520
vt 0.882322 0.654881
vt 0.439844 0.611162
vt 0.886963 0.656263
vt 0.868316 0.667412
vt 0.439905 0.583413
vt 0.439905 0.843581
vt 0.867866 0.672744
vt 0.878588 0.665578
vt 0.439873 0.597613
vt 0.881350 0.668540
vt 0.882740 0.710139
vt 0.431738 0.728674
vt 0.884421 0.706847
vt 0.879537 0.702430
vt 0.431753 0.721285
vt 0.881095 0.699913
vt 0.862229 0.708620
vt 0.431799 0.698521
vt 0.861060 0.705033
vt 0.873270 0.698954
vt 0.431769 0.713616
vt 0.873479 0.696375
vt 0.866544 0.701477
vt 0.431784 0.705910
vt 0.865381 0.698689
vt 0.868368 0.570018
vt 0.439595 0.728690
vt 0.865536 0.567259
vt 0.871041 0.562936
vt 0.439610 0.721300
vt 0.869487 0.561019
vt 0.439626 0.713631
vt 0.876841 0.558890
vt 0.876594 0.562116
vt 0.883501 0.571208
vt 0.439656 0.698537
vt 0.886737 0.568926
vt 0.881966 0.563796
vt 0.439641 0.705926
vt 0.883810 0.562145
vt 0.875931 0.570503
vt 0.869348 0.654207
vt 0.862798 0.612530
vt 0.439258 0.774337
vt 0.860211 0.612695
vt 0.880308 0.751994
vt 0.432091 0.774337
vt 0.882637 0.752215
vt 0.432339 0.652859
vt 0.856368 0.750282
vt 0.856442 0.750396
vt 0.857581 0.750478
vt 0.882314 0.614059
vt 0.439717 0.652875
vt 0.884477 0.614622
vt 0.869242 0.756369
vt 0.872556 0.613308
vt 0.868106 0.771221
vt 0.856302 0.783421
vt 0.859476 0.788182
vt 0.862571 0.791722
vt 0.439804 0.629281
vt 0.886963 0.638146
vt 0.867181 0.780151
vt 0.866680 0.785750
vt 0.866352 0.790422
vt 0.877452 0.785283
vt 0.873521 0.789081
vt 0.869949 0.792141
vt 0.883013 0.636917
vt 0.854073 0.774733
vt 0.880608 0.796496
vt 0.875869 0.796270
vt 0.871219 0.795909
vt 0.432275 0.629264
vt 0.850070 0.774991
vt 0.875509 0.806575
vt 0.872532 0.803033
vt 0.869495 0.799485
vt 0.881484 0.776983
vt 0.439646 0.797888
vt 0.854533 0.635622
vt 0.432453 0.797929
vt 0.885644 0.777610
vt 0.865004 0.809999
vt 0.865394 0.805461
vt 0.865748 0.800804
vt 0.855231 0.805288
vt 0.858593 0.802142
vt 0.862148 0.799087
vt 0.866040 0.795610
vt 0.870778 0.635946
vt 0.858593 0.635014
vt 0.856045 0.794961
vt 0.860802 0.795316
vt 0.866655 0.705848
vt 0.869664 0.718111
vt 0.873017 0.702164
vt 0.871985 0.716694
vt 0.878805 0.706506
vt 0.874092 0.718317
vt 0.881138 0.725874
vt 0.874696 0.725637
vt 0.877078 0.745257
vt 0.873150 0.732908
vt 0.869804 0.749257
vt 0.870777 0.734351
vt 0.863066 0.744543
vt 0.868601 0.732714
vt 0.871368 0.725487
vt 0.861583 0.724839
vt 0.868036 0.725335
vt 0.439556 0.748451
vt 0.863250 0.586902
vt 0.883056 0.726908
vt 0.883058 0.589692
vt 0.865903 0.588345
vt 0.431699 0.748436
vt 0.884972 0.726275
vt 0.432282 0.678699
vt 0.857721 0.724429
vt 0.859487 0.725310
vt 0.439706 0.678775
vt 0.885924 0.588684
vt 0.874466 0.589061
vt 0.868086 0.711912
vt 0.872501 0.709326
vt 0.876528 0.712314
vt 0.877985 0.725799
vt 0.874946 0.739163
vt 0.870301 0.741806
vt 0.866006 0.738771
vt 0.864743 0.725172
vt 0.862344 0.666072
vt 0.857380 0.664960
vt 0.868093 0.670210
vt 0.439865 0.836568
vt 0.861623 0.669632
vt 0.871351 0.811201
vt 0.432336 0.836611
vt 0.872050 0.813052
vt 0.858862 0.810186
vt 0.432360 0.590497
vt 0.857953 0.811837
vt 0.874454 0.667013
vt 0.879586 0.666686
vt 0.439889 0.590513
vt 0.874608 0.670642
vt 0.851160 0.801375
vt 0.432329 0.604371
vt 0.849211 0.801427
vt 0.880623 0.661602
vt 0.885126 0.655168
vt 0.439859 0.604387
vt 0.884156 0.662402
vt 0.857141 0.659777
vt 0.853714 0.652725
vt 0.439787 0.822782
vt 0.853557 0.660022
vt 0.880805 0.802994
vt 0.432258 0.822824
vt 0.882501 0.804088
vt 0.873313 0.562282
vt 0.876721 0.560500
vt 0.870463 0.562225
vt 0.439618 0.717466
vt 0.873164 0.559955
vt 0.876634 0.699856
vt 0.431761 0.717450
vt 0.877287 0.698144
vt 0.879815 0.562793
vt 0.882652 0.563184
vt 0.439633 0.709779
vt 0.880325 0.560518
vt 0.869804 0.699355
vt 0.431776 0.709763
vt 0.869430 0.697532
vt 0.882872 0.566181
vt 0.885324 0.571057
vt 0.439648 0.702232
vt 0.885273 0.565536
vt 0.863839 0.705319
vt 0.431791 0.702216
vt 0.863220 0.701861
vt 0.881640 0.706628
vt 0.431746 0.724980
vt 0.882758 0.703380
vt 0.869776 0.565151
vt 0.866598 0.569585
vt 0.439603 0.724995
vt 0.867512 0.564139
vt 0.857073 0.644558
vt 0.439576 0.738571
vt 0.864393 0.577081
vt 0.883025 0.716182
vt 0.432336 0.806990
vt 0.885645 0.787477
vt 0.850955 0.784432
vt 0.883490 0.579245
vt 0.439824 0.620221
vt 0.886963 0.647205
vt 0.855185 0.779947
vt 0.882017 0.796275
vt 0.879377 0.782416
vt 0.867584 0.776569
vt 0.878438 0.747455
vt 0.869576 0.752116
vt 0.871680 0.570230
vt 0.862057 0.653503
vt 0.880181 0.570898
vt 0.876691 0.654640
vt 0.870023 0.645579
vt 0.876353 0.565170
vt 0.868751 0.661845
vt 0.864522 0.600231
vt 0.439452 0.786113
vt 0.857372 0.624158
vt 0.880646 0.764564
vt 0.432311 0.665779
vt 0.857082 0.737413
vt 0.858566 0.737496
vt 0.882600 0.625976
vt 0.861263 0.746420
vt 0.873528 0.600967
vt 0.867042 0.612875
vt 0.878082 0.613739
vt 0.863405 0.755196
vt 0.875069 0.755993
vt 0.884321 0.614228
vt 0.864317 0.790652
vt 0.862844 0.786268
vt 0.861306 0.780793
vt 0.883047 0.646579
vt 0.432295 0.620205
vt 0.848665 0.784723
vt 0.870437 0.786747
vt 0.872883 0.781694
vt 0.883337 0.787607
vt 0.868349 0.790880
vt 0.439698 0.806948
vt 0.853133 0.644573
vt 0.871006 0.793877
vt 0.875402 0.792438
vt 0.880097 0.790541
vt 0.854515 0.806337
vt 0.871628 0.625117
vt 0.878990 0.802096
vt 0.868710 0.763579
vt 0.876357 0.807546
vt 0.870753 0.797892
vt 0.874853 0.799983
vt 0.864972 0.811194
vt 0.867771 0.800562
vt 0.869202 0.804943
vt 0.870588 0.809315
vt 0.856613 0.762810
vt 0.863773 0.797646
vt 0.863760 0.800350
vt 0.861681 0.804469
vt 0.859614 0.808517
vt 0.861048 0.797351
vt 0.856607 0.798792
vt 0.855958 0.634904
vt 0.875217 0.772676
vt 0.864010 0.793342
vt 0.860840 0.771576
vt 0.866217 0.792580
vt 0.877705 0.636490
vt 0.868314 0.793580
vt 0.863872 0.635412
vt 0.869069 0.795775
vt 0.868064 0.797867
vt 0.865876 0.798643
vt 0.885633 0.637217
vt 0.862988 0.795446
vt 0.861279 0.793322
vt 0.857083 0.791241
vt 0.860676 0.624264
vt 0.870798 0.716758
vt 0.869855 0.702588
vt 0.876098 0.702925
vt 0.873156 0.716868
vt 0.874697 0.721392
vt 0.880707 0.714640
vt 0.879779 0.737023
vt 0.874155 0.729874
vt 0.872005 0.734281
vt 0.873616 0.748778
vt 0.869766 0.729705
vt 0.869563 0.734179
vt 0.866069 0.748397
vt 0.868001 0.729603
vt 0.861441 0.736073
vt 0.870374 0.721175
vt 0.871736 0.720233
vt 0.872956 0.721294
vt 0.873267 0.725569
vt 0.872389 0.729817
vt 0.871011 0.730775
vt 0.869466 0.725400
vt 0.868627 0.721113
vt 0.863592 0.713714
vt 0.439407 0.761394
vt 0.861731 0.599799
vt 0.882224 0.739077
vt 0.882542 0.601645
vt 0.867120 0.577959
vt 0.431719 0.738555
vt 0.884696 0.716561
vt 0.861054 0.714627
vt 0.439681 0.688656
vt 0.886330 0.578805
vt 0.875289 0.578635
vt 0.879306 0.589434
vt 0.869639 0.588675
vt 0.882168 0.726012
vt 0.860513 0.724688
vt 0.866413 0.703766
vt 0.873174 0.700128
vt 0.879335 0.704594
vt 0.432041 0.688610
vt 0.859390 0.714731
vt 0.431895 0.761386
vt 0.883804 0.739245
vt 0.432307 0.641062
vt 0.853219 0.762637
vt 0.439712 0.665825
vt 0.885201 0.601653
vt 0.860692 0.612370
vt 0.439761 0.641078
vt 0.885720 0.626384
vt 0.432272 0.786133
vt 0.884141 0.764913
vt 0.852413 0.800801
vt 0.852921 0.787636
vt 0.863983 0.588022
vt 0.884994 0.589674
vt 0.866026 0.717524
vt 0.864803 0.732928
vt 0.867965 0.741314
vt 0.872682 0.741515
vt 0.876893 0.733483
vt 0.877775 0.718086
vt 0.874664 0.709810
vt 0.870289 0.709603
vt 0.864955 0.812781
vt 0.877545 0.808848
vt 0.853257 0.806853
vt 0.849142 0.793571
vt 0.883859 0.796181
vt 0.879945 0.701068
vt 0.873346 0.698013
vt 0.866348 0.700016
vt 0.861813 0.707485
vt 0.883321 0.709116
vt 0.856975 0.750380
vt 0.857012 0.750437
vt 0.882607 0.752097
vt 0.884134 0.776710
vt 0.851579 0.774271
vt 0.858661 0.725513
vt 0.883854 0.727269
vt 0.875513 0.661914
vt 0.874299 0.669451
vt 0.858505 0.810849
vt 0.883062 0.661819
vt 0.850267 0.801000
vt 0.854721 0.659616
vt 0.885821 0.646868
vt 0.881533 0.803415
vt 0.879963 0.561378
vt 0.884552 0.787201
vt 0.884390 0.566102
vt 0.869681 0.698429
vt 0.868294 0.564836
vt 0.863803 0.702877
vt 0.882033 0.704283
vt 0.865252 0.577637
vt 0.884905 0.626184
vt 0.860109 0.715192
vt 0.881891 0.789070
vt 0.880114 0.802650
vt 0.871034 0.810489
vt 0.859139 0.809599
vt 0.885391 0.579220
vt 0.880042 0.565673
vt 0.877397 0.646142
vt 0.862678 0.644997
vt 0.872638 0.565090
vt 0.862091 0.660871
vt 0.868446 0.600564
vt 0.878621 0.601361
vt 0.858310 0.624102
vt 0.883888 0.716917
vt 0.862118 0.668505
vt 0.862528 0.600002
vt 0.860792 0.777149
vt 0.864874 0.792271
vt 0.865429 0.624635
vt 0.854308 0.644417
vt 0.867588 0.792422
vt 0.883184 0.764740
vt 0.875386 0.764133
vt 0.869382 0.794435
vt 0.869222 0.797138
vt 0.867213 0.798943
vt 0.854201 0.762630
vt 0.877842 0.625603
vt 0.864511 0.798805
vt 0.862685 0.796791
vt 0.852371 0.784052
vt 0.874197 0.778242
vt 0.862834 0.794074
vt 0.861971 0.763159
vt 0.852114 0.802790
vt 0.870984 0.719542
vt 0.872579 0.719617
vt 0.873584 0.722711
vt 0.873206 0.728450
vt 0.871782 0.731468
vt 0.870152 0.731400
vt 0.869134 0.728273
vt 0.869548 0.722527
vt 0.873389 0.560861
vt 0.879898 0.578997
vt 0.870690 0.578274
vt 0.884485 0.601731
vt 0.849731 0.784532
vt 0.857721 0.737598
vt 0.862867 0.711668
vt 0.859947 0.736867
vt 0.864882 0.750957
vt 0.874347 0.751527
vt 0.881059 0.738136
vt 0.881685 0.712888
vt 0.876441 0.701029
vt 0.869805 0.700605
vt 0.883162 0.739342
vt 0.876899 0.698988
vt 0.871655 0.811966
f 1027/1027 3164/3164 3751/3751
f 1027/1027 3751/3751 3471/3471
f 3164/3164 922/922 3095/3095
f 3164/3164 3095/3095 3751/3751
f 3751/3751 3095/3095 1023/1023
f 3751/3751 1023/1023 3144/3144
f 3471/3471 3751/3751 3144/3144
f 3471/3471 3144/3144 912/912
f 1084/1084 1393/1393 3752/3752
f 1084/1084 3752/3752 3191/3191
f 1393/1393 333/333 1394/1394
f 1393/1393 1394/1394 3752/3752
f 3752/3752 1394/1394 231/231
f 3752/3752 231/231 2006/2006
f 3191/3191 3752/3752 2006/2006
f 3191/3191 2006/2006 1085/1085
f 53/53 3629/3629 3753/3753
f 53/53 3753/3753 2091/2091
f 3629/3629 1050/1050 3155/3155
f 3629/3629 3155/3155 3753/3753
f 3753/3753 3155/3155 1025/1025
f 3753/3753 1025/1025 3706/3706
f 2091/2091 3753/3753 3706/3706
f 2091/2091 3706/3706 14/14
f 1142/1142 3641/3641 3754/3754
f 1142/1142 3754/3754 1542/1542
f 3641/3641 122/122 1534/1534
f 3641/3641 1534/1534 3754/3754
f 3754/3754 1534/1534 119/119
f 3754/3754 119/119 3711/3711
f 1542/1542 3754/3754 3711/3711
f 1542/1542 3711/3711 1138/1138
f 183/183 1399/1399 3755/3755
f 183/183 3755/3755 1401/1401
f 13/13 1400/1400 3755/3755
f 13/13 3755/3755 1399/1399
f 356/356 1401/1401 3755/3755
f 356/356 3755/3755 1400/1400
f 147/147 1402/1402 3756/3756
f 147/147 3756/3756 1406/1406
f 1402/1402 178/178 1403/1403
f 1402/1402 1403/1403 3756/3756
f 3756/3756 1403/1403 145/145
f 3756/3756 145/145 1404/1404
f 1406/1406 3756/3756 1404/1404
f 1406/1406 1404/1404 194/194
f 1010/1010 3099/3099 3757/3757
f 1010/1010 3757/3757 3145/3145
f 3099/3099 1011/1011 3246/3246
f 3099/3099 3246/3246 3757/3757
f 3757/3757 3246/3246 1189/1189
f 3757/3757 1189/1189 3306/3306
f 3145/3145 3757/3757 3306/3306
f 3145/3145 3306/3306 1183/1183
f 352/352 1410/1410 3758/3758
f 352/352 3758/3758 1413/1413
f 1410/1410 174/174 1411/1411
f 1410/1410 1411/1411 3758/3758
f 3758/3758 1411/1411 172/172
f 3758/3758 172/172 1412/1412
f 1413/1413 3758/3758 1412/1412
f 1413/1413 1412/1412 349/349
f 159/159 1414/1414 3759/3759
f 159/159 3759/3759 1418/1418
f 1414/1414 193/193 1415/1415
f 1414/1414 1415/1415 3759/3759
f 3759/3759 1415/1415 71/71
f 3759/3759 71/71 1417/1417
f 1418/1418 3759/3759 1417/1417
f 1418/1418 1417/1417 77/77
f 1292/1292 3390/3390 3760/3760
f 1292/1292 3760/3760 3190/3190
f 1258/1258 3228/3228 3760/3760
f 1258/1258 3760/3760 3390/3390
f 1295/1295 3190/3190 3760/3760
f 1295/1295 3760/3760 3228/3228
f 368/368 3676/3676 3761/3761
f 368/368 3761/3761 2059/2059
f 3676/3676 1235/1235 3008/3008
f 3676/3676 3008/3008 3761/3761
f 3761/3761 3008/3008 1236/1236
f 3761/3761 1236/1236 3670/3670
f 2059/2059 3761/3761 3670/3670
f 2059/2059 3670/3670 115/115
f 1028/1028 3093/3093 3762/3762
f 1028/1028 3762/3762 3450/3450
f 3093/3093 989/989 3037/3037
f 3093/3093 3037/3037 3762/3762
f 3762/3762 3037/3037 1035/1035
f 3762/3762 1035/1035 3461/3461
f 3450/3450 3762/3762 3461/3461
f 3450/3450 3461/3461 953/953
f 188/188 1427/1427 3763/3763
f 188/188 3763/3763 1431/1431
f 1427/1427 59/59 1428/1428
f 1427/1427 1428/1428 3763/3763
f 3763/3763 1428/1428 61/61
f 3763/3763 61/61 1430/1430
f 1431/1431 3763/3763 1430/1430
f 1431/1431 1430/1430 140/140
f 958/958 1432/1432 3764/3764
f 958/958 3764/3764 1435/1435
f 1432/1432 959/959 1433/1433
f 1432/1432 1433/1433 3764/3764
f 3764/3764 1433/1433 950/950
f 3764/3764 950/950 1434/1434
f 1435/1435 3764/3764 1434/1434
f 1435/1435 1434/1434 947/947
f 4/4 1436/1436 3765/3765
f 4/4 3765/3765 1439/1439
f 1436/1436 113/113 1437/1437
f 1436/1436 1437/1437 3765/3765
f 3765/3765 1437/1437 9/9
f 3765/3765 9/9 1438/1438
f 1439/1439 3765/3765 1438/1438
f 1439/1439 1438/1438 40/40
f 1294/1294 3555/3555 3766/3766
f 1294/1294 3766/3766 3540/3540
f 3555/3555 1293/1293 1441/1441
f 3555/3555 1441/1441 3766/3766
f 3766/3766 1441/1441 209/209
f 3766/3766 209/209 1443/1443
f 3540/3540 3766/3766 1443/1443
f 3540/3540 1443/1443 211/211
f 156/156 1446/1446 3767/3767
f 156/156 3767/3767 1449/1449
f 1446/1446 38/38 1447/1447
f 1446/1446 1447/1447 3767/3767
f 3767/3767 1447/1447 59/59
f 3767/3767 59/59 1427/1427
f 1449/1449 3767/3767 1427/1427
f 1449/1449 1427/1427 188/188
f 1270/1270 1808/1808 3768/3768
f 1270/1270 3768/3768 3364/3364
f 1808/1808 1273/1273 3025/3025
f 1808/1808 3025/3025 3768/3768
f 3768/3768 3025/3025 1274/1274
f 3768/3768 1274/1274 1968/1968
f 3364/3364 3768/3768 1968/1968
f 3364/3364 1968/1968 1272/1272
f 192/192 1453/1453 3769/3769
f 192/192 3769/3769 1455/1455
f 1453/1453 156/156 1449/1449
f 1453/1453 1449/1449 3769/3769
f 3769/3769 1449/1449 188/188
f 3769/3769 188/188 1454/1454
f 1455/1455 3769/3769 1454/1454
f 1455/1455 1454/1454 139/139
f 1282/1282 2097/2097 3770/3770
f 1282/1282 3770/3770 3474/3474
f 2097/2097 1183/1183 3107/3107
f 2097/2097 3107/3107 3770/3770
f 3770/3770 3107/3107 1013/1013
f 3770/3770 1013/1013 3468/3468
f 3474/3474 3770/3770 3468/3468
f 3474/3474 3468/3468 1280/1280
f 924/924 1459/1459 3771/3771
f 924/924 3771/3771 1462/1462
f 1459/1459 929/929 1460/1460
f 1459/1459 1460/1460 3771/3771
f 3771/3771 1460/1460 305/305
f 3771/3771 305/305 1461/1461
f 1462/1462 3771/3771 1461/1461
f 1462/1462 1461/1461 44/44
f 88/88 1464/1464 3772/3772
f 88/88 3772/3772 1466/1466
f 1464/1464 207/207 1465/1465
f 1464/1464 1465/1465 3772/3772
f 3772/3772 1465/1465 140/140
f 3772/3772 140/140 1430/1430
f 1466/1466 3772/3772 1430/1430
f 1466/1466 1430/1430 61/61
f 1027/1027 3471/3471 3773/3773
f 1027/1027 3773/3773 3106/3106
f 3471/3471 912/912 3466/3466
f 3471/3471 3466/3466 3773/3773
f 3773/3773 3466/3466 1026/1026
f 3773/3773 1026/1026 3103/3103
f 3106/3106 3773/3773 3103/3103
f 3106/3106 3103/3103 925/925
f 1201/1201 2101/2101 3774/3774
f 1201/1201 3774/3774 3439/3439
f 2101/2101 1206/1206 3166/3166
f 2101/2101 3166/3166 3774/3774
f 3774/3774 3166/3166 1016/1016
f 3774/3774 1016/1016 3096/3096
f 3439/3439 3774/3774 3096/3096
f 3439/3439 3096/3096 1014/1014
f 1338/1338 3131/3131 3775/3775
f 1338/1338 3775/3775 3548/3548
f 3131/3131 1350/1350 1567/1567
f 3131/3131 1567/1567 3775/3775
f 3775/3775 1567/1567 1352/1352
f 3775/3775 1352/1352 3554/3554
f 3548/3548 3775/3775 3554/3554
f 3548/3548 3554/3554 1359/1359
f 1217/1217 2055/2055 3776/3776
f 1217/1217 3776/3776 3290/3290
f 2055/2055 1377/1377 3593/3593
f 2055/2055 3593/3593 3776/3776
f 3776/3776 3593/3593 1056/1056
f 3776/3776 1056/1056 2885/2885
f 3290/3290 3776/3776 2885/2885
f 3290/3290 2885/2885 1236/1236
f 152/152 1474/1474 3777/3777
f 152/152 3777/3777 1477/1477
f 1474/1474 199/199 1475/1475
f 1474/1474 1475/1475 3777/3777
f 3777/3777 1475/1475 30/30
f 3777/3777 30/30 1419/1419
f 1477/1477 3777/3777 1419/1419
f 1477/1477 1419/1419 84/84
f 187/187 1478/1478 3778/3778
f 187/187 3778/3778 1481/1481
f 1478/1478 185/185 1479/1479
f 1478/1478 1479/1479 3778/3778
f 3778/3778 1479/1479 132/132
f 3778/3778 132/132 1480/1480
f 1481/1481 3778/3778 1480/1480
f 1481/1481 1480/1480 213/213
f 222/222 1482/1482 3779/3779
f 222/222 3779/3779 1487/1487
f 1482/1482 214/214 1483/1483
f 1482/1482 1483/1483 3779/3779
f 3779/3779 1483/1483 11/11
f 3779/3779 11/11 1485/1485
f 1487/1487 3779/3779 1485/1485
f 1487/1487 1485/1485 49/49
f 73/73 1468/1468 3780/3780
f 73/73 3780/3780 1491/1491
f 1468/1468 78/78 1488/1488
f 1468/1468 1488/1488 3780/3780
f 3780/3780 1488/1488 189/189
f 3780/3780 189/189 1490/1490
f 1491/1491 3780/3780 1490/1490
f 1491/1491 1490/1490 213/213
f 41/41 1492/1492 3781/3781
f 41/41 3781/3781 3666/3666
f 1492/1492 93/93 3626/3626
f 1492/1492 3626/3626 3781/3781
f 3781/3781 3626/3626 1175/1175
f 3781/3781 1175/1175 3285/3285
f 3666/3666 3781/3781 3285/3285
f 3666/3666 3285/3285 1171/1171
f 213/213 1480/1480 3782/3782
f 213/213 3782/3782 1491/1491
f 1480/1480 132/132 1494/1494
f 1480/1480 1494/1494 3782/3782
f 3782/3782 1494/1494 15/15
f 3782/3782 15/15 1495/1495
f 1491/1491 3782/3782 1495/1495
f 1491/1491 1495/1495 73/73
f 139/139 1454/1454 3783/3783
f 139/139 3783/3783 1497/1497
f 1454/1454 188/188 1431/1431
f 1454/1454 1431/1431 3783/3783
f 3783/3783 1431/1431 140/140
f 3783/3783 140/140 1496/1496
f 1497/1497 3783/3783 1496/1496
f 1497/1497 1496/1496 136/136
f 1323/1323 3321/3321 3784/3784
f 1323/1323 3784/3784 3397/3397
f 3321/3321 1071/1071 3335/3335
f 3321/3321 3335/3335 3784/3784
f 3784/3784 3335/3335 1067/1067
f 3784/3784 1067/1067 3495/3495
f 3397/3397 3784/3784 3495/3495
f 3397/3397 3495/3495 1320/1320
f 200/200 1500/1500 3785/3785
f 200/200 3785/3785 1503/1503
f 1500/1500 198/198 1501/1501
f 1500/1500 1501/1501 3785/3785
f 3785/3785 1501/1501 201/201
f 3785/3785 201/201 1502/1502
f 1503/1503 3785/3785 1502/1502
f 1503/1503 1502/1502 202/202
f 934/934 3480/3480 3786/3786
f 934/934 3786/3786 1733/1733
f 3480/3480 966/966 1827/1827
f 3480/3480 1827/1827 3786/3786
f 3786/3786 1827/1827 965/965
f 3786/3786 965/965 1498/1498
f 1733/1733 3786/3786 1498/1498
f 1733/1733 1498/1498 931/931
f 225/225 1505/1505 3787/3787
f 225/225 3787/3787 1508/1508
f 1505/1505 328/328 1506/1506
f 1505/1505 1506/1506 3787/3787
f 3787/3787 1506/1506 324/324
f 3787/3787 324/324 1507/1507
f 1508/1508 3787/3787 1507/1507
f 1508/1508 1507/1507 229/229
f 940/940 1509/1509 3788/3788
f 940/940 3788/3788 1512/1512
f 1509/1509 957/957 1510/1510
f 1509/1509 1510/1510 3788/3788
f 3788/3788 1510/1510 354/354
f 3788/3788 354/354 1511/1511
f 1512/1512 3788/3788 1511/1511
f 1512/1512 1511/1511 941/941
f 131/131 1513/1513 3789/3789
f 131/131 3789/3789 1517/1517
f 1513/1513 176/176 1515/1515
f 1513/1513 1515/1515 3789/3789
f 3789/3789 1515/1515 127/127
f 3789/3789 127/127 1516/1516
f 1517/1517 3789/3789 1516/1516
f 1517/1517 1516/1516 4/4
f 900/900 2986/2986 3790/3790
f 900/900 3790/3790 1581/1581
f 2986/2986 902/902 2987/2987
f 2986/2986 2987/2987 3790/3790
f 3790/3790 2987/2987 963/963
f 3790/3790 963/963 2043/2043
f 1581/1581 3790/3790 2043/2043
f 1581/1581 2043/2043 967/967
f 1205/1205 1594/1594 3791/3791
f 1205/1205 3791/3791 3165/3165
f 1594/1594 1203/1203 3163/3163
f 1594/1594 3163/3163 3791/3791
f 3791/3791 3163/3163 1072/1072
f 3791/3791 1072/1072 3465/3465
f 3165/3165 3791/3791 3465/3465
f 3165/3165 3465/3465 1015/1015
f 917/917 3231/3231 3792/3792
f 917/917 3792/3792 3238/3238
f 3231/3231 920/920 3237/3237
f 3231/3231 3237/3237 3792/3792
f 3792/3792 3237/3237 1186/1186
f 3792/3792 1186/1186 1604/1604
f 3238/3238 3792/3792 1604/1604
f 3238/3238 1604/1604 1182/1182
f 141/141 1522/1522 3793/3793
f 141/141 3793/3793 1525/1525
f 1522/1522 152/152 1523/1523
f 1522/1522 1523/1523 3793/3793
f 3793/3793 1523/1523 205/205
f 3793/3793 205/205 1524/1524
f 1525/1525 3793/3793 1524/1524
f 1525/1525 1524/1524 196/196
f 279/279 1531/1531 3794/3794
f 279/279 3794/3794 1537/1537
f 1531/1531 277/277 1533/1533
f 1531/1531 1533/1533 3794/3794
f 3794/3794 1533/1533 120/120
f 3794/3794 120/120 1535/1535
f 1537/1537 3794/3794 1535/1535
f 1537/1537 1535/1535 123/123
f 79/79 1538/1538 3795/3795
f 79/79 3795/3795 1489/1489
f 1538/1538 69/69 1539/1539
f 1538/1538 1539/1539 3795/3795
f 3795/3795 1539/1539 150/150
f 3795/3795 150/150 1540/1540
f 1489/1489 3795/3795 1540/1540
f 1489/1489 1540/1540 190/190
f 945/945 2955/2955 3796/3796
f 945/945 3796/3796 3149/3149
f 2955/2955 992/992 3026/3026
f 2955/2955 3026/3026 3796/3796
f 3796/3796 3026/3026 1057/1057
f 3796/3796 1057/1057 1660/1660
f 3149/3149 3796/3796 1660/1660
f 3149/3149 1660/1660 1033/1033
f 160/160 1543/1543 3797/3797
f 160/160 3797/3797 1547/1547
f 1543/1543 215/215 1544/1544
f 1543/1543 1544/1544 3797/3797
f 3797/3797 1544/1544 65/65
f 3797/3797 65/65 1546/1546
f 1547/1547 3797/3797 1546/1546
f 1547/1547 1546/1546 76/76
f 243/243 1548/1548 3798/3798
f 243/243 3798/3798 1551/1551
f 1548/1548 319/319 1549/1549
f 1548/1548 1549/1549 3798/3798
f 3798/3798 1549/1549 312/312
f 3798/3798 312/312 1550/1550
f 1551/1551 3798/3798 1550/1550
f 1551/1551 1550/1550 165/165
f 1266/1266 3084/3084 3799/3799
f 1266/1266 3799/3799 1800/1800
f 3084/3084 1312/1312 3275/3275
f 3084/3084 3275/3275 3799/3799
f 3799/3799 3275/3275 1305/1305
f 3799/3799 1305/1305 3369/3369
f 1800/1800 3799/3799 3369/3369
f 1800/1800 3369/3369 1268/1268
f 1109/1109 3221/3221 3800/3800
f 1109/1109 3800/3800 3211/3211
f 3221/3221 1112/1112 3202/3202
f 3221/3221 3202/3202 3800/3800
f 3800/3800 3202/3202 1106/1106
f 3800/3800 1106/1106 3209/3209
f 3211/3211 3800/3800 3209/3209
f 3211/3211 3209/3209 1102/1102
f 1356/1356 3396/3396 3801/3801
f 1356/1356 3801/3801 3431/3431
f 3396/3396 1328/1328 3398/3398
f 3396/3396 3398/3398 3801/3801
f 3801/3801 3398/3398 1323/1323
f 3801/3801 1323/1323 3423/3423
f 3431/3431 3801/3801 3423/3423
f 3431/3431 3423/3423 1354/1354
f 1287/1287 3385/3385 3802/3802
f 1287/1287 3802/3802 3241/3241
f 3385/3385 1201/1201 3439/3439
f 3385/3385 3439/3439 3802/3802
f 3802/3802 3439/3439 1014/1014
f 3802/3802 1014/1014 1892/1892
f 3241/3241 3802/3802 1892/1892
f 3241/3241 1892/1892 1285/1285
f 132/132 1557/1557 3803/3803
f 132/132 3803/3803 1494/1494
f 1557/1557 181/181 1558/1558
f 1557/1557 1558/1558 3803/3803
f 3803/3803 1558/1558 25/25
f 3803/3803 25/25 1556/1556
f 1494/1494 3803/3803 1556/1556
f 1494/1494 1556/1556 15/15
f 312/312 1559/1559 3804/3804
f 312/312 3804/3804 1562/1562
f 1559/1559 96/96 1560/1560
f 1559/1559 1560/1560 3804/3804
f 3804/3804 1560/1560 43/43
f 3804/3804 43/43 1561/1561
f 1562/1562 3804/3804 1561/1561
f 1562/1562 1561/1561 315/315
f 185/185 1563/1563 3805/3805
f 185/185 3805/3805 1479/1479
f 1563/1563 124/124 1564/1564
f 1563/1563 1564/1564 3805/3805
f 3805/3805 1564/1564 181/181
f 3805/3805 181/181 1557/1557
f 1479/1479 3805/3805 1557/1557
f 1479/1479 1557/1557 132/132
f 1194/1194 3699/3699 3806/3806
f 1194/1194 3806/3806 3283/3283
f 3699/3699 300/300 2118/2118
f 3699/3699 2118/2118 3806/3806
f 3806/3806 2118/2118 377/377
f 3806/3806 377/377 3697/3697
f 3283/3283 3806/3806 3697/3697
f 3283/3283 3697/3697 1228/1228
f 1352/1352 3399/3399 3807/3807
f 1352/1352 3807/3807 3429/3429
f 3399/3399 1324/1324 3401/3401
f 3399/3399 3401/3401 3807/3807
f 3807/3807 3401/3401 1331/1331
f 3807/3807 1331/1331 1743/1743
f 3429/3429 3807/3807 1743/1743
f 3429/3429 1743/1743 1351/1351
f 1358/1358 3432/3432 3808/3808
f 1358/1358 3808/3808 3547/3547
f 3432/3432 1351/1351 3434/3434
f 3432/3432 3434/3434 3808/3808
f 3808/3808 3434/3434 1355/1355
f 3808/3808 1355/1355 3419/3419
f 3547/3547 3808/3808 3419/3419
f 3547/3547 3419/3419 1361/1361
f 373/373 1569/1569 3809/3809
f 373/373 3809/3809 1571/1571
f 1569/1569 231/231 1394/1394
f 1569/1569 1394/1394 3809/3809
f 3809/3809 1394/1394 333/333
f 3809/3809 333/333 1570/1570
f 1571/1571 3809/3809 1570/1570
f 1571/1571 1570/1570 384/384
f 1260/1260 1424/1424 3810/3810
f 1260/1260 3810/3810 3292/3292
f 1424/1424 1262/1262 3015/3015
f 1424/1424 3015/3015 3810/3810
f 3810/3810 3015/3015 1206/1206
f 3810/3810 1206/1206 2101/2101
f 3292/3292 3810/3810 2101/2101
f 3292/3292 2101/2101 1201/1201
f 904/904 3214/3214 3811/3811
f 904/904 3811/3811 1574/1574
f 3214/3214 1112/1112 3221/3221
f 3214/3214 3221/3221 3811/3811
f 3811/3811 3221/3221 1109/1109
f 3811/3811 1109/1109 1573/1573
f 1574/1574 3811/3811 1573/1573
f 1574/1574 1573/1573 911/911
f 1034/1034 1661/1661 3812/3812
f 1034/1034 3812/3812 3138/3138
f 1661/1661 1058/1058 3115/3115
f 1661/1661 3115/3115 3812/3812
f 3812/3812 3115/3115 966/966
f 3812/3812 966/966 3480/3480
f 3138/3138 3812/3812 3480/3480
f 3138/3138 3480/3480 934/934
f 194/194 1404/1404 3813/3813
f 194/194 3813/3813 1416/1416
f 1404/1404 145/145 1575/1575
f 1404/1404 1575/1575 3813/3813
f 3813/3813 1575/1575 67/67
f 3813/3813 67/67 1576/1576
f 1416/1416 3813/3813 1576/1576
f 1416/1416 1576/1576 72/72
f 988/988 3661/3661 3814/3814
f 988/988 3814/3814 1955/1955
f 3661/3661 70/70 1897/1897
f 3661/3661 1897/1897 3814/3814
f 3814/3814 1897/1897 27/27
f 3814/3814 27/27 3638/3638
f 1955/1955 3814/3814 3638/3638
f 1955/1955 3638/3638 1062/1062
f 284/284 1580/1580 3815/3815
f 284/284 3815/3815 1583/1583
f 1580/1580 900/900 1581/1581
f 1580/1580 1581/1581 3815/3815
f 3815/3815 1581/1581 967/967
f 3815/3815 967/967 3378/3378
f 1583/1583 3815/3815 3378/3378
f 1583/1583 3378/3378 1211/1211
f 1294/1294 3540/3540 3816/3816
f 1294/1294 3816/3816 3553/3553
f 3540/3540 211/211 1584/1584
f 3540/3540 1584/1584 3816/3816
f 3816/3816 1584/1584 221/221
f 3816/3816 221/221 3543/3543
f 3553/3553 3816/3816 3543/3543
f 3553/3553 3543/3543 1297/1297
f 1052/1052 3132/3132 3817/3817
f 1052/1052 3817/3817 3459/3459
f 3132/3132 2/2 2116/2116
f 3132/3132 2116/2116 3817/3817
f 3817/3817 2116/2116 1025/1025
f 3817/3817 1025/1025 3155/3155
f 3459/3459 3817/3817 3155/3155
f 3459/3459 3155/3155 1050/1050
f 1363/1363 3440/3440 3818/3818
f 1363/1363 3818/3818 1398/1398
f 3440/3440 1153/1153 1637/1637
f 3440/3440 1637/1637 3818/3818
f 3818/3818 1637/1637 1089/1089
f 3818/3818 1089/1089 1960/1960
f 1398/1398 3818/3818 1960/1960
f 1398/1398 1960/1960 1086/1086
f 9/9 1437/1437 3819/3819
f 9/9 3819/3819 1577/1577
f 1437/1437 113/113 1591/1591
f 1437/1437 1591/1591 3819/3819
f 3819/3819 1591/1591 138/138
f 3819/3819 138/138 1593/1593
f 1577/1577 3819/3819 1593/1593
f 1577/1577 1593/1593 46/46
f 1148/1148 3004/3004 3820/3820
f 1148/1148 3820/3820 3348/3348
f 3004/3004 1151/1151 3121/3121
f 3004/3004 3121/3121 3820/3820
f 3820/3820 3121/3121 923/923
f 3820/3820 923/923 2988/2988
f 3348/3348 3820/3820 2988/2988
f 3348/3348 2988/2988 1059/1059
f 29/29 1597/1597 3821/3821
f 29/29 3821/3821 1601/1601
f 1597/1597 81/81 1598/1598
f 1597/1597 1598/1598 3821/3821
f 3821/3821 1598/1598 203/203
f 3821/3821 203/203 1600/1600
f 1601/1601 3821/3821 1600/1600
f 1601/1601 1600/1600 153/153
f 1029/1029 3470/3470 3822/3822
f 1029/1029 3822/3822 3249/3249
f 3470/3470 1027/1027 3106/3106
f 3470/3470 3106/3106 3822/3822
f 3822/3822 3106/3106 925/925
f 3822/3822 925/925 3150/3150
f 3249/3249 3822/3822 3150/3150
f 3249/3249 3150/3150 984/984
f 1263/1263 1980/1980 3823/3823
f 1263/1263 3823/3823 3482/3482
f 1980/1980 1275/1275 3499/3499
f 1980/1980 3499/3499 3823/3823
f 3823/3823 3499/3499 1151/1151
f 3823/3823 1151/1151 3004/3004
f 3482/3482 3823/3823 3004/3004
f 3482/3482 3004/3004 1148/1148
f 195/195 1605/1605 3824/3824
f 195/195 3824/3824 1608/1608
f 1605/1605 186/186 1606/1606
f 1605/1605 1606/1606 3824/3824
f 3824/3824 1606/1606 159/159
f 3824/3824 159/159 1607/1607
f 1608/1608 3824/3824 1607/1607
f 1608/1608 1607/1607 142/142
f 94/94 3018/3018 3825/3825
f 94/94 3825/3825 3636/3636
f 3018/3018 924/924 3614/3614
f 3018/3018 3614/3614 3825/3825
f 3825/3825 3614/3614 1281/1281
f 3825/3825 1281/1281 3352/3352
f 3636/3636 3825/3825 3352/3352
f 3636/3636 3352/3352 1173/1173
f 154/154 1612/1612 3826/3826
f 154/154 3826/3826 1616/1616
f 1612/1612 34/34 1613/1613
f 1612/1612 1613/1613 3826/3826
f 3826/3826 1613/1613 16/16
f 3826/3826 16/16 1615/1615
f 1616/1616 3826/3826 1615/1615
f 1616/1616 1615/1615 134/134
f 1081/1081 3576/3576 3827/3827
f 1081/1081 3827/3827 3193/3193
f 3576/3576 1325/1325 3599/3599
f 3576/3576 3599/3599 3827/3827
f 3827/3827 3599/3599 1326/1326
f 3827/3827 1326/1326 3577/3577
f 3193/3193 3827/3827 3577/3577
f 3193/3193 3577/3577 1098/1098
f 185/185 1619/1619 3828/3828
f 185/185 3828/3828 1563/1563
f 1619/1619 134/134 1620/1620
f 1619/1619 1620/1620 3828/3828
f 3828/3828 1620/1620 184/184
f 3828/3828 184/184 1440/1440
f 1563/1563 3828/3828 1440/1440
f 1563/1563 1440/1440 124/124
f 207/207 1622/1622 3829/3829
f 207/207 3829/3829 1465/1465
f 1622/1622 149/149 1623/1623
f 1622/1622 1623/1623 3829/3829
f 3829/3829 1623/1623 136/136
f 3829/3829 136/136 1496/1496
f 1465/1465 3829/3829 1496/1496
f 1465/1465 1496/1496 140/140
f 945/945 3149/3149 3830/3830
f 945/945 3830/3830 3488/3488
f 3149/3149 1033/1033 1789/1789
f 3149/3149 1789/1789 3830/3830
f 3830/3830 1789/1789 985/985
f 3830/3830 985/985 1993/1993
f 3488/3488 3830/3830 1993/1993
f 3488/3488 1993/1993 987/987
f 908/908 1894/1894 3831/3831
f 908/908 3831/3831 1640/1640
f 1894/1894 909/909 1895/1895
f 1894/1894 1895/1895 3831/3831
f 3831/3831 1895/1895 946/946
f 3831/3831 946/946 1639/1639
f 1640/1640 3831/3831 1639/1639
f 1640/1640 1639/1639 948/948
f 1297/1297 3543/3543 3832/3832
f 1297/1297 3832/3832 3552/3552
f 3543/3543 221/221 1486/1486
f 3543/3543 1486/1486 3832/3832
f 3832/3832 1486/1486 47/47
f 3832/3832 47/47 1541/1541
f 3552/3552 3832/3832 1541/1541
f 3552/3552 1541/1541 1296/1296
f 219/219 1627/1627 3833/3833
f 219/219 3833/3833 1630/1630
f 1627/1627 144/144 1628/1628
f 1627/1627 1628/1628 3833/3833
f 3833/3833 1628/1628 201/201
f 3833/3833 201/201 1501/1501
f 1630/1630 3833/3833 1501/1501
f 1630/1630 1501/1501 198/198
f 1160/1160 3229/3229 3834/3834
f 1160/1160 3834/3834 1611/1611
f 3229/3229 1158/1158 3269/3269
f 3229/3229 3269/3269 3834/3834
f 3834/3834 3269/3269 1162/1162
f 3834/3834 1162/1162 1389/1389
f 1611/1611 3834/3834 1389/1389
f 1611/1611 1389/1389 1163/1163
f 328/328 1632/1632 3835/3835
f 328/328 3835/3835 1506/1506
f 1632/1632 165/165 1633/1633
f 1632/1632 1633/1633 3835/3835
f 3835/3835 1633/1633 228/228
f 3835/3835 228/228 1634/1634
f 1506/1506 3835/3835 1634/1634
f 1506/1506 1634/1634 324/324
f 949/949 1942/1942 3836/3836
f 949/949 3836/3836 1965/1965
f 1942/1942 1043/1043 1408/1408
f 1942/1942 1408/1408 3836/3836
f 3836/3836 1408/1408 1020/1020
f 3836/3836 1020/1020 1984/1984
f 1965/1965 3836/3836 1984/1984
f 1965/1965 1984/1984 951/951
f 1345/1345 3623/3623 3837/3837
f 1345/1345 3837/3837 3410/3410
f 3623/3623 1096/1096 3180/3180
f 3623/3623 3180/3180 3837/3837
f 3837/3837 3180/3180 41/41
f 3837/3837 41/41 3666/3666
f 3410/3410 3837/3837 3666/3666
f 3410/3410 3666/3666 1171/1171
f 967/967 2043/2043 3838/3838
f 967/967 3838/3838 2005/2005
f 2043/2043 963/963 3168/3168
f 2043/2043 3168/3168 3838/3838
f 3838/3838 3168/3168 1079/1079
f 3838/3838 1079/1079 3170/3170
f 2005/2005 3838/3838 3170/3170
f 2005/2005 3170/3170 968/968
f 203/203 1641/1641 3839/3839
f 203/203 3839/3839 1600/1600
f 1641/1641 146/146 1643/1643
f 1641/1641 1643/1643 3839/3839
f 3839/3839 1643/1643 186/186
f 3839/3839 186/186 1644/1644
f 1600/1600 3839/3839 1644/1644
f 1600/1600 1644/1644 153/153
f 117/117 3053/3053 3840/3840
f 117/117 3840/3840 3709/3709
f 3053/3053 300/300 3699/3699
f 3053/3053 3699/3699 3840/3840
f 3840/3840 3699/3699 1194/1194
f 3840/3840 1194/1194 3413/3413
f 3709/3709 3840/3840 3413/3413
f 3709/3709 3413/3413 1136/1136
f 1091/1091 3189/3189 3841/3841
f 1091/1091 3841/3841 3178/3178
f 3189/3189 1090/1090 1646/1646
f 3189/3189 1646/1646 3841/3841
f 3841/3841 1646/1646 128/128
f 3841/3841 128/128 1647/1647
f 3178/3178 3841/3841 1647/1647
f 3178/3178 1647/1647 304/304
f 189/189 1649/1649 3842/3842
f 189/189 3842/3842 1490/1490
f 1649/1649 148/148 1651/1651
f 1649/1649 1651/1651 3842/3842
f 3842/3842 1651/1651 187/187
f 3842/3842 187/187 1481/1481
f 1490/1490 3842/3842 1481/1481
f 1490/1490 1481/1481 213/213
f 1137/1137 3710/3710 3843/3843
f 1137/1137 3843/3843 3151/3151
f 3710/3710 118/118 1916/1916
f 3710/3710 1916/1916 3843/3843
f 3843/3843 1916/1916 117/117
f 3843/3843 117/117 3709/3709
f 3151/3151 3843/3843 3709/3709
f 3151/3151 3709/3709 1136/1136
f 114/114 1653/1653 3844/3844
f 114/114 3844/3844 1656/1656
f 1653/1653 812/812 1654/1654
f 1653/1653 1654/1654 3844/3844
f 3844/3844 1654/1654 813/813
f 3844/3844 813/813 1655/1655
f 1656/1656 3844/3844 1655/1655
f 1656/1656 1655/1655 814/814
f 202/202 1502/1502 3845/3845
f 202/202 3845/3845 1659/1659
f 1502/1502 201/201 1657/1657
f 1502/1502 1657/1657 3845/3845
f 3845/3845 1657/1657 178/178
f 3845/3845 178/178 1658/1658
f 1659/1659 3845/3845 1658/1658
f 1659/1659 1658/1658 177/177
f 1241/1241 3375/3375 3846/3846
f 1241/1241 3846/3846 3299/3299
f 3375/3375 1246/1246 3255/3255
f 3375/3375 3255/3255 3846/3846
f 3846/3846 3255/3255 1245/1245
f 3846/3846 1245/1245 3376/3376
f 3299/3299 3846/3846 3376/3376
f 3299/3299 3376/3376 1240/1240
f 926/926 3457/3457 3847/3847
f 926/926 3847/3847 3683/3683
f 3457/3457 983/983 3658/3658
f 3457/3457 3658/3658 3847/3847
f 3847/3847 3658/3658 28/28
f 3847/3847 28/28 1913/1913
f 3683/3683 3847/3847 1913/1913
f 3683/3683 1913/1913 50/50
f 921/921 2954/2954 3848/3848
f 921/921 3848/3848 1976/1976
f 2954/2954 1/1 2962/2962
f 2954/2954 2962/2962 3848/3848
f 3848/3848 2962/2962 916/916
f 3848/3848 916/916 1665/1665
f 1976/1976 3848/3848 1665/1665
f 1976/1976 1665/1665 1018/1018
f 56/56 1668/1668 3849/3849
f 56/56 3849/3849 1670/1670
f 1668/1668 67/67 1575/1575
f 1668/1668 1575/1575 3849/3849
f 3849/3849 1575/1575 145/145
f 3849/3849 145/145 1669/1669
f 1670/1670 3849/3849 1669/1669
f 1670/1670 1669/1669 144/144
f 75/75 3655/3655 3850/3850
f 75/75 3850/3850 1793/1793
f 3655/3655 1061/1061 1981/1981
f 3655/3655 1981/1981 3850/3850
f 3850/3850 1981/1981 949/949
f 3850/3850 949/949 3609/3609
f 1793/1793 3850/3850 3609/3609
f 1793/1793 3609/3609 56/56
f 126/126 1672/1672 3851/3851
f 126/126 3851/3851 1674/1674
f 1672/1672 195/195 1608/1608
f 1672/1672 1608/1608 3851/3851
f 3851/3851 1608/1608 142/142
f 3851/3851 142/142 1673/1673
f 1674/1674 3851/3851 1673/1673
f 1674/1674 1673/1673 137/137
f 1194/1194 3281/3281 3852/3852
f 1194/1194 3852/3852 3413/3413
f 3281/3281 1311/1311 1830/1830
f 3281/3281 1830/1830 3852/3852
f 3852/3852 1830/1830 1131/1131
f 3852/3852 1131/1131 1959/1959
f 3413/3413 3852/3852 1959/1959
f 3413/3413 1959/1959 1136/1136
f 322/322 1396/1396 3853/3853
f 322/322 3853/3853 1682/1682
f 1396/1396 125/125 1679/1679
f 1396/1396 1679/1679 3853/3853
f 3853/3853 1679/1679 180/180
f 3853/3853 180/180 1681/1681
f 1682/1682 3853/3853 1681/1681
f 1682/1682 1681/1681 326/326
f 305/305 1683/1683 3854/3854
f 305/305 3854/3854 1687/1687
f 1683/1683 168/168 1684/1684
f 1683/1683 1684/1684 3854/3854
f 3854/3854 1684/1684 169/169
f 3854/3854 169/169 1685/1685
f 1687/1687 3854/3854 1685/1685
f 1687/1687 1685/1685 313/313
f 216/216 1688/1688 3855/3855
f 216/216 3855/3855 1545/1545
f 1688/1688 151/151 1689/1689
f 1688/1688 1689/1689 3855/3855
f 3855/3855 1689/1689 68/68
f 3855/3855 68/68 1690/1690
f 1545/1545 3855/3855 1690/1690
f 1545/1545 1690/1690 66/66
f 12/12 1691/1691 3856/3856
f 12/12 3856/3856 1694/1694
f 1691/1691 22/22 1693/1693
f 1691/1691 1693/1693 3856/3856
f 3856/3856 1693/1693 176/176
f 3856/3856 176/176 1513/1513
f 1694/1694 3856/3856 1513/1513
f 1694/1694 1513/1513 131/131
f 330/330 1696/1696 3857/3857
f 330/330 3857/3857 1698/1698
f 1696/1696 227/227 1697/1697
f 1696/1696 1697/1697 3857/3857
f 3857/3857 1697/1697 229/229
f 3857/3857 229/229 1507/1507
f 1698/1698 3857/3857 1507/1507
f 1698/1698 1507/1507 324/324
f 922/922 3695/3695 3858/3858
f 922/922 3858/3858 3095/3095
f 3695/3695 15/15 1556/1556
f 3695/3695 1556/1556 3858/3858
f 3858/3858 1556/1556 25/25
f 3858/3858 25/25 3611/3611
f 3095/3095 3858/3858 3611/3611
f 3095/3095 3611/3611 1023/1023
f 1036/1036 3645/3645 3859/3859
f 1036/1036 3859/3859 3327/3327
f 3645/3645 72/72 1576/1576
f 3645/3645 1576/1576 3859/3859
f 3859/3859 1576/1576 67/67
f 3859/3859 67/67 3627/3627
f 3327/3327 3859/3859 3627/3627
f 3327/3327 3627/3627 951/951
f 143/143 1704/1704 3860/3860
f 143/143 3860/3860 1707/1707
f 1704/1704 191/191 1705/1705
f 1704/1704 1705/1705 3860/3860
f 3860/3860 1705/1705 215/215
f 3860/3860 215/215 1543/1543
f 1707/1707 3860/3860 1543/1543
f 1707/1707 1543/1543 160/160
f 152/152 1522/1522 3861/3861
f 152/152 3861/3861 1474/1474
f 1522/1522 141/141 1708/1708
f 1522/1522 1708/1708 3861/3861
f 3861/3861 1708/1708 197/197
f 3861/3861 197/197 1499/1499
f 1474/1474 3861/3861 1499/1499
f 1474/1474 1499/1499 199/199
f 1218/1218 2084/2084 3862/3862
f 1218/1218 3862/3862 3288/3288
f 2084/2084 1224/1224 3109/3109
f 2084/2084 3109/3109 3862/3862
f 3862/3862 3109/3109 1180/1180
f 3862/3862 1180/1180 1565/1565
f 3288/3288 3862/3862 1565/1565
f 3288/3288 1565/1565 1075/1075
f 34/34 1612/1612 3863/3863
f 34/34 3863/3863 1472/1472
f 1612/1612 154/154 1710/1710
f 1612/1612 1710/1710 3863/3863
f 3863/3863 1710/1710 206/206
f 3863/3863 206/206 1463/1463
f 1472/1472 3863/3863 1463/1463
f 1472/1472 1463/1463 86/86
f 323/323 1711/1711 3864/3864
f 323/323 3864/3864 1713/1713
f 1711/1711 171/171 1712/1712
f 1711/1711 1712/1712 3864/3864
f 3864/3864 1712/1712 226/226
f 3864/3864 226/226 1695/1695
f 1713/1713 3864/3864 1695/1695
f 1713/1713 1695/1695 329/329
f 929/929 1714/1714 3865/3865
f 929/929 3865/3865 1460/1460
f 1714/1714 927/927 1715/1715
f 1714/1714 1715/1715 3865/3865
f 3865/3865 1715/1715 168/168
f 3865/3865 168/168 1683/1683
f 1460/1460 3865/3865 1683/1683
f 1460/1460 1683/1683 305/305
f 388/388 1716/1716 3866/3866
f 388/388 3866/3866 1720/1720
f 1716/1716 375/375 1718/1718
f 1716/1716 1718/1718 3866/3866
f 3866/3866 1718/1718 234/234
f 3866/3866 234/234 1719/1719
f 1720/1720 3866/3866 1719/1719
f 1720/1720 1719/1719 343/343
f 134/134 1615/1615 3867/3867
f 134/134 3867/3867 1620/1620
f 1615/1615 16/16 1721/1721
f 1615/1615 1721/1721 3867/3867
f 3867/3867 1721/1721 18/18
f 3867/3867 18/18 1723/1723
f 1620/1620 3867/3867 1723/1723
f 1620/1620 1723/1723 184/184
f 57/57 1724/1724 3868/3868
f 57/57 3868/3868 1727/1727
f 1724/1724 202/202 1659/1659
f 1724/1724 1659/1659 3868/3868
f 3868/3868 1659/1659 177/177
f 3868/3868 177/177 1725/1725
f 1727/1727 3868/3868 1725/1725
f 1727/1727 1725/1725 64/64
f 196/196 1728/1728 3869/3869
f 196/196 3869/3869 1730/1730
f 1728/1728 143/143 1707/1707
f 1728/1728 1707/1707 3869/3869
f 3869/3869 1707/1707 160/160
f 3869/3869 160/160 1729/1729
f 1730/1730 3869/3869 1729/1729
f 1730/1730 1729/1729 220/220
f 1354/1354 3430/3430 3870/3870
f 1354/1354 3870/3870 3541/3541
f 3430/3430 1353/1353 3427/3427
f 3430/3430 3427/3427 3870/3870
f 3870/3870 3427/3427 1357/1357
f 3870/3870 1357/1357 3550/3550
f 3541/3541 3870/3870 3550/3550
f 3541/3541 3550/3550 1360/1360
f 1077/1077 2968/2968 3871/3871
f 1077/1077 3871/3871 1422/1422
f 2968/2968 1003/1003 3118/3118
f 2968/2968 3118/3118 3871/3871
f 3871/3871 3118/3118 1176/1176
f 3871/3871 1176/1176 3503/3503
f 1422/1422 3871/3871 3503/3503
f 1422/1422 3503/3503 1181/1181
f 186/186 1643/1643 3872/3872
f 186/186 3872/3872 1606/1606
f 1643/1643 146/146 1405/1405
f 1643/1643 1405/1405 3872/3872
f 3872/3872 1405/1405 193/193
f 3872/3872 193/193 1414/1414
f 1606/1606 3872/3872 1414/1414
f 1606/1606 1414/1414 159/159
f 357/357 1734/1734 3873/3873
f 357/357 3873/3873 1738/1738
f 1734/1734 173/173 1736/1736
f 1734/1734 1736/1736 3873/3873
f 3873/3873 1736/1736 230/230
f 3873/3873 230/230 1737/1737
f 1738/1738 3873/3873 1737/1737
f 1738/1738 1737/1737 355/355
f 1306/1306 3603/3603 3874/3874
f 1306/1306 3874/3874 3560/3560
f 3603/3603 1325/1325 3576/3576
f 3603/3603 3576/3576 3874/3874
f 3874/3874 3576/3576 1081/1081
f 3874/3874 1081/1081 1744/1744
f 3560/3560 3874/3874 1744/1744
f 3560/3560 1744/1744 901/901
f 223/223 1741/1741 3875/3875
f 223/223 3875/3875 1748/1748
f 1741/1741 309/309 1407/1407
f 1741/1741 1407/1407 3875/3875
f 3875/3875 1407/1407 299/299
f 3875/3875 299/299 1747/1747
f 1748/1748 3875/3875 1747/1747
f 1748/1748 1747/1747 319/319
f 242/242 1753/1753 3876/3876
f 242/242 3876/3876 1755/1755
f 1753/1753 363/363 1529/1529
f 1753/1753 1529/1529 3876/3876
f 3876/3876 1529/1529 166/166
f 3876/3876 166/166 1754/1754
f 1755/1755 3876/3876 1754/1754
f 1755/1755 1754/1754 334/334
f 897/897 1756/1756 3877/3877
f 897/897 3877/3877 1759/1759
f 1756/1756 281/281 1757/1757
f 1756/1756 1757/1757 3877/3877
f 3877/3877 1757/1757 282/282
f 3877/3877 282/282 1758/1758
f 1759/1759 3877/3877 1758/1758
f 1759/1759 1758/1758 910/910
f 4/4 1439/1439 3878/3878
f 4/4 3878/3878 1517/1517
f 1439/1439 40/40 1761/1761
f 1439/1439 1761/1761 3878/3878
f 3878/3878 1761/1761 12/12
f 3878/3878 12/12 1694/1694
f 1517/1517 3878/3878 1694/1694
f 1517/1517 1694/1694 131/131
f 359/359 1762/1762 3879/3879
f 359/359 3879/3879 1765/1765
f 1762/1762 248/248 1763/1763
f 1762/1762 1763/1763 3879/3879
f 3879/3879 1763/1763 339/339
f 3879/3879 339/339 1764/1764
f 1765/1765 3879/3879 1764/1764
f 1765/1765 1764/1764 163/163
f 954/954 3462/3462 3880/3880
f 954/954 3880/3880 3089/3089
f 3462/3462 1036/1036 3327/3327
f 3462/3462 3327/3327 3880/3880
f 3880/3880 3327/3327 951/951
f 3880/3880 951/951 1984/1984
f 3089/3089 3880/3880 1984/1984
f 3089/3089 1984/1984 1020/1020
f 373/373 1769/1769 3881/3881
f 373/373 3881/3881 1569/1569
f 1769/1769 388/388 1720/1720
f 1769/1769 1720/1720 3881/3881
f 3881/3881 1720/1720 343/343
f 3881/3881 343/343 1771/1771
f 1569/1569 3881/3881 1771/1771
f 1569/1569 1771/1771 231/231
f 1220/1220 2109/2109 3882/3882
f 1220/1220 3882/3882 3456/3456
f 2109/2109 1226/1226 3102/3102
f 2109/2109 3102/3102 3882/3882
f 3882/3882 3102/3102 1191/1191
f 3882/3882 1191/1191 3463/3463
f 3456/3456 3882/3882 3463/3463
f 3456/3456 3463/3463 1073/1073
f 1031/1031 3339/3339 3883/3883
f 1031/1031 3883/3883 1456/1456
f 3339/3339 1055/1055 2958/2958
f 3339/3339 2958/2958 3883/3883
f 3883/3883 2958/2958 1029/1029
f 3883/3883 1029/1029 3296/3296
f 1456/1456 3883/3883 3296/3296
f 1456/1456 3296/3296 961/961
f 1351/1351 1743/1743 3884/3884
f 1351/1351 3884/3884 3434/3434
f 1743/1743 1331/1331 3394/3394
f 1743/1743 3394/3394 3884/3884
f 3884/3884 3394/3394 1327/1327
f 3884/3884 1327/1327 3395/3395
f 3434/3434 3884/3884 3395/3395
f 3434/3434 3395/3395 1355/1355
f 1169/1169 3428/3428 3885/3885
f 1169/1169 3885/3885 3082/3082
f 3428/3428 1337/1337 3412/3412
f 3428/3428 3412/3412 3885/3885
f 3885/3885 3412/3412 1335/1335
f 3885/3885 1335/1335 3371/3371
f 3082/3082 3885/3885 3371/3371
f 3082/3082 3371/3371 1168/1168
f 382/382 1772/1772 3886/3886
f 382/382 3886/3886 1775/1775
f 1772/1772 318/318 1773/1773
f 1772/1772 1773/1773 3886/3886
f 3886/3886 1773/1773 301/301
f 3886/3886 301/301 1774/1774
f 1775/1775 3886/3886 1774/1774
f 1775/1775 1774/1774 379/379
f 205/205 1777/1777 3887/3887
f 205/205 3887/3887 1781/1781
f 1777/1777 23/23 1778/1778
f 1777/1777 1778/1778 3887/3887
f 3887/3887 1778/1778 91/91
f 3887/3887 91/91 1780/1780
f 1781/1781 3887/3887 1780/1780
f 1781/1781 1780/1780 157/157
f 1200/1200 3469/3469 3888/3888
f 1200/1200 3888/3888 3438/3438
f 3469/3469 1197/1197 3486/3486
f 3469/3469 3486/3486 3888/3888
f 3888/3888 3486/3486 1014/1014
f 3888/3888 1014/1014 3096/3096
f 3438/3438 3888/3888 3096/3096
f 3438/3438 3096/3096 1016/1016
f 1339/1339 3421/3421 3889/3889
f 1339/1339 3889/3889 3595/3595
f 3421/3421 1347/1347 3578/3578
f 3421/3421 3578/3578 3889/3889
f 3889/3889 3578/3578 1381/1381
f 3889/3889 1381/1381 3590/3590
f 3595/3595 3889/3889 3590/3590
f 3595/3595 3590/3590 1380/1380
f 1194/1194 3134/3134 3890/3890
f 1194/1194 3890/3890 3281/3281
f 3134/3134 1074/1074 3291/3291
f 3134/3134 3291/3291 3890/3890
f 3890/3890 3291/3291 1166/1166
f 3890/3890 1166/1166 3441/3441
f 3281/3281 3890/3890 3441/3441
f 3281/3281 3441/3441 1311/1311
f 1347/1347 1425/1425 3891/3891
f 1347/1347 3891/3891 3578/3578
f 1425/1425 1332/1332 2957/2957
f 1425/1425 2957/2957 3891/3891
f 3891/3891 2957/2957 1379/1379
f 3891/3891 1379/1379 3338/3338
f 3578/3578 3891/3891 3338/3338
f 3578/3578 3338/3338 1381/1381
f 1292/1292 3190/3190 3892/3892
f 1292/1292 3892/3892 1975/1975
f 3190/3190 1295/1295 3242/3242
f 3190/3190 3242/3242 3892/3892
f 3892/3892 3242/3242 1202/1202
f 3892/3892 1202/1202 3489/3489
f 1975/1975 3892/3892 3489/3489
f 1975/1975 3489/3489 1303/1303
f 152/152 1477/1477 3893/3893
f 152/152 3893/3893 1523/1523
f 1477/1477 84/84 1791/1791
f 1477/1477 1791/1791 3893/3893
f 3893/3893 1791/1791 23/23
f 3893/3893 23/23 1777/1777
f 1523/1523 3893/3893 1777/1777
f 1523/1523 1777/1777 205/205
f 75/75 1793/1793 3894/3894
f 75/75 3894/3894 1795/1795
f 1793/1793 56/56 1670/1670
f 1793/1793 1670/1670 3894/3894
f 3894/3894 1670/1670 144/144
f 3894/3894 144/144 1627/1627
f 1795/1795 3894/3894 1627/1627
f 1795/1795 1627/1627 219/219
f 1272/1272 1968/1968 3895/3895
f 1272/1272 3895/3895 3233/3233
f 1968/1968 1274/1274 3120/3120
f 1968/1968 3120/3120 3895/3895
f 3895/3895 3120/3120 1197/1197
f 3895/3895 1197/1197 3469/3469
f 3233/3233 3895/3895 3469/3469
f 3233/3233 3469/3469 1200/1200
f 1172/1172 3119/3119 3896/3896
f 1172/1172 3896/3896 3323/3323
f 3119/3119 1177/1177 3341/3341
f 3119/3119 3341/3341 3896/3896
f 3896/3896 3341/3341 1011/1011
f 3896/3896 1011/1011 3099/3099
f 3323/3323 3896/3896 3099/3099
f 3323/3323 3099/3099 1010/1010
f 1064/1064 3616/3616 3897/3897
f 1064/1064 3897/3897 2057/2057
f 3616/3616 48/48 1484/1484
f 3616/3616 1484/1484 3897/3897
f 3897/3897 1484/1484 10/10
f 3897/3897 10/10 3632/3632
f 2057/2057 3897/3897 3632/3632
f 2057/2057 3632/3632 1056/1056
f 1245/1245 3255/3255 3898/3898
f 1245/1245 3898/3898 3252/3252
f 3255/3255 1246/1246 1909/1909
f 3255/3255 1909/1909 3898/3898
f 3898/3898 1909/1909 1141/1141
f 3898/3898 1141/1141 3244/3244
f 3252/3252 3898/3898 3244/3244
f 3252/3252 3244/3244 1132/1132
f 157/157 1780/1780 3899/3899
f 157/157 3899/3899 1801/1801
f 1780/1780 91/91 1588/1588
f 1780/1780 1588/1588 3899/3899
f 3899/3899 1588/1588 37/37
f 3899/3899 37/37 1445/1445
f 1801/1801 3899/3899 1445/1445
f 1801/1801 1445/1445 155/155
f 151/151 1803/1803 3900/3900
f 151/151 3900/3900 1689/1689
f 1803/1803 150/150 1539/1539
f 1803/1803 1539/1539 3900/3900
f 3900/3900 1539/1539 69/69
f 3900/3900 69/69 1804/1804
f 1689/1689 3900/3900 1804/1804
f 1689/1689 1804/1804 68/68
f 139/139 1497/1497 3901/3901
f 139/139 3901/3901 1806/1806
f 1497/1497 136/136 1805/1805
f 1497/1497 1805/1805 3901/3901
f 3901/3901 1805/1805 150/150
f 3901/3901 150/150 1803/1803
f 1806/1806 3901/3901 1803/1803
f 1806/1806 1803/1803 151/151
f 42/42 3634/3634 3902/3902
f 42/42 3902/3902 3674/3674
f 1209/1209 3366/3366 3902/3902
f 1209/1209 3902/3902 3634/3634
f 1210/1210 3674/3674 3902/3902
f 1210/1210 3902/3902 3366/3366
f 33/33 1476/1476 3903/3903
f 33/33 3903/3903 1810/1810
f 1476/1476 200/200 1503/1503
f 1476/1476 1503/1503 3903/3903
f 3903/3903 1503/1503 202/202
f 3903/3903 202/202 1724/1724
f 1810/1810 3903/3903 1724/1724
f 1810/1810 1724/1724 57/57
f 270/270 1811/1811 3904/3904
f 270/270 3904/3904 1392/1392
f 1811/1811 289/289 3075/3075
f 1811/1811 3075/3075 3904/3904
f 3904/3904 3075/3075 982/982
f 3904/3904 982/982 3076/3076
f 1392/1392 3904/3904 3076/3076
f 1392/1392 3076/3076 964/964
f 1124/1124 1958/1958 3905/3905
f 1124/1124 3905/3905 3117/3117
f 1958/1958 1128/1128 3048/3048
f 1958/1958 3048/3048 3905/3905
f 3905/3905 3048/3048 1130/1130
f 3905/3905 1130/1130 1855/1855
f 3117/3117 3905/3905 1855/1855
f 3117/3117 1855/1855 1119/1119
f 1307/1307 1814/1814 3906/3906
f 1307/1307 3906/3906 3602/3602
f 1814/1814 325/325 1680/1680
f 1814/1814 1680/1680 3906/3906
f 3906/3906 1680/1680 179/179
f 3906/3906 179/179 3562/3562
f 3602/3602 3906/3906 3562/3562
f 3602/3602 3562/3562 1308/1308
f 886/886 2974/2974 3907/3907
f 886/886 3907/3907 3678/3678
f 2974/2974 952/952 3635/3635
f 2974/2974 3635/3635 3907/3907
f 3907/3907 3635/3635 1295/1295
f 3907/3907 1295/1295 3228/3228
f 3678/3678 3907/3907 3228/3228
f 3678/3678 3228/3228 1258/1258
f 212/212 1818/1818 3908/3908
f 212/212 3908/3908 1585/1585
f 1818/1818 6/6 1819/1819
f 1818/1818 1819/1819 3908/3908
f 3908/3908 1819/1819 214/214
f 3908/3908 214/214 1482/1482
f 1585/1585 3908/3908 1482/1482
f 1585/1585 1482/1482 222/222
f 314/314 1686/1686 3909/3909
f 314/314 3909/3909 1822/1822
f 1686/1686 170/170 1820/1820
f 1686/1686 1820/1820 3909/3909
f 3909/3909 1820/1820 228/228
f 3909/3909 228/228 1821/1821
f 1822/1822 3909/3909 1821/1821
f 1822/1822 1821/1821 315/315
f 175/175 1692/1692 3910/3910
f 175/175 3910/3910 1826/1826
f 1692/1692 21/21 1824/1824
f 1692/1692 1824/1824 3910/3910
f 3910/3910 1824/1824 51/51
f 3910/3910 51/51 1825/1825
f 1826/1826 3910/3910 1825/1825
f 1826/1826 1825/1825 135/135
f 12/12 3686/3686 3911/3911
f 12/12 3911/3911 1691/1691
f 3686/3686 921/921 1976/1976
f 3686/3686 1976/1976 3911/3911
f 3911/3911 1976/1976 1018/1018
f 3911/3911 1018/1018 3669/3669
f 1691/1691 3911/3911 3669/3669
f 1691/1691 3669/3669 22/22
f 1105/1105 3213/3213 3912/3912
f 1105/1105 3912/3912 3206/3206
f 3213/3213 1111/1111 3220/3220
f 3213/3213 3220/3220 3912/3912
f 3912/3912 3220/3220 1108/1108
f 3912/3912 1108/1108 3200/3200
f 3206/3206 3912/3912 3200/3200
f 3206/3206 3200/3200 1104/1104
f 1354/1354 3423/3423 3913/3913
f 1354/1354 3913/3913 3430/3430
f 3423/3423 1323/1323 3397/3397
f 3423/3423 3397/3397 3913/3913
f 3913/3913 3397/3397 1320/1320
f 3913/3913 1320/1320 3400/3400
f 3430/3430 3913/3913 3400/3400
f 3430/3430 3400/3400 1353/1353
f 243/243 1831/1831 3914/3914
f 243/243 3914/3914 1548/1548
f 1831/1831 365/365 1832/1832
f 1831/1831 1832/1832 3914/3914
f 3914/3914 1832/1832 223/223
f 3914/3914 223/223 1748/1748
f 1548/1548 3914/3914 1748/1748
f 1548/1548 1748/1748 319/319
f 242/242 1755/1755 3915/3915
f 242/242 3915/3915 1835/1835
f 1755/1755 334/334 1834/1834
f 1755/1755 1834/1834 3915/3915
f 3915/3915 1834/1834 328/328
f 3915/3915 328/328 1505/1505
f 1835/1835 3915/3915 1505/1505
f 1835/1835 1505/1505 225/225
f 95/95 1836/1836 3916/3916
f 95/95 3916/3916 1838/1838
f 1836/1836 957/957 1509/1509
f 1836/1836 1509/1509 3916/3916
f 3916/3916 1509/1509 940/940
f 3916/3916 940/940 1837/1837
f 1838/1838 3916/3916 1837/1837
f 1838/1838 1837/1837 943/943
f 161/161 1839/1839 3917/3917
f 161/161 3917/3917 1841/1841
f 1839/1839 348/348 1840/1840
f 1839/1839 1840/1840 3917/3917
f 3917/3917 1840/1840 248/248
f 3917/3917 248/248 1762/1762
f 1841/1841 3917/3917 1762/1762
f 1841/1841 1762/1762 359/359
f 196/196 1524/1524 3918/3918
f 196/196 3918/3918 1728/1728
f 1524/1524 205/205 1781/1781
f 1524/1524 1781/1781 3918/3918
f 3918/3918 1781/1781 157/157
f 3918/3918 157/157 1846/1846
f 1728/1728 3918/3918 1846/1846
f 1728/1728 1846/1846 143/143
f 1367/1367 3628/3628 3919/3919
f 1367/1367 3919/3919 1888/1888
f 3628/3628 1296/1296 1541/1541
f 3628/3628 1541/1541 3919/3919
f 3919/3919 1541/1541 47/47
f 3919/3919 47/47 3615/3615
f 1888/1888 3919/3919 3615/3615
f 1888/1888 3615/3615 1063/1063
f 1191/1191 3102/3102 3920/3920
f 1191/1191 3920/3920 3184/3184
f 3102/3102 1226/1226 3224/3224
f 3102/3102 3224/3224 3920/3920
f 3920/3920 3224/3224 1218/1218
f 3920/3920 1218/1218 3288/3288
f 3184/3184 3920/3920 3288/3288
f 3184/3184 3288/3288 1075/1075
f 143/143 1846/1846 3921/3921
f 143/143 3921/3921 1704/1704
f 1846/1846 157/157 1801/1801
f 1846/1846 1801/1801 3921/3921
f 3921/3921 1801/1801 155/155
f 3921/3921 155/155 1452/1452
f 1704/1704 3921/3921 1452/1452
f 1704/1704 1452/1452 191/191
f 9/9 1577/1577 3922/3922
f 9/9 3922/3922 3696/3696
f 1577/1577 46/46 3714/3714
f 1577/1577 3714/3714 3922/3922
f 3922/3922 3714/3714 933/933
f 3922/3922 933/933 1423/1423
f 3696/3696 3922/3922 1423/1423
f 3696/3696 1423/1423 903/903
f 1030/1030 1936/1936 3923/3923
f 1030/1030 3923/3923 3685/3685
f 1936/1936 936/936 3712/3712
f 1936/1936 3712/3712 3923/3923
f 3923/3923 3712/3712 62/62
f 3923/3923 62/62 1429/1429
f 3685/3685 3923/3923 1429/1429
f 3685/3685 1429/1429 60/60
f 304/304 1647/1647 3924/3924
f 304/304 3924/3924 1854/1854
f 1647/1647 128/128 1851/1851
f 1647/1647 1851/1851 3924/3924
f 3924/3924 1851/1851 130/130
f 3924/3924 130/130 1853/1853
f 1854/1854 3924/3924 1853/1853
f 1854/1854 1853/1853 308/308
f 144/144 1669/1669 3925/3925
f 144/144 3925/3925 1628/1628
f 1669/1669 145/145 1403/1403
f 1669/1669 1403/1403 3925/3925
f 3925/3925 1403/1403 178/178
f 3925/3925 178/178 1657/1657
f 1628/1628 3925/3925 1657/1657
f 1628/1628 1657/1657 201/201
f 98/98 1957/1957 3926/3926
f 98/98 3926/3926 3622/3622
f 1957/1957 43/43 3647/3647
f 1957/1957 3647/3647 3926/3926
f 3926/3926 3647/3647 1179/1179
f 3926/3926 1179/1179 3343/3343
f 3622/3622 3926/3926 3343/3343
f 3622/3622 3343/3343 1178/1178
f 1379/1379 3596/3596 3927/3927
f 1379/1379 3927/3927 3152/3152
f 3596/3596 1370/1370 3033/3033
f 3596/3596 3033/3033 3927/3927
f 3927/3927 3033/3033 8/8
f 3927/3927 8/8 3487/3487
f 3152/3152 3927/3927 3487/3487
f 3152/3152 3487/3487 1330/1330
f 350/350 1862/1862 3928/3928
f 350/350 3928/3928 1864/1864
f 1862/1862 918/918 1863/1863
f 1862/1862 1863/1863 3928/3928
f 3928/3928 1863/1863 910/910
f 3928/3928 910/910 1758/1758
f 1864/1864 3928/3928 1758/1758
f 1864/1864 1758/1758 282/282
f 1190/1190 1666/1666 3929/3929
f 1190/1190 3929/3929 2089/2089
f 1666/1666 1184/1184 3498/3498
f 1666/1666 3498/3498 3929/3929
f 3929/3929 3498/3498 1071/1071
f 3929/3929 1071/1071 3098/3098
f 2089/2089 3929/3929 3098/3098
f 2089/2089 3098/3098 1069/1069
f 220/220 1729/1729 3930/3930
f 220/220 3930/3930 1865/1865
f 1729/1729 160/160 1547/1547
f 1729/1729 1547/1547 3930/3930
f 3930/3930 1547/1547 76/76
f 3930/3930 76/76 1782/1782
f 1865/1865 3930/3930 1782/1782
f 1865/1865 1782/1782 27/27
f 350/350 1868/1868 3931/3931
f 350/350 3931/3931 1869/1869
f 1868/1868 230/230 1736/1736
f 1868/1868 1736/1736 3931/3931
f 3931/3931 1736/1736 173/173
f 3931/3931 173/173 1409/1409
f 1869/1869 3931/3931 1409/1409
f 1869/1869 1409/1409 351/351
f 1285/1285 1892/1892 3932/3932
f 1285/1285 3932/3932 1951/1951
f 1892/1892 1014/1014 3486/3486
f 1892/1892 3486/3486 3932/3932
f 3932/3932 3486/3486 1197/1197
f 3932/3932 1197/1197 3266/3266
f 1951/1951 3932/3932 3266/3266
f 1951/1951 3266/3266 1284/1284
f 1332/1332 1783/1783 3933/3933
f 1332/1332 3933/3933 2957/2957
f 1783/1783 1021/1021 3606/3606
f 1783/1783 3606/3606 3933/3933
f 3933/3933 3606/3606 1370/1370
f 3933/3933 1370/1370 3596/3596
f 2957/2957 3933/3933 3596/3596
f 2957/2957 3596/3596 1379/1379
f 1067/1067 3227/3227 3934/3934
f 1067/1067 3934/3934 3495/3495
f 3227/3227 1076/1076 3494/3494
f 3227/3227 3494/3494 3934/3934
f 3934/3934 3494/3494 1329/1329
f 3934/3934 1329/1329 1972/1972
f 3495/3495 3934/3934 1972/1972
f 3495/3495 1972/1972 1320/1320
f 1309/1309 1873/1873 3935/3935
f 1309/1309 3935/3935 3600/3600
f 1873/1873 92/92 1874/1874
f 1873/1873 1874/1874 3935/3935
f 3935/3935 1874/1874 307/307
f 3935/3935 307/307 3564/3564
f 3600/3600 3935/3935 3564/3564
f 3600/3600 3564/3564 1310/1310
f 163/163 1764/1764 3936/3936
f 163/163 3936/3936 1879/1879
f 1764/1764 339/339 1878/1878
f 1764/1764 1878/1878 3936/3936
f 3936/3936 1878/1878 302/302
f 3936/3936 302/302 1638/1638
f 1879/1879 3936/3936 1638/1638
f 1879/1879 1638/1638 297/297
f 217/217 1881/1881 3937/3937
f 217/217 3937/3937 1884/1884
f 1881/1881 5/5 1882/1882
f 1881/1881 1882/1882 3937/3937
f 3937/3937 1882/1882 183/183
f 3937/3937 183/183 1883/1883
f 1884/1884 3937/3937 1883/1883
f 1884/1884 1883/1883 133/133
f 137/137 1673/1673 3938/3938
f 137/137 3938/3938 1592/1592
f 1673/1673 142/142 1885/1885
f 1673/1673 1885/1885 3938/3938
f 3938/3938 1885/1885 26/26
f 3938/3938 26/26 1590/1590
f 1592/1592 3938/3938 1590/1590
f 1592/1592 1590/1590 45/45
f 142/142 1607/1607 3939/3939
f 142/142 3939/3939 1885/1885
f 1607/1607 159/159 1418/1418
f 1607/1607 1418/1418 3939/3939
f 3939/3939 1418/1418 77/77
f 3939/3939 77/77 1886/1886
f 1885/1885 3939/3939 1886/1886
f 1885/1885 1886/1886 26/26
f 334/334 1887/1887 3940/3940
f 334/334 3940/3940 1834/1834
f 1887/1887 243/243 1551/1551
f 1887/1887 1551/1551 3940/3940
f 3940/3940 1551/1551 165/165
f 3940/3940 165/165 1632/1632
f 1834/1834 3940/3940 1632/1632
f 1834/1834 1632/1632 328/328
f 942/942 3610/3610 3941/3941
f 942/942 3941/3941 3317/3317
f 3610/3610 26/26 1886/1886
f 3610/3610 1886/1886 3941/3941
f 3941/3941 1886/1886 77/77
f 3941/3941 77/77 3637/3637
f 3317/3317 3941/3941 3637/3637
f 3317/3317 3637/3637 989/989
f 932/932 3713/3713 3942/3942
f 932/932 3942/3942 1982/1982
f 3713/3713 45/45 1590/1590
f 3713/3713 1590/1590 3942/3942
f 3942/3942 1590/1590 26/26
f 3942/3942 26/26 3610/3610
f 1982/1982 3942/3942 3610/3610
f 1982/1982 3610/3610 942/942
f 1357/1357 3433/3433 3943/3943
f 1357/1357 3943/3943 3550/3550
f 3433/3433 1291/1291 3442/3442
f 3433/3433 3442/3442 3943/3943
f 3943/3943 3442/3442 1273/1273
f 3943/3943 1273/1273 3027/3027
f 3550/3550 3943/3943 3027/3027
f 3550/3550 3027/3027 1360/1360
f 125/125 3071/3071 3944/3944
f 125/125 3944/3944 1679/1679
f 3071/3071 980/980 3074/3074
f 3071/3071 3074/3074 3944/3944
f 3944/3944 3074/3074 979/979
f 3944/3944 979/979 1891/1891
f 1679/1679 3944/3944 1891/1891
f 1679/1679 1891/1891 180/180
f 192/192 1455/1455 3945/3945
f 192/192 3945/3945 1706/1706
f 1455/1455 139/139 1806/1806
f 1455/1455 1806/1806 3945/3945
f 3945/3945 1806/1806 151/151
f 3945/3945 151/151 1688/1688
f 1706/1706 3945/3945 1688/1688
f 1706/1706 1688/1688 216/216
f 1037/1037 3160/3160 3946/3946
f 1037/1037 3946/3946 2098/2098
f 3160/3160 942/942 3317/3317
f 3160/3160 3317/3317 3946/3946
f 3946/3946 3317/3317 989/989
f 3946/3946 989/989 3093/3093
f 2098/2098 3946/3946 3093/3093
f 2098/2098 3093/3093 1028/1028
f 158/158 1896/1896 3947/3947
f 158/158 3947/3947 1898/1898
f 1896/1896 220/220 1865/1865
f 1896/1896 1865/1865 3947/3947
f 3947/3947 1865/1865 27/27
f 3947/3947 27/27 1897/1897
f 1898/1898 3947/3947 1897/1897
f 1898/1898 1897/1897 70/70
f 190/190 1540/1540 3948/3948
f 190/190 3948/3948 1650/1650
f 1540/1540 150/150 1805/1805
f 1540/1540 1805/1805 3948/3948
f 3948/3948 1805/1805 136/136
f 3948/3948 136/136 1623/1623
f 1650/1650 3948/3948 1623/1623
f 1650/1650 1623/1623 149/149
f 141/141 1525/1525 3949/3949
f 141/141 3949/3949 1899/1899
f 1525/1525 196/196 1730/1730
f 1525/1525 1730/1730 3949/3949
f 3949/3949 1730/1730 220/220
f 3949/3949 220/220 1896/1896
f 1899/1899 3949/3949 1896/1896
f 1899/1899 1896/1896 158/158
f 1182/1182 1604/1604 3950/3950
f 1182/1182 3950/3950 3483/3483
f 1604/1604 1186/1186 3137/3137
f 1604/1604 3137/3137 3950/3950
f 3950/3950 3137/3137 1022/1022
f 3950/3950 1022/1022 3112/3112
f 3483/3483 3950/3950 3112/3112
f 3483/3483 3112/3112 914/914
f 1037/1037 2098/2098 3951/3951
f 1037/1037 3951/3951 1917/1917
f 2098/2098 1028/1028 2874/2874
f 2098/2098 2874/2874 3951/3951
f 3951/3951 2874/2874 983/983
f 3951/3951 983/983 3457/3457
f 1917/1917 3951/3951 3457/3457
f 1917/1917 3457/3457 926/926
f 195/195 1901/1901 3952/3952
f 195/195 3952/3952 1605/1605
f 1901/1901 135/135 1902/1902
f 1901/1901 1902/1902 3952/3952
f 3952/3952 1902/1902 153/153
f 3952/3952 153/153 1644/1644
f 1605/1605 3952/3952 1644/1644
f 1605/1605 1644/1644 186/186
f 113/113 1436/1436 3953/3953
f 113/113 3953/3953 1591/1591
f 1436/1436 4/4 1516/1516
f 1436/1436 1516/1516 3953/3953
f 3953/3953 1516/1516 127/127
f 3953/3953 127/127 1675/1675
f 1591/1591 3953/3953 1675/1675
f 1591/1591 1675/1675 138/138
f 147/147 1642/1642 3954/3954
f 147/147 3954/3954 1402/1402
f 1642/1642 204/204 1904/1904
f 1642/1642 1904/1904 3954/3954
f 3954/3954 1904/1904 177/177
f 3954/3954 177/177 1658/1658
f 1402/1402 3954/3954 1658/1658
f 1402/1402 1658/1658 178/178
f 1091/1091 3178/3178 3955/3955
f 1091/1091 3955/3955 3188/3188
f 3178/3178 304/304 1905/1905
f 3178/3178 1905/1905 3955/3955
f 3955/3955 1905/1905 41/41
f 3955/3955 41/41 3180/3180
f 3188/3188 3955/3955 3180/3180
f 3188/3188 3180/3180 1096/1096
f 1099/1099 3199/3199 3956/3956
f 1099/1099 3956/3956 3194/3194
f 3199/3199 1100/1100 3073/3073
f 3199/3199 3073/3073 3956/3956
f 3956/3956 3073/3073 1083/1083
f 3956/3956 1083/1083 3174/3174
f 3194/3194 3956/3956 3174/3174
f 3194/3194 3174/3174 1082/1082
f 1181/1181 3503/3503 3957/3957
f 1181/1181 3957/3957 3620/3620
f 3503/3503 1176/1176 3694/3694
f 3503/3503 3694/3694 3957/3957
f 3957/3957 3694/3694 96/96
f 3957/3957 96/96 1802/1802
f 3620/3620 3957/3957 1802/1802
f 3620/3620 1802/1802 299/299
f 56/56 3609/3609 3958/3958
f 56/56 3958/3958 1668/1668
f 3609/3609 949/949 1965/1965
f 3609/3609 1965/1965 3958/3958
f 3958/3958 1965/1965 951/951
f 3958/3958 951/951 3627/3627
f 1668/1668 3958/3958 3627/3627
f 1668/1668 3627/3627 67/67
f 1333/1333 1426/1426 3959/3959
f 1333/1333 3959/3959 3356/3356
f 1426/1426 1348/1348 2080/2080
f 1426/1426 2080/2080 3959/3959
f 3959/3959 2080/2080 1349/1349
f 3959/3959 1349/1349 3417/3417
f 3356/3356 3959/3959 3417/3417
f 3356/3356 3417/3417 1334/1334
f 1293/1293 3549/3549 3960/3960
f 1293/1293 3960/3960 1441/1441
f 3549/3549 1299/1299 3545/3545
f 3549/3549 3545/3545 3960/3960
f 3960/3960 3545/3545 55/55
f 3960/3960 55/55 1912/1912
f 1441/1441 3960/3960 1912/1912
f 1441/1441 1912/1912 209/209
f 135/135 1825/1825 3961/3961
f 135/135 3961/3961 1902/1902
f 1825/1825 51/51 1914/1914
f 1825/1825 1914/1914 3961/3961
f 3961/3961 1914/1914 29/29
f 3961/3961 29/29 1601/1601
f 1902/1902 3961/3961 1601/1601
f 1902/1902 1601/1601 153/153
f 276/276 1915/1915 3962/3962
f 276/276 3962/3962 1532/1532
f 1915/1915 275/275 1390/1390
f 1915/1915 1390/1390 3962/3962
f 3962/3962 1390/1390 117/117
f 3962/3962 117/117 1916/1916
f 1532/1532 3962/3962 1916/1916
f 1532/1532 1916/1916 118/118
f 992/992 3652/3652 3963/3963
f 992/992 3963/3963 3026/3026
f 3652/3652 76/76 1546/1546
f 3652/3652 1546/1546 3963/3963
f 3963/3963 1546/1546 65/65
f 3963/3963 65/65 3702/3702
f 3026/3026 3963/3963 3702/3702
f 3026/3026 3702/3702 1057/1057
f 1076/1076 1526/1526 3964/3964
f 1076/1076 3964/3964 3298/3298
f 1526/1526 1192/1192 3097/3097
f 1526/1526 3097/3097 3964/3964
f 3964/3964 3097/3097 1008/1008
f 3964/3964 1008/1008 2989/2989
f 3298/3298 3964/3964 2989/2989
f 3298/3298 2989/2989 1213/1213
f 126/126 1514/1514 3965/3965
f 126/126 3965/3965 1672/1672
f 1514/1514 175/175 1826/1826
f 1514/1514 1826/1826 3965/3965
f 3965/3965 1826/1826 135/135
f 3965/3965 135/135 1901/1901
f 1672/1672 3965/3965 1901/1901
f 1672/1672 1901/1901 195/195
f 930/930 1922/1922 3966/3966
f 930/930 3966/3966 1923/1923
f 1922/1922 928/928 1554/1554
f 1922/1922 1554/1554 3966/3966
f 3966/3966 1554/1554 171/171
f 3966/3966 171/171 1711/1711
f 1923/1923 3966/3966 1711/1711
f 1923/1923 1711/1711 323/323
f 1047/1047 1788/1788 3967/3967
f 1047/1047 3967/3967 3659/3659
f 1788/1788 987/987 3681/3681
f 1788/1788 3681/3681 3967/3967
f 3967/3967 3681/3681 90/90
f 3967/3967 90/90 1779/1779
f 3659/3659 3967/3967 1779/1779
f 3659/3659 1779/1779 24/24
f 1247/1247 3310/3310 3968/3968
f 1247/1247 3968/3968 2869/2869
f 3310/3310 1248/1248 2049/2049
f 3310/3310 2049/2049 3968/3968
f 3968/3968 2049/2049 1252/1252
f 3968/3968 1252/1252 1566/1566
f 2869/2869 3968/3968 1566/1566
f 2869/2869 1566/1566 1251/1251
f 1100/1100 3198/3198 3969/3969
f 1100/1100 3969/3969 3073/3073
f 3198/3198 291/291 2033/2033
f 3198/3198 2033/2033 3969/3969
f 3969/3969 2033/2033 296/296
f 3969/3969 296/296 3175/3175
f 3073/3073 3969/3969 3175/3175
f 3073/3073 3175/3175 1083/1083
f 1095/1095 3251/3251 3970/3970
f 1095/1095 3970/3970 1925/1925
f 3251/3251 1116/1116 3240/3240
f 3251/3251 3240/3240 3970/3970
f 3970/3970 3240/3240 1217/1217
f 3970/3970 1217/1217 3333/3333
f 1925/1925 3970/3970 3333/3333
f 1925/1925 3333/3333 1233/1233
f 1045/1045 3158/3158 3971/3971
f 1045/1045 3971/3971 3328/3328
f 3158/3158 983/983 2874/2874
f 3158/3158 2874/2874 3971/3971
f 3971/3971 2874/2874 1028/1028
f 3971/3971 1028/1028 3450/3450
f 3328/3328 3971/3971 3450/3450
f 3328/3328 3450/3450 953/953
f 353/353 1926/1926 3972/3972
f 353/353 3972/3972 1927/1927
f 1926/1926 172/172 1411/1411
f 1926/1926 1411/1411 3972/3972
f 3972/3972 1411/1411 174/174
f 3972/3972 174/174 1735/1735
f 1927/1927 3972/3972 1735/1735
f 1927/1927 1735/1735 358/358
f 187/187 1932/1932 3973/3973
f 187/187 3973/3973 1478/1478
f 1932/1932 154/154 1616/1616
f 1932/1932 1616/1616 3973/3973
f 3973/3973 1616/1616 134/134
f 3973/3973 134/134 1619/1619
f 1478/1478 3973/3973 1619/1619
f 1478/1478 1619/1619 185/185
f 969/969 3453/3453 3974/3974
f 969/969 3974/3974 3435/3435
f 3453/3453 1041/1041 3472/3472
f 3453/3453 3472/3472 3974/3974
f 3974/3974 3472/3472 1039/1039
f 3974/3974 1039/1039 2871/2871
f 3435/3435 3974/3974 2871/2871
f 3435/3435 2871/2871 938/938
f 1198/1198 1970/1970 3975/3975
f 1198/1198 3975/3975 1987/1987
f 1970/1970 1199/1199 3437/3437
f 1970/1970 3437/3437 3975/3975
f 3975/3975 3437/3437 1015/1015
f 3975/3975 1015/1015 3465/3465
f 1987/1987 3975/3975 3465/3465
f 1987/1987 3465/3465 1072/1072
f 70/70 1458/1458 3976/3976
f 70/70 3976/3976 1898/1898
f 1458/1458 74/74 1794/1794
f 1458/1458 1794/1794 3976/3976
f 3976/3976 1794/1794 218/218
f 3976/3976 218/218 1934/1934
f 1898/1898 3976/3976 1934/1934
f 1898/1898 1934/1934 158/158
f 210/210 1442/1442 3977/3977
f 210/210 3977/3977 1817/1817
f 1442/1442 208/208 1935/1935
f 1442/1442 1935/1935 3977/3977
f 3977/3977 1935/1935 183/183
f 3977/3977 183/183 1882/1882
f 1817/1817 3977/3977 1882/1882
f 1817/1817 1882/1882 5/5
f 166/166 1384/1384 3978/3978
f 166/166 3978/3978 1754/1754
f 1384/1384 365/365 1831/1831
f 1384/1384 1831/1831 3978/3978
f 3978/3978 1831/1831 243/243
f 3978/3978 243/243 1887/1887
f 1754/1754 3978/3978 1887/1887
f 1754/1754 1887/1887 334/334
f 28/28 3658/3658 3979/3979
f 28/28 3979/3979 1596/1596
f 3658/3658 983/983 3158/3158
f 3658/3658 3158/3158 3979/3979
f 3979/3979 3158/3158 1045/1045
f 3979/3979 1045/1045 3650/3650
f 1596/1596 3979/3979 3650/3650
f 1596/1596 3650/3650 80/80
f 158/158 1934/1934 3980/3980
f 158/158 3980/3980 1899/1899
f 1934/1934 218/218 1629/1629
f 1934/1934 1629/1629 3980/3980
f 3980/3980 1629/1629 197/197
f 3980/3980 197/197 1708/1708
f 1899/1899 3980/3980 1708/1708
f 1899/1899 1708/1708 141/141
f 1003/1003 3123/3123 3981/3981
f 1003/1003 3981/3981 3118/3118
f 3123/3123 1070/1070 1988/1988
f 3123/3123 1988/1988 3981/3981
f 3981/3981 1988/1988 1179/1179
f 3981/3981 1179/1179 1969/1969
f 3118/3118 3981/3981 1969/1969
f 3118/3118 1969/1969 1176/1176
f 1127/1127 1595/1595 3982/3982
f 1127/1127 3982/3982 3047/3047
f 1595/1595 1243/1243 1732/1732
f 1595/1595 1732/1732 3982/3982
f 3982/3982 1732/1732 1244/1244
f 3982/3982 1244/1244 3282/3282
f 3047/3047 3982/3982 3282/3282
f 3047/3047 3282/3282 1129/1129
f 204/204 1599/1599 3983/3983
f 204/204 3983/3983 1904/1904
f 1599/1599 82/82 1450/1450
f 1599/1599 1450/1450 3983/3983
f 3983/3983 1450/1450 64/64
f 3983/3983 64/64 1725/1725
f 1904/1904 3983/3983 1725/1725
f 1904/1904 1725/1725 177/177
f 44/44 1461/1461 3984/3984
f 44/44 3984/3984 1939/1939
f 1461/1461 305/305 1687/1687
f 1461/1461 1687/1687 3984/3984
f 3984/3984 1687/1687 313/313
f 3984/3984 313/313 1937/1937
f 1939/1939 3984/3984 1937/1937
f 1939/1939 1937/1937 97/97
f 1180/1180 3657/3657 3985/3985
f 1180/1180 3985/3985 1983/1983
f 3657/3657 301/301 1906/1906
f 3657/3657 1906/1906 3985/3985
f 3985/3985 1906/1906 1096/1096
f 3985/3985 1096/1096 3623/3623
f 1983/1983 3985/3985 3623/3623
f 1983/1983 3623/3623 1345/1345
f 128/128 1945/1945 3986/3986
f 128/128 3986/3986 1851/1851
f 1945/1945 322/322 1682/1682
f 1945/1945 1682/1682 3986/3986
f 3986/3986 1682/1682 326/326
f 3986/3986 326/326 1947/1947
f 1851/1851 3986/3986 1947/1947
f 1851/1851 1947/1947 130/130
f 170/170 1949/1949 3987/3987
f 170/170 3987/3987 1820/1820
f 1949/1949 330/330 1698/1698
f 1949/1949 1698/1698 3987/3987
f 3987/3987 1698/1698 324/324
f 3987/3987 324/324 1634/1634
f 1820/1820 3987/3987 1634/1634
f 1820/1820 1634/1634 228/228
f 363/363 1753/1753 3988/3988
f 363/363 3988/3988 1928/1928
f 1753/1753 242/242 1950/1950
f 1753/1753 1950/1950 3988/3988
f 3988/3988 1950/1950 348/348
f 3988/3988 348/348 1839/1839
f 1928/1928 3988/3988 1839/1839
f 1928/1928 1839/1839 161/161
f 1133/1133 3245/3245 3989/3989
f 1133/1133 3989/3989 3105/3105
f 3245/3245 1142/1142 1542/1542
f 3245/3245 1542/1542 3989/3989
f 3989/3989 1542/1542 1138/1138
f 3989/3989 1138/1138 3000/3000
f 3105/3105 3989/3989 3000/3000
f 3105/3105 3000/3000 1135/1135
f 924/924 1462/1462 3990/3990
f 924/924 3990/3990 3614/3614
f 1462/1462 44/44 3682/3682
f 1462/1462 3682/3682 3990/3990
f 3990/3990 3682/3682 1172/1172
f 3990/3990 1172/1172 3464/3464
f 3614/3614 3990/3990 3464/3464
f 3614/3614 3464/3464 1281/1281
f 1230/1230 3270/3270 3991/3991
f 1230/1230 3991/3991 3267/3267
f 3270/3270 1195/1195 3148/3148
f 3270/3270 3148/3148 3991/3991
f 3991/3991 3148/3148 1074/1074
f 3991/3991 1074/1074 1421/1421
f 3267/3267 3991/3991 1421/1421
f 3267/3267 1421/1421 1222/1222
f 1310/1310 3564/3564 3992/3992
f 1310/1310 3992/3992 3598/3598
f 3564/3564 307/307 1852/1852
f 3564/3564 1852/1852 3992/3992
f 3992/3992 1852/1852 129/129
f 3992/3992 129/129 3565/3565
f 3598/3598 3992/3992 3565/3565
f 3598/3598 3565/3565 1313/1313
f 1182/1182 3483/3483 3993/3993
f 1182/1182 3993/3993 3372/3372
f 3483/3483 914/914 1397/1397
f 3483/3483 1397/1397 3993/3993
f 3993/3993 1397/1397 1343/1343
f 3993/3993 1343/1343 3147/3147
f 3372/3372 3993/3993 3147/3147
f 3372/3372 3147/3147 1342/1342
f 168/168 1954/1954 3994/3994
f 168/168 3994/3994 1684/1684
f 1954/1954 323/323 1713/1713
f 1954/1954 1713/1713 3994/3994
f 3994/3994 1713/1713 329/329
f 3994/3994 329/329 1948/1948
f 1684/1684 3994/3994 1948/1948
f 1684/1684 1948/1948 169/169
f 1067/1067 3335/3335 3995/3995
f 1067/1067 3995/3995 3001/3001
f 3335/3335 1071/1071 3498/3498
f 3335/3335 3498/3498 3995/3995
f 3995/3995 3498/3498 1184/1184
f 3995/3995 1184/1184 1872/1872
f 3001/3001 3995/3995 1872/1872
f 3001/3001 1872/1872 1188/1188
f 1313/1313 3565/3565 3996/3996
f 1313/1313 3996/3996 3597/3597
f 3565/3565 129/129 1946/1946
f 3565/3565 1946/1946 3996/3996
f 3996/3996 1946/1946 325/325
f 3996/3996 325/325 1814/1814
f 3597/3597 3996/3996 1814/1814
f 3597/3597 1814/1814 1307/1307
f 1188/1188 1872/1872 3997/3997
f 1188/1188 3997/3997 1667/1667
f 1872/1872 1184/1184 1703/1703
f 1872/1872 1703/1703 3997/3997
f 3997/3997 1703/1703 1070/1070
f 3997/3997 1070/1070 3123/3123
f 1667/1667 3997/3997 3123/3123
f 1667/1667 3123/3123 1003/1003
f 1264/1264 3407/3407 3998/3998
f 1264/1264 3998/3998 3361/3361
f 3407/3407 1338/1338 3548/3548
f 3407/3407 3548/3548 3998/3998
f 3998/3998 3548/3548 1359/1359
f 3998/3998 1359/1359 1971/1971
f 3361/3361 3998/3998 1971/1971
f 3361/3361 1971/1971 1283/1283
f 1301/1301 1552/1552 3999/3999
f 1301/1301 3999/3999 3642/3642
f 1552/1552 1202/1202 3242/3242
f 1552/1552 3242/3242 3999/3999
f 3999/3999 3242/3242 1295/1295
f 3999/3999 1295/1295 3635/3635
f 3642/3642 3999/3999 3635/3635
f 3642/3642 3635/3635 952/952
f 1273/1273 1808/1808 4000/4000
f 1273/1273 4000/4000 3027/3027
f 1808/1808 1270/1270 1521/1521
f 1808/1808 1521/1521 4000/4000
f 4000/4000 1521/1521 1362/1362
f 4000/4000 1362/1362 3546/3546
f 3027/3027 4000/4000 3546/3546
f 3027/3027 3546/3546 1360/1360
f 1210/1210 3248/3248 4001/4001
f 1210/1210 4001/4001 3674/3674
f 3248/3248 1193/1193 3631/3631
f 3248/3248 3631/3631 4001/4001
f 4001/4001 3631/3631 302/302
f 4001/4001 302/302 2100/2100
f 3674/3674 4001/4001 2100/2100
f 3674/3674 2100/2100 42/42
f 907/907 1962/1962 4002/4002
f 907/907 4002/4002 1964/1964
f 1962/1962 352/352 1413/1413
f 1962/1962 1413/1413 4002/4002
f 4002/4002 1413/1413 349/349
f 4002/4002 349/349 1963/1963
f 1964/1964 4002/4002 1963/1963
f 1964/1964 1963/1963 909/909
f 1372/1372 3389/3389 4003/4003
f 1372/1372 4003/4003 3586/3586
f 3389/3389 1369/1369 3314/3314
f 3389/3389 3314/3314 4003/4003
f 4003/4003 3314/3314 1185/1185
f 4003/4003 1185/1185 3236/3236
f 3586/3586 4003/4003 3236/3236
f 3586/3586 3236/3236 919/919
f 1237/1237 3304/3304 4004/4004
f 1237/1237 4004/4004 3619/3619
f 3304/3304 1242/1242 3677/3677
f 3304/3304 3677/3677 4004/4004
f 4004/4004 3677/3677 821/821
f 4004/4004 821/821 2868/2868
f 3619/3619 4004/4004 2868/2868
f 3619/3619 2868/2868 110/110
f 79/79 3613/3613 4005/4005
f 79/79 4005/4005 1538/1538
f 3613/3613 1032/1032 3156/3156
f 3613/3613 3156/3156 4005/4005
f 4005/4005 3156/3156 965/965
f 4005/4005 965/965 3691/3691
f 1538/1538 4005/4005 3691/3691
f 1538/1538 3691/3691 69/69
f 1331/1331 1933/1933 4006/4006
f 1331/1331 4006/4006 3394/3394
f 1933/1933 1013/1013 1967/1967
f 1933/1933 1967/1967 4006/4006
f 4006/4006 1967/1967 1068/1068
f 4006/4006 1068/1068 3128/3128
f 3394/3394 4006/4006 3128/3128
f 3394/3394 3128/3128 1327/1327
f 1368/1368 3568/3568 4007/4007
f 1368/1368 4007/4007 3607/3607
f 3568/3568 1267/1267 3312/3312
f 3568/3568 3312/3312 4007/4007
f 4007/4007 3312/3312 1339/1339
f 4007/4007 1339/1339 3595/3595
f 3607/3607 4007/4007 3595/3595
f 3607/3607 3595/3595 1380/1380
f 1369/1369 3404/3404 4008/4008
f 1369/1369 4008/4008 3314/3314
f 3404/3404 1370/1370 3606/3606
f 3404/3404 3606/3606 4008/4008
f 4008/4008 3606/3606 1021/1021
f 4008/4008 1021/1021 3136/3136
f 3314/3314 4008/4008 3136/3136
f 3314/3314 3136/3136 1185/1185
f 1344/1344 3425/3425 4009/4009
f 1344/1344 4009/4009 3414/3414
f 3425/3425 1342/1342 1663/1663
f 3425/3425 1663/1663 4009/4009
f 4009/4009 1663/1663 1191/1191
f 4009/4009 1191/1191 3184/3184
f 3414/3414 4009/4009 3184/3184
f 3414/3414 3184/3184 1075/1075
f 1001/1001 3704/3704 4010/4010
f 1001/1001 4010/4010 3092/3092
f 3704/3704 297/297 1638/1638
f 3704/3704 1638/1638 4010/4010
f 4010/4010 1638/1638 302/302
f 4010/4010 302/302 3631/3631
f 3092/3092 4010/4010 3631/3631
f 3092/3092 3631/3631 1193/1193
f 1213/1213 1386/1386 4011/4011
f 1213/1213 4011/4011 3298/3298
f 1386/1386 997/997 2961/2961
f 1386/1386 2961/2961 4011/4011
f 4011/4011 2961/2961 1196/1196
f 4011/4011 1196/1196 3108/3108
f 3298/3298 4011/4011 3108/3108
f 3298/3298 3108/3108 1076/1076
f 1255/1255 3387/3387 4012/4012
f 1255/1255 4012/4012 3551/3551
f 3387/3387 1277/1277 3334/3334
f 3387/3387 3334/3334 4012/4012
f 4012/4012 3334/3334 1291/1291
f 4012/4012 1291/1291 3433/3433
f 3551/3551 4012/4012 3433/3433
f 3551/3551 3433/3433 1357/1357
f 1038/1038 3485/3485 4013/4013
f 1038/1038 4013/4013 3481/3481
f 3485/3485 1062/1062 3003/3003
f 3485/3485 3003/3003 4013/4013
f 4013/4013 3003/3003 992/992
f 4013/4013 992/992 2955/2955
f 3481/3481 4013/4013 2955/2955
f 3481/3481 2955/2955 945/945
f 73/73 3660/3660 4014/4014
f 73/73 4014/4014 1468/1468
f 3660/3660 1055/1055 3339/3339
f 3660/3660 3339/3339 4014/4014
f 4014/4014 3339/3339 1031/1031
f 4014/4014 1031/1031 3612/3612
f 1468/1468 4014/4014 3612/3612
f 1468/1468 3612/3612 78/78
f 915/915 3100/3100 4015/4015
f 915/915 4015/4015 2083/2083
f 3100/3100 932/932 1982/1982
f 3100/3100 1982/1982 4015/4015
f 4015/4015 1982/1982 942/942
f 4015/4015 942/942 3160/3160
f 2083/2083 4015/4015 3160/3160
f 2083/2083 3160/3160 1037/1037
f 1366/1366 1671/1671 4016/4016
f 1366/1366 4016/4016 3592/3592
f 1671/1671 1053/1053 3460/3460
f 1671/1671 3460/3460 4016/4016
f 4016/4016 3460/3460 1051/1051
f 4016/4016 1051/1051 1850/1850
f 3592/3592 4016/4016 1850/1850
f 3592/3592 1850/1850 1365/1365
f 1049/1049 3135/3135 4017/4017
f 1049/1049 4017/4017 1786/1786
f 3135/3135 936/936 3324/3324
f 3135/3135 3324/3324 4017/4017
f 4017/4017 3324/3324 931/931
f 4017/4017 931/931 1798/1798
f 1786/1786 4017/4017 1798/1798
f 1786/1786 1798/1798 962/962
f 1119/1119 1855/1855 4018/4018
f 1119/1119 4018/4018 3052/3052
f 1855/1855 1130/1130 3374/3374
f 1855/1855 3374/3374 4018/4018
f 4018/4018 3374/3374 1254/1254
f 4018/4018 1254/1254 1676/1676
f 3052/3052 4018/4018 1676/1676
f 3052/3052 1676/1676 1161/1161
f 1378/1378 3580/3580 4019/4019
f 1378/1378 4019/4019 3575/3575
f 3580/3580 1368/1368 3502/3502
f 3580/3580 3502/3502 4019/4019
f 4019/4019 3502/3502 1264/1264
f 4019/4019 1264/1264 3354/3354
f 3575/3575 4019/4019 3354/3354
f 3575/3575 3354/3354 1263/1263
f 1168/1168 3371/3371 4020/4020
f 1168/1168 4020/4020 3265/3265
f 3371/3371 1335/1335 1966/1966
f 3371/3371 1966/1966 4020/4020
f 4020/4020 1966/1966 1336/1336
f 4020/4020 1336/1336 3351/3351
f 3265/3265 4020/4020 3351/3351
f 3265/3265 3351/3351 1167/1167
f 1044/1044 1979/1979 4021/4021
f 1044/1044 4021/4021 1493/1493
f 1979/1979 1019/1019 3125/3125
f 1979/1979 3125/3125 4021/4021
f 4021/4021 3125/3125 1020/1020
f 4021/4021 1020/1020 1408/1408
f 1493/1493 4021/4021 1408/1408
f 1493/1493 1408/1408 1043/1043
f 1346/1346 3424/3424 4022/4022
f 1346/1346 4022/4022 3370/3370
f 3424/3424 1164/1164 3126/3126
f 3424/3424 3126/3126 4022/4022
f 4022/4022 3126/3126 1165/1165
f 4022/4022 1165/1165 1760/1760
f 3370/3370 4022/4022 1760/1760
f 3370/3370 1760/1760 1195/1195
f 1362/1362 3420/3420 4023/4023
f 1362/1362 4023/4023 3546/3546
f 3420/3420 1356/1356 3431/3431
f 3420/3420 3431/3431 4023/4023
f 4023/4023 3431/3431 1354/1354
f 4023/4023 1354/1354 3541/3541
f 3546/3546 4023/4023 3541/3541
f 3546/3546 3541/3541 1360/1360
f 1074/1074 3134/3134 4024/4024
f 1074/1074 4024/4024 1421/1421
f 3134/3134 1194/1194 3283/3283
f 3134/3134 3283/3283 4024/4024
f 4024/4024 3283/3283 1228/1228
f 4024/4024 1228/1228 3491/3491
f 1421/1421 4024/4024 3491/3491
f 1421/1421 3491/3491 1222/1222
f 1335/1335 3142/3142 4025/4025
f 1335/1335 4025/4025 1966/1966
f 3142/3142 1163/1163 1389/1389
f 3142/3142 1389/1389 4025/4025
f 4025/4025 1389/1389 1162/1162
f 4025/4025 1162/1162 3403/3403
f 1966/1966 4025/4025 3403/3403
f 1966/1966 3403/3403 1336/1336
f 1252/1252 2049/2049 4026/4026
f 1252/1252 4026/4026 1974/1974
f 2049/2049 1248/1248 3262/3262
f 2049/2049 3262/3262 4026/4026
f 4026/4026 3262/3262 1249/1249
f 4026/4026 1249/1249 2855/2855
f 1974/1974 4026/4026 2855/2855
f 1974/1974 2855/2855 1253/1253
f 1141/1141 1909/1909 4027/4027
f 1141/1141 4027/4027 3640/3640
f 1909/1909 1246/1246 3624/3624
f 1909/1909 3624/3624 4027/4027
f 4027/4027 3624/3624 820/820
f 4027/4027 820/820 1603/1603
f 3640/3640 4027/4027 1603/1603
f 3640/3640 1603/1603 121/121
f 1207/1207 3153/3153 4028/4028
f 1207/1207 4028/4028 1624/1624
f 3153/3153 1001/1001 3092/3092
f 3153/3153 3092/3092 4028/4028
f 4028/4028 3092/3092 1193/1193
f 4028/4028 1193/1193 3309/3309
f 1624/1624 4028/4028 3309/3309
f 1624/1624 3309/3309 1078/1078
f 230/230 1868/1868 4029/4029
f 230/230 4029/4029 1986/1986
f 1868/1868 350/350 1864/1864
f 1868/1868 1864/1864 4029/4029
f 4029/4029 1864/1864 282/282
f 4029/4029 282/282 1985/1985
f 1986/1986 4029/4029 1985/1985
f 1986/1986 1985/1985 133/133
f 1312/1312 3263/3263 4030/4030
f 1312/1312 4030/4030 3275/3275
f 3263/3263 1316/1316 3409/3409
f 3263/3263 3409/3409 4030/4030
f 4030/4030 3409/3409 1337/1337
f 4030/4030 1337/1337 1469/1469
f 3275/3275 4030/4030 1469/1469
f 3275/3275 1469/1469 1305/1305
f 925/925 3103/3103 4031/4031
f 925/925 4031/4031 3665/3665
f 3103/3103 1026/1026 3673/3673
f 3103/3103 3673/3673 4031/4031
f 4031/4031 3673/3673 19/19
f 4031/4031 19/19 1722/1722
f 3665/3665 4031/4031 1722/1722
f 3665/3665 1722/1722 17/17
f 1364/1364 3558/3558 4032/4032
f 1364/1364 4032/4032 1635/1635
f 3558/3558 1117/1117 3081/3081
f 3558/3558 3081/3081 4032/4032
f 4032/4032 3081/3081 1163/1163
f 4032/4032 1163/1163 3142/3142
f 1635/1635 4032/4032 3142/3142
f 1635/1635 3142/3142 1335/1335
f 912/912 3144/3144 4033/4033
f 912/912 4033/4033 1889/1889
f 3144/3144 1023/1023 2956/2956
f 3144/3144 2956/2956 4033/4033
f 4033/4033 2956/2956 1367/1367
f 4033/4033 1367/1367 3594/3594
f 1889/1889 4033/4033 3594/3594
f 1889/1889 3594/3594 1366/1366
f 1269/1269 2117/2117 4034/4034
f 1269/1269 4034/4034 1520/1520
f 2117/2117 1276/1276 2075/2075
f 2117/2117 2075/2075 4034/4034
f 4034/4034 2075/2075 1358/1358
f 4034/4034 1358/1358 3547/3547
f 1520/1520 4034/4034 3547/3547
f 1520/1520 3547/3547 1361/1361
f 1204/1204 3350/3350 4035/4035
f 1204/1204 4035/4035 3708/3708
f 3350/3350 1259/1259 3689/3689
f 3350/3350 3689/3689 4035/4035
f 4035/4035 3689/3689 889/889
f 4035/4035 889/889 1858/1858
f 3708/3708 4035/4035 1858/1858
f 3708/3708 1858/1858 14/14
f 1302/1302 3045/3045 4036/4036
f 1302/1302 4036/4036 3484/3484
f 3045/3045 1290/1290 3448/3448
f 3045/3045 3448/3448 4036/4036
f 4036/4036 3448/3448 1292/1292
f 4036/4036 1292/1292 1975/1975
f 3484/3484 4036/4036 1975/1975
f 3484/3484 1975/1975 1303/1303
f 354/354 1989/1989 4037/4037
f 354/354 4037/4037 1511/1511
f 1989/1989 959/959 1990/1990
f 1989/1989 1990/1990 4037/4037
f 4037/4037 1990/1990 939/939
f 4037/4037 939/939 1991/1991
f 1511/1511 4037/4037 1991/1991
f 1511/1511 1991/1991 941/941
f 1176/1176 1969/1969 4038/4038
f 1176/1176 4038/4038 3694/3694
f 1969/1969 1179/1179 3647/3647
f 1969/1969 3647/3647 4038/4038
f 4038/4038 3647/3647 43/43
f 4038/4038 43/43 1560/1560
f 3694/3694 4038/4038 1560/1560
f 3694/3694 1560/1560 96/96
f 1335/1335 3412/3412 4039/4039
f 1335/1335 4039/4039 1635/1635
f 3412/3412 1337/1337 3409/3409
f 3412/3412 3409/3409 4039/4039
f 4039/4039 3409/3409 1316/1316
f 4039/4039 1316/1316 3557/3557
f 1635/1635 4039/4039 3557/3557
f 1635/1635 3557/3557 1364/1364
f 1303/1303 3257/3257 4040/4040
f 1303/1303 4040/4040 3484/3484
f 3257/3257 1285/1285 1951/1951
f 3257/3257 1951/1951 4040/4040
f 4040/4040 1951/1951 1284/1284
f 4040/4040 1284/1284 3305/3305
f 3484/3484 4040/4040 3305/3305
f 3484/3484 3305/3305 1302/1302
f 1334/1334 3417/3417 4041/4041
f 1334/1334 4041/4041 3405/3405
f 3417/3417 1349/1349 3418/3418
f 3417/3417 3418/3418 4041/4041
f 4041/4041 3418/3418 1164/1164
f 4041/4041 1164/1164 3424/3424
f 3405/3405 4041/4041 3424/3424
f 3405/3405 3424/3424 1346/1346
f 1161/1161 1676/1676 4042/4042
f 1161/1161 4042/4042 3230/3230
f 1676/1676 1254/1254 2856/2856
f 1676/1676 2856/2856 4042/4042
f 4042/4042 2856/2856 1250/1250
f 4042/4042 1250/1250 3050/3050
f 3230/3230 4042/4042 3050/3050
f 3230/3230 3050/3050 1159/1159
f 1328/1328 3129/3129 4043/4043
f 1328/1328 4043/4043 3398/3398
f 3129/3129 1069/1069 3098/3098
f 3129/3129 3098/3098 4043/4043
f 4043/4043 3098/3098 1071/1071
f 4043/4043 1071/1071 3321/3321
f 3398/3398 4043/4043 3321/3321
f 3398/3398 3321/3321 1323/1323
f 1244/1244 3256/3256 4044/4044
f 1244/1244 4044/4044 3282/3282
f 3256/3256 1252/1252 1974/1974
f 3256/3256 1974/1974 4044/4044
f 4044/4044 1974/1974 1253/1253
f 4044/4044 1253/1253 3373/3373
f 3282/3282 4044/4044 3373/3373
f 3282/3282 3373/3373 1129/1129
f 187/187 1651/1651 4045/4045
f 187/187 4045/4045 1932/1932
f 1651/1651 148/148 1621/1621
f 1651/1651 1621/1621 4045/4045
f 4045/4045 1621/1621 206/206
f 4045/4045 206/206 1710/1710
f 1932/1932 4045/4045 1710/1710
f 1932/1932 1710/1710 154/154
f 70/70 3661/3661 4046/4046
f 70/70 4046/4046 1458/1458
f 3661/3661 988/988 3235/3235
f 3661/3661 3235/3235 4046/4046
f 4046/4046 3235/3235 1060/1060
f 4046/4046 1060/1060 3654/3654
f 1458/1458 4046/4046 3654/3654
f 1458/1458 3654/3654 74/74
f 1059/1059 2988/2988 4047/4047
f 1059/1059 4047/4047 3157/3157
f 2988/2988 923/923 3223/3223
f 2988/2988 3223/3223 4047/4047
f 4047/4047 3223/3223 1025/1025
f 4047/4047 1025/1025 2116/2116
f 3157/3157 4047/4047 2116/2116
f 3157/3157 2116/2116 2/2
f 35/35 1473/1473 4048/4048
f 35/35 4048/4048 3639/3639
f 1473/1473 87/87 3617/3617
f 1473/1473 3617/3617 4048/4048
f 4048/4048 3617/3617 1048/1048
f 4048/4048 1048/1048 3340/3340
f 3639/3639 4048/4048 3340/3340
f 3639/3639 3340/3340 984/984
f 1378/1378 3575/3575 4049/4049
f 1378/1378 4049/4049 3579/3579
f 3575/3575 1263/1263 3482/3482
f 3575/3575 3482/3482 4049/4049
f 4049/4049 3482/3482 1148/1148
f 4049/4049 1148/1148 3574/3574
f 3579/3579 4049/4049 3574/3574
f 3579/3579 3574/3574 1374/1374
f 818/818 1994/1994 4050/4050
f 818/818 4050/4050 1998/1998
f 1994/1994 271/271 1995/1995
f 1994/1994 1995/1995 4050/4050
f 4050/4050 1995/1995 278/278
f 4050/4050 278/278 1997/1997
f 1998/1998 4050/4050 1997/1997
f 1998/1998 1997/1997 819/819
f 252/252 1843/1843 4051/4051
f 252/252 4051/4051 2004/2004
f 1843/1843 249/249 1999/1999
f 1843/1843 1999/1999 4051/4051
f 4051/4051 1999/1999 253/253
f 4051/4051 253/253 2001/2001
f 2004/2004 4051/4051 2001/2001
f 2004/2004 2001/2001 258/258
f 1171/1171 3285/3285 4052/4052
f 1171/1171 4052/4052 3088/3088
f 3285/3285 1175/1175 3455/3455
f 3285/3285 3455/3455 4052/4052
f 4052/4052 3455/3455 920/920
f 4052/4052 920/920 3231/3231
f 3088/3088 4052/4052 3231/3231
f 3088/3088 3231/3231 917/917
f 1321/1321 3572/3572 4053/4053
f 1321/1321 4053/4053 3591/3591
f 3572/3572 897/897 3019/3019
f 3572/3572 3019/3019 4053/4053
f 4053/4053 3019/3019 898/898
f 4053/4053 898/898 1746/1746
f 3591/3591 4053/4053 1746/1746
f 3591/3591 1746/1746 1306/1306
f 264/264 2007/2007 4054/4054
f 264/264 4054/4054 2010/2010
f 2007/2007 263/263 2008/2008
f 2007/2007 2008/2008 4054/4054
f 4054/4054 2008/2008 260/260
f 4054/4054 260/260 2009/2009
f 2010/2010 4054/4054 2009/2009
f 2010/2010 2009/2009 261/261
f 272/272 2012/2012 4055/4055
f 272/272 4055/4055 1996/1996
f 2012/2012 274/274 2014/2014
f 2012/2012 2014/2014 4055/4055
f 4055/4055 2014/2014 277/277
f 4055/4055 277/277 1531/1531
f 1996/1996 4055/4055 1531/1531
f 1996/1996 1531/1531 279/279
f 273/273 2015/2015 4056/4056
f 273/273 4056/4056 2013/2013
f 2015/2015 270/270 1391/1391
f 2015/2015 1391/1391 4056/4056
f 4056/4056 1391/1391 275/275
f 4056/4056 275/275 1915/1915
f 2013/2013 4056/4056 1915/1915
f 2013/2013 1915/1915 276/276
f 265/265 2011/2011 4057/4057
f 265/265 4057/4057 2019/2019
f 2011/2011 262/262 2016/2016
f 2011/2011 2016/2016 4057/4057
f 4057/4057 2016/2016 269/269
f 4057/4057 269/269 2018/2018
f 2019/2019 4057/4057 2018/2018
f 2019/2019 2018/2018 267/267
f 278/278 1536/1536 4058/4058
f 278/278 4058/4058 1997/1997
f 1536/1536 121/121 1603/1603
f 1536/1536 1603/1603 4058/4058
f 4058/4058 1603/1603 820/820
f 4058/4058 820/820 2020/2020
f 1997/1997 4058/4058 2020/2020
f 1997/1997 2020/2020 819/819
f 909/909 1963/1963 4059/4059
f 909/909 4059/4059 1895/1895
f 1963/1963 349/349 2021/2021
f 1963/1963 2021/2021 4059/4059
f 4059/4059 2021/2021 937/937
f 4059/4059 937/937 2022/2022
f 1895/1895 4059/4059 2022/2022
f 1895/1895 2022/2022 946/946
f 826/826 2024/2024 4060/4060
f 826/826 4060/4060 2027/2027
f 2024/2024 827/827 2025/2025
f 2024/2024 2025/2025 4060/4060
f 4060/4060 2025/2025 271/271
f 4060/4060 271/271 1994/1994
f 2027/2027 4060/4060 1994/1994
f 2027/2027 1994/1994 818/818
f 287/287 2028/2028 4061/4061
f 287/287 4061/4061 2031/2031
f 2028/2028 290/290 2029/2029
f 2028/2028 2029/2029 4061/4061
f 4061/4061 2029/2029 289/289
f 4061/4061 289/289 2030/2030
f 2031/2031 4061/4061 2030/2030
f 2031/2031 2030/2030 285/285
f 981/981 3381/3381 4062/4062
f 981/981 4062/4062 3080/3080
f 3381/3381 1212/1212 3380/3380
f 3381/3381 3380/3380 4062/4062
f 4062/4062 3380/3380 968/968
f 4062/4062 968/968 3170/3170
f 3080/3080 4062/4062 3170/3170
f 3080/3080 3170/3170 1079/1079
f 1085/1085 3187/3187 4063/4063
f 1085/1085 4063/4063 1395/1395
f 3187/3187 1097/1097 3072/3072
f 3187/3187 3072/3072 4063/4063
f 4063/4063 3072/3072 980/980
f 4063/4063 980/980 3071/3071
f 1395/1395 4063/4063 3071/3071
f 1395/1395 3071/3071 125/125
f 285/285 2030/2030 4064/4064
f 285/285 4064/4064 2036/2036
f 2030/2030 289/289 1811/1811
f 2030/2030 1811/1811 4064/4064
f 4064/4064 1811/1811 270/270
f 4064/4064 270/270 2015/2015
f 2036/2036 4064/4064 2015/2015
f 2036/2036 2015/2015 273/273
f 1008/1008 3097/3097 4065/4065
f 1008/1008 4065/4065 3500/3500
f 3097/3097 1192/1192 3234/3234
f 3097/3097 3234/3234 4065/4065
f 4065/4065 3234/3234 1077/1077
f 4065/4065 1077/1077 1992/1992
f 3500/3500 4065/4065 1992/1992
f 3500/3500 1992/1992 1215/1215
f 896/896 3688/3688 4066/4066
f 896/896 4066/4066 2977/2977
f 3688/3688 1262/1262 1424/1424
f 3688/3688 1424/1424 4066/4066
f 4066/4066 1424/1424 1260/1260
f 4066/4066 1260/1260 3690/3690
f 2977/2977 4066/4066 3690/3690
f 2977/2977 3690/3690 891/891
f 1286/1286 3143/3143 4067/4067
f 1286/1286 4067/4067 1856/1856
f 3143/3143 1287/1287 3167/3167
f 3143/3143 3167/3167 4067/4067
f 4067/4067 3167/3167 1202/1202
f 4067/4067 1202/1202 1552/1552
f 1856/1856 4067/4067 1552/1552
f 1856/1856 1552/1552 1301/1301
f 1315/1315 3589/3589 4068/4068
f 1315/1315 4068/4068 3567/3567
f 3589/3589 1314/1314 2040/2040
f 3589/3589 2040/2040 4068/4068
f 4068/4068 2040/2040 217/217
f 4068/4068 217/217 2041/2041
f 3567/3567 4068/4068 2041/2041
f 3567/3567 2041/2041 281/281
f 261/261 2009/2009 4069/4069
f 261/261 4069/4069 2046/2046
f 2009/2009 260/260 2045/2045
f 2009/2009 2045/2045 4069/4069
f 4069/4069 2045/2045 290/290
f 4069/4069 290/290 2028/2028
f 2046/2046 4069/4069 2028/2028
f 2046/2046 2028/2028 287/287
f 286/286 2037/2037 4070/4070
f 286/286 4070/4070 2048/2048
f 2037/2037 274/274 2012/2012
f 2037/2037 2012/2012 4070/4070
f 4070/4070 2012/2012 272/272
f 4070/4070 272/272 2026/2026
f 2048/2048 4070/4070 2026/2026
f 2048/2048 2026/2026 828/828
f 814/814 2866/2866 4071/4071
f 814/814 4071/4071 3684/3684
f 2866/2866 820/820 3624/3624
f 2866/2866 3624/3624 4071/4071
f 4071/4071 3624/3624 1246/1246
f 4071/4071 1246/1246 3375/3375
f 3684/3684 4071/4071 3375/3375
f 3684/3684 3375/3375 1241/1241
f 58/58 1726/1726 4072/4072
f 58/58 4072/4072 3667/3667
f 1726/1726 63/63 3707/3707
f 1726/1726 3707/3707 4072/4072
f 4072/4072 3707/3707 1019/1019
f 4072/4072 1019/1019 1979/1979
f 3667/3667 4072/4072 1979/1979
f 3667/3667 1979/1979 1044/1044
f 1032/1032 1457/1457 4073/4073
f 1032/1032 4073/4073 3156/3156
f 1457/1457 962/962 1798/1798
f 1457/1457 1798/1798 4073/4073
f 4073/4073 1798/1798 931/931
f 4073/4073 931/931 1498/1498
f 3156/3156 4073/4073 1498/1498
f 3156/3156 1498/1498 965/965
f 1345/1345 3410/3410 4074/4074
f 1345/1345 4074/4074 3416/3416
f 3410/3410 1171/1171 3088/3088
f 3410/3410 3088/3088 4074/4074
f 4074/4074 3088/3088 917/917
f 4074/4074 917/917 3467/3467
f 3416/3416 4074/4074 3467/3467
f 3416/3416 3467/3467 1344/1344
f 1366/1366 3594/3594 4075/4075
f 1366/1366 4075/4075 1671/1671
f 3594/3594 1367/1367 1888/1888
f 3594/3594 1888/1888 4075/4075
f 4075/4075 1888/1888 1063/1063
f 4075/4075 1063/1063 3325/3325
f 1671/1671 4075/4075 3325/3325
f 1671/1671 3325/3325 1053/1053
f 1359/1359 3554/3554 4076/4076
f 1359/1359 4076/4076 3297/3297
f 3554/3554 1352/1352 3429/3429
f 3554/3554 3429/3429 4076/4076
f 4076/4076 3429/3429 1351/1351
f 4076/4076 1351/1351 3432/3432
f 3297/3297 4076/4076 3432/3432
f 3297/3297 3432/3432 1358/1358
f 1183/1183 3306/3306 4077/4077
f 1183/1183 4077/4077 3107/3107
f 3306/3306 1189/1189 2088/2088
f 3306/3306 2088/2088 4077/4077
f 4077/4077 2088/2088 1068/1068
f 4077/4077 1068/1068 1967/1967
f 3107/3107 4077/4077 1967/1967
f 3107/3107 1967/1967 1013/1013
f 1234/1234 3675/3675 4078/4078
f 1234/1234 4078/4078 1859/1859
f 3675/3675 367/367 1767/1767
f 3675/3675 1767/1767 4078/4078
f 4078/4078 1767/1767 821/821
f 4078/4078 821/821 3677/3677
f 1859/1859 4078/4078 3677/3677
f 1859/1859 3677/3677 1242/1242
f 1273/1273 3442/3442 4079/4079
f 1273/1273 4079/4079 3025/3025
f 3442/3442 1291/1291 2872/2872
f 3442/3442 2872/2872 4079/4079
f 4079/4079 2872/2872 1289/1289
f 4079/4079 1289/1289 2063/2063
f 3025/3025 4079/4079 2063/2063
f 3025/3025 2063/2063 1274/1274
f 1042/1042 3315/3315 4080/4080
f 1042/1042 4080/4080 3473/3473
f 3315/3315 1044/1044 1493/1493
f 3315/3315 1493/1493 4080/4080
f 4080/4080 1493/1493 1043/1043
f 4080/4080 1043/1043 3318/3318
f 3473/3473 4080/4080 3318/3318
f 3473/3473 3318/3318 1040/1040
f 1317/1317 2061/2061 4081/4081
f 1317/1317 4081/4081 3588/3588
f 2061/2061 5/5 1881/1881
f 2061/2061 1881/1881 4081/4081
f 4081/4081 1881/1881 217/217
f 4081/4081 217/217 2040/2040
f 3588/3588 4081/4081 2040/2040
f 3588/3588 2040/2040 1314/1314
f 997/997 3021/3021 4082/4082
f 997/997 4082/4082 2961/2961
f 3021/3021 1207/1207 1624/1624
f 3021/3021 1624/1624 4082/4082
f 4082/4082 1624/1624 1078/1078
f 4082/4082 1078/1078 1709/1709
f 2961/2961 4082/4082 1709/1709
f 2961/2961 1709/1709 1196/1196
f 1304/1304 1900/1900 4083/4083
f 1304/1304 4083/4083 3353/3353
f 1900/1900 1288/1288 3046/3046
f 1900/1900 3046/3046 4083/4083
f 4083/4083 3046/3046 1290/1290
f 4083/4083 1290/1290 3045/3045
f 3353/3353 4083/4083 3045/3045
f 3353/3353 3045/3045 1302/1302
f 1353/1353 3400/3400 4084/4084
f 1353/1353 4084/4084 1388/1388
f 3400/3400 1320/1320 1972/1972
f 3400/3400 1972/1972 4084/4084
f 4084/4084 1972/1972 1329/1329
f 4084/4084 1329/1329 3388/3388
f 1388/1388 4084/4084 3388/3388
f 1388/1388 3388/3388 1257/1257
f 371/371 2065/2065 4085/4085
f 371/371 4085/4085 2066/2066
f 2065/2065 239/239 1645/1645
f 2065/2065 1645/1645 4085/4085
f 4085/4085 1645/1645 318/318
f 4085/4085 318/318 1772/1772
f 2066/2066 4085/4085 1772/1772
f 2066/2066 1772/1772 382/382
f 225/225 2064/2064 4086/4086
f 225/225 4086/4086 1835/1835
f 2064/2064 970/970 3060/3060
f 2064/2064 3060/3060 4086/4086
f 4086/4086 3060/3060 975/975
f 4086/4086 975/975 2068/2068
f 1835/1835 4086/4086 2068/2068
f 1835/1835 2068/2068 242/242
f 98/98 1938/1938 4087/4087
f 98/98 4087/4087 1957/1957
f 1938/1938 314/314 1822/1822
f 1938/1938 1822/1822 4087/4087
f 4087/4087 1822/1822 315/315
f 4087/4087 315/315 1561/1561
f 1957/1957 4087/4087 1561/1561
f 1957/1957 1561/1561 43/43
f 165/165 1550/1550 4088/4088
f 165/165 4088/4088 1633/1633
f 1550/1550 312/312 1562/1562
f 1550/1550 1562/1562 4088/4088
f 4088/4088 1562/1562 315/315
f 4088/4088 315/315 1821/1821
f 1633/1633 4088/4088 1821/1821
f 1633/1633 1821/1821 228/228
f 1090/1090 3177/3177 4089/4089
f 1090/1090 4089/4089 3185/3185
f 3177/3177 239/239 2071/2071
f 3177/3177 2071/2071 4089/4089
f 4089/4089 2071/2071 333/333
f 4089/4089 333/333 1393/1393
f 3185/3185 4089/4089 1393/1393
f 3185/3185 1393/1393 1084/1084
f 927/927 2072/2072 4090/4090
f 927/927 4090/4090 1715/1715
f 2072/2072 930/930 1923/1923
f 2072/2072 1923/1923 4090/4090
f 4090/4090 1923/1923 323/323
f 4090/4090 323/323 1954/1954
f 1715/1715 4090/4090 1954/1954
f 1715/1715 1954/1954 168/168
f 41/41 1905/1905 4091/4091
f 41/41 4091/4091 1492/1492
f 1905/1905 304/304 1854/1854
f 1905/1905 1854/1854 4091/4091
f 4091/4091 1854/1854 308/308
f 4091/4091 308/308 1875/1875
f 1492/1492 4091/4091 1875/1875
f 1492/1492 1875/1875 93/93
f 114/114 1656/1656 4092/4092
f 114/114 4092/4092 3653/3653
f 1656/1656 814/814 3684/3684
f 1656/1656 3684/3684 4092/4092
f 4092/4092 3684/3684 1241/1241
f 4092/4092 1241/1241 3299/3299
f 3653/3653 4092/4092 3299/3299
f 3653/3653 3299/3299 1240/1240
f 1371/1371 3601/3601 4093/4093
f 1371/1371 4093/4093 2963/2963
f 3601/3601 1372/1372 3586/3586
f 3601/3601 3586/3586 4093/4093
f 4093/4093 3586/3586 919/919
f 4093/4093 919/919 3454/3454
f 2963/2963 4093/4093 3454/3454
f 2963/2963 3454/3454 1174/1174
f 892/892 2076/2076 4094/4094
f 892/892 4094/4094 2079/2079
f 2076/2076 357/357 1738/1738
f 2076/2076 1738/1738 4094/4094
f 4094/4094 1738/1738 355/355
f 4094/4094 355/355 2078/2078
f 2079/2079 4094/4094 2078/2078
f 2079/2079 2078/2078 887/887
f 1062/1062 3638/3638 4095/4095
f 1062/1062 4095/4095 3003/3003
f 3638/3638 27/27 1782/1782
f 3638/3638 1782/1782 4095/4095
f 4095/4095 1782/1782 76/76
f 4095/4095 76/76 3652/3652
f 3003/3003 4095/4095 3652/3652
f 3003/3003 3652/3652 992/992
f 319/319 1747/1747 4096/4096
f 319/319 4096/4096 1549/1549
f 1747/1747 299/299 1802/1802
f 1747/1747 1802/1802 4096/4096
f 4096/4096 1802/1802 96/96
f 4096/4096 96/96 1559/1559
f 1549/1549 4096/4096 1559/1559
f 1549/1549 1559/1559 312/312
f 1237/1237 3619/3619 4097/4097
f 1237/1237 4097/4097 1910/1910
f 3619/3619 110/110 2850/2850
f 3619/3619 2850/2850 4097/4097
f 4097/4097 2850/2850 109/109
f 4097/4097 109/109 3680/3680
f 1910/1910 4097/4097 3680/3680
f 1910/1910 3680/3680 1238/1238
f 969/969 3656/3656 4098/4098
f 969/969 4098/4098 3453/3453
f 3656/3656 85/85 1420/1420
f 3656/3656 1420/1420 4098/4098
f 4098/4098 1420/1420 31/31
f 4098/4098 31/31 3662/3662
f 3453/3453 4098/4098 3662/3662
f 3453/3453 3662/3662 1041/1041
f 343/343 1719/1719 4099/4099
f 343/343 4099/4099 2087/2087
f 1719/1719 234/234 2086/2086
f 1719/1719 2086/2086 4099/4099
f 4099/4099 2086/2086 293/293
f 4099/4099 293/293 2050/2050
f 2087/2087 4099/4099 2050/2050
f 2087/2087 2050/2050 292/292
f 1055/1055 3660/3660 4100/4100
f 1055/1055 4100/4100 1787/1787
f 3660/3660 73/73 1495/1495
f 3660/3660 1495/1495 4100/4100
f 4100/4100 1495/1495 15/15
f 4100/4100 15/15 3695/3695
f 1787/1787 4100/4100 3695/3695
f 1787/1787 3695/3695 922/922
f 1238/1238 3680/3680 4101/4101
f 1238/1238 4101/4101 3284/3284
f 3680/3680 109/109 2853/2853
f 3680/3680 2853/2853 4101/4101
f 4101/4101 2853/2853 822/822
f 4101/4101 822/822 3608/3608
f 3284/3284 4101/4101 3608/3608
f 3284/3284 3608/3608 1239/1239
f 912/912 1889/1889 4102/4102
f 912/912 4102/4102 3466/3466
f 1889/1889 1366/1366 3592/3592
f 1889/1889 3592/3592 4102/4102
f 4102/4102 3592/3592 1365/1365
f 4102/4102 1365/1365 3559/3559
f 3466/3466 4102/4102 3559/3559
f 3466/3466 3559/3559 1026/1026
f 890/890 2092/2092 4103/4103
f 890/890 4103/4103 2093/2093
f 2092/2092 353/353 1927/1927
f 2092/2092 1927/1927 4103/4103
f 4103/4103 1927/1927 358/358
f 4103/4103 358/358 2077/2077
f 2093/2093 4103/4103 2077/2077
f 2093/2093 2077/2077 893/893
f 938/938 3083/3083 4104/4104
f 938/938 4104/4104 3435/3435
f 3083/3083 1038/1038 1578/1578
f 3083/3083 1578/1578 4104/4104
f 4104/4104 1578/1578 1047/1047
f 4104/4104 1047/1047 3140/3140
f 3435/3435 4104/4104 3140/3140
f 3435/3435 3140/3140 969/969
f 908/908 1807/1807 4105/4105
f 908/908 4105/4105 2094/2094
f 1807/1807 1111/1111 3217/3217
f 1807/1807 3217/3217 4105/4105
f 4105/4105 3217/3217 1113/1113
f 4105/4105 1113/1113 3215/3215
f 2094/2094 4105/4105 3215/3215
f 2094/2094 3215/3215 905/905
f 133/133 2095/2095 4106/4106
f 133/133 4106/4106 1986/1986
f 2095/2095 356/356 2096/2096
f 2095/2095 2096/2096 4106/4106
f 4106/4106 2096/2096 355/355
f 4106/4106 355/355 1737/1737
f 1986/1986 4106/4106 1737/1737
f 1986/1986 1737/1737 230/230
f 923/923 3002/3002 4107/4107
f 923/923 4107/4107 3322/3322
f 3002/3002 1072/1072 3163/3163
f 3002/3002 3163/3163 4107/4107
f 4107/4107 3163/3163 1203/1203
f 4107/4107 1203/1203 3087/3087
f 3322/3322 4107/4107 3087/3087
f 3322/3322 3087/3087 1204/1204
f 934/934 1733/1733 4108/4108
f 934/934 4108/4108 3475/3475
f 1733/1733 931/931 3324/3324
f 1733/1733 3324/3324 4108/4108
f 4108/4108 3324/3324 936/936
f 4108/4108 936/936 1936/1936
f 3475/3475 4108/4108 1936/1936
f 3475/3475 1936/1936 1030/1030
f 1046/1046 3226/3226 4109/4109
f 1046/1046 4109/4109 3651/3651
f 3226/3226 1019/1019 3707/3707
f 3226/3226 3707/3707 4109/4109
f 4109/4109 3707/3707 63/63
f 4109/4109 63/63 1451/1451
f 3651/3651 4109/4109 1451/1451
f 3651/3651 1451/1451 83/83
f 1290/1290 3046/3046 4110/4110
f 1290/1290 4110/4110 3186/3186
f 3046/3046 1288/1288 3362/3362
f 3046/3046 3362/3362 4110/4110
f 4110/4110 3362/3362 1143/1143
f 4110/4110 1143/1143 3368/3368
f 3186/3186 4110/4110 3368/3368
f 3186/3186 3368/3368 1209/1209
f 52/52 2090/2090 4111/4111
f 52/52 4111/4111 1911/1911
f 2090/2090 13/13 1399/1399
f 2090/2090 1399/1399 4111/4111
f 4111/4111 1399/1399 183/183
f 4111/4111 183/183 1935/1935
f 1911/1911 4111/4111 1935/1935
f 1911/1911 1935/1935 208/208
f 1300/1300 3391/3391 4112/4112
f 1300/1300 4112/4112 3349/3349
f 1143/1143 3362/3362 4112/4112
f 1143/1143 4112/4112 3391/3391
f 1288/1288 3349/3349 4112/4112
f 1288/1288 4112/4112 3362/3362
f 242/242 2068/2068 4113/4113
f 242/242 4113/4113 1950/1950
f 975/975 3064/3064 4113/4113
f 975/975 4113/4113 2068/2068
f 348/348 1950/1950 4113/4113
f 348/348 4113/4113 3064/3064
f 1376/1376 3024/3024 4114/4114
f 1376/1376 4114/4114 3360/3360
f 3024/3024 3/3 3130/3130
f 3024/3024 3130/3130 4114/4114
f 4114/4114 3130/3130 1056/1056
f 4114/4114 1056/1056 3593/3593
f 3360/3360 4114/4114 3593/3593
f 3360/3360 3593/3593 1377/1377
f 1114/1114 1625/1625 4115/4115
f 1114/1114 4115/4115 3090/3090
f 1625/1625 1088/1088 3583/3583
f 1625/1625 3583/3583 4115/4115
f 4115/4115 3583/3583 1373/1373
f 4115/4115 1373/1373 3605/3605
f 3090/3090 4115/4115 3605/3605
f 3090/3090 3605/3605 1375/1375
f 42/42 2102/2102 4116/4116
f 42/42 4116/4116 2104/2104
f 361/361 2103/2103 4116/4116
f 361/361 4116/4116 2102/2102
f 885/885 2104/2104 4116/4116
f 885/885 4116/4116 2103/2103
f 362/362 2105/2105 4117/4117
f 362/362 4117/4117 2106/2106
f 2105/2105 42/42 2100/2100
f 2105/2105 2100/2100 4117/4117
f 4117/4117 2100/2100 302/302
f 4117/4117 302/302 1878/1878
f 2106/2106 4117/4117 1878/1878
f 2106/2106 1878/1878 339/339
f 1034/1034 3138/3138 4118/4118
f 1034/1034 4118/4118 1790/1790
f 3138/3138 934/934 3475/3475
f 3138/3138 3475/3475 4118/4118
f 4118/4118 3475/3475 1030/1030
f 4118/4118 1030/1030 3458/3458
f 1790/1790 4118/4118 3458/3458
f 1790/1790 3458/3458 986/986
f 248/248 2107/2107 4119/4119
f 248/248 4119/4119 1763/1763
f 2107/2107 303/303 2108/2108
f 2107/2107 2108/2108 4119/4119
f 4119/4119 2108/2108 362/362
f 4119/4119 362/362 2106/2106
f 1763/1763 4119/4119 2106/2106
f 1763/1763 2106/2106 339/339
f 1258/1258 3390/3390 4120/4120
f 1258/1258 4120/4120 2998/2998
f 3390/3390 1292/1292 3448/3448
f 3390/3390 3448/3448 4120/4120
f 4120/4120 3448/3448 1290/1290
f 4120/4120 1290/1290 3186/3186
f 2998/2998 4120/4120 3186/3186
f 2998/2998 3186/3186 1209/1209
f 1164/1164 3277/3277 4121/4121
f 1164/1164 4121/4121 3126/3126
f 3277/3277 1169/1169 3082/3082
f 3277/3277 3082/3082 4121/4121
f 4121/4121 3082/3082 1168/1168
f 4121/4121 1168/1168 1662/1662
f 3126/3126 4121/4121 1662/1662
f 3126/3126 1662/1662 1165/1165
f 1029/1029 3249/3249 4122/4122
f 1029/1029 4122/4122 3296/3296
f 3249/3249 984/984 3340/3340
f 3249/3249 3340/3340 4122/4122
f 4122/4122 3340/3340 1048/1048
f 4122/4122 1048/1048 1785/1785
f 3296/3296 4122/4122 1785/1785
f 3296/3296 1785/1785 961/961
f 342/342 2111/2111 4123/4123
f 342/342 4123/4123 2112/2112
f 2111/2111 964/964 1589/1589
f 2111/2111 1589/1589 4123/4123
f 4123/4123 1589/1589 293/293
f 4123/4123 293/293 2086/2086
f 2112/2112 4123/4123 2086/2086
f 2112/2112 2086/2086 234/234
f 935/935 2113/2113 4124/4124
f 935/935 4124/4124 2114/2114
f 2113/2113 911/911 1573/1573
f 2113/2113 1573/1573 4124/4124
f 4124/4124 1573/1573 1109/1109
f 4124/4124 1109/1109 3218/3218
f 2114/2114 4124/4124 3218/3218
f 2114/2114 3218/3218 1110/1110
f 281/281 2041/2041 4125/4125
f 281/281 4125/4125 1757/1757
f 2041/2041 217/217 1884/1884
f 2041/2041 1884/1884 4125/4125
f 4125/4125 1884/1884 133/133
f 4125/4125 133/133 1985/1985
f 1757/1757 4125/4125 1985/1985
f 1757/1757 1985/1985 282/282
f 1153/1153 3440/3440 4126/4126
f 1153/1153 4126/4126 3086/3086
f 3440/3440 1363/1363 3556/3556
f 3440/3440 3556/3556 4126/4126
f 4126/4126 3556/3556 1312/1312
f 4126/4126 1312/1312 3084/3084
f 3086/3086 4126/4126 3084/3084
f 3086/3086 3084/3084 1266/1266
f 943/943 3032/3032 4127/4127
f 943/943 4127/4127 3643/3643
f 3032/3032 891/891 3690/3690
f 3032/3032 3690/3690 4127/4127
f 4127/4127 3690/3690 1260/1260
f 4127/4127 1260/1260 3384/3384
f 3643/3643 4127/4127 3384/3384
f 3643/3643 3384/3384 1286/1286
f 333/333 2071/2071 4128/4128
f 333/333 4128/4128 1570/1570
f 2071/2071 239/239 2065/2065
f 2071/2071 2065/2065 4128/4128
f 4128/4128 2065/2065 371/371
f 4128/4128 371/371 2073/2073
f 1570/1570 4128/4128 2073/2073
f 1570/1570 2073/2073 384/384
f 234/234 1718/1718 4129/4129
f 234/234 4129/4129 2112/2112
f 1718/1718 375/375 2053/2053
f 1718/1718 2053/2053 4129/4129
f 4129/4129 2053/2053 386/386
f 4129/4129 386/386 2115/2115
f 2112/2112 4129/4129 2115/2115
f 2112/2112 2115/2115 342/342
f 954/954 3089/3089 4130/4130
f 954/954 4130/4130 3329/3329
f 3089/3089 1020/1020 3125/3125
f 3089/3089 3125/3125 4130/4130
f 4130/4130 3125/3125 1019/1019
f 4130/4130 1019/1019 3226/3226
f 3329/3329 4130/4130 3226/3226
f 3329/3329 3226/3226 1046/1046
f 1304/1304 2056/2056 4131/4131
f 1304/1304 4131/4131 3320/3320
f 2056/2056 1289/1289 2872/2872
f 2056/2056 2872/2872 4131/4131
f 4131/4131 2872/2872 1291/1291
f 4131/4131 1291/1291 3334/3334
f 3320/3320 4131/4131 3334/3334
f 3320/3320 3334/3334 1277/1277
f 1278/1278 1519/1519 4132/4132
f 1278/1278 4132/4132 1555/1555
f 1519/1519 1271/1271 3232/3232
f 1519/1519 3232/3232 4132/4132
f 4132/4132 3232/3232 1199/1199
f 4132/4132 1199/1199 1970/1970
f 1555/1555 4132/4132 1970/1970
f 1555/1555 1970/1970 1198/1198
f 95/95 1838/1838 4133/4133
f 95/95 4133/4133 3664/3664
f 1838/1838 943/943 3643/3643
f 1838/1838 3643/3643 4133/4133
f 4133/4133 3643/3643 1286/1286
f 4133/4133 1286/1286 1856/1856
f 3664/3664 4133/4133 1856/1856
f 3664/3664 1856/1856 1301/1301
f 1256/1256 3392/3392 4134/4134
f 1256/1256 4134/4134 3319/3319
f 1300/1300 3124/3124 4134/4134
f 1300/1300 4134/4134 3392/3392
f 1277/1277 3387/3387 4134/4134
f 1277/1277 4134/4134 3124/3124
f 1255/1255 3293/3293 4134/4134
f 1255/1255 4134/4134 3387/3387
f 1257/1257 3319/3319 4134/4134
f 1257/1257 4134/4134 3293/3293
f 342/342 2115/2115 4135/4135
f 342/342 4135/4135 2119/2119
f 2115/2115 386/386 1751/1751
f 2115/2115 1751/1751 4135/4135
f 4135/4135 1751/1751 377/377
f 4135/4135 377/377 2118/2118
f 2119/2119 4135/4135 2118/2118
f 2119/2119 2118/2118 300/300
f 1220/1220 3456/3456 4136/4136
f 1220/1220 4136/4136 3294/3294
f 3456/3456 1073/1073 3146/3146
f 3456/3456 3146/3146 4136/4136
f 4136/4136 3146/3146 1195/1195
f 4136/4136 1195/1195 3270/3270
f 3294/3294 4136/4136 3270/3270
f 3294/3294 3270/3270 1230/1230
f 470/470 2120/2120 4137/4137
f 470/470 4137/4137 2123/2123
f 2120/2120 472/472 2121/2121
f 2120/2120 2121/2121 4137/4137
f 4137/4137 2121/2121 612/612
f 4137/4137 612/612 2122/2122
f 2123/2123 4137/4137 2122/2122
f 2123/2123 2122/2122 610/610
f 708/708 2129/2129 4138/4138
f 708/708 4138/4138 2133/2133
f 2129/2129 709/709 2130/2130
f 2129/2129 2130/2130 4138/4138
f 4138/4138 2130/2130 487/487
f 4138/4138 487/487 2132/2132
f 2133/2133 4138/4138 2132/2132
f 2133/2133 2132/2132 556/556
f 4253/4253 2134/2134 510/510
f 4253/4253 510/510 2201/2201
f 2201/2201 510/510 2169/2169
f 2201/2201 2169/2169 4152/4152
f 391/391 2135/2135 4139/4139
f 391/391 4139/4139 2139/2139
f 2135/2135 578/578 2136/2136
f 2135/2135 2136/2136 4139/4139
f 4139/4139 2136/2136 570/570
f 4139/4139 570/570 2138/2138
f 2139/2139 4139/4139 2138/2138
f 2139/2139 2138/2138 400/400
f 571/571 2140/2140 4140/4140
f 571/571 4140/4140 2143/2143
f 2140/2140 399/399 2142/2142
f 2140/2140 2142/2142 4140/4140
f 482/482 2145/2145 4141/4141
f 482/482 4141/4141 2148/2148
f 2145/2145 486/486 2146/2146
f 2145/2145 2146/2146 4141/4141
f 4141/4141 2146/2146 599/599
f 4141/4141 599/599 2147/2147
f 2148/2148 4141/4141 2147/2147
f 2148/2148 2147/2147 597/597
f 606/606 2151/2151 4142/4142
f 606/606 4142/4142 2154/2154
f 2151/2151 419/419 2152/2152
f 2151/2151 2152/2152 4142/4142
f 4142/4142 2152/2152 395/395
f 4142/4142 395/395 2153/2153
f 2154/2154 4142/4142 2153/2153
f 2154/2154 2153/2153 609/609
f 573/573 2157/2157 4143/4143
f 573/573 4143/4143 2160/2160
f 443/443 2159/2159 4143/4143
f 443/443 4143/4143 2157/2157
f 586/586 2160/2160 4143/4143
f 586/586 4143/4143 2159/2159
f 401/401 2161/2161 4144/4144
f 401/401 4144/4144 2163/2163
f 2161/2161 571/571 2143/2143
f 2161/2161 2143/2143 4144/4144
f 446/446 2164/2164 4145/4145
f 446/446 4145/4145 2167/2167
f 2164/2164 445/445 2165/2165
f 2164/2164 2165/2165 4145/4145
f 4145/4145 2165/2165 613/613
f 4145/4145 613/613 2166/2166
f 2167/2167 4145/4145 2166/2166
f 2167/2167 2166/2166 614/614
f 4152/4152 2169/2169 599/599
f 4152/4152 599/599 2202/2202
f 2379/2379 4199/4199 2224/2224
f 2379/2379 2224/2224 466/466
f 576/576 2170/2170 4146/4146
f 576/576 4146/4146 2173/2173
f 2170/2170 580/580 2171/2171
f 2170/2170 2171/2171 4146/4146
f 4146/4146 2171/2171 450/450
f 4146/4146 450/450 2172/2172
f 2173/2173 4146/4146 2172/2172
f 2173/2173 2172/2172 448/448
f 801/801 2175/2175 4147/4147
f 801/801 4147/4147 2179/2179
f 2175/2175 536/536 2177/2177
f 2175/2175 2177/2177 4147/4147
f 4147/4147 2177/2177 538/538
f 4147/4147 538/538 2178/2178
f 2179/2179 4147/4147 2178/2178
f 2179/2179 2178/2178 607/607
f 420/420 2180/2180 4148/4148
f 420/420 4148/4148 2183/2183
f 2183/2183 4148/4148 2182/2182
f 2183/2183 2182/2182 605/605
f 567/567 2186/2186 4149/4149
f 567/567 4149/4149 2189/2189
f 2186/2186 417/417 2187/2187
f 2186/2186 2187/2187 4149/4149
f 4149/4149 2187/2187 394/394
f 4149/4149 394/394 2188/2188
f 2189/2189 4149/4149 2188/2188
f 2189/2189 2188/2188 575/575
f 609/609 2190/2190 4150/4150
f 609/609 4150/4150 2193/2193
f 2190/2190 687/687 2191/2191
f 2190/2190 2191/2191 4150/4150
f 4150/4150 2191/2191 439/439
f 4150/4150 439/439 2192/2192
f 2193/2193 4150/4150 2192/2192
f 2193/2193 2192/2192 398/398
f 596/596 2194/2194 4151/4151
f 596/596 4151/4151 2198/2198
f 2194/2194 403/403 2195/2195
f 2194/2194 2195/2195 4151/4151
f 4151/4151 2195/2195 452/452
f 4151/4151 452/452 2197/2197
f 2198/2198 4151/4151 2197/2197
f 2198/2198 2197/2197 593/593
f 451/451 2201/2201 4152/4152
f 451/451 4152/4152 2196/2196
f 2196/2196 4152/4152 2202/2202
f 2196/2196 2202/2202 592/592
f 401/401 2163/2163 4153/4153
f 401/401 4153/4153 2204/2204
f 2204/2204 4153/4153 2203/2203
f 2204/2204 2203/2203 566/566
f 692/692 2208/2208 4154/4154
f 692/692 4154/4154 2212/2212
f 2208/2208 690/690 2209/2209
f 2208/2208 2209/2209 4154/4154
f 4154/4154 2209/2209 455/455
f 4154/4154 455/455 2211/2211
f 2212/2212 4154/4154 2211/2211
f 2212/2212 2211/2211 540/540
f 410/410 2215/2215 4155/4155
f 410/410 4155/4155 2127/2127
f 2215/2215 409/409 2216/2216
f 2215/2215 2216/2216 4155/4155
f 4155/4155 2216/2216 740/740
f 4155/4155 740/740 2217/2217
f 2127/2127 4155/4155 2217/2217
f 2127/2127 2217/2217 738/738
f 688/688 2218/2218 4156/4156
f 688/688 4156/4156 2221/2221
f 2218/2218 687/687 2219/2219
f 2218/2218 2219/2219 4156/4156
f 4156/4156 2219/2219 430/430
f 4156/4156 430/430 2220/2220
f 2221/2221 4156/4156 2220/2220
f 2221/2221 2220/2220 434/434
f 605/605 2182/2182 4157/4157
f 605/605 4157/4157 2150/2150
f 2150/2150 4157/4157 2223/2223
f 2150/2150 2223/2223 418/418
f 2143/2143 583/583 2259/2259
f 2143/2143 2259/2259 4144/4144
f 4199/4199 2203/2203 580/580
f 4199/4199 580/580 2224/2224
f 489/489 2225/2225 4158/4158
f 489/489 4158/4158 2228/2228
f 2225/2225 476/476 2226/2226
f 2225/2225 2226/2226 4158/4158
f 4158/4158 2226/2226 478/478
f 4158/4158 478/478 2227/2227
f 2228/2228 4158/4158 2227/2227
f 2228/2228 2227/2227 490/490
f 726/726 2229/2229 4159/4159
f 726/726 4159/4159 2233/2233
f 2229/2229 727/727 2230/2230
f 2229/2229 2230/2230 4159/4159
f 4159/4159 2230/2230 453/453
f 4159/4159 453/453 2232/2232
f 2233/2233 4159/4159 2232/2232
f 2233/2233 2232/2232 541/541
f 610/610 2122/2122 4160/4160
f 610/610 4160/4160 2237/2237
f 2122/2122 612/612 2236/2236
f 2122/2122 2236/2236 4160/4160
f 4160/4160 2236/2236 485/485
f 4160/4160 485/485 2144/2144
f 2237/2237 4160/4160 2144/2144
f 2237/2237 2144/2144 483/483
f 578/578 2135/2135 4161/4161
f 578/578 4161/4161 2243/2243
f 2135/2135 391/391 2241/2241
f 2135/2135 2241/2241 4161/4161
f 4161/4161 2241/2241 409/409
f 4161/4161 409/409 2242/2242
f 2243/2243 4161/4161 2242/2242
f 2243/2243 2242/2242 722/722
f 583/583 2244/2244 4162/4162
f 583/583 4162/4162 2248/2248
f 2244/2244 444/444 2245/2245
f 2244/2244 2245/2245 4162/4162
f 4162/4162 2245/2245 442/442
f 4162/4162 442/442 2246/2246
f 2248/2248 4162/4162 2246/2246
f 2248/2248 2246/2246 581/581
f 578/578 2249/2249 4163/4163
f 578/578 4163/4163 2136/2136
f 2249/2249 390/390 2250/2250
f 2249/2249 2250/2250 4163/4163
f 4163/4163 2250/2250 397/397
f 4163/4163 397/397 2252/2252
f 2136/2136 4163/4163 2252/2252
f 2136/2136 2252/2252 570/570
f 398/398 2255/2255 4164/4164
f 398/398 4164/4164 2258/2258
f 2255/2255 596/596 2198/2198
f 2255/2255 2198/2198 4164/4164
f 4164/4164 2198/2198 593/593
f 4164/4164 593/593 2257/2257
f 2258/2258 4164/4164 2257/2257
f 2258/2258 2257/2257 422/422
f 4144/4144 2259/2259 450/450
f 4144/4144 450/450 2163/2163
f 4290/4290 2272/2272 445/445
f 4290/4290 445/445 2265/2265
f 622/622 2260/2260 4165/4165
f 622/622 4165/4165 2264/2264
f 2260/2260 621/621 2261/2261
f 2260/2260 2261/2261 4165/4165
f 4165/4165 2261/2261 590/590
f 4165/4165 590/590 2262/2262
f 2264/2264 4165/4165 2262/2262
f 2264/2264 2262/2262 404/404
f 584/584 2265/2265 4166/4166
f 584/584 4166/4166 2268/2268
f 2265/2265 445/445 2164/2164
f 2265/2265 2164/2164 4166/4166
f 4166/4166 2164/2164 446/446
f 4166/4166 446/446 2266/2266
f 2268/2268 4166/4166 2266/2266
f 2268/2268 2266/2266 585/585
f 2512/2512 4290/4290 2265/2265
f 2512/2512 2265/2265 584/584
f 2182/2182 612/612 2121/2121
f 2182/2182 2121/2121 4157/4157
f 573/573 2160/2160 4167/4167
f 573/573 4167/4167 2270/2270
f 2160/2160 586/586 2267/2267
f 2160/2160 2267/2267 4167/4167
f 4167/4167 2267/2267 447/447
f 4167/4167 447/447 2269/2269
f 2270/2270 4167/4167 2269/2269
f 2270/2270 2269/2269 800/800
f 603/603 2271/2271 4168/4168
f 603/603 4168/4168 2273/2273
f 2273/2273 4168/4168 2272/2272
f 2273/2273 2272/2272 396/396
f 4157/4157 2121/2121 472/472
f 4157/4157 472/472 2223/2223
f 2142/2142 4242/4242 2280/2280
f 2142/2142 2280/2280 444/444
f 474/474 2275/2275 4169/4169
f 474/474 4169/4169 2278/2278
f 2275/2275 473/473 2276/2276
f 2275/2275 2276/2276 4169/4169
f 4169/4169 2276/2276 587/587
f 4169/4169 587/587 2277/2277
f 2278/2278 4169/4169 2277/2277
f 2278/2278 2277/2277 588/588
f 2163/2163 450/450 2171/2171
f 2163/2163 2171/2171 4153/4153
f 2280/2280 4242/4242 2512/2512
f 2280/2280 2512/2512 584/584
f 594/594 2281/2281 4170/4170
f 594/594 4170/4170 2284/2284
f 2281/2281 555/555 2283/2283
f 2281/2281 2283/2283 4170/4170
f 4170/4170 2283/2283 536/536
f 4170/4170 536/536 2175/2175
f 2284/2284 4170/4170 2175/2175
f 2284/2284 2175/2175 801/801
f 608/608 2285/2285 4171/4171
f 608/608 4171/4171 2288/2288
f 2285/2285 686/686 2286/2286
f 2285/2285 2286/2286 4171/4171
f 4171/4171 2286/2286 430/430
f 4171/4171 430/430 2287/2287
f 2288/2288 4171/4171 2287/2287
f 2288/2288 2287/2287 395/395
f 498/498 2289/2289 4172/4172
f 498/498 4172/4172 2293/2293
f 2289/2289 427/427 2290/2290
f 2289/2289 2290/2290 4172/4172
f 4172/4172 2290/2290 699/699
f 4172/4172 699/699 2292/2292
f 2293/2293 4172/4172 2292/2292
f 2293/2293 2292/2292 701/701
f 466/466 2224/2224 4173/4173
f 466/466 4173/4173 2298/2298
f 2224/2224 580/580 2170/2170
f 2224/2224 2170/2170 4173/4173
f 4173/4173 2170/2170 576/576
f 4173/4173 576/576 2296/2296
f 2298/2298 4173/4173 2296/2296
f 2298/2298 2296/2296 464/464
f 735/735 2299/2299 4174/4174
f 735/735 4174/4174 2300/2300
f 2299/2299 736/736 2199/2199
f 2299/2299 2199/2199 4174/4174
f 4174/4174 2199/2199 427/427
f 4174/4174 427/427 2289/2289
f 2300/2300 4174/4174 2289/2289
f 2300/2300 2289/2289 498/498
f 413/413 2301/2301 4175/4175
f 413/413 4175/4175 2239/2239
f 2301/2301 412/412 2302/2302
f 2301/2301 2302/2302 4175/4175
f 4175/4175 2302/2302 696/696
f 4175/4175 696/696 2303/2303
f 2239/2239 4175/4175 2303/2303
f 2239/2239 2303/2303 697/697
f 496/496 2304/2304 4176/4176
f 496/496 4176/4176 2307/2307
f 2304/2304 469/469 2305/2305
f 2304/2304 2305/2305 4176/4176
f 4176/4176 2305/2305 468/468
f 4176/4176 468/468 2306/2306
f 2307/2307 4176/4176 2306/2306
f 2307/2307 2306/2306 494/494
f 535/535 2309/2309 4177/4177
f 535/535 4177/4177 2176/2176
f 2309/2309 506/506 2310/2310
f 2309/2309 2310/2310 4177/4177
f 4177/4177 2310/2310 507/507
f 4177/4177 507/507 2311/2311
f 2176/2176 4177/4177 2311/2311
f 2176/2176 2311/2311 537/537
f 4153/4153 2171/2171 580/580
f 4153/4153 580/580 2203/2203
f 2180/2180 485/485 2236/2236
f 2180/2180 2236/2236 4148/4148
f 738/738 2217/2217 4178/4178
f 738/738 4178/4178 2313/2313
f 2217/2217 740/740 2312/2312
f 2217/2217 2312/2312 4178/4178
f 4178/4178 2312/2312 412/412
f 4178/4178 412/412 2301/2301
f 2313/2313 4178/4178 2301/2301
f 2313/2313 2301/2301 413/413
f 574/574 2317/2317 4179/4179
f 574/574 4179/4179 2320/2320
f 2317/2317 731/731 2318/2318
f 2317/2317 2318/2318 4179/4179
f 4179/4179 2318/2318 436/436
f 4179/4179 436/436 2319/2319
f 2320/2320 4179/4179 2319/2319
f 2320/2320 2319/2319 394/394
f 600/600 2321/2321 4180/4180
f 600/600 4180/4180 2134/2134
f 2321/2321 601/601 2322/2322
f 2321/2321 2322/2322 4180/4180
f 4180/4180 2322/2322 508/508
f 4180/4180 508/508 2324/2324
f 2134/2134 4180/4180 2324/2324
f 2134/2134 2324/2324 510/510
f 785/785 2325/2325 4181/4181
f 785/785 4181/4181 2329/2329
f 2325/2325 787/787 2327/2327
f 2325/2325 2327/2327 4181/4181
f 4181/4181 2327/2327 480/480
f 4181/4181 480/480 2328/2328
f 2329/2329 4181/4181 2328/2328
f 2329/2329 2328/2328 478/478
f 539/539 2330/2330 4182/4182
f 539/539 4182/4182 2333/2333
f 2330/2330 457/457 2331/2331
f 2330/2330 2331/2331 4182/4182
f 4182/4182 2331/2331 690/690
f 4182/4182 690/690 2208/2208
f 2333/2333 4182/4182 2208/2208
f 2333/2333 2208/2208 692/692
f 783/783 2334/2334 4183/4183
f 783/783 4183/4183 2336/2336
f 2334/2334 785/785 2329/2329
f 2334/2334 2329/2329 4183/4183
f 4183/4183 2329/2329 478/478
f 4183/4183 478/478 2226/2226
f 2336/2336 4183/4183 2226/2226
f 2336/2336 2226/2226 476/476
f 440/440 2337/2337 4184/4184
f 440/440 4184/4184 2234/2234
f 2337/2337 439/439 2191/2191
f 2337/2337 2191/2191 4184/4184
f 4184/4184 2191/2191 687/687
f 4184/4184 687/687 2218/2218
f 2234/2234 4184/4184 2218/2218
f 2234/2234 2218/2218 688/688
f 711/711 2338/2338 4185/4185
f 711/711 4185/4185 2341/2341
f 2338/2338 713/713 2339/2339
f 2338/2338 2339/2339 4185/4185
f 4185/4185 2339/2339 461/461
f 4185/4185 461/461 2340/2340
f 2341/2341 4185/4185 2340/2340
f 2341/2341 2340/2340 462/462
f 786/786 2335/2335 4186/4186
f 786/786 4186/4186 2345/2345
f 2335/2335 784/784 2343/2343
f 2335/2335 2343/2343 4186/4186
f 4186/4186 2343/2343 467/467
f 4186/4186 467/467 2344/2344
f 2345/2345 4186/4186 2344/2344
f 2345/2345 2344/2344 468/468
f 800/800 2346/2346 4187/4187
f 800/800 4187/4187 2349/2349
f 2346/2346 607/607 2178/2178
f 2346/2346 2178/2178 4187/4187
f 4187/4187 2178/2178 538/538
f 4187/4187 538/538 2348/2348
f 2349/2349 4187/4187 2348/2348
f 2349/2349 2348/2348 497/497
f 788/788 2326/2326 4188/4188
f 788/788 4188/4188 2350/2350
f 2326/2326 786/786 2345/2345
f 2326/2326 2345/2345 4188/4188
f 4188/4188 2345/2345 468/468
f 4188/4188 468/468 2305/2305
f 2350/2350 4188/4188 2305/2305
f 2350/2350 2305/2305 469/469
f 421/421 2256/2256 4189/4189
f 421/421 4189/4189 2181/2181
f 2256/2256 592/592 2202/2202
f 2256/2256 2202/2202 4189/4189
f 565/565 2351/2351 4190/4190
f 565/565 4190/4190 2353/2353
f 2351/2351 574/574 2320/2320
f 2351/2351 2320/2320 4190/4190
f 4190/4190 2320/2320 394/394
f 4190/4190 394/394 2187/2187
f 2353/2353 4190/4190 2187/2187
f 2353/2353 2187/2187 417/417
f 579/579 2354/2354 4191/4191
f 579/579 4191/4191 2356/2356
f 2354/2354 392/392 2355/2355
f 2354/2354 2355/2355 4191/4191
f 4191/4191 2355/2355 412/412
f 4191/4191 412/412 2312/2312
f 2356/2356 4191/4191 2312/2312
f 2356/2356 2312/2312 740/740
f 490/490 2227/2227 4192/4192
f 490/490 4192/4192 2358/2358
f 2227/2227 478/478 2328/2328
f 2227/2227 2328/2328 4192/4192
f 4192/4192 2328/2328 480/480
f 4192/4192 480/480 2357/2357
f 2358/2358 4192/4192 2357/2357
f 2358/2358 2357/2357 491/491
f 522/522 2359/2359 4193/4193
f 522/522 4193/4193 2362/2362
f 2359/2359 511/511 2360/2360
f 2359/2359 2360/2360 4193/4193
f 4193/4193 2360/2360 526/526
f 4193/4193 526/526 2361/2361
f 2362/2362 4193/4193 2361/2361
f 2362/2362 2361/2361 527/527
f 587/587 2363/2363 4194/4194
f 587/587 4194/4194 2277/2277
f 2363/2363 466/466 2298/2298
f 2363/2363 2298/2298 4194/4194
f 4194/4194 2298/2298 464/464
f 4194/4194 464/464 2364/2364
f 2277/2277 4194/4194 2364/2364
f 2277/2277 2364/2364 588/588
f 574/574 2351/2351 4195/4195
f 574/574 4195/4195 2369/2369
f 2351/2351 565/565 2367/2367
f 2351/2351 2367/2367 4195/4195
f 4195/4195 2367/2367 405/405
f 4195/4195 405/405 2368/2368
f 2369/2369 4195/4195 2368/2368
f 2369/2369 2368/2368 393/393
f 479/479 2372/2372 4196/4196
f 479/479 4196/4196 2374/2374
f 2372/2372 477/477 2373/2373
f 2372/2372 2373/2373 4196/4196
f 4196/4196 2373/2373 489/489
f 4196/4196 489/489 2228/2228
f 2374/2374 4196/4196 2228/2228
f 2374/2374 2228/2228 490/490
f 481/481 2375/2375 4197/4197
f 481/481 4197/4197 2376/2376
f 2375/2375 479/479 2374/2374
f 2375/2375 2374/2374 4197/4197
f 4197/4197 2374/2374 490/490
f 4197/4197 490/490 2358/2358
f 2376/2376 4197/4197 2358/2358
f 2376/2376 2358/2358 491/491
f 608/608 2377/2377 4198/4198
f 608/608 4198/4198 2378/2378
f 2377/2377 604/604 2274/2274
f 2377/2377 2274/2274 4198/4198
f 4198/4198 2274/2274 397/397
f 4198/4198 397/397 2250/2250
f 2378/2378 4198/4198 2250/2250
f 2378/2378 2250/2250 390/390
f 4148/4148 2236/2236 612/612
f 4148/4148 612/612 2182/2182
f 2271/2271 613/613 2165/2165
f 2271/2271 2165/2165 4168/4168
f 416/416 2185/2185 4199/4199
f 416/416 4199/4199 2379/2379
f 2185/2185 566/566 2203/2203
f 2185/2185 2203/2203 4199/4199
f 622/622 2264/2264 4200/4200
f 622/622 4200/4200 2381/2381
f 2264/2264 404/404 2366/2366
f 2264/2264 2366/2366 4200/4200
f 4200/4200 2366/2366 564/564
f 4200/4200 564/564 2380/2380
f 2381/2381 4200/4200 2380/2380
f 2381/2381 2380/2380 623/623
f 594/594 2382/2382 4201/4201
f 594/594 4201/4201 2385/2385
f 598/598 2384/2384 4201/4201
f 598/598 4201/4201 2382/2382
f 509/509 2385/2385 4201/4201
f 509/509 4201/4201 2384/2384
f 4168/4168 2165/2165 445/445
f 4168/4168 445/445 2272/2272
f 4189/4189 2202/2202 599/599
f 4189/4189 599/599 2146/2146
f 594/594 2386/2386 4202/4202
f 594/594 4202/4202 2390/2390
f 2386/2386 602/602 2388/2388
f 2386/2386 2388/2388 4202/4202
f 4202/4202 2388/2388 475/475
f 4202/4202 475/475 2389/2389
f 2390/2390 4202/4202 2389/2389
f 2390/2390 2389/2389 802/802
f 575/575 2391/2391 4203/4203
f 575/575 4203/4203 2392/2392
f 2391/2391 696/696 2302/2302
f 2391/2391 2302/2302 4203/4203
f 4203/4203 2302/2302 412/412
f 4203/4203 412/412 2355/2355
f 2392/2392 4203/4203 2355/2355
f 2392/2392 2355/2355 392/392
f 573/573 2393/2393 4204/4204
f 573/573 4204/4204 2397/2397
f 2393/2393 495/495 2395/2395
f 2393/2393 2395/2395 4204/4204
f 4204/4204 2395/2395 493/493
f 4204/4204 493/493 2396/2396
f 2397/2397 4204/4204 2396/2396
f 2397/2397 2396/2396 803/803
f 512/512 2398/2398 4205/4205
f 512/512 4205/4205 2400/2400
f 2398/2398 526/526 2399/2399
f 2398/2398 2399/2399 4205/4205
f 4205/4205 2399/2399 489/489
f 4205/4205 489/489 2373/2373
f 2400/2400 4205/4205 2373/2373
f 2400/2400 2373/2373 477/477
f 793/793 2401/2401 4206/4206
f 793/793 4206/4206 2403/2403
f 2401/2401 524/524 2402/2402
f 2401/2401 2402/2402 4206/4206
f 4206/4206 2402/2402 480/480
f 4206/4206 480/480 2327/2327
f 2403/2403 4206/4206 2327/2327
f 2403/2403 2327/2327 787/787
f 503/503 499/499 2425/2425
f 503/503 2425/2425 2424/2424
f 2405/2405 2406/2406 717/717
f 2405/2405 717/717 716/716
f 775/775 2407/2407 4207/4207
f 775/775 4207/4207 2411/2411
f 2407/2407 753/753 2409/2409
f 2407/2407 2409/2409 4207/4207
f 4207/4207 2409/2409 517/517
f 4207/4207 517/517 2410/2410
f 2411/2411 4207/4207 2410/2410
f 2411/2411 2410/2410 715/715
f 684/684 2412/2412 4208/4208
f 684/684 4208/4208 2415/2415
f 2412/2412 686/686 2413/2413
f 2412/2412 2413/2413 4208/4208
f 4208/4208 2413/2413 408/408
f 4208/4208 408/408 2414/2414
f 2415/2415 4208/4208 2414/2414
f 2415/2415 2414/2414 406/406
f 535/535 2282/2282 4209/4209
f 535/535 4209/4209 2309/2309
f 2282/2282 554/554 2417/2417
f 2282/2282 2417/2417 4209/4209
f 4209/4209 2417/2417 544/544
f 4209/4209 544/544 2418/2418
f 2309/2309 4209/4209 2418/2418
f 2309/2309 2418/2418 506/506
f 595/595 2419/2419 4210/4210
f 595/595 4210/4210 2420/2420
f 2419/2419 393/393 2368/2368
f 2419/2419 2368/2368 4210/4210
f 4210/4210 2368/2368 405/405
f 4210/4210 405/405 2263/2263
f 2420/2420 4210/4210 2263/2263
f 2420/2420 2263/2263 591/591
f 681/681 2421/2421 4211/4211
f 681/681 4211/4211 2423/2423
f 2421/2421 682/682 2294/2294
f 2421/2421 2294/2294 4211/4211
f 4211/4211 2294/2294 423/423
f 4211/4211 423/423 2422/2422
f 2423/2423 4211/4211 2422/2422
f 2423/2423 2422/2422 500/500
f 551/551 540/540 2513/2513
f 551/551 2513/2513 2514/2514
f 2424/2424 2425/2425 735/735
f 2424/2424 735/735 734/734
f 553/553 2426/2426 4212/4212
f 553/553 4212/4212 2429/2429
f 2426/2426 528/528 2427/2427
f 2426/2426 2427/2427 4212/4212
f 4212/4212 2427/2427 520/520
f 4212/4212 520/520 2428/2428
f 2429/2429 4212/4212 2428/2428
f 2429/2429 2428/2428 549/549
f 523/523 2430/2430 4213/4213
f 523/523 4213/4213 2431/2431
f 2430/2430 527/527 2361/2361
f 2430/2430 2361/2361 4213/4213
f 4213/4213 2361/2361 526/526
f 4213/4213 526/526 2398/2398
f 2431/2431 4213/4213 2398/2398
f 2431/2431 2398/2398 512/512
f 529/529 2432/2432 4214/4214
f 529/529 4214/4214 2434/2434
f 2432/2432 524/524 2433/2433
f 2432/2432 2433/2433 4214/4214
f 4214/4214 2433/2433 520/520
f 4214/4214 520/520 2427/2427
f 2434/2434 4214/4214 2427/2427
f 2434/2434 2427/2427 528/528
f 779/779 2435/2435 4215/4215
f 779/779 4215/4215 2440/2440
f 2435/2435 751/751 2438/2438
f 2435/2435 2438/2438 4215/4215
f 4215/4215 2438/2438 514/514
f 4215/4215 514/514 2439/2439
f 2440/2440 4215/4215 2439/2439
f 2440/2440 2439/2439 733/733
f 553/553 2429/2429 4216/4216
f 553/553 4216/4216 2442/2442
f 2429/2429 549/549 2441/2441
f 2429/2429 2441/2441 4216/4216
f 4216/4216 2441/2441 522/522
f 4216/4216 522/522 2362/2362
f 2442/2442 4216/4216 2362/2362
f 2442/2442 2362/2362 527/527
f 4189/4189 2146/2146 486/486
f 4189/4189 486/486 2181/2181
f 4225/4225 2379/2379 466/466
f 4225/4225 466/466 2363/2363
f 481/481 2376/2376 4217/4217
f 481/481 4217/4217 2445/2445
f 2376/2376 491/491 2443/2443
f 2376/2376 2443/2443 4217/4217
f 4217/4217 2443/2443 529/529
f 4217/4217 529/529 2444/2444
f 2445/2445 4217/4217 2444/2444
f 2445/2445 2444/2444 525/525
f 491/491 2357/2357 4218/4218
f 491/491 4218/4218 2443/2443
f 2357/2357 480/480 2402/2402
f 2357/2357 2402/2402 4218/4218
f 4218/4218 2402/2402 524/524
f 4218/4218 524/524 2432/2432
f 2443/2443 4218/4218 2432/2432
f 2443/2443 2432/2432 529/529
f 516/516 2446/2446 4219/4219
f 516/516 4219/4219 2448/2448
f 732/732 2447/2447 4219/4219
f 732/732 4219/4219 2446/2446
f 616/616 2448/2448 4219/4219
f 616/616 4219/4219 2447/2447
f 502/502 2405/2405 4220/4220
f 502/502 4220/4220 2452/2452
f 2405/2405 716/716 2449/2449
f 2405/2405 2449/2449 4220/4220
f 4220/4220 2449/2449 776/776
f 4220/4220 776/776 2451/2451
f 2452/2452 4220/4220 2451/2451
f 2452/2452 2451/2451 756/756
f 770/770 2453/2453 4221/4221
f 770/770 4221/4221 2457/2457
f 2453/2453 693/693 2454/2454
f 2453/2453 2454/2454 4221/4221
f 4221/4221 2454/2454 551/551
f 4221/4221 551/551 2455/2455
f 2457/2457 4221/4221 2455/2455
f 2457/2457 2455/2455 766/766
f 4222/4222 2458/2458 623/623
f 4222/4222 623/623 2380/2380
f 2459/2459 4222/4222 2380/2380
f 2459/2459 2380/2380 564/564
f 492/492 2460/2460 4223/4223
f 492/492 4223/4223 2463/2463
f 2460/2460 467/467 2461/2461
f 2460/2460 2461/2461 4223/4223
f 4223/4223 2461/2461 501/501
f 4223/4223 501/501 2462/2462
f 2463/2463 4223/4223 2462/2462
f 2463/2463 2462/2462 530/530
f 530/530 2462/2462 4224/4224
f 530/530 4224/4224 2467/2467
f 2462/2462 501/501 2465/2465
f 2462/2462 2465/2465 4224/4224
f 4224/4224 2465/2465 505/505
f 4224/4224 505/505 2466/2466
f 2467/2467 4224/4224 2466/2466
f 2467/2467 2466/2466 532/532
f 564/564 2352/2352 4225/4225
f 564/564 4225/4225 2459/2459
f 2352/2352 416/416 2379/2379
f 2352/2352 2379/2379 4225/4225
f 554/554 2469/2469 4226/4226
f 554/554 4226/4226 2417/2417
f 2469/2469 532/532 2466/2466
f 2469/2469 2466/2466 4226/4226
f 4226/4226 2466/2466 505/505
f 4226/4226 505/505 2471/2471
f 2417/2417 4226/4226 2471/2471
f 2417/2417 2471/2471 544/544
f 789/789 2472/2472 4227/4227
f 789/789 4227/4227 2473/2473
f 2472/2472 520/520 2433/2433
f 2472/2472 2433/2433 4227/4227
f 4227/4227 2433/2433 524/524
f 4227/4227 524/524 2401/2401
f 2473/2473 4227/4227 2401/2401
f 2473/2473 2401/2401 793/793
f 863/863 2475/2475 4228/4228
f 863/863 4228/4228 2479/2479
f 2475/2475 519/519 2476/2476
f 2475/2475 2476/2476 4228/4228
f 4228/4228 2476/2476 715/715
f 4228/4228 715/715 2477/2477
f 2479/2479 4228/4228 2477/2477
f 2479/2479 2477/2477 845/845
f 836/836 2480/2480 4229/4229
f 836/836 4229/4229 2484/2484
f 2480/2480 724/724 2481/2481
f 2480/2480 2481/2481 4229/4229
f 4229/4229 2481/2481 548/548
f 4229/4229 548/548 2482/2482
f 2484/2484 4229/4229 2482/2482
f 2484/2484 2482/2482 865/865
f 788/788 2350/2350 4230/4230
f 788/788 4230/4230 2404/2404
f 2350/2350 469/469 2485/2485
f 2350/2350 2485/2485 4230/4230
f 4230/4230 2485/2485 507/507
f 4230/4230 507/507 2486/2486
f 2404/2404 4230/4230 2486/2486
f 2404/2404 2486/2486 794/794
f 434/434 2220/2220 4231/4231
f 434/434 4231/4231 2156/2156
f 2220/2220 430/430 2286/2286
f 2220/2220 2286/2286 4231/4231
f 4231/4231 2286/2286 686/686
f 4231/4231 686/686 2412/2412
f 2156/2156 4231/4231 2412/2412
f 2156/2156 2412/2412 684/684
f 746/746 2487/2487 4232/4232
f 746/746 4232/4232 2490/2490
f 2487/2487 556/556 2132/2132
f 2487/2487 2132/2132 4232/4232
f 4232/4232 2132/2132 487/487
f 4232/4232 487/487 2488/2488
f 2490/2490 4232/4232 2488/2488
f 2490/2490 2488/2488 744/744
f 794/794 2486/2486 4233/4233
f 794/794 4233/4233 2474/2474
f 2486/2486 507/507 2310/2310
f 2486/2486 2310/2310 4233/4233
f 4233/4233 2310/2310 506/506
f 4233/4233 506/506 2491/2491
f 2474/2474 4233/4233 2491/2491
f 2474/2474 2491/2491 790/790
f 792/792 2492/2492 4234/4234
f 792/792 4234/4234 2495/2495
f 2492/2492 505/505 2465/2465
f 2492/2492 2465/2465 4234/4234
f 4234/4234 2465/2465 501/501
f 4234/4234 501/501 2493/2493
f 2495/2495 4234/4234 2493/2493
f 2495/2495 2493/2493 796/796
f 795/795 2496/2496 4235/4235
f 795/795 4235/4235 2494/2494
f 2496/2496 511/511 2359/2359
f 2496/2496 2359/2359 4235/4235
f 4235/4235 2359/2359 522/522
f 4235/4235 522/522 2497/2497
f 2494/2494 4235/4235 2497/2497
f 2494/2494 2497/2497 791/791
f 796/796 2493/2493 4236/4236
f 796/796 4236/4236 2501/2501
f 2493/2493 501/501 2461/2461
f 2493/2493 2461/2461 4236/4236
f 4236/4236 2461/2461 467/467
f 4236/4236 467/467 2343/2343
f 2501/2501 4236/4236 2343/2343
f 2501/2501 2343/2343 784/784
f 474/474 2387/2387 4237/4237
f 474/474 4237/4237 2275/2275
f 2387/2387 601/601 2321/2321
f 2387/2387 2321/2321 4237/4237
f 4237/4237 2321/2321 600/600
f 4237/4237 600/600 2502/2502
f 2275/2275 4237/4237 2502/2502
f 2275/2275 2502/2502 473/473
f 525/525 2444/2444 4238/4238
f 525/525 4238/4238 2504/2504
f 2444/2444 529/529 2434/2434
f 2444/2444 2434/2434 4238/4238
f 4238/4238 2434/2434 528/528
f 4238/4238 528/528 2503/2503
f 2504/2504 4238/4238 2503/2503
f 2504/2504 2503/2503 521/521
f 4225/4225 2363/2363 587/587
f 4225/4225 587/587 2459/2459
f 2142/2142 444/444 2244/2244
f 2142/2142 2244/2244 4140/4140
f 595/595 2505/2505 4239/4239
f 595/595 4239/4239 2507/2507
f 2505/2505 403/403 2506/2506
f 2505/2505 2506/2506 4239/4239
f 4239/4239 2506/2506 461/461
f 4239/4239 461/461 2339/2339
f 2507/2507 4239/4239 2339/2339
f 2507/2507 2339/2339 713/713
f 392/392 2354/2354 4240/4240
f 392/392 4240/4240 2509/2509
f 2354/2354 579/579 2508/2508
f 2354/2354 2508/2508 4240/4240
f 4240/4240 2508/2508 572/572
f 4240/4240 572/572 2162/2162
f 2509/2509 4240/4240 2162/2162
f 2509/2509 2162/2162 402/402
f 4140/4140 2244/2244 583/583
f 4140/4140 583/583 2143/2143
f 2459/2459 587/587 2555/2555
f 2459/2459 2555/2555 4222/4222
f 603/603 2510/2510 4241/4241
f 603/603 4241/4241 2271/2271
f 2510/2510 418/418 2223/2223
f 2510/2510 2223/2223 4241/4241
f 4242/4242 2142/2142 399/399
f 4242/4242 399/399 2137/2137
f 2512/2512 4242/4242 2137/2137
f 2512/2512 2137/2137 569/569
f 2514/2514 2513/2513 681/681
f 2514/2514 681/681 680/680
f 552/552 539/539 2333/2333
f 552/552 2333/2333 2526/2526
f 755/755 2515/2515 4243/4243
f 755/755 4243/4243 2518/2518
f 2515/2515 519/519 2516/2516
f 2515/2515 2516/2516 4243/4243
f 4243/4243 2516/2516 679/679
f 4243/4243 679/679 2517/2517
f 2518/2518 4243/4243 2517/2517
f 2518/2518 2517/2517 767/767
f 765/765 2520/2520 4244/4244
f 765/765 4244/4244 2456/2456
f 2520/2520 560/560 2521/2521
f 2520/2520 2521/2521 4244/4244
f 4244/4244 2521/2521 694/694
f 4244/4244 694/694 2522/2522
f 2456/2456 4244/4244 2522/2522
f 2456/2456 2522/2522 769/769
f 559/559 2523/2523 4245/4245
f 559/559 4245/4245 2525/2525
f 678/678 2524/2524 4245/4245
f 678/678 4245/4245 2523/2523
f 616/616 2525/2525 4245/4245
f 616/616 4245/4245 2524/2524
f 2526/2526 2333/2333 692/692
f 2526/2526 692/692 693/693
f 504/504 498/498 2293/2293
f 504/504 2293/2293 2533/2533
f 838/838 2527/2527 4246/4246
f 838/838 4246/4246 2532/2532
f 2527/2527 513/513 2529/2529
f 2527/2527 2529/2529 4246/4246
f 4246/4246 2529/2529 703/703
f 4246/4246 703/703 2530/2530
f 2532/2532 4246/4246 2530/2530
f 2532/2532 2530/2530 851/851
f 504/504 2533/2533 4247/4247
f 504/504 4247/4247 2537/2537
f 2533/2533 702/702 2534/2534
f 2533/2533 2534/2534 4247/4247
f 4247/4247 2534/2534 772/772
f 4247/4247 772/772 2536/2536
f 2537/2537 4247/4247 2536/2536
f 2537/2537 2536/2536 752/752
f 847/847 2538/2538 4248/4248
f 847/847 4248/4248 2542/2542
f 2538/2538 557/557 2539/2539
f 2538/2538 2539/2539 4248/4248
f 4248/4248 2539/2539 694/694
f 4248/4248 694/694 2540/2540
f 2542/2542 4248/4248 2540/2540
f 2542/2542 2540/2540 849/849
f 758/758 2543/2543 4249/4249
f 758/758 4249/4249 2545/2545
f 2543/2543 552/552 2526/2526
f 2543/2543 2526/2526 4249/4249
f 4249/4249 2526/2526 693/693
f 4249/4249 693/693 2453/2453
f 2545/2545 4249/4249 2453/2453
f 2545/2545 2453/2453 770/770
f 550/550 2546/2546 4250/4250
f 550/550 4250/4250 2547/2547
f 2546/2546 521/521 2503/2503
f 2546/2546 2503/2503 4250/4250
f 4250/4250 2503/2503 528/528
f 4250/4250 528/528 2426/2426
f 2547/2547 4250/4250 2426/2426
f 2547/2547 2426/2426 553/553
f 526/526 2360/2360 4251/4251
f 526/526 4251/4251 2399/2399
f 2360/2360 511/511 2548/2548
f 2360/2360 2548/2548 4251/4251
f 4251/4251 2548/2548 476/476
f 4251/4251 476/476 2225/2225
f 2399/2399 4251/4251 2225/2225
f 2399/2399 2225/2225 489/489
f 595/595 2420/2420 4252/4252
f 595/595 4252/4252 2505/2505
f 2420/2420 591/591 2550/2550
f 2420/2420 2550/2550 4252/4252
f 4252/4252 2550/2550 452/452
f 4252/4252 452/452 2195/2195
f 2505/2505 4252/4252 2195/2195
f 2505/2505 2195/2195 403/403
f 590/590 2551/2551 4253/4253
f 590/590 4253/4253 2549/2549
f 2549/2549 4253/4253 2201/2201
f 2549/2549 2201/2201 451/451
f 568/568 2552/2552 4254/4254
f 568/568 4254/4254 2554/2554
f 2552/2552 531/531 2468/2468
f 2552/2552 2468/2468 4254/4254
f 4254/4254 2468/2468 533/533
f 4254/4254 533/533 2553/2553
f 2554/2554 4254/4254 2553/2553
f 2554/2554 2553/2553 802/802
f 4222/4222 2555/2555 618/618
f 4222/4222 618/618 2458/2458
f 2223/2223 472/472 2627/2627
f 2223/2223 2627/2627 4241/4241
f 761/761 2556/2556 4255/4255
f 761/761 4255/4255 2558/2558
f 2556/2556 548/548 2481/2481
f 2556/2556 2481/2481 4255/4255
f 4255/4255 2481/2481 724/724
f 4255/4255 724/724 2557/2557
f 2558/2558 4255/4255 2557/2557
f 2558/2558 2557/2557 777/777
f 797/797 2560/2560 4256/4256
f 797/797 4256/4256 2562/2562
f 2560/2560 791/791 2497/2497
f 2560/2560 2497/2497 4256/4256
f 4256/4256 2497/2497 522/522
f 4256/4256 522/522 2441/2441
f 2562/2562 4256/4256 2441/2441
f 2562/2562 2441/2441 549/549
f 2533/2533 2293/2293 701/701
f 2533/2533 701/701 702/702
f 543/543 534/534 2563/2563
f 543/543 2563/2563 2564/2564
f 2564/2564 2563/2563 726/726
f 2564/2564 726/726 725/725
f 561/561 556/556 2487/2487
f 561/561 2487/2487 2602/2602
f 855/855 2565/2565 4257/4257
f 855/855 4257/4257 2569/2569
f 2565/2565 706/706 2566/2566
f 2565/2565 2566/2566 4257/4257
f 4257/4257 2566/2566 563/563
f 4257/4257 563/563 2567/2567
f 2569/2569 4257/4257 2567/2567
f 2569/2569 2567/2567 853/853
f 780/780 2570/2570 4258/4258
f 780/780 4258/4258 2436/2436
f 2570/2570 734/734 2571/2571
f 2570/2570 2571/2571 4258/4258
f 4258/4258 2571/2571 504/504
f 4258/4258 504/504 2537/2537
f 2436/2436 4258/4258 2537/2537
f 2436/2436 2537/2537 752/752
f 523/523 2572/2572 4259/4259
f 523/523 4259/4259 2430/2430
f 2572/2572 550/550 2547/2547
f 2572/2572 2547/2547 4259/4259
f 4259/4259 2547/2547 553/553
f 4259/4259 553/553 2442/2442
f 2430/2430 4259/4259 2442/2442
f 2430/2430 2442/2442 527/527
f 774/774 2573/2573 4260/4260
f 774/774 4260/4260 2577/2577
f 2573/2573 707/707 2574/2574
f 2573/2573 2574/2574 4260/4260
f 4260/4260 2574/2574 561/561
f 4260/4260 561/561 2575/2575
f 2577/2577 4260/4260 2575/2575
f 2577/2577 2575/2575 764/764
f 545/545 2578/2578 4261/4261
f 545/545 4261/4261 2580/2580
f 723/723 2579/2579 4261/4261
f 723/723 4261/4261 2578/2578
f 616/616 2580/2580 4261/4261
f 616/616 4261/4261 2579/2579
f 759/759 2581/2581 4262/4262
f 759/759 4262/4262 2584/2584
f 2581/2581 546/546 2582/2582
f 2581/2581 2582/2582 4262/4262
f 4262/4262 2582/2582 703/703
f 4262/4262 703/703 2583/2583
f 2584/2584 4262/4262 2583/2583
f 2584/2584 2583/2583 771/771
f 789/789 2586/2586 4263/4263
f 789/789 4263/4263 2472/2472
f 2586/2586 797/797 2562/2562
f 2586/2586 2562/2562 4263/4263
f 4263/4263 2562/2562 549/549
f 4263/4263 549/549 2428/2428
f 2472/2472 4263/4263 2428/2428
f 2472/2472 2428/2428 520/520
f 537/537 2311/2311 4264/4264
f 537/537 4264/4264 2347/2347
f 2311/2311 507/507 2485/2485
f 2311/2311 2485/2485 4264/4264
f 4264/4264 2485/2485 469/469
f 4264/4264 469/469 2304/2304
f 2347/2347 4264/4264 2304/2304
f 2347/2347 2304/2304 496/496
f 841/841 2588/2588 4265/4265
f 841/841 4265/4265 2590/2590
f 2588/2588 733/733 2439/2439
f 2588/2588 2439/2439 4265/4265
f 4265/4265 2439/2439 514/514
f 4265/4265 514/514 2528/2528
f 2590/2590 4265/4265 2528/2528
f 2590/2590 2528/2528 839/839
f 792/792 2561/2561 4266/4266
f 792/792 4266/4266 2492/2492
f 2561/2561 798/798 2591/2591
f 2561/2561 2591/2591 4266/4266
f 4266/4266 2591/2591 544/544
f 4266/4266 544/544 2471/2471
f 2492/2492 4266/4266 2471/2471
f 2492/2492 2471/2471 505/505
f 773/773 2576/2576 4267/4267
f 773/773 4267/4267 2593/2593
f 2576/2576 763/763 2592/2592
f 2576/2576 2592/2592 4267/4267
f 4267/4267 2592/2592 563/563
f 4267/4267 563/563 2566/2566
f 2593/2593 4267/4267 2566/2566
f 2593/2593 2566/2566 706/706
f 768/768 2594/2594 4268/4268
f 768/768 4268/4268 2519/2519
f 2594/2594 680/680 2595/2595
f 2594/2594 2595/2595 4268/4268
f 4268/4268 2595/2595 502/502
f 4268/4268 502/502 2452/2452
f 2519/2519 4268/4268 2452/2452
f 2519/2519 2452/2452 756/756
f 798/798 2587/2587 4269/4269
f 798/798 4269/4269 2591/2591
f 2587/2587 790/790 2491/2491
f 2587/2587 2491/2491 4269/4269
f 4269/4269 2491/2491 506/506
f 4269/4269 506/506 2418/2418
f 2591/2591 4269/4269 2418/2418
f 2591/2591 2418/2418 544/544
f 774/774 2597/2597 4270/4270
f 774/774 4270/4270 2573/2573
f 2597/2597 762/762 2598/2598
f 2597/2597 2598/2598 4270/4270
f 4270/4270 2598/2598 542/542
f 4270/4270 542/542 2599/2599
f 2573/2573 4270/4270 2599/2599
f 2573/2573 2599/2599 707/707
f 550/550 2572/2572 4271/4271
f 550/550 4271/4271 2601/2601
f 523/523 2600/2600 4271/4271
f 523/523 4271/4271 2572/2572
f 617/617 2601/2601 4271/4271
f 617/617 4271/4271 2600/2600
f 542/542 541/541 2620/2620
f 542/542 2620/2620 2599/2599
f 2602/2602 2487/2487 746/746
f 2602/2602 746/746 747/747
f 859/859 2603/2603 4272/4272
f 859/859 4272/4272 2607/2607
f 2603/2603 560/560 2604/2604
f 2603/2603 2604/2604 4272/4272
f 4272/4272 2604/2604 679/679
f 4272/4272 679/679 2605/2605
f 2607/2607 4272/4272 2605/2605
f 2607/2607 2605/2605 861/861
f 562/562 2608/2608 4273/4273
f 562/562 4273/4273 2610/2610
f 749/749 2609/2609 4273/4273
f 749/749 4273/4273 2608/2608
f 616/616 2610/2610 4273/4273
f 616/616 4273/4273 2609/2609
f 617/617 2600/2600 4274/4274
f 617/617 4274/4274 2611/2611
f 523/523 2431/2431 4274/4274
f 523/523 4274/4274 2600/2600
f 512/512 2611/2611 4274/4274
f 512/512 4274/4274 2431/2431
f 803/803 2396/2396 4275/4275
f 803/803 4275/4275 2612/2612
f 2396/2396 493/493 2464/2464
f 2396/2396 2464/2464 4275/4275
f 4275/4275 2464/2464 531/531
f 4275/4275 531/531 2552/2552
f 2612/2612 4275/4275 2552/2552
f 2612/2612 2552/2552 568/568
f 398/398 2258/2258 4276/4276
f 398/398 4276/4276 2193/2193
f 2258/2258 422/422 2184/2184
f 2258/2258 2184/2184 4276/4276
f 4276/4276 2184/2184 606/606
f 4276/4276 606/606 2154/2154
f 2193/2193 4276/4276 2154/2154
f 2193/2193 2154/2154 609/609
f 589/589 2365/2365 4277/4277
f 589/589 4277/4277 2614/2614
f 465/465 2613/2613 4277/4277
f 465/465 4277/4277 2365/2365
f 568/568 2614/2614 4277/4277
f 568/568 4277/4277 2613/2613
f 392/392 2509/2509 4278/4278
f 392/392 4278/4278 2392/2392
f 2509/2509 402/402 2205/2205
f 2509/2509 2205/2205 4278/4278
f 4278/4278 2205/2205 567/567
f 4278/4278 567/567 2189/2189
f 2392/2392 4278/4278 2189/2189
f 2392/2392 2189/2189 575/575
f 781/781 2615/2615 4279/4279
f 781/781 4279/4279 2619/2619
f 2615/2615 757/757 2617/2617
f 2615/2615 2617/2617 4279/4279
f 4279/4279 2617/2617 557/557
f 4279/4279 557/557 2618/2618
f 2619/2619 4279/4279 2618/2618
f 2619/2619 2618/2618 748/748
f 681/681 2423/2423 2595/2595
f 681/681 2595/2595 680/680
f 2599/2599 2620/2620 708/708
f 2599/2599 708/708 707/707
f 494/494 2306/2306 4280/4280
f 494/494 4280/4280 2394/2394
f 2306/2306 468/468 2344/2344
f 2306/2306 2344/2344 4280/4280
f 4280/4280 2344/2344 467/467
f 4280/4280 467/467 2460/2460
f 2394/2394 4280/4280 2460/2460
f 2394/2394 2460/2460 492/492
f 861/861 2605/2605 4281/4281
f 861/861 4281/4281 2622/2622
f 2605/2605 679/679 2516/2516
f 2605/2605 2516/2516 4281/4281
f 4281/4281 2516/2516 519/519
f 4281/4281 519/519 2475/2475
f 2622/2622 4281/4281 2475/2475
f 2622/2622 2475/2475 863/863
f 508/508 2383/2383 4282/4282
f 508/508 4282/4282 2324/2324
f 2383/2383 597/597 2147/2147
f 2383/2383 2147/2147 4282/4282
f 4282/4282 2147/2147 599/599
f 4282/4282 599/599 2169/2169
f 2324/2324 4282/4282 2169/2169
f 2324/2324 2169/2169 510/510
f 607/607 2623/2623 4283/4283
f 607/607 4283/4283 2626/2626
f 615/615 2625/2625 4283/4283
f 615/615 4283/4283 2623/2623
f 471/471 2626/2626 4283/4283
f 471/471 4283/4283 2625/2625
f 419/419 2511/2511 4284/4284
f 419/419 4284/4284 2152/2152
f 2511/2511 604/604 2377/2377
f 2511/2511 2377/2377 4284/4284
f 4284/4284 2377/2377 608/608
f 4284/4284 608/608 2288/2288
f 2152/2152 4284/4284 2288/2288
f 2152/2152 2288/2288 395/395
f 4241/4241 2627/2627 613/613
f 4241/4241 613/613 2271/2271
f 2639/2639 620/620 2640/2640
f 2639/2639 2640/2640 4297/4297
f 602/602 2386/2386 4285/4285
f 602/602 4285/4285 2323/2323
f 594/594 2385/2385 4285/4285
f 594/594 4285/4285 2386/2386
f 509/509 2323/2323 4285/4285
f 509/509 4285/4285 2385/2385
f 585/585 2158/2158 4286/4286
f 585/585 4286/4286 2268/2268
f 2158/2158 442/442 2245/2245
f 2158/2158 2245/2245 4286/4286
f 4286/4286 2245/2245 444/444
f 4286/4286 444/444 2280/2280
f 2268/2268 4286/4286 2280/2280
f 2268/2268 2280/2280 584/584
f 465/465 2297/2297 4287/4287
f 465/465 4287/4287 2613/2613
f 577/577 2628/2628 4287/4287
f 577/577 4287/4287 2297/2297
f 568/568 2613/2613 4287/4287
f 568/568 4287/4287 2628/2628
f 579/579 2629/2629 4288/4288
f 579/579 4288/4288 2508/2508
f 2629/2629 391/391 2139/2139
f 2629/2629 2139/2139 4288/4288
f 4288/4288 2139/2139 400/400
f 4288/4288 400/400 2141/2141
f 2508/2508 4288/4288 2141/2141
f 2508/2508 2141/2141 572/572
f 582/582 2247/2247 4289/4289
f 582/582 4289/4289 2630/2630
f 443/443 2157/2157 4289/4289
f 443/443 4289/4289 2247/2247
f 573/573 2630/2630 4289/4289
f 573/573 4289/4289 2157/2157
f 569/569 2251/2251 4290/4290
f 569/569 4290/4290 2512/2512
f 2251/2251 396/396 2272/2272
f 2251/2251 2272/2272 4290/4290
f 611/611 2631/2631 4291/4291
f 611/611 4291/4291 2124/2124
f 607/607 2626/2626 4291/4291
f 607/607 4291/4291 2631/2631
f 471/471 2124/2124 4291/4291
f 471/471 4291/4291 2626/2626
f 448/448 2172/2172 4292/4292
f 448/448 4292/4292 2632/2632
f 2172/2172 450/450 2259/2259
f 2172/2172 2259/2259 4292/4292
f 4292/4292 2259/2259 583/583
f 4292/4292 583/583 2248/2248
f 2632/2632 4292/4292 2248/2248
f 2632/2632 2248/2248 581/581
f 479/479 2375/2375 4293/4293
f 479/479 4293/4293 2635/2635
f 481/481 2634/2634 4293/4293
f 481/481 4293/4293 2375/2375
f 617/617 2635/2635 4293/4293
f 617/617 4293/4293 2634/2634
f 617/617 2634/2634 4294/4294
f 617/617 4294/4294 2636/2636
f 481/481 2445/2445 4294/4294
f 481/481 4294/4294 2634/2634
f 525/525 2636/2636 4294/4294
f 525/525 4294/4294 2445/2445
f 783/783 2336/2336 4295/4295
f 783/783 4295/4295 2500/2500
f 2336/2336 476/476 2548/2548
f 2336/2336 2548/2548 4295/4295
f 4295/4295 2548/2548 511/511
f 4295/4295 511/511 2496/2496
f 2500/2500 4295/4295 2496/2496
f 2500/2500 2496/2496 795/795
f 596/596 2255/2255 4296/4296
f 596/596 4296/4296 2638/2638
f 2255/2255 398/398 2192/2192
f 2255/2255 2192/2192 4296/4296
f 4296/4296 2192/2192 439/439
f 4296/4296 439/439 2637/2637
f 2638/2638 4296/4296 2637/2637
f 2638/2638 2637/2637 741/741
f 4297/4297 2551/2551 590/590
f 4297/4297 590/590 2261/2261
f 2639/2639 4297/4297 2261/2261
f 2639/2639 2261/2261 621/621
f 4297/4297 2640/2640 600/600
f 4297/4297 600/600 2551/2551
f 2647/2647 670/670 2646/2646
f 2647/2647 2646/2646 4301/4301
f 600/600 2640/2640 4298/4298
f 600/600 4298/4298 2502/2502
f 2640/2640 620/620 2641/2641
f 2640/2640 2641/2641 4298/4298
f 4298/4298 2641/2641 619/619
f 4298/4298 619/619 2642/2642
f 2502/2502 4298/4298 2642/2642
f 2502/2502 2642/2642 473/473
f 473/473 2642/2642 4299/4299
f 473/473 4299/4299 2276/2276
f 2642/2642 619/619 2643/2643
f 2642/2642 2643/2643 4299/4299
f 4299/4299 2643/2643 618/618
f 4299/4299 618/618 2555/2555
f 2276/2276 4299/4299 2555/2555
f 2276/2276 2555/2555 587/587
f 2644/2644 676/676 2645/2645
f 2644/2644 2645/2645 4300/4300
f 4300/4300 2645/2645 623/623
f 4300/4300 623/623 2458/2458
f 4301/4301 2646/2646 620/620
f 4301/4301 620/620 2639/2639
f 666/666 2644/2644 4300/4300
f 666/666 4300/4300 2653/2653
f 672/672 2647/2647 4301/4301
f 672/672 4301/4301 2648/2648
f 2648/2648 4301/4301 2639/2639
f 2648/2648 2639/2639 621/621
f 674/674 2649/2649 4302/4302
f 674/674 4302/4302 2650/2650
f 2649/2649 672/672 2648/2648
f 2649/2649 2648/2648 4302/4302
f 4302/4302 2648/2648 621/621
f 4302/4302 621/621 2260/2260
f 2650/2650 4302/4302 2260/2260
f 2650/2650 2260/2260 622/622
f 676/676 2651/2651 4303/4303
f 676/676 4303/4303 2645/2645
f 2651/2651 674/674 2650/2650
f 2651/2651 2650/2650 4303/4303
f 4303/4303 2650/2650 622/622
f 4303/4303 622/622 2381/2381
f 2645/2645 4303/4303 2381/2381
f 2645/2645 2381/2381 623/623
f 669/669 2652/2652 4304/4304
f 669/669 4304/4304 2654/2654
f 2652/2652 666/666 2653/2653
f 2652/2652 2653/2653 4304/4304
f 4304/4304 2653/2653 618/618
f 4304/4304 618/618 2643/2643
f 2654/2654 4304/4304 2643/2643
f 2654/2654 2643/2643 619/619
f 670/670 2655/2655 4305/4305
f 670/670 4305/4305 2646/2646
f 2655/2655 669/669 2654/2654
f 2655/2655 2654/2654 4305/4305
f 4305/4305 2654/2654 619/619
f 4305/4305 619/619 2641/2641
f 2646/2646 4305/4305 2641/2641
f 2646/2646 2641/2641 620/620
f 4300/4300 2458/2458 618/618
f 4300/4300 618/618 2653/2653
f 2710/2710 656/656 2712/2712
f 2710/2710 2712/2712 4331/4331
f 638/638 2656/2656 4306/4306
f 638/638 4306/4306 2658/2658
f 625/625 2657/2657 4306/4306
f 625/625 4306/4306 2656/2656
f 628/628 2658/2658 4306/4306
f 628/628 4306/4306 2657/2657
f 648/648 2659/2659 4307/4307
f 648/648 4307/4307 2662/2662
f 2659/2659 624/624 2660/2660
f 2659/2659 2660/2660 4307/4307
f 4307/4307 2660/2660 626/626
f 4307/4307 626/626 2661/2661
f 2662/2662 4307/4307 2661/2661
f 2662/2662 2661/2661 627/627
f 625/625 2663/2663 4308/4308
f 625/625 4308/4308 2657/2657
f 2663/2663 648/648 2662/2662
f 2663/2663 2662/2662 4308/4308
f 4308/4308 2662/2662 627/627
f 4308/4308 627/627 2664/2664
f 2657/2657 4308/4308 2664/2664
f 2657/2657 2664/2664 628/628
f 638/638 2658/2658 4309/4309
f 638/638 4309/4309 2666/2666
f 628/628 2665/2665 4309/4309
f 628/628 4309/4309 2658/2658
f 631/631 2666/2666 4309/4309
f 631/631 4309/4309 2665/2665
f 627/627 2661/2661 4310/4310
f 627/627 4310/4310 2669/2669
f 2661/2661 626/626 2667/2667
f 2661/2661 2667/2667 4310/4310
f 4310/4310 2667/2667 629/629
f 4310/4310 629/629 2668/2668
f 2669/2669 4310/4310 2668/2668
f 2669/2669 2668/2668 630/630
f 628/628 2664/2664 4311/4311
f 628/628 4311/4311 2665/2665
f 2664/2664 627/627 2669/2669
f 2664/2664 2669/2669 4311/4311
f 4311/4311 2669/2669 630/630
f 4311/4311 630/630 2670/2670
f 2665/2665 4311/4311 2670/2670
f 2665/2665 2670/2670 631/631
f 631/631 2670/2670 4312/4312
f 631/631 4312/4312 2673/2673
f 2670/2670 630/630 2671/2671
f 2670/2670 2671/2671 4312/4312
f 4312/4312 2671/2671 633/633
f 4312/4312 633/633 2672/2672
f 2673/2673 4312/4312 2672/2672
f 2673/2673 2672/2672 634/634
f 638/638 2666/2666 4313/4313
f 638/638 4313/4313 2674/2674
f 631/631 2673/2673 4313/4313
f 631/631 4313/4313 2666/2666
f 634/634 2674/2674 4313/4313
f 634/634 4313/4313 2673/2673
f 630/630 2668/2668 4314/4314
f 630/630 4314/4314 2671/2671
f 2668/2668 629/629 2675/2675
f 2668/2668 2675/2675 4314/4314
f 4314/4314 2675/2675 632/632
f 4314/4314 632/632 2676/2676
f 2671/2671 4314/4314 2676/2676
f 2671/2671 2676/2676 633/633
f 634/634 2672/2672 4315/4315
f 634/634 4315/4315 2679/2679
f 2672/2672 633/633 2677/2677
f 2672/2672 2677/2677 4315/4315
f 4315/4315 2677/2677 636/636
f 4315/4315 636/636 2678/2678
f 2679/2679 4315/4315 2678/2678
f 2679/2679 2678/2678 637/637
f 638/638 2674/2674 4316/4316
f 638/638 4316/4316 2680/2680
f 634/634 2679/2679 4316/4316
f 634/634 4316/4316 2674/2674
f 637/637 2680/2680 4316/4316
f 637/637 4316/4316 2679/2679
f 633/633 2676/2676 4317/4317
f 633/633 4317/4317 2677/2677
f 2676/2676 632/632 2681/2681
f 2676/2676 2681/2681 4317/4317
f 4317/4317 2681/2681 635/635
f 4317/4317 635/635 2682/2682
f 2677/2677 4317/4317 2682/2682
f 2677/2677 2682/2682 636/636
f 638/638 2680/2680 4318/4318
f 638/638 4318/4318 2684/2684
f 637/637 2683/2683 4318/4318
f 637/637 4318/4318 2680/2680
f 641/641 2684/2684 4318/4318
f 641/641 4318/4318 2683/2683
f 636/636 2682/2682 4319/4319
f 636/636 4319/4319 2687/2687
f 2682/2682 635/635 2685/2685
f 2682/2682 2685/2685 4319/4319
f 4319/4319 2685/2685 639/639
f 4319/4319 639/639 2686/2686
f 2687/2687 4319/4319 2686/2686
f 2687/2687 2686/2686 640/640
f 637/637 2678/2678 4320/4320
f 637/637 4320/4320 2683/2683
f 2678/2678 636/636 2687/2687
f 2678/2678 2687/2687 4320/4320
f 4320/4320 2687/2687 640/640
f 4320/4320 640/640 2688/2688
f 2683/2683 4320/4320 2688/2688
f 2683/2683 2688/2688 641/641
f 640/640 2686/2686 4321/4321
f 640/640 4321/4321 2691/2691
f 2686/2686 639/639 2689/2689
f 2686/2686 2689/2689 4321/4321
f 4321/4321 2689/2689 642/642
f 4321/4321 642/642 2690/2690
f 2691/2691 4321/4321 2690/2690
f 2691/2691 2690/2690 643/643
f 641/641 2688/2688 4322/4322
f 641/641 4322/4322 2693/2693
f 2688/2688 640/640 2691/2691
f 2688/2688 2691/2691 4322/4322
f 4322/4322 2691/2691 643/643
f 4322/4322 643/643 2692/2692
f 2693/2693 4322/4322 2692/2692
f 2693/2693 2692/2692 644/644
f 638/638 2684/2684 4323/4323
f 638/638 4323/4323 2694/2694
f 641/641 2693/2693 4323/4323
f 641/641 4323/4323 2684/2684
f 644/644 2694/2694 4323/4323
f 644/644 4323/4323 2693/2693
f 644/644 2692/2692 4324/4324
f 644/644 4324/4324 2697/2697
f 2692/2692 643/643 2695/2695
f 2692/2692 2695/2695 4324/4324
f 4324/4324 2695/2695 646/646
f 4324/4324 646/646 2696/2696
f 2697/2697 4324/4324 2696/2696
f 2697/2697 2696/2696 647/647
f 638/638 2694/2694 4325/4325
f 638/638 4325/4325 2698/2698
f 644/644 2697/2697 4325/4325
f 644/644 4325/4325 2694/2694
f 647/647 2698/2698 4325/4325
f 647/647 4325/4325 2697/2697
f 643/643 2690/2690 4326/4326
f 643/643 4326/4326 2695/2695
f 2690/2690 642/642 2699/2699
f 2690/2690 2699/2699 4326/4326
f 4326/4326 2699/2699 645/645
f 4326/4326 645/645 2700/2700
f 2695/2695 4326/4326 2700/2700
f 2695/2695 2700/2700 646/646
f 638/638 2698/2698 4327/4327
f 638/638 4327/4327 2656/2656
f 647/647 2701/2701 4327/4327
f 647/647 4327/4327 2698/2698
f 625/625 2656/2656 4327/4327
f 625/625 4327/4327 2701/2701
f 646/646 2700/2700 4328/4328
f 646/646 4328/4328 2703/2703
f 2700/2700 645/645 2702/2702
f 2700/2700 2702/2702 4328/4328
f 4328/4328 2702/2702 624/624
f 4328/4328 624/624 2659/2659
f 2703/2703 4328/4328 2659/2659
f 2703/2703 2659/2659 648/648
f 647/647 2696/2696 4329/4329
f 647/647 4329/4329 2701/2701
f 2696/2696 646/646 2703/2703
f 2696/2696 2703/2703 4329/4329
f 4329/4329 2703/2703 648/648
f 4329/4329 648/648 2663/2663
f 2701/2701 4329/4329 2663/2663
f 2701/2701 2663/2663 625/625
f 661/661 2705/2705 4330/4330
f 661/661 4330/4330 2708/2708
f 2705/2705 658/658 2706/2706
f 2705/2705 2706/2706 4330/4330
f 4330/4330 2706/2706 673/673
f 4330/4330 673/673 2707/2707
f 2708/2708 4330/4330 2707/2707
f 2708/2708 2707/2707 675/675
f 658/658 2710/2710 4331/4331
f 658/658 4331/4331 2706/2706
f 2706/2706 4331/4331 2711/2711
f 2706/2706 2711/2711 673/673
f 4331/4331 2712/2712 671/671
f 4331/4331 671/671 2711/2711
f 650/650 2722/2722 4334/4334
f 650/650 4334/4334 2719/2719
f 656/656 2714/2714 4332/4332
f 656/656 4332/4332 2712/2712
f 2714/2714 654/654 2715/2715
f 2714/2714 2715/2715 4332/4332
f 4332/4332 2715/2715 668/668
f 4332/4332 668/668 2716/2716
f 2712/2712 4332/4332 2716/2716
f 2712/2712 2716/2716 671/671
f 654/654 2718/2718 4333/4333
f 654/654 4333/4333 2715/2715
f 2718/2718 650/650 2719/2719
f 2718/2718 2719/2719 4333/4333
f 4333/4333 2719/2719 667/667
f 4333/4333 667/667 2720/2720
f 2715/2715 4333/4333 2720/2720
f 2715/2715 2720/2720 668/668
f 2719/2719 4334/4334 2724/2724
f 2719/2719 2724/2724 667/667
f 4337/4337 2711/2711 671/671
f 4337/4337 671/671 2728/2728
f 2722/2722 664/664 2723/2723
f 2722/2722 2723/2723 4334/4334
f 4334/4334 2723/2723 677/677
f 4334/4334 677/677 2724/2724
f 664/664 2726/2726 4335/4335
f 664/664 4335/4335 2723/2723
f 2726/2726 661/661 2708/2708
f 2726/2726 2708/2708 4335/4335
f 4335/4335 2708/2708 675/675
f 4335/4335 675/675 2727/2727
f 2723/2723 4335/4335 2727/2727
f 2723/2723 2727/2727 677/677
f 670/670 2728/2728 4336/4336
f 670/670 4336/4336 2655/2655
f 2728/2728 671/671 2716/2716
f 2728/2728 2716/2716 4336/4336
f 4336/4336 2716/2716 668/668
f 4336/4336 668/668 2729/2729
f 2655/2655 4336/4336 2729/2729
f 2655/2655 2729/2729 669/669
f 2647/2647 4337/4337 2728/2728
f 2647/2647 2728/2728 670/670
f 2734/2734 4344/4344 2721/2721
f 2734/2734 2721/2721 649/649
f 672/672 2730/2730 4337/4337
f 672/672 4337/4337 2647/2647
f 2730/2730 673/673 2711/2711
f 2730/2730 2711/2711 4337/4337
f 674/674 2731/2731 4338/4338
f 674/674 4338/4338 2649/2649
f 2731/2731 675/675 2707/2707
f 2731/2731 2707/2707 4338/4338
f 4338/4338 2707/2707 673/673
f 4338/4338 673/673 2730/2730
f 2649/2649 4338/4338 2730/2730
f 2649/2649 2730/2730 672/672
f 676/676 2732/2732 4339/4339
f 676/676 4339/4339 2651/2651
f 2732/2732 677/677 2727/2727
f 2732/2732 2727/2727 4339/4339
f 4339/4339 2727/2727 675/675
f 4339/4339 675/675 2731/2731
f 2651/2651 4339/4339 2731/2731
f 2651/2651 2731/2731 674/674
f 4340/4340 2724/2724 677/677
f 4340/4340 677/677 2732/2732
f 2644/2644 4340/4340 2732/2732
f 2644/2644 2732/2732 676/676
f 669/669 2729/2729 4341/4341
f 669/669 4341/4341 2652/2652
f 2729/2729 668/668 2720/2720
f 2729/2729 2720/2720 4341/4341
f 4341/4341 2720/2720 667/667
f 4341/4341 667/667 2733/2733
f 2652/2652 4341/4341 2733/2733
f 2652/2652 2733/2733 666/666
f 651/651 2740/2740 4344/4344
f 651/651 4344/4344 2734/2734
f 2709/2709 4343/4343 2736/2736
f 2709/2709 2736/2736 655/655
f 652/652 2735/2735 4342/4342
f 652/652 4342/4342 2737/2737
f 2735/2735 653/653 2713/2713
f 2735/2735 2713/2713 4342/4342
f 4342/4342 2713/2713 655/655
f 4342/4342 655/655 2736/2736
f 2737/2737 4342/4342 2736/2736
f 2737/2737 2736/2736 799/799
f 4343/4343 2739/2739 799/799
f 4343/4343 799/799 2736/2736
f 2551/2551 600/600 2134/2134
f 2551/2551 2134/2134 4253/4253
f 667/667 2724/2724 4340/4340
f 667/667 4340/4340 2733/2733
f 657/657 2738/2738 4343/4343
f 657/657 4343/4343 2709/2709
f 2738/2738 659/659 2739/2739
f 2738/2738 2739/2739 4343/4343
f 2740/2740 665/665 2741/2741
f 2740/2740 2741/2741 4344/4344
f 4344/4344 2741/2741 663/663
f 4344/4344 663/663 2721/2721
f 662/662 2742/2742 4345/4345
f 662/662 4345/4345 2743/2743
f 2742/2742 659/659 2738/2738
f 2742/2742 2738/2738 4345/4345
f 4345/4345 2738/2738 657/657
f 4345/4345 657/657 2704/2704
f 2743/2743 4345/4345 2704/2704
f 2743/2743 2704/2704 660/660
f 649/649 2717/2717 4346/4346
f 649/649 4346/4346 2734/2734
f 2717/2717 653/653 2735/2735
f 2717/2717 2735/2735 4346/4346
f 4346/4346 2735/2735 652/652
f 4346/4346 652/652 2744/2744
f 2734/2734 4346/4346 2744/2744
f 2734/2734 2744/2744 651/651
f 855/855 2746/2746 4347/4347
f 855/855 4347/4347 2565/2565
f 2746/2746 865/865 2482/2482
f 2746/2746 2482/2482 4347/4347
f 4347/4347 2482/2482 548/548
f 4347/4347 548/548 2747/2747
f 2565/2565 4347/4347 2747/2747
f 2565/2565 2747/2747 706/706
f 767/767 2517/2517 4348/4348
f 767/767 4348/4348 2748/2748
f 2517/2517 679/679 2604/2604
f 2517/2517 2604/2604 4348/4348
f 4348/4348 2604/2604 560/560
f 4348/4348 560/560 2520/2520
f 2748/2748 4348/4348 2520/2520
f 2748/2748 2520/2520 765/765
f 772/772 2534/2534 4349/4349
f 772/772 4349/4349 2585/2585
f 2534/2534 702/702 2750/2750
f 2534/2534 2750/2750 4349/4349
f 4349/4349 2750/2750 543/543
f 4349/4349 543/543 2751/2751
f 2585/2585 4349/4349 2751/2751
f 2585/2585 2751/2751 760/760
f 2595/2595 2423/2423 500/500
f 2595/2595 500/500 502/502
f 692/692 2212/2212 2454/2454
f 692/692 2454/2454 693/693
f 701/701 2292/2292 4350/4350
f 701/701 4350/4350 2753/2753
f 2292/2292 699/699 2315/2315
f 2292/2292 2315/2315 4350/4350
f 4350/4350 2315/2315 459/459
f 4350/4350 459/459 2752/2752
f 2753/2753 4350/4350 2752/2752
f 2753/2753 2752/2752 534/534
f 711/711 2253/2253 4351/4351
f 711/711 4351/4351 2338/2338
f 2253/2253 431/431 2756/2756
f 2253/2253 2756/2756 4351/4351
f 4351/4351 2756/2756 433/433
f 4351/4351 433/433 2757/2757
f 2338/2338 4351/4351 2757/2757
f 2338/2338 2757/2757 713/713
f 697/697 2303/2303 4352/4352
f 697/697 4352/4352 2760/2760
f 2303/2303 696/696 2758/2758
f 2303/2303 2758/2758 4352/4352
f 4352/4352 2758/2758 436/436
f 4352/4352 436/436 2759/2759
f 2760/2760 4352/4352 2759/2759
f 2760/2760 2759/2759 437/437
f 500/500 2422/2422 4353/4353
f 500/500 4353/4353 2406/2406
f 2422/2422 423/423 2762/2762
f 2422/2422 2762/2762 4353/4353
f 4353/4353 2762/2762 718/718
f 4353/4353 718/718 2764/2764
f 2406/2406 4353/4353 2764/2764
f 2406/2406 2764/2764 717/717
f 2454/2454 2212/2212 540/540
f 2454/2454 540/540 551/551
f 701/701 2753/2753 2750/2750
f 701/701 2750/2750 702/702
f 778/778 2765/2765 4354/4354
f 778/778 4354/4354 2559/2559
f 2765/2765 725/725 2766/2766
f 2765/2765 2766/2766 4354/4354
f 4354/4354 2766/2766 542/542
f 4354/4354 542/542 2598/2598
f 2559/2559 4354/4354 2598/2598
f 2559/2559 2598/2598 762/762
f 769/769 2522/2522 4355/4355
f 769/769 4355/4355 2544/2544
f 2522/2522 694/694 2539/2539
f 2522/2522 2539/2539 4355/4355
f 4355/4355 2539/2539 557/557
f 4355/4355 557/557 2617/2617
f 2544/2544 4355/4355 2617/2617
f 2544/2544 2617/2617 757/757
f 851/851 2530/2530 4356/4356
f 851/851 4356/4356 2769/2769
f 2530/2530 703/703 2582/2582
f 2530/2530 2582/2582 4356/4356
f 4356/4356 2582/2582 546/546
f 4356/4356 546/546 2767/2767
f 2769/2769 4356/4356 2767/2767
f 2769/2769 2767/2767 834/834
f 462/462 2340/2340 4357/4357
f 462/462 4357/4357 2370/2370
f 2340/2340 461/461 2770/2770
f 2340/2340 2770/2770 4357/4357
f 4357/4357 2770/2770 741/741
f 4357/4357 741/741 2771/2771
f 2370/2370 4357/4357 2771/2771
f 2370/2370 2771/2771 742/742
f 540/540 2211/2211 4358/4358
f 540/540 4358/4358 2513/2513
f 2211/2211 455/455 2754/2754
f 2211/2211 2754/2754 4358/4358
f 4358/4358 2754/2754 682/682
f 4358/4358 682/682 2421/2421
f 2513/2513 4358/4358 2421/2421
f 2513/2513 2421/2421 681/681
f 2750/2750 2753/2753 534/534
f 2750/2750 534/534 543/543
f 708/708 2133/2133 2574/2574
f 708/708 2574/2574 707/707
f 551/551 2514/2514 4359/4359
f 551/551 4359/4359 2455/2455
f 2514/2514 680/680 2594/2594
f 2514/2514 2594/2594 4359/4359
f 4359/4359 2594/2594 768/768
f 4359/4359 768/768 2749/2749
f 2455/2455 4359/4359 2749/2749
f 2455/2455 2749/2749 766/766
f 771/771 2583/2583 4360/4360
f 771/771 4360/4360 2535/2535
f 2583/2583 703/703 2529/2529
f 2583/2583 2529/2529 4360/4360
f 4360/4360 2529/2529 513/513
f 4360/4360 513/513 2437/2437
f 2535/2535 4360/4360 2437/2437
f 2535/2535 2437/2437 750/750
f 853/853 2567/2567 4361/4361
f 853/853 4361/4361 2775/2775
f 2567/2567 563/563 2772/2772
f 2567/2567 2772/2772 4361/4361
f 4361/4361 2772/2772 748/748
f 4361/4361 748/748 2773/2773
f 2775/2775 4361/4361 2773/2773
f 2775/2775 2773/2773 857/857
f 845/845 2477/2477 4362/4362
f 845/845 4362/4362 2778/2778
f 2477/2477 715/715 2410/2410
f 2477/2477 2410/2410 4362/4362
f 4362/4362 2410/2410 517/517
f 4362/4362 517/517 2776/2776
f 2778/2778 4362/4362 2776/2776
f 2778/2778 2776/2776 843/843
f 761/761 2596/2596 4363/4363
f 761/761 4363/4363 2556/2556
f 2596/2596 773/773 2593/2593
f 2596/2596 2593/2593 4363/4363
f 4363/4363 2593/2593 706/706
f 4363/4363 706/706 2747/2747
f 2556/2556 4363/4363 2747/2747
f 2556/2556 2747/2747 548/548
f 776/776 2449/2449 4364/4364
f 776/776 4364/4364 2408/2408
f 2449/2449 716/716 2779/2779
f 2449/2449 2779/2779 4364/4364
f 4364/4364 2779/2779 503/503
f 4364/4364 503/503 2780/2780
f 2408/2408 4364/4364 2780/2780
f 2408/2408 2780/2780 754/754
f 717/717 2782/2782 2779/2779
f 717/717 2779/2779 716/716
f 2574/2574 2133/2133 556/556
f 2574/2574 556/556 561/561
f 717/717 2764/2764 4365/4365
f 717/717 4365/4365 2782/2782
f 2764/2764 718/718 2206/2206
f 2764/2764 2206/2206 4365/4365
f 4365/4365 2206/2206 425/425
f 4365/4365 425/425 2781/2781
f 2782/2782 4365/4365 2781/2781
f 2782/2782 2781/2781 499/499
f 720/720 2785/2785 4366/4366
f 720/720 4366/4366 2786/2786
f 2785/2785 722/722 2242/2242
f 2785/2785 2242/2242 4366/4366
f 4366/4366 2242/2242 409/409
f 4366/4366 409/409 2215/2215
f 2786/2786 4366/4366 2215/2215
f 2786/2786 2215/2215 410/410
f 834/834 2767/2767 4367/4367
f 834/834 4367/4367 2790/2790
f 2767/2767 546/546 2788/2788
f 2767/2767 2788/2788 4367/4367
f 4367/4367 2788/2788 724/724
f 4367/4367 724/724 2480/2480
f 2790/2790 4367/4367 2480/2480
f 2790/2790 2480/2480 836/836
f 755/755 2450/2450 4368/4368
f 755/755 4368/4368 2515/2515
f 2450/2450 775/775 2411/2411
f 2450/2450 2411/2411 4368/4368
f 4368/4368 2411/2411 715/715
f 4368/4368 715/715 2476/2476
f 2515/2515 4368/4368 2476/2476
f 2515/2515 2476/2476 519/519
f 543/543 2564/2564 4369/4369
f 543/543 4369/4369 2751/2751
f 2564/2564 725/725 2765/2765
f 2564/2564 2765/2765 4369/4369
f 4369/4369 2765/2765 778/778
f 4369/4369 778/778 2792/2792
f 2751/2751 4369/4369 2792/2792
f 2751/2751 2792/2792 760/760
f 726/726 2233/2233 2766/2766
f 726/726 2766/2766 725/725
f 2779/2779 2782/2782 499/499
f 2779/2779 499/499 503/503
f 459/459 2793/2793 4370/4370
f 459/459 4370/4370 2752/2752
f 2793/2793 727/727 2229/2229
f 2793/2793 2229/2229 4370/4370
f 4370/4370 2229/2229 726/726
f 4370/4370 726/726 2563/2563
f 2752/2752 4370/4370 2563/2563
f 2752/2752 2563/2563 534/534
f 437/437 2759/2759 4371/4371
f 437/437 4371/4371 2213/2213
f 2759/2759 436/436 2318/2318
f 2759/2759 2318/2318 4371/4371
f 4371/4371 2318/2318 731/731
f 4371/4371 731/731 2795/2795
f 2213/2213 4371/4371 2795/2795
f 2213/2213 2795/2795 729/729
f 849/849 2540/2540 4372/4372
f 849/849 4372/4372 2797/2797
f 2540/2540 694/694 2521/2521
f 2540/2540 2521/2521 4372/4372
f 4372/4372 2521/2521 560/560
f 4372/4372 560/560 2603/2603
f 2797/2797 4372/4372 2603/2603
f 2797/2797 2603/2603 859/859
f 777/777 2557/2557 4373/4373
f 777/777 4373/4373 2791/2791
f 2557/2557 724/724 2788/2788
f 2557/2557 2788/2788 4373/4373
f 4373/4373 2788/2788 546/546
f 4373/4373 546/546 2581/2581
f 2791/2791 4373/4373 2581/2581
f 2791/2791 2581/2581 759/759
f 561/561 2602/2602 4374/4374
f 561/561 4374/4374 2575/2575
f 2602/2602 747/747 2798/2798
f 2602/2602 2798/2798 4374/4374
f 4374/4374 2798/2798 782/782
f 4374/4374 782/782 2800/2800
f 2575/2575 4374/4374 2800/2800
f 2575/2575 2800/2800 764/764
f 2766/2766 2233/2233 541/541
f 2766/2766 541/541 542/542
f 735/735 2300/2300 2571/2571
f 735/735 2571/2571 734/734
f 541/541 2232/2232 4375/4375
f 541/541 4375/4375 2620/2620
f 2232/2232 453/453 2783/2783
f 2232/2232 2783/2783 4375/4375
f 4375/4375 2783/2783 709/709
f 4375/4375 709/709 2129/2129
f 2620/2620 4375/4375 2129/2129
f 2620/2620 2129/2129 708/708
f 406/406 2414/2414 4376/4376
f 406/406 4376/4376 2125/2125
f 2414/2414 408/408 2803/2803
f 2414/2414 2803/2803 4376/4376
f 4376/4376 2803/2803 722/722
f 4376/4376 722/722 2785/2785
f 2125/2125 4376/4376 2785/2785
f 2125/2125 2785/2785 720/720
f 847/847 2805/2805 4377/4377
f 847/847 4377/4377 2538/2538
f 2805/2805 857/857 2773/2773
f 2805/2805 2773/2773 4377/4377
f 4377/4377 2773/2773 748/748
f 4377/4377 748/748 2618/2618
f 2538/2538 4377/4377 2618/2618
f 2538/2538 2618/2618 557/557
f 753/753 2806/2806 4378/4378
f 753/753 4378/4378 2409/2409
f 2806/2806 779/779 2440/2440
f 2806/2806 2440/2440 4378/4378
f 4378/4378 2440/2440 733/733
f 4378/4378 733/733 2808/2808
f 2409/2409 4378/4378 2808/2808
f 2409/2409 2808/2808 517/517
f 758/758 2616/2616 4379/4379
f 758/758 4379/4379 2543/2543
f 2616/2616 782/782 2798/2798
f 2616/2616 2798/2798 4379/4379
f 4379/4379 2798/2798 747/747
f 4379/4379 747/747 2809/2809
f 2543/2543 4379/4379 2809/2809
f 2543/2543 2809/2809 552/552
f 746/746 2810/2810 2809/2809
f 746/746 2809/2809 747/747
f 2571/2571 2300/2300 498/498
f 2571/2571 498/498 504/504
f 539/539 2810/2810 4380/4380
f 539/539 4380/4380 2330/2330
f 2810/2810 746/746 2490/2490
f 2810/2810 2490/2490 4380/4380
f 4380/4380 2490/2490 744/744
f 4380/4380 744/744 2498/2498
f 2330/2330 4380/4380 2498/2498
f 2330/2330 2498/2498 457/457
f 440/440 2813/2813 4381/4381
f 440/440 4381/4381 2337/2337
f 2813/2813 742/742 2771/2771
f 2813/2813 2771/2771 4381/4381
f 4381/4381 2771/2771 741/741
f 4381/4381 741/741 2637/2637
f 2337/2337 4381/4381 2637/2637
f 2337/2337 2637/2637 439/439
f 843/843 2776/2776 4382/4382
f 843/843 4382/4382 2816/2816
f 2776/2776 517/517 2808/2808
f 2776/2776 2808/2808 4382/4382
f 4382/4382 2808/2808 733/733
f 4382/4382 733/733 2588/2588
f 2816/2816 4382/4382 2588/2588
f 2816/2816 2588/2588 841/841
f 3322/3322 1204/1204 4640/4640
f 2809/2809 2810/2810 539/539
f 2809/2809 539/539 552/552
f 1401/1401 356/356 4568/4568
f 729/729 2795/2795 4383/4383
f 729/729 4383/4383 2801/2801
f 2795/2795 731/731 2817/2817
f 2795/2795 2817/2817 4383/4383
f 4383/4383 2817/2817 433/433
f 4383/4383 433/433 2756/2756
f 2801/2801 4383/4383 2756/2756
f 2801/2801 2756/2756 431/431
f 763/763 2799/2799 4384/4384
f 763/763 4384/4384 2592/2592
f 2799/2799 781/781 2619/2619
f 2799/2799 2619/2619 4384/4384
f 4384/4384 2619/2619 748/748
f 4384/4384 748/748 2772/2772
f 2592/2592 4384/4384 2772/2772
f 2592/2592 2772/2772 563/563
f 503/503 2424/2424 4385/4385
f 503/503 4385/4385 2780/2780
f 2424/2424 734/734 2570/2570
f 2424/2424 2570/2570 4385/4385
f 4385/4385 2570/2570 780/780
f 4385/4385 780/780 2807/2807
f 2780/2780 4385/4385 2807/2807
f 2780/2780 2807/2807 754/754
f 663/663 2741/2741 4386/4386
f 663/663 4386/4386 2725/2725
f 2741/2741 665/665 2818/2818
f 2741/2741 2818/2818 4386/4386
f 4386/4386 2818/2818 662/662
f 4386/4386 662/662 2743/2743
f 2725/2725 4386/4386 2743/2743
f 2725/2725 2743/2743 660/660
f 499/499 2781/2781 4387/4387
f 499/499 4387/4387 2425/2425
f 2781/2781 425/425 2811/2811
f 2781/2781 2811/2811 4387/4387
f 4387/4387 2811/2811 736/736
f 4387/4387 736/736 2299/2299
f 2425/2425 4387/4387 2299/2299
f 2425/2425 2299/2299 735/735
f 470/470 2624/2624 4388/4388
f 470/470 4388/4388 2120/2120
f 2624/2624 614/614 2166/2166
f 2624/2624 2166/2166 4388/4388
f 4388/4388 2166/2166 613/613
f 4388/4388 613/613 2627/2627
f 2120/2120 4388/4388 2627/2627
f 2120/2120 2627/2627 472/472
f 447/447 2168/2168 4389/4389
f 447/447 4389/4389 2269/2269
f 2168/2168 615/615 2623/2623
f 2168/2168 2623/2623 4389/4389
f 4389/4389 2623/2623 607/607
f 4389/4389 607/607 2346/2346
f 2269/2269 4389/4389 2346/2346
f 2269/2269 2346/2346 800/800
f 495/495 2393/2393 4390/4390
f 495/495 4390/4390 2308/2308
f 2393/2393 573/573 2270/2270
f 2393/2393 2270/2270 4390/4390
f 4390/4390 2270/2270 800/800
f 4390/4390 800/800 2349/2349
f 2308/2308 4390/4390 2349/2349
f 2308/2308 2349/2349 497/497
f 484/484 2819/2819 4391/4391
f 484/484 4391/4391 2238/2238
f 2819/2819 801/801 2179/2179
f 2819/2819 2179/2179 4391/4391
f 4391/4391 2179/2179 607/607
f 4391/4391 607/607 2631/2631
f 2238/2238 4391/4391 2631/2631
f 2238/2238 2631/2631 611/611
f 598/598 2382/2382 4392/4392
f 598/598 4392/4392 2149/2149
f 2382/2382 594/594 2284/2284
f 2382/2382 2284/2284 4392/4392
f 4392/4392 2284/2284 801/801
f 4392/4392 801/801 2819/2819
f 2149/2149 4392/4392 2819/2819
f 2149/2149 2819/2819 484/484
f 555/555 2281/2281 4393/4393
f 555/555 4393/4393 2470/2470
f 2281/2281 594/594 2390/2390
f 2281/2281 2390/2390 4393/4393
f 4393/4393 2390/2390 802/802
f 4393/4393 802/802 2553/2553
f 2470/2470 4393/4393 2553/2553
f 2470/2470 2553/2553 533/533
f 589/589 2614/2614 4394/4394
f 589/589 4394/4394 2279/2279
f 2614/2614 568/568 2554/2554
f 2614/2614 2554/2554 4394/4394
f 4394/4394 2554/2554 802/802
f 4394/4394 802/802 2389/2389
f 2279/2279 4394/4394 2389/2389
f 2279/2279 2389/2389 475/475
f 582/582 2630/2630 4395/4395
f 582/582 4395/4395 2633/2633
f 2630/2630 573/573 2397/2397
f 2630/2630 2397/2397 4395/4395
f 4395/4395 2397/2397 803/803
f 4395/4395 803/803 2820/2820
f 2633/2633 4395/4395 2820/2820
f 2633/2633 2820/2820 449/449
f 449/449 2820/2820 4396/4396
f 449/449 4396/4396 2174/2174
f 2820/2820 803/803 2612/2612
f 2820/2820 2612/2612 4396/4396
f 4396/4396 2612/2612 568/568
f 4396/4396 568/568 2628/2628
f 2174/2174 4396/4396 2628/2628
f 2174/2174 2628/2628 577/577
f 2733/2733 4340/4340 2644/2644
f 2733/2733 2644/2644 666/666
f 393/393 2419/2419 4397/4397
f 393/393 4397/4397 2821/2821
f 2419/2419 595/595 2507/2507
f 2419/2419 2507/2507 4397/4397
f 4397/4397 2507/2507 713/713
f 4397/4397 713/713 2757/2757
f 2821/2821 4397/4397 2757/2757
f 2821/2821 2757/2757 433/433
f 403/403 2194/2194 4398/4398
f 403/403 4398/4398 2506/2506
f 2194/2194 596/596 2638/2638
f 2194/2194 2638/2638 4398/4398
f 4398/4398 2638/2638 741/741
f 4398/4398 741/741 2770/2770
f 2506/2506 4398/4398 2770/2770
f 2506/2506 2770/2770 461/461
f 395/395 2287/2287 4399/4399
f 395/395 4399/4399 2153/2153
f 2287/2287 430/430 2219/2219
f 2287/2287 2219/2219 4399/4399
f 4399/4399 2219/2219 687/687
f 4399/4399 687/687 2190/2190
f 2153/2153 4399/4399 2190/2190
f 2153/2153 2190/2190 609/609
f 390/390 2822/2822 4400/4400
f 390/390 4400/4400 2378/2378
f 2822/2822 408/408 2413/2413
f 2822/2822 2413/2413 4400/4400
f 4400/4400 2413/2413 686/686
f 4400/4400 686/686 2285/2285
f 2378/2378 4400/4400 2285/2285
f 2378/2378 2285/2285 608/608
f 393/393 2821/2821 4401/4401
f 393/393 4401/4401 2369/2369
f 2821/2821 433/433 2817/2817
f 2821/2821 2817/2817 4401/4401
f 4401/4401 2817/2817 731/731
f 4401/4401 731/731 2317/2317
f 2369/2369 4401/4401 2317/2317
f 2369/2369 2317/2317 574/574
f 394/394 2319/2319 4402/4402
f 394/394 4402/4402 2188/2188
f 2319/2319 436/436 2758/2758
f 2319/2319 2758/2758 4402/4402
f 4402/4402 2758/2758 696/696
f 4402/4402 696/696 2391/2391
f 2188/2188 4402/4402 2391/2391
f 2188/2188 2391/2391 575/575
f 391/391 2629/2629 4403/4403
f 391/391 4403/4403 2241/2241
f 2629/2629 579/579 2356/2356
f 2629/2629 2356/2356 4403/4403
f 4403/4403 2356/2356 740/740
f 4403/4403 740/740 2216/2216
f 2241/2241 4403/4403 2216/2216
f 2241/2241 2216/2216 409/409
f 390/390 2249/2249 4404/4404
f 390/390 4404/4404 2822/2822
f 2249/2249 578/578 2243/2243
f 2249/2249 2243/2243 4404/4404
f 4404/4404 2243/2243 722/722
f 4404/4404 722/722 2803/2803
f 2822/2822 4404/4404 2803/2803
f 2822/2822 2803/2803 408/408
f 1152/1152 3276/3276 4405/4405
f 1152/1152 4405/4405 1636/1636
f 3276/3276 1374/1374 3587/3587
f 3276/3276 3587/3587 4405/4405
f 4405/4405 3587/3587 1373/1373
f 4405/4405 1373/1373 3583/3583
f 1636/1636 4405/4405 3583/3583
f 1636/1636 3583/3583 1088/1088
f 984/984 3150/3150 4406/4406
f 984/984 4406/4406 3639/3639
f 3150/3150 925/925 3665/3665
f 3150/3150 3665/3665 4406/4406
f 4406/4406 3665/3665 17/17
f 4406/4406 17/17 1614/1614
f 3639/3639 4406/4406 1614/1614
f 3639/3639 1614/1614 35/35
f 917/917 3238/3238 4407/4407
f 917/917 4407/4407 3467/3467
f 3238/3238 1182/1182 3372/3372
f 3238/3238 3372/3372 4407/4407
f 4407/4407 3372/3372 1342/1342
f 4407/4407 1342/1342 3425/3425
f 3467/3467 4407/4407 3425/3425
f 3467/3467 3425/3425 1344/1344
f 266/266 2017/2017 4408/4408
f 266/266 4408/4408 2827/2827
f 2017/2017 268/268 2825/2825
f 2017/2017 2825/2825 4408/4408
f 4408/4408 2825/2825 817/817
f 4408/4408 817/817 2826/2826
f 2827/2827 4408/4408 2826/2826
f 2827/2827 2826/2826 816/816
f 825/825 2828/2828 4409/4409
f 825/825 4409/4409 2830/2830
f 2828/2828 812/812 1653/1653
f 2828/2828 1653/1653 4409/4409
f 4409/4409 1653/1653 114/114
f 4409/4409 114/114 2829/2829
f 2830/2830 4409/4409 2829/2829
f 2830/2830 2829/2829 823/823
f 806/806 2831/2831 4410/4410
f 806/806 4410/4410 2833/2833
f 2831/2831 815/815 2832/2832
f 2831/2831 2832/2832 4410/4410
f 4410/4410 2832/2832 821/821
f 4410/4410 821/821 1767/1767
f 2833/2833 4410/4410 1767/1767
f 2833/2833 1767/1767 367/367
f 369/369 2060/2060 4411/4411
f 369/369 4411/4411 2834/2834
f 2060/2060 116/116 2835/2835
f 2060/2060 2835/2835 4411/4411
f 4411/4411 2835/2835 808/808
f 4411/4411 808/808 2836/2836
f 2834/2834 4411/4411 2836/2836
f 2834/2834 2836/2836 807/807
f 816/816 2837/2837 4412/4412
f 816/816 4412/4412 2840/2840
f 2837/2837 815/815 2831/2831
f 2837/2837 2831/2831 4412/4412
f 4412/4412 2831/2831 806/806
f 4412/4412 806/806 2838/2838
f 2840/2840 4412/4412 2838/2838
f 2840/2840 2838/2838 804/804
f 807/807 2836/2836 4413/4413
f 807/807 4413/4413 2839/2839
f 2836/2836 808/808 2841/2841
f 2836/2836 2841/2841 4413/4413
f 4413/4413 2841/2841 370/370
f 4413/4413 370/370 2842/2842
f 2839/2839 4413/4413 2842/2842
f 2839/2839 2842/2842 805/805
f 116/116 1978/1978 4414/4414
f 116/116 4414/4414 2835/2835
f 1978/1978 11/11 1483/1483
f 1978/1978 1483/1483 4414/4414
f 4414/4414 1483/1483 214/214
f 4414/4414 214/214 2843/2843
f 2835/2835 4414/4414 2843/2843
f 2835/2835 2843/2843 808/808
f 370/370 2841/2841 4415/4415
f 370/370 4415/4415 2844/2844
f 2841/2841 808/808 2843/2843
f 2841/2841 2843/2843 4415/4415
f 4415/4415 2843/2843 214/214
f 4415/4415 214/214 3571/3571
f 2844/2844 4415/4415 3571/3571
f 2844/2844 3571/3571 1319/1319
f 1025/1025 3446/3446 4416/4416
f 1025/1025 4416/4416 3706/3706
f 1204/1204 3708/3708 4416/4416
f 1204/1204 4416/4416 3446/3446
f 14/14 3706/3706 4416/4416
f 14/14 4416/4416 3708/3708
f 256/256 2846/2846 4417/4417
f 256/256 4417/4417 2002/2002
f 2846/2846 805/805 2842/2842
f 2846/2846 2842/2842 4417/4417
f 4417/4417 2842/2842 370/370
f 4417/4417 370/370 2847/2847
f 2002/2002 4417/4417 2847/2847
f 2002/2002 2847/2847 259/259
f 254/254 2848/2848 4418/4418
f 254/254 4418/4418 2845/2845
f 2848/2848 266/266 2827/2827
f 2848/2848 2827/2827 4418/4418
f 4418/4418 2827/2827 816/816
f 4418/4418 816/816 2840/2840
f 2845/2845 4418/4418 2840/2840
f 2845/2845 2840/2840 804/804
f 1348/1348 3422/3422 4419/4419
f 1348/1348 4419/4419 2080/2080
f 3422/3422 1340/1340 3408/3408
f 3422/3422 3408/3408 4419/4419
f 4419/4419 3408/3408 1341/1341
f 4419/4419 1341/1341 3402/3402
f 2080/2080 4419/4419 3402/3402
f 2080/2080 3402/3402 1349/1349
f 810/810 2851/2851 4420/4420
f 810/810 4420/4420 2854/2854
f 2851/2851 811/811 2852/2852
f 2851/2851 2852/2852 4420/4420
f 4420/4420 2852/2852 822/822
f 4420/4420 822/822 2853/2853
f 2854/2854 4420/4420 2853/2853
f 2854/2854 2853/2853 109/109
f 1342/1342 3147/3147 4421/4421
f 1342/1342 4421/4421 1663/1663
f 3147/3147 1343/1343 3261/3261
f 3147/3147 3261/3261 4421/4421
f 4421/4421 3261/3261 1073/1073
f 4421/4421 1073/1073 3463/3463
f 1663/1663 4421/4421 3463/3463
f 1663/1663 3463/3463 1191/1191
f 1330/1330 3487/3487 4422/4422
f 1330/1330 4422/4422 3357/3357
f 3487/3487 8/8 3316/3316
f 3487/3487 3316/3316 4422/4422
f 4422/4422 3316/3316 1280/1280
f 4422/4422 1280/1280 3393/3393
f 3357/3357 4422/4422 3393/3393
f 3357/3357 3393/3393 1324/1324
f 810/810 2857/2857 4423/4423
f 810/810 4423/4423 2859/2859
f 2857/2857 809/809 2858/2858
f 2857/2857 2858/2858 4423/4423
f 4423/4423 2858/2858 815/815
f 4423/4423 815/815 2837/2837
f 2859/2859 4423/4423 2837/2837
f 2859/2859 2837/2837 816/816
f 829/829 2860/2860 4424/4424
f 829/829 4424/4424 2863/2863
f 2860/2860 811/811 2861/2861
f 2860/2860 2861/2861 4424/4424
f 4424/4424 2861/2861 817/817
f 4424/4424 817/817 2862/2862
f 2863/2863 4424/4424 2862/2862
f 2863/2863 2862/2862 830/830
f 813/813 1654/1654 4425/4425
f 813/813 4425/4425 2865/2865
f 1654/1654 812/812 2864/2864
f 1654/1654 2864/2864 4425/4425
f 4425/4425 2864/2864 818/818
f 4425/4425 818/818 1998/1998
f 2865/2865 4425/4425 1998/1998
f 2865/2865 1998/1998 819/819
f 814/814 1655/1655 4426/4426
f 814/814 4426/4426 2866/2866
f 1655/1655 813/813 2865/2865
f 1655/1655 2865/2865 4426/4426
f 4426/4426 2865/2865 819/819
f 4426/4426 819/819 2020/2020
f 2866/2866 4426/4426 2020/2020
f 2866/2866 2020/2020 820/820
f 1196/1196 2992/2992 4427/4427
f 1196/1196 4427/4427 1568/1568
f 2992/2992 1256/1256 3319/3319
f 2992/2992 3319/3319 4427/4427
f 4427/4427 3319/3319 1257/1257
f 4427/4427 1257/1257 3388/3388
f 1568/1568 4427/4427 3388/3388
f 1568/1568 3388/3388 1329/1329
f 1054/1054 3326/3326 4428/4428
f 1054/1054 4428/4428 3133/3133
f 3326/3326 1064/1064 2057/2057
f 3326/3326 2057/2057 4428/4428
f 4428/4428 2057/2057 1056/1056
f 4428/4428 1056/1056 3130/3130
f 3133/3133 4428/4428 3130/3130
f 3133/3133 3130/3130 3/3
f 809/809 2867/2867 4429/4429
f 809/809 4429/4429 2858/2858
f 2867/2867 110/110 2868/2868
f 2867/2867 2868/2868 4429/4429
f 4429/4429 2868/2868 821/821
f 4429/4429 821/821 2832/2832
f 2858/2858 4429/4429 2832/2832
f 2858/2858 2832/2832 815/815
f 1192/1192 3447/3447 4430/4430
f 1192/1192 4430/4430 3234/3234
f 3447/3447 1188/1188 1667/1667
f 3447/3447 1667/1667 4430/4430
f 4430/4430 1667/1667 1003/1003
f 4430/4430 1003/1003 2968/2968
f 3234/3234 4430/4430 2968/2968
f 3234/3234 2968/2968 1077/1077
f 811/811 2851/2851 4431/4431
f 811/811 4431/4431 2861/2861
f 2851/2851 810/810 2859/2859
f 2851/2851 2859/2859 4431/4431
f 4431/4431 2859/2859 816/816
f 4431/4431 816/816 2826/2826
f 2861/2861 4431/4431 2826/2826
f 2861/2861 2826/2826 817/817
f 1239/1239 3278/3278 4432/4432
f 1239/1239 4432/4432 3284/3284
f 3278/3278 1244/1244 1732/1732
f 3278/3278 1732/1732 4432/4432
f 4432/4432 1732/1732 1243/1243
f 4432/4432 1243/1243 3289/3289
f 3284/3284 4432/4432 3289/3289
f 3284/3284 3289/3289 1238/1238
f 1240/1240 3376/3376 4433/4433
f 1240/1240 4433/4433 3300/3300
f 3376/3376 1245/1245 1731/1731
f 3376/3376 1731/1731 4433/4433
f 4433/4433 1731/1731 1248/1248
f 4433/4433 1248/1248 3310/3310
f 3300/3300 4433/4433 3310/3310
f 3300/3300 3310/3310 1247/1247
f 809/809 2857/2857 4434/4434
f 809/809 4434/4434 2867/2867
f 2857/2857 810/810 2854/2854
f 2857/2857 2854/2854 4434/4434
f 4434/4434 2854/2854 109/109
f 4434/4434 109/109 2850/2850
f 2867/2867 4434/4434 2850/2850
f 2867/2867 2850/2850 110/110
f 1202/1202 3167/3167 4435/4435
f 1202/1202 4435/4435 3489/3489
f 3167/3167 1287/1287 3241/3241
f 3167/3167 3241/3241 4435/4435
f 4435/4435 3241/3241 1285/1285
f 4435/4435 1285/1285 3257/3257
f 3489/3489 4435/4435 3257/3257
f 3489/3489 3257/3257 1303/1303
f 1134/1134 2999/2999 4436/4436
f 1134/1134 4436/4436 3258/3258
f 2999/2999 1137/1137 3151/3151
f 2999/2999 3151/3151 4436/4436
f 4436/4436 3151/3151 1136/1136
f 4436/4436 1136/1136 1959/1959
f 3258/3258 4436/4436 1959/1959
f 3258/3258 1959/1959 1131/1131
f 1276/1276 2117/2117 4437/4437
f 1276/1276 4437/4437 3159/3159
f 2117/2117 1269/1269 3363/3363
f 2117/2117 3363/3363 4437/4437
f 4437/4437 3363/3363 1271/1271
f 4437/4437 1271/1271 1519/1519
f 3159/3159 4437/4437 1519/1519
f 3159/3159 1519/1519 1278/1278
f 1173/1173 3243/3243 4438/4438
f 1173/1173 4438/4438 3179/3179
f 3243/3243 1024/1024 3478/3478
f 3243/3243 3478/3478 4438/4438
f 4438/4438 3478/3478 1372/1372
f 4438/4438 1372/1372 3601/3601
f 3179/3179 4438/4438 3601/3601
f 3179/3179 3601/3601 1371/1371
f 1093/1093 1924/1924 4439/4439
f 1093/1093 4439/4439 3113/3113
f 1924/1924 1232/1232 3449/3449
f 1924/1924 3449/3449 4439/4439
f 4439/4439 3449/3449 1243/1243
f 4439/4439 1243/1243 1595/1595
f 3113/3113 4439/4439 1595/1595
f 3113/3113 1595/1595 1127/1127
f 1143/1143 3239/3239 4440/4440
f 1143/1143 4440/4440 3368/3368
f 3239/3239 1170/1170 1768/1768
f 3239/3239 1768/1768 4440/4440
f 4440/4440 1768/1768 1210/1210
f 4440/4440 1210/1210 3366/3366
f 3368/3368 4440/4440 3366/3366
f 3368/3368 3366/3366 1209/1209
f 830/830 2875/2875 4441/4441
f 830/830 4441/4441 2878/2878
f 2875/2875 831/831 2876/2876
f 2875/2875 2876/2876 4441/4441
f 4441/4441 2876/2876 827/827
f 4441/4441 827/827 2024/2024
f 2878/2878 4441/4441 2024/2024
f 2878/2878 2024/2024 826/826
f 812/812 2828/2828 4442/4442
f 812/812 4442/4442 2864/2864
f 2828/2828 825/825 2879/2879
f 2828/2828 2879/2879 4442/4442
f 4442/4442 2879/2879 826/826
f 4442/4442 826/826 2027/2027
f 2864/2864 4442/4442 2027/2027
f 2864/2864 2027/2027 818/818
f 829/829 2880/2880 4443/4443
f 829/829 4443/4443 2881/2881
f 2880/2880 825/825 2830/2830
f 2880/2880 2830/2830 4443/4443
f 4443/4443 2830/2830 823/823
f 4443/4443 823/823 2873/2873
f 2881/2881 4443/4443 2873/2873
f 2881/2881 2873/2873 824/824
f 288/288 2032/2032 4444/4444
f 288/288 4444/4444 2882/2882
f 2032/2032 286/286 2048/2048
f 2032/2032 2048/2048 4444/4444
f 4444/4444 2048/2048 828/828
f 4444/4444 828/828 2877/2877
f 2882/2882 4444/4444 2877/2877
f 2882/2882 2877/2877 832/832
f 817/817 2825/2825 4445/4445
f 817/817 4445/4445 2862/2862
f 2825/2825 268/268 2883/2883
f 2825/2825 2883/2883 4445/4445
f 4445/4445 2883/2883 831/831
f 4445/4445 831/831 2875/2875
f 2862/2862 4445/4445 2875/2875
f 2862/2862 2875/2875 830/830
f 825/825 2880/2880 4446/4446
f 825/825 4446/4446 2879/2879
f 2880/2880 829/829 2863/2863
f 2880/2880 2863/2863 4446/4446
f 4446/4446 2863/2863 830/830
f 4446/4446 830/830 2878/2878
f 2879/2879 4446/4446 2878/2878
f 2879/2879 2878/2878 826/826
f 811/811 2860/2860 4447/4447
f 811/811 4447/4447 2852/2852
f 2860/2860 829/829 2881/2881
f 2860/2860 2881/2881 4447/4447
f 4447/4447 2881/2881 824/824
f 4447/4447 824/824 2870/2870
f 2852/2852 4447/4447 2870/2870
f 2852/2852 2870/2870 822/822
f 262/262 2047/2047 4448/4448
f 262/262 4448/4448 2016/2016
f 2047/2047 288/288 2882/2882
f 2047/2047 2882/2882 4448/4448
f 4448/4448 2882/2882 832/832
f 4448/4448 832/832 2884/2884
f 2016/2016 4448/4448 2884/2884
f 2016/2016 2884/2884 269/269
f 32/32 1809/1809 4449/4449
f 32/32 4449/4449 3663/3663
f 1809/1809 58/58 3667/3667
f 1809/1809 3667/3667 4449/4449
f 4449/4449 3667/3667 1044/1044
f 4449/4449 1044/1044 3315/3315
f 3663/3663 4449/4449 3315/3315
f 3663/3663 3315/3315 1042/1042
f 255/255 2000/2000 4450/4450
f 255/255 4450/4450 2849/2849
f 2000/2000 250/250 2035/2035
f 2000/2000 2035/2035 4450/4450
f 4450/4450 2035/2035 265/265
f 4450/4450 265/265 2019/2019
f 2849/2849 4450/4450 2019/2019
f 2849/2849 2019/2019 267/267
f 867/867 2886/2886 4451/4451
f 867/867 4451/4451 2888/2888
f 2886/2886 866/866 2887/2887
f 2886/2886 2887/2887 4451/4451
f 4451/4451 2887/2887 833/833
f 4451/4451 833/833 2789/2789
f 2888/2888 4451/4451 2789/2789
f 2888/2888 2789/2789 835/835
f 515/515 2889/2889 4452/4452
f 515/515 4452/4452 2891/2891
f 2889/2889 869/869 2890/2890
f 2889/2889 2890/2890 4452/4452
f 4452/4452 2890/2890 840/840
f 4452/4452 840/840 2589/2589
f 2891/2891 4452/4452 2589/2589
f 2891/2891 2589/2589 837/837
f 870/870 2892/2892 4453/4453
f 870/870 4453/4453 2894/2894
f 2892/2892 871/871 2893/2893
f 2892/2892 2893/2893 4453/4453
f 4453/4453 2893/2893 844/844
f 4453/4453 844/844 2777/2777
f 2894/2894 4453/4453 2777/2777
f 2894/2894 2777/2777 842/842
f 873/873 2895/2895 4454/4454
f 873/873 4454/4454 2897/2897
f 2895/2895 558/558 2896/2896
f 2895/2895 2896/2896 4454/4454
f 4454/4454 2896/2896 846/846
f 4454/4454 846/846 2541/2541
f 2897/2897 4454/4454 2541/2541
f 2897/2897 2541/2541 848/848
f 874/874 2898/2898 4455/4455
f 874/874 4455/4455 2899/2899
f 2898/2898 515/515 2891/2891
f 2898/2898 2891/2891 4455/4455
f 4455/4455 2891/2891 837/837
f 4455/4455 837/837 2531/2531
f 2899/2899 4455/4455 2531/2531
f 2899/2899 2531/2531 850/850
f 875/875 2900/2900 4456/4456
f 875/875 4456/4456 2902/2902
f 2900/2900 876/876 2901/2901
f 2900/2900 2901/2901 4456/4456
f 4456/4456 2901/2901 854/854
f 4456/4456 854/854 2568/2568
f 2902/2902 4456/4456 2568/2568
f 2902/2902 2568/2568 852/852
f 558/558 2903/2903 4457/4457
f 558/558 4457/4457 2896/2896
f 2903/2903 877/877 2904/2904
f 2903/2903 2904/2904 4457/4457
f 4457/4457 2904/2904 856/856
f 4457/4457 856/856 2804/2804
f 2896/2896 4457/4457 2804/2804
f 2896/2896 2804/2804 846/846
f 879/879 2905/2905 4458/4458
f 879/879 4458/4458 2907/2907
f 2905/2905 878/878 2906/2906
f 2905/2905 2906/2906 4458/4458
f 4458/4458 2906/2906 858/858
f 4458/4458 858/858 2606/2606
f 2907/2907 4458/4458 2606/2606
f 2907/2907 2606/2606 860/860
f 518/518 2908/2908 4459/4459
f 518/518 4459/4459 2909/2909
f 2908/2908 879/879 2907/2907
f 2908/2908 2907/2907 4459/4459
f 4459/4459 2907/2907 860/860
f 4459/4459 860/860 2621/2621
f 2909/2909 4459/4459 2621/2621
f 2909/2909 2621/2621 862/862
f 878/878 2910/2910 4460/4460
f 878/878 4460/4460 2906/2906
f 2910/2910 873/873 2897/2897
f 2910/2910 2897/2897 4460/4460
f 4460/4460 2897/2897 848/848
f 4460/4460 848/848 2796/2796
f 2906/2906 4460/4460 2796/2796
f 2906/2906 2796/2796 858/858
f 866/866 2911/2911 4461/4461
f 866/866 4461/4461 2887/2887
f 2911/2911 874/874 2899/2899
f 2911/2911 2899/2899 4461/4461
f 4461/4461 2899/2899 850/850
f 4461/4461 850/850 2768/2768
f 2887/2887 4461/4461 2768/2768
f 2887/2887 2768/2768 833/833
f 876/876 2912/2912 4462/4462
f 876/876 4462/4462 2901/2901
f 2912/2912 547/547 2913/2913
f 2912/2912 2913/2913 4462/4462
f 4462/4462 2913/2913 864/864
f 4462/4462 864/864 2745/2745
f 2901/2901 4462/4462 2745/2745
f 2901/2901 2745/2745 854/854
f 871/871 2914/2914 4463/4463
f 871/871 4463/4463 2893/2893
f 2914/2914 518/518 2909/2909
f 2914/2914 2909/2909 4463/4463
f 4463/4463 2909/2909 862/862
f 4463/4463 862/862 2478/2478
f 2893/2893 4463/4463 2478/2478
f 2893/2893 2478/2478 844/844
f 547/547 2915/2915 4464/4464
f 547/547 4464/4464 2913/2913
f 2915/2915 867/867 2888/2888
f 2915/2915 2888/2888 4464/4464
f 4464/4464 2888/2888 835/835
f 4464/4464 835/835 2483/2483
f 2913/2913 4464/4464 2483/2483
f 2913/2913 2483/2483 864/864
f 869/869 2916/2916 4465/4465
f 869/869 4465/4465 2890/2890
f 2916/2916 870/870 2894/2894
f 2916/2916 2894/2894 4465/4465
f 4465/4465 2894/2894 842/842
f 4465/4465 842/842 2815/2815
f 2890/2890 4465/4465 2815/2815
f 2890/2890 2815/2815 840/840
f 877/877 2917/2917 4466/4466
f 877/877 4466/4466 2904/2904
f 2917/2917 875/875 2902/2902
f 2917/2917 2902/2902 4466/4466
f 4466/4466 2902/2902 852/852
f 4466/4466 852/852 2774/2774
f 2904/2904 4466/4466 2774/2774
f 2904/2904 2774/2774 856/856
f 723/723 2578/2578 4467/4467
f 723/723 4467/4467 2919/2919
f 2578/2578 545/545 2918/2918
f 2578/2578 2918/2918 4467/4467
f 4467/4467 2918/2918 866/866
f 4467/4467 866/866 2886/2886
f 2919/2919 4467/4467 2886/2886
f 2919/2919 2886/2886 867/867
f 868/868 2920/2920 4468/4468
f 868/868 4468/4468 2922/2922
f 2920/2920 732/732 2921/2921
f 2920/2920 2921/2921 4468/4468
f 4468/4468 2921/2921 869/869
f 4468/4468 869/869 2889/2889
f 2922/2922 4468/4468 2889/2889
f 2922/2922 2889/2889 515/515
f 516/516 2923/2923 4469/4469
f 516/516 4469/4469 2925/2925
f 2923/2923 714/714 2924/2924
f 2923/2923 2924/2924 4469/4469
f 4469/4469 2924/2924 871/871
f 4469/4469 871/871 2892/2892
f 2925/2925 4469/4469 2892/2892
f 2925/2925 2892/2892 870/870
f 695/695 2926/2926 4470/4470
f 695/695 4470/4470 2928/2928
f 2926/2926 872/872 2927/2927
f 2926/2926 2927/2927 4470/4470
f 4470/4470 2927/2927 558/558
f 4470/4470 558/558 2895/2895
f 2928/2928 4470/4470 2895/2895
f 2928/2928 2895/2895 873/873
f 704/704 2929/2929 4471/4471
f 704/704 4471/4471 2930/2930
f 2929/2929 868/868 2922/2922
f 2929/2929 2922/2922 4471/4471
f 4471/4471 2922/2922 515/515
f 4471/4471 515/515 2898/2898
f 2930/2930 4471/4471 2898/2898
f 2930/2930 2898/2898 874/874
f 562/562 2931/2931 4472/4472
f 562/562 4472/4472 2933/2933
f 2931/2931 705/705 2932/2932
f 2931/2931 2932/2932 4472/4472
f 4472/4472 2932/2932 876/876
f 4472/4472 876/876 2900/2900
f 2933/2933 4472/4472 2900/2900
f 2933/2933 2900/2900 875/875
f 872/872 2934/2934 4473/4473
f 872/872 4473/4473 2927/2927
f 2934/2934 749/749 2935/2935
f 2934/2934 2935/2935 4473/4473
f 4473/4473 2935/2935 877/877
f 4473/4473 877/877 2903/2903
f 2927/2927 4473/4473 2903/2903
f 2927/2927 2903/2903 558/558
f 678/678 2523/2523 4474/4474
f 678/678 4474/4474 2937/2937
f 2523/2523 559/559 2936/2936
f 2523/2523 2936/2936 4474/4474
f 4474/4474 2936/2936 878/878
f 4474/4474 878/878 2905/2905
f 2937/2937 4474/4474 2905/2905
f 2937/2937 2905/2905 879/879
f 880/880 2938/2938 4475/4475
f 880/880 4475/4475 2939/2939
f 2938/2938 678/678 2937/2937
f 2938/2938 2937/2937 4475/4475
f 4475/4475 2937/2937 879/879
f 4475/4475 879/879 2908/2908
f 2939/2939 4475/4475 2908/2908
f 2939/2939 2908/2908 518/518
f 559/559 2940/2940 4476/4476
f 559/559 4476/4476 2936/2936
f 2940/2940 695/695 2928/2928
f 2940/2940 2928/2928 4476/4476
f 4476/4476 2928/2928 873/873
f 4476/4476 873/873 2910/2910
f 2936/2936 4476/4476 2910/2910
f 2936/2936 2910/2910 878/878
f 545/545 2941/2941 4477/4477
f 545/545 4477/4477 2918/2918
f 2941/2941 704/704 2930/2930
f 2941/2941 2930/2930 4477/4477
f 4477/4477 2930/2930 874/874
f 4477/4477 874/874 2911/2911
f 2918/2918 4477/4477 2911/2911
f 2918/2918 2911/2911 866/866
f 705/705 2942/2942 4478/4478
f 705/705 4478/4478 2932/2932
f 2942/2942 881/881 2943/2943
f 2942/2942 2943/2943 4478/4478
f 4478/4478 2943/2943 547/547
f 4478/4478 547/547 2912/2912
f 2932/2932 4478/4478 2912/2912
f 2932/2932 2912/2912 876/876
f 714/714 2944/2944 4479/4479
f 714/714 4479/4479 2924/2924
f 2944/2944 880/880 2939/2939
f 2944/2944 2939/2939 4479/4479
f 4479/4479 2939/2939 518/518
f 4479/4479 518/518 2914/2914
f 2924/2924 4479/4479 2914/2914
f 2924/2924 2914/2914 871/871
f 881/881 2945/2945 4480/4480
f 881/881 4480/4480 2943/2943
f 2945/2945 723/723 2919/2919
f 2945/2945 2919/2919 4480/4480
f 4480/4480 2919/2919 867/867
f 4480/4480 867/867 2915/2915
f 2943/2943 4480/4480 2915/2915
f 2943/2943 2915/2915 547/547
f 732/732 2446/2446 4481/4481
f 732/732 4481/4481 2921/2921
f 2446/2446 516/516 2925/2925
f 2446/2446 2925/2925 4481/4481
f 4481/4481 2925/2925 870/870
f 4481/4481 870/870 2916/2916
f 2921/2921 4481/4481 2916/2916
f 2921/2921 2916/2916 869/869
f 749/749 2608/2608 4482/4482
f 749/749 4482/4482 2935/2935
f 2608/2608 562/562 2933/2933
f 2608/2608 2933/2933 4482/4482
f 4482/4482 2933/2933 875/875
f 4482/4482 875/875 2917/2917
f 2935/2935 4482/4482 2917/2917
f 2935/2935 2917/2917 877/877
f 868/868 2946/2946 4483/4483
f 868/868 4483/4483 2920/2920
f 616/616 2447/2447 4483/4483
f 616/616 4483/4483 2946/2946
f 732/732 2920/2920 4483/4483
f 732/732 4483/4483 2447/2447
f 616/616 2947/2947 4484/4484
f 616/616 4484/4484 2948/2948
f 880/880 2944/2944 4484/4484
f 880/880 4484/4484 2947/2947
f 714/714 2948/2948 4484/4484
f 714/714 4484/4484 2944/2944
f 516/516 2448/2448 4485/4485
f 516/516 4485/4485 2923/2923
f 616/616 2948/2948 4485/4485
f 616/616 4485/4485 2448/2448
f 714/714 2923/2923 4485/4485
f 714/714 4485/4485 2948/2948
f 880/880 2947/2947 4486/4486
f 880/880 4486/4486 2938/2938
f 616/616 2524/2524 4486/4486
f 616/616 4486/4486 2947/2947
f 678/678 2938/2938 4486/4486
f 678/678 4486/4486 2524/2524
f 616/616 2949/2949 4487/4487
f 616/616 4487/4487 2950/2950
f 872/872 2926/2926 4487/4487
f 872/872 4487/4487 2949/2949
f 695/695 2950/2950 4487/4487
f 695/695 4487/4487 2926/2926
f 559/559 2525/2525 4488/4488
f 559/559 4488/4488 2940/2940
f 616/616 2950/2950 4488/4488
f 616/616 4488/4488 2525/2525
f 695/695 2940/2940 4488/4488
f 695/695 4488/4488 2950/2950
f 881/881 2951/2951 4489/4489
f 881/881 4489/4489 2945/2945
f 616/616 2579/2579 4489/4489
f 616/616 4489/4489 2951/2951
f 723/723 2945/2945 4489/4489
f 723/723 4489/4489 2579/2579
f 616/616 2946/2946 4490/4490
f 616/616 4490/4490 2952/2952
f 868/868 2929/2929 4490/4490
f 868/868 4490/4490 2946/2946
f 704/704 2952/2952 4490/4490
f 704/704 4490/4490 2929/2929
f 545/545 2580/2580 4491/4491
f 545/545 4491/4491 2941/2941
f 616/616 2952/2952 4491/4491
f 616/616 4491/4491 2580/2580
f 704/704 2941/2941 4491/4491
f 704/704 4491/4491 2952/2952
f 872/872 2949/2949 4492/4492
f 872/872 4492/4492 2934/2934
f 616/616 2609/2609 4492/4492
f 616/616 4492/4492 2949/2949
f 749/749 2934/2934 4492/4492
f 749/749 4492/4492 2609/2609
f 616/616 2951/2951 4493/4493
f 616/616 4493/4493 2953/2953
f 881/881 2942/2942 4493/4493
f 881/881 4493/4493 2951/2951
f 705/705 2953/2953 4493/4493
f 705/705 4493/4493 2942/2942
f 562/562 2610/2610 4494/4494
f 562/562 4494/4494 2931/2931
f 616/616 2953/2953 4494/4494
f 616/616 4494/4494 2610/2610
f 705/705 2931/2931 4494/4494
f 705/705 4494/4494 2953/2953
f 1076/1076 3108/3108 4495/4495
f 1076/1076 4495/4495 3494/3494
f 1196/1196 1568/1568 4495/4495
f 1196/1196 4495/4495 3108/3108
f 1329/1329 3494/3494 4495/4495
f 1329/1329 4495/4495 1568/1568
f 89/89 1467/1467 4496/4496
f 89/89 4496/4496 3618/3618
f 1467/1467 62/62 3712/3712
f 1467/1467 3712/3712 4496/4496
f 4496/4496 3712/3712 936/936
f 4496/4496 936/936 3135/3135
f 3618/3618 4496/4496 3135/3135
f 3618/3618 3135/3135 1049/1049
f 1061/1061 1678/1678 4497/4497
f 1061/1061 4497/4497 1981/1981
f 1678/1678 1040/1040 3318/3318
f 1678/1678 3318/3318 4497/4497
f 4497/4497 3318/3318 1043/1043
f 4497/4497 1043/1043 1942/1942
f 1981/1981 4497/4497 1942/1942
f 1981/1981 1942/1942 949/949
f 1286/1286 3384/3384 4498/4498
f 1286/1286 4498/4498 3143/3143
f 3384/3384 1260/1260 3292/3292
f 3384/3384 3292/3292 4498/4498
f 4498/4498 3292/3292 1201/1201
f 4498/4498 1201/1201 3385/3385
f 3143/3143 4498/4498 3385/3385
f 3143/3143 3385/3385 1287/1287
f 1187/1187 2978/2978 4499/4499
f 1187/1187 4499/4499 2058/2058
f 2978/2978 8/8 3033/3033
f 2978/2978 3033/3033 4499/4499
f 4499/4499 3033/3033 1370/1370
f 4499/4499 1370/1370 3404/3404
f 2058/2058 4499/4499 3404/3404
f 2058/2058 3404/3404 1369/1369
f 938/938 3479/3479 4500/4500
f 938/938 4500/4500 3083/3083
f 3479/3479 988/988 1955/1955
f 3479/3479 1955/1955 4500/4500
f 4500/4500 1955/1955 1062/1062
f 4500/4500 1062/1062 3485/3485
f 3083/3083 4500/4500 3485/3485
f 3083/3083 3485/3485 1038/1038
f 903/903 1423/1423 4501/4501
f 903/903 4501/4501 3445/3445
f 1423/1423 933/933 3101/3101
f 1423/1423 3101/3101 4501/4501
f 4501/4501 3101/3101 916/916
f 4501/4501 916/916 2962/2962
f 3445/3445 4501/4501 2962/2962
f 3445/3445 2962/2962 1/1
f 1178/1178 3343/3343 4502/4502
f 1178/1178 4502/4502 3342/3342
f 3343/3343 1179/1179 1988/1988
f 3343/3343 1988/1988 4502/4502
f 4502/4502 1988/1988 1070/1070
f 4502/4502 1070/1070 3104/3104
f 3342/3342 4502/4502 3104/3104
f 3342/3342 3104/3104 1012/1012
f 1065/1065 1602/1602 4503/4503
f 1065/1065 4503/4503 3692/3692
f 1602/1602 1181/1181 3620/3620
f 1602/1602 3620/3620 4503/4503
f 4503/4503 3620/3620 299/299
f 4503/4503 299/299 1407/1407
f 3692/3692 4503/4503 1407/1407
f 3692/3692 1407/1407 309/309
f 1110/1110 3218/3218 4504/4504
f 1110/1110 4504/4504 3212/3212
f 3218/3218 1109/1109 3211/3211
f 3218/3218 3211/3211 4504/4504
f 4504/4504 3211/3211 1102/1102
f 4504/4504 1102/1102 3207/3207
f 3212/3212 4504/4504 3207/3207
f 3212/3212 3207/3207 1103/1103
f 1224/1224 3671/3671 4505/4505
f 1224/1224 4505/4505 3109/3109
f 3671/3671 379/379 1774/1774
f 3671/3671 1774/1774 4505/4505
f 4505/4505 1774/1774 301/301
f 4505/4505 301/301 3657/3657
f 3109/3109 4505/4505 3657/3657
f 3109/3109 3657/3657 1180/1180
f 1365/1365 1850/1850 4506/4506
f 1365/1365 4506/4506 3715/3715
f 1850/1850 1051/1051 3630/3630
f 1850/1850 3630/3630 4506/4506
f 4506/4506 3630/3630 54/54
f 4506/4506 54/54 3544/3544
f 3715/3715 4506/4506 3544/3544
f 3715/3715 3544/3544 1298/1298
f 44/44 1939/1939 4507/4507
f 44/44 4507/4507 3682/3682
f 1939/1939 97/97 3621/3621
f 1939/1939 3621/3621 4507/4507
f 4507/4507 3621/3621 1177/1177
f 4507/4507 1177/1177 3119/3119
f 3682/3682 4507/4507 3119/3119
f 3682/3682 3119/3119 1172/1172
f 1195/1195 1760/1760 4508/4508
f 1195/1195 4508/4508 3148/3148
f 1760/1760 1165/1165 1652/1652
f 1760/1760 1652/1652 4508/4508
f 4508/4508 1652/1652 1166/1166
f 4508/4508 1166/1166 3291/3291
f 3148/3148 4508/4508 3291/3291
f 3148/3148 3291/3291 1074/1074
f 1012/1012 3104/3104 4509/4509
f 1012/1012 4509/4509 3247/3247
f 3104/3104 1070/1070 1703/1703
f 3104/3104 1703/1703 4509/4509
f 4509/4509 1703/1703 1184/1184
f 4509/4509 1184/1184 1666/1666
f 3247/3247 4509/4509 1666/1666
f 3247/3247 1666/1666 1190/1190
f 1261/1261 3139/3139 4510/4510
f 1261/1261 4510/4510 3014/3014
f 3139/3139 1259/1259 1504/1504
f 3139/3139 1504/1504 4510/4510
f 4510/4510 1504/1504 1203/1203
f 4510/4510 1203/1203 1594/1594
f 3014/3014 4510/4510 1594/1594
f 3014/3014 1594/1594 1205/1205
f 1038/1038 3481/3481 4511/4511
f 1038/1038 4511/4511 1578/1578
f 3481/3481 945/945 3488/3488
f 3481/3481 3488/3488 4511/4511
f 4511/4511 3488/3488 987/987
f 4511/4511 987/987 1788/1788
f 1578/1578 4511/4511 1788/1788
f 1578/1578 1788/1788 1047/1047
f 1180/1180 1983/1983 4512/4512
f 1180/1180 4512/4512 1565/1565
f 1983/1983 1345/1345 3416/3416
f 1983/1983 3416/3416 4512/4512
f 4512/4512 3416/3416 1344/1344
f 4512/4512 1344/1344 3414/3414
f 1565/1565 4512/4512 3414/3414
f 1565/1565 3414/3414 1075/1075
f 889/889 3689/3689 4513/4513
f 889/889 4513/4513 2982/2982
f 3689/3689 1259/1259 3139/3139
f 3689/3689 3139/3139 4513/4513
f 4513/4513 3139/3139 1261/1261
f 4513/4513 1261/1261 3687/3687
f 2982/2982 4513/4513 3687/3687
f 2982/2982 3687/3687 894/894
f 914/914 3112/3112 4514/4514
f 914/914 4514/4514 3406/3406
f 3112/3112 1022/1022 1784/1784
f 3112/3112 1784/1784 4514/4514
f 4514/4514 1784/1784 1333/1333
f 4514/4514 1333/1333 3356/3356
f 3406/3406 4514/4514 3356/3356
f 3406/3406 3356/3356 1334/1334
f 1118/1118 3051/3051 4515/4515
f 1118/1118 4515/4515 3122/3122
f 3051/3051 1160/1160 1611/1611
f 3051/3051 1611/1611 4515/4515
f 4515/4515 1611/1611 1163/1163
f 4515/4515 1163/1163 3081/3081
f 3122/3122 4515/4515 3081/3081
f 3122/3122 3081/3081 1117/1117
f 1276/1276 3159/3159 4516/4516
f 1276/1276 4516/4516 3286/3286
f 3159/3159 1278/1278 3330/3330
f 3159/3159 3330/3330 4516/4516
f 4516/4516 3330/3330 1275/1275
f 4516/4516 1275/1275 3359/3359
f 3286/3286 4516/4516 3359/3359
f 3286/3286 3359/3359 1283/1283
f 477/477 2372/2372 4517/4517
f 477/477 4517/4517 2964/2964
f 479/479 2635/2635 4517/4517
f 479/479 4517/4517 2372/2372
f 617/617 2964/2964 4517/4517
f 617/617 4517/4517 2635/2635
f 477/477 2964/2964 4518/4518
f 477/477 4518/4518 2400/2400
f 617/617 2611/2611 4518/4518
f 617/617 4518/4518 2964/2964
f 512/512 2400/2400 4518/4518
f 512/512 4518/4518 2611/2611
f 521/521 2546/2546 4519/4519
f 521/521 4519/4519 2965/2965
f 550/550 2601/2601 4519/4519
f 550/550 4519/4519 2546/2546
f 617/617 2965/2965 4519/4519
f 617/617 4519/4519 2601/2601
f 521/521 2965/2965 4520/4520
f 521/521 4520/4520 2504/2504
f 617/617 2636/2636 4520/4520
f 617/617 4520/4520 2965/2965
f 525/525 2504/2504 4520/4520
f 525/525 4520/4520 2636/2636
f 1300/1300 3349/3349 4521/4521
f 1300/1300 4521/4521 3124/3124
f 3349/3349 1288/1288 1900/1900
f 3349/3349 1900/1900 4521/4521
f 4521/4521 1900/1900 1304/1304
f 4521/4521 1304/1304 3320/3320
f 3124/3124 4521/4521 3320/3320
f 3124/3124 3320/3320 1277/1277
f 885/885 2967/2967 4522/4522
f 885/885 4522/4522 2104/2104
f 886/886 2966/2966 4522/4522
f 886/886 4522/4522 2967/2967
f 42/42 2104/2104 4522/4522
f 42/42 4522/4522 2966/2966
f 1279/1279 3264/3264 4523/4523
f 1279/1279 4523/4523 3490/3490
f 3264/3264 1010/1010 3145/3145
f 3264/3264 3145/3145 4523/4523
f 4523/4523 3145/3145 1183/1183
f 4523/4523 1183/1183 2097/2097
f 3490/3490 4523/4523 2097/2097
f 3490/3490 2097/2097 1282/1282
f 950/950 1433/1433 4524/4524
f 950/950 4524/4524 2970/2970
f 1433/1433 959/959 1989/1989
f 1433/1433 1989/1989 4524/4524
f 4524/4524 1989/1989 354/354
f 4524/4524 354/354 2969/2969
f 2970/2970 4524/4524 2969/2969
f 2970/2970 2969/2969 955/955
f 989/989 3637/3637 4525/4525
f 989/989 4525/4525 3037/3037
f 3637/3637 77/77 1417/1417
f 3637/3637 1417/1417 4525/4525
f 4525/4525 1417/1417 71/71
f 4525/4525 71/71 3644/3644
f 3037/3037 4525/4525 3644/3644
f 3037/3037 3644/3644 1035/1035
f 957/957 2971/2971 4526/4526
f 957/957 4526/4526 1510/1510
f 2971/2971 952/952 2972/2972
f 2971/2971 2972/2972 4526/4526
f 4526/4526 2972/2972 955/955
f 4526/4526 955/955 2969/2969
f 1510/1510 4526/4526 2969/2969
f 1510/1510 2969/2969 354/354
f 886/886 2967/2967 4527/4527
f 886/886 4527/4527 2974/2974
f 2967/2967 885/885 2973/2973
f 2967/2967 2973/2973 4527/4527
f 4527/4527 2973/2973 955/955
f 4527/4527 955/955 2972/2972
f 2974/2974 4527/4527 2972/2972
f 2974/2974 2972/2972 952/952
f 959/959 1432/1432 4528/4528
f 959/959 4528/4528 1990/1990
f 1432/1432 958/958 2975/2975
f 1432/1432 2975/2975 4528/4528
f 4528/4528 2975/2975 937/937
f 4528/4528 937/937 2976/2976
f 1990/1990 4528/4528 2976/2976
f 1990/1990 2976/2976 939/939
f 987/987 1993/1993 4529/4529
f 987/987 4529/4529 3681/3681
f 1993/1993 985/985 3700/3700
f 1993/1993 3700/3700 4529/4529
f 4529/4529 3700/3700 36/36
f 4529/4529 36/36 1587/1587
f 3681/3681 4529/4529 1587/1587
f 3681/3681 1587/1587 90/90
f 896/896 2977/2977 4530/4530
f 896/896 4530/4530 2981/2981
f 2977/2977 891/891 2979/2979
f 2977/2977 2979/2979 4530/4530
f 4530/4530 2979/2979 890/890
f 4530/4530 890/890 2093/2093
f 2981/2981 4530/4530 2093/2093
f 2981/2981 2093/2093 893/893
f 1017/1017 3301/3301 4531/4531
f 1017/1017 4531/4531 3668/3668
f 3301/3301 926/926 3683/3683
f 3301/3301 3683/3683 4531/4531
f 4531/4531 3683/3683 50/50
f 4531/4531 50/50 1823/1823
f 3668/3668 4531/4531 1823/1823
f 3668/3668 1823/1823 20/20
f 888/888 2983/2983 4532/4532
f 888/888 4532/4532 2984/2984
f 2983/2983 895/895 2980/2980
f 2983/2983 2980/2980 4532/4532
f 4532/4532 2980/2980 892/892
f 4532/4532 892/892 2079/2079
f 2984/2984 4532/4532 2079/2079
f 2984/2984 2079/2079 887/887
f 1077/1077 1422/1422 4533/4533
f 1077/1077 4533/4533 1992/1992
f 1422/1422 1181/1181 1602/1602
f 1422/1422 1602/1602 4533/4533
f 4533/4533 1602/1602 1065/1065
f 4533/4533 1065/1065 3336/3336
f 1992/1992 4533/4533 3336/3336
f 1992/1992 3336/3336 1215/1215
f 905/905 3006/3006 4534/4534
f 905/905 4534/4534 2094/2094
f 3006/3006 907/907 1964/1964
f 3006/3006 1964/1964 4534/4534
f 4534/4534 1964/1964 909/909
f 4534/4534 909/909 1894/1894
f 2094/2094 4534/4534 1894/1894
f 2094/2094 1894/1894 908/908
f 1350/1350 3504/3504 4535/4535
f 1350/1350 4535/4535 1567/1567
f 3504/3504 1330/1330 3357/3357
f 3504/3504 3357/3357 4535/4535
f 4535/4535 3357/3357 1324/1324
f 4535/4535 1324/1324 3399/3399
f 1567/1567 4535/4535 3399/3399
f 1567/1567 3399/3399 1352/1352
f 1265/1265 1799/1799 4536/4536
f 1265/1265 4536/4536 3386/3386
f 1799/1799 1267/1267 3568/3568
f 1799/1799 3568/3568 4536/4536
f 4536/4536 3568/3568 1368/1368
f 4536/4536 1368/1368 3580/3580
f 3386/3386 4536/4536 3580/3580
f 3386/3386 3580/3580 1378/1378
f 280/280 2993/2993 4537/4537
f 280/280 4537/4537 1903/1903
f 2993/2993 361/361 2994/2994
f 2993/2993 2994/2994 4537/4537
f 4537/4537 2994/2994 362/362
f 4537/4537 362/362 2108/2108
f 1903/1903 4537/4537 2108/2108
f 1903/1903 2108/2108 303/303
f 947/947 2995/2995 4538/4538
f 947/947 4538/4538 2997/2997
f 2995/2995 361/361 2993/2993
f 2995/2995 2993/2993 4538/4538
f 4538/4538 2993/2993 280/280
f 4538/4538 280/280 2996/2996
f 2997/2997 4538/4538 2996/2996
f 2997/2997 2996/2996 944/944
f 1374/1374 3574/3574 4539/4539
f 1374/1374 4539/4539 3587/3587
f 3574/3574 1148/1148 3348/3348
f 3574/3574 3348/3348 4539/4539
f 4539/4539 3348/3348 1059/1059
f 4539/4539 1059/1059 1973/1973
f 3587/3587 4539/4539 1973/1973
f 3587/3587 1973/1973 1373/1373
f 1318/1318 3585/3585 4540/4540
f 1318/1318 4540/4540 2062/2062
f 3585/3585 1319/1319 3571/3571
f 3585/3585 3571/3571 4540/4540
f 4540/4540 3571/3571 214/214
f 4540/4540 214/214 1819/1819
f 2062/2062 4540/4540 1819/1819
f 2062/2062 1819/1819 6/6
f 1211/1211 3378/3378 4541/4541
f 1211/1211 4541/4541 3377/3377
f 3378/3378 967/967 2005/2005
f 3378/3378 2005/2005 4541/4541
f 4541/4541 2005/2005 968/968
f 4541/4541 968/968 1582/1582
f 3377/3377 4541/4541 1582/1582
f 3377/3377 1582/1582 263/263
f 1251/1251 1566/1566 4542/4542
f 1251/1251 4542/4542 3493/3493
f 1566/1566 1252/1252 3256/3256
f 1566/1566 3256/3256 4542/4542
f 4542/4542 3256/3256 1244/1244
f 4542/4542 1244/1244 3278/3278
f 3493/3493 4542/4542 3278/3278
f 3493/3493 3278/3278 1239/1239
f 1357/1357 3427/3427 4543/4543
f 1357/1357 4543/4543 3551/3551
f 3427/3427 1353/1353 1388/1388
f 3427/3427 1388/1388 4543/4543
f 4543/4543 1388/1388 1257/1257
f 4543/4543 1257/1257 3293/3293
f 3551/3551 4543/4543 3293/3293
f 3551/3551 3293/3293 1255/1255
f 1076/1076 3227/3227 4544/4544
f 1076/1076 4544/4544 1526/1526
f 3227/3227 1067/1067 3001/3001
f 3227/3227 3001/3001 4544/4544
f 4544/4544 3001/3001 1188/1188
f 4544/4544 1188/1188 3447/3447
f 1526/1526 4544/4544 3447/3447
f 1526/1526 3447/3447 1192/1192
f 1196/1196 1709/1709 4545/4545
f 1196/1196 4545/4545 2992/2992
f 1709/1709 1078/1078 1893/1893
f 1709/1709 1893/1893 4545/4545
f 4545/4545 1893/1893 1170/1170
f 4545/4545 1170/1170 3094/3094
f 2992/2992 4545/4545 3094/3094
f 2992/2992 3094/3094 1256/1256
f 1029/1029 2958/2958 4546/4546
f 1029/1029 4546/4546 3470/3470
f 2958/2958 1055/1055 1787/1787
f 2958/2958 1787/1787 4546/4546
f 4546/4546 1787/1787 922/922
f 4546/4546 922/922 3164/3164
f 3470/3470 4546/4546 3164/3164
f 3470/3470 3164/3164 1027/1027
f 910/910 3011/3011 4547/4547
f 910/910 4547/4547 1759/1759
f 3011/3011 935/935 3007/3007
f 3011/3011 3007/3007 4547/4547
f 4547/4547 3007/3007 898/898
f 4547/4547 898/898 3019/3019
f 1759/1759 4547/4547 3019/3019
f 1759/1759 3019/3019 897/897
f 911/911 3009/3009 4548/4548
f 911/911 4548/4548 1574/1574
f 3009/3009 918/918 3010/3010
f 3009/3009 3010/3010 4548/4548
f 4548/4548 3010/3010 906/906
f 4548/4548 906/906 3005/3005
f 1574/1574 4548/4548 3005/3005
f 1574/1574 3005/3005 904/904
f 1343/1343 1397/1397 4549/4549
f 1343/1343 4549/4549 3415/3415
f 1397/1397 914/914 3406/3406
f 1397/1397 3406/3406 4549/4549
f 4549/4549 3406/3406 1334/1334
f 4549/4549 1334/1334 3405/3405
f 3415/3415 4549/4549 3405/3405
f 3415/3415 3405/3405 1346/1346
f 911/911 2113/2113 4550/4550
f 911/911 4550/4550 3009/3009
f 2113/2113 935/935 3011/3011
f 2113/2113 3011/3011 4550/4550
f 4550/4550 3011/3011 910/910
f 4550/4550 910/910 1863/1863
f 3009/3009 4550/4550 1863/1863
f 3009/3009 1863/1863 918/918
f 966/966 3649/3649 4551/4551
f 966/966 4551/4551 1827/1827
f 3649/3649 68/68 1804/1804
f 3649/3649 1804/1804 4551/4551
f 4551/4551 1804/1804 69/69
f 4551/4551 69/69 3691/3691
f 1827/1827 4551/4551 3691/3691
f 1827/1827 3691/3691 965/965
f 956/956 3044/3044 4552/4552
f 956/956 4552/4552 3040/3040
f 944/944 2996/2996 4552/4552
f 944/944 4552/4552 3044/3044
f 280/280 3040/3040 4552/4552
f 280/280 4552/4552 2996/2996
f 1235/1235 3280/3280 4553/4553
f 1235/1235 4553/4553 3008/3008
f 3280/3280 1233/1233 3333/3333
f 3280/3280 3333/3333 4553/4553
f 4553/4553 3333/3333 1217/1217
f 4553/4553 1217/1217 3290/3290
f 3008/3008 4553/4553 3290/3290
f 3008/3008 3290/3290 1236/1236
f 986/986 3458/3458 4554/4554
f 986/986 4554/4554 3701/3701
f 3458/3458 1030/1030 3685/3685
f 3458/3458 3685/3685 4554/4554
f 4554/4554 3685/3685 60/60
f 4554/4554 60/60 1448/1448
f 3701/3701 4554/4554 1448/1448
f 3701/3701 1448/1448 39/39
f 918/918 1862/1862 4555/4555
f 918/918 4555/4555 3010/3010
f 1862/1862 350/350 1869/1869
f 1862/1862 1869/1869 4555/4555
f 4555/4555 1869/1869 351/351
f 4555/4555 351/351 1961/1961
f 3010/3010 4555/4555 1961/1961
f 3010/3010 1961/1961 906/906
f 898/898 3007/3007 4556/4556
f 898/898 4556/4556 3171/3171
f 3007/3007 935/935 2114/2114
f 3007/3007 2114/2114 4556/4556
f 4556/4556 2114/2114 1110/1110
f 4556/4556 1110/1110 3216/3216
f 3171/3171 4556/4556 3216/3216
f 3171/3171 3216/3216 1080/1080
f 182/182 1956/1956 4557/4557
f 182/182 4557/4557 3013/3013
f 1956/1956 327/327 3012/3012
f 1956/1956 3012/3012 4557/4557
f 4557/4557 3012/3012 930/930
f 4557/4557 930/930 2072/2072
f 3013/3013 4557/4557 2072/2072
f 3013/3013 2072/2072 927/927
f 1309/1309 3716/3716 4558/4558
f 1309/1309 4558/4558 1873/1873
f 3716/3716 1371/1371 2963/2963
f 3716/3716 2963/2963 4558/4558
f 4558/4558 2963/2963 1174/1174
f 4558/4558 1174/1174 3625/3625
f 1873/1873 4558/4558 3625/3625
f 1873/1873 3625/3625 92/92
f 1338/1338 3411/3411 4559/4559
f 1338/1338 4559/4559 3131/3131
f 3411/3411 1380/1380 3590/3590
f 3411/3411 3590/3590 4559/4559
f 4559/4559 3590/3590 1381/1381
f 4559/4559 1381/1381 3426/3426
f 3131/3131 4559/4559 3426/3426
f 3131/3131 3426/3426 1350/1350
f 1187/1187 3355/3355 4560/4560
f 1187/1187 4560/4560 2978/2978
f 3355/3355 1282/1282 3474/3474
f 3355/3355 3474/3474 4560/4560
f 4560/4560 3474/3474 1280/1280
f 4560/4560 1280/1280 3316/3316
f 2978/2978 4560/4560 3316/3316
f 2978/2978 3316/3316 8/8
f 327/327 1816/1816 4561/4561
f 327/327 4561/4561 3012/3012
f 1816/1816 7/7 3016/3016
f 1816/1816 3016/3016 4561/4561
f 4561/4561 3016/3016 928/928
f 4561/4561 928/928 1922/1922
f 3012/3012 4561/4561 1922/1922
f 3012/3012 1922/1922 930/930
f 1283/1283 1971/1971 4562/4562
f 1283/1283 4562/4562 3286/3286
f 1971/1971 1359/1359 3297/3297
f 1971/1971 3297/3297 4562/4562
f 4562/4562 3297/3297 1358/1358
f 4562/4562 1358/1358 2075/2075
f 3286/3286 4562/4562 2075/2075
f 3286/3286 2075/2075 1276/1276
f 306/306 1953/1953 4563/4563
f 306/306 4563/4563 3017/3017
f 1953/1953 182/182 3013/3013
f 1953/1953 3013/3013 4563/4563
f 4563/4563 3013/3013 927/927
f 4563/4563 927/927 1714/1714
f 3017/3017 4563/4563 1714/1714
f 3017/3017 1714/1714 929/929
f 1238/1238 3289/3289 4564/4564
f 1238/1238 4564/4564 1910/1910
f 3289/3289 1243/1243 3287/3287
f 3289/3289 3287/3287 4564/4564
f 4564/4564 3287/3287 1242/1242
f 4564/4564 1242/1242 3304/3304
f 1910/1910 4564/4564 3304/3304
f 1910/1910 3304/3304 1237/1237
f 1080/1080 3196/3196 4565/4565
f 1080/1080 4565/4565 3173/3173
f 3196/3196 1101/1101 3197/3197
f 3196/3196 3197/3197 4565/4565
f 4565/4565 3197/3197 1326/1326
f 4565/4565 1326/1326 3599/3599
f 3173/3173 4565/4565 3599/3599
f 3173/3173 3599/3599 1325/1325
f 1248/1248 1731/1731 4566/4566
f 1248/1248 4566/4566 3262/3262
f 1731/1731 1245/1245 3252/3252
f 1731/1731 3252/3252 4566/4566
f 4566/4566 3252/3252 1132/1132
f 4566/4566 1132/1132 3302/3302
f 3262/3262 4566/4566 3302/3302
f 3262/3262 3302/3302 1249/1249
f 94/94 1877/1877 4567/4567
f 94/94 4567/4567 3018/3018
f 1877/1877 306/306 3017/3017
f 1877/1877 3017/3017 4567/4567
f 4567/4567 3017/3017 929/929
f 4567/4567 929/929 1459/1459
f 3018/3018 4567/4567 1459/1459
f 3018/3018 1459/1459 924/924
f 133/133 1883/1883 4568/4568
f 133/133 4568/4568 2095/2095
f 183/183 1401/1401 4568/4568
f 183/183 4568/4568 1883/1883
f 356/356 2095/2095 4568/4568
f 1072/1072 3002/3002 4569/4569
f 1072/1072 4569/4569 1987/1987
f 3002/3002 923/923 3121/3121
f 3002/3002 3121/3121 4569/4569
f 4569/4569 3121/3121 1151/1151
f 4569/4569 1151/1151 3311/3311
f 1987/1987 4569/4569 3311/3311
f 1987/1987 3311/3311 1198/1198
f 946/946 2022/2022 4570/4570
f 946/946 4570/4570 1518/1518
f 2022/2022 937/937 2975/2975
f 2022/2022 2975/2975 4570/4570
f 4570/4570 2975/2975 958/958
f 4570/4570 958/958 3020/3020
f 1518/1518 4570/4570 3020/3020
f 1518/1518 3020/3020 960/960
f 1243/1243 3449/3449 4571/4571
f 1243/1243 4571/4571 3287/3287
f 3449/3449 1232/1232 3279/3279
f 3449/3449 3279/3279 4571/4571
f 4571/4571 3279/3279 1234/1234
f 4571/4571 1234/1234 1859/1859
f 3287/3287 4571/4571 1859/1859
f 3287/3287 1859/1859 1242/1242
f 115/115 3670/3670 4572/4572
f 115/115 4572/4572 1977/1977
f 3670/3670 1236/1236 2885/2885
f 3670/3670 2885/2885 4572/4572
f 4572/4572 2885/2885 1056/1056
f 4572/4572 1056/1056 3632/3632
f 1977/1977 4572/4572 3632/3632
f 1977/1977 3632/3632 10/10
f 42/42 3679/3679 4573/4573
f 42/42 4573/4573 3634/3634
f 1258/1258 2998/2998 4573/4573
f 1258/1258 4573/4573 3679/3679
f 1209/1209 3634/3634 4573/4573
f 1209/1209 4573/4573 2998/2998
f 939/939 2976/2976 4574/4574
f 939/939 4574/4574 3029/3029
f 2976/2976 937/937 2021/2021
f 2976/2976 2021/2021 4574/4574
f 4574/4574 2021/2021 349/349
f 4574/4574 349/349 1412/1412
f 3029/3029 4574/4574 1412/1412
f 3029/3029 1412/1412 172/172
f 1089/1089 1626/1626 4575/4575
f 1089/1089 4575/4575 1960/1960
f 1626/1626 1115/1115 3250/3250
f 1626/1626 3250/3250 4575/4575
f 4575/4575 3250/3250 1092/1092
f 4575/4575 1092/1092 3253/3253
f 1960/1960 4575/4575 3253/3253
f 1960/1960 3253/3253 1086/1086
f 941/941 1991/1991 4576/4576
f 941/941 4576/4576 3030/3030
f 1991/1991 939/939 3029/3029
f 1991/1991 3029/3029 4576/4576
f 4576/4576 3029/3029 172/172
f 4576/4576 172/172 1926/1926
f 3030/3030 4576/4576 1926/1926
f 3030/3030 1926/1926 353/353
f 940/940 1512/1512 4577/4577
f 940/940 4577/4577 3031/3031
f 1512/1512 941/941 3030/3030
f 1512/1512 3030/3030 4577/4577
f 4577/4577 3030/3030 353/353
f 4577/4577 353/353 2092/2092
f 3031/3031 4577/4577 2092/2092
f 3031/3031 2092/2092 890/890
f 943/943 1837/1837 4578/4578
f 943/943 4578/4578 3032/3032
f 1837/1837 940/940 3031/3031
f 1837/1837 3031/3031 4578/4578
f 4578/4578 3031/3031 890/890
f 4578/4578 890/890 2979/2979
f 3032/3032 4578/4578 2979/2979
f 3032/3032 2979/2979 891/891
f 1274/1274 2063/2063 4579/4579
f 1274/1274 4579/4579 3120/3120
f 2063/2063 1289/1289 1908/1908
f 2063/2063 1908/1908 4579/4579
f 4579/4579 1908/1908 1284/1284
f 4579/4579 1284/1284 3266/3266
f 3120/3120 4579/4579 3266/3266
f 3120/3120 3266/3266 1197/1197
f 1159/1159 3050/3050 4580/4580
f 1159/1159 4580/4580 3272/3272
f 3050/3050 1250/1250 3303/3303
f 3050/3050 3303/3303 4580/4580
f 4580/4580 3303/3303 1133/1133
f 4580/4580 1133/1133 3105/3105
f 3272/3272 4580/4580 3105/3105
f 3272/3272 3105/3105 1135/1135
f 355/355 2096/2096 4581/4581
f 355/355 4581/4581 2078/2078
f 356/356 3034/3034 4581/4581
f 356/356 4581/4581 2096/2096
f 887/887 2078/2078 4581/4581
f 887/887 4581/4581 3034/3034
f 356/356 1400/1400 4582/4582
f 356/356 4582/4582 3034/3034
f 1400/1400 13/13 1857/1857
f 1400/1400 1857/1857 4582/4582
f 4582/4582 1857/1857 888/888
f 4582/4582 888/888 2984/2984
f 3034/3034 4582/4582 2984/2984
f 3034/3034 2984/2984 887/887
f 1321/1321 3584/3584 4583/4583
f 1321/1321 4583/4583 3572/3572
f 3584/3584 1315/1315 3567/3567
f 3584/3584 3567/3567 4583/4583
f 4583/4583 3567/3567 281/281
f 4583/4583 281/281 1756/1756
f 3572/3572 4583/4583 1756/1756
f 3572/3572 1756/1756 897/897
f 1123/1123 3116/3116 4584/4584
f 1123/1123 4584/4584 3260/3260
f 3116/3116 1118/1118 3122/3122
f 3116/3116 3122/3122 4584/4584
f 4584/4584 3122/3122 1117/1117
f 4584/4584 1117/1117 3259/3259
f 3260/3260 4584/4584 3259/3259
f 3260/3260 3259/3259 1122/1122
f 960/960 3020/3020 4585/4585
f 960/960 4585/4585 3036/3036
f 3020/3020 958/958 1435/1435
f 3020/3020 1435/1435 4585/4585
f 4585/4585 1435/1435 947/947
f 4585/4585 947/947 2997/2997
f 3036/3036 4585/4585 2997/2997
f 3036/3036 2997/2997 944/944
f 1078/1078 3309/3309 4586/4586
f 1078/1078 4586/4586 1893/1893
f 3309/3309 1193/1193 3248/3248
f 3309/3309 3248/3248 4586/4586
f 4586/4586 3248/3248 1210/1210
f 4586/4586 1210/1210 1768/1768
f 1893/1893 4586/4586 1768/1768
f 1893/1893 1768/1768 1170/1170
f 1281/1281 3464/3464 4587/4587
f 1281/1281 4587/4587 3141/3141
f 3464/3464 1172/1172 3323/3323
f 3464/3464 3323/3323 4587/4587
f 4587/4587 3323/3323 1010/1010
f 4587/4587 1010/1010 3264/3264
f 3141/3141 4587/4587 3264/3264
f 3141/3141 3264/3264 1279/1279
f 956/956 3043/3043 4588/4588
f 956/956 4588/4588 3044/3044
f 3043/3043 913/913 3049/3049
f 3043/3043 3049/3049 4588/4588
f 4588/4588 3049/3049 960/960
f 4588/4588 960/960 3036/3036
f 3044/3044 4588/4588 3036/3036
f 3044/3044 3036/3036 944/944
f 1080/1080 3216/3216 4589/4589
f 1080/1080 4589/4589 3196/3196
f 3216/3216 1110/1110 3212/3212
f 3216/3216 3212/3212 4589/4589
f 4589/4589 3212/3212 1103/1103
f 4589/4589 1103/1103 3208/3208
f 3196/3196 4589/4589 3208/3208
f 3196/3196 3208/3208 1101/1101
f 1094/1094 3114/3114 4590/4590
f 1094/1094 4590/4590 3254/3254
f 3114/3114 1128/1128 1958/1958
f 3114/3114 1958/1958 4590/4590
f 4590/4590 1958/1958 1124/1124
f 4590/4590 1124/1124 3274/3274
f 3254/3254 4590/4590 3274/3274
f 3254/3254 3274/3274 1087/1087
f 885/885 2103/2103 4591/4591
f 885/885 4591/4591 3041/3041
f 2103/2103 361/361 2995/2995
f 2103/2103 2995/2995 4591/4591
f 4591/4591 2995/2995 947/947
f 4591/4591 947/947 1434/1434
f 3041/3041 4591/4591 1434/1434
f 3041/3041 1434/1434 950/950
f 1239/1239 3608/3608 4592/4592
f 1239/1239 4592/4592 3493/3493
f 3608/3608 822/822 2870/2870
f 3608/3608 2870/2870 4592/4592
f 4592/4592 2870/2870 824/824
f 4592/4592 824/824 3646/3646
f 3493/3493 4592/4592 3646/3646
f 3493/3493 3646/3646 1251/1251
f 1203/1203 1504/1504 4593/4593
f 1203/1203 4593/4593 3087/3087
f 1259/1259 3350/3350 4593/4593
f 1259/1259 4593/4593 1504/1504
f 1204/1204 3087/3087 4593/4593
f 1204/1204 4593/4593 3350/3350
f 950/950 2970/2970 4594/4594
f 950/950 4594/4594 3041/3041
f 955/955 2973/2973 4594/4594
f 955/955 4594/4594 2970/2970
f 885/885 3041/3041 4594/4594
f 885/885 4594/4594 2973/2973
f 952/952 2971/2971 4595/4595
f 952/952 4595/4595 3028/3028
f 957/957 1836/1836 4595/4595
f 957/957 4595/4595 2971/2971
f 95/95 3028/3028 4595/4595
f 95/95 4595/4595 1836/1836
f 1104/1104 3204/3204 4596/4596
f 1104/1104 4596/4596 3065/3065
f 3204/3204 884/884 3042/3042
f 3204/3204 3042/3042 4596/4596
f 4596/4596 3042/3042 975/975
f 4596/4596 975/975 3060/3060
f 3065/3065 4596/4596 3060/3060
f 3065/3065 3060/3060 970/970
f 988/988 3479/3479 4597/4597
f 988/988 4597/4597 3235/3235
f 3479/3479 938/938 2871/2871
f 3479/3479 2871/2871 4597/4597
f 4597/4597 2871/2871 1039/1039
f 4597/4597 1039/1039 1677/1677
f 3235/3235 4597/4597 1677/1677
f 3235/3235 1677/1677 1060/1060
f 1131/1131 1830/1830 4598/4598
f 1131/1131 4598/4598 3436/3436
f 1830/1830 1311/1311 3367/3367
f 1830/1830 3367/3367 4598/4598
f 4598/4598 3367/3367 1336/1336
f 4598/4598 1336/1336 3403/3403
f 3436/3436 4598/4598 3403/3403
f 3436/3436 3403/3403 1162/1162
f 1349/1349 3402/3402 4599/4599
f 1349/1349 4599/4599 3418/3418
f 3402/3402 1341/1341 2960/2960
f 3402/3402 2960/2960 4599/4599
f 4599/4599 2960/2960 1169/1169
f 4599/4599 1169/1169 3277/3277
f 3418/3418 4599/4599 3277/3277
f 3418/3418 3277/3277 1164/1164
f 1024/1024 3358/3358 4600/4600
f 1024/1024 4600/4600 1847/1847
f 3358/3358 1279/1279 3490/3490
f 3358/3358 3490/3490 4600/4600
f 4600/4600 3490/3490 1282/1282
f 4600/4600 1282/1282 3355/3355
f 1847/1847 4600/4600 3355/3355
f 1847/1847 3355/3355 1187/1187
f 42/42 2105/2105 4601/4601
f 42/42 4601/4601 2102/2102
f 362/362 2994/2994 4601/4601
f 362/362 4601/4601 2105/2105
f 361/361 2102/2102 4601/4601
f 361/361 4601/4601 2994/2994
f 1375/1375 3605/3605 4602/4602
f 1375/1375 4602/4602 3023/3023
f 3605/3605 1373/1373 1973/1973
f 3605/3605 1973/1973 4602/4602
f 4602/4602 1973/1973 1059/1059
f 4602/4602 1059/1059 3157/3157
f 3023/3023 4602/4602 3157/3157
f 3023/3023 3157/3157 2/2
f 1247/1247 3648/3648 4603/4603
f 1247/1247 4603/4603 3300/3300
f 3648/3648 823/823 2829/2829
f 3648/3648 2829/2829 4603/4603
f 4603/4603 2829/2829 114/114
f 4603/4603 114/114 3653/3653
f 3300/3300 4603/4603 3653/3653
f 3300/3300 3653/3653 1240/1240
f 1198/1198 3311/3311 4604/4604
f 1198/1198 4604/4604 1555/1555
f 3311/3311 1151/1151 3499/3499
f 3311/3311 3499/3499 4604/4604
f 4604/4604 3499/3499 1275/1275
f 4604/4604 1275/1275 3330/3330
f 1555/1555 4604/4604 3330/3330
f 1555/1555 3330/3330 1278/1278
f 1363/1363 3604/3604 4605/4605
f 1363/1363 4605/4605 3556/3556
f 3604/3604 1122/1122 2991/2991
f 3604/3604 2991/2991 4605/4605
f 4605/4605 2991/2991 1316/1316
f 4605/4605 1316/1316 3263/3263
f 3556/3556 4605/4605 3263/3263
f 3556/3556 3263/3263 1312/1312
f 1158/1158 3271/3271 4606/4606
f 1158/1158 4606/4606 3269/3269
f 3271/3271 1134/1134 3258/3258
f 3271/3271 3258/3258 4606/4606
f 4606/4606 3258/3258 1131/1131
f 4606/4606 1131/1131 3436/3436
f 3269/3269 4606/4606 3436/3436
f 3269/3269 3436/3436 1162/1162
f 1264/1264 3502/3502 4607/4607
f 1264/1264 4607/4607 3407/3407
f 3502/3502 1368/1368 3607/3607
f 3502/3502 3607/3607 4607/4607
f 4607/4607 3607/3607 1380/1380
f 4607/4607 1380/1380 3411/3411
f 3407/3407 4607/4607 3411/3411
f 3407/3407 3411/3411 1338/1338
f 1258/1258 3679/3679 4608/4608
f 1258/1258 4608/4608 3678/3678
f 42/42 2966/2966 4608/4608
f 42/42 4608/4608 3679/3679
f 886/886 3678/3678 4608/4608
f 886/886 4608/4608 2966/2966
f 1324/1324 3393/3393 4609/4609
f 1324/1324 4609/4609 3401/3401
f 3393/3393 1280/1280 3468/3468
f 3393/3393 3468/3468 4609/4609
f 4609/4609 3468/3468 1013/1013
f 4609/4609 1013/1013 1933/1933
f 3401/3401 4609/4609 1933/1933
f 3401/3401 1933/1933 1331/1331
f 1113/1113 3217/3217 4610/4610
f 1113/1113 4610/4610 3203/3203
f 3217/3217 1111/1111 3213/3213
f 3217/3217 3213/3213 4610/4610
f 4610/4610 3213/3213 1105/1105
f 4610/4610 1105/1105 3205/3205
f 3203/3203 4610/4610 3205/3205
f 3203/3203 3205/3205 1107/1107
f 1/1 3633/3633 4611/4611
f 1/1 4611/4611 3445/3445
f 3633/3633 40/40 1438/1438
f 3633/3633 1438/1438 4611/4611
f 4611/4611 1438/1438 9/9
f 4611/4611 9/9 3696/3696
f 3445/3445 4611/4611 3696/3696
f 3445/3445 3696/3696 903/903
f 969/969 3140/3140 4612/4612
f 969/969 4612/4612 3656/3656
f 3140/3140 1047/1047 3659/3659
f 3140/3140 3659/3659 4612/4612
f 4612/4612 3659/3659 24/24
f 4612/4612 24/24 1792/1792
f 3656/3656 4612/4612 1792/1792
f 3656/3656 1792/1792 85/85
f 295/295 2023/2023 4613/4613
f 295/295 4613/4613 3077/3077
f 2023/2023 294/294 1812/1812
f 2023/2023 1812/1812 4613/4613
f 4613/4613 1812/1812 982/982
f 4613/4613 982/982 3078/3078
f 3077/3077 4613/4613 3078/3078
f 3077/3077 3078/3078 981/981
f 1289/1289 2056/2056 4614/4614
f 1289/1289 4614/4614 1908/1908
f 2056/2056 1304/1304 3353/3353
f 2056/2056 3353/3353 4614/4614
f 4614/4614 3353/3353 1302/1302
f 4614/4614 1302/1302 3305/3305
f 1908/1908 4614/4614 3305/3305
f 1908/1908 3305/3305 1284/1284
f 915/915 2083/2083 4615/4615
f 915/915 4615/4615 1664/1664
f 2083/2083 1037/1037 1917/1917
f 2083/2083 1917/1917 4615/4615
f 4615/4615 1917/1917 926/926
f 4615/4615 926/926 3301/3301
f 1664/1664 4615/4615 3301/3301
f 1664/1664 3301/3301 1017/1017
f 342/342 3079/3079 4616/4616
f 342/342 4616/4616 2111/2111
f 3079/3079 275/275 1391/1391
f 3079/3079 1391/1391 4616/4616
f 4616/4616 1391/1391 270/270
f 4616/4616 270/270 1392/1392
f 2111/2111 4616/4616 1392/1392
f 2111/2111 1392/1392 964/964
f 1/1 2954/2954 4617/4617
f 1/1 4617/4617 3633/3633
f 2954/2954 921/921 3686/3686
f 2954/2954 3686/3686 4617/4617
f 4617/4617 3686/3686 12/12
f 4617/4617 12/12 1761/1761
f 3633/3633 4617/4617 1761/1761
f 3633/3633 1761/1761 40/40
f 1026/1026 3559/3559 4618/4618
f 1026/1026 4618/4618 3673/3673
f 3559/3559 1365/1365 3715/3715
f 3559/3559 3715/3715 4618/4618
f 4618/4618 3715/3715 1298/1298
f 4618/4618 1298/1298 1797/1797
f 3673/3673 4618/4618 1797/1797
f 3673/3673 1797/1797 19/19
f 1251/1251 3646/3646 4619/4619
f 1251/1251 4619/4619 2869/2869
f 3646/3646 824/824 2873/2873
f 3646/3646 2873/2873 4619/4619
f 4619/4619 2873/2873 823/823
f 4619/4619 823/823 3648/3648
f 2869/2869 4619/4619 3648/3648
f 2869/2869 3648/3648 1247/1247
f 348/348 2099/2099 4620/4620
f 348/348 4620/4620 1840/1840
f 2099/2099 883/883 1631/1631
f 2099/2099 1631/1631 4620/4620
f 4620/4620 1631/1631 303/303
f 4620/4620 303/303 2107/2107
f 1840/1840 4620/4620 2107/2107
f 1840/1840 2107/2107 248/248
f 977/977 3067/3067 4621/4621
f 977/977 4621/4621 1553/1553
f 3067/3067 973/973 1828/1828
f 3067/3067 1828/1828 4621/4621
f 4621/4621 1828/1828 226/226
f 4621/4621 226/226 1712/1712
f 1553/1553 4621/4621 1712/1712
f 1553/1553 1712/1712 171/171
f 971/971 3066/3066 4622/4622
f 971/971 4622/4622 3055/3055
f 3066/3066 970/970 2064/2064
f 3066/3066 2064/2064 4622/4622
f 4622/4622 2064/2064 225/225
f 4622/4622 225/225 1508/1508
f 3055/3055 4622/4622 1508/1508
f 3055/3055 1508/1508 229/229
f 974/974 3062/3062 4623/4623
f 974/974 4623/4623 1829/1829
f 3062/3062 971/971 3055/3055
f 3062/3062 3055/3055 4623/4623
f 4623/4623 3055/3055 229/229
f 4623/4623 229/229 1697/1697
f 1829/1829 4623/4623 1697/1697
f 1829/1829 1697/1697 227/227
f 1107/1107 3205/3205 4624/4624
f 1107/1107 4624/4624 3058/3058
f 3205/3205 1105/1105 3201/3201
f 3205/3205 3201/3201 4624/4624
f 4624/4624 3201/3201 971/971
f 4624/4624 971/971 3062/3062
f 3058/3058 4624/4624 3062/3062
f 3058/3058 3062/3062 974/974
f 348/348 3064/3064 4625/4625
f 348/348 4625/4625 2099/2099
f 3064/3064 975/975 3042/3042
f 3064/3064 3042/3042 4625/4625
f 4625/4625 3042/3042 884/884
f 4625/4625 884/884 3222/3222
f 2099/2099 4625/4625 3222/3222
f 2099/2099 3222/3222 883/883
f 976/976 3068/3068 4626/4626
f 976/976 4626/4626 1907/1907
f 3068/3068 972/972 3063/3063
f 3068/3068 3063/3063 4626/4626
f 4626/4626 3063/3063 928/928
f 4626/4626 928/928 3016/3016
f 1907/1907 4626/4626 3016/3016
f 1907/1907 3016/3016 7/7
f 972/972 3069/3069 4627/4627
f 972/972 4627/4627 3063/3063
f 3069/3069 977/977 1553/1553
f 3069/3069 1553/1553 4627/4627
f 4627/4627 1553/1553 171/171
f 4627/4627 171/171 1554/1554
f 3063/3063 4627/4627 1554/1554
f 3063/3063 1554/1554 928/928
f 1322/1322 3573/3573 4628/4628
f 1322/1322 4628/4628 3582/3582
f 3573/3573 976/976 1907/1907
f 3573/3573 1907/1907 4628/4628
f 4628/4628 1907/1907 7/7
f 4628/4628 7/7 1815/1815
f 3582/3582 4628/4628 1815/1815
f 3582/3582 1815/1815 1308/1308
f 1085/1085 2006/2006 4629/4629
f 1085/1085 4629/4629 3187/3187
f 2006/2006 231/231 1771/1771
f 2006/2006 1771/1771 4629/4629
f 4629/4629 1771/1771 343/343
f 4629/4629 343/343 3183/3183
f 3187/3187 4629/4629 3183/3183
f 3187/3187 3183/3183 1097/1097
f 979/979 3074/3074 4630/4630
f 979/979 4630/4630 1618/1618
f 3074/3074 980/980 3195/3195
f 3074/3074 3195/3195 4630/4630
f 4630/4630 3195/3195 1100/1100
f 4630/4630 1100/1100 3199/3199
f 1618/1618 4630/4630 3199/3199
f 1618/1618 3199/3199 1099/1099
f 128/128 1646/1646 4631/4631
f 128/128 4631/4631 1945/1945
f 1646/1646 1090/1090 3185/3185
f 1646/1646 3185/3185 4631/4631
f 4631/4631 3185/3185 1084/1084
f 4631/4631 1084/1084 3127/3127
f 1945/1945 4631/4631 3127/3127
f 1945/1945 3127/3127 322/322
f 981/981 3078/3078 4632/4632
f 981/981 4632/4632 2044/2044
f 3078/3078 982/982 3075/3075
f 3078/3078 3075/3075 4632/4632
f 4632/4632 3075/3075 289/289
f 4632/4632 289/289 2029/2029
f 2044/2044 4632/4632 2029/2029
f 2044/2044 2029/2029 290/290
f 964/964 3076/3076 4633/4633
f 964/964 4633/4633 1589/1589
f 3076/3076 982/982 1812/1812
f 3076/3076 1812/1812 4633/4633
f 4633/4633 1812/1812 294/294
f 4633/4633 294/294 1813/1813
f 1589/1589 4633/4633 1813/1813
f 1589/1589 1813/1813 293/293
f 117/117 1390/1390 4634/4634
f 117/117 4634/4634 3053/3053
f 1390/1390 275/275 3079/3079
f 1390/1390 3079/3079 4634/4634
f 4634/4634 3079/3079 342/342
f 4634/4634 342/342 2119/2119
f 3053/3053 4634/4634 2119/2119
f 3053/3053 2119/2119 300/300
f 296/296 2039/2039 4635/4635
f 296/296 4635/4635 3169/3169
f 2039/2039 295/295 3077/3077
f 2039/2039 3077/3077 4635/4635
f 4635/4635 3077/3077 981/981
f 4635/4635 981/981 3080/3080
f 3169/3169 4635/4635 3080/3080
f 3169/3169 3080/3080 1079/1079
f 1275/1275 1980/1980 4636/4636
f 1275/1275 4636/4636 3359/3359
f 1980/1980 1263/1263 3354/3354
f 1980/1980 3354/3354 4636/4636
f 4636/4636 3354/3354 1264/1264
f 4636/4636 1264/1264 3361/3361
f 3359/3359 4636/4636 3361/3361
f 3359/3359 3361/3361 1283/1283
f 1311/1311 3441/3441 4637/4637
f 1311/1311 4637/4637 3367/3367
f 3441/3441 1166/1166 3176/3176
f 3441/3441 3176/3176 4637/4637
f 4637/4637 3176/3176 1167/1167
f 4637/4637 1167/1167 3351/3351
f 3367/3367 4637/4637 3351/3351
f 3367/3367 3351/3351 1336/1336
f 1173/1173 3352/3352 4638/4638
f 1173/1173 4638/4638 3243/3243
f 3352/3352 1281/1281 3141/3141
f 3352/3352 3141/3141 4638/4638
f 4638/4638 3141/3141 1279/1279
f 4638/4638 1279/1279 3358/3358
f 3243/3243 4638/4638 3358/3358
f 3243/3243 3358/3358 1024/1024
f 94/94 3636/3636 4639/4639
f 94/94 4639/4639 3563/3563
f 3636/3636 1173/1173 3179/3179
f 3636/3636 3179/3179 4639/4639
f 4639/4639 3179/3179 1371/1371
f 4639/4639 1371/1371 3716/3716
f 3563/3563 4639/4639 3716/3716
f 3563/3563 3716/3716 1309/1309
f 923/923 3322/3322 4640/4640
f 923/923 4640/4640 3223/3223
f 1204/1204 3446/3446 4640/4640
f 1025/1025 3223/3223 4640/4640
f 1025/1025 4640/4640 3446/3446
f 1305/1305 1469/1469 4641/4641
f 1305/1305 4641/4641 3365/3365
f 1469/1469 1337/1337 3428/3428
f 1469/1469 3428/3428 4641/4641
f 4641/4641 3428/3428 1169/1169
f 4641/4641 1169/1169 2960/2960
f 3365/3365 4641/4641 2960/2960
f 3365/3365 2960/2960 1341/1341
f 1343/1343 3415/3415 4642/4642
f 1343/1343 4642/4642 3261/3261
f 3415/3415 1346/1346 3370/3370
f 3415/3415 3370/3370 4642/4642
f 4642/4642 3370/3370 1195/1195
f 4642/4642 1195/1195 3146/3146
f 3261/3261 4642/4642 3146/3146
f 3261/3261 3146/3146 1073/1073
f 1168/1168 3265/3265 4643/4643
f 1168/1168 4643/4643 1662/1662
f 3265/3265 1167/1167 3176/3176
f 3265/3265 3176/3176 4643/4643
f 4643/4643 3176/3176 1166/1166
f 4643/4643 1166/1166 1652/1652
f 1662/1662 4643/4643 1652/1652
f 1662/1662 1652/1652 1165/1165
f 1058/1058 3703/3703 4644/4644
f 1058/1058 4644/4644 3115/3115
f 3703/3703 66/66 1690/1690
f 3703/3703 1690/1690 4644/4644
f 4644/4644 1690/1690 68/68
f 4644/4644 68/68 3649/3649
f 3115/3115 4644/4644 3649/3649
f 3115/3115 3649/3649 966/966
f 952/952 3028/3028 4645/4645
f 952/952 4645/4645 3642/3642
f 95/95 3664/3664 4645/4645
f 95/95 4645/4645 3028/3028
f 1301/1301 3642/3642 4645/4645
f 1301/1301 4645/4645 3664/3664
f 963/963 3172/3172 4646/4646
f 963/963 4646/4646 3168/3168
f 3172/3172 1083/1083 3175/3175
f 3172/3172 3175/3175 4646/4646
f 4646/4646 3175/3175 296/296
f 4646/4646 296/296 3169/3169
f 3168/3168 4646/4646 3169/3169
f 3168/3168 3169/3169 1079/1079
f 960/960 3049/3049 4647/4647
f 960/960 4647/4647 1518/1518
f 3049/3049 913/913 3039/3039
f 3049/3049 3039/3039 4647/4647
f 4647/4647 3039/3039 948/948
f 4647/4647 948/948 1639/1639
f 1518/1518 4647/4647 1639/1639
f 1518/1518 1639/1639 946/946
f 1082/1082 3174/3174 4648/4648
f 1082/1082 4648/4648 1745/1745
f 3174/3174 1083/1083 3172/3172
f 3174/3174 3172/3172 4648/4648
f 4648/4648 3172/3172 963/963
f 4648/4648 963/963 2987/2987
f 1745/1745 4648/4648 2987/2987
f 1745/1745 2987/2987 902/902
f 1108/1108 3219/3219 4649/4649
f 1108/1108 4649/4649 3200/3200
f 3219/3219 882/882 2959/2959
f 3219/3219 2959/2959 4649/4649
f 4649/4649 2959/2959 884/884
f 4649/4649 884/884 3204/3204
f 3200/3200 4649/4649 3204/3204
f 3200/3200 3204/3204 1104/1104
f 295/295 3383/3383 4650/4650
f 295/295 4650/4650 2023/2023
f 3383/3383 292/292 2050/2050
f 3383/3383 2050/2050 4650/4650
f 4650/4650 2050/2050 293/293
f 4650/4650 293/293 1813/1813
f 2023/2023 4650/4650 1813/1813
f 2023/2023 1813/1813 294/294
f 1170/1170 3239/3239 4651/4651
f 1170/1170 4651/4651 3094/3094
f 3239/3239 1143/1143 3391/3391
f 3239/3239 3391/3391 4651/4651
f 4651/4651 3391/3391 1300/1300
f 4651/4651 1300/1300 3392/3392
f 3094/3094 4651/4651 3392/3392
f 3094/3094 3392/3392 1256/1256
f 318/318 1648/1648 4652/4652
f 318/318 4652/4652 1773/1773
f 1648/1648 1091/1091 3188/3188
f 1648/1648 3188/3188 4652/4652
f 4652/4652 3188/3188 1096/1096
f 4652/4652 1096/1096 1906/1906
f 1773/1773 4652/4652 1906/1906
f 1773/1773 1906/1906 301/301
f 318/318 1645/1645 4653/4653
f 318/318 4653/4653 1648/1648
f 1645/1645 239/239 3177/3177
f 1645/1645 3177/3177 4653/4653
f 4653/4653 3177/3177 1090/1090
f 4653/4653 1090/1090 3189/3189
f 1648/1648 4653/4653 3189/3189
f 1648/1648 3189/3189 1091/1091
f 1265/1265 3386/3386 4654/4654
f 1265/1265 4654/4654 3085/3085
f 3386/3386 1378/1378 3579/3579
f 3386/3386 3579/3579 4654/4654
f 4654/4654 3579/3579 1374/1374
f 4654/4654 1374/1374 3276/3276
f 3085/3085 4654/4654 3276/3276
f 3085/3085 3276/3276 1152/1152
f 322/322 3127/3127 4655/4655
f 322/322 4655/4655 1396/1396
f 3127/3127 1084/1084 3191/3191
f 3127/3127 3191/3191 4655/4655
f 4655/4655 3191/3191 1085/1085
f 4655/4655 1085/1085 1395/1395
f 1396/1396 4655/4655 1395/1395
f 1396/1396 1395/1395 125/125
f 980/980 3072/3072 4656/4656
f 980/980 4656/4656 3195/3195
f 3072/3072 1097/1097 3192/3192
f 3072/3072 3192/3192 4656/4656
f 4656/4656 3192/3192 291/291
f 4656/4656 291/291 3198/3198
f 3195/3195 4656/4656 3198/3198
f 3195/3195 3198/3198 1100/1100
f 303/303 1631/1631 4657/4657
f 303/303 4657/4657 1903/1903
f 1631/1631 883/883 3059/3059
f 1631/1631 3059/3059 4657/4657
f 4657/4657 3059/3059 956/956
f 4657/4657 956/956 3040/3040
f 1903/1903 4657/4657 3040/3040
f 1903/1903 3040/3040 280/280
f 1326/1326 3197/3197 4658/4658
f 1326/1326 4658/4658 3581/3581
f 3197/3197 1101/1101 3061/3061
f 3197/3197 3061/3061 4658/4658
f 4658/4658 3061/3061 976/976
f 4658/4658 976/976 3573/3573
f 3581/3581 4658/4658 3573/3573
f 3581/3581 3573/3573 1322/1322
f 1105/1105 3206/3206 4659/4659
f 1105/1105 4659/4659 3201/3201
f 3206/3206 1104/1104 3065/3065
f 3206/3206 3065/3065 4659/4659
f 4659/4659 3065/3065 970/970
f 4659/4659 970/970 3066/3066
f 3201/3201 4659/4659 3066/3066
f 3201/3201 3066/3066 971/971
f 1103/1103 3207/3207 4660/4660
f 1103/1103 4660/4660 3054/3054
f 3207/3207 1102/1102 3056/3056
f 3207/3207 3056/3056 4660/4660
f 4660/4660 3056/3056 977/977
f 4660/4660 977/977 3069/3069
f 3054/3054 4660/4660 3069/3069
f 3054/3054 3069/3069 972/972
f 1101/1101 3208/3208 4661/4661
f 1101/1101 4661/4661 3061/3061
f 3208/3208 1103/1103 3054/3054
f 3208/3208 3054/3054 4661/4661
f 4661/4661 3054/3054 972/972
f 4661/4661 972/972 3068/3068
f 3061/3061 4661/4661 3068/3068
f 3061/3061 3068/3068 976/976
f 1102/1102 3209/3209 4662/4662
f 1102/1102 4662/4662 3056/3056
f 3209/3209 1106/1106 3057/3057
f 3209/3209 3057/3057 4662/4662
f 4662/4662 3057/3057 973/973
f 4662/4662 973/973 3067/3067
f 3056/3056 4662/4662 3067/3067
f 3056/3056 3067/3067 977/977
f 882/882 3219/3219 4663/4663
f 882/882 4663/4663 3038/3038
f 3219/3219 1108/1108 3210/3210
f 3219/3219 3210/3210 4663/4663
f 4663/4663 3210/3210 948/948
f 4663/4663 948/948 3039/3039
f 3038/3038 4663/4663 3039/3039
f 3038/3038 3039/3039 913/913
f 1108/1108 3220/3220 4664/4664
f 1108/1108 4664/4664 3210/3210
f 3220/3220 1111/1111 1807/1807
f 3220/3220 1807/1807 4664/4664
f 4664/4664 1807/1807 908/908
f 4664/4664 908/908 1640/1640
f 3210/3210 4664/4664 1640/1640
f 3210/3210 1640/1640 948/948
f 1381/1381 3338/3338 4665/4665
f 1381/1381 4665/4665 3426/3426
f 3338/3338 1379/1379 3152/3152
f 3338/3338 3152/3152 4665/4665
f 4665/4665 3152/3152 1330/1330
f 4665/4665 1330/1330 3504/3504
f 3426/3426 4665/4665 3504/3504
f 3426/3426 3504/3504 1350/1350
f 1086/1086 3273/3273 4666/4666
f 1086/1086 4666/4666 1398/1398
f 3273/3273 1123/1123 3260/3260
f 3273/3273 3260/3260 4666/4666
f 4666/4666 3260/3260 1122/1122
f 4666/4666 1122/1122 3604/3604
f 1398/1398 4666/4666 3604/3604
f 1398/1398 3604/3604 1363/1363
f 1024/1024 1847/1847 4667/4667
f 1024/1024 4667/4667 3478/3478
f 1847/1847 1187/1187 2058/2058
f 1847/1847 2058/2058 4667/4667
f 4667/4667 2058/2058 1369/1369
f 4667/4667 1369/1369 3389/3389
f 3478/3478 4667/4667 3389/3389
f 3478/3478 3389/3389 1372/1372
f 1116/1116 3091/3091 4668/4668
f 1116/1116 4668/4668 3240/3240
f 3091/3091 1376/1376 3360/3360
f 3091/3091 3360/3360 4668/4668
f 4668/4668 3360/3360 1377/1377
f 4668/4668 1377/1377 2055/2055
f 3240/3240 4668/4668 2055/2055
f 3240/3240 2055/2055 1217/1217
f 1023/1023 3611/3611 4669/4669
f 1023/1023 4669/4669 2956/2956
f 3611/3611 25/25 3542/3542
f 3611/3611 3542/3542 4669/4669
f 4669/4669 3542/3542 1296/1296
f 4669/4669 1296/1296 3628/3628
f 2956/2956 4669/4669 3628/3628
f 2956/2956 3628/3628 1367/1367
f 1316/1316 2991/2991 4670/4670
f 1316/1316 4670/4670 3557/3557
f 2991/2991 1122/1122 3259/3259
f 2991/2991 3259/3259 4670/4670
f 4670/4670 3259/3259 1117/1117
f 4670/4670 1117/1117 3558/3558
f 3557/3557 4670/4670 3558/3558
f 3557/3557 3558/3558 1364/1364
f 1340/1340 3313/3313 4671/4671
f 1340/1340 4671/4671 3408/3408
f 3313/3313 1268/1268 3369/3369
f 3313/3313 3369/3369 4671/4671
f 4671/4671 3369/3369 1305/1305
f 4671/4671 1305/1305 3365/3365
f 3408/3408 4671/4671 3365/3365
f 3408/3408 3365/3365 1341/1341
f 249/249 3379/3379 4672/4672
f 249/249 4672/4672 2034/2034
f 3379/3379 1211/1211 3377/3377
f 3379/3379 3377/3377 4672/4672
f 4672/4672 3377/3377 263/263
f 4672/4672 263/263 2007/2007
f 2034/2034 4672/4672 2007/2007
f 2034/2034 2007/2007 264/264
f 1211/1211 3379/3379 4673/4673
f 1211/1211 4673/4673 1583/1583
f 3379/3379 249/249 1843/1843
f 3379/3379 1843/1843 4673/4673
f 4673/4673 1843/1843 252/252
f 4673/4673 252/252 1845/1845
f 1583/1583 4673/4673 1845/1845
f 1583/1583 1845/1845 284/284
f 1212/1212 3381/3381 4674/4674
f 1212/1212 4674/4674 3382/3382
f 3381/3381 981/981 2044/2044
f 3381/3381 2044/2044 4674/4674
f 4674/4674 2044/2044 290/290
f 4674/4674 290/290 2045/2045
f 3382/3382 4674/4674 2045/2045
f 3382/3382 2045/2045 260/260
f 968/968 3380/3380 4675/4675
f 968/968 4675/4675 1582/1582
f 3380/3380 1212/1212 3382/3382
f 3380/3380 3382/3382 4675/4675
f 4675/4675 3382/3382 260/260
f 4675/4675 260/260 2008/2008
f 1582/1582 4675/4675 2008/2008
f 1582/1582 2008/2008 263/263
f 460/460 2316/2316 4676/4676
f 460/460 4676/4676 3505/3505
f 2316/2316 700/700 3506/3506
f 2316/2316 3506/3506 4676/4676
f 4676/4676 3506/3506 1121/1121
f 4676/4676 1121/1121 3162/3162
f 3505/3505 4676/4676 3162/3162
f 3505/3505 3162/3162 996/996
f 700/700 2291/2291 4677/4677
f 700/700 4677/4677 3506/3506
f 2291/2291 428/428 3507/3507
f 2291/2291 3507/3507 4677/4677
f 4677/4677 3507/3507 101/101
f 4677/4677 101/101 3477/3477
f 3506/3506 4677/4677 3477/3477
f 3506/3506 3477/3477 1121/1121
f 429/429 2200/2200 4678/4678
f 429/429 4678/4678 3508/3508
f 2200/2200 737/737 3509/3509
f 2200/2200 3509/3509 4678/4678
f 4678/4678 3509/3509 317/317
f 4678/4678 317/317 1944/1944
f 3508/3508 4678/4678 1944/1944
f 3508/3508 1944/1944 102/102
f 737/737 2812/2812 4679/4679
f 737/737 4679/4679 3509/3509
f 2812/2812 426/426 3510/3510
f 2812/2812 3510/3510 4679/4679
f 4679/4679 3510/3510 238/238
f 4679/4679 238/238 1702/1702
f 3509/3509 4679/4679 1702/1702
f 3509/3509 1702/1702 317/317
f 426/426 2207/2207 4680/4680
f 426/426 4680/4680 3510/3510
f 2207/2207 719/719 3511/3511
f 2207/2207 3511/3511 4680/4680
f 4680/4680 3511/3511 332/332
f 4680/4680 332/332 1867/1867
f 3510/3510 4680/4680 1867/1867
f 3510/3510 1867/1867 238/238
f 719/719 2763/2763 4681/4681
f 719/719 4681/4681 3511/3511
f 2763/2763 424/424 3512/3512
f 2763/2763 3512/3512 4681/4681
f 4681/4681 3512/3512 233/233
f 4681/4681 233/233 1941/1941
f 3511/3511 4681/4681 1941/1941
f 3511/3511 1941/1941 332/332
f 424/424 2295/2295 4682/4682
f 424/424 4682/4682 3512/3512
f 2295/2295 683/683 3513/3513
f 2295/2295 3513/3513 4682/4682
f 4682/4682 3513/3513 345/345
f 4682/4682 345/345 2082/2082
f 3512/3512 4682/4682 2082/2082
f 3512/3512 2082/2082 233/233
f 683/683 2755/2755 4683/4683
f 683/683 4683/4683 3513/3513
f 2755/2755 456/456 3514/3514
f 2755/2755 3514/3514 4683/4683
f 4683/4683 3514/3514 236/236
f 4683/4683 236/236 1921/1921
f 3513/3513 4683/4683 1921/1921
f 3513/3513 1921/1921 345/345
f 456/456 2210/2210 4684/4684
f 456/456 4684/4684 3514/3514
f 2210/2210 691/691 3515/3515
f 2210/2210 3515/3515 4684/4684
f 4684/4684 3515/3515 341/341
f 4684/4684 341/341 2052/2052
f 3514/3514 4684/4684 2052/2052
f 3514/3514 2052/2052 236/236
f 691/691 2332/2332 4685/4685
f 691/691 4685/4685 3515/3515
f 2332/2332 458/458 3516/3516
f 2332/2332 3516/3516 4685/4685
f 4685/4685 3516/3516 112/112
f 4685/4685 112/112 1750/1750
f 3515/3515 4685/4685 1750/1750
f 3515/3515 1750/1750 341/341
f 458/458 2499/2499 4686/4686
f 458/458 4686/4686 3516/3516
f 2499/2499 745/745 3517/3517
f 2499/2499 3517/3517 4686/4686
f 4686/4686 3517/3517 1150/1150
f 4686/4686 1150/1150 3452/3452
f 3516/3516 4686/4686 3452/3452
f 3516/3516 3452/3452 112/112
f 745/745 2489/2489 4687/4687
f 745/745 4687/4687 3517/3517
f 2489/2489 488/488 3518/3518
f 2489/2489 3518/3518 4687/4687
f 4687/4687 3518/3518 994/994
f 4687/4687 994/994 2824/2824
f 3517/3517 4687/4687 2824/2824
f 3517/3517 2824/2824 1150/1150
f 488/488 2131/2131 4688/4688
f 488/488 4688/4688 3518/3518
f 2131/2131 710/710 3519/3519
f 2131/2131 3519/3519 4688/4688
f 4688/4688 3519/3519 1155/1155
f 4688/4688 1155/1155 3308/3308
f 3518/3518 4688/4688 3308/3308
f 3518/3518 3308/3308 994/994
f 710/710 2784/2784 4689/4689
f 710/710 4689/4689 3519/3519
f 2784/2784 454/454 3520/3520
f 2784/2784 3520/3520 4689/4689
f 4689/4689 3520/3520 991/991
f 4689/4689 991/991 3182/3182
f 3519/3519 4689/4689 3182/3182
f 3519/3519 3182/3182 1155/1155
f 454/454 2231/2231 4690/4690
f 454/454 4690/4690 3520/3520
f 2231/2231 728/728 3521/3521
f 2231/2231 3521/3521 4690/4690
f 4690/4690 3521/3521 1140/1140
f 4690/4690 1140/1140 3332/3332
f 3520/3520 4690/4690 3332/3332
f 3520/3520 3332/3332 991/991
f 728/728 2794/2794 4691/4691
f 728/728 4691/4691 3521/3521
f 2794/2794 460/460 3505/3505
f 2794/2794 3505/3505 4691/4691
f 4691/4691 3505/3505 996/996
f 4691/4691 996/996 1471/1471
f 3521/3521 4691/4691 1471/1471
f 3521/3521 1471/1471 1140/1140
f 411/411 2128/2128 4692/4692
f 411/411 4692/4692 3522/3522
f 2128/2128 739/739 3523/3523
f 2128/2128 3523/3523 4692/4692
f 4692/4692 3523/3523 321/321
f 4692/4692 321/321 1700/1700
f 3522/3522 4692/4692 1700/1700
f 3522/3522 1700/1700 245/245
f 739/739 2314/2314 4693/4693
f 739/739 4693/4693 3523/3523
f 2314/2314 414/414 3524/3524
f 2314/2314 3524/3524 4693/4693
f 4693/4693 3524/3524 107/107
f 4693/4693 107/107 1740/1740
f 3523/3523 4693/4693 1740/1740
f 3523/3523 1740/1740 321/321
f 415/415 2240/2240 4694/4694
f 415/415 4694/4694 3525/3525
f 2240/2240 698/698 3526/3526
f 2240/2240 3526/3526 4694/4694
f 4694/4694 3526/3526 1126/1126
f 4694/4694 1126/1126 3444/3444
f 3525/3525 4694/4694 3444/3444
f 3525/3525 3444/3444 108/108
f 698/698 2761/2761 4695/4695
f 698/698 4695/4695 3526/3526
f 2761/2761 438/438 3527/3527
f 2761/2761 3527/3527 4695/4695
f 4695/4695 3527/3527 1005/1005
f 4695/4695 1005/1005 1861/1861
f 3526/3526 4695/4695 1861/1861
f 3526/3526 1861/1861 1126/1126
f 438/438 2214/2214 4696/4696
f 438/438 4696/4696 3527/3527
f 2214/2214 730/730 3528/3528
f 2214/2214 3528/3528 4696/4696
f 4696/4696 3528/3528 1145/1145
f 4696/4696 1145/1145 3347/3347
f 3527/3527 4696/4696 3347/3347
f 3527/3527 3347/3347 1005/1005
f 730/730 2802/2802 4697/4697
f 730/730 4697/4697 3528/3528
f 2802/2802 432/432 3529/3529
f 2802/2802 3529/3529 4697/4697
f 4697/4697 3529/3529 1000/1000
f 4697/4697 1000/1000 3345/3345
f 3528/3528 4697/4697 3345/3345
f 3528/3528 3345/3345 1145/1145
f 432/432 2254/2254 4698/4698
f 432/432 4698/4698 3529/3529
f 2254/2254 712/712 3530/3530
f 2254/2254 3530/3530 4698/4698
f 4698/4698 3530/3530 1157/1157
f 4698/4698 1157/1157 3111/3111
f 3529/3529 4698/4698 3111/3111
f 3529/3529 3111/3111 1000/1000
f 712/712 2342/2342 4699/4699
f 712/712 4699/4699 3530/3530
f 2342/2342 463/463 3531/3531
f 2342/2342 3531/3531 4699/4699
f 4699/4699 3531/3531 1007/1007
f 4699/4699 1007/1007 1610/1610
f 3530/3530 4699/4699 1610/1610
f 3530/3530 1610/1610 1157/1157
f 463/463 2371/2371 4700/4700
f 463/463 4700/4700 3531/3531
f 2371/2371 743/743 3532/3532
f 2371/2371 3532/3532 4700/4700
f 4700/4700 3532/3532 1147/1147
f 4700/4700 1147/1147 1849/1849
f 3531/3531 4700/4700 1849/1849
f 3531/3531 1849/1849 1007/1007
f 743/743 2814/2814 4701/4701
f 743/743 4701/4701 3532/3532
f 2814/2814 441/441 3533/3533
f 2814/2814 3533/3533 4701/4701
f 4701/4701 3533/3533 104/104
f 4701/4701 104/104 3497/3497
f 3532/3532 4701/4701 3497/3497
f 3532/3532 3497/3497 1147/1147
f 441/441 2235/2235 4702/4702
f 441/441 4702/4702 3533/3533
f 2235/2235 689/689 3534/3534
f 2235/2235 3534/3534 4702/4702
f 4702/4702 3534/3534 338/338
f 4702/4702 338/338 1871/1871
f 3533/3533 4702/4702 1871/1871
f 3533/3533 1871/1871 104/104
f 689/689 2222/2222 4703/4703
f 689/689 4703/4703 3534/3534
f 2222/2222 435/435 3535/3535
f 2222/2222 3535/3535 4703/4703
f 4703/4703 3535/3535 247/247
f 4703/4703 247/247 2070/2070
f 3534/3534 4703/4703 2070/2070
f 3534/3534 2070/2070 338/338
f 435/435 2155/2155 4704/4704
f 435/435 4704/4704 3535/3535
f 2155/2155 685/685 3536/3536
f 2155/2155 3536/3536 4704/4704
f 4704/4704 3536/3536 347/347
f 4704/4704 347/347 1919/1919
f 3535/3535 4704/4704 1919/1919
f 3535/3535 1919/1919 247/247
f 685/685 2416/2416 4705/4705
f 685/685 4705/4705 3536/3536
f 2416/2416 407/407 3537/3537
f 2416/2416 3537/3537 4705/4705
f 4705/4705 3537/3537 241/241
f 4705/4705 241/241 1931/1931
f 3536/3536 4705/4705 1931/1931
f 3536/3536 1931/1931 347/347
f 407/407 2126/2126 4706/4706
f 407/407 4706/4706 3537/3537
f 2126/2126 721/721 3538/3538
f 2126/2126 3538/3538 4706/4706
f 4706/4706 3538/3538 336/336
f 4706/4706 336/336 1528/1528
f 3537/3537 4706/4706 1528/1528
f 3537/3537 1528/1528 241/241
f 721/721 2787/2787 4707/4707
f 721/721 4707/4707 3538/3538
f 2787/2787 411/411 3522/3522
f 2787/2787 3522/3522 4707/4707
f 4707/4707 3522/3522 245/245
f 4707/4707 245/245 1383/1383
f 3538/3538 4707/4707 1383/1383
f 3538/3538 1383/1383 336/336
f 184/184 1723/1723 4708/4708
f 184/184 4708/4708 3539/3539
f 1723/1723 18/18 1796/1796
f 1723/1723 1796/1796 4708/4708
f 4708/4708 1796/1796 1299/1299
f 4708/4708 1299/1299 3549/3549
f 3539/3539 4708/4708 3549/3549
f 3539/3539 3549/3549 1293/1293
f 181/181 1586/1586 4709/4709
f 181/181 4709/4709 1558/1558
f 1586/1586 1297/1297 3552/3552
f 1586/1586 3552/3552 4709/4709
f 4709/4709 3552/3552 1296/1296
f 4709/4709 1296/1296 3542/3542
f 1558/1558 4709/4709 3542/3542
f 1558/1558 3542/3542 25/25
f 124/124 1444/1444 4710/4710
f 124/124 4710/4710 1564/1564
f 1444/1444 1294/1294 3553/3553
f 1444/1444 3553/3553 4710/4710
f 4710/4710 3553/3553 1297/1297
f 4710/4710 1297/1297 1586/1586
f 1564/1564 4710/4710 1586/1586
f 1564/1564 1586/1586 181/181
f 124/124 1440/1440 4711/4711
f 124/124 4711/4711 1444/1444
f 1440/1440 184/184 3539/3539
f 1440/1440 3539/3539 4711/4711
f 4711/4711 3539/3539 1293/1293
f 4711/4711 1293/1293 3555/3555
f 1444/1444 4711/4711 3555/3555
f 1444/1444 3555/3555 1294/1294
f 1098/1098 3577/3577 4712/4712
f 1098/1098 4712/4712 1617/1617
f 3577/3577 1326/1326 3581/3581
f 3577/3577 3581/3581 4712/4712
f 4712/4712 3581/3581 1322/1322
f 4712/4712 1322/1322 3070/3070
f 1617/1617 4712/4712 3070/3070
f 1617/1617 3070/3070 978/978
f 978/978 3070/3070 4713/4713
f 978/978 4713/4713 1890/1890
f 3070/3070 1322/1322 3582/3582
f 3070/3070 3582/3582 4713/4713
f 4713/4713 3582/3582 1308/1308
f 4713/4713 1308/1308 3562/3562
f 1890/1890 4713/4713 3562/3562
f 1890/1890 3562/3562 179/179
f 899/899 1579/1579 4714/4714
f 899/899 4714/4714 3035/3035
f 1579/1579 283/283 2042/2042
f 1579/1579 2042/2042 4714/4714
f 4714/4714 2042/2042 1315/1315
f 4714/4714 1315/1315 3584/3584
f 3035/3035 4714/4714 3584/3584
f 3035/3035 3584/3584 1321/1321
f 259/259 2847/2847 4715/4715
f 259/259 4715/4715 3570/3570
f 2847/2847 370/370 2844/2844
f 2847/2847 2844/2844 4715/4715
f 4715/4715 2844/2844 1319/1319
f 4715/4715 1319/1319 3585/3585
f 3570/3570 4715/4715 3585/3585
f 3570/3570 3585/3585 1318/1318
f 257/257 3569/3569 4716/4716
f 257/257 4716/4716 2003/2003
f 3569/3569 1317/1317 3588/3588
f 3569/3569 3588/3588 4716/4716
f 4716/4716 3588/3588 1314/1314
f 4716/4716 1314/1314 3566/3566
f 2003/2003 4716/4716 3566/3566
f 2003/2003 3566/3566 251/251
f 283/283 1844/1844 4717/4717
f 283/283 4717/4717 2042/2042
f 1844/1844 251/251 3566/3566
f 1844/1844 3566/3566 4717/4717
f 4717/4717 3566/3566 1314/1314
f 4717/4717 1314/1314 3589/3589
f 2042/2042 4717/4717 3589/3589
f 2042/2042 3589/3589 1315/1315
f 899/899 3035/3035 4718/4718
f 899/899 4718/4718 2985/2985
f 3035/3035 1321/1321 3591/3591
f 3035/3035 3591/3591 4718/4718
f 4718/4718 3591/3591 1306/1306
f 4718/4718 1306/1306 3560/3560
f 2985/2985 4718/4718 3560/3560
f 2985/2985 3560/3560 901/901
f 182/182 1952/1952 4719/4719
f 182/182 4719/4719 1956/1956
f 1952/1952 1313/1313 3597/3597
f 1952/1952 3597/3597 4719/4719
f 4719/4719 3597/3597 1307/1307
f 4719/4719 1307/1307 3561/3561
f 1956/1956 4719/4719 3561/3561
f 1956/1956 3561/3561 327/327
f 306/306 1876/1876 4720/4720
f 306/306 4720/4720 1953/1953
f 1876/1876 1310/1310 3598/3598
f 1876/1876 3598/3598 4720/4720
f 4720/4720 3598/3598 1313/1313
f 4720/4720 1313/1313 1952/1952
f 1953/1953 4720/4720 1952/1952
f 1953/1953 1952/1952 182/182
f 94/94 3563/3563 4721/4721
f 94/94 4721/4721 1877/1877
f 3563/3563 1309/1309 3600/3600
f 3563/3563 3600/3600 4721/4721
f 4721/4721 3600/3600 1310/1310
f 4721/4721 1310/1310 1876/1876
f 1877/1877 4721/4721 1876/1876
f 1877/1877 1876/1876 306/306
f 327/327 3561/3561 4722/4722
f 327/327 4722/4722 1816/1816
f 3561/3561 1307/1307 3602/3602
f 3561/3561 3602/3602 4722/4722
f 4722/4722 3602/3602 1308/1308
f 4722/4722 1308/1308 1815/1815
f 1816/1816 4722/4722 1815/1815
f 1816/1816 1815/1815 7/7
f 898/898 3171/3171 4723/4723
f 898/898 4723/4723 1746/1746
f 3171/3171 1080/1080 3173/3173
f 3171/3171 3173/3173 4723/4723
f 4723/4723 3173/3173 1325/1325
f 4723/4723 1325/1325 3603/3603
f 1746/1746 4723/4723 3603/3603
f 1746/1746 3603/3603 1306/1306
f 1097/1097 3183/3183 4724/4724
f 1097/1097 4724/4724 3192/3192
f 3183/3183 343/343 2087/2087
f 3183/3183 2087/2087 4724/4724
f 4724/4724 2087/2087 292/292
f 4724/4724 292/292 2038/2038
f 3192/3192 4724/4724 2038/2038
f 3192/3192 2038/2038 291/291
f 291/291 2038/2038 4725/4725
f 291/291 4725/4725 2033/2033
f 2038/2038 292/292 3383/3383
f 2038/2038 3383/3383 4725/4725
f 4725/4725 3383/3383 295/295
f 4725/4725 295/295 2039/2039
f 2033/2033 4725/4725 2039/2039
f 2033/2033 2039/2039 296/296
f 883/883 3222/3222 4726/4726
f 883/883 4726/4726 3059/3059
f 884/884 2959/2959 4726/4726
f 884/884 4726/4726 3222/3222
f 882/882 3038/3038 4726/4726
f 882/882 4726/4726 2959/2959
f 913/913 3043/3043 4726/4726
f 913/913 4726/4726 3038/3038
f 956/956 3059/3059 4726/4726
f 956/956 4726/4726 3043/3043
f 1227/1227 2110/2110 4727/4727
f 1227/1227 4727/4727 3717/3717
f 2110/2110 1221/1221 3718/3718
f 2110/2110 3718/3718 4727/4727
f 4727/4727 3718/3718 990/990
f 4727/4727 990/990 3331/3331
f 3717/3717 4727/4727 3331/3331
f 3717/3717 3331/3331 1139/1139
f 1221/1221 3295/3295 4728/4728
f 1221/1221 4728/4728 3718/3718
f 3295/3295 1231/1231 3719/3719
f 3295/3295 3719/3719 4728/4728
f 4728/4728 3719/3719 1154/1154
f 4728/4728 1154/1154 3181/3181
f 3718/3718 4728/4728 3181/3181
f 3718/3718 3181/3181 990/990
f 1231/1231 3268/3268 4729/4729
f 1231/1231 4729/4729 3719/3719
f 3268/3268 1223/1223 3720/3720
f 3268/3268 3720/3720 4729/4729
f 4729/4729 3720/3720 993/993
f 4729/4729 993/993 3307/3307
f 3719/3719 4729/4729 3307/3307
f 3719/3719 3307/3307 1154/1154
f 1223/1223 3492/3492 4730/4730
f 1223/1223 4730/4730 3720/3720
f 3492/3492 1229/1229 3721/3721
f 3492/3492 3721/3721 4730/4730
f 4730/4730 3721/3721 1149/1149
f 4730/4730 1149/1149 2823/2823
f 3720/3720 4730/4730 2823/2823
f 3720/3720 2823/2823 993/993
f 1229/1229 3698/3698 4731/4731
f 1229/1229 4731/4731 3721/3721
f 3698/3698 378/378 3722/3722
f 3698/3698 3722/3722 4731/4731
f 4731/4731 3722/3722 111/111
f 4731/4731 111/111 3451/3451
f 3721/3721 4731/4731 3451/3451
f 3721/3721 3451/3451 1149/1149
f 378/378 1752/1752 4732/4732
f 378/378 4732/4732 3722/3722
f 1752/1752 387/387 3723/3723
f 1752/1752 3723/3723 4732/4732
f 4732/4732 3723/3723 340/340
f 4732/4732 340/340 1749/1749
f 3722/3722 4732/4732 1749/1749
f 3722/3722 1749/1749 111/111
f 387/387 2054/2054 4733/4733
f 387/387 4733/4733 3723/3723
f 2054/2054 376/376 3724/3724
f 2054/2054 3724/3724 4733/4733
f 4733/4733 3724/3724 235/235
f 4733/4733 235/235 2051/2051
f 3723/3723 4733/4733 2051/2051
f 3723/3723 2051/2051 340/340
f 376/376 1717/1717 4734/4734
f 376/376 4734/4734 3724/3724
f 1717/1717 389/389 3725/3725
f 1717/1717 3725/3725 4734/4734
f 4734/4734 3725/3725 344/344
f 4734/4734 344/344 1920/1920
f 3724/3724 4734/4734 1920/1920
f 3724/3724 1920/1920 235/235
f 389/389 1770/1770 4735/4735
f 389/389 4735/4735 3725/3725
f 1770/1770 374/374 3726/3726
f 1770/1770 3726/3726 4735/4735
f 4735/4735 3726/3726 232/232
f 4735/4735 232/232 2081/2081
f 3725/3725 4735/4735 2081/2081
f 3725/3725 2081/2081 344/344
f 374/374 1572/1572 4736/4736
f 374/374 4736/4736 3726/3726
f 1572/1572 385/385 3727/3727
f 1572/1572 3727/3727 4736/4736
f 4736/4736 3727/3727 331/331
f 4736/4736 331/331 1940/1940
f 3726/3726 4736/4736 1940/1940
f 3726/3726 1940/1940 232/232
f 385/385 2074/2074 4737/4737
f 385/385 4737/4737 3727/3727
f 2074/2074 372/372 3728/3728
f 2074/2074 3728/3728 4737/4737
f 4737/4737 3728/3728 237/237
f 4737/4737 237/237 1866/1866
f 3727/3727 4737/4737 1866/1866
f 3727/3727 1866/1866 331/331
f 372/372 2067/2067 4738/4738
f 372/372 4738/4738 3728/3728
f 2067/2067 383/383 3729/3729
f 2067/2067 3729/3729 4738/4738
f 4738/4738 3729/3729 316/316
f 4738/4738 316/316 1701/1701
f 3728/3728 4738/4738 1701/1701
f 3728/3728 1701/1701 237/237
f 383/383 1776/1776 4739/4739
f 383/383 4739/4739 3729/3729
f 1776/1776 381/381 3731/3731
f 1776/1776 3731/3731 4739/4739
f 4739/4739 3731/3731 100/100
f 4739/4739 100/100 1943/1943
f 3729/3729 4739/4739 1943/1943
f 3729/3729 1943/1943 316/316
f 380/380 3672/3672 4740/4740
f 380/380 4740/4740 3730/3730
f 3672/3672 1225/1225 3732/3732
f 3672/3672 3732/3732 4740/4740
f 4740/4740 3732/3732 1120/1120
f 4740/4740 1120/1120 3476/3476
f 3730/3730 4740/4740 3476/3476
f 3730/3730 3476/3476 99/99
f 1225/1225 2085/2085 4741/4741
f 1225/1225 4741/4741 3732/3732
f 2085/2085 1219/1219 3733/3733
f 2085/2085 3733/3733 4741/4741
f 4741/4741 3733/3733 995/995
f 4741/4741 995/995 3161/3161
f 3732/3732 4741/4741 3161/3161
f 3732/3732 3161/3161 1120/1120
f 1219/1219 3225/3225 4742/4742
f 1219/1219 4742/4742 3733/3733
f 3225/3225 1227/1227 3717/3717
f 3225/3225 3717/3717 4742/4742
f 4742/4742 3717/3717 1139/1139
f 4742/4742 1139/1139 1470/1470
f 3733/3733 4742/4742 1470/1470
f 3733/3733 1470/1470 995/995
f 167/167 1530/1530 4743/4743
f 167/167 4743/4743 3734/3734
f 1530/1530 364/364 3735/3735
f 1530/1530 3735/3735 4743/4743
f 4743/4743 3735/3735 240/240
f 4743/4743 240/240 1527/1527
f 3734/3734 4743/4743 1527/1527
f 3734/3734 1527/1527 335/335
f 364/364 1929/1929 4744/4744
f 364/364 4744/4744 3735/3735
f 1929/1929 162/162 3736/3736
f 1929/1929 3736/3736 4744/4744
f 4744/4744 3736/3736 346/346
f 4744/4744 346/346 1930/1930
f 3735/3735 4744/4744 1930/1930
f 3735/3735 1930/1930 240/240
f 162/162 1842/1842 4745/4745
f 162/162 4745/4745 3736/3736
f 1842/1842 360/360 3737/3737
f 1842/1842 3737/3737 4745/4745
f 4745/4745 3737/3737 246/246
f 4745/4745 246/246 1918/1918
f 3736/3736 4745/4745 1918/1918
f 3736/3736 1918/1918 346/346
f 360/360 1766/1766 4746/4746
f 360/360 4746/4746 3737/3737
f 1766/1766 164/164 3738/3738
f 1766/1766 3738/3738 4746/4746
f 4746/4746 3738/3738 337/337
f 4746/4746 337/337 2069/2069
f 3737/3737 4746/4746 2069/2069
f 3737/3737 2069/2069 246/246
f 164/164 1880/1880 4747/4747
f 164/164 4747/4747 3738/3738
f 1880/1880 298/298 3739/3739
f 1880/1880 3739/3739 4747/4747
f 4747/4747 3739/3739 103/103
f 4747/4747 103/103 1870/1870
f 3738/3738 4747/4747 1870/1870
f 3738/3738 1870/1870 337/337
f 298/298 3705/3705 4748/4748
f 298/298 4748/4748 3739/3739
f 3705/3705 1002/1002 3740/3740
f 3705/3705 3740/3740 4748/4748
f 4748/4748 3740/3740 1146/1146
f 4748/4748 1146/1146 3496/3496
f 3739/3739 4748/4748 3496/3496
f 3739/3739 3496/3496 103/103
f 1002/1002 3154/3154 4749/4749
f 1002/1002 4749/4749 3740/3740
f 3154/3154 1208/1208 3741/3741
f 3154/3154 3741/3741 4749/4749
f 4749/4749 3741/3741 1006/1006
f 4749/4749 1006/1006 1848/1848
f 3740/3740 4749/4749 1848/1848
f 3740/3740 1848/1848 1146/1146
f 1208/1208 3022/3022 4750/4750
f 1208/1208 4750/4750 3741/3741
f 3022/3022 998/998 3742/3742
f 3022/3022 3742/3742 4750/4750
f 4750/4750 3742/3742 1156/1156
f 4750/4750 1156/1156 1609/1609
f 3741/3741 4750/4750 1609/1609
f 3741/3741 1609/1609 1006/1006
f 998/998 1387/1387 4751/4751
f 998/998 4751/4751 3742/3742
f 1387/1387 1214/1214 3743/3743
f 1387/1387 3743/3743 4751/4751
f 4751/4751 3743/3743 999/999
f 4751/4751 999/999 3110/3110
f 3742/3742 4751/4751 3110/3110
f 3742/3742 3110/3110 1156/1156
f 1214/1214 2990/2990 4752/4752
f 1214/1214 4752/4752 3743/3743
f 2990/2990 1009/1009 3744/3744
f 2990/2990 3744/3744 4752/4752
f 4752/4752 3744/3744 1144/1144
f 4752/4752 1144/1144 3344/3344
f 3743/3743 4752/4752 3344/3344
f 3743/3743 3344/3344 999/999
f 1009/1009 3501/3501 4753/4753
f 1009/1009 4753/4753 3744/3744
f 3501/3501 1216/1216 3745/3745
f 3501/3501 3745/3745 4753/4753
f 4753/4753 3745/3745 1004/1004
f 4753/4753 1004/1004 3346/3346
f 3744/3744 4753/4753 3346/3346
f 3744/3744 3346/3346 1144/1144
f 1216/1216 3337/3337 4754/4754
f 1216/1216 4754/4754 3745/3745
f 3337/3337 1066/1066 3746/3746
f 3337/3337 3746/3746 4754/4754
f 4754/4754 3746/3746 1125/1125
f 4754/4754 1125/1125 1860/1860
f 3745/3745 4754/4754 1860/1860
f 3745/3745 1860/1860 1004/1004
f 1066/1066 3693/3693 4755/4755
f 1066/1066 4755/4755 3746/3746
f 3693/3693 310/310 3747/3747
f 3693/3693 3747/3747 4755/4755
f 4755/4755 3747/3747 105/105
f 4755/4755 105/105 3443/3443
f 3746/3746 4755/4755 3443/3443
f 3746/3746 3443/3443 1125/1125
f 311/311 1742/1742 4756/4756
f 311/311 4756/4756 3748/3748
f 1742/1742 224/224 3749/3749
f 1742/1742 3749/3749 4756/4756
f 4756/4756 3749/3749 320/320
f 4756/4756 320/320 1739/1739
f 3748/3748 4756/4756 1739/1739
f 3748/3748 1739/1739 106/106
f 224/224 1833/1833 4757/4757
f 224/224 4757/4757 3749/3749
f 1833/1833 366/366 3750/3750
f 1833/1833 3750/3750 4757/4757
f 4757/4757 3750/3750 244/244
f 4757/4757 244/244 1699/1699
f 3749/3749 4757/4757 1699/1699
f 3749/3749 1699/1699 320/320
f 366/366 1385/1385 4758/4758
f 366/366 4758/4758 3750/3750
f 1385/1385 167/167 3734/3734
f 1385/1385 3734/3734 4758/4758
f 4758/4758 3734/3734 335/335
f 4758/4758 335/335 1382/1382
f 3750/3750 4758/4758 1382/1382
f 3750/3750 1382/1382 244/244
f 502/502 500/500 2406/2406
f 502/502 2406/2406 2405/2405
f 4822/4822 4991/4991 5143/5143
f 4822/4822 5143/5143 4994/4994
f 4991/4991 4781/4781 4932/4932
f 4991/4991 4932/4932 5143/5143
f 5143/5143 4932/4932 4788/4788
f 5143/5143 4788/4788 4925/4925
f 4994/4994 5143/5143 4925/4925
f 4994/4994 4925/4925 4784/4784
f 4917/4917 4920/4920 4763/4763
f 4917/4917 4763/4763 4779/4779
f 4795/4795 4810/4810 4970/4970
f 4795/4795 4970/4970 4966/4966
f 4966/4966 4970/4970 4807/4807
f 4966/4966 4807/4807 4792/4792
f 4789/4789 4934/4934 4930/4930
f 4789/4789 4930/4930 4773/4773
f 4930/4930 4934/4934 4782/4782
f 4930/4930 4782/4782 4770/4770
f 4782/4782 4980/4980 5014/5014
f 4782/4782 5014/5014 4770/4770
f 4785/4785 4927/4927 4923/4923
f 4785/4785 4923/4923 4765/4765
f 5014/5014 4980/4980 4842/4842
f 5014/5014 4842/4842 4855/4855
f 4923/4923 4927/4927 4789/4789
f 4923/4923 4789/4789 4773/4773
f 4760/4760 4976/4976 5020/5020
f 4760/4760 5020/5020 4776/4776
f 4779/4779 4763/4763 4941/4941
f 4779/4779 4941/4941 4938/4938
f 5020/5020 4976/4976 4863/4863
f 5020/5020 4863/4863 4861/4861
f 4938/4938 4941/4941 4760/4760
f 4938/4938 4760/4760 4776/4776
f 4801/4801 4956/4956 4953/4953
f 4801/4801 4953/4953 4812/4812
f 4953/4953 4956/4956 4804/4804
f 4953/4953 4804/4804 4819/4819
f 4819/4819 4804/4804 4963/4963
f 4819/4819 4963/4963 4960/4960
f 4960/4960 4963/4963 4798/4798
f 4960/4960 4798/4798 4816/4816
f 4801/4801 4812/4812 4946/4946
f 4801/4801 4946/4946 4949/4949
f 4949/4949 4946/4946 4810/4810
f 4949/4949 4810/4810 4795/4795
f 4893/4893 4898/4898 5088/5088
f 4893/4893 5088/5088 4973/4973
f 4788/4788 4926/4926 5144/5144
f 4788/4788 5144/5144 4925/4925
f 4926/4926 4790/4790 4928/4928
f 4926/4926 4928/4928 5144/5144
f 5144/5144 4928/4928 4787/4787
f 5144/5144 4787/4787 4916/4916
f 4925/4925 5144/5144 4916/4916
f 4925/4925 4916/4916 4784/4784
f 4768/4768 5126/5126 5145/5145
f 4768/4768 5145/5145 4922/4922
f 5126/5126 4767/4767 4924/4924
f 5126/5126 4924/4924 5145/5145
f 5145/5145 4924/4924 4774/4774
f 5145/5145 4774/4774 5128/5128
f 4922/4922 5145/5145 5128/5128
f 4922/4922 5128/5128 4772/4772
f 4781/4781 4933/4933 5146/5146
f 4781/4781 5146/5146 4932/4932
f 4933/4933 4783/4783 4935/4935
f 4933/4933 4935/4935 5146/5146
f 5146/5146 4935/4935 4790/4790
f 5146/5146 4790/4790 4926/4926
f 4932/4932 5146/5146 4926/4926
f 4932/4932 4926/4926 4788/4788
f 4772/4772 5128/5128 5147/5147
f 4772/4772 5147/5147 4929/4929
f 5128/5128 4774/4774 4931/4931
f 5128/5128 4931/4931 5147/5147
f 5147/5147 4931/4931 4771/4771
f 5147/5147 4771/4771 5129/5129
f 4929/4929 5147/5147 5129/5129
f 4929/4929 5129/5129 4769/4769
f 4778/4778 4915/4915 5148/5148
f 4778/4778 5148/5148 4936/4936
f 4915/4915 4780/4780 4939/4939
f 4915/4915 4939/4939 5148/5148
f 5148/5148 4939/4939 4777/4777
f 5148/5148 4777/4777 4937/4937
f 4936/4936 5148/5148 4937/4937
f 4936/4936 4937/4937 4775/4775
f 4843/4843 4981/4981 5149/5149
f 4843/4843 5149/5149 5054/5054
f 4981/4981 4783/4783 4933/4933
f 4981/4981 4933/4933 5149/5149
f 5149/5149 4933/4933 4781/4781
f 5149/5149 4781/4781 5013/5013
f 5054/5054 5149/5149 5013/5013
f 5054/5054 5013/5013 4850/4850
f 4759/4759 5130/5130 5150/5150
f 4759/4759 5150/5150 4940/4940
f 5130/5130 4761/4761 4942/4942
f 5130/5130 4942/4942 5150/5150
f 5150/5150 4942/4942 4764/4764
f 5150/5150 4764/4764 5127/5127
f 4940/4940 5150/5150 5127/5127
f 4940/4940 5127/5127 4762/4762
f 4814/4814 4944/4944 5151/5151
f 4814/4814 5151/5151 4951/4951
f 4944/4944 4813/4813 4954/4954
f 4944/4944 4954/4954 5151/5151
f 5151/5151 4954/4954 4820/4820
f 5151/5151 4820/4820 4952/4952
f 4951/4951 5151/5151 4952/4952
f 4951/4951 4952/4952 4818/4818
f 4759/4759 5018/5018 5152/5152
f 4759/4759 5152/5152 5130/5130
f 5018/5018 4860/4860 5139/5139
f 5018/5018 5139/5139 5152/5152
f 5152/5152 5139/5139 4864/4864
f 5152/5152 4864/4864 4977/4977
f 5130/5130 5152/5152 4977/4977
f 5130/5130 4977/4977 4761/4761
f 4818/4818 4952/4952 5153/5153
f 4818/4818 5153/5153 4958/4958
f 4952/4952 4820/4820 4961/4961
f 4952/4952 4961/4961 5153/5153
f 5153/5153 4961/4961 4817/4817
f 5153/5153 4817/4817 4959/4959
f 4958/4958 5153/5153 4959/4959
f 4958/4958 4959/4959 4815/4815
f 4803/4803 5133/5133 5154/5154
f 4803/4803 5154/5154 4955/4955
f 5133/5133 4805/4805 4957/4957
f 5133/5133 4957/4957 5154/5154
f 5154/5154 4957/4957 4802/4802
f 5154/5154 4802/4802 5132/5132
f 4955/4955 5154/5154 5132/5132
f 4955/4955 5132/5132 4800/4800
f 4806/4806 4969/4969 5155/5155
f 4806/4806 5155/5155 4968/4968
f 4969/4969 4808/4808 4971/4971
f 4969/4969 4971/4971 5155/5155
f 5155/5155 4971/4971 4811/4811
f 5155/5155 4811/4811 4945/4945
f 4968/4968 5155/5155 4945/4945
f 4968/4968 4945/4945 4809/4809
f 4797/4797 5134/5134 5156/5156
f 4797/4797 5156/5156 4962/4962
f 5134/5134 4799/4799 4964/4964
f 5134/5134 4964/4964 5156/5156
f 5156/5156 4964/4964 4805/4805
f 5156/5156 4805/4805 5133/5133
f 4962/4962 5156/5156 5133/5133
f 4962/4962 5133/5133 4803/4803
f 4794/4794 5131/5131 5157/5157
f 4794/4794 5157/5157 4965/4965
f 5131/5131 4796/4796 4967/4967
f 5131/5131 4967/4967 5157/5157
f 5157/5157 4967/4967 4793/4793
f 5157/5157 4793/4793 5135/5135
f 4965/4965 5157/5157 5135/5135
f 4965/4965 5135/5135 4791/4791
f 4806/4806 5087/5087 5158/5158
f 4806/4806 5158/5158 4969/4969
f 5087/5087 4897/4897 5116/5116
f 5087/5087 5116/5116 5158/5158
f 5158/5158 5116/5116 4894/4894
f 5158/5158 4894/4894 4974/4974
f 4969/4969 5158/5158 4974/4974
f 4969/4969 4974/4974 4808/4808
f 4850/4850 5002/5002 5159/5159
f 4850/4850 5159/5159 5054/5054
f 5002/5002 4833/4833 5009/5009
f 5002/5002 5009/5009 5159/5159
f 5159/5159 5009/5009 4835/4835
f 5159/5159 4835/4835 5111/5111
f 5054/5054 5159/5159 5111/5111
f 5054/5054 5111/5111 4843/4843
f 5125/5125 5060/5060 4878/4878
f 5125/5125 4878/4878 4907/4907
f 4878/4878 5061/5061 5124/5124
f 4878/4878 5124/5124 4907/4907
f 4797/4797 5090/5090 5160/5160
f 4797/4797 5160/5160 5134/5134
f 5090/5090 4902/4902 5141/5141
f 5090/5090 5141/5141 5160/5160
f 5160/5160 5141/5141 4901/4901
f 5160/5160 4901/4901 5102/5102
f 5134/5134 5160/5160 5102/5102
f 5134/5134 5102/5102 4799/4799
f 4860/4860 5018/5018 5161/5161
f 4860/4860 5161/5161 4984/4984
f 5018/5018 4759/4759 4983/4983
f 5018/5018 4983/4983 5161/5161
f 5161/5161 4983/4983 4852/4852
f 5161/5161 4852/4852 5024/5024
f 4984/4984 5161/5161 5024/5024
f 4984/4984 5024/5024 4847/4847
f 4857/4857 5027/5027 5162/5162
f 4857/4857 5162/5162 5029/5029
f 5027/5027 4852/4852 4983/4983
f 5027/5027 4983/4983 5162/5162
f 5162/5162 4983/4983 4759/4759
f 5162/5162 4759/4759 4940/4940
f 5029/5029 5162/5162 4940/4940
f 5029/5029 4940/4940 4762/4762
f 4762/4762 4919/4919 5163/5163
f 4762/4762 5163/5163 5029/5029
f 4919/4919 4768/4768 5032/5032
f 4919/4919 5032/5032 5163/5163
f 5163/5163 5032/5032 4865/4865
f 5163/5163 4865/4865 5035/5035
f 5029/5029 5163/5163 5035/5035
f 5029/5029 5035/5035 4857/4857
f 4772/4772 5025/5025 5164/5164
f 4772/4772 5164/5164 4922/4922
f 5025/5025 4868/4868 5040/5040
f 5025/5025 5040/5040 5164/5164
f 5164/5164 5040/5040 4865/4865
f 5164/5164 4865/4865 5032/5032
f 4922/4922 5164/5164 5032/5032
f 4922/4922 5032/5032 4768/4768
f 4815/4815 4959/4959 5165/5165
f 4815/4815 5165/5165 4979/4979
f 4959/4959 4817/4817 5092/5092
f 4959/4959 5092/5092 5165/5165
f 5165/5165 5092/5092 4904/4904
f 5165/5165 4904/4904 5117/5117
f 4979/4979 5165/5165 5117/5117
f 4979/4979 5117/5117 4896/4896
f 4814/4814 4951/4951 5166/5166
f 4814/4814 5166/5166 4993/4993
f 4951/4951 4818/4818 4958/4958
f 4951/4951 4958/4958 5166/5166
f 5166/5166 4958/4958 4815/4815
f 5166/5166 4815/4815 4990/4990
f 4993/4993 5166/5166 4990/4990
f 4993/4993 4990/4990 4821/4821
f 4872/4872 5048/5048 5167/5167
f 4872/4872 5167/5167 4992/4992
f 5048/5048 4850/4850 5013/5013
f 5048/5048 5013/5013 5167/5167
f 5167/5167 5013/5013 4781/4781
f 5167/5167 4781/4781 4991/4991
f 4992/4992 5167/5167 4991/4991
f 4992/4992 4991/4991 4822/4822
f 4873/4873 5050/5050 5168/5168
f 4873/4873 5168/5168 4972/4972
f 5050/5050 4872/4872 4992/4992
f 5050/5050 4992/4992 5168/5168
f 5168/5168 4992/4992 4822/4822
f 5168/5168 4822/4822 4989/4989
f 4972/4972 5168/5168 4989/4989
f 4972/4972 4989/4989 4775/4775
f 4809/4809 4943/4943 5169/5169
f 4809/4809 5169/5169 4968/4968
f 4943/4943 4814/4814 4993/4993
f 4943/4943 4993/4993 5169/5169
f 5169/5169 4993/4993 4821/4821
f 5169/5169 4821/4821 4988/4988
f 4968/4968 5169/5169 4988/4988
f 4968/4968 4988/4988 4806/4806
f 4775/4775 4989/4989 5170/5170
f 4775/4775 5170/5170 4936/4936
f 4989/4989 4822/4822 4994/4994
f 4989/4989 4994/4994 5170/5170
f 5170/5170 4994/4994 4784/4784
f 5170/5170 4784/4784 4914/4914
f 4936/4936 5170/5170 4914/4914
f 4936/4936 4914/4914 4778/4778
f 4897/4897 5095/5095 5171/5171
f 4897/4897 5171/5171 4995/4995
f 5095/5095 4905/4905 5004/5004
f 5095/5095 5004/5004 5171/5171
f 5171/5171 5004/5004 4837/4837
f 5171/5171 4837/4837 5005/5005
f 4995/4995 5171/5171 5005/5005
f 4995/4995 5005/5005 4823/4823
f 4905/4905 5094/5094 5172/5172
f 4905/4905 5172/5172 5004/5004
f 5094/5094 4896/4896 5086/5086
f 5094/5094 5086/5086 5172/5172
f 5172/5172 5086/5086 4833/4833
f 5172/5172 4833/4833 5006/5006
f 5004/5004 5172/5172 5006/5006
f 5004/5004 5006/5006 4837/4837
f 4900/4900 4903/4903 5091/5091
f 4900/4900 5091/5091 5101/5101
f 4973/4973 5088/5088 4792/4792
f 4973/4973 4792/4792 4807/4807
f 4824/4824 4827/4827 5103/5103
f 4824/4824 5103/5103 5083/5083
f 5101/5101 5091/5091 4816/4816
f 5101/5101 4816/4816 4798/4798
f 4823/4823 5058/5058 5173/5173
f 4823/4823 5173/5173 5109/5109
f 5058/5058 4873/4873 5043/5043
f 5058/5058 5043/5043 5173/5173
f 5173/5173 5043/5043 4862/4862
f 5173/5173 4862/4862 4997/4997
f 5109/5109 5173/5173 4997/4997
f 5109/5109 4997/4997 4825/4825
f 4791/4791 5135/5135 5174/5174
f 4791/4791 5174/5174 4975/4975
f 5135/5135 4793/4793 5089/5089
f 5135/5135 5089/5089 5174/5174
f 5174/5174 5089/5089 4899/4899
f 5174/5174 4899/4899 5142/5142
f 4975/4975 5174/5174 5142/5142
f 4975/4975 5142/5142 4895/4895
f 4784/4784 4916/4916 5175/5175
f 4784/4784 5175/5175 4914/4914
f 4916/4916 4787/4787 4918/4918
f 4916/4916 4918/4918 5175/5175
f 5175/5175 4918/4918 4780/4780
f 5175/5175 4780/4780 4915/4915
f 4914/4914 5175/5175 4915/4915
f 4914/4914 4915/4915 4778/4778
f 4897/4897 4995/4995 5176/5176
f 4897/4897 5176/5176 5116/5116
f 4995/4995 4823/4823 5109/5109
f 4995/4995 5109/5109 5176/5176
f 5176/5176 5109/5109 4825/4825
f 5176/5176 4825/4825 5084/5084
f 5116/5116 5176/5176 5084/5084
f 5116/5116 5084/5084 4894/4894
f 4829/4829 4834/4834 5107/5107
f 4829/4829 5107/5107 4999/4999
f 5083/5083 5103/5103 4898/4898
f 5083/5083 4898/4898 4893/4893
f 4861/4861 4863/4863 5112/5112
f 4861/4861 5112/5112 4996/4996
f 4999/4999 5107/5107 4903/4903
f 4999/4999 4903/4903 4900/4900
f 4851/4851 5046/5046 5177/5177
f 4851/4851 5177/5177 4982/4982
f 5046/5046 4838/4838 4985/4985
f 5046/5046 4985/4985 5177/5177
f 5177/5177 4985/4985 4844/4844
f 5177/5177 4844/4844 5012/5012
f 4982/4982 5177/5177 5012/5012
f 4982/4982 5012/5012 4839/4839
f 4871/4871 5045/5045 5178/5178
f 4871/4871 5178/5178 5047/5047
f 4841/4841 5010/5010 5178/5178
f 4841/4841 5178/5178 5045/5045
f 4846/4846 5047/5047 5178/5178
f 4846/4846 5178/5178 5010/5010
f 5011/5011 5012/5012 4844/4844
f 5011/5011 4844/4844 4845/4845
f 4840/4840 5011/5011 5010/5010
f 4840/4840 5010/5010 4841/4841
f 5010/5010 5011/5011 4845/4845
f 5010/5010 4845/4845 4846/4846
f 4844/4844 5017/5017 5016/5016
f 4844/4844 5016/5016 4845/4845
f 4823/4823 5005/5005 5179/5179
f 4823/4823 5179/5179 5058/5058
f 5005/5005 4837/4837 5026/5026
f 5005/5005 5026/5026 5179/5179
f 5179/5179 5026/5026 4872/4872
f 5179/5179 4872/4872 5050/5050
f 5058/5058 5179/5179 5050/5050
f 5058/5058 5050/5050 4873/4873
f 5016/5016 5017/5017 4847/4847
f 5016/5016 4847/4847 4848/4848
f 4845/4845 5016/5016 5019/5019
f 4845/4845 5019/5019 4846/4846
f 5019/5019 5016/5016 4848/4848
f 5019/5019 4848/4848 4849/4849
f 4848/4848 5023/5023 5022/5022
f 4848/4848 5022/5022 4849/4849
f 4775/4775 4937/4937 5180/5180
f 4775/4775 5180/5180 4972/4972
f 4937/4937 4777/4777 5021/5021
f 4937/4937 5021/5021 5180/5180
f 5180/5180 5021/5021 4862/4862
f 5180/5180 4862/4862 5043/5043
f 4972/4972 5180/5180 5043/5043
f 4972/4972 5043/5043 4873/4873
f 4855/4855 4842/4842 5110/5110
f 4855/4855 5110/5110 5105/5105
f 4996/4996 5112/5112 4827/4827
f 4996/4996 4827/4827 4824/4824
f 4871/4871 5047/5047 5181/5181
f 4871/4871 5181/5181 5049/5049
f 4846/4846 5019/5019 5181/5181
f 4846/4846 5181/5181 5047/5047
f 4849/4849 5049/5049 5181/5181
f 4849/4849 5181/5181 5019/5019
f 5022/5022 5023/5023 4853/4853
f 5022/5022 4853/4853 4854/4854
f 4847/4847 5024/5024 5023/5023
f 4847/4847 5023/5023 4848/4848
f 4860/4860 4998/4998 5182/5182
f 4860/4860 5182/5182 5139/5139
f 4998/4998 4826/4826 5138/5138
f 4998/4998 5138/5138 5182/5182
f 5182/5182 5138/5138 4828/4828
f 5182/5182 4828/4828 5113/5113
f 5139/5139 5182/5182 5113/5113
f 5139/5139 5113/5113 4864/4864
f 4836/4836 5008/5008 5183/5183
f 4836/4836 5183/5183 5028/5028
f 5008/5008 4826/4826 4998/4998
f 5008/5008 4998/4998 5183/5183
f 5183/5183 4998/4998 4860/4860
f 5183/5183 4860/4860 5044/5044
f 5028/5028 5183/5183 5044/5044
f 5028/5028 5044/5044 4838/4838
f 4871/4871 5049/5049 5184/5184
f 4871/4871 5184/5184 5051/5051
f 4849/4849 5022/5022 5184/5184
f 4849/4849 5184/5184 5049/5049
f 4854/4854 5051/5051 5184/5184
f 4854/4854 5184/5184 5022/5022
f 5023/5023 5024/5024 4852/4852
f 5023/5023 4852/4852 4853/4853
f 4852/4852 5027/5027 5031/5031
f 4852/4852 5031/5031 4853/4853
f 4871/4871 5051/5051 5185/5185
f 4871/4871 5185/5185 5052/5052
f 4854/4854 5030/5030 5185/5185
f 4854/4854 5185/5185 5051/5051
f 4859/4859 5052/5052 5185/5185
f 4859/4859 5185/5185 5030/5030
f 5031/5031 5027/5027 4857/4857
f 5031/5031 4857/4857 4858/4858
f 4853/4853 5031/5031 5030/5030
f 4853/4853 5030/5030 4854/4854
f 5030/5030 5031/5031 4858/4858
f 5030/5030 4858/4858 4859/4859
f 4857/4857 5035/5035 5034/5034
f 4857/4857 5034/5034 4858/4858
f 4871/4871 5052/5052 5186/5186
f 4871/4871 5186/5186 5053/5053
f 4859/4859 5033/5033 5186/5186
f 4859/4859 5186/5186 5052/5052
f 4867/4867 5053/5053 5186/5186
f 4867/4867 5186/5186 5033/5033
f 5034/5034 5035/5035 4865/4865
f 5034/5034 4865/4865 4866/4866
f 4858/4858 5034/5034 5033/5033
f 4858/4858 5033/5033 4859/4859
f 5033/5033 5034/5034 4866/4866
f 5033/5033 4866/4866 4867/4867
f 4866/4866 5039/5039 5038/5038
f 4866/4866 5038/5038 4867/4867
f 4856/4856 5106/5106 5187/5187
f 4856/4856 5187/5187 5140/5140
f 5106/5106 4830/4830 5136/5136
f 5106/5106 5136/5136 5187/5187
f 5187/5187 5136/5136 4832/4832
f 5187/5187 4832/4832 5036/5036
f 5140/5140 5187/5187 5036/5036
f 5140/5140 5036/5036 4851/4851
f 4837/4837 5006/5006 5188/5188
f 4837/4837 5188/5188 5026/5026
f 5006/5006 4833/4833 5002/5002
f 5006/5006 5002/5002 5188/5188
f 5188/5188 5002/5002 4850/4850
f 5188/5188 4850/4850 5048/5048
f 5026/5026 5188/5188 5048/5048
f 5026/5026 5048/5048 4872/4872
f 5038/5038 5039/5039 4869/4869
f 5038/5038 4869/4869 4870/4870
f 4865/4865 5040/5040 5039/5039
f 4865/4865 5039/5039 4866/4866
f 5105/5105 5110/5110 4834/4834
f 5105/5105 4834/4834 4829/4829
f 4871/4871 5053/5053 5189/5189
f 4871/4871 5189/5189 5037/5037
f 4867/4867 5038/5038 5189/5189
f 4867/4867 5189/5189 5053/5053
f 4870/4870 5037/5037 5189/5189
f 4870/4870 5189/5189 5038/5038
f 5039/5039 5040/5040 4868/4868
f 5039/5039 4868/4868 4869/4869
f 4869/4869 5042/5042 5041/5041
f 4869/4869 5041/5041 4870/4870
f 5041/5041 5042/5042 4874/4874
f 5041/5041 4874/4874 4875/4875
f 4868/4868 5114/5114 5042/5042
f 4868/4868 5042/5042 4869/4869
f 4871/4871 5037/5037 5190/5190
f 4871/4871 5190/5190 5055/5055
f 4870/4870 5041/5041 5190/5190
f 4870/4870 5190/5190 5037/5037
f 4875/4875 5055/5055 5190/5190
f 4875/4875 5190/5190 5041/5041
f 5042/5042 5114/5114 4769/4769
f 5042/5042 4769/4769 4874/4874
f 4769/4769 5115/5115 5057/5057
f 4769/4769 5057/5057 4874/4874
f 4839/4839 5115/5115 5191/5191
f 4839/4839 5191/5191 4982/4982
f 4769/4769 4978/4978 5191/5191
f 4769/4769 5191/5191 5115/5115
f 4851/4851 4982/4982 5191/5191
f 4851/4851 5191/5191 4978/4978
f 4847/4847 5017/5017 5192/5192
f 4847/4847 5192/5192 4984/4984
f 5017/5017 4844/4844 4985/4985
f 5017/5017 4985/4985 5192/5192
f 5192/5192 4985/4985 4838/4838
f 5192/5192 4838/4838 5044/5044
f 4984/4984 5192/5192 5044/5044
f 4984/4984 5044/5044 4860/4860
f 4871/4871 5055/5055 5193/5193
f 4871/4871 5193/5193 5045/5045
f 4875/4875 5056/5056 5193/5193
f 4875/4875 5193/5193 5055/5055
f 4841/4841 5045/5045 5193/5193
f 4841/4841 5193/5193 5056/5056
f 5057/5057 5115/5115 4839/4839
f 5057/5057 4839/4839 4840/4840
f 4874/4874 5057/5057 5056/5056
f 4874/4874 5056/5056 4875/4875
f 5056/5056 5057/5057 4840/4840
f 5056/5056 4840/4840 4841/4841
f 4876/4876 5060/5060 5125/5125
f 4876/4876 5125/5125 4906/4906
f 4832/4832 5007/5007 5194/5194
f 4832/4832 5194/5194 5036/5036
f 5007/5007 4836/4836 5028/5028
f 5007/5007 5028/5028 5194/5194
f 5194/5194 5028/5028 4838/4838
f 5194/5194 4838/4838 5046/5046
f 5036/5036 5194/5194 5046/5046
f 5036/5036 5046/5046 4851/4851
f 4868/4868 5025/5025 5195/5195
f 4868/4868 5195/5195 5114/5114
f 4772/4772 4929/4929 5195/5195
f 4772/4772 5195/5195 5025/5025
f 4769/4769 5114/5114 5195/5195
f 4769/4769 5195/5195 4929/4929
f 4890/4890 5074/5074 5196/5196
f 4890/4890 5196/5196 5075/5075
f 4877/4877 5059/5059 5196/5196
f 4877/4877 5196/5196 5074/5074
f 4879/4879 5075/5075 5196/5196
f 4879/4879 5196/5196 5059/5059
f 5124/5124 5061/5061 4880/4880
f 5124/5124 4880/4880 4908/4908
f 4909/4909 4883/4883 5063/5063
f 4909/4909 5063/5063 5123/5123
f 4882/4882 5065/5065 5122/5122
f 4882/4882 5122/5122 4909/4909
f 5123/5123 5063/5063 4881/4881
f 5123/5123 4881/4881 4908/4908
f 4890/4890 5075/5075 5197/5197
f 4890/4890 5197/5197 5076/5076
f 4879/4879 5062/5062 5197/5197
f 4879/4879 5197/5197 5075/5075
f 4881/4881 5076/5076 5197/5197
f 4881/4881 5197/5197 5062/5062
f 5122/5122 5065/5065 4884/4884
f 5122/5122 4884/4884 4910/4910
f 4884/4884 5068/5068 5121/5121
f 4884/4884 5121/5121 4910/4910
f 4890/4890 5076/5076 5198/5198
f 4890/4890 5198/5198 5077/5077
f 4881/4881 5063/5063 5198/5198
f 4881/4881 5198/5198 5076/5076
f 4883/4883 5077/5077 5198/5198
f 4883/4883 5198/5198 5063/5063
f 4890/4890 5077/5077 5199/5199
f 4890/4890 5199/5199 5078/5078
f 4883/4883 5066/5066 5199/5199
f 4883/4883 5199/5199 5077/5077
f 4885/4885 5078/5078 5199/5199
f 4885/4885 5199/5199 5066/5066
f 5121/5121 5068/5068 4886/4886
f 5121/5121 4886/4886 4911/4911
f 4912/4912 4889/4889 5070/5070
f 4912/4912 5070/5070 5120/5120
f 4890/4890 5078/5078 5200/5200
f 4890/4890 5200/5200 5079/5079
f 4885/4885 5067/5067 5200/5200
f 4885/4885 5200/5200 5078/5078
f 4887/4887 5079/5079 5200/5200
f 4887/4887 5200/5200 5067/5067
f 4913/4913 4892/4892 5072/5072
f 4913/4913 5072/5072 5119/5119
f 5120/5120 5070/5070 4887/4887
f 5120/5120 4887/4887 4911/4911
f 4891/4891 5082/5082 5118/5118
f 4891/4891 5118/5118 4913/4913
f 5119/5119 5072/5072 4889/4889
f 5119/5119 4889/4889 4912/4912
f 4890/4890 5079/5079 5201/5201
f 4890/4890 5201/5201 5069/5069
f 4887/4887 5070/5070 5201/5201
f 4887/4887 5201/5201 5079/5079
f 4889/4889 5069/5069 5201/5201
f 4889/4889 5201/5201 5070/5070
f 5118/5118 5082/5082 4876/4876
f 5118/5118 4876/4876 4906/4906
f 4913/4913 5118/5118 5081/5081
f 4913/4913 5081/5081 4892/4892
f 4890/4890 5069/5069 5202/5202
f 4890/4890 5202/5202 5080/5080
f 4889/4889 5072/5072 5202/5202
f 4889/4889 5202/5202 5069/5069
f 4892/4892 5080/5080 5202/5202
f 4892/4892 5202/5202 5072/5072
f 4890/4890 5080/5080 5203/5203
f 4890/4890 5203/5203 5074/5074
f 4892/4892 5081/5081 5203/5203
f 4892/4892 5203/5203 5080/5080
f 4877/4877 5074/5074 5203/5203
f 4877/4877 5203/5203 5081/5081
f 4809/4809 4945/4945 5204/5204
f 4809/4809 5204/5204 4943/4943
f 4945/4945 4811/4811 4947/4947
f 4945/4945 4947/4947 5204/5204
f 5204/5204 4947/4947 4813/4813
f 5204/5204 4813/4813 4944/4944
f 4943/4943 5204/5204 4944/4944
f 4943/4943 4944/4944 4814/4814
f 4821/4821 4990/4990 5205/5205
f 4821/4821 5205/5205 5093/5093
f 4990/4990 4815/4815 4979/4979
f 4990/4990 4979/4979 5205/5205
f 5205/5205 4979/4979 4896/4896
f 5205/5205 4896/4896 5094/5094
f 5093/5093 5205/5205 5094/5094
f 5093/5093 5094/5094 4905/4905
f 4806/4806 4988/4988 5206/5206
f 4806/4806 5206/5206 5087/5087
f 4988/4988 4821/4821 5093/5093
f 4988/4988 5093/5093 5206/5206
f 5206/5206 5093/5093 4905/4905
f 5206/5206 4905/4905 5095/5095
f 5087/5087 5206/5206 5095/5095
f 5087/5087 5095/5095 4897/4897
f 4833/4833 5086/5086 5207/5207
f 4833/4833 5207/5207 5009/5009
f 5086/5086 4896/4896 5117/5117
f 5086/5086 5117/5117 5207/5207
f 5207/5207 5117/5117 4904/4904
f 5207/5207 4904/4904 5108/5108
f 5009/5009 5207/5207 5108/5108
f 5009/5009 5108/5108 4835/4835
f 4771/4771 5015/5015 5208/5208
f 4771/4771 5208/5208 5129/5129
f 5015/5015 4856/4856 5140/5140
f 5015/5015 5140/5140 5208/5208
f 5208/5208 5140/5140 4851/4851
f 5208/5208 4851/4851 4978/4978
f 5129/5129 5208/5208 4978/4978
f 5129/5129 4978/4978 4769/4769
f 4831/4831 5000/5000 5209/5209
f 4831/4831 5209/5209 5137/5137
f 5000/5000 4901/4901 5141/5141
f 5000/5000 5141/5141 5209/5209
f 5209/5209 5141/5141 4902/4902
f 5209/5209 4902/4902 5001/5001
f 5137/5137 5209/5209 5001/5001
f 5137/5137 5001/5001 4832/4832
f 4797/4797 4962/4962 5210/5210
f 4797/4797 5210/5210 5090/5090
f 4803/4803 5098/5098 5210/5210
f 4803/4803 5210/5210 4962/4962
f 4876/4876 5082/5082 5210/5210
f 4876/4876 5210/5210 5098/5098
f 4891/4891 5097/5097 5210/5210
f 4891/4891 5210/5210 5082/5082
f 4902/4902 5090/5090 5210/5210
f 4902/4902 5210/5210 5097/5097
f 4832/4832 5001/5001 5211/5211
f 4832/4832 5211/5211 5003/5003
f 5001/5001 4902/4902 5097/5097
f 5001/5001 5097/5097 5211/5211
f 5211/5211 5097/5097 4891/4891
f 5211/5211 4891/4891 5073/5073
f 5003/5003 5211/5211 5073/5073
f 5003/5003 5073/5073 4888/4888
f 4886/4886 4987/4987 5212/5212
f 4886/4886 5212/5212 5071/5071
f 4987/4987 4836/4836 5007/5007
f 4987/4987 5007/5007 5212/5212
f 5212/5212 5007/5007 4832/4832
f 5212/5212 4832/4832 5003/5003
f 5071/5071 5212/5212 5003/5003
f 5071/5071 5003/5003 4888/4888
f 4884/4884 4986/4986 5213/5213
f 4884/4884 5213/5213 5068/5068
f 4986/4986 4826/4826 5008/5008
f 4986/4986 5008/5008 5213/5213
f 5213/5213 5008/5008 4836/4836
f 5213/5213 4836/4836 4987/4987
f 5068/5068 5213/5213 4987/4987
f 5068/5068 4987/4987 4886/4886
f 4826/4826 4986/4986 5214/5214
f 4826/4826 5214/5214 5085/5085
f 4986/4986 4884/4884 5065/5065
f 4986/4986 5065/5065 5214/5214
f 5214/5214 5065/5065 4882/4882
f 5214/5214 4882/4882 5096/5096
f 5085/5085 5214/5214 5096/5096
f 5085/5085 5096/5096 4895/4895
f 4794/4794 4965/4965 5215/5215
f 4794/4794 5215/5215 5100/5100
f 4791/4791 4975/4975 5215/5215
f 4791/4791 5215/5215 4965/4965
f 4895/4895 5096/5096 5215/5215
f 4895/4895 5215/5215 4975/4975
f 4882/4882 5064/5064 5215/5215
f 4882/4882 5215/5215 5096/5096
f 4880/4880 5100/5100 5215/5215
f 4880/4880 5215/5215 5064/5064
f 4794/4794 5100/5100 5216/5216
f 4794/4794 5216/5216 4948/4948
f 5100/5100 4880/4880 5061/5061
f 5100/5100 5061/5061 5216/5216
f 5216/5216 5061/5061 4878/4878
f 5216/5216 4878/4878 5099/5099
f 4948/4948 5216/5216 5099/5099
f 4948/4948 5099/5099 4800/4800
f 4800/4800 5099/5099 5217/5217
f 4800/4800 5217/5217 4955/4955
f 5099/5099 4878/4878 5060/5060
f 5099/5099 5060/5060 5217/5217
f 5217/5217 5060/5060 4876/4876
f 5217/5217 4876/4876 5098/5098
f 4955/4955 5217/5217 5098/5098
f 4955/4955 5098/5098 4803/4803
f 4826/4826 5085/5085 5218/5218
f 4826/4826 5218/5218 5138/5138
f 5085/5085 4895/4895 5142/5142
f 5085/5085 5142/5142 5218/5218
f 5218/5218 5142/5142 4899/4899
f 5218/5218 4899/4899 5104/5104
f 5138/5138 5218/5218 5104/5104
f 5138/5138 5104/5104 4828/4828
f 4800/4800 5132/5132 5219/5219
f 4800/4800 5219/5219 4948/4948
f 5132/5132 4802/4802 4950/4950
f 5132/5132 4950/4950 5219/5219
f 5219/5219 4950/4950 4796/4796
f 5219/5219 4796/4796 5131/5131
f 4948/4948 5219/5219 5131/5131
f 4948/4948 5131/5131 4794/4794
f 5081/5081 5118/5118 4906/4906
f 5081/5081 4906/4906 4877/4877
f 4891/4891 4913/4913 5119/5119
f 4891/4891 5119/5119 5073/5073
f 4888/4888 4912/4912 5120/5120
f 4888/4888 5120/5120 5071/5071
f 5073/5073 5119/5119 4912/4912
f 5073/5073 4912/4912 4888/4888
f 4910/4910 5121/5121 5067/5067
f 4910/4910 5067/5067 4885/4885
f 5071/5071 5120/5120 4911/4911
f 5071/5071 4911/4911 4886/4886
f 5067/5067 5121/5121 4911/4911
f 5067/5067 4911/4911 4887/4887
f 4909/4909 5122/5122 5066/5066
f 4909/4909 5066/5066 4883/4883
f 5066/5066 5122/5122 4910/4910
f 5066/5066 4910/4910 4885/4885
f 4882/4882 4909/4909 5123/5123
f 4882/4882 5123/5123 5064/5064
f 4907/4907 5124/5124 5062/5062
f 4907/4907 5062/5062 4879/4879
f 5064/5064 5123/5123 4908/4908
f 5064/5064 4908/4908 4880/4880
f 5062/5062 5124/5124 4908/4908
f 5062/5062 4908/4908 4881/4881
f 4906/4906 5125/5125 5059/5059
f 4906/4906 5059/5059 4877/4877
f 5059/5059 5125/5125 4907/4907
f 5059/5059 4907/4907 4879/4879
f 4762/4762 5127/5127 5220/5220
f 4762/4762 5220/5220 4919/4919
f 5127/5127 4764/4764 4921/4921
f 5127/5127 4921/4921 5220/5220
f 5220/5220 4921/4921 4767/4767
f 5220/5220 4767/4767 5126/5126
f 4919/4919 5220/5220 5126/5126
f 4919/4919 5126/5126 4768/4768
f 4786/4786 4766/4766 4920/4920
f 4786/4786 4920/4920 4917/4917
f 4839/4839 5012/5012 5011/5011
f 4839/4839 5011/5011 4840/4840
