# Exported by prepare_workshop_assets.py
mtllib screwdriver.mtl
usemtl material_screwdriver

v -0.000000 0.000000 0.000000
v -0.001469 0.012536 0.058429
v -0.001059 0.012094 0.061231
v -0.001085 0.012137 0.008350
v -0.001477 0.012544 0.010918
v -0.002505 0.013502 0.058608
v -0.002506 0.013503 0.010843
v -0.001702 0.012394 0.062059
v -0.001712 0.012426 0.007637
v 0.001469 0.012536 0.058429
v 0.001059 0.012094 0.061231
v 0.001085 0.012137 0.008350
v 0.001477 0.012544 0.010918
v 0.002505 0.013502 0.058608
v 0.002506 0.013503 0.010843
v 0.001702 0.012394 0.062059
v 0.001712 0.012426 0.007637
v -0.011591 0.004995 0.058429
v -0.011003 0.005130 0.061231
v -0.011053 0.005129 0.008350
v -0.011602 0.004993 0.010918
v -0.012945 0.004582 0.058608
v -0.012947 0.004581 0.010843
v -0.011584 0.004723 0.062059
v -0.011617 0.004730 0.007637
v -0.010122 0.007540 0.058429
v -0.009944 0.006964 0.061231
v -0.009968 0.007008 0.008350
v -0.010125 0.007551 0.010918
v -0.010441 0.008920 0.058608
v -0.010440 0.008922 0.010843
v -0.009883 0.007671 0.062059
v -0.009905 0.007696 0.007637
v -0.010122 -0.007540 0.058429
v -0.009944 -0.006964 0.061231
v -0.009968 -0.007008 0.008350
v -0.010125 -0.007551 0.010918
v -0.010441 -0.008920 0.058608
v -0.010440 -0.008922 0.010843
v -0.009883 -0.007671 0.062059
v -0.009905 -0.007696 0.007637
v -0.011591 -0.004995 0.058429
v -0.011003 -0.005130 0.061231
v -0.011053 -0.005129 0.008350
v -0.011602 -0.004993 0.010918
v -0.012945 -0.004582 0.058608
v -0.012947 -0.004581 0.010843
v -0.011584 -0.004723 0.062059
v -0.011617 -0.004730 0.007637
v 0.001469 -0.012536 0.058429
v 0.001059 -0.012094 0.061231
v 0.001085 -0.012137 0.008350
v 0.001477 -0.012544 0.010918
v 0.002505 -0.013502 0.058608
v 0.002506 -0.013503 0.010843
v 0.001702 -0.012394 0.062059
v 0.001712 -0.012426 0.007637
v -0.001469 -0.012536 0.058429
v -0.001059 -0.012094 0.061231
v -0.001085 -0.012137 0.008350
v -0.001477 -0.012544 0.010918
v -0.002505 -0.013502 0.058608
v -0.002506 -0.013503 0.010843
v -0.001702 -0.012394 0.062059
v -0.001712 -0.012426 0.007637
v 0.011591 -0.004995 0.058429
v 0.011003 -0.005130 0.061231
v 0.011053 -0.005129 0.008350
v 0.011602 -0.004993 0.010918
v 0.012945 -0.004582 0.058608
v 0.012947 -0.004581 0.010843
v 0.011584 -0.004723 0.062059
v 0.011617 -0.004730 0.007637
v 0.010122 -0.007540 0.058429
v 0.009944 -0.006964 0.061231
v 0.009968 -0.007008 0.008350
v 0.010125 -0.007551 0.010918
v 0.010441 -0.008920 0.058608
v 0.010440 -0.008922 0.010843
v 0.009883 -0.007671 0.062059
v 0.009905 -0.007696 0.007637
v 0.010122 0.007540 0.058429
v 0.009944 0.006964 0.061231
v 0.009968 0.007008 0.008350
v 0.010125 0.007551 0.010918
v 0.010441 0.008920 0.058608
v 0.010440 0.008922 0.010843
v 0.009883 0.007671 0.062059
v 0.009905 0.007696 0.007637
v 0.011591 0.004995 0.058429
v 0.011003 0.005130 0.061231
v 0.011053 0.005129 0.008350
v 0.011602 0.004993 0.010918
v 0.012945 0.004582 0.058608
v 0.012947 0.004581 0.010843
v 0.011584 0.004723 0.062059
v 0.011617 0.004730 0.007637
v -0.003782 0.009131 0.003990
v -0.003782 0.009131 0.003990
v -0.003782 0.009131 0.003990
v -0.004800 0.011519 0.007307
v -0.004800 0.011519 0.007307
v -0.003089 0.007458 0.002526
v -0.005374 0.012844 0.010820
v -0.005374 0.012844 0.010820
v -0.001059 0.008048 0.002557
v -0.002370 0.012311 0.007375
v -0.001304 0.009856 0.004047
v -0.001304 0.009856 0.004047
v -0.005374 0.012844 0.058657
v -0.005374 0.012844 0.058657
v -0.004766 0.011438 0.062639
v -0.004766 0.011438 0.062639
v -0.003098 0.013612 0.058651
v -0.001306 0.009921 0.091408
v -0.001202 0.009129 0.094788
v -0.003829 0.009245 0.091408
v -0.003829 0.009245 0.091408
v -0.003524 0.008507 0.094788
v -0.003524 0.008507 0.094788
v -0.001232 0.009360 0.087136
v -0.001146 0.008708 0.081073
v -0.001158 0.008798 0.074569
v -0.001325 0.009991 0.068196
v -0.003613 0.008722 0.087136
v -0.003613 0.008722 0.087136
v -0.003361 0.008115 0.081073
v -0.003361 0.008115 0.081073
v -0.003396 0.008199 0.074569
v -0.003396 0.008199 0.074569
v -0.003852 0.009300 0.068222
v -0.003852 0.009300 0.068222
v -0.001284 0.012313 0.009345
v -0.002641 0.013845 0.056001
v -0.002641 0.013844 0.013456
v -0.000967 0.011842 0.063454
v -0.001263 0.012288 0.060104
v -0.000979 0.011924 0.006625
v -0.002358 0.012246 0.062493
v -0.002199 0.013002 0.060384
v -0.003098 0.013612 0.010823
v -0.002205 0.013007 0.009108
v -0.000781 0.012128 0.058420
v -0.001562 0.012675 0.055874
v -0.001563 0.012676 0.013493
v -0.000786 0.012147 0.010900
v -0.000607 0.011827 0.061683
v -0.000627 0.011905 0.008013
v 0.003782 0.009131 0.003990
v 0.003782 0.009131 0.003990
v 0.004800 0.011519 0.007307
v 0.003089 0.007458 0.002526
v 0.005374 0.012844 0.010820
v 0.001059 0.008048 0.002557
v 0.002370 0.012311 0.007375
v 0.001304 0.009856 0.004047
v 0.001304 0.009856 0.004047
v 0.005374 0.012844 0.058657
v 0.004766 0.011438 0.062639
v 0.003098 0.013612 0.058651
v 0.001306 0.009921 0.091408
v 0.001202 0.009129 0.094788
v 0.003829 0.009245 0.091408
v 0.003524 0.008507 0.094788
v 0.001232 0.009360 0.087136
v 0.001146 0.008708 0.081073
v 0.001158 0.008798 0.074569
v 0.001325 0.009991 0.068196
v 0.003613 0.008722 0.087136
v 0.003361 0.008115 0.081073
v 0.003396 0.008199 0.074569
v 0.003852 0.009300 0.068222
v 0.001284 0.012313 0.009345
v 0.002641 0.013845 0.056001
v 0.002641 0.013844 0.013456
v 0.000967 0.011842 0.063454
v 0.001263 0.012288 0.060104
v 0.000979 0.011924 0.006625
v 0.002358 0.012246 0.062493
v 0.002199 0.013002 0.060384
v 0.003098 0.013612 0.010823
v 0.002205 0.013007 0.009108
v 0.000781 0.012128 0.058420
v 0.001562 0.012675 0.055874
v 0.001563 0.012676 0.013493
v 0.000786 0.012147 0.010900
v 0.000607 0.011827 0.061683
v 0.000627 0.011905 0.008013
v -0.009798 0.001290 0.003990
v -0.009798 0.001290 0.003990
v -0.012376 0.001603 0.007307
v -0.008003 0.001054 0.002526
v -0.013811 0.001768 0.010820
v -0.007500 0.003107 0.002557
v -0.011846 0.004103 0.007375
v -0.009188 0.003798 0.004047
v -0.009188 0.003798 0.004047
v -0.013811 0.001768 0.058657
v -0.012288 0.001591 0.062639
v -0.013338 0.004123 0.058651
v -0.009245 0.003829 0.091408
v -0.008507 0.003524 0.094788
v -0.006980 0.002891 0.097300
v -0.006980 0.002891 0.097300
v -0.009921 0.001306 0.091408
v -0.009129 0.001202 0.094788
v -0.007490 0.000986 0.097300
v -0.007490 0.000986 0.097300
v -0.008722 0.003613 0.087136
v -0.008115 0.003361 0.081073
v -0.008199 0.003396 0.074569
v -0.009315 0.003848 0.068196
v -0.009360 0.001232 0.087136
v -0.008708 0.001146 0.081073
v -0.008798 0.001158 0.074569
v -0.009980 0.001314 0.068222
v -0.011305 0.005044 0.009345
v -0.013310 0.004635 0.056001
v -0.013310 0.004634 0.013456
v -0.010739 0.005083 0.063454
v -0.011273 0.005050 0.060104
v -0.010816 0.005114 0.006625
v -0.011784 0.004080 0.062493
v -0.012360 0.004597 0.060384
v -0.013338 0.004123 0.010823
v -0.012367 0.004594 0.009108
v -0.010893 0.005388 0.058420
v -0.011758 0.004985 0.055874
v -0.011759 0.004985 0.013493
v -0.010913 0.005393 0.010900
v -0.010546 0.005388 0.061683
v -0.010624 0.005409 0.008013
v -0.006016 0.007840 0.003990
v -0.006016 0.007840 0.003990
v -0.007576 0.009916 0.007307
v -0.004915 0.006404 0.002526
v -0.008437 0.011076 0.010820
v -0.006441 0.004941 0.002557
v -0.009476 0.008208 0.007375
v -0.007883 0.006058 0.004047
v -0.007883 0.006058 0.004047
v -0.008437 0.011076 0.058657
v -0.007522 0.009846 0.062639
v -0.010240 0.009489 0.058651
v -0.007939 0.006092 0.091408
v -0.007305 0.005605 0.094788
v -0.006092 0.007939 0.091408
v -0.005605 0.007305 0.094788
v -0.004599 0.005994 0.097300
v -0.004599 0.005994 0.097300
v -0.007490 0.005747 0.087136
v -0.006968 0.005347 0.081073
v -0.007040 0.005402 0.074569
v -0.007990 0.006143 0.068196
v -0.005747 0.007490 0.087136
v -0.005347 0.006968 0.081073
v -0.005402 0.007040 0.074569
v -0.006128 0.007986 0.068222
v -0.010021 0.007269 0.009345
v -0.010669 0.009209 0.056001
v -0.010668 0.009209 0.013456
v -0.009771 0.006759 0.063454
v -0.010010 0.007238 0.060104
v -0.009837 0.006810 0.006625
v -0.009426 0.008165 0.062493
v -0.010161 0.008405 0.060384
v -0.010240 0.009489 0.010823
v -0.010162 0.008413 0.009108
v -0.010113 0.006740 0.058420
v -0.010196 0.007690 0.055874
v -0.010196 0.007692 0.013493
v -0.010127 0.006754 0.010900
v -0.009939 0.006439 0.061683
v -0.009997 0.006496 0.008013
v -0.006016 -0.007840 0.003990
v -0.006016 -0.007840 0.003990
v -0.007576 -0.009916 0.007307
v -0.004915 -0.006404 0.002526
v -0.008437 -0.011076 0.010820
v -0.006441 -0.004941 0.002557
v -0.009476 -0.008208 0.007375
v -0.007883 -0.006058 0.004047
v -0.007883 -0.006058 0.004047
v -0.008437 -0.011076 0.058657
v -0.007522 -0.009846 0.062639
v -0.010240 -0.009489 0.058651
v -0.007939 -0.006092 0.091408
v -0.007305 -0.005605 0.094788
v -0.006092 -0.007939 0.091408
v -0.005605 -0.007305 0.094788
v -0.007490 -0.005747 0.087136
v -0.006968 -0.005347 0.081073
v -0.007040 -0.005402 0.074569
v -0.007990 -0.006143 0.068196
v -0.005747 -0.007490 0.087136
v -0.005347 -0.006968 0.081073
v -0.005402 -0.007040 0.074569
v -0.006128 -0.007986 0.068222
v -0.010021 -0.007269 0.009345
v -0.010669 -0.009209 0.056001
v -0.010668 -0.009209 0.013456
v -0.009771 -0.006759 0.063454
v -0.010010 -0.007238 0.060104
v -0.009837 -0.006810 0.006625
v -0.009426 -0.008165 0.062493
v -0.010161 -0.008405 0.060384
v -0.010240 -0.009489 0.010823
v -0.010162 -0.008413 0.009108
v -0.010113 -0.006740 0.058420
v -0.010196 -0.007690 0.055874
v -0.010196 -0.007692 0.013493
v -0.010127 -0.006754 0.010900
v -0.009939 -0.006439 0.061683
v -0.009997 -0.006496 0.008013
v -0.009798 -0.001290 0.003990
v -0.009798 -0.001290 0.003990
v -0.012376 -0.001603 0.007307
v -0.008003 -0.001054 0.002526
v -0.013811 -0.001768 0.010820
v -0.007500 -0.003107 0.002557
v -0.011846 -0.004103 0.007375
v -0.009188 -0.003798 0.004047
v -0.009188 -0.003798 0.004047
v -0.013811 -0.001768 0.058657
v -0.012288 -0.001592 0.062639
v -0.013338 -0.004123 0.058651
v -0.009245 -0.003830 0.091408
v -0.008507 -0.003524 0.094788
v -0.009921 -0.001306 0.091408
v -0.009129 -0.001202 0.094788
v -0.008722 -0.003613 0.087136
v -0.008115 -0.003361 0.081073
v -0.008199 -0.003396 0.074569
v -0.009315 -0.003848 0.068196
v -0.009360 -0.001232 0.087136
v -0.008708 -0.001146 0.081073
v -0.008798 -0.001158 0.074569
v -0.009980 -0.001314 0.068222
v -0.011305 -0.005044 0.009345
v -0.013310 -0.004635 0.056001
v -0.013310 -0.004634 0.013456
v -0.010739 -0.005083 0.063454
v -0.011273 -0.005050 0.060104
v -0.010816 -0.005114 0.006625
v -0.011784 -0.004080 0.062493
v -0.012360 -0.004597 0.060384
v -0.013338 -0.004123 0.010823
v -0.012367 -0.004594 0.009108
v -0.010893 -0.005388 0.058420
v -0.011758 -0.004985 0.055874
v -0.011759 -0.004985 0.013493
v -0.010913 -0.005393 0.010900
v -0.010546 -0.005388 0.061683
v -0.010624 -0.005409 0.008013
v 0.003782 -0.009131 0.003990
v 0.003782 -0.009131 0.003990
v 0.004800 -0.011519 0.007307
v 0.003089 -0.007458 0.002526
v 0.005374 -0.012844 0.010820
v 0.001059 -0.008048 0.002557
v 0.002370 -0.012311 0.007375
v 0.001304 -0.009856 0.004047
v 0.001304 -0.009856 0.004047
v 0.005374 -0.012844 0.058657
v 0.004766 -0.011438 0.062639
v 0.003098 -0.013612 0.058651
v 0.001306 -0.009921 0.091408
v 0.001202 -0.009129 0.094788
v 0.003829 -0.009245 0.091408
v 0.003524 -0.008507 0.094788
v 0.001232 -0.009360 0.087136
v 0.001146 -0.008708 0.081073
v 0.001158 -0.008798 0.074569
v 0.001325 -0.009991 0.068196
v 0.003613 -0.008722 0.087136
v 0.003361 -0.008115 0.081073
v 0.003396 -0.008199 0.074569
v 0.003852 -0.009300 0.068222
v 0.001284 -0.012313 0.009345
v 0.002641 -0.013845 0.056001
v 0.002641 -0.013844 0.013456
v 0.000967 -0.011842 0.063454
v 0.001263 -0.012288 0.060104
v 0.000979 -0.011924 0.006625
v 0.002358 -0.012246 0.062493
v 0.002199 -0.013002 0.060384
v 0.003098 -0.013612 0.010823
v 0.002205 -0.013007 0.009108
v 0.000781 -0.012128 0.058420
v 0.001562 -0.012675 0.055874
v 0.001563 -0.012676 0.013493
v 0.000786 -0.012147 0.010900
v 0.000607 -0.011827 0.061683
v 0.000627 -0.011905 0.008013
v -0.003782 -0.009131 0.003990
v -0.003782 -0.009131 0.003990
v -0.004800 -0.011519 0.007307
v -0.003089 -0.007458 0.002526
v -0.005374 -0.012844 0.010820
v -0.001059 -0.008048 0.002557
v -0.002370 -0.012311 0.007375
v -0.001304 -0.009856 0.004047
v -0.001304 -0.009856 0.004047
v -0.005374 -0.012844 0.058657
v -0.004766 -0.011438 0.062639
v -0.003098 -0.013612 0.058651
v -0.001306 -0.009921 0.091408
v -0.001202 -0.009129 0.094788
v -0.003829 -0.009245 0.091408
v -0.003524 -0.008507 0.094788
v -0.001232 -0.009360 0.087136
v -0.001146 -0.008708 0.081073
v -0.001158 -0.008798 0.074569
v -0.001325 -0.009991 0.068196
v -0.003613 -0.008722 0.087136
v -0.003361 -0.008115 0.081073
v -0.003396 -0.008199 0.074569
v -0.003852 -0.009300 0.068222
v -0.001284 -0.012313 0.009345
v -0.002641 -0.013845 0.056001
v -0.002641 -0.013844 0.013456
v -0.000967 -0.011842 0.063454
v -0.001263 -0.012288 0.060104
v -0.000979 -0.011924 0.006625
v -0.002358 -0.012246 0.062493
v -0.002199 -0.013002 0.060384
v -0.003098 -0.013612 0.010823
v -0.002205 -0.013007 0.009108
v -0.000781 -0.012128 0.058420
v -0.001562 -0.012675 0.055874
v -0.001563 -0.012676 0.013493
v -0.000786 -0.012147 0.010900
v -0.000607 -0.011827 0.061683
v -0.000627 -0.011905 0.008013
v 0.009798 -0.001290 0.003990
v 0.009798 -0.001290 0.003990
v 0.012376 -0.001603 0.007307
v 0.008003 -0.001054 0.002526
v 0.013811 -0.001768 0.010820
v 0.007500 -0.003107 0.002557
v 0.011846 -0.004103 0.007375
v 0.009188 -0.003798 0.004047
v 0.009188 -0.003798 0.004047
v 0.013811 -0.001768 0.058657
v 0.012288 -0.001591 0.062639
v 0.013338 -0.004123 0.058651
v 0.009245 -0.003829 0.091408
v 0.008507 -0.003524 0.094788
v 0.006980 -0.002891 0.097300
v 0.006980 -0.002891 0.097300
v 0.009921 -0.001306 0.091408
v 0.009129 -0.001202 0.094788
v 0.008722 -0.003613 0.087136
v 0.008115 -0.003361 0.081073
v 0.008199 -0.003396 0.074569
v 0.009315 -0.003848 0.068196
v 0.009360 -0.001232 0.087136
v 0.008708 -0.001146 0.081073
v 0.008798 -0.001158 0.074569
v 0.009980 -0.001314 0.068222
v 0.011305 -0.005044 0.009345
v 0.013310 -0.004635 0.056001
v 0.013310 -0.004634 0.013456
v 0.010739 -0.005083 0.063454
v 0.011273 -0.005050 0.060104
v 0.010816 -0.005114 0.006625
v 0.011784 -0.004080 0.062493
v 0.012360 -0.004597 0.060384
v 0.013338 -0.004123 0.010823
v 0.012367 -0.004594 0.009108
v 0.010893 -0.005388 0.058420
v 0.011758 -0.004985 0.055874
v 0.011759 -0.004985 0.013493
v 0.010913 -0.005393 0.010900
v 0.010546 -0.005388 0.061683
v 0.010624 -0.005409 0.008013
v 0.006016 -0.007840 0.003990
v 0.006016 -0.007840 0.003990
v 0.007576 -0.009916 0.007307
v 0.004915 -0.006404 0.002526
v 0.008437 -0.011076 0.010820
v 0.006441 -0.004941 0.002557
v 0.009476 -0.008208 0.007375
v 0.007883 -0.006058 0.004047
v 0.007883 -0.006058 0.004047
v 0.008437 -0.011076 0.058657
v 0.007522 -0.009846 0.062639
v 0.010240 -0.009489 0.058651
v 0.007939 -0.006092 0.091408
v 0.007305 -0.005605 0.094788
v 0.005994 -0.004599 0.097300
v 0.005994 -0.004599 0.097300
v 0.006092 -0.007939 0.091408
v 0.005605 -0.007305 0.094788
v 0.007490 -0.005747 0.087136
v 0.006968 -0.005347 0.081073
v 0.007040 -0.005402 0.074569
v 0.007990 -0.006143 0.068196
v 0.005747 -0.007490 0.087136
v 0.005347 -0.006968 0.081073
v 0.005402 -0.007040 0.074569
v 0.006128 -0.007986 0.068222
v 0.010021 -0.007269 0.009345
v 0.010669 -0.009209 0.056001
v 0.010668 -0.009209 0.013456
v 0.009771 -0.006759 0.063454
v 0.010010 -0.007238 0.060104
v 0.009837 -0.006810 0.006625
v 0.009426 -0.008165 0.062493
v 0.010161 -0.008405 0.060384
v 0.010240 -0.009489 0.010823
v 0.010162 -0.008413 0.009108
v 0.010113 -0.006740 0.058420
v 0.010196 -0.007690 0.055874
v 0.010196 -0.007692 0.013493
v 0.010127 -0.006754 0.010900
v 0.009939 -0.006439 0.061683
v 0.009997 -0.006496 0.008013
v 0.006016 0.007840 0.003990
v 0.006016 0.007840 0.003990
v 0.007576 0.009916 0.007307
v 0.004915 0.006404 0.002526
v 0.008437 0.011076 0.010820
v 0.006441 0.004941 0.002557
v 0.009476 0.008208 0.007375
v 0.007883 0.006058 0.004047
v 0.007883 0.006058 0.004047
v 0.008437 0.011076 0.058657
v 0.007522 0.009846 0.062639
v 0.010240 0.009489 0.058651
v 0.007939 0.006092 0.091408
v 0.007305 0.005605 0.094788
v 0.006092 0.007939 0.091408
v 0.005605 0.007305 0.094788
v 0.007490 0.005747 0.087136
v 0.006968 0.005347 0.081073
v 0.007040 0.005402 0.074569
v 0.007990 0.006143 0.068196
v 0.005747 0.007490 0.087136
v 0.005347 0.006968 0.081073
v 0.005402 0.007040 0.074569
v 0.006128 0.007986 0.068222
v 0.010021 0.007269 0.009345
v 0.010669 0.009209 0.056001
v 0.010668 0.009209 0.013456
v 0.009771 0.006759 0.063454
v 0.010010 0.007238 0.060104
v 0.009837 0.006810 0.006625
v 0.009426 0.008165 0.062493
v 0.010161 0.008405 0.060384
v 0.010240 0.009489 0.010823
v 0.010162 0.008413 0.009108
v 0.010113 0.006740 0.058420
v 0.010196 0.007690 0.055874
v 0.010196 0.007692 0.013493
v 0.010127 0.006754 0.010900
v 0.009939 0.006439 0.061683
v 0.009997 0.006496 0.008013
v 0.009798 0.001290 0.003990
v 0.009798 0.001290 0.003990
v 0.012376 0.001603 0.007307
v 0.008003 0.001054 0.002526
v 0.013811 0.001768 0.010820
v 0.007500 0.003107 0.002557
v 0.011846 0.004103 0.007375
v 0.009188 0.003798 0.004047
v 0.009188 0.003798 0.004047
v 0.013811 0.001768 0.058657
v 0.012288 0.001591 0.062639
v 0.013338 0.004123 0.058651
v 0.009245 0.003830 0.091408
v 0.008507 0.003524 0.094788
v 0.006980 0.002891 0.097300
v 0.006980 0.002891 0.097300
v 0.009921 0.001306 0.091408
v 0.009129 0.001202 0.094788
v 0.008722 0.003613 0.087136
v 0.008115 0.003361 0.081073
v 0.008199 0.003396 0.074569
v 0.009315 0.003848 0.068196
v 0.009360 0.001232 0.087136
v 0.008708 0.001146 0.081073
v 0.008798 0.001158 0.074569
v 0.009980 0.001314 0.068222
v 0.011305 0.005044 0.009345
v 0.013310 0.004635 0.056001
v 0.013310 0.004634 0.013456
v 0.010739 0.005083 0.063454
v 0.011273 0.005050 0.060104
v 0.010816 0.005114 0.006625
v 0.011784 0.004080 0.062493
v 0.012360 0.004597 0.060384
v 0.013338 0.004123 0.010823
v 0.012367 0.004594 0.009108
v 0.010893 0.005388 0.058420
v 0.011758 0.004985 0.055874
v 0.011759 0.004985 0.013493
v 0.010913 0.005393 0.010900
v 0.010546 0.005388 0.061683
v 0.010624 0.005409 0.008013
v -0.004378 0.010556 0.005724
v -0.004378 0.010556 0.005724
v -0.005560 0.013275 0.013439
v -0.005560 0.013275 0.013439
v -0.002317 0.005593 0.001367
v -0.005134 0.012286 0.009016
v -0.005134 0.012286 0.009016
v -0.000794 0.006027 0.001379
v -0.002832 0.013048 0.009031
v -0.001539 0.011393 0.005810
v -0.003241 0.014054 0.013441
v -0.004292 0.010349 0.065248
v -0.004292 0.010349 0.065248
v -0.005560 0.013275 0.056038
v -0.005560 0.013275 0.056038
v -0.001514 0.011210 0.064986
v -0.005130 0.012276 0.060520
v -0.005130 0.012276 0.060520
v -0.002830 0.013040 0.060494
v -0.003241 0.014055 0.056034
v -0.001279 0.009712 0.093170
v -0.001086 0.008252 0.096265
v -0.003749 0.009050 0.093170
v -0.003749 0.009050 0.093170
v -0.003185 0.007690 0.096265
v -0.003185 0.007690 0.096265
v -0.001182 0.008976 0.084266
v -0.001137 0.008639 0.077817
v -0.001215 0.009218 0.071353
v -0.003464 0.008364 0.084266
v -0.003464 0.008364 0.084266
v -0.003335 0.008050 0.077817
v -0.003335 0.008050 0.077817
v -0.003557 0.008588 0.071356
v -0.003557 0.008588 0.071356
v -0.003761 0.009080 0.089464
v -0.003761 0.009080 0.089464
v -0.001283 0.009744 0.089464
v -0.000675 0.011940 0.060227
v -0.000827 0.012225 0.055831
v -0.000690 0.011996 0.009261
v -0.000829 0.012226 0.013501
v 0.004378 0.010556 0.005724
v 0.005560 0.013275 0.013439
v 0.002317 0.005593 0.001367
v 0.005134 0.012286 0.009016
v 0.000794 0.006027 0.001379
v 0.002832 0.013048 0.009031
v 0.001539 0.011393 0.005810
v 0.003241 0.014054 0.013441
v 0.004292 0.010349 0.065248
v 0.005560 0.013275 0.056038
v 0.001514 0.011210 0.064986
v 0.005130 0.012276 0.060520
v 0.002830 0.013040 0.060494
v 0.003241 0.014055 0.056034
v 0.001279 0.009712 0.093170
v 0.001086 0.008252 0.096265
v 0.003749 0.009050 0.093170
v 0.003185 0.007690 0.096265
v 0.001182 0.008976 0.084266
v 0.001137 0.008639 0.077817
v 0.001215 0.009218 0.071353
v 0.003464 0.008364 0.084266
v 0.003335 0.008050 0.077817
v 0.003557 0.008588 0.071356
v 0.003761 0.009080 0.089464
v 0.001283 0.009744 0.089464
v 0.000675 0.011940 0.060227
v 0.000827 0.012225 0.055831
v 0.000690 0.011996 0.009261
v 0.000829 0.012226 0.013501
v -0.011331 0.001486 0.005724
v -0.014277 0.001822 0.013439
v -0.006002 0.000790 0.001367
v -0.013207 0.001696 0.009016
v -0.005616 0.002326 0.001379
v -0.012716 0.004071 0.009031
v -0.010636 0.004364 0.005810
v -0.013792 0.004220 0.013441
v -0.011108 0.001457 0.065248
v -0.014277 0.001822 0.056038
v -0.010465 0.004294 0.064986
v -0.013196 0.001695 0.060520
v -0.012708 0.004069 0.060494
v -0.013792 0.004220 0.056034
v -0.009050 0.003749 0.093170
v -0.007690 0.003185 0.096265
v -0.009712 0.001279 0.093170
v -0.008252 0.001086 0.096265
v -0.008364 0.003464 0.084266
v -0.008050 0.003335 0.077817
v -0.008590 0.003557 0.071353
v -0.008976 0.001182 0.084266
v -0.008639 0.001137 0.077817
v -0.009217 0.001213 0.071356
v -0.009744 0.001283 0.089464
v -0.009080 0.003761 0.089464
v -0.010678 0.005386 0.060227
v -0.011001 0.005396 0.055831
v -0.010734 0.005400 0.009261
v -0.011002 0.005395 0.013501
v -0.006952 0.009069 0.005724
v -0.008717 0.011453 0.013439
v -0.003685 0.004803 0.001367
v -0.008073 0.010590 0.009016
v -0.004823 0.003701 0.001379
v -0.009884 0.008977 0.009031
v -0.009097 0.007029 0.005810
v -0.010551 0.009834 0.013441
v -0.006816 0.008891 0.065248
v -0.008717 0.011453 0.056038
v -0.008951 0.006916 0.064986
v -0.008066 0.010581 0.060520
v -0.009878 0.008971 0.060494
v -0.010551 0.009834 0.056034
v -0.007771 0.005963 0.093170
v -0.006604 0.005067 0.096265
v -0.005963 0.007771 0.093170
v -0.005067 0.006604 0.096265
v -0.007182 0.005511 0.084266
v -0.006913 0.005304 0.077817
v -0.007376 0.005661 0.071353
v -0.005511 0.007182 0.084266
v -0.005304 0.006913 0.077817
v -0.005659 0.007375 0.071356
v -0.005983 0.007797 0.089464
v -0.007797 0.005983 0.089464
v -0.010003 0.006555 0.060227
v -0.010174 0.006829 0.055831
v -0.010044 0.006595 0.009261
v -0.010174 0.006831 0.013501
v -0.006952 -0.009069 0.005724
v -0.008717 -0.011453 0.013439
v -0.003685 -0.004803 0.001367
v -0.008073 -0.010590 0.009016
v -0.004823 -0.003701 0.001379
v -0.009884 -0.008977 0.009031
v -0.009097 -0.007029 0.005810
v -0.010551 -0.009834 0.013441
v -0.006816 -0.008891 0.065248
v -0.008717 -0.011453 0.056038
v -0.008951 -0.006916 0.064986
v -0.008066 -0.010581 0.060520
v -0.009878 -0.008971 0.060494
v -0.010551 -0.009834 0.056034
v -0.007771 -0.005963 0.093170
v -0.006604 -0.005067 0.096265
v -0.005963 -0.007771 0.093170
v -0.005067 -0.006604 0.096265
v -0.007182 -0.005511 0.084266
v -0.006913 -0.005304 0.077817
v -0.007376 -0.005661 0.071353
v -0.005511 -0.007182 0.084266
v -0.005304 -0.006913 0.077817
v -0.005659 -0.007375 0.071356
v -0.005983 -0.007797 0.089464
v -0.007797 -0.005983 0.089464
v -0.010003 -0.006555 0.060227
v -0.010174 -0.006829 0.055831
v -0.010044 -0.006595 0.009261
v -0.010174 -0.006831 0.013501
v -0.011331 -0.001486 0.005724
v -0.014277 -0.001822 0.013439
v -0.006002 -0.000790 0.001367
v -0.013207 -0.001696 0.009016
v -0.005616 -0.002326 0.001379
v -0.012716 -0.004071 0.009031
v -0.010636 -0.004364 0.005810
v -0.013792 -0.004220 0.013441
v -0.011108 -0.001457 0.065248
v -0.014277 -0.001822 0.056038
v -0.010465 -0.004294 0.064986
v -0.013196 -0.001695 0.060520
v -0.012708 -0.004069 0.060494
v -0.013792 -0.004220 0.056034
v -0.009050 -0.003749 0.093170
v -0.007690 -0.003185 0.096265
v -0.009712 -0.001279 0.093170
v -0.008252 -0.001086 0.096265
v -0.008364 -0.003464 0.084266
v -0.008050 -0.003335 0.077817
v -0.008590 -0.003557 0.071353
v -0.008976 -0.001182 0.084266
v -0.008639 -0.001137 0.077817
v -0.009217 -0.001213 0.071356
v -0.009744 -0.001283 0.089464
v -0.009080 -0.003761 0.089464
v -0.010678 -0.005386 0.060227
v -0.011001 -0.005396 0.055831
v -0.010734 -0.005400 0.009261
v -0.011002 -0.005395 0.013501
v 0.004378 -0.010556 0.005724
v 0.005560 -0.013275 0.013439
v 0.002317 -0.005593 0.001367
v 0.005134 -0.012286 0.009016
v 0.000794 -0.006027 0.001379
v 0.002832 -0.013048 0.009031
v 0.001539 -0.011393 0.005810
v 0.003241 -0.014054 0.013441
v 0.004292 -0.010349 0.065248
v 0.005560 -0.013275 0.056038
v 0.001514 -0.011210 0.064986
v 0.005130 -0.012276 0.060520
v 0.002830 -0.013040 0.060494
v 0.003241 -0.014055 0.056034
v 0.001279 -0.009712 0.093170
v 0.001086 -0.008252 0.096265
v 0.003749 -0.009050 0.093170
v 0.003185 -0.007690 0.096265
v 0.001182 -0.008976 0.084266
v 0.001137 -0.008639 0.077817
v 0.001215 -0.009218 0.071353
v 0.003464 -0.008364 0.084266
v 0.003335 -0.008050 0.077817
v 0.003557 -0.008588 0.071356
v 0.003761 -0.009080 0.089464
v 0.001283 -0.009744 0.089464
v 0.000675 -0.011940 0.060227
v 0.000827 -0.012225 0.055831
v 0.000690 -0.011996 0.009261
v 0.000829 -0.012226 0.013501
v -0.004378 -0.010556 0.005724
v -0.005560 -0.013275 0.013439
v -0.002317 -0.005593 0.001367
v -0.005134 -0.012286 0.009016
v -0.000794 -0.006027 0.001379
v -0.002832 -0.013048 0.009031
v -0.001539 -0.011393 0.005810
v -0.003241 -0.014054 0.013441
v -0.004292 -0.010349 0.065248
v -0.005560 -0.013275 0.056038
v -0.001514 -0.011210 0.064986
v -0.005130 -0.012276 0.060520
v -0.002830 -0.013040 0.060494
v -0.003241 -0.014055 0.056034
v -0.001279 -0.009712 0.093170
v -0.001086 -0.008252 0.096265
v -0.003749 -0.009050 0.093170
v -0.003185 -0.007690 0.096265
v -0.001182 -0.008976 0.084266
v -0.001137 -0.008639 0.077817
v -0.001215 -0.009218 0.071353
v -0.003464 -0.008364 0.084266
v -0.003335 -0.008050 0.077817
v -0.003557 -0.008588 0.071356
v -0.003761 -0.009080 0.089464
v -0.001283 -0.009744 0.089464
v -0.000675 -0.011940 0.060227
v -0.000827 -0.012225 0.055831
v -0.000690 -0.011996 0.009261
v -0.000829 -0.012226 0.013501
v 0.011331 -0.001486 0.005724
v 0.014277 -0.001822 0.013439
v 0.006002 -0.000790 0.001367
v 0.013207 -0.001696 0.009016
v 0.005616 -0.002326 0.001379
v 0.012716 -0.004071 0.009031
v 0.010636 -0.004364 0.005810
v 0.013792 -0.004220 0.013441
v 0.011108 -0.001457 0.065248
v 0.014277 -0.001822 0.056038
v 0.010465 -0.004294 0.064986
v 0.013196 -0.001695 0.060520
v 0.012708 -0.004069 0.060494
v 0.013792 -0.004220 0.056034
v 0.009050 -0.003749 0.093170
v 0.007690 -0.003185 0.096265
v 0.009712 -0.001279 0.093170
v 0.008252 -0.001086 0.096265
v 0.008364 -0.003464 0.084266
v 0.008050 -0.003335 0.077817
v 0.008590 -0.003557 0.071353
v 0.008976 -0.001182 0.084266
v 0.008639 -0.001137 0.077817
v 0.009217 -0.001213 0.071356
v 0.009744 -0.001283 0.089464
v 0.009080 -0.003761 0.089464
v 0.010678 -0.005386 0.060227
v 0.011001 -0.005396 0.055831
v 0.010734 -0.005400 0.009261
v 0.011002 -0.005395 0.013501
v 0.006952 -0.009069 0.005724
v 0.008717 -0.011453 0.013439
v 0.003685 -0.004803 0.001367
v 0.008073 -0.010590 0.009016
v 0.004823 -0.003701 0.001379
v 0.009884 -0.008977 0.009031
v 0.009097 -0.007029 0.005810
v 0.010551 -0.009834 0.013441
v 0.006816 -0.008891 0.065248
v 0.008717 -0.011453 0.056038
v 0.008951 -0.006916 0.064986
v 0.008066 -0.010581 0.060520
v 0.009878 -0.008971 0.060494
v 0.010551 -0.009834 0.056034
v 0.007771 -0.005963 0.093170
v 0.006604 -0.005067 0.096265
v 0.005963 -0.007771 0.093170
v 0.005067 -0.006604 0.096265
v 0.007182 -0.005511 0.084266
v 0.006913 -0.005304 0.077817
v 0.007376 -0.005661 0.071353
v 0.005511 -0.007182 0.084266
v 0.005304 -0.006913 0.077817
v 0.005659 -0.007375 0.071356
v 0.005983 -0.007797 0.089464
v 0.007797 -0.005983 0.089464
v 0.010003 -0.006555 0.060227
v 0.010174 -0.006829 0.055831
v 0.010044 -0.006595 0.009261
v 0.010174 -0.006831 0.013501
v 0.006952 0.009069 0.005724
v 0.008717 0.011453 0.013439
v 0.003685 0.004803 0.001367
v 0.008073 0.010590 0.009016
v 0.004823 0.003701 0.001379
v 0.009884 0.008977 0.009031
v 0.009097 0.007029 0.005810
v 0.010551 0.009834 0.013441
v 0.006816 0.008891 0.065248
v 0.008717 0.011453 0.056038
v 0.008951 0.006916 0.064986
v 0.008066 0.010581 0.060520
v 0.009878 0.008971 0.060494
v 0.010551 0.009834 0.056034
v 0.007771 0.005963 0.093170
v 0.006604 0.005067 0.096265
v 0.005963 0.007771 0.093170
v 0.005067 0.006604 0.096265
v 0.007182 0.005511 0.084266
v 0.006913 0.005304 0.077817
v 0.007376 0.005661 0.071353
v 0.005511 0.007182 0.084266
v 0.005304 0.006913 0.077817
v 0.005659 0.007375 0.071356
v 0.005983 0.007797 0.089464
v 0.007797 0.005983 0.089464
v 0.010003 0.006555 0.060227
v 0.010174 0.006829 0.055831
v 0.010044 0.006595 0.009261
v 0.010174 0.006831 0.013501
v 0.011331 0.001486 0.005724
v 0.014277 0.001822 0.013439
v 0.006002 0.000790 0.001367
v 0.013207 0.001696 0.009016
v 0.005616 0.002326 0.001379
v 0.012716 0.004071 0.009031
v 0.010636 0.004364 0.005810
v 0.013792 0.004220 0.013441
v 0.011108 0.001457 0.065248
v 0.014277 0.001822 0.056038
v 0.010465 0.004294 0.064986
v 0.013196 0.001695 0.060520
v 0.012708 0.004069 0.060494
v 0.013792 0.004220 0.056034
v 0.009050 0.003749 0.093170
v 0.007690 0.003185 0.096265
v 0.009712 0.001279 0.093170
v 0.008252 0.001086 0.096265
v 0.008364 0.003464 0.084266
v 0.008050 0.003335 0.077817
v 0.008590 0.003557 0.071353
v 0.008976 0.001182 0.084266
v 0.008639 0.001137 0.077817
v 0.009217 0.001213 0.071356
v 0.009744 0.001283 0.089464
v 0.009080 0.003761 0.089464
v 0.010678 0.005386 0.060227
v 0.011001 0.005396 0.055831
v 0.010734 0.005400 0.009261
v 0.011002 0.005395 0.013501
v -0.001486 0.003588 0.000541
v -0.000507 0.003851 0.000541
v 0.001486 0.003588 0.000541
v 0.000507 0.003851 0.000541
v -0.003851 0.000507 0.000541
v -0.003588 0.001486 0.000541
v -0.002364 0.003081 0.000541
v -0.003081 0.002364 0.000541
v -0.002364 -0.003081 0.000541
v -0.003081 -0.002364 0.000541
v -0.003851 -0.000507 0.000541
v -0.003588 -0.001486 0.000541
v 0.001486 -0.003588 0.000541
v 0.000507 -0.003851 0.000541
v -0.001486 -0.003588 0.000541
v -0.000507 -0.003851 0.000541
v 0.003851 -0.000507 0.000541
v 0.003588 -0.001486 0.000541
v 0.002364 -0.003081 0.000541
v 0.003081 -0.002364 0.000541
v 0.002364 0.003081 0.000541
v 0.003081 0.002364 0.000541
v 0.003851 0.000507 0.000541
v 0.003588 0.001486 0.000541
v -0.000719 0.001736 0.000147
v -0.000245 0.001863 0.000147
v 0.000719 0.001736 0.000147
v 0.000245 0.001863 0.000147
v -0.001863 0.000245 0.000147
v -0.001736 0.000719 0.000147
v -0.001144 0.001490 0.000147
v -0.001490 0.001144 0.000147
v -0.001144 -0.001490 0.000147
v -0.001490 -0.001144 0.000147
v -0.001863 -0.000245 0.000147
v -0.001736 -0.000719 0.000147
v 0.000719 -0.001736 0.000147
v 0.000245 -0.001863 0.000147
v -0.000719 -0.001736 0.000147
v -0.000245 -0.001863 0.000147
v 0.001863 -0.000245 0.000147
v 0.001736 -0.000719 0.000147
v 0.001144 -0.001490 0.000147
v 0.001490 -0.001144 0.000147
v 0.001144 0.001490 0.000147
v 0.001490 0.001144 0.000147
v 0.001863 0.000245 0.000147
v 0.001736 0.000719 0.000147
v 0.002704 -0.006528 0.099045
v 0.006580 0.002758 0.099062
v 0.002749 0.006584 0.099061
v -0.002705 0.006534 0.099049
v -0.002705 0.006534 0.099049
v -0.006512 0.002704 0.099045
v -0.006512 -0.002704 0.099045
v -0.002704 -0.006527 0.099045
v 0.004309 -0.005607 0.099046
v 0.005679 0.004393 0.099071
v 0.000936 0.007023 0.099050
v -0.004301 0.005606 0.099046
v -0.006981 0.000922 0.099045
v -0.005600 -0.004301 0.099045
v -0.000922 -0.007005 0.099045
v -0.004301 -0.005605 0.099045
v -0.006981 -0.000922 0.099045
v -0.005600 0.004301 0.099045
v -0.000923 0.007012 0.099049
v 0.004374 0.005697 0.099071
v 0.000922 -0.007005 0.099045
v 0.000926 -0.007034 0.100031
v 0.002715 -0.006555 0.100031
v 0.004322 -0.005630 0.100030
v 0.005658 -0.004291 0.100023
v 0.006573 -0.002723 0.100041
v 0.007053 -0.000933 0.100041
v 0.007054 0.000895 0.100026
v 0.006591 0.002755 0.100042
v 0.005684 0.004388 0.100050
v 0.004374 0.005697 0.100050
v 0.002748 0.006596 0.100042
v 0.000936 0.007046 0.100034
v -0.000926 0.007036 0.100032
v -0.002713 0.006556 0.100032
v -0.002713 0.006556 0.100032
v -0.004311 0.005628 0.100031
v -0.005606 0.004319 0.100031
v -0.006511 0.002715 0.100032
v -0.006971 0.000925 0.100043
v -0.006969 -0.000925 0.100047
v -0.006506 -0.002713 0.100040
v -0.005603 -0.004317 0.100038
v -0.004310 -0.005628 0.100032
v -0.002713 -0.006554 0.100031
v -0.000926 -0.007034 0.100031
v 0.000000 -0.002275 0.116849
v 0.000000 -0.002275 0.116849
v -0.001970 -0.001138 0.116826
v -0.001970 -0.001138 0.116826
v -0.002274 -0.000000 0.116822
v -0.002274 -0.000000 0.116822
v -0.002274 -0.000000 0.116822
v -0.001970 0.001138 0.116826
v -0.001970 0.001138 0.116826
v -0.001137 0.001970 0.116837
v -0.001137 0.001970 0.116837
v 0.002272 0.000000 0.116867
v 0.002272 0.000000 0.116867
v 0.002272 0.000000 0.116867
v -0.000990 -0.007518 0.097363
v -0.000986 -0.007490 0.097300
v -0.000986 -0.007490 0.097300
v -0.002902 -0.007005 0.097363
v -0.002891 -0.006980 0.097300
v -0.002891 -0.006980 0.097300
v -0.004616 -0.006016 0.097363
v -0.004599 -0.005994 0.097300
v -0.004599 -0.005994 0.097300
v -0.006015 -0.004616 0.097363
v -0.005994 -0.004599 0.097300
v -0.005994 -0.004599 0.097300
v -0.007005 -0.002902 0.097363
v -0.006980 -0.002891 0.097300
v -0.006980 -0.002891 0.097300
v -0.007517 -0.000990 0.097363
v -0.007490 -0.000986 0.097300
v -0.007490 -0.000986 0.097300
v -0.007517 0.000990 0.097363
v -0.007005 0.002902 0.097363
v -0.006015 0.004616 0.097363
v -0.005994 0.004599 0.097300
v -0.005994 0.004599 0.097300
v 0.006526 -0.002661 0.099065
v -0.004617 0.006020 0.097366
v -0.002908 0.007031 0.097380
v -0.002908 0.007031 0.097380
v -0.002891 0.006980 0.097300
v -0.002891 0.006980 0.097300
v -0.002891 0.006980 0.097300
v -0.002891 0.006980 0.097300
v -0.000995 0.007545 0.097380
v -0.000986 0.007490 0.097300
v -0.000986 0.007490 0.097300
v 0.001006 0.007543 0.097372
v 0.000986 0.007490 0.097300
v 0.000986 0.007490 0.097300
v 0.002958 0.007075 0.097383
v 0.002891 0.006980 0.097300
v 0.002891 0.006980 0.097300
v 0.004707 0.006129 0.097395
v 0.004599 0.005994 0.097300
v 0.004599 0.005994 0.097300
v 0.006108 0.004731 0.097395
v 0.005994 0.004599 0.097300
v 0.005994 0.004599 0.097300
v 0.007073 0.002975 0.097386
v 0.007577 0.001013 0.097381
v 0.007490 0.000986 0.097300
v 0.007490 0.000986 0.097300
v 0.007641 -0.001013 0.097398
v 0.007490 -0.000986 0.097300
v 0.007490 -0.000986 0.097300
v 0.007123 -0.002941 0.097397
v 0.006052 -0.004639 0.097375
v 0.004625 -0.006024 0.097367
v 0.004599 -0.005994 0.097300
v 0.004599 -0.005994 0.097300
v 0.002903 -0.007006 0.097364
v 0.002891 -0.006980 0.097300
v 0.002891 -0.006980 0.097300
v 0.000990 -0.007518 0.097363
v 0.000986 -0.007490 0.097300
v 0.000986 -0.007490 0.097300
v 0.006982 -0.000958 0.099065
v 0.001844 -0.004453 0.114995
v 0.002934 -0.003824 0.114999
v 0.003815 -0.002934 0.115001
v 0.004401 -0.001843 0.115000
v 0.004670 -0.000627 0.114998
v 0.004670 0.000631 0.114998
v 0.004401 0.001845 0.115000
v 0.003815 0.002934 0.115001
v 0.002934 0.003824 0.114999
v 0.001844 0.004453 0.114995
v 0.000629 0.004778 0.114990
v -0.000629 0.004778 0.114982
v -0.001844 0.004453 0.114973
v -0.001844 0.004453 0.114973
v -0.002934 0.003824 0.114962
v -0.003824 0.002934 0.114952
v -0.004453 0.001844 0.114944
v -0.004778 0.000629 0.114939
v -0.004778 -0.000629 0.114939
v -0.004453 -0.001844 0.114944
v -0.003824 -0.002934 0.114952
v -0.002934 -0.003824 0.114962
v -0.001844 -0.004453 0.114973
v -0.000629 -0.004778 0.114982
v 0.000629 -0.004778 0.114990
v 0.007031 0.000907 0.099056
v 0.005632 -0.004281 0.099052
v 0.002209 -0.005333 0.111126
v 0.003509 -0.004580 0.111128
v 0.004561 -0.003515 0.111129
v 0.005295 -0.002209 0.111126
v 0.005670 -0.000750 0.111119
v 0.005679 0.000758 0.111117
v 0.005314 0.002212 0.111121
v 0.004577 0.003515 0.111126
v 0.003514 0.004580 0.111127
v 0.002209 0.005333 0.111126
v 0.000754 0.005723 0.111125
v -0.000752 0.005723 0.111123
v -0.002199 0.005333 0.111119
v -0.002199 0.005333 0.111119
v -0.003482 0.004580 0.111114
v -0.004516 0.003514 0.111108
v -0.005238 0.002209 0.111103
v -0.005609 0.000753 0.111101
v -0.005608 -0.000753 0.111099
v -0.005237 -0.002208 0.111101
v -0.004515 -0.003513 0.111106
v -0.003482 -0.004579 0.111112
v -0.002198 -0.005332 0.111117
v -0.000752 -0.005722 0.111121
v 0.000753 -0.005723 0.111125
v 0.000811 -0.006160 0.108081
v 0.002374 -0.005741 0.108082
v -0.000806 -0.006159 0.108080
v -0.002351 -0.005736 0.108076
v -0.003711 -0.004923 0.108070
v -0.004797 -0.003773 0.108062
v -0.005540 -0.002366 0.108056
v -0.005939 -0.000807 0.108061
v -0.005953 0.000810 0.108070
v -0.005569 0.002378 0.108075
v -0.004810 0.003783 0.108077
v -0.003716 0.004930 0.108079
v -0.002353 0.005741 0.108081
v -0.002353 0.005741 0.108081
v -0.000806 0.006161 0.108081
v 0.000811 0.006161 0.108081
v 0.002378 0.005741 0.108081
v 0.003783 0.004930 0.108081
v 0.004925 0.003782 0.108082
v 0.005716 0.002376 0.108086
v 0.006100 0.000807 0.108091
v 0.006075 -0.000817 0.108097
v 0.005658 -0.002385 0.108099
v 0.004875 -0.003788 0.108094
v 0.003760 -0.004932 0.108087
v -0.000679 -0.005157 0.116384
v -0.000627 -0.004764 0.116815
v -0.000627 -0.004764 0.116815
v -0.001990 -0.004805 0.116374
v -0.001839 -0.004439 0.116805
v -0.001839 -0.004439 0.116805
v -0.003166 -0.004126 0.116362
v -0.002925 -0.003812 0.116794
v -0.002925 -0.003812 0.116794
v -0.004126 -0.003166 0.116351
v -0.003812 -0.002925 0.116783
v -0.003812 -0.002925 0.116783
v -0.004805 -0.001990 0.116341
v -0.004439 -0.001839 0.116774
v -0.004439 -0.001839 0.116774
v -0.005157 -0.000679 0.116336
v -0.004764 -0.000627 0.116768
v -0.004764 -0.000627 0.116768
v -0.005157 0.000679 0.116336
v -0.004764 0.000627 0.116768
v -0.004764 0.000627 0.116768
v -0.004805 0.001990 0.116341
v -0.004439 0.001839 0.116774
v -0.004439 0.001839 0.116774
v -0.004126 0.003166 0.116351
v -0.003812 0.002925 0.116783
v -0.003812 0.002925 0.116783
v -0.003166 0.004126 0.116362
v -0.002925 0.003812 0.116794
v -0.002925 0.003812 0.116794
v -0.001990 0.004805 0.116374
v -0.001990 0.004805 0.116374
v -0.001839 0.004439 0.116805
v -0.001839 0.004439 0.116805
v -0.001839 0.004439 0.116805
v -0.000679 0.005157 0.116384
v -0.000627 0.004764 0.116815
v -0.000627 0.004764 0.116815
v 0.000679 0.005157 0.116392
v 0.000627 0.004764 0.116823
v 0.000627 0.004764 0.116823
v 0.001990 0.004805 0.116398
v 0.001839 0.004439 0.116829
v 0.001839 0.004439 0.116829
v 0.003166 0.004126 0.116402
v 0.002925 0.003812 0.116833
v 0.002925 0.003812 0.116833
v 0.004115 0.003166 0.116403
v 0.003801 0.002925 0.116836
v 0.003801 0.002925 0.116836
v 0.004740 0.001990 0.116404
v 0.004381 0.001839 0.116837
v 0.004381 0.001839 0.116837
v 0.005023 0.000679 0.116404
v 0.004647 0.000627 0.116837
v 0.004647 0.000627 0.116837
v 0.005023 -0.000679 0.116404
v 0.004647 -0.000627 0.116837
v 0.004647 -0.000627 0.116837
v 0.004740 -0.001990 0.116404
v 0.004381 -0.001839 0.116837
v 0.004381 -0.001839 0.116837
v 0.004115 -0.003166 0.116403
v 0.003801 -0.002925 0.116836
v 0.003801 -0.002925 0.116836
v 0.003166 -0.004126 0.116402
v 0.002925 -0.003812 0.116833
v 0.002925 -0.003812 0.116833
v 0.001990 -0.004805 0.116398
v 0.001839 -0.004439 0.116829
v 0.001839 -0.004439 0.116829
v 0.000679 -0.005157 0.116392
v 0.000627 -0.004764 0.116823
v 0.000627 -0.004764 0.116823
v 0.002008 -0.004848 0.115898
v 0.003194 -0.004163 0.115902
v 0.004151 -0.003194 0.115903
v 0.004783 -0.002008 0.115904
v 0.005067 -0.000685 0.115904
v 0.005067 0.000685 0.115904
v 0.004783 0.002008 0.115904
v 0.004151 0.003194 0.115903
v 0.003194 0.004163 0.115902
v 0.002008 0.004848 0.115898
v 0.000685 0.005202 0.115893
v -0.000685 0.005202 0.115885
v -0.002008 0.004848 0.115874
v -0.002008 0.004848 0.115874
v -0.003194 0.004163 0.115863
v -0.004163 0.003194 0.115852
v -0.004848 0.002008 0.115842
v -0.005202 0.000685 0.115837
v -0.005202 -0.000685 0.115837
v -0.004848 -0.002008 0.115842
v -0.004163 -0.003194 0.115852
v -0.003194 -0.004163 0.115863
v -0.002008 -0.004848 0.115874
v -0.000685 -0.005202 0.115885
v 0.000685 -0.005202 0.115893
v -0.000514 -0.003903 0.116976
v -0.001507 -0.003637 0.116967
v -0.002397 -0.003123 0.116957
v -0.003123 -0.002397 0.116948
v -0.003637 -0.001507 0.116940
v -0.003903 -0.000514 0.116936
v -0.003903 0.000514 0.116936
v -0.003637 0.001507 0.116940
v -0.003123 0.002397 0.116948
v -0.002397 0.003123 0.116957
v -0.001507 0.003637 0.116967
v -0.000514 0.003903 0.116976
v 0.000514 0.003903 0.116983
v 0.001507 0.003637 0.116989
v 0.002396 0.003123 0.116994
v 0.003116 0.002397 0.116996
v 0.003598 0.001507 0.116998
v 0.003825 0.000514 0.116999
v 0.003825 -0.000514 0.116999
v 0.003598 -0.001507 0.116998
v 0.003116 -0.002397 0.116996
v 0.002396 -0.003123 0.116994
v 0.001507 -0.003637 0.116989
v 0.000514 -0.003903 0.116983
v 0.004205 -0.005491 0.101980
v 0.004013 -0.005260 0.104611
v 0.005472 -0.004214 0.101982
v 0.005205 -0.004040 0.104618
v 0.006365 -0.002654 0.101987
v 0.006044 -0.002544 0.104624
v 0.006833 -0.000908 0.101987
v 0.006491 -0.000873 0.104624
v 0.006846 0.000903 0.101984
v 0.006518 0.000860 0.104618
v 0.006401 0.002667 0.101985
v 0.006103 0.002536 0.104611
v 0.005514 0.004245 0.101988
v 0.005257 0.004037 0.104607
v 0.004238 0.005522 0.101988
v 0.004037 0.005261 0.104607
v 0.002663 0.006411 0.101984
v 0.002537 0.006125 0.104606
v 0.000907 0.006864 0.101980
v 0.000865 0.006571 0.104606
v -0.000902 0.006860 0.101979
v -0.000861 0.006571 0.104606
v -0.002638 0.006392 0.101979
v -0.002638 0.006392 0.101979
v -0.002514 0.006123 0.104606
v -0.002514 0.006123 0.104606
v -0.004180 0.005488 0.101979
v -0.003973 0.005258 0.104606
v -0.005424 0.004211 0.101979
v -0.005142 0.004035 0.104606
v -0.006289 0.002647 0.101980
v -0.005952 0.002535 0.104606
v -0.006724 0.000903 0.101991
v -0.006349 0.000867 0.104606
v -0.006654 -0.000881 0.101988
v -0.006211 -0.000819 0.104588
v -0.006192 -0.002616 0.101981
v -0.005779 -0.002480 0.104586
v -0.005398 -0.004200 0.101986
v -0.005064 -0.004005 0.104598
v -0.004177 -0.005484 0.101985
v -0.003968 -0.005251 0.104608
v -0.002637 -0.006390 0.101980
v -0.002512 -0.006118 0.104607
v -0.000902 -0.006858 0.101979
v -0.000861 -0.006569 0.104606
v 0.002646 -0.006392 0.101979
v 0.002532 -0.006124 0.104607
v 0.000903 -0.006859 0.101979
v 0.000865 -0.006571 0.104606
v 0.000692 -0.005257 0.113493
v -0.000692 -0.005257 0.113487
v -0.002028 -0.004899 0.113479
v -0.003222 -0.004207 0.113470
v -0.004191 -0.003228 0.113462
v -0.004872 -0.002029 0.113454
v -0.005222 -0.000692 0.113450
v -0.005222 0.000692 0.113450
v -0.004872 0.002029 0.113454
v -0.004191 0.003228 0.113462
v -0.003222 0.004207 0.113470
v -0.002028 0.004899 0.113479
v -0.002028 0.004899 0.113479
v -0.000692 0.005257 0.113487
v 0.000692 0.005257 0.113493
v 0.002029 0.004899 0.113496
v 0.003228 0.004207 0.113498
v 0.004202 0.003229 0.113498
v 0.004866 0.002033 0.113492
v 0.005186 0.000699 0.113485
v 0.005185 -0.000685 0.113485
v 0.004865 -0.002026 0.113492
v 0.004201 -0.003227 0.113498
v 0.003228 -0.004207 0.113498
v 0.002029 -0.004899 0.113496
v -0.000379 -0.002877 0.116930
v 0.000379 -0.002877 0.116936
v -0.001111 -0.002681 0.116922
v -0.001767 -0.002303 0.116915
v -0.002303 -0.001767 0.116908
v -0.002681 -0.001111 0.116903
v -0.002877 -0.000379 0.116900
v -0.002877 0.000379 0.116900
v -0.002681 0.001111 0.116903
v -0.002303 0.001767 0.116908
v -0.001767 0.002303 0.116915
v -0.001111 0.002681 0.116922
v -0.000379 0.002877 0.116930
v 0.000379 0.002877 0.116936
v 0.001111 0.002681 0.116942
v 0.001767 0.002303 0.116946
v 0.002300 0.001767 0.116949
v 0.002667 0.001111 0.116951
v 0.002848 0.000379 0.116951
v 0.002848 -0.000379 0.116951
v 0.002667 -0.001111 0.116951
v 0.002300 -0.001767 0.116949
v 0.001767 -0.002303 0.116946
v 0.001111 -0.002681 0.116942
v 0.001924 -0.004645 0.115364
v 0.000656 -0.004985 0.115358
v -0.000656 -0.004985 0.115350
v -0.001924 -0.004645 0.115341
v -0.003061 -0.003989 0.115330
v -0.003989 -0.003061 0.115319
v -0.004645 -0.001924 0.115311
v -0.004985 -0.000656 0.115305
v -0.004985 0.000656 0.115305
v -0.004645 0.001924 0.115311
v -0.003989 0.003061 0.115319
v -0.003061 0.003989 0.115330
v -0.001924 0.004645 0.115341
v -0.001924 0.004645 0.115341
v -0.000656 0.004985 0.115350
v 0.000656 0.004985 0.115358
v 0.001924 0.004645 0.115364
v 0.003060 0.003989 0.115367
v 0.003979 0.003061 0.115369
v 0.004587 0.001925 0.115369
v 0.004863 0.000658 0.115368
v 0.004863 -0.000655 0.115368
v 0.004587 -0.001924 0.115369
v 0.003979 -0.003061 0.115369
v 0.003060 -0.003989 0.115367
v 0.000000 0.002275 0.116849
v 0.000000 0.002275 0.116849
v -0.002786 -0.000493 0.199265
v -0.002786 -0.000493 0.199265
v -0.002489 0.000674 0.199292
v -0.004189 0.000286 0.207308
v -0.000569 0.000681 0.207373
v -0.002858 0.000681 0.207348
v -0.004261 -0.000569 0.207298
v -0.004261 -0.000569 0.207298
v -0.002960 -0.000509 0.200902
v -0.002960 -0.000509 0.200902
v -0.003416 -0.000525 0.202700
v -0.003416 -0.000525 0.202700
v -0.003920 -0.000542 0.204432
v -0.003920 -0.000542 0.204432
v -0.004214 -0.000559 0.206287
v -0.004214 -0.000559 0.206287
v -0.002741 0.000581 0.200975
v -0.003216 0.000517 0.202725
v -0.003753 0.000463 0.204444
v -0.004118 0.000337 0.206297
v -0.001861 0.001169 0.201500
v -0.002078 0.001068 0.202714
v -0.002459 0.000921 0.204466
v -0.002786 0.000765 0.206334
v -0.000498 0.001170 0.201498
v -0.000513 0.001069 0.202717
v -0.000534 0.000922 0.204478
v -0.000556 0.000766 0.206355
v -0.000359 0.001896 0.188546
v -0.000264 0.001997 0.178123
v -0.000183 0.002084 0.167707
v -0.000117 0.002154 0.157296
v -0.000066 0.002209 0.146892
v -0.000029 0.002248 0.136495
v -0.000007 0.002271 0.126103
v -0.002638 -0.000384 0.188507
v -0.002638 -0.000384 0.188507
v -0.002543 -0.000282 0.178091
v -0.002543 -0.000282 0.178091
v -0.002462 -0.000196 0.167680
v -0.002462 -0.000196 0.167680
v -0.002396 -0.000126 0.157275
v -0.002396 -0.000126 0.157275
v -0.002344 -0.000071 0.146876
v -0.002344 -0.000071 0.146876
v -0.002308 -0.000032 0.136484
v -0.002308 -0.000032 0.136484
v -0.002286 -0.000007 0.126098
v -0.002286 -0.000007 0.126098
v -0.002333 0.000755 0.188518
v -0.002237 0.000857 0.178100
v -0.002157 0.000944 0.167687
v -0.002090 0.001014 0.157281
v -0.002039 0.001069 0.146881
v -0.002003 0.001108 0.136487
v -0.001981 0.001131 0.126100
v -0.001147 0.001965 0.126101
v -0.001169 0.001942 0.136491
v -0.001205 0.001903 0.146887
v -0.001256 0.001848 0.157289
v -0.001323 0.001778 0.167697
v -0.001403 0.001692 0.178112
v -0.001498 0.001590 0.188532
v -0.002206 -0.000359 0.219770
v -0.002797 -0.000482 0.219513
v -0.002811 -0.000670 0.219525
v -0.002811 -0.000670 0.219525
v -0.000735 -0.000360 0.219900
v -0.000739 -0.000480 0.219983
v -0.002200 -0.000473 0.219882
v -0.001500 -0.000687 0.219986
v -0.001500 -0.000687 0.219986
v -0.000722 -0.000652 0.220000
v -0.000722 -0.000652 0.220000
v -0.003830 -0.000618 0.212520
v -0.003830 -0.000618 0.212520
v -0.004169 -0.000586 0.209149
v -0.004169 -0.000586 0.209149
v -0.004238 -0.000578 0.208219
v -0.004238 -0.000578 0.208219
v -0.000637 0.000248 0.212580
v -0.000593 0.000527 0.209218
v -0.000581 0.000604 0.208291
v -0.002829 0.000605 0.208266
v -0.003787 -0.000015 0.212527
v -0.004119 0.000188 0.209159
v -0.004180 0.000241 0.208227
v -0.003067 -0.000673 0.219015
v -0.003067 -0.000673 0.219015
v -0.000695 -0.000276 0.218897
v -0.001437 -0.000281 0.218952
v -0.003037 -0.000428 0.219008
v -0.000465 0.001406 0.198677
v -0.001632 0.001288 0.200071
v -0.001277 0.001357 0.199246
v -0.000482 0.001282 0.200152
v -0.002027 0.001344 0.199407
v -0.002804 -0.000356 0.219506
v -0.004085 0.000656 0.207337
v -0.004008 0.000718 0.206330
v -0.003608 0.000920 0.204475
v -0.003080 0.001061 0.202785
v -0.002554 0.001202 0.201096
v -0.003681 0.000235 0.212543
v -0.003982 0.000517 0.209180
v -0.004052 0.000592 0.208254
v -0.002942 -0.000334 0.219059
v -0.000456 0.001482 0.197759
v -0.001544 0.001438 0.198280
v -0.001137 -0.001970 0.116837
v -0.001137 -0.001970 0.116837
v -0.002484 -0.001629 0.199257
v -0.004187 -0.001421 0.207291
v -0.000569 -0.001855 0.207352
v -0.002858 -0.001790 0.207323
v -0.002675 -0.001631 0.200893
v -0.003183 -0.001601 0.202691
v -0.003753 -0.001546 0.204425
v -0.004116 -0.001455 0.206281
v -0.001861 -0.002192 0.201468
v -0.002079 -0.002108 0.202683
v -0.002459 -0.001985 0.204437
v -0.002786 -0.001857 0.206308
v -0.000498 -0.002240 0.201469
v -0.000513 -0.002162 0.202690
v -0.000534 -0.002051 0.204453
v -0.000557 -0.001920 0.206332
v -0.000359 -0.002665 0.188513
v -0.000264 -0.002563 0.178095
v -0.000183 -0.002476 0.167683
v -0.000117 -0.002405 0.157278
v -0.000066 -0.002350 0.146878
v -0.000029 -0.002311 0.136485
v -0.000007 -0.002286 0.126099
v -0.002333 -0.001525 0.188502
v -0.002237 -0.001423 0.178086
v -0.002157 -0.001336 0.167676
v -0.002090 -0.001265 0.157272
v -0.002039 -0.001210 0.146874
v -0.002003 -0.001171 0.136482
v -0.001981 -0.001147 0.126097
v -0.001147 -0.001982 0.126097
v -0.001169 -0.002005 0.136483
v -0.001205 -0.002045 0.146875
v -0.001256 -0.002100 0.157273
v -0.001323 -0.002171 0.167677
v -0.001403 -0.002257 0.178088
v -0.001498 -0.002360 0.188504
v -0.002214 -0.001020 0.219649
v -0.002797 -0.000888 0.219510
v -0.000730 -0.001034 0.219733
v -0.000736 -0.000897 0.219972
v -0.002200 -0.000890 0.219883
v -0.000637 -0.001529 0.212569
v -0.000593 -0.001739 0.209200
v -0.000581 -0.001797 0.208272
v -0.001604 -0.001376 0.214699
v -0.002790 -0.001677 0.209171
v -0.002829 -0.001734 0.208242
v -0.003785 -0.001221 0.212517
v -0.004117 -0.001361 0.209144
v -0.004178 -0.001396 0.208212
v -0.000719 -0.001134 0.218845
v -0.001452 -0.001116 0.218879
v -0.003037 -0.000925 0.219011
v -0.000466 -0.002418 0.198644
v -0.001632 -0.002290 0.200037
v -0.001277 -0.002354 0.199212
v -0.000482 -0.002325 0.200121
v -0.002027 -0.002318 0.199371
v -0.002814 -0.001009 0.219432
v -0.004088 -0.001722 0.207310
v -0.004011 -0.001769 0.206301
v -0.003608 -0.001945 0.204443
v -0.003080 -0.002070 0.202753
v -0.002553 -0.002194 0.201062
v -0.003681 -0.001424 0.212526
v -0.003981 -0.001626 0.209156
v -0.004052 -0.001681 0.208228
v -0.002959 -0.001033 0.218944
v -0.000455 -0.002475 0.197724
v -0.001544 -0.002406 0.198244
v 0.001970 0.001138 0.116865
v 0.001970 0.001138 0.116865
v 0.001138 0.001970 0.116859
v 0.001138 0.001970 0.116859
v 0.001832 -0.000493 0.199234
v 0.001832 -0.000493 0.199234
v 0.001536 0.000669 0.199279
v 0.003051 0.000285 0.207396
v 0.001720 0.000680 0.207404
v 0.003123 -0.000570 0.207389
v 0.003123 -0.000570 0.207389
v 0.001977 -0.000509 0.200958
v 0.001977 -0.000509 0.200958
v 0.002391 -0.000526 0.202768
v 0.002391 -0.000526 0.202768
v 0.002853 -0.000542 0.204513
v 0.002853 -0.000542 0.204513
v 0.003102 -0.000560 0.206375
v 0.003102 -0.000560 0.206375
v 0.001757 0.000578 0.201026
v 0.002201 0.000465 0.202787
v 0.002686 0.000462 0.204520
v 0.003006 0.000336 0.206384
v 0.000865 0.001169 0.201532
v 0.001053 0.001067 0.202750
v 0.001391 0.000921 0.204512
v 0.001673 0.000765 0.206388
v 0.001920 -0.000386 0.188552
v 0.001920 -0.000386 0.188552
v 0.002015 -0.000283 0.178129
v 0.002015 -0.000283 0.178129
v 0.002095 -0.000196 0.167711
v 0.002095 -0.000196 0.167711
v 0.002161 -0.000125 0.157300
v 0.002161 -0.000125 0.157300
v 0.002213 -0.000071 0.146895
v 0.002213 -0.000071 0.146895
v 0.002249 -0.000032 0.136496
v 0.002249 -0.000032 0.136496
v 0.002271 -0.000008 0.126104
v 0.002271 -0.000008 0.126104
v 0.001614 0.000755 0.188557
v 0.001710 0.000857 0.178133
v 0.001790 0.000944 0.167714
v 0.001856 0.001014 0.157303
v 0.001907 0.001069 0.146897
v 0.001944 0.001108 0.136498
v 0.001966 0.001131 0.126105
v 0.001132 0.001965 0.126104
v 0.001110 0.001942 0.136497
v 0.001074 0.001903 0.146896
v 0.001022 0.001848 0.157302
v 0.000956 0.001778 0.167713
v 0.000875 0.001692 0.178131
v 0.000780 0.001590 0.188555
v 0.000744 -0.000356 0.219556
v 0.001309 -0.000460 0.219155
v 0.001340 -0.000680 0.219154
v 0.001340 -0.000680 0.219154
v 0.000710 -0.000472 0.219613
v 0.000030 -0.000687 0.219880
v 0.000030 -0.000687 0.219880
v 0.002565 -0.000618 0.212554
v 0.002565 -0.000618 0.212554
v 0.002985 -0.000587 0.209235
v 0.002985 -0.000587 0.209235
v 0.003077 -0.000578 0.208309
v 0.003077 -0.000578 0.208309
v 0.001667 0.000604 0.208321
v 0.002523 -0.000013 0.212560
v 0.002935 0.000187 0.209243
v 0.003019 0.000241 0.208316
v 0.001604 -0.000689 0.218701
v 0.001604 -0.000689 0.218701
v 0.000045 -0.000279 0.218840
v 0.001576 -0.000429 0.218704
v 0.000668 0.001288 0.200097
v 0.000333 0.001357 0.199264
v 0.001078 0.001343 0.199441
v 0.001328 -0.000352 0.219088
v 0.002947 0.000655 0.207423
v 0.002896 0.000717 0.206413
v 0.002541 0.000919 0.204548
v 0.002053 0.001060 0.202845
v 0.001567 0.001202 0.201143
v 0.002410 0.000240 0.212572
v 0.002796 0.000517 0.209261
v 0.002891 0.000592 0.208340
v 0.001541 -0.000352 0.218717
v 0.000621 0.001437 0.198304
v 0.001970 -0.001138 0.116865
v 0.001970 -0.001138 0.116865
v 0.001138 -0.001970 0.116859
v 0.001138 -0.001970 0.116859
v 0.001538 -0.001629 0.199310
v 0.003049 -0.001422 0.207380
v 0.001720 -0.001791 0.207379
v 0.001692 -0.001631 0.200942
v 0.002157 -0.001602 0.202753
v 0.002686 -0.001547 0.204501
v 0.003004 -0.001455 0.206367
v 0.000865 -0.002193 0.201500
v 0.001053 -0.002109 0.202720
v 0.001392 -0.001986 0.204483
v 0.001674 -0.001857 0.206362
v 0.001614 -0.001526 0.188541
v 0.001710 -0.001423 0.178119
v 0.001790 -0.001336 0.167703
v 0.001856 -0.001266 0.157294
v 0.001907 -0.001210 0.146890
v 0.001944 -0.001171 0.136493
v 0.001966 -0.001147 0.126103
v 0.001132 -0.001982 0.126100
v 0.001110 -0.002005 0.136489
v 0.001074 -0.002044 0.146884
v 0.001022 -0.002100 0.157285
v 0.000956 -0.002171 0.167693
v 0.000875 -0.002258 0.178107
v 0.000780 -0.002360 0.188527
v 0.000701 -0.000994 0.219440
v 0.001309 -0.000901 0.219153
v 0.000708 -0.000890 0.219598
v 0.000272 -0.001378 0.214688
v 0.001604 -0.001678 0.209221
v 0.001668 -0.001735 0.208297
v 0.002521 -0.001223 0.212549
v 0.002933 -0.001362 0.209228
v 0.003017 -0.001397 0.208300
v 0.000058 -0.001111 0.218807
v 0.001567 -0.000920 0.218713
v 0.000668 -0.002290 0.200063
v 0.000332 -0.002354 0.199230
v 0.001078 -0.002319 0.199406
v 0.001241 -0.001004 0.219108
v 0.002949 -0.001723 0.207396
v 0.002899 -0.001768 0.206385
v 0.002540 -0.001946 0.204516
v 0.002053 -0.002070 0.202812
v 0.001566 -0.002194 0.201109
v 0.002409 -0.001429 0.212554
v 0.002796 -0.001627 0.209236
v 0.002890 -0.001681 0.208313
v 0.001469 -0.001014 0.218730
v 0.000621 -0.002406 0.198268
v -0.001474 -0.000497 0.219976
v -0.002206 -0.000682 0.219896
v -0.002206 -0.000682 0.219896
v -0.001499 -0.000379 0.219858
v -0.002181 -0.000290 0.219007
v -0.002620 0.000248 0.212565
v -0.002790 0.000527 0.209193
v -0.001482 -0.000862 0.219973
v -0.001500 -0.001019 0.219736
v -0.002195 -0.001085 0.218911
v -0.002620 -0.001472 0.212550
v -0.000655 -0.001397 0.214706
v 0.000051 -0.000504 0.219860
v 0.000716 -0.000683 0.219637
v 0.000716 -0.000683 0.219637
v 0.000056 -0.000389 0.219759
v 0.000786 -0.000286 0.218783
v 0.001346 0.000251 0.212564
v 0.001604 0.000527 0.209244
v 0.000014 -0.000864 0.219864
v 0.000033 -0.001017 0.219627
v 0.000731 -0.001081 0.218770
v 0.001346 -0.001476 0.212549
v 0.000392 0.000095 0.214457
v -0.001707 0.000090 0.214493
v -0.000658 0.000093 0.214479
v 0.001511 -0.001619 0.198346
v 0.001816 -0.000485 0.198381
v 0.001816 -0.000485 0.198381
v 0.001511 0.000651 0.198367
v -0.002465 -0.001613 0.198194
v -0.002768 -0.000483 0.198221
v -0.002768 -0.000483 0.198221
v -0.002469 0.000671 0.198215
v 0.000962 -0.007303 0.098218
v -0.000962 -0.007303 0.098218
v -0.002819 -0.006806 0.098218
v -0.004484 -0.005844 0.098219
v -0.005842 -0.004485 0.098219
v -0.006800 -0.002820 0.098220
v -0.007294 -0.000962 0.098220
v -0.007294 0.000962 0.098220
v -0.006800 0.002820 0.098220
v -0.005842 0.004485 0.098219
v -0.004485 0.005846 0.098220
v -0.002824 0.006822 0.098229
v -0.002824 0.006822 0.098229
v -0.000964 0.007321 0.098230
v 0.000976 0.007326 0.098226
v 0.002869 0.006871 0.098237
v 0.004568 0.005950 0.098249
v 0.005931 0.004589 0.098249
v 0.006869 0.002883 0.098240
v 0.004493 -0.005850 0.098221
v 0.002819 -0.006807 0.098219
v 0.007385 -0.000993 0.098260
v 0.007351 0.000967 0.098236
v 0.006892 -0.002832 0.098259
v 0.005878 -0.004489 0.098230
v -0.003388 -0.000654 0.216806
v -0.003388 -0.000654 0.216806
v -0.002352 -0.000101 0.216806
v -0.003350 -0.000269 0.216805
v -0.003227 -0.000113 0.216806
v -0.000688 -0.001267 0.216807
v -0.002359 -0.001220 0.216806
v -0.003350 -0.001042 0.216805
v -0.003235 -0.001178 0.216806
v 0.002002 -0.000663 0.216802
v 0.002002 -0.000663 0.216802
v 0.000992 -0.000103 0.216805
v 0.001966 -0.000271 0.216801
v 0.001864 -0.000116 0.216804
v 0.000965 -0.001218 0.216805
v 0.001963 -0.001043 0.216801
v 0.001829 -0.001177 0.216805
v -0.001608 -0.001246 0.216807
v 0.000237 -0.001244 0.216807
v 0.000206 -0.000102 0.216809
v -0.001572 -0.000100 0.216810
v -0.000683 -0.000100 0.216810
vt 0.639884 0.904534
vt 0.455795 0.043544
vt 0.480662 0.049746
vt 0.059594 0.048265
vt 0.081793 0.042349
vt 0.457449 0.031436
vt 0.080912 0.030557
vt 0.488905 0.043461
vt 0.052698 0.042366
vt 0.453098 0.070254
vt 0.477969 0.070179
vt 0.062395 0.068310
vt 0.084546 0.068607
vt 0.452322 0.081874
vt 0.085983 0.079682
vt 0.483976 0.078245
vt 0.057550 0.075650
vt 0.452034 0.641843
vt 0.476397 0.642116
vt 0.065850 0.646537
vt 0.087562 0.645572
vt 0.451329 0.630421
vt 0.088712 0.634666
vt 0.482411 0.634284
vt 0.060849 0.639487
vt 0.454583 0.667995
vt 0.478877 0.662134
vt 0.063970 0.666193
vt 0.085569 0.671199
vt 0.456188 0.679756
vt 0.084954 0.682569
vt 0.486792 0.668396
vt 0.057542 0.672171
vt 0.443581 0.520749
vt 0.466731 0.522295
vt 0.068777 0.528457
vt 0.090332 0.525802
vt 0.443415 0.509842
vt 0.090812 0.514927
vt 0.472931 0.515163
vt 0.063073 0.521754
vt 0.444827 0.545493
vt 0.467898 0.541424
vt 0.068787 0.548314
vt 0.090341 0.550917
vt 0.445753 0.556491
vt 0.090786 0.561781
vt 0.474918 0.547861
vt 0.063182 0.555029
vt 0.440094 0.403238
vt 0.462850 0.405600
vt 0.067784 0.408167
vt 0.089555 0.405400
vt 0.440300 0.392479
vt 0.089998 0.394445
vt 0.469236 0.398817
vt 0.061984 0.401408
vt 0.440497 0.427568
vt 0.463206 0.424434
vt 0.067947 0.428275
vt 0.089754 0.430681
vt 0.441025 0.438336
vt 0.090354 0.441601
vt 0.469826 0.431021
vt 0.062315 0.435154
vt 0.440619 0.286335
vt 0.463348 0.289528
vt 0.067453 0.286550
vt 0.089346 0.284098
vt 0.441180 0.275537
vt 0.089922 0.273145
vt 0.470016 0.282963
vt 0.061790 0.279644
vt 0.440208 0.310716
vt 0.463043 0.308401
vt 0.067376 0.306791
vt 0.089291 0.309475
vt 0.440384 0.321492
vt 0.089796 0.320474
vt 0.469404 0.315235
vt 0.061558 0.313638
vt 0.445308 0.167838
vt 0.468510 0.172025
vt 0.067869 0.166874
vt 0.089287 0.163957
vt 0.446278 0.156745
vt 0.089585 0.153086
vt 0.475636 0.165600
vt 0.062162 0.160301
vt 0.444024 0.192757
vt 0.467377 0.191288
vt 0.068011 0.186611
vt 0.089535 0.189038
vt 0.443818 0.203730
vt 0.090099 0.199887
vt 0.473568 0.198519
vt 0.062444 0.193336
vt 0.002315 0.713913
vt 0.002346 0.028471
vt 0.547948 0.891935
vt 0.040664 0.728590
vt 0.041602 0.013682
vt 0.567907 0.894740
vt 0.075624 0.737695
vt 0.076662 0.004634
vt 0.572486 0.876270
vt 0.049030 0.036861
vt 0.010362 0.053016
vt 0.553708 0.868383
vt 0.461292 0.005207
vt 0.464658 0.736013
vt 0.501629 0.013763
vt 0.505083 0.727645
vt 0.458135 0.026286
vt 0.820940 0.098431
vt 0.856620 0.108909
vt 0.828214 0.070292
vt 0.828696 0.671769
vt 0.866301 0.083834
vt 0.867445 0.658893
vt 0.774594 0.089675
vt 0.704869 0.081022
vt 0.629377 0.071142
vt 0.556539 0.058102
vt 0.778580 0.061780
vt 0.779214 0.679735
vt 0.707871 0.054543
vt 0.709147 0.686581
vt 0.633536 0.044862
vt 0.635459 0.696381
vt 0.562890 0.030280
vt 0.565655 0.711486
vt 0.068351 0.045456
vt 0.435676 0.028482
vt 0.102493 0.027359
vt 0.502439 0.053384
vt 0.470462 0.046748
vt 0.043424 0.051289
vt 0.494306 0.037884
vt 0.473200 0.036243
vt 0.080343 0.025487
vt 0.065926 0.035440
vt 0.455389 0.050404
vt 0.434288 0.041428
vt 0.103153 0.040190
vt 0.082012 0.049063
vt 0.484549 0.054937
vt 0.056856 0.053154
vt 0.015648 0.106248
vt 0.583675 0.830696
vt 0.056071 0.104193
vt 0.595911 0.846681
vt 0.087142 0.102905
vt 0.582085 0.859777
vt 0.055721 0.081692
vt 0.014534 0.079253
vt 0.566086 0.847348
vt 0.450818 0.105709
vt 0.486863 0.108476
vt 0.451979 0.086676
vt 0.814931 0.124701
vt 0.849319 0.133176
vt 0.809714 0.150144
vt 0.843525 0.156999
vt 0.770288 0.116582
vt 0.701679 0.107634
vt 0.625522 0.097921
vt 0.551723 0.086802
vt 0.766361 0.142973
vt 0.698377 0.134183
vt 0.621887 0.125016
vt 0.547910 0.115393
vt 0.071259 0.068724
vt 0.431794 0.080952
vt 0.106110 0.079142
vt 0.499327 0.072975
vt 0.467587 0.070458
vt 0.046357 0.070041
vt 0.487372 0.084833
vt 0.467697 0.080855
vt 0.086412 0.084335
vt 0.071409 0.078520
vt 0.454071 0.063640
vt 0.432319 0.068558
vt 0.105006 0.066959
vt 0.083415 0.062177
vt 0.483057 0.066266
vt 0.058544 0.064445
vt 0.018279 0.610647
vt 0.582979 0.977996
vt 0.058557 0.611295
vt 0.595417 0.961953
vt 0.089371 0.611750
vt 0.581705 0.948785
vt 0.058839 0.633596
vt 0.018063 0.637747
vt 0.565476 0.961114
vt 0.449940 0.606936
vt 0.485660 0.604501
vt 0.451017 0.625690
vt 0.810966 0.591516
vt 0.845104 0.584759
vt 0.876844 0.577546
vt 0.248318 0.811915
vt 0.806638 0.566590
vt 0.840398 0.560895
vt 0.872175 0.555228
vt 0.262393 0.811915
vt 0.767457 0.598674
vt 0.699649 0.607381
vt 0.623509 0.616856
vt 0.549492 0.627040
vt 0.763791 0.572801
vt 0.696432 0.580996
vt 0.620104 0.589683
vt 0.546215 0.598461
vt 0.074541 0.645834
vt 0.431117 0.631247
vt 0.108533 0.634754
vt 0.497496 0.639712
vt 0.466262 0.641741
vt 0.050063 0.645416
vt 0.485853 0.627841
vt 0.466454 0.631537
vt 0.089024 0.630071
vt 0.074391 0.636210
vt 0.452957 0.648337
vt 0.431619 0.643448
vt 0.107681 0.646737
vt 0.086610 0.651891
vt 0.481289 0.645987
vt 0.062190 0.650477
vt 0.009782 0.689846
vt 0.547723 0.916256
vt 0.048641 0.699935
vt 0.567845 0.913702
vt 0.081290 0.707060
vt 0.572219 0.932214
vt 0.054266 0.677633
vt 0.015217 0.664404
vt 0.553443 0.939857
vt 0.459965 0.704827
vt 0.498320 0.697435
vt 0.456860 0.684736
vt 0.815968 0.617016
vt 0.850722 0.608878
vt 0.821858 0.643646
vt 0.857845 0.633332
vt 0.889779 0.621866
vt 0.220255 0.811915
vt 0.771369 0.625001
vt 0.702956 0.633844
vt 0.627244 0.643791
vt 0.553974 0.655709
vt 0.775476 0.651916
vt 0.706142 0.660314
vt 0.631199 0.670370
vt 0.559428 0.683774
vt 0.072512 0.668585
vt 0.435033 0.682763
vt 0.105737 0.685444
vt 0.500117 0.659011
vt 0.468861 0.664943
vt 0.048111 0.663965
vt 0.491922 0.673911
vt 0.471435 0.675172
vt 0.084492 0.687424
vt 0.070512 0.678284
vt 0.454206 0.661312
vt 0.433600 0.670100
vt 0.106258 0.672958
vt 0.085631 0.664688
vt 0.482784 0.657099
vt 0.061138 0.661573
vt 0.015769 0.493816
vt 0.675071 0.990515
vt 0.058864 0.492887
vt 0.667384 0.971745
vt 0.090356 0.491958
vt 0.649120 0.977049
vt 0.060514 0.515877
vt 0.016826 0.523958
vt 0.651716 0.997154
vt 0.443104 0.487283
vt 0.477692 0.486665
vt 0.443328 0.505301
vt 0.797467 0.492674
vt 0.830990 0.489429
vt 0.795390 0.468225
vt 0.828945 0.465572
vt 0.755272 0.496504
vt 0.688771 0.501933
vt 0.612543 0.507660
vt 0.538522 0.512738
vt 0.753379 0.471242
vt 0.686841 0.475681
vt 0.610670 0.480319
vt 0.537125 0.484429
vt 0.077446 0.527034
vt 0.424065 0.509808
vt 0.110460 0.514016
vt 0.487042 0.521322
vt 0.457101 0.521373
vt 0.052494 0.528864
vt 0.476612 0.509184
vt 0.457817 0.511650
vt 0.090872 0.510327
vt 0.076557 0.517387
vt 0.444159 0.526946
vt 0.424140 0.521435
vt 0.110165 0.525747
vt 0.089824 0.532079
vt 0.471168 0.526271
vt 0.065447 0.532755
vt 0.017833 0.582767
vt 0.604071 0.990145
vt 0.059092 0.583423
vt 0.611788 0.971523
vt 0.090089 0.584670
vt 0.630032 0.976957
vt 0.060701 0.560863
vt 0.018068 0.553891
vt 0.627299 0.997140
vt 0.447824 0.579452
vt 0.483182 0.575990
vt 0.446127 0.561102
vt 0.800013 0.517217
vt 0.833430 0.513285
vt 0.803058 0.541872
vt 0.836616 0.537103
vt 0.757608 0.521829
vt 0.691084 0.528242
vt 0.614758 0.535005
vt 0.540429 0.541396
vt 0.760511 0.547225
vt 0.693599 0.554608
vt 0.617216 0.562361
vt 0.543127 0.569882
vt 0.077437 0.549706
vt 0.426147 0.558395
vt 0.110442 0.562748
vt 0.488228 0.539988
vt 0.458324 0.543436
vt 0.052658 0.548118
vt 0.479322 0.553425
vt 0.460103 0.553130
vt 0.090828 0.566372
vt 0.076591 0.559310
vt 0.444793 0.539224
vt 0.425176 0.546622
vt 0.110161 0.550999
vt 0.089850 0.544636
vt 0.471910 0.536919
vt 0.065425 0.544036
vt 0.014257 0.373230
vt 0.731932 0.917059
vt 0.057670 0.372211
vt 0.711838 0.914323
vt 0.089483 0.371293
vt 0.707298 0.932790
vt 0.059375 0.395464
vt 0.015073 0.403669
vt 0.726007 0.940596
vt 0.440744 0.370194
vt 0.475058 0.370863
vt 0.440367 0.387991
vt 0.791797 0.394840
vt 0.825229 0.394074
vt 0.791590 0.370497
vt 0.824953 0.370333
vt 0.749826 0.395776
vt 0.683697 0.397007
vt 0.607727 0.398403
vt 0.533946 0.399530
vt 0.749619 0.370639
vt 0.683324 0.370847
vt 0.607357 0.371118
vt 0.534013 0.371361
vt 0.076540 0.406690
vt 0.421203 0.391820
vt 0.109771 0.393507
vt 0.482890 0.405487
vt 0.453390 0.404327
vt 0.051281 0.408651
vt 0.473108 0.393065
vt 0.454453 0.394773
vt 0.090051 0.389810
vt 0.075615 0.396953
vt 0.440453 0.409360
vt 0.420924 0.403294
vt 0.109504 0.405272
vt 0.089080 0.411728
vt 0.467073 0.409691
vt 0.064435 0.412532
vt 0.015934 0.464104
vt 0.696125 0.978341
vt 0.058601 0.464204
vt 0.683853 0.962351
vt 0.090134 0.464659
vt 0.697677 0.949271
vt 0.059852 0.441125
vt 0.016133 0.434209
vt 0.713791 0.961729
vt 0.442200 0.460713
vt 0.476674 0.458867
vt 0.441231 0.442839
vt 0.792603 0.419263
vt 0.825958 0.417834
vt 0.793783 0.443758
vt 0.827157 0.441686
vt 0.750560 0.420894
vt 0.684446 0.423210
vt 0.608429 0.425683
vt 0.534703 0.427934
vt 0.751751 0.446045
vt 0.685455 0.449445
vt 0.609340 0.452982
vt 0.535760 0.456134
vt 0.076731 0.429596
vt 0.421864 0.439569
vt 0.110084 0.442265
vt 0.483212 0.423887
vt 0.453767 0.426037
vt 0.051524 0.428209
vt 0.473901 0.436651
vt 0.455139 0.435581
vt 0.090473 0.446218
vt 0.075985 0.439327
vt 0.440678 0.421435
vt 0.421250 0.428066
vt 0.109649 0.430533
vt 0.089191 0.424371
vt 0.467309 0.420178
vt 0.064493 0.423963
vt 0.015028 0.250185
vt 0.696740 0.831212
vt 0.058140 0.250506
vt 0.684335 0.847095
vt 0.089674 0.250068
vt 0.698025 0.860310
vt 0.059318 0.273648
vt 0.015036 0.280512
vt 0.714242 0.847971
vt 0.442397 0.253092
vt 0.476985 0.255075
vt 0.441398 0.271021
vt 0.792988 0.297240
vt 0.826521 0.298843
vt 0.417015 0.811915
vt 0.858903 0.300239
vt 0.794562 0.272895
vt 0.827920 0.275092
vt 0.751216 0.295252
vt 0.684951 0.292252
vt 0.608844 0.289210
vt 0.534887 0.286515
vt 0.752580 0.270096
vt 0.686171 0.266043
vt 0.609973 0.261848
vt 0.536308 0.258256
vt 0.076268 0.285209
vt 0.421976 0.274263
vt 0.109693 0.272411
vt 0.483456 0.290190
vt 0.453918 0.287902
vt 0.050942 0.286621
vt 0.474131 0.277335
vt 0.455329 0.278345
vt 0.090031 0.268517
vt 0.075510 0.275448
vt 0.440779 0.292485
vt 0.421353 0.285793
vt 0.109330 0.284181
vt 0.088795 0.290435
vt 0.467417 0.293783
vt 0.063991 0.290889
vt 0.013218 0.342853
vt 0.731916 0.892756
vt 0.057461 0.343110
vt 0.711941 0.895363
vt 0.089466 0.343728
vt 0.707559 0.876838
vt 0.058960 0.319656
vt 0.013799 0.311624
vt 0.726308 0.869190
vt 0.440827 0.343825
vt 0.475145 0.343248
vt 0.440441 0.325988
vt 0.792160 0.321651
vt 0.825559 0.322709
vt 0.403003 0.811915
vt 0.858437 0.323667
vt 0.791726 0.346100
vt 0.824949 0.346567
vt 0.750259 0.320373
vt 0.684110 0.318469
vt 0.608069 0.316532
vt 0.534307 0.314967
vt 0.749634 0.345493
vt 0.683530 0.344679
vt 0.607508 0.343821
vt 0.534026 0.343149
vt 0.076209 0.308236
vt 0.421227 0.322111
vt 0.109628 0.321290
vt 0.483053 0.308635
vt 0.453532 0.309654
vt 0.050693 0.306366
vt 0.473251 0.321009
vt 0.454563 0.319237
vt 0.089881 0.325127
vt 0.075325 0.318043
vt 0.440588 0.304583
vt 0.420964 0.310612
vt 0.109269 0.309505
vt 0.088788 0.303127
vt 0.467317 0.304296
vt 0.063976 0.302404
vt 0.016688 0.133742
vt 0.604741 0.818561
vt 0.057559 0.132079
vt 0.612413 0.837344
vt 0.088545 0.130161
vt 0.630664 0.832026
vt 0.059579 0.154539
vt 0.017204 0.162423
vt 0.628074 0.811919
vt 0.448420 0.133554
vt 0.484257 0.137273
vt 0.446670 0.152091
vt 0.801751 0.199649
vt 0.835173 0.204228
vt 0.805289 0.175029
vt 0.838793 0.180650
vt 0.759444 0.194310
vt 0.692469 0.187100
vt 0.616042 0.179696
vt 0.541708 0.172606
vt 0.762715 0.168794
vt 0.695368 0.160699
vt 0.618794 0.152334
vt 0.544692 0.144067
vt 0.076459 0.165360
vt 0.426508 0.154779
vt 0.109254 0.151836
vt 0.489037 0.173641
vt 0.458916 0.169957
vt 0.051782 0.167402
vt 0.480126 0.160022
vt 0.460750 0.160197
vt 0.089557 0.148488
vt 0.075446 0.155792
vt 0.445249 0.174160
vt 0.425528 0.166652
vt 0.109115 0.163625
vt 0.088871 0.170233
vt 0.472485 0.176556
vt 0.064607 0.171166
vt 0.016450 0.220728
vt 0.675791 0.818840
vt 0.058418 0.221945
vt 0.667951 0.837567
vt 0.089751 0.222814
vt 0.649747 0.832114
vt 0.059976 0.199178
vt 0.017609 0.191688
vt 0.652488 0.811919
vt 0.443457 0.226411
vt 0.478209 0.227185
vt 0.443715 0.208296
vt 0.798960 0.224100
vt 0.832081 0.227783
vt 0.459378 0.811915
vt 0.864040 0.231315
vt 0.796409 0.248511
vt 0.829634 0.251395
vt 0.756615 0.219659
vt 0.690051 0.213473
vt 0.613706 0.207078
vt 0.539279 0.201361
vt 0.754431 0.244923
vt 0.687991 0.239802
vt 0.611664 0.234459
vt 0.537619 0.229845
vt 0.076647 0.187943
vt 0.424349 0.203714
vt 0.109750 0.200652
vt 0.487756 0.192420
vt 0.457629 0.192178
vt 0.051949 0.186461
vt 0.477230 0.204555
vt 0.458308 0.201976
vt 0.090191 0.204479
vt 0.075867 0.197547
vt 0.444631 0.186522
vt 0.424434 0.192011
vt 0.109359 0.188919
vt 0.088974 0.182771
vt 0.471911 0.187282
vt 0.064643 0.182368
vt 0.023335 0.722438
vt 0.023978 0.020003
vt 0.099682 0.741320
vt 0.100462 0.001828
vt 0.587617 0.897435
vt 0.058076 0.733852
vt 0.059187 0.008434
vt 0.591033 0.884060
vt 0.064539 0.030004
vt 0.033282 0.047428
vt 0.102223 0.022203
vt 0.530092 0.021609
vt 0.533214 0.720190
vt 0.437560 0.003034
vt 0.440654 0.738752
vt 0.520260 0.050391
vt 0.479556 0.008450
vt 0.483121 0.732838
vt 0.474844 0.030638
vt 0.436065 0.023271
vt 0.839138 0.103233
vt 0.874317 0.115281
vt 0.847800 0.076461
vt 0.848569 0.666139
vt 0.884070 0.092722
vt 0.885638 0.649986
vt 0.741849 0.085340
vt 0.667011 0.076468
vt 0.592529 0.064993
vt 0.744988 0.058139
vt 0.745952 0.683012
vt 0.670436 0.050219
vt 0.672007 0.690955
vt 0.597622 0.038182
vt 0.600005 0.703194
vt 0.805860 0.065435
vt 0.806410 0.676324
vt 0.800354 0.094030
vt 0.471256 0.052890
vt 0.433690 0.048384
vt 0.067992 0.051373
vt 0.103482 0.047083
vt 0.038885 0.104969
vt 0.107242 0.102137
vt 0.607970 0.862582
vt 0.072151 0.103516
vt 0.597959 0.872073
vt 0.071455 0.083735
vt 0.037941 0.076806
vt 0.106350 0.083978
vt 0.514682 0.111154
vt 0.430277 0.104320
vt 0.515087 0.081332
vt 0.466754 0.106858
vt 0.467882 0.086313
vt 0.431599 0.085897
vt 0.832405 0.128765
vt 0.866935 0.138079
vt 0.826779 0.153453
vt 0.861141 0.160996
vt 0.738398 0.112175
vt 0.663580 0.102991
vt 0.588018 0.092380
vt 0.734862 0.138650
vt 0.660285 0.129677
vt 0.584108 0.120153
vt 0.790596 0.146777
vt 0.795269 0.120873
vt 0.469780 0.064795
vt 0.432622 0.061697
vt 0.069477 0.063231
vt 0.104485 0.060214
vt 0.041189 0.611071
vt 0.109178 0.612054
vt 0.607624 0.946195
vt 0.074372 0.611487
vt 0.597733 0.936589
vt 0.074281 0.631071
vt 0.041497 0.639122
vt 0.108691 0.629980
vt 0.512919 0.602121
vt 0.429693 0.608205
vt 0.513124 0.631718
vt 0.465792 0.605905
vt 0.466687 0.626168
vt 0.430929 0.626368
vt 0.828086 0.588294
vt 0.862669 0.580811
vt 0.823604 0.563836
vt 0.858113 0.557736
vt 0.736086 0.602901
vt 0.661681 0.612030
vt 0.585986 0.621909
vt 0.732749 0.576719
vt 0.658524 0.585277
vt 0.582408 0.594151
vt 0.787707 0.569433
vt 0.791641 0.594960
vt 0.468377 0.647298
vt 0.431917 0.650199
vt 0.072974 0.651265
vt 0.107284 0.653370
vt 0.031571 0.695451
vt 0.103577 0.710231
vt 0.587611 0.911198
vt 0.065184 0.703827
vt 0.590816 0.924611
vt 0.069369 0.683513
vt 0.038331 0.668272
vt 0.105501 0.690469
vt 0.526330 0.691063
vt 0.437372 0.707698
vt 0.517549 0.662320
vt 0.477114 0.701812
vt 0.472967 0.680601
vt 0.435455 0.687871
vt 0.833542 0.613163
vt 0.868544 0.603939
vt 0.840233 0.638837
vt 0.875945 0.627049
vt 0.739435 0.629384
vt 0.665074 0.638590
vt 0.589986 0.649542
vt 0.742915 0.656030
vt 0.668530 0.664923
vt 0.594625 0.676770
vt 0.801246 0.647764
vt 0.796303 0.620885
vt 0.469672 0.658944
vt 0.432990 0.663274
vt 0.071966 0.662876
vt 0.106490 0.666224
vt 0.040904 0.493449
vt 0.110254 0.491502
vt 0.659827 0.953320
vt 0.075126 0.492351
vt 0.646564 0.957118
vt 0.076099 0.512204
vt 0.042887 0.523196
vt 0.110468 0.509320
vt 0.504278 0.485918
vt 0.423525 0.487665
vt 0.502601 0.514695
vt 0.458433 0.487009
vt 0.458318 0.506520
vt 0.424010 0.505113
vt 0.814178 0.491075
vt 0.848885 0.487669
vt 0.812158 0.466893
vt 0.846719 0.464222
vt 0.724631 0.499061
vt 0.650896 0.504818
vt 0.574848 0.510337
vt 0.722758 0.473317
vt 0.649030 0.478009
vt 0.573047 0.482502
vt 0.776735 0.469566
vt 0.778794 0.494414
vt 0.458809 0.526764
vt 0.424240 0.527860
vt 0.076341 0.532575
vt 0.110066 0.532193
vt 0.041744 0.582858
vt 0.110085 0.585394
vt 0.619483 0.953161
vt 0.075178 0.584082
vt 0.632725 0.957027
vt 0.076145 0.564459
vt 0.043182 0.553932
vt 0.110477 0.567464
vt 0.510330 0.573119
vt 0.427724 0.581121
vt 0.504650 0.544595
vt 0.463385 0.578006
vt 0.461173 0.558257
vt 0.426437 0.563160
vt 0.816848 0.515253
vt 0.851485 0.511121
vt 0.819901 0.539503
vt 0.854453 0.534560
vt 0.726906 0.524870
vt 0.653121 0.531627
vt 0.576819 0.538256
vt 0.729653 0.550734
vt 0.655643 0.558445
vt 0.579274 0.566248
vt 0.784294 0.544271
vt 0.781407 0.519279
vt 0.459438 0.537855
vt 0.424773 0.540168
vt 0.076301 0.544180
vt 0.110029 0.544556
vt 0.039369 0.372813
vt 0.109595 0.370884
vt 0.692105 0.911653
vt 0.074195 0.371680
vt 0.688759 0.925038
vt 0.075145 0.391718
vt 0.041504 0.402923
vt 0.109790 0.388806
vt 0.501431 0.371254
vt 0.421416 0.369895
vt 0.498549 0.399631
vt 0.455957 0.370462
vt 0.455136 0.389726
vt 0.421266 0.387173
vt 0.808475 0.394469
vt 0.843013 0.393649
vt 0.808265 0.370398
vt 0.842625 0.370337
vt 0.719458 0.396352
vt 0.645963 0.397747
vt 0.570179 0.399003
vt 0.719157 0.370715
vt 0.645684 0.370986
vt 0.569821 0.371263
vt 0.772914 0.370549
vt 0.773283 0.395289
vt 0.454870 0.409694
vt 0.420857 0.409629
vt 0.075443 0.412290
vt 0.109419 0.411718
vt 0.040412 0.463944
vt 0.110208 0.464833
vt 0.671792 0.946519
vt 0.075042 0.464467
vt 0.681762 0.936979
vt 0.075611 0.444548
vt 0.041870 0.434207
vt 0.110167 0.446960
vt 0.503340 0.457430
vt 0.422723 0.461619
vt 0.499105 0.429159
vt 0.457336 0.459942
vt 0.455986 0.440623
vt 0.422043 0.444231
vt 0.809370 0.418554
vt 0.843883 0.417007
vt 0.810509 0.442721
vt 0.845249 0.440588
vt 0.719969 0.421998
vt 0.646627 0.424487
vt 0.570691 0.426797
vt 0.721177 0.447637
vt 0.647593 0.451233
vt 0.571568 0.454655
vt 0.775217 0.444752
vt 0.774136 0.419994
vt 0.455068 0.420613
vt 0.421015 0.421721
vt 0.075537 0.424015
vt 0.109472 0.424100
vt 0.040007 0.250658
vt 0.109657 0.249816
vt 0.672175 0.862829
vt 0.074565 0.250268
vt 0.682076 0.872454
vt 0.075132 0.270211
vt 0.041231 0.280619
vt 0.109755 0.267707
vt 0.503532 0.256600
vt 0.422864 0.252133
vt 0.499400 0.284965
vt 0.457741 0.253918
vt 0.456200 0.273295
vt 0.422155 0.269590
vt 0.809712 0.298048
vt 0.844340 0.299653
vt 0.811226 0.273977
vt 0.845568 0.276297
vt 0.720749 0.293845
vt 0.647166 0.290736
vt 0.571183 0.287789
vt 0.722047 0.268176
vt 0.648444 0.263930
vt 0.572190 0.259920
vt 0.775967 0.271627
vt 0.774523 0.296352
vt 0.455211 0.293336
vt 0.421117 0.292143
vt 0.075074 0.290811
vt 0.109186 0.290638
vt 0.038946 0.342757
vt 0.109645 0.343982
vt 0.692200 0.897889
vt 0.074106 0.343472
vt 0.688930 0.884480
vt 0.074887 0.323314
vt 0.040781 0.312261
vt 0.109675 0.325999
vt 0.501730 0.342920
vt 0.421360 0.344072
vt 0.498715 0.314558
vt 0.455878 0.343586
vt 0.455226 0.324297
vt 0.421286 0.326766
vt 0.808867 0.322187
vt 0.843509 0.323251
vt 0.808436 0.346324
vt 0.843032 0.346879
vt 0.719630 0.319461
vt 0.646295 0.317494
vt 0.570300 0.315632
vt 0.719189 0.345090
vt 0.645741 0.344228
vt 0.569766 0.343474
vt 0.773167 0.345804
vt 0.773639 0.321072
vt 0.455027 0.304273
vt 0.420899 0.304258
vt 0.075087 0.302601
vt 0.109145 0.303054
vt 0.040019 0.133144
vt 0.108533 0.129056
vt 0.619903 0.855721
vt 0.073467 0.131048
vt 0.633191 0.851953
vt 0.074903 0.150661
vt 0.042310 0.161816
vt 0.109236 0.147101
vt 0.511354 0.140367
vt 0.428123 0.131795
vt 0.505529 0.169119
vt 0.464259 0.135086
vt 0.461859 0.155030
vt 0.426798 0.149975
vt 0.818466 0.201887
vt 0.852614 0.206766
vt 0.822172 0.177777
vt 0.856481 0.183897
vt 0.728645 0.190877
vt 0.654484 0.183399
vt 0.578235 0.176060
vt 0.731652 0.164882
vt 0.657298 0.156533
vt 0.580943 0.148100
vt 0.786515 0.172141
vt 0.783117 0.197196
vt 0.460028 0.175574
vt 0.425125 0.173144
vt 0.075421 0.170886
vt 0.109048 0.170083
vt 0.040623 0.221342
vt 0.109732 0.223158
vt 0.660252 0.855956
vt 0.074581 0.222462
vt 0.647026 0.852058
vt 0.075454 0.202705
vt 0.042541 0.192179
vt 0.109788 0.205352
vt 0.505104 0.228038
vt 0.423770 0.225966
vt 0.503430 0.199191
vt 0.458698 0.226741
vt 0.458782 0.207142
vt 0.424293 0.208431
vt 0.815623 0.225929
vt 0.849736 0.229765
vt 0.813098 0.249948
vt 0.847492 0.253007
vt 0.725952 0.216721
vt 0.652056 0.210252
vt 0.575762 0.204036
vt 0.723664 0.242469
vt 0.650075 0.237091
vt 0.573793 0.231995
vt 0.777924 0.246891
vt 0.780303 0.222095
vt 0.459360 0.186744
vt 0.424535 0.185540
vt 0.075474 0.182442
vt 0.109209 0.182465
vt 0.607127 0.900061
vt 0.609361 0.891722
vt 0.619868 0.878202
vt 0.613719 0.884270
vt 0.619640 0.930654
vt 0.613533 0.924549
vt 0.607082 0.908694
vt 0.609256 0.917053
vt 0.652380 0.935133
vt 0.644042 0.937380
vt 0.627087 0.935024
vt 0.635409 0.937314
vt 0.672633 0.909011
vt 0.670403 0.917354
vt 0.659890 0.930868
vt 0.666036 0.924804
vt 0.660137 0.878410
vt 0.666250 0.884506
vt 0.672691 0.900374
vt 0.670514 0.892016
vt 0.627373 0.873932
vt 0.635710 0.871696
vt 0.652679 0.874057
vt 0.644348 0.871760
vt 0.624179 0.902388
vt 0.625260 0.898393
vt 0.630293 0.891916
vt 0.627348 0.894823
vt 0.630178 0.917057
vt 0.627259 0.914122
vt 0.624155 0.906527
vt 0.625211 0.910528
vt 0.645880 0.919212
vt 0.641878 0.920262
vt 0.633751 0.919149
vt 0.637742 0.920246
vt 0.655587 0.906678
vt 0.654504 0.910674
vt 0.649473 0.917157
vt 0.652412 0.914244
vt 0.649594 0.892007
vt 0.652505 0.894947
vt 0.655613 0.902538
vt 0.654559 0.898537
vt 0.633885 0.889861
vt 0.637887 0.888803
vt 0.646019 0.889917
vt 0.642025 0.888829
vt 0.374827 0.828234
vt 0.459378 0.828234
vt 0.501634 0.828234
vt 0.206212 0.828234
vt 0.544002 0.828234
vt 0.248318 0.828234
vt 0.290528 0.828234
vt 0.332567 0.828234
vt 0.388911 0.828234
vt 0.473439 0.828234
vt 0.515794 0.828234
vt 0.220255 0.828234
vt 0.262393 0.828234
vt 0.304544 0.828234
vt 0.346635 0.828234
vt 0.318536 0.828234
vt 0.276457 0.828234
vt 0.234277 0.828234
vt 0.529931 0.828234
vt 0.487513 0.828234
vt 0.360730 0.828234
vt 0.360730 0.836832
vt 0.374827 0.836832
vt 0.388911 0.836832
vt 0.403003 0.836832
vt 0.417015 0.836832
vt 0.431045 0.836832
vt 0.445206 0.836832
vt 0.459378 0.836832
vt 0.473439 0.836832
vt 0.487513 0.836832
vt 0.501634 0.836832
vt 0.515794 0.836832
vt 0.529931 0.836832
vt 0.206212 0.836832
vt 0.544002 0.836832
vt 0.220255 0.836832
vt 0.234277 0.836832
vt 0.248318 0.836832
vt 0.262393 0.836832
vt 0.276457 0.836832
vt 0.290528 0.836832
vt 0.304544 0.836832
vt 0.318536 0.836832
vt 0.332567 0.836832
vt 0.346635 0.836832
vt 0.001941 0.777835
vt 0.023722 0.861906
vt 0.033628 0.879054
vt 0.001862 0.798608
vt 0.043530 0.881704
vt 0.001871 0.808996
vt 0.907117 0.903850
vt 0.053430 0.879048
vt 0.917521 0.903882
vt 0.060676 0.871798
vt 0.927924 0.903862
vt 0.001875 0.746683
vt 0.969529 0.903871
vt 0.043519 0.842117
vt 0.346635 0.812810
vt 0.858454 0.416252
vt 0.346635 0.811915
vt 0.332567 0.812810
vt 0.860129 0.439675
vt 0.332567 0.811915
vt 0.318536 0.812810
vt 0.861357 0.463122
vt 0.318536 0.811915
vt 0.304544 0.812810
vt 0.863233 0.486191
vt 0.304544 0.811915
vt 0.290528 0.812810
vt 0.866199 0.509345
vt 0.290528 0.811915
vt 0.276457 0.812810
vt 0.868869 0.532549
vt 0.276457 0.811915
vt 0.262393 0.812810
vt 0.248318 0.812810
vt 0.234277 0.812810
vt 0.882781 0.599829
vt 0.234277 0.811915
vt 0.417015 0.828234
vt 0.220255 0.812810
vt 0.206212 0.812810
vt 0.544002 0.812810
vt 0.897172 0.099750
vt 0.898918 0.642957
vt 0.206212 0.811915
vt 0.544002 0.811915
vt 0.529931 0.812810
vt 0.887904 0.120469
vt 0.529931 0.811915
vt 0.515794 0.812810
vt 0.515794 0.811915
vt 0.881006 0.142147
vt 0.501634 0.812810
vt 0.501634 0.811915
vt 0.875220 0.164249
vt 0.487513 0.812810
vt 0.487513 0.811915
vt 0.870523 0.186533
vt 0.473439 0.812810
vt 0.473439 0.811915
vt 0.866605 0.208799
vt 0.459378 0.812810
vt 0.445206 0.812810
vt 0.445206 0.811915
vt 0.862086 0.254324
vt 0.431045 0.812810
vt 0.431045 0.811915
vt 0.859870 0.277278
vt 0.417015 0.812810
vt 0.403003 0.812810
vt 0.388911 0.812810
vt 0.857648 0.347175
vt 0.388911 0.811915
vt 0.374827 0.812810
vt 0.857127 0.370348
vt 0.374827 0.811915
vt 0.360730 0.812810
vt 0.857259 0.393253
vt 0.360730 0.811915
vt 0.431045 0.828234
vt 0.374827 0.969107
vt 0.388911 0.969107
vt 0.403003 0.969107
vt 0.417015 0.969107
vt 0.431045 0.969107
vt 0.445206 0.969107
vt 0.459378 0.969107
vt 0.473439 0.969107
vt 0.487513 0.969107
vt 0.501634 0.969107
vt 0.515794 0.969107
vt 0.529931 0.969107
vt 0.206212 0.969107
vt 0.544002 0.969107
vt 0.220255 0.969107
vt 0.234277 0.969107
vt 0.248318 0.969107
vt 0.262393 0.969107
vt 0.276457 0.969107
vt 0.290528 0.969107
vt 0.304544 0.969107
vt 0.318536 0.969107
vt 0.332567 0.969107
vt 0.346635 0.969107
vt 0.360730 0.969107
vt 0.445206 0.828234
vt 0.403003 0.828234
vt 0.374827 0.934353
vt 0.388911 0.934353
vt 0.403003 0.934353
vt 0.417015 0.934353
vt 0.431045 0.934353
vt 0.445206 0.934353
vt 0.459378 0.934353
vt 0.473439 0.934353
vt 0.487513 0.934353
vt 0.501634 0.934353
vt 0.515794 0.934353
vt 0.529931 0.934353
vt 0.206212 0.934353
vt 0.544002 0.934353
vt 0.220255 0.934353
vt 0.234277 0.934353
vt 0.248318 0.934353
vt 0.262393 0.934353
vt 0.276457 0.934353
vt 0.290528 0.934353
vt 0.304544 0.934353
vt 0.318536 0.934353
vt 0.332567 0.934353
vt 0.346635 0.934353
vt 0.360730 0.934353
vt 0.360730 0.907574
vt 0.374827 0.907574
vt 0.346635 0.907574
vt 0.332567 0.907574
vt 0.318536 0.907574
vt 0.304544 0.907574
vt 0.290528 0.907574
vt 0.276457 0.907574
vt 0.262393 0.907574
vt 0.248318 0.907574
vt 0.234277 0.907574
vt 0.220255 0.907574
vt 0.206212 0.907574
vt 0.544002 0.907574
vt 0.529931 0.907574
vt 0.515794 0.907574
vt 0.501634 0.907574
vt 0.487513 0.907574
vt 0.473439 0.907574
vt 0.459378 0.907574
vt 0.445206 0.907574
vt 0.431045 0.907574
vt 0.417015 0.907574
vt 0.403003 0.907574
vt 0.388911 0.907574
vt 0.346635 0.982208
vt 0.001867 0.867410
vt 0.346635 0.987318
vt 0.332567 0.982208
vt 0.004711 0.878005
vt 0.332567 0.987318
vt 0.318536 0.982208
vt 0.010200 0.887502
vt 0.318536 0.987318
vt 0.304544 0.982208
vt 0.017959 0.895255
vt 0.304544 0.987318
vt 0.290528 0.982208
vt 0.027459 0.900736
vt 0.290528 0.987318
vt 0.276457 0.982208
vt 0.038053 0.903571
vt 0.276457 0.987318
vt 0.262393 0.982208
vt 0.049019 0.903566
vt 0.262393 0.987318
vt 0.248318 0.982208
vt 0.059611 0.900726
vt 0.248318 0.987318
vt 0.234277 0.982208
vt 0.069108 0.895240
vt 0.234277 0.987318
vt 0.220255 0.982208
vt 0.076862 0.887483
vt 0.220255 0.987318
vt 0.206212 0.982208
vt 0.544002 0.982208
vt 0.082346 0.877983
vt 0.206212 0.987318
vt 0.544002 0.987318
vt 0.529931 0.982208
vt 0.085185 0.867387
vt 0.529931 0.987318
vt 0.515794 0.982208
vt 0.085185 0.856417
vt 0.515794 0.987318
vt 0.501634 0.982208
vt 0.082345 0.845821
vt 0.501634 0.987318
vt 0.487513 0.982208
vt 0.076862 0.836323
vt 0.487513 0.987318
vt 0.473439 0.982208
vt 0.069107 0.828655
vt 0.473439 0.987318
vt 0.459378 0.982208
vt 0.059607 0.823569
vt 0.459378 0.987318
vt 0.445206 0.982208
vt 0.049004 0.821231
vt 0.445206 0.987318
vt 0.431045 0.982208
vt 0.038022 0.821229
vt 0.431045 0.987318
vt 0.417015 0.982208
vt 0.027420 0.823577
vt 0.417015 0.987318
vt 0.403003 0.982208
vt 0.017923 0.828669
vt 0.403003 0.987318
vt 0.388911 0.982208
vt 0.010172 0.836342
vt 0.388911 0.987318
vt 0.374827 0.982208
vt 0.004694 0.845842
vt 0.374827 0.987318
vt 0.360730 0.982208
vt 0.001860 0.856440
vt 0.360730 0.987318
vt 0.374827 0.977828
vt 0.388911 0.977828
vt 0.403003 0.977828
vt 0.417015 0.977828
vt 0.431045 0.977828
vt 0.445206 0.977828
vt 0.459378 0.977828
vt 0.473439 0.977828
vt 0.487513 0.977828
vt 0.501634 0.977828
vt 0.515794 0.977828
vt 0.529931 0.977828
vt 0.206212 0.977828
vt 0.544002 0.977828
vt 0.220255 0.977828
vt 0.234277 0.977828
vt 0.248318 0.977828
vt 0.262393 0.977828
vt 0.276457 0.977828
vt 0.290528 0.977828
vt 0.304544 0.977828
vt 0.318536 0.977828
vt 0.332567 0.977828
vt 0.346635 0.977828
vt 0.360730 0.977828
vt 0.009489 0.866390
vt 0.011810 0.875045
vt 0.016294 0.882804
vt 0.022632 0.889139
vt 0.030395 0.893618
vt 0.039052 0.895935
vt 0.048015 0.895934
vt 0.056671 0.893610
vt 0.064431 0.889127
vt 0.070766 0.882789
vt 0.075245 0.875027
vt 0.077562 0.866371
vt 0.077560 0.857409
vt 0.075238 0.848754
vt 0.070756 0.840996
vt 0.064419 0.834723
vt 0.056657 0.830514
vt 0.047998 0.828529
vt 0.039031 0.828533
vt 0.030374 0.830521
vt 0.022614 0.834734
vt 0.016280 0.841011
vt 0.011802 0.848772
vt 0.009486 0.857428
vt 0.388911 0.853939
vt 0.388911 0.877043
vt 0.403003 0.853939
vt 0.403003 0.877043
vt 0.417015 0.853939
vt 0.417015 0.877043
vt 0.431045 0.853939
vt 0.431045 0.877043
vt 0.445206 0.853939
vt 0.445206 0.877043
vt 0.459378 0.853939
vt 0.459378 0.877043
vt 0.473439 0.853939
vt 0.473439 0.877043
vt 0.487513 0.853939
vt 0.487513 0.877043
vt 0.501634 0.853939
vt 0.501634 0.877043
vt 0.515794 0.853939
vt 0.515794 0.877043
vt 0.529931 0.853939
vt 0.529931 0.877043
vt 0.206212 0.853939
vt 0.544002 0.853939
vt 0.206212 0.877043
vt 0.544002 0.877043
vt 0.220255 0.853939
vt 0.220255 0.877043
vt 0.234277 0.853939
vt 0.234277 0.877043
vt 0.248318 0.853939
vt 0.248318 0.877043
vt 0.262393 0.853939
vt 0.262393 0.877043
vt 0.276457 0.853939
vt 0.276457 0.877043
vt 0.290528 0.853939
vt 0.290528 0.877043
vt 0.304544 0.853939
vt 0.304544 0.877043
vt 0.318536 0.853939
vt 0.318536 0.877043
vt 0.332567 0.853939
vt 0.332567 0.877043
vt 0.346635 0.853939
vt 0.346635 0.877043
vt 0.374827 0.853939
vt 0.374827 0.877043
vt 0.360730 0.853939
vt 0.360730 0.877043
vt 0.360730 0.955370
vt 0.346635 0.955370
vt 0.332567 0.955370
vt 0.318536 0.955370
vt 0.304544 0.955370
vt 0.290528 0.955370
vt 0.276457 0.955370
vt 0.262393 0.955370
vt 0.248318 0.955370
vt 0.234277 0.955370
vt 0.220255 0.955370
vt 0.206212 0.955370
vt 0.544002 0.955370
vt 0.529931 0.955370
vt 0.515794 0.955370
vt 0.501634 0.955370
vt 0.487513 0.955370
vt 0.473439 0.955370
vt 0.459378 0.955370
vt 0.445206 0.955370
vt 0.431045 0.955370
vt 0.417015 0.955370
vt 0.403003 0.955370
vt 0.388911 0.955370
vt 0.374827 0.955370
vt 0.018431 0.865211
vt 0.018429 0.858603
vt 0.020142 0.871592
vt 0.023449 0.877314
vt 0.028121 0.881984
vt 0.033845 0.885286
vt 0.040227 0.886996
vt 0.046836 0.886994
vt 0.053216 0.885281
vt 0.058939 0.881976
vt 0.063608 0.877303
vt 0.066911 0.871579
vt 0.068619 0.865197
vt 0.068618 0.858589
vt 0.066906 0.852208
vt 0.063600 0.846485
vt 0.058929 0.841836
vt 0.053208 0.838633
vt 0.046825 0.837051
vt 0.040209 0.837053
vt 0.033827 0.838638
vt 0.028108 0.841845
vt 0.023440 0.846497
vt 0.020137 0.852221
vt 0.374827 0.972794
vt 0.360730 0.972794
vt 0.346635 0.972794
vt 0.332567 0.972794
vt 0.318536 0.972794
vt 0.304544 0.972794
vt 0.290528 0.972794
vt 0.276457 0.972794
vt 0.262393 0.972794
vt 0.248318 0.972794
vt 0.234277 0.972794
vt 0.220255 0.972794
vt 0.206212 0.972794
vt 0.544002 0.972794
vt 0.529931 0.972794
vt 0.515794 0.972794
vt 0.501634 0.972794
vt 0.487513 0.972794
vt 0.473439 0.972794
vt 0.459378 0.972794
vt 0.445206 0.972794
vt 0.431045 0.972794
vt 0.417015 0.972794
vt 0.403003 0.972794
vt 0.388911 0.972794
vt 0.938327 0.903830
vt 0.063327 0.861895
vt 0.729091 0.807315
vt 0.909053 0.175795
vt 0.919531 0.174997
vt 0.908700 0.106309
vt 0.940351 0.106246
vt 0.921688 0.106246
vt 0.799120 0.814406
vt 0.901559 0.106010
vt 0.743247 0.808779
vt 0.907463 0.161729
vt 0.759098 0.811278
vt 0.904886 0.145930
vt 0.774463 0.813515
vt 0.902576 0.130610
vt 0.790449 0.814539
vt 0.901477 0.114676
vt 0.917007 0.160191
vt 0.913929 0.144812
vt 0.911132 0.129937
vt 0.909025 0.114558
vt 0.928671 0.155299
vt 0.927135 0.144796
vt 0.924469 0.129953
vt 0.922160 0.114534
vt 0.940459 0.155526
vt 0.940436 0.145030
vt 0.940404 0.130169
vt 0.940370 0.114615
vt 0.940523 0.270976
vt 0.940435 0.362829
vt 0.940279 0.454778
vt 0.940040 0.546682
vt 0.939722 0.638537
vt 0.939316 0.730343
vt 0.938831 0.822094
vt 0.634141 0.807079
vt 0.909305 0.270799
vt 0.542278 0.807143
vt 0.909189 0.362721
vt 0.450464 0.807268
vt 0.909029 0.454656
vt 0.358695 0.807467
vt 0.908788 0.546544
vt 0.266978 0.807757
vt 0.908466 0.638382
vt 0.175310 0.808129
vt 0.908060 0.730169
vt 0.083696 0.808589
vt 0.907584 0.821904
vt 0.919712 0.270853
vt 0.919603 0.362769
vt 0.919447 0.454705
vt 0.919213 0.546596
vt 0.918890 0.638438
vt 0.918481 0.730230
vt 0.917995 0.821967
vt 0.928410 0.822032
vt 0.928898 0.730289
vt 0.929306 0.638492
vt 0.929629 0.546643
vt 0.929865 0.454748
vt 0.930013 0.362806
vt 0.930119 0.270916
vt 0.928848 0.005803
vt 0.924339 0.007357
vt 0.898940 0.793359
vt 0.923323 0.006295
vt 0.940284 0.004686
vt 0.940305 0.003507
vt 0.928732 0.004632
vt 0.903492 0.782671
vt 0.933955 0.001869
vt 0.904034 0.775919
vt 0.940571 0.002057
vt 0.842847 0.808125
vt 0.907847 0.062262
vt 0.814839 0.812820
vt 0.903104 0.090261
vt 0.806957 0.813800
vt 0.902131 0.098157
vt 0.940227 0.063431
vt 0.940310 0.091094
vt 0.940331 0.098709
vt 0.921961 0.098753
vt 0.912806 0.063143
vt 0.909537 0.091097
vt 0.908961 0.098792
vt 0.895116 0.795984
vt 0.920518 0.010077
vt 0.940470 0.012582
vt 0.934709 0.012049
vt 0.922265 0.010980
vt 0.940528 0.180493
vt 0.930354 0.167886
vt 0.933336 0.175285
vt 0.940488 0.167323
vt 0.926694 0.173688
vt 0.924947 0.008070
vt 0.911813 0.106231
vt 0.912243 0.114317
vt 0.915078 0.129518
vt 0.918653 0.143846
vt 0.922549 0.158626
vt 0.915049 0.063352
vt 0.912496 0.091267
vt 0.912028 0.098855
vt 0.923336 0.010866
vt 0.940540 0.188784
vt 0.930763 0.183958
vt 0.026378 0.871808
vt 0.001900 0.788221
vt 0.729727 0.797020
vt 0.798792 0.807274
vt 0.798747 0.775981
vt 0.798791 0.794736
vt 0.744148 0.798729
vt 0.760036 0.801852
vt 0.775091 0.804934
vt 0.790530 0.806983
vt 0.749541 0.787777
vt 0.760067 0.789316
vt 0.774962 0.791977
vt 0.790464 0.794277
vt 0.749304 0.775964
vt 0.759820 0.775971
vt 0.774722 0.775978
vt 0.790343 0.775981
vt 0.634095 0.775874
vt 0.542301 0.775925
vt 0.450450 0.776048
vt 0.358647 0.776253
vt 0.266891 0.776537
vt 0.175184 0.776910
vt 0.083540 0.777363
vt 0.634145 0.796673
vt 0.542296 0.796733
vt 0.450468 0.796862
vt 0.358687 0.797062
vt 0.266954 0.797352
vt 0.175272 0.797724
vt 0.083645 0.798176
vt 0.083594 0.787773
vt 0.175231 0.787317
vt 0.266927 0.786944
vt 0.358669 0.786655
vt 0.450463 0.786453
vt 0.542304 0.786331
vt 0.634129 0.786273
vt 0.898661 0.787751
vt 0.897739 0.792169
vt 0.899663 0.776138
vt 0.901917 0.776178
vt 0.900649 0.787849
vt 0.841741 0.776019
vt 0.813963 0.775988
vt 0.806316 0.775983
vt 0.859342 0.783706
vt 0.813944 0.794076
vt 0.806315 0.794438
vt 0.841999 0.803156
vt 0.814002 0.806382
vt 0.806306 0.806978
vt 0.892544 0.776064
vt 0.892830 0.781810
vt 0.894258 0.794156
vt 0.724334 0.775928
vt 0.736940 0.786094
vt 0.729540 0.783112
vt 0.737496 0.775949
vt 0.731134 0.789756
vt 0.896748 0.791829
vt 0.798835 0.804708
vt 0.790701 0.804271
vt 0.775402 0.801425
vt 0.761020 0.797826
vt 0.746212 0.793912
vt 0.841843 0.801271
vt 0.813866 0.803910
vt 0.806252 0.804422
vt 0.893514 0.793251
vt 0.716063 0.775912
vt 0.720874 0.785684
vt 0.959129 0.903827
vt 0.053422 0.844748
vt 0.948730 0.903814
vt 0.060671 0.851993
vt 0.728490 0.744699
vt 0.971819 0.176430
vt 0.961404 0.175412
vt 0.971991 0.106172
vt 0.959009 0.106165
vt 0.799115 0.737564
vt 0.979130 0.105838
vt 0.743301 0.743227
vt 0.973469 0.161622
vt 0.759101 0.740718
vt 0.975988 0.145788
vt 0.774448 0.738464
vt 0.978226 0.130454
vt 0.790437 0.737434
vt 0.979254 0.114509
vt 0.963938 0.160116
vt 0.967387 0.144759
vt 0.969671 0.129820
vt 0.971709 0.114427
vt 0.952249 0.155252
vt 0.953739 0.144745
vt 0.956335 0.129891
vt 0.958577 0.114460
vt 0.634127 0.744697
vt 0.971721 0.270837
vt 0.542219 0.744705
vt 0.971684 0.362803
vt 0.450349 0.744823
vt 0.971529 0.454793
vt 0.358524 0.745030
vt 0.971291 0.546737
vt 0.266750 0.745322
vt 0.970976 0.638632
vt 0.175026 0.745695
vt 0.970572 0.730475
vt 0.083355 0.746147
vt 0.970076 0.822267
vt 0.961317 0.270885
vt 0.961266 0.362822
vt 0.961109 0.454799
vt 0.960871 0.546725
vt 0.960551 0.638605
vt 0.960150 0.730435
vt 0.959661 0.822211
vt 0.949247 0.822155
vt 0.949732 0.730392
vt 0.950138 0.638574
vt 0.950455 0.546709
vt 0.950694 0.454793
vt 0.950858 0.362831
vt 0.950931 0.270934
vt 0.951638 0.008013
vt 0.956140 0.010557
vt 0.896120 0.758486
vt 0.957556 0.009490
vt 0.951741 0.007005
vt 0.902520 0.769508
vt 0.946939 0.003081
vt 0.842500 0.743836
vt 0.972680 0.062499
vt 0.814824 0.739151
vt 0.977510 0.090117
vt 0.806957 0.738170
vt 0.978520 0.097987
vt 0.958697 0.098676
vt 0.967714 0.063410
vt 0.971079 0.090986
vt 0.971690 0.098655
vt 0.892340 0.756089
vt 0.960045 0.013030
vt 0.946172 0.013160
vt 0.958181 0.013906
vt 0.950609 0.167839
vt 0.947679 0.175245
vt 0.954287 0.173610
vt 0.955815 0.011461
vt 0.968878 0.106108
vt 0.968494 0.114200
vt 0.965731 0.129419
vt 0.962224 0.143763
vt 0.958372 0.158555
vt 0.965427 0.063640
vt 0.968118 0.091170
vt 0.968628 0.098733
vt 0.957518 0.014035
vt 0.950322 0.183912
vt 0.001934 0.757067
vt 0.033616 0.844754
vt 0.001957 0.767449
vt 0.026371 0.852003
vt 0.729868 0.754903
vt 0.798787 0.744695
vt 0.798790 0.757226
vt 0.744178 0.753214
vt 0.760043 0.750120
vt 0.775080 0.747034
vt 0.790520 0.744983
vt 0.749554 0.764150
vt 0.760071 0.762636
vt 0.774959 0.759979
vt 0.790460 0.757682
vt 0.634130 0.755091
vt 0.542255 0.755115
vt 0.450391 0.755234
vt 0.358573 0.755442
vt 0.266802 0.755727
vt 0.175082 0.756097
vt 0.083420 0.756552
vt 0.083481 0.766958
vt 0.175136 0.766503
vt 0.266850 0.766130
vt 0.358611 0.765847
vt 0.450425 0.765644
vt 0.542284 0.765520
vt 0.634121 0.765472
vt 0.897145 0.764748
vt 0.895019 0.759961
vt 0.898642 0.764511
vt 0.859071 0.768376
vt 0.813916 0.757903
vt 0.806313 0.757530
vt 0.841626 0.748822
vt 0.813981 0.745593
vt 0.806304 0.744993
vt 0.892197 0.769941
vt 0.891677 0.757889
vt 0.736968 0.765819
vt 0.729568 0.768771
vt 0.731186 0.762153
vt 0.894385 0.760762
vt 0.798829 0.747260
vt 0.790690 0.747687
vt 0.775394 0.750542
vt 0.761023 0.754135
vt 0.746234 0.758027
vt 0.841453 0.750761
vt 0.813841 0.748068
vt 0.806248 0.747548
vt 0.891599 0.758964
vt 0.720909 0.766152
vt 0.934329 0.003440
vt 0.902184 0.788544
vt 0.928104 0.003096
vt 0.934193 0.004821
vt 0.929076 0.011639
vt 0.923841 0.063319
vt 0.922297 0.091154
vt 0.902010 0.782337
vt 0.899646 0.782336
vt 0.893038 0.787493
vt 0.841865 0.792457
vt 0.859278 0.775953
vt 0.946695 0.004586
vt 0.900247 0.763691
vt 0.952577 0.005467
vt 0.946564 0.005822
vt 0.951847 0.013765
vt 0.956606 0.063672
vt 0.958319 0.091105
vt 0.901112 0.770016
vt 0.898788 0.770015
vt 0.891833 0.764663
vt 0.841451 0.759589
vt 0.948778 0.048117
vt 0.931684 0.047618
vt 0.940228 0.047861
vt 0.721299 0.755471
vt 0.721126 0.745065
vt 0.971421 0.183757
vt 0.961020 0.183541
vt 0.720274 0.796576
vt 0.720080 0.806873
vt 0.909456 0.184766
vt 0.919991 0.184572
vt 0.360730 0.820522
vt 0.346635 0.820522
vt 0.332567 0.820522
vt 0.318536 0.820522
vt 0.304544 0.820522
vt 0.290528 0.820522
vt 0.276457 0.820522
vt 0.262393 0.820522
vt 0.248318 0.820522
vt 0.234277 0.820522
vt 0.220255 0.820522
vt 0.206212 0.820522
vt 0.544002 0.820522
vt 0.529931 0.820522
vt 0.515794 0.820522
vt 0.501634 0.820522
vt 0.487513 0.820522
vt 0.473439 0.820522
vt 0.459378 0.820522
vt 0.388911 0.820522
vt 0.374827 0.820522
vt 0.431045 0.820522
vt 0.445206 0.820522
vt 0.417015 0.820522
vt 0.403003 0.820522
vt 0.877864 0.801165
vt 0.915112 0.027306
vt 0.926896 0.028725
vt 0.918205 0.028099
vt 0.919810 0.028364
vt 0.876311 0.776004
vt 0.876617 0.789456
vt 0.877154 0.798037
vt 0.876956 0.796605
vt 0.877260 0.751048
vt 0.965281 0.027887
vt 0.953620 0.029129
vt 0.962176 0.028756
vt 0.960694 0.029000
vt 0.876270 0.762695
vt 0.876527 0.754080
vt 0.876376 0.755626
vt 0.876449 0.783405
vt 0.876266 0.768568
vt 0.947345 0.029114
vt 0.933153 0.028900
vt 0.940258 0.029037
f 238/238 194/194 197/197
f 238/238 197/197 241/241
f 98/98 233/233 703/703
f 98/98 703/703 601/601
f 602/602 610/610 108/108
f 602/602 108/108 99/99
f 154/154 106/106 109/109
f 154/154 109/109 157/157
f 605/605 705/705 236/236
f 605/605 236/236 103/103
f 103/103 106/106 608/608
f 103/103 608/608 605/605
f 606/606 706/706 237/237
f 606/606 237/237 104/104
f 104/104 237/237 704/704
f 104/104 704/704 603/603
f 604/604 611/611 141/141
f 604/604 141/141 105/105
f 105/105 141/141 609/609
f 105/105 609/609 607/607
f 144/144 640/640 642/642
f 144/144 642/642 145/145
f 973/973 979/979 705/705
f 973/973 705/705 605/605
f 605/605 608/608 974/974
f 605/605 974/974 973/973
f 138/138 178/178 649/649
f 138/138 649/649 610/610
f 601/601 703/703 235/235
f 601/601 235/235 101/101
f 101/101 235/235 706/706
f 101/101 706/706 606/606
f 607/607 609/609 107/107
f 607/607 107/107 102/102
f 102/102 107/107 610/610
f 102/102 610/610 602/602
f 976/976 974/974 608/608
f 976/976 608/608 647/647
f 609/609 141/141 7/7
f 609/609 7/7 142/142
f 107/107 609/609 142/142
f 107/107 142/142 9/9
f 9/9 138/138 610/610
f 9/9 610/610 107/107
f 610/610 649/649 156/156
f 610/610 156/156 108/108
f 152/152 154/154 157/157
f 152/152 157/157 150/150
f 647/647 608/608 106/106
f 647/647 106/106 154/154
f 614/614 620/620 611/611
f 614/614 611/611 604/604
f 141/141 611/611 135/135
f 141/141 135/135 7/7
f 618/618 714/714 243/243
f 618/618 243/243 113/113
f 727/727 247/247 118/118
f 727/727 118/118 637/637
f 113/113 243/243 711/711
f 113/113 711/711 613/613
f 612/612 616/616 139/139
f 612/612 139/139 112/112
f 115/115 161/161 668/668
f 115/115 668/668 638/638
f 112/112 139/139 619/619
f 112/112 619/619 617/617
f 621/621 657/657 161/161
f 621/621 161/161 115/115
f 616/616 653/653 176/176
f 616/616 176/176 136/136
f 8/8 139/139 616/616
f 8/8 616/616 136/136
f 615/615 712/712 242/242
f 615/615 242/242 111/111
f 111/111 242/242 714/714
f 111/111 714/714 618/618
f 617/617 619/619 114/114
f 617/617 114/114 110/110
f 110/110 114/114 620/620
f 110/110 620/620 614/614
f 619/619 139/139 8/8
f 619/619 8/8 140/140
f 114/114 619/619 140/140
f 114/114 140/140 6/6
f 620/620 114/114 6/6
f 620/620 6/6 134/134
f 116/116 162/162 657/657
f 116/116 657/657 621/621
f 621/621 623/623 119/119
f 621/621 119/119 116/116
f 116/116 119/119 625/625
f 116/116 625/625 622/622
f 622/622 658/658 162/162
f 622/622 162/162 116/116
f 115/115 117/117 623/623
f 115/115 623/623 621/621
f 622/622 625/625 1108/1108
f 622/622 1108/1108 1113/1113
f 247/247 719/719 624/624
f 247/247 624/624 118/118
f 930/930 660/660 1120/1120
f 930/930 1120/1120 1123/1123
f 719/719 248/248 120/120
f 719/719 120/120 624/624
f 248/248 720/720 626/626
f 248/248 626/626 120/120
f 720/720 249/249 1109/1109
f 720/720 1109/1109 626/626
f 630/630 627/627 122/122
f 630/630 122/122 127/127
f 165/165 661/661 627/627
f 165/165 627/627 121/121
f 661/661 166/166 122/122
f 661/661 122/122 627/627
f 632/632 628/628 123/123
f 632/632 123/123 129/129
f 125/125 121/121 627/627
f 125/125 627/627 630/630
f 166/166 662/662 628/628
f 166/166 628/628 122/122
f 662/662 167/167 123/123
f 662/662 123/123 628/628
f 634/634 629/629 124/124
f 634/634 124/124 131/131
f 127/127 122/122 628/628
f 127/127 628/628 632/632
f 167/167 663/663 629/629
f 167/167 629/629 123/123
f 663/663 168/168 124/124
f 663/663 124/124 629/629
f 128/128 256/256 724/724
f 128/128 724/724 631/631
f 129/129 123/123 629/629
f 129/129 629/629 634/634
f 130/130 257/257 725/725
f 130/130 725/725 633/633
f 631/631 724/724 255/255
f 631/631 255/255 126/126
f 132/132 258/258 726/726
f 132/132 726/726 635/635
f 633/633 725/725 256/256
f 633/633 256/256 128/128
f 613/613 711/711 258/258
f 613/613 258/258 132/132
f 635/635 726/726 257/257
f 635/635 257/257 130/130
f 124/124 616/616 612/612
f 124/124 612/612 131/131
f 638/638 636/636 117/117
f 638/638 117/117 115/115
f 255/255 727/727 637/637
f 255/255 637/637 126/126
f 121/121 125/125 636/636
f 121/121 636/636 638/638
f 638/638 668/668 165/165
f 638/638 165/165 121/121
f 2/2 137/137 639/639
f 2/2 639/639 143/143
f 137/137 3/3 147/147
f 137/137 147/147 639/639
f 124/124 168/168 653/653
f 124/124 653/653 616/616
f 669/669 639/639 147/147
f 669/669 147/147 187/187
f 144/144 2/2 143/143
f 144/144 143/143 640/640
f 183/183 143/143 639/639
f 183/183 639/639 669/669
f 670/670 640/640 143/143
f 670/670 143/143 183/183
f 642/642 672/672 186/186
f 642/642 186/186 146/146
f 4/4 133/133 641/641
f 4/4 641/641 148/148
f 133/133 5/5 146/146
f 133/133 146/146 641/641
f 187/187 176/176 16/16
f 187/187 16/16 11/11
f 671/671 641/641 146/146
f 671/671 146/146 186/186
f 185/185 175/175 15/15
f 185/185 15/15 13/13
f 146/146 5/5 145/145
f 146/146 145/145 642/642
f 5/5 7/7 135/135
f 5/5 135/135 145/145
f 188/188 148/148 641/641
f 188/188 641/641 671/671
f 145/145 135/135 134/134
f 145/145 134/134 144/144
f 3/3 8/8 136/136
f 3/3 136/136 147/147
f 656/656 650/650 175/175
f 656/656 175/175 174/174
f 148/148 138/138 9/9
f 148/148 9/9 4/4
f 11/11 16/16 180/180
f 11/11 180/180 177/177
f 6/6 140/140 137/137
f 6/6 137/137 2/2
f 544/544 545/545 920/920
f 544/544 920/920 926/926
f 9/9 142/142 133/133
f 9/9 133/133 4/4
f 137/137 140/140 8/8
f 137/137 8/8 3/3
f 14/14 174/174 184/184
f 14/14 184/184 10/10
f 133/133 142/142 7/7
f 133/133 7/7 5/5
f 527/527 524/524 522/522
f 527/527 522/522 520/520
f 197/197 194/194 192/192
f 197/197 192/192 190/190
f 149/149 156/156 649/649
f 149/149 649/649 643/643
f 643/643 913/913 519/519
f 643/643 519/519 149/149
f 152/152 522/522 915/915
f 152/152 915/915 645/645
f 645/645 647/647 154/154
f 645/645 154/154 152/152
f 153/153 523/523 916/916
f 153/153 916/916 646/646
f 646/646 648/648 181/181
f 646/646 181/181 153/153
f 153/153 181/181 650/650
f 153/153 650/650 644/644
f 644/644 914/914 523/523
f 644/644 523/523 153/153
f 672/672 670/670 184/184
f 672/672 184/184 185/185
f 975/975 976/976 647/647
f 975/975 647/647 645/645
f 645/645 915/915 993/993
f 645/645 993/993 975/975
f 151/151 521/521 913/913
f 151/151 913/913 643/643
f 643/643 649/649 155/155
f 643/643 155/155 151/151
f 151/151 155/155 648/648
f 151/151 648/648 646/646
f 646/646 916/916 521/521
f 646/646 521/521 151/151
f 155/155 17/17 182/182
f 155/155 182/182 648/648
f 648/648 182/182 15/15
f 648/648 15/15 181/181
f 17/17 155/155 649/649
f 17/17 649/649 178/178
f 181/181 15/15 175/175
f 181/181 175/175 650/650
f 656/656 652/652 644/644
f 656/656 644/644 650/650
f 159/159 529/529 924/924
f 159/159 924/924 654/654
f 937/937 667/667 163/163
f 937/937 163/163 533/533
f 776/776 770/770 341/341
f 776/776 341/341 340/340
f 159/159 179/179 653/653
f 159/159 653/653 651/651
f 651/651 921/921 529/529
f 651/651 529/529 159/159
f 654/654 655/655 179/179
f 654/654 179/179 159/159
f 657/657 659/659 163/163
f 657/657 163/163 161/161
f 16/16 176/176 653/653
f 16/16 653/653 179/179
f 158/158 528/528 922/922
f 158/158 922/922 652/652
f 652/652 656/656 160/160
f 652/652 160/160 158/158
f 158/158 160/160 655/655
f 158/158 655/655 654/654
f 654/654 924/924 528/528
f 654/654 528/528 158/158
f 160/160 14/14 180/180
f 160/160 180/180 655/655
f 655/655 180/180 16/16
f 655/655 16/16 179/179
f 656/656 174/174 14/14
f 656/656 14/14 160/160
f 658/658 660/660 164/164
f 658/658 164/164 162/162
f 162/162 164/164 659/659
f 162/162 659/659 657/657
f 533/533 163/163 659/659
f 533/533 659/659 929/929
f 1117/1117 1120/1120 660/660
f 1117/1117 660/660 658/658
f 534/534 164/164 660/660
f 534/534 660/660 930/930
f 929/929 659/659 164/164
f 929/929 164/164 534/534
f 780/780 1097/1097 207/207
f 780/780 207/207 690/690
f 664/664 170/170 166/166
f 664/664 166/166 661/661
f 665/665 171/171 167/167
f 665/665 167/167 662/662
f 169/169 664/664 661/661
f 169/169 661/661 165/165
f 666/666 172/172 168/168
f 666/666 168/168 663/663
f 170/170 665/665 662/662
f 170/170 662/662 166/166
f 664/664 934/934 540/540
f 664/664 540/540 170/170
f 171/171 666/666 663/663
f 171/171 663/663 167/167
f 665/665 935/935 541/541
f 665/665 541/541 171/171
f 169/169 539/539 934/934
f 169/169 934/934 664/664
f 666/666 936/936 542/542
f 666/666 542/542 172/172
f 170/170 540/540 935/935
f 170/170 935/935 665/665
f 172/172 542/542 921/921
f 172/172 921/921 651/651
f 171/171 541/541 936/936
f 171/171 936/936 666/666
f 651/651 653/653 168/168
f 651/651 168/168 172/172
f 165/165 668/668 667/667
f 165/165 667/667 169/169
f 539/539 169/169 667/667
f 539/539 667/667 937/937
f 668/668 161/161 163/163
f 668/668 163/163 667/667
f 10/10 183/183 669/669
f 10/10 669/669 177/177
f 177/177 669/669 187/187
f 177/177 187/187 11/11
f 184/184 670/670 183/183
f 184/184 183/183 10/10
f 12/12 188/188 671/671
f 12/12 671/671 173/173
f 173/173 671/671 186/186
f 173/173 186/186 13/13
f 640/640 670/670 672/672
f 640/640 672/672 642/642
f 186/186 672/672 185/185
f 186/186 185/185 13/13
f 174/174 175/175 185/185
f 174/174 185/185 184/184
f 218/218 219/219 680/680
f 218/218 680/680 686/686
f 136/136 176/176 187/187
f 136/136 187/187 147/147
f 17/17 178/178 188/188
f 17/17 188/188 12/12
f 188/188 178/178 138/138
f 188/188 138/138 148/148
f 177/177 180/180 14/14
f 177/177 14/14 10/10
f 13/13 15/15 182/182
f 13/13 182/182 173/173
f 173/173 182/182 17/17
f 173/173 17/17 12/12
f 228/228 218/218 22/22
f 228/228 22/22 18/18
f 320/320 280/280 283/283
f 320/320 283/283 323/323
f 189/189 315/315 763/763
f 189/189 763/763 673/673
f 673/673 679/679 196/196
f 673/673 196/196 189/189
f 103/103 236/236 234/234
f 103/103 234/234 100/100
f 675/675 765/765 318/318
f 675/675 318/318 192/192
f 192/192 194/194 677/677
f 192/192 677/677 675/675
f 676/676 766/766 319/319
f 676/676 319/319 193/193
f 193/193 319/319 764/764
f 193/193 764/764 674/674
f 674/674 680/680 225/225
f 674/674 225/225 193/193
f 193/193 225/225 678/678
f 193/193 678/678 676/676
f 228/228 700/700 702/702
f 228/228 702/702 229/229
f 977/977 983/983 765/765
f 977/977 765/765 675/675
f 675/675 677/677 978/978
f 675/675 978/978 977/977
f 222/222 264/264 709/709
f 222/222 709/709 679/679
f 673/673 763/763 317/317
f 673/673 317/317 191/191
f 191/191 317/317 766/766
f 191/191 766/766 676/676
f 676/676 678/678 195/195
f 676/676 195/195 191/191
f 191/191 195/195 679/679
f 191/191 679/679 673/673
f 980/980 978/978 677/677
f 980/980 677/677 707/707
f 678/678 225/225 23/23
f 678/678 23/23 226/226
f 195/195 678/678 226/226
f 195/195 226/226 25/25
f 25/25 222/222 679/679
f 25/25 679/679 195/195
f 679/679 709/709 240/240
f 679/679 240/240 196/196
f 236/236 238/238 241/241
f 236/236 241/241 234/234
f 707/707 677/677 194/194
f 707/707 194/194 238/238
f 682/682 686/686 680/680
f 682/682 680/680 674/674
f 225/225 680/680 219/219
f 225/225 219/219 23/23
f 684/684 774/774 325/325
f 684/684 325/325 199/199
f 787/787 329/329 205/205
f 787/787 205/205 697/697
f 199/199 325/325 771/771
f 199/199 771/771 681/681
f 681/681 683/683 223/223
f 681/681 223/223 199/199
f 201/201 245/245 728/728
f 201/201 728/728 698/698
f 199/199 223/223 685/685
f 199/199 685/685 684/684
f 687/687 717/717 245/245
f 687/687 245/245 201/201
f 683/683 713/713 262/262
f 683/683 262/262 220/220
f 24/24 223/223 683/683
f 24/24 683/683 220/220
f 682/682 772/772 324/324
f 682/682 324/324 198/198
f 198/198 324/324 774/774
f 198/198 774/774 684/684
f 684/684 685/685 200/200
f 684/684 200/200 198/198
f 198/198 200/200 686/686
f 198/198 686/686 682/682
f 685/685 223/223 24/24
f 685/685 24/24 224/224
f 200/200 685/685 224/224
f 200/200 224/224 22/22
f 686/686 200/200 22/22
f 686/686 22/22 218/218
f 202/202 246/246 717/717
f 202/202 717/717 687/687
f 687/687 689/689 206/206
f 687/687 206/206 202/202
f 202/202 206/206 690/690
f 202/202 690/690 688/688
f 688/688 718/718 246/246
f 688/688 246/246 202/202
f 203/203 1102/1102 718/718
f 203/203 718/718 688/688
f 688/688 690/690 207/207
f 688/688 207/207 203/203
f 329/329 779/779 689/689
f 329/329 689/689 205/205
f 201/201 205/205 689/689
f 201/201 689/689 687/687
f 779/779 330/330 206/206
f 779/779 206/206 689/689
f 330/330 780/780 690/690
f 330/330 690/690 206/206
f 694/694 691/691 210/210
f 694/694 210/210 214/214
f 1091/1091 1094/1094 778/778
f 1091/1091 778/778 748/748
f 251/251 721/721 691/691
f 251/251 691/691 209/209
f 721/721 252/252 210/210
f 721/721 210/210 691/691
f 695/695 692/692 211/211
f 695/695 211/211 215/215
f 213/213 209/209 691/691
f 213/213 691/691 694/694
f 252/252 722/722 692/692
f 252/252 692/692 210/210
f 722/722 253/253 211/211
f 722/722 211/211 692/692
f 696/696 693/693 212/212
f 696/696 212/212 216/216
f 214/214 210/210 692/692
f 214/214 692/692 695/695
f 253/253 723/723 693/693
f 253/253 693/693 211/211
f 723/723 254/254 212/212
f 723/723 212/212 693/693
f 214/214 336/336 784/784
f 214/214 784/784 694/694
f 215/215 211/211 693/693
f 215/215 693/693 696/696
f 215/215 337/337 785/785
f 215/215 785/785 695/695
f 694/694 784/784 335/335
f 694/694 335/335 213/213
f 216/216 338/338 786/786
f 216/216 786/786 696/696
f 695/695 785/785 336/336
f 695/695 336/336 214/214
f 681/681 771/771 338/338
f 681/681 338/338 216/216
f 696/696 786/786 337/337
f 696/696 337/337 215/215
f 212/212 683/683 681/681
f 212/212 681/681 216/216
f 698/698 697/697 205/205
f 698/698 205/205 201/201
f 335/335 787/787 697/697
f 335/335 697/697 213/213
f 209/209 213/213 697/697
f 209/209 697/697 698/698
f 698/698 728/728 251/251
f 698/698 251/251 209/209
f 18/18 221/221 699/699
f 18/18 699/699 227/227
f 221/221 19/19 231/231
f 221/221 231/231 699/699
f 212/212 254/254 713/713
f 212/212 713/713 683/683
f 729/729 699/699 231/231
f 729/729 231/231 273/273
f 228/228 18/18 227/227
f 228/228 227/227 700/700
f 269/269 227/227 699/699
f 269/269 699/699 729/729
f 730/730 700/700 227/227
f 730/730 227/227 269/269
f 702/702 732/732 272/272
f 702/702 272/272 230/230
f 20/20 217/217 701/701
f 20/20 701/701 232/232
f 217/217 21/21 230/230
f 217/217 230/230 701/701
f 273/273 262/262 32/32
f 273/273 32/32 27/27
f 731/731 701/701 230/230
f 731/731 230/230 272/272
f 271/271 261/261 31/31
f 271/271 31/31 29/29
f 230/230 21/21 229/229
f 230/230 229/229 702/702
f 21/21 23/23 219/219
f 21/21 219/219 229/229
f 274/274 232/232 701/701
f 274/274 701/701 731/731
f 229/229 219/219 218/218
f 229/229 218/218 228/228
f 19/19 24/24 220/220
f 19/19 220/220 231/231
f 704/704 712/712 615/615
f 704/704 615/615 603/603
f 232/232 222/222 25/25
f 232/232 25/25 20/20
f 27/27 32/32 266/266
f 27/27 266/266 263/263
f 22/22 224/224 221/221
f 22/22 221/221 18/18
f 732/732 730/730 270/270
f 732/732 270/270 271/271
f 25/25 226/226 217/217
f 25/25 217/217 20/20
f 221/221 224/224 24/24
f 221/221 24/24 19/19
f 30/30 260/260 270/270
f 30/30 270/270 26/26
f 217/217 226/226 23/23
f 217/217 23/23 21/21
f 283/283 280/280 278/278
f 283/283 278/278 276/276
f 233/233 240/240 709/709
f 233/233 709/709 703/703
f 705/705 707/707 238/238
f 705/705 238/238 236/236
f 706/706 708/708 267/267
f 706/706 267/267 237/237
f 237/237 267/267 710/710
f 237/237 710/710 704/704
f 979/979 980/980 707/707
f 979/979 707/707 705/705
f 703/703 709/709 239/239
f 703/703 239/239 235/235
f 235/235 239/239 708/708
f 235/235 708/708 706/706
f 239/239 33/33 268/268
f 239/239 268/268 708/708
f 708/708 268/268 31/31
f 708/708 31/31 267/267
f 33/33 239/239 709/709
f 33/33 709/709 264/264
f 267/267 31/31 261/261
f 267/267 261/261 710/710
f 716/716 712/712 704/704
f 716/716 704/704 710/710
f 714/714 715/715 265/265
f 714/714 265/265 243/243
f 836/836 830/830 421/421
f 836/836 421/421 420/420
f 243/243 265/265 713/713
f 243/243 713/713 711/711
f 717/717 719/719 247/247
f 717/717 247/247 245/245
f 32/32 262/262 713/713
f 32/32 713/713 265/265
f 712/712 716/716 244/244
f 712/712 244/244 242/242
f 242/242 244/244 715/715
f 242/242 715/715 714/714
f 244/244 30/30 266/266
f 244/244 266/266 715/715
f 715/715 266/266 32/32
f 715/715 32/32 265/265
f 716/716 260/260 30/30
f 716/716 30/30 244/244
f 718/718 720/720 248/248
f 718/718 248/248 246/246
f 246/246 248/248 719/719
f 246/246 719/719 717/717
f 724/724 256/256 252/252
f 724/724 252/252 721/721
f 249/249 720/720 718/718
f 249/249 718/718 1102/1102
f 725/725 257/257 253/253
f 725/725 253/253 722/722
f 255/255 724/724 721/721
f 255/255 721/721 251/251
f 726/726 258/258 254/254
f 726/726 254/254 723/723
f 256/256 725/725 722/722
f 256/256 722/722 252/252
f 728/728 245/245 247/247
f 728/728 247/247 727/727
f 257/257 726/726 723/723
f 257/257 723/723 253/253
f 711/711 713/713 254/254
f 711/711 254/254 258/258
f 251/251 728/728 727/727
f 251/251 727/727 255/255
f 26/26 269/269 729/729
f 26/26 729/729 263/263
f 263/263 729/729 273/273
f 263/263 273/273 27/27
f 270/270 730/730 269/269
f 270/270 269/269 26/26
f 28/28 274/274 731/731
f 28/28 731/731 259/259
f 259/259 731/731 272/272
f 259/259 272/272 29/29
f 700/700 730/730 732/732
f 700/700 732/732 702/702
f 272/272 732/732 271/271
f 272/272 271/271 29/29
f 260/260 261/261 271/271
f 260/260 271/271 270/270
f 300/300 301/301 740/740
f 300/300 740/740 746/746
f 220/220 262/262 273/273
f 220/220 273/273 231/231
f 33/33 264/264 274/274
f 33/33 274/274 28/28
f 274/274 264/264 222/222
f 274/274 222/222 232/232
f 263/263 266/266 30/30
f 263/263 30/30 26/26
f 29/29 31/31 268/268
f 29/29 268/268 259/259
f 259/259 268/268 33/33
f 259/259 33/33 28/28
f 310/310 300/300 38/38
f 310/310 38/38 34/34
f 400/400 360/360 363/363
f 400/400 363/363 403/403
f 275/275 395/395 823/823
f 275/275 823/823 733/733
f 733/733 739/739 282/282
f 733/733 282/282 275/275
f 192/192 318/318 316/316
f 192/192 316/316 190/190
f 735/735 825/825 398/398
f 735/735 398/398 278/278
f 278/278 280/280 737/737
f 278/278 737/737 735/735
f 736/736 826/826 399/399
f 736/736 399/399 279/279
f 279/279 399/399 824/824
f 279/279 824/824 734/734
f 734/734 740/740 307/307
f 734/734 307/307 279/279
f 279/279 307/307 738/738
f 279/279 738/738 736/736
f 310/310 760/760 762/762
f 310/310 762/762 311/311
f 981/981 987/987 825/825
f 981/981 825/825 735/735
f 735/735 737/737 982/982
f 735/735 982/982 981/981
f 304/304 344/344 769/769
f 304/304 769/769 739/739
f 733/733 823/823 397/397
f 733/733 397/397 277/277
f 277/277 397/397 826/826
f 277/277 826/826 736/736
f 736/736 738/738 281/281
f 736/736 281/281 277/277
f 277/277 281/281 739/739
f 277/277 739/739 733/733
f 984/984 982/982 737/737
f 984/984 737/737 767/767
f 738/738 307/307 39/39
f 738/738 39/39 308/308
f 281/281 738/738 308/308
f 281/281 308/308 41/41
f 41/41 304/304 739/739
f 41/41 739/739 281/281
f 739/739 769/769 322/322
f 739/739 322/322 282/282
f 318/318 320/320 323/323
f 318/318 323/323 316/316
f 767/767 737/737 280/280
f 767/767 280/280 320/320
f 742/742 746/746 740/740
f 742/742 740/740 734/734
f 307/307 740/740 301/301
f 307/307 301/301 39/39
f 744/744 834/834 405/405
f 744/744 405/405 285/285
f 847/847 409/409 289/289
f 847/847 289/289 757/757
f 285/285 405/405 831/831
f 285/285 831/831 741/741
f 741/741 743/743 305/305
f 741/741 305/305 285/285
f 287/287 327/327 788/788
f 287/287 788/788 758/758
f 285/285 305/305 745/745
f 285/285 745/745 744/744
f 747/747 777/777 327/327
f 747/747 327/327 287/287
f 743/743 773/773 342/342
f 743/743 342/342 302/302
f 40/40 305/305 743/743
f 40/40 743/743 302/302
f 742/742 832/832 404/404
f 742/742 404/404 284/284
f 284/284 404/404 834/834
f 284/284 834/834 744/744
f 744/744 745/745 286/286
f 744/744 286/286 284/284
f 284/284 286/286 746/746
f 284/284 746/746 742/742
f 745/745 305/305 40/40
f 745/745 40/40 306/306
f 286/286 745/745 306/306
f 286/286 306/306 38/38
f 746/746 286/286 38/38
f 746/746 38/38 300/300
f 288/288 328/328 777/777
f 288/288 777/777 747/747
f 747/747 749/749 290/290
f 747/747 290/290 288/288
f 288/288 290/290 750/750
f 288/288 750/750 748/748
f 748/748 778/778 328/328
f 748/748 328/328 288/288
f 287/287 289/289 749/749
f 287/287 749/749 747/747
f 409/409 839/839 749/749
f 409/409 749/749 289/289
f 840/840 1085/1085 1088/1088
f 840/840 1088/1088 750/750
f 748/748 750/750 1088/1088
f 748/748 1088/1088 1091/1091
f 839/839 410/410 290/290
f 839/839 290/290 749/749
f 410/410 840/840 750/750
f 410/410 750/750 290/290
f 754/754 751/751 292/292
f 754/754 292/292 296/296
f 1094/1094 1097/1097 780/780
f 1094/1094 780/780 778/778
f 331/331 781/781 751/751
f 331/331 751/751 291/291
f 781/781 332/332 292/292
f 781/781 292/292 751/751
f 755/755 752/752 293/293
f 755/755 293/293 297/297
f 295/295 291/291 751/751
f 295/295 751/751 754/754
f 332/332 782/782 752/752
f 332/332 752/752 292/292
f 782/782 333/333 293/293
f 782/782 293/293 752/752
f 756/756 753/753 294/294
f 756/756 294/294 298/298
f 296/296 292/292 752/752
f 296/296 752/752 755/755
f 333/333 783/783 753/753
f 333/333 753/753 293/293
f 783/783 334/334 294/294
f 783/783 294/294 753/753
f 296/296 416/416 844/844
f 296/296 844/844 754/754
f 297/297 293/293 753/753
f 297/297 753/753 756/756
f 297/297 417/417 845/845
f 297/297 845/845 755/755
f 754/754 844/844 415/415
f 754/754 415/415 295/295
f 298/298 418/418 846/846
f 298/298 846/846 756/756
f 755/755 845/845 416/416
f 755/755 416/416 296/296
f 741/741 831/831 418/418
f 741/741 418/418 298/298
f 756/756 846/846 417/417
f 756/756 417/417 297/297
f 294/294 743/743 741/741
f 294/294 741/741 298/298
f 758/758 757/757 289/289
f 758/758 289/289 287/287
f 415/415 847/847 757/757
f 415/415 757/757 295/295
f 291/291 295/295 757/757
f 291/291 757/757 758/758
f 758/758 788/788 331/331
f 758/758 331/331 291/291
f 34/34 303/303 759/759
f 34/34 759/759 309/309
f 303/303 35/35 313/313
f 303/303 313/313 759/759
f 294/294 334/334 773/773
f 294/294 773/773 743/743
f 789/789 759/759 313/313
f 789/789 313/313 353/353
f 310/310 34/34 309/309
f 310/310 309/309 760/760
f 349/349 309/309 759/759
f 349/349 759/759 789/789
f 790/790 760/760 309/309
f 790/790 309/309 349/349
f 762/762 792/792 352/352
f 762/762 352/352 312/312
f 36/36 299/299 761/761
f 36/36 761/761 314/314
f 299/299 37/37 312/312
f 299/299 312/312 761/761
f 353/353 342/342 48/48
f 353/353 48/48 43/43
f 791/791 761/761 312/312
f 791/791 312/312 352/352
f 351/351 341/341 47/47
f 351/351 47/47 45/45
f 312/312 37/37 311/311
f 312/312 311/311 762/762
f 37/37 39/39 301/301
f 37/37 301/301 311/311
f 354/354 314/314 761/761
f 354/354 761/761 791/791
f 311/311 301/301 300/300
f 311/311 300/300 310/310
f 35/35 40/40 302/302
f 35/35 302/302 313/313
f 764/764 772/772 682/682
f 764/764 682/682 674/674
f 314/314 304/304 41/41
f 314/314 41/41 36/36
f 43/43 48/48 346/346
f 43/43 346/346 343/343
f 38/38 306/306 303/303
f 38/38 303/303 34/34
f 792/792 790/790 350/350
f 792/792 350/350 351/351
f 41/41 308/308 299/299
f 41/41 299/299 36/36
f 303/303 306/306 40/40
f 303/303 40/40 35/35
f 46/46 340/340 350/350
f 46/46 350/350 42/42
f 299/299 308/308 39/39
f 299/299 39/39 37/37
f 363/363 360/360 358/358
f 363/363 358/358 356/356
f 315/315 322/322 769/769
f 315/315 769/769 763/763
f 765/765 767/767 320/320
f 765/765 320/320 318/318
f 766/766 768/768 347/347
f 766/766 347/347 319/319
f 319/319 347/347 770/770
f 319/319 770/770 764/764
f 983/983 984/984 767/767
f 983/983 767/767 765/765
f 763/763 769/769 321/321
f 763/763 321/321 317/317
f 317/317 321/321 768/768
f 317/317 768/768 766/766
f 321/321 49/49 348/348
f 321/321 348/348 768/768
f 768/768 348/348 47/47
f 768/768 47/47 347/347
f 49/49 321/321 769/769
f 49/49 769/769 344/344
f 347/347 47/47 341/341
f 347/347 341/341 770/770
f 776/776 772/772 764/764
f 776/776 764/764 770/770
f 774/774 775/775 345/345
f 774/774 345/345 325/325
f 896/896 890/890 505/505
f 896/896 505/505 504/504
f 325/325 345/345 773/773
f 325/325 773/773 771/771
f 777/777 779/779 329/329
f 777/777 329/329 327/327
f 48/48 342/342 773/773
f 48/48 773/773 345/345
f 772/772 776/776 326/326
f 772/772 326/326 324/324
f 324/324 326/326 775/775
f 324/324 775/775 774/774
f 326/326 46/46 346/346
f 326/326 346/346 775/775
f 775/775 346/346 48/48
f 775/775 48/48 345/345
f 776/776 340/340 46/46
f 776/776 46/46 326/326
f 778/778 780/780 330/330
f 778/778 330/330 328/328
f 328/328 330/330 779/779
f 328/328 779/779 777/777
f 1082/1082 838/838 808/808
f 1082/1082 808/808 1143/1143
f 784/784 336/336 332/332
f 784/784 332/332 781/781
f 785/785 337/337 333/333
f 785/785 333/333 782/782
f 335/335 784/784 781/781
f 335/335 781/781 331/331
f 786/786 338/338 334/334
f 786/786 334/334 783/783
f 336/336 785/785 782/782
f 336/336 782/782 332/332
f 788/788 327/327 329/329
f 788/788 329/329 787/787
f 337/337 786/786 783/783
f 337/337 783/783 333/333
f 771/771 773/773 334/334
f 771/771 334/334 338/338
f 331/331 788/788 787/787
f 331/331 787/787 335/335
f 42/42 349/349 789/789
f 42/42 789/789 343/343
f 343/343 789/789 353/353
f 343/343 353/353 43/43
f 350/350 790/790 349/349
f 350/350 349/349 42/42
f 44/44 354/354 791/791
f 44/44 791/791 339/339
f 339/339 791/791 352/352
f 339/339 352/352 45/45
f 760/760 790/790 792/792
f 760/760 792/792 762/762
f 352/352 792/792 351/351
f 352/352 351/351 45/45
f 340/340 341/341 351/351
f 340/340 351/351 350/350
f 380/380 381/381 800/800
f 380/380 800/800 806/806
f 302/302 342/342 353/353
f 302/302 353/353 313/313
f 49/49 344/344 354/354
f 49/49 354/354 44/44
f 354/354 344/344 304/304
f 354/354 304/304 314/314
f 343/343 346/346 46/46
f 343/343 46/46 42/42
f 45/45 47/47 348/348
f 45/45 348/348 339/339
f 339/339 348/348 49/49
f 339/339 49/49 44/44
f 390/390 380/380 54/54
f 390/390 54/54 50/50
f 482/482 440/440 443/443
f 482/482 443/443 485/485
f 355/355 477/477 883/883
f 355/355 883/883 793/793
f 793/793 799/799 362/362
f 793/793 362/362 355/355
f 278/278 398/398 396/396
f 278/278 396/396 276/276
f 795/795 885/885 480/480
f 795/795 480/480 358/358
f 358/358 360/360 797/797
f 358/358 797/797 795/795
f 796/796 886/886 481/481
f 796/796 481/481 359/359
f 359/359 481/481 884/884
f 359/359 884/884 794/794
f 794/794 800/800 387/387
f 794/794 387/387 359/359
f 359/359 387/387 798/798
f 359/359 798/798 796/796
f 390/390 820/820 822/822
f 390/390 822/822 391/391
f 985/985 991/991 885/885
f 985/985 885/885 795/795
f 795/795 797/797 986/986
f 795/795 986/986 985/985
f 384/384 424/424 829/829
f 384/384 829/829 799/799
f 793/793 883/883 479/479
f 793/793 479/479 357/357
f 357/357 479/479 886/886
f 357/357 886/886 796/796
f 796/796 798/798 361/361
f 796/796 361/361 357/357
f 357/357 361/361 799/799
f 357/357 799/799 793/793
f 988/988 986/986 797/797
f 988/988 797/797 827/827
f 798/798 387/387 55/55
f 798/798 55/55 388/388
f 361/361 798/798 388/388
f 361/361 388/388 57/57
f 57/57 384/384 799/799
f 57/57 799/799 361/361
f 799/799 829/829 402/402
f 799/799 402/402 362/362
f 398/398 400/400 403/403
f 398/398 403/403 396/396
f 827/827 797/797 360/360
f 827/827 360/360 400/400
f 802/802 806/806 800/800
f 802/802 800/800 794/794
f 387/387 800/800 381/381
f 387/387 381/381 55/55
f 804/804 894/894 487/487
f 804/804 487/487 365/365
f 907/907 493/493 369/369
f 907/907 369/369 817/817
f 365/365 487/487 891/891
f 365/365 891/891 801/801
f 801/801 803/803 385/385
f 801/801 385/385 365/365
f 367/367 407/407 848/848
f 367/367 848/848 818/818
f 365/365 385/385 805/805
f 365/365 805/805 804/804
f 807/807 837/837 407/407
f 807/807 407/407 367/367
f 803/803 833/833 422/422
f 803/803 422/422 382/382
f 56/56 385/385 803/803
f 56/56 803/803 382/382
f 802/802 892/892 486/486
f 802/802 486/486 364/364
f 364/364 486/486 894/894
f 364/364 894/894 804/804
f 804/804 805/805 366/366
f 804/804 366/366 364/364
f 364/364 366/366 806/806
f 364/364 806/806 802/802
f 805/805 385/385 56/56
f 805/805 56/56 386/386
f 366/366 805/805 386/386
f 366/366 386/386 54/54
f 806/806 366/366 54/54
f 806/806 54/54 380/380
f 368/368 408/408 837/837
f 368/368 837/837 807/807
f 807/807 809/809 370/370
f 807/807 370/370 368/368
f 368/368 370/370 810/810
f 368/368 810/810 808/808
f 808/808 838/838 408/408
f 808/808 408/408 368/368
f 367/367 369/369 809/809
f 367/367 809/809 807/807
f 493/493 899/899 809/809
f 493/493 809/809 369/369
f 1082/1082 1085/1085 840/840
f 1082/1082 840/840 838/838
f 808/808 810/810 1140/1140
f 808/808 1140/1140 1143/1143
f 899/899 494/494 370/370
f 899/899 370/370 809/809
f 494/494 900/900 810/810
f 494/494 810/810 370/370
f 900/900 1137/1137 1140/1140
f 900/900 1140/1140 810/810
f 814/814 811/811 372/372
f 814/814 372/372 376/376
f 411/411 841/841 811/811
f 411/411 811/811 371/371
f 841/841 412/412 372/372
f 841/841 372/372 811/811
f 815/815 812/812 373/373
f 815/815 373/373 377/377
f 375/375 371/371 811/811
f 375/375 811/811 814/814
f 412/412 842/842 812/812
f 412/412 812/812 372/372
f 842/842 413/413 373/373
f 842/842 373/373 812/812
f 816/816 813/813 374/374
f 816/816 374/374 378/378
f 376/376 372/372 812/812
f 376/376 812/812 815/815
f 413/413 843/843 813/813
f 413/413 813/813 373/373
f 843/843 414/414 374/374
f 843/843 374/374 813/813
f 376/376 500/500 904/904
f 376/376 904/904 814/814
f 377/377 373/373 813/813
f 377/377 813/813 816/816
f 377/377 501/501 905/905
f 377/377 905/905 815/815
f 814/814 904/904 499/499
f 814/814 499/499 375/375
f 378/378 502/502 906/906
f 378/378 906/906 816/816
f 815/815 905/905 500/500
f 815/815 500/500 376/376
f 801/801 891/891 502/502
f 801/801 502/502 378/378
f 816/816 906/906 501/501
f 816/816 501/501 377/377
f 374/374 803/803 801/801
f 374/374 801/801 378/378
f 818/818 817/817 369/369
f 818/818 369/369 367/367
f 499/499 907/907 817/817
f 499/499 817/817 375/375
f 371/371 375/375 817/817
f 371/371 817/817 818/818
f 818/818 848/848 411/411
f 818/818 411/411 371/371
f 50/50 383/383 819/819
f 50/50 819/819 389/389
f 383/383 51/51 393/393
f 383/383 393/393 819/819
f 374/374 414/414 833/833
f 374/374 833/833 803/803
f 849/849 819/819 393/393
f 849/849 393/393 433/433
f 390/390 50/50 389/389
f 390/390 389/389 820/820
f 429/429 389/389 819/819
f 429/429 819/819 849/849
f 850/850 820/820 389/389
f 850/850 389/389 429/429
f 822/822 852/852 432/432
f 822/822 432/432 392/392
f 52/52 379/379 821/821
f 52/52 821/821 394/394
f 379/379 53/53 392/392
f 379/379 392/392 821/821
f 433/433 422/422 64/64
f 433/433 64/64 59/59
f 851/851 821/821 392/392
f 851/851 392/392 432/432
f 431/431 421/421 63/63
f 431/431 63/63 61/61
f 392/392 53/53 391/391
f 392/392 391/391 822/822
f 53/53 55/55 381/381
f 53/53 381/381 391/391
f 434/434 394/394 821/821
f 434/434 821/821 851/851
f 391/391 381/381 380/380
f 391/391 380/380 390/390
f 51/51 56/56 382/382
f 51/51 382/382 393/393
f 824/824 832/832 742/742
f 824/824 742/742 734/734
f 394/394 384/384 57/57
f 394/394 57/57 52/52
f 59/59 64/64 426/426
f 59/59 426/426 423/423
f 54/54 386/386 383/383
f 54/54 383/383 50/50
f 852/852 850/850 430/430
f 852/852 430/430 431/431
f 57/57 388/388 379/379
f 57/57 379/379 52/52
f 383/383 386/386 56/56
f 383/383 56/56 51/51
f 62/62 420/420 430/430
f 62/62 430/430 58/58
f 379/379 388/388 55/55
f 379/379 55/55 53/53
f 443/443 440/440 438/438
f 443/443 438/438 436/436
f 395/395 402/402 829/829
f 395/395 829/829 823/823
f 825/825 827/827 400/400
f 825/825 400/400 398/398
f 826/826 828/828 427/427
f 826/826 427/427 399/399
f 399/399 427/427 830/830
f 399/399 830/830 824/824
f 987/987 988/988 827/827
f 987/987 827/827 825/825
f 823/823 829/829 401/401
f 823/823 401/401 397/397
f 397/397 401/401 828/828
f 397/397 828/828 826/826
f 401/401 65/65 428/428
f 401/401 428/428 828/828
f 828/828 428/428 63/63
f 828/828 63/63 427/427
f 65/65 401/401 829/829
f 65/65 829/829 424/424
f 427/427 63/63 421/421
f 427/427 421/421 830/830
f 836/836 832/832 824/824
f 836/836 824/824 830/830
f 834/834 835/835 425/425
f 834/834 425/425 405/405
f 956/956 950/950 587/587
f 956/956 587/587 586/586
f 405/405 425/425 833/833
f 405/405 833/833 831/831
f 837/837 839/839 409/409
f 837/837 409/409 407/407
f 64/64 422/422 833/833
f 64/64 833/833 425/425
f 832/832 836/836 406/406
f 832/832 406/406 404/404
f 404/404 406/406 835/835
f 404/404 835/835 834/834
f 406/406 62/62 426/426
f 406/406 426/426 835/835
f 835/835 426/426 64/64
f 835/835 64/64 425/425
f 836/836 420/420 62/62
f 836/836 62/62 406/406
f 838/838 840/840 410/410
f 838/838 410/410 408/408
f 408/408 410/410 839/839
f 408/408 839/839 837/837
f 450/450 492/492 898/898
f 450/450 898/898 868/868
f 844/844 416/416 412/412
f 844/844 412/412 841/841
f 845/845 417/417 413/413
f 845/845 413/413 842/842
f 415/415 844/844 841/841
f 415/415 841/841 411/411
f 846/846 418/418 414/414
f 846/846 414/414 843/843
f 416/416 845/845 842/842
f 416/416 842/842 412/412
f 848/848 407/407 409/409
f 848/848 409/409 847/847
f 417/417 846/846 843/843
f 417/417 843/843 413/413
f 831/831 833/833 414/414
f 831/831 414/414 418/418
f 411/411 848/848 847/847
f 411/411 847/847 415/415
f 58/58 429/429 849/849
f 58/58 849/849 423/423
f 423/423 849/849 433/433
f 423/423 433/433 59/59
f 430/430 850/850 429/429
f 430/430 429/429 58/58
f 60/60 434/434 851/851
f 60/60 851/851 419/419
f 419/419 851/851 432/432
f 419/419 432/432 61/61
f 820/820 850/850 852/852
f 820/820 852/852 822/822
f 432/432 852/852 431/431
f 432/432 431/431 61/61
f 420/420 421/421 431/431
f 420/420 431/431 430/430
f 462/462 463/463 860/860
f 462/462 860/860 866/866
f 382/382 422/422 433/433
f 382/382 433/433 393/393
f 65/65 424/424 434/434
f 65/65 434/434 60/60
f 434/434 424/424 384/384
f 434/434 384/384 394/394
f 423/423 426/426 62/62
f 423/423 62/62 58/58
f 61/61 63/63 428/428
f 61/61 428/428 419/419
f 419/419 428/428 65/65
f 419/419 65/65 60/60
f 472/472 462/462 70/70
f 472/472 70/70 66/66
f 564/564 524/524 527/527
f 564/564 527/527 567/567
f 435/435 559/559 943/943
f 435/435 943/943 853/853
f 853/853 859/859 442/442
f 853/853 442/442 435/435
f 358/358 480/480 478/478
f 358/358 478/478 356/356
f 855/855 945/945 562/562
f 855/855 562/562 438/438
f 438/438 440/440 857/857
f 438/438 857/857 855/855
f 856/856 946/946 563/563
f 856/856 563/563 439/439
f 439/439 563/563 944/944
f 439/439 944/944 854/854
f 854/854 860/860 469/469
f 854/854 469/469 439/439
f 439/439 469/469 858/858
f 439/439 858/858 856/856
f 472/472 880/880 882/882
f 472/472 882/882 473/473
f 989/989 995/995 945/945
f 989/989 945/945 855/855
f 855/855 857/857 990/990
f 855/855 990/990 989/989
f 466/466 508/508 889/889
f 466/466 889/889 859/859
f 853/853 943/943 561/561
f 853/853 561/561 437/437
f 437/437 561/561 946/946
f 437/437 946/946 856/856
f 856/856 858/858 441/441
f 856/856 441/441 437/437
f 437/437 441/441 859/859
f 437/437 859/859 853/853
f 992/992 990/990 857/857
f 992/992 857/857 887/887
f 858/858 469/469 71/71
f 858/858 71/71 470/470
f 441/441 858/858 470/470
f 441/441 470/470 73/73
f 73/73 466/466 859/859
f 73/73 859/859 441/441
f 859/859 889/889 484/484
f 859/859 484/484 442/442
f 480/480 482/482 485/485
f 480/480 485/485 478/478
f 887/887 857/857 440/440
f 887/887 440/440 482/482
f 862/862 866/866 860/860
f 862/862 860/860 854/854
f 469/469 860/860 463/463
f 469/469 463/463 71/71
f 864/864 954/954 569/569
f 864/864 569/569 445/445
f 967/967 575/575 451/451
f 967/967 451/451 877/877
f 445/445 569/569 951/951
f 445/445 951/951 861/861
f 861/861 863/863 467/467
f 861/861 467/467 445/445
f 447/447 489/489 908/908
f 447/447 908/908 878/878
f 445/445 467/467 865/865
f 445/445 865/865 864/864
f 867/867 897/897 489/489
f 867/867 489/489 447/447
f 863/863 893/893 506/506
f 863/863 506/506 464/464
f 72/72 467/467 863/863
f 72/72 863/863 464/464
f 862/862 952/952 568/568
f 862/862 568/568 444/444
f 444/444 568/568 954/954
f 444/444 954/954 864/864
f 864/864 865/865 446/446
f 864/864 446/446 444/444
f 444/444 446/446 866/866
f 444/444 866/866 862/862
f 865/865 467/467 72/72
f 865/865 72/72 468/468
f 446/446 865/865 468/468
f 446/446 468/468 70/70
f 866/866 446/446 70/70
f 866/866 70/70 462/462
f 448/448 490/490 897/897
f 448/448 897/897 867/867
f 867/867 869/869 452/452
f 867/867 452/452 448/448
f 448/448 452/452 870/870
f 448/448 870/870 868/868
f 868/868 898/898 490/490
f 868/868 490/490 448/448
f 447/447 451/451 869/869
f 447/447 869/869 867/867
f 868/868 870/870 1133/1133
f 868/868 1133/1133 450/450
f 575/575 959/959 869/869
f 575/575 869/869 451/451
f 1137/1137 900/900 898/898
f 1137/1137 898/898 492/492
f 959/959 576/576 452/452
f 959/959 452/452 869/869
f 576/576 960/960 870/870
f 576/576 870/870 452/452
f 960/960 1130/1130 1133/1133
f 960/960 1133/1133 870/870
f 874/874 871/871 454/454
f 874/874 454/454 458/458
f 495/495 901/901 871/871
f 495/495 871/871 453/453
f 901/901 496/496 454/454
f 901/901 454/454 871/871
f 875/875 872/872 455/455
f 875/875 455/455 459/459
f 457/457 453/453 871/871
f 457/457 871/871 874/874
f 496/496 902/902 872/872
f 496/496 872/872 454/454
f 902/902 497/497 455/455
f 902/902 455/455 872/872
f 876/876 873/873 456/456
f 876/876 456/456 460/460
f 458/458 454/454 872/872
f 458/458 872/872 875/875
f 497/497 903/903 873/873
f 497/497 873/873 455/455
f 903/903 498/498 456/456
f 903/903 456/456 873/873
f 458/458 582/582 964/964
f 458/458 964/964 874/874
f 459/459 455/455 873/873
f 459/459 873/873 876/876
f 459/459 583/583 965/965
f 459/459 965/965 875/875
f 874/874 964/964 581/581
f 874/874 581/581 457/457
f 460/460 584/584 966/966
f 460/460 966/966 876/876
f 875/875 965/965 582/582
f 875/875 582/582 458/458
f 861/861 951/951 584/584
f 861/861 584/584 460/460
f 876/876 966/966 583/583
f 876/876 583/583 459/459
f 456/456 863/863 861/861
f 456/456 861/861 460/460
f 878/878 877/877 451/451
f 878/878 451/451 447/447
f 581/581 967/967 877/877
f 581/581 877/877 457/457
f 453/453 457/457 877/877
f 453/453 877/877 878/878
f 878/878 908/908 495/495
f 878/878 495/495 453/453
f 66/66 465/465 879/879
f 66/66 879/879 471/471
f 465/465 67/67 475/475
f 465/465 475/475 879/879
f 456/456 498/498 893/893
f 456/456 893/893 863/863
f 909/909 879/879 475/475
f 909/909 475/475 517/517
f 472/472 66/66 471/471
f 472/472 471/471 880/880
f 513/513 471/471 879/879
f 513/513 879/879 909/909
f 910/910 880/880 471/471
f 910/910 471/471 513/513
f 882/882 912/912 516/516
f 882/882 516/516 474/474
f 68/68 461/461 881/881
f 68/68 881/881 476/476
f 461/461 69/69 474/474
f 461/461 474/474 881/881
f 517/517 506/506 80/80
f 517/517 80/80 75/75
f 911/911 881/881 474/474
f 911/911 474/474 516/516
f 515/515 505/505 79/79
f 515/515 79/79 77/77
f 474/474 69/69 473/473
f 474/474 473/473 882/882
f 69/69 71/71 463/463
f 69/69 463/463 473/473
f 518/518 476/476 881/881
f 518/518 881/881 911/911
f 473/473 463/463 462/462
f 473/473 462/462 472/472
f 67/67 72/72 464/464
f 67/67 464/464 475/475
f 884/884 892/892 802/802
f 884/884 802/802 794/794
f 476/476 466/466 73/73
f 476/476 73/73 68/68
f 75/75 80/80 510/510
f 75/75 510/510 507/507
f 70/70 468/468 465/465
f 70/70 465/465 66/66
f 912/912 910/910 514/514
f 912/912 514/514 515/515
f 73/73 470/470 461/461
f 73/73 461/461 68/68
f 465/465 468/468 72/72
f 465/465 72/72 67/67
f 78/78 504/504 514/514
f 78/78 514/514 74/74
f 461/461 470/470 71/71
f 461/461 71/71 69/69
f 520/520 522/522 152/152
f 520/520 152/152 150/150
f 477/477 484/484 889/889
f 477/477 889/889 883/883
f 885/885 887/887 482/482
f 885/885 482/482 480/480
f 886/886 888/888 511/511
f 886/886 511/511 481/481
f 481/481 511/511 890/890
f 481/481 890/890 884/884
f 991/991 992/992 887/887
f 991/991 887/887 885/885
f 883/883 889/889 483/483
f 883/883 483/483 479/479
f 479/479 483/483 888/888
f 479/479 888/888 886/886
f 483/483 81/81 512/512
f 483/483 512/512 888/888
f 888/888 512/512 79/79
f 888/888 79/79 511/511
f 81/81 483/483 889/889
f 81/81 889/889 508/508
f 511/511 79/79 505/505
f 511/511 505/505 890/890
f 896/896 892/892 884/884
f 896/896 884/884 890/890
f 894/894 895/895 509/509
f 894/894 509/509 487/487
f 554/554 940/940 942/942
f 554/554 942/942 555/555
f 487/487 509/509 893/893
f 487/487 893/893 891/891
f 897/897 899/899 493/493
f 897/897 493/493 489/489
f 80/80 506/506 893/893
f 80/80 893/893 509/509
f 892/892 896/896 488/488
f 892/892 488/488 486/486
f 486/486 488/488 895/895
f 486/486 895/895 894/894
f 488/488 78/78 510/510
f 488/488 510/510 895/895
f 895/895 510/510 80/80
f 895/895 80/80 509/509
f 896/896 504/504 78/78
f 896/896 78/78 488/488
f 898/898 900/900 494/494
f 898/898 494/494 490/490
f 490/490 494/494 899/899
f 490/490 899/899 897/897
f 1126/1126 574/574 958/958
f 1126/1126 958/958 928/928
f 904/904 500/500 496/496
f 904/904 496/496 901/901
f 905/905 501/501 497/497
f 905/905 497/497 902/902
f 499/499 904/904 901/901
f 499/499 901/901 495/495
f 906/906 502/502 498/498
f 906/906 498/498 903/903
f 500/500 905/905 902/902
f 500/500 902/902 496/496
f 908/908 489/489 493/493
f 908/908 493/493 907/907
f 501/501 906/906 903/903
f 501/501 903/903 497/497
f 891/891 893/893 498/498
f 891/891 498/498 502/502
f 495/495 908/908 907/907
f 495/495 907/907 499/499
f 74/74 513/513 909/909
f 74/74 909/909 507/507
f 507/507 909/909 517/517
f 507/507 517/517 75/75
f 514/514 910/910 513/513
f 514/514 513/513 74/74
f 76/76 518/518 911/911
f 76/76 911/911 503/503
f 503/503 911/911 516/516
f 503/503 516/516 77/77
f 880/880 910/910 912/912
f 880/880 912/912 882/882
f 516/516 912/912 515/515
f 516/516 515/515 77/77
f 504/504 505/505 515/515
f 504/504 515/515 514/514
f 652/652 922/922 914/914
f 652/652 914/914 644/644
f 464/464 506/506 517/517
f 464/464 517/517 475/475
f 81/81 508/508 518/518
f 81/81 518/518 76/76
f 518/518 508/508 466/466
f 518/518 466/466 476/476
f 507/507 510/510 78/78
f 507/507 78/78 74/74
f 77/77 79/79 512/512
f 77/77 512/512 503/503
f 503/503 512/512 81/81
f 503/503 81/81 76/76
f 554/554 544/544 86/86
f 554/554 86/86 82/82
f 913/913 919/919 526/526
f 913/913 526/526 519/519
f 438/438 562/562 560/560
f 438/438 560/560 436/436
f 522/522 524/524 917/917
f 522/522 917/917 915/915
f 914/914 920/920 551/551
f 914/914 551/551 523/523
f 523/523 551/551 918/918
f 523/523 918/918 916/916
f 915/915 917/917 994/994
f 915/915 994/994 993/993
f 548/548 590/590 949/949
f 548/548 949/949 919/919
f 916/916 918/918 525/525
f 916/916 525/525 521/521
f 521/521 525/525 919/919
f 521/521 919/919 913/913
f 996/996 994/994 917/917
f 996/996 917/917 947/947
f 918/918 551/551 87/87
f 918/918 87/87 552/552
f 525/525 918/918 552/552
f 525/525 552/552 89/89
f 89/89 548/548 919/919
f 89/89 919/919 525/525
f 919/919 949/949 566/566
f 919/919 566/566 526/526
f 562/562 564/564 567/567
f 562/562 567/567 560/560
f 947/947 917/917 524/524
f 947/947 524/524 564/564
f 922/922 926/926 920/920
f 922/922 920/920 914/914
f 551/551 920/920 545/545
f 551/551 545/545 87/87
f 529/529 549/549 925/925
f 529/529 925/925 924/924
f 921/921 923/923 549/549
f 921/921 549/549 529/529
f 531/531 571/571 968/968
f 531/531 968/968 938/938
f 927/927 957/957 571/571
f 927/927 571/571 531/531
f 923/923 953/953 588/588
f 923/923 588/588 546/546
f 88/88 549/549 923/923
f 88/88 923/923 546/546
f 924/924 925/925 530/530
f 924/924 530/530 528/528
f 528/528 530/530 926/926
f 528/528 926/926 922/922
f 925/925 549/549 88/88
f 925/925 88/88 550/550
f 530/530 925/925 550/550
f 530/530 550/550 86/86
f 926/926 530/530 86/86
f 926/926 86/86 544/544
f 532/532 572/572 957/957
f 532/532 957/957 927/927
f 927/927 929/929 534/534
f 927/927 534/534 532/532
f 532/532 534/534 930/930
f 532/532 930/930 928/928
f 928/928 958/958 572/572
f 928/928 572/572 532/532
f 531/531 533/533 929/929
f 531/531 929/929 927/927
f 928/928 930/930 1123/1123
f 928/928 1123/1123 1126/1126
f 934/934 931/931 536/536
f 934/934 536/536 540/540
f 1100/1100 204/204 208/208
f 1100/1100 208/208 1099/1099
f 577/577 961/961 931/931
f 577/577 931/931 535/535
f 961/961 578/578 536/536
f 961/961 536/536 931/931
f 935/935 932/932 537/537
f 935/935 537/537 541/541
f 539/539 535/535 931/931
f 539/539 931/931 934/934
f 578/578 962/962 932/932
f 578/578 932/932 536/536
f 962/962 579/579 537/537
f 962/962 537/537 932/932
f 936/936 933/933 538/538
f 936/936 538/538 542/542
f 540/540 536/536 932/932
f 540/540 932/932 935/935
f 579/579 963/963 933/933
f 579/579 933/933 537/537
f 963/963 580/580 538/538
f 963/963 538/538 933/933
f 938/938 937/937 533/533
f 938/938 533/533 531/531
f 541/541 537/537 933/933
f 541/541 933/933 936/936
f 538/538 923/923 921/921
f 538/538 921/921 542/542
f 535/535 539/539 937/937
f 535/535 937/937 938/938
f 938/938 968/968 577/577
f 938/938 577/577 535/535
f 82/82 547/547 939/939
f 82/82 939/939 553/553
f 547/547 83/83 557/557
f 547/547 557/557 939/939
f 538/538 580/580 953/953
f 538/538 953/953 923/923
f 969/969 939/939 557/557
f 969/969 557/557 599/599
f 554/554 82/82 553/553
f 554/554 553/553 940/940
f 595/595 553/553 939/939
f 595/595 939/939 969/969
f 970/970 940/940 553/553
f 970/970 553/553 595/595
f 942/942 972/972 598/598
f 942/942 598/598 556/556
f 84/84 543/543 941/941
f 84/84 941/941 558/558
f 543/543 85/85 556/556
f 543/543 556/556 941/941
f 599/599 588/588 96/96
f 599/599 96/96 91/91
f 971/971 941/941 556/556
f 971/971 556/556 598/598
f 597/597 587/587 95/95
f 597/597 95/95 93/93
f 556/556 85/85 555/555
f 556/556 555/555 942/942
f 85/85 87/87 545/545
f 85/85 545/545 555/555
f 600/600 558/558 941/941
f 600/600 941/941 971/971
f 555/555 545/545 544/544
f 555/555 544/544 554/554
f 83/83 88/88 546/546
f 83/83 546/546 557/557
f 944/944 952/952 862/862
f 944/944 862/862 854/854
f 558/558 548/548 89/89
f 558/558 89/89 84/84
f 91/91 96/96 592/592
f 91/91 592/592 589/589
f 86/86 550/550 547/547
f 86/86 547/547 82/82
f 972/972 970/970 596/596
f 972/972 596/596 597/597
f 89/89 552/552 543/543
f 89/89 543/543 84/84
f 547/547 550/550 88/88
f 547/547 88/88 83/83
f 94/94 586/586 596/596
f 94/94 596/596 90/90
f 543/543 552/552 87/87
f 543/543 87/87 85/85
f 559/559 566/566 949/949
f 559/559 949/949 943/943
f 945/945 947/947 564/564
f 945/945 564/564 562/562
f 946/946 948/948 593/593
f 946/946 593/593 563/563
f 563/563 593/593 950/950
f 563/563 950/950 944/944
f 995/995 996/996 947/947
f 995/995 947/947 945/945
f 943/943 949/949 565/565
f 943/943 565/565 561/561
f 561/561 565/565 948/948
f 561/561 948/948 946/946
f 565/565 97/97 594/594
f 565/565 594/594 948/948
f 948/948 594/594 95/95
f 948/948 95/95 593/593
f 97/97 565/565 949/949
f 97/97 949/949 590/590
f 593/593 95/95 587/587
f 593/593 587/587 950/950
f 956/956 952/952 944/944
f 956/956 944/944 950/950
f 954/954 955/955 591/591
f 954/954 591/591 569/569
f 998/998 997/997 973/973
f 998/998 973/973 974/974
f 569/569 591/591 953/953
f 569/569 953/953 951/951
f 957/957 959/959 575/575
f 957/957 575/575 571/571
f 96/96 588/588 953/953
f 96/96 953/953 591/591
f 952/952 956/956 570/570
f 952/952 570/570 568/568
f 568/568 570/570 955/955
f 568/568 955/955 954/954
f 570/570 94/94 592/592
f 570/570 592/592 955/955
f 955/955 592/592 96/96
f 955/955 96/96 591/591
f 956/956 586/586 94/94
f 956/956 94/94 570/570
f 958/958 960/960 576/576
f 958/958 576/576 572/572
f 572/572 576/576 959/959
f 572/572 959/959 957/957
f 964/964 582/582 578/578
f 964/964 578/578 961/961
f 574/574 1130/1130 960/960
f 574/574 960/960 958/958
f 965/965 583/583 579/579
f 965/965 579/579 962/962
f 581/581 964/964 961/961
f 581/581 961/961 577/577
f 966/966 584/584 580/580
f 966/966 580/580 963/963
f 582/582 965/965 962/962
f 582/582 962/962 578/578
f 968/968 571/571 575/575
f 968/968 575/575 967/967
f 583/583 966/966 963/963
f 583/583 963/963 579/579
f 951/951 953/953 580/580
f 951/951 580/580 584/584
f 577/577 968/968 967/967
f 577/577 967/967 581/581
f 90/90 595/595 969/969
f 90/90 969/969 589/589
f 589/589 969/969 599/599
f 589/589 599/599 91/91
f 596/596 970/970 595/595
f 596/596 595/595 90/90
f 92/92 600/600 971/971
f 92/92 971/971 585/585
f 585/585 971/971 598/598
f 585/585 598/598 93/93
f 940/940 970/970 972/972
f 940/940 972/972 942/942
f 598/598 972/972 597/597
f 598/598 597/597 93/93
f 586/586 587/587 597/597
f 586/586 597/597 596/596
f 134/134 135/135 611/611
f 134/134 611/611 620/620
f 546/546 588/588 599/599
f 546/546 599/599 557/557
f 97/97 590/590 600/600
f 97/97 600/600 92/92
f 600/600 590/590 548/548
f 600/600 548/548 558/558
f 589/589 592/592 94/94
f 589/589 94/94 90/90
f 93/93 95/95 594/594
f 93/93 594/594 585/585
f 585/585 594/594 97/97
f 585/585 97/97 92/92
f 997/997 1003/1003 979/979
f 997/997 979/979 973/973
f 1000/1000 998/998 974/974
f 1000/1000 974/974 976/976
f 999/999 1000/1000 976/976
f 999/999 976/976 975/975
f 1017/1017 999/999 975/975
f 1017/1017 975/975 993/993
f 1002/1002 1001/1001 977/977
f 1002/1002 977/977 978/978
f 1001/1001 1007/1007 983/983
f 1001/1001 983/983 977/977
f 1004/1004 1002/1002 978/978
f 1004/1004 978/978 980/980
f 1003/1003 1004/1004 980/980
f 1003/1003 980/980 979/979
f 1006/1006 1005/1005 981/981
f 1006/1006 981/981 982/982
f 1005/1005 1011/1011 987/987
f 1005/1005 987/987 981/981
f 1008/1008 1006/1006 982/982
f 1008/1008 982/982 984/984
f 1007/1007 1008/1008 984/984
f 1007/1007 984/984 983/983
f 1010/1010 1009/1009 985/985
f 1010/1010 985/985 986/986
f 1009/1009 1015/1015 991/991
f 1009/1009 991/991 985/985
f 1012/1012 1010/1010 986/986
f 1012/1012 986/986 988/988
f 1011/1011 1012/1012 988/988
f 1011/1011 988/988 987/987
f 1014/1014 1013/1013 989/989
f 1014/1014 989/989 990/990
f 1013/1013 1019/1019 995/995
f 1013/1013 995/995 989/989
f 1016/1016 1014/1014 990/990
f 1016/1016 990/990 992/992
f 1015/1015 1016/1016 992/992
f 1015/1015 992/992 991/991
f 1018/1018 1017/1017 993/993
f 1018/1018 993/993 994/994
f 1020/1020 1018/1018 994/994
f 1020/1020 994/994 996/996
f 1019/1019 1020/1020 996/996
f 1019/1019 996/996 995/995
f 997/997 998/998 1/1
f 1/1 1003/1003 997/997
f 998/998 1000/1000 1/1
f 1/1 1000/1000 999/999
f 999/999 1017/1017 1/1
f 1001/1001 1002/1002 1/1
f 1/1 1007/1007 1001/1001
f 1002/1002 1004/1004 1/1
f 1/1 1004/1004 1003/1003
f 1005/1005 1006/1006 1/1
f 1/1 1011/1011 1005/1005
f 1006/1006 1008/1008 1/1
f 1/1 1008/1008 1007/1007
f 1009/1009 1010/1010 1/1
f 1/1 1015/1015 1009/1009
f 1010/1010 1012/1012 1/1
f 1/1 1012/1012 1011/1011
f 1013/1013 1014/1014 1/1
f 1/1 1019/1019 1013/1013
f 1014/1014 1016/1016 1/1
f 1/1 1016/1016 1015/1015
f 1017/1017 1018/1018 1/1
f 1018/1018 1020/1020 1/1
f 1/1 1020/1020 1019/1019
f 1835/1835 1834/1834 1028/1028
f 1835/1835 1028/1028 1036/1036
f 1855/1855 1853/1853 1145/1145
f 1855/1855 1145/1145 1104/1104
f 1042/1042 1041/1041 1021/1021
f 1042/1042 1021/1021 1043/1043
f 1836/1836 1835/1835 1036/1036
f 1836/1836 1036/1036 1034/1034
f 1043/1043 1021/1021 1029/1029
f 1043/1043 1029/1029 1044/1044
f 1145/1145 1171/1171 1048/1048
f 1145/1145 1048/1048 1047/1047
f 1045/1045 1172/1172 1104/1104
f 1045/1045 1104/1104 1046/1046
f 1049/1049 1022/1022 1030/1030
f 1049/1049 1030/1030 1050/1050
f 1053/1053 1052/1052 1023/1023
f 1053/1053 1023/1023 1031/1031
f 1051/1051 1040/1040 1023/1023
f 1051/1051 1023/1023 1052/1052
f 1051/1051 1050/1050 1030/1030
f 1051/1051 1030/1030 1040/1040
f 1056/1056 1054/1054 1039/1039
f 1056/1056 1039/1039 1025/1025
f 1053/1053 1031/1031 1039/1039
f 1053/1053 1039/1039 1054/1054
f 1058/1058 1057/1057 1032/1032
f 1058/1058 1032/1032 1038/1038
f 1055/1055 1024/1024 1032/1032
f 1055/1055 1032/1032 1057/1057
f 1060/1060 1059/1059 1026/1026
f 1060/1060 1026/1026 1033/1033
f 1058/1058 1038/1038 1026/1026
f 1058/1058 1026/1026 1059/1059
f 1048/1048 1171/1171 1022/1022
f 1048/1048 1022/1022 1049/1049
f 1060/1060 1033/1033 1037/1037
f 1060/1060 1037/1037 1061/1061
f 1064/1064 1063/1063 1034/1034
f 1064/1064 1034/1034 1036/1036
f 1063/1063 1062/1062 1027/1027
f 1063/1063 1027/1027 1034/1034
f 1065/1065 1064/1064 1036/1036
f 1065/1065 1036/1036 1028/1028
f 1066/1066 1065/1065 1028/1028
f 1066/1066 1028/1028 1035/1035
f 1042/1042 1066/1066 1035/1035
f 1042/1042 1035/1035 1041/1041
f 1174/1174 1419/1419 1420/1420
f 1174/1174 1420/1420 1173/1173
f 1854/1854 1128/1128 1127/1127
f 1854/1854 1127/1127 1850/1850
f 1850/1850 1849/1849 1030/1030
f 1850/1850 1030/1030 1022/1022
f 1832/1832 1142/1142 1139/1139
f 1832/1832 1139/1139 1852/1852
f 1847/1847 1846/1846 1031/1031
f 1847/1847 1031/1031 1023/1023
f 1851/1851 1136/1136 1135/1135
f 1851/1851 1135/1135 1856/1856
f 1856/1856 1855/1855 1104/1104
f 1856/1856 1104/1104 1172/1172
f 1843/1843 1842/1842 1032/1032
f 1843/1843 1032/1032 1024/1024
f 1849/1849 1848/1848 1040/1040
f 1849/1849 1040/1040 1030/1030
f 1848/1848 1847/1847 1023/1023
f 1848/1848 1023/1023 1040/1040
f 1840/1840 1839/1839 1033/1033
f 1840/1840 1033/1033 1026/1026
f 1846/1846 1845/1845 1039/1039
f 1846/1846 1039/1039 1031/1031
f 1845/1845 1844/1844 1025/1025
f 1845/1845 1025/1025 1039/1039
f 1837/1837 1836/1836 1034/1034
f 1837/1837 1034/1034 1027/1027
f 1842/1842 1841/1841 1038/1038
f 1842/1842 1038/1038 1032/1032
f 1841/1841 1840/1840 1026/1026
f 1841/1841 1026/1026 1038/1038
f 1839/1839 1838/1838 1037/1037
f 1839/1839 1037/1037 1033/1033
f 1838/1838 1837/1837 1027/1027
f 1838/1838 1027/1027 1037/1037
f 1174/1174 1222/1222 1221/1221
f 1174/1174 1221/1221 1175/1175
f 1175/1175 1418/1418 1419/1419
f 1175/1175 1419/1419 1174/1174
f 1175/1175 1221/1221 1220/1220
f 1175/1175 1220/1220 1176/1176
f 1349/1349 1221/1221 1222/1222
f 1349/1349 1222/1222 1347/1347
f 1176/1176 1417/1417 1418/1418
f 1176/1176 1418/1418 1175/1175
f 1176/1176 1220/1220 1219/1219
f 1176/1176 1219/1219 1177/1177
f 1177/1177 1416/1416 1417/1417
f 1177/1177 1417/1417 1176/1176
f 1177/1177 1219/1219 1218/1218
f 1177/1177 1218/1218 1178/1178
f 1178/1178 1415/1415 1416/1416
f 1178/1178 1416/1416 1177/1177
f 1178/1178 1218/1218 1217/1217
f 1178/1178 1217/1217 1179/1179
f 1179/1179 1414/1414 1415/1415
f 1179/1179 1415/1415 1178/1178
f 1179/1179 1217/1217 1216/1216
f 1179/1179 1216/1216 1180/1180
f 1180/1180 1413/1413 1414/1414
f 1180/1180 1414/1414 1179/1179
f 1180/1180 1216/1216 1215/1215
f 1180/1180 1215/1215 1181/1181
f 1181/1181 1412/1412 1413/1413
f 1181/1181 1413/1413 1180/1180
f 1181/1181 1215/1215 1214/1214
f 1181/1181 1214/1214 1182/1182
f 1182/1182 1411/1411 1412/1412
f 1182/1182 1412/1412 1181/1181
f 1182/1182 1214/1214 1213/1213
f 1182/1182 1213/1213 1183/1183
f 1183/1183 1410/1410 1411/1411
f 1183/1183 1411/1411 1182/1182
f 1183/1183 1213/1213 1212/1212
f 1183/1183 1212/1212 1184/1184
f 1184/1184 1409/1409 1410/1410
f 1184/1184 1410/1410 1183/1183
f 1184/1184 1212/1212 1211/1211
f 1184/1184 1211/1211 1186/1186
f 1186/1186 1408/1408 1409/1409
f 1186/1186 1409/1409 1184/1184
f 1185/1185 1210/1210 1209/1209
f 1185/1185 1209/1209 1187/1187
f 1187/1187 1406/1406 1407/1407
f 1187/1187 1407/1407 1185/1185
f 1187/1187 1209/1209 1208/1208
f 1187/1187 1208/1208 1188/1188
f 1188/1188 1405/1405 1406/1406
f 1188/1188 1406/1406 1187/1187
f 1188/1188 1208/1208 1207/1207
f 1188/1188 1207/1207 1189/1189
f 1189/1189 1404/1404 1405/1405
f 1189/1189 1405/1405 1188/1188
f 1189/1189 1207/1207 1206/1206
f 1189/1189 1206/1206 1190/1190
f 1190/1190 1403/1403 1404/1404
f 1190/1190 1404/1404 1189/1189
f 1190/1190 1206/1206 1205/1205
f 1190/1190 1205/1205 1191/1191
f 1191/1191 1402/1402 1403/1403
f 1191/1191 1403/1403 1190/1190
f 1191/1191 1205/1205 1204/1204
f 1191/1191 1204/1204 1192/1192
f 1192/1192 1401/1401 1402/1402
f 1192/1192 1402/1402 1191/1191
f 1192/1192 1204/1204 1203/1203
f 1192/1192 1203/1203 1193/1193
f 1193/1193 1400/1400 1401/1401
f 1193/1193 1401/1401 1192/1192
f 1193/1193 1203/1203 1202/1202
f 1193/1193 1202/1202 1194/1194
f 1194/1194 1399/1399 1400/1400
f 1194/1194 1400/1400 1193/1193
f 1194/1194 1202/1202 1201/1201
f 1194/1194 1201/1201 1195/1195
f 1195/1195 1398/1398 1399/1399
f 1195/1195 1399/1399 1194/1194
f 1195/1195 1201/1201 1200/1200
f 1195/1195 1200/1200 1196/1196
f 1196/1196 1397/1397 1398/1398
f 1196/1196 1398/1398 1195/1195
f 1196/1196 1200/1200 1198/1198
f 1196/1196 1198/1198 1197/1197
f 1173/1173 1420/1420 1396/1396
f 1173/1173 1396/1396 1197/1197
f 1199/1199 1173/1173 1197/1197
f 1199/1199 1197/1197 1198/1198
f 1222/1222 1174/1174 1173/1173
f 1222/1222 1173/1173 1199/1199
f 1395/1395 1198/1198 1200/1200
f 1395/1395 1200/1200 1391/1391
f 1348/1348 1349/1349 1347/1347
f 1348/1348 1347/1347 1346/1346
f 1392/1392 1346/1346 1347/1347
f 1392/1392 1347/1347 1393/1393
f 1222/1222 1199/1199 1393/1393
f 1222/1222 1393/1393 1347/1347
f 1391/1391 1200/1200 1201/1201
f 1391/1391 1201/1201 1389/1389
f 1389/1389 1201/1201 1202/1202
f 1389/1389 1202/1202 1387/1387
f 1387/1387 1202/1202 1203/1203
f 1387/1387 1203/1203 1385/1385
f 1385/1385 1203/1203 1204/1204
f 1385/1385 1204/1204 1383/1383
f 1383/1383 1204/1204 1205/1205
f 1383/1383 1205/1205 1381/1381
f 1381/1381 1205/1205 1206/1206
f 1381/1381 1206/1206 1379/1379
f 1379/1379 1206/1206 1207/1207
f 1379/1379 1207/1207 1377/1377
f 1377/1377 1207/1207 1208/1208
f 1377/1377 1208/1208 1375/1375
f 1375/1375 1208/1208 1209/1209
f 1375/1375 1209/1209 1373/1373
f 1373/1373 1209/1209 1210/1210
f 1373/1373 1210/1210 1370/1370
f 1371/1371 1211/1211 1212/1212
f 1371/1371 1212/1212 1367/1367
f 1367/1367 1212/1212 1213/1213
f 1367/1367 1213/1213 1365/1365
f 1365/1365 1213/1213 1214/1214
f 1365/1365 1214/1214 1363/1363
f 1363/1363 1214/1214 1215/1215
f 1363/1363 1215/1215 1361/1361
f 1361/1361 1215/1215 1216/1216
f 1361/1361 1216/1216 1359/1359
f 1359/1359 1216/1216 1217/1217
f 1359/1359 1217/1217 1357/1357
f 1357/1357 1217/1217 1218/1218
f 1357/1357 1218/1218 1355/1355
f 1355/1355 1218/1218 1219/1219
f 1355/1355 1219/1219 1353/1353
f 1353/1353 1219/1219 1220/1220
f 1353/1353 1220/1220 1351/1351
f 1351/1351 1220/1220 1221/1221
f 1351/1351 1221/1221 1349/1349
f 1225/1225 1228/1228 1226/1226
f 1225/1225 1226/1226 1223/1223
f 1229/1229 1318/1318 1319/1319
f 1229/1229 1319/1319 1226/1226
f 1294/1294 1296/1296 1225/1225
f 1294/1294 1225/1225 1223/1223
f 1421/1421 1322/1322 1345/1345
f 1421/1421 1345/1345 1422/1422
f 1323/1323 1324/1324 1230/1230
f 1323/1323 1230/1230 1227/1227
f 1228/1228 1231/1231 1229/1229
f 1228/1228 1229/1229 1226/1226
f 1320/1320 1321/1321 1294/1294
f 1320/1320 1294/1294 1223/1223
f 1232/1232 1317/1317 1318/1318
f 1232/1232 1318/1318 1229/1229
f 1324/1324 1325/1325 1233/1233
f 1324/1324 1233/1233 1230/1230
f 1231/1231 1234/1234 1232/1232
f 1231/1231 1232/1232 1229/1229
f 1235/1235 1316/1316 1317/1317
f 1235/1235 1317/1317 1232/1232
f 1325/1325 1326/1326 1236/1236
f 1325/1325 1236/1236 1233/1233
f 1234/1234 1237/1237 1235/1235
f 1234/1234 1235/1235 1232/1232
f 1238/1238 1315/1315 1316/1316
f 1238/1238 1316/1316 1235/1235
f 1326/1326 1327/1327 1239/1239
f 1326/1326 1239/1239 1236/1236
f 1237/1237 1240/1240 1238/1238
f 1237/1237 1238/1238 1235/1235
f 1241/1241 1314/1314 1315/1315
f 1241/1241 1315/1315 1238/1238
f 1327/1327 1328/1328 1242/1242
f 1327/1327 1242/1242 1239/1239
f 1240/1240 1243/1243 1241/1241
f 1240/1240 1241/1241 1238/1238
f 1244/1244 1313/1313 1314/1314
f 1244/1244 1314/1314 1241/1241
f 1328/1328 1329/1329 1245/1245
f 1328/1328 1245/1245 1242/1242
f 1243/1243 1246/1246 1244/1244
f 1243/1243 1244/1244 1241/1241
f 1247/1247 1312/1312 1313/1313
f 1247/1247 1313/1313 1244/1244
f 1329/1329 1330/1330 1248/1248
f 1329/1329 1248/1248 1245/1245
f 1246/1246 1249/1249 1247/1247
f 1246/1246 1247/1247 1244/1244
f 1250/1250 1311/1311 1312/1312
f 1250/1250 1312/1312 1247/1247
f 1330/1330 1331/1331 1251/1251
f 1330/1330 1251/1251 1248/1248
f 1249/1249 1252/1252 1250/1250
f 1249/1249 1250/1250 1247/1247
f 1253/1253 1309/1309 1311/1311
f 1253/1253 1311/1311 1250/1250
f 1331/1331 1332/1332 1255/1255
f 1331/1331 1255/1255 1251/1251
f 1252/1252 1256/1256 1253/1253
f 1252/1252 1253/1253 1250/1250
f 1258/1258 1308/1308 1310/1310
f 1258/1258 1310/1310 1254/1254
f 1332/1332 1333/1333 1259/1259
f 1332/1332 1259/1259 1255/1255
f 1257/1257 1260/1260 1258/1258
f 1257/1257 1258/1258 1254/1254
f 1261/1261 1307/1307 1308/1308
f 1261/1261 1308/1308 1258/1258
f 1333/1333 1334/1334 1262/1262
f 1333/1333 1262/1262 1259/1259
f 1260/1260 1263/1263 1261/1261
f 1260/1260 1261/1261 1258/1258
f 1264/1264 1306/1306 1307/1307
f 1264/1264 1307/1307 1261/1261
f 1334/1334 1335/1335 1265/1265
f 1334/1334 1265/1265 1262/1262
f 1263/1263 1266/1266 1264/1264
f 1263/1263 1264/1264 1261/1261
f 1267/1267 1305/1305 1306/1306
f 1267/1267 1306/1306 1264/1264
f 1335/1335 1336/1336 1268/1268
f 1335/1335 1268/1268 1265/1265
f 1266/1266 1269/1269 1267/1267
f 1266/1266 1267/1267 1264/1264
f 1270/1270 1304/1304 1305/1305
f 1270/1270 1305/1305 1267/1267
f 1336/1336 1337/1337 1271/1271
f 1336/1336 1271/1271 1268/1268
f 1269/1269 1272/1272 1270/1270
f 1269/1269 1270/1270 1267/1267
f 1273/1273 1303/1303 1304/1304
f 1273/1273 1304/1304 1270/1270
f 1337/1337 1338/1338 1274/1274
f 1337/1337 1274/1274 1271/1271
f 1272/1272 1275/1275 1273/1273
f 1272/1272 1273/1273 1270/1270
f 1276/1276 1302/1302 1303/1303
f 1276/1276 1303/1303 1273/1273
f 1338/1338 1339/1339 1277/1277
f 1338/1338 1277/1277 1274/1274
f 1275/1275 1278/1278 1276/1276
f 1275/1275 1276/1276 1273/1273
f 1279/1279 1301/1301 1302/1302
f 1279/1279 1302/1302 1276/1276
f 1339/1339 1340/1340 1280/1280
f 1339/1339 1280/1280 1277/1277
f 1278/1278 1281/1281 1279/1279
f 1278/1278 1279/1279 1276/1276
f 1282/1282 1300/1300 1301/1301
f 1282/1282 1301/1301 1279/1279
f 1340/1340 1341/1341 1283/1283
f 1340/1340 1283/1283 1280/1280
f 1281/1281 1284/1284 1282/1282
f 1281/1281 1282/1282 1279/1279
f 1285/1285 1299/1299 1300/1300
f 1285/1285 1300/1300 1282/1282
f 1341/1341 1342/1342 1286/1286
f 1341/1341 1286/1286 1283/1283
f 1284/1284 1287/1287 1285/1285
f 1284/1284 1285/1285 1282/1282
f 1288/1288 1298/1298 1299/1299
f 1288/1288 1299/1299 1285/1285
f 1342/1342 1343/1343 1289/1289
f 1342/1342 1289/1289 1286/1286
f 1287/1287 1290/1290 1288/1288
f 1287/1287 1288/1288 1285/1285
f 1291/1291 1297/1297 1298/1298
f 1291/1291 1298/1298 1288/1288
f 1343/1343 1344/1344 1292/1292
f 1343/1343 1292/1292 1289/1289
f 1290/1290 1293/1293 1291/1291
f 1290/1290 1291/1291 1288/1288
f 1294/1294 1321/1321 1297/1297
f 1294/1294 1297/1297 1291/1291
f 1344/1344 1345/1345 1295/1295
f 1344/1344 1295/1295 1292/1292
f 1293/1293 1296/1296 1294/1294
f 1293/1293 1294/1294 1291/1291
f 1322/1322 1323/1323 1227/1227
f 1322/1322 1227/1227 1224/1224
f 1392/1392 1394/1394 1042/1042
f 1392/1392 1042/1042 1043/1043
f 1446/1446 1321/1321 1320/1320
f 1446/1446 1320/1320 1447/1447
f 1321/1321 1446/1446 1445/1445
f 1321/1321 1445/1445 1297/1297
f 1148/1148 1468/1468 1469/1469
f 1148/1148 1469/1469 1147/1147
f 1467/1467 1468/1468 1148/1148
f 1467/1467 1148/1148 1149/1149
f 1466/1466 1467/1467 1149/1149
f 1466/1466 1149/1149 1150/1150
f 1465/1465 1466/1466 1150/1150
f 1465/1465 1150/1150 1151/1151
f 1464/1464 1465/1465 1151/1151
f 1464/1464 1151/1151 1152/1152
f 1463/1463 1464/1464 1152/1152
f 1463/1463 1152/1152 1153/1153
f 1462/1462 1463/1463 1153/1153
f 1462/1462 1153/1153 1154/1154
f 1461/1461 1462/1462 1154/1154
f 1461/1461 1154/1154 1155/1155
f 1460/1460 1461/1461 1155/1155
f 1460/1460 1155/1155 1156/1156
f 1459/1459 1460/1460 1156/1156
f 1459/1459 1156/1156 1157/1157
f 1458/1458 1459/1459 1157/1157
f 1458/1458 1157/1157 1159/1159
f 1456/1456 1457/1457 1158/1158
f 1456/1456 1158/1158 1160/1160
f 1455/1455 1456/1456 1160/1160
f 1455/1455 1160/1160 1161/1161
f 1454/1454 1455/1455 1161/1161
f 1454/1454 1161/1161 1162/1162
f 1453/1453 1454/1454 1162/1162
f 1453/1453 1162/1162 1163/1163
f 1452/1452 1453/1453 1163/1163
f 1452/1452 1163/1163 1164/1164
f 1451/1451 1452/1452 1164/1164
f 1451/1451 1164/1164 1165/1165
f 1450/1450 1451/1451 1165/1165
f 1450/1450 1165/1165 1166/1166
f 1449/1449 1450/1450 1166/1166
f 1449/1449 1166/1166 1167/1167
f 1448/1448 1449/1449 1167/1167
f 1448/1448 1167/1167 1168/1168
f 1447/1447 1448/1448 1168/1168
f 1447/1447 1168/1168 1169/1169
f 1446/1446 1447/1447 1169/1169
f 1446/1446 1169/1169 1170/1170
f 1068/1068 1421/1421 1422/1422
f 1068/1068 1581/1581 1423/1423
f 1068/1068 1423/1423 1421/1421
f 1422/1422 1345/1345 1344/1344
f 1422/1422 1344/1344 1444/1444
f 1069/1069 1425/1425 1424/1424
f 1069/1069 1424/1424 1581/1581
f 1069/1069 1426/1426 1425/1425
f 1071/1071 1427/1427 1426/1426
f 1071/1071 1426/1426 1069/1069
f 1071/1071 1428/1428 1427/1427
f 1074/1074 1429/1429 1428/1428
f 1074/1074 1428/1428 1071/1071
f 1074/1074 1430/1430 1429/1429
f 1076/1076 1431/1431 1430/1430
f 1076/1076 1430/1430 1074/1074
f 1076/1076 1432/1432 1431/1431
f 1471/1471 1433/1433 1432/1432
f 1471/1471 1432/1432 1076/1076
f 1471/1471 1434/1434 1433/1433
f 1657/1657 1435/1435 1434/1434
f 1657/1657 1434/1434 1471/1471
f 1657/1657 1436/1436 1435/1435
f 1655/1655 1437/1437 1436/1436
f 1655/1655 1436/1436 1657/1657
f 1655/1655 1438/1438 1437/1437
f 1080/1080 1439/1439 1438/1438
f 1080/1080 1438/1438 1655/1655
f 1080/1080 1440/1440 1439/1439
f 1745/1745 1441/1441 1440/1440
f 1745/1745 1440/1440 1080/1080
f 1745/1745 1442/1442 1441/1441
f 1747/1747 1443/1443 1442/1442
f 1747/1747 1442/1442 1745/1745
f 1747/1747 1444/1444 1443/1443
f 1068/1068 1422/1422 1444/1444
f 1068/1068 1444/1444 1747/1747
f 1319/1319 1320/1320 1223/1223
f 1319/1319 1223/1223 1226/1226
f 1045/1045 1348/1348 1346/1346
f 1045/1045 1346/1346 1044/1044
f 1394/1394 1392/1392 1393/1393
f 1394/1394 1393/1393 1395/1395
f 1350/1350 1351/1351 1349/1349
f 1350/1350 1349/1349 1348/1348
f 1198/1198 1395/1395 1393/1393
f 1198/1198 1393/1393 1199/1199
f 1046/1046 1350/1350 1348/1348
f 1046/1046 1348/1348 1045/1045
f 1352/1352 1353/1353 1351/1351
f 1352/1352 1351/1351 1350/1350
f 1047/1047 1352/1352 1350/1350
f 1047/1047 1350/1350 1046/1046
f 1354/1354 1355/1355 1353/1353
f 1354/1354 1353/1353 1352/1352
f 1048/1048 1354/1354 1352/1352
f 1048/1048 1352/1352 1047/1047
f 1356/1356 1357/1357 1355/1355
f 1356/1356 1355/1355 1354/1354
f 1049/1049 1356/1356 1354/1354
f 1049/1049 1354/1354 1048/1048
f 1358/1358 1359/1359 1357/1357
f 1358/1358 1357/1357 1356/1356
f 1050/1050 1358/1358 1356/1356
f 1050/1050 1356/1356 1049/1049
f 1360/1360 1361/1361 1359/1359
f 1360/1360 1359/1359 1358/1358
f 1051/1051 1360/1360 1358/1358
f 1051/1051 1358/1358 1050/1050
f 1362/1362 1363/1363 1361/1361
f 1362/1362 1361/1361 1360/1360
f 1052/1052 1362/1362 1360/1360
f 1052/1052 1360/1360 1051/1051
f 1364/1364 1365/1365 1363/1363
f 1364/1364 1363/1363 1362/1362
f 1053/1053 1364/1364 1362/1362
f 1053/1053 1362/1362 1052/1052
f 1366/1366 1367/1367 1365/1365
f 1366/1366 1365/1365 1364/1364
f 1054/1054 1366/1366 1364/1364
f 1054/1054 1364/1364 1053/1053
f 1369/1369 1371/1371 1367/1367
f 1369/1369 1367/1367 1366/1366
f 1056/1056 1369/1369 1366/1366
f 1056/1056 1366/1366 1054/1054
f 1372/1372 1373/1373 1370/1370
f 1372/1372 1370/1370 1368/1368
f 1057/1057 1372/1372 1368/1368
f 1057/1057 1368/1368 1055/1055
f 1374/1374 1375/1375 1373/1373
f 1374/1374 1373/1373 1372/1372
f 1058/1058 1374/1374 1372/1372
f 1058/1058 1372/1372 1057/1057
f 1376/1376 1377/1377 1375/1375
f 1376/1376 1375/1375 1374/1374
f 1059/1059 1376/1376 1374/1374
f 1059/1059 1374/1374 1058/1058
f 1378/1378 1379/1379 1377/1377
f 1378/1378 1377/1377 1376/1376
f 1060/1060 1378/1378 1376/1376
f 1060/1060 1376/1376 1059/1059
f 1380/1380 1381/1381 1379/1379
f 1380/1380 1379/1379 1378/1378
f 1061/1061 1380/1380 1378/1378
f 1061/1061 1378/1378 1060/1060
f 1382/1382 1383/1383 1381/1381
f 1382/1382 1381/1381 1380/1380
f 1062/1062 1382/1382 1380/1380
f 1062/1062 1380/1380 1061/1061
f 1384/1384 1385/1385 1383/1383
f 1384/1384 1383/1383 1382/1382
f 1063/1063 1384/1384 1382/1382
f 1063/1063 1382/1382 1062/1062
f 1386/1386 1387/1387 1385/1385
f 1386/1386 1385/1385 1384/1384
f 1064/1064 1386/1386 1384/1384
f 1064/1064 1384/1384 1063/1063
f 1388/1388 1389/1389 1387/1387
f 1388/1388 1387/1387 1386/1386
f 1065/1065 1388/1388 1386/1386
f 1065/1065 1386/1386 1064/1064
f 1390/1390 1391/1391 1389/1389
f 1390/1390 1389/1389 1388/1388
f 1066/1066 1390/1390 1388/1388
f 1066/1066 1388/1388 1065/1065
f 1042/1042 1394/1394 1390/1390
f 1042/1042 1390/1390 1066/1066
f 1346/1346 1392/1392 1043/1043
f 1346/1346 1043/1043 1044/1044
f 1394/1394 1395/1395 1391/1391
f 1394/1394 1391/1391 1390/1390
f 1168/1168 1398/1398 1397/1397
f 1168/1168 1397/1397 1169/1169
f 1197/1197 1396/1396 1397/1397
f 1197/1197 1397/1397 1196/1196
f 1167/1167 1399/1399 1398/1398
f 1167/1167 1398/1398 1168/1168
f 1166/1166 1400/1400 1399/1399
f 1166/1166 1399/1399 1167/1167
f 1165/1165 1401/1401 1400/1400
f 1165/1165 1400/1400 1166/1166
f 1164/1164 1402/1402 1401/1401
f 1164/1164 1401/1401 1165/1165
f 1163/1163 1403/1403 1402/1402
f 1163/1163 1402/1402 1164/1164
f 1162/1162 1404/1404 1403/1403
f 1162/1162 1403/1403 1163/1163
f 1161/1161 1405/1405 1404/1404
f 1161/1161 1404/1404 1162/1162
f 1160/1160 1406/1406 1405/1405
f 1160/1160 1405/1405 1161/1161
f 1158/1158 1407/1407 1406/1406
f 1158/1158 1406/1406 1160/1160
f 1157/1157 1409/1409 1408/1408
f 1157/1157 1408/1408 1159/1159
f 1156/1156 1410/1410 1409/1409
f 1156/1156 1409/1409 1157/1157
f 1155/1155 1411/1411 1410/1410
f 1155/1155 1410/1410 1156/1156
f 1154/1154 1412/1412 1411/1411
f 1154/1154 1411/1411 1155/1155
f 1153/1153 1413/1413 1412/1412
f 1153/1153 1412/1412 1154/1154
f 1152/1152 1414/1414 1413/1413
f 1152/1152 1413/1413 1153/1153
f 1151/1151 1415/1415 1414/1414
f 1151/1151 1414/1414 1152/1152
f 1150/1150 1416/1416 1415/1415
f 1150/1150 1415/1415 1151/1151
f 1149/1149 1417/1417 1416/1416
f 1149/1149 1416/1416 1150/1150
f 1148/1148 1418/1418 1417/1417
f 1148/1148 1417/1417 1149/1149
f 1418/1418 1148/1148 1147/1147
f 1418/1418 1147/1147 1419/1419
f 1419/1419 1147/1147 1146/1146
f 1419/1419 1146/1146 1420/1420
f 1345/1345 1322/1322 1224/1224
f 1345/1345 1224/1224 1295/1295
f 1146/1146 1170/1170 1396/1396
f 1146/1146 1396/1396 1420/1420
f 1423/1423 1424/1424 1324/1324
f 1423/1423 1324/1324 1323/1323
f 1421/1421 1423/1423 1323/1323
f 1421/1421 1323/1323 1322/1322
f 1424/1424 1425/1425 1325/1325
f 1424/1424 1325/1325 1324/1324
f 1425/1425 1426/1426 1326/1326
f 1425/1425 1326/1326 1325/1325
f 1426/1426 1427/1427 1327/1327
f 1426/1426 1327/1327 1326/1326
f 1427/1427 1428/1428 1328/1328
f 1427/1427 1328/1328 1327/1327
f 1428/1428 1429/1429 1329/1329
f 1428/1428 1329/1329 1328/1328
f 1429/1429 1430/1430 1330/1330
f 1429/1429 1330/1330 1329/1329
f 1430/1430 1431/1431 1331/1331
f 1430/1430 1331/1331 1330/1330
f 1431/1431 1432/1432 1332/1332
f 1431/1431 1332/1332 1331/1331
f 1432/1432 1433/1433 1333/1333
f 1432/1432 1333/1333 1332/1332
f 1433/1433 1434/1434 1334/1334
f 1433/1433 1334/1334 1333/1333
f 1434/1434 1435/1435 1335/1335
f 1434/1434 1335/1335 1334/1334
f 1435/1435 1436/1436 1336/1336
f 1435/1435 1336/1336 1335/1335
f 1436/1436 1437/1437 1337/1337
f 1436/1436 1337/1337 1336/1336
f 1437/1437 1438/1438 1338/1338
f 1437/1437 1338/1338 1337/1337
f 1438/1438 1439/1439 1339/1339
f 1438/1438 1339/1339 1338/1338
f 1439/1439 1440/1440 1340/1340
f 1439/1439 1340/1340 1339/1339
f 1440/1440 1441/1441 1341/1341
f 1440/1440 1341/1341 1340/1340
f 1441/1441 1442/1442 1342/1342
f 1441/1441 1342/1342 1341/1341
f 1442/1442 1443/1443 1343/1343
f 1442/1442 1343/1343 1342/1342
f 1443/1443 1444/1444 1344/1344
f 1443/1443 1344/1344 1343/1343
f 1581/1581 1424/1424 1423/1423
f 1445/1445 1469/1469 1298/1298
f 1445/1445 1298/1298 1297/1297
f 1087/1087 1089/1089 1086/1086
f 1087/1087 1086/1086 1084/1084
f 1083/1083 1081/1081 1084/1084
f 1083/1083 1084/1084 1086/1086
f 1090/1090 1092/1092 1089/1089
f 1090/1090 1089/1089 1087/1087
f 1083/1083 1144/1144 1142/1142
f 1083/1083 1142/1142 1081/1081
f 1093/1093 1095/1095 1092/1092
f 1093/1093 1092/1092 1090/1090
f 1096/1096 1098/1098 1095/1095
f 1096/1096 1095/1095 1093/1093
f 1099/1099 208/208 1098/1098
f 1099/1099 1098/1098 1096/1096
f 1101/1101 1103/1103 204/204
f 1101/1101 204/204 1100/1100
f 1105/1105 250/250 1103/1103
f 1105/1105 1103/1103 1101/1101
f 1106/1106 1110/1110 250/250
f 1106/1106 250/250 1105/1105
f 1112/1112 1114/1114 1111/1111
f 1112/1112 1111/1111 1107/1107
f 1118/1118 1119/1119 1116/1116
f 1118/1118 1116/1116 1115/1115
f 1115/1115 1116/1116 1114/1114
f 1115/1115 1114/1114 1112/1112
f 1124/1124 1125/1125 1122/1122
f 1124/1124 1122/1122 1121/1121
f 1121/1121 1122/1122 1119/1119
f 1121/1121 1119/1119 1118/1118
f 1128/1128 1129/1129 573/573
f 1128/1128 573/573 1127/1127
f 1127/1127 573/573 1125/1125
f 1127/1127 1125/1125 1124/1124
f 1853/1853 1854/1854 1171/1171
f 1853/1853 1171/1171 1145/1145
f 1131/1131 1132/1132 1129/1129
f 1131/1131 1129/1129 1128/1128
f 1134/1134 449/449 1132/1132
f 1134/1134 1132/1132 1131/1131
f 1139/1139 1141/1141 1138/1138
f 1139/1139 1138/1138 1136/1136
f 1135/1135 491/491 449/449
f 1135/1135 449/449 1134/1134
f 1852/1852 1851/1851 1029/1029
f 1852/1852 1029/1029 1021/1021
f 1136/1136 1138/1138 491/491
f 1136/1136 491/491 1135/1135
f 1833/1833 1832/1832 1041/1041
f 1833/1833 1041/1041 1035/1035
f 1142/1142 1144/1144 1141/1141
f 1142/1142 1141/1141 1139/1139
f 1169/1169 1397/1397 1396/1396
f 1169/1169 1396/1396 1170/1170
f 1113/1113 1117/1117 658/658
f 1113/1113 658/658 622/622
f 1104/1104 1145/1145 1047/1047
f 1104/1104 1047/1047 1046/1046
f 1045/1045 1044/1044 1029/1029
f 1045/1045 1029/1029 1172/1172
f 1147/1147 1469/1469 1445/1445
f 1147/1147 1445/1445 1146/1146
f 1447/1447 1320/1320 1319/1319
f 1447/1447 1319/1319 1448/1448
f 1170/1170 1146/1146 1445/1445
f 1170/1170 1445/1445 1446/1446
f 1448/1448 1319/1319 1318/1318
f 1448/1448 1318/1318 1449/1449
f 1449/1449 1318/1318 1317/1317
f 1449/1449 1317/1317 1450/1450
f 1450/1450 1317/1317 1316/1316
f 1450/1450 1316/1316 1451/1451
f 1451/1451 1316/1316 1315/1315
f 1451/1451 1315/1315 1452/1452
f 1452/1452 1315/1315 1314/1314
f 1452/1452 1314/1314 1453/1453
f 1453/1453 1314/1314 1313/1313
f 1453/1453 1313/1313 1454/1454
f 1454/1454 1313/1313 1312/1312
f 1454/1454 1312/1312 1455/1455
f 1455/1455 1312/1312 1311/1311
f 1455/1455 1311/1311 1456/1456
f 1456/1456 1311/1311 1309/1309
f 1456/1456 1309/1309 1457/1457
f 1458/1458 1310/1310 1308/1308
f 1458/1458 1308/1308 1459/1459
f 1459/1459 1308/1308 1307/1307
f 1459/1459 1307/1307 1460/1460
f 1460/1460 1307/1307 1306/1306
f 1460/1460 1306/1306 1461/1461
f 1461/1461 1306/1306 1305/1305
f 1461/1461 1305/1305 1462/1462
f 1462/1462 1305/1305 1304/1304
f 1462/1462 1304/1304 1463/1463
f 1463/1463 1304/1304 1303/1303
f 1463/1463 1303/1303 1464/1464
f 1464/1464 1303/1303 1302/1302
f 1464/1464 1302/1302 1465/1465
f 1465/1465 1302/1302 1301/1301
f 1465/1465 1301/1301 1466/1466
f 1466/1466 1301/1301 1300/1300
f 1466/1466 1300/1300 1467/1467
f 1467/1467 1300/1300 1299/1299
f 1467/1467 1299/1299 1468/1468
f 1468/1468 1299/1299 1298/1298
f 1468/1468 1298/1298 1469/1469
f 716/716 710/710 261/261
f 716/716 261/261 260/260
f 1565/1565 1567/1567 1564/1564
f 1565/1565 1564/1564 1566/1566
f 1613/1613 1614/1614 1611/1611
f 1613/1613 1611/1611 1612/1612
f 1077/1077 1075/1075 1527/1527
f 1077/1077 1527/1527 1528/1528
f 1732/1732 1738/1738 1673/1673
f 1732/1732 1673/1673 1660/1660
f 1483/1483 1489/1489 1488/1488
f 1483/1483 1488/1488 1481/1481
f 1573/1573 1493/1493 1492/1492
f 1573/1573 1492/1492 1574/1574
f 1492/1492 1496/1496 1567/1567
f 1492/1492 1567/1567 1565/1565
f 1563/1563 1560/1560 1538/1538
f 1563/1563 1538/1538 1536/1536
f 1487/1487 1491/1491 1490/1490
f 1487/1487 1490/1490 1485/1485
f 1485/1485 1490/1490 1489/1489
f 1485/1485 1489/1489 1483/1483
f 1537/1537 1621/1621 1624/1624
f 1537/1537 1624/1624 1799/1799
f 1541/1541 1536/1536 1538/1538
f 1541/1541 1538/1538 1800/1800
f 1477/1477 1570/1570 1577/1577
f 1477/1477 1577/1577 1555/1555
f 1571/1571 1495/1495 1494/1494
f 1571/1571 1494/1494 1572/1572
f 1572/1572 1494/1494 1493/1493
f 1572/1572 1493/1493 1573/1573
f 1554/1554 1476/1476 1477/1477
f 1554/1554 1477/1477 1555/1555
f 1495/1495 1499/1499 1498/1498
f 1495/1495 1498/1498 1494/1494
f 1494/1494 1498/1498 1497/1497
f 1494/1494 1497/1497 1493/1493
f 1493/1493 1497/1497 1496/1496
f 1493/1493 1496/1496 1492/1492
f 1557/1557 1558/1558 1551/1551
f 1557/1557 1551/1551 1549/1549
f 1577/1577 1570/1570 1475/1475
f 1577/1577 1475/1475 1558/1558
f 1075/1075 1073/1073 1520/1520
f 1075/1075 1520/1520 1527/1527
f 1476/1476 1499/1499 1495/1495
f 1476/1476 1495/1495 1477/1477
f 1543/1543 1545/1545 1540/1540
f 1543/1543 1540/1540 1798/1798
f 1528/1528 1529/1529 1505/1505
f 1528/1528 1505/1505 1506/1506
f 1529/1529 1530/1530 1504/1504
f 1529/1529 1504/1504 1505/1505
f 1530/1530 1531/1531 1503/1503
f 1530/1530 1503/1503 1504/1504
f 1531/1531 1532/1532 1502/1502
f 1531/1531 1502/1502 1503/1503
f 1532/1532 1533/1533 1501/1501
f 1532/1532 1501/1501 1502/1502
f 1533/1533 1534/1534 1500/1500
f 1533/1533 1500/1500 1501/1501
f 1534/1534 1580/1580 1579/1579
f 1534/1534 1579/1579 1500/1500
f 1475/1475 1491/1491 1487/1487
f 1475/1475 1487/1487 1479/1479
f 1798/1798 1540/1540 1539/1539
f 1798/1798 1539/1539 1801/1801
f 1518/1518 1526/1526 1527/1527
f 1518/1518 1527/1527 1520/1520
f 1516/1516 1525/1525 1526/1526
f 1516/1516 1526/1526 1518/1518
f 1514/1514 1524/1524 1525/1525
f 1514/1514 1525/1525 1516/1516
f 1512/1512 1523/1523 1524/1524
f 1512/1512 1524/1524 1514/1514
f 1510/1510 1522/1522 1523/1523
f 1510/1510 1523/1523 1512/1512
f 1508/1508 1521/1521 1522/1522
f 1508/1508 1522/1522 1510/1510
f 1830/1830 1831/1831 1521/1521
f 1830/1830 1521/1521 1508/1508
f 1067/1067 1605/1605 1613/1613
f 1067/1067 1613/1613 1582/1582
f 1526/1526 1529/1529 1528/1528
f 1526/1526 1528/1528 1527/1527
f 1525/1525 1530/1530 1529/1529
f 1525/1525 1529/1529 1526/1526
f 1524/1524 1531/1531 1530/1530
f 1524/1524 1530/1530 1525/1525
f 1523/1523 1532/1532 1531/1531
f 1523/1523 1531/1531 1524/1524
f 1522/1522 1533/1533 1532/1532
f 1522/1522 1532/1532 1523/1523
f 1521/1521 1534/1534 1533/1533
f 1521/1521 1533/1533 1522/1522
f 1580/1580 1534/1534 1521/1521
f 1580/1580 1521/1521 1831/1831
f 1859/1859 1861/1861 1578/1578
f 1859/1859 1578/1578 1802/1802
f 1700/1700 1692/1692 1694/1694
f 1700/1700 1694/1694 1701/1701
f 1691/1691 1764/1764 1765/1765
f 1691/1691 1765/1765 1693/1693
f 1621/1621 1642/1642 1620/1620
f 1621/1621 1620/1620 1624/1624
f 1475/1475 1479/1479 1551/1551
f 1475/1475 1551/1551 1558/1558
f 1481/1481 1488/1488 1474/1474
f 1481/1481 1474/1474 1473/1473
f 1860/1860 1556/1556 1547/1547
f 1860/1860 1547/1547 1858/1858
f 1804/1804 1576/1576 1575/1575
f 1804/1804 1575/1575 1803/1803
f 1804/1804 1803/1803 1552/1552
f 1804/1804 1552/1552 1553/1553
f 1554/1554 1555/1555 1804/1804
f 1554/1554 1804/1804 1553/1553
f 1539/1539 1561/1561 1562/1562
f 1539/1539 1562/1562 1801/1801
f 1576/1576 1557/1557 1556/1556
f 1576/1576 1556/1556 1575/1575
f 1626/1626 1629/1629 1630/1630
f 1626/1626 1630/1630 1627/1627
f 1555/1555 1577/1577 1576/1576
f 1555/1555 1576/1576 1804/1804
f 1802/1802 1578/1578 1569/1569
f 1802/1802 1569/1569 1535/1535
f 1861/1861 1575/1575 1556/1556
f 1861/1861 1556/1556 1860/1860
f 1556/1556 1557/1557 1549/1549
f 1556/1556 1549/1549 1547/1547
f 1576/1576 1577/1577 1558/1558
f 1576/1576 1558/1558 1557/1557
f 1830/1830 1473/1473 1474/1474
f 1830/1830 1474/1474 1831/1831
f 1569/1569 1578/1578 1563/1563
f 1569/1569 1563/1563 1536/1536
f 1574/1574 1492/1492 1565/1565
f 1574/1574 1565/1565 1568/1568
f 1604/1604 1614/1614 1613/1613
f 1604/1604 1613/1613 1605/1605
f 1579/1579 1580/1580 1566/1566
f 1579/1579 1566/1566 1564/1564
f 1477/1477 1495/1495 1571/1571
f 1477/1477 1571/1571 1570/1570
f 1566/1566 1580/1580 1568/1568
f 1566/1566 1568/1568 1565/1565
f 1489/1489 1573/1573 1574/1574
f 1489/1489 1574/1574 1488/1488
f 1490/1490 1572/1572 1573/1573
f 1490/1490 1573/1573 1489/1489
f 1491/1491 1571/1571 1572/1572
f 1491/1491 1572/1572 1490/1490
f 1475/1475 1570/1570 1571/1571
f 1475/1475 1571/1571 1491/1491
f 1070/1070 1612/1612 1519/1519
f 1070/1070 1519/1519 1072/1072
f 1764/1764 1767/1767 1766/1766
f 1764/1764 1766/1766 1765/1765
f 1582/1582 1613/1613 1612/1612
f 1582/1582 1612/1612 1070/1070
f 1480/1480 1587/1587 1588/1588
f 1480/1480 1588/1588 1482/1482
f 1646/1646 1647/1647 1591/1591
f 1646/1646 1591/1591 1592/1592
f 1638/1638 1640/1640 1595/1595
f 1638/1638 1595/1595 1591/1591
f 1621/1621 1537/1537 1559/1559
f 1621/1621 1559/1559 1636/1636
f 1484/1484 1589/1589 1590/1590
f 1484/1484 1590/1590 1486/1486
f 1482/1482 1588/1588 1589/1589
f 1482/1482 1589/1589 1484/1484
f 1586/1586 1630/1630 1650/1650
f 1586/1586 1650/1650 1643/1643
f 1644/1644 1645/1645 1593/1593
f 1644/1644 1593/1593 1594/1594
f 1645/1645 1646/1646 1592/1592
f 1645/1645 1592/1592 1593/1593
f 1627/1627 1630/1630 1586/1586
f 1627/1627 1586/1586 1585/1585
f 1593/1593 1597/1597 1598/1598
f 1593/1593 1598/1598 1594/1594
f 1592/1592 1596/1596 1597/1597
f 1592/1592 1597/1597 1593/1593
f 1591/1591 1595/1595 1596/1596
f 1591/1591 1596/1596 1592/1592
f 1632/1632 1548/1548 1550/1550
f 1632/1632 1550/1550 1633/1633
f 1650/1650 1633/1633 1584/1584
f 1650/1650 1584/1584 1643/1643
f 1594/1594 1598/1598 1585/1585
f 1594/1594 1585/1585 1586/1586
f 1623/1623 1544/1544 1542/1542
f 1623/1623 1542/1542 1805/1805
f 1603/1603 1615/1615 1614/1614
f 1603/1603 1614/1614 1604/1604
f 1602/1602 1616/1616 1615/1615
f 1602/1602 1615/1615 1603/1603
f 1601/1601 1617/1617 1616/1616
f 1601/1601 1616/1616 1602/1602
f 1600/1600 1618/1618 1617/1617
f 1600/1600 1617/1617 1601/1601
f 1599/1599 1619/1619 1618/1618
f 1599/1599 1618/1618 1600/1600
f 1599/1599 1652/1652 1653/1653
f 1599/1599 1653/1653 1619/1619
f 1486/1486 1590/1590 1584/1584
f 1486/1486 1584/1584 1478/1478
f 1805/1805 1806/1806 1622/1622
f 1805/1805 1622/1622 1623/1623
f 1611/1611 1517/1517 1519/1519
f 1611/1611 1519/1519 1612/1612
f 1610/1610 1515/1515 1517/1517
f 1610/1610 1517/1517 1611/1611
f 1609/1609 1513/1513 1515/1515
f 1609/1609 1515/1515 1610/1610
f 1608/1608 1511/1511 1513/1513
f 1608/1608 1513/1513 1609/1609
f 1607/1607 1509/1509 1511/1511
f 1607/1607 1511/1511 1608/1608
f 1606/1606 1507/1507 1509/1509
f 1606/1606 1509/1509 1607/1607
f 1828/1828 1829/1829 1507/1507
f 1828/1828 1507/1507 1606/1606
f 1470/1470 1506/1506 1702/1702
f 1470/1470 1702/1702 1656/1656
f 1653/1653 1641/1641 1583/1583
f 1653/1653 1583/1583 1828/1828
f 1614/1614 1615/1615 1610/1610
f 1614/1614 1610/1610 1611/1611
f 1615/1615 1616/1616 1609/1609
f 1615/1615 1609/1609 1610/1610
f 1616/1616 1617/1617 1608/1608
f 1616/1616 1608/1608 1609/1609
f 1617/1617 1618/1618 1607/1607
f 1617/1617 1607/1607 1608/1608
f 1618/1618 1619/1619 1606/1606
f 1618/1618 1606/1606 1607/1607
f 1619/1619 1653/1653 1828/1828
f 1619/1619 1828/1828 1606/1606
f 1863/1863 1807/1807 1651/1651
f 1863/1863 1651/1651 1865/1865
f 1874/1874 1628/1628 1809/1809
f 1874/1874 1809/1809 1862/1862
f 1550/1550 1478/1478 1584/1584
f 1550/1550 1584/1584 1633/1633
f 1480/1480 1472/1472 1583/1583
f 1480/1480 1583/1583 1587/1587
f 1864/1864 1857/1857 1546/1546
f 1864/1864 1546/1546 1631/1631
f 1629/1629 1808/1808 1648/1648
f 1629/1629 1648/1648 1649/1649
f 1808/1808 1629/1629 1626/1626
f 1808/1808 1626/1626 1625/1625
f 1622/1622 1806/1806 1635/1635
f 1622/1622 1635/1635 1634/1634
f 1631/1631 1632/1632 1649/1649
f 1631/1631 1649/1649 1648/1648
f 1553/1553 1816/1816 1722/1722
f 1553/1553 1722/1722 1554/1554
f 1630/1630 1629/1629 1649/1649
f 1630/1630 1649/1649 1650/1650
f 1807/1807 1620/1620 1642/1642
f 1807/1807 1642/1642 1651/1651
f 1865/1865 1864/1864 1631/1631
f 1865/1865 1631/1631 1648/1648
f 1546/1546 1548/1548 1632/1632
f 1546/1546 1632/1632 1631/1631
f 1649/1649 1632/1632 1633/1633
f 1649/1649 1633/1633 1650/1650
f 1642/1642 1621/1621 1636/1636
f 1642/1642 1636/1636 1651/1651
f 1647/1647 1641/1641 1638/1638
f 1647/1647 1638/1638 1591/1591
f 1505/1505 1703/1703 1702/1702
f 1505/1505 1702/1702 1506/1506
f 1652/1652 1637/1637 1639/1639
f 1652/1652 1639/1639 1653/1653
f 1586/1586 1643/1643 1644/1644
f 1586/1586 1644/1644 1594/1594
f 1488/1488 1574/1574 1568/1568
f 1488/1488 1568/1568 1474/1474
f 1639/1639 1638/1638 1641/1641
f 1639/1639 1641/1641 1653/1653
f 1637/1637 1640/1640 1638/1638
f 1637/1637 1638/1638 1639/1639
f 1588/1588 1587/1587 1647/1647
f 1588/1588 1647/1647 1646/1646
f 1589/1589 1588/1588 1646/1646
f 1589/1589 1646/1646 1645/1645
f 1590/1590 1589/1589 1645/1645
f 1590/1590 1645/1645 1644/1644
f 1584/1584 1590/1590 1644/1644
f 1584/1584 1644/1644 1643/1643
f 1536/1536 1541/1541 1535/1535
f 1536/1536 1535/1535 1569/1569
f 1564/1564 1567/1567 1730/1730
f 1564/1564 1730/1730 1731/1731
f 1656/1656 1702/1702 1701/1701
f 1656/1656 1701/1701 1654/1654
f 1666/1666 1673/1673 1674/1674
f 1666/1666 1674/1674 1668/1668
f 1737/1737 1738/1738 1677/1677
f 1737/1737 1677/1677 1678/1678
f 1730/1730 1567/1567 1496/1496
f 1730/1730 1496/1496 1677/1677
f 1710/1710 1712/1712 1727/1727
f 1710/1710 1727/1727 1729/1729
f 1670/1670 1675/1675 1676/1676
f 1670/1670 1676/1676 1672/1672
f 1668/1668 1674/1674 1675/1675
f 1668/1668 1675/1675 1670/1670
f 1711/1711 1811/1811 1775/1775
f 1711/1711 1775/1775 1774/1774
f 1710/1710 1713/1713 1812/1812
f 1710/1710 1812/1812 1712/1712
f 1662/1662 1722/1722 1741/1741
f 1662/1662 1741/1741 1734/1734
f 1735/1735 1736/1736 1679/1679
f 1735/1735 1679/1679 1680/1680
f 1736/1736 1737/1737 1678/1678
f 1736/1736 1678/1678 1679/1679
f 1554/1554 1722/1722 1662/1662
f 1554/1554 1662/1662 1476/1476
f 1679/1679 1498/1498 1499/1499
f 1679/1679 1499/1499 1680/1680
f 1678/1678 1497/1497 1498/1498
f 1678/1678 1498/1498 1679/1679
f 1677/1677 1496/1496 1497/1497
f 1677/1677 1497/1497 1678/1678
f 1724/1724 1719/1719 1721/1721
f 1724/1724 1721/1721 1725/1725
f 1741/1741 1725/1725 1661/1661
f 1741/1741 1661/1661 1734/1734
f 1654/1654 1701/1701 1694/1694
f 1654/1654 1694/1694 1079/1079
f 1680/1680 1499/1499 1476/1476
f 1680/1680 1476/1476 1662/1662
f 1540/1540 1545/1545 1715/1715
f 1540/1540 1715/1715 1810/1810
f 1504/1504 1704/1704 1703/1703
f 1504/1504 1703/1703 1505/1505
f 1503/1503 1705/1705 1704/1704
f 1503/1503 1704/1704 1504/1504
f 1502/1502 1706/1706 1705/1705
f 1502/1502 1705/1705 1503/1503
f 1501/1501 1707/1707 1706/1706
f 1501/1501 1706/1706 1502/1502
f 1500/1500 1708/1708 1707/1707
f 1500/1500 1707/1707 1501/1501
f 1579/1579 1743/1743 1708/1708
f 1579/1579 1708/1708 1500/1500
f 1672/1672 1676/1676 1661/1661
f 1672/1672 1661/1661 1664/1664
f 1810/1810 1813/1813 1539/1539
f 1810/1810 1539/1539 1540/1540
f 1699/1699 1690/1690 1692/1692
f 1699/1699 1692/1692 1700/1700
f 1698/1698 1688/1688 1690/1690
f 1698/1698 1690/1690 1699/1699
f 1697/1697 1686/1686 1688/1688
f 1697/1697 1688/1688 1698/1698
f 1696/1696 1684/1684 1686/1686
f 1696/1696 1686/1686 1697/1697
f 1695/1695 1682/1682 1684/1684
f 1695/1695 1684/1684 1696/1696
f 1827/1827 1826/1826 1682/1682
f 1827/1827 1682/1682 1695/1695
f 1746/1746 1766/1766 1605/1605
f 1746/1746 1605/1605 1067/1067
f 1743/1743 1732/1732 1660/1660
f 1743/1743 1660/1660 1827/1827
f 1702/1702 1703/1703 1700/1700
f 1702/1702 1700/1700 1701/1701
f 1703/1703 1704/1704 1699/1699
f 1703/1703 1699/1699 1700/1700
f 1704/1704 1705/1705 1698/1698
f 1704/1704 1698/1698 1699/1699
f 1705/1705 1706/1706 1697/1697
f 1705/1705 1697/1697 1698/1698
f 1706/1706 1707/1707 1696/1696
f 1706/1706 1696/1696 1697/1697
f 1707/1707 1708/1708 1695/1695
f 1707/1707 1695/1695 1696/1696
f 1708/1708 1743/1743 1827/1827
f 1708/1708 1827/1827 1695/1695
f 1868/1868 1814/1814 1742/1742
f 1868/1868 1742/1742 1870/1870
f 1876/1876 1821/1821 1823/1823
f 1876/1876 1823/1823 1878/1878
f 1774/1774 1775/1775 1773/1773
f 1774/1774 1773/1773 1787/1787
f 1721/1721 1664/1664 1661/1661
f 1721/1721 1661/1661 1725/1725
f 1660/1660 1673/1673 1666/1666
f 1660/1660 1666/1666 1659/1659
f 1869/1869 1867/1867 1717/1717
f 1869/1869 1717/1717 1723/1723
f 1816/1816 1815/1815 1739/1739
f 1816/1816 1739/1739 1740/1740
f 1552/1552 1815/1815 1816/1816
f 1552/1552 1816/1816 1553/1553
f 1539/1539 1813/1813 1728/1728
f 1539/1539 1728/1728 1561/1561
f 1723/1723 1724/1724 1740/1740
f 1723/1723 1740/1740 1739/1739
f 1627/1627 1778/1778 1777/1777
f 1627/1627 1777/1777 1626/1626
f 1722/1722 1816/1816 1740/1740
f 1722/1722 1740/1740 1741/1741
f 1814/1814 1709/1709 1733/1733
f 1814/1814 1733/1733 1742/1742
f 1870/1870 1869/1869 1723/1723
f 1870/1870 1723/1723 1739/1739
f 1717/1717 1719/1719 1724/1724
f 1717/1717 1724/1724 1723/1723
f 1740/1740 1724/1724 1725/1725
f 1740/1740 1725/1725 1741/1741
f 1733/1733 1710/1710 1729/1729
f 1733/1733 1729/1729 1742/1742
f 1738/1738 1732/1732 1730/1730
f 1738/1738 1730/1730 1677/1677
f 1766/1766 1767/1767 1604/1604
f 1766/1766 1604/1604 1605/1605
f 1579/1579 1564/1564 1731/1731
f 1579/1579 1731/1731 1743/1743
f 1662/1662 1734/1734 1735/1735
f 1662/1662 1735/1735 1680/1680
f 1731/1731 1730/1730 1732/1732
f 1731/1731 1732/1732 1743/1743
f 1674/1674 1673/1673 1738/1738
f 1674/1674 1738/1738 1737/1737
f 1675/1675 1674/1674 1737/1737
f 1675/1675 1737/1737 1736/1736
f 1676/1676 1675/1675 1736/1736
f 1676/1676 1736/1736 1735/1735
f 1661/1661 1676/1676 1735/1735
f 1661/1661 1735/1735 1734/1734
f 1078/1078 1693/1693 1765/1765
f 1078/1078 1765/1765 1744/1744
f 1744/1744 1765/1765 1766/1766
f 1744/1744 1766/1766 1746/1746
f 1667/1667 1752/1752 1751/1751
f 1667/1667 1751/1751 1665/1665
f 1791/1791 1756/1756 1755/1755
f 1791/1791 1755/1755 1792/1792
f 1755/1755 1595/1595 1640/1640
f 1755/1755 1640/1640 1784/1784
f 1783/1783 1726/1726 1711/1711
f 1783/1783 1711/1711 1774/1774
f 1671/1671 1754/1754 1753/1753
f 1671/1671 1753/1753 1669/1669
f 1669/1669 1753/1753 1752/1752
f 1669/1669 1752/1752 1667/1667
f 1750/1750 1788/1788 1795/1795
f 1750/1750 1795/1795 1778/1778
f 1789/1789 1758/1758 1757/1757
f 1789/1789 1757/1757 1790/1790
f 1790/1790 1757/1757 1756/1756
f 1790/1790 1756/1756 1791/1791
f 1627/1627 1585/1585 1750/1750
f 1627/1627 1750/1750 1778/1778
f 1758/1758 1598/1598 1597/1597
f 1758/1758 1597/1597 1757/1757
f 1757/1757 1597/1597 1596/1596
f 1757/1757 1596/1596 1756/1756
f 1756/1756 1596/1596 1595/1595
f 1756/1756 1595/1595 1755/1755
f 1780/1780 1781/1781 1720/1720
f 1780/1780 1720/1720 1718/1718
f 1795/1795 1788/1788 1749/1749
f 1795/1795 1749/1749 1781/1781
f 1751/1751 1792/1792 1786/1786
f 1751/1751 1786/1786 1748/1748
f 1585/1585 1598/1598 1758/1758
f 1585/1585 1758/1758 1750/1750
f 1714/1714 1544/1544 1623/1623
f 1714/1714 1623/1623 1817/1817
f 1767/1767 1768/1768 1603/1603
f 1767/1767 1603/1603 1604/1604
f 1768/1768 1769/1769 1602/1602
f 1768/1768 1602/1602 1603/1603
f 1769/1769 1770/1770 1601/1601
f 1769/1769 1601/1601 1602/1602
f 1770/1770 1771/1771 1600/1600
f 1770/1770 1600/1600 1601/1601
f 1771/1771 1772/1772 1599/1599
f 1771/1771 1599/1599 1600/1600
f 1599/1599 1772/1772 1797/1797
f 1599/1599 1797/1797 1652/1652
f 1749/1749 1754/1754 1671/1671
f 1749/1749 1671/1671 1663/1663
f 1817/1817 1623/1623 1622/1622
f 1817/1817 1622/1622 1818/1818
f 1689/1689 1763/1763 1764/1764
f 1689/1689 1764/1764 1691/1691
f 1687/1687 1762/1762 1763/1763
f 1687/1687 1763/1763 1689/1689
f 1685/1685 1761/1761 1762/1762
f 1685/1685 1762/1762 1687/1687
f 1683/1683 1760/1760 1761/1761
f 1683/1683 1761/1761 1685/1685
f 1681/1681 1759/1759 1760/1760
f 1681/1681 1760/1760 1683/1683
f 1825/1825 1824/1824 1759/1759
f 1825/1825 1759/1759 1681/1681
f 1824/1824 1748/1748 1786/1786
f 1824/1824 1786/1786 1797/1797
f 1763/1763 1768/1768 1767/1767
f 1763/1763 1767/1767 1764/1764
f 1762/1762 1769/1769 1768/1768
f 1762/1762 1768/1768 1763/1763
f 1761/1761 1770/1770 1769/1769
f 1761/1761 1769/1769 1762/1762
f 1760/1760 1771/1771 1770/1770
f 1760/1760 1770/1770 1761/1761
f 1759/1759 1772/1772 1771/1771
f 1759/1759 1771/1771 1760/1760
f 1824/1824 1797/1797 1772/1772
f 1824/1824 1772/1772 1759/1759
f 1871/1871 1873/1873 1796/1796
f 1871/1871 1796/1796 1819/1819
f 1862/1862 1875/1875 1782/1782
f 1862/1862 1782/1782 1634/1634
f 1749/1749 1663/1663 1720/1720
f 1749/1749 1720/1720 1781/1781
f 1665/1665 1751/1751 1748/1748
f 1665/1665 1748/1748 1658/1658
f 1872/1872 1779/1779 1716/1716
f 1872/1872 1716/1716 1866/1866
f 1777/1777 1794/1794 1793/1793
f 1777/1777 1793/1793 1820/1820
f 1626/1626 1777/1777 1820/1820
f 1626/1626 1820/1820 1625/1625
f 1622/1622 1634/1634 1782/1782
f 1622/1622 1782/1782 1818/1818
f 1794/1794 1780/1780 1779/1779
f 1794/1794 1779/1779 1793/1793
f 1778/1778 1795/1795 1794/1794
f 1778/1778 1794/1794 1777/1777
f 1819/1819 1796/1796 1787/1787
f 1819/1819 1787/1787 1773/1773
f 1873/1873 1793/1793 1779/1779
f 1873/1873 1779/1779 1872/1872
f 1779/1779 1780/1780 1718/1718
f 1779/1779 1718/1718 1716/1716
f 1794/1794 1795/1795 1781/1781
f 1794/1794 1781/1781 1780/1780
f 1825/1825 1658/1658 1748/1748
f 1825/1825 1748/1748 1824/1824
f 1787/1787 1796/1796 1783/1783
f 1787/1787 1783/1783 1774/1774
f 1792/1792 1755/1755 1784/1784
f 1792/1792 1784/1784 1786/1786
f 1652/1652 1797/1797 1785/1785
f 1652/1652 1785/1785 1637/1637
f 1750/1750 1758/1758 1789/1789
f 1750/1750 1789/1789 1788/1788
f 1641/1641 1647/1647 1587/1587
f 1641/1641 1587/1587 1583/1583
f 1785/1785 1797/1797 1786/1786
f 1785/1785 1786/1786 1784/1784
f 1784/1784 1640/1640 1637/1637
f 1784/1784 1637/1637 1785/1785
f 1752/1752 1791/1791 1792/1792
f 1752/1752 1792/1792 1751/1751
f 1753/1753 1790/1790 1791/1791
f 1753/1753 1791/1791 1752/1752
f 1754/1754 1789/1789 1790/1790
f 1754/1754 1790/1790 1753/1753
f 1749/1749 1788/1788 1789/1789
f 1749/1749 1789/1789 1754/1754
f 1710/1710 1733/1733 1709/1709
f 1710/1710 1709/1709 1713/1713
f 1543/1543 1798/1798 1541/1541
f 1543/1543 1541/1541 1800/1800
f 1798/1798 1801/1801 1535/1535
f 1798/1798 1535/1535 1541/1541
f 1877/1877 1822/1822 1803/1803
f 1877/1877 1803/1803 1859/1859
f 1823/1823 1821/1821 1815/1815
f 1823/1823 1815/1815 1552/1552
f 1801/1801 1562/1562 1802/1802
f 1801/1801 1802/1802 1535/1535
f 1805/1805 1542/1542 1799/1799
f 1805/1805 1799/1799 1624/1624
f 1806/1806 1805/1805 1624/1624
f 1806/1806 1624/1624 1620/1620
f 1874/1874 1635/1635 1807/1807
f 1874/1874 1807/1807 1863/1863
f 1809/1809 1628/1628 1808/1808
f 1809/1809 1808/1808 1625/1625
f 1635/1635 1806/1806 1620/1620
f 1635/1635 1620/1620 1807/1807
f 1810/1810 1715/1715 1812/1812
f 1810/1810 1812/1812 1713/1713
f 1813/1813 1810/1810 1713/1713
f 1813/1813 1713/1713 1709/1709
f 1728/1728 1813/1813 1709/1709
f 1728/1728 1709/1709 1814/1814
f 1714/1714 1817/1817 1775/1775
f 1714/1714 1775/1775 1811/1811
f 1817/1817 1818/1818 1773/1773
f 1817/1817 1773/1773 1775/1775
f 1875/1875 1776/1776 1820/1820
f 1875/1875 1820/1820 1871/1871
f 1776/1776 1809/1809 1625/1625
f 1776/1776 1625/1625 1820/1820
f 1818/1818 1782/1782 1819/1819
f 1818/1818 1819/1819 1773/1773
f 1803/1803 1822/1822 1823/1823
f 1803/1803 1823/1823 1552/1552
f 1868/1868 1876/1876 1728/1728
f 1868/1868 1728/1728 1814/1814
f 1878/1878 1877/1877 1562/1562
f 1878/1878 1562/1562 1561/1561
f 1660/1660 1659/1659 1826/1826
f 1660/1660 1826/1826 1827/1827
f 1583/1583 1472/1472 1829/1829
f 1583/1583 1829/1829 1828/1828
f 1568/1568 1580/1580 1831/1831
f 1568/1568 1831/1831 1474/1474
f 1470/1470 1077/1077 1528/1528
f 1470/1470 1528/1528 1506/1506
f 109/109 106/106 103/103
f 109/109 103/103 100/100
f 1062/1062 1061/1061 1037/1037
f 1062/1062 1037/1037 1027/1027
f 144/144 134/134 6/6
f 144/144 6/6 2/2
f 1833/1833 1035/1035 1028/1028
f 1833/1833 1028/1028 1834/1834
f 1081/1081 1833/1833 1834/1834
f 1081/1081 1834/1834 1084/1084
f 1081/1081 1142/1142 1832/1832
f 1081/1081 1832/1832 1833/1833
f 1139/1139 1136/1136 1851/1851
f 1139/1139 1851/1851 1852/1852
f 1131/1131 1128/1128 1854/1854
f 1131/1131 1854/1854 1853/1853
f 1096/1096 1093/1093 1837/1837
f 1096/1096 1837/1837 1838/1838
f 1099/1099 1096/1096 1838/1838
f 1099/1099 1838/1838 1839/1839
f 1101/1101 1100/1100 1840/1840
f 1101/1101 1840/1840 1841/1841
f 1105/1105 1101/1101 1841/1841
f 1105/1105 1841/1841 1842/1842
f 1093/1093 1090/1090 1836/1836
f 1093/1093 1836/1836 1837/1837
f 1112/1112 1107/1107 1844/1844
f 1112/1112 1844/1844 1845/1845
f 1115/1115 1112/1112 1845/1845
f 1115/1115 1845/1845 1846/1846
f 1100/1100 1099/1099 1839/1839
f 1100/1100 1839/1839 1840/1840
f 1121/1121 1118/1118 1847/1847
f 1121/1121 1847/1847 1848/1848
f 1124/1124 1121/1121 1848/1848
f 1124/1124 1848/1848 1849/1849
f 1106/1106 1105/1105 1842/1842
f 1106/1106 1842/1842 1843/1843
f 1135/1135 1134/1134 1855/1855
f 1135/1135 1855/1855 1856/1856
f 1029/1029 1851/1851 1856/1856
f 1029/1029 1856/1856 1172/1172
f 1118/1118 1115/1115 1846/1846
f 1118/1118 1846/1846 1847/1847
f 1041/1041 1832/1832 1852/1852
f 1041/1041 1852/1852 1021/1021
f 1127/1127 1124/1124 1849/1849
f 1127/1127 1849/1849 1850/1850
f 1171/1171 1854/1854 1850/1850
f 1171/1171 1850/1850 1022/1022
f 1090/1090 1087/1087 1835/1835
f 1090/1090 1835/1835 1836/1836
f 1134/1134 1131/1131 1853/1853
f 1134/1134 1853/1853 1855/1855
f 1087/1087 1084/1084 1834/1834
f 1087/1087 1834/1834 1835/1835
f 1823/1823 1822/1822 1877/1877
f 1823/1823 1877/1877 1878/1878
f 1815/1815 1821/1821 1876/1876
f 1815/1815 1876/1876 1868/1868
f 1782/1782 1875/1875 1871/1871
f 1782/1782 1871/1871 1819/1819
f 1628/1628 1874/1874 1863/1863
f 1628/1628 1863/1863 1808/1808
f 1562/1562 1877/1877 1859/1859
f 1562/1562 1859/1859 1802/1802
f 1796/1796 1873/1873 1872/1872
f 1796/1796 1872/1872 1783/1783
f 1783/1783 1872/1872 1866/1866
f 1783/1783 1866/1866 1726/1726
f 1809/1809 1776/1776 1875/1875
f 1809/1809 1875/1875 1862/1862
f 1820/1820 1793/1793 1873/1873
f 1820/1820 1873/1873 1871/1871
f 1742/1742 1729/1729 1869/1869
f 1742/1742 1869/1869 1870/1870
f 1729/1729 1727/1727 1867/1867
f 1729/1729 1867/1867 1869/1869
f 1728/1728 1876/1876 1878/1878
f 1728/1728 1878/1878 1561/1561
f 1815/1815 1868/1868 1870/1870
f 1815/1815 1870/1870 1739/1739
f 1651/1651 1636/1636 1864/1864
f 1651/1651 1864/1864 1865/1865
f 1636/1636 1559/1559 1857/1857
f 1636/1636 1857/1857 1864/1864
f 1635/1635 1874/1874 1862/1862
f 1635/1635 1862/1862 1634/1634
f 1808/1808 1863/1863 1865/1865
f 1808/1808 1865/1865 1648/1648
f 1578/1578 1861/1861 1860/1860
f 1578/1578 1860/1860 1563/1563
f 1563/1563 1860/1860 1858/1858
f 1563/1563 1858/1858 1560/1560
f 1803/1803 1575/1575 1861/1861
f 1803/1803 1861/1861 1859/1859
