# Exported by prepare_workshop_assets.py
mtllib wooden_hammer_01.mtl
usemtl material_wooden_hammer_01

v -0.014669 -0.008751 0.240385
v -0.014669 -0.008751 0.240385
v -0.016277 -0.009885 0.279802
v -0.016277 -0.009885 0.279802
v -0.016277 -0.009885 0.279802
v 0.011542 -0.008216 0.240208
v 0.011542 -0.008216 0.240208
v 0.011542 -0.008216 0.240208
v 0.015218 -0.009890 0.276664
v 0.015218 -0.009890 0.276664
v -0.007518 -0.008880 0.240301
v -0.007518 -0.008880 0.240301
v 0.005063 -0.008869 0.240211
v 0.005063 -0.008869 0.240211
v 0.009199 -0.009889 0.277826
v 0.009199 -0.009889 0.277826
v -0.013514 -0.009892 0.279762
v -0.013514 -0.009892 0.279762
v -0.021663 -0.010111 0.268103
v 0.014130 -0.010111 0.268956
v 0.007443 -0.010111 0.269975
v -0.014632 -0.010111 0.269656
v 0.014145 -0.009987 0.258877
v 0.014145 -0.009987 0.258877
v 0.006256 -0.010253 0.259486
v -0.012227 -0.010121 0.257410
v -0.018549 -0.009967 0.257023
v -0.020471 -0.010111 0.274833
v 0.014756 -0.010111 0.272920
v 0.008263 -0.010111 0.274082
v -0.015016 -0.010111 0.275310
v -0.020527 -0.010109 0.263768
v 0.013497 -0.010111 0.265181
v 0.006774 -0.010111 0.264847
v -0.013707 -0.010111 0.264214
v 0.025388 -0.009891 0.271742
v 0.025388 -0.009891 0.271742
v 0.024914 -0.010111 0.269149
v 0.024111 -0.010111 0.266479
v 0.022965 -0.010111 0.263446
v 0.021758 -0.009879 0.260759
v 0.021758 -0.009879 0.260759
v 0.013193 -0.009596 0.253289
v 0.013193 -0.009596 0.253289
v 0.005836 -0.009842 0.253485
v -0.010707 -0.009770 0.252310
v -0.017176 -0.009467 0.250975
v 0.054322 -0.010111 0.236904
v 0.055292 -0.010111 0.234282
v 0.055514 -0.010111 0.233573
v 0.054935 -0.010111 0.233330
v 0.054242 -0.010111 0.233339
v 0.034152 -0.009889 0.263801
v 0.034152 -0.009889 0.263801
v 0.031420 -0.010111 0.258232
v 0.032684 -0.010111 0.260212
v 0.033556 -0.010111 0.262057
v 0.030193 -0.009876 0.256561
v 0.030193 -0.009876 0.256561
v 0.043015 -0.009885 0.252927
v 0.043015 -0.009885 0.252927
v 0.040345 -0.010111 0.249870
v 0.042335 -0.010111 0.251969
v 0.039465 -0.009879 0.248870
v 0.039465 -0.009879 0.248870
v 0.041333 -0.010111 0.250883
v 0.010012 0.000000 0.277933
v 0.015285 0.000000 0.276887
v 0.051111 -0.010111 0.242221
v 0.049753 -0.010111 0.237907
v 0.014335 -0.005720 0.258830
v 0.025128 -0.005720 0.272156
v 0.021690 -0.005724 0.260545
v 0.013414 -0.005720 0.253277
v 0.054492 -0.005720 0.237306
v 0.056048 -0.005720 0.232976
v 0.054610 -0.005720 0.232702
v 0.054610 -0.005720 0.232702
v 0.056058 -0.005720 0.233529
v 0.056058 -0.005720 0.233529
v 0.055492 -0.005720 0.232719
v 0.030070 -0.005720 0.256380
v 0.039310 -0.005720 0.248709
v 0.015285 -0.005720 0.276887
v 0.012301 -0.005720 0.240108
v 0.012301 -0.005720 0.240108
v -0.018702 -0.006444 0.279989
v -0.018702 -0.006444 0.279989
v 0.049262 -0.005720 0.237823
v 0.034325 -0.005720 0.263962
v 0.043197 -0.005720 0.253070
v 0.051052 -0.005720 0.242621
v -0.018937 -0.004578 0.250502
v -0.017552 -0.008958 0.250852
v -0.017552 -0.008958 0.250852
v -0.017552 -0.008958 0.250852
v -0.017925 -0.008497 0.280000
v -0.017925 -0.008497 0.280000
v -0.019234 -0.003222 0.279982
v -0.019234 -0.003222 0.279982
v 0.012301 -0.003222 0.240108
v 0.012301 -0.003222 0.240108
v 0.034326 -0.003222 0.263963
v 0.043197 -0.003222 0.253070
v 0.051052 -0.003222 0.242621
v 0.014335 -0.003222 0.258830
v 0.024955 -0.003181 0.272251
v 0.021684 -0.003235 0.260544
v 0.013414 -0.003222 0.253277
v 0.054492 -0.003543 0.237306
v 0.056048 -0.003905 0.232976
v 0.054610 -0.003905 0.232702
v 0.054610 -0.003905 0.232702
v 0.056058 -0.003905 0.233529
v 0.056058 -0.003905 0.233529
v 0.055492 -0.003905 0.232719
v 0.030070 -0.003222 0.256381
v 0.039311 -0.003222 0.248710
v 0.015285 -0.002732 0.276887
v -0.016306 -0.004844 0.240368
v -0.016306 -0.004844 0.240368
v 0.049262 -0.003222 0.237824
v 0.014335 -0.007473 0.258830
v 0.025346 -0.008497 0.272036
v 0.021693 -0.007744 0.260546
v 0.013414 -0.007473 0.253277
v 0.054492 -0.008497 0.237306
v 0.056048 -0.008497 0.232976
v 0.054610 -0.008497 0.232702
v 0.054610 -0.008497 0.232702
v 0.056058 -0.008497 0.233529
v 0.056058 -0.008497 0.233529
v 0.055492 -0.008497 0.232719
v 0.030070 -0.008234 0.256380
v 0.039310 -0.008497 0.248709
v 0.015285 -0.008497 0.276887
v -0.015477 -0.008061 0.240431
v -0.015477 -0.008061 0.240431
v -0.015477 -0.008061 0.240431
v 0.049262 -0.008497 0.237823
v 0.012303 -0.007028 0.240109
v 0.012303 -0.007028 0.240109
v 0.034324 -0.008497 0.263961
v 0.043197 -0.008497 0.253070
v 0.051052 -0.008497 0.242621
v -0.015505 -0.009889 0.279781
v -0.015505 -0.009889 0.279781
v -0.013476 -0.008889 0.240366
v -0.013476 -0.008889 0.240366
v -0.021079 -0.010111 0.268231
v -0.017571 -0.010103 0.257091
v -0.019902 -0.010111 0.274931
v -0.019705 -0.010111 0.263777
v -0.016058 -0.009700 0.251231
v -0.017652 -0.006444 0.279984
v -0.018136 -0.003222 0.279977
v -0.016945 -0.008497 0.279995
v -0.017676 -0.009640 0.279162
v -0.017676 -0.009640 0.279162
v -0.021003 -0.009803 0.274595
v -0.021003 -0.009803 0.274595
v -0.021003 -0.009803 0.274595
v -0.019109 -0.009537 0.257424
v -0.019109 -0.009537 0.257424
v -0.019186 -0.006315 0.279458
v -0.019688 -0.003047 0.279553
v -0.016054 -0.006540 0.240369
v -0.016054 -0.006540 0.240369
v -0.018477 -0.008161 0.279437
v -0.020918 -0.009795 0.263812
v -0.020918 -0.009795 0.263812
v -0.021979 -0.009809 0.267924
v -0.021979 -0.009809 0.267924
v -0.013175 -0.002346 0.279771
v 0.008733 -0.002516 0.278044
v 0.015223 -0.010111 0.276108
v 0.008971 -0.010111 0.277341
v -0.013796 -0.010111 0.279085
v 0.025433 -0.010111 0.271381
v 0.034174 -0.010111 0.263588
v 0.043028 -0.010111 0.252853
v -0.016356 -0.010111 0.279062
v -0.016980 -0.009921 0.279049
v -0.018403 -0.006611 0.250602
v 0.010334 -0.008865 0.240136
v 0.010334 -0.008865 0.240136
v 0.039662 -0.010111 0.249105
v 0.030529 -0.010111 0.257010
v 0.012148 -0.009828 0.253288
v 0.022154 -0.010111 0.261516
v 0.013114 -0.010310 0.259965
v -0.012722 -0.006400 0.240178
v -0.012722 -0.006400 0.240178
v -0.012722 -0.006400 0.240178
v 0.008620 -0.006400 0.239975
v 0.008620 -0.006400 0.239975
v 0.008620 -0.006400 0.239975
v -0.006458 -0.006400 0.240125
v -0.006458 -0.006400 0.240125
v 0.003637 -0.006400 0.240055
v 0.003637 -0.006400 0.240055
v 0.008620 -0.004590 0.239975
v 0.008620 -0.004590 0.239975
v 0.008620 -0.002585 0.239975
v 0.008620 -0.002585 0.239975
v -0.012722 -0.003625 0.240177
v -0.012722 -0.003625 0.240177
v -0.012722 -0.005745 0.240177
v -0.012722 -0.005745 0.240177
v 0.008620 -0.005171 0.239975
v 0.008620 -0.005171 0.239975
v -0.011408 -0.006400 0.240179
v -0.011408 -0.006400 0.240179
v -0.012722 -0.004673 0.240177
v -0.012722 -0.004673 0.240177
v 0.007669 -0.006400 0.239989
v 0.007669 -0.006400 0.239989
v 0.012295 -0.008828 0.241458
v 0.012295 -0.008828 0.241458
v 0.005121 -0.009014 0.240815
v -0.007849 -0.009017 0.240775
v -0.014949 -0.008864 0.240720
v 0.012466 -0.005720 0.240698
v -0.015765 -0.008162 0.240733
v -0.015765 -0.008162 0.240733
v 0.012466 -0.003222 0.240698
v -0.016292 -0.006613 0.240569
v -0.016558 -0.004853 0.240518
v 0.012484 -0.007473 0.240941
v -0.013732 -0.009017 0.240724
v 0.011253 -0.009024 0.240978
v 0.004673 -0.008344 0.240037
v -0.007228 -0.008344 0.240122
v 0.011573 -0.005411 0.239938
v 0.011466 -0.006436 0.239939
v -0.014855 -0.007472 0.240180
v -0.015347 -0.006156 0.240174
v 0.011573 -0.003048 0.239938
v 0.010798 -0.007850 0.239948
v -0.014011 -0.008206 0.240189
v 0.009775 -0.008344 0.239964
v -0.012883 -0.008344 0.240184
v -0.015579 -0.004569 0.240171
v -0.012722 -0.006400 0.243060
v -0.012722 -0.006400 0.243060
v -0.012722 -0.006400 0.243060
v 0.008620 -0.006400 0.242870
v 0.008620 -0.006400 0.242870
v 0.008620 -0.006400 0.242870
v -0.006458 -0.006400 0.243010
v -0.006458 -0.006400 0.243010
v 0.003637 -0.006400 0.242947
v 0.003637 -0.006400 0.242947
v 0.008620 -0.004590 0.242870
v 0.008620 -0.004590 0.242870
v 0.008620 -0.002585 0.242870
v 0.008620 -0.002585 0.242870
v -0.012722 -0.003625 0.243058
v -0.012722 -0.003625 0.243058
v -0.012722 -0.005745 0.243059
v -0.012722 -0.005745 0.243059
v 0.008620 -0.005171 0.242870
v 0.008620 -0.005171 0.242870
v -0.011408 -0.006400 0.243062
v -0.011408 -0.006400 0.243062
v -0.012722 -0.004673 0.243058
v -0.012722 -0.004673 0.243058
v 0.007669 -0.006400 0.242884
v 0.007669 -0.006400 0.242884
v -0.006682 -0.006996 0.240124
v 0.009463 -0.005681 0.239965
v -0.013491 -0.005109 0.240176
v 0.009463 -0.006996 0.239965
v 0.008463 -0.006996 0.239979
v 0.003938 -0.006996 0.240050
v 0.009463 -0.004828 0.239965
v -0.013396 -0.006287 0.240180
v 0.009463 -0.002720 0.239965
v -0.013104 -0.006958 0.240181
v -0.011889 -0.006996 0.240181
v -0.013546 -0.003901 0.240175
v 0.008620 -0.002585 0.240861
v 0.007669 -0.006400 0.240875
v 0.003637 -0.006400 0.240940
v 0.008620 -0.004590 0.240861
v 0.008620 -0.005171 0.240861
v -0.012722 -0.003625 0.241058
v 0.008620 -0.006400 0.240861
v 0.008620 -0.006400 0.240861
v -0.012722 -0.005745 0.241059
v -0.012722 -0.004673 0.241058
v -0.006458 -0.006400 0.241007
v -0.011408 -0.006400 0.241061
v -0.012722 -0.006400 0.241059
v -0.012722 -0.006400 0.241059
v -0.042877 -0.000000 0.254125
v -0.042877 -0.000000 0.254125
v -0.042877 -0.000000 0.254125
v -0.042877 -0.008298 0.257654
v -0.042877 -0.008298 0.257654
v -0.042877 -0.011735 0.266173
v -0.042877 -0.011735 0.266173
v -0.042877 -0.008298 0.274693
v -0.042877 -0.008298 0.274693
v -0.042877 0.000000 0.278222
v -0.042877 0.000000 0.278222
v -0.042877 0.000000 0.278222
v -0.056076 -0.000000 0.255904
v -0.056076 -0.007072 0.258912
v -0.056076 -0.010002 0.266173
v -0.056076 -0.007072 0.273435
v -0.056076 0.000000 0.276443
v -0.042877 -0.010841 0.270784
v -0.042877 -0.010841 0.270784
v -0.042877 -0.010841 0.270784
v -0.056076 -0.009241 0.270103
v -0.042877 -0.004491 0.277305
v -0.042877 -0.004491 0.277305
v -0.042877 -0.004491 0.277305
v -0.056076 -0.003828 0.275661
v -0.042877 -0.004491 0.255042
v -0.042877 -0.004491 0.255042
v -0.042877 -0.004491 0.255042
v -0.056076 -0.003828 0.256686
v -0.042877 -0.010841 0.261563
v -0.042877 -0.010841 0.261563
v -0.042877 -0.010841 0.261563
v -0.056076 -0.009241 0.262244
v -0.042239 -0.000000 0.254749
v -0.042239 -0.007868 0.258095
v -0.042239 -0.011127 0.266173
v -0.042239 -0.007868 0.274251
v -0.042239 0.000000 0.277597
v -0.042239 -0.010280 0.270545
v -0.042239 -0.010280 0.270545
v -0.042239 -0.004258 0.276728
v -0.042239 -0.004258 0.276728
v -0.042239 -0.004258 0.255619
v -0.042239 -0.004258 0.255619
v -0.042239 -0.010280 0.261802
v -0.042239 -0.010280 0.261802
v -0.055449 -0.000000 0.254125
v -0.055449 -0.000000 0.254125
v -0.055449 -0.000000 0.254125
v -0.055449 -0.004491 0.255042
v -0.055449 -0.004491 0.255042
v -0.055449 -0.008298 0.257654
v -0.055449 -0.008298 0.257654
v -0.055449 -0.010841 0.261563
v -0.055449 -0.010841 0.261563
v -0.055449 -0.011735 0.266173
v -0.055449 -0.011735 0.266173
v -0.055449 -0.010841 0.270784
v -0.055449 -0.010841 0.270784
v -0.055449 -0.008298 0.274693
v -0.055449 -0.008298 0.274693
v -0.055449 -0.004491 0.277305
v -0.055449 -0.004491 0.277305
v -0.055449 0.000000 0.278222
v -0.055449 0.000000 0.278222
v -0.055449 0.000000 0.278222
v -0.043674 0.000000 0.278222
v -0.043674 0.000000 0.278222
v -0.043674 -0.008298 0.274693
v -0.043674 -0.011735 0.266173
v -0.043674 -0.008298 0.257654
v -0.043674 -0.000000 0.254125
v -0.043674 -0.000000 0.254125
v -0.043674 -0.010841 0.270784
v -0.043674 -0.004491 0.277305
v -0.043674 -0.004491 0.255042
v -0.043674 -0.010841 0.261563
v -0.054511 0.000000 0.278222
v -0.054511 0.000000 0.278222
v -0.054511 -0.011735 0.266173
v -0.054511 -0.000000 0.254125
v -0.054511 -0.000000 0.254125
v -0.054511 -0.010841 0.270784
v -0.054511 -0.004491 0.277305
v -0.054511 -0.004491 0.255042
v -0.054511 -0.010841 0.261563
v -0.054511 -0.008298 0.274693
v -0.054511 -0.008298 0.257654
v -0.056076 -0.004152 0.255881
v -0.056076 -0.007672 0.258296
v -0.056076 -0.010024 0.261910
v -0.056076 -0.010850 0.266173
v -0.056076 -0.010024 0.270437
v -0.056076 -0.007672 0.274051
v -0.056076 -0.004152 0.276466
v -0.056076 0.000000 0.277314
v -0.056076 -0.000000 0.255033
v -0.041686 -0.009816 0.262643
v -0.041686 -0.009703 0.262154
v -0.041686 -0.009703 0.262154
v -0.041686 -0.009883 0.269889
v -0.041686 -0.009521 0.270796
v -0.041686 -0.009779 0.270376
v -0.041686 -0.009779 0.270376
v -0.041686 -0.004539 0.275873
v -0.041686 -0.004126 0.276136
v -0.041686 -0.004126 0.276136
v -0.041686 -0.009437 0.261729
v -0.041686 -0.004361 0.256558
v -0.041686 -0.003464 0.256172
v -0.041686 -0.003943 0.256287
v -0.041686 -0.003943 0.256287
v -0.041686 -0.003649 0.276242
v -0.016523 -0.003233 0.240367
v -0.016523 -0.003233 0.240367
v -0.019323 -0.002824 0.250427
v -0.012722 -0.002596 0.240176
v -0.012722 -0.002596 0.240176
v -0.016788 -0.003194 0.240474
v -0.015779 -0.003061 0.240168
v -0.012722 -0.002596 0.243058
v -0.012722 -0.002596 0.243058
v -0.013593 -0.002731 0.240174
v -0.012722 -0.002596 0.241057
v -0.013612 -0.008497 0.279888
v 0.009571 -0.008497 0.278027
v 0.008383 0.000000 0.278002
v 0.008383 0.000000 0.278002
v -0.012808 -0.002326 0.276284
v 0.008192 -0.002508 0.274633
v 0.008229 0.000000 0.274627
v -0.011525 -0.006255 0.279623
v -0.011525 -0.006255 0.279623
v -0.012520 -0.005668 0.279673
v -0.012520 -0.005668 0.279673
v -0.012385 -0.006401 0.279764
v 0.008146 -0.005657 0.278040
v 0.008146 -0.005657 0.278040
v 0.007378 -0.006255 0.278112
v 0.007378 -0.006255 0.278112
v 0.008209 -0.006388 0.278118
v -0.012406 -0.005653 0.276293
v -0.011597 -0.006194 0.276243
v -0.012168 -0.006036 0.276283
v -0.012168 -0.006036 0.276283
v 0.007287 -0.006194 0.274736
v 0.008000 -0.005646 0.274670
v 0.007798 -0.006034 0.274691
v 0.007798 -0.006034 0.274691
v -0.014433 -0.002529 0.279867
v -0.014139 -0.005878 0.279873
v 0.010012 -0.002570 0.277933
v 0.009838 -0.005960 0.277970
v -0.012929 -0.002323 0.279668
v -0.012929 -0.002323 0.279668
v 0.008346 -0.002503 0.278007
v 0.008346 -0.002503 0.278007
v -0.011743 -0.006643 0.279720
v -0.012257 -0.006077 0.279658
v -0.012257 -0.006077 0.279658
v -0.012257 -0.006077 0.279658
v -0.012749 -0.005817 0.279779
v 0.008530 -0.005773 0.278083
v 0.007916 -0.006075 0.278059
v 0.007916 -0.006075 0.278059
v 0.007916 -0.006075 0.278059
v 0.007566 -0.006643 0.278176
v 0.008770 0.000000 0.278039
v -0.012736 -0.002320 0.279135
v 0.008300 0.000000 0.277476
v 0.008264 -0.002502 0.277482
v -0.011525 -0.006188 0.279094
v -0.012096 -0.006030 0.279135
v -0.012096 -0.006030 0.279135
v -0.012334 -0.005647 0.279144
v 0.007359 -0.006188 0.277585
v 0.007869 -0.006027 0.277540
v 0.007869 -0.006027 0.277540
v 0.008071 -0.005639 0.277519
v 0.050863 -0.009886 0.242489
v 0.050863 -0.009886 0.242489
v 0.054285 -0.009890 0.237197
v 0.054285 -0.009890 0.237197
v 0.055822 -0.009898 0.233484
v 0.055822 -0.009898 0.233484
v 0.055822 -0.009898 0.233484
v 0.055834 -0.009917 0.233116
v 0.055834 -0.009917 0.233116
v 0.054695 -0.009907 0.232935
v 0.054695 -0.009907 0.232935
v 0.054695 -0.009907 0.232935
v 0.055438 -0.009898 0.232953
v 0.055438 -0.009898 0.232953
v 0.049428 -0.009885 0.237980
v 0.049428 -0.009885 0.237980
v 0.051332 -0.010111 0.238799
v 0.051361 -0.010111 0.240568
v 0.050428 -0.010111 0.237948
v 0.052348 -0.009886 0.235002
v 0.052348 -0.009886 0.235002
v 0.052190 -0.005720 0.234836
v 0.052190 -0.003543 0.234836
v 0.052190 -0.008497 0.234836
v 0.052469 -0.010111 0.235052
v 0.053013 -0.010111 0.235290
v 0.053790 -0.010111 0.235717
v 0.054095 -0.010111 0.236167
v -0.056076 -0.000000 0.266173
v 0.055369 -0.002679 0.233003
v 0.055369 -0.002679 0.233003
v 0.054573 -0.002635 0.232986
v 0.054573 -0.002635 0.232986
v 0.054573 -0.002635 0.232986
v 0.039313 -0.001472 0.248713
v 0.039313 -0.001472 0.248713
v 0.049263 -0.002124 0.237825
v 0.049263 -0.002124 0.237825
v 0.021711 -0.000479 0.260527
v 0.021711 -0.000479 0.260527
v 0.030072 -0.000903 0.256383
v 0.030072 -0.000903 0.256383
v 0.052190 -0.002312 0.234836
v 0.052190 -0.002312 0.234836
v 0.025829 -0.000412 0.271561
v 0.025829 -0.000412 0.271561
v 0.055830 -0.002687 0.233202
v 0.055830 -0.002687 0.233202
v 0.055827 -0.002691 0.233645
v 0.055827 -0.002691 0.233645
v 0.055827 -0.002691 0.233645
v 0.034325 -0.000971 0.263962
v 0.034325 -0.000971 0.263962
v 0.043198 -0.001579 0.253070
v 0.043198 -0.001579 0.253070
v 0.051053 -0.002126 0.242622
v 0.051053 -0.002126 0.242622
v 0.054492 -0.002377 0.237306
v 0.054492 -0.002377 0.237306
v 0.055406 -0.002476 0.233997
v 0.025455 -0.000417 0.270740
v 0.054233 -0.002368 0.237154
v 0.050889 -0.002126 0.242184
v 0.042843 -0.001569 0.252672
v 0.033937 -0.000965 0.263270
v 0.054415 -0.002442 0.233290
v 0.021970 -0.000474 0.261215
v 0.052398 -0.002318 0.235072
v 0.049426 -0.002124 0.238263
v 0.039627 -0.001481 0.249065
v 0.030335 -0.000907 0.256851
v 0.052190 -0.003195 0.234836
v 0.039312 -0.002183 0.248711
v 0.049263 -0.002640 0.237824
v 0.056048 -0.003378 0.232976
v 0.034326 -0.001711 0.263963
v 0.021706 -0.001460 0.260529
v 0.054492 -0.003209 0.237306
v 0.051053 -0.002719 0.242622
v 0.025832 -0.001206 0.271562
v 0.056058 -0.003377 0.233529
v 0.056058 -0.003377 0.233529
v 0.054610 -0.003367 0.232702
v 0.054610 -0.003367 0.232702
v 0.043198 -0.002274 0.253071
v 0.030071 -0.001690 0.256382
v 0.055492 -0.003374 0.232719
v 0.024713 -0.000003 0.272379
v 0.055330 -0.002479 0.233646
v 0.054868 -0.002462 0.233351
v 0.022557 -0.000466 0.262822
v 0.024460 -0.000433 0.268020
v 0.052707 -0.002326 0.235424
v 0.053709 -0.002353 0.236559
v 0.049673 -0.002125 0.238924
v 0.050471 -0.002125 0.241064
v 0.040169 -0.001496 0.249673
v 0.041924 -0.001544 0.251641
v 0.030942 -0.000917 0.257934
v 0.032908 -0.000949 0.261436
v 0.023508 -0.000450 0.265421
v 0.053208 -0.002340 0.235992
v 0.050071 -0.002125 0.239994
v 0.041046 -0.001520 0.250657
v 0.031925 -0.000933 0.259684
v 0.029765 -0.009887 0.268159
v 0.029765 -0.009887 0.268159
v 0.025871 -0.003225 0.258842
v 0.029799 -0.010111 0.267870
v 0.026332 -0.010111 0.259642
v 0.029229 -0.010111 0.265986
v 0.028391 -0.010111 0.263727
v 0.025892 -0.000681 0.258833
v 0.025892 -0.000681 0.258833
v 0.027184 -0.010111 0.261219
v 0.029638 -0.003202 0.268495
v 0.025968 -0.009880 0.259045
v 0.025968 -0.009880 0.259045
v 0.029724 -0.005720 0.268447
v 0.029831 -0.008497 0.268385
v 0.025873 -0.005720 0.258842
v 0.025873 -0.007989 0.258842
v 0.029934 -0.000689 0.268335
v 0.029934 -0.000689 0.268335
v 0.029694 -0.000688 0.267390
v 0.026150 -0.000682 0.259414
v 0.025884 -0.001569 0.258836
v 0.029935 -0.001457 0.268337
v 0.026747 -0.000683 0.260759
v 0.028682 -0.000685 0.265112
v 0.027714 -0.000684 0.262935
v 0.007561 -0.002586 0.242886
v 0.007635 -0.005197 0.242885
v 0.007618 -0.004594 0.242885
v -0.011386 -0.004668 0.243051
v -0.011399 -0.005710 0.243052
v -0.011373 -0.003559 0.243051
v -0.011361 -0.002596 0.243051
v -0.006454 -0.005577 0.243023
v 0.003606 -0.005306 0.242936
v -0.014669 0.008751 0.240385
v -0.014669 0.008751 0.240385
v -0.016277 0.009885 0.279802
v -0.016277 0.009885 0.279802
v -0.016277 0.009885 0.279802
v 0.011960 0.008594 0.240180
v 0.011960 0.008594 0.240180
v 0.011960 0.008594 0.240180
v 0.015218 0.009890 0.276664
v 0.015218 0.009890 0.276664
v -0.007518 0.008880 0.240301
v -0.007518 0.008880 0.240301
v 0.005063 0.008869 0.240211
v 0.005063 0.008869 0.240211
v 0.009199 0.009889 0.277826
v 0.009199 0.009889 0.277826
v -0.013514 0.009892 0.279762
v -0.013514 0.009892 0.279762
v -0.021663 0.010111 0.268103
v 0.014130 0.010111 0.268956
v 0.007443 0.010111 0.269975
v -0.014632 0.010111 0.269656
v 0.014145 0.009987 0.258877
v 0.014145 0.009987 0.258877
v 0.006256 0.010253 0.259486
v -0.012227 0.010121 0.257410
v -0.018549 0.009967 0.257023
v -0.020471 0.010111 0.274833
v 0.014756 0.010111 0.272920
v 0.008263 0.010111 0.274082
v -0.015016 0.010111 0.275310
v -0.020527 0.010109 0.263768
v 0.013497 0.010111 0.265181
v 0.006774 0.010111 0.264847
v -0.013707 0.010111 0.264214
v 0.025387 0.009883 0.271749
v 0.025387 0.009883 0.271749
v 0.024913 0.010095 0.269163
v 0.024110 0.010087 0.266500
v 0.022965 0.010078 0.263475
v 0.021754 0.009842 0.260793
v 0.021754 0.009842 0.260793
v 0.013193 0.009596 0.253289
v 0.013193 0.009596 0.253289
v 0.005836 0.009842 0.253485
v -0.010707 0.009770 0.252310
v -0.017176 0.009467 0.250975
v 0.054339 0.009642 0.237549
v 0.055372 0.009637 0.234566
v 0.055423 0.009637 0.234058
v 0.054831 0.009637 0.233804
v 0.054217 0.009637 0.233687
v 0.034152 0.009792 0.263888
v 0.034152 0.009792 0.263888
v 0.031422 0.009982 0.258348
v 0.032686 0.009990 0.260321
v 0.033557 0.010001 0.262155
v 0.030192 0.009743 0.256684
v 0.030192 0.009743 0.256684
v 0.043022 0.009605 0.253180
v 0.043022 0.009605 0.253180
v 0.040354 0.009818 0.250134
v 0.042344 0.009824 0.252227
v 0.039471 0.009584 0.249139
v 0.039471 0.009584 0.249139
v 0.041342 0.009820 0.251145
v 0.051127 0.009680 0.242782
v 0.049770 0.009658 0.238315
v 0.014335 0.005720 0.258830
v 0.025127 0.005716 0.272160
v 0.021691 0.005683 0.260576
v 0.013414 0.005720 0.253277
v 0.054509 0.005254 0.237727
v 0.056065 0.005245 0.233327
v 0.054627 0.005245 0.233053
v 0.054627 0.005245 0.233053
v 0.056076 0.005245 0.233880
v 0.056076 0.005245 0.233880
v 0.055509 0.005245 0.233071
v 0.030072 0.005587 0.256500
v 0.039320 0.005425 0.248976
v 0.015285 0.005720 0.276887
v 0.012301 0.005720 0.240109
v 0.012301 0.005720 0.240109
v -0.018702 0.006444 0.279989
v -0.018702 0.006444 0.279989
v 0.049278 0.005270 0.238229
v 0.034326 0.005627 0.264046
v 0.043205 0.005443 0.253319
v 0.051067 0.005293 0.243007
v -0.018937 0.004578 0.250502
v -0.017552 0.008958 0.250852
v -0.017552 0.008958 0.250852
v -0.017552 0.008958 0.250852
v -0.017925 0.008497 0.280000
v -0.017925 0.008497 0.280000
v -0.019234 0.003222 0.279982
v -0.019234 0.003222 0.279982
v 0.012301 0.003222 0.240108
v 0.012301 0.003222 0.240108
v 0.034326 0.003129 0.264046
v 0.043206 0.002945 0.253319
v 0.051067 0.002795 0.243007
v 0.014335 0.003222 0.258830
v 0.024955 0.003178 0.272254
v 0.021684 0.003185 0.260565
v 0.013414 0.003222 0.253277
v 0.054509 0.002755 0.237727
v 0.056065 0.003098 0.233327
v 0.054627 0.003098 0.233053
v 0.054627 0.003098 0.233053
v 0.056076 0.003098 0.233880
v 0.056076 0.003098 0.233880
v 0.055509 0.003098 0.233071
v 0.030073 0.003089 0.256500
v 0.039320 0.002927 0.248976
v 0.015285 0.002732 0.276887
v -0.016306 0.004844 0.240368
v -0.016306 0.004844 0.240368
v 0.049279 0.002772 0.238229
v 0.014335 0.007473 0.258830
v 0.025345 0.008491 0.272040
v 0.021693 0.007706 0.260579
v 0.013414 0.007473 0.253277
v 0.054509 0.008030 0.237727
v 0.056065 0.008022 0.233327
v 0.054627 0.008022 0.233053
v 0.054627 0.008022 0.233053
v 0.056076 0.008022 0.233880
v 0.056076 0.008022 0.233880
v 0.055509 0.008022 0.233071
v 0.030073 0.008100 0.256500
v 0.039320 0.008201 0.248976
v 0.015285 0.008497 0.276887
v -0.015477 0.008061 0.240431
v -0.015477 0.008061 0.240431
v -0.015477 0.008061 0.240431
v 0.049279 0.008046 0.238229
v 0.012302 0.006961 0.240109
v 0.012302 0.006961 0.240109
v 0.034325 0.008402 0.264046
v 0.043205 0.008220 0.253319
v 0.051067 0.008069 0.243007
v -0.015505 0.009889 0.279781
v -0.015505 0.009889 0.279781
v -0.013476 0.008889 0.240366
v -0.013476 0.008889 0.240366
v -0.021079 0.010111 0.268231
v -0.017571 0.010103 0.257091
v -0.019902 0.010111 0.274931
v -0.019705 0.010111 0.263777
v -0.016058 0.009700 0.251231
v -0.017652 0.006444 0.279984
v -0.018136 0.003222 0.279977
v -0.016945 0.008497 0.279995
v -0.017676 0.009640 0.279162
v -0.017676 0.009640 0.279162
v -0.021003 0.009803 0.274595
v -0.021003 0.009803 0.274595
v -0.021003 0.009803 0.274595
v -0.019109 0.009537 0.257424
v -0.019109 0.009537 0.257424
v -0.019186 0.006315 0.279458
v -0.019688 0.003047 0.279553
v -0.016054 0.006540 0.240369
v -0.016054 0.006540 0.240369
v -0.018477 0.008161 0.279437
v -0.020918 0.009795 0.263812
v -0.020918 0.009795 0.263812
v -0.021979 0.009809 0.267924
v -0.021979 0.009809 0.267924
v -0.013175 0.002346 0.279771
v 0.008733 0.002516 0.278044
v 0.015223 0.010111 0.276108
v 0.008971 0.010111 0.277341
v -0.013796 0.010111 0.279085
v 0.025432 0.010102 0.271389
v 0.034174 0.010011 0.263678
v 0.043036 0.009829 0.253106
v -0.016356 0.010111 0.279062
v -0.016980 0.009921 0.279049
v -0.018403 0.006611 0.250602
v 0.009983 0.008864 0.240141
v 0.009983 0.008864 0.240141
v 0.039672 0.009816 0.249370
v 0.030532 0.009979 0.257129
v 0.012148 0.009828 0.253288
v 0.022153 0.010074 0.261548
v 0.013114 0.010310 0.259965
v -0.012722 0.006400 0.240178
v -0.012722 0.006400 0.240178
v -0.012722 0.006400 0.240178
v 0.008620 0.006400 0.239975
v 0.008620 0.006400 0.239975
v 0.008620 0.006400 0.239975
v -0.006458 0.006400 0.240125
v -0.006458 0.006400 0.240125
v 0.003637 0.006400 0.240055
v 0.003637 0.006400 0.240055
v 0.008620 0.004590 0.239975
v 0.008620 0.004590 0.239975
v 0.008620 0.002585 0.239975
v 0.008620 0.002585 0.239975
v -0.012722 0.003625 0.240177
v -0.012722 0.003625 0.240177
v -0.012722 0.005745 0.240177
v -0.012722 0.005745 0.240177
v 0.008620 0.005171 0.239975
v 0.008620 0.005171 0.239975
v -0.011408 0.006400 0.240179
v -0.011408 0.006400 0.240179
v -0.012722 0.004673 0.240177
v -0.012722 0.004673 0.240177
v 0.007669 0.006400 0.239989
v 0.007669 0.006400 0.239989
v 0.012291 0.008824 0.241398
v 0.012291 0.008824 0.241398
v 0.005121 0.009014 0.240815
v -0.007849 0.009017 0.240775
v -0.014949 0.008864 0.240720
v 0.012466 0.005720 0.240698
v -0.015765 0.008162 0.240733
v -0.015765 0.008162 0.240733
v 0.012466 0.003222 0.240698
v -0.016292 0.006613 0.240569
v -0.016558 0.004853 0.240518
v 0.012489 0.007473 0.241007
v -0.013732 0.009017 0.240724
v 0.011292 0.009026 0.241003
v 0.004673 0.008344 0.240037
v -0.007228 0.008344 0.240122
v 0.011573 0.005411 0.239938
v 0.011217 0.006754 0.239943
v -0.014855 0.007472 0.240180
v -0.015347 0.006156 0.240174
v 0.011573 0.003048 0.239938
v 0.010691 0.007781 0.239949
v -0.014011 0.008206 0.240189
v 0.009825 0.008344 0.239964
v -0.012883 0.008344 0.240184
v -0.015579 0.004569 0.240171
v -0.012722 0.006400 0.243060
v -0.012722 0.006400 0.243060
v -0.012722 0.006400 0.243060
v 0.008620 0.006400 0.242870
v 0.008620 0.006400 0.242870
v 0.008620 0.006400 0.242870
v -0.006458 0.006400 0.243010
v -0.006458 0.006400 0.243010
v 0.003637 0.006400 0.242947
v 0.003637 0.006400 0.242947
v 0.008620 0.004590 0.242870
v 0.008620 0.004590 0.242870
v 0.008620 0.002585 0.242870
v 0.008620 0.002585 0.242870
v -0.012722 0.003625 0.243058
v -0.012722 0.003625 0.243058
v -0.012722 0.005745 0.243059
v -0.012722 0.005745 0.243059
v 0.008620 0.005171 0.242870
v 0.008620 0.005171 0.242870
v -0.011408 0.006400 0.243062
v -0.011408 0.006400 0.243062
v -0.012722 0.004673 0.243058
v -0.012722 0.004673 0.243058
v 0.007669 0.006400 0.242884
v 0.007669 0.006400 0.242884
v -0.006682 0.006996 0.240124
v 0.009463 0.005681 0.239965
v -0.013491 0.005109 0.240176
v 0.009463 0.006996 0.239965
v 0.008463 0.006996 0.239979
v 0.003938 0.006996 0.240050
v 0.009463 0.004828 0.239965
v -0.013396 0.006287 0.240180
v 0.009463 0.002720 0.239965
v -0.013104 0.006958 0.240181
v -0.011889 0.006996 0.240181
v -0.013546 0.003901 0.240175
v 0.008620 0.002585 0.240861
v 0.007669 0.006400 0.240875
v 0.003637 0.006400 0.240940
v 0.008620 0.004590 0.240861
v 0.008620 0.005171 0.240861
v -0.012722 0.003625 0.241058
v 0.008620 0.006400 0.240861
v 0.008620 0.006400 0.240861
v -0.012722 0.005745 0.241059
v -0.012722 0.004673 0.241058
v -0.006458 0.006400 0.241007
v -0.011408 0.006400 0.241061
v -0.012722 0.006400 0.241059
v -0.012722 0.006400 0.241059
v -0.042877 0.008298 0.257654
v -0.042877 0.008298 0.257654
v -0.042877 0.011735 0.266173
v -0.042877 0.011735 0.266173
v -0.042877 0.008298 0.274693
v -0.042877 0.008298 0.274693
v -0.056076 0.007072 0.258912
v -0.056076 0.010002 0.266173
v -0.056076 0.007072 0.273435
v -0.042877 0.010841 0.270784
v -0.042877 0.010841 0.270784
v -0.042877 0.010841 0.270784
v -0.056076 0.009241 0.270103
v -0.042877 0.004491 0.277305
v -0.042877 0.004491 0.277305
v -0.042877 0.004491 0.277305
v -0.056076 0.003828 0.275661
v -0.042877 0.004491 0.255042
v -0.042877 0.004491 0.255042
v -0.042877 0.004491 0.255042
v -0.056076 0.003828 0.256686
v -0.042877 0.010841 0.261563
v -0.042877 0.010841 0.261563
v -0.042877 0.010841 0.261563
v -0.056076 0.009241 0.262244
v -0.042239 0.007868 0.258095
v -0.042239 0.011127 0.266173
v -0.042239 0.007868 0.274251
v -0.042239 0.010280 0.270545
v -0.042239 0.010280 0.270545
v -0.042239 0.004258 0.276728
v -0.042239 0.004258 0.276728
v -0.042239 0.004258 0.255619
v -0.042239 0.004258 0.255619
v -0.042239 0.010280 0.261802
v -0.042239 0.010280 0.261802
v -0.055449 0.004491 0.255042
v -0.055449 0.004491 0.255042
v -0.055449 0.008298 0.257654
v -0.055449 0.008298 0.257654
v -0.055449 0.010841 0.261563
v -0.055449 0.010841 0.261563
v -0.055449 0.011735 0.266173
v -0.055449 0.011735 0.266173
v -0.055449 0.010841 0.270784
v -0.055449 0.010841 0.270784
v -0.055449 0.008298 0.274693
v -0.055449 0.008298 0.274693
v -0.055449 0.004491 0.277305
v -0.055449 0.004491 0.277305
v -0.043674 0.008298 0.274693
v -0.043674 0.011735 0.266173
v -0.043674 0.008298 0.257654
v -0.043674 0.010841 0.270784
v -0.043674 0.004491 0.277305
v -0.043674 0.004491 0.255042
v -0.043674 0.010841 0.261563
v -0.054511 0.011735 0.266173
v -0.054511 0.010841 0.270784
v -0.054511 0.004491 0.277305
v -0.054511 0.004491 0.255042
v -0.054511 0.010841 0.261563
v -0.054511 0.008298 0.274693
v -0.054511 0.008298 0.257654
v -0.056076 0.004152 0.255881
v -0.056076 0.007672 0.258296
v -0.056076 0.010024 0.261910
v -0.056076 0.010850 0.266173
v -0.056076 0.010024 0.270437
v -0.056076 0.007672 0.274051
v -0.056076 0.004152 0.276466
v -0.041686 0.009816 0.262643
v -0.041686 0.009703 0.262154
v -0.041686 0.009703 0.262154
v -0.041686 0.009883 0.269889
v -0.041686 0.009521 0.270796
v -0.041686 0.009779 0.270376
v -0.041686 0.009779 0.270376
v -0.041686 0.004539 0.275873
v -0.041686 0.004126 0.276136
v -0.041686 0.004126 0.276136
v -0.041686 0.009437 0.261729
v -0.041686 0.004361 0.256558
v -0.041686 0.003464 0.256172
v -0.041686 0.003943 0.256287
v -0.041686 0.003943 0.256287
v -0.041686 0.003649 0.276242
v -0.016523 0.003233 0.240367
v -0.016523 0.003233 0.240367
v -0.019323 0.002824 0.250427
v -0.012722 0.002596 0.240176
v -0.012722 0.002596 0.240176
v -0.016788 0.003194 0.240474
v -0.015779 0.003061 0.240168
v -0.012722 0.002596 0.243058
v -0.012722 0.002596 0.243058
v -0.013593 0.002731 0.240174
v -0.012722 0.002596 0.241057
v -0.013612 0.008497 0.279888
v 0.009571 0.008497 0.278027
v -0.012808 0.002326 0.276284
v 0.008192 0.002508 0.274633
v -0.011525 0.006255 0.279623
v -0.011525 0.006255 0.279623
v -0.012520 0.005668 0.279673
v -0.012520 0.005668 0.279673
v -0.012385 0.006401 0.279764
v 0.008146 0.005657 0.278040
v 0.008146 0.005657 0.278040
v 0.007378 0.006255 0.278112
v 0.007378 0.006255 0.278112
v 0.008209 0.006388 0.278118
v -0.012406 0.005653 0.276293
v -0.011597 0.006194 0.276243
v -0.012168 0.006036 0.276283
v -0.012168 0.006036 0.276283
v 0.007287 0.006194 0.274736
v 0.008000 0.005646 0.274670
v 0.007798 0.006034 0.274691
v 0.007798 0.006034 0.274691
v -0.014433 0.002529 0.279867
v -0.014139 0.005878 0.279873
v 0.010012 0.002570 0.277933
v 0.009838 0.005960 0.277970
v -0.012929 0.002323 0.279668
v -0.012929 0.002323 0.279668
v 0.008346 0.002503 0.278007
v 0.008346 0.002503 0.278007
v -0.011743 0.006643 0.279720
v -0.012257 0.006077 0.279658
v -0.012257 0.006077 0.279658
v -0.012257 0.006077 0.279658
v -0.012749 0.005817 0.279779
v 0.008530 0.005773 0.278083
v 0.007916 0.006075 0.278059
v 0.007916 0.006075 0.278059
v 0.007916 0.006075 0.278059
v 0.007566 0.006643 0.278176
v -0.012736 0.002320 0.279135
v 0.008264 0.002502 0.277482
v -0.011525 0.006188 0.279094
v -0.012096 0.006030 0.279135
v -0.012096 0.006030 0.279135
v -0.012334 0.005647 0.279144
v 0.007359 0.006188 0.277585
v 0.007869 0.006027 0.277540
v 0.007869 0.006027 0.277540
v 0.008071 0.005639 0.277519
v 0.050878 0.009458 0.243048
v 0.050878 0.009458 0.243048
v 0.054301 0.009423 0.237842
v 0.054301 0.009423 0.237842
v 0.055793 0.009351 0.233979
v 0.055793 0.009351 0.233979
v 0.055793 0.009351 0.233979
v 0.055786 0.009429 0.233561
v 0.055786 0.009429 0.233561
v 0.054707 0.009335 0.233110
v 0.054707 0.009335 0.233110
v 0.054707 0.009335 0.233110
v 0.055455 0.009423 0.233305
v 0.055455 0.009423 0.233305
v 0.049442 0.009435 0.238389
v 0.049442 0.009435 0.238389
v 0.051348 0.009657 0.239208
v 0.051377 0.009668 0.240968
v 0.050445 0.009656 0.238358
v 0.052364 0.009416 0.235427
v 0.052364 0.009416 0.235427
v 0.052207 0.005251 0.235260
v 0.052207 0.003103 0.235260
v 0.052207 0.008027 0.235260
v 0.052486 0.009640 0.235477
v 0.053030 0.009640 0.235715
v 0.053808 0.009640 0.236141
v 0.054113 0.009641 0.236591
v 0.055509 0.002289 0.233071
v 0.055509 0.002289 0.233071
v 0.054627 0.002260 0.233053
v 0.054627 0.002260 0.233053
v 0.054627 0.002260 0.233053
v 0.039322 0.001180 0.248976
v 0.039322 0.001180 0.248976
v 0.049279 0.001675 0.238230
v 0.049279 0.001675 0.238230
v 0.021711 0.000413 0.260532
v 0.021711 0.000413 0.260532
v 0.030074 0.000772 0.256500
v 0.030074 0.000772 0.256500
v 0.052207 0.001842 0.235260
v 0.052207 0.001842 0.235260
v 0.025829 0.000398 0.271563
v 0.025829 0.000398 0.271563
v 0.056065 0.002304 0.233327
v 0.056065 0.002304 0.233327
v 0.056076 0.002298 0.233880
v 0.056076 0.002298 0.233880
v 0.056076 0.002298 0.233880
v 0.034326 0.000878 0.264046
v 0.034326 0.000878 0.264046
v 0.043206 0.001303 0.253319
v 0.043206 0.001303 0.253319
v 0.051068 0.001699 0.243007
v 0.051068 0.001699 0.243007
v 0.054509 0.001910 0.237727
v 0.054509 0.001910 0.237727
v 0.055457 0.002112 0.234297
v 0.025455 0.000400 0.270742
v 0.054250 0.001901 0.237575
v 0.050904 0.001696 0.242571
v 0.042851 0.001291 0.252923
v 0.033938 0.000867 0.263358
v 0.054472 0.002077 0.233605
v 0.021970 0.000410 0.261221
v 0.052415 0.001848 0.235496
v 0.049443 0.001677 0.238667
v 0.039636 0.001189 0.249328
v 0.030337 0.000778 0.256967
v 0.052207 0.002633 0.235260
v 0.039321 0.001889 0.248976
v 0.049279 0.002190 0.238229
v 0.056065 0.002688 0.233327
v 0.034326 0.001618 0.264046
v 0.021706 0.001401 0.260541
v 0.054509 0.002367 0.237727
v 0.051068 0.002292 0.243007
v 0.025831 0.001195 0.271566
v 0.056076 0.002685 0.233880
v 0.056076 0.002685 0.233880
v 0.054627 0.002670 0.233053
v 0.054627 0.002670 0.233053
v 0.043206 0.001998 0.253320
v 0.030074 0.001559 0.256500
v 0.055509 0.002682 0.233071
v 0.055389 0.002114 0.233950
v 0.054928 0.002098 0.233661
v 0.022557 0.000407 0.262827
v 0.024460 0.000403 0.268024
v 0.052725 0.001857 0.235847
v 0.053726 0.001885 0.236981
v 0.049689 0.001679 0.239326
v 0.050487 0.001690 0.241456
v 0.040178 0.001206 0.249935
v 0.041932 0.001261 0.251896
v 0.030944 0.000792 0.258046
v 0.032908 0.000841 0.261532
v 0.023508 0.000405 0.265425
v 0.053226 0.001871 0.236414
v 0.050087 0.001684 0.240391
v 0.041055 0.001233 0.250915
v 0.031926 0.000816 0.259789
v 0.029764 0.009847 0.268195
v 0.029764 0.009847 0.268195
v 0.025872 0.003143 0.258910
v 0.029798 0.010068 0.267908
v 0.026333 0.010033 0.259712
v 0.029229 0.010058 0.266033
v 0.028390 0.010047 0.263785
v 0.025893 0.000598 0.258897
v 0.025893 0.000598 0.258897
v 0.027184 0.010037 0.261285
v 0.029637 0.003168 0.268525
v 0.025964 0.009802 0.259118
v 0.025964 0.009802 0.259118
v 0.029723 0.005686 0.268478
v 0.029830 0.008460 0.268418
v 0.025873 0.005641 0.258913
v 0.025873 0.007910 0.258913
v 0.029933 0.000651 0.268369
v 0.029933 0.000651 0.268369
v 0.029693 0.000645 0.267428
v 0.026151 0.000600 0.259477
v 0.025885 0.001486 0.258901
v 0.029934 0.001420 0.268369
v 0.026748 0.000606 0.260819
v 0.028681 0.000631 0.265158
v 0.027714 0.000619 0.262989
v 0.007563 0.002637 0.242886
v 0.007635 0.005197 0.242885
v 0.007618 0.004594 0.242885
v -0.011386 0.004668 0.243051
v -0.011399 0.005710 0.243052
v -0.011373 0.003559 0.243051
v -0.011361 0.002596 0.243051
v -0.006454 0.005577 0.243023
v 0.003606 0.005306 0.242936
v -0.032595 -0.007444 0.263445
v -0.039751 -0.009013 0.262904
v -0.036237 -0.007965 0.263254
v -0.039754 -0.008912 0.262458
v -0.039754 -0.008912 0.262458
v -0.032595 -0.007362 0.263084
v -0.032595 -0.007362 0.263084
v -0.036238 -0.007877 0.262864
v -0.036238 -0.007877 0.262864
v -0.032594 -0.007165 0.269497
v -0.039720 -0.008708 0.270334
v -0.036228 -0.007676 0.269759
v -0.032595 -0.007362 0.269183
v -0.032595 -0.007362 0.269183
v -0.039725 -0.008948 0.269952
v -0.039725 -0.008948 0.269952
v -0.036229 -0.007887 0.269422
v -0.036229 -0.007887 0.269422
v -0.039731 -0.009047 0.269510
v -0.032595 -0.007444 0.268821
v -0.036231 -0.007975 0.269034
v -0.032594 -0.003050 0.273496
v -0.032594 -0.003050 0.273496
v -0.039697 -0.003749 0.275200
v -0.039697 -0.003749 0.275200
v -0.036221 -0.003280 0.274045
v -0.036221 -0.003280 0.274045
v -0.039700 -0.004128 0.274961
v -0.032594 -0.003363 0.273298
v -0.036222 -0.003615 0.273833
v -0.032595 -0.007165 0.262770
v -0.039756 -0.008670 0.262070
v -0.036239 -0.007664 0.262527
v -0.032595 -0.002688 0.258689
v -0.039740 -0.003201 0.257023
v -0.036234 -0.002860 0.258129
v -0.039741 -0.003641 0.257126
v -0.039741 -0.003641 0.257126
v -0.032595 -0.003050 0.258771
v -0.032595 -0.003050 0.258771
v -0.036234 -0.003248 0.258218
v -0.036234 -0.003248 0.258218
v -0.039742 -0.004023 0.257371
v -0.032595 -0.003363 0.258969
v -0.036235 -0.003584 0.258431
v -0.032594 -0.002688 0.273578
v -0.039697 -0.003312 0.275298
v -0.036221 -0.002893 0.274132
v -0.039751 0.009013 0.262904
v -0.032595 0.007444 0.263445
v -0.036237 0.007965 0.263254
v -0.032595 0.007362 0.263084
v -0.032595 0.007362 0.263084
v -0.039754 0.008912 0.262458
v -0.039754 0.008912 0.262458
v -0.036238 0.007877 0.262864
v -0.036238 0.007877 0.262864
v -0.039720 0.008708 0.270334
v -0.032594 0.007165 0.269497
v -0.036228 0.007676 0.269759
v -0.039725 0.008948 0.269952
v -0.039725 0.008948 0.269952
v -0.032595 0.007362 0.269183
v -0.032595 0.007362 0.269183
v -0.036229 0.007887 0.269422
v -0.036229 0.007887 0.269422
v -0.032595 0.007444 0.268821
v -0.039731 0.009047 0.269510
v -0.036231 0.007975 0.269034
v -0.039697 0.003749 0.275200
v -0.039697 0.003749 0.275200
v -0.032594 0.003050 0.273496
v -0.032594 0.003050 0.273496
v -0.036221 0.003280 0.274045
v -0.036221 0.003280 0.274045
v -0.032594 0.003363 0.273298
v -0.039700 0.004128 0.274961
v -0.036222 0.003615 0.273833
v -0.039756 0.008670 0.262070
v -0.032595 0.007165 0.262770
v -0.036239 0.007664 0.262527
v -0.039740 0.003201 0.257023
v -0.032595 0.002688 0.258689
v -0.036234 0.002860 0.258129
v -0.032595 0.003050 0.258771
v -0.032595 0.003050 0.258771
v -0.039741 0.003641 0.257126
v -0.039741 0.003641 0.257126
v -0.036234 0.003248 0.258218
v -0.036234 0.003248 0.258218
v -0.032595 0.003363 0.258969
v -0.039742 0.004023 0.257371
v -0.036235 0.003584 0.258431
v -0.039697 0.003312 0.275298
v -0.032594 0.002688 0.273578
v -0.036221 0.002893 0.274132
v -0.021689 -0.009379 0.263777
v -0.026119 -0.007881 0.263612
v -0.026119 -0.007881 0.263612
v -0.028715 -0.007471 0.263536
v -0.021815 -0.008546 0.259788
v -0.028724 -0.007333 0.262904
v -0.028724 -0.007333 0.262904
v -0.026156 -0.007581 0.262195
v -0.026156 -0.007581 0.262195
v -0.026156 -0.007581 0.262195
v -0.022013 -0.008175 0.273944
v -0.026215 -0.007336 0.270764
v -0.026215 -0.007336 0.270764
v -0.028740 -0.007126 0.269803
v -0.023044 -0.009364 0.268076
v -0.026193 -0.008016 0.268533
v -0.026193 -0.008016 0.268533
v -0.028734 -0.007506 0.268731
v -0.022273 -0.009082 0.273137
v -0.022273 -0.009082 0.273137
v -0.026291 -0.007738 0.270311
v -0.026291 -0.007738 0.270311
v -0.026291 -0.007738 0.270311
v -0.026291 -0.007738 0.270311
v -0.028760 -0.007374 0.269456
v -0.028760 -0.007374 0.269456
v -0.022049 -0.005752 0.276327
v -0.028743 -0.003491 0.273435
v -0.026225 -0.004004 0.274084
v -0.026225 -0.004004 0.274084
v -0.022013 -0.004865 0.276804
v -0.026215 -0.003528 0.274360
v -0.026215 -0.003528 0.274360
v -0.026215 -0.003528 0.274360
v -0.028740 -0.003139 0.273651
v -0.028740 -0.003139 0.273651
v -0.022301 -0.007772 0.257837
v -0.022301 -0.007772 0.257837
v -0.028761 -0.007095 0.262471
v -0.026299 -0.007218 0.261407
v -0.026299 -0.007218 0.261407
v -0.026299 -0.007218 0.261407
v -0.022313 -0.002716 0.254406
v -0.028762 -0.002647 0.258505
v -0.026302 -0.002649 0.257587
v -0.026302 -0.002649 0.257587
v -0.022264 -0.004845 0.255148
v -0.026288 -0.003739 0.257998
v -0.026288 -0.003739 0.257998
v -0.028758 -0.003422 0.258816
v -0.022233 -0.003788 0.254642
v -0.026279 -0.003213 0.257713
v -0.026279 -0.003213 0.257713
v -0.026279 -0.003213 0.257713
v -0.028756 -0.003056 0.258597
v -0.028756 -0.003056 0.258597
v -0.021988 -0.002875 0.277210
v -0.028738 -0.002659 0.273756
v -0.026207 -0.002696 0.274536
v -0.026207 -0.002696 0.274536
v -0.021689 0.009379 0.263777
v -0.028715 0.007471 0.263536
v -0.026119 0.007881 0.263612
v -0.026119 0.007881 0.263612
v -0.021815 0.008546 0.259788
v -0.026156 0.007581 0.262195
v -0.026156 0.007581 0.262195
v -0.026156 0.007581 0.262195
v -0.028724 0.007333 0.262904
v -0.028724 0.007333 0.262904
v -0.022013 0.008175 0.273944
v -0.028740 0.007126 0.269803
v -0.026215 0.007336 0.270764
v -0.026215 0.007336 0.270764
v -0.022904 0.009424 0.268055
v -0.028734 0.007506 0.268731
v -0.026193 0.008016 0.268533
v -0.026193 0.008016 0.268533
v -0.022273 0.009082 0.273137
v -0.022273 0.009082 0.273137
v -0.028760 0.007374 0.269456
v -0.028760 0.007374 0.269456
v -0.026291 0.007738 0.270311
v -0.026291 0.007738 0.270311
v -0.026291 0.007738 0.270311
v -0.026291 0.007738 0.270311
v -0.022049 0.005752 0.276327
v -0.026225 0.004004 0.274084
v -0.026225 0.004004 0.274084
v -0.028743 0.003491 0.273435
v -0.022013 0.004865 0.276804
v -0.028740 0.003139 0.273651
v -0.028740 0.003139 0.273651
v -0.026215 0.003528 0.274360
v -0.026215 0.003528 0.274360
v -0.026215 0.003528 0.274360
v -0.022301 0.007772 0.257837
v -0.022301 0.007772 0.257837
v -0.026299 0.007218 0.261407
v -0.026299 0.007218 0.261407
v -0.026299 0.007218 0.261407
v -0.028761 0.007095 0.262471
v -0.022313 0.002716 0.254406
v -0.026302 0.002649 0.257587
v -0.026302 0.002649 0.257587
v -0.028762 0.002647 0.258505
v -0.022264 0.004845 0.255148
v -0.028758 0.003422 0.258816
v -0.026288 0.003739 0.257998
v -0.026288 0.003739 0.257998
v -0.022233 0.003788 0.254642
v -0.028756 0.003056 0.258597
v -0.028756 0.003056 0.258597
v -0.026279 0.003213 0.257713
v -0.026279 0.003213 0.257713
v -0.026279 0.003213 0.257713
v -0.021988 0.002875 0.277210
v -0.026207 0.002696 0.274536
v -0.026207 0.002696 0.274536
v -0.028738 0.002659 0.273756
v 0.008620 -0.000862 0.239975
v 0.008620 -0.000862 0.239975
v 0.008620 0.000862 0.239975
v 0.008620 0.000862 0.239975
v 0.013414 -0.001074 0.253277
v 0.013414 0.001074 0.253277
v 0.008620 -0.000862 0.242870
v 0.008620 -0.000862 0.242870
v 0.008620 0.000862 0.242870
v 0.008620 0.000862 0.242870
v 0.008620 -0.000862 0.240861
v 0.008620 0.000862 0.240861
v 0.014335 -0.001074 0.258830
v 0.014335 0.001074 0.258830
v 0.012466 -0.001074 0.240698
v 0.012466 0.001074 0.240698
v 0.011573 0.001016 0.239938
v 0.011573 -0.001016 0.239938
v 0.012301 -0.001074 0.240108
v 0.012301 -0.001074 0.240108
v 0.012301 0.001074 0.240108
v 0.012301 0.001074 0.240108
v 0.009463 -0.000907 0.239965
v 0.009463 0.000907 0.239965
v 0.007561 0.000862 0.242886
v 0.007561 -0.000862 0.242886
v 0.019393 -0.009911 0.261284
v 0.019393 -0.009911 0.261284
v 0.015188 -0.009971 0.260334
v 0.015188 -0.009971 0.260334
v 0.017215 -0.009937 0.261287
v 0.017215 -0.009937 0.261287
v 0.018201 -0.002867 0.275697
v 0.022057 -0.003046 0.273848
v 0.020125 -0.002956 0.274831
v 0.018456 -0.009885 0.275321
v 0.018456 -0.009885 0.275321
v 0.022254 -0.009885 0.273477
v 0.022254 -0.009885 0.273477
v 0.020334 -0.009885 0.274462
v 0.020334 -0.009885 0.274462
v 0.020010 -0.010111 0.264196
v 0.016044 -0.010111 0.264935
v 0.017866 -0.010111 0.264662
v 0.022261 -0.008497 0.273735
v 0.018431 -0.008497 0.275586
v 0.020334 -0.008497 0.274721
v 0.015414 -0.005720 0.260282
v 0.019353 -0.005722 0.261077
v 0.017285 -0.005721 0.261124
v 0.022144 -0.005720 0.273800
v 0.018302 -0.005720 0.275649
v 0.020217 -0.005720 0.274783
v 0.018512 -0.010111 0.274810
v 0.022305 -0.010111 0.273043
v 0.020377 -0.010111 0.273995
v 0.015436 -0.003223 0.260301
v 0.019347 -0.003230 0.261076
v 0.017289 -0.003226 0.261129
v 0.019360 -0.007658 0.261077
v 0.015376 -0.007509 0.260250
v 0.017276 -0.007581 0.261114
v 0.021871 -0.010111 0.270285
v 0.018076 -0.010111 0.271694
v 0.019974 -0.010111 0.270989
v 0.017000 -0.010111 0.268250
v 0.020971 -0.010111 0.267264
v 0.018979 -0.010111 0.267759
v 0.019509 -0.010163 0.262046
v 0.014977 -0.010264 0.261614
v 0.017092 -0.010213 0.262228
v 0.021758 -0.000001 0.274009
v 0.017911 0.000000 0.275838
v 0.019834 -0.000001 0.274985
v 0.015189 0.009968 0.260337
v 0.015189 0.009968 0.260337
v 0.019391 0.009888 0.261305
v 0.019391 0.009888 0.261305
v 0.017214 0.009926 0.261297
v 0.017214 0.009926 0.261297
v 0.022057 0.003045 0.273848
v 0.018201 0.002867 0.275697
v 0.020126 0.002955 0.274831
v 0.022255 0.009882 0.273479
v 0.022255 0.009882 0.273479
v 0.018457 0.009885 0.275321
v 0.018457 0.009885 0.275321
v 0.020335 0.009884 0.274463
v 0.020335 0.009884 0.274463
v 0.016044 0.010107 0.264938
v 0.020011 0.010093 0.264211
v 0.017866 0.010103 0.264669
v 0.018431 0.008497 0.275586
v 0.022262 0.008495 0.273737
v 0.020334 0.008496 0.274722
v 0.019354 0.005698 0.261096
v 0.015416 0.005717 0.260287
v 0.017286 0.005709 0.261134
v 0.018302 0.005720 0.275648
v 0.022145 0.005719 0.273801
v 0.020217 0.005720 0.274783
v 0.022306 0.010108 0.273046
v 0.018513 0.010111 0.274810
v 0.020377 0.010110 0.273996
v 0.015438 0.003219 0.260304
v 0.019348 0.003199 0.261090
v 0.017290 0.003211 0.261136
v 0.015378 0.007506 0.260255
v 0.019361 0.007635 0.261097
v 0.017277 0.007570 0.261125
v 0.018077 0.010111 0.271694
v 0.021872 0.010105 0.270290
v 0.019974 0.010108 0.270992
v 0.020972 0.010099 0.267274
v 0.017000 0.010109 0.268252
v 0.018979 0.010104 0.267765
v 0.014978 0.010261 0.261618
v 0.019511 0.010141 0.262065
v 0.017092 0.010203 0.262237
v 0.015448 -0.001076 0.260311
v 0.019344 -0.001261 0.261072
v 0.017292 -0.001131 0.261132
v 0.019345 0.001226 0.261079
v 0.015449 0.001071 0.260313
v 0.017292 0.001115 0.261135
v 0.021377 -0.000023 0.260608
v 0.021377 -0.000023 0.260608
v 0.021377 -0.000023 0.260608
v 0.025454 -0.000006 0.271837
v 0.025454 -0.000006 0.271837
v 0.025454 -0.000006 0.271837
v 0.025256 0.000012 0.270741
v 0.025256 0.000012 0.270741
v 0.021770 -0.000012 0.261218
v 0.021770 -0.000012 0.261218
v 0.022357 -0.000009 0.262824
v 0.022357 -0.000009 0.262824
v 0.024261 0.000006 0.268022
v 0.024261 0.000006 0.268022
v 0.023309 -0.000002 0.265423
v 0.023309 -0.000002 0.265423
v 0.019344 -0.000017 0.261076
v 0.020775 -0.000395 0.260747
v 0.020792 0.000382 0.260746
v 0.020784 -0.000007 0.260747
v 0.036995 -0.010111 0.255675
v 0.034678 -0.001188 0.252675
v 0.034678 -0.001188 0.252675
v 0.037931 -0.010111 0.257140
v 0.034815 -0.009877 0.252843
v 0.034815 -0.009877 0.252843
v 0.038747 -0.001275 0.258644
v 0.038747 -0.001275 0.258644
v 0.038747 -0.005720 0.258643
v 0.038747 -0.003222 0.258644
v 0.038747 -0.008497 0.258643
v 0.034676 -0.005720 0.252672
v 0.034676 -0.008365 0.252672
v 0.038586 -0.010111 0.258348
v 0.038569 -0.009887 0.258491
v 0.038569 -0.009887 0.258491
v 0.035868 -0.010111 0.254179
v 0.034676 -0.003222 0.252673
v 0.035082 -0.010111 0.253185
v 0.038376 -0.001267 0.258099
v 0.034967 -0.001194 0.253085
v 0.038748 -0.001992 0.258644
v 0.034677 -0.001937 0.252674
v 0.035542 -0.001206 0.253931
v 0.037402 -0.001246 0.256666
v 0.036471 -0.001226 0.255298
v -0.014610 -0.000000 0.214988
v 0.010391 -0.000000 0.214988
v -0.015389 -0.000000 0.108385
v 0.011641 -0.000000 0.108385
v -0.015783 0.000000 0.001012
v -0.015783 0.000000 0.001012
v 0.012053 -0.000000 0.001006
v 0.012053 -0.000000 0.001006
v 0.010738 -0.000000 0.049610
v -0.014515 -0.000000 0.049610
v -0.016161 -0.000000 0.013018
v 0.012420 -0.000000 0.013018
v 0.010175 -0.000000 0.174692
v -0.014050 -0.000000 0.174692
v -0.014768 -0.000000 0.227940
v -0.014126 -0.000000 0.198174
v 0.010523 -0.000000 0.229073
v -0.015004 -0.000000 0.076652
v 0.011042 -0.000000 0.143078
v 0.012893 -0.000000 0.005069
v 0.011243 -0.000000 0.076652
v -0.014930 -0.000000 0.027819
v -0.002033 -0.000000 0.000000
v -0.016626 -0.000000 0.005069
v 0.011166 -0.000000 0.027819
v 0.009969 -0.000000 0.198174
v -0.014813 -0.000000 0.143078
v 0.007381 0.006250 0.214985
v 0.007381 0.006250 0.214985
v -0.011446 0.006443 0.214985
v -0.011446 0.006443 0.214985
v 0.007530 0.006438 0.108385
v 0.007530 0.006438 0.108385
v -0.011625 0.006438 0.108385
v -0.011625 0.006438 0.108385
v 0.007875 0.007291 0.000990
v 0.007875 0.007291 0.000990
v 0.007875 0.007291 0.000990
v -0.011942 0.007268 0.001003
v -0.011942 0.007268 0.001003
v -0.011942 0.007268 0.001003
v -0.010998 0.006942 0.049610
v -0.010998 0.006942 0.049610
v 0.006897 0.006942 0.049610
v 0.006897 0.006942 0.049610
v 0.008073 0.007759 0.013018
v 0.008073 0.007759 0.013018
v -0.012181 0.007759 0.013018
v -0.012181 0.007759 0.013018
v -0.010725 0.005838 0.174692
v -0.010725 0.005838 0.174692
v 0.006593 0.005838 0.174692
v 0.006593 0.005838 0.174692
v -0.012151 0.006158 0.228918
v -0.012151 0.006158 0.228918
v 0.007984 0.005979 0.229239
v 0.007984 0.005979 0.229239
v -0.010915 0.006106 0.198173
v -0.010915 0.006106 0.198173
v -0.002110 0.009036 0.214988
v 0.007116 0.006058 0.143078
v 0.007116 0.006058 0.143078
v -0.011349 0.006693 0.076652
v -0.011349 0.006693 0.076652
v -0.002106 0.008982 0.108385
v 0.008404 0.007871 0.005069
v 0.008404 0.007871 0.005069
v -0.002106 0.010514 0.000992
v -0.002106 0.010514 0.000992
v -0.011296 0.007267 0.027819
v -0.011296 0.007267 0.027819
v 0.007251 0.006693 0.076652
v 0.007251 0.006693 0.076652
v -0.002105 0.009895 0.049610
v 0.007197 0.007267 0.027819
v 0.007197 0.007267 0.027819
v -0.012515 0.007871 0.005069
v -0.012515 0.007871 0.005069
v -0.002115 0.011169 0.013018
v -0.011219 0.006058 0.143078
v -0.011219 0.006058 0.143078
v 0.006709 0.006106 0.198173
v 0.006709 0.006106 0.198173
v -0.002108 0.008158 0.174692
v -0.002107 0.008446 0.143078
v -0.002119 0.011330 0.005069
v -0.002105 0.009377 0.076652
v -0.002105 0.010448 0.027819
v -0.002111 0.008667 0.198174
v 0.010112 -0.000000 0.000183
v -0.014750 -0.000000 0.223979
v -0.013916 -0.000000 0.187467
v -0.014370 -0.000000 0.207190
v 0.010522 -0.000000 0.224364
v -0.014691 -0.000000 0.062534
v -0.015290 -0.000000 0.091963
v 0.010632 -0.000000 0.159690
v 0.011429 -0.000000 0.125680
v 0.011429 -0.000000 0.125680
v -0.013800 -0.000000 0.000183
v 0.011538 -0.000000 0.091963
v 0.010920 -0.000000 0.062534
v -0.015567 -0.000000 0.019621
v -0.014591 -0.000000 0.037906
v -0.007401 -0.000000 0.000007
v 0.003435 -0.000000 0.000007
v 0.010818 -0.000000 0.037906
v 0.011815 -0.000000 0.019621
v 0.010157 -0.000000 0.207190
v 0.009893 -0.000000 0.187467
v -0.015186 -0.000000 0.125680
v -0.015186 -0.000000 0.125680
v -0.014426 -0.000000 0.159690
v 0.006724 0.006561 0.000187
v -0.011948 0.006280 0.224316
v -0.011948 0.006280 0.224316
v 0.006806 0.006394 0.240117
v 0.007789 0.006139 0.224419
v 0.007789 0.006139 0.224419
v -0.010690 0.005895 0.187466
v -0.010690 0.005895 0.187466
v -0.011169 0.006286 0.207188
v -0.011169 0.006286 0.207188
v -0.013867 0.003495 0.214987
v -0.007270 0.008362 0.214987
v 0.003050 0.008362 0.214987
v 0.009637 0.003430 0.214987
v 0.006849 0.005923 0.159690
v 0.006849 0.005923 0.159690
v 0.007382 0.006248 0.125680
v 0.007382 0.006248 0.125680
v 0.007382 0.006248 0.125680
v 0.007382 0.006248 0.125680
v -0.011125 0.006811 0.062534
v -0.011125 0.006811 0.062534
v -0.011554 0.006579 0.091963
v -0.011554 0.006579 0.091963
v -0.014420 0.003502 0.108385
v -0.007281 0.008328 0.108385
v 0.003084 0.008328 0.108385
v 0.010542 0.003502 0.108385
v -0.010569 0.006351 0.000187
v -0.014799 0.003888 0.001009
v -0.014799 0.003888 0.001009
v -0.007465 0.009627 0.000997
v -0.007465 0.009627 0.000997
v 0.003280 0.009643 0.000988
v 0.003280 0.009643 0.000988
v 0.010948 0.003900 0.001001
v 0.010948 0.003900 0.001001
v -0.011754 0.007538 0.019621
v -0.011754 0.007538 0.019621
v -0.011053 0.007087 0.037906
v -0.011053 0.007087 0.037906
v 0.007458 0.006579 0.091963
v 0.007458 0.006579 0.091963
v 0.007025 0.006811 0.062534
v 0.007025 0.006811 0.062534
v 0.009711 0.003742 0.049610
v -0.006939 0.009106 0.049610
v 0.002744 0.009106 0.049610
v -0.013610 0.003742 0.049610
v 0.006953 0.007087 0.037906
v 0.006953 0.007087 0.037906
v 0.007651 0.007538 0.019621
v 0.007651 0.007538 0.019621
v -0.015137 0.004165 0.013018
v 0.011258 0.004165 0.013018
v -0.007587 0.010245 0.013018
v 0.003372 0.010245 0.013018
v -0.011481 0.006248 0.125680
v -0.011481 0.006248 0.125680
v -0.011481 0.006248 0.125680
v -0.011481 0.006248 0.125680
v -0.010958 0.005923 0.159690
v -0.010958 0.005923 0.159690
v 0.006950 0.006286 0.207188
v 0.006950 0.006286 0.207188
v 0.006518 0.005895 0.187466
v 0.006518 0.005895 0.187466
v 0.009234 0.003172 0.174692
v -0.006805 0.007560 0.174692
v 0.002599 0.007560 0.174692
v -0.013205 0.003172 0.174692
v -0.002045 0.009102 0.000183
v -0.014126 0.003611 0.228585
v -0.013336 0.003295 0.198173
v -0.002144 0.008917 0.224468
v 0.010007 0.002646 0.229191
v -0.014063 0.003634 0.076652
v -0.002107 0.008251 0.159690
v -0.007061 0.007833 0.143078
v -0.002106 0.008716 0.125680
v -0.002106 0.008716 0.125680
v 0.002862 0.007833 0.143078
v 0.009994 0.003296 0.143078
v -0.007770 0.010393 0.005069
v 0.003548 0.010393 0.005069
v 0.011693 0.004225 0.005069
v 0.010176 0.003634 0.076652
v -0.002105 0.009183 0.091963
v -0.007130 0.008681 0.076652
v -0.002105 0.009621 0.062534
v 0.002934 0.008681 0.076652
v -0.013995 0.003903 0.027819
v -0.002037 0.004125 0.000007
v -0.015568 0.004225 0.005069
v 0.010105 0.003903 0.027819
v -0.002104 0.010161 0.037906
v -0.007102 0.009587 0.027819
v -0.002111 0.010850 0.019621
v 0.002905 0.009587 0.027819
v 0.009161 0.003295 0.198173
v -0.002111 0.008903 0.207190
v -0.006940 0.007988 0.198173
v -0.002111 0.008313 0.187467
v 0.002720 0.007988 0.198173
v -0.013889 0.003296 0.143078
v 0.009233 0.003599 0.000184
v -0.006759 0.008319 0.000184
v 0.002754 0.008464 0.000184
v -0.014076 0.003586 0.224197
v -0.013108 0.003190 0.187467
v -0.013598 0.003395 0.207189
v -0.007584 0.008349 0.224456
v 0.003249 0.008394 0.224518
v 0.009909 0.002968 0.224403
v -0.013774 0.003685 0.062534
v -0.014328 0.003577 0.091963
v 0.002723 0.007654 0.159690
v -0.006923 0.007654 0.159690
v -0.007202 0.008081 0.125680
v -0.007202 0.008081 0.125680
v 0.003004 0.008081 0.125680
v 0.003004 0.008081 0.125680
v 0.009625 0.003223 0.159690
v 0.010348 0.003398 0.125680
v 0.010348 0.003398 0.125680
v -0.012963 0.003453 0.000184
v 0.010448 0.003577 0.091963
v 0.009879 0.003685 0.062534
v 0.003045 0.008512 0.091963
v -0.007242 0.008512 0.091963
v -0.007008 0.008882 0.062534
v 0.002812 0.008882 0.062534
v -0.014586 0.004047 0.019621
v -0.013680 0.003811 0.037906
v -0.007103 0.003829 0.000014
v 0.003122 0.003899 0.000014
v 0.009785 0.003811 0.037906
v 0.010702 0.004047 0.019621
v 0.002774 0.009332 0.037906
v -0.006969 0.009332 0.037906
v -0.007353 0.009952 0.019621
v 0.003147 0.009952 0.019621
v 0.009383 0.003395 0.207189
v 0.009029 0.003190 0.187467
v 0.002875 0.008212 0.207189
v -0.007096 0.008212 0.207189
v -0.006801 0.007679 0.187467
v 0.002586 0.007679 0.187467
v -0.014233 0.003398 0.125680
v -0.014233 0.003398 0.125680
v -0.013538 0.003223 0.159690
v -0.011056 0.005574 0.243028
v -0.011119 0.006123 0.240124
v -0.010547 0.004519 0.248644
v -0.010622 0.005058 0.245791
v -0.010285 0.006735 0.236954
v 0.006345 0.006366 0.240224
v 0.005425 0.006974 0.236940
v 0.006624 0.005840 0.243026
v 0.006307 0.005310 0.245806
v 0.006078 0.004768 0.248644
v 0.004148 0.007702 0.232992
v 0.002935 0.008282 0.229828
v -0.007502 0.008159 0.229651
v -0.008887 0.007503 0.233006
v 0.010466 -0.000000 0.231523
v -0.012494 0.004394 0.240156
v -0.011935 0.004501 0.243046
v -0.013124 0.003977 0.236875
v -0.011396 0.004192 0.245804
v -0.010848 0.004196 0.248644
v 0.007138 0.004265 0.245838
v 0.007792 0.004345 0.243075
v 0.006475 0.004365 0.248644
v 0.009250 0.003716 0.236999
v 0.008471 0.004079 0.240189
v -0.013879 0.003289 0.232930
v 0.010085 0.001451 0.233111
v 0.009684 0.003043 0.235000
v -0.010789 -0.000000 0.248644
v 0.006397 -0.000000 0.248644
v 0.007096 0.005841 0.243060
v 0.006677 0.005305 0.245860
v -0.011528 0.005561 0.243060
v -0.011592 0.006117 0.240117
v -0.011113 0.005037 0.245861
v 0.005877 0.007007 0.236801
v 0.004593 0.007739 0.232831
v 0.003327 0.008345 0.229529
v -0.010733 0.006758 0.236801
v -0.007890 0.008211 0.229347
v -0.009328 0.007530 0.232831
v 0.005815 0.004764 0.248644
v -0.010002 0.004527 0.248644
v 0.007818 0.004991 0.243060
v 0.008497 0.004642 0.240117
v 0.007138 0.004740 0.245868
v 0.009223 0.004221 0.236924
v 0.009672 0.003509 0.234716
v 0.010108 0.002000 0.232831
v 0.010316 -0.000000 0.232322
v 0.006469 0.003972 0.248644
v -0.013147 0.004490 0.236801
v -0.013907 0.003798 0.232831
v -0.011393 0.004696 0.245864
v -0.012511 0.004912 0.240117
v -0.011942 0.005021 0.243060
v -0.014602 -0.000000 0.228805
v -0.010841 0.003695 0.248644
v -0.012202 0.007558 0.001587
v -0.012202 0.007558 0.001587
v 0.008121 0.007580 0.001586
v 0.008121 0.007580 0.001586
v 0.011295 0.004065 0.001587
v -0.016173 -0.000000 0.001588
v 0.012444 -0.000000 0.001587
v -0.015153 0.004052 0.001588
v 0.003404 0.010007 0.001586
v -0.007602 0.009991 0.001587
v -0.002111 0.010901 0.001586
v 0.000787 0.008544 0.228273
v -0.005256 0.008470 0.228185
v -0.002207 0.008690 0.227262
v -0.005397 0.008554 0.227729
v 0.000990 0.008630 0.227838
v -0.002174 0.008797 0.226702
v 0.007015 0.005116 0.245874
v 0.007015 0.005116 0.245874
v 0.006397 0.004668 0.248644
v 0.006397 0.004668 0.248644
v 0.007904 0.005805 0.236834
v 0.007904 0.005805 0.236834
v 0.007510 0.005421 0.243060
v 0.007510 0.005421 0.243060
v 0.007808 0.005662 0.240117
v 0.007808 0.005662 0.240117
v -0.012051 0.005514 0.240117
v -0.012051 0.005514 0.240117
v -0.012167 0.006007 0.232831
v -0.012167 0.006007 0.232831
v -0.011735 0.005291 0.243060
v -0.011735 0.005291 0.243060
v -0.011297 0.004909 0.245874
v -0.011297 0.004909 0.245874
v -0.010793 0.004444 0.248644
v -0.010793 0.004444 0.248644
v -0.012177 0.005736 0.236801
v -0.012177 0.005736 0.236801
v -0.002387 0.006245 0.240174
v -0.002283 0.008221 0.229740
v -0.002216 0.005707 0.243027
v -0.002370 0.007603 0.232999
v -0.002158 0.005184 0.245798
v -0.002093 0.004646 0.248644
v -0.002430 0.006855 0.236947
v 0.007071 -0.000000 0.245840
v 0.007736 -0.000000 0.243070
v 0.008422 -0.000000 0.240210
v 0.009206 -0.000000 0.236946
v 0.009675 -0.000000 0.234992
v -0.013823 -0.000000 0.232858
v -0.013059 -0.000000 0.236834
v -0.012420 -0.000000 0.240157
v -0.011860 -0.000000 0.243070
v -0.011332 -0.000000 0.245819
v 0.007381 -0.006250 0.214985
v 0.007381 -0.006250 0.214985
v -0.011446 -0.006443 0.214985
v -0.011446 -0.006443 0.214985
v 0.007530 -0.006438 0.108385
v 0.007530 -0.006438 0.108385
v -0.011625 -0.006438 0.108385
v -0.011625 -0.006438 0.108385
v 0.007875 -0.007291 0.000990
v 0.007875 -0.007291 0.000990
v 0.007875 -0.007291 0.000990
v -0.012127 -0.006751 0.000918
v -0.012127 -0.006751 0.000918
v -0.012127 -0.006751 0.000918
v -0.010998 -0.006942 0.049610
v -0.010998 -0.006942 0.049610
v 0.006897 -0.006942 0.049610
v 0.006897 -0.006942 0.049610
v 0.008073 -0.007759 0.013018
v 0.008073 -0.007759 0.013018
v -0.012181 -0.007759 0.013018
v -0.012181 -0.007759 0.013018
v -0.010725 -0.005838 0.174692
v -0.010725 -0.005838 0.174692
v 0.006593 -0.005838 0.174692
v 0.006593 -0.005838 0.174692
v -0.012151 -0.006158 0.228918
v -0.012151 -0.006158 0.228918
v 0.007984 -0.005979 0.229239
v 0.007984 -0.005979 0.229239
v -0.010915 -0.006106 0.198173
v -0.010915 -0.006106 0.198173
v -0.002110 -0.009036 0.214988
v 0.007116 -0.006058 0.143078
v 0.007116 -0.006058 0.143078
v -0.011349 -0.006693 0.076652
v -0.011349 -0.006693 0.076652
v -0.002106 -0.008982 0.108385
v 0.008404 -0.007871 0.005069
v 0.008404 -0.007871 0.005069
v -0.002091 -0.010543 0.001026
v -0.002091 -0.010543 0.001026
v -0.011296 -0.007267 0.027819
v -0.011296 -0.007267 0.027819
v 0.007251 -0.006693 0.076652
v 0.007251 -0.006693 0.076652
v -0.002105 -0.009895 0.049610
v 0.007197 -0.007267 0.027819
v 0.007197 -0.007267 0.027819
v -0.012515 -0.007871 0.005069
v -0.012515 -0.007871 0.005069
v -0.002115 -0.011169 0.013018
v -0.011219 -0.006058 0.143078
v -0.011219 -0.006058 0.143078
v 0.006709 -0.006106 0.198173
v 0.006709 -0.006106 0.198173
v -0.002108 -0.008158 0.174692
v -0.002107 -0.008446 0.143078
v -0.002119 -0.011330 0.005069
v -0.002105 -0.009377 0.076652
v -0.002105 -0.010448 0.027819
v -0.002111 -0.008667 0.198174
v 0.006724 -0.006561 0.000187
v -0.011948 -0.006280 0.224316
v -0.011948 -0.006280 0.224316
v 0.006806 -0.006394 0.240117
v 0.007789 -0.006139 0.224419
v 0.007789 -0.006139 0.224419
v -0.010690 -0.005895 0.187466
v -0.010690 -0.005895 0.187466
v -0.011169 -0.006286 0.207188
v -0.011169 -0.006286 0.207188
v -0.013867 -0.003495 0.214987
v -0.007270 -0.008362 0.214987
v 0.003050 -0.008362 0.214987
v 0.009637 -0.003430 0.214987
v 0.006849 -0.005923 0.159690
v 0.006849 -0.005923 0.159690
v 0.007382 -0.006248 0.125680
v 0.007382 -0.006248 0.125680
v 0.007382 -0.006248 0.125680
v 0.007382 -0.006248 0.125680
v -0.011125 -0.006811 0.062534
v -0.011125 -0.006811 0.062534
v -0.011554 -0.006579 0.091963
v -0.011554 -0.006579 0.091963
v -0.014420 -0.003502 0.108385
v -0.007281 -0.008328 0.108385
v 0.003084 -0.008328 0.108385
v 0.010542 -0.003502 0.108385
v -0.010340 -0.005904 0.000187
v -0.014349 -0.004598 0.001023
v -0.014349 -0.004598 0.001023
v -0.007100 -0.008970 0.000908
v -0.007100 -0.008970 0.000908
v 0.003280 -0.009643 0.000987
v 0.003280 -0.009643 0.000987
v 0.010948 -0.003900 0.001001
v 0.010948 -0.003900 0.001001
v -0.011754 -0.007538 0.019621
v -0.011754 -0.007538 0.019621
v -0.011053 -0.007087 0.037906
v -0.011053 -0.007087 0.037906
v 0.007458 -0.006579 0.091963
v 0.007458 -0.006579 0.091963
v 0.007025 -0.006811 0.062534
v 0.007025 -0.006811 0.062534
v 0.009711 -0.003742 0.049610
v -0.006939 -0.009106 0.049610
v 0.002744 -0.009106 0.049610
v -0.013610 -0.003742 0.049610
v 0.006953 -0.007087 0.037906
v 0.006953 -0.007087 0.037906
v 0.007651 -0.007538 0.019621
v 0.007651 -0.007538 0.019621
v -0.015137 -0.004165 0.013018
v 0.011258 -0.004165 0.013018
v -0.007587 -0.010245 0.013018
v 0.003372 -0.010245 0.013018
v -0.011481 -0.006248 0.125680
v -0.011481 -0.006248 0.125680
v -0.011481 -0.006248 0.125680
v -0.011481 -0.006248 0.125680
v -0.010958 -0.005923 0.159690
v -0.010958 -0.005923 0.159690
v 0.006950 -0.006286 0.207188
v 0.006950 -0.006286 0.207188
v 0.006518 -0.005895 0.187466
v 0.006518 -0.005895 0.187466
v 0.009234 -0.003172 0.174692
v -0.006805 -0.007560 0.174692
v 0.002599 -0.007560 0.174692
v -0.013205 -0.003172 0.174692
v -0.002045 -0.009102 0.000183
v -0.014126 -0.003611 0.228585
v -0.013336 -0.003295 0.198173
v -0.002144 -0.008917 0.224468
v 0.010007 -0.002646 0.229191
v -0.014063 -0.003634 0.076652
v -0.002107 -0.008251 0.159690
v -0.007061 -0.007833 0.143078
v -0.002106 -0.008716 0.125680
v -0.002106 -0.008716 0.125680
v 0.002862 -0.007833 0.143078
v 0.009994 -0.003296 0.143078
v -0.007770 -0.010393 0.005069
v 0.003548 -0.010393 0.005069
v 0.011693 -0.004225 0.005069
v 0.010176 -0.003634 0.076652
v -0.002105 -0.009183 0.091963
v -0.007130 -0.008681 0.076652
v -0.002105 -0.009621 0.062534
v 0.002934 -0.008681 0.076652
v -0.013995 -0.003903 0.027819
v -0.002037 -0.004125 0.000007
v -0.015479 -0.004762 0.005069
v 0.010105 -0.003903 0.027819
v -0.002104 -0.010161 0.037906
v -0.007102 -0.009587 0.027819
v -0.002111 -0.010850 0.019621
v 0.002905 -0.009587 0.027819
v 0.009161 -0.003295 0.198173
v -0.002111 -0.008903 0.207190
v -0.006940 -0.007988 0.198173
v -0.002111 -0.008313 0.187467
v 0.002720 -0.007988 0.198173
v -0.013889 -0.003296 0.143078
v 0.009233 -0.003599 0.000184
v -0.006812 -0.007622 0.000158
v 0.002754 -0.008464 0.000184
v -0.014076 -0.003586 0.224197
v -0.013108 -0.003190 0.187467
v -0.013598 -0.003395 0.207189
v -0.007584 -0.008349 0.224456
v 0.003249 -0.008394 0.224518
v 0.009909 -0.002968 0.224403
v -0.013774 -0.003685 0.062534
v -0.014328 -0.003577 0.091963
v 0.002723 -0.007654 0.159690
v -0.006923 -0.007654 0.159690
v -0.007202 -0.008081 0.125680
v -0.007202 -0.008081 0.125680
v 0.003004 -0.008081 0.125680
v 0.003004 -0.008081 0.125680
v 0.009625 -0.003223 0.159690
v 0.010348 -0.003398 0.125680
v 0.010348 -0.003398 0.125680
v -0.013095 -0.003620 0.000184
v 0.010448 -0.003577 0.091963
v 0.009879 -0.003685 0.062534
v 0.003045 -0.008512 0.091963
v -0.007242 -0.008512 0.091963
v -0.007008 -0.008882 0.062534
v 0.002812 -0.008882 0.062534
v -0.014586 -0.004047 0.019621
v -0.013680 -0.003811 0.037906
v -0.007103 -0.003829 0.000014
v 0.003122 -0.003899 0.000014
v 0.009785 -0.003811 0.037906
v 0.010702 -0.004047 0.019621
v 0.002774 -0.009332 0.037906
v -0.006969 -0.009332 0.037906
v -0.007353 -0.009952 0.019621
v 0.003147 -0.009952 0.019621
v 0.009383 -0.003395 0.207189
v 0.009029 -0.003190 0.187467
v 0.002875 -0.008212 0.207189
v -0.007096 -0.008212 0.207189
v -0.006801 -0.007679 0.187467
v 0.002586 -0.007679 0.187467
v -0.014233 -0.003398 0.125680
v -0.014233 -0.003398 0.125680
v -0.013538 -0.003223 0.159690
v -0.011056 -0.005574 0.243028
v -0.011119 -0.006123 0.240124
v -0.010547 -0.004519 0.248644
v -0.010622 -0.005058 0.245791
v -0.010285 -0.006735 0.236954
v 0.006345 -0.006366 0.240224
v 0.005425 -0.006974 0.236940
v 0.006624 -0.005840 0.243026
v 0.006307 -0.005310 0.245806
v 0.006078 -0.004768 0.248644
v 0.004148 -0.007702 0.232992
v 0.002935 -0.008282 0.229828
v -0.007502 -0.008159 0.229651
v -0.008887 -0.007503 0.233006
v -0.012494 -0.004394 0.240156
v -0.011935 -0.004501 0.243046
v -0.013124 -0.003977 0.236875
v -0.011396 -0.004192 0.245804
v -0.010848 -0.004196 0.248644
v 0.007138 -0.004265 0.245838
v 0.007792 -0.004345 0.243075
v 0.006475 -0.004365 0.248644
v 0.009250 -0.003716 0.236999
v 0.008471 -0.004079 0.240189
v -0.013879 -0.003289 0.232930
v 0.010085 -0.001451 0.233111
v 0.009684 -0.003043 0.235000
v 0.007096 -0.005841 0.243060
v 0.006677 -0.005305 0.245860
v -0.011528 -0.005561 0.243060
v -0.011592 -0.006117 0.240117
v -0.011113 -0.005037 0.245861
v 0.005877 -0.007007 0.236801
v 0.004593 -0.007739 0.232831
v 0.003327 -0.008345 0.229529
v -0.010733 -0.006758 0.236801
v -0.007890 -0.008211 0.229347
v -0.009328 -0.007530 0.232831
v 0.005815 -0.004764 0.248644
v -0.010002 -0.004527 0.248644
v 0.007818 -0.004991 0.243060
v 0.008497 -0.004642 0.240117
v 0.007138 -0.004740 0.245868
v 0.009223 -0.004221 0.236924
v 0.009672 -0.003509 0.234716
v 0.010108 -0.002000 0.232831
v 0.006469 -0.003972 0.248644
v -0.013147 -0.004490 0.236801
v -0.013907 -0.003798 0.232831
v -0.011393 -0.004696 0.245864
v -0.012511 -0.004912 0.240117
v -0.011942 -0.005021 0.243060
v -0.010841 -0.003695 0.248644
v -0.012474 -0.007211 0.001606
v -0.012474 -0.007211 0.001606
v 0.008121 -0.007580 0.001586
v 0.008121 -0.007580 0.001586
v 0.011295 -0.004065 0.001587
v -0.014751 -0.004785 0.001597
v 0.003404 -0.010007 0.001585
v -0.007562 -0.009658 0.001607
v -0.002109 -0.010904 0.001594
v 0.000787 -0.008544 0.228273
v -0.005256 -0.008470 0.228185
v -0.002207 -0.008690 0.227262
v -0.005397 -0.008554 0.227729
v 0.000990 -0.008630 0.227838
v -0.002174 -0.008797 0.226702
v 0.007015 -0.005116 0.245874
v 0.007015 -0.005116 0.245874
v 0.006397 -0.004668 0.248644
v 0.006397 -0.004668 0.248644
v 0.007904 -0.005805 0.236834
v 0.007904 -0.005805 0.236834
v 0.007510 -0.005421 0.243060
v 0.007510 -0.005421 0.243060
v 0.007808 -0.005662 0.240117
v 0.007808 -0.005662 0.240117
v -0.012051 -0.005514 0.240117
v -0.012051 -0.005514 0.240117
v -0.012167 -0.006007 0.232831
v -0.012167 -0.006007 0.232831
v -0.011735 -0.005291 0.243060
v -0.011735 -0.005291 0.243060
v -0.011297 -0.004909 0.245874
v -0.011297 -0.004909 0.245874
v -0.010793 -0.004444 0.248644
v -0.010793 -0.004444 0.248644
v -0.012177 -0.005736 0.236801
v -0.012177 -0.005736 0.236801
v -0.002387 -0.006245 0.240174
v -0.002283 -0.008221 0.229740
v -0.002216 -0.005707 0.243027
v -0.002370 -0.007603 0.232999
v -0.002158 -0.005184 0.245798
v -0.002093 -0.004646 0.248644
v -0.002430 -0.006855 0.236947
v -0.008804 -0.004252 0.277850
v -0.008804 -0.004252 0.277850
v -0.008523 -0.004106 0.278965
v -0.008523 -0.004106 0.278965
v -0.008523 -0.004106 0.278965
v -0.009071 0.001746 0.278216
v -0.009071 0.001746 0.278216
v -0.008797 0.001536 0.279239
v -0.008797 0.001536 0.279239
v -0.008797 0.001536 0.279239
v -0.006169 -0.004071 0.277534
v -0.006169 -0.004071 0.277534
v -0.006264 -0.003997 0.278600
v -0.006264 -0.003997 0.278600
v -0.006264 -0.003997 0.278600
v -0.006575 0.001920 0.277920
v -0.006575 0.001920 0.277920
v -0.006580 0.001690 0.278958
v -0.006580 0.001690 0.278958
v -0.006580 0.001690 0.278958
v -0.008836 -0.003724 0.277884
v -0.008602 -0.003783 0.278979
v -0.008602 -0.003783 0.278979
v -0.006201 -0.003542 0.277567
v -0.006140 -0.003616 0.278672
v -0.006140 -0.003616 0.278672
v -0.008846 0.001157 0.279292
v -0.008846 0.001157 0.279292
v -0.006509 0.001490 0.277888
v -0.009144 0.001309 0.278205
v -0.006469 0.001396 0.278985
v -0.006469 0.001396 0.278985
v -0.007103 0.001933 0.277986
v -0.006939 0.001747 0.279069
v -0.006939 0.001747 0.279069
v -0.006733 -0.004109 0.277601
v -0.006709 -0.004119 0.278714
v -0.006709 -0.004119 0.278714
v -0.006659 -0.003739 0.279052
v -0.006898 0.001372 0.279179
v -0.008536 0.001834 0.278159
v -0.008028 -0.004207 0.278897
v -0.008028 -0.004207 0.278897
v -0.008351 0.001648 0.279240
v -0.008351 0.001648 0.279240
v -0.008166 -0.004208 0.277774
v -0.008019 -0.003833 0.279215
v -0.008331 0.001273 0.279352
v -0.008637 -0.004210 0.278654
v -0.008637 -0.004210 0.278654
v -0.008958 0.001637 0.279027
v -0.008958 0.001637 0.279027
v -0.006526 0.001820 0.278736
v -0.006526 0.001820 0.278736
v -0.006180 -0.004047 0.278364
v -0.006180 -0.004047 0.278364
v -0.006100 -0.003588 0.278380
v -0.008735 -0.003769 0.278696
v -0.006408 0.001444 0.278700
v -0.009043 0.001263 0.279017
v -0.006632 -0.004155 0.278414
v -0.007002 0.001887 0.278799
v -0.008435 0.001788 0.278971
v -0.008065 -0.004254 0.278586
v 0.001762 -0.002672 0.277328
v 0.001762 -0.002672 0.277328
v 0.002116 -0.002513 0.278386
v 0.002116 -0.002513 0.278386
v 0.002116 -0.002513 0.278386
v 0.002411 0.003155 0.276972
v 0.002411 0.003155 0.276972
v 0.002823 0.003033 0.278129
v 0.002823 0.003033 0.278129
v 0.002823 0.003033 0.278129
v 0.004139 -0.003007 0.277023
v 0.004139 -0.003007 0.277023
v 0.004228 -0.002878 0.278063
v 0.004228 -0.002878 0.278063
v 0.004228 -0.002878 0.278063
v 0.004877 0.002914 0.276672
v 0.004877 0.002914 0.276672
v 0.004830 0.002841 0.277773
v 0.004830 0.002841 0.277773
v 0.004830 0.002841 0.277773
v 0.001688 -0.002241 0.277328
v 0.001953 -0.002205 0.278415
v 0.001953 -0.002205 0.278415
v 0.004303 -0.002576 0.276979
v 0.004331 -0.002507 0.278154
v 0.004331 -0.002507 0.278154
v 0.002627 0.002801 0.278237
v 0.002627 0.002801 0.278237
v 0.004904 0.002431 0.276669
v 0.002288 0.002766 0.277018
v 0.004911 0.002508 0.277933
v 0.004911 0.002508 0.277933
v 0.004401 0.002981 0.276715
v 0.004554 0.002870 0.277966
v 0.004554 0.002870 0.277966
v 0.003680 -0.003030 0.277086
v 0.003849 -0.002862 0.278191
v 0.003849 -0.002862 0.278191
v 0.003939 -0.002441 0.278318
v 0.004539 0.002566 0.278124
v 0.003160 0.003184 0.276904
v 0.002431 -0.002669 0.278405
v 0.002431 -0.002669 0.278405
v 0.003324 0.003123 0.278156
v 0.003324 0.003123 0.278156
v 0.002258 -0.002847 0.277276
v 0.002517 -0.002258 0.278507
v 0.003117 0.002748 0.278314
v 0.001923 -0.002584 0.278139
v 0.001923 -0.002584 0.278139
v 0.002576 0.003107 0.277787
v 0.002576 0.003107 0.277787
v 0.004990 0.002950 0.277483
v 0.004990 0.002950 0.277483
v 0.004251 -0.002971 0.277834
v 0.004251 -0.002971 0.277834
v 0.004416 -0.002539 0.277790
v 0.001800 -0.002204 0.278139
v 0.005017 0.002467 0.277481
v 0.002401 0.002802 0.277830
v 0.003793 -0.002993 0.277897
v 0.004514 0.003018 0.277526
v 0.003272 0.003221 0.277715
v 0.002371 -0.002811 0.278087
v 0.008119 -0.004514 0.275253
v -0.012619 -0.004597 0.277051
v -0.012849 -0.002186 0.277051
v 0.008212 -0.001955 0.275234
v -0.012848 0.000000 0.277052
v -0.012297 -0.006194 0.277058
v -0.012297 -0.006194 0.277058
v 0.007942 -0.006194 0.275286
v 0.007942 -0.006194 0.275286
v 0.008229 0.000000 0.275232
v -0.012848 0.000000 0.278434
v -0.012619 -0.004597 0.278433
v 0.008119 -0.004514 0.276635
v 0.008229 0.000000 0.276614
v -0.012849 -0.002186 0.278433
v 0.008212 -0.001955 0.276616
v -0.012297 -0.006194 0.278440
v -0.012297 -0.006194 0.278440
v 0.007942 -0.006194 0.276668
v 0.007942 -0.006194 0.276668
v -0.011563 -0.006194 0.276994
v -0.011563 -0.006194 0.278376
v 0.007187 -0.006194 0.275352
v 0.007187 -0.006194 0.276734
v 0.006518 -0.004450 0.277518
v 0.007225 -0.004450 0.277456
v 0.006598 -0.001943 0.277499
v 0.007317 -0.001935 0.277437
v -0.011953 -0.002144 0.279100
v -0.011732 -0.004466 0.279099
v -0.011564 -0.005296 0.279106
v 0.007136 -0.005296 0.277468
v 0.006438 -0.005296 0.277529
v 0.007323 0.000000 0.277437
v 0.006605 0.000000 0.277499
v -0.011948 0.000000 0.279100
v -0.011044 -0.004465 0.279039
v -0.011254 -0.002136 0.279039
v -0.010886 -0.005296 0.279047
v -0.011249 0.000000 0.279040
v 0.007789 -0.000000 0.277209
v 0.007789 -0.000000 0.277209
v -0.012428 -0.002166 0.278964
v -0.012428 -0.002166 0.278964
v 0.007776 -0.001946 0.277211
v 0.007776 -0.001946 0.277211
v 0.007683 -0.004485 0.277231
v 0.007683 -0.004485 0.277231
v -0.012202 -0.004536 0.278964
v -0.012202 -0.004536 0.278964
v -0.011967 -0.005781 0.278984
v -0.011967 -0.005781 0.278984
v -0.011967 -0.005781 0.278984
v 0.007565 -0.005785 0.277267
v 0.007565 -0.005785 0.277267
v 0.007565 -0.005785 0.277267
v -0.012429 0.000000 0.278963
v -0.012429 0.000000 0.278963
v -0.011349 -0.005768 0.278912
v -0.011349 -0.005768 0.278912
v 0.006917 -0.005768 0.277313
v 0.006917 -0.005768 0.277313
v 0.008119 0.004514 0.275253
v -0.012619 0.004597 0.277051
v -0.012849 0.002186 0.277051
v 0.008212 0.001955 0.275234
v -0.012297 0.006194 0.277058
v -0.012297 0.006194 0.277058
v 0.007942 0.006194 0.275286
v 0.007942 0.006194 0.275286
v -0.012619 0.004597 0.278433
v 0.008119 0.004514 0.276635
v -0.012849 0.002186 0.278433
v 0.008212 0.001955 0.276616
v -0.012297 0.006194 0.278440
v -0.012297 0.006194 0.278440
v 0.007942 0.006194 0.276668
v 0.007942 0.006194 0.276668
v -0.011563 0.006194 0.276994
v -0.011563 0.006194 0.278376
v 0.007187 0.006194 0.275352
v 0.007187 0.006194 0.276734
v 0.006518 0.004450 0.277518
v 0.007225 0.004450 0.277456
v 0.006598 0.001943 0.277499
v 0.007317 0.001935 0.277437
v -0.011953 0.002144 0.279100
v -0.011732 0.004466 0.279099
v -0.011564 0.005296 0.279106
v 0.007136 0.005296 0.277468
v 0.006438 0.005296 0.277529
v -0.011044 0.004465 0.279039
v -0.011254 0.002136 0.279039
v -0.010886 0.005296 0.279047
v -0.012428 0.002166 0.278964
v -0.012428 0.002166 0.278964
v 0.007776 0.001946 0.277211
v 0.007776 0.001946 0.277211
v 0.007683 0.004485 0.277231
v 0.007683 0.004485 0.277231
v -0.012202 0.004536 0.278964
v -0.012202 0.004536 0.278964
v -0.011967 0.005781 0.278984
v -0.011967 0.005781 0.278984
v -0.011967 0.005781 0.278984
v 0.007565 0.005785 0.277267
v 0.007565 0.005785 0.277267
v 0.007565 0.005785 0.277267
v -0.011349 0.005768 0.278912
v -0.011349 0.005768 0.278912
v 0.006917 0.005768 0.277313
v 0.006917 0.005768 0.277313
vt 0.393683 0.660726
vt 0.775806 0.016347
vt 0.219642 0.640677
vt 0.790249 0.921567
vt 0.987413 0.190495
vt 0.387586 0.778580
vt 0.676105 0.008755
vt 0.778099 0.133237
vt 0.221945 0.782309
vt 0.649028 0.921278
vt 0.392311 0.692659
vt 0.775154 0.048243
vt 0.388901 0.748925
vt 0.775198 0.104345
vt 0.218872 0.754997
vt 0.676328 0.921362
vt 0.218502 0.653017
vt 0.777919 0.921546
vt 0.272620 0.621556
vt 0.256958 0.780181
vt 0.254755 0.749938
vt 0.263774 0.651968
vt 0.302281 0.783875
vt 0.669222 0.093580
vt 0.302050 0.748179
vt 0.317402 0.666408
vt 0.321083 0.638358
vt 0.243167 0.624802
vt 0.239018 0.781557
vt 0.236137 0.752149
vt 0.238962 0.648263
vt 0.291577 0.627547
vt 0.274077 0.778701
vt 0.277889 0.748712
vt 0.287598 0.657734
vt 0.240234 0.829516
vt 0.598445 0.921391
vt 0.252171 0.828202
vt 0.264318 0.825665
vt 0.278288 0.821769
vt 0.290958 0.817459
vt 0.670395 0.131711
vt 0.327737 0.781429
vt 0.671101 0.068388
vt 0.329105 0.748217
vt 0.339688 0.674763
vt 0.347837 0.646131
vt 0.378309 0.973092
vt 0.388420 0.978881
vt 0.391166 0.980261
vt 0.392535 0.977957
vt 0.392706 0.975087
vt 0.271471 0.871460
vt 0.545589 0.921771
vt 0.297701 0.861684
vt 0.288346 0.866321
vt 0.279821 0.869281
vt 0.305881 0.856955
vt 0.671457 0.173618
vt 0.314599 0.916171
vt 0.482886 0.922493
vt 0.330110 0.905367
vt 0.319832 0.913030
vt 0.335253 0.901826
vt 0.673045 0.227097
vt 0.325140 0.909180
vt 0.672879 0.877319
vt 0.649013 0.877300
vt 0.357816 0.956401
vt 0.377025 0.953073
vt 0.688476 0.093767
vt 0.600391 0.902764
vt 0.688986 0.131266
vt 0.688434 0.068453
vt 0.395948 0.904969
vt 0.777622 0.263046
vt 0.694877 0.324858
vt 0.770870 0.263099
vt 0.377639 0.905344
vt 0.780145 0.263017
vt 0.774862 0.263073
vt 0.690012 0.173108
vt 0.691619 0.226501
vt 0.649010 0.902691
vt 0.688179 0.009461
vt 0.789304 0.136657
vt 0.801113 0.906190
vt 0.979987 0.207966
vt 0.693846 0.291988
vt 0.545427 0.903085
vt 0.482665 0.903792
vt 0.424243 0.904534
vt 0.469576 0.698021
vt 0.348963 0.643481
vt 0.471387 0.718450
vt 0.806542 0.277958
vt 0.797627 0.915344
vt 0.982806 0.198765
vt 0.803503 0.891814
vt 0.977869 0.222135
vt 0.699302 0.009396
vt 0.800465 0.136702
vt 0.545328 0.891933
vt 0.482531 0.892622
vt 0.424087 0.893364
vt 0.699733 0.093694
vt 0.601239 0.891454
vt 0.700101 0.131028
vt 0.699618 0.068420
vt 0.395774 0.895228
vt 0.777481 0.254981
vt 0.702934 0.324617
vt 0.770900 0.254802
vt 0.377480 0.897207
vt 0.779974 0.254776
vt 0.774826 0.254999
vt 0.701126 0.172805
vt 0.702719 0.226144
vt 0.649006 0.889429
vt 0.516260 0.697159
vt 0.793242 0.008970
vt 0.704928 0.291618
vt 0.680564 0.093795
vt 0.599315 0.915101
vt 0.679950 0.131472
vt 0.680607 0.068463
vt 0.396189 0.917366
vt 0.777696 0.275309
vt 0.682553 0.325221
vt 0.771081 0.275613
vt 0.377900 0.917806
vt 0.780145 0.275485
vt 0.775016 0.275385
vt 0.678824 0.173417
vt 0.679271 0.226897
vt 0.649022 0.914980
vt 0.394772 0.656111
vt 0.517629 0.711666
vt 0.778864 0.012700
vt 0.681531 0.292400
vt 0.682355 0.009501
vt 0.783449 0.136602
vt 0.545534 0.915471
vt 0.482815 0.916204
vt 0.424416 0.916942
vt 0.219322 0.644122
vt 0.786803 0.921578
vt 0.393429 0.666118
vt 0.775155 0.021681
vt 0.271903 0.624107
vt 0.320454 0.642727
vt 0.242520 0.627205
vt 0.291323 0.631208
vt 0.346226 0.651189
vt 0.796430 0.906183
vt 0.798604 0.891811
vt 0.793260 0.915330
vt 0.222897 0.634575
vt 0.980977 0.192739
vt 0.244142 0.622091
vt 0.806542 0.383943
vt 0.956364 0.189595
vt 0.319810 0.634952
vt 0.804497 0.308781
vt 0.976804 0.208382
vt 0.975098 0.222867
vt 0.516672 0.704623
vt 0.785664 0.010135
vt 0.979257 0.200018
vt 0.291667 0.625280
vt 0.800705 0.338851
vt 0.273522 0.619676
vt 0.798190 0.358062
vt 0.776462 0.887892
vt 0.678570 0.888490
vt 0.224617 0.782494
vt 0.221329 0.754140
vt 0.221782 0.652053
vt 0.242116 0.829674
vt 0.272819 0.871278
vt 0.315521 0.915657
vt 0.223068 0.640771
vt 0.223280 0.637931
vt 0.470405 0.707458
vt 0.387283 0.772456
vt 0.775290 0.127787
vt 0.333841 0.902776
vt 0.303543 0.858331
vt 0.327987 0.776640
vt 0.287263 0.818933
vt 0.297641 0.778772
vt 0.786352 0.025069
vt 0.141408 0.800018
vt 0.672656 0.489590
vt 0.141408 0.704887
vt 0.951123 0.299932
vt 0.786347 0.120177
vt 0.786336 0.052980
vt 0.141379 0.772099
vt 0.786331 0.097982
vt 0.141262 0.727102
vt 0.951123 0.308001
vt 0.794402 0.120186
vt 0.951123 0.316936
vt 0.803334 0.120195
vt 0.798718 0.025064
vt 0.685028 0.489584
vt 0.789269 0.025068
vt 0.675576 0.489588
vt 0.951123 0.305413
vt 0.791817 0.120183
vt 0.786351 0.030919
vt 0.141346 0.794164
vt 0.794046 0.025066
vt 0.680355 0.489585
vt 0.786348 0.115945
vt 0.141385 0.709127
vt 0.380886 0.780745
vt 0.674290 0.015560
vt 0.386107 0.748973
vt 0.390203 0.691052
vt 0.392088 0.659567
vt 0.688194 0.012186
vt 0.393161 0.654985
vt 0.515740 0.711937
vt 0.699317 0.012123
vt 0.515307 0.704816
vt 0.514988 0.697128
vt 0.680398 0.013308
vt 0.391780 0.664926
vt 0.383131 0.776124
vt 0.777668 0.102611
vt 0.777672 0.049543
vt 0.790706 0.133327
vt 0.786145 0.132826
vt 0.781588 0.015591
vt 0.787422 0.013386
vt 0.801251 0.133366
vt 0.779894 0.129818
vt 0.778326 0.019336
vt 0.777726 0.125287
vt 0.777702 0.024345
vt 0.794497 0.012328
vt 0.128564 0.800140
vt 0.501239 0.736792
vt 0.672656 0.502435
vt 0.128503 0.705010
vt 0.964028 0.299932
vt 0.406120 0.736778
vt 0.473328 0.736791
vt 0.128518 0.772222
vt 0.428337 0.736787
vt 0.128371 0.727224
vt 0.964028 0.308001
vt 0.406114 0.744848
vt 0.964028 0.316936
vt 0.406106 0.753788
vt 0.501239 0.749160
vt 0.685028 0.502429
vt 0.501239 0.739711
vt 0.675576 0.502432
vt 0.964028 0.305413
vt 0.406116 0.742260
vt 0.495387 0.736792
vt 0.128498 0.794286
vt 0.501239 0.744489
vt 0.680355 0.502430
vt 0.410360 0.736780
vt 0.128482 0.709250
vt 0.783681 0.051982
vt 0.789540 0.123931
vt 0.792103 0.021639
vt 0.783697 0.123919
vt 0.783700 0.119475
vt 0.783677 0.099324
vt 0.793335 0.123940
vt 0.786856 0.022065
vt 0.802732 0.123953
vt 0.783870 0.023368
vt 0.783699 0.028777
vt 0.797485 0.021391
vt 0.955070 0.316936
vt 0.137438 0.709165
vt 0.137319 0.727139
vt 0.955070 0.308001
vt 0.955070 0.305413
vt 0.685028 0.493513
vt 0.137460 0.704925
vt 0.955070 0.299932
vt 0.675576 0.493516
vt 0.680355 0.493513
vt 0.137446 0.772137
vt 0.137417 0.794202
vt 0.137480 0.800055
vt 0.672656 0.493519
vt 0.008094 0.948984
vt 0.173447 0.688396
vt 0.978244 0.173449
vt 0.132440 0.688396
vt 0.197895 0.923778
vt 0.090720 0.688396
vt 0.545526 0.640583
vt 0.049001 0.688396
vt 0.430303 0.962118
vt 0.007993 0.688396
vt 0.527530 0.961740
vt 0.978244 0.007995
vt 0.051480 0.803186
vt 0.023182 0.784053
vt 0.016568 0.749849
vt 0.035544 0.720633
vt 0.068955 0.713529
vt 0.069787 0.688396
vt 0.433625 0.941405
vt 0.549092 0.661383
vt 0.023234 0.733325
vt 0.028423 0.688396
vt 0.433265 0.982627
vt 0.530653 0.941400
vt 0.051599 0.713691
vt 0.011341 0.969319
vt 0.153018 0.688396
vt 0.201260 0.903382
vt 0.035456 0.796517
vt 0.111653 0.688396
vt 0.200987 0.944489
vt 0.548233 0.619626
vt 0.016540 0.767667
vt 0.012093 0.948984
vt 0.201867 0.923882
vt 0.549491 0.640501
vt 0.434285 0.962077
vt 0.531527 0.961716
vt 0.437470 0.942513
vt 0.552866 0.660154
vt 0.437093 0.981465
vt 0.534531 0.942516
vt 0.015218 0.968178
vt 0.205055 0.904619
vt 0.204845 0.943421
vt 0.552059 0.620700
vt 0.049784 0.811888
vt 0.173447 0.632360
vt 0.922208 0.173449
vt 0.030639 0.803952
vt 0.153018 0.632360
vt 0.015952 0.789072
vt 0.132440 0.632360
vt 0.007990 0.769495
vt 0.111653 0.632360
vt 0.007990 0.748177
vt 0.090720 0.632360
vt 0.015996 0.728420
vt 0.069787 0.632360
vt 0.030727 0.713266
vt 0.049001 0.632360
vt 0.028423 0.632360
vt 0.049928 0.704991
vt 0.007993 0.632360
vt 0.070652 0.704826
vt 0.922208 0.007995
vt 0.007993 0.684844
vt 0.974692 0.007995
vt 0.049001 0.684844
vt 0.090720 0.684844
vt 0.132440 0.684844
vt 0.173447 0.684844
vt 0.974692 0.173449
vt 0.069787 0.684844
vt 0.028423 0.684844
vt 0.153018 0.684844
vt 0.111653 0.684844
vt 0.007993 0.636539
vt 0.926387 0.007995
vt 0.090720 0.636539
vt 0.173447 0.636539
vt 0.926387 0.173449
vt 0.069787 0.636539
vt 0.028423 0.636539
vt 0.153018 0.636539
vt 0.111653 0.636539
vt 0.049001 0.636539
vt 0.132440 0.636539
vt 0.033347 0.799767
vt 0.020027 0.786244
vt 0.012816 0.768461
vt 0.012863 0.749127
vt 0.020080 0.731191
vt 0.033442 0.717418
vt 0.050866 0.709887
vt 0.069703 0.709692
vt 0.050733 0.807022
vt 0.555379 0.624417
vt 0.208681 0.942832
vt 0.555652 0.622165
vt 0.555827 0.657126
vt 0.440369 0.945775
vt 0.440693 0.943574
vt 0.556146 0.659337
vt 0.440133 0.977849
vt 0.440424 0.980028
vt 0.538138 0.943059
vt 0.208402 0.940585
vt 0.208674 0.907925
vt 0.018767 0.964630
vt 0.019093 0.966838
vt 0.208985 0.905712
vt 0.537851 0.945244
vt 0.515761 0.690093
vt 0.800447 0.007994
vt 0.469003 0.689786
vt 0.803303 0.025063
vt 0.689612 0.489581
vt 0.514533 0.689892
vt 0.801225 0.011433
vt 0.501239 0.753743
vt 0.689612 0.502429
vt 0.802701 0.021177
vt 0.689612 0.493511
vt 0.778401 0.915308
vt 0.674831 0.915064
vt 0.680141 0.877324
vt 0.934975 0.325856
vt 0.817579 0.059344
vt 0.919942 0.314710
vt 0.919930 0.325856
vt 0.769032 0.905258
vt 0.870590 0.096160
vt 0.773443 0.902655
vt 0.802520 0.044198
vt 0.772919 0.905950
vt 0.681192 0.902427
vt 0.935133 0.300605
vt 0.684611 0.905076
vt 0.870576 0.011462
vt 0.680915 0.905694
vt 0.817751 0.044576
vt 0.885610 0.095192
vt 0.817841 0.042576
vt 0.885663 0.097816
vt 0.885630 0.010758
vt 0.920036 0.300729
vt 0.885663 0.008366
vt 0.920087 0.298790
vt 0.782083 0.888713
vt 0.780760 0.903632
vt 0.672871 0.888727
vt 0.673640 0.903781
vt 0.775272 0.887786
vt 0.802332 0.059252
vt 0.680299 0.888435
vt 0.934996 0.314724
vt 0.770039 0.907030
vt 0.772285 0.904464
vt 0.802797 0.042117
vt 0.870754 0.099507
vt 0.774554 0.903346
vt 0.679479 0.902954
vt 0.682212 0.904273
vt 0.870677 0.008942
vt 0.935116 0.298483
vt 0.683791 0.906839
vt 0.678411 0.877323
vt 0.804863 0.059231
vt 0.932611 0.325856
vt 0.932633 0.314720
vt 0.872959 0.095995
vt 0.805182 0.042127
vt 0.873037 0.098640
vt 0.805017 0.044130
vt 0.872934 0.011337
vt 0.872987 0.008945
vt 0.932796 0.298674
vt 0.932773 0.300633
vt 0.355992 0.956109
vt 0.424502 0.923237
vt 0.376756 0.973284
vt 0.396317 0.923682
vt 0.378283 0.924196
vt 0.391248 0.981954
vt 0.779100 0.281849
vt 0.392965 0.982218
vt 0.777431 0.281705
vt 0.394772 0.976954
vt 0.676188 0.324996
vt 0.772090 0.282098
vt 0.394155 0.980555
vt 0.775479 0.281718
vt 0.377270 0.951337
vt 0.675301 0.292612
vt 0.372235 0.959290
vt 0.364703 0.958372
vt 0.376427 0.955953
vt 0.388171 0.965822
vt 0.675906 0.311102
vt 0.694449 0.310540
vt 0.704117 0.310238
vt 0.682149 0.310913
vt 0.387377 0.966634
vt 0.385921 0.968781
vt 0.383578 0.971681
vt 0.381498 0.972632
vt 0.060218 0.758357
vt 0.199268 0.685876
vt 0.774965 0.249456
vt 0.201702 0.688682
vt 0.708652 0.323494
vt 0.771426 0.248790
vt 0.191210 0.785765
vt 0.710486 0.225891
vt 0.200134 0.720521
vt 0.709800 0.291454
vt 0.712364 0.130978
vt 0.200944 0.879929
vt 0.191291 0.839391
vt 0.711424 0.172527
vt 0.202002 0.701926
vt 0.709583 0.310051
vt 0.151458 0.897186
vt 0.596257 0.879099
vt 0.197172 0.684872
vt 0.777243 0.249609
vt 0.195577 0.686145
vt 0.378247 0.891655
vt 0.779175 0.249029
vt 0.153168 0.846421
vt 0.545237 0.881873
vt 0.165180 0.784864
vt 0.482442 0.885275
vt 0.178579 0.728068
vt 0.424020 0.888461
vt 0.186992 0.701088
vt 0.395694 0.890007
vt 0.195711 0.688781
vt 0.155299 0.896071
vt 0.188249 0.701547
vt 0.180548 0.727379
vt 0.167557 0.784946
vt 0.156649 0.845779
vt 0.200819 0.690212
vt 0.197849 0.881011
vt 0.200596 0.701895
vt 0.198166 0.721213
vt 0.189104 0.785692
vt 0.188937 0.839826
vt 0.705661 0.310189
vt 0.707332 0.225994
vt 0.707512 0.291531
vt 0.777348 0.252840
vt 0.545267 0.885181
vt 0.708005 0.131011
vt 0.395748 0.893734
vt 0.424057 0.891114
vt 0.596256 0.882647
vt 0.377434 0.894837
vt 0.779634 0.252342
vt 0.705323 0.324545
vt 0.771092 0.252326
vt 0.482481 0.888382
vt 0.707929 0.172621
vt 0.774894 0.252725
vt 0.602439 0.877276
vt 0.197106 0.688043
vt 0.199391 0.688812
vt 0.190657 0.883571
vt 0.167423 0.891842
vt 0.198499 0.701846
vt 0.191777 0.701661
vt 0.195196 0.722255
vt 0.185583 0.725619
vt 0.185470 0.785566
vt 0.173716 0.785158
vt 0.183491 0.840830
vt 0.165876 0.844078
vt 0.179035 0.887714
vt 0.195140 0.701761
vt 0.190391 0.723937
vt 0.179597 0.785362
vt 0.174685 0.842454
vt 0.254258 0.850259
vt 0.573202 0.921539
vt 0.700563 0.151161
vt 0.255884 0.850254
vt 0.293807 0.838437
vt 0.264436 0.848515
vt 0.274764 0.845771
vt 0.194819 0.860735
vt 0.711866 0.151007
vt 0.286412 0.841519
vt 0.574447 0.891628
vt 0.296784 0.837020
vt 0.670876 0.151864
vt 0.574083 0.902871
vt 0.573612 0.915259
vt 0.689452 0.151429
vt 0.679343 0.151675
vt 0.150719 0.873989
vt 0.572926 0.880404
vt 0.154649 0.872111
vt 0.192093 0.861509
vt 0.707924 0.151057
vt 0.572945 0.883836
vt 0.185778 0.863297
vt 0.165341 0.869078
vt 0.175560 0.866186
vt 0.410832 0.753792
vt 0.410509 0.742145
vt 0.410584 0.744834
vt 0.495288 0.744512
vt 0.495345 0.739870
vt 0.495226 0.749453
vt 0.495173 0.753746
vt 0.473310 0.740463
vt 0.428472 0.741667
vt 0.816493 0.777151
vt 0.853949 0.016335
vt 0.642469 0.796872
vt 0.790266 0.833311
vt 0.987413 0.282624
vt 0.752106 0.009128
vt 0.809902 0.658054
vt 0.853245 0.135066
vt 0.645012 0.655303
vt 0.649103 0.833325
vt 0.815189 0.745217
vt 0.854602 0.048238
vt 0.811905 0.688926
vt 0.854550 0.104356
vt 0.641893 0.682599
vt 0.676399 0.833291
vt 0.641351 0.784536
vt 0.777944 0.833320
vt 0.695393 0.816080
vt 0.680004 0.657491
vt 0.677754 0.687715
vt 0.686604 0.785663
vt 0.725302 0.653868
vt 0.759212 0.092959
vt 0.725027 0.689541
vt 0.740240 0.771322
vt 0.743869 0.799371
vt 0.665957 0.812783
vt 0.662076 0.656085
vt 0.659147 0.685475
vt 0.661795 0.789323
vt 0.714354 0.810124
vt 0.697110 0.658998
vt 0.700876 0.688975
vt 0.710430 0.779940
vt 0.598539 0.833157
vt 0.663359 0.608168
vt 0.675247 0.609511
vt 0.687342 0.612070
vt 0.701253 0.615986
vt 0.713884 0.620316
vt 0.758357 0.131074
vt 0.750747 0.656342
vt 0.756989 0.067790
vt 0.752076 0.689534
vt 0.762537 0.763009
vt 0.770630 0.791651
vt 0.799059 0.464764
vt 0.810531 0.458424
vt 0.812561 0.457813
vt 0.814020 0.460113
vt 0.814751 0.462565
vt 0.545923 0.833104
vt 0.694283 0.566383
vt 0.720315 0.576199
vt 0.711022 0.571553
vt 0.702565 0.568581
vt 0.728445 0.580934
vt 0.757458 0.172781
vt 0.483830 0.833146
vt 0.736536 0.521809
vt 0.752090 0.532659
vt 0.741791 0.524967
vt 0.755904 0.225945
vt 0.757230 0.536223
vt 0.747112 0.528831
vt 0.778820 0.481462
vt 0.798796 0.484732
vt 0.739960 0.093406
vt 0.600445 0.851771
vt 0.739778 0.130889
vt 0.739646 0.068091
vt 0.397508 0.851453
vt 0.678648 0.537905
vt 0.671964 0.537910
vt 0.734548 0.323699
vt 0.378959 0.851160
vt 0.681164 0.537886
vt 0.675909 0.537915
vt 0.738909 0.172541
vt 0.737321 0.225594
vt 0.649052 0.851910
vt 0.739122 0.009156
vt 0.840404 0.136664
vt 0.801115 0.848686
vt 0.979989 0.265011
vt 0.735286 0.290668
vt 0.545718 0.851772
vt 0.483560 0.851825
vt 0.425640 0.851703
vt 0.469387 0.655055
vt 0.471044 0.634561
vt 0.771751 0.794301
vt 0.807823 0.260707
vt 0.797635 0.839536
vt 0.982800 0.274282
vt 0.803503 0.863057
vt 0.977893 0.250749
vt 0.727998 0.009217
vt 0.829255 0.136704
vt 0.545604 0.862920
vt 0.483413 0.862980
vt 0.425478 0.862859
vt 0.728705 0.093489
vt 0.601272 0.863080
vt 0.728625 0.130816
vt 0.728464 0.068215
vt 0.397326 0.862604
vt 0.678682 0.547574
vt 0.671954 0.547573
vt 0.725016 0.323522
vt 0.378791 0.860758
vt 0.681177 0.547573
vt 0.675925 0.547575
vt 0.727795 0.172392
vt 0.726214 0.225388
vt 0.649026 0.865171
vt 0.516325 0.655701
vt 0.836508 0.008962
vt 0.724202 0.290446
vt 0.747868 0.093329
vt 0.599392 0.839438
vt 0.748819 0.130972
vt 0.747488 0.067994
vt 0.397725 0.839079
vt 0.678563 0.525822
vt 0.672033 0.525541
vt 0.746873 0.323921
vt 0.379187 0.838747
vt 0.680966 0.525559
vt 0.675924 0.525740
vt 0.750078 0.172701
vt 0.749684 0.225831
vt 0.649085 0.839622
vt 0.517629 0.641110
vt 0.817573 0.781766
vt 0.850890 0.012688
vt 0.747603 0.290917
vt 0.744669 0.009151
vt 0.845953 0.136624
vt 0.545850 0.839386
vt 0.483725 0.839422
vt 0.425818 0.839300
vt 0.642155 0.793429
vt 0.786822 0.833298
vt 0.816251 0.771759
vt 0.854602 0.021670
vt 0.694680 0.813528
vt 0.743249 0.795001
vt 0.665314 0.810380
vt 0.714107 0.806464
vt 0.769029 0.786590
vt 0.796434 0.848691
vt 0.798605 0.863059
vt 0.793270 0.839547
vt 0.645712 0.802978
vt 0.980939 0.280344
vt 0.666927 0.815495
vt 0.807823 0.154722
vt 0.956139 0.283427
vt 0.742590 0.802774
vt 0.805778 0.229884
vt 0.976787 0.264583
vt 0.975116 0.250011
vt 0.516704 0.648199
vt 0.844087 0.010124
vt 0.979231 0.273010
vt 0.714440 0.812391
vt 0.801985 0.199814
vt 0.696292 0.817961
vt 0.799471 0.180603
vt 0.776471 0.866976
vt 0.678585 0.866157
vt 0.647683 0.655123
vt 0.644348 0.683460
vt 0.644628 0.785505
vt 0.665234 0.608018
vt 0.695616 0.566573
vt 0.737480 0.522330
vt 0.645894 0.796785
vt 0.646101 0.799624
vt 0.470152 0.645595
vt 0.810512 0.666924
vt 0.854446 0.126250
vt 0.755820 0.535263
vt 0.726125 0.579553
vt 0.750995 0.661135
vt 0.710197 0.618832
vt 0.720658 0.658962
vt 0.843403 0.025060
vt 0.832270 0.896807
vt 0.729712 0.489590
vt 0.832270 0.991937
vt 0.951123 0.356988
vt 0.843384 0.120190
vt 0.843417 0.052975
vt 0.832242 0.924725
vt 0.843414 0.097985
vt 0.832124 0.969723
vt 0.951123 0.348919
vt 0.835325 0.120194
vt 0.951123 0.339983
vt 0.826393 0.120198
vt 0.831036 0.025059
vt 0.717341 0.489584
vt 0.840486 0.025060
vt 0.726792 0.489588
vt 0.951123 0.351506
vt 0.837911 0.120193
vt 0.843404 0.030910
vt 0.832208 0.902660
vt 0.835708 0.025060
vt 0.722013 0.489585
vt 0.843385 0.115956
vt 0.832248 0.987697
vt 0.753032 0.014779
vt 0.804252 0.657011
vt 0.809109 0.688868
vt 0.813077 0.746819
vt 0.814896 0.778306
vt 0.739134 0.011882
vt 0.515728 0.640848
vt 0.815960 0.782888
vt 0.728015 0.011944
vt 0.515331 0.648012
vt 0.515050 0.655738
vt 0.746922 0.013233
vt 0.814599 0.772947
vt 0.806150 0.661474
vt 0.852079 0.102620
vt 0.852083 0.049539
vt 0.839006 0.133336
vt 0.844981 0.131736
vt 0.848166 0.015581
vt 0.842330 0.013376
vt 0.828470 0.133369
vt 0.849542 0.129379
vt 0.851429 0.019325
vt 0.852004 0.125521
vt 0.852054 0.024335
vt 0.835254 0.012320
vt 0.819426 0.896684
vt 0.501239 0.793831
vt 0.729712 0.502435
vt 0.819365 0.991814
vt 0.964028 0.356988
vt 0.406191 0.793881
vt 0.473330 0.793833
vt 0.819380 0.924603
vt 0.428357 0.793853
vt 0.819234 0.969600
vt 0.964028 0.348919
vt 0.406170 0.785834
vt 0.964028 0.339983
vt 0.406111 0.776912
vt 0.501238 0.781464
vt 0.717341 0.502429
vt 0.501239 0.790912
vt 0.726792 0.502432
vt 0.964028 0.351506
vt 0.406179 0.788414
vt 0.495387 0.793832
vt 0.819360 0.902538
vt 0.501239 0.786135
vt 0.722013 0.502430
vt 0.410420 0.793871
vt 0.819344 0.987574
vt 0.846072 0.051978
vt 0.840186 0.123944
vt 0.837650 0.021631
vt 0.846034 0.123937
vt 0.846032 0.119489
vt 0.846069 0.099328
vt 0.836390 0.123949
vt 0.842898 0.022056
vt 0.826993 0.123957
vt 0.845885 0.023358
vt 0.846057 0.028768
vt 0.832268 0.021385
vt 0.955070 0.339983
vt 0.828301 0.987660
vt 0.828181 0.969685
vt 0.955070 0.348919
vt 0.955070 0.351506
vt 0.717341 0.493513
vt 0.828323 0.991900
vt 0.955070 0.356988
vt 0.726792 0.493516
vt 0.722013 0.493513
vt 0.828308 0.924688
vt 0.828279 0.902622
vt 0.828342 0.896769
vt 0.729712 0.493519
vt 0.039624 0.896014
vt 0.978244 0.132442
vt 0.008081 0.841016
vt 0.978244 0.090722
vt 0.625268 0.962087
vt 0.978244 0.049002
vt 0.084892 0.796081
vt 0.103868 0.766865
vt 0.097253 0.732661
vt 0.011647 0.820216
vt 0.628590 0.982800
vt 0.978244 0.069789
vt 0.103895 0.749047
vt 0.530895 0.982027
vt 0.628231 0.941578
vt 0.978244 0.028424
vt 0.084980 0.720196
vt 0.011348 0.928672
vt 0.042990 0.916410
vt 0.978244 0.153020
vt 0.068836 0.803024
vt 0.010788 0.861972
vt 0.042716 0.875304
vt 0.978244 0.111655
vt 0.097202 0.783389
vt 0.043597 0.895911
vt 0.012046 0.841097
vt 0.629251 0.962128
vt 0.015421 0.821445
vt 0.632435 0.981693
vt 0.534756 0.980865
vt 0.632058 0.942740
vt 0.015221 0.929814
vt 0.046784 0.915174
vt 0.014614 0.860899
vt 0.046574 0.876372
vt 0.070508 0.811723
vt 0.922208 0.153020
vt 0.089709 0.803448
vt 0.922208 0.132442
vt 0.104440 0.788294
vt 0.922208 0.111655
vt 0.112446 0.768537
vt 0.922208 0.090722
vt 0.112446 0.747219
vt 0.922208 0.069789
vt 0.104484 0.727642
vt 0.922208 0.049002
vt 0.089796 0.712762
vt 0.922208 0.028424
vt 0.974692 0.049002
vt 0.974692 0.090722
vt 0.974692 0.132442
vt 0.974692 0.069789
vt 0.974692 0.028424
vt 0.974692 0.153020
vt 0.974692 0.111655
vt 0.926387 0.090722
vt 0.926387 0.069789
vt 0.926387 0.028424
vt 0.926387 0.153020
vt 0.926387 0.111655
vt 0.926387 0.049002
vt 0.926387 0.132442
vt 0.069570 0.806827
vt 0.086993 0.799296
vt 0.100356 0.785523
vt 0.107572 0.767587
vt 0.107620 0.748253
vt 0.100408 0.730470
vt 0.087088 0.716947
vt 0.017935 0.857181
vt 0.018207 0.859433
vt 0.050410 0.876961
vt 0.018382 0.824473
vt 0.635335 0.978430
vt 0.018701 0.822261
vt 0.635659 0.980631
vt 0.635099 0.946356
vt 0.538344 0.980289
vt 0.635389 0.944177
vt 0.050131 0.879207
vt 0.050403 0.911867
vt 0.018764 0.933340
vt 0.019081 0.931143
vt 0.050714 0.914080
vt 0.538041 0.978113
vt 0.515843 0.662775
vt 0.829304 0.007989
vt 0.468861 0.663296
vt 0.826450 0.025059
vt 0.712756 0.489581
vt 0.514625 0.662974
vt 0.828527 0.011427
vt 0.501238 0.776881
vt 0.712756 0.502429
vt 0.827051 0.021173
vt 0.712756 0.493511
vt 0.778417 0.839556
vt 0.674890 0.839584
vt 0.817564 0.079968
vt 0.919942 0.337002
vt 0.769033 0.849582
vt 0.801127 0.519734
vt 0.773439 0.852205
vt 0.802549 0.095096
vt 0.772915 0.848904
vt 0.681228 0.852226
vt 0.935133 0.351107
vt 0.684644 0.849587
vt 0.801113 0.604432
vt 0.680953 0.848960
vt 0.817749 0.094708
vt 0.816147 0.520702
vt 0.816200 0.518077
vt 0.817841 0.096703
vt 0.816167 0.605136
vt 0.920036 0.350983
vt 0.816200 0.607528
vt 0.920087 0.352922
vt 0.782088 0.866156
vt 0.780762 0.851233
vt 0.672887 0.865912
vt 0.673679 0.850862
vt 0.775283 0.867081
vt 0.802358 0.080047
vt 0.680314 0.866214
vt 0.934996 0.336988
vt 0.770043 0.847816
vt 0.772277 0.850391
vt 0.801291 0.516387
vt 0.802828 0.097175
vt 0.774550 0.851514
vt 0.679515 0.851697
vt 0.682246 0.850381
vt 0.801214 0.606952
vt 0.935116 0.353229
vt 0.683829 0.847823
vt 0.804899 0.080066
vt 0.932633 0.336992
vt 0.803496 0.519900
vt 0.803574 0.517254
vt 0.805210 0.097163
vt 0.805044 0.095163
vt 0.803471 0.604557
vt 0.803524 0.606949
vt 0.932796 0.353039
vt 0.932773 0.351079
vt 0.426544 0.833076
vt 0.776999 0.481768
vt 0.398716 0.832850
vt 0.797503 0.464562
vt 0.380198 0.832726
vt 0.680248 0.519459
vt 0.812500 0.455680
vt 0.678334 0.519475
vt 0.814530 0.455602
vt 0.672904 0.519619
vt 0.752721 0.324110
vt 0.817573 0.460434
vt 0.676444 0.519471
vt 0.816049 0.456926
vt 0.753834 0.291038
vt 0.799046 0.486483
vt 0.793970 0.478483
vt 0.786435 0.479403
vt 0.798186 0.481838
vt 0.753390 0.309487
vt 0.809936 0.471891
vt 0.734839 0.309166
vt 0.725312 0.308985
vt 0.747146 0.309392
vt 0.809142 0.471074
vt 0.807672 0.468931
vt 0.805299 0.466019
vt 0.803194 0.465068
vt 0.675924 0.551222
vt 0.882605 0.986963
vt 0.671951 0.551350
vt 0.721293 0.323452
vt 0.885221 0.983959
vt 0.718451 0.225250
vt 0.873892 0.886017
vt 0.719332 0.290351
vt 0.882560 0.950801
vt 0.716300 0.130946
vt 0.884180 0.792593
vt 0.717500 0.172254
vt 0.874283 0.832831
vt 0.719713 0.308878
vt 0.884448 0.969317
vt 0.834635 0.775542
vt 0.596267 0.875472
vt 0.678682 0.551154
vt 0.880113 0.988145
vt 0.378731 0.864335
vt 0.681177 0.551183
vt 0.878148 0.986617
vt 0.545499 0.872977
vt 0.836264 0.826041
vt 0.483317 0.870318
vt 0.847926 0.887055
vt 0.425406 0.867754
vt 0.861055 0.943394
vt 0.397265 0.866379
vt 0.869434 0.970230
vt 0.878521 0.983202
vt 0.838479 0.776639
vt 0.870692 0.969770
vt 0.863019 0.944068
vt 0.850296 0.886960
vt 0.839734 0.826660
vt 0.883662 0.981770
vt 0.881078 0.791518
vt 0.883047 0.969361
vt 0.880594 0.950122
vt 0.871790 0.886100
vt 0.871934 0.832410
vt 0.723226 0.308945
vt 0.721602 0.225306
vt 0.721620 0.290396
vt 0.678683 0.549425
vt 0.545533 0.869668
vt 0.720685 0.130914
vt 0.397298 0.864337
vt 0.425445 0.865104
vt 0.596275 0.871911
vt 0.378760 0.862604
vt 0.681177 0.549436
vt 0.671952 0.549501
vt 0.723115 0.323486
vt 0.483357 0.867212
vt 0.720992 0.172302
vt 0.675924 0.549452
vt 0.879901 0.983952
vt 0.882192 0.983181
vt 0.873877 0.788985
vt 0.850615 0.780819
vt 0.880959 0.969428
vt 0.874220 0.969650
vt 0.877629 0.949098
vt 0.868039 0.945796
vt 0.868163 0.886244
vt 0.856437 0.886712
vt 0.866500 0.831437
vt 0.848933 0.828300
vt 0.862240 0.784895
vt 0.877588 0.969538
vt 0.872835 0.947446
vt 0.862301 0.886477
vt 0.857718 0.829868
vt 0.573379 0.833117
vt 0.677277 0.587493
vt 0.728291 0.150860
vt 0.678888 0.587505
vt 0.716594 0.599375
vt 0.687389 0.589261
vt 0.697653 0.592023
vt 0.716986 0.150864
vt 0.877916 0.811640
vt 0.709235 0.596288
vt 0.574558 0.863000
vt 0.719561 0.600801
vt 0.757974 0.151142
vt 0.574213 0.851761
vt 0.573766 0.839381
vt 0.739409 0.150972
vt 0.749511 0.151080
vt 0.573028 0.874238
vt 0.833884 0.798640
vt 0.837805 0.800490
vt 0.875191 0.810878
vt 0.720926 0.150861
vt 0.573049 0.870802
vt 0.868882 0.809122
vt 0.848476 0.803458
vt 0.858678 0.806290
vt 0.410841 0.777087
vt 0.410560 0.788519
vt 0.410630 0.785834
vt 0.495288 0.786112
vt 0.495345 0.790754
vt 0.495226 0.781171
vt 0.495173 0.776878
vt 0.473312 0.790163
vt 0.428488 0.788979
vt 0.597583 0.627657
vt 0.564852 0.625591
vt 0.581210 0.626986
vt 0.217967 0.941202
vt 0.564987 0.623565
vt 0.250519 0.938485
vt 0.597591 0.626019
vt 0.234202 0.939298
vt 0.581274 0.625216
vt 0.482817 0.949566
vt 0.450106 0.947059
vt 0.466461 0.948652
vt 0.482850 0.947926
vt 0.597994 0.653273
vt 0.450281 0.945063
vt 0.565548 0.657159
vt 0.466563 0.946891
vt 0.581714 0.654559
vt 0.565318 0.655166
vt 0.597945 0.651632
vt 0.581591 0.652796
vt 0.482706 0.975210
vt 0.580482 0.947951
vt 0.450167 0.978179
vt 0.547946 0.944853
vt 0.466420 0.976107
vt 0.564206 0.946937
vt 0.449981 0.976205
vt 0.482691 0.973567
vt 0.466332 0.974349
vt 0.250513 0.936842
vt 0.217798 0.939183
vt 0.234122 0.937530
vt 0.061133 0.960899
vt 0.028357 0.963281
vt 0.044734 0.961684
vt 0.028544 0.965276
vt 0.218279 0.907652
vt 0.061156 0.962541
vt 0.250711 0.911210
vt 0.044830 0.963445
vt 0.234451 0.910004
vt 0.218084 0.909647
vt 0.250681 0.912843
vt 0.234348 0.911765
vt 0.580461 0.949594
vt 0.547769 0.946834
vt 0.564112 0.948695
vt 0.027408 0.856008
vt 0.060138 0.853942
vt 0.043766 0.854612
vt 0.060146 0.855579
vt 0.092248 0.881307
vt 0.027542 0.858034
vt 0.059697 0.878591
vt 0.043830 0.856382
vt 0.075931 0.880494
vt 0.645072 0.977146
vt 0.677783 0.974639
vt 0.661427 0.975553
vt 0.028104 0.824439
vt 0.645247 0.979142
vt 0.060550 0.828326
vt 0.677815 0.976279
vt 0.044270 0.827040
vt 0.661528 0.977314
vt 0.060501 0.829967
vt 0.027874 0.826432
vt 0.044147 0.828802
vt 0.548083 0.978446
vt 0.645133 0.946026
vt 0.580594 0.975240
vt 0.677671 0.948995
vt 0.564320 0.976297
vt 0.661386 0.948098
vt 0.677657 0.950638
vt 0.644946 0.948000
vt 0.661297 0.949856
vt 0.059528 0.880609
vt 0.092242 0.882951
vt 0.075851 0.882262
vt 0.028287 0.934625
vt 0.061019 0.936909
vt 0.044635 0.936166
vt 0.061039 0.935267
vt 0.092441 0.908583
vt 0.028465 0.932639
vt 0.060008 0.912140
vt 0.044726 0.934407
vt 0.076181 0.909788
vt 0.092411 0.906950
vt 0.059814 0.910146
vt 0.076077 0.908028
vt 0.547895 0.976473
vt 0.580569 0.973598
vt 0.564221 0.974540
vt 0.796677 0.339090
vt 0.626481 0.628206
vt 0.775522 0.341128
vt 0.614825 0.627886
vt 0.792572 0.320947
vt 0.267697 0.938081
vt 0.614715 0.625020
vt 0.279365 0.936653
vt 0.626108 0.621801
vt 0.774069 0.334717
vt 0.950744 0.196469
vt 0.511556 0.953238
vt 0.927580 0.200002
vt 0.499920 0.950749
vt 0.793277 0.359094
vt 0.626481 0.649867
vt 0.778805 0.363438
vt 0.615075 0.650985
vt 0.799650 0.379277
vt 0.947641 0.191986
vt 0.511231 0.950601
vt 0.626002 0.657779
vt 0.779310 0.371268
vt 0.926054 0.197800
vt 0.499801 0.948879
vt 0.614959 0.654230
vt 0.957675 0.209919
vt 0.499844 0.973608
vt 0.511556 0.973816
vt 0.936824 0.218483
vt 0.959154 0.214210
vt 0.511452 0.976216
vt 0.609148 0.946011
vt 0.937603 0.220786
vt 0.499796 0.975432
vt 0.597549 0.947573
vt 0.434210 0.714282
vt 0.788119 0.312181
vt 0.267633 0.935894
vt 0.279082 0.932847
vt 0.411005 0.711249
vt 0.772402 0.331077
vt 0.445971 0.689223
vt 0.078189 0.960704
vt 0.089699 0.960498
vt 0.423059 0.688028
vt 0.443460 0.699170
vt 0.279365 0.911470
vt 0.421751 0.693025
vt 0.267778 0.912683
vt 0.445341 0.694191
vt 0.089657 0.962997
vt 0.279240 0.908824
vt 0.422686 0.690564
vt 0.078156 0.962551
vt 0.267739 0.910793
vt 0.960392 0.223355
vt 0.597620 0.949739
vt 0.609349 0.949761
vt 0.938112 0.224507
vt 0.797952 0.199576
vt 0.077380 0.853713
vt 0.089037 0.853392
vt 0.776803 0.197537
vt 0.793852 0.217718
vt 0.088664 0.859797
vt 0.121094 0.883139
vt 0.775349 0.203948
vt 0.077270 0.856578
vt 0.109426 0.881712
vt 0.950505 0.276484
vt 0.694886 0.973456
vt 0.706521 0.970967
vt 0.927186 0.272816
vt 0.795199 0.179763
vt 0.077630 0.830614
vt 0.089037 0.831732
vt 0.780087 0.175227
vt 0.800931 0.159388
vt 0.947361 0.280987
vt 0.077515 0.827368
vt 0.694766 0.975326
vt 0.088557 0.823819
vt 0.706196 0.973604
vt 0.780590 0.167397
vt 0.925638 0.275028
vt 0.957543 0.262978
vt 0.706521 0.950389
vt 0.936591 0.254234
vt 0.694809 0.950597
vt 0.959050 0.258667
vt 0.597639 0.975594
vt 0.694762 0.948773
vt 0.609153 0.977134
vt 0.706417 0.947989
vt 0.937389 0.251920
vt 0.433929 0.639187
vt 0.789400 0.226484
vt 0.120812 0.886945
vt 0.410936 0.642439
vt 0.773682 0.207588
vt 0.109363 0.883899
vt 0.445828 0.664061
vt 0.089699 0.937292
vt 0.423123 0.665353
vt 0.078084 0.937088
vt 0.443271 0.654163
vt 0.109507 0.907109
vt 0.121094 0.908323
vt 0.421789 0.660410
vt 0.445176 0.659111
vt 0.078049 0.935232
vt 0.109469 0.909000
vt 0.089653 0.934771
vt 0.120969 0.910969
vt 0.422735 0.662843
vt 0.960331 0.249487
vt 0.609349 0.973412
vt 0.937926 0.248176
vt 0.597709 0.973438
vt 0.951123 0.324619
vt 0.811020 0.120198
vt 0.951123 0.332301
vt 0.818707 0.120199
vt 0.709234 0.068369
vt 0.718850 0.068299
vt 0.964028 0.324619
vt 0.406080 0.761481
vt 0.964028 0.332301
vt 0.406010 0.769237
vt 0.955070 0.324619
vt 0.955070 0.332301
vt 0.709393 0.093625
vt 0.719046 0.093557
vt 0.708884 0.012067
vt 0.718451 0.012006
vt 0.819399 0.133378
vt 0.810325 0.133378
vt 0.708867 0.009339
vt 0.810063 0.136716
vt 0.718433 0.009279
vt 0.819660 0.136716
vt 0.810819 0.123959
vt 0.818907 0.123960
vt 0.410705 0.769237
vt 0.410840 0.761511
vt 0.289585 0.806643
vt 0.669989 0.121003
vt 0.295416 0.788106
vt 0.669319 0.101520
vt 0.290419 0.796874
vt 0.669655 0.111399
vt 0.635015 0.890034
vt 0.615978 0.890840
vt 0.625626 0.890431
vt 0.226710 0.797291
vt 0.633364 0.921360
vt 0.233561 0.814970
vt 0.614454 0.921401
vt 0.229859 0.806018
vt 0.624118 0.921385
vt 0.276099 0.808252
vt 0.274277 0.790201
vt 0.274830 0.798468
vt 0.614964 0.915111
vt 0.633916 0.915076
vt 0.624609 0.915096
vt 0.688528 0.101938
vt 0.688781 0.120518
vt 0.688632 0.111207
vt 0.615546 0.902746
vt 0.634526 0.902719
vt 0.625179 0.902735
vt 0.229206 0.797653
vt 0.235749 0.815235
vt 0.232181 0.806283
vt 0.699791 0.101961
vt 0.699963 0.120319
vt 0.699872 0.111088
vt 0.680080 0.120717
vt 0.680406 0.101792
vt 0.680203 0.111283
vt 0.248222 0.814274
vt 0.243295 0.796826
vt 0.245758 0.805557
vt 0.259080 0.793268
vt 0.262018 0.811377
vt 0.260550 0.802294
vt 0.285939 0.806849
vt 0.289606 0.786593
vt 0.286072 0.795902
vt 0.617493 0.877279
vt 0.636447 0.877290
vt 0.627095 0.877285
vt 0.718428 0.649625
vt 0.759212 0.100923
vt 0.712558 0.631107
vt 0.758676 0.120415
vt 0.713421 0.640867
vt 0.758978 0.110826
vt 0.616001 0.863711
vt 0.635036 0.864543
vt 0.625648 0.864132
vt 0.614533 0.833154
vt 0.656677 0.622678
vt 0.633439 0.833216
vt 0.649804 0.640335
vt 0.624195 0.833179
vt 0.652965 0.631619
vt 0.697314 0.647504
vt 0.699108 0.629471
vt 0.697860 0.639246
vt 0.633979 0.839500
vt 0.615031 0.839440
vt 0.624674 0.839468
vt 0.739911 0.120171
vt 0.740004 0.101593
vt 0.739984 0.110864
vt 0.634568 0.851857
vt 0.615590 0.851804
vt 0.625223 0.851829
vt 0.658861 0.622419
vt 0.652300 0.639977
vt 0.655286 0.631359
vt 0.728744 0.101770
vt 0.728709 0.120124
vt 0.728745 0.110895
vt 0.748111 0.101347
vt 0.748625 0.120255
vt 0.748411 0.110833
vt 0.666378 0.640830
vt 0.671311 0.623405
vt 0.668844 0.632110
vt 0.685069 0.626326
vt 0.682139 0.644415
vt 0.683606 0.635399
vt 0.712622 0.651133
vt 0.708918 0.630890
vt 0.709080 0.641828
vt 0.709447 0.101951
vt 0.708771 0.120205
vt 0.709271 0.111009
vt 0.719886 0.120129
vt 0.719091 0.101888
vt 0.719343 0.110942
vt 0.714364 0.129439
vt 0.202002 0.882242
vt 0.885221 0.790349
vt 0.598340 0.877282
vt 0.151685 0.899926
vt 0.834887 0.772817
vt 0.156231 0.897954
vt 0.839370 0.774920
vt 0.198860 0.883020
vt 0.882054 0.789680
vt 0.191664 0.885554
vt 0.874847 0.787173
vt 0.168400 0.893752
vt 0.851551 0.779076
vt 0.180031 0.889660
vt 0.863197 0.783118
vt 0.714329 0.120158
vt 0.712693 0.126708
vt 0.716147 0.126761
vt 0.714420 0.126733
vt 0.306203 0.887595
vt 0.190854 0.812990
vt 0.710913 0.198797
vt 0.299257 0.890983
vt 0.320042 0.879271
vt 0.672268 0.199946
vt 0.158777 0.816055
vt 0.514322 0.883547
vt 0.514542 0.903418
vt 0.514418 0.892252
vt 0.514682 0.915834
vt 0.690788 0.199400
vt 0.679048 0.199752
vt 0.293592 0.893262
vt 0.292459 0.893604
vt 0.514731 0.922134
vt 0.313389 0.883385
vt 0.701883 0.199067
vt 0.318180 0.880420
vt 0.161705 0.815775
vt 0.188624 0.813171
vt 0.514358 0.886755
vt 0.707589 0.198896
vt 0.184084 0.813610
vt 0.169399 0.815030
vt 0.176744 0.814320
vt 0.955687 0.829163
vt 0.867908 0.594118
vt 0.496548 0.531565
vt 0.400019 0.530479
vt 0.501762 0.013511
vt 0.741047 0.470791
vt 0.400019 0.012420
vt 0.700789 0.341026
vt 0.400019 0.245535
vt 0.499719 0.246375
vt 0.501445 0.067997
vt 0.400019 0.067174
vt 0.868415 0.398278
vt 0.955396 0.633277
vt 0.955778 0.891006
vt 0.955566 0.747789
vt 0.867733 0.661659
vt 0.498256 0.378007
vt 0.868811 0.245474
vt 0.400019 0.031154
vt 0.400019 0.377099
vt 0.500885 0.139529
vt 0.721063 0.406595
vt 0.501708 0.032127
vt 0.400019 0.138666
vt 0.868119 0.512659
vt 0.955169 0.480045
vt 0.246674 0.441214
vt 0.902243 0.593902
vt 0.342092 0.441077
vt 0.920072 0.828824
vt 0.127943 0.529361
vt 0.438152 0.530553
vt 0.224952 0.529804
vt 0.459296 0.531216
vt 0.129395 0.008584
vt 0.440192 0.008882
vt 0.672457 0.370931
vt 0.228137 0.008542
vt 0.462912 0.009886
vt 0.701146 0.463580
vt 0.224072 0.244801
vt 0.460814 0.245958
vt 0.131470 0.244379
vt 0.439696 0.245553
vt 0.127009 0.066867
vt 0.443267 0.067860
vt 0.230183 0.067244
vt 0.459243 0.068277
vt 0.338352 0.245859
vt 0.921780 0.633555
vt 0.250397 0.246017
vt 0.902595 0.398742
vt 0.345175 0.508466
vt 0.923096 0.896310
vt 0.244197 0.510080
vt 0.899401 0.662963
vt 0.339670 0.359664
vt 0.921151 0.747465
vt 0.294908 0.441146
vt 0.247624 0.092662
vt 0.904777 0.246025
vt 0.224638 0.375925
vt 0.460225 0.377268
vt 0.176708 0.529418
vt 0.127009 0.028560
vt 0.442689 0.029345
vt 0.178784 0.011076
vt 0.671522 0.422205
vt 0.226384 0.139171
vt 0.460243 0.139911
vt 0.129682 0.375491
vt 0.438871 0.376743
vt 0.178007 0.244300
vt 0.130114 0.138744
vt 0.441467 0.139578
vt 0.230534 0.028773
vt 0.460183 0.030106
vt 0.178794 0.067297
vt 0.340437 0.092494
vt 0.920016 0.480495
vt 0.249819 0.359822
vt 0.902707 0.512483
vt 0.294567 0.245956
vt 0.294280 0.092415
vt 0.178867 0.030514
vt 0.177410 0.375542
vt 0.178484 0.138423
vt 0.294781 0.360060
vt 0.703808 0.350803
vt 0.955750 0.872263
vt 0.955488 0.695597
vt 0.955631 0.791517
vt 0.867791 0.639165
vt 0.499018 0.309424
vt 0.497431 0.452157
vt 0.868603 0.325683
vt 0.400019 0.614200
vt 0.869029 0.161419
vt 0.737865 0.460778
vt 0.400019 0.451169
vt 0.400019 0.308566
vt 0.501262 0.099508
vt 0.500353 0.189051
vt 0.728726 0.431334
vt 0.713277 0.381443
vt 0.400019 0.188202
vt 0.400019 0.098646
vt 0.868005 0.556451
vt 0.868254 0.460464
vt 0.495616 0.615369
vt 0.955044 0.395830
vt 0.955288 0.560455
vt 0.678543 0.375656
vt 0.344476 0.486189
vt 0.921726 0.873989
vt 0.252647 0.562016
vt 0.244943 0.486789
vt 0.900793 0.639560
vt 0.338435 0.307789
vt 0.921776 0.695543
vt 0.340935 0.403326
vt 0.920516 0.791102
vt 0.938480 0.829113
vt 0.319912 0.441141
vt 0.269908 0.441218
vt 0.884812 0.594078
vt 0.249101 0.173247
vt 0.903593 0.326260
vt 0.128343 0.613221
vt 0.246123 0.008264
vt 0.437273 0.614435
vt 0.906126 0.161968
vt 0.224126 0.307461
vt 0.460652 0.308753
vt 0.225100 0.450181
vt 0.459688 0.451539
vt 0.478961 0.531381
vt 0.201988 0.529577
vt 0.151358 0.529346
vt 0.417766 0.530493
vt 0.703964 0.455006
vt 0.483313 0.012693
vt 0.721284 0.471956
vt 0.204093 0.010546
vt 0.683490 0.446084
vt 0.153574 0.010616
vt 0.667924 0.395693
vt 0.418863 0.011626
vt 0.684059 0.351770
vt 0.228558 0.099350
vt 0.459548 0.100167
vt 0.224819 0.188075
vt 0.460670 0.188997
vt 0.128526 0.449740
vt 0.438620 0.450945
vt 0.130834 0.307036
vt 0.439174 0.308292
vt 0.418957 0.245537
vt 0.201768 0.244493
vt 0.154180 0.244277
vt 0.480926 0.246169
vt 0.131236 0.187652
vt 0.440481 0.188633
vt 0.128322 0.098929
vt 0.442610 0.099837
vt 0.481340 0.068015
vt 0.420360 0.067348
vt 0.205078 0.067285
vt 0.152480 0.067118
vt 0.223797 0.613657
vt 0.341612 0.008091
vt 0.459243 0.615172
vt 0.918789 0.396284
vt 0.339281 0.173084
vt 0.921038 0.560896
vt 0.248768 0.403484
vt 0.903161 0.556155
vt 0.250719 0.307945
vt 0.902278 0.460572
vt 0.884445 0.398427
vt 0.317573 0.245909
vt 0.271509 0.245992
vt 0.939443 0.633361
vt 0.679094 0.419568
vt 0.938506 0.894306
vt 0.939125 0.747735
vt 0.295130 0.486478
vt 0.880603 0.662357
vt 0.480053 0.377715
vt 0.294428 0.173061
vt 0.318507 0.092412
vt 0.176328 0.613261
vt 0.294124 0.007992
vt 0.269986 0.092500
vt 0.885513 0.245637
vt 0.205254 0.030045
vt 0.152522 0.029966
vt 0.419556 0.030731
vt 0.418369 0.376994
vt 0.177071 0.449813
vt 0.202019 0.375705
vt 0.177722 0.307027
vt 0.152733 0.375479
vt 0.481235 0.139508
vt 0.702070 0.412482
vt 0.482409 0.031620
vt 0.419824 0.138886
vt 0.178262 0.187470
vt 0.203111 0.138677
vt 0.178668 0.098755
vt 0.153796 0.138463
vt 0.884599 0.512654
vt 0.294852 0.403634
vt 0.318375 0.359941
vt 0.294688 0.308095
vt 0.271176 0.360023
vt 0.938607 0.480170
vt 0.688573 0.359990
vt 0.689420 0.440261
vt 0.675311 0.396507
vt 0.938310 0.873385
vt 0.939439 0.695605
vt 0.938775 0.791446
vt 0.321234 0.486575
vt 0.269268 0.486918
vt 0.882363 0.639395
vt 0.480548 0.309150
vt 0.479494 0.451898
vt 0.270812 0.173128
vt 0.317980 0.173043
vt 0.201229 0.613420
vt 0.319034 0.007992
vt 0.151358 0.613193
vt 0.269146 0.008083
vt 0.884900 0.325858
vt 0.417327 0.614255
vt 0.886259 0.161580
vt 0.720753 0.461870
vt 0.418109 0.451098
vt 0.418631 0.308486
vt 0.151888 0.449741
vt 0.202185 0.449971
vt 0.201779 0.307204
vt 0.153600 0.306984
vt 0.481189 0.099574
vt 0.481182 0.188934
vt 0.710646 0.435421
vt 0.695816 0.388412
vt 0.419339 0.188312
vt 0.420260 0.098945
vt 0.154237 0.187469
vt 0.202224 0.187685
vt 0.204258 0.098942
vt 0.153027 0.098740
vt 0.884880 0.556416
vt 0.884355 0.460520
vt 0.270561 0.403629
vt 0.319145 0.403546
vt 0.317690 0.307991
vt 0.271656 0.308072
vt 0.478473 0.615225
vt 0.937961 0.395955
vt 0.939107 0.560580
vt 0.337760 0.576096
vt 0.337917 0.562101
vt 0.335689 0.603452
vt 0.335905 0.589549
vt 0.334034 0.546769
vt 0.254838 0.562537
vt 0.259165 0.546617
vt 0.253536 0.576070
vt 0.254904 0.589571
vt 0.255903 0.603428
vt 0.265265 0.527470
vt 0.271078 0.512206
vt 0.320653 0.511367
vt 0.327348 0.527601
vt 0.867702 0.673192
vt 0.934983 0.949716
vt 0.934479 0.963697
vt 0.936968 0.933851
vt 0.935892 0.977096
vt 0.935845 0.990911
vt 0.888123 0.743081
vt 0.888409 0.729401
vt 0.888631 0.757019
vt 0.885200 0.699598
vt 0.887111 0.715196
vt 0.940295 0.914876
vt 0.874506 0.680848
vt 0.882016 0.689939
vt 0.955927 0.990972
vt 0.867485 0.757109
vt 0.251289 0.576217
vt 0.253134 0.589813
vt 0.340017 0.576227
vt 0.340153 0.562063
vt 0.338256 0.589866
vt 0.257004 0.545938
vt 0.263146 0.526682
vt 0.269219 0.510755
vt 0.336169 0.546036
vt 0.322488 0.509891
vt 0.329447 0.526750
vt 0.257164 0.603441
vt 0.333079 0.603472
vt 0.891510 0.729287
vt 0.889804 0.714812
vt 0.890415 0.743213
vt 0.887595 0.699261
vt 0.884245 0.688625
vt 0.877093 0.679537
vt 0.867693 0.677002
vt 0.886730 0.757030
vt 0.934536 0.933479
vt 0.937897 0.914389
vt 0.933483 0.977371
vt 0.932525 0.949516
vt 0.932007 0.963749
vt 0.955784 0.895173
vt 0.938241 0.990923
vt 0.228873 0.011874
vt 0.462226 0.013081
vt 0.128701 0.011893
vt 0.440834 0.012137
vt 0.419028 0.014833
vt 0.501723 0.016736
vt 0.400019 0.015706
vt 0.483097 0.015853
vt 0.153385 0.013883
vt 0.204330 0.013863
vt 0.178809 0.014360
vt 0.281257 0.504707
vt 0.309949 0.504283
vt 0.295453 0.499838
vt 0.310614 0.502081
vt 0.280285 0.502609
vt 0.295289 0.497128
vt 0.251290 0.590070
vt 0.892324 0.743386
vt 0.254299 0.603522
vt 0.890141 0.757109
vt 0.245679 0.546692
vt 0.897492 0.699515
vt 0.248507 0.576598
vt 0.894031 0.729611
vt 0.246711 0.562498
vt 0.895737 0.715396
vt 0.343741 0.562486
vt 0.928926 0.949875
vt 0.344910 0.527385
vt 0.924546 0.915166
vt 0.341617 0.576494
vt 0.930398 0.963946
vt 0.339317 0.590056
vt 0.932376 0.977516
vt 0.336922 0.603515
vt 0.934634 0.990964
vt 0.344671 0.546575
vt 0.927016 0.934097
vt 0.296432 0.562383
vt 0.295848 0.511811
vt 0.295652 0.576229
vt 0.296293 0.527583
vt 0.295402 0.589708
vt 0.295128 0.603583
vt 0.296611 0.546723
vt 0.867521 0.743175
vt 0.867557 0.729478
vt 0.867593 0.715389
vt 0.867635 0.699410
vt 0.867659 0.689907
vt 0.955813 0.914592
vt 0.955842 0.933729
vt 0.955865 0.949781
vt 0.955886 0.963891
vt 0.955906 0.977230
vt 0.654221 0.441214
vt 0.833574 0.593724
vt 0.558802 0.441077
vt 0.991300 0.828718
vt 0.109612 0.530828
vt 0.361886 0.530553
vt 0.012546 0.531151
vt 0.533799 0.532045
vt 0.108491 0.009772
vt 0.359846 0.008882
vt 0.741035 0.349752
vt 0.009140 0.008464
vt 0.537811 0.009435
vt 0.767405 0.443936
vt 0.013780 0.245983
vt 0.538625 0.246823
vt 0.106436 0.245676
vt 0.360342 0.245553
vt 0.111034 0.068074
vt 0.356772 0.067860
vt 0.007993 0.068271
vt 0.544143 0.068726
vt 0.562542 0.245859
vt 0.989012 0.633455
vt 0.650497 0.246017
vt 0.834234 0.398565
vt 0.555720 0.508466
vt 0.988476 0.896213
vt 0.656697 0.510080
vt 0.836058 0.662799
vt 0.561224 0.359663
vt 0.989980 0.747364
vt 0.605987 0.441145
vt 0.653270 0.092662
vt 0.832843 0.245838
vt 0.013051 0.377183
vt 0.536293 0.378114
vt 0.060818 0.530825
vt 0.110949 0.029766
vt 0.357350 0.029345
vt 0.059289 0.012954
vt 0.770817 0.391337
vt 0.011606 0.140285
vt 0.541559 0.140781
vt 0.108063 0.376867
vt 0.361167 0.376742
vt 0.059872 0.245539
vt 0.107916 0.139983
vt 0.358571 0.139578
vt 0.007993 0.029743
vt 0.543118 0.030029
vt 0.059317 0.068538
vt 0.560457 0.092494
vt 0.990323 0.480391
vt 0.651075 0.359822
vt 0.833532 0.512304
vt 0.606327 0.245956
vt 0.606614 0.092415
vt 0.059254 0.031964
vt 0.060307 0.376858
vt 0.059530 0.139611
vt 0.606114 0.360060
vt 0.738675 0.357078
vt 0.556418 0.486189
vt 0.989780 0.873888
vt 0.648248 0.562016
vt 0.655951 0.486789
vt 0.834788 0.639389
vt 0.562459 0.307789
vt 0.989200 0.695443
vt 0.559960 0.403326
vt 0.990744 0.790998
vt 0.972893 0.829062
vt 0.580983 0.441141
vt 0.630987 0.441218
vt 0.851004 0.593990
vt 0.651793 0.173247
vt 0.833611 0.326079
vt 0.109108 0.614737
vt 0.362766 0.614435
vt 0.654771 0.008264
vt 0.831930 0.161776
vt 0.013648 0.308680
vt 0.537390 0.309606
vt 0.012496 0.451482
vt 0.535178 0.452378
vt 0.514135 0.531772
vt 0.035523 0.530953
vt 0.086183 0.530784
vt 0.382272 0.530493
vt 0.760194 0.436530
vt 0.523775 0.012501
vt 0.760480 0.457515
vt 0.035002 0.010309
vt 0.770817 0.417162
vt 0.084332 0.011905
vt 0.758710 0.367624
vt 0.381176 0.011626
vt 0.720661 0.340471
vt 0.009506 0.100427
vt 0.543144 0.100947
vt 0.013104 0.189222
vt 0.540036 0.189875
vt 0.109127 0.451160
vt 0.361419 0.450945
vt 0.106994 0.308370
vt 0.360865 0.308292
vt 0.381082 0.245537
vt 0.036097 0.245703
vt 0.083713 0.245546
vt 0.518513 0.246587
vt 0.106739 0.188916
vt 0.359557 0.188633
vt 0.109735 0.100148
vt 0.357429 0.099837
vt 0.521629 0.068235
vt 0.379678 0.067348
vt 0.033117 0.068460
vt 0.085573 0.068356
vt 0.013597 0.615055
vt 0.531984 0.615981
vt 0.559282 0.008091
vt 0.991300 0.396177
vt 0.561612 0.173084
vt 0.989539 0.560794
vt 0.652127 0.403484
vt 0.832851 0.555973
vt 0.650175 0.307945
vt 0.834230 0.460395
vt 0.852385 0.398344
vt 0.583321 0.245909
vt 0.629385 0.245991
vt 0.971349 0.633313
vt 0.762946 0.393549
vt 0.973060 0.894255
vt 0.972006 0.747686
vt 0.605765 0.486478
vt 0.854859 0.662290
vt 0.516461 0.378120
vt 0.606466 0.173061
vt 0.582387 0.092412
vt 0.061095 0.614717
vt 0.606770 0.007992
vt 0.630907 0.092500
vt 0.852109 0.245551
vt 0.033179 0.031460
vt 0.085433 0.031268
vt 0.380482 0.030730
vt 0.381670 0.376994
vt 0.060554 0.451173
vt 0.035683 0.376990
vt 0.060079 0.308303
vt 0.084998 0.376826
vt 0.520542 0.139920
vt 0.740054 0.400710
vt 0.523218 0.031566
vt 0.380214 0.138886
vt 0.059688 0.188677
vt 0.034895 0.139829
vt 0.059400 0.099946
vt 0.084225 0.139679
vt 0.851639 0.512569
vt 0.606042 0.403634
vt 0.582519 0.359940
vt 0.606206 0.308095
vt 0.629718 0.360023
vt 0.971731 0.480121
vt 0.721567 0.349800
vt 0.763112 0.417703
vt 0.753084 0.372450
vt 0.973194 0.873333
vt 0.971537 0.695557
vt 0.972486 0.791396
vt 0.579661 0.486575
vt 0.631627 0.486918
vt 0.853218 0.639320
vt 0.517490 0.309561
vt 0.515369 0.452297
vt 0.630082 0.173128
vt 0.582914 0.173043
vt 0.036179 0.614846
vt 0.581860 0.007992
vt 0.086079 0.614680
vt 0.631747 0.008083
vt 0.852305 0.325774
vt 0.382712 0.614255
vt 0.851798 0.161491
vt 0.753437 0.452370
vt 0.381929 0.451098
vt 0.381407 0.308486
vt 0.085752 0.451132
vt 0.035425 0.451300
vt 0.036008 0.308451
vt 0.084216 0.308290
vt 0.521367 0.099922
vt 0.519523 0.189357
vt 0.745979 0.424483
vt 0.731618 0.377338
vt 0.380700 0.188312
vt 0.379778 0.098945
vt 0.083726 0.188707
vt 0.035714 0.188863
vt 0.033826 0.100086
vt 0.085027 0.099954
vt 0.851131 0.556329
vt 0.852153 0.460437
vt 0.630334 0.403629
vt 0.581749 0.403546
vt 0.583204 0.307990
vt 0.629239 0.308072
vt 0.512759 0.615606
vt 0.972127 0.395904
vt 0.971469 0.560532
vt 0.563135 0.576096
vt 0.562977 0.562101
vt 0.565206 0.603452
vt 0.564990 0.589549
vt 0.566861 0.546769
vt 0.646057 0.562537
vt 0.641730 0.546617
vt 0.647358 0.576070
vt 0.645991 0.589571
vt 0.644992 0.603428
vt 0.635630 0.527470
vt 0.629817 0.512205
vt 0.580242 0.511367
vt 0.573547 0.527601
vt 0.976747 0.949654
vt 0.977293 0.963634
vt 0.974716 0.933795
vt 0.975920 0.977037
vt 0.976008 0.990852
vt 0.846920 0.742974
vt 0.846705 0.729293
vt 0.846340 0.756909
vt 0.850069 0.699507
vt 0.848076 0.715095
vt 0.971332 0.914830
vt 0.860859 0.680812
vt 0.853303 0.689865
vt 0.649605 0.576217
vt 0.647761 0.589813
vt 0.560878 0.576227
vt 0.560742 0.562063
vt 0.562638 0.589866
vt 0.643891 0.545938
vt 0.637749 0.526681
vt 0.631676 0.510754
vt 0.564726 0.546036
vt 0.578406 0.509891
vt 0.571447 0.526750
vt 0.643731 0.603441
vt 0.567816 0.603472
vt 0.843605 0.729163
vt 0.845386 0.714697
vt 0.844627 0.743095
vt 0.847676 0.699157
vt 0.851080 0.688539
vt 0.858280 0.679488
vt 0.848241 0.756930
vt 0.977146 0.933416
vt 0.973729 0.914336
vt 0.978330 0.977305
vt 0.979205 0.949446
vt 0.979765 0.963679
vt 0.973612 0.990870
vt 0.008200 0.012663
vt 0.538911 0.013454
vt 0.109199 0.013076
vt 0.359204 0.012137
vt 0.381011 0.014833
vt 0.523924 0.015773
vt 0.084552 0.015159
vt 0.033700 0.015213
vt 0.059243 0.016058
vt 0.619638 0.504707
vt 0.590945 0.504283
vt 0.605441 0.499838
vt 0.590280 0.502081
vt 0.620610 0.502609
vt 0.605605 0.497128
vt 0.649605 0.590070
vt 0.842718 0.743258
vt 0.646596 0.603522
vt 0.844829 0.756991
vt 0.655216 0.546692
vt 0.837777 0.699361
vt 0.652388 0.576598
vt 0.841083 0.729474
vt 0.654184 0.562498
vt 0.839450 0.715251
vt 0.557154 0.562486
vt 0.982805 0.949795
vt 0.555984 0.527385
vt 0.987082 0.915073
vt 0.559278 0.576494
vt 0.981374 0.963871
vt 0.561578 0.590056
vt 0.979437 0.977446
vt 0.563973 0.603515
vt 0.977219 0.990900
vt 0.556223 0.546575
vt 0.984668 0.934012
vt 0.604463 0.562383
vt 0.605046 0.511811
vt 0.605243 0.576229
vt 0.604602 0.527583
vt 0.605492 0.589708
vt 0.605767 0.603583
vt 0.604283 0.546723
vt 0.195234 0.660041
vt 0.758165 0.624565
vt 0.189723 0.659088
vt 0.752595 0.625241
vt 0.875033 0.126585
vt 0.195191 0.631133
vt 0.697045 0.519597
vt 0.189866 0.631951
vt 0.702279 0.520232
vt 0.902343 0.126458
vt 0.538517 0.680007
vt 0.758165 0.637322
vt 0.533310 0.680602
vt 0.753089 0.636334
vt 0.874774 0.115228
vt 0.538489 0.708831
vt 0.697044 0.531758
vt 0.533355 0.708091
vt 0.702244 0.531091
vt 0.902374 0.115244
vt 0.195251 0.657497
vt 0.189842 0.657492
vt 0.876634 0.127035
vt 0.538511 0.682567
vt 0.533144 0.682559
vt 0.876785 0.114553
vt 0.189682 0.633833
vt 0.900424 0.126829
vt 0.538517 0.706738
vt 0.195251 0.633283
vt 0.533195 0.706573
vt 0.900867 0.114854
vt 0.697002 0.529183
vt 0.702416 0.529257
vt 0.902753 0.117081
vt 0.758164 0.634596
vt 0.752849 0.634066
vt 0.874265 0.117642
vt 0.876745 0.117724
vt 0.900844 0.117128
vt 0.697016 0.522217
vt 0.752718 0.627686
vt 0.874249 0.124173
vt 0.702416 0.522456
vt 0.902753 0.124168
vt 0.758163 0.627657
vt 0.876560 0.124058
vt 0.900804 0.124218
vt 0.191313 0.659618
vt 0.754231 0.624907
vt 0.191213 0.631571
vt 0.701012 0.519676
vt 0.534546 0.708558
vt 0.701012 0.531448
vt 0.534524 0.680368
vt 0.754224 0.636805
vt 0.534563 0.682607
vt 0.191334 0.657451
vt 0.534606 0.706669
vt 0.191320 0.633408
vt 0.754253 0.634571
vt 0.700940 0.529126
vt 0.700918 0.522293
vt 0.754231 0.627676
vt 0.758233 0.606230
vt 0.805685 0.624250
vt 0.752653 0.605716
vt 0.797469 0.424461
vt 0.800230 0.625077
vt 0.736427 0.631627
vt 0.758258 0.577900
vt 0.730584 0.630409
vt 0.752120 0.578402
vt 0.797670 0.397447
vt 0.805579 0.636005
vt 0.919261 0.374780
vt 0.786830 0.424877
vt 0.800452 0.635607
vt 0.919752 0.379914
vt 0.736337 0.619607
vt 0.948029 0.374613
vt 0.730974 0.620440
vt 0.787414 0.396992
vt 0.947479 0.380120
vt 0.758275 0.604109
vt 0.752848 0.604014
vt 0.798453 0.423071
vt 0.921524 0.374697
vt 0.786713 0.422931
vt 0.921607 0.380427
vt 0.752082 0.579978
vt 0.798453 0.398851
vt 0.945709 0.374516
vt 0.758275 0.579913
vt 0.787098 0.398817
vt 0.945749 0.380661
vt 0.736427 0.621917
vt 0.730253 0.621892
vt 0.789051 0.397260
vt 0.805639 0.633758
vt 0.788797 0.425013
vt 0.800148 0.633688
vt 0.788774 0.422837
vt 0.789124 0.398907
vt 0.736297 0.628017
vt 0.795828 0.424978
vt 0.800092 0.626787
vt 0.730235 0.627973
vt 0.795224 0.396817
vt 0.805685 0.626799
vt 0.795706 0.422908
vt 0.796030 0.398886
vt 0.754225 0.605860
vt 0.801673 0.624451
vt 0.732438 0.631344
vt 0.754208 0.578361
vt 0.732407 0.619587
vt 0.948029 0.378542
vt 0.801623 0.635902
vt 0.919407 0.378754
vt 0.921628 0.378629
vt 0.754371 0.603945
vt 0.945720 0.378435
vt 0.754307 0.580068
vt 0.801719 0.633680
vt 0.732490 0.621904
vt 0.732394 0.627964
vt 0.801766 0.626857
vt 0.980234 0.351038
vt 0.521035 0.736456
vt 0.520698 0.747962
vt 0.980035 0.338884
vt 0.520644 0.758407
vt 0.359593 0.799285
vt 0.521450 0.728671
vt 0.359593 0.895626
vt 0.980555 0.359091
vt 0.980012 0.329600
vt 0.527264 0.758407
vt 0.527555 0.736725
vt 0.986784 0.350941
vt 0.986560 0.329600
vt 0.527248 0.748081
vt 0.986582 0.338854
vt 0.353066 0.798712
vt 0.528057 0.729020
vt 0.353066 0.895055
vt 0.987151 0.358940
vt 0.359593 0.802779
vt 0.353065 0.802207
vt 0.359593 0.892034
vt 0.353065 0.891463
vt 0.607557 0.763093
vt 0.607571 0.766457
vt 0.595659 0.763532
vt 0.595632 0.766958
vt 0.596624 0.675219
vt 0.607649 0.676315
vt 0.611543 0.677136
vt 0.611545 0.765998
vt 0.611558 0.762706
vt 0.586436 0.766999
vt 0.586436 0.763572
vt 0.586437 0.675227
vt 0.607627 0.679589
vt 0.596579 0.678551
vt 0.611557 0.680337
vt 0.586437 0.678561
vt 0.586436 0.769467
vt 0.990066 0.329600
vt 0.530444 0.748127
vt 0.596743 0.672870
vt 0.595695 0.769393
vt 0.990088 0.338837
vt 0.607771 0.768880
vt 0.990276 0.350875
vt 0.530765 0.736875
vt 0.608014 0.673993
vt 0.349725 0.800046
vt 0.531201 0.730846
vt 0.613899 0.675219
vt 0.349760 0.893029
vt 0.613922 0.768173
vt 0.990578 0.357077
vt 0.530465 0.758407
vt 0.586437 0.672848
vt 0.349754 0.802997
vt 0.613941 0.678192
vt 0.349755 0.889945
vt 0.613941 0.765068
vt 0.980234 0.308161
vt 0.521035 0.780357
vt 0.520698 0.768851
vt 0.980035 0.320315
vt 0.521450 0.788141
vt 0.784109 0.635681
vt 0.784110 0.539340
vt 0.980555 0.300108
vt 0.527555 0.780088
vt 0.986784 0.308258
vt 0.527248 0.768732
vt 0.986582 0.320345
vt 0.528057 0.787793
vt 0.777582 0.636253
vt 0.777582 0.539911
vt 0.987151 0.300259
vt 0.784109 0.632187
vt 0.777582 0.632759
vt 0.784109 0.542932
vt 0.777581 0.543503
vt 0.565315 0.763093
vt 0.565301 0.766457
vt 0.577212 0.763531
vt 0.577239 0.766958
vt 0.576250 0.675219
vt 0.565225 0.676314
vt 0.561332 0.677136
vt 0.561326 0.765997
vt 0.561313 0.762705
vt 0.565247 0.679589
vt 0.576295 0.678550
vt 0.561317 0.680337
vt 0.530444 0.768686
vt 0.576132 0.672870
vt 0.577176 0.769393
vt 0.990088 0.320362
vt 0.565101 0.768880
vt 0.990276 0.308324
vt 0.530765 0.779938
vt 0.564860 0.673992
vt 0.531201 0.785967
vt 0.558976 0.675218
vt 0.774241 0.634920
vt 0.558949 0.768173
vt 0.774276 0.541937
vt 0.990578 0.302122
vt 0.558933 0.678191
vt 0.774270 0.631969
vt 0.558931 0.765067
vt 0.774271 0.545021
f 176/176 1445/1445 9/9
f 31/31 182/182 152/152
f 157/157 4/4 147/147
f 116/116 78/78 113/113
f 420/420 16/16 421/421
f 421/421 10/10 136/136
f 177/177 17/17 178/178
f 21/21 35/35 34/34
f 176/176 15/15 177/177
f 150/150 32/32 153/153
f 33/33 1479/1479 1452/1452
f 123/123 44/44 126/126
f 151/151 47/47 154/154
f 1437/1437 125/125 42/42
f 25/25 46/46 45/45
f 21/21 31/31 22/22
f 33/33 21/21 34/34
f 150/150 28/28 19/19
f 153/153 27/27 151/151
f 35/35 151/151 26/26
f 25/25 189/189 191/191
f 1448/1448 124/124 1454/1454
f 20/20 1452/1452 1475/1475
f 562/562 1490/1490 1481/1481
f 45/45 221/221 220/220
f 231/231 45/45 220/220
f 154/154 222/222 230/230
f 126/126 219/219 229/229
f 558/558 505/505 561/561
f 133/133 483/483 488/488
f 132/132 483/483 128/128
f 51/51 484/484 487/487
f 581/581 143/143 594/594
f 586/586 57/57 585/585
f 584/584 58/58 188/188
f 585/585 180/180 583/583
f 589/589 56/56 586/586
f 548/548 118/118 547/547
f 1555/1555 63/63 1558/1558
f 1559/1559 187/187 1573/1573
f 1558/1558 181/181 1568/1568
f 1571/1571 66/66 1555/1555
f 534/534 532/532 523/523
f 817/817 1433/1433 1413/1413
f 107/107 554/554 562/562
f 144/144 476/476 145/145
f 560/560 1557/1557 1577/1577
f 1570/1570 144/144 1565/1565
f 66/66 492/492 63/63
f 187/187 489/489 70/70
f 63/63 69/69 181/181
f 62/62 491/491 66/66
f 1563/1563 104/104 1564/1564
f 1567/1567 83/83 135/135
f 91/91 105/105 104/104
f 596/596 82/82 134/134
f 145/145 478/478 127/127
f 1458/1458 108/108 73/73
f 83/83 140/140 135/135
f 593/593 103/103 590/590
f 133/133 486/486 130/130
f 115/115 76/76 111/111
f 111/111 81/81 116/116
f 127/127 479/479 131/131
f 109/109 223/223 226/226
f 136/136 1461/1461 84/84
f 546/546 507/507 557/557
f 106/106 74/74 109/109
f 20/20 30/30 21/21
f 156/156 87/87 155/155
f 163/163 32/32 170/170
f 88/88 169/169 98/98
f 159/159 98/98 169/169
f 165/165 100/100 166/166
f 166/166 712/712 778/778
f 447/447 84/84 119/119
f 838/838 1415/1415 1425/1425
f 498/498 77/77 129/129
f 998/998 418/418 1004/1004
f 114/114 75/75 79/79
f 561/561 522/522 549/549
f 556/556 522/522 525/525
f 81/81 130/130 78/78
f 602/602 103/103 550/550
f 104/104 553/553 559/559
f 1564/1564 559/559 1576/1576
f 1566/1566 118/118 83/83
f 582/582 82/82 595/595
f 92/92 110/110 105/105
f 29/29 1463/1463 176/176
f 83/83 122/122 89/89
f 135/135 490/490 65/65
f 227/227 138/138 225/225
f 562/562 1443/1443 107/107
f 47/47 224/224 222/222
f 105/105 552/552 553/553
f 592/592 134/134 59/59
f 1560/1560 135/135 65/65
f 1565/1565 91/91 1563/1563
f 144/144 92/92 91/91
f 594/594 90/90 593/593
f 80/80 128/128 76/76
f 81/81 128/128 133/133
f 552/552 524/524 533/533
f 74/74 229/229 223/223
f 1460/1460 107/107 1443/1443
f 496/496 112/112 77/77
f 71/71 126/126 74/74
f 68/68 447/447 119/119
f 155/155 97/97 157/157
f 446/446 157/157 420/420
f 1028/1028 174/174 786/786
f 156/156 446/446 445/445
f 46/46 230/230 221/221
f 22/22 152/152 150/150
f 26/26 154/154 46/46
f 22/22 153/153 35/35
f 420/420 147/147 18/18
f 178/178 146/146 182/182
f 228/228 167/167 227/227
f 1028/1028 156/156 445/445
f 170/170 19/19 172/172
f 160/160 19/19 28/28
f 175/175 67/67 463/463
f 458/458 447/447 175/175
f 1046/1046 450/450 464/464
f 181/181 475/475 60/60
f 1568/1568 60/60 1569/1569
f 583/583 53/53 580/580
f 84/84 1442/1442 119/119
f 30/30 178/178 31/31
f 448/448 136/136 84/84
f 152/152 183/183 28/28
f 3/3 182/182 146/146
f 28/28 158/158 160/160
f 3/3 158/158 183/183
f 94/94 27/27 163/163
f 584/584 55/55 589/589
f 218/218 189/189 231/231
f 1573/1573 62/62 1571/1571
f 62/62 70/70 493/493
f 176/176 30/30 29/29
f 23/23 189/189 43/43
f 34/34 26/26 25/25
f 34/34 191/191 33/33
f 270/270 200/200 275/275
f 276/276 211/211 203/203
f 272/272 208/208 277/277
f 278/278 203/203 205/205
f 271/271 197/197 211/211
f 277/277 192/192 279/279
f 274/274 197/197 273/273
f 1004/1004 415/415 1001/1001
f 280/280 192/192 212/212
f 275/275 216/216 274/274
f 1005/1005 413/413 999/999
f 281/281 214/214 272/272
f 6/6 231/231 185/185
f 228/228 184/184 93/93
f 221/221 148/148 11/11
f 223/223 141/141 85/85
f 222/222 137/137 1/1
f 184/184 225/225 95/95
f 890/890 1426/1426 1433/1433
f 226/226 85/85 101/101
f 229/229 7/7 141/141
f 230/230 1/1 148/148
f 185/185 220/220 13/13
f 220/220 11/11 13/13
f 12/12 242/242 233/233
f 121/121 237/237 168/168
f 1003/1003 419/419 1005/1005
f 14/14 241/241 186/186
f 149/149 240/240 242/242
f 329/329 991/991 405/405
f 186/186 239/239 8/8
f 2/2 236/236 240/240
f 142/142 239/239 235/235
f 102/102 234/234 238/238
f 168/168 236/236 139/139
f 86/86 235/235 234/234
f 12/12 232/232 14/14
f 270/270 212/212 198/198
f 409/409 1000/1000 995/995
f 284/284 269/269 283/283
f 286/286 254/254 285/285
f 285/285 256/256 282/282
f 283/283 247/247 288/288
f 290/290 267/267 261/261
f 293/293 251/251 292/292
f 289/289 262/262 286/286
f 292/292 253/253 284/284
f 293/293 244/244 265/265
f 295/295 261/261 246/246
f 291/291 259/259 267/267
f 233/233 280/280 270/270
f 243/243 272/272 237/237
f 894/894 1412/1412 1421/1421
f 232/232 274/274 241/241
f 242/242 279/279 280/280
f 1541/1541 519/519 535/535
f 241/241 273/273 239/239
f 236/236 279/279 240/240
f 235/235 273/273 271/271
f 238/238 276/276 278/278
f 237/237 277/277 236/236
f 234/234 271/271 276/276
f 233/233 275/275 232/232
f 215/215 287/287 291/291
f 194/194 290/290 295/295
f 213/213 294/294 293/293
f 199/199 284/284 201/201
f 196/196 286/286 210/210
f 213/213 292/292 199/199
f 209/209 291/291 290/290
f 217/217 288/288 195/195
f 1467/1467 551/551 108/108
f 202/202 282/282 204/204
f 210/210 285/285 202/202
f 201/201 283/283 217/217
f 1415/1415 718/718 1423/1423
f 319/319 333/333 306/306
f 321/321 329/329 338/338
f 302/302 335/335 315/315
f 373/373 357/357 379/379
f 375/375 350/350 381/381
f 382/382 354/354 378/378
f 383/383 346/346 380/380
f 378/378 352/352 375/375
f 379/379 356/356 382/382
f 380/380 343/343 376/376
f 381/381 348/348 383/383
f 314/314 332/332 304/304
f 300/300 339/339 330/330
f 304/304 336/336 318/318
f 326/326 330/330 340/340
f 302/302 341/341 331/331
f 384/384 347/347 385/385
f 386/386 351/351 387/387
f 389/389 353/353 355/355
f 391/391 358/358 360/360
f 388/388 351/351 353/353
f 390/390 355/355 358/358
f 392/392 345/345 384/384
f 385/385 349/349 386/386
f 325/325 366/366 299/299
f 322/322 367/367 297/297
f 317/317 364/364 303/303
f 313/313 365/365 301/301
f 299/299 371/371 322/322
f 303/303 369/369 313/313
f 301/301 372/372 325/325
f 305/305 370/370 317/317
f 372/372 383/383 366/366
f 371/371 376/376 367/367
f 370/370 382/382 364/364
f 369/369 375/375 365/365
f 366/366 380/380 371/371
f 364/364 378/378 369/369
f 365/365 381/381 372/372
f 362/362 379/379 370/370
f 311/311 503/503 316/316
f 324/324 385/385 309/309
f 328/328 387/387 310/310
f 311/311 388/388 389/389
f 312/312 390/390 391/391
f 316/316 387/387 388/388
f 320/320 389/389 390/390
f 308/308 384/384 324/324
f 309/309 386/386 328/328
f 400/400 336/336 332/332
f 397/397 334/334 398/398
f 396/396 335/335 331/331
f 393/393 341/341 395/395
f 403/403 340/340 330/330
f 404/404 339/339 407/407
f 405/405 338/338 329/329
f 414/414 997/997 1000/1000
f 330/330 404/404 403/403
f 331/331 393/393 396/396
f 332/332 397/397 400/400
f 1032/1032 174/174 449/449
f 397/397 1208/1208 1204/1204
f 1197/1197 403/403 1225/1225
f 1307/1307 1194/1194 1293/1293
f 1316/1316 159/159 169/169
f 1218/1218 408/408 402/402
f 166/166 1320/1320 165/165
f 1340/1340 411/411 93/93
f 1209/1209 396/396 1212/1212
f 165/165 1316/1316 169/169
f 393/393 1212/1212 396/396
f 393/393 1198/1198 1195/1195
f 1303/1303 1222/1222 1203/1203
f 403/403 1236/1236 1225/1225
f 1300/1300 162/162 159/159
f 1409/1409 1239/1239 1347/1347
f 1231/1231 404/404 407/407
f 397/397 1221/1221 400/400
f 850/850 1431/1431 1426/1426
f 1406/1406 1349/1349 1346/1346
f 95/95 1336/1336 184/184
f 1217/1217 400/400 1221/1221
f 1230/1230 405/405 1228/1228
f 1334/1334 1395/1395 1393/1393
f 408/408 337/337 402/402
f 997/997 1332/1332 1392/1392
f 1315/1315 1213/1213 1307/1307
f 1339/1339 1233/1233 1345/1345
f 1308/1308 173/173 161/161
f 1351/1351 1245/1245 1243/1243
f 1314/1314 1203/1203 1206/1206
f 207/207 419/419 287/287
f 1295/1295 1224/1224 1328/1328
f 1325/1325 1239/1239 1216/1216
f 1344/1344 1227/1227 1333/1333
f 1328/1328 1237/1237 1339/1339
f 171/171 1294/1294 164/164
f 415/415 281/281 243/243
f 93/93 1336/1336 1340/1340
f 287/287 417/417 259/259
f 410/410 243/243 121/121
f 228/228 409/409 120/120
f 418/418 206/206 281/281
f 93/93 414/414 228/228
f 1324/1324 1222/1222 1317/1317
f 466/466 442/442 474/474
f 175/175 432/432 458/458
f 174/174 429/429 449/449
f 465/465 425/425 466/466
f 448/448 436/436 421/421
f 420/420 462/462 453/453
f 462/462 421/421 436/436
f 467/467 440/440 469/469
f 468/468 437/437 470/470
f 471/471 460/460 472/472
f 473/473 433/433 474/474
f 471/471 438/438 467/467
f 431/431 420/420 453/453
f 1008/1008 464/464 424/424
f 446/446 431/431 457/457
f 1241/1241 1288/1288 1289/1289
f 463/463 451/451 175/175
f 453/453 454/454 431/431
f 457/457 454/454 429/429
f 458/458 459/459 436/436
f 462/462 459/459 434/434
f 462/462 427/427 453/453
f 464/464 437/437 424/424
f 174/174 446/446 457/457
f 430/430 464/464 450/450
f 435/435 467/467 428/428
f 444/444 474/474 442/442
f 441/441 472/472 443/443
f 455/455 470/470 430/430
f 428/428 469/469 456/456
f 423/423 466/466 452/452
f 452/452 474/474 433/433
f 408/408 994/994 333/333
f 498/498 485/485 495/495
f 50/50 480/480 49/49
f 49/49 477/477 48/48
f 50/50 487/487 482/482
f 145/145 75/75 92/92
f 75/75 131/131 79/79
f 70/70 494/494 499/499
f 52/52 494/494 484/484
f 500/500 52/52 51/51
f 48/48 502/502 49/49
f 501/501 51/51 50/50
f 546/546 122/122 548/548
f 140/140 496/496 498/498
f 89/89 497/497 496/496
f 140/140 495/495 490/490
f 69/69 477/477 475/475
f 501/501 49/49 502/502
f 491/491 502/502 492/492
f 491/491 500/500 501/501
f 493/493 499/499 500/500
f 492/492 48/48 69/69
f 1476/1476 38/38 1472/1472
f 1482/1482 119/119 1442/1442
f 1478/1478 41/41 190/190
f 1469/1469 73/73 125/125
f 71/71 1470/1470 123/123
f 106/106 1457/1457 71/71
f 868/868 1421/1421 1418/1418
f 1454/1454 72/72 1460/1460
f 1451/1451 190/190 40/40
f 123/123 1439/1439 24/24
f 1464/1464 36/36 1447/1447
f 308/308 324/324 503/503
f 503/503 320/320 312/312
f 328/328 310/310 503/503
f 320/320 503/503 311/311
f 503/503 310/310 316/316
f 503/503 324/324 309/309
f 309/309 328/328 503/503
f 560/560 582/582 601/601
f 537/537 532/532 536/536
f 1541/1541 566/566 1547/1547
f 1545/1545 541/541 1543/1543
f 538/538 530/530 537/537
f 539/539 1561/1561 1574/1574
f 535/535 597/597 599/599
f 566/566 599/599 604/604
f 574/574 1574/1574 1579/1579
f 572/572 537/537 570/570
f 1543/1543 514/514 1536/1536
f 570/570 536/536 568/568
f 517/517 540/540 506/506
f 511/511 542/542 517/517
f 1520/1520 634/634 643/643
f 509/509 543/543 511/511
f 515/515 1575/1575 1556/1556
f 514/514 600/600 587/587
f 563/563 504/504 564/564
f 564/564 506/506 540/540
f 516/516 601/601 588/588
f 518/518 548/548 512/512
f 110/110 555/555 552/552
f 553/553 533/533 531/531
f 1576/1576 529/529 1562/1562
f 559/559 531/531 529/529
f 602/602 527/527 598/598
f 115/115 549/549 556/556
f 116/116 549/549 111/111
f 497/497 557/557 112/112
f 117/117 1577/1577 1572/1572
f 512/512 547/547 510/510
f 113/113 561/561 116/116
f 1001/1001 410/410 996/996
f 713/713 1425/1425 1430/1430
f 563/563 523/523 521/521
f 543/543 567/567 542/542
f 577/577 568/568 576/576
f 1547/1547 575/575 1549/1549
f 1549/1549 565/565 1545/1545
f 544/544 569/569 543/543
f 578/578 570/570 577/577
f 545/545 1578/1578 1575/1575
f 579/579 1579/1579 1580/1580
f 541/541 603/603 600/600
f 575/575 604/604 605/605
f 565/565 605/605 603/603
f 573/573 1580/1580 1578/1578
f 571/571 577/577 569/569
f 257/257 1435/1435 1417/1417
f 569/569 576/576 567/567
f 536/536 534/534 568/568
f 534/534 576/576 568/568
f 564/564 576/576 563/563
f 567/567 540/540 542/542
f 10/10 1455/1455 136/136
f 1472/1472 179/179 1464/1464
f 1422/1422 1466/1466 106/106
f 1476/1476 40/40 39/39
f 603/603 579/579 573/573
f 605/605 574/574 579/579
f 600/600 573/573 545/545
f 554/554 598/598 520/520
f 588/588 551/551 513/513
f 587/587 545/545 515/515
f 604/604 539/539 574/574
f 599/599 526/526 539/539
f 551/551 582/582 108/108
f 190/190 589/589 40/40
f 179/179 580/580 36/36
f 124/124 593/593 72/72
f 42/42 596/596 592/592
f 108/108 595/595 73/73
f 554/554 590/590 602/602
f 72/72 590/590 107/107
f 125/125 595/595 596/596
f 40/40 586/586 39/39
f 38/38 583/583 179/179
f 190/190 591/591 584/584
f 39/39 585/585 38/38
f 37/37 594/594 124/124
f 608/608 257/257 255/255
f 263/263 608/608 255/255
f 250/250 610/610 613/613
f 1002/1002 612/612 416/416
f 268/268 263/263 249/249
f 611/611 416/416 612/612
f 610/610 266/266 609/609
f 609/609 258/258 611/611
f 264/264 260/260 610/610
f 614/614 250/250 613/613
f 252/252 607/607 268/268
f 1229/1229 1275/1275 1277/1277
f 1496/1496 788/788 623/623
f 645/645 794/794 790/790
f 769/769 618/618 709/709
f 724/724 693/693 728/728
f 630/630 1006/1006 1007/1007
f 624/624 1007/1007 748/748
f 789/789 631/631 629/629
f 649/649 635/635 648/648
f 788/788 629/629 623/623
f 646/646 762/762 765/765
f 684/684 1503/1503 1509/1509
f 658/658 735/735 738/738
f 661/661 763/763 766/766
f 719/719 1509/1509 1490/1490
f 660/660 639/639 659/659
f 635/635 645/645 644/644
f 647/647 635/635 634/634
f 762/762 642/642 764/764
f 641/641 765/765 763/763
f 763/763 649/649 640/640
f 801/801 639/639 803/803
f 1500/1500 802/802 1527/1527
f 634/634 1499/1499 647/647
f 1552/1552 551/551 1530/1530
f 833/833 659/659 832/832
f 843/843 659/659 801/801
f 834/834 766/766 842/842
f 830/830 738/738 841/841
f 1084/1084 1137/1137 1141/1141
f 745/745 1063/1063 740/740
f 1063/1063 744/744 740/740
f 665/665 1067/1067 666/666
f 755/755 1159/1159 1173/1173
f 671/671 1165/1165 1164/1164
f 1163/1163 672/672 1170/1170
f 792/792 1164/1164 1162/1162
f 670/670 1168/1168 1165/1165
f 1128/1128 730/730 734/734
f 677/677 670/670 671/671
f 799/799 672/672 800/800
f 793/793 671/671 792/792
f 680/680 669/669 670/670
f 1114/1114 1113/1113 1116/1116
f 719/719 562/562 1134/1134
f 756/756 1056/1056 674/674
f 1089/1089 1140/1140 1127/1127
f 755/755 674/674 667/667
f 1073/1073 680/680 677/677
f 799/799 1071/1071 679/679
f 681/681 677/677 793/793
f 1072/1072 676/676 680/680
f 715/715 703/703 702/702
f 747/747 694/694 746/746
f 716/716 704/704 703/703
f 1175/1175 694/694 1174/1174
f 757/757 1058/1058 1056/1056
f 1512/1512 643/643 788/788
f 752/752 695/695 747/747
f 715/715 1172/1172 1169/1169
f 1065/1065 745/745 741/741
f 688/688 727/727 723/723
f 728/728 688/688 723/723
f 1060/1060 739/739 743/743
f 835/835 721/721 838/838
f 1508/1508 748/748 696/696
f 1087/1087 1126/1126 1138/1138
f 721/721 683/683 718/718
f 634/634 644/644 643/643
f 768/768 699/699 711/711
f 646/646 775/775 782/782
f 700/700 781/781 777/777
f 771/771 710/710 619/619
f 777/777 712/712 700/700
f 696/696 1030/1030 731/731
f 742/742 1077/1077 1079/1079
f 726/726 687/687 722/722
f 1101/1101 1141/1141 1129/1129
f 1136/1136 1101/1101 1129/1129
f 741/741 693/693 689/689
f 1181/1181 715/715 1169/1169
f 1133/1133 716/716 1139/1139
f 1139/1139 715/715 1130/1130
f 695/695 729/729 694/694
f 694/694 1161/1161 1174/1174
f 717/717 687/687 704/704
f 1506/1506 718/718 683/683
f 701/701 730/730 695/695
f 1070/1070 747/747 678/678
f 839/839 749/749 779/779
f 1485/1485 735/735 638/638
f 837/837 661/661 834/834
f 1132/1132 717/717 1133/1133
f 1171/1171 746/746 1175/1175
f 678/678 746/746 673/673
f 702/702 756/756 755/755
f 703/703 757/757 756/756
f 702/702 1173/1173 1172/1172
f 740/740 692/692 688/688
f 693/693 740/740 688/688
f 1132/1132 1103/1103 1135/1135
f 841/841 686/686 835/835
f 803/803 1484/1484 637/637
f 690/690 1078/1078 1077/1077
f 686/686 735/735 683/683
f 68/68 1030/1030 67/67
f 767/767 709/709 699/699
f 1029/1029 769/769 767/767
f 1029/1029 768/768 1028/1028
f 842/842 660/660 833/833
f 636/636 764/764 645/645
f 766/766 640/640 660/660
f 765/765 636/636 649/649
f 1006/1006 759/759 769/769
f 790/790 758/758 631/631
f 840/840 779/779 732/732
f 633/633 782/782 784/784
f 772/772 633/633 784/784
f 67/67 787/787 463/463
f 1030/1030 1041/1041 787/787
f 1057/1057 793/793 675/675
f 675/675 792/792 668/668
f 668/668 1162/1162 1160/1160
f 1491/1491 696/696 731/731
f 644/644 790/790 789/789
f 748/748 1031/1031 696/696
f 764/764 795/795 794/794
f 794/794 617/617 758/758
f 642/642 770/770 795/795
f 617/617 795/795 770/770
f 641/641 707/707 775/775
f 669/669 1163/1163 1168/1168
f 831/831 801/801 657/657
f 676/676 800/800 669/669
f 676/676 682/682 799/799
f 644/644 788/788 643/643
f 801/801 637/637 657/657
f 640/640 648/648 639/639
f 803/803 648/648 647/647
f 812/812 882/882 887/887
f 888/888 823/823 883/883
f 820/820 884/884 889/889
f 890/890 815/815 888/888
f 883/883 809/809 885/885
f 804/804 889/889 891/891
f 809/809 886/886 885/885
f 892/892 804/804 891/891
f 828/828 887/887 886/886
f 826/826 893/893 884/884
f 621/621 843/843 831/831
f 796/796 840/840 705/705
f 760/760 833/833 625/625
f 753/753 835/835 697/697
f 750/750 834/834 615/615
f 796/796 836/836 839/839
f 697/697 838/838 713/713
f 620/620 841/841 753/753
f 615/615 842/842 760/760
f 797/797 832/832 843/843
f 625/625 832/832 627/627
f 626/626 854/854 761/761
f 849/849 733/733 780/780
f 853/853 628/628 798/798
f 761/761 852/852 616/616
f 851/851 798/798 622/622
f 616/616 848/848 751/751
f 754/754 851/851 622/622
f 714/714 846/846 698/698
f 848/848 780/780 751/751
f 698/698 847/847 754/754
f 844/844 626/626 628/628
f 882/882 824/824 892/892
f 881/881 896/896 895/895
f 866/866 898/898 897/897
f 868/868 897/897 894/894
f 859/859 895/895 900/900
f 902/902 879/879 903/903
f 863/863 905/905 904/904
f 874/874 901/901 898/898
f 865/865 904/904 896/896
f 905/905 856/856 906/906
f 907/907 873/873 902/902
f 903/903 871/871 899/899
f 845/845 892/892 854/854
f 884/884 855/855 849/849
f 886/886 844/844 853/853
f 854/854 891/891 852/852
f 885/885 853/853 851/851
f 891/891 848/848 852/852
f 847/847 885/885 851/851
f 850/850 888/888 846/846
f 889/889 849/849 848/848
f 846/846 883/883 847/847
f 887/887 845/845 844/844
f 827/827 899/899 819/819
f 806/806 902/902 821/821
f 825/825 906/906 805/805
f 896/896 811/811 813/813
f 898/898 808/808 822/822
f 904/904 825/825 811/811
f 821/821 903/903 827/827
f 900/900 829/829 807/807
f 894/894 814/814 816/816
f 897/897 822/822 814/814
f 895/895 813/813 829/829
f 333/333 921/921 306/306
f 925/925 329/329 296/296
f 936/936 910/910 917/917
f 957/957 374/374 967/967
f 949/949 965/965 969/969
f 953/953 970/970 966/966
f 945/945 971/971 968/968
f 951/951 966/966 965/965
f 955/955 967/967 970/970
f 344/344 968/968 377/377
f 947/947 969/969 971/971
f 935/935 918/918 912/912
f 908/908 941/941 926/926
f 939/939 912/912 922/922
f 930/930 933/933 908/908
f 910/910 942/942 929/929
f 946/946 972/972 973/973
f 950/950 974/974 975/975
f 977/977 952/952 976/976
f 391/391 956/956 978/978
f 976/976 950/950 975/975
f 978/978 954/954 977/977
f 944/944 392/392 972/972
f 948/948 973/973 974/974
f 960/960 931/931 909/909
f 368/368 927/927 298/298
f 958/958 923/923 913/913
f 959/959 919/919 911/911
f 963/963 909/909 927/927
f 961/961 913/913 919/919
f 964/964 911/911 931/931
f 962/962 307/307 923/923
f 971/971 964/964 960/960
f 377/377 963/963 368/368
f 970/970 962/962 958/958
f 965/965 961/961 959/959
f 968/968 960/960 963/963
f 966/966 958/958 961/961
f 969/969 959/959 964/964
f 967/967 363/363 962/962
f 916/916 920/920 503/503
f 973/973 928/928 914/914
f 975/975 932/932 915/915
f 916/916 976/976 920/920
f 312/312 978/978 924/924
f 920/920 975/975 915/915
f 924/924 977/977 916/916
f 972/972 308/308 928/928
f 974/974 914/914 932/932
f 986/986 939/939 988/988
f 983/983 937/937 935/935
f 982/982 936/936 984/984
f 979/979 942/942 934/934
f 989/989 943/943 981/981
f 990/990 941/941 933/933
f 991/991 940/940 992/992
f 933/933 989/989 990/990
f 934/934 982/982 979/979
f 935/935 986/986 983/983
f 771/771 1376/1376 781/781
f 979/979 1261/1261 1242/1242
f 783/783 1354/1354 1350/1350
f 785/785 1368/1368 773/773
f 1263/1263 994/994 1287/1287
f 1396/1396 706/706 796/796
f 1400/1400 997/997 1392/1392
f 1254/1254 982/982 984/984
f 777/777 1376/1376 1380/1380
f 1247/1247 979/979 1242/1242
f 989/989 1248/1248 1272/1272
f 1255/1255 983/983 1251/1251
f 989/989 1285/1285 990/990
f 774/774 1360/1360 771/771
f 1281/1281 990/990 1285/1285
f 991/991 1280/1280 1275/1275
f 983/983 1270/1270 1251/1251
f 705/705 1396/1396 796/796
f 1350/1350 785/785 783/783
f 1264/1264 986/986 988/988
f 1380/1380 778/778 777/777
f 1387/1387 776/776 708/708
f 994/994 938/938 333/333
f 1370/1370 1260/1260 1256/1256
f 1397/1397 1279/1279 1284/1284
f 1299/1299 1290/1290 1292/1292
f 1361/1361 1269/1269 1379/1379
f 1371/1371 1252/1252 1361/1361
f 819/819 1005/1005 999/999
f 1359/1359 1273/1273 1246/1246
f 1381/1381 1288/1288 1409/1409
f 1365/1365 1243/1243 1260/1260
f 1391/1391 1284/1284 1273/1273
f 1401/1401 1276/1276 1278/1278
f 893/893 1001/1001 855/855
f 1382/1382 1269/1269 1266/1266
f 899/899 1003/1003 1005/1005
f 855/855 996/996 733/733
f 995/995 840/840 732/732
f 818/818 1004/1004 893/893
f 1000/1000 705/705 840/840
f 1047/1047 1025/1025 1009/1009
f 1015/1015 787/787 1041/1041
f 786/786 1012/1012 1040/1040
f 1009/1009 465/465 1047/1047
f 1019/1019 1031/1031 1007/1007
f 1006/1006 1045/1045 1007/1007
f 1045/1045 1019/1019 1007/1007
f 1048/1048 1022/1022 1021/1021
f 1050/1050 1020/1020 1023/1023
f 1052/1052 1043/1043 1018/1018
f 1054/1054 1016/1016 1044/1044
f 1021/1021 1052/1052 1048/1048
f 1014/1014 1036/1036 1006/1006
f 1014/1014 1029/1029 1040/1040
f 463/463 1034/1034 422/422
f 1037/1037 1036/1036 1014/1014
f 1040/1040 1037/1037 1014/1014
f 1042/1042 1041/1041 1019/1019
f 1045/1045 1042/1042 1019/1019
f 1010/1010 1045/1045 1036/1036
f 1046/1046 1020/1020 1051/1051
f 786/786 1029/1029 1028/1028
f 1046/1046 1013/1013 1033/1033
f 1048/1048 1018/1018 1011/1011
f 1027/1027 1055/1055 1054/1054
f 1024/1024 1053/1053 1052/1052
f 1039/1039 1051/1051 1050/1050
f 1011/1011 1049/1049 1048/1048
f 1047/1047 423/423 1035/1035
f 1035/1035 1055/1055 1047/1047
f 1066/1066 1079/1079 1075/1075
f 1062/1062 664/664 663/663
f 1059/1059 663/663 662/662
f 664/664 1069/1069 665/665
f 704/704 739/739 757/757
f 743/743 687/687 691/691
f 1076/1076 682/682 1080/1080
f 666/666 1076/1076 1080/1080
f 1081/1081 666/666 1080/1080
f 662/662 663/663 1083/1083
f 1082/1082 665/665 1081/1081
f 1126/1126 734/734 1078/1078
f 1079/1079 701/701 752/752
f 701/701 1078/1078 734/734
f 1075/1075 752/752 1070/1070
f 681/681 1059/1059 662/662
f 663/663 1082/1082 1083/1083
f 1083/1083 1072/1072 1073/1073
f 1072/1072 1081/1081 1074/1074
f 1074/1074 1080/1080 682/682
f 662/662 1073/1073 681/681
f 652/652 1523/1523 1521/1521
f 1482/1482 731/731 68/68
f 1527/1527 655/655 1486/1486
f 1518/1518 685/685 1505/1505
f 1517/1517 683/683 735/735
f 685/685 1515/1515 1505/1505
f 1523/1523 654/654 1500/1500
f 651/651 1511/1511 1494/1494
f 1487/1487 737/737 1518/1518
f 736/736 1493/1493 1503/1503
f 308/308 503/503 928/928
f 503/503 312/312 924/924
f 932/932 503/503 915/915
f 924/924 916/916 503/503
f 503/503 920/920 915/915
f 503/503 914/914 928/928
f 914/914 503/503 932/932
f 1180/1180 729/729 1140/1140
f 1113/1113 1117/1117 1116/1116
f 1111/1111 1118/1118 1117/1117
f 1109/1109 1119/1119 1118/1118
f 1177/1177 1115/1115 1178/1178
f 1178/1178 1145/1145 1183/1183
f 1118/1118 1153/1153 1151/1151
f 1117/1117 1151/1151 1149/1149
f 1116/1116 1149/1149 1147/1147
f 1120/1120 1098/1098 1088/1088
f 1122/1122 1092/1092 1098/1098
f 1123/1123 1090/1090 1092/1092
f 1124/1124 1096/1096 1090/1090
f 1167/1167 1121/1121 1094/1094
f 1085/1085 1142/1142 1143/1143
f 1088/1088 1143/1143 1120/1120
f 1180/1180 1095/1095 1166/1166
f 1097/1097 1128/1128 1126/1126
f 722/722 1135/1135 726/726
f 1112/1112 1133/1133 1110/1110
f 1108/1108 1130/1130 1106/1106
f 1110/1110 1139/1139 1108/1108
f 1106/1106 1181/1181 1176/1176
f 727/727 1129/1129 723/723
f 1129/1129 728/728 723/723
f 1138/1138 1078/1078 725/725
f 1127/1127 729/729 730/730
f 1091/1091 1127/1127 1128/1128
f 1141/1141 724/724 728/728
f 1142/1142 1105/1105 1114/1114
f 1146/1146 1123/1123 1122/1122
f 1147/1147 1156/1156 1155/1155
f 1148/1148 1124/1124 1123/1123
f 1149/1149 1157/1157 1156/1156
f 1150/1150 1125/1125 1124/1124
f 1151/1151 1158/1158 1157/1157
f 1182/1182 1121/1121 1179/1179
f 1183/1183 1154/1154 1184/1184
f 1184/1184 1144/1144 1182/1182
f 1157/1157 1152/1152 1150/1150
f 1156/1156 1150/1150 1148/1148
f 1155/1155 1148/1148 1146/1146
f 1116/1116 1147/1147 1114/1114
f 1114/1114 1155/1155 1142/1142
f 1155/1155 1143/1143 1142/1142
f 1120/1120 1146/1146 1122/1122
f 1502/1502 624/624 748/748
f 791/791 1521/1521 1511/1511
f 1514/1514 1423/1423 718/718
f 647/647 1526/1526 803/803
f 1158/1158 1182/1182 1152/1152
f 1153/1153 1184/1184 1158/1158
f 1152/1152 1179/1179 1125/1125
f 1176/1176 1134/1134 1100/1100
f 1131/1131 1166/1166 1093/1093
f 1125/1125 1167/1167 1096/1096
f 1119/1119 1183/1183 1153/1153
f 1107/1107 1178/1178 1119/1119
f 1131/1131 1161/1161 1180/1180
f 1168/1168 802/802 654/654
f 1160/1160 791/791 651/651
f 1172/1172 736/736 684/684
f 656/656 1175/1175 737/737
f 1174/1174 720/720 685/685
f 1134/1134 1169/1169 719/719
f 1169/1169 684/684 719/719
f 737/737 1174/1174 685/685
f 1165/1165 654/654 653/653
f 1162/1162 652/652 791/791
f 802/802 1170/1170 655/655
f 1164/1164 653/653 652/652
f 1173/1173 650/650 736/736
f 867/867 1185/1185 1187/1187
f 875/875 1187/1187 1186/1186
f 862/862 1189/1189 876/876
f 880/880 875/875 1186/1186
f 1002/1002 1190/1190 1191/1191
f 878/878 1189/1189 1188/1188
f 870/870 1188/1188 1190/1190
f 872/872 876/876 1189/1189
f 862/862 1193/1193 1192/1192
f 864/864 1186/1186 1193/1193
f 1212/1212 1211/1211 1209/1209
f 1214/1214 1207/1207 1211/1211
f 1221/1221 1219/1219 1217/1217
f 1223/1223 1215/1215 1219/1219
f 1216/1216 1241/1241 1220/1220
f 1220/1220 1240/1240 1218/1218
f 1240/1240 1289/1289 1287/1287
f 1287/1287 408/408 1240/1240
f 1195/1195 1202/1202 1196/1196
f 1196/1196 1200/1200 1194/1194
f 1213/1213 1196/1196 1194/1194
f 1214/1214 1195/1195 1196/1196
f 1227/1227 1277/1277 1276/1276
f 1275/1275 405/405 991/991
f 1225/1225 1238/1238 1226/1226
f 1226/1226 1237/1237 1224/1224
f 1204/1204 1210/1210 1205/1205
f 1205/1205 1206/1206 1203/1203
f 1222/1222 1205/1205 1203/1203
f 1223/1223 1204/1204 1205/1205
f 1225/1225 1201/1201 1197/1197
f 1226/1226 1199/1199 1201/1201
f 1233/1233 1238/1238 1235/1235
f 1235/1235 1236/1236 1231/1231
f 1232/1232 1229/1229 1227/1227
f 1234/1234 1228/1228 1229/1229
f 1256/1256 1262/1262 1258/1258
f 1258/1258 1261/1261 1254/1254
f 1266/1266 1271/1271 1268/1268
f 1268/1268 1270/1270 1264/1264
f 1287/1287 1267/1267 1263/1263
f 1289/1289 1265/1265 1267/1267
f 1245/1245 1244/1244 1243/1243
f 1249/1249 1242/1242 1244/1244
f 1242/1242 1262/1262 1244/1244
f 1244/1244 1260/1260 1243/1243
f 1284/1284 1274/1274 1273/1273
f 1286/1286 1272/1272 1274/1274
f 1257/1257 1253/1253 1252/1252
f 1259/1259 1251/1251 1253/1253
f 1251/1251 1271/1271 1253/1253
f 1253/1253 1269/1269 1252/1252
f 1246/1246 1274/1274 1250/1250
f 1250/1250 1272/1272 1248/1248
f 1285/1285 1283/1283 1281/1281
f 1286/1286 1279/1279 1283/1283
f 1275/1275 1282/1282 1277/1277
f 1277/1277 1278/1278 1276/1276
f 164/164 1327/1327 96/96
f 1296/1296 1291/1291 1293/1293
f 1304/1304 1292/1292 1290/1290
f 1340/1340 1335/1335 1332/1332
f 1305/1305 1293/1293 1291/1291
f 1347/1347 1407/1407 1409/1409
f 1341/1341 1333/1333 1334/1334
f 1333/1333 1276/1276 1395/1395
f 1406/1406 166/166 778/778
f 1394/1394 1332/1332 1335/1335
f 1320/1320 1319/1319 1316/1316
f 1336/1336 1343/1343 1340/1340
f 1321/1321 1317/1317 1318/1318
f 1345/1345 1337/1337 1339/1339
f 1331/1331 1294/1294 1299/1299
f 1328/1328 1297/1297 1295/1295
f 1338/1338 1326/1326 1330/1330
f 1339/1339 1329/1329 1328/1328
f 1346/1346 1323/1323 1320/1320
f 1312/1312 1304/1304 1308/1308
f 1348/1348 1325/1325 1322/1322
f 1309/1309 1302/1302 1313/1313
f 1305/1305 1315/1315 1307/1307
f 1303/1303 1310/1310 1301/1301
f 1319/1319 1300/1300 1316/1316
f 1357/1357 1350/1350 1354/1354
f 1301/1301 1317/1317 1303/1303
f 1364/1364 1353/1353 1367/1367
f 1352/1352 1358/1358 1351/1351
f 1351/1351 1366/1366 1352/1352
f 1400/1400 1394/1394 1405/1405
f 1395/1395 1403/1403 1393/1393
f 1380/1380 1378/1378 1385/1385
f 1379/1379 1384/1384 1377/1377
f 1405/1405 1396/1396 1400/1400
f 1390/1390 1354/1354 1387/1387
f 1398/1398 1402/1402 1397/1397
f 1399/1399 1386/1386 1396/1396
f 1356/1356 1391/1391 1359/1359
f 1406/1406 1385/1385 1408/1408
f 1388/1388 1397/1397 1391/1391
f 1381/1381 1407/1407 1383/1383
f 1374/1374 1364/1364 1367/1367
f 1370/1370 1366/1366 1365/1365
f 1363/1363 1369/1369 1375/1375
f 1378/1378 1360/1360 1363/1363
f 1373/1373 1361/1361 1362/1362
f 1379/1379 1362/1362 1361/1361
f 1290/1290 173/173 1304/1304
f 1293/1293 1200/1200 1296/1296
f 768/768 99/99 156/156
f 1538/1538 1134/1134 562/562
f 869/869 1434/1434 1185/1185
f 1417/1417 1434/1434 1419/1419
f 1428/1428 226/226 101/101
f 1430/1430 1424/1424 1428/1428
f 1416/1416 282/282 256/256
f 1418/1418 1420/1420 1416/1416
f 238/238 1429/1429 102/102
f 1426/1426 1429/1429 1427/1427
f 109/109 1422/1422 106/106
f 1414/1414 1423/1423 1422/1422
f 1131/1131 1515/1515 720/720
f 1420/1420 204/204 282/282
f 1421/1421 1410/1410 1420/1420
f 278/278 1427/1427 238/238
f 1433/1433 1427/1427 1432/1432
f 1424/1424 109/109 226/226
f 1425/1425 1414/1414 1424/1424
f 205/205 1432/1432 278/278
f 1411/1411 1433/1433 1432/1432
f 20/20 1473/1473 29/29
f 1533/1533 1422/1422 1423/1423
f 1454/1454 1450/1450 1448/1448
f 1456/1456 1446/1446 1450/1450
f 1447/1447 1465/1465 1464/1464
f 1449/1449 1463/1463 1465/1465
f 1472/1472 1477/1477 1476/1476
f 1477/1477 1473/1473 1475/1475
f 1460/1460 1456/1456 1454/1454
f 1462/1462 1455/1455 1456/1456
f 1442/1442 1483/1483 1482/1482
f 1444/1444 1481/1481 1483/1483
f 1458/1458 1471/1471 1459/1459
f 1459/1459 1470/1470 1457/1457
f 1443/1443 1462/1462 1460/1460
f 1444/1444 1461/1461 1462/1462
f 1464/1464 1474/1474 1472/1472
f 1465/1465 1473/1473 1474/1474
f 1470/1470 1441/1441 1439/1439
f 1441/1441 1469/1469 1437/1437
f 1478/1478 1440/1440 1436/1436
f 1440/1440 1479/1479 1438/1438
f 1452/1452 1480/1480 1453/1453
f 1453/1453 1478/1478 1451/1451
f 1466/1466 1459/1459 1457/1457
f 1459/1459 1467/1467 1458/1458
f 1451/1451 1477/1477 1453/1453
f 1453/1453 1475/1475 1452/1452
f 1495/1495 1504/1504 1497/1497
f 1497/1497 1503/1503 1493/1493
f 1512/1512 1498/1498 1513/1513
f 1513/1513 1494/1494 1511/1511
f 1520/1520 1525/1525 1524/1524
f 1525/1525 1521/1521 1523/1523
f 1502/1502 1510/1510 1504/1504
f 1504/1504 1509/1509 1503/1503
f 1481/1481 1492/1492 1483/1483
f 1483/1483 1491/1491 1482/1482
f 1506/1506 1519/1519 1507/1507
f 1519/1519 1505/1505 1507/1507
f 1514/1514 1534/1534 1533/1533
f 1516/1516 1532/1532 1534/1534
f 1508/1508 1492/1492 1510/1510
f 1510/1510 1490/1490 1509/1509
f 1520/1520 1513/1513 1522/1522
f 1522/1522 1511/1511 1521/1521
f 1487/1487 1519/1519 1489/1489
f 1489/1489 1517/1517 1485/1485
f 1526/1526 1488/1488 1484/1484
f 1488/1488 1527/1527 1486/1486
f 1527/1527 1501/1501 1500/1500
f 1528/1528 1499/1499 1501/1501
f 1505/1505 1516/1516 1507/1507
f 1507/1507 1514/1514 1506/1506
f 1524/1524 1501/1501 1499/1499
f 1525/1525 1500/1500 1501/1501
f 1466/1466 1531/1531 1468/1468
f 1468/1468 1530/1530 1467/1467
f 1529/1529 1534/1534 1531/1531
f 1534/1534 1532/1532 1551/1551
f 191/191 1438/1438 1479/1479
f 1144/1144 1550/1550 1546/1546
f 1154/1154 1548/1548 1550/1550
f 1094/1094 1544/1544 1537/1537
f 1121/1121 1546/1546 1544/1544
f 1145/1145 1542/1542 1548/1548
f 1099/1099 1542/1542 1115/1115
f 1554/1554 1553/1553 1535/1535
f 1535/1535 1553/1553 1093/1093
f 513/513 1552/1552 1535/1535
f 1553/1553 1551/1551 1532/1532
f 1131/1131 1553/1553 1532/1532
f 1552/1552 1554/1554 1535/1535
f 1551/1551 1552/1552 1530/1530
f 1538/1538 554/554 520/520
f 1578/1578 578/578 571/571
f 1580/1580 572/572 578/578
f 1575/1575 571/571 544/544
f 1572/1572 547/547 118/118
f 550/550 1562/1562 527/527
f 1556/1556 544/544 509/509
f 1579/1579 538/538 572/572
f 1574/1574 528/528 538/538
f 188/188 1571/1571 55/55
f 180/180 1569/1569 53/53
f 143/143 1563/1563 90/90
f 59/59 1567/1567 1560/1560
f 82/82 1572/1572 1566/1566
f 103/103 1576/1576 550/550
f 134/134 1566/1566 1567/1567
f 90/90 1564/1564 103/103
f 54/54 1565/1565 143/143
f 1577/1577 510/510 547/547
f 55/55 1555/1555 56/56
f 57/57 1568/1568 180/180
f 58/58 1573/1573 188/188
f 56/56 1558/1558 57/57
f 1877/1877 1930/1930 1934/1934
f 1879/1879 1938/1938 1847/1847
f 1879/1879 1934/1934 1936/1936
f 1694/1694 1829/1829 1801/1801
f 1801/1801 1786/1786 1765/1765
f 1786/1786 1800/1800 1765/1765
f 1846/1846 1883/1883 1878/1878
f 1928/1928 1875/1875 1926/1926
f 1920/1920 1875/1875 1876/1876
f 1890/1890 1923/1923 1867/1867
f 1671/1671 1704/1704 1581/1581
f 1595/1595 1802/1802 1671/1671
f 1766/1766 1696/1696 1802/1802
f 1704/1704 1696/1696 1611/1611
f 1897/1897 1766/1766 1595/1595
f 1672/1672 1764/1764 1594/1594
f 1672/1672 1767/1767 1803/1803
f 1803/1803 1639/1639 1701/1701
f 1803/1803 1631/1631 1764/1764
f 1596/1596 1804/1804 1767/1767
f 1673/1673 1704/1704 1804/1804
f 1804/1804 1611/1611 1703/1703
f 1767/1767 1703/1703 1639/1639
f 1636/1636 1882/1882 1881/1881
f 1884/1884 1695/1695 1634/1634
f 1856/1856 1918/1918 1914/1914
f 1768/1768 1918/1918 1806/1806
f 1805/1805 1610/1610 1695/1695
f 1608/1608 1806/1806 1698/1698
f 1705/1705 1768/1768 1640/1640
f 1925/1925 1892/1892 1637/1637
f 1674/1674 1769/1769 1597/1597
f 1582/1582 1807/1807 1674/1674
f 1707/1707 1699/1699 1807/1807
f 1807/1807 1637/1637 1769/1769
f 1590/1590 1808/1808 1742/1742
f 1675/1675 1770/1770 1808/1808
f 1808/1808 1644/1644 1715/1715
f 1742/1742 1715/1715 1623/1623
f 1598/1598 1809/1809 1770/1770
f 1676/1676 1718/1718 1809/1809
f 1809/1809 1615/1615 1717/1717
f 1770/1770 1717/1717 1644/1644
f 1632/1632 1810/1810 1763/1763
f 1708/1708 1775/1775 1810/1810
f 1810/1810 1665/1665 1771/1771
f 1763/1763 1771/1771 1664/1664
f 1771/1771 1762/1762 1664/1664
f 1665/1665 1811/1811 1771/1771
f 1772/1772 1755/1755 1811/1811
f 1811/1811 1630/1630 1762/1762
f 1774/1774 1772/1772 1665/1665
f 1645/1645 1812/1812 1773/1773
f 1719/1719 1751/1751 1812/1812
f 1813/1813 1660/1660 1772/1772
f 1641/1641 1815/1815 1775/1775
f 1710/1710 1720/1720 1814/1814
f 1814/1814 1645/1645 1773/1773
f 1775/1775 1774/1774 1665/1665
f 1593/1593 1816/1816 1761/1761
f 1677/1677 1776/1776 1816/1816
f 1816/1816 1642/1642 1709/1709
f 1761/1761 1709/1709 1633/1633
f 1599/1599 1818/1818 1776/1776
f 1678/1678 1721/1721 1817/1817
f 1817/1817 1613/1613 1712/1712
f 1776/1776 1713/1713 1642/1642
f 1799/1799 1686/1686 1829/1829
f 1828/1828 1722/1722 1800/1800
f 1748/1748 1647/1647 1627/1627
f 1666/1666 1749/1749 1659/1659
f 1591/1591 1787/1787 1604/1604
f 1911/1911 1666/1666 1778/1778
f 1913/1913 1725/1725 1912/1912
f 1912/1912 1619/1619 1903/1903
f 1910/1910 1658/1658 1904/1904
f 1909/1909 1779/1779 1600/1600
f 1616/1616 1911/1911 1905/1905
f 1911/1911 1648/1648 1913/1913
f 1778/1778 1626/1626 1646/1646
f 1750/1750 1666/1666 1659/1659
f 1592/1592 1779/1779 1748/1748
f 1666/1666 1912/1912 1777/1777
f 1587/1587 1907/1907 1909/1909
f 1729/1729 1906/1906 1907/1907
f 1905/1905 1778/1778 1646/1646
f 1681/1681 1721/1721 1584/1584
f 1601/1601 1820/1820 1681/1681
f 1780/1780 1736/1736 1820/1820
f 1820/1820 1613/1613 1721/1721
f 1682/1682 1780/1780 1601/1601
f 1589/1589 1821/1821 1682/1682
f 1739/1739 1738/1738 1821/1821
f 1821/1821 1653/1653 1780/1780
f 1735/1735 1720/1720 1612/1612
f 1652/1652 1822/1822 1735/1735
f 1784/1784 1781/1781 1822/1822
f 1822/1822 1645/1645 1720/1720
f 1645/1645 1823/1823 1719/1719
f 1781/1781 1782/1782 1823/1823
f 1823/1823 1643/1643 1716/1716
f 1719/1719 1716/1716 1614/1614
f 1667/1667 1824/1824 1782/1782
f 1783/1783 1740/1740 1824/1824
f 1824/1824 1622/1622 1714/1714
f 1782/1782 1714/1714 1643/1643
f 1737/1737 1784/1784 1652/1652
f 1624/1624 1825/1825 1737/1737
f 1741/1741 1783/1783 1825/1825
f 1825/1825 1667/1667 1784/1784
f 1683/1683 1747/1747 1591/1591
f 1602/1602 1826/1826 1683/1683
f 1785/1785 1732/1732 1826/1826
f 1826/1826 1629/1629 1747/1747
f 1684/1684 1785/1785 1602/1602
f 1684/1684 1742/1742 1827/1827
f 1827/1827 1623/1623 1734/1734
f 1827/1827 1651/1651 1785/1785
f 1828/1828 1603/1603 1685/1685
f 1829/1829 1603/1603 1786/1786
f 1777/1777 1903/1903 1657/1657
f 1907/1907 1647/1647 1779/1779
f 1747/1747 1658/1658 1787/1787
f 1777/1777 1628/1628 1749/1749
f 1687/1687 1739/1739 1589/1589
f 1687/1687 1788/1788 1830/1830
f 1830/1830 1656/1656 1744/1744
f 1830/1830 1625/1625 1739/1739
f 1605/1605 1831/1831 1788/1788
f 1688/1688 1748/1748 1831/1831
f 1831/1831 1627/1627 1746/1746
f 1788/1788 1746/1746 1656/1656
f 1743/1743 1741/1741 1624/1624
f 1743/1743 1792/1792 1832/1832
f 1832/1832 1668/1668 1789/1789
f 1832/1832 1654/1654 1741/1741
f 1654/1654 1833/1833 1740/1740
f 1668/1668 1833/1833 1789/1789
f 1790/1790 1733/1733 1833/1833
f 1740/1740 1733/1733 1622/1622
f 1791/1791 1790/1790 1668/1668
f 1659/1659 1834/1834 1791/1791
f 1749/1749 1731/1731 1834/1834
f 1834/1834 1650/1650 1790/1790
f 1655/1655 1835/1835 1792/1792
f 1745/1745 1750/1750 1835/1835
f 1835/1835 1659/1659 1791/1791
f 1792/1792 1791/1791 1668/1668
f 1689/1689 1707/1707 1582/1582
f 1606/1606 1836/1836 1689/1689
f 1793/1793 1758/1758 1836/1836
f 1836/1836 1609/1609 1707/1707
f 1606/1606 1837/1837 1793/1793
f 1690/1690 1761/1761 1837/1837
f 1837/1837 1633/1633 1760/1760
f 1793/1793 1760/1760 1663/1663
f 1757/1757 1706/1706 1608/1608
f 1662/1662 1838/1838 1757/1757
f 1797/1797 1794/1794 1838/1838
f 1838/1838 1640/1640 1706/1706
f 1640/1640 1839/1839 1705/1705
f 1794/1794 1795/1795 1839/1839
f 1839/1839 1638/1638 1702/1702
f 1705/1705 1702/1702 1610/1610
f 1669/1669 1840/1840 1795/1795
f 1664/1664 1840/1840 1796/1796
f 1762/1762 1700/1700 1840/1840
f 1795/1795 1700/1700 1638/1638
f 1759/1759 1797/1797 1662/1662
f 1759/1759 1763/1763 1841/1841
f 1841/1841 1664/1664 1796/1796
f 1841/1841 1669/1669 1797/1797
f 1691/1691 1718/1718 1583/1583
f 1607/1607 1843/1843 1692/1692
f 1798/1798 1754/1754 1843/1843
f 1842/1842 1615/1615 1718/1718
f 1693/1693 1798/1798 1607/1607
f 1594/1594 1844/1844 1693/1693
f 1764/1764 1756/1756 1844/1844
f 1844/1844 1661/1661 1798/1798
f 1902/1902 1958/1958 1873/1873
f 1894/1894 1893/1893 1871/1871
f 1853/1853 1854/1854 1876/1876
f 1852/1852 1876/1876 1875/1875
f 1845/1845 1878/1878 1877/1877
f 1845/1845 1879/1879 1848/1848
f 1855/1855 1880/1880 1881/1881
f 1848/1848 1847/1847 1887/1887
f 1856/1856 1881/1881 1882/1882
f 1636/1636 1806/1806 1882/1882
f 1851/1851 1697/1697 1880/1880
f 1857/1857 1885/1885 1858/1858
f 1858/1858 1883/1883 1849/1849
f 1857/1857 1917/1917 1884/1884
f 1866/1866 1889/1889 1888/1888
f 1866/1866 1890/1890 1865/1865
f 1895/1895 1949/1949 1865/1865
f 1868/1868 1889/1889 1869/1869
f 1872/1872 1891/1891 1868/1868
f 1872/1872 1893/1893 1892/1892
f 1865/1865 1867/1867 1895/1895
f 1870/1870 1896/1896 1897/1897
f 1863/1863 1864/1864 1898/1898
f 1861/1861 1899/1899 1860/1860
f 1860/1860 1896/1896 1862/1862
f 1861/1861 1898/1898 1900/1900
f 1901/1901 1897/1897 1595/1595
f 1670/1670 1730/1730 1588/1588
f 1799/1799 1618/1618 1730/1730
f 1694/1694 1728/1728 1618/1618
f 1801/1801 1649/1649 1728/1728
f 1800/1800 1649/1649 1765/1765
f 1722/1722 1726/1726 1800/1800
f 1819/1819 1621/1621 1722/1722
f 1680/1680 1724/1724 1819/1819
f 1723/1723 1904/1904 1620/1620
f 1585/1585 1910/1910 1723/1723
f 1819/1819 1685/1685 1680/1680
f 1908/1908 1787/1787 1910/1910
f 1924/1924 1697/1697 1928/1928
f 1940/1940 1878/1878 1883/1883
f 1917/1917 1916/1916 1919/1919
f 1916/1916 1918/1918 1919/1919
f 1914/1914 1916/1916 1943/1943
f 1852/1852 1697/1697 1850/1850
f 1769/1769 1859/1859 1597/1597
f 1922/1922 1876/1876 1854/1854
f 1929/1929 1888/1888 1889/1889
f 1917/1917 1768/1768 1805/1805
f 1927/1927 1890/1890 1888/1888
f 1925/1925 1889/1889 1891/1891
f 1769/1769 1892/1892 1893/1893
f 1881/1881 1924/1924 1636/1636
f 1768/1768 1706/1706 1640/1640
f 1932/1932 1883/1883 1885/1885
f 1935/1935 1898/1898 1937/1937
f 1933/1933 1896/1896 1941/1941
f 1931/1931 1900/1900 1935/1935
f 1635/1635 1897/1897 1933/1933
f 1941/1941 1899/1899 1931/1931
f 1939/1939 1898/1898 1864/1864
f 1634/1634 1885/1885 1884/1884
f 1886/1886 1946/1946 1947/1947
f 1853/1853 1944/1944 1946/1946
f 1850/1850 1944/1944 1852/1852
f 1851/1851 1942/1942 1850/1850
f 1855/1855 1948/1948 1851/1851
f 1856/1856 1945/1945 1855/1855
f 1857/1857 1943/1943 1915/1915
f 1944/1944 1848/1848 1946/1946
f 1943/1943 1916/1916 1915/1915
f 1945/1945 1857/1857 1858/1858
f 1942/1942 1845/1845 1944/1944
f 1942/1942 1849/1849 1846/1846
f 1946/1946 1887/1887 1947/1947
f 1948/1948 1858/1858 1849/1849
f 1856/1856 1914/1914 1943/1943
f 1865/1865 1950/1950 1866/1866
f 1950/1950 1869/1869 1866/1866
f 1951/1951 1868/1868 1869/1869
f 1952/1952 1872/1872 1868/1868
f 1872/1872 1953/1953 1871/1871
f 1871/1871 1953/1953 1894/1894
f 1954/1954 1870/1870 1901/1901
f 1955/1955 1870/1870 1954/1954
f 1956/1956 1862/1862 1955/1955
f 1957/1957 1860/1860 1956/1956
f 1863/1863 1957/1957 1958/1958
f 2201/2201 2250/2250 2202/2202
f 2258/2258 2203/2203 2174/2174
f 2203/2203 2254/2254 2201/2201
f 2021/2021 2156/2156 2126/2126
f 2128/2128 2113/2113 2156/2156
f 2127/2127 2113/2113 2092/2092
f 2173/2173 2207/2207 2176/2176
f 2199/2199 2248/2248 2246/2246
f 2240/2240 2199/2199 2246/2246
f 2214/2214 2243/2243 2241/2241
f 2031/2031 1671/1671 1581/1581
f 2129/2129 1595/1595 1671/1671
f 2023/2023 2093/2093 2129/2129
f 2031/2031 2023/2023 2129/2129
f 2220/2220 1595/1595 2093/2093
f 2091/2091 1672/1672 1594/1594
f 1672/1672 2094/2094 1596/1596
f 2130/2130 1990/1990 2094/2094
f 1982/1982 2130/2130 2091/2091
f 1596/1596 2131/2131 1673/1673
f 1673/1673 2031/2031 1581/1581
f 2131/2131 1962/1962 2031/2031
f 2094/2094 2030/2030 2131/2131
f 1987/1987 2205/2205 2206/2206
f 2208/2208 2022/2022 2132/2132
f 2238/2238 2183/2183 2234/2234
f 2133/2133 2206/2206 2238/2238
f 2132/2132 1961/1961 2032/2032
f 2133/2133 1959/1959 2025/2025
f 2095/2095 2032/2032 1991/1991
f 2216/2216 2245/2245 1988/1988
f 2096/2096 1674/1674 1597/1597
f 2134/2134 1582/1582 1674/1674
f 2026/2026 2034/2034 2134/2134
f 1988/1988 2134/2134 2096/2096
f 1590/1590 2135/2135 1675/1675
f 1675/1675 2097/2097 1598/1598
f 2135/2135 1995/1995 2097/2097
f 2069/2069 2042/2042 2135/2135
f 1598/1598 2136/2136 1676/1676
f 1676/1676 2045/2045 1583/1583
f 2136/2136 1966/1966 2045/2045
f 2097/2097 2044/2044 2136/2136
f 1983/1983 2137/2137 2035/2035
f 2035/2035 2102/2102 1992/1992
f 2137/2137 2016/2016 2102/2102
f 2090/2090 2098/2098 2137/2137
f 2089/2089 2098/2098 2015/2015
f 2138/2138 2016/2016 2098/2098
f 2082/2082 2099/2099 2138/2138
f 1981/1981 2138/2138 2089/2089
f 2099/2099 2101/2101 2016/2016
f 2139/2139 1996/1996 2100/2100
f 2078/2078 2046/2046 2139/2139
f 2011/2011 2140/2140 2099/2099
f 1992/1992 2142/2142 2039/2039
f 2037/2037 2047/2047 1963/1963
f 2141/2141 1996/1996 2047/2047
f 2102/2102 2101/2101 2142/2142
f 1593/1593 2143/2143 1677/1677
f 1677/1677 2103/2103 1599/1599
f 2143/2143 1993/1993 2103/2103
f 2088/2088 2036/2036 2143/2143
f 1599/1599 2145/2145 1679/1679
f 1678/1678 2048/2048 1584/1584
f 2144/2144 1964/1964 2048/2048
f 2103/2103 2040/2040 2145/2145
f 1686/1686 2126/2126 2156/2156
f 2049/2049 2155/2155 2127/2127
f 2075/2075 1998/1998 2106/2106
f 2017/2017 2076/2076 2104/2104
f 1604/1604 2074/2074 1591/1591
f 2105/2105 2233/2233 2231/2231
f 2233/2233 2052/2052 1999/1999
f 2232/2232 1970/1970 2052/2052
f 2230/2230 2009/2009 2114/2114
f 1909/1909 2106/2106 2229/2229
f 2231/2231 1967/1967 2227/2227
f 2231/2231 1999/1999 2054/2054
f 1977/1977 2105/2105 1997/1997
f 2077/2077 2017/2017 2105/2105
f 1592/1592 2106/2106 1600/1600
f 2104/2104 2233/2233 2017/2017
f 2229/2229 1587/1587 1909/1909
f 2228/2228 2056/2056 2229/2229
f 2227/2227 2105/2105 2231/2231
f 2048/2048 1681/1681 1584/1584
f 2147/2147 1601/1601 1681/1681
f 2063/2063 2107/2107 2147/2147
f 1964/1964 2147/2147 2048/2048
f 2107/2107 1682/1682 1601/1601
f 2148/2148 1589/1589 1682/1682
f 2065/2065 2066/2066 2148/2148
f 2004/2004 2148/2148 2107/2107
f 2047/2047 2062/2062 1963/1963
f 2149/2149 2003/2003 2062/2062
f 2108/2108 2111/2111 2149/2149
f 1996/1996 2149/2149 2047/2047
f 1996/1996 2150/2150 2108/2108
f 2108/2108 2109/2109 2018/2018
f 2150/2150 1994/1994 2109/2109
f 2046/2046 2043/2043 2150/2150
f 2018/2018 2151/2151 2110/2110
f 2110/2110 2067/2067 2005/2005
f 2151/2151 1973/1973 2067/2067
f 2109/2109 2041/2041 2151/2151
f 2111/2111 2064/2064 2003/2003
f 2152/2152 1975/1975 2064/2064
f 2110/2110 2068/2068 2152/2152
f 2018/2018 2152/2152 2111/2111
f 2074/2074 1683/1683 1591/1591
f 2153/2153 1602/1602 1683/1683
f 2059/2059 2112/2112 2153/2153
f 1980/1980 2153/2153 2074/2074
f 2112/2112 1684/1684 1602/1602
f 1684/1684 2069/2069 1590/1590
f 2154/2154 1974/1974 2069/2069
f 2002/2002 2154/2154 2112/2112
f 2155/2155 1603/1603 2113/2113
f 1603/1603 2156/2156 2113/2113
f 2008/2008 2232/2232 2104/2104
f 2229/2229 1998/1998 2228/2228
f 2114/2114 1980/1980 2074/2074
f 1979/1979 2104/2104 2076/2076
f 2066/2066 1687/1687 1589/1589
f 1687/1687 2115/2115 1605/1605
f 2157/2157 2007/2007 2115/2115
f 1976/1976 2157/2157 2066/2066
f 1605/1605 2158/2158 1688/1688
f 1688/1688 2075/2075 1592/1592
f 2158/2158 1978/1978 2075/2075
f 2115/2115 2073/2073 2158/2158
f 2068/2068 2070/2070 1975/1975
f 2070/2070 2119/2119 2006/2006
f 2159/2159 2019/2019 2119/2119
f 2005/2005 2159/2159 2068/2068
f 2005/2005 2160/2160 2116/2116
f 2160/2160 2019/2019 2116/2116
f 2060/2060 2117/2117 2160/2160
f 2067/2067 2060/2060 2160/2160
f 2117/2117 2118/2118 2019/2019
f 2161/2161 2010/2010 2118/2118
f 2058/2058 2076/2076 2161/2161
f 2001/2001 2161/2161 2117/2117
f 2006/2006 2162/2162 2072/2072
f 2072/2072 2077/2077 1977/1977
f 2162/2162 2010/2010 2077/2077
f 2119/2119 2118/2118 2162/2162
f 2034/2034 1689/1689 1582/1582
f 2163/2163 1606/1606 1689/1689
f 2085/2085 2120/2120 2163/2163
f 1960/1960 2163/2163 2034/2034
f 1606/1606 2164/2164 1690/1690
f 1690/1690 2088/2088 1593/1593
f 2164/2164 1984/1984 2088/2088
f 2120/2120 2087/2087 2164/2164
f 2033/2033 2084/2084 1959/1959
f 2165/2165 2013/2013 2084/2084
f 2121/2121 2124/2124 2165/2165
f 1991/1991 2165/2165 2033/2033
f 1991/1991 2166/2166 2121/2121
f 2121/2121 2122/2122 2020/2020
f 2166/2166 1989/1989 2122/2122
f 2032/2032 2029/2029 2166/2166
f 2020/2020 2167/2167 2123/2123
f 2167/2167 2015/2015 2123/2123
f 2027/2027 2089/2089 2167/2167
f 2122/2122 2027/2027 2167/2167
f 2124/2124 2086/2086 2013/2013
f 2086/2086 2090/2090 1983/1983
f 2168/2168 2015/2015 2090/2090
f 2020/2020 2168/2168 2124/2124
f 2045/2045 1691/1691 1583/1583
f 2170/2170 1607/1607 1692/1692
f 2081/2081 2125/2125 2170/2170
f 1966/1966 2169/2169 2045/2045
f 2125/2125 1693/1693 1607/1607
f 2171/2171 1594/1594 1693/1693
f 2083/2083 2091/2091 2171/2171
f 2012/2012 2171/2171 2125/2125
f 2224/2224 1958/1958 2189/2189
f 1894/1894 2217/2217 1859/1859
f 2180/2180 2181/2181 2210/2210
f 2179/2179 2200/2200 2180/2180
f 2172/2172 2202/2202 2173/2173
f 2203/2203 2172/2172 2175/2175
f 2182/2182 2204/2204 2178/2178
f 2174/2174 2175/2175 2211/2211
f 2183/2183 2205/2205 2182/2182
f 2133/2133 1987/1987 2206/2206
f 2178/2178 2024/2024 2177/2177
f 2209/2209 2184/2184 2185/2185
f 2207/2207 2185/2185 2176/2176
f 2184/2184 2237/2237 2235/2235
f 2192/2192 2213/2213 2195/2195
f 2214/2214 2192/2192 2191/2191
f 2218/2218 1949/1949 1874/1874
f 2213/2213 2194/2194 2195/2195
f 2215/2215 2198/2198 2194/2194
f 2198/2198 2217/2217 2197/2197
f 2193/2193 2191/2191 2218/2218
f 2196/2196 2219/2219 2188/2188
f 2189/2189 2190/2190 2224/2224
f 2222/2222 2187/2187 2186/2186
f 2219/2219 2186/2186 2188/2188
f 2187/2187 2221/2221 2189/2189
f 1901/1901 2220/2220 2196/2196
f 1670/1670 2057/2057 2126/2126
f 2126/2126 1969/1969 2021/2021
f 2021/2021 2055/2055 2128/2128
f 2128/2128 2000/2000 2092/2092
f 2092/2092 2053/2053 2127/2127
f 2053/2053 2049/2049 2127/2127
f 1972/1972 2146/2146 2049/2049
f 2146/2146 1586/1586 1680/1680
f 2050/2050 2226/2226 2230/2230
f 1585/1585 2230/2230 1908/1908
f 2146/2146 1685/1685 2155/2155
f 1908/1908 2114/2114 1604/1604
f 2024/2024 2244/2244 2248/2248
f 2260/2260 2202/2202 2250/2250
f 2237/2237 2236/2236 2235/2235
f 2238/2238 2236/2236 2239/2239
f 2234/2234 2263/2263 2236/2236
f 2024/2024 2179/2179 2177/2177
f 1859/1859 2096/2096 1597/1597
f 2242/2242 2200/2200 2240/2240
f 2212/2212 2249/2249 2213/2213
f 2237/2237 2208/2208 2132/2132
f 2247/2247 2214/2214 2241/2241
f 2213/2213 2245/2245 2215/2215
f 2216/2216 2096/2096 2217/2217
f 2244/2244 2205/2205 1987/1987
f 2033/2033 2095/2095 1991/1991
f 2252/2252 2207/2207 2260/2260
f 2221/2221 2255/2255 2257/2257
f 2219/2219 2253/2253 2261/2261
f 2223/2223 2251/2251 2255/2255
f 2220/2220 1986/1986 2253/2253
f 2222/2222 2261/2261 2251/2251
f 2259/2259 2221/2221 2257/2257
f 2209/2209 1985/1985 2208/2208
f 2210/2210 2266/2266 2180/2180
f 2180/2180 2264/2264 2179/2179
f 2264/2264 2177/2177 2179/2179
f 2262/2262 2178/2178 2177/2177
f 2268/2268 2182/2182 2178/2178
f 2265/2265 2183/2183 2182/2182
f 2184/2184 2235/2235 2263/2263
f 2175/2175 2264/2264 2266/2266
f 2263/2263 2235/2235 2236/2236
f 2265/2265 2184/2184 2263/2263
f 2172/2172 2262/2262 2264/2264
f 2262/2262 2176/2176 2268/2268
f 2211/2211 2266/2266 2267/2267
f 2268/2268 2185/2185 2265/2265
f 2183/2183 2263/2263 2234/2234
f 2191/2191 1950/1950 1949/1949
f 2195/2195 1950/1950 2192/2192
f 2194/2194 1951/1951 2195/2195
f 2198/2198 1952/1952 2194/2194
f 2198/2198 2197/2197 1953/1953
f 2197/2197 1894/1894 1953/1953
f 1954/1954 1901/1901 2196/2196
f 1955/1955 2196/2196 2188/2188
f 1956/1956 2188/2188 2186/2186
f 1957/1957 2186/2186 2187/2187
f 1957/1957 2189/2189 1958/1958
f 2237/2237 2095/2095 2239/2239
f 2095/2095 2238/2238 2239/2239
f 1884/1884 1917/1917 1805/1805
f 1882/1882 1806/1806 1918/1918
f 2328/2328 2276/2276 2319/2319
f 2330/2330 2287/2287 2322/2322
f 2325/2325 2281/2281 2323/2323
f 2332/2332 2272/2272 2318/2318
f 2296/2296 2315/2315 2316/2316
f 2315/2315 2273/2273 2311/2311
f 2299/2299 2325/2325 2327/2327
f 2271/2271 2326/2326 2317/2317
f 2286/2286 2327/2327 2321/2321
f 2278/2278 2316/2316 2313/2313
f 2326/2326 2295/2295 2328/2328
f 2288/2288 2308/2308 2300/2300
f 2307/2307 2283/2283 2294/2294
f 2308/2308 2294/2294 2300/2300
f 2282/2282 2329/2329 2324/2324
f 2312/2312 2330/2330 2331/2331
f 2277/2277 2331/2331 2320/2320
f 2313/2313 2308/2308 2303/2303
f 2315/2315 2306/2306 2307/2307
f 2316/2316 2307/2307 2308/2308
f 2305/2305 2332/2332 2329/2329
f 2329/2329 2314/2314 2304/2304
f 2320/2320 2309/2309 2275/2275
f 2309/2309 2330/2330 2301/2301
f 2324/2324 2304/2304 2280/2280
f 2289/2289 2328/2328 2298/2298
f 2321/2321 2297/2297 2284/2284
f 2317/2317 2289/2289 2269/2269
f 2327/2327 2292/2292 2297/2297
f 2314/2314 2318/2318 2270/2270
f 2292/2292 2323/2323 2279/2279
f 2301/2301 2322/2322 2285/2285
f 2298/2298 2319/2319 2274/2274
f 2359/2359 2384/2384 2392/2392
f 2394/2394 2350/2350 2385/2385
f 2389/2389 2347/2347 2388/2388
f 2396/2396 2337/2337 2382/2382
f 2360/2360 2379/2379 2380/2380
f 2379/2379 2336/2336 2374/2374
f 2391/2391 2358/2358 2389/2389
f 2381/2381 2354/2354 2390/2390
f 2352/2352 2391/2391 2386/2386
f 2342/2342 2380/2380 2377/2377
f 2354/2354 2392/2392 2390/2390
f 2367/2367 2363/2363 2351/2351
f 2371/2371 2345/2345 2357/2357
f 2363/2363 2371/2371 2357/2357
f 2346/2346 2393/2393 2387/2387
f 2376/2376 2394/2394 2395/2395
f 2340/2340 2395/2395 2383/2383
f 2377/2377 2372/2372 2367/2367
f 2379/2379 2369/2369 2371/2371
f 2372/2372 2379/2379 2371/2371
f 2370/2370 2396/2396 2393/2393
f 2368/2368 2396/2396 2378/2378
f 2383/2383 2373/2373 2338/2338
f 2373/2373 2394/2394 2365/2365
f 2343/2343 2393/2393 2368/2368
f 2353/2353 2392/2392 2362/2362
f 2349/2349 2391/2391 2361/2361
f 2381/2381 2353/2353 2333/2333
f 2391/2391 2356/2356 2361/2361
f 2378/2378 2382/2382 2334/2334
f 2389/2389 2344/2344 2356/2356
f 2394/2394 2348/2348 2365/2365
f 2362/2362 2384/2384 2339/2339
f 2405/2405 2409/2409 2416/2416
f 2397/2397 2412/2412 2409/2409
f 2401/2401 2411/2411 2407/2407
f 2400/2400 2410/2410 2412/2412
f 2419/2419 2415/2415 2420/2420
f 2403/2403 2408/2408 2398/2398
f 2399/2399 2408/2408 2411/2411
f 2448/2448 2408/2408 2414/2414
f 2445/2445 2411/2411 2408/2408
f 2447/2447 2418/2418 2455/2455
f 2402/2402 2418/2418 2413/2413
f 2442/2442 2409/2409 2412/2412
f 2442/2442 2410/2410 2438/2438
f 2450/2450 2420/2420 2415/2415
f 2452/2452 2409/2409 2444/2444
f 2433/2433 2427/2427 2435/2435
f 2434/2434 2426/2426 2433/2433
f 2431/2431 2424/2424 2430/2430
f 2432/2432 2434/2434 2436/2436
f 2421/2421 2428/2428 2422/2422
f 2423/2423 2422/2422 2424/2424
f 2433/2433 2423/2423 2434/2434
f 2428/2428 2458/2458 2451/2451
f 2427/2427 2456/2456 2435/2435
f 2428/2428 2443/2443 2422/2422
f 2427/2427 2446/2446 2449/2449
f 2426/2426 2440/2440 2446/2446
f 2422/2422 2441/2441 2424/2424
f 2424/2424 2437/2437 2430/2430
f 2425/2425 2454/2454 2440/2440
f 2439/2439 2407/2407 2411/2411
f 2466/2466 2468/2468 2459/2459
f 2459/2459 2470/2470 2462/2462
f 2401/2401 2469/2469 2461/2461
f 2462/2462 2410/2410 2406/2406
f 2477/2477 2473/2473 2465/2465
f 2467/2467 2463/2463 2460/2460
f 2461/2461 2467/2467 2460/2460
f 2499/2499 2467/2467 2497/2497
f 2497/2497 2469/2469 2491/2491
f 2476/2476 2501/2501 2506/2506
f 2464/2464 2476/2476 2475/2475
f 2494/2494 2468/2468 2496/2496
f 2410/2410 2494/2494 2438/2438
f 2417/2417 2420/2420 2418/2418
f 2503/2503 2478/2478 2508/2508
f 2468/2468 2504/2504 2496/2496
f 2488/2488 2485/2485 2484/2484
f 2489/2489 2484/2484 2483/2483
f 2431/2431 2482/2482 2481/2481
f 2432/2432 2489/2489 2483/2483
f 2476/2476 2508/2508 2478/2478
f 2488/2488 2481/2481 2479/2479
f 2486/2486 2479/2479 2480/2480
f 2480/2480 2481/2481 2482/2482
f 2486/2486 2507/2507 2487/2487
f 2490/2490 2479/2479 2487/2487
f 2505/2505 2485/2485 2490/2490
f 2495/2495 2486/2486 2480/2480
f 2485/2485 2498/2498 2484/2484
f 2484/2484 2492/2492 2483/2483
f 2493/2493 2480/2480 2482/2482
f 2437/2437 2482/2482 2430/2430
f 2483/2483 2454/2454 2432/2432
f 2491/2491 2407/2407 2453/2453
f 2478/2478 2475/2475 2476/2476
f 2423/2423 2436/2436 2434/2434
f 2418/2418 2457/2457 2455/2455
f 2435/2435 2421/2421 2433/2433
f 2456/2456 2429/2429 2435/2435
f 2436/2436 2481/2481 2489/2489
f 2505/2505 2487/2487 2507/2507
f 176/176 1463/1463 1445/1445
f 31/31 178/178 182/182
f 157/157 97/97 4/4
f 116/116 81/81 78/78
f 420/420 18/18 16/16
f 421/421 16/16 10/10
f 177/177 15/15 17/17
f 21/21 22/22 35/35
f 176/176 9/9 15/15
f 150/150 19/19 32/32
f 33/33 191/191 1479/1479
f 123/123 24/24 44/44
f 151/151 27/27 47/47
f 1437/1437 1469/1469 125/125
f 25/25 26/26 46/46
f 21/21 30/30 31/31
f 33/33 20/20 21/21
f 150/150 152/152 28/28
f 153/153 32/32 27/27
f 35/35 153/153 151/151
f 25/25 45/45 189/189
f 1448/1448 37/37 124/124
f 20/20 33/33 1452/1452
f 562/562 719/719 1490/1490
f 45/45 46/46 221/221
f 231/231 189/189 45/45
f 154/154 47/47 222/222
f 126/126 44/44 219/219
f 558/558 508/508 505/505
f 133/133 128/128 483/483
f 132/132 481/481 483/483
f 51/51 52/52 484/484
f 581/581 54/54 143/143
f 586/586 56/56 57/57
f 584/584 591/591 58/58
f 585/585 57/57 180/180
f 589/589 55/55 56/56
f 548/548 122/122 118/118
f 1555/1555 66/66 63/63
f 1559/1559 64/64 187/187
f 1558/1558 63/63 181/181
f 1571/1571 62/62 66/66
f 534/534 536/536 532/532
f 817/817 890/890 1433/1433
f 144/144 61/61 476/476
f 560/560 516/516 1557/1557
f 1570/1570 61/61 144/144
f 66/66 491/491 492/492
f 187/187 64/64 489/489
f 63/63 492/492 69/69
f 62/62 493/493 491/491
f 1563/1563 91/91 104/104
f 1567/1567 1566/1566 83/83
f 91/91 92/92 105/105
f 596/596 595/595 82/82
f 145/145 476/476 478/478
f 1458/1458 1467/1467 108/108
f 83/83 89/89 140/140
f 593/593 90/90 103/103
f 133/133 488/488 486/486
f 115/115 80/80 76/76
f 111/111 76/76 81/81
f 127/127 478/478 479/479
f 109/109 74/74 223/223
f 136/136 1455/1455 1461/1461
f 546/546 518/518 507/507
f 106/106 71/71 74/74
f 20/20 29/29 30/30
f 156/156 99/99 87/87
f 163/163 27/27 32/32
f 88/88 165/165 169/169
f 159/159 5/5 98/98
f 165/165 88/88 100/100
f 166/166 100/100 712/712
f 447/447 448/448 84/84
f 838/838 721/721 1415/1415
f 498/498 496/496 77/77
f 998/998 412/412 418/418
f 114/114 110/110 75/75
f 561/561 505/505 522/522
f 556/556 549/549 522/522
f 81/81 133/133 130/130
f 602/602 590/590 103/103
f 104/104 105/105 553/553
f 1564/1564 104/104 559/559
f 1566/1566 1572/1572 118/118
f 582/582 117/117 82/82
f 92/92 75/75 110/110
f 29/29 1473/1473 1463/1463
f 83/83 118/118 122/122
f 135/135 140/140 490/490
f 227/227 167/167 138/138
f 562/562 1481/1481 1443/1443
f 47/47 94/94 224/224
f 105/105 110/110 552/552
f 592/592 596/596 134/134
f 1560/1560 1567/1567 135/135
f 1565/1565 144/144 91/91
f 144/144 145/145 92/92
f 594/594 143/143 90/90
f 80/80 132/132 128/128
f 81/81 76/76 128/128
f 552/552 555/555 524/524
f 74/74 126/126 229/229
f 1460/1460 72/72 107/107
f 496/496 497/497 112/112
f 71/71 123/123 126/126
f 68/68 67/67 447/447
f 155/155 87/87 97/97
f 446/446 155/155 157/157
f 1028/1028 445/445 174/174
f 156/156 155/155 446/446
f 46/46 154/154 230/230
f 22/22 31/31 152/152
f 26/26 151/151 154/154
f 22/22 150/150 153/153
f 420/420 157/157 147/147
f 178/178 17/17 146/146
f 228/228 120/120 167/167
f 1028/1028 768/768 156/156
f 170/170 32/32 19/19
f 160/160 172/172 19/19
f 175/175 447/447 67/67
f 458/458 448/448 447/447
f 1046/1046 1033/1033 450/450
f 181/181 69/69 475/475
f 1568/1568 181/181 60/60
f 583/583 180/180 53/53
f 84/84 1461/1461 1442/1442
f 30/30 177/177 178/178
f 448/448 421/421 136/136
f 152/152 182/182 183/183
f 3/3 183/183 182/182
f 28/28 183/183 158/158
f 94/94 47/47 27/27
f 584/584 188/188 55/55
f 218/218 43/43 189/189
f 1573/1573 187/187 62/62
f 62/62 187/187 70/70
f 176/176 177/177 30/30
f 23/23 191/191 189/189
f 34/34 35/35 26/26
f 34/34 25/25 191/191
f 270/270 198/198 200/200
f 276/276 271/271 211/211
f 272/272 214/214 208/208
f 278/278 276/276 203/203
f 271/271 273/273 197/197
f 277/277 208/208 192/192
f 274/274 216/216 197/197
f 1004/1004 418/418 415/415
f 280/280 279/279 192/192
f 275/275 200/200 216/216
f 1005/1005 419/419 413/413
f 281/281 206/206 214/214
f 6/6 218/218 231/231
f 228/228 227/227 184/184
f 221/221 230/230 148/148
f 223/223 229/229 141/141
f 222/222 224/224 137/137
f 184/184 227/227 225/225
f 890/890 850/850 1426/1426
f 226/226 223/223 85/85
f 229/229 219/219 7/7
f 230/230 222/222 1/1
f 185/185 231/231 220/220
f 220/220 221/221 11/11
f 12/12 149/149 242/242
f 121/121 243/243 237/237
f 1003/1003 417/417 419/419
f 14/14 232/232 241/241
f 149/149 2/2 240/240
f 186/186 241/241 239/239
f 2/2 139/139 236/236
f 142/142 8/8 239/239
f 102/102 86/86 234/234
f 168/168 237/237 236/236
f 86/86 142/142 235/235
f 12/12 233/233 232/232
f 270/270 280/280 212/212
f 409/409 414/414 1000/1000
f 284/284 253/253 269/269
f 286/286 262/262 254/254
f 285/285 254/254 256/256
f 283/283 269/269 247/247
f 290/290 291/291 267/267
f 293/293 265/265 251/251
f 289/289 248/248 262/262
f 292/292 251/251 253/253
f 293/293 294/294 244/244
f 295/295 290/290 261/261
f 291/291 287/287 259/259
f 233/233 242/242 280/280
f 243/243 281/281 272/272
f 894/894 816/816 1412/1412
f 232/232 275/275 274/274
f 242/242 240/240 279/279
f 1541/1541 1539/1539 519/519
f 241/241 274/274 273/273
f 236/236 277/277 279/279
f 235/235 239/239 273/273
f 238/238 234/234 276/276
f 237/237 272/272 277/277
f 234/234 235/235 271/271
f 233/233 270/270 275/275
f 215/215 207/207 287/287
f 194/194 209/209 290/290
f 213/213 193/193 294/294
f 199/199 292/292 284/284
f 196/196 289/289 286/286
f 213/213 293/293 292/292
f 209/209 215/215 291/291
f 217/217 283/283 288/288
f 1467/1467 1530/1530 551/551
f 202/202 285/285 282/282
f 210/210 286/286 285/285
f 201/201 284/284 283/283
f 1415/1415 721/721 718/718
f 319/319 337/337 333/333
f 321/321 296/296 329/329
f 302/302 331/331 335/335
f 373/373 359/359 357/357
f 375/375 352/352 350/350
f 382/382 356/356 354/354
f 383/383 348/348 346/346
f 378/378 354/354 352/352
f 379/379 357/357 356/356
f 380/380 346/346 343/343
f 381/381 350/350 348/348
f 314/314 334/334 332/332
f 300/300 323/323 339/339
f 304/304 332/332 336/336
f 326/326 300/300 330/330
f 302/302 327/327 341/341
f 384/384 345/345 347/347
f 386/386 349/349 351/351
f 389/389 388/388 353/353
f 391/391 390/390 358/358
f 388/388 387/387 351/351
f 390/390 389/389 355/355
f 392/392 342/342 345/345
f 385/385 347/347 349/349
f 325/325 372/372 366/366
f 322/322 371/371 367/367
f 317/317 370/370 364/364
f 313/313 369/369 365/365
f 299/299 366/366 371/371
f 303/303 364/364 369/369
f 301/301 365/365 372/372
f 305/305 362/362 370/370
f 372/372 381/381 383/383
f 371/371 380/380 376/376
f 370/370 379/379 382/382
f 369/369 378/378 375/375
f 366/366 383/383 380/380
f 364/364 382/382 378/378
f 365/365 375/375 381/381
f 362/362 373/373 379/379
f 324/324 384/384 385/385
f 328/328 386/386 387/387
f 311/311 316/316 388/388
f 312/312 320/320 390/390
f 316/316 310/310 387/387
f 320/320 311/311 389/389
f 308/308 392/392 384/384
f 309/309 385/385 386/386
f 400/400 401/401 336/336
f 397/397 332/332 334/334
f 396/396 399/399 335/335
f 393/393 331/331 341/341
f 403/403 394/394 340/340
f 404/404 330/330 339/339
f 405/405 406/406 338/338
f 414/414 411/411 997/997
f 1032/1032 786/786 174/174
f 397/397 398/398 1208/1208
f 1197/1197 394/394 403/403
f 1307/1307 1213/1213 1194/1194
f 1316/1316 1300/1300 159/159
f 1218/1218 1240/1240 408/408
f 166/166 1346/1346 1320/1320
f 1340/1340 1332/1332 411/411
f 1209/1209 399/399 396/396
f 165/165 1320/1320 1316/1316
f 393/393 1195/1195 1212/1212
f 393/393 395/395 1198/1198
f 1303/1303 1317/1317 1222/1222
f 403/403 404/404 1236/1236
f 1300/1300 1309/1309 162/162
f 1409/1409 1288/1288 1239/1239
f 1231/1231 1236/1236 404/404
f 397/397 1204/1204 1221/1221
f 850/850 714/714 1431/1431
f 1406/1406 1408/1408 1349/1349
f 95/95 1326/1326 1336/1336
f 1217/1217 401/401 400/400
f 1230/1230 406/406 405/405
f 1334/1334 1333/1333 1395/1395
f 408/408 333/333 337/337
f 997/997 411/411 1332/1332
f 1315/1315 1207/1207 1213/1213
f 1339/1339 1237/1237 1233/1233
f 1308/1308 1304/1304 173/173
f 1351/1351 1358/1358 1245/1245
f 1314/1314 1303/1303 1203/1203
f 207/207 413/413 419/419
f 1295/1295 1199/1199 1224/1224
f 1325/1325 1347/1347 1239/1239
f 1344/1344 1232/1232 1227/1227
f 1328/1328 1224/1224 1237/1237
f 171/171 1290/1290 1294/1294
f 415/415 418/418 281/281
f 93/93 184/184 1336/1336
f 287/287 419/419 417/417
f 410/410 415/415 243/243
f 228/228 414/414 409/409
f 418/418 412/412 206/206
f 93/93 411/411 414/414
f 1324/1324 1215/1215 1222/1222
f 466/466 425/425 442/442
f 175/175 451/451 432/432
f 174/174 457/457 429/429
f 465/465 426/426 425/425
f 448/448 458/458 436/436
f 420/420 421/421 462/462
f 467/467 438/438 440/440
f 468/468 439/439 437/437
f 471/471 435/435 460/460
f 473/473 461/461 433/433
f 471/471 441/441 438/438
f 1008/1008 1046/1046 464/464
f 446/446 420/420 431/431
f 1241/1241 1239/1239 1288/1288
f 463/463 422/422 451/451
f 453/453 427/427 454/454
f 457/457 431/431 454/454
f 458/458 432/432 459/459
f 462/462 436/436 459/459
f 462/462 434/434 427/427
f 464/464 470/470 437/437
f 174/174 445/445 446/446
f 430/430 470/470 464/464
f 435/435 471/471 467/467
f 444/444 473/473 474/474
f 441/441 471/471 472/472
f 455/455 468/468 470/470
f 428/428 467/467 469/469
f 423/423 465/465 466/466
f 452/452 466/466 474/474
f 498/498 129/129 485/485
f 50/50 482/482 480/480
f 49/49 480/480 477/477
f 50/50 51/51 487/487
f 145/145 127/127 75/75
f 75/75 127/127 131/131
f 70/70 489/489 494/494
f 52/52 499/499 494/494
f 500/500 499/499 52/52
f 501/501 500/500 51/51
f 546/546 497/497 122/122
f 140/140 89/89 496/496
f 89/89 122/122 497/497
f 140/140 498/498 495/495
f 69/69 48/48 477/477
f 501/501 50/50 49/49
f 491/491 501/501 502/502
f 491/491 493/493 500/500
f 493/493 70/70 499/499
f 492/492 502/502 48/48
f 1476/1476 39/39 38/38
f 1482/1482 68/68 119/119
f 1478/1478 1436/1436 41/41
f 1469/1469 1458/1458 73/73
f 71/71 1457/1457 1470/1470
f 106/106 1466/1466 1457/1457
f 868/868 894/894 1421/1421
f 1454/1454 124/124 72/72
f 1451/1451 1478/1478 190/190
f 123/123 1470/1470 1439/1439
f 1464/1464 179/179 36/36
f 560/560 117/117 582/582
f 537/537 530/530 532/532
f 1541/1541 535/535 566/566
f 1545/1545 565/565 541/541
f 538/538 528/528 530/530
f 539/539 526/526 1561/1561
f 535/535 519/519 597/597
f 566/566 535/535 599/599
f 574/574 539/539 1574/1574
f 572/572 538/538 537/537
f 1543/1543 541/541 514/514
f 570/570 537/537 536/536
f 517/517 542/542 540/540
f 511/511 543/543 542/542
f 1520/1520 1524/1524 634/634
f 509/509 544/544 543/543
f 515/515 545/545 1575/1575
f 514/514 541/541 600/600
f 563/563 521/521 504/504
f 564/564 504/504 506/506
f 516/516 560/560 601/601
f 518/518 546/546 548/548
f 110/110 114/114 555/555
f 553/553 552/552 533/533
f 1576/1576 559/559 529/529
f 559/559 553/553 531/531
f 602/602 550/550 527/527
f 115/115 111/111 549/549
f 116/116 561/561 549/549
f 497/497 546/546 557/557
f 117/117 560/560 1577/1577
f 512/512 548/548 547/547
f 113/113 558/558 561/561
f 1001/1001 415/415 410/410
f 713/713 838/838 1425/1425
f 563/563 534/534 523/523
f 543/543 569/569 567/567
f 577/577 570/570 568/568
f 1547/1547 566/566 575/575
f 1549/1549 575/575 565/565
f 544/544 571/571 569/569
f 578/578 572/572 570/570
f 545/545 573/573 1578/1578
f 579/579 574/574 1579/1579
f 541/541 565/565 603/603
f 575/575 566/566 604/604
f 565/565 575/575 605/605
f 573/573 579/579 1580/1580
f 571/571 578/578 577/577
f 257/257 606/606 1435/1435
f 569/569 577/577 576/576
f 534/534 563/563 576/576
f 564/564 567/567 576/576
f 567/567 564/564 540/540
f 10/10 1446/1446 1455/1455
f 1472/1472 38/38 179/179
f 1422/1422 1529/1529 1466/1466
f 1476/1476 1451/1451 40/40
f 603/603 605/605 579/579
f 605/605 604/604 574/574
f 600/600 603/603 573/573
f 554/554 602/602 598/598
f 588/588 601/601 551/551
f 587/587 600/600 545/545
f 604/604 599/599 539/539
f 599/599 597/597 526/526
f 551/551 601/601 582/582
f 190/190 584/584 589/589
f 179/179 583/583 580/580
f 124/124 594/594 593/593
f 42/42 125/125 596/596
f 108/108 582/582 595/595
f 554/554 107/107 590/590
f 72/72 593/593 590/590
f 125/125 73/73 595/595
f 40/40 589/589 586/586
f 38/38 585/585 583/583
f 190/190 41/41 591/591
f 39/39 586/586 585/585
f 37/37 581/581 594/594
f 608/608 606/606 257/257
f 263/263 607/607 608/608
f 250/250 264/264 610/610
f 1002/1002 1191/1191 612/612
f 268/268 607/607 263/263
f 611/611 258/258 416/416
f 610/610 260/260 266/266
f 609/609 266/266 258/258
f 264/264 245/245 260/260
f 614/614 252/252 250/250
f 252/252 614/614 607/607
f 1229/1229 1228/1228 1275/1275
f 1496/1496 1512/1512 788/788
f 645/645 764/764 794/794
f 769/769 759/759 618/618
f 724/724 689/689 693/693
f 630/630 632/632 1006/1006
f 624/624 630/630 1007/1007
f 789/789 790/790 631/631
f 649/649 636/636 635/635
f 788/788 789/789 629/629
f 646/646 633/633 762/762
f 684/684 736/736 1503/1503
f 658/658 638/638 735/735
f 661/661 641/641 763/763
f 719/719 684/684 1509/1509
f 660/660 640/640 639/639
f 635/635 636/636 645/645
f 647/647 648/648 635/635
f 762/762 633/633 642/642
f 641/641 646/646 765/765
f 763/763 765/765 649/649
f 801/801 659/659 639/639
f 1500/1500 654/654 802/802
f 634/634 1524/1524 1499/1499
f 1552/1552 513/513 551/551
f 833/833 660/660 659/659
f 843/843 832/832 659/659
f 834/834 661/661 766/766
f 830/830 658/658 738/738
f 1084/1084 1086/1086 1137/1137
f 745/745 1068/1068 1063/1063
f 1063/1063 1061/1061 744/744
f 665/665 1069/1069 1067/1067
f 755/755 667/667 1159/1159
f 671/671 670/670 1165/1165
f 1163/1163 800/800 672/672
f 792/792 671/671 1164/1164
f 670/670 669/669 1168/1168
f 1128/1128 1127/1127 730/730
f 677/677 680/680 670/670
f 799/799 679/679 672/672
f 793/793 677/677 671/671
f 680/680 676/676 669/669
f 1114/1114 1105/1105 1113/1113
f 756/756 757/757 1056/1056
f 1089/1089 1095/1095 1140/1140
f 755/755 756/756 674/674
f 1073/1073 1072/1072 680/680
f 799/799 682/682 1071/1071
f 681/681 1073/1073 677/677
f 1072/1072 1074/1074 676/676
f 715/715 716/716 703/703
f 747/747 695/695 694/694
f 716/716 717/717 704/704
f 1175/1175 746/746 694/694
f 757/757 739/739 1058/1058
f 1512/1512 1520/1520 643/643
f 752/752 701/701 695/695
f 715/715 702/702 1172/1172
f 1065/1065 1068/1068 745/745
f 688/688 692/692 727/727
f 728/728 693/693 688/688
f 1060/1060 1058/1058 739/739
f 835/835 686/686 721/721
f 1508/1508 1502/1502 748/748
f 1087/1087 1097/1097 1126/1126
f 721/721 686/686 683/683
f 634/634 635/635 644/644
f 768/768 767/767 699/699
f 646/646 641/641 775/775
f 700/700 710/710 781/781
f 771/771 781/781 710/710
f 777/777 778/778 712/712
f 696/696 1031/1031 1030/1030
f 742/742 690/690 1077/1077
f 726/726 691/691 687/687
f 1101/1101 1084/1084 1141/1141
f 1136/1136 1104/1104 1101/1101
f 741/741 745/745 693/693
f 1181/1181 1130/1130 715/715
f 1133/1133 717/717 716/716
f 1139/1139 716/716 715/715
f 695/695 730/730 729/729
f 694/694 729/729 1161/1161
f 717/717 722/722 687/687
f 1506/1506 1514/1514 718/718
f 701/701 734/734 730/730
f 1070/1070 752/752 747/747
f 839/839 836/836 749/749
f 1485/1485 1517/1517 735/735
f 837/837 707/707 661/661
f 1132/1132 722/722 717/717
f 1171/1171 673/673 746/746
f 678/678 747/747 746/746
f 702/702 703/703 756/756
f 703/703 704/704 757/757
f 702/702 755/755 1173/1173
f 740/740 744/744 692/692
f 693/693 745/745 740/740
f 1132/1132 1112/1112 1103/1103
f 841/841 738/738 686/686
f 803/803 1526/1526 1484/1484
f 690/690 725/725 1078/1078
f 686/686 738/738 735/735
f 68/68 731/731 1030/1030
f 767/767 769/769 709/709
f 1029/1029 1006/1006 769/769
f 1029/1029 767/767 768/768
f 842/842 766/766 660/660
f 636/636 762/762 764/764
f 766/766 763/763 640/640
f 765/765 762/762 636/636
f 1006/1006 632/632 759/759
f 790/790 794/794 758/758
f 840/840 839/839 779/779
f 633/633 646/646 782/782
f 772/772 642/642 633/633
f 67/67 1030/1030 787/787
f 1030/1030 1031/1031 1041/1041
f 1057/1057 681/681 793/793
f 675/675 793/793 792/792
f 668/668 792/792 1162/1162
f 1491/1491 1508/1508 696/696
f 644/644 645/645 790/790
f 748/748 1007/1007 1031/1031
f 764/764 642/642 795/795
f 794/794 795/795 617/617
f 642/642 772/772 770/770
f 641/641 661/661 707/707
f 669/669 800/800 1163/1163
f 831/831 843/843 801/801
f 676/676 799/799 800/800
f 676/676 1074/1074 682/682
f 644/644 789/789 788/788
f 801/801 803/803 637/637
f 640/640 649/649 648/648
f 803/803 639/639 648/648
f 812/812 810/810 882/882
f 888/888 815/815 823/823
f 820/820 826/826 884/884
f 890/890 817/817 815/815
f 883/883 823/823 809/809
f 804/804 820/820 889/889
f 809/809 828/828 886/886
f 892/892 824/824 804/804
f 828/828 812/812 887/887
f 826/826 818/818 893/893
f 621/621 797/797 843/843
f 796/796 839/839 840/840
f 760/760 842/842 833/833
f 753/753 841/841 835/835
f 750/750 837/837 834/834
f 796/796 706/706 836/836
f 697/697 835/835 838/838
f 620/620 830/830 841/841
f 615/615 834/834 842/842
f 797/797 627/627 832/832
f 625/625 833/833 832/832
f 626/626 845/845 854/854
f 849/849 855/855 733/733
f 853/853 844/844 628/628
f 761/761 854/854 852/852
f 851/851 853/853 798/798
f 616/616 852/852 848/848
f 754/754 847/847 851/851
f 714/714 850/850 846/846
f 848/848 849/849 780/780
f 698/698 846/846 847/847
f 844/844 845/845 626/626
f 882/882 810/810 824/824
f 881/881 865/865 896/896
f 866/866 874/874 898/898
f 868/868 866/866 897/897
f 859/859 881/881 895/895
f 902/902 873/873 879/879
f 863/863 877/877 905/905
f 874/874 860/860 901/901
f 865/865 863/863 904/904
f 905/905 877/877 856/856
f 907/907 858/858 873/873
f 903/903 879/879 871/871
f 845/845 882/882 892/892
f 884/884 893/893 855/855
f 886/886 887/887 844/844
f 854/854 892/892 891/891
f 885/885 886/886 853/853
f 891/891 889/889 848/848
f 847/847 883/883 885/885
f 850/850 890/890 888/888
f 889/889 884/884 849/849
f 846/846 888/888 883/883
f 887/887 882/882 845/845
f 827/827 903/903 899/899
f 806/806 907/907 902/902
f 825/825 905/905 906/906
f 896/896 904/904 811/811
f 898/898 901/901 808/808
f 904/904 905/905 825/825
f 821/821 902/902 903/903
f 900/900 895/895 829/829
f 894/894 897/897 814/814
f 897/897 898/898 822/822
f 895/895 896/896 813/813
f 333/333 938/938 921/921
f 925/925 940/940 329/329
f 936/936 934/934 910/910
f 957/957 361/361 374/374
f 949/949 951/951 965/965
f 953/953 955/955 970/970
f 945/945 947/947 971/971
f 951/951 953/953 966/966
f 955/955 957/957 967/967
f 344/344 945/945 968/968
f 947/947 949/949 969/969
f 935/935 937/937 918/918
f 908/908 933/933 941/941
f 939/939 935/935 912/912
f 930/930 943/943 933/933
f 910/910 934/934 942/942
f 946/946 944/944 972/972
f 950/950 948/948 974/974
f 977/977 954/954 952/952
f 391/391 360/360 956/956
f 976/976 952/952 950/950
f 978/978 956/956 954/954
f 944/944 342/342 392/392
f 948/948 946/946 973/973
f 960/960 964/964 931/931
f 368/368 963/963 927/927
f 958/958 962/962 923/923
f 959/959 961/961 919/919
f 963/963 960/960 909/909
f 961/961 958/958 913/913
f 964/964 959/959 911/911
f 962/962 363/363 307/307
f 971/971 969/969 964/964
f 377/377 968/968 963/963
f 970/970 967/967 962/962
f 965/965 966/966 961/961
f 968/968 971/971 960/960
f 966/966 970/970 958/958
f 969/969 965/965 959/959
f 967/967 374/374 363/363
f 973/973 972/972 928/928
f 975/975 974/974 932/932
f 916/916 977/977 976/976
f 312/312 391/391 978/978
f 920/920 976/976 975/975
f 924/924 978/978 977/977
f 972/972 392/392 308/308
f 974/974 973/973 914/914
f 986/986 935/935 939/939
f 983/983 985/985 937/937
f 982/982 934/934 936/936
f 979/979 980/980 942/942
f 989/989 933/933 943/943
f 990/990 993/993 941/941
f 991/991 329/329 940/940
f 771/771 1360/1360 1376/1376
f 979/979 982/982 1261/1261
f 783/783 776/776 1354/1354
f 785/785 1364/1364 1368/1368
f 1263/1263 987/987 994/994
f 1396/1396 1386/1386 706/706
f 1400/1400 705/705 997/997
f 1254/1254 1261/1261 982/982
f 777/777 781/781 1376/1376
f 1247/1247 980/980 979/979
f 989/989 981/981 1248/1248
f 1255/1255 985/985 983/983
f 989/989 1272/1272 1285/1285
f 774/774 1369/1369 1360/1360
f 1281/1281 993/993 990/990
f 991/991 992/992 1280/1280
f 983/983 986/986 1270/1270
f 705/705 1400/1400 1396/1396
f 1350/1350 1364/1364 785/785
f 1264/1264 1270/1270 986/986
f 1380/1380 1406/1406 778/778
f 1387/1387 1354/1354 776/776
f 994/994 987/987 938/938
f 1370/1370 1365/1365 1260/1260
f 1397/1397 1402/1402 1279/1279
f 1299/1299 1294/1294 1290/1290
f 1361/1361 1252/1252 1269/1269
f 1371/1371 1257/1257 1252/1252
f 819/819 899/899 1005/1005
f 1359/1359 1391/1391 1273/1273
f 1381/1381 1265/1265 1288/1288
f 1365/1365 1351/1351 1243/1243
f 1391/1391 1397/1397 1284/1284
f 1401/1401 1395/1395 1276/1276
f 893/893 1004/1004 1001/1001
f 1382/1382 1379/1379 1269/1269
f 899/899 871/871 1003/1003
f 855/855 1001/1001 996/996
f 995/995 1000/1000 840/840
f 818/818 998/998 1004/1004
f 1000/1000 997/997 705/705
f 1047/1047 1055/1055 1025/1025
f 1015/1015 1034/1034 787/787
f 786/786 1032/1032 1012/1012
f 1009/1009 426/426 465/465
f 1019/1019 1041/1041 1031/1031
f 1006/1006 1036/1036 1045/1045
f 1048/1048 1049/1049 1022/1022
f 1050/1050 1051/1051 1020/1020
f 1052/1052 1053/1053 1043/1043
f 1054/1054 1055/1055 1016/1016
f 1021/1021 1024/1024 1052/1052
f 1014/1014 1006/1006 1029/1029
f 463/463 787/787 1034/1034
f 1037/1037 1010/1010 1036/1036
f 1040/1040 1012/1012 1037/1037
f 1042/1042 1015/1015 1041/1041
f 1045/1045 1017/1017 1042/1042
f 1010/1010 1017/1017 1045/1045
f 1046/1046 1008/1008 1020/1020
f 786/786 1040/1040 1029/1029
f 1046/1046 1051/1051 1013/1013
f 1048/1048 1052/1052 1018/1018
f 1027/1027 1025/1025 1055/1055
f 1024/1024 1026/1026 1053/1053
f 1039/1039 1013/1013 1051/1051
f 1011/1011 1038/1038 1049/1049
f 1047/1047 465/465 423/423
f 1035/1035 1016/1016 1055/1055
f 1066/1066 742/742 1079/1079
f 1062/1062 1064/1064 664/664
f 1059/1059 1062/1062 663/663
f 664/664 1064/1064 1069/1069
f 704/704 687/687 739/739
f 743/743 739/739 687/687
f 1076/1076 1071/1071 682/682
f 666/666 1067/1067 1076/1076
f 1081/1081 665/665 666/666
f 1082/1082 664/664 665/665
f 1126/1126 1128/1128 734/734
f 1079/1079 1077/1077 701/701
f 701/701 1077/1077 1078/1078
f 1075/1075 1079/1079 752/752
f 681/681 1057/1057 1059/1059
f 663/663 664/664 1082/1082
f 1083/1083 1082/1082 1072/1072
f 1072/1072 1082/1082 1081/1081
f 1074/1074 1081/1081 1080/1080
f 662/662 1083/1083 1073/1073
f 652/652 653/653 1523/1523
f 1482/1482 1491/1491 731/731
f 1527/1527 802/802 655/655
f 1518/1518 737/737 685/685
f 1517/1517 1506/1506 683/683
f 685/685 720/720 1515/1515
f 1523/1523 653/653 654/654
f 651/651 791/791 1511/1511
f 1487/1487 656/656 737/737
f 736/736 650/650 1493/1493
f 1180/1180 1161/1161 729/729
f 1113/1113 1111/1111 1117/1117
f 1111/1111 1109/1109 1118/1118
f 1109/1109 1107/1107 1119/1119
f 1177/1177 1099/1099 1115/1115
f 1178/1178 1115/1115 1145/1145
f 1118/1118 1119/1119 1153/1153
f 1117/1117 1118/1118 1151/1151
f 1116/1116 1117/1117 1149/1149
f 1120/1120 1122/1122 1098/1098
f 1122/1122 1123/1123 1092/1092
f 1123/1123 1124/1124 1090/1090
f 1124/1124 1125/1125 1096/1096
f 1167/1167 1179/1179 1121/1121
f 1085/1085 1102/1102 1142/1142
f 1088/1088 1085/1085 1143/1143
f 1180/1180 1140/1140 1095/1095
f 1097/1097 1091/1091 1128/1128
f 722/722 1132/1132 1135/1135
f 1112/1112 1132/1132 1133/1133
f 1108/1108 1139/1139 1130/1130
f 1110/1110 1133/1133 1139/1139
f 1106/1106 1130/1130 1181/1181
f 727/727 1136/1136 1129/1129
f 1129/1129 1141/1141 728/728
f 1138/1138 1126/1126 1078/1078
f 1127/1127 1140/1140 729/729
f 1091/1091 1089/1089 1127/1127
f 1141/1141 1137/1137 724/724
f 1142/1142 1102/1102 1105/1105
f 1146/1146 1148/1148 1123/1123
f 1147/1147 1149/1149 1156/1156
f 1148/1148 1150/1150 1124/1124
f 1149/1149 1151/1151 1157/1157
f 1150/1150 1152/1152 1125/1125
f 1151/1151 1153/1153 1158/1158
f 1182/1182 1144/1144 1121/1121
f 1183/1183 1145/1145 1154/1154
f 1184/1184 1154/1154 1144/1144
f 1157/1157 1158/1158 1152/1152
f 1156/1156 1157/1157 1150/1150
f 1155/1155 1156/1156 1148/1148
f 1114/1114 1147/1147 1155/1155
f 1155/1155 1146/1146 1143/1143
f 1120/1120 1143/1143 1146/1146
f 1502/1502 1495/1495 624/624
f 791/791 652/652 1521/1521
f 1514/1514 1533/1533 1423/1423
f 647/647 1499/1499 1526/1526
f 1158/1158 1184/1184 1182/1182
f 1153/1153 1183/1183 1184/1184
f 1152/1152 1182/1182 1179/1179
f 1176/1176 1181/1181 1134/1134
f 1131/1131 1180/1180 1166/1166
f 1125/1125 1179/1179 1167/1167
f 1119/1119 1178/1178 1183/1183
f 1107/1107 1177/1177 1178/1178
f 1131/1131 720/720 1161/1161
f 1168/1168 1163/1163 802/802
f 1160/1160 1162/1162 791/791
f 1172/1172 1173/1173 736/736
f 656/656 1171/1171 1175/1175
f 1174/1174 1161/1161 720/720
f 1134/1134 1181/1181 1169/1169
f 1169/1169 1172/1172 684/684
f 737/737 1175/1175 1174/1174
f 1165/1165 1168/1168 654/654
f 1162/1162 1164/1164 652/652
f 802/802 1163/1163 1170/1170
f 1164/1164 1165/1165 653/653
f 1173/1173 1159/1159 650/650
f 867/867 869/869 1185/1185
f 875/875 867/867 1187/1187
f 862/862 1192/1192 1189/1189
f 880/880 861/861 875/875
f 1002/1002 870/870 1190/1190
f 878/878 872/872 1189/1189
f 870/870 878/878 1188/1188
f 872/872 857/857 876/876
f 862/862 864/864 1193/1193
f 864/864 880/880 1186/1186
f 1212/1212 1214/1214 1211/1211
f 1214/1214 1213/1213 1207/1207
f 1221/1221 1223/1223 1219/1219
f 1223/1223 1222/1222 1215/1215
f 1216/1216 1239/1239 1241/1241
f 1220/1220 1241/1241 1240/1240
f 1240/1240 1241/1241 1289/1289
f 1287/1287 994/994 408/408
f 1195/1195 1198/1198 1202/1202
f 1196/1196 1202/1202 1200/1200
f 1213/1213 1214/1214 1196/1196
f 1214/1214 1212/1212 1195/1195
f 1227/1227 1229/1229 1277/1277
f 1275/1275 1228/1228 405/405
f 1225/1225 1236/1236 1238/1238
f 1226/1226 1238/1238 1237/1237
f 1204/1204 1208/1208 1210/1210
f 1205/1205 1210/1210 1206/1206
f 1222/1222 1223/1223 1205/1205
f 1223/1223 1221/1221 1204/1204
f 1225/1225 1226/1226 1201/1201
f 1226/1226 1224/1224 1199/1199
f 1233/1233 1237/1237 1238/1238
f 1235/1235 1238/1238 1236/1236
f 1232/1232 1234/1234 1229/1229
f 1234/1234 1230/1230 1228/1228
f 1256/1256 1260/1260 1262/1262
f 1258/1258 1262/1262 1261/1261
f 1266/1266 1269/1269 1271/1271
f 1268/1268 1271/1271 1270/1270
f 1287/1287 1289/1289 1267/1267
f 1289/1289 1288/1288 1265/1265
f 1245/1245 1249/1249 1244/1244
f 1249/1249 1247/1247 1242/1242
f 1242/1242 1261/1261 1262/1262
f 1244/1244 1262/1262 1260/1260
f 1284/1284 1286/1286 1274/1274
f 1286/1286 1285/1285 1272/1272
f 1257/1257 1259/1259 1253/1253
f 1259/1259 1255/1255 1251/1251
f 1251/1251 1270/1270 1271/1271
f 1253/1253 1271/1271 1269/1269
f 1246/1246 1273/1273 1274/1274
f 1250/1250 1274/1274 1272/1272
f 1285/1285 1286/1286 1283/1283
f 1286/1286 1284/1284 1279/1279
f 1275/1275 1280/1280 1282/1282
f 1277/1277 1282/1282 1278/1278
f 164/164 1294/1294 1327/1327
f 1296/1296 1298/1298 1291/1291
f 1304/1304 1306/1306 1292/1292
f 1340/1340 1343/1343 1335/1335
f 1305/1305 1307/1307 1293/1293
f 1347/1347 1348/1348 1407/1407
f 1341/1341 1344/1344 1333/1333
f 1333/1333 1227/1227 1276/1276
f 1406/1406 1346/1346 166/166
f 1394/1394 1392/1392 1332/1332
f 1320/1320 1323/1323 1319/1319
f 1336/1336 1338/1338 1343/1343
f 1321/1321 1324/1324 1317/1317
f 1345/1345 1342/1342 1337/1337
f 1331/1331 1327/1327 1294/1294
f 1328/1328 1329/1329 1297/1297
f 1338/1338 1336/1336 1326/1326
f 1339/1339 1337/1337 1329/1329
f 1346/1346 1349/1349 1323/1323
f 1312/1312 1306/1306 1304/1304
f 1348/1348 1347/1347 1325/1325
f 1309/1309 1300/1300 1302/1302
f 1305/1305 1311/1311 1315/1315
f 1303/1303 1314/1314 1310/1310
f 1319/1319 1302/1302 1300/1300
f 1357/1357 1353/1353 1350/1350
f 1301/1301 1318/1318 1317/1317
f 1364/1364 1350/1350 1353/1353
f 1352/1352 1355/1355 1358/1358
f 1351/1351 1365/1365 1366/1366
f 1400/1400 1392/1392 1394/1394
f 1395/1395 1401/1401 1403/1403
f 1380/1380 1376/1376 1378/1378
f 1379/1379 1382/1382 1384/1384
f 1405/1405 1399/1399 1396/1396
f 1390/1390 1357/1357 1354/1354
f 1398/1398 1404/1404 1402/1402
f 1399/1399 1389/1389 1386/1386
f 1356/1356 1388/1388 1391/1391
f 1406/1406 1380/1380 1385/1385
f 1388/1388 1398/1398 1397/1397
f 1381/1381 1409/1409 1407/1407
f 1374/1374 1368/1368 1364/1364
f 1370/1370 1372/1372 1366/1366
f 1363/1363 1360/1360 1369/1369
f 1378/1378 1376/1376 1360/1360
f 1373/1373 1371/1371 1361/1361
f 1379/1379 1377/1377 1362/1362
f 1290/1290 171/171 173/173
f 1293/1293 1194/1194 1200/1200
f 768/768 711/711 99/99
f 1538/1538 1100/1100 1134/1134
f 869/869 1419/1419 1434/1434
f 1417/1417 1435/1435 1434/1434
f 1428/1428 1424/1424 226/226
f 1430/1430 1425/1425 1424/1424
f 1416/1416 1420/1420 282/282
f 1418/1418 1421/1421 1420/1420
f 238/238 1427/1427 1429/1429
f 1426/1426 1431/1431 1429/1429
f 109/109 1414/1414 1422/1422
f 1414/1414 1415/1415 1423/1423
f 1131/1131 1532/1532 1515/1515
f 1420/1420 1410/1410 204/204
f 1421/1421 1412/1412 1410/1410
f 278/278 1432/1432 1427/1427
f 1433/1433 1426/1426 1427/1427
f 1424/1424 1414/1414 109/109
f 1425/1425 1415/1415 1414/1414
f 205/205 1411/1411 1432/1432
f 1411/1411 1413/1413 1433/1433
f 20/20 1475/1475 1473/1473
f 1533/1533 1529/1529 1422/1422
f 1454/1454 1456/1456 1450/1450
f 1456/1456 1455/1455 1446/1446
f 1447/1447 1449/1449 1465/1465
f 1449/1449 1445/1445 1463/1463
f 1472/1472 1474/1474 1477/1477
f 1477/1477 1474/1474 1473/1473
f 1460/1460 1462/1462 1456/1456
f 1462/1462 1461/1461 1455/1455
f 1442/1442 1444/1444 1483/1483
f 1444/1444 1443/1443 1481/1481
f 1458/1458 1469/1469 1471/1471
f 1459/1459 1471/1471 1470/1470
f 1443/1443 1444/1444 1462/1462
f 1444/1444 1442/1442 1461/1461
f 1464/1464 1465/1465 1474/1474
f 1465/1465 1463/1463 1473/1473
f 1470/1470 1471/1471 1441/1441
f 1441/1441 1471/1471 1469/1469
f 1478/1478 1480/1480 1440/1440
f 1440/1440 1480/1480 1479/1479
f 1452/1452 1479/1479 1480/1480
f 1453/1453 1480/1480 1478/1478
f 1466/1466 1468/1468 1459/1459
f 1459/1459 1468/1468 1467/1467
f 1451/1451 1476/1476 1477/1477
f 1453/1453 1477/1477 1475/1475
f 1495/1495 1502/1502 1504/1504
f 1497/1497 1504/1504 1503/1503
f 1512/1512 1496/1496 1498/1498
f 1513/1513 1498/1498 1494/1494
f 1520/1520 1522/1522 1525/1525
f 1525/1525 1522/1522 1521/1521
f 1502/1502 1508/1508 1510/1510
f 1504/1504 1510/1510 1509/1509
f 1481/1481 1490/1490 1492/1492
f 1483/1483 1492/1492 1491/1491
f 1506/1506 1517/1517 1519/1519
f 1519/1519 1518/1518 1505/1505
f 1514/1514 1516/1516 1534/1534
f 1516/1516 1515/1515 1532/1532
f 1508/1508 1491/1491 1492/1492
f 1510/1510 1492/1492 1490/1490
f 1520/1520 1512/1512 1513/1513
f 1522/1522 1513/1513 1511/1511
f 1487/1487 1518/1518 1519/1519
f 1489/1489 1519/1519 1517/1517
f 1526/1526 1528/1528 1488/1488
f 1488/1488 1528/1528 1527/1527
f 1527/1527 1528/1528 1501/1501
f 1528/1528 1526/1526 1499/1499
f 1505/1505 1515/1515 1516/1516
f 1507/1507 1516/1516 1514/1514
f 1524/1524 1525/1525 1501/1501
f 1525/1525 1523/1523 1500/1500
f 1466/1466 1529/1529 1531/1531
f 1468/1468 1531/1531 1530/1530
f 1529/1529 1533/1533 1534/1534
f 1530/1530 1531/1531 1551/1551
f 1531/1531 1534/1534 1551/1551
f 191/191 23/23 1438/1438
f 1144/1144 1154/1154 1550/1550
f 1154/1154 1145/1145 1548/1548
f 1094/1094 1121/1121 1544/1544
f 1121/1121 1144/1144 1546/1546
f 1145/1145 1115/1115 1542/1542
f 1099/1099 1540/1540 1542/1542
f 1553/1553 1554/1554 1551/1551
f 1131/1131 1093/1093 1553/1553
f 1551/1551 1554/1554 1552/1552
f 1538/1538 562/562 554/554
f 1578/1578 1580/1580 578/578
f 1580/1580 1579/1579 572/572
f 1575/1575 1578/1578 571/571
f 1572/1572 1577/1577 547/547
f 550/550 1576/1576 1562/1562
f 1556/1556 1575/1575 544/544
f 1579/1579 1574/1574 538/538
f 1574/1574 1561/1561 528/528
f 188/188 1573/1573 1571/1571
f 180/180 1568/1568 1569/1569
f 143/143 1565/1565 1563/1563
f 59/59 134/134 1567/1567
f 82/82 117/117 1572/1572
f 103/103 1564/1564 1576/1576
f 134/134 82/82 1566/1566
f 90/90 1563/1563 1564/1564
f 54/54 1570/1570 1565/1565
f 1577/1577 1557/1557 510/510
f 55/55 1571/1571 1555/1555
f 57/57 1558/1558 1568/1568
f 58/58 1559/1559 1573/1573
f 56/56 1555/1555 1558/1558
f 1877/1877 1878/1878 1930/1930
f 1879/1879 1936/1936 1938/1938
f 1879/1879 1877/1877 1934/1934
f 1694/1694 1799/1799 1829/1829
f 1801/1801 1829/1829 1786/1786
f 1786/1786 1828/1828 1800/1800
f 1846/1846 1849/1849 1883/1883
f 1928/1928 1697/1697 1875/1875
f 1920/1920 1926/1926 1875/1875
f 1890/1890 1921/1921 1923/1923
f 1671/1671 1802/1802 1704/1704
f 1595/1595 1766/1766 1802/1802
f 1766/1766 1635/1635 1696/1696
f 1704/1704 1802/1802 1696/1696
f 1672/1672 1803/1803 1764/1764
f 1672/1672 1596/1596 1767/1767
f 1803/1803 1767/1767 1639/1639
f 1803/1803 1701/1701 1631/1631
f 1596/1596 1673/1673 1804/1804
f 1673/1673 1581/1581 1704/1704
f 1804/1804 1704/1704 1611/1611
f 1767/1767 1804/1804 1703/1703
f 1884/1884 1805/1805 1695/1695
f 1856/1856 1882/1882 1918/1918
f 1768/1768 1919/1919 1918/1918
f 1805/1805 1705/1705 1610/1610
f 1608/1608 1706/1706 1806/1806
f 1705/1705 1805/1805 1768/1768
f 1925/1925 1891/1891 1892/1892
f 1674/1674 1807/1807 1769/1769
f 1582/1582 1707/1707 1807/1807
f 1707/1707 1609/1609 1699/1699
f 1807/1807 1699/1699 1637/1637
f 1590/1590 1675/1675 1808/1808
f 1675/1675 1598/1598 1770/1770
f 1808/1808 1770/1770 1644/1644
f 1742/1742 1808/1808 1715/1715
f 1598/1598 1676/1676 1809/1809
f 1676/1676 1583/1583 1718/1718
f 1809/1809 1718/1718 1615/1615
f 1770/1770 1809/1809 1717/1717
f 1632/1632 1708/1708 1810/1810
f 1708/1708 1641/1641 1775/1775
f 1810/1810 1775/1775 1665/1665
f 1763/1763 1810/1810 1771/1771
f 1771/1771 1811/1811 1762/1762
f 1665/1665 1772/1772 1811/1811
f 1772/1772 1660/1660 1755/1755
f 1811/1811 1755/1755 1630/1630
f 1774/1774 1813/1813 1772/1772
f 1645/1645 1719/1719 1812/1812
f 1719/1719 1614/1614 1751/1751
f 1813/1813 1752/1752 1660/1660
f 1641/1641 1711/1711 1815/1815
f 1710/1710 1612/1612 1720/1720
f 1814/1814 1720/1720 1645/1645
f 1775/1775 1815/1815 1774/1774
f 1593/1593 1677/1677 1816/1816
f 1677/1677 1599/1599 1776/1776
f 1816/1816 1776/1776 1642/1642
f 1761/1761 1816/1816 1709/1709
f 1599/1599 1679/1679 1818/1818
f 1678/1678 1584/1584 1721/1721
f 1817/1817 1721/1721 1613/1613
f 1776/1776 1818/1818 1713/1713
f 1799/1799 1670/1670 1686/1686
f 1828/1828 1819/1819 1722/1722
f 1748/1748 1779/1779 1647/1647
f 1666/1666 1777/1777 1749/1749
f 1591/1591 1747/1747 1787/1787
f 1911/1911 1913/1913 1666/1666
f 1913/1913 1648/1648 1725/1725
f 1912/1912 1725/1725 1619/1619
f 1910/1910 1787/1787 1658/1658
f 1909/1909 1907/1907 1779/1779
f 1616/1616 1727/1727 1911/1911
f 1911/1911 1727/1727 1648/1648
f 1778/1778 1750/1750 1626/1626
f 1750/1750 1778/1778 1666/1666
f 1592/1592 1600/1600 1779/1779
f 1666/1666 1913/1913 1912/1912
f 1587/1587 1729/1729 1907/1907
f 1729/1729 1617/1617 1906/1906
f 1905/1905 1911/1911 1778/1778
f 1681/1681 1820/1820 1721/1721
f 1601/1601 1780/1780 1820/1820
f 1780/1780 1653/1653 1736/1736
f 1820/1820 1736/1736 1613/1613
f 1682/1682 1821/1821 1780/1780
f 1589/1589 1739/1739 1821/1821
f 1739/1739 1625/1625 1738/1738
f 1821/1821 1738/1738 1653/1653
f 1735/1735 1822/1822 1720/1720
f 1652/1652 1784/1784 1822/1822
f 1784/1784 1667/1667 1781/1781
f 1822/1822 1781/1781 1645/1645
f 1645/1645 1781/1781 1823/1823
f 1781/1781 1667/1667 1782/1782
f 1823/1823 1782/1782 1643/1643
f 1719/1719 1823/1823 1716/1716
f 1667/1667 1783/1783 1824/1824
f 1783/1783 1654/1654 1740/1740
f 1824/1824 1740/1740 1622/1622
f 1782/1782 1824/1824 1714/1714
f 1737/1737 1825/1825 1784/1784
f 1624/1624 1741/1741 1825/1825
f 1741/1741 1654/1654 1783/1783
f 1825/1825 1783/1783 1667/1667
f 1683/1683 1826/1826 1747/1747
f 1602/1602 1785/1785 1826/1826
f 1785/1785 1651/1651 1732/1732
f 1826/1826 1732/1732 1629/1629
f 1684/1684 1827/1827 1785/1785
f 1684/1684 1590/1590 1742/1742
f 1827/1827 1742/1742 1623/1623
f 1827/1827 1734/1734 1651/1651
f 1828/1828 1786/1786 1603/1603
f 1829/1829 1686/1686 1603/1603
f 1777/1777 1912/1912 1903/1903
f 1907/1907 1906/1906 1647/1647
f 1747/1747 1629/1629 1658/1658
f 1777/1777 1657/1657 1628/1628
f 1687/1687 1830/1830 1739/1739
f 1687/1687 1605/1605 1788/1788
f 1830/1830 1788/1788 1656/1656
f 1830/1830 1744/1744 1625/1625
f 1605/1605 1688/1688 1831/1831
f 1688/1688 1592/1592 1748/1748
f 1831/1831 1748/1748 1627/1627
f 1788/1788 1831/1831 1746/1746
f 1743/1743 1832/1832 1741/1741
f 1743/1743 1655/1655 1792/1792
f 1832/1832 1792/1792 1668/1668
f 1832/1832 1789/1789 1654/1654
f 1654/1654 1789/1789 1833/1833
f 1668/1668 1790/1790 1833/1833
f 1790/1790 1650/1650 1733/1733
f 1740/1740 1833/1833 1733/1733
f 1791/1791 1834/1834 1790/1790
f 1659/1659 1749/1749 1834/1834
f 1749/1749 1628/1628 1731/1731
f 1834/1834 1731/1731 1650/1650
f 1655/1655 1745/1745 1835/1835
f 1745/1745 1626/1626 1750/1750
f 1835/1835 1750/1750 1659/1659
f 1792/1792 1835/1835 1791/1791
f 1689/1689 1836/1836 1707/1707
f 1606/1606 1793/1793 1836/1836
f 1793/1793 1663/1663 1758/1758
f 1836/1836 1758/1758 1609/1609
f 1606/1606 1690/1690 1837/1837
f 1690/1690 1593/1593 1761/1761
f 1837/1837 1761/1761 1633/1633
f 1793/1793 1837/1837 1760/1760
f 1757/1757 1838/1838 1706/1706
f 1662/1662 1797/1797 1838/1838
f 1797/1797 1669/1669 1794/1794
f 1838/1838 1794/1794 1640/1640
f 1640/1640 1794/1794 1839/1839
f 1794/1794 1669/1669 1795/1795
f 1839/1839 1795/1795 1638/1638
f 1705/1705 1839/1839 1702/1702
f 1669/1669 1796/1796 1840/1840
f 1664/1664 1762/1762 1840/1840
f 1762/1762 1630/1630 1700/1700
f 1795/1795 1840/1840 1700/1700
f 1759/1759 1841/1841 1797/1797
f 1759/1759 1632/1632 1763/1763
f 1841/1841 1763/1763 1664/1664
f 1841/1841 1796/1796 1669/1669
f 1691/1691 1842/1842 1718/1718
f 1607/1607 1798/1798 1843/1843
f 1798/1798 1661/1661 1754/1754
f 1842/1842 1753/1753 1615/1615
f 1693/1693 1844/1844 1798/1798
f 1594/1594 1764/1764 1844/1844
f 1764/1764 1631/1631 1756/1756
f 1844/1844 1756/1756 1661/1661
f 1902/1902 1863/1863 1958/1958
f 1894/1894 1859/1859 1893/1893
f 1853/1853 1886/1886 1854/1854
f 1852/1852 1853/1853 1876/1876
f 1845/1845 1846/1846 1878/1878
f 1845/1845 1877/1877 1879/1879
f 1855/1855 1851/1851 1880/1880
f 1848/1848 1879/1879 1847/1847
f 1856/1856 1855/1855 1881/1881
f 1636/1636 1698/1698 1806/1806
f 1851/1851 1850/1850 1697/1697
f 1857/1857 1884/1884 1885/1885
f 1858/1858 1885/1885 1883/1883
f 1857/1857 1915/1915 1917/1917
f 1866/1866 1869/1869 1889/1889
f 1866/1866 1888/1888 1890/1890
f 1895/1895 1874/1874 1949/1949
f 1868/1868 1891/1891 1889/1889
f 1872/1872 1892/1892 1891/1891
f 1872/1872 1871/1871 1893/1893
f 1865/1865 1890/1890 1867/1867
f 1870/1870 1862/1862 1896/1896
f 1863/1863 1902/1902 1864/1864
f 1861/1861 1900/1900 1899/1899
f 1860/1860 1899/1899 1896/1896
f 1861/1861 1863/1863 1898/1898
f 1901/1901 1870/1870 1897/1897
f 1670/1670 1799/1799 1730/1730
f 1799/1799 1694/1694 1618/1618
f 1694/1694 1801/1801 1728/1728
f 1801/1801 1765/1765 1649/1649
f 1800/1800 1726/1726 1649/1649
f 1722/1722 1621/1621 1726/1726
f 1819/1819 1724/1724 1621/1621
f 1680/1680 1586/1586 1724/1724
f 1723/1723 1910/1910 1904/1904
f 1585/1585 1908/1908 1910/1910
f 1819/1819 1828/1828 1685/1685
f 1908/1908 1604/1604 1787/1787
f 1924/1924 1880/1880 1697/1697
f 1940/1940 1930/1930 1878/1878
f 1917/1917 1915/1915 1916/1916
f 1916/1916 1914/1914 1918/1918
f 1852/1852 1875/1875 1697/1697
f 1769/1769 1893/1893 1859/1859
f 1922/1922 1920/1920 1876/1876
f 1929/1929 1927/1927 1888/1888
f 1917/1917 1919/1919 1768/1768
f 1927/1927 1921/1921 1890/1890
f 1925/1925 1929/1929 1889/1889
f 1769/1769 1637/1637 1892/1892
f 1881/1881 1880/1880 1924/1924
f 1768/1768 1806/1806 1706/1706
f 1932/1932 1940/1940 1883/1883
f 1935/1935 1900/1900 1898/1898
f 1933/1933 1897/1897 1896/1896
f 1931/1931 1899/1899 1900/1900
f 1635/1635 1766/1766 1897/1897
f 1941/1941 1896/1896 1899/1899
f 1939/1939 1937/1937 1898/1898
f 1634/1634 1932/1932 1885/1885
f 1886/1886 1853/1853 1946/1946
f 1853/1853 1852/1852 1944/1944
f 1850/1850 1942/1942 1944/1944
f 1851/1851 1948/1948 1942/1942
f 1855/1855 1945/1945 1948/1948
f 1856/1856 1943/1943 1945/1945
f 1944/1944 1845/1845 1848/1848
f 1945/1945 1943/1943 1857/1857
f 1942/1942 1846/1846 1845/1845
f 1942/1942 1948/1948 1849/1849
f 1946/1946 1848/1848 1887/1887
f 1948/1948 1945/1945 1858/1858
f 1865/1865 1949/1949 1950/1950
f 1950/1950 1951/1951 1869/1869
f 1951/1951 1952/1952 1868/1868
f 1952/1952 1953/1953 1872/1872
f 1955/1955 1862/1862 1870/1870
f 1956/1956 1860/1860 1862/1862
f 1957/1957 1861/1861 1860/1860
f 1863/1863 1861/1861 1957/1957
f 2201/2201 2254/2254 2250/2250
f 2258/2258 2256/2256 2203/2203
f 2203/2203 2256/2256 2254/2254
f 2021/2021 2128/2128 2156/2156
f 2128/2128 2092/2092 2113/2113
f 2127/2127 2155/2155 2113/2113
f 2173/2173 2202/2202 2207/2207
f 2199/2199 2024/2024 2248/2248
f 2240/2240 2200/2200 2199/2199
f 2214/2214 2193/2193 2243/2243
f 2031/2031 2129/2129 1671/1671
f 2129/2129 2093/2093 1595/1595
f 2023/2023 1986/1986 2093/2093
f 2031/2031 1962/1962 2023/2023
f 2091/2091 2130/2130 1672/1672
f 1672/1672 2130/2130 2094/2094
f 2130/2130 2028/2028 1990/1990
f 1982/1982 2028/2028 2130/2130
f 1596/1596 2094/2094 2131/2131
f 1673/1673 2131/2131 2031/2031
f 2131/2131 2030/2030 1962/1962
f 2094/2094 1990/1990 2030/2030
f 2208/2208 1985/1985 2022/2022
f 2238/2238 2206/2206 2183/2183
f 2132/2132 2022/2022 1961/1961
f 2133/2133 2033/2033 1959/1959
f 2095/2095 2132/2132 2032/2032
f 2216/2216 2215/2215 2245/2245
f 2096/2096 2134/2134 1674/1674
f 2134/2134 2034/2034 1582/1582
f 2026/2026 1960/1960 2034/2034
f 1988/1988 2026/2026 2134/2134
f 1590/1590 2069/2069 2135/2135
f 1675/1675 2135/2135 2097/2097
f 2135/2135 2042/2042 1995/1995
f 2069/2069 1974/1974 2042/2042
f 1598/1598 2097/2097 2136/2136
f 1676/1676 2136/2136 2045/2045
f 2136/2136 2044/2044 1966/1966
f 2097/2097 1995/1995 2044/2044
f 1983/1983 2090/2090 2137/2137
f 2035/2035 2137/2137 2102/2102
f 2137/2137 2098/2098 2016/2016
f 2090/2090 2015/2015 2098/2098
f 2089/2089 2138/2138 2098/2098
f 2138/2138 2099/2099 2016/2016
f 2082/2082 2011/2011 2099/2099
f 1981/1981 2082/2082 2138/2138
f 2099/2099 2140/2140 2101/2101
f 2139/2139 2046/2046 1996/1996
f 2078/2078 1965/1965 2046/2046
f 2011/2011 2080/2080 2140/2140
f 1992/1992 2102/2102 2142/2142
f 2037/2037 2141/2141 2047/2047
f 2141/2141 2100/2100 1996/1996
f 2102/2102 2016/2016 2101/2101
f 1593/1593 2088/2088 2143/2143
f 1677/1677 2143/2143 2103/2103
f 2143/2143 2036/2036 1993/1993
f 2088/2088 1984/1984 2036/2036
f 1599/1599 2103/2103 2145/2145
f 1678/1678 2144/2144 2048/2048
f 2144/2144 2038/2038 1964/1964
f 2103/2103 1993/1993 2040/2040
f 1686/1686 1670/1670 2126/2126
f 2049/2049 2146/2146 2155/2155
f 2075/2075 1978/1978 1998/1998
f 2017/2017 2010/2010 2076/2076
f 1604/1604 2114/2114 2074/2074
f 2105/2105 2017/2017 2233/2233
f 2233/2233 2232/2232 2052/2052
f 2232/2232 2225/2225 1970/1970
f 2230/2230 2226/2226 2009/2009
f 1909/1909 1600/1600 2106/2106
f 2231/2231 2054/2054 1967/1967
f 2231/2231 2233/2233 1999/1999
f 1977/1977 2077/2077 2105/2105
f 2077/2077 2010/2010 2017/2017
f 1592/1592 2075/2075 2106/2106
f 2104/2104 2232/2232 2233/2233
f 2229/2229 2056/2056 1587/1587
f 2228/2228 1968/1968 2056/2056
f 2227/2227 1997/1997 2105/2105
f 2048/2048 2147/2147 1681/1681
f 2147/2147 2107/2107 1601/1601
f 2063/2063 2004/2004 2107/2107
f 1964/1964 2063/2063 2147/2147
f 2107/2107 2148/2148 1682/1682
f 2148/2148 2066/2066 1589/1589
f 2065/2065 1976/1976 2066/2066
f 2004/2004 2065/2065 2148/2148
f 2047/2047 2149/2149 2062/2062
f 2149/2149 2111/2111 2003/2003
f 2108/2108 2018/2018 2111/2111
f 1996/1996 2108/2108 2149/2149
f 1996/1996 2046/2046 2150/2150
f 2108/2108 2150/2150 2109/2109
f 2150/2150 2043/2043 1994/1994
f 2046/2046 1965/1965 2043/2043
f 2018/2018 2109/2109 2151/2151
f 2110/2110 2151/2151 2067/2067
f 2151/2151 2041/2041 1973/1973
f 2109/2109 1994/1994 2041/2041
f 2111/2111 2152/2152 2064/2064
f 2152/2152 2068/2068 1975/1975
f 2110/2110 2005/2005 2068/2068
f 2018/2018 2110/2110 2152/2152
f 2074/2074 2153/2153 1683/1683
f 2153/2153 2112/2112 1602/1602
f 2059/2059 2002/2002 2112/2112
f 1980/1980 2059/2059 2153/2153
f 2112/2112 2154/2154 1684/1684
f 1684/1684 2154/2154 2069/2069
f 2154/2154 2061/2061 1974/1974
f 2002/2002 2061/2061 2154/2154
f 2155/2155 1685/1685 1603/1603
f 1603/1603 1686/1686 2156/2156
f 2008/2008 2225/2225 2232/2232
f 2229/2229 2106/2106 1998/1998
f 2114/2114 2009/2009 1980/1980
f 1979/1979 2008/2008 2104/2104
f 2066/2066 2157/2157 1687/1687
f 1687/1687 2157/2157 2115/2115
f 2157/2157 2071/2071 2007/2007
f 1976/1976 2071/2071 2157/2157
f 1605/1605 2115/2115 2158/2158
f 1688/1688 2158/2158 2075/2075
f 2158/2158 2073/2073 1978/1978
f 2115/2115 2007/2007 2073/2073
f 2068/2068 2159/2159 2070/2070
f 2070/2070 2159/2159 2119/2119
f 2159/2159 2116/2116 2019/2019
f 2005/2005 2116/2116 2159/2159
f 2005/2005 2067/2067 2160/2160
f 2160/2160 2117/2117 2019/2019
f 2060/2060 2001/2001 2117/2117
f 2067/2067 1973/1973 2060/2060
f 2117/2117 2161/2161 2118/2118
f 2161/2161 2076/2076 2010/2010
f 2058/2058 1979/1979 2076/2076
f 2001/2001 2058/2058 2161/2161
f 2006/2006 2119/2119 2162/2162
f 2072/2072 2162/2162 2077/2077
f 2162/2162 2118/2118 2010/2010
f 2119/2119 2019/2019 2118/2118
f 2034/2034 2163/2163 1689/1689
f 2163/2163 2120/2120 1606/1606
f 2085/2085 2014/2014 2120/2120
f 1960/1960 2085/2085 2163/2163
f 1606/1606 2120/2120 2164/2164
f 1690/1690 2164/2164 2088/2088
f 2164/2164 2087/2087 1984/1984
f 2120/2120 2014/2014 2087/2087
f 2033/2033 2165/2165 2084/2084
f 2165/2165 2124/2124 2013/2013
f 2121/2121 2020/2020 2124/2124
f 1991/1991 2121/2121 2165/2165
f 1991/1991 2032/2032 2166/2166
f 2121/2121 2166/2166 2122/2122
f 2166/2166 2029/2029 1989/1989
f 2032/2032 1961/1961 2029/2029
f 2020/2020 2122/2122 2167/2167
f 2167/2167 2089/2089 2015/2015
f 2027/2027 1981/1981 2089/2089
f 2122/2122 1989/1989 2027/2027
f 2124/2124 2168/2168 2086/2086
f 2086/2086 2168/2168 2090/2090
f 2168/2168 2123/2123 2015/2015
f 2020/2020 2123/2123 2168/2168
f 2045/2045 2169/2169 1691/1691
f 2170/2170 2125/2125 1607/1607
f 2081/2081 2012/2012 2125/2125
f 1966/1966 2079/2079 2169/2169
f 2125/2125 2171/2171 1693/1693
f 2171/2171 2091/2091 1594/1594
f 2083/2083 1982/1982 2091/2091
f 2012/2012 2083/2083 2171/2171
f 2224/2224 1873/1873 1958/1958
f 1894/1894 2197/2197 2217/2217
f 2180/2180 2200/2200 2181/2181
f 2179/2179 2199/2199 2200/2200
f 2172/2172 2201/2201 2202/2202
f 2203/2203 2201/2201 2172/2172
f 2182/2182 2205/2205 2204/2204
f 2174/2174 2203/2203 2175/2175
f 2183/2183 2206/2206 2205/2205
f 2133/2133 2025/2025 1987/1987
f 2178/2178 2204/2204 2024/2024
f 2209/2209 2208/2208 2184/2184
f 2207/2207 2209/2209 2185/2185
f 2184/2184 2208/2208 2237/2237
f 2192/2192 2212/2212 2213/2213
f 2214/2214 2212/2212 2192/2192
f 2218/2218 2191/2191 1949/1949
f 2213/2213 2215/2215 2194/2194
f 2215/2215 2216/2216 2198/2198
f 2198/2198 2216/2216 2217/2217
f 2193/2193 2214/2214 2191/2191
f 2196/2196 2220/2220 2219/2219
f 2189/2189 2221/2221 2190/2190
f 2222/2222 2223/2223 2187/2187
f 2219/2219 2222/2222 2186/2186
f 2187/2187 2223/2223 2221/2221
f 1901/1901 1595/1595 2220/2220
f 1670/1670 1588/1588 2057/2057
f 2126/2126 2057/2057 1969/1969
f 2021/2021 1969/1969 2055/2055
f 2128/2128 2055/2055 2000/2000
f 2092/2092 2000/2000 2053/2053
f 2053/2053 1972/1972 2049/2049
f 1972/1972 2051/2051 2146/2146
f 2146/2146 2051/2051 1586/1586
f 2050/2050 1971/1971 2226/2226
f 1585/1585 2050/2050 2230/2230
f 2146/2146 1680/1680 1685/1685
f 1908/1908 2230/2230 2114/2114
f 2024/2024 2204/2204 2244/2244
f 2260/2260 2207/2207 2202/2202
f 2237/2237 2239/2239 2236/2236
f 2238/2238 2234/2234 2236/2236
f 2024/2024 2199/2199 2179/2179
f 1859/1859 2217/2217 2096/2096
f 2242/2242 2181/2181 2200/2200
f 2212/2212 2247/2247 2249/2249
f 2247/2247 2212/2212 2214/2214
f 2213/2213 2249/2249 2245/2245
f 2216/2216 1988/1988 2096/2096
f 2244/2244 2204/2204 2205/2205
f 2033/2033 2133/2133 2095/2095
f 2252/2252 2209/2209 2207/2207
f 2221/2221 2223/2223 2255/2255
f 2219/2219 2220/2220 2253/2253
f 2223/2223 2222/2222 2251/2251
f 2220/2220 2093/2093 1986/1986
f 2222/2222 2219/2219 2261/2261
f 2259/2259 2190/2190 2221/2221
f 2209/2209 2252/2252 1985/1985
f 2210/2210 2267/2267 2266/2266
f 2180/2180 2266/2266 2264/2264
f 2264/2264 2262/2262 2177/2177
f 2262/2262 2268/2268 2178/2178
f 2268/2268 2265/2265 2182/2182
f 2265/2265 2263/2263 2183/2183
f 2175/2175 2172/2172 2264/2264
f 2265/2265 2185/2185 2184/2184
f 2172/2172 2173/2173 2262/2262
f 2262/2262 2173/2173 2176/2176
f 2211/2211 2175/2175 2266/2266
f 2268/2268 2176/2176 2185/2185
f 2191/2191 2192/2192 1950/1950
f 2195/2195 1951/1951 1950/1950
f 2194/2194 1952/1952 1951/1951
f 2198/2198 1953/1953 1952/1952
f 1955/1955 1954/1954 2196/2196
f 1956/1956 1955/1955 2188/2188
f 1957/1957 1956/1956 2186/2186
f 1957/1957 2187/2187 2189/2189
f 2237/2237 2132/2132 2095/2095
f 2095/2095 2133/2133 2238/2238
f 2328/2328 2295/2295 2276/2276
f 2330/2330 2302/2302 2287/2287
f 2325/2325 2293/2293 2281/2281
f 2332/2332 2310/2310 2272/2272
f 2296/2296 2291/2291 2315/2315
f 2315/2315 2291/2291 2273/2273
f 2299/2299 2293/2293 2325/2325
f 2271/2271 2290/2290 2326/2326
f 2286/2286 2299/2299 2327/2327
f 2278/2278 2296/2296 2316/2316
f 2326/2326 2290/2290 2295/2295
f 2288/2288 2303/2303 2308/2308
f 2307/2307 2306/2306 2283/2283
f 2308/2308 2307/2307 2294/2294
f 2282/2282 2305/2305 2329/2329
f 2312/2312 2302/2302 2330/2330
f 2277/2277 2312/2312 2331/2331
f 2313/2313 2316/2316 2308/2308
f 2315/2315 2311/2311 2306/2306
f 2316/2316 2315/2315 2307/2307
f 2305/2305 2310/2310 2332/2332
f 2329/2329 2332/2332 2314/2314
f 2320/2320 2331/2331 2309/2309
f 2309/2309 2331/2331 2330/2330
f 2324/2324 2329/2329 2304/2304
f 2289/2289 2326/2326 2328/2328
f 2321/2321 2327/2327 2297/2297
f 2317/2317 2326/2326 2289/2289
f 2327/2327 2325/2325 2292/2292
f 2314/2314 2332/2332 2318/2318
f 2292/2292 2325/2325 2323/2323
f 2301/2301 2330/2330 2322/2322
f 2298/2298 2328/2328 2319/2319
f 2359/2359 2341/2341 2384/2384
f 2394/2394 2366/2366 2350/2350
f 2389/2389 2358/2358 2347/2347
f 2396/2396 2375/2375 2337/2337
f 2360/2360 2355/2355 2379/2379
f 2379/2379 2355/2355 2336/2336
f 2391/2391 2364/2364 2358/2358
f 2381/2381 2335/2335 2354/2354
f 2352/2352 2364/2364 2391/2391
f 2342/2342 2360/2360 2380/2380
f 2354/2354 2359/2359 2392/2392
f 2367/2367 2372/2372 2363/2363
f 2371/2371 2369/2369 2345/2345
f 2363/2363 2372/2372 2371/2371
f 2346/2346 2370/2370 2393/2393
f 2376/2376 2366/2366 2394/2394
f 2340/2340 2376/2376 2395/2395
f 2377/2377 2380/2380 2372/2372
f 2379/2379 2374/2374 2369/2369
f 2372/2372 2380/2380 2379/2379
f 2370/2370 2375/2375 2396/2396
f 2368/2368 2393/2393 2396/2396
f 2383/2383 2395/2395 2373/2373
f 2373/2373 2395/2395 2394/2394
f 2343/2343 2387/2387 2393/2393
f 2353/2353 2390/2390 2392/2392
f 2349/2349 2386/2386 2391/2391
f 2381/2381 2390/2390 2353/2353
f 2391/2391 2389/2389 2356/2356
f 2378/2378 2396/2396 2382/2382
f 2389/2389 2388/2388 2344/2344
f 2394/2394 2385/2385 2348/2348
f 2362/2362 2392/2392 2384/2384
f 2405/2405 2397/2397 2409/2409
f 2397/2397 2400/2400 2412/2412
f 2401/2401 2399/2399 2411/2411
f 2400/2400 2406/2406 2410/2410
f 2419/2419 2404/2404 2415/2415
f 2403/2403 2414/2414 2408/2408
f 2399/2399 2398/2398 2408/2408
f 2448/2448 2445/2445 2408/2408
f 2445/2445 2439/2439 2411/2411
f 2447/2447 2413/2413 2418/2418
f 2402/2402 2417/2417 2418/2418
f 2442/2442 2444/2444 2409/2409
f 2442/2442 2412/2412 2410/2410
f 2450/2450 2457/2457 2420/2420
f 2452/2452 2416/2416 2409/2409
f 2433/2433 2426/2426 2427/2427
f 2434/2434 2425/2425 2426/2426
f 2431/2431 2423/2423 2424/2424
f 2432/2432 2425/2425 2434/2434
f 2421/2421 2429/2429 2428/2428
f 2423/2423 2421/2421 2422/2422
f 2433/2433 2421/2421 2423/2423
f 2428/2428 2429/2429 2458/2458
f 2427/2427 2449/2449 2456/2456
f 2428/2428 2451/2451 2443/2443
f 2427/2427 2426/2426 2446/2446
f 2426/2426 2425/2425 2440/2440
f 2422/2422 2443/2443 2441/2441
f 2424/2424 2441/2441 2437/2437
f 2425/2425 2432/2432 2454/2454
f 2439/2439 2453/2453 2407/2407
f 2466/2466 2474/2474 2468/2468
f 2459/2459 2468/2468 2470/2470
f 2401/2401 2407/2407 2469/2469
f 2462/2462 2470/2470 2410/2410
f 2477/2477 2478/2478 2473/2473
f 2467/2467 2471/2471 2463/2463
f 2461/2461 2469/2469 2467/2467
f 2499/2499 2471/2471 2467/2467
f 2497/2497 2467/2467 2469/2469
f 2476/2476 2472/2472 2501/2501
f 2464/2464 2472/2472 2476/2476
f 2494/2494 2470/2470 2468/2468
f 2410/2410 2470/2470 2494/2494
f 2417/2417 2419/2419 2420/2420
f 2503/2503 2473/2473 2478/2478
f 2468/2468 2474/2474 2504/2504
f 2488/2488 2490/2490 2485/2485
f 2489/2489 2488/2488 2484/2484
f 2431/2431 2430/2430 2482/2482
f 2432/2432 2436/2436 2489/2489
f 2476/2476 2506/2506 2508/2508
f 2488/2488 2489/2489 2481/2481
f 2486/2486 2487/2487 2479/2479
f 2480/2480 2479/2479 2481/2481
f 2486/2486 2502/2502 2507/2507
f 2490/2490 2488/2488 2479/2479
f 2505/2505 2500/2500 2485/2485
f 2495/2495 2502/2502 2486/2486
f 2485/2485 2500/2500 2498/2498
f 2484/2484 2498/2498 2492/2492
f 2493/2493 2495/2495 2480/2480
f 2437/2437 2493/2493 2482/2482
f 2483/2483 2492/2492 2454/2454
f 2491/2491 2469/2469 2407/2407
f 2478/2478 2477/2477 2475/2475
f 2423/2423 2431/2431 2436/2436
f 2418/2418 2420/2420 2457/2457
f 2435/2435 2429/2429 2421/2421
f 2456/2456 2458/2458 2429/2429
f 2436/2436 2431/2431 2481/2481
f 2505/2505 2490/2490 2487/2487
