# Exported by prepare_workshop_assets.py
mtllib workshop_stubby_phillips_driver.mtl
usemtl material_workshop_stubby_phillips_driver

v -0.008289 0.012405 0.024438
v -0.008289 0.012405 0.024438
v -0.010550 0.010550 0.024438
v -0.010550 0.010550 0.024438
v -0.012405 0.008289 0.024438
v -0.012405 0.008289 0.024438
v -0.013784 0.005709 0.024438
v -0.013784 0.005709 0.024438
v -0.013570 0.009584 0.024078
v -0.013570 0.009584 0.024078
v -0.011744 0.011744 0.024030
v -0.011744 0.011744 0.024030
v -0.013549 0.009488 0.005010
v -0.013352 0.009349 0.004051
v -0.011696 0.011696 0.005009
v -0.009488 0.013549 0.005010
v -0.011526 0.011526 0.004051
v -0.009349 0.013352 0.004051
v -0.010971 0.010971 0.003099
v -0.012709 0.008899 0.003099
v -0.008899 0.012709 0.003099
v -0.006476 0.014097 0.003099
v -0.008176 0.011677 0.002101
v -0.006024 0.012919 0.002101
v -0.003085 0.013917 0.002101
v 0.000000 0.014255 0.002101
v 0.000000 0.014255 0.002101
v 0.000000 0.014920 0.024438
v 0.000000 0.014920 0.024438
v -0.002911 0.014633 0.024438
v -0.002911 0.014633 0.024438
v -0.009584 0.013570 0.024078
v -0.009584 0.013570 0.024078
v -0.005709 0.013784 0.024438
v -0.005709 0.013784 0.024438
v -0.006415 0.014982 0.004051
v -0.006415 0.014982 0.004051
v 0.000000 0.000000 0.000000
v -0.003450 0.007399 0.000000
v -0.003450 0.007399 0.000000
v -0.004683 0.006687 0.000000
v -0.004683 0.006687 0.000000
v -0.006687 0.004683 0.000000
v -0.006687 0.004683 0.000000
v -0.007399 0.003450 0.000000
v -0.007399 0.003450 0.000000
v -0.007970 0.001767 0.000000
v -0.007970 0.001767 0.000000
v -0.008164 0.000000 0.000000
v -0.008164 0.000000 0.000000
v -0.008164 0.000000 0.000000
v 0.000000 0.008164 0.000000
v 0.000000 0.008164 0.000000
v 0.000000 0.008164 0.000000
v -0.001767 0.007970 0.000000
v -0.001767 0.007970 0.000000
v -0.005773 0.005773 0.000000
v -0.005773 0.005773 0.000000
v -0.014255 0.000000 0.002101
v -0.014255 0.000000 0.002101
v -0.013917 0.003085 0.002101
v -0.012314 0.000000 0.001138
v -0.012314 0.000000 0.001138
v -0.012022 0.002665 0.001138
v -0.009900 0.000000 0.000333
v -0.009900 0.000000 0.000333
v -0.009665 0.002143 0.000333
v -0.008972 0.004184 0.000333
v -0.008110 0.005678 0.000333
v -0.007000 0.007000 0.000333
v -0.005678 0.008110 0.000333
v -0.004184 0.008973 0.000333
v -0.007063 0.010087 0.001138
v -0.008707 0.008707 0.001138
v -0.010087 0.007063 0.001138
v -0.010080 0.010080 0.002101
v -0.011677 0.008176 0.002101
v -0.012919 0.006024 0.002101
v -0.014097 0.006475 0.003099
v -0.014985 0.006407 0.004051
v -0.014985 0.006407 0.004051
v -0.014633 0.002911 0.024438
v -0.014633 0.002911 0.024438
v -0.014920 0.000000 0.024438
v -0.014920 0.000000 0.024438
v -0.014920 0.000000 0.024438
v -0.011160 0.005204 0.001138
v -0.005204 0.011160 0.001138
v -0.002665 0.012022 0.001138
v 0.000000 0.012314 0.001138
v 0.000000 0.012314 0.001138
v 0.000000 0.009900 0.000333
v 0.000000 0.009900 0.000333
v -0.002143 0.009665 0.000333
v -0.014985 0.000000 0.005028
v -0.014982 0.003369 0.005025
v 0.000000 0.014985 0.005028
v -0.003368 0.014982 0.005026
v -0.010446 0.010446 0.025565
v -0.012283 0.008207 0.025565
v -0.005653 0.013648 0.025565
v -0.002882 0.014489 0.025565
v -0.014489 0.002882 0.025565
v -0.013648 0.005653 0.025565
v -0.003866 0.014981 0.003096
v -0.003866 0.014981 0.003096
v 0.000000 0.014984 0.002601
v 0.000000 0.014984 0.002601
v 0.000000 0.014984 0.002601
v -0.003573 0.014995 0.024374
v -0.003573 0.014995 0.024374
v -0.007146 0.014995 0.024212
v -0.007146 0.014995 0.024212
v -0.007146 0.014995 0.024212
v -0.006964 0.015000 0.005006
v -0.006964 0.015000 0.005006
v -0.015000 0.006967 0.005009
v -0.015000 0.006967 0.005009
v -0.014982 0.003866 0.003096
v -0.014982 0.003866 0.003096
v -0.014984 0.000000 0.002601
v -0.014984 0.000000 0.002601
v -0.014984 0.000000 0.002601
v -0.014995 0.007146 0.024212
v -0.014995 0.007146 0.024212
v -0.014995 0.007146 0.024212
v -0.014995 0.003573 0.024374
v -0.014995 0.003573 0.024374
v -0.014995 0.000000 0.024422
v -0.014995 0.000000 0.024422
v -0.014995 0.000000 0.024422
v 0.000000 0.014995 0.024422
v 0.000000 0.014995 0.024422
v -0.014773 0.000000 0.025565
v 0.000000 0.014773 0.025565
v -0.008207 0.012283 0.025565
v -0.008167 0.008167 0.027862
v -0.009603 0.006416 0.027862
v -0.004420 0.010670 0.027862
v -0.002253 0.011327 0.027862
v -0.011327 0.002253 0.027862
v -0.010670 0.004420 0.027862
v -0.011549 0.000000 0.027862
v 0.000000 0.011549 0.027862
v -0.006416 0.009603 0.027862
v -0.007165 0.007165 0.029977
v -0.008425 0.005630 0.029977
v -0.003878 0.009362 0.029977
v -0.001977 0.009938 0.029977
v -0.009938 0.001977 0.029977
v -0.009362 0.003878 0.029977
v -0.010133 0.000000 0.029977
v 0.000000 0.010133 0.029977
v -0.005630 0.008425 0.029977
v -0.006968 0.006968 0.031960
v -0.008193 0.005475 0.031960
v -0.003771 0.009104 0.031960
v -0.001922 0.009665 0.031960
v -0.009665 0.001922 0.031960
v -0.009104 0.003771 0.031960
v -0.009854 0.000000 0.031960
v 0.000000 0.009854 0.031960
v -0.005475 0.008193 0.031960
v -0.007403 0.007403 0.033513
v -0.008705 0.005817 0.033513
v -0.004007 0.009673 0.033513
v -0.002043 0.010269 0.033513
v -0.010269 0.002043 0.033513
v -0.009673 0.004007 0.033513
v -0.010470 0.000000 0.033513
v 0.000000 0.010470 0.033513
v -0.005817 0.008705 0.033513
v -0.008003 0.008003 0.034571
v -0.009410 0.006288 0.034571
v -0.004331 0.010456 0.034571
v -0.002208 0.011100 0.034571
v -0.011100 0.002208 0.034571
v -0.010456 0.004331 0.034571
v -0.011318 0.000000 0.034571
v 0.000000 0.011318 0.034571
v -0.006288 0.009410 0.034571
v -0.007316 0.007316 0.039033
v -0.007316 0.007316 0.039033
v -0.008603 0.005748 0.039033
v -0.008603 0.005748 0.039033
v -0.003960 0.009559 0.039033
v -0.003960 0.009559 0.039033
v -0.002019 0.010148 0.039033
v -0.002019 0.010148 0.039033
v -0.010148 0.002019 0.039033
v -0.010148 0.002019 0.039033
v -0.009559 0.003960 0.039033
v -0.009559 0.003960 0.039033
v -0.010347 0.000000 0.039033
v -0.010347 0.000000 0.039033
v 0.000000 0.010347 0.039033
v 0.000000 0.010347 0.039033
v -0.005748 0.008603 0.039033
v -0.005748 0.008603 0.039033
v -0.006911 0.006911 0.039143
v -0.006911 0.006911 0.039143
v -0.008126 0.005430 0.039143
v -0.008126 0.005430 0.039143
v -0.003740 0.009029 0.039143
v -0.003740 0.009029 0.039143
v -0.001907 0.009585 0.039143
v -0.001907 0.009585 0.039143
v -0.009585 0.001907 0.039143
v -0.009585 0.001907 0.039143
v -0.009029 0.003740 0.039143
v -0.009029 0.003740 0.039143
v -0.009773 0.000000 0.039143
v -0.009773 0.000000 0.039143
v 0.000000 0.009773 0.039143
v 0.000000 0.009773 0.039143
v -0.005430 0.008126 0.039143
v -0.005430 0.008126 0.039143
v -0.005509 0.005509 0.052231
v -0.006478 0.004329 0.052231
v -0.002982 0.007198 0.052231
v -0.001520 0.007641 0.052231
v -0.007641 0.001520 0.052231
v -0.007198 0.002982 0.052231
v -0.007791 0.000000 0.052231
v 0.000000 0.007791 0.052231
v -0.004329 0.006478 0.052231
v -0.005509 0.005509 0.052942
v -0.005509 0.005509 0.052942
v -0.006478 0.004329 0.052942
v -0.006478 0.004329 0.052942
v -0.002982 0.007198 0.052942
v -0.002982 0.007198 0.052942
v -0.001520 0.007641 0.052942
v -0.001520 0.007641 0.052942
v -0.007641 0.001520 0.052942
v -0.007641 0.001520 0.052942
v -0.007198 0.002982 0.052942
v -0.007198 0.002982 0.052942
v -0.007791 0.000000 0.052942
v -0.007791 0.000000 0.052942
v 0.000000 0.007791 0.052942
v 0.000000 0.007791 0.052942
v -0.004329 0.006478 0.052942
v -0.004329 0.006478 0.052942
v -0.008226 0.001636 0.052468
v -0.008226 0.001636 0.052705
v -0.007749 0.003210 0.052705
v -0.007749 0.003210 0.052468
v -0.004660 0.006974 0.052468
v -0.004660 0.006974 0.052705
v -0.003210 0.007749 0.052705
v -0.003210 0.007749 0.052468
v -0.006974 0.004660 0.052468
v -0.006974 0.004660 0.052705
v -0.005931 0.005931 0.052705
v -0.005931 0.005931 0.052468
v -0.001636 0.008226 0.052705
v -0.001636 0.008226 0.052468
v -0.008387 0.000000 0.052468
v -0.008387 0.000000 0.052705
v 0.000000 0.008387 0.052705
v 0.000000 0.008387 0.052468
v -0.002748 0.002748 0.052942
v -0.002748 0.002748 0.052942
v 0.000000 0.003887 0.097505
v 0.000000 0.003887 0.097505
v 0.000000 0.003887 0.097505
v -0.001487 0.003591 0.052942
v -0.001487 0.003591 0.052942
v 0.000000 0.003887 0.052942
v 0.000000 0.003887 0.052942
v -0.003591 0.001487 0.052942
v -0.003591 0.001487 0.052942
v -0.003591 0.001487 0.097505
v -0.003591 0.001487 0.097505
v -0.003887 0.000000 0.052942
v -0.003887 0.000000 0.052942
v -0.002748 0.002748 0.097505
v -0.002748 0.002748 0.097505
v -0.001487 0.003591 0.097505
v -0.001487 0.003591 0.097505
v -0.003887 0.000000 0.097505
v -0.003887 0.000000 0.097505
v 0.000000 0.003887 0.097735
v 0.000000 0.003887 0.097735
v 0.000000 0.003887 0.097735
v -0.003591 0.001487 0.100530
v -0.002486 0.002996 0.100530
v -0.002486 0.002996 0.100530
v -0.001413 0.003596 0.098451
v -0.001413 0.003596 0.098451
v -0.003887 0.000000 0.100530
v -0.003529 0.002532 0.102351
v -0.003529 0.002532 0.102351
v -0.003529 0.002532 0.102351
v -0.003529 0.002532 0.102351
v -0.004225 0.002095 0.103884
v -0.004225 0.002095 0.103884
v -0.004225 0.002095 0.103884
v -0.004225 0.002095 0.103884
v -0.003277 0.000480 0.109867
v -0.003277 0.000480 0.109867
v -0.003277 0.000480 0.109867
v -0.003277 0.000480 0.109867
v -0.003277 0.000480 0.109867
v -0.002958 0.000418 0.110000
v -0.002958 0.000418 0.110000
v -0.002958 0.000418 0.110000
v -0.002958 0.000418 0.110000
v 0.000000 0.000418 0.110000
v 0.000000 0.000418 0.110000
v -0.004648 0.000000 0.102340
v -0.004648 0.000000 0.102340
v -0.004648 0.000000 0.102340
v -0.005078 0.000000 0.103873
v -0.005078 0.000000 0.103873
v -0.005078 0.000000 0.103873
v -0.005078 0.000000 0.103873
v -0.003312 0.000000 0.109856
v -0.003312 0.000000 0.109856
v -0.003312 0.000000 0.109856
v -0.003312 0.000000 0.109856
v -0.003312 0.000000 0.109856
v -0.003312 0.000000 0.109856
v -0.003161 0.000000 0.109989
v -0.003161 0.000000 0.109989
v -0.003161 0.000000 0.109989
v -0.003161 0.000000 0.109989
v -0.003161 0.000000 0.109989
v -0.003161 0.000000 0.109989
v 0.000000 0.003117 0.100535
v 0.000000 0.002626 0.102347
v 0.000000 0.002626 0.102347
v 0.000000 0.002626 0.102347
v 0.000000 0.002208 0.103885
v 0.000000 0.002208 0.103885
v 0.000000 0.002208 0.103885
v 0.000000 0.002208 0.103885
v 0.000000 0.000480 0.109867
v 0.000000 0.000480 0.109867
v 0.000000 0.000480 0.109867
v 0.000000 0.000000 0.109989
v 0.000000 0.000000 0.109989
v 0.000000 0.000000 0.109989
v 0.000000 0.000000 0.109989
v -0.003919 0.001288 0.106876
v -0.003919 0.001288 0.106876
v -0.003919 0.001288 0.106876
v -0.003919 0.001288 0.106876
v -0.003919 0.001288 0.106876
v -0.004363 0.000000 0.106865
v -0.004363 0.000000 0.106865
v -0.004363 0.000000 0.106865
v -0.004363 0.000000 0.106865
v 0.000000 0.001344 0.106876
v 0.000000 0.001344 0.106876
v 0.000000 0.001344 0.106876
v 0.000000 0.001344 0.106876
v -0.004159 0.001691 0.105380
v -0.004159 0.001691 0.105380
v -0.004159 0.001691 0.105380
v -0.004159 0.001691 0.105380
v -0.004808 0.000000 0.105369
v -0.004808 0.000000 0.105369
v -0.004808 0.000000 0.105369
v -0.004808 0.000000 0.105369
v 0.000000 0.001776 0.105381
v 0.000000 0.001776 0.105381
v 0.000000 0.001776 0.105381
v 0.000000 0.001776 0.105381
v 0.008289 0.012405 0.024438
v 0.008289 0.012405 0.024438
v 0.010550 0.010550 0.024438
v 0.010550 0.010550 0.024438
v 0.012405 0.008289 0.024438
v 0.012405 0.008289 0.024438
v 0.013784 0.005709 0.024438
v 0.013784 0.005709 0.024438
v 0.013570 0.009584 0.024078
v 0.013570 0.009584 0.024078
v 0.011744 0.011744 0.024030
v 0.011744 0.011744 0.024030
v 0.013549 0.009488 0.005010
v 0.013352 0.009349 0.004051
v 0.011696 0.011696 0.005009
v 0.009488 0.013549 0.005010
v 0.011526 0.011526 0.004051
v 0.009349 0.013352 0.004051
v 0.010971 0.010971 0.003099
v 0.012709 0.008899 0.003099
v 0.008899 0.012709 0.003099
v 0.006476 0.014097 0.003099
v 0.008176 0.011677 0.002101
v 0.006024 0.012919 0.002101
v 0.003085 0.013917 0.002101
v 0.002911 0.014633 0.024438
v 0.002911 0.014633 0.024438
v 0.009584 0.013570 0.024078
v 0.009584 0.013570 0.024078
v 0.005709 0.013784 0.024438
v 0.005709 0.013784 0.024438
v 0.006415 0.014982 0.004051
v 0.006415 0.014982 0.004051
v 0.003450 0.007399 0.000000
v 0.003450 0.007399 0.000000
v 0.004683 0.006687 0.000000
v 0.004683 0.006687 0.000000
v 0.006687 0.004683 0.000000
v 0.006687 0.004683 0.000000
v 0.007399 0.003450 0.000000
v 0.007399 0.003450 0.000000
v 0.007970 0.001767 0.000000
v 0.007970 0.001767 0.000000
v 0.008164 0.000000 0.000000
v 0.008164 0.000000 0.000000
v 0.008164 0.000000 0.000000
v 0.001767 0.007970 0.000000
v 0.001767 0.007970 0.000000
v 0.005773 0.005773 0.000000
v 0.005773 0.005773 0.000000
v 0.014255 0.000000 0.002101
v 0.014255 0.000000 0.002101
v 0.013917 0.003085 0.002101
v 0.012314 0.000000 0.001138
v 0.012314 0.000000 0.001138
v 0.012022 0.002665 0.001138
v 0.009900 0.000000 0.000333
v 0.009900 0.000000 0.000333
v 0.009665 0.002143 0.000333
v 0.008972 0.004184 0.000333
v 0.008110 0.005678 0.000333
v 0.007000 0.007000 0.000333
v 0.005678 0.008110 0.000333
v 0.004184 0.008973 0.000333
v 0.007063 0.010087 0.001138
v 0.008707 0.008707 0.001138
v 0.010087 0.007063 0.001138
v 0.010080 0.010080 0.002101
v 0.011677 0.008176 0.002101
v 0.012919 0.006024 0.002101
v 0.014097 0.006475 0.003099
v 0.014985 0.006407 0.004051
v 0.014985 0.006407 0.004051
v 0.014633 0.002911 0.024438
v 0.014633 0.002911 0.024438
v 0.014920 0.000000 0.024438
v 0.014920 0.000000 0.024438
v 0.011160 0.005204 0.001138
v 0.005204 0.011160 0.001138
v 0.002665 0.012022 0.001138
v 0.002143 0.009665 0.000333
v 0.014985 0.000000 0.005028
v 0.014982 0.003369 0.005025
v 0.003368 0.014982 0.005026
v 0.010446 0.010446 0.025565
v 0.012283 0.008207 0.025565
v 0.005653 0.013648 0.025565
v 0.002882 0.014489 0.025565
v 0.014489 0.002882 0.025565
v 0.013648 0.005653 0.025565
v 0.003866 0.014981 0.003096
v 0.003866 0.014981 0.003096
v 0.003573 0.014995 0.024374
v 0.003573 0.014995 0.024374
v 0.007146 0.014995 0.024212
v 0.007146 0.014995 0.024212
v 0.007146 0.014995 0.024212
v 0.006964 0.015000 0.005006
v 0.006964 0.015000 0.005006
v 0.015000 0.006967 0.005009
v 0.015000 0.006967 0.005009
v 0.014982 0.003866 0.003096
v 0.014982 0.003866 0.003096
v 0.014984 0.000000 0.002601
v 0.014984 0.000000 0.002601
v 0.014984 0.000000 0.002601
v 0.014995 0.007146 0.024212
v 0.014995 0.007146 0.024212
v 0.014995 0.007146 0.024212
v 0.014995 0.003573 0.024374
v 0.014995 0.003573 0.024374
v 0.014995 0.000000 0.024422
v 0.014995 0.000000 0.024422
v 0.014773 0.000000 0.025565
v 0.008207 0.012283 0.025565
v 0.008167 0.008167 0.027862
v 0.009603 0.006416 0.027862
v 0.004420 0.010670 0.027862
v 0.002253 0.011327 0.027862
v 0.011327 0.002253 0.027862
v 0.010670 0.004420 0.027862
v 0.011549 0.000000 0.027862
v 0.006416 0.009603 0.027862
v 0.007165 0.007165 0.029977
v 0.008425 0.005630 0.029977
v 0.003878 0.009362 0.029977
v 0.001977 0.009938 0.029977
v 0.009938 0.001977 0.029977
v 0.009362 0.003878 0.029977
v 0.010133 0.000000 0.029977
v 0.005630 0.008425 0.029977
v 0.006968 0.006968 0.031960
v 0.008193 0.005475 0.031960
v 0.003771 0.009104 0.031960
v 0.001922 0.009665 0.031960
v 0.009665 0.001922 0.031960
v 0.009104 0.003771 0.031960
v 0.009854 0.000000 0.031960
v 0.005475 0.008193 0.031960
v 0.007403 0.007403 0.033513
v 0.008705 0.005817 0.033513
v 0.004007 0.009673 0.033513
v 0.002043 0.010269 0.033513
v 0.010269 0.002043 0.033513
v 0.009673 0.004007 0.033513
v 0.010470 0.000000 0.033513
v 0.005817 0.008705 0.033513
v 0.008003 0.008003 0.034571
v 0.009410 0.006288 0.034571
v 0.004331 0.010456 0.034571
v 0.002208 0.011100 0.034571
v 0.011100 0.002208 0.034571
v 0.010456 0.004331 0.034571
v 0.011318 0.000000 0.034571
v 0.006288 0.009410 0.034571
v 0.007316 0.007316 0.039033
v 0.007316 0.007316 0.039033
v 0.008603 0.005748 0.039033
v 0.008603 0.005748 0.039033
v 0.003960 0.009559 0.039033
v 0.003960 0.009559 0.039033
v 0.002019 0.010148 0.039033
v 0.002019 0.010148 0.039033
v 0.010148 0.002019 0.039033
v 0.010148 0.002019 0.039033
v 0.009559 0.003960 0.039033
v 0.009559 0.003960 0.039033
v 0.010347 0.000000 0.039033
v 0.010347 0.000000 0.039033
v 0.005748 0.008603 0.039033
v 0.005748 0.008603 0.039033
v 0.006911 0.006911 0.039143
v 0.006911 0.006911 0.039143
v 0.008126 0.005430 0.039143
v 0.008126 0.005430 0.039143
v 0.003740 0.009029 0.039143
v 0.003740 0.009029 0.039143
v 0.001907 0.009585 0.039143
v 0.001907 0.009585 0.039143
v 0.009585 0.001907 0.039143
v 0.009585 0.001907 0.039143
v 0.009029 0.003740 0.039143
v 0.009029 0.003740 0.039143
v 0.009773 0.000000 0.039143
v 0.009773 0.000000 0.039143
v 0.005430 0.008126 0.039143
v 0.005430 0.008126 0.039143
v 0.005509 0.005509 0.052231
v 0.006478 0.004329 0.052231
v 0.002982 0.007198 0.052231
v 0.001520 0.007641 0.052231
v 0.007641 0.001520 0.052231
v 0.007198 0.002982 0.052231
v 0.007791 0.000000 0.052231
v 0.004329 0.006478 0.052231
v 0.005509 0.005509 0.052942
v 0.005509 0.005509 0.052942
v 0.006478 0.004329 0.052942
v 0.006478 0.004329 0.052942
v 0.002982 0.007198 0.052942
v 0.002982 0.007198 0.052942
v 0.001520 0.007641 0.052942
v 0.001520 0.007641 0.052942
v 0.007641 0.001520 0.052942
v 0.007641 0.001520 0.052942
v 0.007198 0.002982 0.052942
v 0.007198 0.002982 0.052942
v 0.007791 0.000000 0.052942
v 0.007791 0.000000 0.052942
v 0.004329 0.006478 0.052942
v 0.004329 0.006478 0.052942
v 0.008226 0.001636 0.052468
v 0.008226 0.001636 0.052705
v 0.007749 0.003210 0.052705
v 0.007749 0.003210 0.052468
v 0.004660 0.006974 0.052468
v 0.004660 0.006974 0.052705
v 0.003210 0.007749 0.052705
v 0.003210 0.007749 0.052468
v 0.006974 0.004660 0.052468
v 0.006974 0.004660 0.052705
v 0.005931 0.005931 0.052705
v 0.005931 0.005931 0.052468
v 0.001636 0.008226 0.052705
v 0.001636 0.008226 0.052468
v 0.008387 0.000000 0.052468
v 0.008387 0.000000 0.052705
v 0.002748 0.002748 0.052942
v 0.002748 0.002748 0.052942
v 0.001487 0.003591 0.052942
v 0.001487 0.003591 0.052942
v 0.003591 0.001487 0.052942
v 0.003591 0.001487 0.052942
v 0.003591 0.001487 0.097505
v 0.003591 0.001487 0.097505
v 0.003887 0.000000 0.052942
v 0.003887 0.000000 0.052942
v 0.002748 0.002748 0.097505
v 0.002748 0.002748 0.097505
v 0.001487 0.003591 0.097505
v 0.001487 0.003591 0.097505
v 0.003887 0.000000 0.097505
v 0.003887 0.000000 0.097505
v 0.003591 0.001487 0.100530
v 0.002486 0.002996 0.100530
v 0.002486 0.002996 0.100530
v 0.001413 0.003596 0.098451
v 0.001413 0.003596 0.098451
v 0.003887 0.000000 0.100530
v 0.003529 0.002532 0.102351
v 0.003529 0.002532 0.102351
v 0.003529 0.002532 0.102351
v 0.003529 0.002532 0.102351
v 0.004225 0.002095 0.103884
v 0.004225 0.002095 0.103884
v 0.004225 0.002095 0.103884
v 0.004225 0.002095 0.103884
v 0.003277 0.000480 0.109867
v 0.003277 0.000480 0.109867
v 0.003277 0.000480 0.109867
v 0.003277 0.000480 0.109867
v 0.003277 0.000480 0.109867
v 0.002958 0.000418 0.110000
v 0.002958 0.000418 0.110000
v 0.002958 0.000418 0.110000
v 0.002958 0.000418 0.110000
v 0.004648 0.000000 0.102340
v 0.004648 0.000000 0.102340
v 0.004648 0.000000 0.102340
v 0.005078 0.000000 0.103873
v 0.005078 0.000000 0.103873
v 0.005078 0.000000 0.103873
v 0.005078 0.000000 0.103873
v 0.003312 0.000000 0.109856
v 0.003312 0.000000 0.109856
v 0.003312 0.000000 0.109856
v 0.003312 0.000000 0.109856
v 0.003312 0.000000 0.109856
v 0.003312 0.000000 0.109856
v 0.003161 0.000000 0.109989
v 0.003161 0.000000 0.109989
v 0.003161 0.000000 0.109989
v 0.003161 0.000000 0.109989
v 0.003161 0.000000 0.109989
v 0.003161 0.000000 0.109989
v 0.003919 0.001288 0.106876
v 0.003919 0.001288 0.106876
v 0.003919 0.001288 0.106876
v 0.003919 0.001288 0.106876
v 0.003919 0.001288 0.106876
v 0.004363 0.000000 0.106865
v 0.004363 0.000000 0.106865
v 0.004363 0.000000 0.106865
v 0.004363 0.000000 0.106865
v 0.004159 0.001691 0.105380
v 0.004159 0.001691 0.105380
v 0.004159 0.001691 0.105380
v 0.004159 0.001691 0.105380
v 0.004808 0.000000 0.105369
v 0.004808 0.000000 0.105369
v 0.004808 0.000000 0.105369
v 0.004808 0.000000 0.105369
v -0.008289 -0.012405 0.024438
v -0.008289 -0.012405 0.024438
v -0.010550 -0.010550 0.024438
v -0.010550 -0.010550 0.024438
v -0.012405 -0.008289 0.024438
v -0.012405 -0.008289 0.024438
v -0.013784 -0.005709 0.024438
v -0.013784 -0.005709 0.024438
v -0.013570 -0.009584 0.024078
v -0.013570 -0.009584 0.024078
v -0.011744 -0.011744 0.024030
v -0.011744 -0.011744 0.024030
v -0.013549 -0.009488 0.005010
v -0.013352 -0.009349 0.004051
v -0.011696 -0.011696 0.005009
v -0.009488 -0.013549 0.005010
v -0.011526 -0.011526 0.004051
v -0.009349 -0.013352 0.004051
v -0.010971 -0.010971 0.003099
v -0.012709 -0.008899 0.003099
v -0.008899 -0.012709 0.003099
v -0.006476 -0.014097 0.003099
v -0.008176 -0.011677 0.002101
v -0.006024 -0.012919 0.002101
v -0.003085 -0.013917 0.002101
v 0.000000 -0.014255 0.002101
v 0.000000 -0.014255 0.002101
v 0.000000 -0.014920 0.024438
v 0.000000 -0.014920 0.024438
v 0.000000 -0.014920 0.024438
v -0.002911 -0.014633 0.024438
v -0.002911 -0.014633 0.024438
v -0.009584 -0.013570 0.024078
v -0.009584 -0.013570 0.024078
v -0.005709 -0.013784 0.024438
v -0.005709 -0.013784 0.024438
v -0.006415 -0.014982 0.004051
v -0.006415 -0.014982 0.004051
v -0.003450 -0.007399 0.000000
v -0.003450 -0.007399 0.000000
v -0.004683 -0.006687 0.000000
v -0.004683 -0.006687 0.000000
v -0.006687 -0.004683 0.000000
v -0.006687 -0.004683 0.000000
v -0.007399 -0.003450 0.000000
v -0.007399 -0.003450 0.000000
v -0.007970 -0.001767 0.000000
v -0.007970 -0.001767 0.000000
v 0.000000 -0.008164 0.000000
v 0.000000 -0.008164 0.000000
v 0.000000 -0.008164 0.000000
v -0.001767 -0.007970 0.000000
v -0.001767 -0.007970 0.000000
v -0.005773 -0.005773 0.000000
v -0.005773 -0.005773 0.000000
v -0.013917 -0.003085 0.002101
v -0.012022 -0.002665 0.001138
v -0.009665 -0.002143 0.000333
v -0.008972 -0.004184 0.000333
v -0.008110 -0.005678 0.000333
v -0.007000 -0.007000 0.000333
v -0.005678 -0.008110 0.000333
v -0.004184 -0.008973 0.000333
v -0.007063 -0.010087 0.001138
v -0.008707 -0.008707 0.001138
v -0.010087 -0.007063 0.001138
v -0.010080 -0.010080 0.002101
v -0.011677 -0.008176 0.002101
v -0.012919 -0.006024 0.002101
v -0.014097 -0.006475 0.003099
v -0.014985 -0.006407 0.004051
v -0.014985 -0.006407 0.004051
v -0.014633 -0.002911 0.024438
v -0.014633 -0.002911 0.024438
v -0.011160 -0.005204 0.001138
v -0.005204 -0.011160 0.001138
v -0.002665 -0.012022 0.001138
v 0.000000 -0.012314 0.001138
v 0.000000 -0.012314 0.001138
v 0.000000 -0.009900 0.000333
v 0.000000 -0.009900 0.000333
v -0.002143 -0.009665 0.000333
v -0.014982 -0.003369 0.005025
v 0.000000 -0.014985 0.005028
v -0.003368 -0.014982 0.005026
v -0.010446 -0.010446 0.025565
v -0.012283 -0.008207 0.025565
v -0.005653 -0.013648 0.025565
v -0.002882 -0.014489 0.025565
v -0.014489 -0.002882 0.025565
v -0.013648 -0.005653 0.025565
v -0.003866 -0.014981 0.003096
v -0.003866 -0.014981 0.003096
v 0.000000 -0.014984 0.002601
v 0.000000 -0.014984 0.002601
v 0.000000 -0.014984 0.002601
v -0.003573 -0.014995 0.024374
v -0.003573 -0.014995 0.024374
v -0.007146 -0.014995 0.024212
v -0.007146 -0.014995 0.024212
v -0.007146 -0.014995 0.024212
v -0.006964 -0.015000 0.005006
v -0.006964 -0.015000 0.005006
v -0.015000 -0.006967 0.005009
v -0.015000 -0.006967 0.005009
v -0.014982 -0.003866 0.003096
v -0.014982 -0.003866 0.003096
v -0.014995 -0.007146 0.024212
v -0.014995 -0.007146 0.024212
v -0.014995 -0.007146 0.024212
v -0.014995 -0.003573 0.024374
v -0.014995 -0.003573 0.024374
v 0.000000 -0.014995 0.024422
v 0.000000 -0.014995 0.024422
v 0.000000 -0.014773 0.025565
v 0.000000 -0.014773 0.025565
v -0.008207 -0.012283 0.025565
v -0.008167 -0.008167 0.027862
v -0.009603 -0.006416 0.027862
v -0.004420 -0.010670 0.027862
v -0.002253 -0.011327 0.027862
v -0.011327 -0.002253 0.027862
v -0.010670 -0.004420 0.027862
v 0.000000 -0.011549 0.027862
v 0.000000 -0.011549 0.027862
v -0.006416 -0.009603 0.027862
v -0.007165 -0.007165 0.029977
v -0.008425 -0.005630 0.029977
v -0.003878 -0.009362 0.029977
v -0.001977 -0.009938 0.029977
v -0.009938 -0.001977 0.029977
v -0.009362 -0.003878 0.029977
v 0.000000 -0.010133 0.029977
v 0.000000 -0.010133 0.029977
v -0.005630 -0.008425 0.029977
v -0.006968 -0.006968 0.031960
v -0.008193 -0.005475 0.031960
v -0.003771 -0.009104 0.031960
v -0.001922 -0.009665 0.031960
v -0.009665 -0.001922 0.031960
v -0.009104 -0.003771 0.031960
v 0.000000 -0.009854 0.031960
v 0.000000 -0.009854 0.031960
v -0.005475 -0.008193 0.031960
v -0.007403 -0.007403 0.033513
v -0.008705 -0.005817 0.033513
v -0.004007 -0.009673 0.033513
v -0.002043 -0.010269 0.033513
v -0.010269 -0.002043 0.033513
v -0.009673 -0.004007 0.033513
v 0.000000 -0.010470 0.033513
v 0.000000 -0.010470 0.033513
v -0.005817 -0.008705 0.033513
v -0.008003 -0.008003 0.034571
v -0.009410 -0.006288 0.034571
v -0.004331 -0.010456 0.034571
v -0.002208 -0.011100 0.034571
v -0.011100 -0.002208 0.034571
v -0.010456 -0.004331 0.034571
v 0.000000 -0.011318 0.034571
v 0.000000 -0.011318 0.034571
v -0.006288 -0.009410 0.034571
v -0.007316 -0.007316 0.039033
v -0.007316 -0.007316 0.039033
v -0.008603 -0.005748 0.039033
v -0.008603 -0.005748 0.039033
v -0.003960 -0.009559 0.039033
v -0.003960 -0.009559 0.039033
v -0.002019 -0.010148 0.039033
v -0.002019 -0.010148 0.039033
v -0.010148 -0.002019 0.039033
v -0.010148 -0.002019 0.039033
v -0.009559 -0.003960 0.039033
v -0.009559 -0.003960 0.039033
v 0.000000 -0.010347 0.039033
v 0.000000 -0.010347 0.039033
v 0.000000 -0.010347 0.039033
v 0.000000 -0.010347 0.039033
v -0.005748 -0.008603 0.039033
v -0.005748 -0.008603 0.039033
v -0.006911 -0.006911 0.039143
v -0.006911 -0.006911 0.039143
v -0.008126 -0.005430 0.039143
v -0.008126 -0.005430 0.039143
v -0.003740 -0.009029 0.039143
v -0.003740 -0.009029 0.039143
v -0.001907 -0.009585 0.039143
v -0.001907 -0.009585 0.039143
v -0.009585 -0.001907 0.039143
v -0.009585 -0.001907 0.039143
v -0.009029 -0.003740 0.039143
v -0.009029 -0.003740 0.039143
v 0.000000 -0.009773 0.039143
v 0.000000 -0.009773 0.039143
v 0.000000 -0.009773 0.039143
v 0.000000 -0.009773 0.039143
v -0.005430 -0.008126 0.039143
v -0.005430 -0.008126 0.039143
v -0.005509 -0.005509 0.052231
v -0.006478 -0.004329 0.052231
v -0.002982 -0.007198 0.052231
v -0.001520 -0.007641 0.052231
v -0.007641 -0.001520 0.052231
v -0.007198 -0.002982 0.052231
v 0.000000 -0.007791 0.052231
v 0.000000 -0.007791 0.052231
v -0.004329 -0.006478 0.052231
v -0.005509 -0.005509 0.052942
v -0.005509 -0.005509 0.052942
v -0.006478 -0.004329 0.052942
v -0.006478 -0.004329 0.052942
v -0.002982 -0.007198 0.052942
v -0.002982 -0.007198 0.052942
v -0.001520 -0.007641 0.052942
v -0.001520 -0.007641 0.052942
v -0.007641 -0.001520 0.052942
v -0.007641 -0.001520 0.052942
v -0.007198 -0.002982 0.052942
v -0.007198 -0.002982 0.052942
v 0.000000 -0.007791 0.052942
v 0.000000 -0.007791 0.052942
v 0.000000 -0.007791 0.052942
v -0.004329 -0.006478 0.052942
v -0.004329 -0.006478 0.052942
v -0.008226 -0.001636 0.052468
v -0.008226 -0.001636 0.052705
v -0.007749 -0.003210 0.052705
v -0.007749 -0.003210 0.052468
v -0.004660 -0.006974 0.052468
v -0.004660 -0.006974 0.052705
v -0.003210 -0.007749 0.052705
v -0.003210 -0.007749 0.052468
v -0.006974 -0.004660 0.052468
v -0.006974 -0.004660 0.052705
v -0.005931 -0.005931 0.052705
v -0.005931 -0.005931 0.052468
v -0.001636 -0.008226 0.052705
v -0.001636 -0.008226 0.052468
v 0.000000 -0.008387 0.052705
v 0.000000 -0.008387 0.052705
v 0.000000 -0.008387 0.052468
v 0.000000 -0.008387 0.052468
v -0.002748 -0.002748 0.052942
v -0.002748 -0.002748 0.052942
v 0.000000 -0.003887 0.097505
v 0.000000 -0.003887 0.097505
v 0.000000 -0.003887 0.097505
v 0.000000 -0.003887 0.097505
v -0.001487 -0.003591 0.052942
v -0.001487 -0.003591 0.052942
v 0.000000 -0.003887 0.052942
v 0.000000 -0.003887 0.052942
v 0.000000 -0.003887 0.052942
v -0.003591 -0.001487 0.052942
v -0.003591 -0.001487 0.052942
v -0.003591 -0.001487 0.097505
v -0.003591 -0.001487 0.097505
v -0.002748 -0.002748 0.097505
v -0.002748 -0.002748 0.097505
v -0.001487 -0.003591 0.097505
v -0.001487 -0.003591 0.097505
v 0.000000 -0.003887 0.097735
v 0.000000 -0.003887 0.097735
v 0.000000 -0.003887 0.097735
v -0.003591 -0.001487 0.100530
v -0.002486 -0.002996 0.100530
v -0.002486 -0.002996 0.100530
v -0.001413 -0.003596 0.098451
v -0.001413 -0.003596 0.098451
v -0.003529 -0.002532 0.102351
v -0.003529 -0.002532 0.102351
v -0.003529 -0.002532 0.102351
v -0.003529 -0.002532 0.102351
v -0.004225 -0.002095 0.103884
v -0.004225 -0.002095 0.103884
v -0.004225 -0.002095 0.103884
v -0.004225 -0.002095 0.103884
v -0.003277 -0.000480 0.109867
v -0.003277 -0.000480 0.109867
v -0.003277 -0.000480 0.109867
v -0.003277 -0.000480 0.109867
v -0.003277 -0.000480 0.109867
v -0.002958 -0.000418 0.110000
v -0.002958 -0.000418 0.110000
v -0.002958 -0.000418 0.110000
v -0.002958 -0.000418 0.110000
v 0.000000 -0.000418 0.110000
v 0.000000 -0.000418 0.110000
v 0.000000 -0.003117 0.100535
v 0.000000 -0.002626 0.102347
v 0.000000 -0.002626 0.102347
v 0.000000 -0.002626 0.102347
v 0.000000 -0.002208 0.103885
v 0.000000 -0.002208 0.103885
v 0.000000 -0.002208 0.103885
v 0.000000 -0.002208 0.103885
v 0.000000 -0.000480 0.109867
v 0.000000 -0.000480 0.109867
v 0.000000 -0.000480 0.109867
v -0.003919 -0.001288 0.106876
v -0.003919 -0.001288 0.106876
v -0.003919 -0.001288 0.106876
v -0.003919 -0.001288 0.106876
v -0.003919 -0.001288 0.106876
v 0.000000 -0.001344 0.106876
v 0.000000 -0.001344 0.106876
v 0.000000 -0.001344 0.106876
v 0.000000 -0.001344 0.106876
v -0.004159 -0.001691 0.105380
v -0.004159 -0.001691 0.105380
v -0.004159 -0.001691 0.105380
v -0.004159 -0.001691 0.105380
v 0.000000 -0.001776 0.105381
v 0.000000 -0.001776 0.105381
v 0.000000 -0.001776 0.105381
v 0.000000 -0.001776 0.105381
v 0.008289 -0.012405 0.024438
v 0.008289 -0.012405 0.024438
v 0.010550 -0.010550 0.024438
v 0.010550 -0.010550 0.024438
v 0.012405 -0.008289 0.024438
v 0.012405 -0.008289 0.024438
v 0.013784 -0.005709 0.024438
v 0.013784 -0.005709 0.024438
v 0.013570 -0.009584 0.024078
v 0.013570 -0.009584 0.024078
v 0.011744 -0.011744 0.024030
v 0.011744 -0.011744 0.024030
v 0.013549 -0.009488 0.005010
v 0.013352 -0.009349 0.004051
v 0.011696 -0.011696 0.005009
v 0.009488 -0.013549 0.005010
v 0.011526 -0.011526 0.004051
v 0.009349 -0.013352 0.004051
v 0.010971 -0.010971 0.003099
v 0.012709 -0.008899 0.003099
v 0.008899 -0.012709 0.003099
v 0.006476 -0.014097 0.003099
v 0.008176 -0.011677 0.002101
v 0.006024 -0.012919 0.002101
v 0.003085 -0.013917 0.002101
v 0.002911 -0.014633 0.024438
v 0.002911 -0.014633 0.024438
v 0.009584 -0.013570 0.024078
v 0.009584 -0.013570 0.024078
v 0.005709 -0.013784 0.024438
v 0.005709 -0.013784 0.024438
v 0.006415 -0.014982 0.004051
v 0.006415 -0.014982 0.004051
v 0.003450 -0.007399 0.000000
v 0.003450 -0.007399 0.000000
v 0.004683 -0.006687 0.000000
v 0.004683 -0.006687 0.000000
v 0.006687 -0.004683 0.000000
v 0.006687 -0.004683 0.000000
v 0.007399 -0.003450 0.000000
v 0.007399 -0.003450 0.000000
v 0.007970 -0.001767 0.000000
v 0.007970 -0.001767 0.000000
v 0.001767 -0.007970 0.000000
v 0.001767 -0.007970 0.000000
v 0.005773 -0.005773 0.000000
v 0.005773 -0.005773 0.000000
v 0.013917 -0.003085 0.002101
v 0.012022 -0.002665 0.001138
v 0.009665 -0.002143 0.000333
v 0.008972 -0.004184 0.000333
v 0.008110 -0.005678 0.000333
v 0.007000 -0.007000 0.000333
v 0.005678 -0.008110 0.000333
v 0.004184 -0.008973 0.000333
v 0.007063 -0.010087 0.001138
v 0.008707 -0.008707 0.001138
v 0.010087 -0.007063 0.001138
v 0.010080 -0.010080 0.002101
v 0.011677 -0.008176 0.002101
v 0.012919 -0.006024 0.002101
v 0.014097 -0.006475 0.003099
v 0.014985 -0.006407 0.004051
v 0.014985 -0.006407 0.004051
v 0.014633 -0.002911 0.024438
v 0.014633 -0.002911 0.024438
v 0.011160 -0.005204 0.001138
v 0.005204 -0.011160 0.001138
v 0.002665 -0.012022 0.001138
v 0.002143 -0.009665 0.000333
v 0.014982 -0.003369 0.005025
v 0.003368 -0.014982 0.005026
v 0.010446 -0.010446 0.025565
v 0.012283 -0.008207 0.025565
v 0.005653 -0.013648 0.025565
v 0.002882 -0.014489 0.025565
v 0.014489 -0.002882 0.025565
v 0.013648 -0.005653 0.025565
v 0.003866 -0.014981 0.003096
v 0.003866 -0.014981 0.003096
v 0.003573 -0.014995 0.024374
v 0.003573 -0.014995 0.024374
v 0.007146 -0.014995 0.024212
v 0.007146 -0.014995 0.024212
v 0.007146 -0.014995 0.024212
v 0.006964 -0.015000 0.005006
v 0.006964 -0.015000 0.005006
v 0.015000 -0.006967 0.005009
v 0.015000 -0.006967 0.005009
v 0.014982 -0.003866 0.003096
v 0.014982 -0.003866 0.003096
v 0.014995 -0.007146 0.024212
v 0.014995 -0.007146 0.024212
v 0.014995 -0.007146 0.024212
v 0.014995 -0.003573 0.024374
v 0.014995 -0.003573 0.024374
v 0.008207 -0.012283 0.025565
v 0.008167 -0.008167 0.027862
v 0.009603 -0.006416 0.027862
v 0.004420 -0.010670 0.027862
v 0.002253 -0.011327 0.027862
v 0.011327 -0.002253 0.027862
v 0.010670 -0.004420 0.027862
v 0.006416 -0.009603 0.027862
v 0.007165 -0.007165 0.029977
v 0.008425 -0.005630 0.029977
v 0.003878 -0.009362 0.029977
v 0.001977 -0.009938 0.029977
v 0.009938 -0.001977 0.029977
v 0.009362 -0.003878 0.029977
v 0.005630 -0.008425 0.029977
v 0.006968 -0.006968 0.031960
v 0.008193 -0.005475 0.031960
v 0.003771 -0.009104 0.031960
v 0.001922 -0.009665 0.031960
v 0.009665 -0.001922 0.031960
v 0.009104 -0.003771 0.031960
v 0.005475 -0.008193 0.031960
v 0.007403 -0.007403 0.033513
v 0.008705 -0.005817 0.033513
v 0.004007 -0.009673 0.033513
v 0.002043 -0.010269 0.033513
v 0.010269 -0.002043 0.033513
v 0.009673 -0.004007 0.033513
v 0.005817 -0.008705 0.033513
v 0.008003 -0.008003 0.034571
v 0.009410 -0.006288 0.034571
v 0.004331 -0.010456 0.034571
v 0.002208 -0.011100 0.034571
v 0.011100 -0.002208 0.034571
v 0.010456 -0.004331 0.034571
v 0.006288 -0.009410 0.034571
v 0.007316 -0.007316 0.039033
v 0.007316 -0.007316 0.039033
v 0.008603 -0.005748 0.039033
v 0.008603 -0.005748 0.039033
v 0.003960 -0.009559 0.039033
v 0.003960 -0.009559 0.039033
v 0.002019 -0.010148 0.039033
v 0.002019 -0.010148 0.039033
v 0.010148 -0.002019 0.039033
v 0.010148 -0.002019 0.039033
v 0.009559 -0.003960 0.039033
v 0.009559 -0.003960 0.039033
v 0.005748 -0.008603 0.039033
v 0.005748 -0.008603 0.039033
v 0.006911 -0.006911 0.039143
v 0.006911 -0.006911 0.039143
v 0.008126 -0.005430 0.039143
v 0.008126 -0.005430 0.039143
v 0.003740 -0.009029 0.039143
v 0.003740 -0.009029 0.039143
v 0.001907 -0.009585 0.039143
v 0.001907 -0.009585 0.039143
v 0.009585 -0.001907 0.039143
v 0.009585 -0.001907 0.039143
v 0.009029 -0.003740 0.039143
v 0.009029 -0.003740 0.039143
v 0.005430 -0.008126 0.039143
v 0.005430 -0.008126 0.039143
v 0.005509 -0.005509 0.052231
v 0.006478 -0.004329 0.052231
v 0.002982 -0.007198 0.052231
v 0.001520 -0.007641 0.052231
v 0.007641 -0.001520 0.052231
v 0.007198 -0.002982 0.052231
v 0.004329 -0.006478 0.052231
v 0.005509 -0.005509 0.052942
v 0.005509 -0.005509 0.052942
v 0.006478 -0.004329 0.052942
v 0.006478 -0.004329 0.052942
v 0.002982 -0.007198 0.052942
v 0.002982 -0.007198 0.052942
v 0.001520 -0.007641 0.052942
v 0.001520 -0.007641 0.052942
v 0.007641 -0.001520 0.052942
v 0.007641 -0.001520 0.052942
v 0.007198 -0.002982 0.052942
v 0.007198 -0.002982 0.052942
v 0.004329 -0.006478 0.052942
v 0.004329 -0.006478 0.052942
v 0.008226 -0.001636 0.052468
v 0.008226 -0.001636 0.052705
v 0.007749 -0.003210 0.052705
v 0.007749 -0.003210 0.052468
v 0.004660 -0.006974 0.052468
v 0.004660 -0.006974 0.052705
v 0.003210 -0.007749 0.052705
v 0.003210 -0.007749 0.052468
v 0.006974 -0.004660 0.052468
v 0.006974 -0.004660 0.052705
v 0.005931 -0.005931 0.052705
v 0.005931 -0.005931 0.052468
v 0.001636 -0.008226 0.052705
v 0.001636 -0.008226 0.052468
v 0.002748 -0.002748 0.052942
v 0.002748 -0.002748 0.052942
v 0.001487 -0.003591 0.052942
v 0.001487 -0.003591 0.052942
v 0.003591 -0.001487 0.052942
v 0.003591 -0.001487 0.052942
v 0.003591 -0.001487 0.097505
v 0.003591 -0.001487 0.097505
v 0.002748 -0.002748 0.097505
v 0.002748 -0.002748 0.097505
v 0.001487 -0.003591 0.097505
v 0.001487 -0.003591 0.097505
v 0.003591 -0.001487 0.100530
v 0.002486 -0.002996 0.100530
v 0.002486 -0.002996 0.100530
v 0.001413 -0.003596 0.098451
v 0.001413 -0.003596 0.098451
v 0.003529 -0.002532 0.102351
v 0.003529 -0.002532 0.102351
v 0.003529 -0.002532 0.102351
v 0.003529 -0.002532 0.102351
v 0.004225 -0.002095 0.103884
v 0.004225 -0.002095 0.103884
v 0.004225 -0.002095 0.103884
v 0.004225 -0.002095 0.103884
v 0.003277 -0.000480 0.109867
v 0.003277 -0.000480 0.109867
v 0.003277 -0.000480 0.109867
v 0.003277 -0.000480 0.109867
v 0.003277 -0.000480 0.109867
v 0.002958 -0.000418 0.110000
v 0.002958 -0.000418 0.110000
v 0.002958 -0.000418 0.110000
v 0.002958 -0.000418 0.110000
v 0.003919 -0.001288 0.106876
v 0.003919 -0.001288 0.106876
v 0.003919 -0.001288 0.106876
v 0.003919 -0.001288 0.106876
v 0.003919 -0.001288 0.106876
v 0.004159 -0.001691 0.105380
v 0.004159 -0.001691 0.105380
v 0.004159 -0.001691 0.105380
v 0.004159 -0.001691 0.105380
vt 0.530653 0.962646
vt 0.578055 0.251007
vt 0.517163 0.962646
vt 0.576759 0.264218
vt 0.503651 0.962646
vt 0.575160 0.277362
vt 0.490161 0.962646
vt 0.573233 0.290483
vt 0.505497 0.971224
vt 0.506185 0.527061
vt 0.517161 0.971432
vt 0.519872 0.527597
vt 0.507676 0.776794
vt 0.508235 0.789186
vt 0.521435 0.776495
vt 0.535196 0.776621
vt 0.521514 0.788785
vt 0.534792 0.789018
vt 0.521596 0.801215
vt 0.509159 0.801771
vt 0.534023 0.801611
vt 0.547023 0.802985
vt 0.532929 0.815271
vt 0.544298 0.816758
vt 0.558488 0.820339
vt 0.561480 0.576932
vt 0.572500 0.825819
vt 0.571125 0.962646
vt 0.579868 0.211045
vt 0.557634 0.962646
vt 0.579583 0.224474
vt 0.528811 0.971220
vt 0.533552 0.526889
vt 0.544144 0.962646
vt 0.578954 0.237756
vt 0.693138 0.919361
vt 0.550888 0.790268
vt 0.519168 0.465709
vt 0.539476 0.499176
vt 0.535815 0.855806
vt 0.544979 0.495141
vt 0.528883 0.854564
vt 0.553489 0.484538
vt 0.514894 0.854548
vt 0.556238 0.478292
vt 0.508009 0.855857
vt 0.558082 0.469971
vt 0.499682 0.858561
vt 0.558082 0.461447
vt 0.491989 0.862627
vt 0.752842 0.629340
vt 0.523430 0.504623
vt 0.552136 0.862627
vt 0.582100 0.613370
vt 0.531751 0.502778
vt 0.544221 0.858540
vt 0.549698 0.490212
vt 0.521876 0.854144
vt 0.470980 0.826621
vt 0.773741 0.593095
vt 0.484997 0.820810
vt 0.478448 0.840923
vt 0.766338 0.607470
vt 0.490197 0.835424
vt 0.486712 0.854623
vt 0.758118 0.621254
vt 0.495974 0.849826
vt 0.505733 0.846641
vt 0.513751 0.845224
vt 0.521848 0.844713
vt 0.529966 0.845156
vt 0.538028 0.846528
vt 0.531583 0.830069
vt 0.521783 0.829632
vt 0.512003 0.830189
vt 0.521649 0.814837
vt 0.510396 0.815435
vt 0.499073 0.817052
vt 0.496170 0.803308
vt 0.492115 0.790648
vt 0.915112 0.269971
vt 0.476670 0.962646
vt 0.570961 0.303534
vt 0.463180 0.962646
vt 0.894981 0.962646
vt 0.568309 0.316585
vt 0.502254 0.831820
vt 0.541375 0.831590
vt 0.553495 0.835041
vt 0.565426 0.840273
vt 0.568673 0.591367
vt 0.557420 0.854333
vt 0.576846 0.605224
vt 0.547897 0.849610
vt 0.884347 0.257338
vt 0.900501 0.257311
vt 0.723941 0.906732
vt 0.707793 0.906704
vt 0.563087 0.262729
vt 0.561438 0.275509
vt 0.565158 0.236968
vt 0.565710 0.224011
vt 0.557475 0.300963
vt 0.559637 0.288267
vt 0.705313 0.931852
vt 0.560169 0.805726
vt 0.558319 0.569985
vt 0.575610 0.818862
vt 0.723831 0.938376
vt 0.707688 0.654456
vt 0.555009 0.964841
vt 0.690549 0.656502
vt 0.540728 0.970631
vt 0.547179 0.525047
vt 0.690549 0.906907
vt 0.549339 0.777196
vt 0.493551 0.777496
vt 0.917754 0.257463
vt 0.483064 0.806204
vt 0.902973 0.282454
vt 0.467721 0.819662
vt 0.776966 0.586104
vt 0.884456 0.288980
vt 0.493575 0.970633
vt 0.492535 0.525390
vt 0.917754 0.007107
vt 0.479296 0.964841
vt 0.900614 0.005060
vt 0.463171 0.963006
vt 0.894989 0.963006
vt 0.883480 0.004489
vt 0.571124 0.963006
vt 0.724823 0.653886
vt 0.554845 0.313569
vt 0.565904 0.211021
vt 0.564289 0.249879
vt 0.528736 0.259102
vt 0.527482 0.271029
vt 0.530595 0.235124
vt 0.530955 0.223068
vt 0.523696 0.294590
vt 0.525737 0.282870
vt 0.521344 0.306175
vt 0.531029 0.211003
vt 0.529713 0.247128
vt 0.496309 0.255937
vt 0.495129 0.267048
vt 0.497745 0.233510
vt 0.498193 0.222255
vt 0.492020 0.289006
vt 0.493689 0.278064
vt 0.490103 0.299850
vt 0.498300 0.210993
vt 0.497156 0.244741
vt 0.466347 0.253251
vt 0.465391 0.263722
vt 0.467624 0.232173
vt 0.467924 0.221593
vt 0.462741 0.284461
vt 0.464107 0.274130
vt 0.461179 0.294678
vt 0.467977 0.210990
vt 0.467097 0.242730
vt 0.444092 0.251423
vt 0.443251 0.261470
vt 0.445296 0.231233
vt 0.445673 0.221115
vt 0.440990 0.281410
vt 0.442280 0.271473
vt 0.439557 0.291271
vt 0.445723 0.210986
vt 0.444864 0.241347
vt 0.430191 0.250359
vt 0.429304 0.260139
vt 0.431304 0.230698
vt 0.431515 0.220840
vt 0.427145 0.279616
vt 0.428252 0.269901
vt 0.425868 0.289268
vt 0.431692 0.210984
vt 0.430761 0.240536
vt 0.546133 0.989650
vt 0.376782 0.246754
vt 0.537249 0.989650
vt 0.376102 0.255672
vt 0.564869 0.989650
vt 0.377706 0.228881
vt 0.575520 0.989650
vt 0.377945 0.219932
vt 0.518967 0.989650
vt 0.374340 0.273463
vt 0.528528 0.989650
vt 0.375291 0.264578
vt 0.510476 0.989650
vt 0.373264 0.282322
vt 0.585199 0.989650
vt 0.378032 0.210983
vt 0.555858 0.989650
vt 0.377318 0.237821
vt 0.546133 0.986559
vt 0.197153 0.594222
vt 0.537249 0.986559
vt 0.196764 0.603270
vt 0.564869 0.986559
vt 0.197671 0.576119
vt 0.575520 0.986559
vt 0.197799 0.567065
vt 0.518967 0.986559
vt 0.195720 0.621356
vt 0.528528 0.986559
vt 0.196286 0.612315
vt 0.510476 0.986559
vt 0.195066 0.630391
vt 0.585199 0.986559
vt 0.197840 0.558010
vt 0.555858 0.986559
vt 0.197456 0.585171
vt 0.024890 0.587527
vt 0.024627 0.594862
vt 0.025404 0.572757
vt 0.025432 0.565409
vt 0.023683 0.609681
vt 0.024295 0.602286
vt 0.023252 0.617088
vt 0.025598 0.558042
vt 0.025293 0.580168
vt 0.395546 0.826728
vt 0.014015 0.587088
vt 0.400724 0.821550
vt 0.013583 0.594271
vt 0.388674 0.839585
vt 0.014291 0.572564
vt 0.387245 0.846767
vt 0.014513 0.565305
vt 0.413580 0.814678
vt 0.012679 0.608932
vt 0.406814 0.817481
vt 0.013054 0.601609
vt 0.420764 0.813249
vt 0.012047 0.616226
vt 0.387245 0.854091
vt 0.014461 0.558059
vt 0.391477 0.832818
vt 0.014178 0.579889
vt 0.019657 0.609399
vt 0.016713 0.609211
vt 0.017205 0.601868
vt 0.020116 0.602025
vt 0.021126 0.580040
vt 0.018226 0.579979
vt 0.018426 0.572649
vt 0.021331 0.572682
vt 0.020549 0.594655
vt 0.017637 0.594522
vt 0.017987 0.587253
vt 0.020904 0.587353
vt 0.018520 0.565350
vt 0.021444 0.565362
vt 0.019082 0.616765
vt 0.016175 0.616542
vt 0.018571 0.558051
vt 0.021460 0.558047
vt 0.410018 0.838606
vt 0.307142 0.004484
vt 0.292597 0.585465
vt 0.908928 0.903291
vt 0.936470 0.453059
vt 0.406590 0.845019
vt 0.299870 0.004484
vt 0.405877 0.852256
vt 0.292597 0.004484
vt 0.415640 0.833992
vt 0.314414 0.004484
vt 0.314414 0.585465
vt 0.887131 0.903201
vt 0.422599 0.831881
vt 0.321687 0.004484
vt 0.307142 0.585465
vt 0.894375 0.903232
vt 0.299870 0.585465
vt 0.901652 0.903275
vt 0.321687 0.585465
vt 0.879885 0.903187
vt 0.365870 0.816439
vt 0.908935 0.900296
vt 0.936463 0.450064
vt 0.887269 0.863468
vt 0.377807 0.853129
vt 0.896298 0.863777
vt 0.372658 0.825868
vt 0.902036 0.890939
vt 0.879885 0.863356
vt 0.382797 0.876974
vt 0.382797 0.876974
vt 0.892971 0.839740
vt 0.892971 0.839740
vt 0.386138 0.897067
vt 0.386138 0.897067
vt 0.890533 0.819751
vt 0.890533 0.819751
vt 0.381582 0.975455
vt 0.381582 0.975455
vt 0.882199 0.741317
vt 0.882199 0.741317
vt 0.882199 0.741317
vt 0.380057 0.977211
vt 0.038627 0.034326
vt 0.038627 0.034326
vt 0.882038 0.738982
vt 0.365870 0.977211
vt 0.038627 0.020140
vt 0.879885 0.839326
vt 0.879885 0.839326
vt 0.879885 0.839326
vt 0.879885 0.819750
vt 0.879885 0.819750
vt 0.879885 0.819750
vt 0.879885 0.819750
vt 0.879885 0.741509
vt 0.879885 0.741509
vt 0.879885 0.741509
vt 0.879885 0.741509
vt 0.879885 0.741509
vt 0.879885 0.741509
vt 0.036616 0.035297
vt 0.036616 0.035297
vt 0.879885 0.739624
vt 0.879885 0.739624
vt 0.879885 0.739624
vt 0.879885 0.739624
vt 0.365870 0.853131
vt 0.365870 0.876879
vt 0.365870 0.876879
vt 0.365870 0.876879
vt 0.365870 0.897025
vt 0.365870 0.897025
vt 0.365870 0.897025
vt 0.365870 0.897025
vt 0.365870 0.975455
vt 0.365870 0.975455
vt 0.365870 0.975455
vt 0.036616 0.020140
vt 0.036616 0.020140
vt 0.036616 0.020140
vt 0.036616 0.020140
vt 0.384663 0.936261
vt 0.384663 0.936261
vt 0.886450 0.780565
vt 0.886450 0.780565
vt 0.886450 0.780565
vt 0.879885 0.780964
vt 0.879885 0.780964
vt 0.879885 0.780964
vt 0.879885 0.780964
vt 0.365870 0.936239
vt 0.365870 0.936239
vt 0.365870 0.936239
vt 0.365870 0.936239
vt 0.385820 0.916664
vt 0.385820 0.916664
vt 0.888617 0.800239
vt 0.888617 0.800239
vt 0.879885 0.800627
vt 0.879885 0.800627
vt 0.879885 0.800627
vt 0.879885 0.800627
vt 0.365870 0.916632
vt 0.365870 0.916632
vt 0.365870 0.916632
vt 0.365870 0.916632
vt 0.611617 0.962646
vt 0.578126 0.170846
vt 0.625108 0.962646
vt 0.576771 0.157612
vt 0.638598 0.962646
vt 0.575093 0.144501
vt 0.652089 0.962646
vt 0.573126 0.131440
vt 0.636755 0.971218
vt 0.625937 0.277763
vt 0.625108 0.971425
vt 0.612254 0.278385
vt 0.626007 0.527497
vt 0.625527 0.539898
vt 0.612241 0.527286
vt 0.598487 0.527493
vt 0.612230 0.539580
vt 0.598966 0.539881
vt 0.612256 0.552022
vt 0.624686 0.552498
vt 0.599820 0.552455
vt 0.586826 0.553915
vt 0.600990 0.566122
vt 0.589634 0.567672
vt 0.575472 0.571343
vt 0.584615 0.962646
vt 0.579675 0.197592
vt 0.613462 0.971218
vt 0.598571 0.277763
vt 0.598127 0.962646
vt 0.579112 0.184184
vt 0.582886 0.541227
vt 0.754656 0.919576
vt 0.506585 0.502778
vt 0.598270 0.606648
vt 0.500339 0.500030
vt 0.605206 0.605378
vt 0.489736 0.491520
vt 0.619191 0.605299
vt 0.485701 0.486017
vt 0.626064 0.606574
vt 0.482099 0.478292
vt 0.634391 0.609345
vt 0.480254 0.469971
vt 0.642158 0.613403
vt 0.784399 0.342703
vt 0.514906 0.504623
vt 0.589885 0.609301
vt 0.612212 0.604928
vt 0.494665 0.496239
vt 0.663057 0.577158
vt 0.763389 0.306697
vt 0.648978 0.571414
vt 0.655654 0.591534
vt 0.770857 0.320999
vt 0.643843 0.586080
vt 0.647434 0.605317
vt 0.779122 0.334699
vt 0.638112 0.600529
vt 0.628315 0.597385
vt 0.620297 0.595985
vt 0.612202 0.595502
vt 0.604090 0.595971
vt 0.596036 0.597363
vt 0.602413 0.580906
vt 0.612206 0.580425
vt 0.621988 0.580938
vt 0.612269 0.565633
vt 0.623525 0.566171
vt 0.634863 0.567729
vt 0.637689 0.553955
vt 0.641667 0.541257
vt 0.281364 0.861605
vt 0.665579 0.962646
vt 0.570830 0.118409
vt 0.679091 0.962646
vt 0.568172 0.105384
vt 0.631750 0.582528
vt 0.592642 0.582475
vt 0.580586 0.585995
vt 0.586219 0.600495
vt 0.312129 0.848972
vt 0.295975 0.848945
vt 0.740089 0.906817
vt 0.563080 0.159194
vt 0.561503 0.146389
vt 0.565262 0.185012
vt 0.565715 0.198005
vt 0.557355 0.120995
vt 0.559501 0.133675
vt 0.742394 0.931981
vt 0.573696 0.556735
vt 0.587245 0.964844
vt 0.741953 0.654575
vt 0.601545 0.970635
vt 0.584932 0.276006
vt 0.759078 0.656740
vt 0.584353 0.528154
vt 0.757332 0.907140
vt 0.640141 0.528108
vt 0.278722 0.849097
vt 0.650830 0.556774
vt 0.293503 0.874088
vt 0.666282 0.570167
vt 0.760130 0.299739
vt 0.312020 0.880613
vt 0.648672 0.970631
vt 0.639576 0.276006
vt 0.278722 0.598740
vt 0.662952 0.964843
vt 0.295862 0.596694
vt 0.679090 0.963006
vt 0.312996 0.596122
vt 0.554731 0.108407
vt 0.564338 0.172071
vt 0.528704 0.162919
vt 0.527393 0.151003
vt 0.530409 0.186892
vt 0.530969 0.198936
vt 0.523693 0.127438
vt 0.525793 0.139146
vt 0.521303 0.115874
vt 0.529708 0.174884
vt 0.496260 0.166063
vt 0.495095 0.154963
vt 0.497746 0.188474
vt 0.498195 0.199732
vt 0.492003 0.133025
vt 0.493669 0.143956
vt 0.490090 0.122192
vt 0.497172 0.177236
vt 0.466354 0.168743
vt 0.465408 0.158285
vt 0.467628 0.189808
vt 0.467926 0.200387
vt 0.462708 0.137579
vt 0.464155 0.147894
vt 0.461189 0.127367
vt 0.467102 0.179256
vt 0.444093 0.170547
vt 0.443235 0.160509
vt 0.445301 0.190737
vt 0.445675 0.200856
vt 0.441004 0.140597
vt 0.442214 0.150521
vt 0.439578 0.130747
vt 0.444870 0.180622
vt 0.430228 0.171605
vt 0.429368 0.161831
vt 0.431310 0.191268
vt 0.431517 0.201128
vt 0.427213 0.142395
vt 0.428374 0.152082
vt 0.425891 0.132759
vt 0.430784 0.181421
vt 0.624266 0.989650
vt 0.376812 0.175217
vt 0.633150 0.989650
vt 0.376131 0.166302
vt 0.605530 0.989650
vt 0.377717 0.193088
vt 0.594878 0.989650
vt 0.377951 0.202034
vt 0.651432 0.989650
vt 0.374356 0.148517
vt 0.641871 0.989650
vt 0.375317 0.157399
vt 0.659923 0.989650
vt 0.373265 0.139656
vt 0.614540 0.989650
vt 0.377347 0.184147
vt 0.624266 0.986559
vt 0.197132 0.521794
vt 0.633150 0.986559
vt 0.196736 0.512745
vt 0.605530 0.986559
vt 0.197662 0.539900
vt 0.594878 0.986559
vt 0.197794 0.548955
vt 0.651432 0.986559
vt 0.195681 0.494660
vt 0.641871 0.986559
vt 0.196252 0.503700
vt 0.659923 0.986559
vt 0.195022 0.485626
vt 0.614540 0.986559
vt 0.197441 0.530845
vt 0.024861 0.528510
vt 0.024593 0.521174
vt 0.025376 0.543315
vt 0.025417 0.550671
vt 0.023664 0.506392
vt 0.024271 0.513773
vt 0.023232 0.498991
vt 0.025258 0.535888
vt 0.400724 0.879310
vt 0.013918 0.528912
vt 0.406814 0.883379
vt 0.013616 0.521723
vt 0.391477 0.868041
vt 0.014233 0.543532
vt 0.388674 0.861275
vt 0.014484 0.550808
vt 0.420764 0.887610
vt 0.012685 0.507155
vt 0.413581 0.886181
vt 0.013081 0.514446
vt 0.428088 0.887610
vt 0.012030 0.499871
vt 0.395546 0.874131
vt 0.014094 0.536175
vt 0.019645 0.506676
vt 0.016707 0.506866
vt 0.017202 0.514186
vt 0.020103 0.514032
vt 0.021083 0.536018
vt 0.018172 0.536079
vt 0.018382 0.543435
vt 0.021295 0.543396
vt 0.020515 0.521375
vt 0.017602 0.521502
vt 0.017960 0.528773
vt 0.020875 0.528680
vt 0.018496 0.550747
vt 0.021425 0.550728
vt 0.019063 0.499317
vt 0.016156 0.499545
vt 0.412602 0.864837
vt 0.278053 0.004484
vt 0.407988 0.859216
vt 0.285325 0.004484
vt 0.419015 0.868265
vt 0.270781 0.004484
vt 0.270781 0.585465
vt 0.958267 0.452969
vt 0.426253 0.868978
vt 0.263508 0.004484
vt 0.278053 0.585465
vt 0.951023 0.453000
vt 0.285325 0.585465
vt 0.943746 0.453043
vt 0.263508 0.585465
vt 0.965513 0.452955
vt 0.958130 0.413236
vt 0.353934 0.853129
vt 0.949100 0.413545
vt 0.359082 0.825868
vt 0.943362 0.440707
vt 0.965513 0.413124
vt 0.348943 0.876974
vt 0.348943 0.876974
vt 0.952427 0.389508
vt 0.952427 0.389508
vt 0.345603 0.897067
vt 0.345603 0.897067
vt 0.954865 0.369519
vt 0.954865 0.369519
vt 0.350159 0.975455
vt 0.350159 0.975455
vt 0.963199 0.291085
vt 0.963199 0.291085
vt 0.963199 0.291085
vt 0.351684 0.977211
vt 0.038627 0.005954
vt 0.038627 0.005954
vt 0.963360 0.288751
vt 0.965513 0.389094
vt 0.965513 0.389094
vt 0.965513 0.389094
vt 0.965513 0.369518
vt 0.965513 0.369518
vt 0.965513 0.369518
vt 0.965513 0.369518
vt 0.965513 0.291277
vt 0.965513 0.291277
vt 0.965513 0.291277
vt 0.965513 0.291277
vt 0.965513 0.291277
vt 0.965513 0.291277
vt 0.036616 0.004983
vt 0.036616 0.004983
vt 0.965513 0.289392
vt 0.965513 0.289392
vt 0.965513 0.289392
vt 0.965513 0.289392
vt 0.347077 0.936261
vt 0.347077 0.936261
vt 0.958948 0.330333
vt 0.958948 0.330333
vt 0.958948 0.330333
vt 0.965513 0.330732
vt 0.965513 0.330732
vt 0.965513 0.330732
vt 0.965513 0.330732
vt 0.345921 0.916664
vt 0.345921 0.916664
vt 0.956781 0.350007
vt 0.956781 0.350007
vt 0.965513 0.350395
vt 0.965513 0.350395
vt 0.965513 0.350395
vt 0.965513 0.350395
vt 0.827507 0.962646
vt 0.548317 0.380018
vt 0.840998 0.962646
vt 0.553236 0.367542
vt 0.854509 0.962646
vt 0.557618 0.354986
vt 0.867999 0.962646
vt 0.561597 0.342316
vt 0.852663 0.971224
vt 0.736622 0.293699
vt 0.840999 0.971432
vt 0.722939 0.294322
vt 0.736692 0.543434
vt 0.736211 0.555835
vt 0.722926 0.543222
vt 0.709172 0.543430
vt 0.722915 0.555517
vt 0.709650 0.555818
vt 0.722940 0.567960
vt 0.735371 0.568435
vt 0.710505 0.568392
vt 0.697510 0.569851
vt 0.711675 0.582059
vt 0.700319 0.583609
vt 0.686157 0.587280
vt 0.672165 0.592868
vt 0.864910 0.305896
vt 0.787035 0.962646
vt 0.529722 0.006137
vt 0.529959 0.416410
vt 0.800526 0.962646
vt 0.536641 0.404469
vt 0.829349 0.971220
vt 0.709255 0.293699
vt 0.814016 0.962646
vt 0.542792 0.392349
vt 0.070446 0.957212
vt 0.693570 0.557164
vt 0.531751 0.428639
vt 0.708955 0.622585
vt 0.537997 0.431387
vt 0.715891 0.621315
vt 0.548600 0.439897
vt 0.729876 0.621236
vt 0.552635 0.445400
vt 0.736748 0.622511
vt 0.556238 0.453125
vt 0.745076 0.625282
vt 0.514906 0.426794
vt 0.692785 0.629307
vt 0.844546 0.342703
vt 0.523430 0.426794
vt 0.700569 0.625238
vt 0.543671 0.435178
vt 0.722896 0.620865
vt 0.759662 0.587351
vt 0.754528 0.602017
vt 0.748797 0.616466
vt 0.739000 0.613322
vt 0.730982 0.611921
vt 0.722887 0.611439
vt 0.714774 0.611908
vt 0.706720 0.613299
vt 0.713097 0.596843
vt 0.722891 0.596362
vt 0.732673 0.596875
vt 0.722954 0.581570
vt 0.734210 0.582108
vt 0.745547 0.583665
vt 0.748374 0.569892
vt 0.752351 0.557194
vt 0.853670 0.270182
vt 0.881490 0.962646
vt 0.565137 0.329520
vt 0.742434 0.598465
vt 0.703326 0.598412
vt 0.691270 0.601933
vt 0.679357 0.607305
vt 0.857836 0.320349
vt 0.687531 0.621161
vt 0.849829 0.334409
vt 0.696904 0.616432
vt 0.868193 0.257422
vt 0.039643 0.944582
vt 0.055791 0.944555
vt 0.540332 0.362742
vt 0.544616 0.350668
vt 0.530228 0.386358
vt 0.524214 0.397826
vt 0.551849 0.326068
vt 0.548342 0.338408
vt 0.058271 0.969702
vt 0.684380 0.572672
vt 0.669003 0.585922
vt 0.868020 0.298938
vt 0.039753 0.976227
vt 0.055896 0.692306
vt 0.803151 0.964841
vt 0.073036 0.694352
vt 0.817432 0.970631
vt 0.695617 0.291942
vt 0.073036 0.944757
vt 0.695038 0.544091
vt 0.750826 0.544045
vt 0.850942 0.257692
vt 0.761514 0.572711
vt 0.865894 0.282582
vt 0.864585 0.970633
vt 0.750261 0.291942
vt 0.849225 0.007342
vt 0.878864 0.964841
vt 0.866350 0.005177
vt 0.787036 0.963006
vt 0.038761 0.691736
vt 0.517413 0.013183
vt 0.517514 0.409257
vt 0.535560 0.374646
vt 0.509000 0.351028
vt 0.512653 0.340168
vt 0.500621 0.371822
vt 0.495921 0.381661
vt 0.518836 0.317688
vt 0.515989 0.329064
vt 0.490723 0.390928
vt 0.490767 0.031376
vt 0.505007 0.361585
vt 0.480017 0.341402
vt 0.482884 0.331312
vt 0.473647 0.360668
vt 0.470265 0.369738
vt 0.487924 0.310517
vt 0.485520 0.320991
vt 0.466777 0.378234
vt 0.466894 0.043930
vt 0.476938 0.351225
vt 0.453044 0.334224
vt 0.455327 0.324591
vt 0.448271 0.352824
vt 0.445860 0.361768
vt 0.459314 0.304788
vt 0.457393 0.314781
vt 0.443508 0.370418
vt 0.443651 0.051634
vt 0.450681 0.343648
vt 0.432532 0.329767
vt 0.434460 0.320302
vt 0.428579 0.348381
vt 0.426672 0.357516
vt 0.438029 0.301038
vt 0.436310 0.310721
vt 0.424877 0.366509
vt 0.425009 0.055466
vt 0.430624 0.339133
vt 0.419451 0.327145
vt 0.421200 0.317783
vt 0.415652 0.345722
vt 0.413692 0.355012
vt 0.424445 0.298848
vt 0.422886 0.308354
vt 0.411845 0.364448
vt 0.411952 0.057488
vt 0.417521 0.336440
vt 0.474818 0.989650
vt 0.367725 0.317493
vt 0.483702 0.989650
vt 0.369285 0.308744
vt 0.456082 0.989650
vt 0.364277 0.334921
vt 0.445431 0.989650
vt 0.362391 0.343600
vt 0.501984 0.989650
vt 0.372059 0.291157
vt 0.492423 0.989650
vt 0.370731 0.299964
vt 0.435752 0.989650
vt 0.734647 0.989650
vt 0.360397 0.352264
vt 0.360397 0.069642
vt 0.465092 0.989650
vt 0.366051 0.326218
vt 0.474818 0.986559
vt 0.191570 0.666455
vt 0.483702 0.986559
vt 0.192576 0.657453
vt 0.456082 0.986559
vt 0.189300 0.684427
vt 0.445431 0.986559
vt 0.188033 0.693395
vt 0.501984 0.986559
vt 0.194324 0.639419
vt 0.492423 0.986559
vt 0.193493 0.648440
vt 0.435752 0.986559
vt 0.734647 0.986559
vt 0.186560 0.413496
vt 0.186680 0.702348
vt 0.465092 0.986559
vt 0.190479 0.675447
vt 0.020294 0.646514
vt 0.021165 0.639220
vt 0.018509 0.661245
vt 0.017435 0.668544
vt 0.022534 0.624468
vt 0.021993 0.631856
vt 0.016522 0.440298
vt 0.016559 0.675832
vt 0.019542 0.653875
vt 0.448127 0.821550
vt 0.009413 0.645210
vt 0.442037 0.817481
vt 0.010232 0.638060
vt 0.457375 0.832818
vt 0.007431 0.659712
vt 0.460177 0.839584
vt 0.006496 0.666947
vt 0.428088 0.813249
vt 0.011568 0.623524
vt 0.435271 0.814678
vt 0.010832 0.630789
vt 0.461606 0.846767
vt 0.005182 0.674127
vt 0.005182 0.442032
vt 0.453306 0.826728
vt 0.008452 0.652415
vt 0.018520 0.624127
vt 0.015586 0.623860
vt 0.014944 0.631170
vt 0.017833 0.631466
vt 0.015389 0.653353
vt 0.012500 0.652959
vt 0.011553 0.660275
vt 0.014447 0.660694
vt 0.017103 0.638787
vt 0.014204 0.638461
vt 0.013430 0.645702
vt 0.016326 0.646064
vt 0.010502 0.667572
vt 0.013422 0.668018
vt 0.009284 0.441029
vt 0.009299 0.675121
vt 0.012330 0.440570
vt 0.012355 0.675573
vt 0.436250 0.836022
vt 0.336231 0.004484
vt 0.234420 0.585465
vt 0.350776 0.585465
vt 0.850842 0.903291
vt 0.994556 0.453059
vt 0.440863 0.841644
vt 0.343503 0.004484
vt 0.442974 0.848602
vt 0.234420 0.004484
vt 0.350776 0.004484
vt 0.429836 0.832594
vt 0.328959 0.004484
vt 0.328959 0.585465
vt 0.872640 0.903201
vt 0.336231 0.585465
vt 0.865396 0.903232
vt 0.343503 0.585465
vt 0.858119 0.903275
vt 0.956645 0.465842
vt 0.850836 0.900296
vt 0.994562 0.450064
vt 0.872502 0.863468
vt 0.944709 0.502532
vt 0.863473 0.863777
vt 0.949857 0.475271
vt 0.857735 0.890939
vt 0.939718 0.526376
vt 0.939718 0.526376
vt 0.866800 0.839740
vt 0.866800 0.839740
vt 0.936378 0.546470
vt 0.936378 0.546470
vt 0.869238 0.819751
vt 0.869238 0.819751
vt 0.940933 0.624858
vt 0.940933 0.624858
vt 0.877572 0.741317
vt 0.877572 0.741317
vt 0.877572 0.741317
vt 0.034604 0.034326
vt 0.034604 0.034326
vt 0.942459 0.626614
vt 0.877733 0.738982
vt 0.034604 0.020140
vt 0.956645 0.626614
vt 0.956645 0.502534
vt 0.956645 0.526282
vt 0.956645 0.526282
vt 0.956645 0.526282
vt 0.956645 0.546428
vt 0.956645 0.546428
vt 0.956645 0.546428
vt 0.956645 0.546428
vt 0.956645 0.624858
vt 0.956645 0.624858
vt 0.956645 0.624858
vt 0.937852 0.585664
vt 0.937852 0.585664
vt 0.873321 0.780565
vt 0.873321 0.780565
vt 0.873321 0.780565
vt 0.956645 0.585642
vt 0.956645 0.585642
vt 0.956645 0.585642
vt 0.956645 0.585642
vt 0.936696 0.566067
vt 0.936696 0.566067
vt 0.871154 0.800239
vt 0.871154 0.800239
vt 0.956645 0.566035
vt 0.956645 0.566035
vt 0.956645 0.566035
vt 0.956645 0.566035
vt 0.746543 0.962646
vt 0.547977 0.042054
vt 0.733053 0.962646
vt 0.552944 0.054469
vt 0.719562 0.962646
vt 0.557444 0.067007
vt 0.706072 0.962646
vt 0.561437 0.079701
vt 0.721405 0.971218
vt 0.798595 0.007137
vt 0.733052 0.971425
vt 0.812282 0.007674
vt 0.800086 0.256870
vt 0.800645 0.269263
vt 0.813845 0.256571
vt 0.827606 0.256697
vt 0.813923 0.268861
vt 0.827202 0.269094
vt 0.814005 0.281291
vt 0.801569 0.281847
vt 0.826433 0.281687
vt 0.839433 0.283062
vt 0.825339 0.295348
vt 0.836708 0.296834
vt 0.850898 0.300416
vt 0.773545 0.962646
vt 0.536308 0.017956
vt 0.744699 0.971218
vt 0.825962 0.006966
vt 0.760034 0.962646
vt 0.542365 0.029905
vt 0.843298 0.270345
vt 0.008929 0.957426
vt 0.498860 0.432241
vt 0.828225 0.335882
vt 0.493357 0.436276
vt 0.821292 0.334640
vt 0.484847 0.446879
vt 0.807303 0.334624
vt 0.482099 0.453125
vt 0.800419 0.335932
vt 0.480254 0.461447
vt 0.792091 0.338637
vt 0.506585 0.428639
vt 0.836631 0.338616
vt 0.814285 0.334221
vt 0.488638 0.441206
vt 0.777406 0.300886
vt 0.782607 0.315500
vt 0.788383 0.329902
vt 0.798143 0.326717
vt 0.806161 0.325300
vt 0.814257 0.324790
vt 0.822375 0.325232
vt 0.830437 0.326604
vt 0.823992 0.310145
vt 0.814193 0.309708
vt 0.804412 0.310265
vt 0.814059 0.294914
vt 0.802805 0.295511
vt 0.791483 0.297128
vt 0.788580 0.283385
vt 0.784525 0.270724
vt 0.342806 0.861816
vt 0.692581 0.962646
vt 0.564994 0.092467
vt 0.794664 0.311897
vt 0.833784 0.311666
vt 0.845904 0.315117
vt 0.840307 0.329686
vt 0.328283 0.849056
vt 0.023495 0.944667
vt 0.540133 0.059350
vt 0.544330 0.071417
vt 0.529991 0.035906
vt 0.524047 0.024505
vt 0.551739 0.095923
vt 0.548250 0.083592
vt 0.021190 0.969832
vt 0.852578 0.285803
vt 0.770916 0.964844
vt 0.021631 0.692425
vt 0.756615 0.970635
vt 0.839589 0.005123
vt 0.004506 0.694591
vt 0.841749 0.257272
vt 0.006253 0.944990
vt 0.785961 0.257572
vt 0.345534 0.849326
vt 0.775473 0.286281
vt 0.330582 0.874215
vt 0.709488 0.970632
vt 0.784945 0.005466
vt 0.347251 0.598975
vt 0.695206 0.964841
vt 0.330126 0.596811
vt 0.535302 0.047523
vt 0.508976 0.071119
vt 0.512658 0.081923
vt 0.500649 0.050305
vt 0.495925 0.040605
vt 0.518761 0.104389
vt 0.515876 0.093056
vt 0.504952 0.060579
vt 0.480043 0.080654
vt 0.482894 0.090745
vt 0.473692 0.061457
vt 0.470345 0.052408
vt 0.487915 0.111532
vt 0.485516 0.101064
vt 0.476951 0.070887
vt 0.453077 0.087815
vt 0.455340 0.097449
vt 0.448348 0.069223
vt 0.445967 0.060282
vt 0.459369 0.117259
vt 0.457375 0.107269
vt 0.450734 0.078395
vt 0.432580 0.092224
vt 0.434516 0.101693
vt 0.428657 0.073607
vt 0.426774 0.064467
vt 0.438052 0.120971
vt 0.436407 0.111281
vt 0.430681 0.082859
vt 0.419462 0.094833
vt 0.421181 0.104206
vt 0.415722 0.076235
vt 0.413781 0.066938
vt 0.424420 0.123183
vt 0.422809 0.113658
vt 0.417553 0.085525
vt 0.695580 0.989650
vt 0.367714 0.104465
vt 0.686696 0.989650
vt 0.369273 0.113220
vt 0.714317 0.989650
vt 0.364268 0.087020
vt 0.724968 0.989650
vt 0.362386 0.078324
vt 0.668415 0.989650
vt 0.372051 0.130819
vt 0.677975 0.989650
vt 0.370718 0.122007
vt 0.705306 0.989650
vt 0.366044 0.095731
vt 0.695580 0.986559
vt 0.191504 0.449572
vt 0.686696 0.986559
vt 0.192515 0.458571
vt 0.714317 0.986559
vt 0.189222 0.431608
vt 0.724968 0.986559
vt 0.187951 0.422645
vt 0.668415 0.986559
vt 0.194274 0.476600
vt 0.677975 0.986559
vt 0.193438 0.467581
vt 0.705306 0.986559
vt 0.190407 0.440585
vt 0.020278 0.469531
vt 0.021155 0.476820
vt 0.018499 0.454844
vt 0.017413 0.447565
vt 0.022513 0.491608
vt 0.021974 0.484207
vt 0.019536 0.462193
vt 0.453306 0.874130
vt 0.009464 0.470786
vt 0.448127 0.879310
vt 0.010151 0.477948
vt 0.460177 0.861275
vt 0.007467 0.456392
vt 0.461606 0.854091
vt 0.006514 0.449187
vt 0.435271 0.886181
vt 0.011527 0.492569
vt 0.442037 0.883378
vt 0.010765 0.485276
vt 0.457375 0.868041
vt 0.008504 0.463648
vt 0.018493 0.491951
vt 0.015555 0.492221
vt 0.014906 0.484890
vt 0.017805 0.484595
vt 0.015395 0.462713
vt 0.012518 0.463104
vt 0.011569 0.455822
vt 0.014452 0.455399
vt 0.017093 0.477247
vt 0.014195 0.477567
vt 0.013414 0.470331
vt 0.016312 0.469976
vt 0.010504 0.448552
vt 0.013413 0.448099
vt 0.438833 0.862253
vt 0.248964 0.004484
vt 0.442261 0.855840
vt 0.241692 0.004484
vt 0.433212 0.866867
vt 0.256236 0.004484
vt 0.256236 0.585465
vt 0.972758 0.452969
vt 0.248964 0.585465
vt 0.980002 0.453000
vt 0.241692 0.585465
vt 0.987279 0.453043
vt 0.972896 0.413236
vt 0.968582 0.502532
vt 0.981925 0.413545
vt 0.963433 0.475271
vt 0.987663 0.440707
vt 0.973572 0.526376
vt 0.973572 0.526376
vt 0.978598 0.389508
vt 0.978598 0.389508
vt 0.976913 0.546470
vt 0.976913 0.546470
vt 0.976160 0.369519
vt 0.976160 0.369519
vt 0.972357 0.624858
vt 0.972357 0.624858
vt 0.967826 0.291085
vt 0.967826 0.291085
vt 0.967826 0.291085
vt 0.034604 0.005954
vt 0.034604 0.005954
vt 0.970832 0.626614
vt 0.967666 0.288751
vt 0.975438 0.585664
vt 0.975438 0.585664
vt 0.972077 0.330333
vt 0.972077 0.330333
vt 0.972077 0.330333
vt 0.976594 0.566067
vt 0.976594 0.566067
vt 0.974244 0.350007
vt 0.974244 0.350007
f 101/101 2/2 136/136
f 136/136 4/4 99/99
f 4/4 100/100 99/99
f 6/6 104/104 100/100
f 9/9 3/3 11/11
f 124/124 5/5 9/9
f 116/116 33/33 114/114
f 117/117 10/10 13/13
f 117/117 14/14 80/80
f 15/15 14/14 13/13
f 95/95 128/128 96/96
f 15/15 18/18 17/17
f 19/19 18/18 21/21
f 37/37 106/106 22/22
f 20/20 78/78 79/79
f 24/24 21/21 22/22
f 24/24 106/106 25/25
f 80/80 79/79 119/119
f 19/19 77/77 20/20
f 30/30 132/132 111/111
f 34/34 111/111 113/113
f 1/1 113/113 32/32
f 31/31 101/101 102/102
f 3/3 32/32 11/11
f 12/12 16/16 15/15
f 116/116 18/18 16/16
f 18/18 22/22 21/21
f 135/135 31/31 102/102
f 38/38 55/55 52/52
f 38/38 39/39 55/55
f 38/38 57/57 41/41
f 38/38 41/41 39/39
f 38/38 45/45 43/43
f 38/38 47/47 45/45
f 12/12 13/13 10/10
f 38/38 49/49 47/47
f 96/96 126/126 118/118
f 105/105 97/97 109/109
f 69/69 46/46 68/68
f 38/38 43/43 57/57
f 67/67 62/62 64/64
f 48/48 65/65 67/67
f 64/64 68/68 67/67
f 68/68 48/48 67/67
f 58/58 69/69 70/70
f 23/23 74/74 76/76
f 70/70 42/42 58/58
f 42/42 72/72 40/40
f 73/73 72/72 71/71
f 74/74 71/71 70/70
f 74/74 69/69 75/75
f 77/77 87/87 78/78
f 76/76 75/75 77/77
f 64/64 78/78 87/87
f 119/119 78/78 61/61
f 59/59 64/64 62/62
f 14/14 79/79 80/80
f 127/127 7/7 124/124
f 83/83 134/134 103/103
f 8/8 103/103 104/104
f 24/24 73/73 23/23
f 89/89 24/24 25/25
f 90/90 25/25 27/27
f 87/87 69/69 68/68
f 92/92 89/89 90/90
f 94/94 40/40 72/72
f 94/94 88/88 89/89
f 53/53 94/94 92/92
f 61/61 121/121 119/119
f 129/129 82/82 127/127
f 96/96 81/81 120/120
f 19/19 14/14 17/17
f 25/25 108/108 27/27
f 120/120 95/95 96/96
f 110/110 97/97 98/98
f 112/112 98/98 115/115
f 23/23 19/19 21/21
f 99/99 145/145 136/136
f 100/100 142/142 138/138
f 102/102 144/144 135/135
f 103/103 142/142 104/104
f 136/136 139/139 101/101
f 99/99 138/138 137/137
f 102/102 139/139 140/140
f 103/103 143/143 141/141
f 140/140 148/148 149/149
f 141/141 152/152 150/150
f 137/137 154/154 145/145
f 138/138 151/151 147/147
f 140/140 153/153 144/144
f 141/141 151/151 142/142
f 145/145 148/148 139/139
f 137/137 147/147 146/146
f 146/146 163/163 154/154
f 147/147 160/160 156/156
f 149/149 162/162 153/153
f 150/150 160/160 151/151
f 154/154 157/157 148/148
f 146/146 156/156 155/155
f 149/149 157/157 158/158
f 150/150 161/161 159/159
f 162/162 167/167 171/171
f 160/160 168/168 169/169
f 163/163 166/166 157/157
f 156/156 164/164 155/155
f 157/157 167/167 158/158
f 161/161 168/168 159/159
f 163/163 164/164 172/172
f 160/160 165/165 156/156
f 172/172 175/175 166/166
f 165/165 173/173 164/164
f 166/166 176/176 167/167
f 170/170 177/177 168/168
f 172/172 173/173 181/181
f 169/169 174/174 165/165
f 171/171 176/176 180/180
f 169/169 177/177 178/178
f 177/177 195/195 191/191
f 173/173 199/199 181/181
f 174/174 193/193 185/185
f 176/176 197/197 180/180
f 177/177 193/193 178/178
f 181/181 187/187 175/175
f 174/174 183/183 173/173
f 175/175 189/189 176/176
f 182/182 216/216 198/198
f 184/184 210/210 202/202
f 188/188 214/214 196/196
f 190/190 210/210 192/192
f 186/186 216/216 204/204
f 182/182 202/202 200/200
f 188/188 204/204 206/206
f 190/190 212/212 208/208
f 209/209 223/223 211/211
f 217/217 220/220 205/205
f 203/203 218/218 201/201
f 205/205 221/221 207/207
f 213/213 222/222 209/209
f 201/201 226/226 217/217
f 211/211 219/219 203/203
f 207/207 225/225 215/215
f 246/246 238/238 247/247
f 250/250 232/232 251/251
f 255/255 230/230 228/228
f 257/257 232/232 234/234
f 246/246 240/240 236/236
f 255/255 244/244 250/250
f 254/254 238/238 230/230
f 257/257 242/242 261/261
f 225/225 258/258 262/262
f 258/258 261/261 262/262
f 223/223 253/253 219/219
f 248/248 254/254 253/253
f 226/226 256/256 249/249
f 256/256 250/250 249/249
f 224/224 245/245 222/222
f 259/259 246/246 245/245
f 220/220 258/258 221/221
f 252/252 257/257 258/258
f 219/219 256/256 218/218
f 253/253 255/255 256/256
f 220/220 249/249 252/252
f 249/249 251/251 252/252
f 223/223 245/245 248/248
f 245/245 247/247 248/248
f 227/227 229/229 263/263
f 233/233 268/268 270/270
f 235/235 276/276 272/272
f 243/243 263/263 268/268
f 229/229 272/272 263/263
f 241/241 233/233 270/270
f 237/237 235/235 272/272
f 231/231 243/243 268/268
f 269/269 265/265 271/271
f 277/277 274/274 273/273
f 264/264 280/280 269/269
f 273/273 278/278 264/264
f 279/279 287/287 289/289
f 283/283 287/287 275/275
f 279/279 291/291 281/281
f 281/281 285/285 266/266
f 303/303 327/327 309/309
f 350/350 323/323 305/305
f 312/312 299/299 296/296
f 287/287 295/295 289/289
f 287/287 314/314 295/295
f 293/293 338/338 334/334
f 288/288 332/332 331/331
f 339/339 306/306 310/310
f 360/360 337/337 297/297
f 308/308 345/345 311/311
f 302/302 357/357 346/346
f 362/362 351/351 348/348
f 317/317 361/361 300/300
f 347/347 369/369 359/359
f 290/290 331/331 284/284
f 36/36 98/98 105/105
f 457/457 372/372 401/401
f 485/485 374/374 372/372
f 456/456 374/374 455/455
f 460/460 376/376 456/456
f 379/379 373/373 375/375
f 477/477 375/375 377/377
f 399/399 468/468 466/466
f 470/470 380/380 478/478
f 470/470 384/384 383/383
f 384/384 385/385 383/383
f 452/452 481/481 483/483
f 385/385 388/388 386/386
f 388/388 389/389 391/391
f 402/402 392/392 462/462
f 390/390 440/440 439/439
f 394/394 391/391 393/393
f 394/394 462/462 392/392
f 442/442 472/472 441/441
f 389/389 439/439 438/438
f 396/396 132/132 28/28
f 463/463 400/400 465/465
f 465/465 371/371 398/398
f 457/457 397/397 458/458
f 398/398 373/373 381/381
f 386/386 382/382 385/385
f 388/388 468/468 386/386
f 388/388 392/392 402/402
f 135/135 397/397 29/29
f 38/38 52/52 417/417
f 38/38 417/417 404/404
f 38/38 406/406 420/420
f 38/38 404/404 406/406
f 38/38 408/408 410/410
f 38/38 410/410 412/412
f 382/382 383/383 385/385
f 38/38 412/412 414/414
f 453/453 479/479 481/481
f 461/461 97/97 454/454
f 431/431 411/411 409/409
f 38/38 420/420 408/408
f 429/429 424/424 427/427
f 427/427 413/413 429/429
f 430/430 426/426 429/429
f 430/430 413/413 411/411
f 419/419 431/431 409/409
f 436/436 393/393 438/438
f 432/432 407/407 433/433
f 407/407 434/434 433/433
f 435/435 434/434 449/449
f 436/436 433/433 435/435
f 431/431 436/436 437/437
f 448/448 439/439 440/440
f 437/437 438/438 439/439
f 426/426 440/440 423/423
f 472/472 440/440 441/441
f 426/426 421/421 424/424
f 441/441 384/384 442/442
f 480/480 377/377 444/444
f 484/484 445/445 459/459
f 459/459 378/378 460/460
f 394/394 435/435 449/449
f 450/450 394/394 449/449
f 395/395 91/91 26/26
f 448/448 431/431 437/437
f 93/93 450/450 451/451
f 451/451 405/405 418/418
f 451/451 449/449 434/434
f 451/451 54/54 93/93
f 474/474 423/423 472/472
f 482/482 444/444 446/446
f 453/453 443/443 471/471
f 384/384 389/389 387/387
f 395/395 107/107 462/462
f 452/452 473/473 453/453
f 97/97 464/464 454/454
f 467/467 454/454 464/464
f 389/389 393/393 391/391
f 493/493 455/455 485/485
f 456/456 491/491 460/460
f 144/144 458/458 135/135
f 491/491 459/459 460/460
f 488/488 485/485 457/457
f 455/455 487/487 456/456
f 458/458 488/488 457/457
f 459/459 492/492 484/484
f 489/489 496/496 488/488
f 490/490 500/500 492/492
f 501/501 486/486 493/493
f 487/487 499/499 491/491
f 153/153 489/489 144/144
f 499/499 490/490 491/491
f 496/496 493/493 488/488
f 486/486 495/495 487/487
f 509/509 494/494 501/501
f 495/495 507/507 499/499
f 162/162 497/497 153/153
f 507/507 498/498 499/499
f 504/504 501/501 496/496
f 494/494 503/503 495/495
f 497/497 504/504 496/496
f 498/498 508/508 500/500
f 162/162 513/513 505/505
f 507/507 514/514 506/506
f 512/512 509/509 504/504
f 510/510 503/503 502/502
f 513/513 504/504 505/505
f 514/514 508/508 506/506
f 509/509 510/510 502/502
f 511/511 507/507 503/503
f 520/520 517/517 512/512
f 518/518 511/511 510/510
f 521/521 512/512 513/513
f 522/522 516/516 514/514
f 517/517 518/518 510/510
f 519/519 515/515 511/511
f 171/171 521/521 513/513
f 515/515 522/522 514/514
f 522/522 539/539 524/524
f 541/541 518/518 525/525
f 519/519 537/537 523/523
f 197/197 521/521 180/180
f 537/537 522/522 523/523
f 531/531 525/525 520/520
f 527/527 519/519 518/518
f 533/533 520/520 521/521
f 556/556 526/526 540/540
f 528/528 552/552 536/536
f 214/214 532/532 196/196
f 552/552 534/534 536/536
f 530/530 556/556 540/540
f 526/526 544/544 528/528
f 532/532 546/546 530/530
f 534/534 554/554 538/538
f 563/563 551/551 553/553
f 560/560 557/557 547/547
f 558/558 545/545 543/543
f 561/561 547/547 549/549
f 562/562 555/555 551/551
f 565/565 543/543 557/557
f 559/559 553/553 545/545
f 225/225 549/549 215/215
f 577/577 583/583 584/584
f 571/571 587/587 588/588
f 592/592 569/569 591/591
f 594/594 571/571 588/588
f 583/583 579/579 597/597
f 581/581 592/592 587/587
f 591/591 577/577 584/584
f 242/242 594/594 261/261
f 225/225 595/595 561/561
f 261/261 595/595 262/262
f 590/590 563/563 559/559
f 591/591 585/585 590/590
f 565/565 593/593 558/558
f 587/587 593/593 586/586
f 582/582 564/564 562/562
f 583/583 596/596 582/582
f 595/595 560/560 561/561
f 594/594 589/589 595/595
f 593/593 559/559 558/558
f 592/592 590/590 593/593
f 560/560 586/586 565/565
f 588/588 586/586 589/589
f 563/563 582/582 562/562
f 584/584 582/582 585/585
f 566/566 598/598 568/568
f 572/572 600/600 570/570
f 574/574 606/606 578/578
f 580/580 598/598 566/566
f 568/568 602/602 576/576
f 241/241 270/270 572/572
f 576/576 602/602 574/574
f 570/570 600/600 580/580
f 265/265 601/601 271/271
f 604/604 607/607 603/603
f 610/610 599/599 601/601
f 608/608 603/603 599/599
f 609/609 614/614 605/605
f 614/614 613/613 605/605
f 618/618 609/609 611/611
f 286/286 611/611 267/267
f 631/631 655/655 645/645
f 659/659 646/646 663/663
f 626/626 637/637 623/623
f 614/614 616/616 622/622
f 614/614 639/639 619/619
f 620/620 336/336 625/625
f 615/615 332/332 621/621
f 339/339 633/633 628/628
f 666/666 335/335 368/368
f 345/345 635/635 311/311
f 629/629 355/355 340/340
f 668/668 661/661 671/671
f 667/667 642/642 627/627
f 657/657 367/367 356/356
f 617/617 331/331 615/615
f 403/403 454/454 469/469
f 760/760 674/674 708/708
f 789/789 676/676 674/674
f 759/759 676/676 758/758
f 763/763 678/678 759/759
f 681/681 675/675 677/677
f 780/780 677/677 679/679
f 706/706 775/775 773/773
f 776/776 682/682 781/781
f 776/776 686/686 685/685
f 686/686 687/687 685/685
f 95/95 784/784 131/131
f 687/687 690/690 688/688
f 690/690 691/691 693/693
f 710/710 694/694 765/765
f 692/692 741/741 740/740
f 696/696 693/693 695/695
f 696/696 765/765 694/694
f 743/743 778/778 742/742
f 691/691 740/740 739/739
f 703/703 785/785 700/700
f 770/770 707/707 772/772
f 772/772 673/673 705/705
f 760/760 704/704 761/761
f 705/705 675/675 683/683
f 688/688 684/684 687/687
f 690/690 775/775 688/688
f 690/690 694/694 710/710
f 788/788 704/704 702/702
f 38/38 721/721 724/724
f 38/38 724/724 711/711
f 38/38 713/713 726/726
f 38/38 711/711 713/713
f 38/38 715/715 717/717
f 38/38 717/717 719/719
f 684/684 685/685 687/687
f 38/38 719/719 49/49
f 755/755 782/782 784/784
f 764/764 756/756 757/757
f 732/732 718/718 716/716
f 38/38 726/726 715/715
f 730/730 63/63 66/66
f 66/66 720/720 730/730
f 731/731 729/729 730/730
f 731/731 720/720 718/718
f 727/727 732/732 716/716
f 737/737 695/695 739/739
f 733/733 714/714 734/734
f 714/714 735/735 734/734
f 736/736 735/735 748/748
f 737/737 734/734 736/736
f 732/732 737/737 738/738
f 747/747 740/740 741/741
f 738/738 739/739 740/740
f 729/729 741/741 728/728
f 778/778 741/741 742/742
f 729/729 60/60 63/63
f 742/742 686/686 743/743
f 783/783 679/679 745/745
f 134/134 746/746 762/762
f 762/762 680/680 763/763
f 696/696 736/736 748/748
f 749/749 696/696 748/748
f 697/697 750/750 698/698
f 747/747 732/732 738/738
f 752/752 749/749 754/754
f 754/754 712/712 725/725
f 754/754 748/748 735/735
f 754/754 722/722 752/752
f 122/122 728/728 778/778
f 130/130 745/745 85/85
f 755/755 744/744 777/777
f 686/686 691/691 689/689
f 697/697 766/766 765/765
f 95/95 779/779 755/755
f 756/756 769/769 757/757
f 771/771 757/757 769/769
f 691/691 695/695 693/693
f 798/798 758/758 789/789
f 759/759 795/795 763/763
f 796/796 761/761 788/788
f 795/795 762/762 763/763
f 792/792 789/789 760/760
f 758/758 791/791 759/759
f 761/761 792/792 760/760
f 762/762 143/143 134/134
f 793/793 801/801 792/792
f 794/794 152/152 143/143
f 807/807 790/790 798/798
f 791/791 804/804 795/795
f 805/805 793/793 796/796
f 804/804 794/794 795/795
f 801/801 798/798 792/792
f 790/790 800/800 791/791
f 816/816 799/799 807/807
f 800/800 813/813 804/804
f 814/814 802/802 805/805
f 813/813 803/803 804/804
f 810/810 807/807 801/801
f 799/799 809/809 800/800
f 802/802 810/810 801/801
f 803/803 161/161 152/152
f 814/814 820/820 811/811
f 813/813 821/821 812/812
f 819/819 816/816 810/810
f 817/817 809/809 808/808
f 820/820 810/810 811/811
f 821/821 161/161 812/812
f 816/816 817/817 808/808
f 818/818 813/813 809/809
f 828/828 825/825 819/819
f 826/826 818/818 817/817
f 829/829 819/819 820/820
f 830/830 170/170 821/821
f 825/825 826/826 817/817
f 827/827 822/822 818/818
f 823/823 829/829 820/820
f 822/822 830/830 821/821
f 830/830 195/195 179/179
f 852/852 826/826 834/834
f 827/827 846/846 831/831
f 849/849 829/829 832/832
f 846/846 830/830 831/831
f 840/840 834/834 828/828
f 836/836 827/827 826/826
f 842/842 828/828 829/829
f 869/869 835/835 851/851
f 837/837 863/863 845/845
f 865/865 841/841 847/847
f 863/863 843/843 845/845
f 839/839 869/869 851/851
f 835/835 855/855 837/837
f 841/841 857/857 839/839
f 843/843 212/212 194/194
f 876/876 862/862 864/864
f 873/873 870/870 858/858
f 871/871 856/856 854/854
f 874/874 858/858 860/860
f 875/875 213/213 862/862
f 879/879 854/854 870/870
f 872/872 864/864 856/856
f 878/878 860/860 868/868
f 891/891 898/898 899/899
f 885/885 902/902 903/903
f 907/907 883/883 906/906
f 909/909 885/885 903/903
f 898/898 240/240 260/260
f 896/896 907/907 902/902
f 906/906 891/891 899/899
f 893/893 909/909 912/912
f 878/878 910/910 874/874
f 912/912 910/910 914/914
f 905/905 876/876 872/872
f 906/906 900/900 905/905
f 879/879 908/908 871/871
f 902/902 908/908 901/901
f 897/897 224/224 875/875
f 898/898 259/259 897/897
f 910/910 873/873 874/874
f 909/909 904/904 910/910
f 908/908 872/872 871/871
f 907/907 905/905 908/908
f 873/873 901/901 879/879
f 903/903 901/901 904/904
f 876/876 897/897 875/875
f 899/899 897/897 900/900
f 880/880 915/915 882/882
f 886/886 921/921 884/884
f 888/888 276/276 239/239
f 895/895 915/915 880/880
f 882/882 926/926 890/890
f 892/892 923/923 886/886
f 890/890 926/926 888/888
f 884/884 921/921 895/895
f 918/918 922/922 925/925
f 928/928 277/277 927/927
f 932/932 916/916 922/922
f 930/930 927/927 916/916
f 931/931 937/937 929/929
f 937/937 283/283 929/929
f 941/941 931/931 933/933
f 935/935 933/933 919/919
f 953/953 330/330 320/320
f 975/975 322/322 354/354
f 948/948 313/313 945/945
f 937/937 939/939 944/944
f 937/937 314/314 292/292
f 942/942 968/968 947/947
f 938/938 962/962 943/943
f 969/969 957/957 950/950
f 982/982 967/967 988/988
f 343/343 956/956 959/959
f 951/951 979/979 971/971
f 984/984 352/352 366/366
f 983/983 318/318 949/949
f 973/973 987/987 980/980
f 940/940 961/961 938/938
f 709/709 757/757 774/774
f 1063/1063 990/990 1085/1085
f 1085/1085 992/992 1061/1061
f 992/992 1062/1062 1061/1061
f 994/994 1066/1066 1062/1062
f 997/997 991/991 999/999
f 1080/1080 993/993 997/997
f 1074/1074 1017/1017 1072/1072
f 1076/1076 998/998 1001/1001
f 1076/1076 1002/1002 1051/1051
f 1003/1003 1002/1002 1001/1001
f 452/452 1084/1084 1059/1059
f 1003/1003 1006/1006 1005/1005
f 1007/1007 1006/1006 1009/1009
f 1020/1020 1068/1068 1010/1010
f 1008/1008 1049/1049 1050/1050
f 1012/1012 1009/1009 1010/1010
f 1012/1012 1068/1068 1013/1013
f 1051/1051 1050/1050 1078/1078
f 1007/1007 1048/1048 1008/1008
f 1014/1014 785/785 1069/1069
f 1018/1018 1069/1069 1071/1071
f 989/989 1071/1071 1016/1016
f 1015/1015 1063/1063 1064/1064
f 991/991 1016/1016 999/999
f 1000/1000 1004/1004 1003/1003
f 1074/1074 1006/1006 1004/1004
f 1006/1006 1010/1010 1009/1009
f 787/787 1015/1015 1064/1064
f 38/38 1032/1032 721/721
f 38/38 1022/1022 1032/1032
f 38/38 1035/1035 1024/1024
f 38/38 1024/1024 1022/1022
f 38/38 1028/1028 1026/1026
f 38/38 1030/1030 1028/1028
f 1000/1000 1001/1001 998/998
f 38/38 414/414 1030/1030
f 1059/1059 1082/1082 1077/1077
f 1067/1067 756/756 768/768
f 1040/1040 1029/1029 1039/1039
f 38/38 1026/1026 1035/1035
f 1038/1038 425/425 1037/1037
f 1031/1031 428/428 1038/1038
f 1037/1037 1039/1039 1038/1038
f 1039/1039 1031/1031 1038/1038
f 1034/1034 1040/1040 1041/1041
f 1011/1011 1045/1045 1047/1047
f 1041/1041 1025/1025 1034/1034
f 1025/1025 1043/1043 1023/1023
f 1044/1044 1043/1043 1042/1042
f 1045/1045 1042/1042 1041/1041
f 1045/1045 1040/1040 1046/1046
f 1048/1048 1055/1055 1049/1049
f 1047/1047 1046/1046 1048/1048
f 1037/1037 1049/1049 1055/1055
f 1078/1078 1049/1049 1036/1036
f 422/422 1037/1037 425/425
f 1002/1002 1050/1050 1051/1051
f 1083/1083 995/995 1080/1080
f 1054/1054 484/484 1065/1065
f 996/996 1065/1065 1066/1066
f 1012/1012 1044/1044 1011/1011
f 1057/1057 1012/1012 1013/1013
f 751/751 1013/1013 699/699
f 1055/1055 1040/1040 1039/1039
f 753/753 1057/1057 751/751
f 1058/1058 1023/1023 1043/1043
f 1058/1058 1056/1056 1057/1057
f 723/723 1058/1058 753/753
f 1036/1036 475/475 1078/1078
f 482/482 1053/1053 1083/1083
f 1059/1059 1052/1052 1079/1079
f 1007/1007 1002/1002 1005/1005
f 1013/1013 767/767 699/699
f 1079/1079 452/452 1059/1059
f 1070/1070 756/756 1060/1060
f 1073/1073 1060/1060 1075/1075
f 1011/1011 1007/1007 1009/1009
f 1061/1061 1092/1092 1085/1085
f 1062/1062 1091/1091 1087/1087
f 1064/1064 797/797 787/787
f 1065/1065 1091/1091 1066/1066
f 1085/1085 1088/1088 1063/1063
f 1061/1061 1087/1087 1086/1086
f 1064/1064 1088/1088 1089/1089
f 1065/1065 492/492 1090/1090
f 1089/1089 1095/1095 1096/1096
f 1090/1090 500/500 1097/1097
f 1086/1086 1099/1099 1092/1092
f 1087/1087 1098/1098 1094/1094
f 1089/1089 806/806 797/797
f 1090/1090 1098/1098 1091/1091
f 1092/1092 1095/1095 1088/1088
f 1086/1086 1094/1094 1093/1093
f 1093/1093 1106/1106 1099/1099
f 1094/1094 1105/1105 1101/1101
f 1096/1096 815/815 806/806
f 1097/1097 1105/1105 1098/1098
f 1099/1099 1102/1102 1095/1095
f 1093/1093 1101/1101 1100/1100
f 1096/1096 1102/1102 1103/1103
f 1097/1097 508/508 1104/1104
f 815/815 1110/1110 824/824
f 1105/1105 1111/1111 1112/1112
f 1106/1106 1109/1109 1102/1102
f 1101/1101 1107/1107 1100/1100
f 1102/1102 1110/1110 1103/1103
f 508/508 1111/1111 1104/1104
f 1106/1106 1107/1107 1113/1113
f 1105/1105 1108/1108 1101/1101
f 1113/1113 1116/1116 1109/1109
f 1108/1108 1114/1114 1107/1107
f 1109/1109 1117/1117 1110/1110
f 516/516 1118/1118 1111/1111
f 1113/1113 1114/1114 1120/1120
f 1112/1112 1115/1115 1108/1108
f 824/824 1117/1117 833/833
f 1112/1112 1118/1118 1119/1119
f 1118/1118 539/539 1130/1130
f 1114/1114 1134/1134 1120/1120
f 1115/1115 1132/1132 1124/1124
f 1117/1117 850/850 833/833
f 1118/1118 1132/1132 1119/1119
f 1120/1120 1126/1126 1116/1116
f 1115/1115 1122/1122 1114/1114
f 1116/1116 1128/1128 1117/1117
f 1121/1121 1147/1147 1133/1133
f 1123/1123 1145/1145 1137/1137
f 1127/1127 866/866 848/848
f 1129/1129 1145/1145 1131/1131
f 1125/1125 1147/1147 1139/1139
f 1121/1121 1137/1137 1135/1135
f 1127/1127 1139/1139 1141/1141
f 1129/1129 554/554 1143/1143
f 1144/1144 1154/1154 1146/1146
f 1148/1148 1151/1151 1140/1140
f 1138/1138 1149/1149 1136/1136
f 1140/1140 1152/1152 1142/1142
f 555/555 1153/1153 1144/1144
f 1136/1136 1155/1155 1148/1148
f 1146/1146 1150/1150 1138/1138
f 1142/1142 877/877 867/867
f 1171/1171 1167/1167 1172/1172
f 1175/1175 1161/1161 1176/1176
f 1180/1180 1159/1159 1157/1157
f 1182/1182 1161/1161 1163/1163
f 1171/1171 579/579 1165/1165
f 1180/1180 1169/1169 1175/1175
f 1179/1179 1167/1167 1159/1159
f 1182/1182 894/894 911/911
f 877/877 1183/1183 913/913
f 1183/1183 911/911 913/913
f 1154/1154 1178/1178 1150/1150
f 1173/1173 1179/1179 1178/1178
f 1155/1155 1181/1181 1174/1174
f 1181/1181 1175/1175 1174/1174
f 564/564 1170/1170 1153/1153
f 596/596 1171/1171 1170/1170
f 1151/1151 1183/1183 1152/1152
f 1177/1177 1182/1182 1183/1183
f 1150/1150 1181/1181 1149/1149
f 1178/1178 1180/1180 1181/1181
f 1151/1151 1174/1174 1177/1177
f 1174/1174 1176/1176 1177/1177
f 1154/1154 1170/1170 1173/1173
f 1170/1170 1172/1172 1173/1173
f 1156/1156 1158/1158 1184/1184
f 1162/1162 1186/1186 923/923
f 1164/1164 606/606 1188/1188
f 1168/1168 1184/1184 1186/1186
f 1158/1158 1188/1188 1184/1184
f 892/892 1162/1162 923/923
f 1166/1166 1164/1164 1188/1188
f 1160/1160 1168/1168 1186/1186
f 1187/1187 917/917 924/924
f 607/607 1190/1190 1189/1189
f 1185/1185 1194/1194 1187/1187
f 1189/1189 1192/1192 1185/1185
f 1193/1193 1196/1196 1198/1198
f 613/613 1196/1196 1191/1191
f 1193/1193 1200/1200 1195/1195
f 1195/1195 936/936 920/920
f 1211/1211 653/653 1217/1217
f 1222/1222 649/649 1213/1213
f 638/638 1207/1207 1204/1204
f 1196/1196 1203/1203 1198/1198
f 1196/1196 639/639 1203/1203
f 1201/1201 966/966 963/963
f 1197/1197 962/962 961/961
f 969/969 1216/1216 960/960
f 1224/1224 965/965 1205/1205
f 1215/1215 343/343 959/959
f 1210/1210 977/977 1218/1218
f 1226/1226 662/662 1220/1220
f 643/643 1225/1225 1208/1208
f 1219/1219 985/985 1223/1223
f 1199/1199 961/961 934/934
f 1021/1021 1060/1060 1067/1067
f 101/101 35/35 2/2
f 136/136 2/2 4/4
f 4/4 6/6 100/100
f 6/6 8/8 104/104
f 9/9 5/5 3/3
f 124/124 7/7 5/5
f 116/116 16/16 33/33
f 117/117 125/125 10/10
f 117/117 13/13 14/14
f 15/15 17/17 14/14
f 95/95 131/131 128/128
f 15/15 16/16 18/18
f 19/19 17/17 18/18
f 20/20 77/77 78/78
f 24/24 23/23 21/21
f 24/24 22/22 106/106
f 19/19 76/76 77/77
f 30/30 28/28 132/132
f 34/34 30/30 111/111
f 1/1 34/34 113/113
f 31/31 35/35 101/101
f 3/3 1/1 32/32
f 12/12 33/33 16/16
f 116/116 37/37 18/18
f 18/18 37/37 22/22
f 135/135 29/29 31/31
f 12/12 15/15 13/13
f 96/96 128/128 126/126
f 105/105 98/98 97/97
f 69/69 44/44 46/46
f 67/67 65/65 62/62
f 48/48 50/50 65/65
f 64/64 87/87 68/68
f 68/68 46/46 48/48
f 58/58 44/44 69/69
f 23/23 73/73 74/74
f 70/70 71/71 42/42
f 42/42 71/71 72/72
f 73/73 88/88 72/72
f 74/74 73/73 71/71
f 74/74 70/70 69/69
f 77/77 75/75 87/87
f 76/76 74/74 75/75
f 64/64 61/61 78/78
f 119/119 79/79 78/78
f 59/59 61/61 64/64
f 14/14 20/20 79/79
f 127/127 82/82 7/7
f 83/83 86/86 134/134
f 8/8 83/83 103/103
f 24/24 88/88 73/73
f 89/89 88/88 24/24
f 90/90 89/89 25/25
f 87/87 75/75 69/69
f 92/92 94/94 89/89
f 94/94 56/56 40/40
f 94/94 72/72 88/88
f 53/53 56/56 94/94
f 61/61 59/59 121/121
f 129/129 84/84 82/82
f 96/96 118/118 81/81
f 19/19 20/20 14/14
f 25/25 106/106 108/108
f 120/120 123/123 95/95
f 110/110 133/133 97/97
f 112/112 110/110 98/98
f 23/23 76/76 19/19
f 99/99 137/137 145/145
f 100/100 104/104 142/142
f 102/102 140/140 144/144
f 103/103 141/141 142/142
f 136/136 145/145 139/139
f 99/99 100/100 138/138
f 102/102 101/101 139/139
f 103/103 134/134 143/143
f 140/140 139/139 148/148
f 141/141 143/143 152/152
f 137/137 146/146 154/154
f 138/138 142/142 151/151
f 140/140 149/149 153/153
f 141/141 150/150 151/151
f 145/145 154/154 148/148
f 137/137 138/138 147/147
f 146/146 155/155 163/163
f 147/147 151/151 160/160
f 149/149 158/158 162/162
f 150/150 159/159 160/160
f 154/154 163/163 157/157
f 146/146 147/147 156/156
f 149/149 148/148 157/157
f 150/150 152/152 161/161
f 162/162 158/158 167/167
f 160/160 159/159 168/168
f 163/163 172/172 166/166
f 156/156 165/165 164/164
f 157/157 166/166 167/167
f 161/161 170/170 168/168
f 163/163 155/155 164/164
f 160/160 169/169 165/165
f 172/172 181/181 175/175
f 165/165 174/174 173/173
f 166/166 175/175 176/176
f 170/170 179/179 177/177
f 172/172 164/164 173/173
f 169/169 178/178 174/174
f 171/171 167/167 176/176
f 169/169 168/168 177/177
f 177/177 179/179 195/195
f 173/173 183/183 199/199
f 174/174 178/178 193/193
f 176/176 189/189 197/197
f 177/177 191/191 193/193
f 181/181 199/199 187/187
f 174/174 185/185 183/183
f 175/175 187/187 189/189
f 182/182 200/200 216/216
f 184/184 192/192 210/210
f 188/188 206/206 214/214
f 190/190 208/208 210/210
f 186/186 198/198 216/216
f 182/182 184/184 202/202
f 188/188 186/186 204/204
f 190/190 194/194 212/212
f 209/209 222/222 223/223
f 217/217 226/226 220/220
f 203/203 219/219 218/218
f 205/205 220/220 221/221
f 213/213 224/224 222/222
f 201/201 218/218 226/226
f 211/211 223/223 219/219
f 207/207 221/221 225/225
f 246/246 236/236 238/238
f 250/250 244/244 232/232
f 255/255 254/254 230/230
f 257/257 251/251 232/232
f 246/246 260/260 240/240
f 255/255 228/228 244/244
f 254/254 247/247 238/238
f 257/257 234/234 242/242
f 225/225 221/221 258/258
f 258/258 257/257 261/261
f 223/223 248/248 253/253
f 248/248 247/247 254/254
f 226/226 218/218 256/256
f 256/256 255/255 250/250
f 224/224 259/259 245/245
f 259/259 260/260 246/246
f 220/220 252/252 258/258
f 252/252 251/251 257/257
f 219/219 253/253 256/256
f 253/253 254/254 255/255
f 220/220 226/226 249/249
f 249/249 250/250 251/251
f 223/223 222/222 245/245
f 245/245 246/246 247/247
f 233/233 231/231 268/268
f 235/235 239/239 276/276
f 243/243 227/227 263/263
f 229/229 237/237 272/272
f 269/269 280/280 265/265
f 277/277 282/282 274/274
f 264/264 278/278 280/280
f 273/273 274/274 278/278
f 279/279 275/275 287/287
f 283/283 292/292 287/287
f 279/279 289/289 291/291
f 281/281 291/291 285/285
f 304/304 319/319 329/329
f 349/349 353/353 321/321
f 312/312 315/315 299/299
f 287/287 292/292 314/314
f 293/293 298/298 338/338
f 288/288 294/294 332/332
f 339/339 301/301 306/306
f 360/360 370/370 337/337
f 307/307 326/326 344/344
f 302/302 341/341 357/357
f 362/362 365/365 351/351
f 317/317 363/363 361/361
f 347/347 358/358 369/369
f 290/290 288/288 331/331
f 36/36 115/115 98/98
f 457/457 485/485 372/372
f 485/485 455/455 374/374
f 456/456 376/376 374/374
f 460/460 378/378 376/376
f 379/379 381/381 373/373
f 477/477 379/379 375/375
f 399/399 386/386 468/468
f 470/470 383/383 380/380
f 470/470 442/442 384/384
f 384/384 387/387 385/385
f 452/452 453/453 481/481
f 385/385 387/387 388/388
f 388/388 387/387 389/389
f 390/390 441/441 440/440
f 394/394 392/392 391/391
f 394/394 395/395 462/462
f 389/389 390/390 439/439
f 396/396 463/463 132/132
f 463/463 396/396 400/400
f 465/465 400/400 371/371
f 457/457 401/401 397/397
f 398/398 371/371 373/373
f 386/386 399/399 382/382
f 388/388 402/402 468/468
f 388/388 391/391 392/392
f 135/135 458/458 397/397
f 382/382 380/380 383/383
f 453/453 471/471 479/479
f 461/461 109/109 97/97
f 431/431 430/430 411/411
f 429/429 426/426 424/424
f 427/427 415/415 413/413
f 430/430 448/448 426/426
f 430/430 429/429 413/413
f 419/419 432/432 431/431
f 436/436 435/435 393/393
f 432/432 419/419 407/407
f 407/407 405/405 434/434
f 435/435 433/433 434/434
f 436/436 432/432 433/433
f 431/431 432/432 436/436
f 448/448 437/437 439/439
f 437/437 436/436 438/438
f 426/426 448/448 440/440
f 472/472 423/423 440/440
f 426/426 423/423 421/421
f 441/441 390/390 384/384
f 480/480 477/477 377/377
f 484/484 447/447 445/445
f 459/459 445/445 378/378
f 394/394 393/393 435/435
f 450/450 395/395 394/394
f 395/395 450/450 91/91
f 448/448 430/430 431/431
f 93/93 91/91 450/450
f 451/451 434/434 405/405
f 451/451 450/450 449/449
f 451/451 418/418 54/54
f 474/474 421/421 423/423
f 482/482 480/480 444/444
f 453/453 473/473 443/443
f 384/384 390/390 389/389
f 395/395 26/26 107/107
f 452/452 476/476 473/473
f 97/97 133/133 464/464
f 467/467 469/469 454/454
f 389/389 438/438 393/393
f 493/493 486/486 455/455
f 456/456 487/487 491/491
f 144/144 489/489 458/458
f 491/491 490/490 459/459
f 488/488 493/493 485/485
f 455/455 486/486 487/487
f 458/458 489/489 488/488
f 459/459 490/490 492/492
f 489/489 497/497 496/496
f 490/490 498/498 500/500
f 501/501 494/494 486/486
f 487/487 495/495 499/499
f 153/153 497/497 489/489
f 499/499 498/498 490/490
f 496/496 501/501 493/493
f 486/486 494/494 495/495
f 509/509 502/502 494/494
f 495/495 503/503 507/507
f 162/162 505/505 497/497
f 507/507 506/506 498/498
f 504/504 509/509 501/501
f 494/494 502/502 503/503
f 497/497 505/505 504/504
f 498/498 506/506 508/508
f 162/162 171/171 513/513
f 507/507 515/515 514/514
f 512/512 517/517 509/509
f 510/510 511/511 503/503
f 513/513 512/512 504/504
f 514/514 516/516 508/508
f 509/509 517/517 510/510
f 511/511 515/515 507/507
f 520/520 525/525 517/517
f 518/518 519/519 511/511
f 521/521 520/520 512/512
f 522/522 524/524 516/516
f 517/517 525/525 518/518
f 519/519 523/523 515/515
f 171/171 180/180 521/521
f 515/515 523/523 522/522
f 522/522 535/535 539/539
f 541/541 527/527 518/518
f 519/519 529/529 537/537
f 197/197 533/533 521/521
f 537/537 535/535 522/522
f 531/531 541/541 525/525
f 527/527 529/529 519/519
f 533/533 531/531 520/520
f 556/556 542/542 526/526
f 528/528 544/544 552/552
f 214/214 548/548 532/532
f 552/552 550/550 534/534
f 530/530 546/546 556/556
f 526/526 542/542 544/544
f 532/532 548/548 546/546
f 534/534 550/550 554/554
f 563/563 562/562 551/551
f 560/560 565/565 557/557
f 558/558 559/559 545/545
f 561/561 560/560 547/547
f 562/562 564/564 555/555
f 565/565 558/558 543/543
f 559/559 563/563 553/553
f 225/225 561/561 549/549
f 577/577 575/575 583/583
f 571/571 581/581 587/587
f 592/592 567/567 569/569
f 594/594 573/573 571/571
f 583/583 575/575 579/579
f 581/581 567/567 592/592
f 591/591 569/569 577/577
f 242/242 573/573 594/594
f 225/225 262/262 595/595
f 261/261 594/594 595/595
f 590/590 585/585 563/563
f 591/591 584/584 585/585
f 565/565 586/586 593/593
f 587/587 592/592 593/593
f 582/582 596/596 564/564
f 583/583 597/597 596/596
f 595/595 589/589 560/560
f 594/594 588/588 589/589
f 593/593 590/590 559/559
f 592/592 591/591 590/590
f 560/560 589/589 586/586
f 588/588 587/587 586/586
f 563/563 585/585 582/582
f 584/584 583/583 582/582
f 572/572 270/270 600/600
f 574/574 602/602 606/606
f 580/580 600/600 598/598
f 568/568 598/598 602/602
f 265/265 610/610 601/601
f 604/604 612/612 607/607
f 610/610 608/608 599/599
f 608/608 604/604 603/603
f 609/609 616/616 614/614
f 614/614 619/619 613/613
f 618/618 616/616 609/609
f 286/286 618/618 611/611
f 630/630 636/636 652/652
f 660/660 632/632 648/648
f 626/626 640/640 637/637
f 614/614 622/622 639/639
f 620/620 333/333 336/336
f 615/615 331/331 332/332
f 339/339 310/310 633/633
f 666/666 624/624 335/335
f 344/344 651/651 634/634
f 629/629 656/656 355/355
f 668/668 658/658 661/661
f 667/667 669/669 642/642
f 657/657 665/665 367/367
f 617/617 284/284 331/331
f 403/403 461/461 454/454
f 760/760 789/789 674/674
f 789/789 758/758 676/676
f 759/759 678/678 676/676
f 763/763 680/680 678/678
f 681/681 683/683 675/675
f 780/780 681/681 677/677
f 706/706 688/688 775/775
f 776/776 685/685 682/682
f 776/776 743/743 686/686
f 686/686 689/689 687/687
f 95/95 755/755 784/784
f 687/687 689/689 690/690
f 690/690 689/689 691/691
f 692/692 742/742 741/741
f 696/696 694/694 693/693
f 696/696 697/697 765/765
f 691/691 692/692 740/740
f 703/703 770/770 785/785
f 770/770 703/703 707/707
f 772/772 707/707 673/673
f 760/760 708/708 704/704
f 705/705 673/673 675/675
f 688/688 706/706 684/684
f 690/690 710/710 775/775
f 690/690 693/693 694/694
f 788/788 761/761 704/704
f 684/684 682/682 685/685
f 755/755 777/777 782/782
f 764/764 768/768 756/756
f 732/732 731/731 718/718
f 730/730 729/729 63/63
f 66/66 51/51 720/720
f 731/731 747/747 729/729
f 731/731 730/730 720/720
f 727/727 733/733 732/732
f 737/737 736/736 695/695
f 733/733 727/727 714/714
f 714/714 712/712 735/735
f 736/736 734/734 735/735
f 737/737 733/733 734/734
f 732/732 733/733 737/737
f 747/747 738/738 740/740
f 738/738 737/737 739/739
f 729/729 747/747 741/741
f 778/778 728/728 741/741
f 729/729 728/728 60/60
f 742/742 692/692 686/686
f 783/783 780/780 679/679
f 134/134 86/86 746/746
f 762/762 746/746 680/680
f 696/696 695/695 736/736
f 749/749 697/697 696/696
f 697/697 749/749 750/750
f 747/747 731/731 732/732
f 752/752 750/750 749/749
f 754/754 735/735 712/712
f 754/754 749/749 748/748
f 754/754 725/725 722/722
f 122/122 60/60 728/728
f 130/130 783/783 745/745
f 755/755 779/779 744/744
f 686/686 692/692 691/691
f 697/697 698/698 766/766
f 95/95 123/123 779/779
f 756/756 786/786 769/769
f 771/771 774/774 757/757
f 691/691 739/739 695/695
f 798/798 790/790 758/758
f 759/759 791/791 795/795
f 796/796 793/793 761/761
f 795/795 794/794 762/762
f 792/792 798/798 789/789
f 758/758 790/790 791/791
f 761/761 793/793 792/792
f 762/762 794/794 143/143
f 793/793 802/802 801/801
f 794/794 803/803 152/152
f 807/807 799/799 790/790
f 791/791 800/800 804/804
f 805/805 802/802 793/793
f 804/804 803/803 794/794
f 801/801 807/807 798/798
f 790/790 799/799 800/800
f 816/816 808/808 799/799
f 800/800 809/809 813/813
f 814/814 811/811 802/802
f 813/813 812/812 803/803
f 810/810 816/816 807/807
f 799/799 808/808 809/809
f 802/802 811/811 810/810
f 803/803 812/812 161/161
f 814/814 823/823 820/820
f 813/813 822/822 821/821
f 819/819 825/825 816/816
f 817/817 818/818 809/809
f 820/820 819/819 810/810
f 821/821 170/170 161/161
f 816/816 825/825 817/817
f 818/818 822/822 813/813
f 828/828 834/834 825/825
f 826/826 827/827 818/818
f 829/829 828/828 819/819
f 830/830 179/179 170/170
f 825/825 834/834 826/826
f 827/827 831/831 822/822
f 823/823 832/832 829/829
f 822/822 831/831 830/830
f 830/830 844/844 195/195
f 852/852 836/836 826/826
f 827/827 838/838 846/846
f 849/849 842/842 829/829
f 846/846 844/844 830/830
f 840/840 852/852 834/834
f 836/836 838/838 827/827
f 842/842 840/840 828/828
f 869/869 853/853 835/835
f 837/837 855/855 863/863
f 865/865 859/859 841/841
f 863/863 861/861 843/843
f 839/839 857/857 869/869
f 835/835 853/853 855/855
f 841/841 859/859 857/857
f 843/843 861/861 212/212
f 876/876 875/875 862/862
f 873/873 879/879 870/870
f 871/871 872/872 856/856
f 874/874 873/873 858/858
f 875/875 224/224 213/213
f 879/879 871/871 854/854
f 872/872 876/876 864/864
f 878/878 874/874 860/860
f 891/891 889/889 898/898
f 885/885 896/896 902/902
f 907/907 881/881 883/883
f 909/909 887/887 885/885
f 898/898 889/889 240/240
f 896/896 881/881 907/907
f 906/906 883/883 891/891
f 893/893 887/887 909/909
f 878/878 914/914 910/910
f 912/912 909/909 910/910
f 905/905 900/900 876/876
f 906/906 899/899 900/900
f 879/879 901/901 908/908
f 902/902 907/907 908/908
f 897/897 259/259 224/224
f 898/898 260/260 259/259
f 910/910 904/904 873/873
f 909/909 903/903 904/904
f 908/908 905/905 872/872
f 907/907 906/906 905/905
f 873/873 904/904 901/901
f 903/903 902/902 901/901
f 876/876 900/900 897/897
f 899/899 898/898 897/897
f 886/886 923/923 921/921
f 888/888 926/926 276/276
f 895/895 921/921 915/915
f 882/882 915/915 926/926
f 918/918 932/932 922/922
f 928/928 282/282 277/277
f 932/932 930/930 916/916
f 930/930 928/928 927/927
f 931/931 939/939 937/937
f 937/937 292/292 283/283
f 941/941 939/939 931/931
f 935/935 941/941 933/933
f 952/952 958/958 328/328
f 976/976 954/954 324/324
f 948/948 316/316 313/313
f 937/937 944/944 314/314
f 942/942 964/964 968/968
f 938/938 961/961 962/962
f 969/969 960/960 957/957
f 982/982 946/946 967/967
f 342/342 325/325 955/955
f 951/951 972/972 979/979
f 984/984 974/974 352/352
f 983/983 364/364 318/318
f 973/973 981/981 987/987
f 940/940 934/934 961/961
f 709/709 764/764 757/757
f 1063/1063 1019/1019 990/990
f 1085/1085 990/990 992/992
f 992/992 994/994 1062/1062
f 994/994 996/996 1066/1066
f 997/997 993/993 991/991
f 1080/1080 995/995 993/993
f 1074/1074 1004/1004 1017/1017
f 1076/1076 1081/1081 998/998
f 1076/1076 1001/1001 1002/1002
f 1003/1003 1005/1005 1002/1002
f 452/452 483/483 1084/1084
f 1003/1003 1004/1004 1006/1006
f 1007/1007 1005/1005 1006/1006
f 1008/1008 1048/1048 1049/1049
f 1012/1012 1011/1011 1009/1009
f 1012/1012 1010/1010 1068/1068
f 1007/1007 1047/1047 1048/1048
f 1014/1014 700/700 785/785
f 1018/1018 1014/1014 1069/1069
f 989/989 1018/1018 1071/1071
f 1015/1015 1019/1019 1063/1063
f 991/991 989/989 1016/1016
f 1000/1000 1017/1017 1004/1004
f 1074/1074 1020/1020 1006/1006
f 1006/1006 1020/1020 1010/1010
f 787/787 701/701 1015/1015
f 1000/1000 1003/1003 1001/1001
f 1059/1059 1084/1084 1082/1082
f 1067/1067 1060/1060 756/756
f 1040/1040 1027/1027 1029/1029
f 1038/1038 428/428 425/425
f 1031/1031 416/416 428/428
f 1037/1037 1055/1055 1039/1039
f 1039/1039 1029/1029 1031/1031
f 1034/1034 1027/1027 1040/1040
f 1011/1011 1044/1044 1045/1045
f 1041/1041 1042/1042 1025/1025
f 1025/1025 1042/1042 1043/1043
f 1044/1044 1056/1056 1043/1043
f 1045/1045 1044/1044 1042/1042
f 1045/1045 1041/1041 1040/1040
f 1048/1048 1046/1046 1055/1055
f 1047/1047 1045/1045 1046/1046
f 1037/1037 1036/1036 1049/1049
f 1078/1078 1050/1050 1049/1049
f 422/422 1036/1036 1037/1037
f 1002/1002 1008/1008 1050/1050
f 1083/1083 1053/1053 995/995
f 1054/1054 447/447 484/484
f 996/996 1054/1054 1065/1065
f 1012/1012 1056/1056 1044/1044
f 1057/1057 1056/1056 1012/1012
f 751/751 1057/1057 1013/1013
f 1055/1055 1046/1046 1040/1040
f 753/753 1058/1058 1057/1057
f 1058/1058 1033/1033 1023/1023
f 1058/1058 1043/1043 1056/1056
f 723/723 1033/1033 1058/1058
f 1036/1036 422/422 475/475
f 482/482 446/446 1053/1053
f 1059/1059 1077/1077 1052/1052
f 1007/1007 1008/1008 1002/1002
f 1013/1013 1068/1068 767/767
f 1079/1079 476/476 452/452
f 1070/1070 786/786 756/756
f 1073/1073 1070/1070 1060/1060
f 1011/1011 1047/1047 1007/1007
f 1061/1061 1086/1086 1092/1092
f 1062/1062 1066/1066 1091/1091
f 1064/1064 1089/1089 797/797
f 1065/1065 1090/1090 1091/1091
f 1085/1085 1092/1092 1088/1088
f 1061/1061 1062/1062 1087/1087
f 1064/1064 1063/1063 1088/1088
f 1065/1065 484/484 492/492
f 1089/1089 1088/1088 1095/1095
f 1090/1090 492/492 500/500
f 1086/1086 1093/1093 1099/1099
f 1087/1087 1091/1091 1098/1098
f 1089/1089 1096/1096 806/806
f 1090/1090 1097/1097 1098/1098
f 1092/1092 1099/1099 1095/1095
f 1086/1086 1087/1087 1094/1094
f 1093/1093 1100/1100 1106/1106
f 1094/1094 1098/1098 1105/1105
f 1096/1096 1103/1103 815/815
f 1097/1097 1104/1104 1105/1105
f 1099/1099 1106/1106 1102/1102
f 1093/1093 1094/1094 1101/1101
f 1096/1096 1095/1095 1102/1102
f 1097/1097 500/500 508/508
f 815/815 1103/1103 1110/1110
f 1105/1105 1104/1104 1111/1111
f 1106/1106 1113/1113 1109/1109
f 1101/1101 1108/1108 1107/1107
f 1102/1102 1109/1109 1110/1110
f 508/508 516/516 1111/1111
f 1106/1106 1100/1100 1107/1107
f 1105/1105 1112/1112 1108/1108
f 1113/1113 1120/1120 1116/1116
f 1108/1108 1115/1115 1114/1114
f 1109/1109 1116/1116 1117/1117
f 516/516 524/524 1118/1118
f 1113/1113 1107/1107 1114/1114
f 1112/1112 1119/1119 1115/1115
f 824/824 1110/1110 1117/1117
f 1112/1112 1111/1111 1118/1118
f 1118/1118 524/524 539/539
f 1114/1114 1122/1122 1134/1134
f 1115/1115 1119/1119 1132/1132
f 1117/1117 1128/1128 850/850
f 1118/1118 1130/1130 1132/1132
f 1120/1120 1134/1134 1126/1126
f 1115/1115 1124/1124 1122/1122
f 1116/1116 1126/1126 1128/1128
f 1121/1121 1135/1135 1147/1147
f 1123/1123 1131/1131 1145/1145
f 1127/1127 1141/1141 866/866
f 1129/1129 1143/1143 1145/1145
f 1125/1125 1133/1133 1147/1147
f 1121/1121 1123/1123 1137/1137
f 1127/1127 1125/1125 1139/1139
f 1129/1129 538/538 554/554
f 1144/1144 1153/1153 1154/1154
f 1148/1148 1155/1155 1151/1151
f 1138/1138 1150/1150 1149/1149
f 1140/1140 1151/1151 1152/1152
f 555/555 564/564 1153/1153
f 1136/1136 1149/1149 1155/1155
f 1146/1146 1154/1154 1150/1150
f 1142/1142 1152/1152 877/877
f 1171/1171 1165/1165 1167/1167
f 1175/1175 1169/1169 1161/1161
f 1180/1180 1179/1179 1159/1159
f 1182/1182 1176/1176 1161/1161
f 1171/1171 597/597 579/579
f 1180/1180 1157/1157 1169/1169
f 1179/1179 1172/1172 1167/1167
f 1182/1182 1163/1163 894/894
f 877/877 1152/1152 1183/1183
f 1183/1183 1182/1182 911/911
f 1154/1154 1173/1173 1178/1178
f 1173/1173 1172/1172 1179/1179
f 1155/1155 1149/1149 1181/1181
f 1181/1181 1180/1180 1175/1175
f 564/564 596/596 1170/1170
f 596/596 597/597 1171/1171
f 1151/1151 1177/1177 1183/1183
f 1177/1177 1176/1176 1182/1182
f 1150/1150 1178/1178 1181/1181
f 1178/1178 1179/1179 1180/1180
f 1151/1151 1155/1155 1174/1174
f 1174/1174 1175/1175 1176/1176
f 1154/1154 1153/1153 1170/1170
f 1170/1170 1171/1171 1172/1172
f 1162/1162 1160/1160 1186/1186
f 1164/1164 578/578 606/606
f 1168/1168 1156/1156 1184/1184
f 1158/1158 1166/1166 1188/1188
f 1187/1187 1194/1194 917/917
f 607/607 612/612 1190/1190
f 1185/1185 1192/1192 1194/1194
f 1189/1189 1190/1190 1192/1192
f 1193/1193 1191/1191 1196/1196
f 613/613 619/619 1196/1196
f 1193/1193 1198/1198 1200/1200
f 1195/1195 1200/1200 936/936
f 1212/1212 644/644 654/654
f 1221/1221 664/664 647/647
f 638/638 641/641 1207/1207
f 1196/1196 619/619 639/639
f 1201/1201 1206/1206 966/966
f 1197/1197 1202/1202 962/962
f 969/969 1209/1209 1216/1216
f 1224/1224 986/986 965/965
f 1214/1214 650/650 342/342
f 1210/1210 970/970 977/977
f 1226/1226 672/672 662/662
f 643/643 670/670 1225/1225
f 1219/1219 978/978 985/985
f 1199/1199 1197/1197 961/961
f 1021/1021 1075/1075 1060/1060
