# Exported by prepare_workshop_assets.py
mtllib workshop_long_phillips_screw.mtl
usemtl material_workshop_long_phillips_screw

v -0.003741 0.000000 0.027345
v -0.004312 0.000000 0.025790
v -0.003669 0.000730 0.027345
v -0.004229 0.000841 0.025790
v -0.005005 0.000995 0.024508
v -0.003984 0.001650 0.025790
v -0.004714 0.001953 0.024508
v -0.003585 0.002396 0.025790
v -0.003049 0.003049 0.025790
v -0.004243 0.002835 0.024508
v -0.003110 0.002078 0.027345
v -0.002645 0.002645 0.027345
v -0.002078 0.003110 0.027345
v -0.002472 0.002472 0.028523
v -0.001942 0.002907 0.028523
v -0.002907 0.001942 0.028523
v -0.003230 0.001338 0.028523
v -0.003429 0.000682 0.028523
v -0.003456 0.001431 0.027345
v -0.003496 0.000000 0.028523
v -0.001338 0.003230 0.028523
v -0.000682 0.003429 0.028523
v 0.000000 0.003496 0.028523
v 0.000000 0.003741 0.027345
v 0.000000 0.004312 0.025790
v -0.000841 0.004229 0.025790
v -0.002421 0.002421 0.030332
v -0.000730 0.003669 0.027345
v -0.001431 0.003456 0.027345
v -0.001650 0.003984 0.025790
v -0.001953 0.004714 0.024508
v -0.002396 0.003585 0.025790
v -0.002835 0.004243 0.024508
v -0.003608 0.003608 0.024508
v -0.002891 0.004326 0.024175
v -0.001991 0.004807 0.024175
v -0.002981 0.004384 0.023161
v -0.002981 0.004384 0.023161
v -0.003679 0.003679 0.024175
v -0.003762 0.003729 0.023161
v -0.003762 0.003729 0.023161
v -0.004326 0.002891 0.024175
v -0.004807 0.001991 0.024175
v -0.004408 0.002946 0.023161
v -0.004408 0.002946 0.023161
v -0.004889 0.002036 0.023161
v -0.004889 0.002036 0.023161
v -0.002084 0.004869 0.023161
v -0.002084 0.004869 0.023161
v -0.001039 0.005124 0.023161
v -0.001039 0.005124 0.023161
v -0.001015 0.005103 0.024175
v 0.000000 0.005201 0.023161
v 0.000000 0.005201 0.023161
v 0.000000 0.005203 0.024175
v -0.005199 0.000000 0.023161
v -0.005199 0.000000 0.023161
v -0.005199 0.000000 0.023161
v -0.005203 0.000000 0.024175
v -0.005103 0.001015 0.024175
v -0.005103 0.000000 0.024508
v -0.005125 0.001034 0.023161
v -0.005125 0.001034 0.023161
v -0.005229 0.001246 0.023034
v -0.005229 0.001246 0.023034
v -0.005229 0.000000 0.023080
v -0.005229 0.000000 0.023080
v -0.005229 0.000000 0.023080
v -0.005226 0.000000 0.002466
v -0.005226 0.000000 0.002466
v -0.005226 0.000000 0.002466
v -0.004971 0.000000 0.001992
v -0.004971 0.000000 0.001992
v -0.005225 0.001167 0.002751
v -0.005225 0.001167 0.002751
v -0.003892 0.000000 0.000677
v -0.003892 0.000000 0.000677
v -0.004445 0.000000 0.001287
v -0.004445 0.000000 0.001287
v -0.004340 0.000962 0.001287
v -0.004028 0.001878 0.001287
v -0.004854 0.001076 0.001992
v -0.004506 0.002101 0.001992
v -0.004072 0.002851 0.001992
v -0.004853 0.002263 0.002753
v -0.004386 0.003071 0.002753
v -0.003786 0.003786 0.002753
v -0.003071 0.004386 0.002753
v -0.004020 0.004020 0.003841
v -0.004657 0.003261 0.003841
v -0.003261 0.004657 0.003841
v -0.004096 0.004096 0.004971
v -0.003342 0.004732 0.004971
v -0.002492 0.005229 0.004971
v -0.002492 0.005229 0.004971
v -0.003342 0.004732 0.022753
v -0.003342 0.004732 0.022753
v -0.004096 0.004096 0.022708
v -0.004096 0.004096 0.022708
v -0.002492 0.005229 0.022881
v -0.002492 0.005229 0.022881
v -0.002492 0.005229 0.022881
v -0.001246 0.005229 0.023034
v -0.001246 0.005229 0.023034
v 0.000000 0.005229 0.023080
v 0.000000 0.005229 0.023080
v -0.001167 0.005225 0.002750
v -0.001167 0.005225 0.002750
v -0.002263 0.004853 0.002753
v 0.000000 0.005226 0.002466
v 0.000000 0.005226 0.002466
v 0.000000 0.005226 0.002466
v 0.000000 0.004971 0.001992
v 0.000000 0.004971 0.001992
v 0.000000 0.004445 0.001287
v 0.000000 0.004445 0.001287
v -0.001076 0.004854 0.001992
v -0.002101 0.004506 0.001992
v -0.000962 0.004340 0.001287
v -0.001878 0.004028 0.001287
v -0.000842 0.003800 0.000677
v 0.000000 0.003892 0.000677
v 0.000000 0.003892 0.000677
v 0.000000 0.003092 0.000071
v 0.000000 0.003092 0.000071
v -0.000669 0.003018 0.000071
v -0.001307 0.002802 0.000071
v -0.001773 0.002533 0.000071
v -0.002186 0.002186 0.000071
v -0.002533 0.001773 0.000071
v -0.002752 0.002752 0.000677
v -0.003188 0.002233 0.000677
v -0.002233 0.003188 0.000677
v -0.001645 0.003528 0.000677
v -0.002549 0.003641 0.001287
v -0.002851 0.004072 0.001992
v -0.003143 0.003143 0.001287
v -0.003515 0.003515 0.001992
v -0.003641 0.002549 0.001287
v -0.003528 0.001645 0.000677
v -0.003800 0.000842 0.000677
v -0.003018 0.000669 0.000071
v -0.002802 0.001307 0.000071
v -0.003092 0.000000 0.000071
v -0.003092 0.000000 0.000071
v -0.002237 0.005225 0.003841
v -0.002237 0.005225 0.003841
v -0.004732 0.003342 0.022753
v -0.004732 0.003342 0.022753
v -0.005229 0.002492 0.022881
v -0.005229 0.002492 0.022881
v -0.005229 0.002492 0.022881
v -0.004732 0.003342 0.004971
v -0.005229 0.002492 0.004971
v -0.005229 0.002492 0.004971
v -0.005226 0.002234 0.003841
v -0.005226 0.002234 0.003841
v 0.000000 0.005103 0.024508
v -0.000995 0.005005 0.024508
v 0.000000 0.000000 0.000000
v -0.002332 0.001633 0.000000
v -0.002332 0.001633 0.000000
v -0.002580 0.001203 0.000000
v -0.002580 0.001203 0.000000
v -0.002780 0.000616 0.000000
v -0.002780 0.000616 0.000000
v -0.002847 0.000000 0.000000
v -0.002847 0.000000 0.000000
v -0.002847 0.000000 0.000000
v 0.000000 0.002847 0.000000
v 0.000000 0.002847 0.000000
v 0.000000 0.002847 0.000000
v -0.000616 0.002780 0.000000
v -0.000616 0.002780 0.000000
v -0.005225 0.001176 0.004972
v -0.005226 0.000000 0.004972
v -0.005226 0.000000 0.003841
v -0.005225 0.001171 0.003841
v 0.000000 0.005226 0.004972
v -0.001175 0.005225 0.004972
v -0.001171 0.005225 0.003841
v 0.000000 0.005226 0.003841
v -0.001633 0.002332 0.000000
v -0.001633 0.002332 0.000000
v -0.001203 0.002580 0.000000
v -0.001203 0.002580 0.000000
v -0.002013 0.002013 0.000000
v -0.002013 0.002013 0.000000
v -0.001902 0.002847 0.030332
v -0.002847 0.001902 0.030332
v -0.003164 0.001310 0.030332
v -0.003358 0.000668 0.030332
v -0.003424 0.000000 0.030332
v -0.001310 0.003164 0.030332
v -0.000668 0.003358 0.030332
v 0.000000 0.003424 0.030332
v -0.002583 0.002583 0.031723
v -0.002029 0.003037 0.031723
v -0.003037 0.002029 0.031723
v -0.003375 0.001398 0.031723
v -0.003583 0.000713 0.031723
v -0.003653 0.000000 0.031723
v -0.001398 0.003375 0.031723
v -0.000713 0.003583 0.031723
v 0.000000 0.003653 0.031723
v -0.002768 0.002768 0.032714
v -0.002174 0.003254 0.032714
v -0.003254 0.002174 0.032714
v -0.003616 0.001498 0.032714
v -0.003839 0.000764 0.032714
v -0.003914 0.000000 0.032714
v -0.001498 0.003616 0.032714
v -0.000764 0.003839 0.032714
v 0.000000 0.003914 0.032714
v -0.002499 0.002499 0.037027
v -0.001963 0.002938 0.037027
v -0.002938 0.001963 0.037027
v -0.003265 0.001352 0.037027
v -0.003466 0.000689 0.037027
v -0.003534 0.000000 0.037027
v -0.001352 0.003265 0.037027
v -0.000689 0.003466 0.037027
v 0.000000 0.003534 0.037027
v -0.003863 0.000000 0.034152
v -0.003734 0.000000 0.035589
v -0.003662 0.000728 0.035589
v -0.003789 0.000754 0.034152
v -0.001478 0.003569 0.034152
v -0.001429 0.003450 0.035589
v -0.000728 0.003662 0.035589
v -0.000754 0.003789 0.034152
v -0.003450 0.001429 0.035589
v -0.003569 0.001478 0.034152
v -0.003212 0.002146 0.034152
v -0.003105 0.002074 0.035589
v -0.002640 0.002640 0.035589
v -0.002732 0.002732 0.034152
v -0.002146 0.003212 0.034152
v -0.002074 0.003105 0.035589
v 0.000000 0.003734 0.035589
v 0.000000 0.003863 0.034152
v -0.002387 0.002387 0.037158
v -0.002387 0.002387 0.037158
v -0.001875 0.002806 0.037158
v -0.001875 0.002806 0.037158
v -0.002806 0.001875 0.037158
v -0.002806 0.001875 0.037158
v -0.003118 0.001292 0.037158
v -0.003118 0.001292 0.037158
v -0.003310 0.000658 0.037158
v -0.003310 0.000658 0.037158
v -0.003375 0.000000 0.037158
v -0.003375 0.000000 0.037158
v -0.001292 0.003118 0.037158
v -0.001292 0.003118 0.037158
v -0.000658 0.003310 0.037158
v -0.000658 0.003310 0.037158
v 0.000000 0.003375 0.037158
v 0.000000 0.003375 0.037158
v -0.001930 0.001930 0.049517
v -0.001516 0.002269 0.049517
v -0.002269 0.001516 0.049517
v -0.002522 0.001044 0.049517
v -0.002677 0.000532 0.049517
v -0.002729 0.000000 0.049517
v -0.001044 0.002522 0.049517
v -0.000532 0.002677 0.049517
v 0.000000 0.002729 0.049517
v -0.001244 0.003002 0.040085
v -0.000634 0.003187 0.040085
v -0.003187 0.000634 0.040085
v -0.003002 0.001244 0.040085
v -0.002702 0.001805 0.040085
v -0.002298 0.002298 0.040085
v -0.001805 0.002702 0.040085
v 0.000000 0.003250 0.040085
v -0.003250 0.000000 0.040085
v -0.002022 0.002022 0.049678
v -0.001589 0.002378 0.049678
v -0.002378 0.001589 0.049678
v -0.002642 0.001094 0.049678
v -0.002805 0.000558 0.049678
v -0.002859 0.000000 0.049678
v -0.001094 0.002642 0.049678
v -0.000558 0.002805 0.049678
v 0.000000 0.002859 0.049678
v -0.002069 0.002069 0.049889
v -0.001625 0.002432 0.049889
v -0.002432 0.001625 0.049889
v -0.002703 0.001120 0.049889
v -0.002869 0.000571 0.049889
v -0.002925 0.000000 0.049889
v -0.001120 0.002703 0.049889
v -0.000571 0.002869 0.049889
v 0.000000 0.002925 0.049889
v -0.001995 0.001995 0.050151
v -0.001568 0.002346 0.050151
v -0.002346 0.001568 0.050151
v -0.002607 0.001080 0.050151
v -0.002767 0.000550 0.050151
v -0.002822 0.000000 0.050151
v -0.001080 0.002607 0.050151
v -0.000550 0.002767 0.050151
v 0.000000 0.002822 0.050151
v -0.001878 0.001878 0.050241
v -0.001878 0.001878 0.050241
v -0.001475 0.002208 0.050241
v -0.001475 0.002208 0.050241
v -0.002208 0.001475 0.050241
v -0.002208 0.001475 0.050241
v -0.002453 0.001016 0.050241
v -0.002453 0.001016 0.050241
v -0.002604 0.000518 0.050241
v -0.002604 0.000518 0.050241
v -0.002655 0.000000 0.050241
v -0.002655 0.000000 0.050241
v -0.001016 0.002453 0.050241
v -0.001016 0.002453 0.050241
v -0.000518 0.002604 0.050241
v -0.000518 0.002604 0.050241
v 0.000000 0.002655 0.050241
v 0.000000 0.002655 0.050241
v -0.000949 0.000949 0.050241
v -0.000949 0.000949 0.050241
v -0.000514 0.001241 0.050241
v -0.000514 0.001241 0.050241
v -0.000521 0.001246 0.081185
v -0.000521 0.001246 0.081185
v -0.001241 0.000514 0.050241
v -0.001241 0.000514 0.050241
v -0.000952 0.000958 0.081185
v -0.000952 0.000958 0.081185
v -0.001343 0.000000 0.050241
v -0.001343 0.000000 0.050241
v -0.001243 0.000527 0.081185
v -0.001243 0.000527 0.081185
v 0.000000 0.001343 0.050241
v 0.000000 0.001343 0.050241
v -0.001339 0.000000 0.081185
v -0.001339 0.000000 0.081185
v -0.001339 0.000000 0.081185
v -0.001339 0.000000 0.081185
v 0.000000 0.001338 0.081184
v 0.000000 0.001338 0.081184
v 0.000000 0.001338 0.081184
v 0.000000 0.001338 0.081184
v -0.000705 0.001151 0.083406
v -0.000705 0.001151 0.083406
v -0.000949 0.000949 0.083406
v -0.001149 0.000708 0.083406
v -0.001149 0.000708 0.083406
v -0.000765 0.000000 0.083406
v 0.000000 0.000794 0.083406
v -0.001193 0.000000 0.081737
v -0.000967 0.000000 0.082562
v -0.001175 0.000664 0.082592
v -0.001211 0.000596 0.081737
v -0.000949 0.000949 0.082583
v -0.000957 0.000952 0.081744
v -0.000577 0.001220 0.081739
v -0.000671 0.001171 0.082573
v 0.000000 0.000983 0.082566
v 0.000000 0.001199 0.081738
v -0.000310 0.001311 0.081736
v -0.000310 0.001311 0.081736
v -0.000550 0.001220 0.082565
v -0.000550 0.001220 0.082565
v -0.001306 0.000319 0.081748
v -0.001306 0.000319 0.081748
v -0.001218 0.000552 0.082586
v -0.001218 0.000552 0.082586
v 0.000000 0.000483 0.084964
v 0.000000 0.000483 0.084964
v 0.000000 0.000483 0.084964
v 0.000000 0.000483 0.084964
v -0.000238 0.000247 0.084986
v -0.000238 0.000247 0.084986
v -0.000485 0.000000 0.084969
v -0.000485 0.000000 0.084969
v -0.000485 0.000000 0.084969
v -0.000485 0.000000 0.084969
v -0.000610 0.000602 0.084219
v -0.000365 0.000828 0.084203
v -0.000365 0.000828 0.084203
v -0.000821 0.000365 0.084214
v -0.000821 0.000365 0.084214
v -0.000664 0.000000 0.084190
v 0.000000 0.000665 0.084174
v 0.000000 0.000000 0.085000
v 0.003741 0.000000 0.027345
v 0.004312 0.000000 0.025790
v 0.003669 0.000730 0.027345
v 0.004229 0.000841 0.025790
v 0.005005 0.000995 0.024508
v 0.003984 0.001650 0.025790
v 0.004714 0.001953 0.024508
v 0.003585 0.002396 0.025790
v 0.003049 0.003049 0.025790
v 0.004243 0.002835 0.024508
v 0.003110 0.002078 0.027345
v 0.002645 0.002645 0.027345
v 0.002078 0.003110 0.027345
v 0.002472 0.002472 0.028523
v 0.001942 0.002907 0.028523
v 0.002907 0.001942 0.028523
v 0.003230 0.001338 0.028523
v 0.003429 0.000682 0.028523
v 0.003456 0.001431 0.027345
v 0.003496 0.000000 0.028523
v 0.001338 0.003230 0.028523
v 0.000682 0.003429 0.028523
v 0.000841 0.004229 0.025790
v 0.002421 0.002421 0.030332
v 0.000730 0.003669 0.027345
v 0.001431 0.003456 0.027345
v 0.001650 0.003984 0.025790
v 0.001953 0.004714 0.024508
v 0.002396 0.003585 0.025790
v 0.002835 0.004243 0.024508
v 0.003608 0.003608 0.024508
v 0.002891 0.004326 0.024175
v 0.001991 0.004807 0.024175
v 0.002981 0.004384 0.023161
v 0.002981 0.004384 0.023161
v 0.003679 0.003679 0.024175
v 0.003762 0.003729 0.023161
v 0.003762 0.003729 0.023161
v 0.004326 0.002891 0.024175
v 0.004807 0.001991 0.024175
v 0.004408 0.002946 0.023161
v 0.004408 0.002946 0.023161
v 0.004889 0.002036 0.023161
v 0.004889 0.002036 0.023161
v 0.002084 0.004869 0.023161
v 0.002084 0.004869 0.023161
v 0.001039 0.005124 0.023161
v 0.001039 0.005124 0.023161
v 0.001015 0.005103 0.024175
v 0.005199 0.000000 0.023161
v 0.005199 0.000000 0.023161
v 0.005203 0.000000 0.024175
v 0.005103 0.001015 0.024175
v 0.005103 0.000000 0.024508
v 0.005125 0.001034 0.023161
v 0.005125 0.001034 0.023161
v 0.005229 0.001246 0.023034
v 0.005229 0.001246 0.023034
v 0.005229 0.000000 0.023080
v 0.005229 0.000000 0.023080
v 0.005226 0.000000 0.002466
v 0.005226 0.000000 0.002466
v 0.005226 0.000000 0.002466
v 0.004971 0.000000 0.001992
v 0.004971 0.000000 0.001992
v 0.005225 0.001167 0.002751
v 0.005225 0.001167 0.002751
v 0.003892 0.000000 0.000677
v 0.003892 0.000000 0.000677
v 0.004445 0.000000 0.001287
v 0.004445 0.000000 0.001287
v 0.004340 0.000962 0.001287
v 0.004028 0.001878 0.001287
v 0.004854 0.001076 0.001992
v 0.004506 0.002101 0.001992
v 0.004072 0.002851 0.001992
v 0.004853 0.002263 0.002753
v 0.004386 0.003071 0.002753
v 0.003786 0.003786 0.002753
v 0.003071 0.004386 0.002753
v 0.004020 0.004020 0.003841
v 0.004657 0.003261 0.003841
v 0.003261 0.004657 0.003841
v 0.004096 0.004096 0.004971
v 0.003342 0.004732 0.004971
v 0.002492 0.005229 0.004971
v 0.002492 0.005229 0.004971
v 0.003342 0.004732 0.022753
v 0.003342 0.004732 0.022753
v 0.004096 0.004096 0.022708
v 0.004096 0.004096 0.022708
v 0.002492 0.005229 0.022881
v 0.002492 0.005229 0.022881
v 0.002492 0.005229 0.022881
v 0.001246 0.005229 0.023034
v 0.001246 0.005229 0.023034
v 0.001167 0.005225 0.002750
v 0.001167 0.005225 0.002750
v 0.002263 0.004853 0.002753
v 0.001076 0.004854 0.001992
v 0.002101 0.004506 0.001992
v 0.000962 0.004340 0.001287
v 0.001878 0.004028 0.001287
v 0.000842 0.003800 0.000677
v 0.000669 0.003018 0.000071
v 0.001307 0.002802 0.000071
v 0.001773 0.002533 0.000071
v 0.002186 0.002186 0.000071
v 0.002533 0.001773 0.000071
v 0.002752 0.002752 0.000677
v 0.003188 0.002233 0.000677
v 0.002233 0.003188 0.000677
v 0.001645 0.003528 0.000677
v 0.002549 0.003641 0.001287
v 0.002851 0.004072 0.001992
v 0.003143 0.003143 0.001287
v 0.003515 0.003515 0.001992
v 0.003641 0.002549 0.001287
v 0.003528 0.001645 0.000677
v 0.003800 0.000842 0.000677
v 0.003018 0.000669 0.000071
v 0.002802 0.001307 0.000071
v 0.003092 0.000000 0.000071
v 0.003092 0.000000 0.000071
v 0.002237 0.005225 0.003841
v 0.002237 0.005225 0.003841
v 0.004732 0.003342 0.022753
v 0.004732 0.003342 0.022753
v 0.005229 0.002492 0.022881
v 0.005229 0.002492 0.022881
v 0.005229 0.002492 0.022881
v 0.004732 0.003342 0.004971
v 0.005229 0.002492 0.004971
v 0.005229 0.002492 0.004971
v 0.005226 0.002234 0.003841
v 0.005226 0.002234 0.003841
v 0.000995 0.005005 0.024508
v 0.002332 0.001633 0.000000
v 0.002332 0.001633 0.000000
v 0.002580 0.001203 0.000000
v 0.002580 0.001203 0.000000
v 0.002780 0.000616 0.000000
v 0.002780 0.000616 0.000000
v 0.002847 0.000000 0.000000
v 0.002847 0.000000 0.000000
v 0.002847 0.000000 0.000000
v 0.000616 0.002780 0.000000
v 0.000616 0.002780 0.000000
v 0.005225 0.001176 0.004972
v 0.005226 0.000000 0.004972
v 0.005226 0.000000 0.003841
v 0.005225 0.001171 0.003841
v 0.001175 0.005225 0.004972
v 0.001171 0.005225 0.003841
v 0.001633 0.002332 0.000000
v 0.001633 0.002332 0.000000
v 0.001203 0.002580 0.000000
v 0.001203 0.002580 0.000000
v 0.002013 0.002013 0.000000
v 0.002013 0.002013 0.000000
v 0.001902 0.002847 0.030332
v 0.002847 0.001902 0.030332
v 0.003164 0.001310 0.030332
v 0.003358 0.000668 0.030332
v 0.003424 0.000000 0.030332
v 0.001310 0.003164 0.030332
v 0.000668 0.003358 0.030332
v 0.002583 0.002583 0.031723
v 0.002029 0.003037 0.031723
v 0.003037 0.002029 0.031723
v 0.003375 0.001398 0.031723
v 0.003583 0.000713 0.031723
v 0.003653 0.000000 0.031723
v 0.001398 0.003375 0.031723
v 0.000713 0.003583 0.031723
v 0.002768 0.002768 0.032714
v 0.002174 0.003254 0.032714
v 0.003254 0.002174 0.032714
v 0.003616 0.001498 0.032714
v 0.003839 0.000764 0.032714
v 0.003914 0.000000 0.032714
v 0.001498 0.003616 0.032714
v 0.000764 0.003839 0.032714
v 0.002499 0.002499 0.037027
v 0.001963 0.002938 0.037027
v 0.002938 0.001963 0.037027
v 0.003265 0.001352 0.037027
v 0.003466 0.000689 0.037027
v 0.003534 0.000000 0.037027
v 0.001352 0.003265 0.037027
v 0.000689 0.003466 0.037027
v 0.003863 0.000000 0.034152
v 0.003734 0.000000 0.035589
v 0.003662 0.000728 0.035589
v 0.003789 0.000754 0.034152
v 0.001478 0.003569 0.034152
v 0.001429 0.003450 0.035589
v 0.000728 0.003662 0.035589
v 0.000754 0.003789 0.034152
v 0.003450 0.001429 0.035589
v 0.003569 0.001478 0.034152
v 0.003212 0.002146 0.034152
v 0.003105 0.002074 0.035589
v 0.002640 0.002640 0.035589
v 0.002732 0.002732 0.034152
v 0.002146 0.003212 0.034152
v 0.002074 0.003105 0.035589
v 0.002387 0.002387 0.037158
v 0.002387 0.002387 0.037158
v 0.001875 0.002806 0.037158
v 0.001875 0.002806 0.037158
v 0.002806 0.001875 0.037158
v 0.002806 0.001875 0.037158
v 0.003118 0.001292 0.037158
v 0.003118 0.001292 0.037158
v 0.003310 0.000658 0.037158
v 0.003310 0.000658 0.037158
v 0.003375 0.000000 0.037158
v 0.003375 0.000000 0.037158
v 0.001292 0.003118 0.037158
v 0.001292 0.003118 0.037158
v 0.000658 0.003310 0.037158
v 0.000658 0.003310 0.037158
v 0.001930 0.001930 0.049517
v 0.001516 0.002269 0.049517
v 0.002269 0.001516 0.049517
v 0.002522 0.001044 0.049517
v 0.002677 0.000532 0.049517
v 0.002729 0.000000 0.049517
v 0.001044 0.002522 0.049517
v 0.000532 0.002677 0.049517
v 0.001244 0.003002 0.040085
v 0.000634 0.003187 0.040085
v 0.003187 0.000634 0.040085
v 0.003002 0.001244 0.040085
v 0.002702 0.001805 0.040085
v 0.002298 0.002298 0.040085
v 0.001805 0.002702 0.040085
v 0.003250 0.000000 0.040085
v 0.002022 0.002022 0.049678
v 0.001589 0.002378 0.049678
v 0.002378 0.001589 0.049678
v 0.002642 0.001094 0.049678
v 0.002805 0.000558 0.049678
v 0.002859 0.000000 0.049678
v 0.001094 0.002642 0.049678
v 0.000558 0.002805 0.049678
v 0.002069 0.002069 0.049889
v 0.001625 0.002432 0.049889
v 0.002432 0.001625 0.049889
v 0.002703 0.001120 0.049889
v 0.002869 0.000571 0.049889
v 0.002925 0.000000 0.049889
v 0.001120 0.002703 0.049889
v 0.000571 0.002869 0.049889
v 0.001995 0.001995 0.050151
v 0.001568 0.002346 0.050151
v 0.002346 0.001568 0.050151
v 0.002607 0.001080 0.050151
v 0.002767 0.000550 0.050151
v 0.002822 0.000000 0.050151
v 0.001080 0.002607 0.050151
v 0.000550 0.002767 0.050151
v 0.001878 0.001878 0.050241
v 0.001878 0.001878 0.050241
v 0.001475 0.002208 0.050241
v 0.001475 0.002208 0.050241
v 0.002208 0.001475 0.050241
v 0.002208 0.001475 0.050241
v 0.002453 0.001016 0.050241
v 0.002453 0.001016 0.050241
v 0.002604 0.000518 0.050241
v 0.002604 0.000518 0.050241
v 0.002655 0.000000 0.050241
v 0.002655 0.000000 0.050241
v 0.001016 0.002453 0.050241
v 0.001016 0.002453 0.050241
v 0.000518 0.002604 0.050241
v 0.000518 0.002604 0.050241
v 0.000949 0.000949 0.050241
v 0.000949 0.000949 0.050241
v 0.000514 0.001241 0.050241
v 0.000514 0.001241 0.050241
v 0.000521 0.001246 0.081185
v 0.000521 0.001246 0.081185
v 0.001241 0.000514 0.050241
v 0.001241 0.000514 0.050241
v 0.000952 0.000958 0.081185
v 0.000952 0.000958 0.081185
v 0.001343 0.000000 0.050241
v 0.001343 0.000000 0.050241
v 0.001243 0.000527 0.081185
v 0.001243 0.000527 0.081185
v 0.001339 0.000000 0.081185
v 0.001339 0.000000 0.081185
v 0.001339 0.000000 0.081185
v 0.001339 0.000000 0.081185
v 0.000705 0.001151 0.083406
v 0.000705 0.001151 0.083406
v 0.000949 0.000949 0.083406
v 0.001149 0.000708 0.083406
v 0.001149 0.000708 0.083406
v 0.000765 0.000000 0.083406
v 0.001193 0.000000 0.081737
v 0.000967 0.000000 0.082562
v 0.001175 0.000664 0.082592
v 0.001211 0.000596 0.081737
v 0.000949 0.000949 0.082583
v 0.000957 0.000952 0.081744
v 0.000577 0.001220 0.081739
v 0.000671 0.001171 0.082573
v 0.000310 0.001311 0.081736
v 0.000310 0.001311 0.081736
v 0.000550 0.001220 0.082565
v 0.000550 0.001220 0.082565
v 0.001306 0.000319 0.081748
v 0.001306 0.000319 0.081748
v 0.001218 0.000552 0.082586
v 0.001218 0.000552 0.082586
v 0.000238 0.000247 0.084986
v 0.000238 0.000247 0.084986
v 0.000485 0.000000 0.084969
v 0.000485 0.000000 0.084969
v 0.000485 0.000000 0.084969
v 0.000485 0.000000 0.084969
v 0.000610 0.000602 0.084219
v 0.000365 0.000828 0.084203
v 0.000365 0.000828 0.084203
v 0.000821 0.000365 0.084214
v 0.000821 0.000365 0.084214
v 0.000664 0.000000 0.084190
v -0.003669 -0.000730 0.027345
v -0.004229 -0.000841 0.025790
v -0.005005 -0.000995 0.024508
v -0.003984 -0.001650 0.025790
v -0.004714 -0.001953 0.024508
v -0.003585 -0.002396 0.025790
v -0.003049 -0.003049 0.025790
v -0.004243 -0.002835 0.024508
v -0.003110 -0.002078 0.027345
v -0.002645 -0.002645 0.027345
v -0.002078 -0.003110 0.027345
v -0.002472 -0.002472 0.028523
v -0.001942 -0.002907 0.028523
v -0.002907 -0.001942 0.028523
v -0.003230 -0.001338 0.028523
v -0.003429 -0.000682 0.028523
v -0.003456 -0.001431 0.027345
v -0.001338 -0.003230 0.028523
v -0.000682 -0.003429 0.028523
v 0.000000 -0.003496 0.028523
v 0.000000 -0.003496 0.028523
v 0.000000 -0.003741 0.027345
v 0.000000 -0.003741 0.027345
v 0.000000 -0.004312 0.025790
v 0.000000 -0.004312 0.025790
v -0.000841 -0.004229 0.025790
v -0.002421 -0.002421 0.030332
v -0.000730 -0.003669 0.027345
v -0.001431 -0.003456 0.027345
v -0.001650 -0.003984 0.025790
v -0.001953 -0.004714 0.024508
v -0.002396 -0.003585 0.025790
v -0.002835 -0.004243 0.024508
v -0.003608 -0.003608 0.024508
v -0.002891 -0.004326 0.024175
v -0.001991 -0.004807 0.024175
v -0.002981 -0.004384 0.023161
v -0.002981 -0.004384 0.023161
v -0.003679 -0.003679 0.024175
v -0.003762 -0.003729 0.023161
v -0.003762 -0.003729 0.023161
v -0.004326 -0.002891 0.024175
v -0.004807 -0.001991 0.024175
v -0.004408 -0.002946 0.023161
v -0.004408 -0.002946 0.023161
v -0.004889 -0.002036 0.023161
v -0.004889 -0.002036 0.023161
v -0.002084 -0.004869 0.023161
v -0.002084 -0.004869 0.023161
v -0.001039 -0.005124 0.023161
v -0.001039 -0.005124 0.023161
v -0.001015 -0.005103 0.024175
v 0.000000 -0.005201 0.023161
v 0.000000 -0.005201 0.023161
v 0.000000 -0.005201 0.023161
v 0.000000 -0.005203 0.024175
v 0.000000 -0.005203 0.024175
v -0.005103 -0.001015 0.024175
v -0.005125 -0.001034 0.023161
v -0.005125 -0.001034 0.023161
v -0.005229 -0.001246 0.023034
v -0.005229 -0.001246 0.023034
v -0.005225 -0.001167 0.002751
v -0.005225 -0.001167 0.002751
v -0.004340 -0.000962 0.001287
v -0.004028 -0.001878 0.001287
v -0.004854 -0.001076 0.001992
v -0.004506 -0.002101 0.001992
v -0.004072 -0.002851 0.001992
v -0.004853 -0.002263 0.002753
v -0.004386 -0.003071 0.002753
v -0.003786 -0.003786 0.002753
v -0.003071 -0.004386 0.002753
v -0.004020 -0.004020 0.003841
v -0.004657 -0.003261 0.003841
v -0.003261 -0.004657 0.003841
v -0.004096 -0.004096 0.004971
v -0.003342 -0.004732 0.004971
v -0.002492 -0.005229 0.004971
v -0.002492 -0.005229 0.004971
v -0.003342 -0.004732 0.022753
v -0.003342 -0.004732 0.022753
v -0.004096 -0.004096 0.022708
v -0.004096 -0.004096 0.022708
v -0.002492 -0.005229 0.022881
v -0.002492 -0.005229 0.022881
v -0.002492 -0.005229 0.022881
v -0.001246 -0.005229 0.023034
v -0.001246 -0.005229 0.023034
v 0.000000 -0.005229 0.023080
v 0.000000 -0.005229 0.023080
v -0.001167 -0.005225 0.002750
v -0.001167 -0.005225 0.002750
v -0.002263 -0.004853 0.002753
v 0.000000 -0.005226 0.002466
v 0.000000 -0.005226 0.002466
v 0.000000 -0.005226 0.002466
v 0.000000 -0.004971 0.001992
v 0.000000 -0.004971 0.001992
v 0.000000 -0.004445 0.001287
v 0.000000 -0.004445 0.001287
v -0.001076 -0.004854 0.001992
v -0.002101 -0.004506 0.001992
v -0.000962 -0.004340 0.001287
v -0.001878 -0.004028 0.001287
v -0.000842 -0.003800 0.000677
v 0.000000 -0.003892 0.000677
v 0.000000 -0.003892 0.000677
v 0.000000 -0.003092 0.000071
v 0.000000 -0.003092 0.000071
v -0.000669 -0.003018 0.000071
v -0.001307 -0.002802 0.000071
v -0.001773 -0.002533 0.000071
v -0.002186 -0.002186 0.000071
v -0.002533 -0.001773 0.000071
v -0.002752 -0.002752 0.000677
v -0.003188 -0.002233 0.000677
v -0.002233 -0.003188 0.000677
v -0.001645 -0.003528 0.000677
v -0.002549 -0.003641 0.001287
v -0.002851 -0.004072 0.001992
v -0.003143 -0.003143 0.001287
v -0.003515 -0.003515 0.001992
v -0.003641 -0.002549 0.001287
v -0.003528 -0.001645 0.000677
v -0.003800 -0.000842 0.000677
v -0.003018 -0.000669 0.000071
v -0.002802 -0.001307 0.000071
v -0.002237 -0.005225 0.003841
v -0.002237 -0.005225 0.003841
v -0.004732 -0.003342 0.022753
v -0.004732 -0.003342 0.022753
v -0.005229 -0.002492 0.022881
v -0.005229 -0.002492 0.022881
v -0.005229 -0.002492 0.022881
v -0.004732 -0.003342 0.004971
v -0.005229 -0.002492 0.004971
v -0.005229 -0.002492 0.004971
v -0.005226 -0.002234 0.003841
v -0.005226 -0.002234 0.003841
v 0.000000 -0.005103 0.024508
v 0.000000 -0.005103 0.024508
v -0.000995 -0.005005 0.024508
v -0.002332 -0.001633 0.000000
v -0.002332 -0.001633 0.000000
v -0.002580 -0.001203 0.000000
v -0.002580 -0.001203 0.000000
v -0.002780 -0.000616 0.000000
v -0.002780 -0.000616 0.000000
v 0.000000 -0.002847 0.000000
v 0.000000 -0.002847 0.000000
v 0.000000 -0.002847 0.000000
v -0.000616 -0.002780 0.000000
v -0.000616 -0.002780 0.000000
v -0.005225 -0.001176 0.004972
v -0.005225 -0.001171 0.003841
v 0.000000 -0.005226 0.004972
v -0.001175 -0.005225 0.004972
v -0.001171 -0.005225 0.003841
v 0.000000 -0.005226 0.003841
v -0.001633 -0.002332 0.000000
v -0.001633 -0.002332 0.000000
v -0.001203 -0.002580 0.000000
v -0.001203 -0.002580 0.000000
v -0.002013 -0.002013 0.000000
v -0.002013 -0.002013 0.000000
v -0.001902 -0.002847 0.030332
v -0.002847 -0.001902 0.030332
v -0.003164 -0.001310 0.030332
v -0.003358 -0.000668 0.030332
v -0.001310 -0.003164 0.030332
v -0.000668 -0.003358 0.030332
v 0.000000 -0.003424 0.030332
v 0.000000 -0.003424 0.030332
v -0.002583 -0.002583 0.031723
v -0.002029 -0.003037 0.031723
v -0.003037 -0.002029 0.031723
v -0.003375 -0.001398 0.031723
v -0.003583 -0.000713 0.031723
v -0.001398 -0.003375 0.031723
v -0.000713 -0.003583 0.031723
v 0.000000 -0.003653 0.031723
v 0.000000 -0.003653 0.031723
v -0.002768 -0.002768 0.032714
v -0.002174 -0.003254 0.032714
v -0.003254 -0.002174 0.032714
v -0.003616 -0.001498 0.032714
v -0.003839 -0.000764 0.032714
v -0.001498 -0.003616 0.032714
v -0.000764 -0.003839 0.032714
v 0.000000 -0.003914 0.032714
v 0.000000 -0.003914 0.032714
v -0.002499 -0.002499 0.037027
v -0.001963 -0.002938 0.037027
v -0.002938 -0.001963 0.037027
v -0.003265 -0.001352 0.037027
v -0.003466 -0.000689 0.037027
v -0.001352 -0.003265 0.037027
v -0.000689 -0.003466 0.037027
v 0.000000 -0.003534 0.037027
v 0.000000 -0.003534 0.037027
v -0.003662 -0.000728 0.035589
v -0.003789 -0.000754 0.034152
v -0.001478 -0.003569 0.034152
v -0.001429 -0.003450 0.035589
v -0.000728 -0.003662 0.035589
v -0.000754 -0.003789 0.034152
v -0.003450 -0.001429 0.035589
v -0.003569 -0.001478 0.034152
v -0.003212 -0.002146 0.034152
v -0.003105 -0.002074 0.035589
v -0.002640 -0.002640 0.035589
v -0.002732 -0.002732 0.034152
v -0.002146 -0.003212 0.034152
v -0.002074 -0.003105 0.035589
v 0.000000 -0.003734 0.035589
v 0.000000 -0.003734 0.035589
v 0.000000 -0.003863 0.034152
v 0.000000 -0.003863 0.034152
v -0.002387 -0.002387 0.037158
v -0.002387 -0.002387 0.037158
v -0.001875 -0.002806 0.037158
v -0.001875 -0.002806 0.037158
v -0.002806 -0.001875 0.037158
v -0.002806 -0.001875 0.037158
v -0.003118 -0.001292 0.037158
v -0.003118 -0.001292 0.037158
v -0.003310 -0.000658 0.037158
v -0.003310 -0.000658 0.037158
v -0.001292 -0.003118 0.037158
v -0.001292 -0.003118 0.037158
v -0.000658 -0.003310 0.037158
v -0.000658 -0.003310 0.037158
v 0.000000 -0.003375 0.037158
v 0.000000 -0.003375 0.037158
v 0.000000 -0.003375 0.037158
v 0.000000 -0.003375 0.037158
v -0.001930 -0.001930 0.049517
v -0.001516 -0.002269 0.049517
v -0.002269 -0.001516 0.049517
v -0.002522 -0.001044 0.049517
v -0.002677 -0.000532 0.049517
v -0.001044 -0.002522 0.049517
v -0.000532 -0.002677 0.049517
v 0.000000 -0.002729 0.049517
v 0.000000 -0.002729 0.049517
v -0.001244 -0.003002 0.040085
v -0.000634 -0.003187 0.040085
v -0.003187 -0.000634 0.040085
v -0.003002 -0.001244 0.040085
v -0.002702 -0.001805 0.040085
v -0.002298 -0.002298 0.040085
v -0.001805 -0.002702 0.040085
v 0.000000 -0.003250 0.040085
v 0.000000 -0.003250 0.040085
v -0.002022 -0.002022 0.049678
v -0.001589 -0.002378 0.049678
v -0.002378 -0.001589 0.049678
v -0.002642 -0.001094 0.049678
v -0.002805 -0.000558 0.049678
v -0.001094 -0.002642 0.049678
v -0.000558 -0.002805 0.049678
v 0.000000 -0.002859 0.049678
v 0.000000 -0.002859 0.049678
v -0.002069 -0.002069 0.049889
v -0.001625 -0.002432 0.049889
v -0.002432 -0.001625 0.049889
v -0.002703 -0.001120 0.049889
v -0.002869 -0.000571 0.049889
v -0.001120 -0.002703 0.049889
v -0.000571 -0.002869 0.049889
v 0.000000 -0.002925 0.049889
v 0.000000 -0.002925 0.049889
v -0.001995 -0.001995 0.050151
v -0.001568 -0.002346 0.050151
v -0.002346 -0.001568 0.050151
v -0.002607 -0.001080 0.050151
v -0.002767 -0.000550 0.050151
v -0.001080 -0.002607 0.050151
v -0.000550 -0.002767 0.050151
v 0.000000 -0.002822 0.050151
v 0.000000 -0.002822 0.050151
v -0.001878 -0.001878 0.050241
v -0.001878 -0.001878 0.050241
v -0.001475 -0.002208 0.050241
v -0.001475 -0.002208 0.050241
v -0.002208 -0.001475 0.050241
v -0.002208 -0.001475 0.050241
v -0.002453 -0.001016 0.050241
v -0.002453 -0.001016 0.050241
v -0.002604 -0.000518 0.050241
v -0.002604 -0.000518 0.050241
v -0.001016 -0.002453 0.050241
v -0.001016 -0.002453 0.050241
v -0.000518 -0.002604 0.050241
v -0.000518 -0.002604 0.050241
v 0.000000 -0.002655 0.050241
v 0.000000 -0.002655 0.050241
v 0.000000 -0.002655 0.050241
v -0.000949 -0.000949 0.050241
v -0.000949 -0.000949 0.050241
v -0.000514 -0.001241 0.050241
v -0.000514 -0.001241 0.050241
v -0.000521 -0.001246 0.081185
v -0.000521 -0.001246 0.081185
v -0.001241 -0.000514 0.050241
v -0.001241 -0.000514 0.050241
v -0.000952 -0.000958 0.081185
v -0.000952 -0.000958 0.081185
v -0.001243 -0.000527 0.081185
v -0.001243 -0.000527 0.081185
v 0.000000 -0.001343 0.050241
v 0.000000 -0.001343 0.050241
v 0.000000 -0.001343 0.050241
v 0.000000 -0.001338 0.081184
v 0.000000 -0.001338 0.081184
v 0.000000 -0.001338 0.081184
v 0.000000 -0.001338 0.081184
v 0.000000 -0.001338 0.081184
v -0.000705 -0.001151 0.083406
v -0.000705 -0.001151 0.083406
v -0.000949 -0.000949 0.083406
v -0.001149 -0.000708 0.083406
v -0.001149 -0.000708 0.083406
v 0.000000 -0.000794 0.083406
v -0.001175 -0.000664 0.082592
v -0.001211 -0.000596 0.081737
v -0.000949 -0.000949 0.082583
v -0.000957 -0.000952 0.081744
v -0.000577 -0.001220 0.081739
v -0.000671 -0.001171 0.082573
v 0.000000 -0.000983 0.082566
v 0.000000 -0.001199 0.081738
v -0.000310 -0.001311 0.081736
v -0.000310 -0.001311 0.081736
v -0.000550 -0.001220 0.082565
v -0.000550 -0.001220 0.082565
v -0.001306 -0.000319 0.081748
v -0.001306 -0.000319 0.081748
v -0.001218 -0.000552 0.082586
v -0.001218 -0.000552 0.082586
v 0.000000 -0.000483 0.084964
v 0.000000 -0.000483 0.084964
v 0.000000 -0.000483 0.084964
v 0.000000 -0.000483 0.084964
v -0.000238 -0.000247 0.084986
v -0.000238 -0.000247 0.084986
v -0.000610 -0.000602 0.084219
v -0.000365 -0.000828 0.084203
v -0.000365 -0.000828 0.084203
v -0.000821 -0.000365 0.084214
v -0.000821 -0.000365 0.084214
v 0.000000 -0.000665 0.084174
v 0.003669 -0.000730 0.027345
v 0.004229 -0.000841 0.025790
v 0.005005 -0.000995 0.024508
v 0.003984 -0.001650 0.025790
v 0.004714 -0.001953 0.024508
v 0.003585 -0.002396 0.025790
v 0.003049 -0.003049 0.025790
v 0.004243 -0.002835 0.024508
v 0.003110 -0.002078 0.027345
v 0.002645 -0.002645 0.027345
v 0.002078 -0.003110 0.027345
v 0.002472 -0.002472 0.028523
v 0.001942 -0.002907 0.028523
v 0.002907 -0.001942 0.028523
v 0.003230 -0.001338 0.028523
v 0.003429 -0.000682 0.028523
v 0.003456 -0.001431 0.027345
v 0.001338 -0.003230 0.028523
v 0.000682 -0.003429 0.028523
v 0.000841 -0.004229 0.025790
v 0.002421 -0.002421 0.030332
v 0.000730 -0.003669 0.027345
v 0.001431 -0.003456 0.027345
v 0.001650 -0.003984 0.025790
v 0.001953 -0.004714 0.024508
v 0.002396 -0.003585 0.025790
v 0.002835 -0.004243 0.024508
v 0.003608 -0.003608 0.024508
v 0.002891 -0.004326 0.024175
v 0.001991 -0.004807 0.024175
v 0.002981 -0.004384 0.023161
v 0.002981 -0.004384 0.023161
v 0.003679 -0.003679 0.024175
v 0.003762 -0.003729 0.023161
v 0.003762 -0.003729 0.023161
v 0.004326 -0.002891 0.024175
v 0.004807 -0.001991 0.024175
v 0.004408 -0.002946 0.023161
v 0.004408 -0.002946 0.023161
v 0.004889 -0.002036 0.023161
v 0.004889 -0.002036 0.023161
v 0.002084 -0.004869 0.023161
v 0.002084 -0.004869 0.023161
v 0.001039 -0.005124 0.023161
v 0.001039 -0.005124 0.023161
v 0.001015 -0.005103 0.024175
v 0.005103 -0.001015 0.024175
v 0.005125 -0.001034 0.023161
v 0.005125 -0.001034 0.023161
v 0.005229 -0.001246 0.023034
v 0.005229 -0.001246 0.023034
v 0.005225 -0.001167 0.002751
v 0.005225 -0.001167 0.002751
v 0.004340 -0.000962 0.001287
v 0.004028 -0.001878 0.001287
v 0.004854 -0.001076 0.001992
v 0.004506 -0.002101 0.001992
v 0.004072 -0.002851 0.001992
v 0.004853 -0.002263 0.002753
v 0.004386 -0.003071 0.002753
v 0.003786 -0.003786 0.002753
v 0.003071 -0.004386 0.002753
v 0.004020 -0.004020 0.003841
v 0.004657 -0.003261 0.003841
v 0.003261 -0.004657 0.003841
v 0.004096 -0.004096 0.004971
v 0.003342 -0.004732 0.004971
v 0.002492 -0.005229 0.004971
v 0.002492 -0.005229 0.004971
v 0.003342 -0.004732 0.022753
v 0.003342 -0.004732 0.022753
v 0.004096 -0.004096 0.022708
v 0.004096 -0.004096 0.022708
v 0.002492 -0.005229 0.022881
v 0.002492 -0.005229 0.022881
v 0.002492 -0.005229 0.022881
v 0.001246 -0.005229 0.023034
v 0.001246 -0.005229 0.023034
v 0.001167 -0.005225 0.002750
v 0.001167 -0.005225 0.002750
v 0.002263 -0.004853 0.002753
v 0.001076 -0.004854 0.001992
v 0.002101 -0.004506 0.001992
v 0.000962 -0.004340 0.001287
v 0.001878 -0.004028 0.001287
v 0.000842 -0.003800 0.000677
v 0.000669 -0.003018 0.000071
v 0.001307 -0.002802 0.000071
v 0.001773 -0.002533 0.000071
v 0.002186 -0.002186 0.000071
v 0.002533 -0.001773 0.000071
v 0.002752 -0.002752 0.000677
v 0.003188 -0.002233 0.000677
v 0.002233 -0.003188 0.000677
v 0.001645 -0.003528 0.000677
v 0.002549 -0.003641 0.001287
v 0.002851 -0.004072 0.001992
v 0.003143 -0.003143 0.001287
v 0.003515 -0.003515 0.001992
v 0.003641 -0.002549 0.001287
v 0.003528 -0.001645 0.000677
v 0.003800 -0.000842 0.000677
v 0.003018 -0.000669 0.000071
v 0.002802 -0.001307 0.000071
v 0.002237 -0.005225 0.003841
v 0.002237 -0.005225 0.003841
v 0.004732 -0.003342 0.022753
v 0.004732 -0.003342 0.022753
v 0.005229 -0.002492 0.022881
v 0.005229 -0.002492 0.022881
v 0.005229 -0.002492 0.022881
v 0.004732 -0.003342 0.004971
v 0.005229 -0.002492 0.004971
v 0.005229 -0.002492 0.004971
v 0.005226 -0.002234 0.003841
v 0.005226 -0.002234 0.003841
v 0.000995 -0.005005 0.024508
v 0.002332 -0.001633 0.000000
v 0.002332 -0.001633 0.000000
v 0.002580 -0.001203 0.000000
v 0.002580 -0.001203 0.000000
v 0.002780 -0.000616 0.000000
v 0.002780 -0.000616 0.000000
v 0.000616 -0.002780 0.000000
v 0.000616 -0.002780 0.000000
v 0.005225 -0.001176 0.004972
v 0.005225 -0.001171 0.003841
v 0.001175 -0.005225 0.004972
v 0.001171 -0.005225 0.003841
v 0.001633 -0.002332 0.000000
v 0.001633 -0.002332 0.000000
v 0.001203 -0.002580 0.000000
v 0.001203 -0.002580 0.000000
v 0.002013 -0.002013 0.000000
v 0.002013 -0.002013 0.000000
v 0.001902 -0.002847 0.030332
v 0.002847 -0.001902 0.030332
v 0.003164 -0.001310 0.030332
v 0.003358 -0.000668 0.030332
v 0.001310 -0.003164 0.030332
v 0.000668 -0.003358 0.030332
v 0.002583 -0.002583 0.031723
v 0.002029 -0.003037 0.031723
v 0.003037 -0.002029 0.031723
v 0.003375 -0.001398 0.031723
v 0.003583 -0.000713 0.031723
v 0.001398 -0.003375 0.031723
v 0.000713 -0.003583 0.031723
v 0.002768 -0.002768 0.032714
v 0.002174 -0.003254 0.032714
v 0.003254 -0.002174 0.032714
v 0.003616 -0.001498 0.032714
v 0.003839 -0.000764 0.032714
v 0.001498 -0.003616 0.032714
v 0.000764 -0.003839 0.032714
v 0.002499 -0.002499 0.037027
v 0.001963 -0.002938 0.037027
v 0.002938 -0.001963 0.037027
v 0.003265 -0.001352 0.037027
v 0.003466 -0.000689 0.037027
v 0.001352 -0.003265 0.037027
v 0.000689 -0.003466 0.037027
v 0.003662 -0.000728 0.035589
v 0.003789 -0.000754 0.034152
v 0.001478 -0.003569 0.034152
v 0.001429 -0.003450 0.035589
v 0.000728 -0.003662 0.035589
v 0.000754 -0.003789 0.034152
v 0.003450 -0.001429 0.035589
v 0.003569 -0.001478 0.034152
v 0.003212 -0.002146 0.034152
v 0.003105 -0.002074 0.035589
v 0.002640 -0.002640 0.035589
v 0.002732 -0.002732 0.034152
v 0.002146 -0.003212 0.034152
v 0.002074 -0.003105 0.035589
v 0.002387 -0.002387 0.037158
v 0.002387 -0.002387 0.037158
v 0.001875 -0.002806 0.037158
v 0.001875 -0.002806 0.037158
v 0.002806 -0.001875 0.037158
v 0.002806 -0.001875 0.037158
v 0.003118 -0.001292 0.037158
v 0.003118 -0.001292 0.037158
v 0.003310 -0.000658 0.037158
v 0.003310 -0.000658 0.037158
v 0.001292 -0.003118 0.037158
v 0.001292 -0.003118 0.037158
v 0.000658 -0.003310 0.037158
v 0.000658 -0.003310 0.037158
v 0.001930 -0.001930 0.049517
v 0.001516 -0.002269 0.049517
v 0.002269 -0.001516 0.049517
v 0.002522 -0.001044 0.049517
v 0.002677 -0.000532 0.049517
v 0.001044 -0.002522 0.049517
v 0.000532 -0.002677 0.049517
v 0.001244 -0.003002 0.040085
v 0.000634 -0.003187 0.040085
v 0.003187 -0.000634 0.040085
v 0.003002 -0.001244 0.040085
v 0.002702 -0.001805 0.040085
v 0.002298 -0.002298 0.040085
v 0.001805 -0.002702 0.040085
v 0.002022 -0.002022 0.049678
v 0.001589 -0.002378 0.049678
v 0.002378 -0.001589 0.049678
v 0.002642 -0.001094 0.049678
v 0.002805 -0.000558 0.049678
v 0.001094 -0.002642 0.049678
v 0.000558 -0.002805 0.049678
v 0.002069 -0.002069 0.049889
v 0.001625 -0.002432 0.049889
v 0.002432 -0.001625 0.049889
v 0.002703 -0.001120 0.049889
v 0.002869 -0.000571 0.049889
v 0.001120 -0.002703 0.049889
v 0.000571 -0.002869 0.049889
v 0.001995 -0.001995 0.050151
v 0.001568 -0.002346 0.050151
v 0.002346 -0.001568 0.050151
v 0.002607 -0.001080 0.050151
v 0.002767 -0.000550 0.050151
v 0.001080 -0.002607 0.050151
v 0.000550 -0.002767 0.050151
v 0.001878 -0.001878 0.050241
v 0.001878 -0.001878 0.050241
v 0.001475 -0.002208 0.050241
v 0.001475 -0.002208 0.050241
v 0.002208 -0.001475 0.050241
v 0.002208 -0.001475 0.050241
v 0.002453 -0.001016 0.050241
v 0.002453 -0.001016 0.050241
v 0.002604 -0.000518 0.050241
v 0.002604 -0.000518 0.050241
v 0.001016 -0.002453 0.050241
v 0.001016 -0.002453 0.050241
v 0.000518 -0.002604 0.050241
v 0.000518 -0.002604 0.050241
v 0.000949 -0.000949 0.050241
v 0.000949 -0.000949 0.050241
v 0.000514 -0.001241 0.050241
v 0.000514 -0.001241 0.050241
v 0.000521 -0.001246 0.081185
v 0.000521 -0.001246 0.081185
v 0.001241 -0.000514 0.050241
v 0.001241 -0.000514 0.050241
v 0.000952 -0.000958 0.081185
v 0.000952 -0.000958 0.081185
v 0.001243 -0.000527 0.081185
v 0.001243 -0.000527 0.081185
v 0.000705 -0.001151 0.083406
v 0.000705 -0.001151 0.083406
v 0.000949 -0.000949 0.083406
v 0.001149 -0.000708 0.083406
v 0.001149 -0.000708 0.083406
v 0.001175 -0.000664 0.082592
v 0.001211 -0.000596 0.081737
v 0.000949 -0.000949 0.082583
v 0.000957 -0.000952 0.081744
v 0.000577 -0.001220 0.081739
v 0.000671 -0.001171 0.082573
v 0.000310 -0.001311 0.081736
v 0.000310 -0.001311 0.081736
v 0.000550 -0.001220 0.082565
v 0.000550 -0.001220 0.082565
v 0.001306 -0.000319 0.081748
v 0.001306 -0.000319 0.081748
v 0.001218 -0.000552 0.082586
v 0.001218 -0.000552 0.082586
v 0.000238 -0.000247 0.084986
v 0.000238 -0.000247 0.084986
v 0.000610 -0.000602 0.084219
v 0.000365 -0.000828 0.084203
v 0.000365 -0.000828 0.084203
v 0.000821 -0.000365 0.084214
v 0.000821 -0.000365 0.084214
vt 0.154142 0.295609
vt 0.177655 0.300943
vt 0.156338 0.284681
vt 0.180248 0.289415
vt 0.199835 0.293380
vt 0.182306 0.277709
vt 0.202227 0.281126
vt 0.184208 0.265956
vt 0.185748 0.254102
vt 0.204153 0.268761
vt 0.159850 0.262575
vt 0.161261 0.251428
vt 0.162252 0.240181
vt 0.142593 0.249457
vt 0.143546 0.238715
vt 0.141368 0.260159
vt 0.139826 0.270793
vt 0.138077 0.281330
vt 0.158241 0.273664
vt 0.136070 0.291740
vt 0.144174 0.227928
vt 0.144581 0.217122
vt 0.144715 0.206302
vt 0.163514 0.206300
vt 0.188163 0.206278
vt 0.188099 0.218258
vt 0.114753 0.246749
vt 0.163435 0.217611
vt 0.162935 0.228908
vt 0.187539 0.230226
vt 0.207814 0.231322
vt 0.186807 0.242178
vt 0.206938 0.243834
vt 0.205691 0.256318
vt 0.211288 0.244207
vt 0.212166 0.231550
vt 0.069982 0.986556
vt 0.223921 0.245832
vt 0.210033 0.256811
vt 0.056985 0.986556
vt 0.222626 0.258548
vt 0.208472 0.269378
vt 0.206505 0.281886
vt 0.043988 0.986556
vt 0.221026 0.271161
vt 0.030887 0.986556
vt 0.219033 0.283920
vt 0.083031 0.986556
vt 0.224840 0.233029
vt 0.096751 0.986556
vt 0.225306 0.219452
vt 0.212617 0.218885
vt 0.110057 0.986556
vt 0.225474 0.206245
vt 0.212741 0.206256
vt 0.004480 0.986556
vt 0.426789 0.986556
vt 0.213717 0.309490
vt 0.201368 0.306547
vt 0.204089 0.294271
vt 0.197159 0.305546
vt 0.017735 0.986556
vt 0.216540 0.296656
vt 0.020195 0.988723
vt 0.943239 0.277404
vt 0.004478 0.987654
vt 0.426791 0.987654
vt 0.959760 0.278011
vt 0.680845 0.904083
vt 0.760860 0.637054
vt 0.959760 0.004615
vt 0.677672 0.910768
vt 0.764026 0.643746
vt 0.774117 0.627120
vt 0.944282 0.008391
vt 0.666533 0.931193
vt 0.775140 0.664206
vt 0.672111 0.921460
vt 0.769574 0.654452
vt 0.781403 0.649061
vt 0.793437 0.645551
vt 0.777540 0.638100
vt 0.791169 0.634501
vt 0.802043 0.632955
vt 0.789219 0.623659
vt 0.801134 0.622243
vt 0.812895 0.621737
vt 0.824665 0.622232
vt 0.812888 0.607329
vt 0.800081 0.607704
vt 0.825691 0.607700
vt 0.812887 0.592623
vt 0.825945 0.592795
vt 0.148100 0.735058
vt 0.839182 0.593295
vt 0.068739 0.994345
vt 0.826167 0.355426
vt 0.057275 0.994699
vt 0.812944 0.356025
vt 0.148100 0.972584
vt 0.080288 0.993536
vt 0.839343 0.353727
vt 0.131570 0.974616
vt 0.094375 0.988735
vt 0.110057 0.987642
vt 0.115049 0.975224
vt 0.130520 0.705601
vt 0.851588 0.627012
vt 0.836555 0.623613
vt 0.180500 0.877791
vt 0.864764 0.636720
vt 0.115049 0.701828
vt 0.183566 0.884439
vt 0.861698 0.643366
vt 0.188894 0.895175
vt 0.856369 0.654101
vt 0.848266 0.637930
vt 0.834656 0.634441
vt 0.844487 0.648888
vt 0.832411 0.645486
vt 0.840661 0.659012
vt 0.194301 0.905069
vt 0.850961 0.663994
vt 0.201633 0.916713
vt 0.843632 0.675634
vt 0.835585 0.671351
vt 0.827051 0.668531
vt 0.820043 0.667256
vt 0.812961 0.666842
vt 0.805898 0.667279
vt 0.812952 0.653865
vt 0.804347 0.654359
vt 0.821567 0.654346
vt 0.830124 0.655790
vt 0.822677 0.643963
vt 0.823737 0.632943
vt 0.812926 0.643469
vt 0.812895 0.632432
vt 0.803177 0.643990
vt 0.795799 0.655837
vt 0.785288 0.659159
vt 0.790432 0.671387
vt 0.798920 0.668555
vt 0.659174 0.942658
vt 0.782486 0.675683
vt 0.144718 0.720065
vt 0.841171 0.609041
vt 0.045782 0.994341
vt 0.799721 0.355418
vt 0.034271 0.993519
vt 0.786546 0.353712
vt 0.926709 0.275372
vt 0.799825 0.592790
vt 0.786576 0.593283
vt 0.926709 0.037845
vt 0.784530 0.609058
vt 0.930128 0.022849
vt 0.208406 0.206260
vt 0.208240 0.218783
vt 0.905884 0.330863
vt 0.928211 0.361315
vt 0.806308 0.670624
vt 0.933160 0.356974
vt 0.799740 0.671854
vt 0.938165 0.350452
vt 0.791799 0.674532
vt 0.941640 0.343000
vt 0.657224 0.945490
vt 0.784432 0.678522
vt 0.893746 0.366619
vt 0.203590 0.919603
vt 0.841676 0.678522
vt 0.901772 0.368399
vt 0.834224 0.674515
vt 0.944168 0.037846
vt 0.959760 0.037846
vt 0.959760 0.022849
vt 0.944226 0.022850
vt 0.115049 0.735058
vt 0.130635 0.735058
vt 0.130577 0.720065
vt 0.115049 0.720064
vt 0.916450 0.367115
vt 0.819637 0.670633
vt 0.909994 0.368399
vt 0.826236 0.671849
vt 0.922584 0.364729
vt 0.812964 0.670229
vt 0.115656 0.236687
vt 0.113753 0.256768
vt 0.112399 0.266726
vt 0.110807 0.276617
vt 0.109127 0.286452
vt 0.116215 0.226589
vt 0.116523 0.216473
vt 0.116594 0.206335
vt 0.094683 0.244871
vt 0.095377 0.235268
vt 0.093690 0.254435
vt 0.092550 0.263969
vt 0.091102 0.273445
vt 0.089534 0.282871
vt 0.096018 0.225645
vt 0.096298 0.215996
vt 0.096482 0.206349
vt 0.081611 0.243684
vt 0.082371 0.234382
vt 0.080646 0.252959
vt 0.079473 0.262202
vt 0.078206 0.271425
vt 0.076637 0.280593
vt 0.082824 0.225057
vt 0.083192 0.215709
vt 0.083228 0.206367
vt 0.030595 0.239163
vt 0.031211 0.231035
vt 0.029760 0.247276
vt 0.028755 0.255481
vt 0.027518 0.263639
vt 0.026171 0.271775
vt 0.031674 0.222796
vt 0.031899 0.214573
vt 0.032037 0.206356
vt 0.059766 0.277658
vt 0.042993 0.274740
vt 0.044405 0.266243
vt 0.061198 0.268820
vt 0.065647 0.224267
vt 0.048675 0.223540
vt 0.048943 0.214953
vt 0.065936 0.215310
vt 0.045643 0.257737
vt 0.062476 0.259963
vt 0.063570 0.251072
vt 0.046674 0.249203
vt 0.047542 0.240670
vt 0.064479 0.242156
vt 0.065162 0.233218
vt 0.048193 0.232117
vt 0.049051 0.206368
vt 0.066022 0.206350
vt 0.028161 0.238946
vt 0.772212 0.179033
vt 0.028724 0.230882
vt 0.772476 0.170310
vt 0.027282 0.246985
vt 0.771865 0.187754
vt 0.026228 0.255137
vt 0.771437 0.196474
vt 0.025074 0.263252
vt 0.770927 0.205189
vt 0.023663 0.271330
vt 0.770336 0.213901
vt 0.029132 0.222687
vt 0.772659 0.161586
vt 0.029435 0.214518
vt 0.772759 0.152861
vt 0.029501 0.206355
vt 0.772779 0.144137
vt 0.607205 0.173048
vt 0.607403 0.165895
vt 0.606942 0.180205
vt 0.606634 0.187397
vt 0.606099 0.194560
vt 0.605660 0.201725
vt 0.607639 0.158713
vt 0.607660 0.151535
vt 0.607785 0.144366
vt 0.734116 0.160948
vt 0.734218 0.152585
vt 0.732423 0.202748
vt 0.732920 0.194392
vt 0.733338 0.186034
vt 0.733676 0.177674
vt 0.733935 0.169312
vt 0.734241 0.144221
vt 0.731848 0.211099
vt 0.604517 0.172948
vt 0.604761 0.165817
vt 0.604240 0.180081
vt 0.603890 0.187239
vt 0.603450 0.194380
vt 0.602921 0.201517
vt 0.604894 0.158663
vt 0.605006 0.151508
vt 0.605047 0.144359
vt 0.601683 0.172852
vt 0.601948 0.165754
vt 0.601442 0.179961
vt 0.601070 0.187079
vt 0.600649 0.194190
vt 0.600092 0.201302
vt 0.602082 0.158627
vt 0.602176 0.151488
vt 0.602247 0.144368
vt 0.598129 0.172735
vt 0.598337 0.165660
vt 0.597849 0.179777
vt 0.597478 0.186874
vt 0.597048 0.193970
vt 0.596551 0.201036
vt 0.598498 0.158536
vt 0.598595 0.151447
vt 0.598652 0.144360
vt 0.394105 0.935414
vt 0.595635 0.172651
vt 0.395451 0.942185
vt 0.595822 0.165598
vt 0.394105 0.928511
vt 0.595386 0.179656
vt 0.395451 0.921740
vt 0.594930 0.186729
vt 0.398093 0.915362
vt 0.594577 0.193808
vt 0.401929 0.909622
vt 0.594014 0.200847
vt 0.398093 0.948563
vt 0.595940 0.158485
vt 0.401929 0.954303
vt 0.596123 0.151419
vt 0.406810 0.959184
vt 0.596104 0.144355
vt 0.411427 0.933708
vt 0.401634 0.803292
vt 0.413444 0.940358
vt 0.408582 0.803291
vt 0.064724 0.417143
vt 0.408519 0.392904
vt 0.412108 0.926793
vt 0.394685 0.803293
vt 0.057833 0.417148
vt 0.401640 0.392901
vt 0.415384 0.920665
vt 0.387737 0.803295
vt 0.050923 0.417144
vt 0.394741 0.392894
vt 0.417852 0.945729
vt 0.415531 0.803292
vt 0.023553 0.054240
vt 0.035567 0.407218
vt 0.043812 0.417169
vt 0.387639 0.392897
vt 0.213443 0.055194
vt 0.071745 0.417169
vt 0.415531 0.392913
vt 0.651239 0.397256
vt 0.196943 0.028767
vt 0.061935 0.387657
vt 0.057752 0.387761
vt 0.053621 0.387665
vt 0.024713 0.023017
vt 0.014394 0.025306
vt 0.206877 0.025619
vt 0.021248 0.046957
vt 0.017816 0.036115
vt 0.052937 0.398464
vt 0.051927 0.409816
vt 0.057761 0.398596
vt 0.057726 0.409720
vt 0.063895 0.409781
vt 0.062479 0.398708
vt 0.209328 0.036662
vt 0.211791 0.047757
vt 0.207596 0.049088
vt 0.067646 0.409819
vt 0.201764 0.039091
vt 0.064215 0.398817
vt 0.025641 0.045823
vt 0.048036 0.409670
vt 0.025641 0.034124
vt 0.051345 0.398544
vt 0.056699 0.013594
vt 0.202294 0.004976
vt 0.660697 0.343366
vt 0.062288 0.363279
vt 0.052246 0.013608
vt 0.057836 0.363047
vt 0.047602 0.013621
vt 0.053190 0.363227
vt 0.026190 0.353276
vt 0.008002 0.005114
vt 0.057674 0.375300
vt 0.199436 0.016748
vt 0.062098 0.375374
vt 0.053462 0.375223
vt 0.016353 0.013803
vt 0.011244 0.015356
vt 0.204640 0.015542
vt 0.052151 0.009059
vt 0.153929 0.116945
vt 0.177468 0.111576
vt 0.156139 0.127872
vt 0.180090 0.123113
vt 0.199693 0.119112
vt 0.182179 0.134828
vt 0.202104 0.131378
vt 0.184082 0.146603
vt 0.185652 0.158454
vt 0.204049 0.143755
vt 0.159760 0.149973
vt 0.161176 0.161146
vt 0.162182 0.172412
vt 0.142452 0.163148
vt 0.143428 0.173887
vt 0.141237 0.152448
vt 0.139655 0.141832
vt 0.137914 0.131285
vt 0.158044 0.138884
vt 0.135866 0.120883
vt 0.144118 0.184664
vt 0.144580 0.195477
vt 0.188076 0.194299
vt 0.114652 0.165941
vt 0.163412 0.194994
vt 0.162888 0.183692
vt 0.187492 0.182329
vt 0.207769 0.181199
vt 0.186737 0.170376
vt 0.206872 0.168686
vt 0.205605 0.156201
vt 0.211222 0.168307
vt 0.212121 0.180963
vt 0.150132 0.986556
vt 0.223854 0.166663
vt 0.209948 0.155702
vt 0.163130 0.986556
vt 0.222544 0.153948
vt 0.208370 0.143131
vt 0.206387 0.130613
vt 0.176127 0.986556
vt 0.220931 0.141333
vt 0.189227 0.986556
vt 0.218927 0.128563
vt 0.137083 0.986556
vt 0.224793 0.179463
vt 0.123364 0.986556
vt 0.225283 0.193038
vt 0.212595 0.193627
vt 0.215634 0.986556
vt 0.213577 0.102958
vt 0.201209 0.105923
vt 0.203952 0.118213
vt 0.196994 0.106932
vt 0.202379 0.986556
vt 0.216418 0.115811
vt 0.199920 0.988723
vt 0.977723 0.994531
vt 0.215634 0.987654
vt 0.961202 0.995138
vt 0.284382 0.878196
vt 0.849043 0.686846
vt 0.961202 0.721742
vt 0.281209 0.884881
vt 0.852208 0.693538
vt 0.271146 0.868249
vt 0.976680 0.725518
vt 0.270070 0.905306
vt 0.863323 0.713998
vt 0.275648 0.895573
vt 0.857756 0.704243
vt 0.263837 0.890170
vt 0.251802 0.886639
vt 0.267710 0.879219
vt 0.254087 0.875603
vt 0.243221 0.874046
vt 0.256052 0.864768
vt 0.244142 0.863339
vt 0.232388 0.862819
vt 0.220632 0.863300
vt 0.232409 0.848414
vt 0.245214 0.848803
vt 0.219608 0.848771
vt 0.232427 0.833707
vt 0.219367 0.833863
vt 0.206124 0.834347
vt 0.081997 0.735058
vt 0.151376 0.994345
vt 0.219443 0.596467
vt 0.162839 0.994699
vt 0.232667 0.597083
vt 0.139827 0.993536
vt 0.206268 0.594752
vt 0.081997 0.972584
vt 0.125739 0.988735
vt 0.098527 0.974616
vt 0.099577 0.705601
vt 0.193680 0.868082
vt 0.208720 0.864688
vt 0.197001 0.879005
vt 0.210615 0.875527
vt 0.200778 0.889962
vt 0.212854 0.886562
vt 0.204603 0.900086
vt 0.209683 0.912430
vt 0.218218 0.909607
vt 0.225223 0.908331
vt 0.232297 0.907899
vt 0.239349 0.908337
vt 0.232303 0.894950
vt 0.240909 0.895443
vt 0.223693 0.895411
vt 0.215141 0.896860
vt 0.222583 0.885037
vt 0.221516 0.874007
vt 0.232332 0.884550
vt 0.232372 0.873513
vt 0.242078 0.885077
vt 0.249464 0.896931
vt 0.259937 0.900243
vt 0.254778 0.912466
vt 0.246311 0.909617
vt 0.262711 0.916770
vt 0.870668 0.725475
vt 0.204114 0.850101
vt 0.085379 0.720065
vt 0.174333 0.994341
vt 0.245892 0.596494
vt 0.185844 0.993519
vt 0.259071 0.594804
vt 0.994253 0.992499
vt 0.245489 0.833890
vt 0.258736 0.834401
vt 0.994253 0.754972
vt 0.260760 0.850178
vt 0.990835 0.739975
vt 0.208218 0.193738
vt 0.869631 0.341429
vt 0.238938 0.911675
vt 0.868347 0.334974
vt 0.245486 0.912909
vt 0.868347 0.326752
vt 0.253407 0.915603
vt 0.870127 0.318725
vt 0.260761 0.919603
vt 0.872615 0.728314
vt 0.886294 0.363144
vt 0.211044 0.915595
vt 0.976794 0.754973
vt 0.961202 0.754973
vt 0.961202 0.739975
vt 0.976736 0.739977
vt 0.099462 0.735058
vt 0.099521 0.720065
vt 0.875432 0.353191
vt 0.225633 0.911703
vt 0.879771 0.358139
vt 0.219034 0.912925
vt 0.232298 0.911283
vt 0.872017 0.347564
vt 0.115543 0.175997
vt 0.113508 0.155927
vt 0.112269 0.145964
vt 0.110652 0.136081
vt 0.108946 0.126257
vt 0.116219 0.186084
vt 0.116523 0.196196
vt 0.094553 0.167830
vt 0.095378 0.177422
vt 0.093620 0.158276
vt 0.092417 0.148760
vt 0.090965 0.139298
vt 0.089384 0.129885
vt 0.095969 0.187051
vt 0.096274 0.196701
vt 0.081584 0.169030
vt 0.082274 0.178331
vt 0.080585 0.159774
vt 0.079383 0.150544
vt 0.078098 0.141335
vt 0.076513 0.132184
vt 0.082763 0.187669
vt 0.083162 0.197014
vt 0.030533 0.173564
vt 0.031188 0.181681
vt 0.029707 0.165464
vt 0.028719 0.157267
vt 0.027497 0.149121
vt 0.026166 0.141001
vt 0.031650 0.189914
vt 0.031906 0.198136
vt 0.059679 0.135136
vt 0.042948 0.138060
vt 0.044359 0.146538
vt 0.061118 0.143955
vt 0.065583 0.188448
vt 0.048644 0.189213
vt 0.048934 0.197791
vt 0.065907 0.197396
vt 0.045597 0.155034
vt 0.062402 0.152795
vt 0.063502 0.161673
vt 0.046621 0.163562
vt 0.047481 0.172098
vt 0.064416 0.170580
vt 0.065099 0.179510
vt 0.048159 0.180642
vt 0.028103 0.173786
vt 0.772046 0.109260
vt 0.028701 0.181840
vt 0.772351 0.117976
vt 0.027231 0.165751
vt 0.771660 0.100548
vt 0.026194 0.157606
vt 0.771190 0.091840
vt 0.025057 0.149502
vt 0.770642 0.083138
vt 0.023664 0.141440
vt 0.770014 0.074440
vt 0.029110 0.190028
vt 0.772574 0.126694
vt 0.029441 0.198194
vt 0.772719 0.135415
vt 0.607209 0.115755
vt 0.607474 0.122860
vt 0.606885 0.108668
vt 0.606583 0.101522
vt 0.606055 0.094382
vt 0.605606 0.087226
vt 0.607696 0.130027
vt 0.607687 0.137200
vt 0.734051 0.127497
vt 0.734184 0.135858
vt 0.732195 0.085739
vt 0.732723 0.094083
vt 0.733171 0.102432
vt 0.733543 0.110784
vt 0.733836 0.119139
vt 0.731587 0.077401
vt 0.604541 0.115850
vt 0.604788 0.122932
vt 0.604264 0.108788
vt 0.603854 0.101683
vt 0.603414 0.094564
vt 0.602871 0.087437
vt 0.604953 0.130069
vt 0.605035 0.137217
vt 0.601749 0.115946
vt 0.602010 0.123013
vt 0.601476 0.108911
vt 0.601061 0.101837
vt 0.600602 0.094747
vt 0.600047 0.087654
vt 0.602157 0.130125
vt 0.602207 0.137246
vt 0.598213 0.116082
vt 0.598438 0.123077
vt 0.597900 0.109095
vt 0.597497 0.102029
vt 0.597026 0.094975
vt 0.596511 0.087928
vt 0.598560 0.130177
vt 0.598625 0.137270
vt 0.432602 0.967008
vt 0.595782 0.116175
vt 0.425699 0.967008
vt 0.595945 0.123128
vt 0.439373 0.965661
vt 0.595415 0.109231
vt 0.445751 0.963019
vt 0.594957 0.102183
vt 0.451490 0.959184
vt 0.594567 0.095146
vt 0.456372 0.954303
vt 0.593979 0.088125
vt 0.418928 0.965661
vt 0.596008 0.130213
vt 0.412550 0.963019
vt 0.596152 0.137287
vt 0.430896 0.949685
vt 0.429428 0.803292
vt 0.423981 0.949004
vt 0.422480 0.803291
vt 0.422542 0.392904
vt 0.658260 0.397230
vt 0.437545 0.947669
vt 0.436377 0.803293
vt 0.429422 0.392901
vt 0.665151 0.397235
vt 0.442917 0.943260
vt 0.443325 0.803295
vt 0.436321 0.392894
vt 0.672061 0.397231
vt 0.223368 0.342852
vt 0.443423 0.392897
vt 0.651120 0.333506
vt 0.679172 0.397256
vt 0.661049 0.367745
vt 0.217210 0.024267
vt 0.665232 0.367849
vt 0.669363 0.367753
vt 0.224528 0.374075
vt 0.214209 0.371786
vt 0.221062 0.350135
vt 0.217631 0.360976
vt 0.670047 0.378552
vt 0.671058 0.389903
vt 0.665223 0.378683
vt 0.665258 0.389807
vt 0.659089 0.389868
vt 0.660506 0.378796
vt 0.655339 0.389906
vt 0.216155 0.047187
vt 0.658769 0.378905
vt 0.217210 0.035662
vt 0.225456 0.351269
vt 0.674949 0.389758
vt 0.225456 0.362968
vt 0.671639 0.378631
vt 0.056700 0.009141
vt 0.665149 0.343135
vt 0.056700 0.004497
vt 0.669794 0.343315
vt 0.660497 0.279564
vt 0.207817 0.391978
vt 0.665310 0.355387
vt 0.660887 0.355461
vt 0.209865 0.014432
vt 0.669522 0.355311
vt 0.216168 0.383289
vt 0.211059 0.381736
vt 0.151570 0.306350
vt 0.174921 0.312405
vt 0.194087 0.317593
vt 0.171639 0.323676
vt 0.190692 0.329547
vt 0.168131 0.334790
vt 0.164236 0.345681
vt 0.186785 0.341316
vt 0.145671 0.327309
vt 0.142319 0.337492
vt 0.138608 0.347339
vt 0.125587 0.331880
vt 0.122473 0.341293
vt 0.128562 0.322150
vt 0.131248 0.312176
vt 0.133802 0.302042
vt 0.148716 0.316920
vt 0.119182 0.350465
vt 0.115820 0.359231
vt 0.111754 0.045102
vt 0.112382 0.367648
vt 0.125486 0.038320
vt 0.126138 0.374258
vt 0.143347 0.026795
vt 0.143963 0.385604
vt 0.149772 0.376333
vt 0.100307 0.324577
vt 0.130516 0.365844
vt 0.134669 0.356781
vt 0.154973 0.366490
vt 0.172220 0.375384
vt 0.159813 0.356257
vt 0.177581 0.364267
vt 0.182399 0.352887
vt 0.181509 0.366039
vt 0.176052 0.377362
vt 0.361287 0.986556
vt 0.193312 0.370758
vt 0.186409 0.354489
vt 0.374284 0.986556
vt 0.198285 0.358909
vt 0.190862 0.342752
vt 0.194824 0.330812
vt 0.387281 0.986556
vt 0.202768 0.346982
vt 0.400381 0.986556
vt 0.206878 0.334721
vt 0.348238 0.986556
vt 0.187760 0.382439
vt 0.334518 0.986556
vt 0.181200 0.394482
vt 0.169973 0.388395
vt 0.321212 0.986556
vt 0.173879 0.006162
vt 0.174409 0.405995
vt 0.162683 0.012920
vt 0.163248 0.399318
vt 0.198273 0.318715
vt 0.413533 0.986556
vt 0.210447 0.322224
vt 0.411074 0.988723
vt 0.976282 0.277404
vt 0.667609 0.894136
vt 0.975239 0.008391
vt 0.660300 0.916057
vt 0.648265 0.912526
vt 0.664173 0.905106
vt 0.650550 0.901490
vt 0.639684 0.899933
vt 0.652515 0.890655
vt 0.640605 0.889226
vt 0.628851 0.888707
vt 0.617095 0.889188
vt 0.628872 0.874301
vt 0.641676 0.874690
vt 0.616071 0.874658
vt 0.628890 0.859594
vt 0.615830 0.859750
vt 0.775763 0.713140
vt 0.602587 0.860235
vt 0.362530 0.994345
vt 0.615906 0.622355
vt 0.373994 0.994699
vt 0.629130 0.622971
vt 0.775763 0.950667
vt 0.350981 0.993536
vt 0.602730 0.620639
vt 0.792293 0.952698
vt 0.336893 0.988735
vt 0.321212 0.987642
vt 0.808814 0.953306
vt 0.793343 0.683683
vt 0.590144 0.893969
vt 0.605183 0.890576
vt 0.576963 0.903678
vt 0.952946 0.686511
vt 0.808814 0.679910
vt 0.580029 0.910326
vt 0.949880 0.693158
vt 0.585357 0.921062
vt 0.944551 0.703893
vt 0.593464 0.904892
vt 0.607078 0.901414
vt 0.597241 0.915850
vt 0.609317 0.912449
vt 0.601066 0.925974
vt 0.590764 0.930957
vt 0.939143 0.713786
vt 0.598096 0.942600
vt 0.931815 0.725425
vt 0.606146 0.938317
vt 0.614681 0.935495
vt 0.621686 0.934218
vt 0.628760 0.933787
vt 0.635812 0.934224
vt 0.628766 0.920837
vt 0.637372 0.921331
vt 0.620156 0.921298
vt 0.611604 0.922748
vt 0.619047 0.910924
vt 0.617979 0.899895
vt 0.628795 0.910437
vt 0.628835 0.899400
vt 0.638541 0.910964
vt 0.645927 0.922818
vt 0.656400 0.926130
vt 0.651241 0.938353
vt 0.642775 0.935505
vt 0.779145 0.698148
vt 0.600578 0.875988
vt 0.385487 0.994341
vt 0.642354 0.622381
vt 0.396998 0.993519
vt 0.655534 0.620692
vt 0.992812 0.275372
vt 0.641952 0.859777
vt 0.655199 0.860289
vt 0.992812 0.037845
vt 0.657223 0.876065
vt 0.989393 0.022849
vt 0.158974 0.015395
vt 0.159550 0.396872
vt 0.166230 0.386204
vt 0.942135 0.320296
vt 0.635401 0.937562
vt 0.943419 0.326752
vt 0.641950 0.938796
vt 0.943419 0.334974
vt 0.649870 0.941490
vt 0.918021 0.295106
vt 0.600053 0.945490
vt 0.929858 0.728314
vt 0.925472 0.298581
vt 0.607507 0.941482
vt 0.975353 0.037846
vt 0.975295 0.022850
vt 0.808814 0.713140
vt 0.793227 0.713141
vt 0.793286 0.698148
vt 0.808814 0.698146
vt 0.936335 0.308534
vt 0.622097 0.937591
vt 0.931995 0.303586
vt 0.615497 0.938812
vt 0.939750 0.314161
vt 0.628761 0.937170
vt 0.097815 0.333747
vt 0.102691 0.315255
vt 0.105055 0.305774
vt 0.107121 0.296169
vt 0.095283 0.342680
vt 0.092693 0.351442
vt 0.089694 0.053020
vt 0.090219 0.359898
vt 0.081507 0.319838
vt 0.079269 0.328912
vt 0.083750 0.310720
vt 0.085835 0.301517
vt 0.087734 0.292222
vt 0.076989 0.337937
vt 0.074715 0.346901
vt 0.072240 0.057194
vt 0.072647 0.355817
vt 0.069072 0.316835
vt 0.066796 0.325803
vt 0.071144 0.307838
vt 0.073091 0.298800
vt 0.074999 0.289726
vt 0.064454 0.334810
vt 0.062184 0.343920
vt 0.059529 0.059868
vt 0.059877 0.353192
vt 0.019074 0.304015
vt 0.016842 0.311930
vt 0.021105 0.296070
vt 0.022998 0.287990
vt 0.024643 0.279885
vt 0.014324 0.319901
vt 0.011474 0.327818
vt 0.008106 0.077347
vt 0.008119 0.335752
vt 0.041439 0.283221
vt 0.058136 0.286463
vt 0.047651 0.330336
vt 0.030875 0.325414
vt 0.028112 0.333924
vt 0.045093 0.339277
vt 0.039713 0.291673
vt 0.056363 0.295238
vt 0.054423 0.304004
vt 0.037779 0.300109
vt 0.035683 0.308526
vt 0.052325 0.312771
vt 0.050059 0.321535
vt 0.033393 0.316947
vt 0.025009 0.070586
vt 0.025076 0.342524
vt 0.042186 0.064823
vt 0.042379 0.348349
vt 0.016699 0.303375
vt 0.767169 0.248690
vt 0.014433 0.311197
vt 0.766181 0.257372
vt 0.018668 0.295484
vt 0.768079 0.240002
vt 0.020499 0.287442
vt 0.768909 0.231307
vt 0.022211 0.279408
vt 0.769662 0.222607
vt 0.011882 0.319077
vt 0.765118 0.266048
vt 0.009119 0.326891
vt 0.763979 0.274723
vt 0.005793 0.334538
vt 0.005793 0.078562
vt 0.762150 0.005101
vt 0.762762 0.283392
vt 0.602876 0.230206
vt 0.602026 0.237286
vt 0.603650 0.223141
vt 0.604448 0.216023
vt 0.605015 0.208876
vt 0.601108 0.244435
vt 0.599956 0.251583
vt 0.598826 0.030317
vt 0.598985 0.258754
vt 0.726742 0.261122
vt 0.725611 0.269440
vt 0.731195 0.219447
vt 0.730463 0.227792
vt 0.729649 0.236130
vt 0.728759 0.244465
vt 0.727790 0.252795
vt 0.723882 0.010801
vt 0.724394 0.277840
vt 0.600220 0.229886
vt 0.599353 0.236933
vt 0.601039 0.222857
vt 0.601723 0.215765
vt 0.602374 0.208654
vt 0.598373 0.244033
vt 0.597272 0.251184
vt 0.596064 0.030531
vt 0.596182 0.258543
vt 0.597445 0.229546
vt 0.596593 0.236571
vt 0.598262 0.222549
vt 0.598936 0.215490
vt 0.599563 0.208407
vt 0.595589 0.243632
vt 0.594431 0.250745
vt 0.593119 0.030888
vt 0.593176 0.258159
vt 0.593932 0.229129
vt 0.593057 0.236066
vt 0.594701 0.222181
vt 0.595383 0.215136
vt 0.595991 0.208088
vt 0.592030 0.243086
vt 0.590866 0.250112
vt 0.589370 0.031695
vt 0.589392 0.257324
vt 0.425699 0.896917
vt 0.591518 0.228843
vt 0.432602 0.896917
vt 0.590594 0.235720
vt 0.418928 0.898264
vt 0.592226 0.221934
vt 0.412550 0.900906
vt 0.592849 0.214901
vt 0.406810 0.904741
vt 0.593532 0.207884
vt 0.439373 0.898264
vt 0.589515 0.242694
vt 0.445751 0.900906
vt 0.588419 0.249652
vt 0.451490 0.904741
vt 0.586903 0.256568
vt 0.586903 0.032429
vt 0.427405 0.914240
vt 0.373839 0.803299
vt 0.434320 0.914921
vt 0.366890 0.803301
vt 0.014656 0.407192
vt 0.366759 0.392913
vt 0.420756 0.916257
vt 0.380788 0.803296
vt 0.021546 0.407197
vt 0.373638 0.392907
vt 0.028456 0.407193
vt 0.380537 0.392897
vt 0.440448 0.918196
vt 0.359942 0.803305
vt 0.471120 0.803305
vt 0.363515 0.057187
vt 0.007634 0.407218
vt 0.359747 0.392926
vt 0.471314 0.392926
vt 0.679052 0.333506
vt 0.380014 0.030760
vt 0.017444 0.377706
vt 0.021628 0.377811
vt 0.025759 0.377714
vt 0.004637 0.029372
vt 0.370080 0.027613
vt 0.026443 0.388514
vt 0.027453 0.399865
vt 0.021618 0.388645
vt 0.021654 0.399769
vt 0.015485 0.399830
vt 0.016901 0.388758
vt 0.367629 0.038655
vt 0.365166 0.049750
vt 0.369361 0.051081
vt 0.011734 0.399868
vt 0.375193 0.041085
vt 0.015164 0.388866
vt 0.017002 0.048558
vt 0.031344 0.399720
vt 0.010270 0.038989
vt 0.028035 0.388593
vt 0.047604 0.004524
vt 0.374663 0.006969
vt 0.669595 0.279616
vt 0.017092 0.353328
vt 0.047602 0.008978
vt 0.021544 0.353096
vt 0.021705 0.365349
vt 0.377521 0.018741
vt 0.017282 0.365423
vt 0.025918 0.365273
vt 0.006172 0.017026
vt 0.372317 0.017536
vt 0.151335 0.106184
vt 0.174703 0.100106
vt 0.193896 0.094869
vt 0.171387 0.088835
vt 0.190472 0.082896
vt 0.167854 0.077698
vt 0.163903 0.066796
vt 0.186528 0.071103
vt 0.145324 0.085266
vt 0.141949 0.075097
vt 0.138210 0.065271
vt 0.125257 0.080757
vt 0.122082 0.071335
vt 0.128247 0.090470
vt 0.130990 0.100443
vt 0.133551 0.110592
vt 0.148465 0.095610
vt 0.118705 0.062202
vt 0.115273 0.053503
vt 0.149235 0.036084
vt 0.100006 0.088202
vt 0.129945 0.046727
vt 0.134201 0.055813
vt 0.154513 0.045952
vt 0.171798 0.036946
vt 0.159423 0.056206
vt 0.177224 0.048094
vt 0.182097 0.059504
vt 0.181164 0.046301
vt 0.175641 0.034944
vt 0.281137 0.986556
vt 0.193008 0.041526
vt 0.186118 0.057885
vt 0.268139 0.986556
vt 0.198031 0.053419
vt 0.190615 0.069653
vt 0.194611 0.081620
vt 0.255142 0.986556
vt 0.202553 0.065387
vt 0.242042 0.986556
vt 0.206692 0.077680
vt 0.294185 0.986556
vt 0.187392 0.029800
vt 0.307905 0.986556
vt 0.180753 0.017714
vt 0.169488 0.023876
vt 0.198089 0.093737
vt 0.228890 0.986556
vt 0.210285 0.090203
vt 0.231349 0.988723
vt 0.944680 0.994531
vt 0.862299 0.676912
vt 0.945724 0.725518
vt 0.869586 0.698852
vt 0.881620 0.695343
vt 0.865723 0.687891
vt 0.879351 0.684293
vt 0.890225 0.682747
vt 0.877401 0.673450
vt 0.889317 0.672035
vt 0.901077 0.671529
vt 0.912848 0.672023
vt 0.901071 0.657121
vt 0.888264 0.657495
vt 0.913874 0.657491
vt 0.901070 0.642415
vt 0.914128 0.642587
vt 0.927365 0.643086
vt 0.841865 0.713140
vt 0.279893 0.994345
vt 0.914350 0.405217
vt 0.268430 0.994699
vt 0.901127 0.405816
vt 0.291442 0.993536
vt 0.927526 0.403518
vt 0.841865 0.950667
vt 0.305530 0.988735
vt 0.825336 0.952698
vt 0.824286 0.683683
vt 0.939771 0.676804
vt 0.924737 0.673405
vt 0.936448 0.687721
vt 0.922838 0.684233
vt 0.932669 0.698680
vt 0.920594 0.695278
vt 0.928844 0.708804
vt 0.923767 0.721143
vt 0.915233 0.718322
vt 0.908226 0.717048
vt 0.901144 0.716634
vt 0.894080 0.717071
vt 0.901135 0.703657
vt 0.892529 0.704151
vt 0.909750 0.704138
vt 0.918306 0.705581
vt 0.910860 0.693755
vt 0.911919 0.682735
vt 0.901109 0.693261
vt 0.901077 0.682225
vt 0.891359 0.693782
vt 0.883981 0.705629
vt 0.873471 0.708950
vt 0.878615 0.721179
vt 0.887102 0.718347
vt 0.929354 0.658833
vt 0.838484 0.698148
vt 0.256936 0.994341
vt 0.887904 0.405210
vt 0.245425 0.993519
vt 0.874729 0.403504
vt 0.928150 0.992499
vt 0.888008 0.642581
vt 0.874759 0.643075
vt 0.928150 0.754972
vt 0.872712 0.658850
vt 0.931569 0.739975
vt 0.165734 0.026093
vt 0.883555 0.300411
vt 0.894490 0.720416
vt 0.878607 0.304750
vt 0.887923 0.721646
vt 0.873602 0.311274
vt 0.879982 0.724324
vt 0.909995 0.293326
vt 0.922406 0.724307
vt 0.945609 0.754973
vt 0.945667 0.739977
vt 0.824401 0.713141
vt 0.824342 0.698148
vt 0.895317 0.294611
vt 0.907820 0.720424
vt 0.901773 0.293326
vt 0.914419 0.721640
vt 0.901147 0.720021
vt 0.889183 0.296996
vt 0.097489 0.079064
vt 0.102530 0.097501
vt 0.104812 0.106967
vt 0.106910 0.116554
vt 0.094845 0.070155
vt 0.092216 0.061434
vt 0.081304 0.092993
vt 0.078951 0.083964
vt 0.083514 0.102094
vt 0.085662 0.111278
vt 0.087572 0.120554
vt 0.076677 0.074985
vt 0.074355 0.066066
vt 0.068842 0.096049
vt 0.066612 0.087104
vt 0.070953 0.105014
vt 0.072930 0.114024
vt 0.074859 0.123072
vt 0.064232 0.078168
vt 0.061898 0.069113
vt 0.019139 0.108870
vt 0.016869 0.101009
vt 0.021157 0.116785
vt 0.023029 0.124834
vt 0.024655 0.132912
vt 0.014353 0.093081
vt 0.011461 0.085236
vt 0.041394 0.129604
vt 0.058040 0.126353
vt 0.047485 0.082638
vt 0.030820 0.087633
vt 0.028033 0.079132
vt 0.044908 0.073780
vt 0.039671 0.121185
vt 0.056256 0.117601
vt 0.054307 0.108867
vt 0.037742 0.112787
vt 0.035653 0.104417
vt 0.052199 0.100137
vt 0.049917 0.091408
vt 0.033338 0.096041
vt 0.016776 0.109513
vt 0.766698 0.039717
vt 0.014478 0.101747
vt 0.765675 0.031054
vt 0.018730 0.117365
vt 0.767645 0.048386
vt 0.020540 0.125376
vt 0.768513 0.057063
vt 0.022230 0.133384
vt 0.769303 0.065748
vt 0.011927 0.093913
vt 0.764576 0.022398
vt 0.009125 0.086168
vt 0.763401 0.013748
vt 0.602753 0.058700
vt 0.601829 0.051616
vt 0.603595 0.065800
vt 0.604390 0.072941
vt 0.604951 0.080089
vt 0.600917 0.044494
vt 0.599784 0.037399
vt 0.726291 0.027479
vt 0.725130 0.019179
vt 0.730902 0.069066
vt 0.730139 0.060737
vt 0.729296 0.052413
vt 0.728374 0.044096
vt 0.727372 0.035785
vt 0.600088 0.059018
vt 0.599215 0.051957
vt 0.600912 0.066091
vt 0.601660 0.073203
vt 0.602310 0.080314
vt 0.598201 0.044888
vt 0.597125 0.037788
vt 0.597283 0.059364
vt 0.596437 0.052339
vt 0.598138 0.066401
vt 0.598855 0.073473
vt 0.599518 0.080551
vt 0.595428 0.045311
vt 0.594326 0.038237
vt 0.593770 0.059796
vt 0.592880 0.052816
vt 0.594571 0.066768
vt 0.595283 0.073817
vt 0.595933 0.080879
vt 0.591900 0.045810
vt 0.590791 0.038842
vt 0.464196 0.928511
vt 0.591307 0.060096
vt 0.462849 0.921740
vt 0.590406 0.053149
vt 0.464196 0.935414
vt 0.592127 0.067023
vt 0.462849 0.942185
vt 0.592749 0.074060
vt 0.460207 0.948563
vt 0.593471 0.081094
vt 0.460207 0.915362
vt 0.589396 0.046181
vt 0.456372 0.909622
vt 0.588364 0.039282
vt 0.446873 0.930217
vt 0.457222 0.803299
vt 0.444856 0.923568
vt 0.464171 0.803301
vt 0.464303 0.392913
vt 0.672031 0.333480
vt 0.446192 0.937132
vt 0.450274 0.803296
vt 0.457423 0.392907
vt 0.665141 0.333484
vt 0.450524 0.392897
vt 0.658230 0.333481
vt 0.669243 0.303994
vt 0.359747 0.026261
vt 0.665059 0.304099
vt 0.660928 0.304003
vt 0.204452 0.367720
vt 0.660244 0.314802
vt 0.659234 0.326153
vt 0.665069 0.314933
vt 0.665033 0.326057
vt 0.671203 0.326118
vt 0.669786 0.315045
vt 0.674953 0.326156
vt 0.360802 0.049181
vt 0.671523 0.315154
vt 0.359747 0.037656
vt 0.216817 0.348534
vt 0.655343 0.326007
vt 0.210085 0.358103
vt 0.658653 0.314881
vt 0.052057 0.004511
vt 0.665143 0.279384
vt 0.664982 0.291637
vt 0.669405 0.291711
vt 0.367092 0.016426
vt 0.660769 0.291560
vt 0.205987 0.380066
f 19/19 4/4 3/3
f 9/9 11/11 12/12
f 6/6 5/5 4/4
f 5/5 2/2 4/4
f 10/10 6/6 8/8
f 13/13 9/9 12/12
f 34/34 8/8 9/9
f 8/8 19/19 11/11
f 24/24 26/26 28/28
f 12/12 16/16 14/14
f 15/15 12/12 14/14
f 11/11 17/17 16/16
f 17/17 3/3 18/18
f 23/23 28/28 22/22
f 26/26 29/29 28/28
f 29/29 32/32 13/13
f 28/28 21/21 22/22
f 21/21 13/13 15/15
f 30/30 33/33 32/32
f 159/159 30/30 26/26
f 32/32 34/34 9/9
f 35/35 34/34 33/33
f 36/36 33/33 31/31
f 49/49 35/35 36/36
f 38/38 39/39 35/35
f 41/41 42/42 39/39
f 34/34 42/42 10/10
f 42/42 47/47 43/43
f 42/42 7/7 10/10
f 51/51 36/36 52/52
f 54/54 52/52 55/55
f 138/138 88/88 136/136
f 153/153 89/89 90/90
f 60/60 61/61 5/5
f 60/60 58/58 59/59
f 43/43 63/63 60/60
f 7/7 60/60 5/5
f 46/46 64/64 62/62
f 48/48 104/104 101/101
f 66/66 62/62 64/64
f 178/178 157/157 75/75
f 82/82 70/70 74/74
f 74/74 83/83 82/82
f 121/121 120/120 119/119
f 80/80 73/73 82/82
f 142/142 77/77 141/141
f 83/83 80/80 82/82
f 84/84 85/85 86/86
f 87/87 84/84 86/86
f 84/84 81/81 83/83
f 91/91 87/87 89/89
f 109/109 136/136 88/88
f 109/109 147/147 108/108
f 93/93 89/89 92/92
f 91/91 95/95 147/147
f 95/95 97/97 102/102
f 93/93 99/99 97/97
f 40/40 96/96 98/98
f 40/40 148/148 44/44
f 100/100 180/180 94/94
f 50/50 105/105 104/104
f 150/150 44/44 148/148
f 109/109 91/91 147/147
f 116/116 117/117 114/114
f 119/119 118/118 117/117
f 119/119 123/123 121/121
f 125/125 121/121 123/123
f 126/126 134/134 121/121
f 131/131 130/130 132/132
f 126/126 172/172 174/174
f 174/174 127/127 126/126
f 186/186 128/128 127/127
f 188/188 128/128 184/184
f 188/188 130/130 129/129
f 120/120 133/133 135/135
f 131/131 128/128 129/129
f 141/141 81/81 140/140
f 139/139 140/140 81/81
f 135/135 131/131 137/137
f 118/118 135/135 136/136
f 138/138 135/135 137/137
f 138/138 139/139 84/84
f 137/137 132/132 139/139
f 133/133 127/127 128/128
f 132/132 143/143 140/140
f 141/141 143/143 142/142
f 142/142 164/164 166/166
f 166/166 145/145 142/142
f 130/130 164/164 143/143
f 152/152 175/175 65/65
f 107/107 146/146 181/181
f 154/154 90/90 156/156
f 65/65 176/176 68/68
f 118/118 108/108 117/117
f 85/85 74/74 156/156
f 99/99 153/153 149/149
f 37/37 101/101 96/96
f 149/149 154/154 151/151
f 90/90 85/85 156/156
f 158/158 52/52 159/159
f 25/25 159/159 26/26
f 52/52 31/31 159/159
f 3/3 20/20 18/18
f 160/160 161/161 187/187
f 160/160 187/187 183/183
f 160/160 173/173 170/170
f 160/160 185/185 173/173
f 160/160 163/163 161/161
f 160/160 165/165 163/163
f 160/160 167/167 165/165
f 178/178 176/176 175/175
f 157/157 175/175 155/155
f 179/179 181/181 180/180
f 177/177 75/75 71/71
f 103/103 179/179 180/180
f 146/146 180/180 181/181
f 4/4 1/1 3/3
f 160/160 183/183 185/185
f 77/77 80/80 141/141
f 86/86 89/89 87/87
f 182/182 107/107 181/181
f 117/117 111/111 114/114
f 22/22 194/194 195/195
f 16/16 191/191 190/190
f 20/20 192/192 18/18
f 14/14 190/190 27/27
f 21/21 189/189 194/194
f 22/22 196/196 23/23
f 18/18 191/191 17/17
f 15/15 27/27 189/189
f 194/194 198/198 203/203
f 196/196 204/204 205/205
f 189/189 197/197 198/198
f 191/191 199/199 190/190
f 193/193 201/201 192/192
f 194/194 204/204 195/195
f 191/191 201/201 200/200
f 190/190 197/197 27/27
f 200/200 208/208 199/199
f 198/198 206/206 207/207
f 202/202 210/210 201/201
f 203/203 213/213 204/204
f 200/200 210/210 209/209
f 199/199 206/206 197/197
f 203/203 207/207 212/212
f 205/205 213/213 214/214
f 226/226 220/220 219/219
f 230/230 221/221 222/222
f 226/226 218/218 232/232
f 236/236 217/217 215/215
f 239/239 221/221 229/229
f 230/230 223/223 240/240
f 235/235 218/218 217/217
f 236/236 216/216 239/239
f 206/206 238/238 207/207
f 237/237 239/239 238/238
f 209/209 234/234 208/208
f 234/234 232/232 235/235
f 213/213 241/241 214/214
f 231/231 240/240 241/241
f 207/207 228/228 212/212
f 238/238 229/229 228/228
f 206/206 234/234 237/237
f 237/237 235/235 236/236
f 210/210 233/233 209/209
f 227/227 232/232 233/233
f 213/213 228/228 231/231
f 231/231 229/229 230/230
f 210/210 224/224 227/227
f 227/227 225/225 226/226
f 215/215 246/246 242/242
f 216/216 254/254 221/221
f 222/222 258/258 223/223
f 217/217 248/248 246/246
f 215/215 244/244 216/216
f 219/219 252/252 250/250
f 222/222 254/254 256/256
f 219/219 248/248 218/218
f 269/269 267/267 270/270
f 271/271 263/263 272/272
f 273/273 260/260 274/274
f 275/275 266/266 269/269
f 270/270 268/268 276/276
f 272/272 262/262 273/273
f 274/274 261/261 275/275
f 277/277 264/264 271/271
f 251/251 277/277 271/271
f 243/243 275/275 245/245
f 247/247 272/272 273/273
f 257/257 276/276 259/259
f 245/245 269/269 255/255
f 243/243 273/273 274/274
f 251/251 272/272 249/249
f 257/257 269/269 270/270
f 266/266 279/279 284/284
f 268/268 285/285 286/286
f 263/263 280/280 262/262
f 261/261 278/278 279/279
f 265/265 282/282 264/264
f 266/266 285/285 267/267
f 263/263 282/282 281/281
f 262/262 278/278 260/260
f 283/283 291/291 282/282
f 284/284 294/294 285/285
f 281/281 291/291 290/290
f 280/280 287/287 278/278
f 279/279 293/293 284/284
f 286/286 294/294 295/295
f 281/281 289/289 280/280
f 278/278 288/288 279/279
f 291/291 299/299 290/290
f 287/287 298/298 296/296
f 288/288 302/302 293/293
f 294/294 304/304 295/295
f 289/289 299/299 298/298
f 287/287 297/297 288/288
f 291/291 301/301 300/300
f 294/294 302/302 303/303
f 297/297 318/318 302/302
f 303/303 322/322 304/304
f 298/298 312/312 310/310
f 296/296 308/308 297/297
f 300/300 316/316 314/314
f 303/303 318/318 320/320
f 300/300 312/312 299/299
f 296/296 310/310 306/306
f 309/309 329/329 323/323
f 307/307 323/323 325/325
f 313/313 333/333 329/329
f 319/319 325/325 337/337
f 311/311 313/313 329/329
f 305/305 309/309 323/323
f 317/317 307/307 325/325
f 321/321 319/319 337/337
f 326/326 345/345 338/338
f 330/330 332/332 324/324
f 324/324 328/328 326/326
f 330/330 342/342 336/336
f 356/356 371/371 350/350
f 358/358 350/350 349/349
f 366/366 353/353 362/362
f 358/358 348/348 361/361
f 331/331 360/360 327/327
f 359/359 361/361 360/360
f 327/327 365/365 344/344
f 364/364 362/362 363/363
f 331/331 357/357 359/359
f 359/359 356/356 358/358
f 335/335 369/369 357/357
f 357/357 371/371 356/356
f 343/343 364/364 363/363
f 348/348 367/367 361/361
f 367/367 360/360 361/361
f 382/382 375/375 384/384
f 368/368 355/355 370/370
f 370/370 352/352 351/351
f 368/368 339/339 354/354
f 382/382 379/379 377/377
f 350/350 382/382 349/349
f 348/348 382/382 384/384
f 386/386 352/352 387/387
f 381/381 386/386 387/387
f 353/353 383/383 388/388
f 383/383 373/373 388/388
f 372/372 376/376 389/389
f 376/376 378/378 389/389
f 408/408 393/393 395/395
f 400/400 398/398 401/401
f 395/395 394/394 396/396
f 391/391 394/394 393/393
f 395/395 399/399 397/397
f 402/402 398/398 418/418
f 397/397 420/420 398/398
f 408/408 397/397 400/400
f 24/24 412/412 25/25
f 405/405 401/401 403/403
f 404/404 401/401 402/402
f 406/406 400/400 405/405
f 406/406 392/392 408/408
f 23/23 414/414 24/24
f 415/415 412/412 414/414
f 415/415 418/418 416/416
f 410/410 414/414 411/411
f 410/410 402/402 415/415
f 416/416 419/419 417/417
f 416/416 526/526 412/412
f 418/418 420/420 419/419
f 420/420 421/421 419/419
f 419/419 422/422 417/417
f 421/421 435/435 422/422
f 425/425 424/424 421/421
f 428/428 427/427 425/425
f 420/420 428/428 425/425
f 428/428 433/433 431/431
f 396/396 428/428 399/399
f 422/422 437/437 438/438
f 438/438 54/54 55/55
f 469/469 506/506 504/504
f 521/521 470/470 473/473
f 443/443 442/442 394/394
f 442/442 440/440 445/445
f 429/429 445/445 433/433
f 396/396 442/442 429/429
f 446/446 432/432 444/444
f 484/484 434/434 481/481
f 448/448 444/444 439/439
f 541/541 456/456 525/525
f 463/463 450/450 453/453
f 464/464 455/455 463/463
f 493/493 492/492 502/502
f 461/461 453/453 459/459
f 510/510 457/457 512/512
f 464/464 461/461 462/462
f 466/466 465/465 467/467
f 465/465 468/468 467/467
f 462/462 465/465 464/464
f 468/468 472/472 470/470
f 504/504 488/488 469/469
f 488/488 487/487 514/514
f 470/470 474/474 473/473
f 475/475 472/472 514/514
f 478/478 475/475 482/482
f 480/480 474/474 478/478
f 477/477 426/426 479/479
f 516/516 426/426 430/430
f 542/542 483/483 476/476
f 105/105 436/436 484/484
f 518/518 430/430 432/432
f 488/488 472/472 469/469
f 489/489 115/115 113/113
f 491/491 490/490 492/492
f 122/122 491/491 493/493
f 124/124 493/493 494/494
f 494/494 502/502 495/495
f 498/498 499/499 500/500
f 494/494 171/171 124/124
f 495/495 537/537 494/494
f 496/496 547/547 495/495
f 496/496 548/548 545/545
f 548/548 498/498 528/528
f 501/501 492/492 503/503
f 499/499 496/496 501/501
f 462/462 509/509 508/508
f 507/507 508/508 500/500
f 499/499 503/503 505/505
f 503/503 490/490 504/504
f 506/506 503/503 504/504
f 507/507 506/506 465/465
f 500/500 505/505 507/507
f 501/501 495/495 502/502
f 500/500 511/511 498/498
f 511/511 509/509 510/510
f 510/510 530/530 511/511
f 512/512 532/532 510/510
f 530/530 498/498 511/511
f 538/538 520/520 447/447
f 486/486 543/543 515/515
f 522/522 471/471 521/521
f 539/539 447/447 449/449
f 487/487 490/490 489/489
f 466/466 524/524 455/455
f 480/480 521/521 473/473
f 481/481 423/423 477/477
f 517/517 522/522 521/521
f 466/466 471/471 524/524
f 158/158 438/438 55/55
f 25/25 526/526 158/158
f 417/417 438/438 526/526
f 409/409 392/392 407/407
f 160/160 549/549 527/527
f 160/160 544/544 549/549
f 160/160 170/170 536/536
f 160/160 536/536 546/546
f 160/160 527/527 529/529
f 160/160 529/529 531/531
f 160/160 531/531 533/533
f 539/539 541/541 538/538
f 538/538 525/525 523/523
f 179/179 543/543 182/182
f 540/540 456/456 541/541
f 485/485 179/179 106/106
f 515/515 542/542 476/476
f 390/390 393/393 392/392
f 160/160 546/546 544/544
f 457/457 461/461 459/459
f 467/467 470/470 471/471
f 182/182 486/486 112/112
f 489/489 110/110 487/487
f 411/411 555/555 410/410
f 405/405 552/552 406/406
f 553/553 409/409 407/407
f 403/403 551/551 405/405
f 410/410 550/550 404/404
f 196/196 411/411 23/23
f 552/552 407/407 406/406
f 404/404 413/413 403/403
f 555/555 558/558 550/550
f 196/196 564/564 556/556
f 550/550 557/557 413/413
f 559/559 552/552 551/551
f 561/561 554/554 553/553
f 564/564 555/555 556/556
f 552/552 561/561 553/553
f 557/557 551/551 413/413
f 567/567 560/560 559/559
f 558/558 565/565 557/557
f 569/569 562/562 561/561
f 572/572 563/563 564/564
f 560/560 569/569 561/561
f 565/565 559/559 557/557
f 563/563 566/566 558/558
f 205/205 572/572 564/564
f 583/583 578/578 582/582
f 587/587 579/579 586/586
f 576/576 583/583 589/589
f 593/593 575/575 592/592
f 579/579 596/596 586/586
f 223/223 587/587 240/240
f 592/592 576/576 589/589
f 574/574 593/593 596/596
f 595/595 565/565 566/566
f 596/596 594/594 595/595
f 591/591 568/568 567/567
f 591/591 589/589 590/590
f 241/241 572/572 214/214
f 240/240 588/588 241/241
f 585/585 566/566 571/571
f 586/586 595/595 585/585
f 565/565 591/591 567/567
f 594/594 592/592 591/591
f 590/590 569/569 568/568
f 589/589 584/584 590/590
f 572/572 585/585 571/571
f 588/588 586/586 585/585
f 569/569 581/581 570/570
f 584/584 582/582 581/581
f 573/573 601/601 575/575
f 609/609 574/574 579/579
f 258/258 580/580 223/223
f 575/575 603/603 576/576
f 599/599 573/573 574/574
f 577/577 607/607 578/578
f 580/580 609/609 579/579
f 603/603 577/577 576/576
f 620/620 621/621 622/622
f 616/616 623/623 624/624
f 613/613 625/625 626/626
f 619/619 627/627 621/621
f 268/268 622/622 276/276
f 615/615 624/624 625/625
f 614/614 626/626 627/627
f 617/617 628/628 623/623
f 606/606 628/628 608/608
f 627/627 598/598 600/600
f 602/602 624/624 604/604
f 276/276 612/612 259/259
f 621/621 600/600 610/610
f 598/598 625/625 602/602
f 624/624 606/606 604/604
f 612/612 621/621 610/610
f 619/619 630/630 614/614
f 268/268 636/636 620/620
f 631/631 616/616 615/615
f 614/614 629/629 613/613
f 633/633 618/618 617/617
f 636/636 619/619 620/620
f 616/616 633/633 617/617
f 629/629 615/615 613/613
f 641/641 634/634 633/633
f 644/644 635/635 636/636
f 632/632 641/641 633/633
f 637/637 631/631 629/629
f 643/643 630/630 635/635
f 286/286 644/644 636/636
f 639/639 632/632 631/631
f 638/638 629/629 630/630
f 648/648 641/641 640/640
f 637/637 647/647 639/639
f 651/651 638/638 643/643
f 304/304 644/644 295/295
f 639/639 648/648 640/640
f 646/646 637/637 638/638
f 641/641 650/650 642/642
f 644/644 651/651 643/643
f 666/666 646/646 651/651
f 322/322 652/652 304/304
f 647/647 660/660 648/648
f 656/656 645/645 646/646
f 649/649 664/664 650/650
f 652/652 666/666 651/651
f 660/660 649/649 648/648
f 645/645 658/658 647/647
f 657/657 675/675 659/659
f 655/655 669/669 653/653
f 661/661 679/679 663/663
f 667/667 671/671 665/665
f 659/659 675/675 661/661
f 653/653 669/669 657/657
f 665/665 671/671 655/655
f 321/321 337/337 667/667
f 345/345 672/672 338/338
f 677/677 676/676 670/670
f 673/673 670/670 672/672
f 676/676 684/684 680/680
f 695/695 690/690 708/708
f 697/697 690/690 695/695
f 353/353 704/704 362/362
f 687/687 697/697 700/700
f 699/699 678/678 674/674
f 700/700 698/698 699/699
f 701/701 674/674 346/346
f 362/362 702/702 363/363
f 678/678 696/696 682/682
f 698/698 695/695 696/696
f 682/682 706/706 686/686
f 696/696 708/708 706/706
f 343/343 363/363 702/702
f 687/687 700/700 703/703
f 703/703 699/699 701/701
f 374/374 715/715 716/716
f 694/694 705/705 707/707
f 692/692 707/707 691/691
f 705/705 693/693 683/683
f 715/715 712/712 718/718
f 715/715 690/690 689/689
f 687/687 715/715 689/689
f 692/692 719/719 720/720
f 714/714 720/720 719/719
f 353/353 717/717 688/688
f 717/717 388/388 373/373
f 372/372 389/389 709/709
f 709/709 389/389 711/711
f 737/737 722/722 724/724
f 729/729 727/727 730/730
f 724/724 723/723 725/725
f 2/2 723/723 722/722
f 724/724 728/728 726/726
f 731/731 727/727 752/752
f 726/726 754/754 727/727
f 737/737 726/726 729/729
f 743/743 746/746 745/745
f 734/734 730/730 732/732
f 733/733 730/730 731/731
f 735/735 729/729 734/734
f 735/735 721/721 737/737
f 741/741 748/748 743/743
f 749/749 746/746 748/748
f 749/749 752/752 750/750
f 738/738 748/748 739/739
f 738/738 731/731 749/749
f 750/750 753/753 751/751
f 750/750 863/863 746/746
f 752/752 754/754 753/753
f 754/754 755/755 753/753
f 753/753 756/756 751/751
f 755/755 769/769 756/756
f 759/759 758/758 755/755
f 762/762 761/761 759/759
f 754/754 762/762 759/759
f 762/762 767/767 765/765
f 725/725 762/762 728/728
f 756/756 771/771 772/772
f 772/772 775/775 777/777
f 793/793 843/843 841/841
f 856/856 794/794 797/797
f 61/61 778/778 723/723
f 778/778 58/58 780/780
f 763/763 780/780 767/767
f 725/725 778/778 763/763
f 781/781 766/766 779/779
f 809/809 768/768 806/806
f 67/67 779/779 57/57
f 876/876 784/784 860/860
f 787/787 69/69 72/72
f 788/788 783/783 787/787
f 826/826 825/825 839/839
f 785/785 72/72 78/78
f 847/847 76/76 144/144
f 788/788 785/785 786/786
f 790/790 789/789 791/791
f 789/789 792/792 791/791
f 786/786 789/789 788/788
f 792/792 796/796 794/794
f 841/841 814/814 793/793
f 814/814 813/813 850/850
f 794/794 798/798 797/797
f 800/800 796/796 850/850
f 802/802 800/800 807/807
f 804/804 798/798 802/802
f 801/801 760/760 803/803
f 851/851 760/760 764/764
f 878/878 805/805 799/799
f 810/810 770/770 809/809
f 853/853 764/764 766/766
f 814/814 796/796 793/793
f 822/822 820/820 818/818
f 824/824 823/823 825/825
f 827/827 824/824 826/826
f 829/829 826/826 831/831
f 831/831 839/839 832/832
f 835/835 836/836 837/837
f 831/831 871/871 829/829
f 832/832 874/874 831/831
f 833/833 884/884 832/832
f 833/833 886/886 882/882
f 886/886 835/835 865/865
f 838/838 825/825 840/840
f 836/836 833/833 838/838
f 786/786 846/846 845/845
f 844/844 845/845 837/837
f 836/836 840/840 842/842
f 840/840 823/823 841/841
f 843/843 840/840 841/841
f 844/844 843/843 789/789
f 837/837 842/842 844/844
f 838/838 832/832 839/839
f 837/837 848/848 835/835
f 848/848 846/846 847/847
f 847/847 867/867 848/848
f 144/144 869/869 847/847
f 867/867 835/835 848/848
f 875/875 855/855 782/782
f 812/812 879/879 849/849
f 857/857 795/795 856/856
f 176/176 782/782 68/68
f 813/813 823/823 822/822
f 790/790 859/859 783/783
f 804/804 856/856 797/797
f 806/806 757/757 801/801
f 852/852 857/857 856/856
f 790/790 795/795 859/859
f 862/862 772/772 777/777
f 745/745 863/863 862/862
f 751/751 772/772 863/863
f 20/20 721/721 736/736
f 160/160 885/885 864/864
f 160/160 881/881 885/885
f 160/160 870/870 873/873
f 160/160 873/873 883/883
f 160/160 864/864 866/866
f 160/160 866/866 868/868
f 160/160 868/868 167/167
f 176/176 876/876 875/875
f 875/875 860/860 858/858
f 877/877 879/879 880/880
f 177/177 784/784 876/876
f 808/808 877/877 811/811
f 849/849 878/878 799/799
f 1/1 722/722 721/721
f 160/160 883/883 881/881
f 76/76 785/785 78/78
f 791/791 794/794 795/795
f 880/880 812/812 817/817
f 822/822 815/815 813/813
f 739/739 891/891 738/738
f 734/734 889/889 735/735
f 890/890 20/20 736/736
f 732/732 888/888 734/734
f 738/738 887/887 733/733
f 894/894 739/739 741/741
f 889/889 736/736 735/735
f 733/733 747/747 732/732
f 891/891 896/896 887/887
f 894/894 901/901 892/892
f 887/887 895/895 747/747
f 897/897 889/889 888/888
f 899/899 193/193 890/890
f 901/901 891/891 892/892
f 889/889 899/899 890/890
f 895/895 888/888 747/747
f 906/906 898/898 897/897
f 896/896 904/904 895/895
f 908/908 202/202 899/899
f 910/910 900/900 901/901
f 898/898 908/908 899/899
f 904/904 897/897 895/895
f 900/900 905/905 896/896
f 903/903 910/910 901/901
f 922/922 220/220 225/225
f 926/926 918/918 925/925
f 916/916 922/922 928/928
f 932/932 915/915 931/931
f 918/918 935/935 925/925
f 921/921 926/926 937/937
f 931/931 916/916 928/928
f 914/914 932/932 935/935
f 934/934 904/904 905/905
f 935/935 933/933 934/934
f 930/930 907/907 906/906
f 930/930 928/928 929/929
f 939/939 910/910 912/912
f 937/937 927/927 939/939
f 924/924 905/905 909/909
f 925/925 934/934 924/924
f 904/904 930/930 906/906
f 933/933 931/931 930/930
f 929/929 908/908 907/907
f 928/928 923/923 929/929
f 910/910 924/924 909/909
f 927/927 925/925 924/924
f 908/908 224/224 211/211
f 923/923 225/225 224/224
f 913/913 944/944 915/915
f 950/950 914/914 918/918
f 954/954 919/919 921/921
f 915/915 946/946 916/916
f 942/942 913/913 914/914
f 917/917 252/252 220/220
f 919/919 950/950 918/918
f 946/946 917/917 916/916
f 964/964 967/967 968/968
f 961/961 969/969 970/970
f 958/958 971/971 972/972
f 963/963 973/973 967/967
f 966/966 968/968 975/975
f 960/960 970/970 971/971
f 959/959 972/972 973/973
f 962/962 277/277 969/969
f 949/949 277/277 253/253
f 973/973 941/941 943/943
f 945/945 970/970 947/947
f 975/975 953/953 957/957
f 967/967 943/943 951/951
f 941/941 971/971 945/945
f 970/970 949/949 947/947
f 953/953 967/967 951/951
f 963/963 977/977 959/959
f 966/966 982/982 964/964
f 978/978 961/961 960/960
f 959/959 976/976 958/958
f 980/980 265/265 962/962
f 982/982 963/963 964/964
f 961/961 980/980 962/962
f 976/976 960/960 958/958
f 989/989 283/283 980/980
f 991/991 981/981 982/982
f 979/979 989/989 980/980
f 985/985 978/978 976/976
f 990/990 977/977 981/981
f 984/984 991/991 982/982
f 987/987 979/979 978/978
f 986/986 976/976 977/977
f 997/997 989/989 988/988
f 985/985 996/996 987/987
f 999/999 986/986 990/990
f 1002/1002 991/991 993/993
f 987/987 997/997 988/988
f 995/995 985/985 986/986
f 989/989 301/301 292/292
f 991/991 999/999 990/990
f 1014/1014 995/995 999/999
f 1018/1018 1000/1000 1002/1002
f 996/996 1010/1010 997/997
f 1006/1006 994/994 995/995
f 998/998 316/316 301/301
f 1000/1000 1014/1014 999/999
f 1010/1010 998/998 997/997
f 994/994 1008/1008 996/996
f 1007/1007 1026/1026 1009/1009
f 1005/1005 1020/1020 1003/1003
f 1011/1011 333/333 315/315
f 1015/1015 1022/1022 1013/1013
f 1009/1009 1026/1026 1011/1011
f 1003/1003 1020/1020 1007/1007
f 1013/1013 1022/1022 1005/1005
f 1017/1017 1032/1032 1015/1015
f 1037/1037 1023/1023 1033/1033
f 1029/1029 1027/1027 1021/1021
f 1025/1025 1021/1021 1023/1023
f 1027/1027 342/342 334/334
f 1046/1046 1043/1043 1061/1061
f 1048/1048 1043/1043 1046/1046
f 1045/1045 1056/1056 1052/1052
f 1041/1041 1048/1048 1051/1051
f 1050/1050 1028/1028 1024/1024
f 1051/1051 1049/1049 1050/1050
f 1055/1055 1024/1024 1036/1036
f 1052/1052 1054/1054 1053/1053
f 1028/1028 1047/1047 1030/1030
f 1049/1049 1046/1046 1047/1047
f 1030/1030 1059/1059 340/340
f 1047/1047 1061/1061 1059/1059
f 1035/1035 1053/1053 1054/1054
f 1041/1041 1051/1051 1057/1057
f 1057/1057 1050/1050 1055/1055
f 1065/1065 1068/1068 1070/1070
f 355/355 1058/1058 1060/1060
f 352/352 1060/1060 1044/1044
f 1058/1058 354/354 339/339
f 1068/1068 380/380 1071/1071
f 1068/1068 1043/1043 1042/1042
f 1041/1041 1068/1068 1042/1042
f 352/352 1072/1072 387/387
f 381/381 387/387 1072/1072
f 1045/1045 1069/1069 1040/1040
f 1069/1069 1073/1073 1063/1063
f 1062/1062 389/389 1066/1066
f 1066/1066 389/389 378/378
f 1090/1090 1075/1075 1074/1074
f 1080/1080 1082/1082 1083/1083
f 1077/1077 1076/1076 1075/1075
f 1076/1076 391/391 1075/1075
f 1081/1081 1077/1077 1079/1079
f 1084/1084 1080/1080 1083/1083
f 1101/1101 1079/1079 1080/1080
f 1079/1079 1090/1090 1082/1082
f 742/742 1093/1093 1095/1095
f 1083/1083 1087/1087 1085/1085
f 1086/1086 1083/1083 1085/1085
f 1082/1082 1088/1088 1087/1087
f 1088/1088 1074/1074 1089/1089
f 740/740 1095/1095 1092/1092
f 1093/1093 1096/1096 1095/1095
f 1096/1096 1099/1099 1084/1084
f 1095/1095 1091/1091 1092/1092
f 1091/1091 1084/1084 1086/1086
f 1097/1097 1100/1100 1099/1099
f 1190/1190 1097/1097 1093/1093
f 1099/1099 1101/1101 1080/1080
f 1102/1102 1101/1101 1100/1100
f 1103/1103 1100/1100 1098/1098
f 1116/1116 1102/1102 1103/1103
f 1105/1105 1106/1106 1102/1102
f 1108/1108 1109/1109 1106/1106
f 1101/1101 1109/1109 1081/1081
f 1109/1109 1114/1114 1110/1110
f 1109/1109 1078/1078 1081/1081
f 1118/1118 1103/1103 1119/1119
f 774/774 1119/1119 776/776
f 1172/1172 1135/1135 1170/1170
f 1185/1185 1136/1136 1137/1137
f 1120/1120 443/443 1076/1076
f 1120/1120 440/440 441/441
f 1110/1110 1122/1122 1120/1120
f 1078/1078 1120/1120 1076/1076
f 1113/1113 1123/1123 1121/1121
f 1115/1115 1150/1150 1147/1147
f 448/448 1121/1121 1123/1123
f 1200/1200 1189/1189 1126/1126
f 1129/1129 451/451 1125/1125
f 1125/1125 1130/1130 1129/1129
f 1159/1159 1158/1158 1157/1157
f 1127/1127 454/454 1129/1129
f 1176/1176 458/458 1175/1175
f 1130/1130 1127/1127 1129/1129
f 1131/1131 1132/1132 1133/1133
f 1134/1134 1131/1131 1133/1133
f 1131/1131 1128/1128 1130/1130
f 1138/1138 1134/1134 1136/1136
f 1154/1154 1170/1170 1135/1135
f 1154/1154 1178/1178 1153/1153
f 1140/1140 1136/1136 1139/1139
f 1138/1138 1141/1141 1178/1178
f 1141/1141 1144/1144 1148/1148
f 1140/1140 1146/1146 1144/1144
f 1107/1107 1143/1143 1145/1145
f 1107/1107 1180/1180 1111/1111
f 1149/1149 1201/1201 1142/1142
f 1117/1117 810/810 1150/1150
f 1182/1182 1111/1111 1180/1180
f 1154/1154 1138/1138 1178/1178
f 821/821 1155/1155 819/819
f 1157/1157 1156/1156 1155/1155
f 1157/1157 828/828 1159/1159
f 830/830 1159/1159 828/828
f 1160/1160 1168/1168 1159/1159
f 1165/1165 1164/1164 1166/1166
f 1160/1160 872/872 1198/1198
f 1198/1198 1161/1161 1160/1160
f 1206/1206 1162/1162 1161/1161
f 1207/1207 1162/1162 1204/1204
f 1207/1207 1164/1164 1163/1163
f 1158/1158 1167/1167 1169/1169
f 1165/1165 1162/1162 1163/1163
f 1175/1175 1128/1128 1174/1174
f 1173/1173 1174/1174 1128/1128
f 1169/1169 1165/1165 1171/1171
f 1156/1156 1169/1169 1170/1170
f 1172/1172 1169/1169 1171/1171
f 1172/1172 1173/1173 1131/1131
f 1171/1171 1166/1166 1173/1173
f 1167/1167 1161/1161 1162/1162
f 1166/1166 1177/1177 1174/1174
f 1175/1175 1177/1177 1176/1176
f 1176/1176 1194/1194 1196/1196
f 1196/1196 513/513 1176/1176
f 1164/1164 1194/1194 1177/1177
f 1184/1184 1199/1199 1124/1124
f 1152/1152 1179/1179 1202/1202
f 1186/1186 1137/1137 1188/1188
f 1124/1124 539/539 449/449
f 1156/1156 1153/1153 1155/1155
f 1132/1132 1125/1125 1188/1188
f 1146/1146 1185/1185 1181/1181
f 1104/1104 1147/1147 1143/1143
f 1181/1181 1186/1186 1183/1183
f 1137/1137 1132/1132 1188/1188
f 861/861 1119/1119 1190/1190
f 744/744 1190/1190 1093/1093
f 1119/1119 1098/1098 1190/1190
f 1074/1074 409/409 1089/1089
f 160/160 1191/1191 1208/1208
f 160/160 1208/1208 1203/1203
f 160/160 1197/1197 870/870
f 160/160 1205/1205 1197/1197
f 160/160 1193/1193 1191/1191
f 160/160 1195/1195 1193/1193
f 160/160 533/533 1195/1195
f 1200/1200 539/539 1199/1199
f 1189/1189 1199/1199 1187/1187
f 877/877 1202/1202 1201/1201
f 540/540 1126/1126 452/452
f 1151/1151 877/877 1201/1201
f 1179/1179 1201/1201 1202/1202
f 1075/1075 390/390 1074/1074
f 160/160 1203/1203 1205/1205
f 458/458 1127/1127 1175/1175
f 1133/1133 1136/1136 1134/1134
f 880/880 1152/1152 1202/1202
f 1155/1155 816/816 819/819
f 1092/1092 1213/1213 1214/1214
f 1087/1087 1211/1211 1210/1210
f 409/409 1212/1212 1089/1089
f 1085/1085 1210/1210 1094/1094
f 1091/1091 1209/1209 1213/1213
f 1092/1092 893/893 740/740
f 1089/1089 1211/1211 1088/1088
f 1086/1086 1094/1094 1209/1209
f 1213/1213 1216/1216 1220/1220
f 893/893 1221/1221 902/902
f 1209/1209 1215/1215 1216/1216
f 1211/1211 1217/1217 1210/1210
f 554/554 1219/1219 1212/1212
f 1213/1213 1221/1221 1214/1214
f 1211/1211 1219/1219 1218/1218
f 1210/1210 1215/1215 1094/1094
f 1218/1218 1224/1224 1217/1217
f 1216/1216 1222/1222 1223/1223
f 562/562 1226/1226 1219/1219
f 1220/1220 1228/1228 1221/1221
f 1218/1218 1226/1226 1225/1225
f 1217/1217 1222/1222 1215/1215
f 1220/1220 1223/1223 1227/1227
f 902/902 1228/1228 911/911
f 1236/1236 578/578 1233/1233
f 1240/1240 1234/1234 1235/1235
f 1236/1236 1232/1232 1242/1242
f 1246/1246 1231/1231 1229/1229
f 1249/1249 1234/1234 1239/1239
f 1240/1240 920/920 936/936
f 1245/1245 1232/1232 1231/1231
f 1246/1246 1230/1230 1249/1249
f 1222/1222 1248/1248 1223/1223
f 1247/1247 1249/1249 1248/1248
f 1225/1225 1244/1244 1224/1224
f 1244/1244 1242/1242 1245/1245
f 1228/1228 938/938 911/911
f 1241/1241 936/936 938/938
f 1223/1223 1238/1238 1227/1227
f 1248/1248 1239/1239 1238/1238
f 1222/1222 1244/1244 1247/1247
f 1247/1247 1245/1245 1246/1246
f 1226/1226 1243/1243 1225/1225
f 1237/1237 1242/1242 1243/1243
f 1228/1228 1238/1238 1241/1241
f 1241/1241 1239/1239 1240/1240
f 1226/1226 581/581 1237/1237
f 1237/1237 582/582 1236/1236
f 1229/1229 1254/1254 1250/1250
f 1230/1230 1260/1260 1234/1234
f 1235/1235 955/955 920/920
f 1231/1231 1256/1256 1254/1254
f 1229/1229 1252/1252 1230/1230
f 1233/1233 607/607 1258/1258
f 1235/1235 1260/1260 1262/1262
f 1233/1233 1256/1256 1232/1232
f 1271/1271 1270/1270 1272/1272
f 1273/1273 1267/1267 1274/1274
f 1275/1275 1264/1264 1276/1276
f 1277/1277 1269/1269 1271/1271
f 1272/1272 965/965 974/974
f 1274/1274 1266/1266 1275/1275
f 1276/1276 1265/1265 1277/1277
f 628/628 1268/1268 1273/1273
f 1259/1259 628/628 1273/1273
f 1251/1251 1277/1277 1253/1253
f 1255/1255 1274/1274 1275/1275
f 1263/1263 974/974 956/956
f 1253/1253 1271/1271 1261/1261
f 1251/1251 1275/1275 1276/1276
f 1259/1259 1274/1274 1257/1257
f 1263/1263 1271/1271 1272/1272
f 1269/1269 1279/1279 1283/1283
f 965/965 1284/1284 983/983
f 1267/1267 1280/1280 1266/1266
f 1265/1265 1278/1278 1279/1279
f 618/618 1282/1282 1268/1268
f 1269/1269 1284/1284 1270/1270
f 1267/1267 1282/1282 1281/1281
f 1266/1266 1278/1278 1264/1264
f 634/634 1289/1289 1282/1282
f 1283/1283 1291/1291 1284/1284
f 1281/1281 1289/1289 1288/1288
f 1280/1280 1285/1285 1278/1278
f 1279/1279 1290/1290 1283/1283
f 983/983 1291/1291 992/992
f 1281/1281 1287/1287 1280/1280
f 1278/1278 1286/1286 1279/1279
f 1289/1289 1295/1295 1288/1288
f 1285/1285 1294/1294 1292/1292
f 1286/1286 1297/1297 1290/1290
f 1291/1291 1001/1001 992/992
f 1287/1287 1295/1295 1294/1294
f 1285/1285 1293/1293 1286/1286
f 1289/1289 650/650 1296/1296
f 1291/1291 1297/1297 1298/1298
f 1293/1293 1310/1310 1297/1297
f 1298/1298 1019/1019 1001/1001
f 1294/1294 1306/1306 1304/1304
f 1292/1292 1302/1302 1293/1293
f 1296/1296 664/664 1308/1308
f 1298/1298 1310/1310 1312/1312
f 1296/1296 1306/1306 1295/1295
f 1292/1292 1304/1304 1300/1300
f 1303/1303 1319/1319 1313/1313
f 1301/1301 1313/1313 1315/1315
f 1307/1307 679/679 1319/1319
f 1311/1311 1315/1315 1032/1032
f 1305/1305 1307/1307 1319/1319
f 1299/1299 1303/1303 1313/1313
f 1309/1309 1301/1301 1315/1315
f 1017/1017 1311/1311 1032/1032
f 1316/1316 1038/1038 1034/1034
f 1320/1320 1321/1321 1314/1314
f 1314/1314 1317/1317 1316/1316
f 1320/1320 684/684 1323/1323
f 1330/1330 1343/1343 1328/1328
f 1332/1332 1328/1328 1327/1327
f 1339/1339 1045/1045 1052/1052
f 1332/1332 1325/1325 1335/1335
f 1322/1322 1334/1334 1318/1318
f 1333/1333 1335/1335 1334/1334
f 1318/1318 1336/1336 1039/1039
f 1337/1337 1052/1052 1053/1053
f 1322/1322 1331/1331 1333/1333
f 1333/1333 1330/1330 1332/1332
f 1324/1324 1341/1341 1331/1331
f 1331/1331 1343/1343 1330/1330
f 1035/1035 1337/1337 1053/1053
f 1325/1325 1338/1338 1335/1335
f 1338/1338 1334/1334 1335/1335
f 1346/1346 1064/1064 1347/1347
f 1340/1340 694/694 1342/1342
f 1342/1342 692/692 1329/1329
f 1340/1340 683/683 693/693
f 1346/1346 713/713 1345/1345
f 1328/1328 1346/1346 1327/1327
f 1325/1325 1346/1346 1347/1347
f 1350/1350 692/692 720/720
f 714/714 1350/1350 720/720
f 1045/1045 1348/1348 1073/1073
f 1348/1348 1063/1063 1073/1073
f 1062/1062 1344/1344 389/389
f 1344/1344 711/711 389/389
f 19/19 6/6 4/4
f 9/9 8/8 11/11
f 6/6 7/7 5/5
f 5/5 61/61 2/2
f 10/10 7/7 6/6
f 13/13 32/32 9/9
f 34/34 10/10 8/8
f 8/8 6/6 19/19
f 24/24 25/25 26/26
f 12/12 11/11 16/16
f 15/15 13/13 12/12
f 11/11 19/19 17/17
f 17/17 19/19 3/3
f 23/23 24/24 28/28
f 26/26 30/30 29/29
f 29/29 30/30 32/32
f 28/28 29/29 21/21
f 21/21 29/29 13/13
f 30/30 31/31 33/33
f 159/159 31/31 30/30
f 32/32 33/33 34/34
f 35/35 39/39 34/34
f 36/36 35/35 33/33
f 49/49 38/38 35/35
f 38/38 41/41 39/39
f 41/41 45/45 42/42
f 34/34 39/39 42/42
f 42/42 45/45 47/47
f 42/42 43/43 7/7
f 51/51 49/49 36/36
f 54/54 51/51 52/52
f 138/138 87/87 88/88
f 153/153 92/92 89/89
f 60/60 59/59 61/61
f 60/60 63/63 58/58
f 43/43 47/47 63/63
f 7/7 43/43 60/60
f 46/46 150/150 64/64
f 48/48 50/50 104/104
f 66/66 56/56 62/62
f 82/82 73/73 70/70
f 74/74 85/85 83/83
f 121/121 134/134 120/120
f 80/80 79/79 73/73
f 142/142 145/145 77/77
f 83/83 81/81 80/80
f 84/84 83/83 85/85
f 87/87 138/138 84/84
f 84/84 139/139 81/81
f 91/91 88/88 87/87
f 109/109 118/118 136/136
f 93/93 91/91 89/89
f 91/91 93/93 95/95
f 95/95 93/93 97/97
f 93/93 92/92 99/99
f 40/40 37/37 96/96
f 40/40 98/98 148/148
f 100/100 103/103 180/180
f 50/50 53/53 105/105
f 150/150 46/46 44/44
f 109/109 88/88 91/91
f 116/116 119/119 117/117
f 119/119 120/120 118/118
f 119/119 116/116 123/123
f 125/125 126/126 121/121
f 126/126 127/127 134/134
f 131/131 129/129 130/130
f 126/126 125/125 172/172
f 174/174 186/186 127/127
f 186/186 184/184 128/128
f 188/188 129/129 128/128
f 188/188 162/162 130/130
f 120/120 134/134 133/133
f 131/131 133/133 128/128
f 141/141 80/80 81/81
f 139/139 132/132 140/140
f 135/135 133/133 131/131
f 118/118 120/120 135/135
f 138/138 136/136 135/135
f 138/138 137/137 139/139
f 137/137 131/131 132/132
f 133/133 134/134 127/127
f 132/132 130/130 143/143
f 141/141 140/140 143/143
f 142/142 143/143 164/164
f 166/166 169/169 145/145
f 130/130 162/162 164/164
f 152/152 155/155 175/175
f 154/154 153/153 90/90
f 65/65 175/175 176/176
f 118/118 109/109 108/108
f 99/99 92/92 153/153
f 37/37 48/48 101/101
f 149/149 153/153 154/154
f 90/90 86/86 85/85
f 158/158 55/55 52/52
f 25/25 158/158 159/159
f 52/52 36/36 31/31
f 3/3 1/1 20/20
f 178/178 177/177 176/176
f 157/157 178/178 175/175
f 179/179 182/182 181/181
f 177/177 178/178 75/75
f 103/103 106/106 179/179
f 146/146 94/94 180/180
f 4/4 2/2 1/1
f 77/77 79/79 80/80
f 86/86 90/90 89/89
f 182/182 112/112 107/107
f 117/117 108/108 111/111
f 22/22 21/21 194/194
f 16/16 17/17 191/191
f 20/20 193/193 192/192
f 14/14 16/16 190/190
f 21/21 15/15 189/189
f 22/22 195/195 196/196
f 18/18 192/192 191/191
f 15/15 14/14 27/27
f 194/194 189/189 198/198
f 196/196 195/195 204/204
f 189/189 27/27 197/197
f 191/191 200/200 199/199
f 193/193 202/202 201/201
f 194/194 203/203 204/204
f 191/191 192/192 201/201
f 190/190 199/199 197/197
f 200/200 209/209 208/208
f 198/198 197/197 206/206
f 202/202 211/211 210/210
f 203/203 212/212 213/213
f 200/200 201/201 210/210
f 199/199 208/208 206/206
f 203/203 198/198 207/207
f 205/205 204/204 213/213
f 226/226 225/225 220/220
f 230/230 229/229 221/221
f 226/226 219/219 218/218
f 236/236 235/235 217/217
f 239/239 216/216 221/221
f 230/230 222/222 223/223
f 235/235 232/232 218/218
f 236/236 215/215 216/216
f 206/206 237/237 238/238
f 237/237 236/236 239/239
f 209/209 233/233 234/234
f 234/234 233/233 232/232
f 213/213 231/231 241/241
f 231/231 230/230 240/240
f 207/207 238/238 228/228
f 238/238 239/239 229/229
f 206/206 208/208 234/234
f 237/237 234/234 235/235
f 210/210 227/227 233/233
f 227/227 226/226 232/232
f 213/213 212/212 228/228
f 231/231 228/228 229/229
f 210/210 211/211 224/224
f 227/227 224/224 225/225
f 215/215 217/217 246/246
f 216/216 244/244 254/254
f 222/222 256/256 258/258
f 217/217 218/218 248/248
f 215/215 242/242 244/244
f 219/219 220/220 252/252
f 222/222 221/221 254/254
f 219/219 250/250 248/248
f 269/269 266/266 267/267
f 271/271 264/264 263/263
f 273/273 262/262 260/260
f 275/275 261/261 266/266
f 270/270 267/267 268/268
f 272/272 263/263 262/262
f 274/274 260/260 261/261
f 277/277 265/265 264/264
f 251/251 253/253 277/277
f 243/243 274/274 275/275
f 247/247 249/249 272/272
f 257/257 270/270 276/276
f 245/245 275/275 269/269
f 243/243 247/247 273/273
f 251/251 271/271 272/272
f 257/257 255/255 269/269
f 266/266 261/261 279/279
f 268/268 267/267 285/285
f 263/263 281/281 280/280
f 261/261 260/260 278/278
f 265/265 283/283 282/282
f 266/266 284/284 285/285
f 263/263 264/264 282/282
f 262/262 280/280 278/278
f 283/283 292/292 291/291
f 284/284 293/293 294/294
f 281/281 282/282 291/291
f 280/280 289/289 287/287
f 279/279 288/288 293/293
f 286/286 285/285 294/294
f 281/281 290/290 289/289
f 278/278 287/287 288/288
f 291/291 300/300 299/299
f 287/287 289/289 298/298
f 288/288 297/297 302/302
f 294/294 303/303 304/304
f 289/289 290/290 299/299
f 287/287 296/296 297/297
f 291/291 292/292 301/301
f 294/294 293/293 302/302
f 297/297 308/308 318/318
f 303/303 320/320 322/322
f 298/298 299/299 312/312
f 296/296 306/306 308/308
f 300/300 301/301 316/316
f 303/303 302/302 318/318
f 300/300 314/314 312/312
f 296/296 298/298 310/310
f 309/309 311/311 329/329
f 307/307 305/305 323/323
f 313/313 315/315 333/333
f 319/319 317/317 325/325
f 326/326 328/328 345/345
f 330/330 336/336 332/332
f 324/324 332/332 328/328
f 330/330 334/334 342/342
f 358/358 356/356 350/350
f 366/366 347/347 353/353
f 358/358 349/349 348/348
f 331/331 359/359 360/360
f 359/359 358/358 361/361
f 327/327 360/360 365/365
f 364/364 366/366 362/362
f 331/331 335/335 357/357
f 359/359 357/357 356/356
f 335/335 341/341 369/369
f 357/357 369/369 371/371
f 367/367 365/365 360/360
f 382/382 377/377 375/375
f 368/368 354/354 355/355
f 370/370 355/355 352/352
f 382/382 385/385 379/379
f 350/350 385/385 382/382
f 348/348 349/349 382/382
f 386/386 351/351 352/352
f 353/353 347/347 383/383
f 408/408 392/392 393/393
f 400/400 397/397 398/398
f 395/395 393/393 394/394
f 391/391 443/443 394/394
f 395/395 396/396 399/399
f 402/402 401/401 398/398
f 397/397 399/399 420/420
f 408/408 395/395 397/397
f 24/24 414/414 412/412
f 405/405 400/400 401/401
f 404/404 403/403 401/401
f 406/406 408/408 400/400
f 406/406 407/407 392/392
f 23/23 411/411 414/414
f 415/415 416/416 412/412
f 415/415 402/402 418/418
f 410/410 415/415 414/414
f 410/410 404/404 402/402
f 416/416 418/418 419/419
f 416/416 417/417 526/526
f 418/418 398/398 420/420
f 420/420 425/425 421/421
f 419/419 421/421 422/422
f 421/421 424/424 435/435
f 425/425 427/427 424/424
f 428/428 431/431 427/427
f 420/420 399/399 428/428
f 428/428 429/429 433/433
f 396/396 429/429 428/428
f 422/422 435/435 437/437
f 438/438 437/437 54/54
f 469/469 468/468 506/506
f 521/521 471/471 470/470
f 443/443 441/441 442/442
f 442/442 441/441 440/440
f 429/429 442/442 445/445
f 396/396 394/394 442/442
f 446/446 518/518 432/432
f 484/484 436/436 434/434
f 448/448 446/446 444/444
f 463/463 455/455 450/450
f 464/464 466/466 455/455
f 493/493 491/491 492/492
f 461/461 463/463 453/453
f 510/510 509/509 457/457
f 464/464 463/463 461/461
f 466/466 464/464 465/465
f 465/465 506/506 468/468
f 462/462 507/507 465/465
f 468/468 469/469 472/472
f 504/504 490/490 488/488
f 470/470 472/472 474/474
f 475/475 474/474 472/472
f 478/478 474/474 475/475
f 480/480 473/473 474/474
f 477/477 423/423 426/426
f 516/516 479/479 426/426
f 542/542 485/485 483/483
f 105/105 53/53 436/436
f 518/518 516/516 430/430
f 488/488 514/514 472/472
f 489/489 491/491 115/115
f 491/491 489/489 490/490
f 122/122 115/115 491/491
f 124/124 122/122 493/493
f 494/494 493/493 502/502
f 498/498 497/497 499/499
f 494/494 537/537 171/171
f 495/495 547/547 537/537
f 496/496 545/545 547/547
f 496/496 497/497 548/548
f 548/548 497/497 498/498
f 501/501 502/502 492/492
f 499/499 497/497 496/496
f 462/462 461/461 509/509
f 507/507 462/462 508/508
f 499/499 501/501 503/503
f 503/503 492/492 490/490
f 506/506 505/505 503/503
f 507/507 505/505 506/506
f 500/500 499/499 505/505
f 501/501 496/496 495/495
f 500/500 508/508 511/511
f 511/511 508/508 509/509
f 510/510 532/532 530/530
f 512/512 534/534 532/532
f 530/530 528/528 498/498
f 538/538 523/523 520/520
f 522/522 524/524 471/471
f 539/539 538/538 447/447
f 487/487 488/488 490/490
f 480/480 517/517 521/521
f 481/481 434/434 423/423
f 517/517 519/519 522/522
f 466/466 467/467 471/471
f 158/158 526/526 438/438
f 25/25 412/412 526/526
f 417/417 422/422 438/438
f 409/409 390/390 392/392
f 539/539 540/540 541/541
f 538/538 541/541 525/525
f 179/179 542/542 543/543
f 540/540 452/452 456/456
f 485/485 542/542 179/179
f 515/515 543/543 542/542
f 390/390 391/391 393/393
f 457/457 509/509 461/461
f 467/467 468/468 470/470
f 182/182 543/543 486/486
f 489/489 113/113 110/110
f 411/411 556/556 555/555
f 405/405 551/551 552/552
f 553/553 554/554 409/409
f 403/403 413/413 551/551
f 410/410 555/555 550/550
f 196/196 556/556 411/411
f 552/552 553/553 407/407
f 404/404 550/550 413/413
f 555/555 563/563 558/558
f 196/196 205/205 564/564
f 550/550 558/558 557/557
f 559/559 560/560 552/552
f 561/561 562/562 554/554
f 564/564 563/563 555/555
f 552/552 560/560 561/561
f 557/557 559/559 551/551
f 567/567 568/568 560/560
f 558/558 566/566 565/565
f 569/569 570/570 562/562
f 572/572 571/571 563/563
f 560/560 568/568 569/569
f 565/565 567/567 559/559
f 563/563 571/571 566/566
f 205/205 214/214 572/572
f 583/583 577/577 578/578
f 587/587 580/580 579/579
f 576/576 577/577 583/583
f 593/593 573/573 575/575
f 579/579 574/574 596/596
f 223/223 580/580 587/587
f 592/592 575/575 576/576
f 574/574 573/573 593/593
f 595/595 594/594 565/565
f 596/596 593/593 594/594
f 591/591 590/590 568/568
f 591/591 592/592 589/589
f 241/241 588/588 572/572
f 240/240 587/587 588/588
f 585/585 595/595 566/566
f 586/586 596/596 595/595
f 565/565 594/594 591/591
f 594/594 593/593 592/592
f 590/590 584/584 569/569
f 589/589 583/583 584/584
f 572/572 588/588 585/585
f 588/588 587/587 586/586
f 569/569 584/584 581/581
f 584/584 583/583 582/582
f 573/573 597/597 601/601
f 609/609 599/599 574/574
f 258/258 611/611 580/580
f 575/575 601/601 603/603
f 599/599 597/597 573/573
f 577/577 605/605 607/607
f 580/580 611/611 609/609
f 603/603 605/605 577/577
f 620/620 619/619 621/621
f 616/616 617/617 623/623
f 613/613 615/615 625/625
f 619/619 614/614 627/627
f 268/268 620/620 622/622
f 615/615 616/616 624/624
f 614/614 613/613 626/626
f 617/617 618/618 628/628
f 606/606 623/623 628/628
f 627/627 626/626 598/598
f 602/602 625/625 624/624
f 276/276 622/622 612/612
f 621/621 627/627 600/600
f 598/598 626/626 625/625
f 624/624 623/623 606/606
f 612/612 622/622 621/621
f 619/619 635/635 630/630
f 268/268 286/286 636/636
f 631/631 632/632 616/616
f 614/614 630/630 629/629
f 633/633 634/634 618/618
f 636/636 635/635 619/619
f 616/616 632/632 633/633
f 629/629 631/631 615/615
f 641/641 642/642 634/634
f 644/644 643/643 635/635
f 632/632 640/640 641/641
f 637/637 639/639 631/631
f 643/643 638/638 630/630
f 286/286 295/295 644/644
f 639/639 640/640 632/632
f 638/638 637/637 629/629
f 648/648 649/649 641/641
f 637/637 645/645 647/647
f 651/651 646/646 638/638
f 304/304 652/652 644/644
f 639/639 647/647 648/648
f 646/646 645/645 637/637
f 641/641 649/649 650/650
f 644/644 652/652 651/651
f 666/666 656/656 646/646
f 322/322 668/668 652/652
f 647/647 658/658 660/660
f 656/656 654/654 645/645
f 649/649 662/662 664/664
f 652/652 668/668 666/666
f 660/660 662/662 649/649
f 645/645 654/654 658/658
f 657/657 669/669 675/675
f 655/655 671/671 669/669
f 661/661 675/675 679/679
f 667/667 337/337 671/671
f 345/345 673/673 672/672
f 677/677 681/681 676/676
f 673/673 677/677 670/670
f 676/676 681/681 684/684
f 697/697 689/689 690/690
f 353/353 688/688 704/704
f 687/687 689/689 697/697
f 699/699 698/698 678/678
f 700/700 697/697 698/698
f 701/701 699/699 674/674
f 362/362 704/704 702/702
f 678/678 698/698 696/696
f 698/698 697/697 695/695
f 682/682 696/696 706/706
f 696/696 695/695 708/708
f 703/703 700/700 699/699
f 374/374 710/710 715/715
f 694/694 693/693 705/705
f 692/692 694/694 707/707
f 715/715 710/710 712/712
f 715/715 718/718 690/690
f 687/687 716/716 715/715
f 692/692 691/691 719/719
f 353/353 388/388 717/717
f 737/737 721/721 722/722
f 729/729 726/726 727/727
f 724/724 722/722 723/723
f 2/2 61/61 723/723
f 724/724 725/725 728/728
f 731/731 730/730 727/727
f 726/726 728/728 754/754
f 737/737 724/724 726/726
f 743/743 748/748 746/746
f 734/734 729/729 730/730
f 733/733 732/732 730/730
f 735/735 737/737 729/729
f 735/735 736/736 721/721
f 741/741 739/739 748/748
f 749/749 750/750 746/746
f 749/749 731/731 752/752
f 738/738 749/749 748/748
f 738/738 733/733 731/731
f 750/750 752/752 753/753
f 750/750 751/751 863/863
f 752/752 727/727 754/754
f 754/754 759/759 755/755
f 753/753 755/755 756/756
f 755/755 758/758 769/769
f 759/759 761/761 758/758
f 762/762 765/765 761/761
f 754/754 728/728 762/762
f 762/762 763/763 767/767
f 725/725 763/763 762/762
f 756/756 769/769 771/771
f 772/772 771/771 775/775
f 793/793 792/792 843/843
f 856/856 795/795 794/794
f 61/61 59/59 778/778
f 778/778 59/59 58/58
f 763/763 778/778 780/780
f 725/725 723/723 778/778
f 781/781 853/853 766/766
f 809/809 770/770 768/768
f 67/67 781/781 779/779
f 787/787 783/783 69/69
f 788/788 790/790 783/783
f 826/826 824/824 825/825
f 785/785 787/787 72/72
f 847/847 846/846 76/76
f 788/788 787/787 785/785
f 790/790 788/788 789/789
f 789/789 843/843 792/792
f 786/786 844/844 789/789
f 792/792 793/793 796/796
f 841/841 823/823 814/814
f 794/794 796/796 798/798
f 800/800 798/798 796/796
f 802/802 798/798 800/800
f 804/804 797/797 798/798
f 801/801 757/757 760/760
f 851/851 803/803 760/760
f 878/878 808/808 805/805
f 810/810 773/773 770/770
f 853/853 851/851 764/764
f 814/814 850/850 796/796
f 822/822 824/824 820/820
f 824/824 822/822 823/823
f 827/827 820/820 824/824
f 829/829 827/827 826/826
f 831/831 826/826 839/839
f 835/835 834/834 836/836
f 831/831 874/874 871/871
f 832/832 884/884 874/874
f 833/833 882/882 884/884
f 833/833 834/834 886/886
f 886/886 834/834 835/835
f 838/838 839/839 825/825
f 836/836 834/834 833/833
f 786/786 785/785 846/846
f 844/844 786/786 845/845
f 836/836 838/838 840/840
f 840/840 825/825 823/823
f 843/843 842/842 840/840
f 844/844 842/842 843/843
f 837/837 836/836 842/842
f 838/838 833/833 832/832
f 837/837 845/845 848/848
f 848/848 845/845 846/846
f 847/847 869/869 867/867
f 144/144 168/168 869/869
f 867/867 865/865 835/835
f 875/875 858/858 855/855
f 857/857 859/859 795/795
f 176/176 875/875 782/782
f 813/813 814/814 823/823
f 804/804 852/852 856/856
f 806/806 768/768 757/757
f 852/852 854/854 857/857
f 790/790 791/791 795/795
f 862/862 863/863 772/772
f 745/745 746/746 863/863
f 751/751 756/756 772/772
f 20/20 1/1 721/721
f 176/176 177/177 876/876
f 875/875 876/876 860/860
f 877/877 878/878 879/879
f 177/177 71/71 784/784
f 808/808 878/878 877/877
f 849/849 879/879 878/878
f 1/1 2/2 722/722
f 76/76 846/846 785/785
f 791/791 792/792 794/794
f 880/880 879/879 812/812
f 822/822 818/818 815/815
f 739/739 892/892 891/891
f 734/734 888/888 889/889
f 890/890 193/193 20/20
f 732/732 747/747 888/888
f 738/738 891/891 887/887
f 894/894 892/892 739/739
f 889/889 890/890 736/736
f 733/733 887/887 747/747
f 891/891 900/900 896/896
f 894/894 903/903 901/901
f 887/887 896/896 895/895
f 897/897 898/898 889/889
f 899/899 202/202 193/193
f 901/901 900/900 891/891
f 889/889 898/898 899/899
f 895/895 897/897 888/888
f 906/906 907/907 898/898
f 896/896 905/905 904/904
f 908/908 211/211 202/202
f 910/910 909/909 900/900
f 898/898 907/907 908/908
f 904/904 906/906 897/897
f 900/900 909/909 905/905
f 903/903 912/912 910/910
f 922/922 917/917 220/220
f 926/926 919/919 918/918
f 916/916 917/917 922/922
f 932/932 913/913 915/915
f 918/918 914/914 935/935
f 921/921 919/919 926/926
f 931/931 915/915 916/916
f 914/914 913/913 932/932
f 934/934 933/933 904/904
f 935/935 932/932 933/933
f 930/930 929/929 907/907
f 930/930 931/931 928/928
f 939/939 927/927 910/910
f 937/937 926/926 927/927
f 924/924 934/934 905/905
f 925/925 935/935 934/934
f 904/904 933/933 930/930
f 933/933 932/932 931/931
f 929/929 923/923 908/908
f 928/928 922/922 923/923
f 910/910 927/927 924/924
f 927/927 926/926 925/925
f 908/908 923/923 224/224
f 923/923 922/922 225/225
f 913/913 940/940 944/944
f 950/950 942/942 914/914
f 954/954 952/952 919/919
f 915/915 944/944 946/946
f 942/942 940/940 913/913
f 917/917 948/948 252/252
f 919/919 952/952 950/950
f 946/946 948/948 917/917
f 964/964 963/963 967/967
f 961/961 962/962 969/969
f 958/958 960/960 971/971
f 963/963 959/959 973/973
f 966/966 964/964 968/968
f 960/960 961/961 970/970
f 959/959 958/958 972/972
f 962/962 265/265 277/277
f 949/949 969/969 277/277
f 973/973 972/972 941/941
f 945/945 971/971 970/970
f 975/975 968/968 953/953
f 967/967 973/973 943/943
f 941/941 972/972 971/971
f 970/970 969/969 949/949
f 953/953 968/968 967/967
f 963/963 981/981 977/977
f 966/966 984/984 982/982
f 978/978 979/979 961/961
f 959/959 977/977 976/976
f 980/980 283/283 265/265
f 982/982 981/981 963/963
f 961/961 979/979 980/980
f 976/976 978/978 960/960
f 989/989 292/292 283/283
f 991/991 990/990 981/981
f 979/979 988/988 989/989
f 985/985 987/987 978/978
f 990/990 986/986 977/977
f 984/984 993/993 991/991
f 987/987 988/988 979/979
f 986/986 985/985 976/976
f 997/997 998/998 989/989
f 985/985 994/994 996/996
f 999/999 995/995 986/986
f 1002/1002 1000/1000 991/991
f 987/987 996/996 997/997
f 995/995 994/994 985/985
f 989/989 998/998 301/301
f 991/991 1000/1000 999/999
f 1014/1014 1006/1006 995/995
f 1018/1018 1016/1016 1000/1000
f 996/996 1008/1008 1010/1010
f 1006/1006 1004/1004 994/994
f 998/998 1012/1012 316/316
f 1000/1000 1016/1016 1014/1014
f 1010/1010 1012/1012 998/998
f 994/994 1004/1004 1008/1008
f 1007/1007 1020/1020 1026/1026
f 1005/1005 1022/1022 1020/1020
f 1011/1011 1026/1026 333/333
f 1015/1015 1032/1032 1022/1022
f 1037/1037 1025/1025 1023/1023
f 1029/1029 1031/1031 1027/1027
f 1025/1025 1029/1029 1021/1021
f 1027/1027 1031/1031 342/342
f 1048/1048 1042/1042 1043/1043
f 1045/1045 1040/1040 1056/1056
f 1041/1041 1042/1042 1048/1048
f 1050/1050 1049/1049 1028/1028
f 1051/1051 1048/1048 1049/1049
f 1055/1055 1050/1050 1024/1024
f 1052/1052 1056/1056 1054/1054
f 1028/1028 1049/1049 1047/1047
f 1049/1049 1048/1048 1046/1046
f 1030/1030 1047/1047 1059/1059
f 1047/1047 1046/1046 1061/1061
f 1057/1057 1051/1051 1050/1050
f 1065/1065 1067/1067 1068/1068
f 355/355 354/354 1058/1058
f 352/352 355/355 1060/1060
f 1068/1068 1067/1067 380/380
f 1068/1068 1071/1071 1043/1043
f 1041/1041 1070/1070 1068/1068
f 352/352 1044/1044 1072/1072
f 1045/1045 1073/1073 1069/1069
f 1090/1090 1077/1077 1075/1075
f 1080/1080 1079/1079 1082/1082
f 1077/1077 1078/1078 1076/1076
f 1076/1076 443/443 391/391
f 1081/1081 1078/1078 1077/1077
f 1084/1084 1099/1099 1080/1080
f 1101/1101 1081/1081 1079/1079
f 1079/1079 1077/1077 1090/1090
f 742/742 744/744 1093/1093
f 1083/1083 1082/1082 1087/1087
f 1086/1086 1084/1084 1083/1083
f 1082/1082 1090/1090 1088/1088
f 1088/1088 1090/1090 1074/1074
f 740/740 742/742 1095/1095
f 1093/1093 1097/1097 1096/1096
f 1096/1096 1097/1097 1099/1099
f 1095/1095 1096/1096 1091/1091
f 1091/1091 1096/1096 1084/1084
f 1097/1097 1098/1098 1100/1100
f 1190/1190 1098/1098 1097/1097
f 1099/1099 1100/1100 1101/1101
f 1102/1102 1106/1106 1101/1101
f 1103/1103 1102/1102 1100/1100
f 1116/1116 1105/1105 1102/1102
f 1105/1105 1108/1108 1106/1106
f 1108/1108 1112/1112 1109/1109
f 1101/1101 1106/1106 1109/1109
f 1109/1109 1112/1112 1114/1114
f 1109/1109 1110/1110 1078/1078
f 1118/1118 1116/1116 1103/1103
f 774/774 1118/1118 1119/1119
f 1172/1172 1134/1134 1135/1135
f 1185/1185 1139/1139 1136/1136
f 1120/1120 441/441 443/443
f 1120/1120 1122/1122 440/440
f 1110/1110 1114/1114 1122/1122
f 1078/1078 1110/1110 1120/1120
f 1113/1113 1182/1182 1123/1123
f 1115/1115 1117/1117 1150/1150
f 448/448 439/439 1121/1121
f 1129/1129 454/454 451/451
f 1125/1125 1132/1132 1130/1130
f 1159/1159 1168/1168 1158/1158
f 1127/1127 460/460 454/454
f 1176/1176 513/513 458/458
f 1130/1130 1128/1128 1127/1127
f 1131/1131 1130/1130 1132/1132
f 1134/1134 1172/1172 1131/1131
f 1131/1131 1173/1173 1128/1128
f 1138/1138 1135/1135 1134/1134
f 1154/1154 1156/1156 1170/1170
f 1140/1140 1138/1138 1136/1136
f 1138/1138 1140/1140 1141/1141
f 1141/1141 1140/1140 1144/1144
f 1140/1140 1139/1139 1146/1146
f 1107/1107 1104/1104 1143/1143
f 1107/1107 1145/1145 1180/1180
f 1149/1149 1151/1151 1201/1201
f 1117/1117 773/773 810/810
f 1182/1182 1113/1113 1111/1111
f 1154/1154 1135/1135 1138/1138
f 821/821 1157/1157 1155/1155
f 1157/1157 1158/1158 1156/1156
f 1157/1157 821/821 828/828
f 830/830 1160/1160 1159/1159
f 1160/1160 1161/1161 1168/1168
f 1165/1165 1163/1163 1164/1164
f 1160/1160 830/830 872/872
f 1198/1198 1206/1206 1161/1161
f 1206/1206 1204/1204 1162/1162
f 1207/1207 1163/1163 1162/1162
f 1207/1207 1192/1192 1164/1164
f 1158/1158 1168/1168 1167/1167
f 1165/1165 1167/1167 1162/1162
f 1175/1175 1127/1127 1128/1128
f 1173/1173 1166/1166 1174/1174
f 1169/1169 1167/1167 1165/1165
f 1156/1156 1158/1158 1169/1169
f 1172/1172 1170/1170 1169/1169
f 1172/1172 1171/1171 1173/1173
f 1171/1171 1165/1165 1166/1166
f 1167/1167 1168/1168 1161/1161
f 1166/1166 1164/1164 1177/1177
f 1175/1175 1174/1174 1177/1177
f 1176/1176 1177/1177 1194/1194
f 1196/1196 535/535 513/513
f 1164/1164 1192/1192 1194/1194
f 1184/1184 1187/1187 1199/1199
f 1186/1186 1185/1185 1137/1137
f 1124/1124 1199/1199 539/539
f 1156/1156 1154/1154 1153/1153
f 1146/1146 1139/1139 1185/1185
f 1104/1104 1115/1115 1147/1147
f 1181/1181 1185/1185 1186/1186
f 1137/1137 1133/1133 1132/1132
f 861/861 776/776 1119/1119
f 744/744 861/861 1190/1190
f 1119/1119 1103/1103 1098/1098
f 1074/1074 390/390 409/409
f 1200/1200 540/540 539/539
f 1189/1189 1200/1200 1199/1199
f 877/877 880/880 1202/1202
f 540/540 1200/1200 1126/1126
f 1151/1151 811/811 877/877
f 1179/1179 1142/1142 1201/1201
f 1075/1075 391/391 390/390
f 458/458 460/460 1127/1127
f 1133/1133 1137/1137 1136/1136
f 880/880 817/817 1152/1152
f 1155/1155 1153/1153 816/816
f 1092/1092 1091/1091 1213/1213
f 1087/1087 1088/1088 1211/1211
f 409/409 554/554 1212/1212
f 1085/1085 1087/1087 1210/1210
f 1091/1091 1086/1086 1209/1209
f 1092/1092 1214/1214 893/893
f 1089/1089 1212/1212 1211/1211
f 1086/1086 1085/1085 1094/1094
f 1213/1213 1209/1209 1216/1216
f 893/893 1214/1214 1221/1221
f 1209/1209 1094/1094 1215/1215
f 1211/1211 1218/1218 1217/1217
f 554/554 562/562 1219/1219
f 1213/1213 1220/1220 1221/1221
f 1211/1211 1212/1212 1219/1219
f 1210/1210 1217/1217 1215/1215
f 1218/1218 1225/1225 1224/1224
f 1216/1216 1215/1215 1222/1222
f 562/562 570/570 1226/1226
f 1220/1220 1227/1227 1228/1228
f 1218/1218 1219/1219 1226/1226
f 1217/1217 1224/1224 1222/1222
f 1220/1220 1216/1216 1223/1223
f 902/902 1221/1221 1228/1228
f 1236/1236 582/582 578/578
f 1240/1240 1239/1239 1234/1234
f 1236/1236 1233/1233 1232/1232
f 1246/1246 1245/1245 1231/1231
f 1249/1249 1230/1230 1234/1234
f 1240/1240 1235/1235 920/920
f 1245/1245 1242/1242 1232/1232
f 1246/1246 1229/1229 1230/1230
f 1222/1222 1247/1247 1248/1248
f 1247/1247 1246/1246 1249/1249
f 1225/1225 1243/1243 1244/1244
f 1244/1244 1243/1243 1242/1242
f 1228/1228 1241/1241 938/938
f 1241/1241 1240/1240 936/936
f 1223/1223 1248/1248 1238/1238
f 1248/1248 1249/1249 1239/1239
f 1222/1222 1224/1224 1244/1244
f 1247/1247 1244/1244 1245/1245
f 1226/1226 1237/1237 1243/1243
f 1237/1237 1236/1236 1242/1242
f 1228/1228 1227/1227 1238/1238
f 1241/1241 1238/1238 1239/1239
f 1226/1226 570/570 581/581
f 1237/1237 581/581 582/582
f 1229/1229 1231/1231 1254/1254
f 1230/1230 1252/1252 1260/1260
f 1235/1235 1262/1262 955/955
f 1231/1231 1232/1232 1256/1256
f 1229/1229 1250/1250 1252/1252
f 1233/1233 578/578 607/607
f 1235/1235 1234/1234 1260/1260
f 1233/1233 1258/1258 1256/1256
f 1271/1271 1269/1269 1270/1270
f 1273/1273 1268/1268 1267/1267
f 1275/1275 1266/1266 1264/1264
f 1277/1277 1265/1265 1269/1269
f 1272/1272 1270/1270 965/965
f 1274/1274 1267/1267 1266/1266
f 1276/1276 1264/1264 1265/1265
f 628/628 618/618 1268/1268
f 1259/1259 608/608 628/628
f 1251/1251 1276/1276 1277/1277
f 1255/1255 1257/1257 1274/1274
f 1263/1263 1272/1272 974/974
f 1253/1253 1277/1277 1271/1271
f 1251/1251 1255/1255 1275/1275
f 1259/1259 1273/1273 1274/1274
f 1263/1263 1261/1261 1271/1271
f 1269/1269 1265/1265 1279/1279
f 965/965 1270/1270 1284/1284
f 1267/1267 1281/1281 1280/1280
f 1265/1265 1264/1264 1278/1278
f 618/618 634/634 1282/1282
f 1269/1269 1283/1283 1284/1284
f 1267/1267 1268/1268 1282/1282
f 1266/1266 1280/1280 1278/1278
f 634/634 642/642 1289/1289
f 1283/1283 1290/1290 1291/1291
f 1281/1281 1282/1282 1289/1289
f 1280/1280 1287/1287 1285/1285
f 1279/1279 1286/1286 1290/1290
f 983/983 1284/1284 1291/1291
f 1281/1281 1288/1288 1287/1287
f 1278/1278 1285/1285 1286/1286
f 1289/1289 1296/1296 1295/1295
f 1285/1285 1287/1287 1294/1294
f 1286/1286 1293/1293 1297/1297
f 1291/1291 1298/1298 1001/1001
f 1287/1287 1288/1288 1295/1295
f 1285/1285 1292/1292 1293/1293
f 1289/1289 642/642 650/650
f 1291/1291 1290/1290 1297/1297
f 1293/1293 1302/1302 1310/1310
f 1298/1298 1312/1312 1019/1019
f 1294/1294 1295/1295 1306/1306
f 1292/1292 1300/1300 1302/1302
f 1296/1296 650/650 664/664
f 1298/1298 1297/1297 1310/1310
f 1296/1296 1308/1308 1306/1306
f 1292/1292 1294/1294 1304/1304
f 1303/1303 1305/1305 1319/1319
f 1301/1301 1299/1299 1313/1313
f 1307/1307 663/663 679/679
f 1311/1311 1309/1309 1315/1315
f 1316/1316 1317/1317 1038/1038
f 1320/1320 1323/1323 1321/1321
f 1314/1314 1321/1321 1317/1317
f 1320/1320 680/680 684/684
f 1332/1332 1330/1330 1328/1328
f 1339/1339 1326/1326 1045/1045
f 1332/1332 1327/1327 1325/1325
f 1322/1322 1333/1333 1334/1334
f 1333/1333 1332/1332 1335/1335
f 1318/1318 1334/1334 1336/1336
f 1337/1337 1339/1339 1052/1052
f 1322/1322 1324/1324 1331/1331
f 1333/1333 1331/1331 1330/1330
f 1324/1324 685/685 1341/1341
f 1331/1331 1341/1341 1343/1343
f 1338/1338 1336/1336 1334/1334
f 1346/1346 1345/1345 1064/1064
f 1340/1340 693/693 694/694
f 1342/1342 694/694 692/692
f 1346/1346 1349/1349 713/713
f 1328/1328 1349/1349 1346/1346
f 1325/1325 1327/1327 1346/1346
f 1350/1350 1329/1329 692/692
f 1045/1045 1326/1326 1348/1348
