usemtl material_0
v -0.0373475 0.0245985 -0.038959
v -0.0391115 0.0257635 -0.036662
v -0.0375575 0.0302365 -0.03537
v -0.0413455 0.0133215 -0.04007
v -0.0422555 0.0085565 -0.040274
v -0.0456675 0.0090255 -0.036771
v -0.0480795 0.0125015 -0.033927
v -0.0516835 0.0154995 -0.030425
v -0.0516835 0.0154995 -0.030425
v -0.0459645 0.0182935 -0.034092
v -0.0434975 0.0158585 -0.037163
v -0.0394485 0.0183755 -0.040048
v -0.0428545 0.0223525 -0.035096
v -0.0520735 0.0101325 -0.031147
v -0.0540285 0.0108595 -0.029202
v -0.0540285 0.0108595 -0.029202
v -0.0555935 0.0062805 -0.02781
v -0.0555935 0.0062805 -0.02781
v -0.0555935 0.0062805 -0.02781
v -0.0542065 0.0065815 -0.029746
v -0.0555005 0.0031595 -0.028258
v -0.0555005 0.0031595 -0.028258
v -0.0535365 0.0050885 -0.030506
v -0.0562115 9.05e-05 -0.026952
v -0.0558395 -0.0062895 -0.026934
v -0.0599935 -0.0033435 -0.016363
v -0.0434655 0.0049895 -0.039646
v -0.0455755 0.0042105 -0.037537
v -0.0442035 1.75e-05 -0.039181
v -0.0485855 0.0015985 -0.034768
v -0.0487205 0.0062625 -0.034339
v -0.0540675 -0.0003425 -0.030262
v -0.0446435 0.0010485 -0.03085
v -0.0437675 0.0046675 -0.031236
v -0.0474795 0.0041025 -0.028663
v -0.0522285 -0.0110175 -0.030848
v -0.0522285 -0.0110175 -0.030848
v -0.0537305 -0.0100275 -0.029565
v -0.0538235 -0.0049605 -0.030252
v -0.0538235 -0.0049605 -0.030252
v -0.0473855 -0.0085335 -0.035179
v -0.0502875 -0.0016675 -0.033333
v -0.0471415 -0.0042715 -0.035981
v -0.0484825 -0.0132695 -0.033387
v -0.0552125 -0.0022665 -0.028731
v -0.0552125 -0.0022665 -0.028731
v -0.0547945 -0.0071665 -0.028725
v -0.0493725 0.0046755 -0.026757
v -0.0495715 -0.0009415 -0.02673
v -0.0479235 -0.0039015 -0.028282
v -0.0494465 -0.0038675 -0.026715
v -0.0452485 -0.0040185 -0.030334
v -0.0489635 -0.0076445 -0.026752
v -0.0504335 -0.0070735 -0.024499
v -0.0495015 -0.0111375 -0.024976
v -0.0463645 -0.0108835 -0.02868
v -0.0477285 -0.0111275 -0.02737
v -0.0330025 0.0255785 -0.04106
v -0.0347195 0.0254885 -0.040509
v -0.0315325 0.0286585 -0.040776
v -0.0375955 0.0208625 -0.040485
v -0.0361655 0.0216315 -0.040937
v -0.0335005 0.0215135 -0.040694
v -0.0347475 0.0218205 -0.041069
v -0.0297515 0.0267385 -0.040629
v -0.0264265 0.0326355 -0.040953
v -0.0289695 0.0226285 -0.03862
v -0.0333685 0.0178255 -0.039579
v -0.0406185 0.0098545 -0.041089
v -0.0385685 0.0165145 -0.041078
v -0.0389205 0.0119615 -0.041165
v -0.0404685 0.0065255 -0.041213
v -0.0374885 0.0099315 -0.040475
v -0.0393415 0.0063495 -0.041024
v -0.0367775 0.0162895 -0.041038
v -0.0358105 0.0135775 -0.040031
v -0.0320725 0.0155775 -0.037996
v -0.0297325 0.0196455 -0.037905
v -0.0341565 0.0093385 -0.03792
v -0.0301325 0.0151025 -0.036927
v -0.0326975 0.0071645 -0.037004
v -0.0301345 0.0095065 -0.036405
v -0.0392845 -0.0164985 -0.040655
v -0.0423065 -0.0134975 -0.038973
v -0.0418655 -0.0082035 -0.040576
v -0.0400785 -0.0113565 -0.04112
v -0.0369225 -0.0189195 -0.041277
v -0.0402315 -0.0191285 -0.038855
v -0.0380035 -0.0103805 -0.040949
v -0.0359695 -0.0180975 -0.041267
v -0.0392585 -0.0102265 -0.041276
v -0.0349515 -0.0156615 -0.040379
v -0.0335875 -0.0203725 -0.040893
v -0.0409835 -0.0004015 -0.041283
v -0.0399625 0.0008175 -0.041111
v -0.0420795 0.0032695 -0.040909
v -0.0380815 0.0059575 -0.040385
v -0.0381935 0.0019325 -0.04024
v -0.0424305 -0.0016595 -0.040696
v -0.0440775 -0.0046955 -0.039051
v -0.0414095 -0.0050935 -0.041097
v -0.0345855 0.0041945 -0.037651
v -0.0389665 -0.0038575 -0.040865
v -0.0350655 -0.0004325 -0.037897
v -0.0371975 -0.0033475 -0.03965
v -0.0347525 -0.0052685 -0.037944
v -0.0415685 0.0022395 -0.03199
v -0.0407315 0.0101065 -0.031948
v -0.0398535 0.0048925 -0.032061
v -0.0426975 -0.0004575 -0.031767
v -0.0375305 -0.0014675 -0.031963
v -0.0400035 -0.0080885 -0.032153
v -0.0290125 0.0049425 -0.035874
v -0.0330845 0.0003645 -0.036928
v -0.0323545 -0.0048545 -0.036856
v -0.0436895 -0.0085155 -0.03883
v -0.0453435 -0.0134085 -0.035978
v -0.0444055 -0.0182275 -0.035323
v -0.0370655 -0.0092945 -0.040306
v -0.0335735 -0.0097315 -0.037801
v -0.0428285 -0.0046495 -0.031718
v -0.0437135 -0.0093005 -0.030863
v -0.0411525 -0.0128975 -0.031675
v -0.0420965 -0.0161785 -0.030619
v -0.0358395 -0.0141055 -0.032066
v -0.0312145 -0.0044735 -0.031156
v -0.0379925 -0.0175225 -0.032029
v -0.0298745 -0.0037075 -0.036119
v -0.0250435 -0.0026045 -0.03509
v -0.0273305 -0.0111755 -0.035975
v -0.0321805 -0.0124915 -0.037592
v -0.0328305 -0.0139095 -0.038309
v -0.0306065 -0.0104685 -0.036717
v -0.0313925 -0.0204205 -0.039644
v -0.0303325 -0.0172245 -0.037705
v -0.0281405 -0.0168125 -0.03681
v -0.0279465 -0.0202925 -0.037491
v -0.0290325 -0.0202515 -0.038028
v -0.0215615 -0.0113785 -0.035
v -0.0217085 -0.0187985 -0.035764
v -0.0673495 0.0077105 0.004319
v -0.0637935 0.0109295 -0.004213
v -0.0667365 0.0044705 0.001648
v -0.0667365 0.0044705 0.001648
v -0.0507135 0.0437465 0.002033
v -0.0499815 0.0383695 -0.008841
v -0.0560495 0.0389995 0.005786
v -0.0558375 0.0269265 -0.011564
v -0.0598615 0.0287875 0.000551
v -0.0551525 0.0328165 -0.005654
v -0.0582605 0.0212475 -0.011522
v -0.0603955 0.0341815 0.009196
v -0.0632795 0.0317705 0.013337
v -0.0533805 0.0311115 0.008166
v -0.0497885 0.0302835 -0.004224
v -0.0473615 0.0352775 -0.00154
v -0.0532785 0.0257245 -0.001145
v -0.0549965 0.0268415 0.006188
v -0.0597985 0.0394305 0.015797
v -0.0557115 0.0434725 0.012971
v -0.0493275 0.0490775 0.009699
v -0.0453715 0.0472995 -0.002054
v -0.0556585 0.0480835 0.02184
v -0.0451375 0.0518425 0.007122
v -0.0515615 0.0368115 0.013572
v -0.0495155 0.0395065 0.013571
v -0.0431145 0.0385605 -0.005766
v -0.0547455 0.0338455 0.016567
v -0.0579175 0.0286465 0.01721
v -0.0545575 0.0363165 0.019907
v -0.0465025 0.0435585 0.014804
v -0.0679845 0.0139525 0.008972
v -0.0725055 0.0164015 0.023804
v -0.0692995 0.0226135 0.019417
v -0.0715015 0.0086615 0.016685
v -0.0642435 0.0252855 0.008024
v -0.0649725 0.0184335 0.003617
v -0.0606615 0.0148385 -0.010282
v -0.0591055 0.0170935 0.00717
v -0.0583275 0.0112495 -0.000287
v -0.0583275 0.0112495 -0.000287
v -0.0551345 0.0167945 -0.00629
v -0.0543515 0.0210345 -0.004172
v -0.0568265 0.0229345 0.006431
v -0.0629055 0.0077075 0.013425
v -0.0629055 0.0077075 0.013425
v -0.0625485 0.0041135 0.011075
v -0.0587375 0.0060395 -0.001425
v -0.0617865 0.0125095 0.012282
v -0.0684235 0.0299595 0.025094
v -0.0655445 0.0369595 0.027014
v -0.0749035 0.0089625 0.027071
v -0.0613695 0.0231035 0.019815
v -0.0644425 0.0213785 0.025373
v -0.0637495 0.0170855 0.020908
v -0.0673375 0.0162455 0.028228
v -0.0659575 0.0124915 0.023631
v -0.0583405 0.0249435 0.01364
v -0.0609865 0.0190455 0.015041
v -0.0577725 0.0331715 0.022739
v -0.0597665 0.0290655 0.022161
v -0.0618885 0.0257925 0.023546
v -0.0636345 0.0138325 0.018546
v -0.0653005 0.0091565 0.020614
v -0.0653005 0.0091565 0.020614
v -0.0391475 0.0373335 -0.03036
v -0.0391475 0.0373335 -0.03036
v -0.0387095 0.0394675 -0.029117
v -0.0362255 0.0400855 -0.030403
v -0.0362255 0.0400855 -0.030403
v -0.0364115 0.0422715 -0.028323
v -0.0310575 0.0364745 -0.03572
v -0.0339855 0.0322555 -0.036742
v -0.0344025 0.0377255 -0.032926
v -0.0317455 0.0424205 -0.031306
v -0.0404545 0.0474275 -0.010879
v -0.0370275 0.0432705 -0.025982
v -0.0403245 0.0397035 -0.026876
v -0.0238875 0.0530445 -0.02307
v -0.0258895 0.0503235 -0.027253
v -0.0292435 0.0491095 -0.025751
v -0.0357425 0.0435645 -0.027565
v -0.0341565 0.0467565 -0.023492
v -0.0322085 0.0459545 -0.02806
v -0.0348305 0.0427635 -0.029392
v -0.0348305 0.0427635 -0.029392
v -0.0304065 0.0458555 -0.02957
v -0.0304065 0.0458555 -0.02957
v -0.0290765 0.0478345 -0.028261
v -0.0248305 0.0495895 -0.029127
v -0.0248305 0.0495895 -0.029127
v -0.0281645 0.0392265 -0.028235
v -0.0299665 0.0404875 -0.026105
v -0.0331275 0.0365825 -0.027192
v -0.0301965 0.0418795 -0.023885
v -0.0281335 0.0425215 -0.024889
v -0.0333225 0.0379555 -0.025678
v -0.0342605 0.0384365 -0.023922
v -0.0355375 0.0521935 -0.008707
v -0.0311515 0.0539605 -0.011233
v -0.0270405 0.0439445 -0.023957
v -0.0298085 0.0450485 -0.01783
v -0.0324165 0.0416835 -0.020835
v -0.0264295 0.0354515 -0.039694
v -0.0293075 0.0312295 -0.040695
v -0.0302345 0.0326275 -0.039324
v -0.0270905 0.0394785 -0.03584
v -0.0261365 0.0341635 -0.040576
v -0.0220665 0.0373825 -0.040386
v -0.0224205 0.0383915 -0.03949
v -0.0214725 0.0352455 -0.040781
v -0.0257065 0.0311915 -0.040675
v -0.0203125 0.0345475 -0.040304
v -0.0254205 0.0433785 -0.033661
v -0.0224075 0.0423105 -0.035911
v -0.0184435 0.0401325 -0.039885
v -0.0159785 0.0440015 -0.037127
v -0.0199495 0.0457925 -0.033994
v -0.0106635 0.0462985 -0.036449
v -0.0133045 0.0427255 -0.039407
v -0.0124735 0.0415565 -0.040435
v -0.0065805 0.0440715 -0.039656
v -0.0114025 0.0396115 -0.040528
v -0.0113985 0.0406475 -0.040633
v -0.0065095 0.0400505 -0.040149
v -0.0055505 0.0429985 -0.040445
v -0.0182105 0.0384895 -0.040739
v -0.0213125 0.0310745 -0.03886
v -0.0161025 0.0375155 -0.040529
v -0.0146675 0.0350905 -0.038847
v -0.0131555 0.0336435 -0.037463
v -0.0179285 0.0305945 -0.037251
v -0.0166095 0.0300675 -0.036746
v -0.0110655 0.0373565 -0.039306
v -0.0078095 0.0355225 -0.037472
v -0.0122585 0.0325345 -0.036806
v -0.0146745 0.0275685 -0.035861
v -0.0085515 0.0310375 -0.035997
v -0.0251415 0.0475445 -0.030712
v -0.0200565 0.0505535 -0.030223
v -0.0143565 0.0486095 -0.033426
v -0.0205465 0.0527135 -0.027436
v -0.0175495 0.0531455 -0.028514
v -0.0175495 0.0531455 -0.028514
v -0.0173365 0.0544155 -0.026251
v -0.0151785 0.0524955 -0.030007
v -0.0114915 0.0540475 -0.029463
v -0.0122595 0.0556195 -0.026839
v -0.0170945 0.0477545 -0.025822
v -0.0198075 0.0459215 -0.026723
v -0.0142685 0.0477355 -0.026928
v -0.0138045 0.0492245 -0.025297
v -0.0291365 0.0353795 -0.03015
v -0.0229205 0.0398625 -0.030098
v -0.0255545 0.0359615 -0.03113
v -0.0267805 0.0424005 -0.026419
v -0.0229385 0.0425435 -0.02827
v -0.0198375 0.0410605 -0.030333
v -0.0156435 0.0424025 -0.030664
v -0.0171675 0.0443805 -0.028948
v -0.0216565 0.0382735 -0.031179
v -0.0162325 0.0399955 -0.031445
v -0.0252475 0.0340575 -0.031689
v -0.0252475 0.0340575 -0.031689
v -0.0222845 0.0340245 -0.031771
v -0.0222845 0.0340245 -0.031771
v -0.0236085 0.0452805 -0.025091
v -0.0204795 0.0468195 -0.0251
v -0.0232205 0.0470805 -0.022145
v -0.0171485 0.0489895 -0.023813
v -0.0075655 0.0496905 -0.033829
v -0.0052525 0.0477455 -0.036005
v -0.0028665 0.0446665 -0.039497
v -0.0080335 0.0553265 -0.028679
v -0.0047175 0.0546055 -0.029937
v -0.0102845 0.0466185 -0.028935
v -0.0098465 0.0490905 -0.026745
v -0.0013775 0.0507615 -0.033438
v -0.0117515 0.0432885 -0.030826
v -0.0077355 0.0448855 -0.03047
v -0.0097075 0.0419915 -0.031426
v -0.0055115 0.0444905 -0.030841
v -0.0054265 0.0428115 -0.031411
v -0.0032705 0.0403185 -0.031558
v -0.0032705 0.0403185 -0.031558
v 0.0028305 0.0428275 -0.031417
v 0.0028305 0.0428275 -0.031417
v -0.0041695 0.0464135 -0.029835
v -0.0118965 0.0385155 -0.03168
v -0.0118965 0.0385155 -0.03168
v -0.0206445 0.0302495 -0.031416
v -0.0112805 0.0275475 -0.030573
v -0.0045925 0.0339215 -0.036444
v -0.0034745 0.0303685 -0.030624
v -0.0445115 0.0435365 -0.010959
v -0.0276085 0.0565275 -0.009573
v -0.0213425 0.0580975 -0.012622
v -0.0348965 0.0430265 -0.013601
v -0.0361805 0.0396495 -0.018412
v -0.0332995 0.0457185 -0.010179
v -0.0285225 0.0476965 -0.013377
v -0.0247825 0.0494945 -0.014171
v -0.0364755 0.0463115 -0.002134
v -0.0320315 0.0491565 -0.003384
v -0.0261015 0.0510545 -0.008107
v -0.0216075 0.0524535 -0.010185
v -0.0413565 0.0518645 0.000228
v -0.0391815 0.0564105 0.006845
v -0.0333015 0.0602705 0.007348
v -0.0282725 0.0614495 0.003588
v -0.0327125 0.0525435 0.008324
v -0.0369635 0.0490065 0.006629
v -0.0226925 0.0643375 0.005252
v -0.0169755 0.0641415 -0.000344
v -0.0174355 0.0599315 -0.011244
v -0.0269615 0.0528305 -0.001317
v -0.0227075 0.0556155 0.001314
v -0.0176295 0.0560865 -0.003591
v -0.0281585 0.0552165 0.008502
v -0.0034715 0.0558135 -0.02869
v 0.0030275 0.0552025 -0.029531
v 0.0028105 0.0565705 -0.027789
v -0.0024595 0.0570615 -0.026812
v 0.0027015 0.0573465 -0.026164
v -0.0019295 0.0593865 -0.020058
v -0.0066335 0.0596745 -0.018139
v 0.0035935 0.0617495 -0.013364
v -0.0038745 0.0646165 -0.005104
v 0.0068795 0.0569205 -0.026532
v 0.0025455 0.0649725 -0.004398
v -0.0111955 0.0508935 -0.023517
v -0.0169985 0.0517685 -0.017069
v -0.0209235 0.0497735 -0.018231
v -0.0116195 0.0611375 -0.011774
v -0.0141735 0.0533905 -0.015016
v -0.0094365 0.0534375 -0.017934
v -0.0087565 0.0562895 -0.026878
v -0.0089485 0.0504795 -0.025188
v -0.0045015 0.0494735 -0.027218
v -0.0055845 0.0508925 -0.025361
v -0.0068615 0.0520855 -0.022645
v -0.0020995 0.0519665 -0.024027
v -0.0014535 0.0505625 -0.026287
v 0.0009195 0.0511725 -0.025508
v 0.0019075 0.0485415 -0.028298
v -0.0039685 0.0538205 -0.019011
v -0.0045835 0.0554085 -0.014377
v 0.0010005 0.0524115 -0.023257
v 0.0020955 0.0552625 -0.015548
v 0.0024575 0.0525605 -0.0226
v -0.0137105 0.0572165 -0.003547
v -0.0104795 0.0561525 -0.00938
v -0.0112075 0.0656245 0.000236
v -0.0021045 0.0579765 -0.006893
v -0.0067995 0.0584565 -0.003799
v 0.0044315 0.0581135 -0.00624
v 0.0088765 0.0568485 -0.008914
v -0.0465295 0.0341255 -0.023474
v -0.0467845 0.0307345 -0.027981
v -0.0489125 0.0317045 -0.021785
v -0.0496355 0.0265095 -0.027209
v -0.0429375 0.0369085 -0.026711
v -0.0504775 0.0232635 -0.028473
v -0.0516095 0.0242605 -0.025098
v -0.0491395 0.0242755 -0.029557
v -0.0457485 0.0303975 -0.029455
v -0.0523355 0.0203565 -0.027361
v -0.0515205 0.0187845 -0.02948
v -0.0489235 0.0212595 -0.030939
v -0.0489235 0.0212595 -0.030939
v -0.0532135 0.0151945 -0.028788
v -0.0540815 0.0164265 -0.026388
v -0.0488665 0.0178605 -0.022103
v -0.0471065 0.0194425 -0.024576
v -0.0485145 0.0220415 -0.01894
v -0.0427405 0.0325555 -0.03069
v -0.0427405 0.0325555 -0.03069
v -0.0465445 0.0265285 -0.030793
v -0.0465445 0.0265285 -0.030793
v -0.0428245 0.0259265 -0.033695
v -0.0422525 0.0358915 -0.028913
v -0.0427995 0.0272565 -0.025155
v -0.0429995 0.0244155 -0.026988
v -0.0397465 0.0299295 -0.026661
v -0.0399575 0.0315455 -0.024955
v -0.0371385 0.0325685 -0.027093
v -0.0374075 0.0300665 -0.028396
v -0.0337025 0.0332765 -0.02895
v -0.0399435 0.0256065 -0.028901
v -0.0399435 0.0256065 -0.028901
v -0.0342395 0.0293125 -0.030604
v -0.0342395 0.0293125 -0.030604
v -0.0368835 0.0242655 -0.031141
v -0.0464115 0.0168725 -0.027013
v -0.0464115 0.0168725 -0.027013
v -0.0444965 0.0191845 -0.02797
v -0.0444965 0.0191845 -0.02797
v -0.0456385 0.0210225 -0.025922
v -0.0469675 0.0109405 -0.028157
v -0.0442115 0.0154555 -0.029322
v -0.0403145 0.0204885 -0.030478
v -0.0371335 0.0217715 -0.031534
v -0.0372945 0.0184575 -0.031897
v -0.0396665 0.0186675 -0.03127
v -0.0417875 0.0146895 -0.031051
v -0.0448455 0.0245205 -0.024367
v -0.0480495 0.0157725 -0.025253
v -0.0480495 0.0157725 -0.025253
v -0.0427065 0.0424625 -0.016541
v -0.0420715 0.0319325 -0.020385
v -0.0406075 0.0356925 -0.017193
v -0.0458735 0.0322745 -0.011216
v -0.0452645 0.0299385 -0.016373
v -0.0474165 0.0256325 -0.017344
v -0.0432995 0.0290655 -0.021966
v -0.0510905 0.0189755 -0.015622
v -0.0507935 0.0244075 -0.010283
v -0.0482705 0.0274175 -0.012747
v -0.0378775 0.0356305 -0.022624
v -0.0370385 0.0354325 -0.024402
v -0.0398295 0.0331095 -0.022967
v -0.0360745 0.0360765 -0.024612
v -0.0356875 0.0351275 -0.026128
v -0.0343275 0.0368595 -0.026096
v -0.0346925 0.0375935 -0.024648
v -0.0362845 0.0346715 -0.026121
v -0.0388035 0.0398965 -0.012683
v -0.0548685 0.0119825 -0.027254
v -0.0585575 0.0076155 -0.019358
v -0.0585575 0.0076155 -0.019358
v -0.0518935 0.0151755 -0.016815
v -0.0519345 0.0116375 -0.019039
v -0.0519345 0.0116375 -0.019039
v -0.0497465 0.0135285 -0.023137
v -0.0497465 0.0135285 -0.023137
v -0.0532625 0.0077405 -0.017443
v -0.0520825 0.0065025 -0.020897
v -0.0553735 0.0117465 -0.009564
v -0.0553735 0.0117465 -0.009564
v -0.0596445 0.0016655 -0.017567
v -0.0602695 -0.0098405 -0.013822
v -0.0650605 -0.0003295 -0.00336
v -0.0533895 0.0016375 -0.018503
v -0.0551335 0.0060945 -0.012885
v -0.0558415 0.0003275 -0.011729
v -0.0536035 -0.0026395 -0.017763
v -0.0558555 -0.0041035 -0.011087
v -0.0485865 0.0128505 -0.02574
v -0.0482535 0.0109525 -0.02686
v -0.0500805 0.0095555 -0.024393
v -0.0490305 0.0074855 -0.026674
v -0.0505715 0.0050985 -0.024771
v -0.0505585 1.55e-05 -0.02524
v -0.0449425 0.0099845 -0.029902
v -0.0426325 0.0100555 -0.031268
v -0.0515235 0.0022305 -0.023016
v -0.0514465 -0.0029065 -0.023177
v -0.0529335 -0.0081045 -0.018105
v -0.0584975 0.0019245 -0.003293
v -0.0327815 0.0295825 -0.039595
v -0.0256385 0.0278415 -0.03919
v -0.0249485 0.0247945 -0.03739
v -0.0210515 0.0285355 -0.037371
v -0.0261535 0.0218005 -0.036919
v -0.0309345 0.0314035 -0.031166
v -0.0309345 0.0314035 -0.031166
v -0.0310075 0.0299845 -0.031568
v -0.0299555 0.0264015 -0.031871
v -0.0331885 0.0257065 -0.031769
v -0.0318065 0.0193215 -0.031713
v -0.0258725 0.0237395 -0.031354
v -0.0365425 0.0107875 -0.031917
v -0.0304965 0.0117975 -0.031162
v -0.0244655 0.0175365 -0.035878
v -0.0272935 0.0135295 -0.036017
v -0.0225405 0.0169315 -0.030519
v -0.0211045 0.0266595 -0.036753
v -0.0204725 0.0220205 -0.035736
v -0.0182655 0.0262295 -0.030827
v -0.0145625 0.0203295 -0.03023
v -0.0073795 0.0255415 -0.034941
v -0.0146935 0.0203915 -0.034826
v -0.0204985 0.0137945 -0.03488
v -0.0236885 0.0070045 -0.034975
v -0.0184755 0.0074335 -0.03445
v -0.0127675 0.0166335 -0.034454
v -0.0295215 0.0047745 -0.0309
v -0.0233755 0.0028795 -0.030316
v -0.0159985 0.0094725 -0.029977
v -0.0059555 0.0179725 -0.029967
v -0.0201425 -0.0031095 -0.034506
v -0.0195215 -0.0033075 -0.03017
v -0.0255935 -0.0116865 -0.030767
v -0.0395965 0.0431365 -0.00349
v -0.0472105 0.0443865 -0.003877
v -0.0419025 0.0464575 0.010904
v -0.0533145 -0.0143275 -0.028816
v -0.0513105 -0.0175035 -0.030072
v -0.0513105 -0.0175035 -0.030072
v -0.0522985 -0.0182545 -0.028519
v -0.0490765 -0.0198755 -0.03116
v -0.0500185 -0.0216935 -0.029704
v -0.0500185 -0.0216935 -0.029704
v -0.0505835 -0.0236915 -0.027639
v -0.0526625 -0.0214945 -0.024956
v -0.0546695 -0.0113105 -0.027693
v -0.0540145 -0.0163815 -0.026216
v -0.0568995 -0.0137845 -0.02055
v -0.0583995 -0.0198465 -0.0123
v -0.0480615 -0.0144195 -0.025911
v -0.0459665 -0.0157085 -0.027785
v -0.0478455 -0.0168995 -0.024936
v -0.0519485 -0.0290915 -0.017908
v -0.0357215 -0.0230185 -0.040764
v -0.0363705 -0.0260705 -0.038692
v -0.0335905 -0.0240735 -0.041282
v -0.0320055 -0.0277475 -0.040913
v -0.0315295 -0.0251665 -0.041182
v -0.0295515 -0.0285925 -0.04126
v -0.0307475 -0.0243415 -0.040811
v -0.0273095 -0.0285685 -0.040856
v -0.0362815 -0.0325305 -0.034687
v -0.0287645 -0.0315695 -0.040659
v -0.0454175 -0.0224445 -0.033015
v -0.0483175 -0.0243175 -0.030207
v -0.0483175 -0.0243175 -0.030207
v -0.0457875 -0.0282335 -0.030465
v -0.0457875 -0.0282335 -0.030465
v -0.0420355 -0.0243315 -0.034843
v -0.0422835 -0.0288195 -0.032625
v -0.0390715 -0.0265805 -0.036047
v -0.0438375 -0.0173735 -0.029058
v -0.0449575 -0.0204245 -0.026965
v -0.0412225 -0.0222545 -0.029334
v -0.0470455 -0.0203455 -0.023834
v -0.0444815 -0.0229735 -0.026031
v -0.0452225 -0.0253105 -0.022539
v -0.0401765 -0.0169745 -0.031416
v -0.0393785 -0.0196865 -0.031255
v -0.0360465 -0.0219585 -0.031949
v -0.0420315 -0.0258585 -0.027042
v -0.0362315 -0.0245515 -0.031402
v -0.0369885 -0.0262465 -0.030405
v -0.0391325 -0.0269435 -0.028729
v -0.0480835 -0.0273335 -0.028658
v -0.0488525 -0.0289285 -0.025296
v -0.0459665 -0.0303945 -0.028872
v -0.0465785 -0.0315685 -0.026638
v -0.0423935 -0.0326835 -0.030716
v -0.0423935 -0.0326835 -0.030716
v -0.0433265 -0.0335835 -0.0294
v -0.0441855 -0.0336255 -0.028331
v -0.0431385 -0.0358825 -0.027113
v -0.0457525 -0.0346505 -0.023663
v -0.0516995 -0.0355835 -0.009438
v -0.0427525 -0.0276315 -0.024608
v -0.0404805 -0.0297235 -0.025826
v -0.0395955 -0.0299335 -0.026676
v -0.0440415 -0.0298105 -0.019158
v -0.0414135 -0.0311425 -0.022492
v -0.0390695 -0.0328795 -0.024332
v -0.0278835 -0.0253855 -0.039736
v -0.0261715 -0.0231135 -0.037607
v -0.0323065 -0.0243785 -0.032086
v -0.0287815 -0.0244505 -0.031896
v -0.0316495 -0.0281895 -0.031825
v -0.0357865 -0.0309325 -0.028925
v -0.0327835 -0.0295475 -0.031175
v -0.0202605 -0.0239885 -0.031054
v -0.0165355 -0.0158465 -0.030299
v -0.0252185 -0.0325515 -0.031955
v -0.0395955 -0.0372115 -0.029947
v -0.0395955 -0.0372115 -0.029947
v -0.0403145 -0.0383945 -0.028107
v -0.0355445 -0.0421545 -0.028977
v -0.0351655 -0.0405355 -0.03057
v -0.0351655 -0.0405355 -0.03057
v -0.0329555 -0.0359815 -0.034594
v -0.0294825 -0.0418015 -0.032644
v -0.0379965 -0.0326045 -0.026104
v -0.0349585 -0.0347685 -0.027036
v -0.0342325 -0.0316675 -0.029448
v -0.0357615 -0.0362715 -0.024667
v -0.0370835 -0.0376445 -0.020153
v -0.0343045 -0.0362785 -0.026347
v -0.0336085 -0.0379465 -0.02477
v -0.0342875 -0.0389565 -0.022368
v -0.0300975 -0.0329195 -0.030905
v -0.0297175 -0.0359535 -0.029457
v -0.0321195 -0.0370935 -0.027286
v -0.0328475 -0.0384285 -0.025342
v -0.0303695 -0.0400235 -0.025822
v -0.0284955 -0.0398145 -0.027394
v -0.0411835 -0.0396345 -0.024337
v -0.0504635 -0.0417875 -0.002264
v -0.0369235 -0.0421835 -0.027241
v -0.0312805 -0.0448675 -0.029523
v -0.0320855 -0.0458185 -0.027665
v -0.0449095 -0.0426565 -0.011586
v -0.0310555 -0.0408135 -0.023932
v -0.0370035 -0.0468355 -0.017525
v -0.0309305 -0.0502295 -0.019478
v -0.0639415 -0.0079175 -0.004911
v -0.0669195 -0.0035445 0.002129
v -0.0700405 -0.0018295 0.010843
v -0.0680465 -0.0089765 0.006549
v -0.0629885 -0.0148005 -0.004268
v -0.0697955 -0.0129115 0.013385
v -0.0678865 -0.0174535 0.01081
v -0.0747465 0.0009595 0.024871
v -0.0747465 0.0009595 0.024871
v -0.0732795 -0.0043525 0.020825
v -0.0615305 -0.0018025 0.007244
v -0.0620135 -0.0068855 0.010014
v -0.0640285 -0.0030465 0.015319
v -0.0649565 0.0034915 0.018148
v -0.0746695 -0.0112605 0.026873
v -0.0613075 -0.0121015 0.010211
v -0.0638265 -0.0093405 0.016443
v -0.0630705 -0.0137605 0.016496
v -0.0665105 -0.0036755 0.022035
v -0.0656135 -0.0093095 0.021107
v -0.0655685 -0.0147355 0.02321
v -0.0643215 -0.0202115 0.02355
v -0.0621535 -0.0177815 0.016614
v -0.0681465 0.0090085 0.026991
v -0.0681465 0.0090085 0.026991
v -0.0675305 0.0057945 0.024922
v -0.0684305 0.0111155 0.028278
v -0.0710185 0.0094905 0.03276
v -0.0710185 0.0094905 0.03276
v -0.0703065 0.0042485 0.030287
v -0.0668025 0.0014095 0.022636
v -0.0687905 0.0004545 0.026899
v -0.0778875 -0.0043705 0.034901
v -0.0780695 0.0029375 0.035374
v -0.0780695 0.0029375 0.035374
v -0.0777095 -0.0101465 0.035969
v -0.0713265 -0.0003435 0.032014
v -0.0714515 -0.0023825 0.032245
v -0.0690015 -0.0059455 0.027839
v -0.0720335 -0.0052475 0.033478
v -0.0711845 -0.0123615 0.03336
v -0.0727695 -0.0090935 0.035348
v -0.0679065 -0.0102355 0.026468
v -0.0681125 -0.0157975 0.028886
v -0.0692255 -0.0225025 0.018521
v -0.0648715 -0.0210645 0.005295
v -0.0729105 -0.0184105 0.025792
v -0.0657155 -0.0276905 0.014087
v -0.0712225 -0.0254435 0.026955
v -0.0680635 -0.0330085 0.02687
v -0.0766315 -0.0167205 0.036024
v -0.0753135 -0.0217635 0.035744
v -0.0780725 -0.0083005 0.037128
v -0.0772795 -0.0136545 0.037709
v -0.0724925 -0.0170965 0.036942
v -0.0707775 -0.0169095 0.034216
v -0.0762715 -0.0190565 0.037476
v -0.0764195 -0.0157565 0.038305
v -0.0733805 -0.0256205 0.038383
v -0.0740435 -0.0197735 0.038565
v -0.0744865 -0.0250655 0.036859
v -0.0734975 -0.0271355 0.035413
v -0.0748585 -0.0238825 0.037775
v -0.0719065 -0.0226235 0.038082
v -0.0730265 -0.0190875 0.038209
v -0.0732165 -0.0283215 0.03785
v -0.0675145 -0.0214295 0.030523
v -0.0703145 -0.0225465 0.035929
v -0.0662105 -0.0270815 0.031818
v -0.0629395 -0.0268975 0.025616
v -0.0710995 -0.0329125 0.035304
v -0.0628595 -0.0305525 0.028509
v -0.0657095 -0.0312875 0.033965
v -0.0691255 -0.0373425 0.035938
v -0.0652675 -0.0388665 0.02771
v -0.0726085 -0.0301935 0.036766
v -0.0683405 -0.0292305 0.036578
v -0.0705265 -0.0268765 0.038145
v -0.0705055 -0.0303495 0.038505
v -0.0713815 -0.0329015 0.037575
v -0.0699885 -0.0360735 0.037276
v -0.0696995 -0.0353235 0.038191
v -0.0691235 -0.0306005 0.038175
v -0.0656985 -0.0353695 0.036919
v -0.0636175 -0.0375585 0.035756
v -0.0656755 -0.0401655 0.038516
v -0.0664465 -0.0362815 0.03821
v -0.0669335 -0.0410515 0.035621
v -0.0675715 -0.0404495 0.037349
v -0.0660635 -0.0428705 0.037178
v -0.0665735 -0.0411165 0.03807
v -0.0649565 -0.0383425 0.03799
v -0.0632195 -0.0423515 0.038341
v -0.0558695 -0.0082095 -0.009831
v -0.0519505 -0.0129635 -0.018164
v -0.0508305 -0.0169795 -0.017986
v -0.0513635 -0.0202865 -0.013555
v -0.0538755 -0.0162375 -0.010422
v -0.0555355 -0.0129715 -0.008084
v -0.0585035 -0.0283695 -0.003561
v -0.0477665 -0.0239825 -0.01834
v -0.0512505 -0.0234075 -0.010337
v -0.0471725 -0.0281825 -0.01437
v -0.0552025 -0.0204255 -0.002497
v -0.0508345 -0.0284205 -0.004652
v -0.0584625 -0.0051825 -0.002758
v -0.0581385 -0.0100815 -0.00168
v -0.0570125 -0.0148195 -0.00223
v -0.0615715 -0.0252585 0.000719
v -0.0596525 -0.0183475 0.009691
v -0.0577825 -0.0231065 0.009014
v -0.0538645 -0.0263155 0.001148
v -0.0572315 -0.0344315 0.001191
v -0.0626975 -0.0328605 0.012545
v -0.0558195 -0.0401945 0.0067
v -0.0557155 -0.0291185 0.01096
v -0.0531585 -0.0335025 0.01077
v -0.0482065 -0.0332545 -0.00373
v -0.0480475 -0.0381155 0.0055
v -0.0510805 -0.0371455 0.011693
v -0.0544055 -0.0467285 0.015076
v -0.0487785 -0.0492895 0.008152
v -0.0444935 -0.0330795 -0.013047
v -0.0411085 -0.0355935 -0.01607
v -0.0436765 -0.0368255 -0.008212
v -0.0394965 -0.0407715 -0.009363
v -0.0444675 -0.0386485 -0.002626
v -0.0421975 -0.0471695 -0.008151
v -0.0343655 -0.0421585 -0.016103
v -0.0408095 -0.0435305 -0.01752
v -0.0299625 -0.0432275 -0.02084
v -0.0296645 -0.0457635 -0.015777
v -0.0377915 -0.0531995 -0.003078
v -0.0327325 -0.0465645 -0.009038
v -0.0383745 -0.0441595 -0.004073
v -0.0276105 -0.0490355 -0.010962
v -0.0315745 -0.0563795 -0.004667
v -0.0437605 -0.0421995 0.003703
v -0.0446315 -0.0528195 0.007637
v -0.0490695 -0.0410265 0.014244
v -0.0455195 -0.0449195 0.01408
v -0.0394335 -0.0489915 0.010619
v -0.0361665 -0.0479285 0.000952
v -0.0315415 -0.0506145 -0.000523
v -0.0275055 -0.0526125 -0.001496
v -0.0346615 -0.0524255 0.010435
v -0.0603125 -0.0236865 0.016851
v -0.0577895 -0.0272825 0.014259
v -0.0562965 -0.0321075 0.016739
v -0.0622135 -0.0240145 0.021724
v -0.0597485 -0.0297795 0.021889
v -0.0614085 -0.0395015 0.018968
v -0.0576005 -0.0458355 0.02054
v -0.0612335 -0.0447875 0.027319
v -0.0572925 -0.0334365 0.020766
v -0.0580505 -0.0352825 0.024414
v -0.0540915 -0.0373285 0.019154
v -0.0546065 -0.0399145 0.023728
v -0.0523955 -0.0391945 0.018406
v -0.0509445 -0.0431175 0.021689
v -0.0477925 -0.0467275 0.021916
v -0.0423415 -0.0493955 0.017097
v -0.0614215 -0.0358585 0.030876
v -0.0585715 -0.0398905 0.030353
v -0.0565945 -0.0427735 0.03057
v -0.0600315 -0.0433925 0.035961
v -0.0521665 -0.0449405 0.026271
v -0.0296685 -0.0558585 0.011628
v -0.0245075 -0.0556475 0.00333
v -0.0402025 -0.0582985 0.012401
v -0.0355495 -0.0607665 0.011171
v -0.0279235 -0.0613295 0.002774
v -0.0328185 -0.0656855 0.020166
v -0.0602085 -0.0503305 0.035243
v -0.0545275 -0.0524475 0.026619
v -0.0498305 -0.0472725 0.025961
v -0.0453165 -0.0508335 0.024714
v -0.0443935 -0.0497135 0.021397
v -0.0503015 -0.0560985 0.02571
v -0.0648195 -0.0420975 0.0319
v -0.0642445 -0.0451245 0.035525
v -0.0626055 -0.0418605 0.037851
v -0.0632325 -0.0457135 0.038283
v -0.0599445 -0.0460505 0.038118
v -0.0628125 -0.0475555 0.036894
v -0.0652765 -0.0438315 0.037802
v -0.0624305 -0.0477275 0.037769
v -0.0586995 -0.0498695 0.038581
v -0.0537065 -0.0463035 0.030391
v -0.0564175 -0.0483175 0.036353
v -0.0590215 -0.0522325 0.037434
v -0.0593225 -0.0511365 0.038144
v -0.0574605 -0.0493955 0.038272
v -0.0551155 -0.0513275 0.037805
v -0.0557965 -0.0520565 0.038514
v -0.0557665 -0.0555175 0.035937
v -0.0540875 -0.0550965 0.038596
v -0.0541215 -0.0565285 0.038281
v -0.0497865 -0.0499215 0.02962
v -0.0513815 -0.0514365 0.033577
v -0.0451035 -0.0533115 0.028386
v -0.0527975 -0.0529015 0.037022
v -0.0461685 -0.0570855 0.034924
v -0.0513925 -0.0595375 0.035751
v -0.0469765 -0.0597665 0.0278
v -0.0550705 -0.0564615 0.037182
v -0.0546285 -0.0565805 0.037796
v -0.0517145 -0.0595835 0.037325
v -0.0537535 -0.0533945 0.038293
v -0.0511455 -0.0560655 0.038368
v -0.0480575 -0.0577035 0.037553
v -0.0461805 -0.0602035 0.0384
v -0.0470235 -0.0609825 0.038696
v -0.0495015 -0.0607875 0.038266
v -0.0492465 -0.0616985 0.037271
v -0.0462755 -0.0635625 0.035795
v -0.0453675 -0.0645775 0.037665
v -0.0452515 -0.0640735 0.038358
v -0.0368305 -0.0537195 0.01737
v -0.0418695 -0.0632345 0.027369
v -0.0396425 -0.0534325 0.0211
v -0.0351955 -0.0567695 0.021744
v -0.0407945 -0.0544435 0.024623
v -0.0334025 -0.0553485 0.015965
v -0.0271945 -0.0592375 0.017717
v -0.0233875 -0.0584925 0.010837
v -0.0280515 -0.0679645 0.020607
v -0.0307325 -0.0578645 0.018482
v -0.0300375 -0.0608085 0.02431
v -0.0424665 -0.0563565 0.029912
v -0.0358985 -0.0583105 0.025633
v -0.0387365 -0.0596655 0.031021
v -0.0388905 -0.0683205 0.03589
v -0.0428005 -0.0611365 0.037015
v -0.0375685 -0.0625595 0.034332
v -0.0426055 -0.0662135 0.036156
v -0.0401415 -0.0658345 0.03879
v -0.0399075 -0.0647195 0.038558
v -0.0398965 -0.0637825 0.037925
v -0.0416545 -0.0670345 0.037406
v -0.0406635 -0.0672385 0.038325
v -0.0328305 -0.0618725 0.029063
v -0.0389505 -0.0685775 0.037545
v -0.0390525 -0.0684215 0.038115
v -0.0375955 -0.0689375 0.03845
v -0.0348615 -0.0661845 0.037409
v -0.0245865 -0.0631595 0.024332
v -0.0234605 -0.0612135 0.018764
v -0.0344145 -0.0707085 0.03612
v -0.0244015 -0.0660365 0.029909
v -0.0304895 -0.0643715 0.031411
v -0.0291615 -0.0662685 0.033631
v -0.0250995 -0.0745115 0.036358
v -0.0294925 -0.0729575 0.036489
v -0.0234095 -0.0687885 0.03427
v -0.0367855 -0.0696375 0.038393
v -0.0360715 -0.0701155 0.03762
v -0.0353355 -0.0701325 0.0385
v -0.0329475 -0.0716455 0.038
v -0.0340765 -0.0709805 0.038448
v -0.0267155 -0.0741955 0.038019
v -0.0140765 -0.0159605 -0.034581
v -0.0151405 -0.0212445 -0.035205
v -0.0011185 0.0413415 -0.04031
v -0.0012095 0.0426835 -0.040543
v -0.0010495 0.0478315 -0.036251
v 0.0023165 0.0447575 -0.039577
v 0.0032455 0.0479275 -0.036108
v 0.0002155 0.0436605 -0.040314
v -0.0017185 0.0391845 -0.03916
v 0.0058695 0.0453865 -0.038653
v 0.0065425 0.0431785 -0.040386
v 0.0070575 0.0436695 -0.040112
v 0.0035995 0.0389435 -0.038879
v 0.0070515 0.0405475 -0.039979
v 0.0080815 0.0412795 -0.04031
v 0.0038815 0.0509855 -0.033126
v 0.0002955 0.0444515 -0.031013
v 0.0016025 0.0460455 -0.030141
v 0.0064315 0.0447305 -0.030676
v 0.0082185 0.0492805 -0.034189
v 0.0106045 0.0450335 -0.038188
v 0.0098475 0.0421915 -0.031332
v 0.0098475 0.0421915 -0.031332
v 0.0099935 0.0386005 -0.031447
v -0.0033625 0.0361025 -0.037269
v 0.0008955 0.0362595 -0.037123
v -0.0001315 0.0308225 -0.03562
v 0.0047865 0.0336895 -0.036231
v 0.0057205 0.0363945 -0.037308
v -3.5e-06 0.0239435 -0.034638
v 0.0085635 0.0274275 -0.035107
v 0.0004035 0.0375585 -0.031304
v 0.0100105 0.0305655 -0.030674
v 0.0043395 0.0230045 -0.030129
v 0.0124625 0.0429185 -0.039812
v 0.0124045 0.0416805 -0.040411
v 0.0106395 0.0378765 -0.03883
v 0.0089765 0.0352855 -0.036966
v 0.0136845 0.0393995 -0.040181
v 0.0212105 0.0378135 -0.040411
v 0.0183935 0.0400995 -0.040212
v 0.0173385 0.0364615 -0.039345
v 0.0138945 0.0344045 -0.037242
v 0.0192965 0.0371465 -0.040181
v 0.0156275 0.0428475 -0.039057
v 0.0139105 0.0483955 -0.033958
v 0.0188505 0.0466025 -0.034102
v 0.0206755 0.0406795 -0.038983
v 0.0250885 0.0439505 -0.033941
v 0.0124465 0.0321275 -0.036236
v 0.0177655 0.0308615 -0.036487
v 0.0183715 0.0326645 -0.037371
v 0.0163315 0.0274705 -0.035609
v 0.0186595 0.0226655 -0.035087
v 0.0135565 0.0215505 -0.034692
v 0.0253455 0.0393605 -0.037843
v 0.0239165 0.0376475 -0.039916
v 0.0237205 0.0347055 -0.04019
v 0.0228525 0.0327705 -0.03898
v 0.0281325 0.0359555 -0.039014
v 0.0287595 0.0334425 -0.040157
v 0.0270145 0.0333325 -0.040369
v 0.0271575 0.0307355 -0.039614
v 0.0308115 0.0286405 -0.04003
v 0.0309245 0.0302985 -0.040283
v 0.0233765 0.0291715 -0.037142
v 0.0227275 0.0258735 -0.036061
v 0.0297295 0.0270255 -0.038995
v 0.0271325 0.0250785 -0.036833
v 0.0252285 0.0187865 -0.035359
v 0.0290755 0.0202645 -0.036187
v 0.0337355 0.0282695 -0.0401
v 0.0323605 0.0313535 -0.039519
v 0.0333005 0.0335245 -0.037437
v 0.0307695 0.0219475 -0.037285
v 0.0347255 0.0254615 -0.040222
v 0.0341845 0.0234925 -0.039718
v 0.0365595 0.0264205 -0.039435
v 0.0368425 0.0292025 -0.037651
v 0.0324845 0.0180715 -0.036802
v 0.0369695 0.0235155 -0.040162
v 0.0392785 0.0177435 -0.040118
v 0.0405185 0.0254695 -0.036754
v 0.0391525 0.0225255 -0.039323
v 0.0396605 0.0196315 -0.039908
v 0.0378505 0.0241045 -0.039519
v 0.0359405 0.0178875 -0.038834
v 0.0379825 0.0181595 -0.039924
v 0.0378905 0.0140105 -0.03893
v 0.0090505 0.0540635 -0.030019
v 0.0089865 0.0553635 -0.028706
v 0.0146455 0.0533235 -0.029573
v 0.0105095 0.0558825 -0.027592
v 0.0155645 0.0544495 -0.027993
v 0.0138105 0.0562375 -0.02519
v 0.0098255 0.0623865 -0.009833
v 0.0186015 0.0521515 -0.029558
v 0.0195915 0.0544425 -0.025498
v 0.0200085 0.0529035 -0.028199
v 0.0234805 0.0527955 -0.02591
v 0.0233335 0.0499985 -0.029774
v 0.0245185 0.0508835 -0.028357
v 0.0156165 0.0593875 -0.015084
v 0.0235005 0.0580095 -0.011916
v 0.0184955 0.0616365 -0.006717
v 0.0287035 0.0547925 -0.014237
v 0.0032145 0.0504365 -0.026431
v 0.0017075 0.0516075 -0.024504
v 0.0086255 0.0484395 -0.027776
v 0.0052935 0.0464215 -0.029701
v 0.0109625 0.0455945 -0.029619
v 0.0121765 0.0433205 -0.030791
v 0.0121765 0.0433205 -0.030791
v 0.0046235 0.0518795 -0.024115
v 0.0050285 0.0512845 -0.025089
v 0.0096635 0.0506515 -0.025086
v 0.0063245 0.0539045 -0.018593
v 0.0095195 0.0514455 -0.023724
v 0.0090955 0.0495035 -0.026681
v 0.0126345 0.0492195 -0.026175
v 0.0141145 0.0463565 -0.028447
v 0.0130815 0.0516895 -0.021295
v 0.0130755 0.0505755 -0.023952
v 0.0166945 0.0435085 -0.029953
v 0.0166945 0.0435085 -0.029953
v 0.0226725 0.0359705 -0.031401
v 0.0174655 0.0407465 -0.031068
v 0.0218565 0.0399575 -0.030598
v 0.0195705 0.0438225 -0.028908
v 0.0195705 0.0438225 -0.028908
v 0.0248275 0.0416325 -0.028625
v 0.0233855 0.0373465 -0.031109
v 0.0178875 0.0471195 -0.026728
v 0.0176895 0.0484825 -0.02519
v 0.0171295 0.0497555 -0.023203
v 0.0225775 0.0448125 -0.026975
v 0.0225775 0.0448125 -0.026975
v 0.0239315 0.0458725 -0.025224
v 0.0219275 0.0478385 -0.023363
v 0.0269905 0.0432125 -0.026301
v 0.0269905 0.0432125 -0.026301
v 0.0254155 0.0312775 -0.031237
v 0.0112945 0.0537885 -0.016782
v 0.0156005 0.0528785 -0.0164
v 0.0137525 0.0558065 -0.009286
v 0.0189805 0.0535615 -0.011486
v 0.0190895 0.0509595 -0.018661
v 0.0228665 0.0499005 -0.017454
v 0.0266145 0.0462805 -0.021683
v 0.0270985 0.0500025 -0.011741
v 0.0280025 0.0490565 -0.028375
v 0.0289485 0.0498255 -0.026399
v 0.0326205 0.0468665 -0.027485
v 0.0317875 0.0486765 -0.025267
v 0.0342485 0.0544935 -0.007171
v 0.0266675 0.0361085 -0.030863
v 0.0276395 0.0378945 -0.029812
v 0.0297185 0.0406775 -0.034149
v 0.0338615 0.0375285 -0.033991
v 0.0296995 0.0351565 -0.030339
v 0.0294105 0.0469175 -0.029666
v 0.0309065 0.0425845 -0.023908
v 0.0309065 0.0425845 -0.023908
v 0.0307705 0.0401965 -0.026672
v 0.0340315 0.0433465 -0.029911
v 0.0380135 0.0403995 -0.029609
v 0.0341875 0.0449155 -0.028476
v 0.0381325 0.0417135 -0.028453
v 0.0309705 0.0377325 -0.028328
v 0.0340945 0.0346685 -0.028511
v 0.0337045 0.0312575 -0.03039
v 0.0348795 0.0372105 -0.026302
v 0.0348795 0.0372105 -0.026302
v 0.0198865 0.0213055 -0.030281
v 0.0316695 0.0316905 -0.030871
v 0.0314415 0.0192845 -0.030842
v 0.0382245 0.0332395 -0.03391
v 0.0372125 0.0340995 -0.02689
v 0.0372125 0.0340995 -0.02689
v 0.0423515 0.0358475 -0.029643
v 0.0418265 0.0385195 -0.028019
v 0.0464835 0.0308125 -0.029326
v 0.0412475 0.0283115 -0.034495
v 0.0442445 0.0352355 -0.028458
v 0.0339285 0.0272025 -0.031125
v 0.0383975 0.0178715 -0.03112
v 0.0400555 0.0192855 -0.030883
v 0.0370835 0.0259665 -0.030679
v 0.0359695 0.0223705 -0.031145
v 0.0371885 0.0296785 -0.029307
v 0.0395795 0.0326665 -0.025918
v 0.0395775 0.0301025 -0.027555
v 0.0395775 0.0301025 -0.027555
v 0.0395855 0.0255155 -0.029665
v 0.0395855 0.0255155 -0.029665
v 0.0451565 0.0246765 -0.033126
v 0.0419475 0.0291265 -0.026207
v 0.0420835 0.0260415 -0.027795
v 0.0447795 0.0247795 -0.026126
v 0.0415985 0.0203725 -0.030114
v 0.0415985 0.0203725 -0.030114
v 0.0440365 0.0212045 -0.028318
v 0.0372985 0.0447005 -0.02515
v 0.0373545 0.0435575 -0.027063
v 0.0368665 0.0499565 -0.013733
v 0.0323635 0.0405225 -0.025199
v 0.0323635 0.0405225 -0.025199
v 0.0353705 0.0392075 -0.023352
v 0.0375635 0.0361285 -0.024729
v 0.0352645 0.0414595 -0.019177
v 0.0305085 0.0457535 -0.017477
v 0.0307205 0.0480355 -0.011326
v 0.0412645 0.0478355 -0.010715
v 0.0355705 0.0439045 -0.013104
v 0.0392085 0.0387845 -0.017206
v 0.0407205 0.0412605 -0.025912
v 0.0442175 0.0435245 -0.014
v 0.0379065 0.0368805 -0.023219
v 0.0409115 0.0342975 -0.021886
v 0.0406565 0.0335965 -0.023744
v 0.0445425 0.0370345 -0.026093
v 0.0470385 0.0325445 -0.027634
v 0.0487295 0.0331925 -0.023088
v 0.0422955 0.0362865 -0.015525
v 0.0487565 0.0378555 -0.015069
v 0.0416755 0.0317945 -0.024287
v 0.0409395 0.0328025 -0.023899
v 0.0429845 0.0305995 -0.023492
v 0.0444985 0.0271535 -0.024619
v 0.0429665 0.0296615 -0.024679
v 0.0442475 0.0320615 -0.018695
v 0.0442665 0.0295615 -0.022483
v 0.0466815 0.0280845 -0.019052
v 0.0476055 0.0318485 -0.010983
v 0.0493855 0.0276295 -0.013113
v -0.0066875 0.0096715 -0.034451
v 0.0009765 -7.75e-05 -0.030047
v -0.0028465 -0.0034735 -0.034525
v 0.0011565 0.0008545 -0.034638
v 0.0103025 0.0123955 -0.034386
v 0.0121965 -0.0038455 -0.034389
v 0.0073255 0.0236195 -0.034672
v 0.0183455 0.0112545 -0.029867
v -0.0039405 -0.0141385 -0.034453
v -0.0103675 -0.0105495 -0.030001
v -0.0066005 -0.0214405 -0.034638
v -0.0045805 -0.0230475 -0.030252
v 0.0039665 -0.0242025 -0.034745
v -0.0029515 -0.0269155 -0.035188
v 0.0045335 -0.0206255 -0.034633
v 0.0029255 -0.0209495 -0.030052
v 0.0207155 0.0103735 -0.034446
v 0.0188715 0.0164725 -0.034857
v 0.0205005 0.0182715 -0.0348
v 0.0249585 0.0123785 -0.03477
v 0.0211675 0.0022125 -0.03431
v 0.0186945 -0.0001445 -0.029794
v 0.0299195 0.0129005 -0.035502
v 0.0326435 0.0142795 -0.036189
v 0.0282685 0.0072065 -0.034868
v 0.0348485 0.0139265 -0.036944
v 0.0365105 0.0105165 -0.0372
v 0.0343455 0.0096075 -0.036132
v 0.0325415 0.0041985 -0.03549
v 0.0353805 0.0027595 -0.036076
v 0.0176195 -0.0116785 -0.034371
v 0.0290325 -0.0029065 -0.034881
v 0.0303855 0.0102835 -0.03034
v 0.0278135 -0.0008715 -0.030034
v 0.0330585 -0.0021985 -0.035572
v 0.0392985 0.0046735 -0.030947
v 0.0348015 -0.0039755 -0.030578
v 0.0152665 -0.0135005 -0.029937
v 0.0116005 -0.0236615 -0.034883
v 0.0170145 -0.0239125 -0.030434
v 0.0139025 -0.0304805 -0.036219
v 0.0176115 -0.0247215 -0.035451
v 0.0199645 -0.0290255 -0.036543
v 0.0205995 -0.0183495 -0.034893
v 0.0247535 -0.0187115 -0.035376
v 0.0251965 -0.0245235 -0.036364
v 0.0241565 -0.0275275 -0.036981
v 0.0220735 -0.0299095 -0.037431
v 0.0277415 -0.0104645 -0.035004
v 0.0319535 -0.0146185 -0.036115
v 0.0271605 -0.0129485 -0.030244
v 0.0280375 -0.0254835 -0.031057
v 0.0427835 0.0208795 -0.036993
v 0.0401205 0.0125555 -0.039841
v 0.0427675 0.0116505 -0.039862
v 0.0422585 0.0169185 -0.039046
v 0.0477655 0.0190795 -0.033113
v 0.0498645 0.0141825 -0.032745
v 0.0493095 0.0253815 -0.02963
v 0.0446315 0.0156925 -0.029418
v 0.0475965 0.0193725 -0.025816
v 0.0472345 0.0157345 -0.027464
v 0.0516175 0.0202465 -0.029577
v 0.0535095 0.0170475 -0.028877
v 0.0526385 0.0212705 -0.028143
v 0.0546865 0.0111425 -0.029234
v 0.0486475 0.0295615 -0.027936
v 0.0505085 0.0291535 -0.024971
v 0.0509145 0.0254655 -0.027958
v 0.0465775 0.0255635 -0.022774
v 0.0467095 0.0227095 -0.025004
v 0.0488635 0.0203185 -0.023217
v 0.0493285 0.0230825 -0.019292
v 0.0505905 0.0173025 -0.021875
v 0.0530295 0.0239515 -0.02546
v 0.0551915 0.0166455 -0.026728
v 0.0550295 0.0197045 -0.024755
v 0.0521445 0.0181155 -0.017242
v 0.0510205 0.0224695 -0.015491
v 0.0562585 0.0281755 -0.011697
v 0.0569205 0.0230755 -0.015812
v 0.0587635 0.0179985 -0.015742
v 0.0555995 0.0129455 -0.027719
v 0.0567255 0.0153685 -0.023831
v 0.0394575 0.0080445 -0.038813
v 0.0430125 0.0070325 -0.040044
v 0.0372225 0.0061545 -0.036973
v 0.0420995 0.0047015 -0.039855
v 0.0405095 0.0019375 -0.038906
v 0.0445445 0.0059275 -0.039545
v 0.0444265 0.0121595 -0.038499
v 0.0441215 -0.0005995 -0.039976
v 0.0461045 0.0010105 -0.038473
v 0.0477285 0.0074495 -0.036249
v 0.0375275 0.0009375 -0.036879
v 0.0377525 -0.0035545 -0.03714
v 0.0344255 -0.0075725 -0.036083
v 0.0363925 -0.0038135 -0.036454
v 0.0367435 -0.0069875 -0.03687
v 0.0410655 -0.0044945 -0.039458
v 0.0426545 -0.0005785 -0.040023
v 0.0426185 -0.0058175 -0.040089
v 0.0431675 -0.0081075 -0.040047
v 0.0390915 -0.0095545 -0.038816
v 0.0356935 -0.0107575 -0.036846
v 0.0411665 -0.0100235 -0.04
v 0.0414475 -0.0074415 -0.031073
v 0.0509185 0.0031635 -0.033429
v 0.0449965 -0.0046605 -0.039272
v 0.0443935 -0.0095285 -0.039121
v 0.0502635 -0.0040265 -0.033931
v 0.0511545 -0.0072295 -0.032708
v 0.0469235 -0.0128375 -0.035671
v 0.0513025 -0.0106585 -0.032031
v 0.0360685 -0.0200035 -0.039685
v 0.0332535 -0.0243175 -0.039748
v 0.0322835 -0.0190995 -0.037165
v 0.0382985 -0.0194065 -0.040197
v 0.0389315 -0.0151435 -0.03977
v 0.0396955 -0.0191245 -0.040027
v 0.0361225 -0.0246275 -0.040152
v 0.0220255 -0.0343695 -0.039955
v 0.0259265 -0.0318495 -0.039952
v 0.0270375 -0.0284725 -0.038702
v 0.0286845 -0.0318715 -0.040428
v 0.0220855 -0.0357445 -0.040429
v 0.0301475 -0.0288625 -0.040144
v 0.0287655 -0.0236945 -0.037177
v 0.0292215 -0.0201845 -0.036326
v 0.0333265 -0.0268685 -0.040308
v 0.0335085 -0.0283095 -0.040112
v 0.0380025 -0.0241535 -0.039411
v 0.0342965 -0.0291905 -0.039298
v 0.0306235 -0.0321075 -0.039859
v 0.0314075 -0.0343725 -0.03775
v 0.0351895 -0.0310905 -0.037319
v 0.0397305 -0.0207735 -0.039547
v 0.0391315 -0.0300115 -0.034799
v 0.0362785 -0.0350505 -0.033607
v 0.0343985 -0.0148805 -0.037059
v 0.0372755 -0.0137575 -0.038543
v 0.0356935 -0.0177165 -0.031068
v 0.0407715 -0.0134355 -0.031035
v 0.0421745 -0.0133445 -0.030824
v 0.0443535 -0.0060715 -0.030642
v 0.0378165 -0.0215005 -0.030975
v 0.0393635 -0.0226305 -0.030393
v 0.0432865 -0.0153475 -0.030149
v 0.0317335 -0.0279035 -0.03121
v 0.0335505 -0.0296905 -0.030703
v 0.0360225 -0.0301655 -0.029444
v 0.0313105 -0.0337355 -0.030079
v 0.0388655 -0.0270485 -0.029207
v 0.0410785 -0.0293015 -0.026539
v 0.0354385 -0.0342645 -0.02757
v 0.0419255 -0.0137315 -0.039971
v 0.0425425 -0.0160235 -0.039031
v 0.0443195 -0.0241285 -0.033755
v 0.0474765 -0.0186205 -0.033223
v 0.0492045 -0.0156075 -0.032702
v 0.0425455 -0.0194365 -0.029586
v 0.0461965 -0.0156805 -0.028173
v 0.0461965 -0.0156805 -0.028173
v 0.0441065 -0.0231005 -0.027298
v 0.0504215 -0.0239235 -0.028914
v 0.0504215 -0.0239235 -0.028914
v 0.0527425 -0.0180245 -0.029039
v 0.0527425 -0.0180245 -0.029039
v 0.0423585 -0.0307675 -0.031954
v 0.0407235 -0.0230845 -0.02958
v 0.0445755 -0.0265545 -0.024815
v 0.0409705 -0.0313155 -0.025104
v 0.0464865 -0.0288315 -0.02989
v 0.0484235 -0.0285635 -0.02841
v 0.0484235 -0.0285635 -0.02841
v 0.0512965 -0.0252205 -0.02711
v 0.0452715 -0.0325015 -0.028892
v 0.0452715 -0.0325015 -0.028892
v 0.0409825 -0.0370365 -0.029349
v 0.0409825 -0.0370365 -0.029349
v 0.0482855 -0.0307475 -0.026765
v 0.0444365 -0.0358795 -0.026832
v 0.0433885 -0.0354505 -0.028461
v 0.0436065 0.0140015 -0.030294
v 0.0436065 0.0140015 -0.030294
v 0.0420965 0.0113235 -0.031015
v 0.0444665 0.0082865 -0.030582
v 0.0444665 0.0082865 -0.030582
v 0.0500385 0.0089995 -0.033609
v 0.0465525 0.0107815 -0.029132
v 0.0469705 0.0031505 -0.029523
v 0.0479045 0.0102035 -0.028123
v 0.0487135 0.0161195 -0.025861
v 0.0504905 0.0110695 -0.025465
v 0.0506385 0.0053705 -0.026366
v 0.0487285 0.0063125 -0.027954
v 0.0517985 0.0061135 -0.02475
v 0.0428515 0.0005535 -0.030998
v 0.0449795 0.0016795 -0.030613
v 0.0449795 0.0016795 -0.030613
v 0.0452855 -0.0019255 -0.030472
v 0.0452855 -0.0019255 -0.030472
v 0.0473865 -0.0024835 -0.029206
v 0.0458595 -0.0084105 -0.02976
v 0.0458595 -0.0084105 -0.02976
v 0.0493515 0.0002645 -0.027726
v 0.0558895 0.0046725 -0.028913
v 0.0568505 0.0069025 -0.027434
v 0.0574095 0.0039435 -0.026892
v 0.0580315 0.0076465 -0.024499
v 0.0504185 -0.0028365 -0.026781
v 0.0554145 -0.0011555 -0.029499
v 0.0480655 -0.0089965 -0.028088
v 0.0500445 -0.0095425 -0.026224
v 0.0556815 -0.0072945 -0.028784
v 0.0556815 -0.0072945 -0.028784
v 0.0545905 -0.0125505 -0.028869
v 0.0545905 -0.0125505 -0.028869
v 0.0519555 0.0005045 -0.025101
v 0.0526345 -0.0009515 -0.023663
v 0.0535645 0.0003955 -0.021795
v 0.0513375 -0.0062365 -0.025321
v 0.0510115 -0.0100905 -0.024865
v 0.0526085 -0.0074275 -0.023024
v 0.0524145 -0.0064475 -0.023211
v 0.0524475 -0.0055495 -0.023699
v 0.0528805 -0.0033025 -0.023193
v 0.0533335 -0.0055535 -0.0215
v 0.0530645 -0.0074775 -0.021621
v 0.0566825 -0.0001665 -0.02816
v 0.0567765 -0.0040215 -0.027817
v 0.0567765 -0.0040215 -0.027817
v 0.0580605 0.0009075 -0.025831
v 0.0580595 -0.0045305 -0.025296
v 0.0569815 -0.0066645 -0.027105
v 0.0555265 -0.0132855 -0.027511
v 0.0572545 -0.0110765 -0.024834
v 0.0504265 0.0151005 -0.023952
v 0.0513555 0.0107225 -0.024264
v 0.0523925 0.0114755 -0.021662
v 0.0528855 0.0053505 -0.022854
v 0.0535145 0.0078795 -0.020407
v 0.0545805 0.0132995 -0.014238
v 0.0561415 0.0081905 -0.012645
v 0.0571375 0.0115585 -0.025174
v 0.0548105 0.0028555 -0.018218
v 0.0614585 0.0044885 -0.015129
v 0.0621155 0.0115405 -0.010671
v 0.0554725 -0.0031165 -0.016295
v 0.0557485 -0.0070975 -0.014283
v 0.0625175 -0.0014445 -0.012401
v 0.0618315 -0.0072755 -0.013029
v 0.0577345 0.0020475 -0.009203
v 0.0482995 -0.0141485 -0.026773
v 0.0503185 -0.0134885 -0.0247
v 0.0475315 -0.0181105 -0.026239
v 0.0487165 -0.0172815 -0.025291
v 0.0510545 -0.0148775 -0.022592
v 0.0483935 -0.0204125 -0.023816
v 0.0539205 -0.0187995 -0.027354
v 0.0558215 -0.0156485 -0.02554
v 0.0541595 -0.0207465 -0.025267
v 0.0518525 -0.0104635 -0.023223
v 0.0522615 -0.0100475 -0.022189
v 0.0531185 -0.0114135 -0.019611
v 0.0521305 -0.0158805 -0.01897
v 0.0505815 -0.0205885 -0.018468
v 0.0578215 -0.0201565 -0.015614
v 0.0602145 -0.0155945 -0.012978
v 0.0459735 -0.0227135 -0.025667
v 0.0463815 -0.0248125 -0.023573
v 0.0473855 -0.0252875 -0.020807
v 0.0427615 -0.0310795 -0.022799
v 0.0447605 -0.0294265 -0.021114
v 0.0519395 -0.0264665 -0.024058
v 0.0565515 -0.0246555 -0.014019
v 0.0508125 -0.0325585 -0.017601
v 0.0456325 -0.0356755 -0.024805
v 0.0473635 -0.0300245 -0.01356
v 0.0500445 -0.0252985 -0.013873
v 0.0545185 -0.0130865 -0.014491
v 0.0625625 -0.0111285 -0.009191
v 0.0534745 -0.0180355 -0.013054
v 0.0568425 -0.0111125 -0.008562
v 0.0583325 -0.0031305 -0.007063
v 0.0562135 -0.0158065 -0.006847
v 0.0524115 -0.0216245 -0.012077
v 0.0517795 -0.0248395 -0.009506
v 0.0507045 -0.0291865 -0.005729
v 0.0575355 -0.0303945 -0.003946
v 0.0556005 -0.0218445 -0.001853
v 0.0536895 -0.0271705 0.000205
v 0.0639355 -0.0242275 0.00549
v -0.0277365 -0.0311005 -0.041164
v -0.0223855 -0.0345365 -0.041187
v -0.0232115 -0.0319325 -0.040736
v -0.0232235 -0.0352445 -0.040996
v -0.0202095 -0.0345745 -0.040895
v -0.0260545 -0.0345105 -0.040228
v -0.0201125 -0.0379555 -0.040582
v -0.0254825 -0.0412605 -0.034966
v -0.0176035 -0.0375845 -0.04114
v -0.0227375 -0.0271235 -0.037814
v -0.0228945 -0.0245635 -0.03702
v -0.0232105 -0.0296785 -0.039543
v -0.0183055 -0.0251615 -0.036255
v -0.0162885 -0.0291135 -0.036764
v -0.0191165 -0.0329575 -0.039736
v -0.0157685 -0.0363355 -0.040642
v -0.0188235 -0.0302995 -0.037921
v -0.0153935 -0.0318295 -0.037563
v -0.0122095 -0.0251685 -0.035491
v -0.0165335 -0.0342225 -0.031701
v -0.0106685 -0.0288155 -0.030842
v -0.0292115 -0.0383195 -0.03524
v -0.0206715 -0.0426815 -0.036045
v -0.0253145 -0.0351535 -0.031541
v -0.0255835 -0.0365205 -0.030886
v -0.0253265 -0.0406705 -0.028444
v -0.0214795 -0.0395015 -0.030649
v -0.0263045 -0.0424165 -0.026396
v -0.0149295 -0.0387315 -0.031812
v -0.0180095 -0.0391635 -0.031556
v -0.0174825 -0.0413675 -0.030709
v -0.0178835 -0.0442375 -0.028603
v -0.0209065 -0.0448935 -0.026858
v -0.0119595 -0.0338745 -0.037892
v -0.0103555 -0.0379565 -0.040213
v -0.0078235 -0.0349505 -0.037644
v -0.0090115 -0.0303825 -0.036231
v -0.0106265 -0.0326705 -0.037038
v -0.0024295 -0.0321425 -0.036236
v -0.0044015 -0.0338655 -0.036829
v -0.0042535 -0.0354535 -0.03746
v -0.0158795 -0.0401535 -0.040415
v -0.0125975 -0.0403155 -0.040985
v -0.0114815 -0.0392735 -0.040997
v -0.0126075 -0.0414835 -0.04033
v -0.0157695 -0.0464895 -0.034474
v -0.0079325 -0.0407685 -0.040983
v -0.0073895 -0.0427655 -0.040328
v -0.0056375 -0.0419625 -0.040912
v -0.0080205 -0.0440505 -0.03898
v -0.0040575 -0.0397815 -0.040449
v -0.0118885 -0.0454035 -0.036595
v -0.0123405 -0.0484085 -0.033703
v -0.0068505 -0.0484605 -0.034619
v -0.0013775 -0.0380575 -0.031492
v -0.0118415 -0.0421465 -0.031262
v -0.0123145 -0.0446945 -0.029716
v -0.0050145 -0.0426435 -0.031506
v -0.0040385 -0.0409985 -0.031668
v -0.0072005 -0.0477095 -0.028174
v -0.0131625 -0.0466385 -0.027902
v -0.0057755 -0.0453895 -0.030154
v -0.0046955 -0.0442475 -0.03087
v -0.0290325 -0.0451875 -0.0305
v -0.0290325 -0.0451875 -0.0305
v -0.0263945 -0.0482175 -0.029165
v -0.0242135 -0.0485125 -0.030033
v -0.0242135 -0.0485125 -0.030033
v -0.0205845 -0.0479255 -0.031783
v -0.0275625 -0.0490135 -0.027021
v -0.0274745 -0.0428555 -0.0247
v -0.0238125 -0.0446845 -0.025295
v -0.0248835 -0.0462155 -0.021252
v -0.0229725 -0.0505385 -0.028398
v -0.0178455 -0.0520785 -0.029175
v -0.0178455 -0.0520785 -0.029175
v -0.0209565 -0.0463385 -0.025047
v -0.0194535 -0.0525185 -0.027647
v -0.0232135 -0.0514445 -0.02639
v -0.0121465 -0.0531305 -0.029776
v -0.0149785 -0.0478845 -0.026167
v -0.0144025 -0.0543985 -0.027213
v -0.0144025 -0.0543985 -0.027213
v -0.0247355 -0.0550315 -0.015918
v -0.0168105 -0.0564625 -0.019723
v -0.0109105 -0.0544535 -0.028533
v -0.0109105 -0.0544535 -0.028533
v -0.0121395 -0.0579415 -0.018883
v -0.0058035 -0.0542855 -0.029675
v -0.0058035 -0.0542855 -0.029675
v -0.0076735 -0.0561555 -0.026245
v -0.0007405 -0.0356785 -0.037314
v 0.0016535 -0.0399655 -0.040216
v 0.0029045 -0.0346295 -0.036888
v 0.0050255 -0.0308065 -0.035878
v 0.0083435 -0.0332745 -0.036591
v 0.0051215 -0.0362815 -0.037769
v 0.0102635 -0.0349935 -0.037473
v 0.0081105 -0.0395315 -0.04019
v -0.0017975 -0.0414335 -0.040904
v 0.0030085 -0.0426545 -0.040751
v -0.0038685 -0.0449595 -0.038655
v 0.0008075 -0.0436815 -0.040189
v -0.0010705 -0.0487405 -0.034884
v 0.0034225 -0.0414685 -0.040833
v 0.0055565 -0.0448645 -0.038761
v 0.0024145 -0.0488955 -0.034666
v 0.0108155 -0.0404165 -0.04066
v 0.0108305 -0.0416175 -0.040605
v 0.0139615 -0.0384115 -0.040255
v 0.0169025 -0.0386985 -0.04057
v 0.0190585 -0.0361455 -0.040119
v 0.0153675 -0.0402215 -0.040532
v 0.0117465 -0.0421505 -0.040217
v 0.0155735 -0.0419725 -0.039386
v 0.0224995 -0.0366875 -0.040472
v 0.0203405 -0.0391875 -0.039934
v 0.0073195 -0.0430915 -0.040197
v 0.0108265 -0.0443355 -0.038399
v 0.0069315 -0.0478745 -0.035297
v 0.0131995 -0.0456715 -0.036367
v 0.0067305 -0.0543075 -0.029552
v 0.0067305 -0.0543075 -0.029552
v 0.0097025 -0.0498475 -0.033043
v -0.0052795 -0.0555745 -0.028061
v 0.0006955 -0.0545815 -0.029697
v 0.0006955 -0.0545815 -0.029697
v 0.0018095 -0.0299535 -0.030617
v -0.0187465 -0.0487395 -0.022058
v -0.0230315 -0.0497445 -0.015168
v -0.0188645 -0.0523695 -0.012921
v -0.0223355 -0.0607345 -0.004333
v -0.0151185 -0.0487825 -0.024672
v -0.0116195 -0.0500945 -0.024073
v -0.0145765 -0.0517455 -0.018247
v -0.0101215 -0.0486535 -0.0268
v -0.0058055 -0.0500805 -0.02593
v -0.0065935 -0.0512605 -0.023692
v -0.0103335 -0.0534285 -0.016645
v -0.0049565 -0.0525865 -0.020956
v -0.0094315 -0.0563685 -0.008652
v -0.0042035 -0.0547155 -0.015324
v -0.0153055 -0.0554465 -0.007458
v -0.0165895 -0.0655835 0.003712
v -0.0213865 -0.0541355 -0.005209
v -0.0194445 -0.0575355 0.00321
v -0.0150655 -0.0583555 0.001632
v -0.0108905 -0.0637545 -0.004286
v -0.0026545 -0.0568135 -0.00962
v -0.0072905 -0.0596015 -0.016636
v -0.0097085 -0.0595375 0.001764
v -0.0056745 -0.0598365 0.000997
v 0.0149825 -0.0342535 -0.03127
v -8.15e-05 -0.0449595 -0.030643
v -0.0017845 -0.0489445 -0.027562
v 0.0018995 -0.0466285 -0.029522
v 0.0047755 -0.0433915 -0.03123
v 0.0101055 -0.0408115 -0.031504
v 0.0069585 -0.0448085 -0.030425
v 0.0013915 -0.0496935 -0.026854
v 0.0061845 -0.0492045 -0.02701
v 0.0088375 -0.0469805 -0.028641
v 0.0144815 -0.0325385 -0.036908
v 0.0163365 -0.0331555 -0.037521
v 0.0218735 -0.0407515 -0.037984
v 0.0202455 -0.0441355 -0.035309
v 0.0222095 -0.0351725 -0.031368
v 0.0176205 -0.0394175 -0.031249
v 0.0182895 -0.0406575 -0.030794
v 0.0227355 -0.0381515 -0.030856
v 0.0209005 -0.0411915 -0.029917
v 0.0124225 -0.0424765 -0.030972
v 0.0147475 -0.0434945 -0.030092
v 0.0184535 -0.0477325 -0.032801
v 0.0137995 -0.0485305 -0.033364
v 0.0125925 -0.0524065 -0.030387
v 0.0182315 -0.0517645 -0.02952
v 0.0105885 -0.0488455 -0.026643
v 0.0104255 -0.0504225 -0.024571
v 0.0143105 -0.0473675 -0.027246
v 0.0147945 -0.0490745 -0.025038
v 0.0141135 -0.0503195 -0.02302
v 0.0180575 -0.0441255 -0.028766
v 0.0233895 -0.0428045 -0.027884
v 0.0174175 -0.0474675 -0.026166
v 0.0210035 -0.0455305 -0.026616
v 0.0212255 -0.0469175 -0.024843
v 0.0184995 -0.0486005 -0.023862
v 0.0185485 -0.0497945 -0.021003
v -0.0028095 -0.0515405 -0.024088
v -0.0014275 -0.0507575 -0.025397
v -0.0019375 -0.0520205 -0.022875
v -0.0028875 -0.0566265 -0.026273
v -0.0017055 -0.0596285 -0.017788
v 0.0018635 -0.0510255 -0.025103
v 0.0014425 -0.0517765 -0.023443
v 0.0060095 -0.0504215 -0.025589
v 0.0017705 -0.0556505 -0.028371
v 0.0030745 -0.0566595 -0.026348
v -0.0001945 -0.0535405 -0.019141
v 0.0025455 -0.0517215 -0.023789
v 0.0035825 -0.0519345 -0.022893
v 0.0050385 -0.0531325 -0.019821
v 0.0053075 -0.0512285 -0.024131
v 0.0059605 -0.0514835 -0.023773
v 0.0046765 -0.0599355 -0.016635
v 0.0036565 -0.0552315 -0.014165
v 0.0086045 -0.0554765 -0.027745
v 0.0080985 -0.0565035 -0.025313
v 0.0131295 -0.0537925 -0.028864
v 0.0131295 -0.0537925 -0.028864
v 0.0130585 -0.0553545 -0.026283
v 0.0092835 -0.0531505 -0.018444
v 0.0170855 -0.0537675 -0.027401
v 0.0170855 -0.0537675 -0.027401
v 0.0197625 -0.0537555 -0.025426
v 0.0180895 -0.0583045 -0.014145
v 0.0010045 -0.0585235 -0.004419
v 0.0089265 -0.0557255 -0.010977
v 0.0047875 -0.0586155 -0.003391
v -0.0042685 -0.0665775 0.001378
v 0.0049765 -0.0636705 -0.006273
v 0.0008275 -0.0665645 0.000942
v 0.0088375 -0.0589815 -0.000507
v 0.0131855 -0.0528495 -0.017007
v 0.0140315 -0.0593025 -0.014364
v 0.0164535 -0.0528495 -0.014503
v 0.0132925 -0.0567055 -0.005367
v 0.0200515 -0.0528315 -0.01105
v 0.0230655 -0.0497365 -0.016358
v 0.0101985 -0.0626325 -0.007317
v 0.0147965 -0.0642065 -0.0007
v 0.0001005 -0.0640765 0.014973
v 0.0063355 -0.0630095 0.012541
v 0.0179295 -0.0567265 -0.001148
v 0.0233625 -0.0534515 -0.005078
v 0.0247945 -0.0553835 0.003285
v 0.0282605 -0.0526305 -0.000249
v 0.0085895 -0.0674905 0.005313
v 0.0198765 -0.0636865 0.001687
v 0.0246445 -0.0563855 -0.012943
v 0.0118615 -0.0613605 0.009939
v 0.0163985 -0.0587505 0.004503
v 0.0138635 -0.0678995 0.009188
v 0.0059375 -0.0644555 0.017054
v 0.0157525 -0.0620305 0.015214
v 0.0212445 -0.0587195 0.009815
v 0.0197685 -0.0671005 0.011235
v 0.0260965 -0.0640495 0.008933
v 0.0193655 -0.0613525 0.016442
v 0.0263575 -0.0565445 0.009787
v 0.0248455 -0.0595045 0.016866
v -0.0221585 -0.0670795 0.012191
v -0.0102925 -0.0676105 0.005981
v -0.0183235 -0.0614215 0.014653
v -0.0133125 -0.0623235 0.013605
v -0.0193115 -0.0715705 0.02279
v -0.0125955 -0.0712635 0.017685
v -0.0096305 -0.0634875 0.015184
v -0.0043955 -0.0640475 0.015206
v -0.0076675 -0.0737055 0.023064
v -0.0016845 -0.0735125 0.021522
v -0.0187405 -0.0641725 0.02231
v -0.0135865 -0.0650765 0.021557
v -0.0199165 -0.0659085 0.026898
v -0.0190705 -0.0761925 0.036497
v -0.0171965 -0.0703515 0.034117
v -0.0149575 -0.0680545 0.02894
v -0.0125955 -0.0772935 0.036076
v -0.0081395 -0.0659315 0.021497
v -0.0018355 -0.0669535 0.023165
v -0.0094965 -0.0674445 0.02564
v -0.0056995 -0.0675825 0.025051
v -0.0035475 -0.0681045 0.025969
v -0.0098855 -0.0700415 0.031196
v -0.0049135 -0.0702355 0.030749
v 0.0036405 -0.0696195 0.010202
v 0.0069485 -0.0721455 0.018623
v 0.0038235 -0.0664945 0.022415
v 0.0074995 -0.0662185 0.022729
v 0.0020615 -0.0681665 0.026202
v 0.0109755 -0.0646655 0.019979
v 0.0038395 -0.0751055 0.026904
v 0.0021415 -0.0782625 0.036733
v 0.0114205 -0.0733285 0.024138
v 0.0193125 -0.0718355 0.025076
v 0.0157015 -0.0646005 0.022629
v 0.0256405 -0.0688785 0.022451
v 0.0238125 -0.0372845 -0.039899
v 0.0266645 -0.0351915 -0.039978
v 0.0269635 -0.0376905 -0.037891
v 0.0238955 -0.0422205 -0.035416
v 0.0272325 -0.0417115 -0.034112
v 0.0280695 -0.0333515 -0.031049
v 0.0255935 -0.0372685 -0.030509
v 0.0232705 -0.0477485 -0.031102
v 0.0277785 -0.0396025 -0.028331
v 0.0300605 -0.0381445 -0.035463
v 0.0329355 -0.0387755 -0.033187
v 0.0349525 -0.0428105 -0.029315
v 0.0349525 -0.0428105 -0.029315
v 0.0292425 -0.0466215 -0.029495
v 0.0196065 -0.0524925 -0.028085
v 0.0196065 -0.0524925 -0.028085
v 0.0234335 -0.0504965 -0.028673
v 0.0252115 -0.0511675 -0.026383
v 0.0252115 -0.0511675 -0.026383
v 0.0290845 -0.0489975 -0.026678
v 0.0290845 -0.0489975 -0.026678
v 0.0274645 -0.0493135 -0.027621
v 0.0289915 -0.0368495 -0.029435
v 0.0330715 -0.0369025 -0.0273
v 0.0320285 -0.0396125 -0.025828
v 0.0275675 -0.0428285 -0.025801
v 0.0315095 -0.0411635 -0.024489
v 0.0353795 -0.0369605 -0.025536
v 0.0384335 -0.0342395 -0.025186
v 0.0342175 -0.0396445 -0.023596
v 0.0329865 -0.0424875 -0.019686
v 0.0313135 -0.0420875 -0.023192
v 0.0375045 -0.0400705 -0.016833
v 0.0244325 -0.0447995 -0.025691
v 0.0242835 -0.0464155 -0.023126
v 0.0274985 -0.0446925 -0.023089
v 0.0268315 -0.0473805 -0.01762
v 0.0309395 -0.0469795 -0.028071
v 0.0309395 -0.0469795 -0.028071
v 0.0336225 -0.0466245 -0.025583
v 0.0358145 -0.0437835 -0.027664
v 0.0323685 -0.0501705 -0.018728
v 0.0309755 -0.0454365 -0.016201
v 0.0309095 -0.0537955 -0.011646
v 0.0385655 -0.0408505 -0.028136
v 0.0415695 -0.0388305 -0.027164
v 0.0379455 -0.0430225 -0.026076
v 0.0378245 -0.0363565 -0.023461
v 0.0402095 -0.0339635 -0.023156
v 0.0390175 -0.0350295 -0.023374
v 0.0414225 -0.0407685 -0.023957
v 0.0478695 -0.0392885 -0.012723
v 0.0375945 -0.0469025 -0.017596
v 0.0274235 -0.0500095 -0.009621
v 0.0358075 -0.0445625 -0.009513
v 0.0312375 -0.0487455 -0.006839
v 0.0419595 -0.0396135 -0.007966
v 0.0412305 -0.0358935 -0.01771
v 0.0443175 -0.0338855 -0.014263
v 0.0456025 -0.0355415 -0.007778
v 0.0409275 -0.0475325 -0.009974
v 0.0444985 -0.0451695 -0.008069
v 0.0374875 -0.0520895 -0.00565
v 0.0345555 -0.0490465 0.000539
v 0.0401285 -0.0443215 -0.000395
v 0.0411165 -0.0475945 0.011584
v 0.0432935 -0.0443085 0.007923
v 0.0492125 -0.0331345 -0.002602
v 0.0555405 -0.0403985 0.00698
v 0.0478495 -0.0369485 0.001835
v 0.0584315 -0.0361805 0.006954
v 0.0491475 -0.0451755 0.001433
v 0.0452025 -0.0404635 0.002843
v 0.0438735 -0.0505695 0.002167
v 0.0492955 -0.0488255 0.009535
v 0.0298035 -0.0577125 -0.003276
v 0.0361055 -0.0568455 0.003432
v 0.0268975 -0.0611655 0.002015
v 0.0314405 -0.0540585 0.010264
v 0.0363305 -0.0508295 0.01014
v 0.0327925 -0.0620465 0.012202
v 0.0416315 -0.0542805 0.00659
v 0.0402375 -0.0574025 0.012011
v -0.0451035 0.0575415 0.02061
v -0.0406915 0.0609195 0.021046
v -0.0463535 0.0629905 0.036627
v -0.0389145 0.0591735 0.032031
v -0.0394645 0.0561705 0.027558
v -0.0345145 0.0591215 0.02719
v -0.0433205 0.0653345 0.037805
v -0.0486085 0.0614785 0.037602
v -0.0444485 0.0643985 0.038588
v -0.0304575 0.0723075 0.037819
v -0.0269695 0.0735475 0.037155
v -0.0325195 0.0710555 0.036441
v -0.0405495 0.0670725 0.037357
v -0.0345745 0.0655975 0.023773
v -0.0374935 0.0684065 0.036149
v -0.0394915 0.0621305 0.037166
v -0.0338215 0.0635225 0.0343
v -0.0427555 0.0586565 0.035272
v -0.0363745 0.0648335 0.038372
v -0.0371245 0.0689775 0.038509
v -0.0394685 0.0674925 0.038935
v -0.0346475 0.0703855 0.037926
v -0.0362295 0.0689235 0.039264
v -0.0328625 0.0710945 0.038872
v -0.0415725 0.0660755 0.039019
v -0.0378805 0.0669365 0.03958
v -0.0424515 0.0638725 0.039536
v -0.0468215 0.0622085 0.039087
v -0.0421285 0.0618475 0.038829
v -0.0385085 0.0648685 0.039398
v -0.0429735 0.0620795 0.039302
v -0.0343265 0.0671175 0.039399
v -0.0319665 0.0669785 0.038225
v -0.0287765 0.0671115 0.036246
v -0.0272415 0.0694795 0.038719
v -0.0309365 0.0713455 0.039415
v -0.0320685 0.0697145 0.039691
v -0.0287925 0.0697935 0.03951
v -0.0286325 0.0729945 0.038847
v -0.0253645 0.0733885 0.039558
v -0.0246305 0.0724235 0.039789
v -0.0614755 0.0485555 0.037891
v -0.0629665 0.0463955 0.036396
v -0.0657355 0.0425765 0.037878
v -0.0663925 0.0413935 0.036373
v -0.0631545 0.0453615 0.03875
v -0.0669865 0.0394435 0.038663
v -0.0649815 0.0405155 0.03904
v -0.0701575 0.0345905 0.036177
v -0.0726545 0.0288825 0.035986
v -0.0716685 0.0316905 0.037665
v -0.0757995 0.0190345 0.035739
v -0.0736415 0.0251535 0.03483
v -0.0748965 0.0230185 0.03709
v -0.0731995 0.0279425 0.037528
v -0.0715025 0.0310735 0.038334
v -0.0737795 0.0254835 0.038251
v -0.0715225 0.0290555 0.038796
v -0.0732725 0.0221695 0.038843
v -0.0694585 0.0307365 0.038882
v -0.0713425 0.0243685 0.038596
v -0.0694775 0.0262195 0.037383
v -0.0686565 0.0301245 0.038302
v -0.0761825 0.0181935 0.037706
v -0.0762165 0.0181395 0.036857
v -0.0753985 0.0189075 0.038464
v -0.0738565 0.0165275 0.03865
v -0.0719205 0.0199985 0.037847
v -0.0689195 0.0372165 0.037933
v -0.0703125 0.0342685 0.038139
v -0.0662915 0.0350185 0.038472
v -0.0560415 0.0543415 0.036019
v -0.0501925 0.0535565 0.021344
v -0.0615775 0.0432725 0.027049
v -0.0566125 0.0375955 0.025758
v -0.0603265 0.0354315 0.029843
v -0.0585085 0.0409375 0.032822
v -0.0441535 0.0477055 0.018587
v -0.0486385 0.0455495 0.02291
v -0.0447685 0.0499305 0.023818
v -0.0393155 0.0506865 0.016038
v -0.0400335 0.0527835 0.021944
v -0.0517585 0.0411505 0.021517
v -0.0533585 0.0430295 0.027122
v -0.0502095 0.0472965 0.028131
v -0.0518175 0.0583095 0.035987
v -0.0590675 0.0513645 0.036665
v -0.0576425 0.0529655 0.037909
v -0.0554495 0.0553425 0.038053
v -0.0586685 0.0512095 0.03878
v -0.0532955 0.0574935 0.038034
v -0.0552435 0.0545815 0.03905
v -0.0517045 0.0532025 0.037815
v -0.0520875 0.0481105 0.032064
v -0.0495985 0.0519425 0.033809
v -0.0477115 0.0509975 0.029986
v -0.0512485 0.0549325 0.038961
v -0.0547515 0.0512155 0.038739
v -0.0470885 0.0559235 0.036187
v -0.0616745 0.0406575 0.037089
v -0.0580205 0.0464285 0.037845
v -0.0553865 0.0442075 0.03182
v -0.0559785 0.0477655 0.036737
v -0.0615585 0.0462165 0.039052
v -0.0583845 0.0497375 0.039182
v -0.0542035 0.0532465 0.039268
v -0.0561655 0.0502655 0.039006
v -0.0575795 0.0494815 0.039166
v -0.0609075 0.0444035 0.038874
v -0.0627065 0.0404645 0.038123
v -0.0459855 0.0522675 0.029607
v -0.0436945 0.0548805 0.030729
v -0.0344715 0.0566845 0.022153
v -0.0634015 0.0279635 0.028388
v -0.0642825 0.0321205 0.033433
v -0.0614885 0.0371385 0.033528
v -0.0666495 0.0266315 0.033201
v -0.0667745 0.0315335 0.036863
v -0.0668575 0.0228115 0.031015
v -0.0692725 0.0205545 0.033992
v -0.0705645 0.0146205 0.033544
v -0.0723195 0.0159795 0.036903
v -0.0735125 0.0144115 0.038066
v -0.0644605 0.0370435 0.037736
v -0.0646295 0.0385565 0.038726
v -0.0513335 0.0584295 0.039001
v -0.0492755 0.0586115 0.039413
v -0.0487155 0.0612455 0.03858
v -0.0477025 0.0584355 0.03924
v -0.0461225 0.0587035 0.038589
v -0.0283685 0.0674315 0.020582
v -0.0220245 0.0698105 0.020647
v -0.0302415 0.0569895 0.016992
v -0.0347135 0.0540475 0.016208
v -0.0245495 0.0586605 0.013968
v -0.0151115 0.0694995 0.01399
v -0.0119305 0.0597345 0.003978
v -0.0149945 0.0619875 0.014526
v -0.0199115 0.0597275 0.01174
v -0.0263095 0.0600345 0.019996
v -0.0301655 0.0591675 0.022354
v -0.0299145 0.0623775 0.028769
v -0.0254375 0.0620645 0.02397
v -0.0091065 0.0651655 0.02041
v -0.0097945 0.0625805 0.012741
v -0.0152995 0.0735885 0.026787
v -0.0076085 0.0687675 0.00791
v -0.0087855 0.0742135 0.025498
v -0.0041115 0.0725605 0.018745
v -0.0152605 0.0647155 0.022354
v -0.0210395 0.0622565 0.020393
v -0.0213945 0.0647315 0.026528
v -0.0007195 0.0678285 0.003825
v 0.0051945 0.0680285 0.004762
v 0.0016845 0.0736305 0.021749
v 0.0118015 0.0680795 0.007186
v 0.0075805 0.0724625 0.019075
v -0.0017625 0.0617915 0.006955
v -0.0052985 0.0634565 0.013803
v 0.0004895 0.0606505 0.002528
v 0.0039735 0.0614815 0.00605
v 0.0077875 0.0598485 0.001102
v -0.0025015 0.0657525 0.020243
v 0.0007285 0.0642445 0.01546
v 0.0074915 0.0627585 0.011733
v 0.0130235 0.0615215 0.010332
v 0.0142605 0.0586165 0.000634
v 0.0046615 0.0648235 0.017719
v 0.0117245 0.0635225 0.016327
v 0.0015915 0.0783915 0.037163
v -0.0036445 0.0777695 0.035384
v -0.0011975 0.0786105 0.038312
v -0.0205585 0.0755145 0.036832
v -0.0149875 0.0695175 0.032639
v -0.0214915 0.0677795 0.032674
v -0.0179385 0.0667685 0.028616
v -0.0146645 0.0723505 0.037649
v -0.0259445 0.0654845 0.031448
v -0.0217245 0.0702695 0.037073
v -0.0118885 0.0672785 0.026758
v -0.0059125 0.0673665 0.025069
v -0.0089155 0.0696105 0.030828
v -0.0243915 0.0746015 0.038937
v -0.0194705 0.0760285 0.038835
v -0.0232625 0.0719465 0.0396
v -0.0200075 0.0719165 0.038838
v -0.0188905 0.0756665 0.039475
v -0.0164085 0.0753705 0.039843
v -0.0178085 0.0734785 0.039648
v -0.0119635 0.0773075 0.036676
v -0.0165055 0.0767405 0.038069
v -0.0110235 0.0778055 0.038878
v -0.0150715 0.0734335 0.039219
v -0.0085535 0.0776255 0.03962
v -0.0113535 0.0750785 0.039832
v -0.0076895 0.0732485 0.037334
v -0.0096175 0.0743135 0.039206
v -0.0079345 0.0779785 0.037239
v -0.0028335 0.0704505 0.031437
v -0.0020395 0.0735605 0.037282
v -0.0087945 0.0765595 0.040007
v -0.0057495 0.0784095 0.038735
v -0.0028705 0.0756515 0.039771
v -0.0034735 0.0748405 0.039193
v -0.0032885 0.0767755 0.040061
v -0.0027455 0.0785095 0.039002
v -0.0011115 0.0780585 0.039661
v 0.0027265 0.0785545 0.038911
v 0.0023345 0.0766615 0.04011
v 0.0154605 0.0701585 0.015638
v 0.0128585 0.0742425 0.027293
v 0.0194985 0.0716025 0.023173
v 0.0098755 0.0774835 0.036193
v 0.0053495 0.0781925 0.037092
v 0.0175345 0.0764545 0.037132
v 0.0019555 0.0671275 0.02377
v 0.0012245 0.0692015 0.028664
v 0.0063865 0.0696555 0.030236
v 0.0084475 0.0654305 0.020648
v 0.0165765 0.0627885 0.0174
v 0.0131365 0.0650925 0.021728
v 0.0120195 0.0671285 0.026338
v 0.0089165 0.0679805 0.027105
v 0.0174435 0.0648235 0.023594
v 0.0149845 0.0673065 0.027977
v 0.0023605 0.0714155 0.0333
v 0.0032515 0.0746985 0.038998
v 0.0025885 0.0738205 0.037762
v 0.0069745 0.0734145 0.037592
v 0.0053845 0.0754605 0.03984
v 0.0107015 0.0698185 0.031571
v 0.0215305 0.0655275 0.027852
v 0.0183265 0.0682705 0.031755
v 0.0155095 0.0695065 0.032797
v 0.0120825 0.0714285 0.035278
v 0.0153845 0.0723415 0.038026
v 0.0062805 0.0779605 0.039617
v 0.0086085 0.0781695 0.038428
v 0.0087905 0.0780295 0.039215
v 0.0133985 0.0775435 0.038735
v 0.0123635 0.0772055 0.0397
v 0.0067775 0.0772735 0.039948
v 0.0139535 0.0756425 0.040184
v 0.0159525 0.0767545 0.0396
v 0.0188045 0.0764465 0.038807
v 0.0192905 0.0759415 0.039712
v 0.0177875 0.0749505 0.040198
v 0.0143595 0.0743485 0.039949
v 0.0243335 0.0712755 0.026658
v 0.0231205 0.0750615 0.037286
v 0.0232015 0.0753235 0.039002
v 0.0233525 0.0738565 0.040137
v 0.0242105 0.0745425 0.039763
v 0.0212595 0.0729945 0.040153
v 0.0271215 0.0714005 0.040254
v 0.0093175 0.0744265 0.039361
v 0.0096095 0.0755755 0.040091
v 0.0115655 0.0737245 0.038918
v 0.0173935 0.0733995 0.039853
v 0.0197135 0.0714055 0.038156
v 0.0253625 0.0694295 0.037945
v 0.0228875 0.0676315 0.033078
v 0.0204255 0.0722595 0.039489
v 0.0267505 0.0705625 0.039856
v -0.0768675 0.0136975 0.035522
v -0.0775765 0.0094445 0.035637
v -0.0771415 0.0137615 0.037491
v -0.0776725 0.0107065 0.037039
v -0.0772945 0.0119815 0.038112
v -0.0783415 0.0044535 0.037018
v -0.0783415 0.0044535 0.037018
v -0.0778915 0.0072855 0.037854
v -0.0778915 0.0072855 0.037854
v -0.0767095 0.0141715 0.038267
v -0.0755625 0.0133345 0.038741
v -0.0750925 0.0075075 0.038446
v -0.0750925 0.0075075 0.038446
v -0.0773455 0.0068105 0.038488
v -0.0773455 0.0068105 0.038488
v -0.0761005 0.0059505 0.038682
v -0.0761005 0.0059505 0.038682
v -0.0784425 0.0007665 0.036846
v -0.0782715 0.0015985 0.037882
v -0.0784435 -0.0025435 0.037295
v -0.0767085 0.0002915 0.038709
v -0.0778215 0.0005145 0.038318
v -0.0722585 0.0046765 0.034048
v -0.0741325 0.0078765 0.037552
v -0.0741325 0.0078765 0.037552
v -0.0746915 0.0021925 0.03773
v -0.0739985 -0.0030755 0.036644
v -0.0756925 0.0012265 0.038486
v -0.0752725 -0.0019745 0.038284
v -0.0779735 -0.0025225 0.03823
v -0.0781655 -0.0060945 0.037504
v -0.0775705 -0.0079145 0.038285
v -0.0765605 -0.0069385 0.038625
v -0.0744575 -0.0059255 0.037593
v -0.0753035 -0.0083685 0.038439
v -0.0744615 -0.0104035 0.038008
v -0.0739235 -0.0151495 0.038225
v -0.0350435 -0.0671605 0.038585
v -0.0318085 -0.0694535 0.038919
v -0.0323855 -0.0702845 0.038935
v -0.0302735 -0.0691965 0.038518
v -0.0285645 -0.0690575 0.037523
v -0.0235495 -0.0714045 0.038362
v -0.0235665 -0.0721675 0.038972
v -0.0300835 -0.0725445 0.03858
v -0.0271745 -0.0738055 0.0386
v -0.0227915 -0.0737565 0.039218
v 0.0163665 0.0645095 -0.000459
v 0.0242095 0.0618735 -0.000989
v 0.0306465 0.0608375 0.003642
v 0.0205575 0.0662985 0.007821
v 0.0282095 0.0655525 0.013702
v 0.0360935 0.0596795 0.008459
v 0.0194515 0.0557105 -0.004213
v 0.0193435 0.0588215 0.006581
v 0.0234505 0.0537955 -0.005627
v 0.0316865 0.0501255 -0.00375
v 0.0271975 0.0536225 -0.000552
v 0.0238835 0.0583125 0.010538
v 0.0276695 0.0562145 0.009096
v 0.0316835 0.0539895 0.008619
v 0.0353425 0.0499105 0.002891
v 0.0363025 0.0520575 0.011744
v 0.0362255 0.0462065 -0.005874
v 0.0401245 0.0413905 -0.009474
v 0.0396705 0.0453905 -0.000381
v 0.0428825 0.0405075 -0.005095
v 0.0499755 0.0422165 -0.00456
v 0.0458975 0.0354175 -0.008519
v 0.0471555 0.0365195 -0.00299
v 0.0420065 0.0540375 0.004287
v 0.0463605 0.0508175 0.005195
v 0.0442235 0.0424975 0.003373
v 0.0405895 0.0572825 0.009816
v 0.0397895 0.0492895 0.011146
v 0.0436205 0.0456375 0.01032
v 0.0503395 0.0462425 0.003879
v 0.0542415 0.0384895 -0.001546
v 0.0562715 0.0413795 0.008249
v 0.0487665 0.0385555 0.006563
v 0.0513855 0.0334725 0.003237
v 0.0534635 0.0283585 0.000182
v 0.0580355 0.0363895 0.004312
v 0.0555025 0.0328005 0.015229
v 0.0349165 0.0650335 0.021531
v 0.0408815 0.0614415 0.021326
v 0.0296415 0.0725635 0.036738
v 0.0351035 0.0701245 0.036866
v 0.0406605 0.0647505 0.030367
v 0.0205325 0.0616975 0.017591
v 0.0227265 0.0630585 0.023188
v 0.0252425 0.0607395 0.019682
v 0.0279365 0.0589565 0.017974
v 0.0305695 0.0596595 0.023032
v 0.0311125 0.0567585 0.016283
v 0.0354415 0.0548515 0.017953
v 0.0398725 0.0514615 0.01722
v 0.0265815 0.0625475 0.025549
v 0.0317695 0.0611405 0.027644
v 0.0287165 0.0652015 0.03277
v 0.0344435 0.0638615 0.035402
v 0.0366125 0.0568675 0.024584
v 0.0415745 0.0526215 0.022955
v 0.0417715 0.0546285 0.027266
v 0.0365645 0.0601315 0.030908
v 0.0459615 0.0604355 0.028397
v 0.0418585 0.0570485 0.031661
v 0.0465365 0.0558345 0.017682
v 0.0439715 0.0479995 0.017213
v 0.0505495 0.0512395 0.015173
v 0.0473775 0.0433555 0.014278
v 0.0477585 0.0465085 0.022127
v 0.0559395 0.0462545 0.017048
v 0.0500225 0.0410085 0.015797
v 0.0521715 0.0363015 0.011789
v 0.0545235 0.0369115 0.019547
v 0.0516775 0.0411255 0.020095
v 0.0599405 0.0428565 0.020591
v 0.0623045 0.0379015 0.018283
v 0.0462745 0.0490045 0.023956
v 0.0461005 0.0512405 0.027707
v 0.0514145 0.0565055 0.029903
v 0.0552405 0.0516615 0.027337
v 0.0490075 0.0492505 0.02913
v 0.0503395 0.0474105 0.028295
v 0.0520555 0.0437615 0.025584
v 0.0605425 0.0465045 0.02947
v 0.0508865 0.0437155 0.023332
v 0.0549885 0.0399095 0.025437
v 0.0596995 0.0320005 0.024974
v 0.0580305 0.0364825 0.026907
v 0.0549165 0.0443655 0.03156
v 0.0581955 0.0408005 0.032556
v 0.0643295 0.0409525 0.029319
v 0.0605205 0.0366275 0.031839
v 0.0548965 0.0334665 -0.007741
v 0.0529075 0.0238355 -0.008416
v 0.0618005 0.0236995 -0.002197
v 0.0591475 0.0224505 -0.010439
v 0.0602965 0.0302455 0.001277
v 0.0619325 0.0338585 0.01084
v 0.0633165 0.0289015 0.007879
v 0.0654245 0.0243185 0.008587
v 0.0573085 0.0263275 0.009974
v 0.0581165 0.0288865 0.016696
v 0.0667735 0.0346835 0.026064
v 0.0683975 0.0293615 0.023506
v 0.0544315 0.0184235 -0.010332
v 0.0575555 0.0149025 -0.003684
v 0.0579525 0.0202305 0.003577
v 0.0556205 0.0245865 0.001367
v 0.0642715 0.0167665 -0.001493
v 0.0593975 0.0061675 -0.002538
v 0.0675535 0.0038425 0.002567
v 0.0591475 0.0107755 -0.001084
v 0.0603875 0.0019695 0.000109
v 0.0659455 0.0101015 -0.000446
v 0.0628995 0.0122475 0.014092
v 0.0662275 0.0191715 0.00604
v 0.0688515 0.0145415 0.010705
v 0.0698305 0.0095515 0.011101
v 0.0627685 0.0069565 0.010843
v 0.0626205 0.0031265 0.009174
v 0.0606115 -0.0022815 0.001086
v 0.0674465 -0.0026085 0.002251
v 0.0633495 7.15e-05 0.01176
v 0.0733375 0.0060665 0.021523
v 0.0700535 0.0009775 0.010199
v 0.0595245 -0.0084975 -0.000847
v 0.0592215 -0.0149695 0.002955
v 0.0622445 -0.0040285 0.008032
v 0.0593675 -0.0189345 0.00827
v 0.0579195 -0.0241145 0.010099
v 0.0629265 -0.0108115 0.013783
v 0.0645625 -0.0050135 0.016957
v 0.0616725 -0.0170795 0.014618
v 0.0603185 -0.0232335 0.017038
v 0.0643205 -0.0168205 0.022644
v 0.0624765 -0.0218985 0.022012
v 0.0644345 -0.0178455 0.000673
v 0.0688775 -0.0083965 0.00821
v 0.0681375 -0.0144415 0.009224
v 0.0623065 -0.0280435 0.005543
v 0.0708875 -0.0038385 0.013366
v 0.0679245 -0.0207795 0.013914
v 0.0595985 0.0244565 0.015043
v 0.0614575 0.0176975 0.01344
v 0.0606095 0.0276015 0.021942
v 0.0629695 0.0221715 0.022456
v 0.0617025 0.0213205 0.018011
v 0.0637005 0.0166895 0.020033
v 0.0645715 0.0126155 0.019875
v 0.0712155 0.0204815 0.022707
v 0.0706255 0.0247055 0.025003
v 0.0647945 0.0042915 0.017331
v 0.0655475 0.0091345 0.021252
v 0.0744155 -0.0002955 0.024609
v 0.0667995 0.0060845 0.023881
v 0.0726155 0.0165175 0.024173
v 0.0650505 0.0239725 0.029004
v 0.0656105 0.0175925 0.025714
v 0.0630905 0.0284045 0.02852
v 0.0632195 0.0317495 0.031997
v 0.0678925 0.0196205 0.032073
v 0.0670445 0.0125045 0.026592
v 0.0694235 0.0138235 0.032485
v 0.0698935 0.0077655 0.031678
v 0.0724695 0.0119975 0.021075
v 0.0749705 0.0119455 0.029407
v 0.0754555 0.0190515 0.035867
v 0.0654905 -0.0003485 0.019252
v 0.0649915 -0.0102765 0.020488
v 0.0675185 0.0009415 0.02514
v 0.0667025 -0.0059065 0.023827
v 0.0669855 -0.0123475 0.026882
v 0.0679885 -0.0033125 0.026664
v 0.0686775 -0.0078915 0.029341
v 0.0657375 -0.0196845 0.028335
v 0.0693955 0.0014105 0.029854
v 0.0700605 -0.0051025 0.031873
v 0.0707255 -0.0003235 0.032829
v 0.0732595 0.0048575 0.038255
v 0.0783155 0.0029155 0.038637
v 0.0695655 -0.0134905 0.033343
v 0.0708615 -0.0095325 0.034702
v 0.0684405 -0.0196035 0.034181
v 0.0729105 -0.0052825 0.037897
v 0.0721575 -0.0138445 0.038644
v 0.0715925 -0.0121835 0.019073
v 0.0744905 -0.0083925 0.026794
v 0.0721905 -0.0171465 0.024378
v 0.0690365 -0.0249415 0.021929
v 0.0730645 -0.0213065 0.031354
v 0.0767035 -0.0158435 0.039194
v 0.0777665 -0.0102165 0.039521
v 0.0278555 0.0737475 0.038682
v 0.0299005 0.0727925 0.039701
v 0.0326835 0.0702125 0.040345
v 0.0310505 0.0723955 0.039471
v 0.0341255 0.0711055 0.039022
v 0.0391525 0.0685475 0.039384
v 0.0369745 0.0694805 0.039794
v 0.0411805 0.0668125 0.036891
v 0.0302125 0.0675085 0.038059
v 0.0347575 0.0655535 0.038395
v 0.0328975 0.0676865 0.039701
v 0.0354325 0.0673775 0.040271
v 0.0407065 0.0608895 0.03668
v 0.0435455 0.0635495 0.03238
v 0.0435605 0.0636105 0.032563
v 0.0463965 0.0631805 0.036627
v 0.0449055 0.0574805 0.036117
v 0.0390655 0.0633775 0.038742
v 0.0388105 0.0646825 0.039921
v 0.0416475 0.0663025 0.040165
v 0.0400875 0.0659015 0.040476
v 0.0437475 0.0656575 0.038747
v 0.0429305 0.0661035 0.039716
v 0.0427545 0.0628815 0.040349
v 0.0439955 0.0600755 0.038712
v 0.0442495 0.0611435 0.039961
v 0.0452775 0.0645915 0.039749
v 0.0449615 0.0632615 0.040522
v 0.0478935 0.0627605 0.039017
v 0.0467395 0.0632945 0.039961
v 0.0499345 0.0589175 0.040619
v 0.0500605 0.0602335 0.040284
v 0.0472585 0.0594805 0.040378
v 0.0483745 0.0533235 0.034285
v 0.0556215 0.0555935 0.037568
v 0.0511875 0.0595545 0.037092
v 0.0513755 0.0598955 0.038744
v 0.0505465 0.0605625 0.039768
v 0.0501015 0.0538855 0.037232
v 0.0493015 0.0565555 0.039499
v 0.0518185 0.0555365 0.040445
v 0.0532895 0.0582225 0.039684
v 0.0530005 0.0533155 0.039782
v 0.0542515 0.0574125 0.039146
v 0.0541915 0.0569025 0.040274
v 0.0570435 0.0519465 0.040758
v 0.0564765 0.0551835 0.039566
v 0.0558755 0.0517585 0.040624
v 0.0518395 0.0488005 0.032769
v 0.0556525 0.0484575 0.037846
v 0.0564235 0.0496205 0.039773
v 0.0591625 0.0518635 0.037666
v 0.0591645 0.0522665 0.039634
v 0.0594315 0.0437375 0.037964
v 0.0645945 0.0448585 0.037582
v 0.0638175 0.0366355 0.037831
v 0.0584625 0.0485715 0.040563
v 0.0610295 0.0440185 0.039997
v 0.0623545 0.0435765 0.040674
v 0.0619155 0.0490755 0.039328
v 0.0617835 0.0400555 0.037741
v 0.0645825 0.0387855 0.040209
v 0.0660725 0.0376205 0.040702
v 0.0553395 0.0559445 0.040143
v 0.0575205 0.0534585 0.04031
v 0.0612415 0.0492455 0.040385
v 0.0640425 0.0431715 0.040837
v 0.0631625 0.0472465 0.039997
v 0.0664565 0.0427195 0.039618
v 0.0658385 0.0426325 0.040546
v 0.0672745 0.0382455 0.033734
v 0.0700085 0.0329865 0.033771
v 0.0687135 0.0381135 0.03739
v 0.0699535 0.0365805 0.039227
v 0.0696635 0.0369545 0.039938
v 0.0720005 0.0322105 0.039927
v 0.0716025 0.0325245 0.037761
v 0.0683675 0.0385885 0.040524
v 0.0696665 0.0334125 0.040922
v 0.0714735 0.0325145 0.040624
v 0.0677495 0.0284945 0.037864
v 0.0715215 0.0298055 0.034216
v 0.0736725 0.0234565 0.033877
v 0.0741265 0.0258885 0.03759
v 0.0688985 0.0245605 0.037189
v 0.0660335 0.0330305 0.038287
v 0.0672415 0.0332595 0.039965
v 0.0686635 0.0322155 0.040757
v 0.0703475 0.0266115 0.040393
v 0.0709105 0.0283135 0.040989
v 0.0731865 0.0294905 0.039633
v 0.0739185 0.0269795 0.040571
v 0.0705905 0.0231135 0.039264
v 0.0745865 0.0257045 0.039926
v 0.0725375 0.0252935 0.041056
v 0.0720745 0.0228255 0.040825
v 0.0742725 0.0199005 0.041091
v 0.0713805 0.0178695 0.038287
v 0.0728155 0.0180115 0.040345
v 0.0757855 0.0213845 0.039122
v 0.0757375 0.0200925 0.040674
v 0.0756065 0.0220655 0.040204
v 0.0725385 0.0123585 0.038415
v 0.0768695 0.0161085 0.038394
v 0.0779175 0.0092545 0.038646
v 0.0739515 0.0110645 0.040192
v 0.0739115 0.0166225 0.040908
v 0.0752085 0.0150335 0.04109
v 0.0772015 0.0153465 0.040167
v 0.0768755 0.0138175 0.040816
v 0.0751395 0.0082785 0.040949
v 0.0762465 0.0095195 0.041203
v 0.0781645 0.0083645 0.040072
v 0.0775985 0.0101305 0.040703
v 0.0774905 0.0068885 0.040998
v 0.0737395 -0.0011545 0.039107
v 0.0741455 -0.0055385 0.040002
v 0.0746175 0.0027315 0.040245
v 0.0752195 -0.0034825 0.040985
v 0.0755675 0.0015185 0.04104
v 0.0766025 0.0019745 0.04123
v 0.0783365 0.0056105 0.040062
v 0.0778935 0.0054435 0.040822
v 0.0784435 0.0017525 0.040345
v 0.0784045 -0.0026395 0.03928
v 0.0779685 0.0020655 0.040955
v 0.0758675 -0.0108255 0.041283
v 0.0776605 -0.0060145 0.041016
v 0.0782875 -0.0033475 0.040446
v 0.0737045 -0.0086085 0.039915
v 0.0733855 -0.0137325 0.040439
v 0.0741955 -0.0138065 0.041057
v 0.0750985 -0.0071935 0.041055
v 0.0722725 -0.0190365 0.040568
v 0.0781275 -0.0067005 0.039358
v 0.0777165 -0.0092805 0.040603
v 0.0771695 -0.0131075 0.040541
v 0.0764345 -0.0139715 0.04105
v 0.0768225 -0.0157515 0.040262
v 0.0756465 -0.0182785 0.041034
v 0.0756375 -0.0203185 0.040455
v 0.0202785 -0.0638765 0.024167
v 0.0250055 -0.0608695 0.021101
v 0.0297505 -0.0589545 0.021768
v 0.0232245 -0.0646925 0.028204
v 0.0288215 -0.0616625 0.026925
v -0.0186245 -0.0723495 0.037855
v -0.0185605 -0.0734165 0.03902
v -0.0102165 -0.0729575 0.03656
v -0.0144185 -0.0737245 0.038583
v -0.0100145 -0.0744825 0.038772
v -0.0108145 -0.0751315 0.039256
v -0.0017875 -0.0704065 0.030858
v 0.0037565 -0.0699975 0.03039
v -0.0047635 -0.0783565 0.037085
v -0.0045875 -0.0728735 0.035627
v -0.0045125 -0.0747095 0.038584
v -1.5e-06 -0.0749085 0.038834
v 0.0014645 -0.0733865 0.036543
v -0.0010705 -0.0757335 0.039475
v -0.0094535 -0.0763675 0.039536
v -0.0019475 -0.0773525 0.039683
v -0.0203565 -0.0761575 0.03824
v -0.0228225 -0.0749425 0.038833
v -0.0185355 -0.0758745 0.039009
v -0.0139035 -0.0770495 0.039028
v -0.0138545 -0.0775555 0.038134
v -0.0095955 -0.0780185 0.038629
v -0.0101265 -0.0780535 0.038077
v -0.0042555 -0.0785705 0.038486
v -0.0056975 -0.0780055 0.03927
v -0.0007205 -0.0786105 0.038626
v 0.0019125 -0.0780365 0.039486
v 0.0070395 -0.0697695 0.030536
v 0.0115515 -0.0669955 0.026077
v 0.0132205 -0.0700295 0.033111
v 0.0075765 -0.0730135 0.036835
v 0.0063215 -0.0746315 0.03899
v 0.0066155 -0.0754065 0.03968
v 0.0080905 -0.0780095 0.03749
v 0.0047745 -0.0784865 0.038711
v 0.0115595 -0.0735655 0.038718
v 0.0136195 -0.0770735 0.037317
v 0.0109015 -0.0777865 0.039015
v 0.0176545 -0.0672555 0.029754
v 0.0193785 -0.0694735 0.034966
v 0.0291545 -0.0648465 0.033478
v 0.0279495 -0.0730165 0.037895
v 0.0228245 -0.0746125 0.037115
v 0.0190185 -0.0759695 0.037764
v 0.0112255 -0.0760825 0.039979
v 0.0103165 -0.0773905 0.03961
v 0.0160495 -0.0717795 0.037374
v 0.0166595 -0.0728105 0.039169
v 0.0150555 -0.0739755 0.039823
v 0.0247605 -0.0671265 0.034185
v 0.0252435 -0.0699695 0.039178
v 0.0228665 -0.0709325 0.039245
v 0.0309065 -0.0667185 0.037993
v 0.0272625 -0.0703015 0.040141
v 0.0304125 -0.0680575 0.039526
v 0.0257935 -0.0721785 0.040334
v 0.0214975 -0.0721895 0.039925
v 0.0162585 -0.0767255 0.039319
v 0.0156765 -0.0764205 0.039735
v 0.0202735 -0.0753685 0.039909
v 0.0197295 -0.0757985 0.039527
v 0.0249495 -0.0742175 0.038569
v 0.0228765 -0.0749335 0.039691
v 0.0248055 -0.0739985 0.039977
v 0.0275565 -0.0731875 0.040006
v 0.0542165 -0.0305255 0.008309
v 0.0504615 -0.0376235 0.011384
v 0.0535075 -0.0346965 0.014471
v 0.0528735 -0.0449825 0.009496
v 0.0470215 -0.0442005 0.017463
v 0.0506025 -0.0399865 0.017042
v 0.0555745 -0.0329195 0.017313
v 0.0586505 -0.0285185 0.019191
v 0.0580695 -0.0324625 0.023263
v 0.0537395 -0.0377485 0.020792
v 0.0498535 -0.0436205 0.022539
v 0.0586495 -0.0463205 0.027003
v 0.0543345 -0.0402715 0.026327
v 0.0556555 -0.0368455 0.023947
v 0.0509905 -0.0448425 0.026935
v 0.0629415 -0.0401375 0.026575
v 0.0310985 -0.0562175 0.016343
v 0.0351195 -0.0540975 0.017224
v 0.0399835 -0.0509255 0.018011
v 0.0444705 -0.0473645 0.018794
v 0.0353685 -0.0557915 0.021959
v 0.0410825 -0.0523855 0.023488
v 0.0392325 -0.0614215 0.020868
v 0.0345005 -0.0584585 0.026671
v 0.0355775 -0.0650085 0.024846
v 0.0316225 -0.0676115 0.026452
v 0.0477365 -0.0536475 0.017379
v 0.0447745 -0.0575495 0.02109
v 0.0526285 -0.0517365 0.023944
v 0.0458535 -0.0480785 0.023203
v 0.0451005 -0.0515025 0.028158
v 0.0400575 -0.0550225 0.027248
v 0.0383905 -0.0591625 0.032647
v 0.0405015 -0.0667615 0.038313
v 0.0453325 -0.0635275 0.038364
v 0.0342855 -0.0626705 0.034293
v 0.0362555 -0.0628595 0.036535
v 0.0416405 -0.0560935 0.031335
v 0.0450065 -0.0542845 0.032894
v 0.0435955 -0.0572145 0.035641
v 0.0388235 -0.0626885 0.038783
v 0.0484045 -0.0474455 0.026661
v 0.0517185 -0.0479065 0.032993
v 0.0480115 -0.0504335 0.030932
v 0.0582535 -0.0517865 0.038307
v 0.0501595 -0.0597665 0.038439
v 0.0606495 -0.0327335 0.007503
v 0.0663785 -0.0304825 0.02092
v 0.0643195 -0.0354225 0.022363
v 0.0610385 -0.0282635 0.025183
v 0.0644105 -0.0251735 0.029799
v 0.0644905 -0.0295085 0.033774
v 0.0592365 -0.0336445 0.027462
v 0.0584885 -0.0372955 0.030421
v 0.0578675 -0.0407325 0.033475
v 0.0618765 -0.0355845 0.034738
v 0.0610285 -0.0407195 0.038554
v 0.0687715 -0.0242555 0.037784
v 0.0709665 -0.0194525 0.038969
v 0.0704895 -0.0229365 0.039868
v 0.0677245 -0.0291665 0.039242
v 0.0676405 -0.0317785 0.040614
v 0.0702585 -0.0254155 0.040602
v 0.0644535 -0.0347935 0.038429
v 0.0641325 -0.0377625 0.040269
v 0.0668115 -0.0350735 0.041028
v 0.0637955 -0.0397915 0.040871
v 0.0612945 -0.0423325 0.040355
v 0.0675625 -0.0367805 0.041183
v 0.0647315 -0.0405395 0.041146
v 0.0425785 -0.0600625 0.038699
v 0.0472155 -0.0566825 0.039077
v 0.0437245 -0.0604585 0.040048
v 0.0553295 -0.0442275 0.03368
v 0.0501055 -0.0522405 0.036703
v 0.0570145 -0.0466285 0.039059
v 0.0534665 -0.0509525 0.039377
v 0.0552515 -0.0504485 0.040556
v 0.0590965 -0.0452255 0.040193
v 0.0620705 -0.0473985 0.038844
v 0.0596585 -0.0505485 0.039773
v 0.0618665 -0.0478605 0.040091
v 0.0558445 -0.0546855 0.03963
v 0.0584205 -0.0518155 0.040242
v 0.0502855 -0.0597645 0.040071
v 0.0461225 -0.0631025 0.039513
v 0.0466395 -0.0620235 0.040569
v 0.0546475 -0.0557555 0.038749
v 0.0509875 -0.0540105 0.039933
v 0.0502845 -0.0556445 0.040602
v 0.0525185 -0.0569215 0.040758
v 0.0540225 -0.0564085 0.040015
v 0.0558505 -0.0517775 0.041036
v 0.0485615 -0.0590095 0.040925
v 0.0544575 -0.0553385 0.040818
v 0.0447215 -0.0605275 0.040586
v 0.0494515 -0.0597085 0.040655
v 0.0554695 -0.0540895 0.040851
v 0.0588885 -0.0504985 0.040871
v 0.0591875 -0.0465105 0.040883
v 0.0616515 -0.0438115 0.040988
v 0.0601955 -0.0471535 0.041043
v 0.0618785 -0.0469605 0.040861
v 0.0644585 -0.0442835 0.040259
v 0.0635165 -0.0443265 0.041023
v 0.0650075 -0.0426585 0.040943
v 0.0708125 -0.0279145 0.031563
v 0.0703195 -0.0339965 0.038763
v 0.0653385 -0.0427105 0.038741
v 0.0730025 -0.0278455 0.038675
v 0.0750865 -0.0217895 0.038875
v 0.0724845 -0.0203775 0.041027
v 0.0703715 -0.0273495 0.041069
v 0.0711325 -0.0282435 0.041196
v 0.0741135 -0.0253375 0.040286
v 0.0740635 -0.0242685 0.040962
v 0.0721385 -0.0304505 0.04037
v 0.0728465 -0.0277615 0.040888
v 0.0684655 -0.0376165 0.038878
v 0.0682685 -0.0382865 0.040671
v 0.0697925 -0.0354225 0.040232
v 0.0666355 -0.0401295 0.040975
v 0.0676455 -0.0392885 0.040264
v 0.0661925 -0.0416415 0.040396
v 0.0695275 -0.0355055 0.040883
v 0.0695275 -0.0355055 0.040883
v 0.0709785 -0.0326905 0.040917
v 0.0686885 -0.0368835 0.040941
v 0.0349005 -0.0698735 0.038071
v 0.0352285 -0.0656195 0.039668
v 0.0337745 -0.0673255 0.040304
v 0.0322865 -0.0712255 0.039602
v 0.0308765 -0.0712985 0.040193
v 0.0366705 -0.0684255 0.040343
v 0.0363445 -0.0692015 0.039755
v 0.0391285 -0.0656875 0.040651
v 0.0394225 -0.0638245 0.040315
v 0.0420675 -0.0650095 0.040523
v 0.0410815 -0.0663945 0.039922
v 0.0424805 -0.0656155 0.039434
v 0.0447935 -0.0638015 0.040156
v 0.0747635 -0.0205235 0.041066
vt 0.21342300 0.11640600
vt 0.21705300 0.10987800
vt 0.22962500 0.11197000
vt 0.18389400 0.10987100
vt 0.17179400 0.10879400
vt 0.17270500 0.09706000
vt 0.18138500 0.08797300
vt 0.18856100 0.07560000
vt 0.41027600 0.02783200
vt 0.19691800 0.09211600
vt 0.19050600 0.10136600
vt 0.19689000 0.11339900
vt 0.20799500 0.09984100
vt 0.17445900 0.07645000
vt 0.41931300 0.01813300
vt 0.17582700 0.06965800
vt 0.16381700 0.06501900
vt 0.00883600 0.92441700
vt 0.42738200 0.00881400
vt 0.16487300 0.07078200
vt 0.01057600 0.91695700
vt 0.15591000 0.06641100
vt 0.16119300 0.07339600
vt 0.01665300 0.91128200
vt 0.02173800 0.89633300
vt 0.04535800 0.91402000
vt 0.16274800 0.10600400
vt 0.16046100 0.09898900
vt 0.15022700 0.10478000
vt 0.15316700 0.08961300
vt 0.16513200 0.08802000
vt 0.14717500 0.07288700
vt 0.41230200 0.90751100
vt 0.42035700 0.91130800
vt 0.40992600 0.91912900
vt 0.01386900 0.88029500
vt 0.11946500 0.07996800
vt 0.01737400 0.88447200
vt 0.01172400 0.89593800
vt 0.13520800 0.07419300
vt 0.12741500 0.09486200
vt 0.14445600 0.08487800
vt 0.13855400 0.09540400
vt 0.11466800 0.09175800
vt 0.01402000 0.90405200
vt 0.14206000 0.06856500
vt 0.01777000 0.89242000
vt 0.40503400 0.92490400
vt 0.39564100 0.91551100
vt 0.39579800 0.90674900
vt 0.39129500 0.91032700
vt 0.40240000 0.90083600
vt 0.38648200 0.90319700
vt 0.38147600 0.90809500
vt 0.37788600 0.89940600
vt 0.38820800 0.89268200
vt 0.38409200 0.89515600
vt 0.21596600 0.12816300
vt 0.21549300 0.12385600
vt 0.22407800 0.13108800
vt 0.20335700 0.11777000
vt 0.20544900 0.12129200
vt 0.20566200 0.12780400
vt 0.20621200 0.12465500
vt 0.21953400 0.13581500
vt 0.23517200 0.14265500
vt 0.20865300 0.13962500
vt 0.19621400 0.12951500
vt 0.17527000 0.11295800
vt 0.19220000 0.11653500
vt 0.18082400 0.11659200
vt 0.16704300 0.11398100
vt 0.17601300 0.12068000
vt 0.16680800 0.11672300
vt 0.19201200 0.12083300
vt 0.18531100 0.12427700
vt 0.19047000 0.13421100
vt 0.20085200 0.13894900
vt 0.17484100 0.13067800
vt 0.18942100 0.13948600
vt 0.16971600 0.13507200
vt 0.17576800 0.14084800
vt 0.11032500 0.12116600
vt 0.11673700 0.11186300
vt 0.13033000 0.11318500
vt 0.12294800 0.11846500
vt 0.10490100 0.12769400
vt 0.10293300 0.11796700
vt 0.12568800 0.12336100
vt 0.10703000 0.12980200
vt 0.12584800 0.12021800
vt 0.11332900 0.13212900
vt 0.10188300 0.13617400
vt 0.14979000 0.11410900
vt 0.15298600 0.11632600
vt 0.15869900 0.11069700
vt 0.16605300 0.12014000
vt 0.15607900 0.12078600
vt 0.14642900 0.11064100
vt 0.13839600 0.10585800
vt 0.13814600 0.11400500
vt 0.16222900 0.13091600
vt 0.14161500 0.11974900
vt 0.15092700 0.13055500
vt 0.14330100 0.12470900
vt 0.13928800 0.13228400
vt 0.42068900 0.90301300
vt 0.43623000 0.91318200
vt 0.42867300 0.90353100
vt 0.41397600 0.90108200
vt 0.42173600 0.88957500
vt 0.40632200 0.88447900
vt 0.16487500 0.14462500
vt 0.15321800 0.13561000
vt 0.14077400 0.13843800
vt 0.12885700 0.10728300
vt 0.11547700 0.10164000
vt 0.10308700 0.10449000
vt 0.12860900 0.12575100
vt 0.12875000 0.13610100
vt 0.40676500 0.89491800
vt 0.39718900 0.88965700
vt 0.39637900 0.87950100
vt 0.38887800 0.87659300
vt 0.40350400 0.86800000
vt 0.42740800 0.87246600
vt 0.39430800 0.86710900
vt 0.14394700 0.14432700
vt 0.14732700 0.15582400
vt 0.12646200 0.15195000
vt 0.12234900 0.14009800
vt 0.11863100 0.13839200
vt 0.12759400 0.14379500
vt 0.10253500 0.14220200
vt 0.11124500 0.14540700
vt 0.11276900 0.15091600
vt 0.10432100 0.15181300
vt 0.10405100 0.14890900
vt 0.12689100 0.16595200
vt 0.10912300 0.16692000
vt 0.50929900 0.03996700
vt 0.48383900 0.03930700
vt 0.50571000 0.02990900
vt 0.08391800 0.95106000
vt 0.45351800 0.12143300
vt 0.43374100 0.10034100
vt 0.47168100 0.11209300
vt 0.44500600 0.06980900
vt 0.47373000 0.08391600
vt 0.45147700 0.08859500
vt 0.45281000 0.05651600
vt 0.48800800 0.10351000
vt 0.50213100 0.10165200
vt 0.62211500 0.20299200
vt 0.64344100 0.22790100
vt 0.62979200 0.23343500
vt 0.64696000 0.21163200
vt 0.63297000 0.19819300
vt 0.49674300 0.12125800
vt 0.48282800 0.12854200
vt 0.46415200 0.14070900
vt 0.43538300 0.12892200
vt 0.49797700 0.14678000
vt 0.45169000 0.14698000
vt 0.60302600 0.20448100
vt 0.59804400 0.21110900
vt 0.62989700 0.25094200
vt 0.60339700 0.19099400
vt 0.61135900 0.17810900
vt 0.59352900 0.18938600
vt 0.58834900 0.21895400
vt 0.51447300 0.05842200
vt 0.54913000 0.07994400
vt 0.53016400 0.08774800
vt 0.54032400 0.05558600
vt 0.49783800 0.08231400
vt 0.49541200 0.06306900
vt 0.46370400 0.04288700
vt 0.64869200 0.17713900
vt 0.33503100 0.97602600
vt 0.67194200 0.18323400
vt 0.67167700 0.20602500
vt 0.66044200 0.20908600
vt 0.63952100 0.18979500
vt 0.28885500 0.97900400
vt 0.65466500 0.14728200
vt 0.29332800 0.96882700
vt 0.33318500 0.96327500
vt 0.64795300 0.15785000
vt 0.53405800 0.10934800
vt 0.52856700 0.12624600
vt 0.56634500 0.06833000
vt 0.61622900 0.16093900
vt 0.60892900 0.14497800
vt 0.62442500 0.14683500
vt 0.61178400 0.12832500
vt 0.62714400 0.13217400
vt 0.62382300 0.17816400
vt 0.63161000 0.16362000
vt 0.59421800 0.17592000
vt 0.60205900 0.16811200
vt 0.60504500 0.15814800
vt 0.63436800 0.14624700
vt 0.63891000 0.13353400
vt 0.26609600 0.98622400
vt 0.25007000 0.10362500
vt 0.37531700 0.08448100
vt 0.37572200 0.09104300
vt 0.36866100 0.09324700
vt 0.25829400 0.11072400
vt 0.37164800 0.10039800
vt 0.24738200 0.12745900
vt 0.23499800 0.12157600
vt 0.25128000 0.11715300
vt 0.26528800 0.12231300
vt 0.40970700 0.12542100
vt 0.37655700 0.10460400
vt 0.38233800 0.09262100
vt 0.35455800 0.14623200
vt 0.35108400 0.13300600
vt 0.36051700 0.12724500
vt 0.37121000 0.10479100
vt 0.37458200 0.11798400
vt 0.36289800 0.11380500
vt 0.36665100 0.10196000
vt 0.26634700 0.11330300
vt 0.35676900 0.11437300
vt 0.27576800 0.12420800
vt 0.35606400 0.12194800
vt 0.28829200 0.13756800
vt 0.34582700 0.13108700
vt 0.65744800 0.31462700
vt 0.65298400 0.30844200
vt 0.66346800 0.30081500
vt 0.64726400 0.30573500
vt 0.64639200 0.31181900
vt 0.65869400 0.29919200
vt 0.65560200 0.29510500
vt 0.40434200 0.14257500
vt 0.39154500 0.14883100
vt 0.64179900 0.31361700
vt 0.63199700 0.29999500
vt 0.64405900 0.29671900
vt 0.24296600 0.14166200
vt 0.23104500 0.13594900
vt 0.23516200 0.13265000
vt 0.25625900 0.13702400
vt 0.23922700 0.14301700
vt 0.24835300 0.15218900
vt 0.25158100 0.15075400
vt 0.24284700 0.15403600
vt 0.23164300 0.14466300
vt 0.24110600 0.15704400
vt 0.26858500 0.13945800
vt 0.26508100 0.14827300
vt 0.25654300 0.16024800
vt 0.27012300 0.16437200
vt 0.27689000 0.15310500
vt 0.27743800 0.17679600
vt 0.26445100 0.17186000
vt 0.26051400 0.17428100
vt 0.26729200 0.18769400
vt 0.25535700 0.17714700
vt 0.25810800 0.17697500
vt 0.25598100 0.18870800
vt 0.26372300 0.19042100
vt 0.25178600 0.16127000
vt 0.23125500 0.15595600
vt 0.24947300 0.16641900
vt 0.24231300 0.17078500
vt 0.23784300 0.17517800
vt 0.22950100 0.16473300
vt 0.22812100 0.16808600
vt 0.24872300 0.17867300
vt 0.24259800 0.18720000
vt 0.23472300 0.17767000
vt 0.22184500 0.17333900
vt 0.23073100 0.18676900
vt 0.28168000 0.13811300
vt 0.29298600 0.15068100
vt 0.28723700 0.16669000
vt 0.33962300 0.14684100
vt 0.30342300 0.15594800
vt 0.33148100 0.15174400
vt 0.33439500 0.15785100
vt 0.30156200 0.16317800
vt 0.30944400 0.17274100
vt 0.32123000 0.17017600
vt 0.63057800 0.33926600
vt 0.63732500 0.33390500
vt 0.62977200 0.34710100
vt 0.62443100 0.34626400
vt 0.66826900 0.31314400
vt 0.65552800 0.32945400
vt 0.66653600 0.32339300
vt 0.64808600 0.31672200
vt 0.64788600 0.32781600
vt 0.65123300 0.33735600
vt 0.64588400 0.34827800
vt 0.64112500 0.34257900
vt 0.65923700 0.33352900
vt 0.65228800 0.34789900
vt 0.67139500 0.32455800
vt 0.51247300 0.90896700
vt 0.51694300 0.90218100
vt 0.67008900 0.33272500
vt 0.63882700 0.32311800
vt 0.63386500 0.33057700
vt 0.63096100 0.32082500
vt 0.62553200 0.33689600
vt 0.28962000 0.18346200
vt 0.28110700 0.18968800
vt 0.26838400 0.19640300
vt 0.31167600 0.18235300
vt 0.30552100 0.19113400
vt 0.63086700 0.35896600
vt 0.62301200 0.35709200
vt 0.29018100 0.19922500
vt 0.64094600 0.35797600
vt 0.63344200 0.36725500
vt 0.64258900 0.36421000
vt 0.63229700 0.37337700
vt 0.63628400 0.37504000
vt 0.63952900 0.38268300
vt 0.55642800 0.86532900
vt 0.56935300 0.85427300
vt 0.62557400 0.39644600
vt 0.62584100 0.37482500
vt 0.65305600 0.36035900
vt 0.54143400 0.88331900
vt 0.51121700 0.89395300
vt 0.51865600 0.86917200
vt 0.23799700 0.19523800
vt 0.53480000 0.85445700
vt 0.41806800 0.11344100
vt 0.38912300 0.16015100
vt 0.37243800 0.16959800
vt 0.63147800 0.28228400
vt 0.64563600 0.28416700
vt 0.62052800 0.28250000
vt 0.61954200 0.29798500
vt 0.61524900 0.30783100
vt 0.60800700 0.26507100
vt 0.60295600 0.27771700
vt 0.60377800 0.29756400
vt 0.60155600 0.31044700
vt 0.43195200 0.14393700
vt 0.44107700 0.16108500
vt 0.43280100 0.17544200
vt 0.41767700 0.18020400
vt 0.57826000 0.26221600
vt 0.58911500 0.25368000
vt 0.41352600 0.19469700
vt 0.39400300 0.19796100
vt 0.36992400 0.18076800
vt 0.59028800 0.28735600
vt 0.57832000 0.29392600
vt 0.58160500 0.31138900
vt 0.57082700 0.27273100
vt 0.30902600 0.19497600
vt 0.30230900 0.21148400
vt 0.30768400 0.21179700
vt 0.31388200 0.19860900
vt 0.31198600 0.21244700
vt 0.33043800 0.20593300
vt 0.33944300 0.19633000
vt 0.34104300 0.22616200
vt 0.36790800 0.21923900
vt 0.30769400 0.22255900
vt 0.36280300 0.23417700
vt 0.61646700 0.35013600
vt 0.61002600 0.32926900
vt 0.61842400 0.32163100
vt 0.36083600 0.19336700
vt 0.60154500 0.33316000
vt 0.60158000 0.34738300
vt 0.31805000 0.18107500
vt 0.61749200 0.35723600
vt 0.61732000 0.37012100
vt 0.61347700 0.36516400
vt 0.60870800 0.35892100
vt 0.60567400 0.37146300
vt 0.61054600 0.37588500
vt 0.60546400 0.38033900
vt 0.61247700 0.38696400
vt 0.59683400 0.36101400
vt 0.58748500 0.35385200
vt 0.59995700 0.37763500
vt 0.58160000 0.37042800
vt 0.59672000 0.38021800
vt 0.57620600 0.32000800
vt 0.58440400 0.33443400
vt 0.38847600 0.21072700
vt 0.56840300 0.34976900
vt 0.56781200 0.33546600
vt 0.55897100 0.36344800
vt 0.55912800 0.37717100
vt 0.40244400 0.07905500
vt 0.39654600 0.06675600
vt 0.41108500 0.07386200
vt 0.40522600 0.05671400
vt 0.38866400 0.08450500
vt 0.40650000 0.04779300
vt 0.41392400 0.05285700
vt 0.40173200 0.04943300
vt 0.39241900 0.06504700
vt 0.41341600 0.04173800
vt 0.40943000 0.03633800
vt 0.20455000 0.08177900
vt 0.40092600 0.04112200
vt 0.41579900 0.02848700
vt 0.42071600 0.03331200
vt 0.69406400 0.24360000
vt 0.69476400 0.25230300
vt 0.68142300 0.24418800
vt 0.23628400 0.09543800
vt 0.38374000 0.07041800
vt 0.21921900 0.08678800
vt 0.39377100 0.05434400
vt 0.21772000 0.09830800
vt 0.38417700 0.08031600
vt 0.68062500 0.26986500
vt 0.68880200 0.26899000
vt 0.67737700 0.28073800
vt 0.67183600 0.27942600
vt 0.67233800 0.28908800
vt 0.67920400 0.28814500
vt 0.67268500 0.29970300
vt 0.68931600 0.27892200
vt 0.47089900 0.93346800
vt 0.48827800 0.92399300
vt 0.68332200 0.29756900
vt 0.47278800 0.92339800
vt 0.70339500 0.25391200
vt 0.43591900 0.93893200
vt 0.44700700 0.93653800
vt 0.70057600 0.26134600
vt 0.69378500 0.25870800
vt 0.42284500 0.92978600
vt 0.43915800 0.92986600
vt 0.45826200 0.92689600
vt 0.46685500 0.92076800
vt 0.45951800 0.91693400
vt 0.45555900 0.92262000
vt 0.44316900 0.92212500
vt 0.68479700 0.26191200
vt 0.42733100 0.94288200
vt 0.70277700 0.24727700
vt 0.40485900 0.10703500
vt 0.66456600 0.26884800
vt 0.65239700 0.27036100
vt 0.65041300 0.24802900
vt 0.66257700 0.25473300
vt 0.67224800 0.24770000
vt 0.67250100 0.26604400
vt 0.68215900 0.23085900
vt 0.66379000 0.22914600
vt 0.66192900 0.24090700
vt 0.66010600 0.28372800
vt 0.66291700 0.28783300
vt 0.66584400 0.27816100
vt 0.66166400 0.29058800
vt 0.66556300 0.29280300
vt 0.66177600 0.29690700
vt 0.65842200 0.29464700
vt 0.66664600 0.29118800
vt 0.63715100 0.27076900
vt 0.42335800 0.02236000
vt 0.44751000 0.01873000
vt 0.02789500 0.93577100
vt 0.69116300 0.22688200
vt 0.39612100 0.95224300
vt 0.70136700 0.22613600
vt 0.41450100 0.94587900
vt 0.70386600 0.23848800
vt 0.38439400 0.94733400
vt 0.39246300 0.93930800
vt 0.68643300 0.20490200
vt 0.36444700 0.96714700
vt 0.03813800 0.92429600
vt 0.05638700 0.90127300
vt 0.07563900 0.93489800
vt 0.37803400 0.93396400
vt 0.36793900 0.95074800
vt 0.35730800 0.94007800
vt 0.37016200 0.92642000
vt 0.35059100 0.93129500
vt 0.42041400 0.93868900
vt 0.41879700 0.93357800
vt 0.40861300 0.93758900
vt 0.41046800 0.92935700
vt 0.40043700 0.92971100
vt 0.39315600 0.92006900
vt 0.42667600 0.92286500
vt 0.43221100 0.91729500
vt 0.39097400 0.92787100
vt 0.38366600 0.91816700
vt 0.36445900 0.91485600
vt 0.33467800 0.95246500
vt 0.22672400 0.12718000
vt 0.22253700 0.14615500
vt 0.21417700 0.14944100
vt 0.22405800 0.15782200
vt 0.20645400 0.14742400
vt 0.67882000 0.30792500
vt 0.49818000 0.91883200
vt 0.49489800 0.91712700
vt 0.48875300 0.91044900
vt 0.48195400 0.91674900
vt 0.47074800 0.90586000
vt 0.48946400 0.89797000
vt 0.44540900 0.90515800
vt 0.45803500 0.89311200
vt 0.19606900 0.15261400
vt 0.18591900 0.14680100
vt 0.48083100 0.88196500
vt 0.21915100 0.15831000
vt 0.20754600 0.16103100
vt 0.50610800 0.88366600
vt 0.49937200 0.86797800
vt 0.21691600 0.19097400
vt 0.20400200 0.17508700
vt 0.18736100 0.16297900
vt 0.17054800 0.15697000
vt 0.17218900 0.16929600
vt 0.19498200 0.18055500
vt 0.44665000 0.88164100
vt 0.45287000 0.86568600
vt 0.47623400 0.85761300
vt 0.50633700 0.84528700
vt 0.14679500 0.16767500
vt 0.44733600 0.84922000
vt 0.42354500 0.85114500
vt 0.61705000 0.25840500
vt 0.43598500 0.11982400
vt 0.58835900 0.23595300
vt 0.02210600 0.87439000
vt 0.02015800 0.86440600
vt 0.10221200 0.08324600
vt 0.02502900 0.86425900
vt 0.09680300 0.09021000
vt 0.09142100 0.08710200
vt 0.02353200 0.85282800
vt 0.03017500 0.84969500
vt 0.03565900 0.85895200
vt 0.02322700 0.88324800
vt 0.02989200 0.87156900
vt 0.04222400 0.88435300
vt 0.06589800 0.87788500
vt 0.37681800 0.89118900
vt 0.38055900 0.88489400
vt 0.37208300 0.88746200
vt 0.05654200 0.84548700
vt 0.09488700 0.13122700
vt 0.08613200 0.12877700
vt 0.09278500 0.13681800
vt 0.08399000 0.14133400
vt 0.09039000 0.14204800
vt 0.08232400 0.14757000
vt 0.09258000 0.14388400
vt 0.08274600 0.15312000
vt 0.06737600 0.12770400
vt 0.07497700 0.14995400
vt 0.09128300 0.10124600
vt 0.08508600 0.09242000
vt 0.02345400 0.84401800
vt 0.02464000 0.83112500
vt 0.07527400 0.09991300
vt 0.08765800 0.11145800
vt 0.07504600 0.11036100
vt 0.08290200 0.12017300
vt 0.38276600 0.87831700
vt 0.37408800 0.87639000
vt 0.37957400 0.86674000
vt 0.36653700 0.88136600
vt 0.36977800 0.87218600
vt 0.35987800 0.87129400
vt 0.39129400 0.87187800
vt 0.38814000 0.86666300
vt 0.38991400 0.85752700
vt 0.37036600 0.86358400
vt 0.38508000 0.85446400
vt 0.38045100 0.85368900
vt 0.37468100 0.85678100
vt 0.02944400 0.83746900
vt 0.03863700 0.83661700
vt 0.03035300 0.82727900
vt 0.03662400 0.82665000
vt 0.06411600 0.10994700
vt 0.02599700 0.81549900
vt 0.03049100 0.81562400
vt 0.03341900 0.81744800
vt 0.03755600 0.81126000
vt 0.04536200 0.82003900
vt 0.07991800 0.83656200
vt 0.36330100 0.86303200
vt 0.36512800 0.85590700
vt 0.36717100 0.85392300
vt 0.34941300 0.86356600
vt 0.35658400 0.85635800
vt 0.36017700 0.84954200
vt 0.09091900 0.15161500
vt 0.09779800 0.15655900
vt 0.39159100 0.84751600
vt 0.39665100 0.84087600
vt 0.38593800 0.84149300
vt 0.37332600 0.84565500
vt 0.38169900 0.84185100
vt 0.40909600 0.82479600
vt 0.42868200 0.82691700
vt 0.38725600 0.82434400
vt 0.03069500 0.80042900
vt 0.05234100 0.11780000
vt 0.03634100 0.80021600
vt 0.03643700 0.78223100
vt 0.04472700 0.13031200
vt 0.03088900 0.78361700
vt 0.05902800 0.13691100
vt 0.04348600 0.14632800
vt 0.36457600 0.84770100
vt 0.36642100 0.83949800
vt 0.37477200 0.84191900
vt 0.35995100 0.83924400
vt 0.34903400 0.84032900
vt 0.36411900 0.83649000
vt 0.36007600 0.83335100
vt 0.35409200 0.83347100
vt 0.37951700 0.83289400
vt 0.37381200 0.82858600
vt 0.36669000 0.83157400
vt 0.36126200 0.83131400
vt 0.36248900 0.82498500
vt 0.36700300 0.82186700
vt 0.04617500 0.80118600
vt 0.09974700 0.82655200
vt 0.04072000 0.78596900
vt 0.03698300 0.76728200
vt 0.04223300 0.76841000
vt 0.07796700 0.80948400
vt 0.35773600 0.82531300
vt 0.06623500 0.78272600
vt 0.06417100 0.76236600
vt 0.07752900 0.91552400
vt 0.09267900 0.93320700
vt 0.11489200 0.94601900
vt 0.10786100 0.92521300
vt 0.08326000 0.89961800
vt 0.12784300 0.92231400
vt 0.12311600 0.90873100
vt 0.56980000 0.04815900
vt 0.15312000 0.96596800
vt 0.14419400 0.94982100
vt 0.30058300 0.95242200
vt 0.28930000 0.94241300
vt 0.27598100 0.95445000
vt 0.27127200 0.97154500
vt 0.16371400 0.93839200
vt 0.28579300 0.93012600
vt 0.26966500 0.94003900
vt 0.26762300 0.92942600
vt 0.25564600 0.95608600
vt 0.25613800 0.94220700
vt 0.24826600 0.92992300
vt 0.24588500 0.91665300
vt 0.26577900 0.91958100
vt 0.24570200 0.98822900
vt 0.62649200 0.11797100
vt 0.25091900 0.97977800
vt 0.62013400 0.11856400
vt 0.61284700 0.10456800
vt 0.22763000 0.99118600
vt 0.23309400 0.97784600
vt 0.25620200 0.96849500
vt 0.24232500 0.96772700
vt 0.18581100 0.95938300
vt 0.18766400 0.97714200
vt 0.59386700 0.06639100
vt 0.18917200 0.94582500
vt 0.22578300 0.96743500
vt 0.22432400 0.96266600
vt 0.23705500 0.95285800
vt 0.21954000 0.95617900
vt 0.21848800 0.93922600
vt 0.21274800 0.94746500
vt 0.23989600 0.94208700
vt 0.23144200 0.92952500
vt 0.14469000 0.90372100
vt 0.11047400 0.89412200
vt 0.16247500 0.92032000
vt 0.13487700 0.88641700
vt 0.16682800 0.90399900
vt 0.16814500 0.88498700
vt 0.18948000 0.93047100
vt 0.18916100 0.91848100
vt 0.19235800 0.95044300
vt 0.19378600 0.93799100
vt 0.20699900 0.92875400
vt 0.21542000 0.92846200
vt 0.19333700 0.92544100
vt 0.19583800 0.93301800
vt 0.19740800 0.90975900
vt 0.19986500 0.92311000
vt 0.19230900 0.91116800
vt 0.18890400 0.90562500
vt 0.19446400 0.91416500
vt 0.20312200 0.91569500
vt 0.20285600 0.92432400
vt 0.19510400 0.90377400
vt 0.22584100 0.91632200
vt 0.20994200 0.91525300
vt 0.22179900 0.90266200
vt 0.23910000 0.90063700
vt 0.18932000 0.89171700
vt 0.23085600 0.89244500
vt 0.21569100 0.89282100
vt 0.19151700 0.88131000
vt 0.17142300 0.87057400
vt 0.19261100 0.89906100
vt 0.20811600 0.89899000
vt 0.20304800 0.90551200
vt 0.20022300 0.89782000
vt 0.19488900 0.89277500
vt 0.19458500 0.88508900
vt 0.19719500 0.88662600
vt 0.20319600 0.89633200
vt 0.20739500 0.88367400
vt 0.21090000 0.87734700
vt 0.20091600 0.87337000
vt 0.20335200 0.88221400
vt 0.19123100 0.87180900
vt 0.19538200 0.87422700
vt 0.19515900 0.86804200
vt 0.19769000 0.87218200
vt 0.20433600 0.87658900
vt 0.20313600 0.86661500
vt 0.34293000 0.92379900
vt 0.35955100 0.90449100
vt 0.35543100 0.89577400
vt 0.34210100 0.89294100
vt 0.33730800 0.90523600
vt 0.33406600 0.91486200
vt 0.09139900 0.86500300
vt 0.35088100 0.87906400
vt 0.33215500 0.88834600
vt 0.33900800 0.87265700
vt 0.31457100 0.90185700
vt 0.31573500 0.88015500
vt 0.32639400 0.93723200
vt 0.31946100 0.92692900
vt 0.31749300 0.91551300
vt 0.10082600 0.87816000
vt 0.28411800 0.91468400
vt 0.28388500 0.90231100
vt 0.30238300 0.88940000
vt 0.10538100 0.85358800
vt 0.13260300 0.87110800
vt 0.12065800 0.84343400
vt 0.27707000 0.88771400
vt 0.27645000 0.87571600
vt 0.31169800 0.86769300
vt 0.28844400 0.85936300
vt 0.27370200 0.86572600
vt 0.14279700 0.83410800
vt 0.12737000 0.81639300
vt 0.33379600 0.86059600
vt 0.33998900 0.85064900
vt 0.32126900 0.85394100
vt 0.32337800 0.84085500
vt 0.30773900 0.85253900
vt 0.08831600 0.79815700
vt 0.33913900 0.82969700
vt 0.06436600 0.79661800
vt 0.35050500 0.82040600
vt 0.33888300 0.81646900
vt 0.10324400 0.78252900
vt 0.32291500 0.82055100
vt 0.31091400 0.83378800
vt 0.32847700 0.80811400
vt 0.10187500 0.76366400
vt 0.29246300 0.84549900
vt 0.12767400 0.80289400
vt 0.26730900 0.85547800
vt 0.26790000 0.84305600
vt 0.27679100 0.82652800
vt 0.29962100 0.82371700
vt 0.30398800 0.81178100
vt 0.30742900 0.80181500
vt 0.27845900 0.81288400
vt 0.26329400 0.90493500
vt 0.26920000 0.89441600
vt 0.26184300 0.88261900
vt 0.25014500 0.90629500
vt 0.24880600 0.89137500
vt 0.15007500 0.85995500
vt 0.15552900 0.84374300
vt 0.17152000 0.85415700
vt 0.25134400 0.88093000
vt 0.24171100 0.87775800
vt 0.25519600 0.86920200
vt 0.24347900 0.86425600
vt 0.25699900 0.86331300
vt 0.24891400 0.85338600
vt 0.24875700 0.84207800
vt 0.26121800 0.82970600
vt 0.22434300 0.87948400
vt 0.22596800 0.86817500
vt 0.22571000 0.86003100
vt 0.21092500 0.86174400
vt 0.23726600 0.85086500
vt 0.27749200 0.79857700
vt 0.29796700 0.79109600
vt 0.14117300 0.78930600
vt 0.13984200 0.77611100
vt 0.12221600 0.75417500
vt 0.16277200 0.77027900
vt 0.19176200 0.84693700
vt 0.17164600 0.83120600
vt 0.23844300 0.84329800
vt 0.24247200 0.83046600
vt 0.25063100 0.83161200
vt 0.17056900 0.81819300
vt 0.18229800 0.86564300
vt 0.19155100 0.86115200
vt 0.20528700 0.86710300
vt 0.19869800 0.85995200
vt 0.20499200 0.85601200
vt 0.19511400 0.85563600
vt 0.19670100 0.86557000
vt 0.19723900 0.85517500
vt 0.20231400 0.84722900
vt 0.22661600 0.84957100
vt 0.21082100 0.84791600
vt 0.19729800 0.84302400
vt 0.19918500 0.84552300
vt 0.20527700 0.84672300
vt 0.20714200 0.84035000
vt 0.20433100 0.83973000
vt 0.19443000 0.83259100
vt 0.20292200 0.83209400
vt 0.20056400 0.82957800
vt 0.22935900 0.83761900
vt 0.21904100 0.83623500
vt 0.23363700 0.82501700
vt 0.20986700 0.83465700
vt 0.21713100 0.81858700
vt 0.19497200 0.81979300
vt 0.17666000 0.80831000
vt 0.19750400 0.83061100
vt 0.19907400 0.83001700
vt 0.19857300 0.82091300
vt 0.20608800 0.83475700
vt 0.20638400 0.82651300
vt 0.20979300 0.81959900
vt 0.20801500 0.81253100
vt 0.20534200 0.81244600
vt 0.20149300 0.81611400
vt 0.19906300 0.81405700
vt 0.19630300 0.80609800
vt 0.20087900 0.80416500
vt 0.20272500 0.80493900
vt 0.26203000 0.81328200
vt 0.17710000 0.79443900
vt 0.25256800 0.81771300
vt 0.25255400 0.80469100
vt 0.24392400 0.81714600
vt 0.26637300 0.80504900
vt 0.26498200 0.78762400
vt 0.28197100 0.78331800
vt 0.16563600 0.75849100
vt 0.26171400 0.79589900
vt 0.24871200 0.78886300
vt 0.23073400 0.81540700
vt 0.24324700 0.80256100
vt 0.22936600 0.80381000
vt 0.19870800 0.78786900
vt 0.21308100 0.80631400
vt 0.22175700 0.79652900
vt 0.19832400 0.79684400
vt 0.20742900 0.79460400
vt 0.20974200 0.79594700
vt 0.21185800 0.79747000
vt 0.20150700 0.79483000
vt 0.20399100 0.79329500
vt 0.23642000 0.79099400
vt 0.20251100 0.78845900
vt 0.20376800 0.78906200
vt 0.20508400 0.78609900
vt 0.21519300 0.78587000
vt 0.25117700 0.77555800
vt 0.26436300 0.77761100
vt 0.20060700 0.77739500
vt 0.23832200 0.76979900
vt 0.23184900 0.78266200
vt 0.22715600 0.77704100
vt 0.20448600 0.75688200
vt 0.20324400 0.76648300
vt 0.22840600 0.76320200
vt 0.20488900 0.78382300
vt 0.20349400 0.78169700
vt 0.20589600 0.78079100
vt 0.20540500 0.77477600
vt 0.20603600 0.77763900
vt 0.20764200 0.76101200
vt 0.11704600 0.18483900
vt 0.10430700 0.18321500
vt 0.25889300 0.20124000
vt 0.26234000 0.20075300
vt 0.27966000 0.20014200
vt 0.26727600 0.20882100
vt 0.27842100 0.21085000
vt 0.26454500 0.20397800
vt 0.25276300 0.20040600
vt 0.26875800 0.21731900
vt 0.26179300 0.21916400
vt 0.26298300 0.22033200
vt 0.25113900 0.21305200
vt 0.25514000 0.22090400
vt 0.25686000 0.22320200
vt 0.28852700 0.21258300
vt 0.62528200 0.38826000
vt 0.61954700 0.38953200
vt 0.61557900 0.40295900
vt 0.28170700 0.22327500
vt 0.26705200 0.22886200
vt 0.57655900 0.83767600
vt 0.61533200 0.41459400
vt 0.56898000 0.83328200
vt 0.24373700 0.19752000
vt 0.24363900 0.20742300
vt 0.22990800 0.20649400
vt 0.23669000 0.21723900
vt 0.24356500 0.21871900
vt 0.21309100 0.20873500
vt 0.22126600 0.22795400
vt 0.55501300 0.85384000
vt 0.55182300 0.82376300
vt 0.52914700 0.82751900
vt 0.26011700 0.23339800
vt 0.25691900 0.23345600
vt 0.24749500 0.23006900
vt 0.24033000 0.22668900
vt 0.25140000 0.23709200
vt 0.24676300 0.25547200
vt 0.25240700 0.24815500
vt 0.24362600 0.24650200
vt 0.23790200 0.23857100
vt 0.24544300 0.25110500
vt 0.25992700 0.24112400
vt 0.27775400 0.23738800
vt 0.27219600 0.24957700
vt 0.25425000 0.25376600
vt 0.26514000 0.26522900
vt 0.23231600 0.23575700
vt 0.22916500 0.24881500
vt 0.23364900 0.24979800
vt 0.22124000 0.24649600
vt 0.21006800 0.25368700
vt 0.20741700 0.24179000
vt 0.25166300 0.26569600
vt 0.24638100 0.26204700
vt 0.23960200 0.26254500
vt 0.23464300 0.26088900
vt 0.24299300 0.27301000
vt 0.23668900 0.27504200
vt 0.23644200 0.27091900
vt 0.23036600 0.27223100
vt 0.22600000 0.28208600
vt 0.22976700 0.28161700
vt 0.22542900 0.26291600
vt 0.21761200 0.26240300
vt 0.22186600 0.27987100
vt 0.21627400 0.27352500
vt 0.20167100 0.27117800
vt 0.20544800 0.28011800
vt 0.22548000 0.28932700
vt 0.23250000 0.28478900
vt 0.23877800 0.28712900
vt 0.20976300 0.28390000
vt 0.21929500 0.29311800
vt 0.21467900 0.29272400
vt 0.22199300 0.29736100
vt 0.22929900 0.29765800
vt 0.20113200 0.28967800
vt 0.21531100 0.29963000
vt 0.20278800 0.30852100
vt 0.22210100 0.30924200
vt 0.21379900 0.30589400
vt 0.20715500 0.30844900
vt 0.21701400 0.30174300
vt 0.20209200 0.29953800
vt 0.20344500 0.30503300
vt 0.19377100 0.30645500
vt 0.29593000 0.22626400
vt 0.30017100 0.22665400
vt 0.29226700 0.24012500
vt 0.30185400 0.23090400
vt 0.29598200 0.24301800
vt 0.30438400 0.24037300
vt 0.34304900 0.24398100
vt 0.28832400 0.24977500
vt 0.29777700 0.25414000
vt 0.29082600 0.25366500
vt 0.29236700 0.26321600
vt 0.28209700 0.26124200
vt 0.28504300 0.26452700
vt 0.32529400 0.25279600
vt 0.32329000 0.27390300
vt 0.34058800 0.26701300
vt 0.31147800 0.28433900
vt 0.60504300 0.38703000
vt 0.60216000 0.38096400
vt 0.60234300 0.40247700
vt 0.61311500 0.39790400
vt 0.60562800 0.41219800
vt 0.60887400 0.41838000
vt 0.58198200 0.83367900
vt 0.59738600 0.38716300
vt 0.59922400 0.38941000
vt 0.59353400 0.40066600
vt 0.58295600 0.38415400
vt 0.59044400 0.39841000
vt 0.59845400 0.40169400
vt 0.59261200 0.40973900
vt 0.59761300 0.41793000
vt 0.58058900 0.40400600
vt 0.58656800 0.40751200
vt 0.58823300 0.82377900
vt 0.59965500 0.42825400
vt 0.57829800 0.80189800
vt 0.58249100 0.81897100
vt 0.58610500 0.80831800
vt 0.59249800 0.43379900
vt 0.59311300 0.81768600
vt 0.59458000 0.80358800
vt 0.58211800 0.80193500
vt 0.58755600 0.42459900
vt 0.58371900 0.42135100
vt 0.57972200 0.41698600
vt 0.58216800 0.43865600
vt 0.60049000 0.81204900
vt 0.57538400 0.43907300
vt 0.57368900 0.43038900
vt 0.60269000 0.80042700
vt 0.57286700 0.45106900
vt 0.57165200 0.79014900
vt 0.57288900 0.39357100
vt 0.56670400 0.40358200
vt 0.55388000 0.38899700
vt 0.55198800 0.40481800
vt 0.56707100 0.41572700
vt 0.55944000 0.42401000
vt 0.56313200 0.44155500
vt 0.54154200 0.42611900
vt 0.28039800 0.27310800
vt 0.28412100 0.27633300
vt 0.27597200 0.28504600
vt 0.28262000 0.28409800
vt 0.31948000 0.30307400
vt 0.58339600 0.79328600
vt 0.58890600 0.79319300
vt 0.25723500 0.27727200
vt 0.25027200 0.28847900
vt 0.58521800 0.78548200
vt 0.27438300 0.27634800
vt 0.56040800 0.45955800
vt 0.60885400 0.79077500
vt 0.60020600 0.78873300
vt 0.26601500 0.28827300
vt 0.25978100 0.29895900
vt 0.27063000 0.28877600
vt 0.26362900 0.29925200
vt 0.59369700 0.78557800
vt 0.59078700 0.77511700
vt 0.58173800 0.77204300
vt 0.59915900 0.77614200
vt 0.55452200 0.48213800
vt 0.54434000 0.78989800
vt 0.58000500 0.77699500
vt 0.55358200 0.76149900
vt 0.24098900 0.30100200
vt 0.54968900 0.49352500
vt 0.59477700 0.76735100
vt 0.25022500 0.31140800
vt 0.25736100 0.30967500
vt 0.24010100 0.32445700
vt 0.23006400 0.31079900
vt 0.25012700 0.31687200
vt 0.57321000 0.76646400
vt 0.55890900 0.74453700
vt 0.56401200 0.74291100
vt 0.57457600 0.75809000
vt 0.56549500 0.75570900
vt 0.58339500 0.76237600
vt 0.54282000 0.49845100
vt 0.58869600 0.75739300
vt 0.54374300 0.50756700
vt 0.57730200 0.75196400
vt 0.54351400 0.52260400
vt 0.22359100 0.32352500
vt 0.53655000 0.50961900
vt 0.53643700 0.51959200
vt 0.52805100 0.52181800
vt 0.53656700 0.53694000
vt 0.56857300 0.74092100
vt 0.52989300 0.53323900
vt 0.27380900 0.29842400
vt 0.26904700 0.29756000
vt 0.30047200 0.30502600
vt 0.60441300 0.78542900
vt 0.55870800 0.46902300
vt 0.54944700 0.47419500
vt 0.54641200 0.48612700
vt 0.54275100 0.46399800
vt 0.54820300 0.44568700
vt 0.53531000 0.43527100
vt 0.29997700 0.31843400
vt 0.53086300 0.45256100
vt 0.53117000 0.47272000
vt 0.26549600 0.30727100
vt 0.28644400 0.32444900
vt 0.54356700 0.48278500
vt 0.53451000 0.49050100
vt 0.53782000 0.49429600
vt 0.25651700 0.31829000
vt 0.24548900 0.32562700
vt 0.25276900 0.33327700
vt 0.52161400 0.47970600
vt 0.27362600 0.33732100
vt 0.53575700 0.50025000
vt 0.53702300 0.49666600
vt 0.53130900 0.50318500
vt 0.52797300 0.51396900
vt 0.53259400 0.50702700
vt 0.52168400 0.49482900
vt 0.52661800 0.50536800
vt 0.51543400 0.50622200
vt 0.50181200 0.48896900
vt 0.50003000 0.50201900
vt 0.17872100 0.19681300
vt 0.47968800 0.80658000
vt 0.14779700 0.20922200
vt 0.15837300 0.21785100
vt 0.18604500 0.23683900
vt 0.14865500 0.24606200
vt 0.21230400 0.22626200
vt 0.52200900 0.78033400
vt 0.12259100 0.20887700
vt 0.44617600 0.81989900
vt 0.10504800 0.20385500
vt 0.42977900 0.79262100
vt 0.09996000 0.22995800
vt 0.09256500 0.21361400
vt 0.10845300 0.23072600
vt 0.44196500 0.77780200
vt 0.18213500 0.26301600
vt 0.19600900 0.25648500
vt 0.20016500 0.25978600
vt 0.18713700 0.27286100
vt 0.16354000 0.26664800
vt 0.49911400 0.76482100
vt 0.18897400 0.28511900
vt 0.19256500 0.29149800
vt 0.17588600 0.28297000
vt 0.19231700 0.29748700
vt 0.18507200 0.30333100
vt 0.18239700 0.29769400
vt 0.16984500 0.29489200
vt 0.16723800 0.30282700
vt 0.13109000 0.26117400
vt 0.15309100 0.28787800
vt 0.53332900 0.75165700
vt 0.50686800 0.74221700
vt 0.15549100 0.29813600
vt 0.53150200 0.72397800
vt 0.50736300 0.72157100
vt 0.46882400 0.75674700
vt 0.10225600 0.24850900
vt 0.44919800 0.74164600
vt 0.08627900 0.25519800
vt 0.10054300 0.26343400
vt 0.09053200 0.26992300
vt 0.11601500 0.26977900
vt 0.11578200 0.28021500
vt 0.10203100 0.28223400
vt 0.09457100 0.28016800
vt 0.08836400 0.27547700
vt 0.13550400 0.28630500
vt 0.12655300 0.29782300
vt 0.48057800 0.72768500
vt 0.45400800 0.71253900
vt 0.21212600 0.31748000
vt 0.19123300 0.31338700
vt 0.18995200 0.32075700
vt 0.20193900 0.31699900
vt 0.21164400 0.33423300
vt 0.20130600 0.34384500
vt 0.22865000 0.33502600
vt 0.52565500 0.54907000
vt 0.51818300 0.53582300
vt 0.51807200 0.54687700
vt 0.21797600 0.34501200
vt 0.21196800 0.35316600
vt 0.22182700 0.34755600
vt 0.19843200 0.36238700
vt 0.23911200 0.33136000
vt 0.24200000 0.33877500
vt 0.23075100 0.33992200
vt 0.52016500 0.51667100
vt 0.52123300 0.52631600
vt 0.51270500 0.53081000
vt 0.50763200 0.51971500
vt 0.50486300 0.53698500
vt 0.23080100 0.34867000
vt 0.21387400 0.35963500
vt 0.22297900 0.35825800
vt 0.49514800 0.53001800
vt 0.49761600 0.51744200
vt 0.26021100 0.36538900
vt 0.24380500 0.36837600
vt 0.23427100 0.37859800
vt 0.20446100 0.36391600
vt 0.21524300 0.36818500
vt 0.18059500 0.31321200
vt 0.17953300 0.32374800
vt 0.17537100 0.30675600
vt 0.17391500 0.32225800
vt 0.16696900 0.31854400
vt 0.17756300 0.32854300
vt 0.19203000 0.32592400
vt 0.16230900 0.32972500
vt 0.16696700 0.33595800
vt 0.18320300 0.33981300
vt 0.16367400 0.30934800
vt 0.15345700 0.31132500
vt 0.14345500 0.30300500
vt 0.15254100 0.30743000
vt 0.14527200 0.30921400
vt 0.15215300 0.32210100
vt 0.16186400 0.32577800
vt 0.14940200 0.32665800
vt 0.14407500 0.32846800
vt 0.13963600 0.31721200
vt 0.13626200 0.30707100
vt 0.13891700 0.32342400
vt 0.50629900 0.70115500
vt 0.17524100 0.35474000
vt 0.15292900 0.33334100
vt 0.14087400 0.33244100
vt 0.15676300 0.35398500
vt 0.14835600 0.35727800
vt 0.13269900 0.34273800
vt 0.13898700 0.35787700
vt 0.11356400 0.31084000
vt 0.10248900 0.30401300
vt 0.11584000 0.29960800
vt 0.11539500 0.31658200
vt 0.12598300 0.31778800
vt 0.11638200 0.32011200
vt 0.10218700 0.31135800
vt 0.07625300 0.27671400
vt 0.08295100 0.28624400
vt 0.09187200 0.28821900
vt 0.08324100 0.29319100
vt 0.07278900 0.27708700
vt 0.09082400 0.29664100
vt 0.10432100 0.29126900
vt 0.11295600 0.29170400
vt 0.09616700 0.30447700
vt 0.09266500 0.30503900
vt 0.10347800 0.31641700
vt 0.09029800 0.30753500
vt 0.08285200 0.29818700
vt 0.07607100 0.30173300
vt 0.08459300 0.31142000
vt 0.11220900 0.32052700
vt 0.08656100 0.32341000
vt 0.07238000 0.31716000
vt 0.12627900 0.30444300
vt 0.12919600 0.31268700
vt 0.47656000 0.69957200
vt 0.49134200 0.69359500
vt 0.49282200 0.69022100
vt 0.51295100 0.69695500
vt 0.46885200 0.68895400
vt 0.46689700 0.68275500
vt 0.48882900 0.68398100
vt 0.45073100 0.70093900
vt 0.44733400 0.69482200
vt 0.44664700 0.68725100
vt 0.43665800 0.69853100
vt 0.45530200 0.68051000
vt 0.44788700 0.67120000
vt 0.43529000 0.68642100
vt 0.13007700 0.32560500
vt 0.12443900 0.32801600
vt 0.10222200 0.33740100
vt 0.11703100 0.34609900
vt 0.12524100 0.35120100
vt 0.47716800 0.67810200
vt 0.49224300 0.67606200
vt 0.47934600 0.63209600
vt 0.46644100 0.66228800
vt 0.10177500 0.35665100
vt 0.13370000 0.46837400
vt 0.11811800 0.36293800
vt 0.14238000 0.44986200
vt 0.08377800 0.33371500
vt 0.46627800 0.67731100
vt 0.45288400 0.65865800
vt 0.44120300 0.67018300
vt 0.08865200 0.34570500
vt 0.08896500 0.35181600
vt 0.12783100 0.48423300
vt 0.13739100 0.47325500
vt 0.07835900 0.34338600
vt 0.11928800 0.49891600
vt 0.06580000 0.33198000
vt 0.10968900 0.51654600
vt 0.12941300 0.49193400
vt 0.12077800 0.51042700
vt 0.11602100 0.50960300
vt 0.55731900 0.72790800
vt 0.52734600 0.55465100
vt 0.54941800 0.72750400
vt 0.54576700 0.71809300
vt 0.51977700 0.57053100
vt 0.18888300 0.34763600
vt 0.51677500 0.56161400
vt 0.50758000 0.58191900
vt 0.51229100 0.56176000
vt 0.51340800 0.54414200
vt 0.50481700 0.55632300
vt 0.49956100 0.57147800
vt 0.50611600 0.57137600
vt 0.49607700 0.56760400
vt 0.52644200 0.71028700
vt 0.53170600 0.70741800
vt 0.51076700 0.58804200
vt 0.50526000 0.59722100
vt 0.52383600 0.70129000
vt 0.49908700 0.59611700
vt 0.50934900 0.68966000
vt 0.49400100 0.61329900
vt 0.49729800 0.58640100
vt 0.18380000 0.37320100
vt 0.19098400 0.37510200
vt 0.18451200 0.38229600
vt 0.19730900 0.38124500
vt 0.49023600 0.59277300
vt 0.16769100 0.37431200
vt 0.48710100 0.61174900
vt 0.48051700 0.60987900
vt 0.15889300 0.41768600
vt 0.14938100 0.37317800
vt 0.13357900 0.36866000
vt 0.15121700 0.43324100
vt 0.48959500 0.58186000
vt 0.48433400 0.58370500
vt 0.48159500 0.57801700
vt 0.48195500 0.59945400
vt 0.47617900 0.60919100
vt 0.47478300 0.59928100
vt 0.47658500 0.59713100
vt 0.47869200 0.59534800
vt 0.48019100 0.58896900
vt 0.47362500 0.59245700
vt 0.47158500 0.59754100
vt 0.17211500 0.38074700
vt 0.16592800 0.40860300
vt 0.15948700 0.37867000
vt 0.17868200 0.39213800
vt 0.17240700 0.41140300
vt 0.16475300 0.41692300
vt 0.15436900 0.43641100
vt 0.16435800 0.43208300
vt 0.50656400 0.54470000
vt 0.50113000 0.55580400
vt 0.49593300 0.55104800
vt 0.49041800 0.56720000
vt 0.48812900 0.55820500
vt 0.48139100 0.53823300
vt 0.47092300 0.54836300
vt 0.20467900 0.37263400
vt 0.47659500 0.56763400
vt 0.21026700 0.40643500
vt 0.23190800 0.40026200
vt 0.46483600 0.57941000
vt 0.45552600 0.58615300
vt 0.20716300 0.42400300
vt 0.19737200 0.43686000
vt 0.45537100 0.55810500
vt 0.47661100 0.62451600
vt 0.47168700 0.61857000
vt 0.47021000 0.63673900
vt 0.46869800 0.63142500
vt 0.46504700 0.61915000
vt 0.46112100 0.63841000
vt 0.14665500 0.45313500
vt 0.15608700 0.44493900
vt 0.14913100 0.46058100
vt 0.47171800 0.60772000
vt 0.46990000 0.60516100
vt 0.46235000 0.60480200
vt 0.45549500 0.61545600
vt 0.44849800 0.62715500
vt 0.17349900 0.46748500
vt 0.18621200 0.45812200
vt 0.46257200 0.65239400
vt 0.45381600 0.65048300
vt 0.44675700 0.64445100
vt 0.43856200 0.66272400
vt 0.43943700 0.65482400
vt 0.14333900 0.47913800
vt 0.17113900 0.48107200
vt 0.15046600 0.50219300
vt 0.12676600 0.50993800
vt 0.42294200 0.63965300
vt 0.43136600 0.62930600
vt 0.44880000 0.60090500
vt 0.20132200 0.45103900
vt 0.43947200 0.61045900
vt 0.43794200 0.58701000
vt 0.44423900 0.56690600
vt 0.42837200 0.59489500
vt 0.43258000 0.61711900
vt 0.42241100 0.62001700
vt 0.40768000 0.62303000
vt 0.18845000 0.50471900
vt 0.40954500 0.60023000
vt 0.39779800 0.60864300
vt 0.21994300 0.49775000
vt 0.07648000 0.15253600
vt 0.06888900 0.16635700
vt 0.07518200 0.16388800
vt 0.06704800 0.16443800
vt 0.06914000 0.17175000
vt 0.06791200 0.15702500
vt 0.06072100 0.17253700
vt 0.04704500 0.15736800
vt 0.06220100 0.17872400
vt 0.08857500 0.16545700
vt 0.09495900 0.16486700
vt 0.08129700 0.16393300
vt 0.09438400 0.17616700
vt 0.08515000 0.18163400
vt 0.07380400 0.17447100
vt 0.06555500 0.18305600
vt 0.08146000 0.17541200
vt 0.07851800 0.18410200
vt 0.09535900 0.19093400
vt 0.39543100 0.80581100
vt 0.41221100 0.79953700
vt 0.05416600 0.14737200
vt 0.04513700 0.17042200
vt 0.38245800 0.82147900
vt 0.37932900 0.82039200
vt 0.37058300 0.81516800
vt 0.37906400 0.80944800
vt 0.36435100 0.81491000
vt 0.38895900 0.79798600
vt 0.38440500 0.80334800
vt 0.38055400 0.80002300
vt 0.37331500 0.79761700
vt 0.36703800 0.80236800
vt 0.07388700 0.19267800
vt 0.06271200 0.19680700
vt 0.07209800 0.20294300
vt 0.08330400 0.19947200
vt 0.07740000 0.19586300
vt 0.08006100 0.21568900
vt 0.07552900 0.21115200
vt 0.07151700 0.21172400
vt 0.05597800 0.18337000
vt 0.05636500 0.19160400
vt 0.05900600 0.19415500
vt 0.05318700 0.19173000
vt 0.03511900 0.18331400
vt 0.05597000 0.20318400
vt 0.05090900 0.20484100
vt 0.05345600 0.20905400
vt 0.04647200 0.20334000
vt 0.05904100 0.21262100
vt 0.04022300 0.19345200
vt 0.03025400 0.19242100
vt 0.03164800 0.20669400
vt 0.40456600 0.77121800
vt 0.38576600 0.78853600
vt 0.37955400 0.78676800
vt 0.39208300 0.77459500
vt 0.39624800 0.77408700
vt 0.37794600 0.77381200
vt 0.37354300 0.78623100
vt 0.38530900 0.77346900
vt 0.38898000 0.77244400
vt 0.03341700 0.14757300
vt 0.03446000 0.76083800
vt 0.04054600 0.74987200
vt 0.03857900 0.74339000
vt 0.02528300 0.16089100
vt 0.02864700 0.17064600
vt 0.04629700 0.75244500
vt 0.35995100 0.81647800
vt 0.36215200 0.80779200
vt 0.35245400 0.80768300
vt 0.04462700 0.73777200
vt 0.01649500 0.17825400
vt 0.04477400 0.72134700
vt 0.36238600 0.80073400
vt 0.04864600 0.72557300
vt 0.05000200 0.73781700
vt 0.01537800 0.19324800
vt 0.36769000 0.78818200
vt 0.00881400 0.18712100
vt 0.05266400 0.70834900
vt 0.07641300 0.74231500
vt 0.07086500 0.71740300
vt 0.01094600 0.19637100
vt 0.05198700 0.69573400
vt 0.07579200 0.70407100
vt 0.01318300 0.21002700
vt 0.05246400 0.67900000
vt 0.06047600 0.68703600
vt 0.07154700 0.22030000
vt 0.05959200 0.22679500
vt 0.07470300 0.22900100
vt 0.08433000 0.23357600
vt 0.07878700 0.24204200
vt 0.07062600 0.23468200
vt 0.07456500 0.24704400
vt 0.06159600 0.24272800
vt 0.05528500 0.21846400
vt 0.05310200 0.23053300
vt 0.04464700 0.21388900
vt 0.04993700 0.22528500
vt 0.03208400 0.22167300
vt 0.05599400 0.23139200
vt 0.04657100 0.23749500
vt 0.03211600 0.23068100
vt 0.05970000 0.24956600
vt 0.05683600 0.24975100
vt 0.06513300 0.25713200
vt 0.06482900 0.26448900
vt 0.07142100 0.26956600
vt 0.06092600 0.26082800
vt 0.05552800 0.25215100
vt 0.05602000 0.26187100
vt 0.07060000 0.27818600
vt 0.06401300 0.27321200
vt 0.05247000 0.24134000
vt 0.04848400 0.25069500
vt 0.03603500 0.24209800
vt 0.04372800 0.25748500
vt 0.06308500 0.64088800
vt 0.01514900 0.24355100
vt 0.02975000 0.25002900
vt 0.05767100 0.67855100
vt 0.01351700 0.22744000
vt 0.05762200 0.65927400
vt 0.42340000 0.77162000
vt 0.35645000 0.79360200
vt 0.33938900 0.79932600
vt 0.33617700 0.78796500
vt 0.10691300 0.73747800
vt 0.36406100 0.78727400
vt 0.36457900 0.77919600
vt 0.35004400 0.78166100
vt 0.37202700 0.77833400
vt 0.37266400 0.76847900
vt 0.36690700 0.76828100
vt 0.34899700 0.77124100
vt 0.36206700 0.76286700
vt 0.33223900 0.76397700
vt 0.35040800 0.75730900
vt 0.32606900 0.77629300
vt 0.12989800 0.72467600
vt 0.31805400 0.78904800
vt 0.30064200 0.77899700
vt 0.30648200 0.76986400
vt 0.11315500 0.70656400
vt 0.33923000 0.75005900
vt 0.08477000 0.69087300
vt 0.30952100 0.75773500
vt 0.31396200 0.74939500
vt 0.42615400 0.73812900
vt 0.39157300 0.76244900
vt 0.38007200 0.76194400
vt 0.38930800 0.75684100
vt 0.39910200 0.75371300
vt 0.40882100 0.74439200
vt 0.39767000 0.74796500
vt 0.38072800 0.75478600
vt 0.38571800 0.74542000
vt 0.39353700 0.74200300
vt 0.08127100 0.25696400
vt 0.07977200 0.26171300
vt 0.05894200 0.27808900
vt 0.04793500 0.27563100
vt 0.42911700 0.72049100
vt 0.41693200 0.72835900
vt 0.41458800 0.72610900
vt 0.42278300 0.71746700
vt 0.41464500 0.71972500
vt 0.40692100 0.73813200
vt 0.40599900 0.73218000
vt 0.03668700 0.27238400
vt 0.03414400 0.26033400
vt 0.02191500 0.25865300
vt 0.02410100 0.27347500
vt 0.38941000 0.73639800
vt 0.38394800 0.73476900
vt 0.39559100 0.72971200
vt 0.39020900 0.72662400
vt 0.38469200 0.72613000
vt 0.40590300 0.72403200
vt 0.41110900 0.71239800
vt 0.39641800 0.72252400
vt 0.40295500 0.71587800
vt 0.39836100 0.71372000
vt 0.39212100 0.71823500
vt 0.38579100 0.71546500
vt 0.37048800 0.76076300
vt 0.37471200 0.75909400
vt 0.36857700 0.75808400
vt 0.06428200 0.67257600
vt 0.08583600 0.67447500
vt 0.37670800 0.75220500
vt 0.37267300 0.75170800
vt 0.38177100 0.74440100
vt 0.06249900 0.65708800
vt 0.06886600 0.65464600
vt 0.36185700 0.75168400
vt 0.37431200 0.74973500
vt 0.37337600 0.74696600
vt 0.36798100 0.74157400
vt 0.37778100 0.74455900
vt 0.37748100 0.74291300
vt 0.09351500 0.65720400
vt 0.35442100 0.74012400
vt 0.06993800 0.63688000
vt 0.07553000 0.64019300
vt 0.01720200 0.26084200
vt 0.07052900 0.62185000
vt 0.07747700 0.62421200
vt 0.36919900 0.73191000
vt 0.07854600 0.61030100
vt 0.01656400 0.27180100
vt 0.08609500 0.60351400
vt 0.11078400 0.62082800
vt 0.33092900 0.73877200
vt 0.35251800 0.72697000
vt 0.33197600 0.73013200
vt 0.13108400 0.69266000
vt 0.11866500 0.66397000
vt 0.13328600 0.67974000
vt 0.32941900 0.71966200
vt 0.37038000 0.72289400
vt 0.10667500 0.63230100
vt 0.36864000 0.71429200
vt 0.34469800 0.71381600
vt 0.36535600 0.70415800
vt 0.38151700 0.70222700
vt 0.12010600 0.64935000
vt 0.13925300 0.64343900
vt 0.28773300 0.72752700
vt 0.29829500 0.71592100
vt 0.34049900 0.70104300
vt 0.35614000 0.69248700
vt 0.33865000 0.68327000
vt 0.35151400 0.67828800
vt 0.14878700 0.66398700
vt 0.14896100 0.63279700
vt 0.11994300 0.60318400
vt 0.30922600 0.70602800
vt 0.32607300 0.70028700
vt 0.16155200 0.65465400
vt 0.28775400 0.71371100
vt 0.30103100 0.69425100
vt 0.31929600 0.68629200
vt 0.17087200 0.64284600
vt 0.17098900 0.62514800
vt 0.30186800 0.68580900
vt 0.32536300 0.67530500
vt 0.30673500 0.67383400
vt 0.14785300 0.74164200
vt 0.13874400 0.70990900
vt 0.27620600 0.76860600
vt 0.28140700 0.75785200
vt 0.17453400 0.73889300
vt 0.16542900 0.72141400
vt 0.28026800 0.74851200
vt 0.28382100 0.73703100
vt 0.18069400 0.71332000
vt 0.18032800 0.69922400
vt 0.25885200 0.76363900
vt 0.26352800 0.75259700
vt 0.24767100 0.76238500
vt 0.20713500 0.74431000
vt 0.23204100 0.74970400
vt 0.24574100 0.74957500
vt 0.20898100 0.73058800
vt 0.26709500 0.74065300
vt 0.26769900 0.72588100
vt 0.25673900 0.74035600
vt 0.26058300 0.73268000
vt 0.25992500 0.72741500
vt 0.24337100 0.73673100
vt 0.24768100 0.72661000
vt 0.15692400 0.67938200
vt 0.17871800 0.67831500
vt 0.27376200 0.71447300
vt 0.27604900 0.70655900
vt 0.26352000 0.71547200
vt 0.28549000 0.70114600
vt 0.19608100 0.69130900
vt 0.21792000 0.70161900
vt 0.19445000 0.67329700
vt 0.20198800 0.65716500
vt 0.28360300 0.68949600
vt 0.20105200 0.64092100
vt 0.06916400 0.28167300
vt 0.07475600 0.28853400
vt 0.06721300 0.29072400
vt 0.05347500 0.28472000
vt 0.05425900 0.29389400
vt 0.43636200 0.70706500
vt 0.42612200 0.71106100
vt 0.03632600 0.28540700
vt 0.42070500 0.70389900
vt 0.06470800 0.30012800
vt 0.06202300 0.30887200
vt 0.04943600 0.31624500
vt 0.09941300 0.54037300
vt 0.03895700 0.30131700
vt 0.07948500 0.60086700
vt 0.02114200 0.27782500
vt 0.02758700 0.28709800
vt 0.02354100 0.29325400
vt 0.09026700 0.58391600
vt 0.09536600 0.56920700
vt 0.02991500 0.30263300
vt 0.03012100 0.29788800
vt 0.42811700 0.70258400
vt 0.42812400 0.69145600
vt 0.42029000 0.69231300
vt 0.41133100 0.70176900
vt 0.41519400 0.69208400
vt 0.42709200 0.68450300
vt 0.43378400 0.67681900
vt 0.41844400 0.68526700
vt 0.40610100 0.68402200
vt 0.41138800 0.69123400
vt 0.40809600 0.67079000
vt 0.40547600 0.70809300
vt 0.39887200 0.70589300
vt 0.40407500 0.69926800
vt 0.39013400 0.69548500
vt 0.03694300 0.30641700
vt 0.09562300 0.55868400
vt 0.10453800 0.55506700
vt 0.10404400 0.54260100
vt 0.11661800 0.57077500
vt 0.39374400 0.68525100
vt 0.13006300 0.58578400
vt 0.10782000 0.53065900
vt 0.11477300 0.52169800
vt 0.11054500 0.53853100
vt 0.42661600 0.67660900
vt 0.43212700 0.67025100
vt 0.42969500 0.67344800
vt 0.12046700 0.52926100
vt 0.15319900 0.52581900
vt 0.12663300 0.55493700
vt 0.37232300 0.68742100
vt 0.38596900 0.66840900
vt 0.37162400 0.67677700
vt 0.39395300 0.65182200
vt 0.41911700 0.66205500
vt 0.41706000 0.65014100
vt 0.40131400 0.64147200
vt 0.14693700 0.55670200
vt 0.15620400 0.54774600
vt 0.15097800 0.57488000
vt 0.35883600 0.66355300
vt 0.37043200 0.65086400
vt 0.34159400 0.64001500
vt 0.35462800 0.63693400
vt 0.39483500 0.62657100
vt 0.20300000 0.53878800
vt 0.37947400 0.62821000
vt 0.20863400 0.52758200
vt 0.18174000 0.55025800
vt 0.37142400 0.63510400
vt 0.17561300 0.56818800
vt 0.19819300 0.56388600
vt 0.14715800 0.60055400
vt 0.16874700 0.59246600
vt 0.15620000 0.61495500
vt 0.33071100 0.66372700
vt 0.33784800 0.65256000
vt 0.18447500 0.61256300
vt 0.18195900 0.58164800
vt 0.19183600 0.59313900
vt 0.47696200 0.17122000
vt 0.47087900 0.18193800
vt 0.50843900 0.19727700
vt 0.53134700 0.22294100
vt 0.54378200 0.22568200
vt 0.53732000 0.23745900
vt 0.50636500 0.20544300
vt 0.51363700 0.19395700
vt 0.50962300 0.20398200
vt 0.48962300 0.23028200
vt 0.48414600 0.23569500
vt 0.48946600 0.22430000
vt 0.50166600 0.21043100
vt 0.46745100 0.19945800
vt 0.49531600 0.21440900
vt 0.51838000 0.21713200
vt 0.51838400 0.23198800
vt 0.52819000 0.21143900
vt 0.51088400 0.22277300
vt 0.49948000 0.21862500
vt 0.50355600 0.21454600
vt 0.49501900 0.22263500
vt 0.50039500 0.22112600
vt 0.49473700 0.22713700
vt 0.50673400 0.21037700
vt 0.50519200 0.21837800
vt 0.51189500 0.20895400
vt 0.51464200 0.19933000
vt 0.51697300 0.21007800
vt 0.50993500 0.21749300
vt 0.51597300 0.20795400
vt 0.50462100 0.22604500
vt 0.50554500 0.23193800
vt 0.50684800 0.24042300
vt 0.49831300 0.24077800
vt 0.49426100 0.23136000
vt 0.49829400 0.22982700
vt 0.49735900 0.23685000
vt 0.48950400 0.23498900
vt 0.48821700 0.24194800
vt 0.49010600 0.24415800
vt 0.53672800 0.16287800
vt 0.53702700 0.15618200
vt 0.54599300 0.15009800
vt 0.54463600 0.14559800
vt 0.54326300 0.15806700
vt 0.55227000 0.14578300
vt 0.55242500 0.15108900
vt 0.55418800 0.13150600
vt 0.56190100 0.11994300
vt 0.56160300 0.12780800
vt 0.57481900 0.10005800
vt 0.56425700 0.11113600
vt 0.57227500 0.10984900
vt 0.56644600 0.12020300
vt 0.56389700 0.12808700
vt 0.57122100 0.11667200
vt 0.56822600 0.12613000
vt 0.57862400 0.11350400
vt 0.56750500 0.13227000
vt 0.57741000 0.12046300
vt 0.57770700 0.12760000
vt 0.57013300 0.13345900
vt 0.58025600 0.10138200
vt 0.57852500 0.09994800
vt 0.58107800 0.10454000
vt 0.58815400 0.10407600
vt 0.58552600 0.11363000
vt 0.55401500 0.13921500
vt 0.55862500 0.13361100
vt 0.56263000 0.14336100
vt 0.52307400 0.17413500
vt 0.48691600 0.16039500
vt 0.51901800 0.14016000
vt 0.58157400 0.17914000
vt 0.57809400 0.16469700
vt 0.56389200 0.17038800
vt 0.57434900 0.22200500
vt 0.57195900 0.20576400
vt 0.56215000 0.21575800
vt 0.57175100 0.23722900
vt 0.55880700 0.22947800
vt 0.58231000 0.19750800
vt 0.56991400 0.18906200
vt 0.56064200 0.19768000
vt 0.51579600 0.18403900
vt 0.52973100 0.16770000
vt 0.52956900 0.17317600
vt 0.52581700 0.17893000
vt 0.53397400 0.17106700
vt 0.52200200 0.18410800
vt 0.52874600 0.17989700
vt 0.53492800 0.18823700
vt 0.55298200 0.19005100
vt 0.54336000 0.19577800
vt 0.55088100 0.20318300
vt 0.53007000 0.18892200
vt 0.53695000 0.18006800
vt 0.53231900 0.20051400
vt 0.55675300 0.15941400
vt 0.54620800 0.17084200
vt 0.56013400 0.18062500
vt 0.54598300 0.17708900
vt 0.54274700 0.16209200
vt 0.53761700 0.17116500
vt 0.53239200 0.18182900
vt 0.53801200 0.17637100
vt 0.53870200 0.17277400
vt 0.54741400 0.16251300
vt 0.55515200 0.15622000
vt 0.54897600 0.20789500
vt 0.54216200 0.21275000
vt 0.54950600 0.24264800
vt 0.59274900 0.15171200
vt 0.57681600 0.14915200
vt 0.56877600 0.16003200
vt 0.58564500 0.13800400
vt 0.57108000 0.14006000
vt 0.59577900 0.13501400
vt 0.59317500 0.12361800
vt 0.60316800 0.11278400
vt 0.59355600 0.10764200
vt 0.59294600 0.10162900
vt 0.56123300 0.14980200
vt 0.55703000 0.15018100
vt 0.52173900 0.18928000
vt 0.52233000 0.19395400
vt 0.51585600 0.19489900
vt 0.52322900 0.19744900
vt 0.52359100 0.20132700
vt 0.45279400 0.20692400
vt 0.44505300 0.21936000
vt 0.55517200 0.25800900
vt 0.56374700 0.24840100
vt 0.55373900 0.27433800
vt 0.42270300 0.22311500
vt 0.55812300 0.31432600
vt 0.53987400 0.29439400
vt 0.55222300 0.28722700
vt 0.54280500 0.26339800
vt 0.54276100 0.25223300
vt 0.52705100 0.24595500
vt 0.53252000 0.26078600
vt 0.51995500 0.29919800
vt 0.53707400 0.30761500
vt 0.44978400 0.24107900
vt 0.40117700 0.22892000
vt 0.43989900 0.25133300
vt 0.42056400 0.25062800
vt 0.52315900 0.28405500
vt 0.53486800 0.27434700
vt 0.52134900 0.26635700
vt 0.38468700 0.23738400
vt 0.38046500 0.25046700
vt 0.42078500 0.26549400
vt 0.37875300 0.26691000
vt 0.40890000 0.27321500
vt 0.53926300 0.33226400
vt 0.52933500 0.31574200
vt 0.54568500 0.34297000
vt 0.53421200 0.34573900
vt 0.53974400 0.36083900
vt 0.51246800 0.31291300
vt 0.51869500 0.32604500
vt 0.51836800 0.34540200
vt 0.51462200 0.35929300
vt 0.53282500 0.37594600
vt 0.50940200 0.33105800
vt 0.50400400 0.34780800
vt 0.45356600 0.28580500
vt 0.45514200 0.27424800
vt 0.45873300 0.28250000
vt 0.47612800 0.24680100
vt 0.49927000 0.27174300
vt 0.50684400 0.25897300
vt 0.51219300 0.27090400
vt 0.48684400 0.26604600
vt 0.51538400 0.25139000
vt 0.49618800 0.25335100
vt 0.50925100 0.28536000
vt 0.50604300 0.29955000
vt 0.49662800 0.28590100
vt 0.48467800 0.24279700
vt 0.47892900 0.25147900
vt 0.49059100 0.24733300
vt 0.48969400 0.25447900
vt 0.48002000 0.25336000
vt 0.47938500 0.25864000
vt 0.48441200 0.25738600
vt 0.46641000 0.26154800
vt 0.47415200 0.25566500
vt 0.46981000 0.26623100
vt 0.48313800 0.26320300
vt 0.46920500 0.27162100
vt 0.47677100 0.26893300
vt 0.48017200 0.27956500
vt 0.47739800 0.27337600
vt 0.46342800 0.26942400
vt 0.48849900 0.29687100
vt 0.47430100 0.29020100
vt 0.47172800 0.27234500
vt 0.46420700 0.27520700
vt 0.46860600 0.28461700
vt 0.47119600 0.28467700
vt 0.46657400 0.28240500
vt 0.46170300 0.28074800
vt 0.46173800 0.28463100
vt 0.45590400 0.29002900
vt 0.46091700 0.29248000
vt 0.39300500 0.28419400
vt 0.42083000 0.29321200
vt 0.40493500 0.30064900
vt 0.44296600 0.29900200
vt 0.44955800 0.29225700
vt 0.43719900 0.31365900
vt 0.49984400 0.31704900
vt 0.49005500 0.30869600
vt 0.48095400 0.31650700
vt 0.49896400 0.33472700
vt 0.49606700 0.35654300
vt 0.49130900 0.34280500
vt 0.48304300 0.33358500
vt 0.48488200 0.32614800
vt 0.48247100 0.34891100
vt 0.47626600 0.33702200
vt 0.47861600 0.30419700
vt 0.46446200 0.29717600
vt 0.46821200 0.29795600
vt 0.46411700 0.30641700
vt 0.45985400 0.29943200
vt 0.47340400 0.32286600
vt 0.46896600 0.35053600
vt 0.46463300 0.33771500
vt 0.46551100 0.33042300
vt 0.46394700 0.31981100
vt 0.45452900 0.32160600
vt 0.45383600 0.29729400
vt 0.44890900 0.29962200
vt 0.45029700 0.30097900
vt 0.44474100 0.30841200
vt 0.44785600 0.30812800
vt 0.45469500 0.29919000
vt 0.44889800 0.31309900
vt 0.44393200 0.31417500
vt 0.43937700 0.31799900
vt 0.44076200 0.32028400
vt 0.44481100 0.31993500
vt 0.45068000 0.31575900
vt 0.40705800 0.31385000
vt 0.43171000 0.32384800
vt 0.43520600 0.32607200
vt 0.43832200 0.32947100
vt 0.43570200 0.32924500
vt 0.44293200 0.32808400
vt 0.43573900 0.33844600
vt 0.45748800 0.30781000
vt 0.45453300 0.30631500
vt 0.45633000 0.31281600
vt 0.44810900 0.32194300
vt 0.44960200 0.32965300
vt 0.44373900 0.34103100
vt 0.45663200 0.34444800
vt 0.44581700 0.32843700
vt 0.43781200 0.33963800
vt 0.58135800 0.08919600
vt 0.58699900 0.08072600
vt 0.58573700 0.09227600
vt 0.58875000 0.08543200
vt 0.58938100 0.08974400
vt 0.19432600 0.98114400
vt 0.59615100 0.07198600
vt 0.19836800 0.98789700
vt 0.59491900 0.07956300
vt 0.58699200 0.09455500
vt 0.59080900 0.09561600
vt 0.20744300 0.98800700
vt 0.60152000 0.08643500
vt 0.59769700 0.08042100
vt 0.20047000 0.98654300
vt 0.20391700 0.98434800
vt 0.60181900 0.08150600
vt 0.19203200 0.97202400
vt 0.19545700 0.97398500
vt 0.19292900 0.96405000
vt 0.20044100 0.97069700
vt 0.19701300 0.97132500
vt 0.22118100 0.97992100
vt 0.21126200 0.98861800
vt 0.60363500 0.08977800
vt 0.20767200 0.97494300
vt 0.20968900 0.96209900
vt 0.20372500 0.97282400
vt 0.20406900 0.96507300
vt 0.19595900 0.96409500
vt 0.19345800 0.95567600
vt 0.19592900 0.95137100
vt 0.19918400 0.95348500
vt 0.20604000 0.95548900
vt 0.20205800 0.94986100
vt 0.20377200 0.94490800
vt 0.20259900 0.93374800
vt 0.21191800 0.78446000
vt 0.21189800 0.77588700
vt 0.20963200 0.77577400
vt 0.21444000 0.77363400
vt 0.21787300 0.77113800
vt 0.21822600 0.75910400
vt 0.21625700 0.75814900
vt 0.20780700 0.76899400
vt 0.20876600 0.76244300
vt 0.21400800 0.75489500
vt 0.35687200 0.26814900
vt 0.34666000 0.28484000
vt 0.34893000 0.30334800
vt 0.37037200 0.28567500
vt 0.37424900 0.30763500
vt 0.35252200 0.31977500
vt 0.53622300 0.39515900
vt 0.51450900 0.37871700
vt 0.53394400 0.40695600
vt 0.51872700 0.42482300
vt 0.51868300 0.40816900
vt 0.50080400 0.38307700
vt 0.49873700 0.39410200
vt 0.49426900 0.40446400
vt 0.50023100 0.42319400
vt 0.48160300 0.41077000
vt 0.51582200 0.44098700
vt 0.51563700 0.45951700
vt 0.49956400 0.44081400
vt 0.50241000 0.45944200
vt 0.29787000 0.34619200
vt 0.50185500 0.47701400
vt 0.48995300 0.46944000
vt 0.33422300 0.33035800
vt 0.32913800 0.34193700
vt 0.48452700 0.44734400
vt 0.34913000 0.33130600
vt 0.47748100 0.42081900
vt 0.47274400 0.43291800
vt 0.31841900 0.35187300
vt 0.29572900 0.36082300
vt 0.31702600 0.37150300
vt 0.46993300 0.45583900
vt 0.46979700 0.47200000
vt 0.46932500 0.48751100
vt 0.30194600 0.37581500
vt 0.44025500 0.46247900
vt 0.38328800 0.32934400
vt 0.37492700 0.34196200
vt 0.42307400 0.33492100
vt 0.41686600 0.34555600
vt 0.39557700 0.35007200
vt 0.49089700 0.36480500
vt 0.47698000 0.36066300
vt 0.48089400 0.37177900
vt 0.48086300 0.38054800
vt 0.46757700 0.37803600
vt 0.48001600 0.39063600
vt 0.47088600 0.39810600
vt 0.46584600 0.41038600
vt 0.46756900 0.36502600
vt 0.45700700 0.37262900
vt 0.45053000 0.35697100
vt 0.43836800 0.36412600
vt 0.45656600 0.38920100
vt 0.45260900 0.40424300
vt 0.44428700 0.39644400
vt 0.44451400 0.37725600
vt 0.38406800 0.35940900
vt 0.43601400 0.38797700
vt 0.35821300 0.35176800
vt 0.45945200 0.42133400
vt 0.34578600 0.35966400
vt 0.45886500 0.43664300
vt 0.44421300 0.42256500
vt 0.34041000 0.37530900
vt 0.45122300 0.44182000
vt 0.45369300 0.45714200
vt 0.43565300 0.44903700
vt 0.44059200 0.43825200
vt 0.34143300 0.38889400
vt 0.32969300 0.39546300
vt 0.44345100 0.41464300
vt 0.43704400 0.40650900
vt 0.37962400 0.37304600
vt 0.36719500 0.38041700
vt 0.42986300 0.41133600
vt 0.42908100 0.41672500
vt 0.43060200 0.42769300
vt 0.36308900 0.39577700
vt 0.43650700 0.42919800
vt 0.42516400 0.43720600
vt 0.41518900 0.45549400
vt 0.41639600 0.44396400
vt 0.41553100 0.42243600
vt 0.40758100 0.43000900
vt 0.35487900 0.40691000
vt 0.40369400 0.43967100
vt 0.27646400 0.36109400
vt 0.48291400 0.50700400
vt 0.26914400 0.39087300
vt 0.25214700 0.37897500
vt 0.28637200 0.38361600
vt 0.30969400 0.39182100
vt 0.29655400 0.39695100
vt 0.29100900 0.40688400
vt 0.44342100 0.48257100
vt 0.43116300 0.46995200
vt 0.33997700 0.41401700
vt 0.32770200 0.42015900
vt 0.47951900 0.52188300
vt 0.45937200 0.52278500
vt 0.44989700 0.50291000
vt 0.46104300 0.49520300
vt 0.25915300 0.40552300
vt 0.44551800 0.54059100
vt 0.24892600 0.43619100
vt 0.44809800 0.52879200
vt 0.43441000 0.54632800
vt 0.25139400 0.41967400
vt 0.41550200 0.50808700
vt 0.27831200 0.41265000
vt 0.28138000 0.42817200
vt 0.27544200 0.43781700
vt 0.41639800 0.52273500
vt 0.41547100 0.53259000
vt 0.42705700 0.55408500
vt 0.23946600 0.44807900
vt 0.40599000 0.53545800
vt 0.29391100 0.45849100
vt 0.26222700 0.45218500
vt 0.42389600 0.56994200
vt 0.40757700 0.57814400
vt 0.40944700 0.54859300
vt 0.39087900 0.57865000
vt 0.38026600 0.58667200
vt 0.38846800 0.55439300
vt 0.38820900 0.53867300
vt 0.37903000 0.56565900
vt 0.36614100 0.57455800
vt 0.36139100 0.55355400
vt 0.35672500 0.56452500
vt 0.21629700 0.47798900
vt 0.24600700 0.46762100
vt 0.24093300 0.48100900
vt 0.21535800 0.50682300
vt 0.26344500 0.46535500
vt 0.24449100 0.49890700
vt 0.42905800 0.48134900
vt 0.42390100 0.49743300
vt 0.41678300 0.46780100
vt 0.40842500 0.47857500
vt 0.41793600 0.48491400
vt 0.40734900 0.49228600
vt 0.40261400 0.50054600
vt 0.31431100 0.43498700
vt 0.32454900 0.43084700
vt 0.39841400 0.52006500
vt 0.39522900 0.50578800
vt 0.29339900 0.47348000
vt 0.38543500 0.50847500
vt 0.31247300 0.44397500
vt 0.39469400 0.46824900
vt 0.39485400 0.48424900
vt 0.40143700 0.45980900
vt 0.39691400 0.44976700
vt 0.38163700 0.47344200
vt 0.38661400 0.49306800
vt 0.37374200 0.48379200
vt 0.36875200 0.49580600
vt 0.30016000 0.44746700
vt 0.31819200 0.45909300
vt 0.34030600 0.45593900
vt 0.38851300 0.52663000
vt 0.37402100 0.54410100
vt 0.37643900 0.51657400
vt 0.37153000 0.53120500
vt 0.35694100 0.53895400
vt 0.36791500 0.52254100
vt 0.35636100 0.52730500
vt 0.34515600 0.55074300
vt 0.36581800 0.50968300
vt 0.35359600 0.51873400
vt 0.35672300 0.50891800
vt 0.34943400 0.49268900
vt 0.32863400 0.48609800
vt 0.34058000 0.53169800
vt 0.34185800 0.52268000
vt 0.33182300 0.54168400
vt 0.33896400 0.51072900
vt 0.32758300 0.52447600
vt 0.26677700 0.48778100
vt 0.28906900 0.49015600
vt 0.27365500 0.50302700
vt 0.25905100 0.51538400
vt 0.28548600 0.51809500
vt 0.30974400 0.51718300
vt 0.31652100 0.50835000
vt 0.42919800 0.33395700
vt 0.42876700 0.33911800
vt 0.42792000 0.34710100
vt 0.42698600 0.34084400
vt 0.42259200 0.34595100
vt 0.41752600 0.35607100
vt 0.42081500 0.35252300
vt 0.40981700 0.35743300
vt 0.43794500 0.35040100
vt 0.43193700 0.35901200
vt 0.43126400 0.35213400
vt 0.42677500 0.35529400
vt 0.42811200 0.37526700
vt 0.39637900 0.35810900
vt 0.39678100 0.35831300
vt 0.40262100 0.36792700
vt 0.42351300 0.38601200
vt 0.42610000 0.36736100
vt 0.42392100 0.36388000
vt 0.41630500 0.36304900
vt 0.41980800 0.36248500
vt 0.41078300 0.36456300
vt 0.41369800 0.36420400
vt 0.41819700 0.37081600
vt 0.41999900 0.37824500
vt 0.41723200 0.37556800
vt 0.41081300 0.36894900
vt 0.41329600 0.37162300
vt 0.40598000 0.37340900
vt 0.40928900 0.37252400
vt 0.40703700 0.38350800
vt 0.40550300 0.38082300
vt 0.41216800 0.38071400
vt 0.42176100 0.39836500
vt 0.39148800 0.38912000
vt 0.39702000 0.37859800
vt 0.40052600 0.38058400
vt 0.40377300 0.38013000
vt 0.41399600 0.39594300
vt 0.41100000 0.38839500
vt 0.40550200 0.39131100
vt 0.39957300 0.38592000
vt 0.40509000 0.39671500
vt 0.39713900 0.38736300
vt 0.39919100 0.38933400
vt 0.39653100 0.40073800
vt 0.39461400 0.39318100
vt 0.39919100 0.40074100
vt 0.41890800 0.41084700
vt 0.40403700 0.40915700
vt 0.39962200 0.40575600
vt 0.38598600 0.39778600
vt 0.39041500 0.39977200
vt 0.39703800 0.41979400
vt 0.37591200 0.41228500
vt 0.38784500 0.43470200
vt 0.39470600 0.40791100
vt 0.39108200 0.41798900
vt 0.38765100 0.41865100
vt 0.38503300 0.40623800
vt 0.39244500 0.42771800
vt 0.38326200 0.42858600
vt 0.37947800 0.43054600
vt 0.39728500 0.39168000
vt 0.39431600 0.39757900
vt 0.38797100 0.40672800
vt 0.38385400 0.41949900
vt 0.38392800 0.41065600
vt 0.37708200 0.41941500
vt 0.37967000 0.42033400
vt 0.35970300 0.41888000
vt 0.35296500 0.42872800
vt 0.36663400 0.42493900
vt 0.36827500 0.43038000
vt 0.37024700 0.43049600
vt 0.36451600 0.43913300
vt 0.36039800 0.43568600
vt 0.37392500 0.42797100
vt 0.37112600 0.43826200
vt 0.36672000 0.43931300
vt 0.37769200 0.45074800
vt 0.34982200 0.43509900
vt 0.34136000 0.44565600
vt 0.35194400 0.44687100
vt 0.37463900 0.45886300
vt 0.38204200 0.44156700
vt 0.37741700 0.43973500
vt 0.37330800 0.44104100
vt 0.36816900 0.45183600
vt 0.36700900 0.44795100
vt 0.36048800 0.44349100
vt 0.35951200 0.44885300
vt 0.36748200 0.45938000
vt 0.35651200 0.45028200
vt 0.36224000 0.45303300
vt 0.36236500 0.45815300
vt 0.35562600 0.46214000
vt 0.36400100 0.46984500
vt 0.35842800 0.46714600
vt 0.34990900 0.45651800
vt 0.35217200 0.46055000
vt 0.35297900 0.45669800
vt 0.35732200 0.47936600
vt 0.34250500 0.46426600
vt 0.33557400 0.47576400
vt 0.35101200 0.47932800
vt 0.35461000 0.46867300
vt 0.35045000 0.47040000
vt 0.34543600 0.46774300
vt 0.34572000 0.47114400
vt 0.34539000 0.48291900
vt 0.34388100 0.47954600
vt 0.33765000 0.47901000
vt 0.34115400 0.47694700
vt 0.33870400 0.48278900
vt 0.34065100 0.50195100
vt 0.33345500 0.50803100
vt 0.34198400 0.49369200
vt 0.33273400 0.50282600
vt 0.33800600 0.49432000
vt 0.33624600 0.49235800
vt 0.33464900 0.48349000
vt 0.33641000 0.48481100
vt 0.33119600 0.49007000
vt 0.32399300 0.49579300
vt 0.33324200 0.49051000
vt 0.32232200 0.51342200
vt 0.32447400 0.50360900
vt 0.32575500 0.49836100
vt 0.33032700 0.51348500
vt 0.32316400 0.52136200
vt 0.32099400 0.52004300
vt 0.32850300 0.50881800
vt 0.31683000 0.53018400
vt 0.31984300 0.50244400
vt 0.31981300 0.50813200
vt 0.31573900 0.51434400
vt 0.31653300 0.51685400
vt 0.31224900 0.51823600
vt 0.31128400 0.52373600
vt 0.30766200 0.52616100
vt 0.28433500 0.67891900
vt 0.29676800 0.67075900
vt 0.30045100 0.66007400
vt 0.27717600 0.67028800
vt 0.28632100 0.65909500
vt 0.22195400 0.74898600
vt 0.21869200 0.74736300
vt 0.23012300 0.73270500
vt 0.22234400 0.73941400
vt 0.22452900 0.73021400
vt 0.22219500 0.73112700
vt 0.24957500 0.72001100
vt 0.25473000 0.70893700
vt 0.21513500 0.71555700
vt 0.23598800 0.72195200
vt 0.22848200 0.71925500
vt 0.23095500 0.70999700
vt 0.23787100 0.70895600
vt 0.22803900 0.71141500
vt 0.22068900 0.72739000
vt 0.22393200 0.71205100
vt 0.21057300 0.74777600
vt 0.21130700 0.75362200
vt 0.21348600 0.74485400
vt 0.21526600 0.73507500
vt 0.21308000 0.73423300
vt 0.21623600 0.72603700
vt 0.21474800 0.72674800
vt 0.21858800 0.71539600
vt 0.21994400 0.71885900
vt 0.22065100 0.70850800
vt 0.22430700 0.70400700
vt 0.25688100 0.70212200
vt 0.27150900 0.69587600
vt 0.25554100 0.68778300
vt 0.24153500 0.69648800
vt 0.23478300 0.69739600
vt 0.23261300 0.69621500
vt 0.22307000 0.69067500
vt 0.22380400 0.69788200
vt 0.23960700 0.68724500
vt 0.22604000 0.67973800
vt 0.22824300 0.68627700
vt 0.26792200 0.68088900
vt 0.25616000 0.67416100
vt 0.26954200 0.65480400
vt 0.23748200 0.65200300
vt 0.23200700 0.66153200
vt 0.23063100 0.66957500
vt 0.23314400 0.68662800
vt 0.22965700 0.68778500
vt 0.24690500 0.67927000
vt 0.24252100 0.67688900
vt 0.23889400 0.67954500
vt 0.26331300 0.66358700
vt 0.25039800 0.65985200
vt 0.24787400 0.66460400
vt 0.25901000 0.64876600
vt 0.24889000 0.65530000
vt 0.25407500 0.64905600
vt 0.24475200 0.65824800
vt 0.24417300 0.66697600
vt 0.23215700 0.67613300
vt 0.23313300 0.67752000
vt 0.23642800 0.66857300
vt 0.23496600 0.66944100
vt 0.23683500 0.65857700
vt 0.23763100 0.66343300
vt 0.24018900 0.65982900
vt 0.24193100 0.65456100
vt 0.37557500 0.60307500
vt 0.35863900 0.61442200
vt 0.35644600 0.60292900
vt 0.20344600 0.55255900
vt 0.33590800 0.62100800
vt 0.34335700 0.61111400
vt 0.35288000 0.59460800
vt 0.35472200 0.58225600
vt 0.34078900 0.58432600
vt 0.33883700 0.59988700
vt 0.32669300 0.61093700
vt 0.24662300 0.56572300
vt 0.32379400 0.59655100
vt 0.33346900 0.59276800
vt 0.31601800 0.60625700
vt 0.25299400 0.55102000
vt 0.31550600 0.66046800
vt 0.31853000 0.65080500
vt 0.32331100 0.63884900
vt 0.32806400 0.62715800
vt 0.30686300 0.64741200
vt 0.31053200 0.63320000
vt 0.20996000 0.60752400
vt 0.29353900 0.64680300
vt 0.21509100 0.62099800
vt 0.21500800 0.63181400
vt 0.21206400 0.58109700
vt 0.21642000 0.59420700
vt 0.23183000 0.57792600
vt 0.31835500 0.62140400
vt 0.30334500 0.62132800
vt 0.29901300 0.63380700
vt 0.28213600 0.63515400
vt 0.24918800 0.62683600
vt 0.25400400 0.61631100
vt 0.27279900 0.64345200
vt 0.26878900 0.63816100
vt 0.28979100 0.62828800
vt 0.28991500 0.61967100
vt 0.28010400 0.62204900
vt 0.26542600 0.63164200
vt 0.31263800 0.61334700
vt 0.29943500 0.60266100
vt 0.29970400 0.61299300
vt 0.26899700 0.58522300
vt 0.25932300 0.60541800
vt 0.21439600 0.51955500
vt 0.25016700 0.52573900
vt 0.24810600 0.53738100
vt 0.34194300 0.57255000
vt 0.33547300 0.55911900
vt 0.32154400 0.56125200
vt 0.33025800 0.58006700
vt 0.31919800 0.58289300
vt 0.30824600 0.58500900
vt 0.31208300 0.57186000
vt 0.29753700 0.57566200
vt 0.31833900 0.54457600
vt 0.32059800 0.53381200
vt 0.31482700 0.53862500
vt 0.30958600 0.55140800
vt 0.30334800 0.55369500
vt 0.31042900 0.54181600
vt 0.30497800 0.56383200
vt 0.29733600 0.56622100
vt 0.29818600 0.55850000
vt 0.29321700 0.56845000
vt 0.29157500 0.57542400
vt 0.29382100 0.55887700
vt 0.29034900 0.56734900
vt 0.26992500 0.62331000
vt 0.27451300 0.61251500
vt 0.26685000 0.62047600
vt 0.30318400 0.59255700
vt 0.28580700 0.60606000
vt 0.28885900 0.58758200
vt 0.28236200 0.59711400
vt 0.28062700 0.59275900
vt 0.28824300 0.58194000
vt 0.27557400 0.57585400
vt 0.27404900 0.58356600
vt 0.27793200 0.57795900
vt 0.26861600 0.59308400
vt 0.27352500 0.58707600
vt 0.26308000 0.60676300
vt 0.25732700 0.61574000
vt 0.26090900 0.61489300
vt 0.26524100 0.59507000
vt 0.27692400 0.60328800
vt 0.27318700 0.60520800
vt 0.26818900 0.60135900
vt 0.26725400 0.59785700
vt 0.27692200 0.59230700
vt 0.26682300 0.61011800
vt 0.27015900 0.59682500
vt 0.26565000 0.61832000
vt 0.26441900 0.60861300
vt 0.27202700 0.59422300
vt 0.27652400 0.58568500
vt 0.28483900 0.58245000
vt 0.28763600 0.57574400
vt 0.28231600 0.58097500
vt 0.28069300 0.57768500
vt 0.28230200 0.57055800
vt 0.28418800 0.57267900
vt 0.28563700 0.56858700
vt 0.27892000 0.53050300
vt 0.28985600 0.54877100
vt 0.28043800 0.56587900
vt 0.29612900 0.53748600
vt 0.30271100 0.52697700
vt 0.31389300 0.53139000
vt 0.30678000 0.54393100
vt 0.30400300 0.54378000
vt 0.30232800 0.53482700
vt 0.30488900 0.53398400
vt 0.29735000 0.54396300
vt 0.30146800 0.54020700
vt 0.28634900 0.55588600
vt 0.28968600 0.55891700
vt 0.29172100 0.55297800
vt 0.28846100 0.56353400
vt 0.28774300 0.56053000
vt 0.28543600 0.56532800
vt 0.29308100 0.55409300
vt 0.29308100 0.55409300
vt 0.29609900 0.54871600
vt 0.29182300 0.55690500
vt 0.24360200 0.63822900
vt 0.25851500 0.63899300
vt 0.25430600 0.64191300
vt 0.24480400 0.64486300
vt 0.24557800 0.64791800
vt 0.25092300 0.63612900
vt 0.24862700 0.63668100
vt 0.25670300 0.63095600
vt 0.26098900 0.62998700
vt 0.25667000 0.62491500
vt 0.25339000 0.62695900
vt 0.25355800 0.62367100
vt 0.25759300 0.61902300
vt 0.30939300 0.52801600
f 1/1 2/2 3/3
f 4/4 5/5 6/6
f 7/7 8/8 10/10
f 4/4 11/11 12/12
f 13/13 11/11 10/10
f 13/13 12/12 11/11
f 1/1 13/13 2/2
f 13/13 1/1 12/12
f 4/4 6/6 11/11
f 11/11 7/7 10/10
f 8/8 14/14 16/16
f 17/17 16/16 20/20
f 17/17 20/20 22/22
f 23/23 22/22 20/20
f 21/21 24/24 18/18
f 24/24 25/25 26/26
f 5/5 27/27 6/6
f 6/6 27/27 28/28
f 28/28 29/29 30/30
f 23/23 14/14 31/31
f 31/31 14/14 7/7
f 8/8 7/7 14/14
f 14/14 20/20 16/16
f 23/23 30/30 32/32
f 31/31 30/30 23/23
f 14/14 23/23 20/20
f 6/6 7/7 11/11
f 31/31 6/6 28/28
f 6/6 31/31 7/7
f 31/31 28/28 30/30
f 33/33 34/34 35/35
f 36/36 38/38 39/39
f 41/41 40/40 42/42
f 43/43 42/42 30/30
f 42/42 43/43 41/41
f 41/41 37/37 40/40
f 41/41 44/44 37/37
f 22/22 32/32 46/46
f 24/24 21/21 45/45
f 40/40 46/46 32/32
f 42/42 32/32 30/30
f 32/32 42/42 40/40
f 23/23 32/32 22/22
f 25/25 24/24 45/45
f 25/25 45/45 47/47
f 45/45 39/39 47/47
f 39/39 38/38 47/47
f 35/35 48/48 49/49
f 49/49 50/50 35/35
f 50/50 49/49 51/51
f 35/35 50/50 33/33
f 50/50 52/52 33/33
f 53/53 50/50 51/51
f 54/54 55/55 53/53
f 56/56 52/52 50/50
f 56/56 50/50 53/53
f 57/57 53/53 55/55
f 56/56 53/53 57/57
f 58/58 59/59 60/60
f 61/61 1/1 59/59
f 62/62 61/61 59/59
f 62/62 59/59 58/58
f 63/63 64/64 65/65
f 64/64 58/58 65/65
f 62/62 58/58 64/64
f 65/65 58/58 66/66
f 63/63 67/67 68/68
f 69/69 70/70 71/71
f 69/69 4/4 70/70
f 72/72 69/69 71/71
f 71/71 73/73 74/74
f 62/62 64/64 70/70
f 70/70 61/61 62/62
f 61/61 70/70 12/12
f 70/70 75/75 71/71
f 75/75 70/70 64/64
f 64/64 63/63 75/75
f 68/68 75/75 63/63
f 68/68 76/76 75/75
f 77/77 76/76 68/68
f 1/1 61/61 12/12
f 12/12 70/70 4/4
f 71/71 75/75 73/73
f 76/76 73/73 75/75
f 78/78 68/68 67/67
f 78/78 77/77 68/68
f 76/76 79/79 73/73
f 79/79 76/76 77/77
f 80/80 79/79 77/77
f 79/79 80/80 81/81
f 82/82 81/81 80/80
f 83/83 84/84 85/85
f 86/86 83/83 85/85
f 87/87 83/83 86/86
f 84/84 83/83 88/88
f 89/89 90/90 91/91
f 91/91 87/87 86/86
f 91/91 90/90 87/87
f 92/92 93/93 90/90
f 94/94 74/74 95/95
f 4/4 69/69 5/5
f 72/72 96/96 69/69
f 69/69 96/96 5/5
f 27/27 5/5 96/96
f 74/74 72/72 71/71
f 74/74 73/73 97/97
f 72/72 94/94 96/96
f 72/72 74/74 94/94
f 98/98 74/74 97/97
f 74/74 98/98 95/95
f 96/96 29/29 27/27
f 99/99 96/96 94/94
f 29/29 96/96 99/99
f 99/99 85/85 100/100
f 94/94 101/101 99/99
f 99/99 100/100 29/29
f 28/28 27/27 29/29
f 102/102 97/97 79/79
f 97/97 102/102 98/98
f 95/95 98/98 103/103
f 103/103 94/94 95/95
f 98/98 104/104 105/105
f 104/104 98/98 102/102
f 105/105 103/103 98/98
f 104/104 106/106 105/105
f 107/107 108/108 34/34
f 107/107 109/109 108/108
f 107/107 34/34 110/110
f 34/34 33/33 110/110
f 111/111 107/107 112/112
f 109/109 107/107 111/111
f 73/73 79/79 97/97
f 81/81 102/102 79/79
f 113/113 81/81 82/82
f 102/102 81/81 114/114
f 113/113 114/114 81/81
f 102/102 114/114 104/104
f 115/115 106/106 114/114
f 114/114 106/106 104/104
f 30/30 100/100 43/43
f 29/29 100/100 30/30
f 116/116 43/43 100/100
f 116/116 41/41 43/43
f 99/99 101/101 85/85
f 85/85 116/116 100/100
f 117/117 44/44 41/41
f 84/84 117/117 116/116
f 116/116 117/117 41/41
f 117/117 84/84 118/118
f 101/101 94/94 91/91
f 103/103 91/91 94/94
f 103/103 89/89 91/91
f 86/86 85/85 101/101
f 86/86 101/101 91/91
f 119/119 89/89 103/103
f 105/105 119/119 103/103
f 105/105 106/106 119/119
f 106/106 120/120 119/119
f 84/84 116/116 85/85
f 121/121 33/33 52/52
f 110/110 33/33 121/121
f 107/107 110/110 121/121
f 121/121 112/112 107/107
f 56/56 122/122 52/52
f 52/52 122/122 121/121
f 121/121 122/122 123/123
f 112/112 121/121 123/123
f 124/124 122/122 56/56
f 123/123 122/122 124/124
f 125/125 126/126 111/111
f 125/125 111/111 112/112
f 112/112 123/123 127/127
f 112/112 127/127 125/125
f 115/115 114/114 128/128
f 113/113 128/128 114/114
f 128/128 113/113 129/129
f 128/128 129/129 130/130
f 131/131 132/132 120/120
f 120/120 133/133 131/131
f 92/92 89/89 119/119
f 120/120 92/92 119/119
f 132/132 92/92 120/120
f 89/89 92/92 90/90
f 93/93 92/92 134/134
f 132/132 135/135 92/92
f 92/92 135/135 134/134
f 136/136 131/131 133/133
f 132/132 131/131 135/135
f 131/131 136/136 135/135
f 137/137 138/138 135/135
f 135/135 136/136 137/137
f 120/120 106/106 115/115
f 128/128 133/133 115/115
f 133/133 120/120 115/115
f 133/133 128/128 130/130
f 139/139 130/130 129/129
f 130/130 136/136 133/133
f 136/136 130/130 140/140
f 141/141 142/142 143/143
f 145/145 146/146 147/147
f 148/148 149/149 150/150
f 149/149 148/148 151/151
f 152/152 149/149 153/153
f 152/152 150/150 149/149
f 147/147 150/150 152/152
f 147/147 146/146 150/150
f 154/154 155/155 156/156
f 157/157 154/154 158/158
f 153/153 159/159 152/152
f 160/160 145/145 147/147
f 145/145 161/161 162/162
f 163/163 145/145 160/160
f 161/161 145/145 163/163
f 162/162 161/161 164/164
f 147/147 152/152 159/159
f 154/154 156/156 165/165
f 166/166 156/156 167/167
f 166/166 165/165 156/156
f 160/160 147/147 159/159
f 168/168 169/169 154/154
f 165/165 170/170 168/168
f 166/166 167/167 171/171
f 168/168 154/154 165/165
f 172/172 173/173 174/174
f 175/175 172/172 141/141
f 175/175 173/173 172/172
f 176/176 151/151 177/177
f 151/151 176/176 149/149
f 177/177 151/151 178/178
f 177/177 178/178 142/142
f 179/179 181/181 182/182
f 179/179 182/182 183/183
f 183/183 184/184 179/179
f 176/176 153/153 149/149
f 174/174 176/176 177/177
f 183/183 157/157 184/184
f 158/158 184/184 157/157
f 141/141 172/172 142/142
f 142/142 172/172 177/177
f 185/185 187/187 188/188
f 188/188 180/180 185/185
f 174/174 177/177 172/172
f 181/181 189/189 186/186
f 189/189 181/181 179/179
f 190/190 176/176 174/174
f 190/190 153/153 176/176
f 190/190 191/191 153/153
f 173/173 175/175 192/192
f 193/193 194/194 195/195
f 194/194 196/196 195/195
f 197/197 195/195 196/196
f 169/169 198/198 154/154
f 199/199 179/179 198/198
f 198/198 193/193 199/199
f 154/154 198/198 158/158
f 184/184 158/158 198/198
f 184/184 198/198 179/179
f 168/168 200/200 169/169
f 193/193 198/198 169/169
f 169/169 201/201 193/193
f 202/202 193/193 201/201
f 189/189 179/179 199/199
f 203/203 189/189 199/199
f 199/199 195/195 203/203
f 189/189 203/203 186/186
f 203/203 204/204 186/186
f 193/193 195/195 199/199
f 195/195 197/197 203/203
f 204/204 203/203 197/197
f 207/207 208/208 209/209
f 211/211 209/209 208/208
f 212/212 213/213 214/214
f 210/210 215/215 214/214
f 214/214 215/215 212/212
f 216/216 217/217 218/218
f 219/219 220/220 221/221
f 217/217 211/211 218/218
f 222/222 211/211 217/217
f 218/218 211/211 208/208
f 217/217 223/223 222/222
f 222/222 224/224 225/225
f 227/227 225/225 224/224
f 215/215 226/226 228/228
f 229/229 227/227 224/224
f 224/224 223/223 221/221
f 223/223 224/224 222/222
f 231/231 227/227 229/229
f 221/221 229/229 224/224
f 220/220 231/231 229/229
f 211/211 225/225 209/209
f 210/210 226/226 215/215
f 211/211 222/222 225/225
f 232/232 233/233 234/234
f 235/235 233/233 236/236
f 233/233 237/237 234/234
f 238/238 237/237 233/233
f 238/238 233/233 235/235
f 223/223 239/239 240/240
f 223/223 217/217 216/216
f 229/229 221/221 220/220
f 223/223 240/240 221/221
f 240/240 219/219 221/221
f 241/241 242/242 235/235
f 241/241 235/235 236/236
f 243/243 238/238 235/235
f 242/242 243/243 235/235
f 244/244 245/245 246/246
f 247/247 244/244 212/212
f 244/244 246/246 212/212
f 244/244 248/248 245/245
f 66/66 245/245 248/248
f 248/248 244/244 249/249
f 244/244 250/250 249/249
f 248/248 249/249 66/66
f 66/66 251/251 252/252
f 252/252 251/251 253/253
f 215/215 254/254 247/247
f 254/254 255/255 247/247
f 247/247 212/212 215/215
f 255/255 256/256 250/250
f 250/250 247/247 255/255
f 257/257 256/256 255/255
f 258/258 257/257 255/255
f 250/250 244/244 247/247
f 259/259 260/260 257/257
f 261/261 260/260 262/262
f 263/263 264/264 265/265
f 261/261 266/266 264/264
f 262/262 266/266 261/261
f 66/66 249/249 267/267
f 251/251 66/66 267/267
f 252/252 253/253 268/268
f 256/256 249/249 250/250
f 267/267 249/249 256/256
f 267/267 269/269 251/251
f 267/267 261/261 264/264
f 269/269 267/267 264/264
f 260/260 261/261 256/256
f 256/256 261/261 267/267
f 269/269 264/264 263/263
f 256/256 257/257 260/260
f 251/251 269/269 253/253
f 253/253 270/270 271/271
f 272/272 253/253 271/271
f 270/270 253/253 269/269
f 272/272 268/268 253/253
f 271/271 273/273 272/272
f 274/274 269/269 263/263
f 270/270 269/269 274/274
f 265/265 274/274 263/263
f 275/275 274/274 265/265
f 275/275 271/271 274/274
f 271/271 270/270 274/274
f 276/276 273/273 271/271
f 277/277 273/273 276/276
f 278/278 277/277 276/276
f 276/276 271/271 275/275
f 279/279 280/280 258/258
f 280/280 279/279 230/230
f 258/258 280/280 281/281
f 282/282 231/231 220/220
f 283/283 280/280 230/230
f 284/284 231/231 282/282
f 219/219 282/282 220/220
f 285/285 282/282 219/219
f 286/286 280/280 283/283
f 285/285 284/284 282/282
f 287/287 286/286 283/283
f 284/284 285/285 288/288
f 287/287 283/283 288/288
f 280/280 286/286 281/281
f 289/289 290/290 291/291
f 289/289 291/291 292/292
f 279/279 254/254 228/228
f 228/228 254/254 215/215
f 254/254 279/279 258/258
f 279/279 228/228 230/230
f 234/234 293/293 232/232
f 232/232 293/293 294/294
f 295/295 294/294 293/293
f 236/236 233/233 296/296
f 297/297 296/296 232/232
f 233/233 232/232 296/296
f 232/232 294/294 297/297
f 258/258 255/255 254/254
f 297/297 294/294 298/298
f 299/299 300/300 298/298
f 299/299 298/298 301/301
f 302/302 299/299 301/301
f 298/298 300/300 297/297
f 301/301 298/298 294/294
f 295/295 301/301 294/294
f 301/301 295/295 303/303
f 301/301 303/303 302/302
f 302/302 303/303 306/306
f 307/307 241/241 296/296
f 308/308 307/307 290/290
f 290/290 296/296 297/297
f 290/290 307/307 296/296
f 241/241 307/307 309/309
f 309/309 307/307 308/308
f 241/241 236/236 296/296
f 290/290 297/297 300/300
f 291/291 290/290 300/300
f 308/308 290/290 289/289
f 309/309 308/308 310/310
f 310/310 308/308 289/289
f 259/259 257/257 281/281
f 258/258 281/281 257/257
f 311/311 259/259 281/281
f 312/312 262/262 259/259
f 260/260 259/259 262/262
f 311/311 312/312 259/259
f 262/262 312/312 313/313
f 287/287 311/311 281/281
f 314/314 315/315 287/287
f 287/287 281/281 286/286
f 314/314 287/287 288/288
f 315/315 311/311 287/287
f 291/291 316/316 317/317
f 318/318 312/312 311/311
f 311/311 315/315 318/318
f 319/319 320/320 316/316
f 321/321 322/322 320/320
f 323/323 322/322 321/321
f 323/323 324/324 327/327
f 328/328 316/316 320/320
f 320/320 322/322 328/328
f 321/321 302/302 329/329
f 329/329 302/302 306/306
f 330/330 305/305 331/331
f 331/331 332/332 330/330
f 276/276 275/275 333/333
f 332/332 334/334 330/330
f 299/299 316/316 300/300
f 300/300 316/316 291/291
f 299/299 319/319 316/316
f 319/319 299/299 302/302
f 302/302 321/321 319/319
f 321/321 329/329 323/323
f 320/320 319/319 321/321
f 324/324 323/323 329/329
f 239/239 223/223 216/216
f 162/162 216/216 335/335
f 336/336 219/219 240/240
f 336/336 337/337 219/219
f 338/338 339/339 243/243
f 338/338 243/243 242/242
f 338/338 242/242 340/340
f 309/309 242/242 241/241
f 341/341 242/242 309/309
f 341/341 309/309 342/342
f 341/341 340/340 242/242
f 343/343 340/340 344/344
f 344/344 340/340 341/341
f 345/345 344/344 341/341
f 345/345 341/341 342/342
f 345/345 342/342 346/346
f 347/347 162/162 164/164
f 347/347 239/239 216/216
f 347/347 216/216 162/162
f 347/347 164/164 348/348
f 348/348 239/239 347/347
f 348/348 240/240 239/239
f 348/348 349/349 240/240
f 349/349 350/350 240/240
f 351/351 352/352 344/344
f 337/337 336/336 350/350
f 353/353 337/337 350/350
f 354/354 355/355 337/337
f 354/354 337/337 353/353
f 344/344 345/345 356/356
f 350/350 336/336 240/240
f 357/357 345/345 346/346
f 357/357 346/346 358/358
f 356/356 351/351 344/344
f 359/359 351/351 356/356
f 357/357 356/356 345/345
f 315/315 360/360 361/361
f 361/361 360/360 362/362
f 362/362 360/360 363/363
f 363/363 364/364 362/362
f 365/365 363/363 366/366
f 365/365 364/364 363/363
f 365/365 367/367 364/364
f 368/368 365/365 366/366
f 365/365 368/368 367/367
f 369/369 364/364 367/367
f 370/370 367/367 368/368
f 337/337 285/285 219/219
f 337/337 288/288 285/285
f 310/310 289/289 292/292
f 310/310 292/292 371/371
f 372/372 373/373 310/310
f 372/372 310/310 371/371
f 355/355 288/288 337/337
f 374/374 288/288 355/355
f 374/374 366/366 288/288
f 375/375 372/372 371/371
f 376/376 375/375 371/371
f 373/373 309/309 310/310
f 342/342 309/309 373/373
f 346/346 373/373 372/372
f 342/342 373/373 346/346
f 377/377 314/314 288/288
f 360/360 315/315 314/314
f 363/363 314/314 377/377
f 314/314 363/363 360/360
f 366/366 377/377 288/288
f 366/366 363/363 377/377
f 317/317 378/378 292/292
f 292/292 378/378 371/371
f 292/292 291/291 317/317
f 316/316 379/379 317/317
f 378/378 317/317 380/380
f 380/380 317/317 379/379
f 371/371 378/378 381/381
f 371/371 381/381 376/376
f 381/381 378/378 380/380
f 315/315 361/361 318/318
f 382/382 380/380 383/383
f 382/382 381/381 380/380
f 382/382 383/383 384/384
f 328/328 379/379 316/316
f 328/328 385/385 379/379
f 383/383 379/379 385/385
f 379/379 383/383 380/380
f 386/386 376/376 381/381
f 387/387 376/376 386/386
f 386/386 381/381 382/382
f 382/382 388/388 386/386
f 388/388 382/382 384/384
f 389/389 388/388 390/390
f 389/389 386/386 388/388
f 346/346 372/372 358/358
f 358/358 372/372 375/375
f 358/358 375/375 391/391
f 375/375 392/392 391/391
f 392/392 375/375 376/376
f 392/392 376/376 387/387
f 355/355 354/354 374/374
f 393/393 374/374 354/354
f 366/366 374/374 393/393
f 387/387 386/386 389/389
f 389/389 394/394 387/387
f 387/387 395/395 392/392
f 387/387 394/394 395/395
f 396/396 394/394 389/389
f 396/396 389/389 397/397
f 398/398 399/399 400/400
f 401/401 400/400 399/399
f 398/398 402/402 399/399
f 401/401 403/403 404/404
f 399/399 405/405 401/401
f 405/405 399/399 406/406
f 405/405 403/403 401/401
f 404/404 403/403 407/407
f 408/408 410/410 9/9
f 408/408 407/407 403/403
f 410/410 408/408 405/405
f 408/408 403/403 405/405
f 408/408 9/9 411/411
f 411/411 412/412 407/407
f 408/408 411/411 407/407
f 150/150 404/404 148/148
f 404/404 151/151 148/148
f 150/150 400/400 401/401
f 150/150 401/401 404/404
f 151/151 404/404 407/407
f 412/412 151/151 407/407
f 413/413 414/414 415/415
f 417/417 419/419 406/406
f 405/405 406/406 419/419
f 416/416 3/3 420/420
f 420/420 418/418 416/416
f 214/214 213/213 3/3
f 420/420 3/3 2/2
f 421/421 406/406 399/399
f 399/399 402/402 421/421
f 406/406 421/421 417/417
f 421/421 207/207 417/417
f 421/421 218/218 208/208
f 218/218 421/421 402/402
f 421/421 208/208 207/207
f 422/422 423/423 424/424
f 425/425 422/422 424/424
f 206/206 3/3 416/416
f 210/210 214/214 206/206
f 214/214 3/3 206/206
f 426/426 427/427 428/428
f 423/423 429/429 424/424
f 429/429 432/432 427/427
f 431/431 430/430 433/433
f 424/424 427/427 426/426
f 425/425 424/424 426/426
f 424/424 429/429 427/427
f 432/432 428/428 427/427
f 410/410 405/405 419/419
f 420/420 13/13 418/418
f 409/409 418/418 13/13
f 10/10 409/409 13/13
f 10/10 8/8 409/409
f 434/434 437/437 438/438
f 435/435 439/439 440/440
f 436/436 435/435 440/440
f 2/2 13/13 420/420
f 436/436 441/441 430/430
f 433/433 441/441 442/442
f 443/443 442/442 444/444
f 441/441 444/444 442/442
f 108/108 443/443 444/444
f 445/445 108/108 444/444
f 441/441 436/436 440/440
f 440/440 445/445 441/441
f 444/444 441/441 445/445
f 446/446 438/438 423/423
f 429/429 423/423 437/437
f 446/446 423/423 422/422
f 446/446 414/414 438/438
f 414/414 448/448 434/434
f 413/413 448/448 414/414
f 437/437 423/423 438/438
f 414/414 434/434 438/438
f 415/415 414/414 446/446
f 441/441 433/433 430/430
f 402/402 398/398 146/146
f 218/218 402/402 146/146
f 146/146 398/398 400/400
f 146/146 335/335 218/218
f 216/216 218/218 449/449
f 218/218 335/335 449/449
f 216/216 449/449 335/335
f 450/450 451/451 452/452
f 452/452 453/453 450/450
f 453/453 454/454 455/455
f 454/454 415/415 446/446
f 450/450 453/453 455/455
f 415/415 456/456 413/413
f 454/454 457/457 415/415
f 457/457 454/454 458/458
f 146/146 400/400 150/150
f 457/457 458/458 155/155
f 453/453 458/458 454/454
f 458/458 453/453 452/452
f 155/155 458/458 452/452
f 457/457 456/456 415/415
f 459/459 425/425 460/460
f 461/461 425/425 459/459
f 238/238 459/459 462/462
f 459/459 238/238 339/339
f 460/460 462/462 459/459
f 455/455 422/422 425/425
f 455/455 425/425 450/450
f 450/450 425/425 461/461
f 451/451 450/450 461/461
f 451/451 461/461 459/459
f 462/462 463/463 464/464
f 465/465 462/462 464/464
f 463/463 466/466 234/234
f 463/463 234/234 464/464
f 460/460 425/425 466/466
f 425/425 426/426 466/466
f 426/426 234/234 466/466
f 234/234 426/426 428/428
f 460/460 466/466 462/462
f 462/462 466/466 463/463
f 234/234 428/428 293/293
f 464/464 234/234 237/237
f 238/238 465/465 237/237
f 237/237 465/465 464/464
f 238/238 462/462 465/465
f 459/459 339/339 451/451
f 339/339 467/467 451/451
f 467/467 167/167 451/451
f 339/339 238/238 243/243
f 446/446 422/422 455/455
f 446/446 455/455 454/454
f 468/468 411/411 15/15
f 411/411 9/9 15/15
f 468/468 412/412 411/411
f 178/178 412/412 468/468
f 19/19 469/469 468/468
f 468/468 15/15 19/19
f 468/468 469/469 178/178
f 412/412 178/178 151/151
f 471/471 473/473 475/475
f 475/475 413/413 471/471
f 456/456 471/471 413/413
f 472/472 476/476 477/477
f 479/479 476/476 472/472
f 470/470 18/18 480/480
f 24/24 480/480 18/18
f 480/480 24/24 26/26
f 26/26 25/25 481/481
f 469/469 142/142 178/178
f 144/144 470/470 480/480
f 142/142 469/469 143/143
f 144/144 480/480 482/482
f 483/483 477/477 476/476
f 484/484 483/483 476/476
f 484/484 485/485 483/483
f 486/486 483/483 485/485
f 487/487 486/486 485/485
f 447/447 488/488 489/489
f 474/474 488/488 447/447
f 490/490 491/491 488/488
f 474/474 490/490 488/488
f 439/439 435/435 489/489
f 435/435 447/447 489/489
f 491/491 489/489 488/488
f 439/439 489/489 491/491
f 35/35 439/439 491/491
f 48/48 35/35 491/491
f 492/492 48/48 491/491
f 492/492 493/493 48/48
f 492/492 491/491 490/490
f 490/490 477/477 492/492
f 440/440 439/439 494/494
f 494/494 445/445 440/440
f 494/494 35/35 34/34
f 35/35 494/494 439/439
f 445/445 494/494 495/495
f 445/445 495/495 108/108
f 494/494 34/34 495/495
f 495/495 34/34 108/108
f 448/448 413/413 475/475
f 490/490 474/474 472/472
f 490/490 472/472 477/477
f 49/49 48/48 493/493
f 493/493 492/492 496/496
f 49/49 493/493 51/51
f 497/497 51/51 493/493
f 496/496 497/497 493/493
f 492/492 477/477 496/496
f 497/497 496/496 483/483
f 497/497 54/54 51/51
f 483/483 486/486 497/497
f 498/498 497/497 486/486
f 498/498 54/54 497/497
f 53/53 51/51 54/54
f 483/483 496/496 477/477
f 182/182 471/471 456/456
f 478/478 471/471 182/182
f 478/478 473/473 471/471
f 479/479 484/484 476/476
f 183/183 456/456 457/457
f 183/183 182/182 456/456
f 478/478 182/182 181/181
f 484/484 479/479 188/188
f 499/499 484/484 188/188
f 485/485 484/484 499/499
f 479/479 180/180 188/188
f 212/212 246/246 213/213
f 1/1 3/3 500/500
f 500/500 59/59 1/1
f 213/213 500/500 3/3
f 246/246 500/500 213/213
f 60/60 245/245 66/66
f 60/60 500/500 245/245
f 246/246 245/245 500/500
f 59/59 500/500 60/60
f 60/60 66/66 58/58
f 66/66 252/252 65/65
f 501/501 65/65 252/252
f 67/67 65/65 501/501
f 502/502 67/67 501/501
f 268/268 501/501 252/252
f 501/501 503/503 502/502
f 63/63 65/65 67/67
f 504/504 78/78 67/67
f 502/502 504/504 67/67
f 505/505 293/293 428/428
f 432/432 505/505 428/428
f 295/295 293/293 505/505
f 505/505 303/303 295/295
f 507/507 508/508 304/304
f 304/304 506/506 507/507
f 508/508 507/507 509/509
f 506/506 431/431 507/507
f 433/433 507/507 431/431
f 507/507 433/433 509/509
f 304/304 508/508 305/305
f 508/508 331/331 305/305
f 510/510 511/511 508/508
f 511/511 331/331 508/508
f 433/433 442/442 509/509
f 442/442 443/443 509/509
f 508/508 509/509 443/443
f 512/512 510/510 443/443
f 508/508 443/443 510/510
f 443/443 108/108 512/512
f 512/512 513/513 510/510
f 77/77 78/78 80/80
f 78/78 504/504 80/80
f 514/514 80/80 504/504
f 515/515 80/80 514/514
f 82/82 80/80 515/515
f 516/516 510/510 513/513
f 511/511 510/510 516/516
f 503/503 501/501 268/268
f 502/502 503/503 517/517
f 502/502 517/517 504/504
f 517/517 518/518 504/504
f 518/518 514/514 504/504
f 268/268 272/272 503/503
f 503/503 272/272 517/517
f 272/272 273/273 517/517
f 277/277 517/517 273/273
f 517/517 277/277 518/518
f 511/511 519/519 331/331
f 516/516 519/519 511/511
f 516/516 520/520 519/519
f 521/521 277/277 278/278
f 521/521 522/522 277/277
f 277/277 522/522 518/518
f 514/514 518/518 523/523
f 515/515 514/514 523/523
f 82/82 515/515 113/113
f 113/113 515/515 524/524
f 524/524 515/515 523/523
f 525/525 524/524 523/523
f 523/523 526/526 525/525
f 527/527 516/516 513/513
f 527/527 528/528 516/516
f 529/529 516/516 528/528
f 522/522 523/523 518/518
f 523/523 522/522 526/526
f 520/520 516/516 529/529
f 519/519 332/332 331/331
f 332/332 519/519 520/520
f 332/332 520/520 530/530
f 109/109 512/512 108/108
f 512/512 109/109 111/111
f 512/512 527/527 513/513
f 111/111 527/527 512/512
f 111/111 126/126 527/527
f 524/524 129/129 113/113
f 126/126 528/528 527/527
f 524/524 525/525 531/531
f 524/524 531/531 129/129
f 529/529 528/528 532/532
f 528/528 126/126 533/533
f 533/533 126/126 125/125
f 532/532 528/528 533/533
f 338/338 534/534 467/467
f 451/451 167/167 452/452
f 167/167 156/156 452/452
f 145/145 335/335 146/146
f 535/535 145/145 162/162
f 162/162 335/335 535/535
f 145/145 535/535 335/335
f 534/534 167/167 467/467
f 534/534 340/340 343/343
f 155/155 452/452 156/156
f 157/157 457/457 155/155
f 155/155 154/154 157/157
f 338/338 467/467 339/339
f 340/340 534/534 338/338
f 352/352 343/343 344/344
f 536/536 534/534 343/343
f 343/343 352/352 536/536
f 167/167 534/534 171/171
f 536/536 171/171 534/534
f 183/183 457/457 157/157
f 38/38 36/36 537/537
f 36/36 538/538 537/537
f 537/537 538/538 540/540
f 37/37 44/44 539/539
f 541/541 542/542 539/539
f 540/540 538/538 543/543
f 544/544 540/540 543/543
f 545/545 540/540 544/544
f 25/25 47/47 546/546
f 47/47 38/38 546/546
f 537/537 546/546 38/38
f 546/546 537/537 547/547
f 548/548 546/546 547/547
f 25/25 546/546 548/548
f 549/549 548/548 547/547
f 537/537 540/540 547/547
f 57/57 55/55 550/550
f 551/551 57/57 550/550
f 550/550 55/55 552/552
f 547/547 540/540 545/545
f 549/549 547/547 545/545
f 545/545 544/544 553/553
f 554/554 88/88 83/83
f 555/555 88/88 554/554
f 554/554 83/83 87/87
f 556/556 87/87 90/90
f 87/87 556/556 554/554
f 554/554 556/556 557/557
f 556/556 558/558 559/559
f 90/90 558/558 556/556
f 90/90 93/93 558/558
f 560/560 558/558 93/93
f 560/560 561/561 558/558
f 556/556 559/559 557/557
f 557/557 555/555 554/554
f 555/555 557/557 562/562
f 562/562 557/557 563/563
f 118/118 44/44 117/117
f 541/541 539/539 44/44
f 118/118 541/541 44/44
f 564/564 541/541 118/118
f 565/565 542/542 541/541
f 543/543 566/566 544/544
f 541/541 564/564 565/565
f 565/565 564/564 568/568
f 118/118 84/84 88/88
f 118/118 88/88 569/569
f 118/118 569/569 564/564
f 570/570 564/564 569/569
f 564/564 570/570 568/568
f 571/571 569/569 88/88
f 56/56 551/551 572/572
f 124/124 56/56 572/572
f 551/551 56/56 57/57
f 551/551 573/573 572/572
f 572/572 573/573 574/574
f 573/573 550/550 552/552
f 550/550 573/573 551/551
f 573/573 552/552 575/575
f 576/576 573/573 575/575
f 575/575 577/577 576/576
f 127/127 123/123 578/578
f 123/123 124/124 578/578
f 578/578 124/124 579/579
f 127/127 578/578 579/579
f 579/579 580/580 127/127
f 124/124 572/572 574/574
f 574/574 573/573 581/581
f 576/576 581/581 573/573
f 579/579 124/124 574/574
f 582/582 579/579 574/574
f 583/583 582/582 574/574
f 583/583 574/574 584/584
f 584/584 574/574 581/581
f 566/566 585/585 544/544
f 585/585 586/586 544/544
f 567/567 585/585 566/566
f 567/567 587/587 585/585
f 586/586 585/585 588/588
f 588/588 585/585 587/587
f 571/571 570/570 569/569
f 570/570 589/589 568/568
f 567/567 591/591 587/587
f 567/567 590/590 591/591
f 587/587 591/591 592/592
f 592/592 588/588 587/587
f 588/588 592/592 593/593
f 586/586 553/553 544/544
f 586/586 588/588 594/594
f 594/594 595/595 586/586
f 595/595 553/553 586/586
f 596/596 581/581 576/576
f 581/581 596/596 597/597
f 584/584 581/581 598/598
f 598/598 581/581 597/597
f 576/576 577/577 596/596
f 577/577 599/599 596/596
f 600/600 597/597 596/596
f 600/600 598/598 597/597
f 593/593 594/594 588/588
f 601/601 598/598 600/600
f 555/555 571/571 88/88
f 555/555 562/562 571/571
f 93/93 134/134 560/560
f 138/138 134/134 135/135
f 602/602 560/560 134/134
f 560/560 602/602 561/561
f 134/134 138/138 602/602
f 138/138 603/603 602/602
f 137/137 603/603 138/138
f 136/136 603/603 137/137
f 125/125 127/127 604/604
f 604/604 605/605 125/125
f 127/127 580/580 604/604
f 580/580 579/579 582/582
f 606/606 580/580 582/582
f 604/604 580/580 606/606
f 583/583 607/607 608/608
f 582/582 583/583 608/608
f 125/125 605/605 533/533
f 609/609 533/533 605/605
f 610/610 533/533 609/609
f 606/606 582/582 608/608
f 604/604 606/606 611/611
f 570/570 571/571 562/562
f 589/589 570/570 562/562
f 612/612 591/591 590/590
f 589/589 562/562 613/613
f 591/591 593/593 592/592
f 591/591 612/612 614/614
f 612/612 615/615 614/614
f 591/591 614/614 593/593
f 613/613 562/562 616/616
f 612/612 617/617 615/615
f 562/562 618/618 616/616
f 616/616 618/618 619/619
f 583/583 584/584 607/607
f 584/584 598/598 607/607
f 607/607 598/598 620/620
f 607/607 620/620 621/621
f 622/622 607/607 621/621
f 601/601 620/620 598/598
f 601/601 623/623 620/620
f 601/601 624/624 623/623
f 620/620 623/623 621/621
f 621/621 623/623 625/625
f 626/626 625/625 623/623
f 624/624 626/626 623/623
f 626/626 624/624 627/627
f 607/607 622/622 608/608
f 608/608 622/622 628/628
f 628/628 622/622 629/629
f 608/608 628/628 606/606
f 629/629 622/622 621/621
f 629/629 621/621 630/630
f 625/625 630/630 621/621
f 630/630 631/631 632/632
f 629/629 630/630 633/633
f 632/632 633/633 630/630
f 626/626 630/630 625/625
f 630/630 626/626 631/631
f 631/631 626/626 627/627
f 634/634 635/635 594/594
f 594/594 593/593 634/634
f 614/614 634/634 593/593
f 614/614 636/636 634/634
f 614/614 615/615 636/636
f 615/615 617/617 637/637
f 636/636 615/615 638/638
f 636/636 639/639 634/634
f 627/627 640/640 631/631
f 631/631 640/640 632/632
f 641/641 636/636 638/638
f 642/642 641/641 638/638
f 482/482 643/643 644/644
f 645/645 482/482 644/644
f 644/644 643/643 646/646
f 646/646 647/647 648/648
f 647/647 649/649 648/648
f 175/175 141/141 143/143
f 645/645 651/651 144/144
f 175/175 143/143 650/650
f 645/645 652/652 651/651
f 144/144 482/482 645/645
f 645/645 644/644 646/646
f 499/499 188/188 187/187
f 187/187 653/653 499/499
f 654/654 653/653 655/655
f 187/187 185/185 656/656
f 653/653 187/187 656/656
f 655/655 653/653 656/656
f 648/648 657/657 646/646
f 646/646 652/652 645/645
f 646/646 657/657 652/652
f 658/658 654/654 659/659
f 655/655 659/659 654/654
f 660/660 658/658 659/659
f 661/661 659/659 655/655
f 662/662 660/660 659/659
f 662/662 663/663 660/660
f 664/664 665/665 660/660
f 663/663 664/664 660/660
f 192/192 175/175 650/650
f 205/205 666/666 668/668
f 204/204 197/197 667/667
f 669/669 197/197 196/196
f 670/670 667/667 669/669
f 669/669 667/667 197/197
f 672/672 673/673 668/668
f 672/672 674/674 673/673
f 672/672 666/666 671/671
f 668/668 666/666 672/672
f 675/675 652/652 657/657
f 651/651 652/652 675/675
f 650/650 677/677 192/192
f 651/651 675/675 676/676
f 675/675 657/657 678/678
f 674/674 672/672 679/679
f 674/674 679/679 680/680
f 680/680 681/681 674/674
f 682/682 683/683 681/681
f 682/682 681/681 680/680
f 684/684 683/683 682/682
f 205/205 656/656 185/185
f 668/668 673/673 656/656
f 673/673 655/655 656/656
f 655/655 673/673 661/661
f 674/674 661/661 673/673
f 656/656 205/205 668/668
f 681/681 662/662 661/661
f 663/663 662/662 685/685
f 685/685 662/662 681/681
f 685/685 686/686 663/663
f 659/659 661/661 662/662
f 681/681 661/661 674/674
f 685/685 681/681 683/683
f 687/687 649/649 688/688
f 687/687 689/689 649/649
f 688/688 690/690 687/687
f 648/648 649/649 689/689
f 657/657 648/648 689/689
f 687/687 690/690 691/691
f 692/692 691/691 690/690
f 693/693 657/657 689/689
f 693/693 689/689 694/694
f 695/695 675/675 678/678
f 695/695 678/678 696/696
f 678/678 693/693 696/696
f 693/693 678/678 657/657
f 683/683 697/697 698/698
f 699/699 696/696 693/693
f 696/696 699/699 700/700
f 699/699 693/693 694/694
f 701/701 702/702 700/700
f 703/703 694/694 704/704
f 699/699 694/694 705/705
f 700/700 699/699 705/705
f 703/703 705/705 694/694
f 705/705 701/701 700/700
f 702/702 706/706 707/707
f 708/708 701/701 705/705
f 689/689 687/687 691/691
f 689/689 691/691 694/694
f 686/686 664/664 663/663
f 686/686 709/709 664/664
f 709/709 710/710 711/711
f 709/709 712/712 664/664
f 709/709 711/711 712/712
f 685/685 683/683 686/686
f 686/686 683/683 698/698
f 686/686 698/698 709/709
f 697/697 710/710 698/698
f 698/698 710/710 709/709
f 704/704 694/694 691/691
f 691/691 713/713 704/704
f 692/692 713/713 691/691
f 714/714 712/712 711/711
f 715/715 714/714 711/711
f 713/713 692/692 716/716
f 692/692 717/717 716/716
f 718/718 703/703 704/704
f 708/708 703/703 718/718
f 711/711 710/710 719/719
f 706/706 710/710 697/697
f 706/706 697/697 707/707
f 706/706 720/720 710/710
f 706/706 702/702 720/720
f 705/705 703/703 708/708
f 702/702 701/701 721/721
f 720/720 702/702 721/721
f 719/719 710/710 720/720
f 704/704 713/713 718/718
f 722/722 708/708 718/718
f 718/718 713/713 723/723
f 723/723 722/722 718/718
f 723/723 724/724 722/722
f 724/724 701/701 708/708
f 701/701 724/724 721/721
f 722/722 724/724 708/708
f 719/719 720/720 725/725
f 721/721 725/725 720/720
f 719/719 715/715 711/711
f 726/726 727/727 715/715
f 725/725 721/721 728/728
f 728/728 721/721 724/724
f 715/715 719/719 726/726
f 719/719 725/725 726/726
f 726/726 725/725 729/729
f 729/729 725/725 728/728
f 730/730 716/716 717/717
f 723/723 713/713 716/716
f 716/716 730/730 731/731
f 723/723 716/716 731/731
f 724/724 723/723 731/731
f 731/731 730/730 732/732
f 731/731 733/733 724/724
f 732/732 733/733 731/731
f 726/726 729/729 734/734
f 734/734 729/729 735/735
f 735/735 729/729 728/728
f 728/728 724/724 733/733
f 548/548 481/481 25/25
f 647/647 481/481 548/548
f 549/549 647/647 548/548
f 482/482 480/480 26/26
f 26/26 481/481 643/643
f 487/487 498/498 486/486
f 736/736 498/498 487/487
f 498/498 55/55 54/54
f 737/737 55/55 498/498
f 737/737 552/552 55/55
f 737/737 738/738 552/552
f 575/575 552/552 738/738
f 738/738 739/739 575/575
f 740/740 738/738 737/737
f 737/737 498/498 736/736
f 737/737 736/736 741/741
f 741/741 740/740 737/737
f 549/549 545/545 742/742
f 575/575 739/739 743/743
f 743/743 739/739 744/744
f 743/743 744/744 745/745
f 742/742 545/545 553/553
f 740/740 746/746 739/739
f 744/744 739/739 746/746
f 738/738 740/740 739/739
f 744/744 747/747 745/745
f 26/26 643/643 482/482
f 499/499 748/748 485/485
f 643/643 481/481 647/647
f 748/748 487/487 485/485
f 748/748 736/736 487/487
f 741/741 736/736 749/749
f 748/748 749/749 736/736
f 750/750 741/741 749/749
f 499/499 653/653 748/748
f 748/748 653/653 654/654
f 654/654 749/749 748/748
f 646/646 643/643 647/647
f 647/647 549/549 688/688
f 688/688 549/549 751/751
f 751/751 549/549 742/742
f 658/658 750/750 749/749
f 752/752 750/750 658/658
f 647/647 688/688 649/649
f 746/746 750/750 752/752
f 753/753 746/746 752/752
f 741/741 750/750 740/740
f 750/750 746/746 740/740
f 746/746 754/754 744/744
f 744/744 754/754 747/747
f 746/746 753/753 754/754
f 755/755 742/742 553/553
f 595/595 755/755 553/553
f 690/690 688/688 751/751
f 742/742 690/690 751/751
f 690/690 742/742 756/756
f 756/756 742/742 755/755
f 757/757 595/595 635/635
f 757/757 755/755 595/595
f 754/754 758/758 747/747
f 759/759 747/747 758/758
f 747/747 759/759 760/760
f 759/759 761/761 760/760
f 762/762 761/761 759/759
f 635/635 763/763 757/757
f 763/763 635/635 764/764
f 743/743 577/577 575/575
f 577/577 743/743 745/745
f 599/599 577/577 745/745
f 765/765 599/599 745/745
f 600/600 596/596 599/599
f 600/600 766/766 601/601
f 599/599 766/766 600/600
f 599/599 765/765 766/766
f 747/747 760/760 745/745
f 745/745 760/760 765/765
f 624/624 601/601 766/766
f 594/594 635/635 595/595
f 635/635 634/634 639/639
f 767/767 765/765 760/760
f 767/767 766/766 765/765
f 768/768 766/766 767/767
f 768/768 767/767 769/769
f 764/764 639/639 770/770
f 635/635 639/639 764/764
f 771/771 627/627 624/624
f 768/768 624/624 766/766
f 624/624 768/768 771/771
f 639/639 636/636 772/772
f 772/772 636/636 770/770
f 772/772 770/770 639/639
f 636/636 641/641 770/770
f 771/771 640/640 627/627
f 640/640 771/771 773/773
f 773/773 771/771 774/774
f 642/642 775/775 641/641
f 774/774 771/771 776/776
f 777/777 771/771 768/768
f 771/771 777/777 776/776
f 774/774 776/776 778/778
f 770/770 641/641 775/775
f 779/779 775/775 642/642
f 769/769 767/767 760/760
f 760/760 761/761 769/769
f 761/761 780/780 769/769
f 781/781 764/764 770/770
f 780/780 768/768 769/769
f 777/777 768/768 780/780
f 775/775 781/781 770/770
f 780/780 761/761 782/782
f 783/783 777/777 780/780
f 784/784 785/785 777/777
f 777/777 783/783 784/784
f 777/777 785/785 776/776
f 786/786 776/776 785/785
f 786/786 778/778 776/776
f 778/778 786/786 787/787
f 788/788 786/786 785/785
f 785/785 784/784 788/788
f 654/654 658/658 749/749
f 658/658 660/660 752/752
f 660/660 665/665 752/752
f 752/752 789/789 753/753
f 789/789 790/790 753/753
f 753/753 790/790 754/754
f 790/790 758/758 754/754
f 791/791 758/758 790/790
f 789/789 752/752 665/665
f 792/792 789/789 665/665
f 664/664 792/792 665/665
f 792/792 793/793 789/789
f 792/792 712/712 793/793
f 793/793 790/790 789/789
f 793/793 791/791 790/790
f 755/755 794/794 756/756
f 794/794 755/755 757/757
f 757/757 795/795 794/794
f 796/796 794/794 795/795
f 692/692 690/690 756/756
f 756/756 717/717 692/692
f 717/717 756/756 794/794
f 797/797 791/791 793/793
f 798/798 797/797 793/793
f 797/797 798/798 799/799
f 799/799 798/798 800/800
f 794/794 796/796 717/717
f 758/758 791/791 759/759
f 791/791 799/799 759/759
f 759/759 801/801 762/762
f 759/759 799/799 801/801
f 795/795 757/757 763/763
f 762/762 782/782 761/761
f 782/782 762/762 801/801
f 791/791 797/797 799/799
f 802/802 801/801 800/800
f 802/802 782/782 801/801
f 800/800 801/801 799/799
f 803/803 782/782 802/802
f 782/782 803/803 783/783
f 804/804 783/783 803/803
f 664/664 712/712 792/792
f 714/714 793/793 712/712
f 793/793 714/714 798/798
f 714/714 805/805 798/798
f 805/805 714/714 715/715
f 806/806 800/800 798/798
f 807/807 800/800 806/806
f 805/805 806/806 798/798
f 715/715 727/727 805/805
f 808/808 805/805 727/727
f 805/805 808/808 806/806
f 809/809 802/802 800/800
f 782/782 783/783 780/780
f 783/783 804/804 784/784
f 787/787 786/786 788/788
f 810/810 787/787 788/788
f 810/810 811/811 787/787
f 812/812 781/781 775/775
f 813/813 775/775 779/779
f 812/812 775/775 813/813
f 813/813 779/779 814/814
f 814/814 815/815 813/813
f 795/795 816/816 796/796
f 817/817 763/763 764/764
f 817/817 795/795 763/763
f 816/816 795/795 817/817
f 802/802 818/818 803/803
f 803/803 818/818 819/819
f 819/819 820/820 803/803
f 817/817 764/764 821/821
f 717/717 796/796 822/822
f 796/796 730/730 822/822
f 822/822 730/730 717/717
f 823/823 730/730 796/796
f 816/816 823/823 796/796
f 824/824 808/808 727/727
f 734/734 727/727 726/726
f 727/727 734/734 824/824
f 824/824 734/734 735/735
f 728/728 733/733 825/825
f 826/826 808/808 824/824
f 732/732 730/730 823/823
f 827/827 732/732 823/823
f 733/733 732/732 828/828
f 825/825 733/733 828/828
f 828/828 732/732 827/827
f 828/828 827/827 829/829
f 825/825 828/828 829/829
f 827/827 823/823 816/816
f 826/826 824/824 735/735
f 735/735 728/728 830/830
f 830/830 728/728 825/825
f 808/808 807/807 806/806
f 831/831 807/807 832/832
f 832/832 807/807 808/808
f 827/827 816/816 833/833
f 829/829 827/827 833/833
f 825/825 829/829 834/834
f 834/834 829/829 833/833
f 808/808 826/826 835/835
f 826/826 735/735 830/830
f 830/830 835/835 826/826
f 825/825 834/834 830/830
f 832/832 808/808 835/835
f 832/832 835/835 836/836
f 837/837 835/835 830/830
f 833/833 816/816 838/838
f 839/839 837/837 830/830
f 830/830 834/834 839/839
f 839/839 834/834 840/840
f 809/809 800/800 807/807
f 831/831 809/809 807/807
f 809/809 831/831 818/818
f 818/818 831/831 841/841
f 842/842 841/841 831/831
f 818/818 802/802 809/809
f 841/841 819/819 818/818
f 841/841 843/843 819/819
f 842/842 843/843 841/841
f 842/842 831/831 832/832
f 844/844 842/842 832/832
f 836/836 835/835 837/837
f 836/836 844/844 832/832
f 845/845 843/843 842/842
f 838/838 817/817 821/821
f 816/816 817/817 838/838
f 821/821 846/846 838/838
f 847/847 846/846 821/821
f 848/848 833/833 838/838
f 833/833 848/848 849/849
f 840/840 834/834 833/833
f 849/849 840/840 833/833
f 848/848 838/838 846/846
f 850/850 848/848 846/846
f 850/850 840/840 849/849
f 849/849 848/848 850/850
f 851/851 836/836 837/837
f 844/844 836/836 851/851
f 851/851 837/837 839/839
f 852/852 851/851 839/839
f 851/851 852/852 844/844
f 844/844 852/852 853/853
f 844/844 853/853 842/842
f 842/842 853/853 845/845
f 853/853 852/852 854/854
f 839/839 840/840 855/855
f 856/856 855/855 840/840
f 852/852 839/839 855/855
f 855/855 854/854 852/852
f 850/850 846/846 857/857
f 850/850 857/857 856/856
f 858/858 846/846 847/847
f 846/846 858/858 857/857
f 859/859 857/857 858/858
f 850/850 856/856 840/840
f 856/856 857/857 859/859
f 856/856 859/859 860/860
f 855/855 856/856 860/860
f 781/781 821/821 764/764
f 812/812 847/847 781/781
f 788/788 784/784 861/861
f 847/847 812/812 862/862
f 804/804 803/803 820/820
f 820/820 863/863 804/804
f 820/820 819/819 863/863
f 781/781 847/847 821/821
f 861/861 804/804 863/863
f 784/784 804/804 861/861
f 864/864 861/861 863/863
f 813/813 862/862 812/812
f 865/865 864/864 863/863
f 810/810 788/788 866/866
f 810/810 867/867 868/868
f 869/869 815/815 814/814
f 866/866 788/788 861/861
f 870/870 810/810 866/866
f 864/864 866/866 861/861
f 864/864 870/870 866/866
f 870/870 864/864 871/871
f 810/810 870/870 867/867
f 871/871 867/867 870/870
f 865/865 819/819 843/843
f 819/819 865/865 863/863
f 872/872 865/865 843/843
f 865/865 873/873 864/864
f 873/873 865/865 872/872
f 874/874 873/873 872/872
f 872/872 843/843 845/845
f 858/858 847/847 862/862
f 813/813 875/875 862/862
f 845/845 876/876 874/874
f 874/874 872/872 845/845
f 874/874 876/876 877/877
f 876/876 853/853 854/854
f 876/876 845/845 853/853
f 859/859 858/858 878/878
f 878/878 858/858 862/862
f 854/854 855/855 879/879
f 880/880 854/854 879/879
f 854/854 881/881 876/876
f 854/854 880/880 881/881
f 859/859 878/878 882/882
f 860/860 859/859 883/883
f 883/883 859/859 882/882
f 879/879 855/855 860/860
f 883/883 879/879 860/860
f 877/877 884/884 874/874
f 875/875 878/878 862/862
f 878/878 875/875 882/882
f 876/876 881/881 877/877
f 885/885 882/882 875/875
f 885/885 886/886 882/882
f 883/883 882/882 886/886
f 886/886 887/887 883/883
f 883/883 887/887 879/879
f 888/888 877/877 881/881
f 873/873 871/871 864/864
f 871/871 873/873 884/884
f 867/867 871/871 889/889
f 889/889 890/890 867/867
f 875/875 813/813 815/815
f 884/884 873/873 874/874
f 875/875 815/815 891/891
f 871/871 892/892 889/889
f 884/884 893/893 871/871
f 884/884 877/877 893/893
f 877/877 888/888 893/893
f 815/815 869/869 891/891
f 893/893 888/888 894/894
f 871/871 893/893 892/892
f 894/894 892/892 893/893
f 869/869 895/895 896/896
f 869/869 896/896 891/891
f 892/892 894/894 897/897
f 885/885 887/887 886/886
f 887/887 885/885 898/898
f 899/899 898/898 885/885
f 899/899 885/885 875/875
f 898/898 879/879 887/887
f 900/900 879/879 898/898
f 891/891 899/899 875/875
f 901/901 899/899 891/891
f 900/900 898/898 899/899
f 901/901 902/902 899/899
f 900/900 899/899 902/902
f 901/901 891/891 896/896
f 896/896 895/895 903/903
f 139/139 531/531 904/904
f 139/139 140/140 130/130
f 140/140 139/139 904/904
f 905/905 140/140 904/904
f 906/906 264/264 907/907
f 264/264 266/266 907/907
f 906/906 265/265 264/264
f 908/908 313/313 312/312
f 313/313 908/908 909/909
f 910/910 909/909 908/908
f 313/313 266/266 262/262
f 266/266 313/313 911/911
f 907/907 266/266 911/911
f 912/912 265/265 906/906
f 909/909 911/911 313/313
f 913/913 909/909 910/910
f 914/914 909/909 915/915
f 913/913 915/915 909/909
f 909/909 914/914 911/911
f 907/907 911/911 914/914
f 916/916 912/912 906/906
f 916/916 906/906 917/917
f 918/918 907/907 914/914
f 918/918 906/906 907/907
f 917/917 906/906 918/918
f 312/312 318/318 908/908
f 919/919 908/908 318/318
f 919/919 910/910 908/908
f 920/920 921/921 328/328
f 328/328 322/322 920/920
f 322/322 323/323 920/920
f 920/920 323/323 327/327
f 327/327 922/922 920/920
f 913/913 910/910 923/923
f 923/923 924/924 913/913
f 910/910 919/919 923/923
f 925/925 326/326 927/927
f 928/928 275/275 265/265
f 275/275 928/928 333/333
f 912/912 928/928 265/265
f 929/929 928/928 912/912
f 929/929 333/333 928/928
f 276/276 333/333 278/278
f 521/521 278/278 930/930
f 333/333 930/930 278/278
f 929/929 912/912 916/916
f 333/333 929/929 931/931
f 333/333 931/931 930/930
f 929/929 916/916 932/932
f 931/931 929/929 932/932
f 930/930 933/933 521/521
f 934/934 930/930 931/931
f 933/933 930/930 934/934
f 935/935 325/325 330/330
f 334/334 935/935 330/330
f 927/927 326/326 325/325
f 927/927 325/325 935/935
f 936/936 927/927 935/935
f 936/936 334/334 937/937
f 936/936 935/935 334/334
f 924/924 915/915 913/913
f 924/924 938/938 915/915
f 938/938 914/914 915/915
f 938/938 939/939 914/914
f 939/939 918/918 914/914
f 916/916 940/940 932/932
f 916/916 917/917 940/940
f 941/941 932/932 940/940
f 917/917 942/942 940/940
f 918/918 942/942 917/917
f 942/942 918/918 939/939
f 943/943 939/939 944/944
f 939/939 943/943 942/942
f 945/945 940/940 942/942
f 940/940 946/946 941/941
f 947/947 945/945 942/942
f 924/924 948/948 938/938
f 923/923 949/949 924/924
f 924/924 949/949 950/950
f 948/948 924/924 950/950
f 938/938 944/944 939/939
f 948/948 944/944 938/938
f 951/951 944/944 948/948
f 952/952 948/948 950/950
f 952/952 951/951 948/948
f 945/945 946/946 940/940
f 943/943 947/947 942/942
f 941/941 931/931 932/932
f 953/953 931/931 941/941
f 934/934 931/931 953/953
f 953/953 941/941 946/946
f 954/954 953/953 946/946
f 955/955 946/946 945/945
f 946/946 955/955 954/954
f 954/954 956/956 953/953
f 956/956 934/934 953/953
f 934/934 956/956 957/957
f 958/958 934/934 957/957
f 959/959 960/960 951/951
f 951/951 960/960 944/944
f 961/961 945/945 947/947
f 955/955 945/945 962/962
f 961/961 947/947 943/943
f 960/960 943/943 944/944
f 962/962 945/945 961/961
f 960/960 963/963 964/964
f 964/964 943/943 960/960
f 943/943 965/965 961/961
f 964/964 965/965 943/943
f 966/966 961/961 965/965
f 967/967 966/966 965/965
f 965/965 964/964 968/968
f 965/965 968/968 967/967
f 960/960 959/959 963/963
f 969/969 954/954 955/955
f 955/955 962/962 969/969
f 970/970 954/954 969/969
f 956/956 954/954 970/970
f 956/956 970/970 957/957
f 966/966 962/962 961/961
f 962/962 966/966 969/969
f 969/969 966/966 971/971
f 971/971 972/972 969/969
f 972/972 970/970 969/969
f 957/957 970/970 973/973
f 970/970 974/974 973/973
f 974/974 970/970 972/972
f 964/964 975/975 968/968
f 964/964 963/963 976/976
f 977/977 976/976 963/963
f 976/976 975/975 964/964
f 966/966 967/967 971/971
f 971/971 978/978 972/972
f 968/968 979/979 967/967
f 979/979 968/968 975/975
f 980/980 978/978 971/971
f 967/967 980/980 971/971
f 980/980 967/967 979/979
f 976/976 981/981 975/975
f 982/982 976/976 977/977
f 976/976 982/982 981/981
f 978/978 974/974 972/972
f 983/983 974/974 978/978
f 984/984 979/979 975/975
f 980/980 979/979 985/985
f 975/975 981/981 984/984
f 981/981 982/982 986/986
f 984/984 987/987 988/988
f 989/989 984/984 981/981
f 987/987 984/984 989/989
f 981/981 987/987 989/989
f 981/981 986/986 987/987
f 978/978 980/980 983/983
f 983/983 980/980 990/990
f 984/984 985/985 979/979
f 985/985 991/991 980/980
f 991/991 990/990 980/980
f 990/990 991/991 992/992
f 919/919 361/361 993/993
f 993/993 923/923 919/919
f 362/362 994/994 361/361
f 993/993 361/361 994/994
f 993/993 949/949 923/923
f 994/994 995/995 993/993
f 369/369 362/362 364/364
f 369/369 994/994 362/362
f 994/994 369/369 996/996
f 994/994 996/996 995/995
f 997/997 995/995 996/996
f 998/998 996/996 369/369
f 369/369 999/999 998/998
f 998/998 997/997 996/996
f 995/995 949/949 993/993
f 950/950 995/995 1000/1000
f 995/995 997/997 1000/1000
f 1001/1001 1002/1002 997/997
f 997/997 998/998 1001/1001
f 997/997 1002/1002 1000/1000
f 1001/1001 1003/1003 1002/1002
f 950/950 1000/1000 1004/1004
f 1002/1002 1004/1004 1000/1000
f 1005/1005 1004/1004 1002/1002
f 1003/1003 1005/1005 1002/1002
f 999/999 369/369 367/367
f 999/999 1006/1006 998/998
f 998/998 1006/1006 1001/1001
f 1001/1001 1006/1006 1007/1007
f 1001/1001 1007/1007 1003/1003
f 1008/1008 1007/1007 1006/1006
f 1007/1007 1009/1009 1003/1003
f 318/318 361/361 919/919
f 1010/1010 383/383 385/385
f 1011/1011 384/384 1010/1010
f 384/384 383/383 1010/1010
f 1010/1010 385/385 1012/1012
f 385/385 328/328 921/921
f 921/921 920/920 922/922
f 385/385 921/921 1013/1013
f 1013/1013 921/921 922/922
f 1012/1012 385/385 1013/1013
f 1012/1012 1013/1013 1014/1014
f 926/926 922/922 327/327
f 922/922 1014/1014 1013/1013
f 1014/1014 922/922 1015/1015
f 1011/1011 388/388 384/384
f 1010/1010 1017/1017 1011/1011
f 390/390 388/388 1011/1011
f 390/390 1011/1011 1017/1017
f 1017/1017 1010/1010 1018/1018
f 1017/1017 1018/1018 1019/1019
f 1010/1010 1019/1019 1018/1018
f 1017/1017 1020/1020 390/390
f 1020/1020 389/389 390/390
f 1017/1017 1021/1021 1020/1020
f 1012/1012 1022/1022 1010/1010
f 1010/1010 1022/1022 1019/1019
f 1023/1023 1022/1022 1012/1012
f 1022/1022 1023/1023 1019/1019
f 1024/1024 1023/1023 1012/1012
f 1019/1019 1021/1021 1017/1017
f 1025/1025 1021/1021 1019/1019
f 1023/1023 1026/1026 1019/1019
f 1025/1025 1019/1019 1026/1026
f 1014/1014 1024/1024 1012/1012
f 1024/1024 1014/1014 1028/1028
f 995/995 950/950 949/949
f 922/922 926/926 1015/1015
f 925/925 927/927 1029/1029
f 1016/1016 925/925 1030/1030
f 1029/1029 1030/1030 925/925
f 1015/1015 1028/1028 1014/1014
f 1016/1016 1030/1030 1027/1027
f 1004/1004 952/952 950/950
f 1030/1030 1031/1031 1027/1027
f 1031/1031 1033/1033 1027/1027
f 1033/1033 1031/1031 1034/1034
f 1030/1030 1029/1029 1035/1035
f 1030/1030 1035/1035 1031/1031
f 1024/1024 1036/1036 1023/1023
f 1023/1023 1036/1036 1037/1037
f 1036/1036 1024/1024 1028/1028
f 1026/1026 1023/1023 1037/1037
f 1026/1026 1037/1037 1038/1038
f 1036/1036 1028/1028 1032/1032
f 1036/1036 1032/1032 1039/1039
f 1037/1037 1036/1036 1041/1041
f 1041/1041 1036/1036 1039/1039
f 1042/1042 1037/1037 1041/1041
f 1043/1043 1040/1040 1034/1034
f 1044/1044 1041/1041 1039/1039
f 1034/1034 1040/1040 1033/1033
f 927/927 936/936 1045/1045
f 1045/1045 1029/1029 927/927
f 1020/1020 1021/1021 1046/1046
f 1021/1021 1025/1025 1046/1046
f 1046/1046 1025/1025 1047/1047
f 397/397 389/389 1020/1020
f 397/397 1020/1020 1046/1046
f 1046/1046 1048/1048 397/397
f 1048/1048 1046/1046 1047/1047
f 1047/1047 1049/1049 1048/1048
f 1025/1025 1026/1026 1038/1038
f 1050/1050 1025/1025 1038/1038
f 1037/1037 1042/1042 1038/1038
f 1050/1050 1038/1038 1042/1042
f 1047/1047 1025/1025 1050/1050
f 1042/1042 1051/1051 1050/1050
f 1042/1042 1052/1052 1051/1051
f 1042/1042 1041/1041 1052/1052
f 1049/1049 1047/1047 1050/1050
f 1049/1049 1050/1050 1051/1051
f 1053/1053 1051/1051 1052/1052
f 1054/1054 1004/1004 1005/1005
f 1005/1005 1003/1003 1055/1055
f 1055/1055 1054/1054 1005/1005
f 1009/1009 1055/1055 1003/1003
f 1055/1055 1056/1056 1054/1054
f 1009/1009 1057/1057 1055/1055
f 1009/1009 1058/1058 1057/1057
f 952/952 959/959 951/951
f 1035/1035 1029/1029 1059/1059
f 1031/1031 1035/1035 1059/1059
f 1059/1059 1060/1060 1031/1031
f 952/952 1061/1061 959/959
f 959/959 1061/1061 963/963
f 1061/1061 1062/1062 963/963
f 1062/1062 977/977 963/963
f 1060/1060 1059/1059 1063/1063
f 952/952 1004/1004 1064/1064
f 1054/1054 1064/1064 1004/1004
f 1056/1056 1064/1064 1054/1054
f 1060/1060 1034/1034 1031/1031
f 1066/1066 1043/1043 1067/1067
f 1064/1064 1068/1068 952/952
f 1068/1068 1061/1061 952/952
f 1069/1069 1061/1061 1068/1068
f 1070/1070 1068/1068 1064/1064
f 1071/1071 1068/1068 1070/1070
f 1068/1068 1071/1071 1069/1069
f 1034/1034 1060/1060 1072/1072
f 1063/1063 1072/1072 1060/1060
f 1072/1072 1063/1063 1073/1073
f 1073/1073 1063/1063 1074/1074
f 1067/1067 1034/1034 1072/1072
f 1043/1043 1034/1034 1067/1067
f 1075/1075 1067/1067 1072/1072
f 1075/1075 1072/1072 1073/1073
f 1077/1077 1045/1045 936/936
f 1063/1063 1059/1059 1078/1078
f 1078/1078 1059/1059 1029/1029
f 1079/1079 1045/1045 1077/1077
f 1080/1080 982/982 977/977
f 1080/1080 977/977 1062/1062
f 1069/1069 1062/1062 1061/1061
f 1069/1069 1080/1080 1062/1062
f 1075/1075 1073/1073 1082/1082
f 1080/1080 1069/1069 1083/1083
f 1083/1083 1069/1069 1084/1084
f 1080/1080 1085/1085 1086/1086
f 1087/1087 1083/1083 1084/1084
f 1085/1085 1080/1080 1083/1083
f 1088/1088 1029/1029 1045/1045
f 1088/1088 1078/1078 1029/1029
f 1074/1074 1078/1078 1088/1088
f 1045/1045 1079/1079 1089/1089
f 1086/1086 982/982 1080/1080
f 1086/1086 986/986 982/982
f 1090/1090 1091/1091 1088/1088
f 1088/1088 1045/1045 1092/1092
f 1088/1088 1092/1092 1090/1090
f 1090/1090 1092/1092 1089/1089
f 1089/1089 1092/1092 1045/1045
f 1063/1063 1078/1078 1074/1074
f 1091/1091 1074/1074 1088/1088
f 1093/1093 1074/1074 1091/1091
f 1074/1074 1093/1093 1073/1073
f 1073/1073 1093/1093 1082/1082
f 1094/1094 1081/1081 1096/1096
f 1095/1095 1082/1082 1093/1093
f 1093/1093 1091/1091 1097/1097
f 1085/1085 1099/1099 1086/1086
f 1094/1094 1096/1096 1100/1100
f 1095/1095 1093/1093 1097/1097
f 1098/1098 1101/1101 1096/1096
f 1100/1100 1096/1096 1101/1101
f 1101/1101 1102/1102 1100/1100
f 1090/1090 1104/1104 1091/1091
f 1097/1097 1091/1091 1104/1104
f 1101/1101 1098/1098 1105/1105
f 1103/1103 1105/1105 1098/1098
f 1044/1044 1065/1065 1041/1041
f 1052/1052 1041/1041 1065/1065
f 1064/1064 1056/1056 1070/1070
f 1057/1057 1056/1056 1055/1055
f 1057/1057 1106/1106 1056/1056
f 1107/1107 1070/1070 1056/1056
f 1071/1071 1070/1070 1107/1107
f 1056/1056 1106/1106 1107/1107
f 1057/1057 1108/1108 1106/1106
f 1109/1109 1066/1066 1067/1067
f 1067/1067 1075/1075 1109/1109
f 1111/1111 1110/1110 1076/1076
f 1111/1111 1076/1076 1112/1112
f 1110/1110 1111/1111 1065/1065
f 1113/1113 1065/1065 1111/1111
f 1052/1052 1065/1065 1114/1114
f 1108/1108 1057/1057 1058/1058
f 1053/1053 1052/1052 1114/1114
f 1115/1115 1053/1053 1114/1114
f 1116/1116 1106/1106 1108/1108
f 1113/1113 1114/1114 1065/1065
f 1117/1117 1114/1114 1113/1113
f 1113/1113 1118/1118 1117/1117
f 1084/1084 1069/1069 1071/1071
f 1071/1071 1107/1107 1119/1119
f 1119/1119 1084/1084 1071/1071
f 1119/1119 1107/1107 1106/1106
f 1120/1120 1119/1119 1106/1106
f 1076/1076 1081/1081 1112/1112
f 1112/1112 1081/1081 1094/1094
f 1111/1111 1112/1112 1121/1121
f 1121/1121 1112/1112 1122/1122
f 1122/1122 1112/1112 1123/1123
f 1124/1124 1087/1087 1084/1084
f 1119/1119 1124/1124 1084/1084
f 1087/1087 1085/1085 1083/1083
f 1124/1124 1125/1125 1087/1087
f 1120/1120 1124/1124 1119/1119
f 1126/1126 1125/1125 1124/1124
f 1106/1106 1116/1116 1120/1120
f 1111/1111 1118/1118 1113/1113
f 1121/1121 1118/1118 1111/1111
f 1127/1127 1121/1121 1122/1122
f 1127/1127 1118/1118 1121/1121
f 1128/1128 1124/1124 1120/1120
f 1124/1124 1128/1128 1126/1126
f 1123/1123 1112/1112 1094/1094
f 1100/1100 1129/1129 1094/1094
f 1130/1130 1123/1123 1094/1094
f 1130/1130 1094/1094 1129/1129
f 1100/1100 1131/1131 1129/1129
f 1100/1100 1102/1102 1132/1132
f 1133/1133 1100/1100 1132/1132
f 1133/1133 1131/1131 1100/1100
f 1122/1122 1123/1123 1130/1130
f 1122/1122 1130/1130 1129/1129
f 1134/1134 1129/1129 1131/1131
f 1129/1129 1134/1134 1122/1122
f 1133/1133 1135/1135 1131/1131
f 1134/1134 1131/1131 1135/1135
f 1133/1133 1132/1132 1135/1135
f 1134/1134 1127/1127 1122/1122
f 1134/1134 1135/1135 1136/1136
f 1137/1137 1127/1127 1134/1134
f 1134/1134 1136/1136 1138/1138
f 1137/1137 1134/1134 1138/1138
f 526/526 522/522 521/521
f 521/521 933/933 526/526
f 526/526 1139/1139 525/525
f 1140/1140 530/530 529/529
f 1141/1141 1139/1139 1142/1142
f 1142/1142 1139/1139 1143/1143
f 1142/1142 1143/1143 1144/1144
f 334/334 332/332 530/530
f 937/937 334/334 530/530
f 1145/1145 933/933 934/934
f 1143/1143 526/526 933/933
f 526/526 1143/1143 1139/1139
f 529/529 530/530 520/520
f 1145/1145 1143/1143 933/933
f 937/937 530/530 1146/1146
f 958/958 1145/1145 934/934
f 1145/1145 958/958 1143/1143
f 1077/1077 936/936 937/937
f 1146/1146 1077/1077 937/937
f 1146/1146 530/530 1140/1140
f 525/525 1141/1141 531/531
f 1147/1147 531/531 1141/1141
f 529/529 532/532 1148/1148
f 1140/1140 529/529 1148/1148
f 525/525 1139/1139 1141/1141
f 531/531 139/139 129/129
f 610/610 532/532 533/533
f 610/610 1148/1148 532/532
f 531/531 1147/1147 904/904
f 1144/1144 1141/1141 1142/1142
f 1147/1147 1149/1149 904/904
f 1149/1149 905/905 904/904
f 1148/1148 610/610 1150/1150
f 1149/1149 1151/1151 1152/1152
f 1149/1149 1147/1147 1153/1153
f 1149/1149 1153/1153 1151/1151
f 1150/1150 1154/1154 1148/1148
f 1154/1154 1140/1140 1148/1148
f 1155/1155 958/958 1156/1156
f 1155/1155 1143/1143 958/958
f 958/958 957/957 1157/1157
f 1157/1157 1156/1156 958/958
f 957/957 973/973 1157/1157
f 1157/1157 1158/1158 1156/1156
f 1157/1157 973/973 1158/1158
f 1155/1155 1156/1156 1158/1158
f 1143/1143 1159/1159 1144/1144
f 1155/1155 1159/1159 1143/1143
f 1160/1160 1146/1146 1140/1140
f 1161/1161 1158/1158 973/973
f 1161/1161 973/973 974/974
f 1162/1162 1161/1161 974/974
f 983/983 1162/1162 974/974
f 1158/1158 1161/1161 1163/1163
f 1164/1164 983/983 990/990
f 990/990 992/992 1164/1164
f 1165/1165 1164/1164 992/992
f 1164/1164 1162/1162 983/983
f 1161/1161 1162/1162 1166/1166
f 1166/1166 1163/1163 1161/1161
f 1166/1166 1162/1162 1164/1164
f 1165/1165 1166/1166 1164/1164
f 1163/1163 1166/1166 1167/1167
f 1166/1166 1168/1168 1167/1167
f 1144/1144 1159/1159 1169/1169
f 1155/1155 1158/1158 1163/1163
f 1155/1155 1163/1163 1159/1159
f 1170/1170 1159/1159 1163/1163
f 1171/1171 1146/1146 1172/1172
f 1146/1146 1160/1160 1172/1172
f 1167/1167 1170/1170 1163/1163
f 1173/1173 1170/1170 1167/1167
f 1167/1167 1168/1168 1173/1173
f 1172/1172 1174/1174 1171/1171
f 1174/1174 1172/1172 1175/1175
f 1141/1141 1169/1169 1147/1147
f 1141/1141 1144/1144 1169/1169
f 1147/1147 1169/1169 1153/1153
f 1140/1140 1154/1154 1176/1176
f 1153/1153 1169/1169 1177/1177
f 1153/1153 1177/1177 1151/1151
f 1176/1176 1154/1154 1178/1178
f 1179/1179 1177/1177 1180/1180
f 1180/1180 1181/1181 1179/1179
f 1177/1177 1182/1182 1180/1180
f 1182/1182 1177/1177 1169/1169
f 1183/1183 1180/1180 1182/1182
f 1184/1184 1180/1180 1183/1183
f 1181/1181 1180/1180 1184/1184
f 1181/1181 1184/1184 1185/1185
f 1181/1181 1185/1185 1186/1186
f 1140/1140 1176/1176 1160/1160
f 1159/1159 1170/1170 1169/1169
f 1170/1170 1187/1187 1169/1169
f 1182/1182 1169/1169 1187/1187
f 1182/1182 1187/1187 1183/1183
f 1188/1188 1183/1183 1187/1187
f 1172/1172 1160/1160 1189/1189
f 1160/1160 1176/1176 1189/1189
f 1172/1172 1189/1189 1175/1175
f 1176/1176 1178/1178 1189/1189
f 1190/1190 1189/1189 1178/1178
f 1077/1077 1146/1146 1171/1171
f 1171/1171 1079/1079 1077/1077
f 1089/1089 1079/1079 1174/1174
f 1174/1174 1079/1079 1171/1171
f 986/986 1191/1191 987/987
f 988/988 985/985 984/984
f 1192/1192 992/992 991/991
f 1193/1193 985/985 988/988
f 988/988 1194/1194 1193/1193
f 987/987 1194/1194 988/988
f 1191/1191 1194/1194 987/987
f 1191/1191 986/986 1099/1099
f 1086/1086 1099/1099 986/986
f 1195/1195 1194/1194 1191/1191
f 1099/1099 1195/1195 1191/1191
f 1195/1195 1196/1196 1194/1194
f 1197/1197 1099/1099 1085/1085
f 1198/1198 1105/1105 1103/1103
f 1102/1102 1101/1101 1105/1105
f 1199/1199 1102/1102 1105/1105
f 1105/1105 1200/1200 1199/1199
f 1099/1099 1197/1197 1195/1195
f 1195/1195 1197/1197 1201/1201
f 1201/1201 1196/1196 1195/1195
f 1202/1202 1196/1196 1201/1201
f 1197/1197 1203/1203 1201/1201
f 1204/1204 1196/1196 1202/1202
f 1202/1202 1201/1201 1203/1203
f 1125/1125 1085/1085 1087/1087
f 1125/1125 1205/1205 1085/1085
f 1126/1126 1206/1206 1125/1125
f 1205/1205 1197/1197 1085/1085
f 1206/1206 1205/1205 1125/1125
f 1207/1207 1205/1205 1206/1206
f 1207/1207 1197/1197 1205/1205
f 1135/1135 1132/1132 1208/1208
f 1209/1209 1102/1102 1199/1199
f 1208/1208 1132/1132 1102/1102
f 1208/1208 1102/1102 1209/1209
f 1210/1210 1209/1209 1199/1199
f 1208/1208 1209/1209 1210/1210
f 1211/1211 1208/1208 1210/1210
f 1211/1211 1210/1210 1212/1212
f 1207/1207 1203/1203 1197/1197
f 1213/1213 1203/1203 1207/1207
f 1207/1207 1206/1206 1213/1213
f 1214/1214 1203/1203 1213/1213
f 1213/1213 1215/1215 1214/1214
f 1214/1214 1202/1202 1203/1203
f 1136/1136 1135/1135 1208/1208
f 1208/1208 1211/1211 1136/1136
f 1211/1211 1216/1216 1217/1217
f 1138/1138 1136/1136 1211/1211
f 1211/1211 1217/1217 1138/1138
f 1218/1218 1213/1213 1206/1206
f 1211/1211 1212/1212 1216/1216
f 1219/1219 1215/1215 1213/1213
f 1220/1220 1215/1215 1219/1219
f 1218/1218 1219/1219 1213/1213
f 1202/1202 1214/1214 1221/1221
f 1220/1220 1222/1222 1215/1215
f 991/991 985/985 1192/1192
f 992/992 1192/1192 1223/1223
f 1224/1224 1192/1192 985/985
f 985/985 1193/1193 1224/1224
f 1165/1165 1225/1225 1166/1166
f 1223/1223 1165/1165 992/992
f 1223/1223 1225/1225 1165/1165
f 1225/1225 1168/1168 1166/1166
f 1192/1192 1226/1226 1223/1223
f 1227/1227 1223/1223 1226/1226
f 1225/1225 1223/1223 1227/1227
f 1192/1192 1224/1224 1226/1226
f 1193/1193 1228/1228 1224/1224
f 1193/1193 1229/1229 1228/1228
f 1229/1229 1193/1193 1194/1194
f 1224/1224 1228/1228 1230/1230
f 1228/1228 1231/1231 1230/1230
f 1232/1232 1228/1228 1229/1229
f 1232/1232 1231/1231 1228/1228
f 1233/1233 1227/1227 1234/1234
f 1235/1235 1170/1170 1173/1173
f 1233/1233 1234/1234 1236/1236
f 1234/1234 1237/1237 1236/1236
f 1236/1236 1235/1235 1173/1173
f 1235/1235 1236/1236 1237/1237
f 1238/1238 1234/1234 1227/1227
f 1239/1239 1226/1226 1224/1224
f 1224/1224 1230/1230 1239/1239
f 1239/1239 1227/1227 1226/1226
f 1240/1240 1238/1238 1239/1239
f 1239/1239 1238/1238 1227/1227
f 1239/1239 1230/1230 1240/1240
f 1241/1241 1240/1240 1230/1230
f 1237/1237 1234/1234 1238/1238
f 1242/1242 1237/1237 1238/1238
f 1243/1243 1237/1237 1242/1242
f 1240/1240 1244/1244 1238/1238
f 1242/1242 1238/1238 1244/1244
f 1233/1233 1168/1168 1225/1225
f 1233/1233 1225/1225 1227/1227
f 1233/1233 1236/1236 1168/1168
f 1168/1168 1236/1236 1173/1173
f 1245/1245 1174/1174 1175/1175
f 1232/1232 1246/1246 1231/1231
f 1247/1247 1241/1241 1230/1230
f 1240/1240 1241/1241 1244/1244
f 1248/1248 1241/1241 1247/1247
f 1230/1230 1231/1231 1247/1247
f 1249/1249 1247/1247 1231/1231
f 1248/1248 1247/1247 1249/1249
f 1250/1250 1248/1248 1249/1249
f 1248/1248 1250/1250 1251/1251
f 1252/1252 1251/1251 1250/1250
f 1253/1253 1254/1254 1255/1255
f 1256/1256 1253/1253 1257/1257
f 1256/1256 1258/1258 1259/1259
f 1260/1260 1186/1186 1261/1261
f 1261/1261 1186/1186 1262/1262
f 1261/1261 1263/1263 1264/1264
f 1265/1265 1261/1261 1262/1262
f 1265/1265 1263/1263 1261/1261
f 1185/1185 1184/1184 1266/1266
f 1266/1266 1254/1254 1262/1262
f 1267/1267 1184/1184 1183/1183
f 1266/1266 1184/1184 1267/1267
f 1266/1266 1267/1267 1255/1255
f 1185/1185 1262/1262 1186/1186
f 1262/1262 1185/1185 1266/1266
f 1254/1254 1268/1268 1265/1265
f 1262/1262 1254/1254 1265/1265
f 1254/1254 1256/1256 1268/1268
f 1259/1259 1268/1268 1256/1256
f 1269/1269 1268/1268 1259/1259
f 1270/1270 1269/1269 1259/1259
f 1269/1269 1270/1270 1271/1271
f 1255/1255 1254/1254 1266/1266
f 1254/1254 1253/1253 1256/1256
f 1265/1265 1268/1268 1263/1263
f 1263/1263 1268/1268 1269/1269
f 1269/1269 1272/1272 1263/1263
f 1271/1271 1272/1272 1269/1269
f 1273/1273 1272/1272 1271/1271
f 1273/1273 1271/1271 1274/1274
f 1258/1258 1270/1270 1259/1259
f 1270/1270 1258/1258 1275/1275
f 1270/1270 1276/1276 1271/1271
f 1271/1271 1276/1276 1274/1274
f 1277/1277 1274/1274 1276/1276
f 1278/1278 1188/1188 1243/1243
f 1170/1170 1235/1235 1187/1187
f 1187/1187 1235/1235 1188/1188
f 1243/1243 1235/1235 1237/1237
f 1235/1235 1243/1243 1188/1188
f 1183/1183 1188/1188 1267/1267
f 1255/1255 1267/1267 1188/1188
f 1188/1188 1278/1278 1255/1255
f 1279/1279 1243/1243 1242/1242
f 1243/1243 1279/1279 1278/1278
f 1256/1256 1257/1257 1244/1244
f 1279/1279 1242/1242 1257/1257
f 1242/1242 1244/1244 1257/1257
f 1253/1253 1255/1255 1278/1278
f 1278/1278 1279/1279 1253/1253
f 1253/1253 1279/1279 1257/1257
f 1280/1280 1175/1175 1189/1189
f 1280/1280 1189/1189 1190/1190
f 1245/1245 1175/1175 1280/1280
f 1281/1281 1245/1245 1280/1280
f 1245/1245 1281/1281 1282/1282
f 1283/1283 1245/1245 1282/1282
f 1284/1284 1281/1281 1280/1280
f 1282/1282 1281/1281 1284/1284
f 1285/1285 1286/1286 1282/1282
f 1282/1282 1284/1284 1285/1285
f 1280/1280 1190/1190 1287/1287
f 1284/1284 1280/1280 1287/1287
f 1287/1287 1288/1288 1284/1284
f 1285/1285 1284/1284 1288/1288
f 1289/1289 1288/1288 1290/1290
f 1288/1288 1291/1291 1285/1285
f 1291/1291 1288/1288 1289/1289
f 1292/1292 1289/1289 1293/1293
f 1244/1244 1241/1241 1256/1256
f 1256/1256 1241/1241 1294/1294
f 1248/1248 1294/1294 1241/1241
f 1248/1248 1295/1295 1294/1294
f 1258/1258 1256/1256 1294/1294
f 1294/1294 1295/1295 1258/1258
f 1248/1248 1251/1251 1295/1295
f 1258/1258 1295/1295 1275/1275
f 1275/1275 1295/1295 1296/1296
f 1275/1275 1296/1296 1270/1270
f 1295/1295 1297/1297 1296/1296
f 1295/1295 1251/1251 1297/1297
f 1298/1298 1297/1297 1251/1251
f 1286/1286 1285/1285 1299/1299
f 1286/1286 1299/1299 1300/1300
f 1300/1300 1299/1299 1302/1302
f 1252/1252 1298/1298 1251/1251
f 1303/1303 1296/1296 1297/1297
f 1305/1305 1297/1297 1298/1298
f 1276/1276 1270/1270 1296/1296
f 1277/1277 1276/1276 1307/1307
f 1296/1296 1307/1307 1276/1276
f 1299/1299 1285/1285 1308/1308
f 1308/1308 1285/1285 1291/1291
f 1302/1302 1299/1299 1308/1308
f 1291/1291 1302/1302 1308/1308
f 1291/1291 1289/1289 1292/1292
f 1292/1292 1302/1302 1291/1291
f 1309/1309 1292/1292 1310/1310
f 1311/1311 1296/1296 1303/1303
f 1312/1312 1311/1311 1303/1303
f 1314/1314 1313/1313 1304/1304
f 1307/1307 1296/1296 1311/1311
f 1312/1312 1315/1315 1311/1311
f 1307/1307 1315/1315 1317/1317
f 1315/1315 1307/1307 1311/1311
f 1319/1319 1316/1316 1313/1313
f 1316/1316 1320/1320 1321/1321
f 1319/1319 1320/1320 1316/1316
f 1322/1322 1104/1104 1090/1090
f 1090/1090 1089/1089 1324/1324
f 1322/1322 1090/1090 1324/1324
f 1325/1325 1322/1322 1324/1324
f 1324/1324 1089/1089 1174/1174
f 1196/1196 1229/1229 1194/1194
f 1229/1229 1327/1327 1232/1232
f 1327/1327 1229/1229 1196/1196
f 1328/1328 1326/1326 1329/1329
f 1328/1328 1329/1329 1330/1330
f 1103/1103 1323/1323 1198/1198
f 1200/1200 1105/1105 1198/1198
f 1199/1199 1200/1200 1331/1331
f 1198/1198 1323/1323 1328/1328
f 1328/1328 1200/1200 1198/1198
f 1330/1330 1200/1200 1328/1328
f 1332/1332 1200/1200 1330/1330
f 1331/1331 1200/1200 1332/1332
f 1323/1323 1326/1326 1328/1328
f 1333/1333 1330/1330 1334/1334
f 1334/1334 1330/1330 1329/1329
f 1332/1332 1330/1330 1333/1333
f 1335/1335 1332/1332 1333/1333
f 1336/1336 1324/1324 1174/1174
f 1336/1336 1325/1325 1324/1324
f 1325/1325 1336/1336 1337/1337
f 1337/1337 1336/1336 1340/1340
f 1326/1326 1338/1338 1329/1329
f 1338/1338 1339/1339 1329/1329
f 1329/1329 1339/1339 1341/1341
f 1336/1336 1174/1174 1245/1245
f 1336/1336 1245/1245 1283/1283
f 1336/1336 1283/1283 1340/1340
f 1283/1283 1342/1342 1340/1340
f 1334/1334 1329/1329 1344/1344
f 1334/1334 1344/1344 1333/1333
f 1204/1204 1327/1327 1196/1196
f 1232/1232 1327/1327 1246/1246
f 1246/1246 1327/1327 1204/1204
f 1246/1246 1204/1204 1345/1345
f 1221/1221 1204/1204 1202/1202
f 1346/1346 1204/1204 1221/1221
f 1204/1204 1346/1346 1345/1345
f 1347/1347 1345/1345 1346/1346
f 1347/1347 1346/1346 1348/1348
f 1231/1231 1246/1246 1249/1249
f 1344/1344 1329/1329 1341/1341
f 1349/1349 1344/1344 1341/1341
f 1350/1350 1249/1249 1246/1246
f 1345/1345 1350/1350 1246/1246
f 1343/1343 1341/1341 1339/1339
f 1351/1351 1341/1341 1343/1343
f 1349/1349 1341/1341 1351/1351
f 1349/1349 1351/1351 1352/1352
f 1252/1252 1250/1250 1354/1354
f 1354/1354 1250/1250 1249/1249
f 1350/1350 1354/1354 1249/1249
f 1355/1355 1252/1252 1354/1354
f 1333/1333 1344/1344 1349/1349
f 1357/1357 1333/1333 1349/1349
f 1335/1335 1333/1333 1357/1357
f 1358/1358 1359/1359 1357/1357
f 1357/1357 1349/1349 1360/1360
f 1360/1360 1349/1349 1352/1352
f 1360/1360 1352/1352 1361/1361
f 1360/1360 1362/1362 1363/1363
f 1362/1362 1360/1360 1361/1361
f 1364/1364 1357/1357 1360/1360
f 1365/1365 1357/1357 1364/1364
f 1358/1358 1357/1357 1365/1365
f 1366/1366 1365/1365 1364/1364
f 1363/1363 1364/1364 1360/1360
f 1366/1366 1364/1364 1363/1363
f 1367/1367 1363/1363 1362/1362
f 1366/1366 1363/1363 1367/1367
f 1350/1350 1345/1345 1368/1368
f 1368/1368 1370/1370 1350/1350
f 1371/1371 1368/1368 1347/1347
f 1345/1345 1347/1347 1368/1368
f 1371/1371 1370/1370 1368/1368
f 1369/1369 1371/1371 1372/1372
f 1370/1370 1354/1354 1350/1350
f 1373/1373 1353/1353 1369/1369
f 1373/1373 1369/1369 1372/1372
f 1374/1374 1353/1353 1373/1373
f 1375/1375 1373/1373 1372/1372
f 1374/1374 1373/1373 1375/1375
f 1376/1376 1199/1199 1331/1331
f 1210/1210 1199/1199 1376/1376
f 1376/1376 1212/1212 1210/1210
f 1376/1376 1331/1331 1332/1332
f 1377/1377 1376/1376 1332/1332
f 1376/1376 1377/1377 1378/1378
f 1212/1212 1376/1376 1378/1378
f 1332/1332 1335/1335 1377/1377
f 1378/1378 1377/1377 1379/1379
f 1380/1380 1378/1378 1379/1379
f 1216/1216 1212/1212 1378/1378
f 1216/1216 1378/1378 1381/1381
f 1378/1378 1382/1382 1381/1381
f 1214/1214 1215/1215 1222/1222
f 1214/1214 1383/1383 1221/1221
f 1214/1214 1222/1222 1383/1383
f 1221/1221 1383/1383 1346/1346
f 1383/1383 1222/1222 1220/1220
f 1377/1377 1335/1335 1379/1379
f 1384/1384 1380/1380 1379/1379
f 1380/1380 1382/1382 1378/1378
f 1348/1348 1346/1346 1383/1383
f 1348/1348 1371/1371 1347/1347
f 1385/1385 1371/1371 1348/1348
f 1383/1383 1220/1220 1386/1386
f 1382/1382 1380/1380 1384/1384
f 1348/1348 1383/1383 1386/1386
f 1386/1386 1385/1385 1348/1348
f 1379/1379 1335/1335 1357/1357
f 1379/1379 1357/1357 1359/1359
f 1359/1359 1384/1384 1379/1379
f 1358/1358 1365/1365 1359/1359
f 1365/1365 1387/1387 1359/1359
f 1387/1387 1365/1365 1366/1366
f 1387/1387 1366/1366 1367/1367
f 1367/1367 1388/1388 1387/1387
f 1384/1384 1359/1359 1387/1387
f 1389/1389 1372/1372 1371/1371
f 1389/1389 1371/1371 1385/1385
f 1390/1390 1375/1375 1372/1372
f 1372/1372 1389/1389 1390/1390
f 1384/1384 1391/1391 1382/1382
f 1391/1391 1384/1384 1387/1387
f 1282/1282 1342/1342 1283/1283
f 1286/1286 1342/1342 1282/1282
f 1300/1300 1342/1342 1286/1286
f 1351/1351 1343/1343 1301/1301
f 1392/1392 1351/1351 1301/1301
f 1352/1352 1351/1351 1392/1392
f 1352/1352 1393/1393 1361/1361
f 1393/1393 1352/1352 1392/1392
f 1394/1394 1392/1392 1301/1301
f 1394/1394 1301/1301 1302/1302
f 1395/1395 1393/1393 1392/1392
f 1395/1395 1392/1392 1394/1394
f 1395/1395 1396/1396 1393/1393
f 1396/1396 1395/1395 1397/1397
f 1355/1355 1298/1298 1252/1252
f 1355/1355 1305/1305 1298/1298
f 1374/1374 1356/1356 1353/1353
f 1356/1356 1374/1374 1306/1306
f 1398/1398 1306/1306 1374/1374
f 1399/1399 1398/1398 1374/1374
f 1303/1303 1297/1297 1305/1305
f 1306/1306 1398/1398 1304/1304
f 1314/1314 1304/1304 1398/1398
f 1400/1400 1398/1398 1399/1399
f 1361/1361 1401/1401 1362/1362
f 1393/1393 1396/1396 1361/1361
f 1361/1361 1396/1396 1401/1401
f 1402/1402 1362/1362 1401/1401
f 1362/1362 1402/1402 1367/1367
f 1367/1367 1402/1402 1403/1403
f 1401/1401 1403/1403 1402/1402
f 1401/1401 1396/1396 1403/1403
f 1375/1375 1399/1399 1374/1374
f 1403/1403 1396/1396 1404/1404
f 1396/1396 1397/1397 1405/1405
f 1404/1404 1396/1396 1405/1405
f 1399/1399 1406/1406 1400/1400
f 1399/1399 1407/1407 1406/1406
f 1407/1407 1399/1399 1375/1375
f 1394/1394 1302/1302 1408/1408
f 1408/1408 1302/1302 1309/1309
f 1309/1309 1409/1409 1408/1408
f 1395/1395 1394/1394 1408/1408
f 1397/1397 1395/1395 1408/1408
f 1397/1397 1408/1408 1409/1409
f 1409/1409 1410/1410 1397/1397
f 1292/1292 1309/1309 1302/1302
f 1411/1411 1412/1412 1309/1309
f 1309/1309 1412/1412 1409/1409
f 1310/1310 1411/1411 1309/1309
f 1412/1412 1410/1410 1409/1409
f 1319/1319 1313/1313 1314/1314
f 1314/1314 1400/1400 1413/1413
f 1400/1400 1314/1314 1398/1398
f 1413/1413 1400/1400 1414/1414
f 1314/1314 1413/1413 1319/1319
f 1413/1413 1415/1415 1319/1319
f 1319/1319 1415/1415 1416/1416
f 1405/1405 1397/1397 1410/1410
f 1417/1417 1410/1410 1412/1412
f 1410/1410 1417/1417 1418/1418
f 1400/1400 1406/1406 1414/1414
f 1418/1418 1405/1405 1410/1410
f 1367/1367 1403/1403 1388/1388
f 1403/1403 1419/1419 1388/1388
f 1420/1420 1407/1407 1375/1375
f 1420/1420 1375/1375 1390/1390
f 1419/1419 1403/1403 1404/1404
f 1404/1404 1405/1405 1421/1421
f 1419/1419 1404/1404 1421/1421
f 1419/1419 1422/1422 1388/1388
f 1388/1388 1423/1423 1387/1387
f 1424/1424 1419/1419 1421/1421
f 1419/1419 1424/1424 1422/1422
f 1425/1425 1421/1421 1405/1405
f 1425/1425 1405/1405 1418/1418
f 1426/1426 1425/1425 1418/1418
f 1418/1418 1417/1417 1427/1427
f 1427/1427 1426/1426 1418/1418
f 1428/1428 1413/1413 1414/1414
f 1428/1428 1415/1415 1413/1413
f 1429/1429 1424/1424 1421/1421
f 1429/1429 1421/1421 1425/1425
f 1425/1425 1426/1426 1429/1429
f 1430/1430 1426/1426 1427/1427
f 1429/1429 1426/1426 1430/1430
f 1406/1406 1431/1431 1414/1414
f 557/557 559/559 1432/1432
f 561/561 559/559 558/558
f 563/563 557/557 1432/1432
f 1433/1433 1432/1432 559/559
f 561/561 1433/1433 559/559
f 1434/1434 1433/1433 561/561
f 1435/1435 563/563 1432/1432
f 1432/1432 1433/1433 1435/1435
f 1434/1434 1436/1436 1433/1433
f 563/563 618/618 562/562
f 618/618 563/563 1437/1437
f 1435/1435 1437/1437 563/563
f 1437/1437 1438/1438 1439/1439
f 1435/1435 1438/1438 1437/1437
f 1433/1433 1436/1436 1440/1440
f 1440/1440 1435/1435 1433/1433
f 1438/1438 1435/1435 1440/1440
f 1441/1441 602/602 603/603
f 136/136 1442/1442 603/603
f 1441/1441 603/603 1442/1442
f 602/602 1443/1443 561/561
f 561/561 1443/1443 1434/1434
f 1441/1441 1443/1443 602/602
f 1442/1442 1444/1444 1445/1445
f 1445/1445 1441/1441 1442/1442
f 1446/1446 1436/1436 1434/1434
f 1446/1446 1447/1447 1436/1436
f 1446/1446 1434/1434 1443/1443
f 1448/1448 1446/1446 1443/1443
f 1441/1441 1448/1448 1443/1443
f 1449/1449 1446/1446 1448/1448
f 1448/1448 1441/1441 1445/1445
f 1448/1448 1445/1445 1449/1449
f 140/140 1442/1442 136/136
f 1442/1442 140/140 1444/1444
f 604/604 611/611 605/605
f 905/905 1444/1444 140/140
f 905/905 1450/1450 1444/1444
f 609/609 605/605 1451/1451
f 605/605 611/611 1451/1451
f 1451/1451 1452/1452 609/609
f 1437/1437 1453/1453 618/618
f 1453/1453 1437/1437 1439/1439
f 618/618 1453/1453 619/619
f 1439/1439 619/619 1453/1453
f 1454/1454 1439/1439 1438/1438
f 1455/1455 606/606 628/628
f 1455/1455 611/611 606/606
f 628/628 629/629 1455/1455
f 629/629 1456/1456 1455/1455
f 629/629 1457/1457 1456/1456
f 633/633 1457/1457 629/629
f 1456/1456 1457/1457 1458/1458
f 633/633 632/632 1459/1459
f 633/633 1459/1459 1457/1457
f 1456/1456 1458/1458 1455/1455
f 611/611 1460/1460 1451/1451
f 1460/1460 611/611 1461/1461
f 611/611 1455/1455 1461/1461
f 1455/1455 1458/1458 1461/1461
f 1458/1458 1462/1462 1461/1461
f 1462/1462 1458/1458 1463/1463
f 1463/1463 1457/1457 1464/1464
f 1457/1457 1463/1463 1458/1458
f 1447/1447 1446/1446 1449/1449
f 1465/1465 1447/1447 1449/1449
f 1465/1465 1466/1466 1447/1447
f 1467/1467 1466/1466 1465/1465
f 1445/1445 1444/1444 1450/1450
f 1468/1468 1445/1445 1450/1450
f 1149/1149 1450/1450 905/905
f 1149/1149 1152/1152 1450/1450
f 1450/1450 1152/1152 1468/1468
f 1449/1449 1469/1469 1465/1465
f 1445/1445 1469/1469 1449/1449
f 1468/1468 1469/1469 1445/1445
f 1469/1469 1467/1467 1465/1465
f 1470/1470 1468/1468 1152/1152
f 1467/1467 1469/1469 1471/1471
f 1469/1469 1468/1468 1471/1471
f 1472/1472 1467/1467 1471/1471
f 1470/1470 1471/1471 1468/1468
f 1440/1440 1436/1436 1447/1447
f 1438/1438 1473/1473 1454/1454
f 1474/1474 1438/1438 1440/1440
f 1447/1447 1475/1475 1440/1440
f 1440/1440 1475/1475 1474/1474
f 1473/1473 1438/1438 1474/1474
f 1474/1474 1476/1476 1473/1473
f 1477/1477 1454/1454 1473/1473
f 1476/1476 1477/1477 1473/1473
f 1447/1447 1466/1466 1475/1475
f 1475/1475 1478/1478 1474/1474
f 1479/1479 1476/1476 1474/1474
f 1480/1480 1479/1479 1474/1474
f 1479/1479 1481/1481 1476/1476
f 1480/1480 1474/1474 1478/1478
f 1475/1475 1482/1482 1478/1478
f 1476/1476 1483/1483 1477/1477
f 1483/1483 1484/1484 1477/1477
f 1476/1476 1481/1481 1483/1483
f 1485/1485 1483/1483 1481/1481
f 1484/1484 1483/1483 1485/1485
f 1486/1486 1451/1451 1460/1460
f 1487/1487 1460/1460 1461/1461
f 1487/1487 1461/1461 1462/1462
f 1462/1462 1488/1488 1487/1487
f 1488/1488 1462/1462 1463/1463
f 1460/1460 1489/1489 1490/1490
f 1490/1490 1486/1486 1460/1460
f 1487/1487 1489/1489 1460/1460
f 1491/1491 1488/1488 1492/1492
f 1493/1493 1487/1487 1488/1488
f 1487/1487 1493/1493 1494/1494
f 1491/1491 1493/1493 1488/1488
f 619/619 1495/1495 616/616
f 1496/1496 637/637 617/617
f 637/637 638/638 615/615
f 1439/1439 1495/1495 619/619
f 638/638 637/637 1497/1497
f 1496/1496 1497/1497 637/637
f 1496/1496 1498/1498 1497/1497
f 1499/1499 1495/1495 1439/1439
f 1499/1499 1439/1439 1500/1500
f 1500/1500 1439/1439 1454/1454
f 1497/1497 1501/1501 638/638
f 640/640 1459/1459 632/632
f 1459/1459 640/640 1502/1502
f 1503/1503 1459/1459 1502/1502
f 1502/1502 1504/1504 1503/1503
f 642/642 638/638 1501/1501
f 1497/1497 1498/1498 1505/1505
f 1500/1500 1506/1506 1499/1499
f 1459/1459 1464/1464 1457/1457
f 1464/1464 1459/1459 1503/1503
f 1504/1504 1508/1508 1503/1503
f 1508/1508 1464/1464 1503/1503
f 1505/1505 1501/1501 1497/1497
f 1505/1505 1498/1498 1507/1507
f 1509/1509 1505/1505 1507/1507
f 1505/1505 1510/1510 1501/1501
f 1510/1510 1505/1505 1509/1509
f 1500/1500 1454/1454 1477/1477
f 1500/1500 1477/1477 1506/1506
f 1477/1477 1511/1511 1506/1506
f 1512/1512 1463/1463 1464/1464
f 1464/1464 1508/1508 1512/1512
f 1488/1488 1463/1463 1492/1492
f 1492/1492 1463/1463 1512/1512
f 1514/1514 1509/1509 1507/1507
f 1510/1510 1509/1509 1515/1515
f 1515/1515 1509/1509 1516/1516
f 1516/1516 1509/1509 1514/1514
f 1511/1511 1477/1477 1484/1484
f 1511/1511 1513/1513 1506/1506
f 1517/1517 1513/1513 1511/1511
f 1516/1516 1514/1514 1519/1519
f 1517/1517 1511/1511 1520/1520
f 1514/1514 1518/1518 1522/1522
f 1519/1519 1514/1514 1522/1522
f 1472/1472 1482/1482 1467/1467
f 1523/1523 1482/1482 1472/1472
f 1482/1482 1523/1523 1524/1524
f 1472/1472 1471/1471 1523/1523
f 1470/1470 1523/1523 1471/1471
f 1470/1470 1525/1525 1523/1523
f 1526/1526 1525/1525 1470/1470
f 1526/1526 1527/1527 1525/1525
f 1523/1523 1525/1525 1528/1528
f 1528/1528 1524/1524 1523/1523
f 1529/1529 1528/1528 1525/1525
f 1524/1524 1528/1528 1530/1530
f 1466/1466 1482/1482 1475/1475
f 1478/1478 1531/1531 1480/1480
f 1478/1478 1482/1482 1531/1531
f 1466/1466 1467/1467 1482/1482
f 1532/1532 1480/1480 1531/1531
f 1531/1531 1482/1482 1524/1524
f 1533/1533 1479/1479 1534/1534
f 1481/1481 1479/1479 1533/1533
f 1534/1534 1479/1479 1480/1480
f 1534/1534 1480/1480 1532/1532
f 1535/1535 1533/1533 1534/1534
f 1485/1485 1481/1481 1533/1533
f 1536/1536 1531/1531 1524/1524
f 1532/1532 1531/1531 1536/1536
f 1485/1485 1533/1533 1535/1535
f 1487/1487 1494/1494 1489/1489
f 1537/1537 1535/1535 1534/1534
f 1535/1535 1537/1537 1538/1538
f 1536/1536 1524/1524 1530/1530
f 1536/1536 1530/1530 1539/1539
f 1539/1539 1540/1540 1532/1532
f 1529/1529 1530/1530 1528/1528
f 1530/1530 1529/1529 1541/1541
f 1530/1530 1541/1541 1539/1539
f 1539/1539 1541/1541 1542/1542
f 1541/1541 1543/1543 1542/1542
f 1542/1542 1544/1544 1539/1539
f 1539/1539 1544/1544 1540/1540
f 1544/1544 1545/1545 1540/1540
f 1546/1546 1545/1545 1544/1544
f 1544/1544 1542/1542 1547/1547
f 1544/1544 1547/1547 1548/1548
f 1546/1546 1544/1544 1548/1548
f 1536/1536 1539/1539 1532/1532
f 1549/1549 1534/1534 1532/1532
f 1549/1549 1537/1537 1534/1534
f 1532/1532 1540/1540 1549/1549
f 1549/1549 1540/1540 1545/1545
f 1545/1545 1550/1550 1549/1549
f 1551/1551 1538/1538 1537/1537
f 1549/1549 1550/1550 1537/1537
f 1550/1550 1551/1551 1537/1537
f 1552/1552 1551/1551 1550/1550
f 1538/1538 1551/1551 1554/1554
f 1551/1551 1552/1552 1555/1555
f 1545/1545 1546/1546 1550/1550
f 1546/1546 1552/1552 1550/1550
f 1485/1485 1511/1511 1484/1484
f 1520/1520 1511/1511 1485/1485
f 1535/1535 1520/1520 1485/1485
f 1521/1521 1556/1556 1518/1518
f 1522/1522 1518/1518 1556/1556
f 1557/1557 1520/1520 1535/1535
f 1538/1538 1557/1557 1535/1535
f 1556/1556 1521/1521 1558/1558
f 1452/1452 610/610 609/609
f 1150/1150 610/610 1452/1452
f 1451/1451 1486/1486 1452/1452
f 1150/1150 1452/1452 1559/1559
f 1452/1452 1486/1486 1559/1559
f 1559/1559 1154/1154 1150/1150
f 773/773 1502/1502 640/640
f 1504/1504 1502/1502 773/773
f 773/773 774/774 1504/1504
f 642/642 1501/1501 1510/1510
f 778/778 1504/1504 774/774
f 1508/1508 1504/1504 1560/1560
f 1561/1561 1560/1560 1504/1504
f 1562/1562 1560/1560 1561/1561
f 778/778 1561/1561 1504/1504
f 642/642 1510/1510 1515/1515
f 779/779 642/642 1515/1515
f 1563/1563 1515/1515 1516/1516
f 1564/1564 1512/1512 1508/1508
f 1508/1508 1560/1560 1564/1564
f 1564/1564 1565/1565 1512/1512
f 1566/1566 1564/1564 1560/1560
f 1564/1564 1566/1566 1565/1565
f 1492/1492 1567/1567 1491/1491
f 1512/1512 1567/1567 1492/1492
f 1567/1567 1512/1512 1565/1565
f 1568/1568 1491/1491 1567/1567
f 1568/1568 1567/1567 1565/1565
f 1568/1568 1565/1565 1569/1569
f 1570/1570 1569/1569 1565/1565
f 1571/1571 1569/1569 1570/1570
f 1566/1566 1560/1560 1562/1562
f 1570/1570 1565/1565 1566/1566
f 1572/1572 1573/1573 1570/1570
f 1566/1566 1562/1562 1574/1574
f 1574/1574 1570/1570 1566/1566
f 1575/1575 1563/1563 1516/1516
f 1516/1516 1519/1519 1575/1575
f 778/778 787/787 1561/1561
f 1561/1561 787/787 1576/1576
f 1515/1515 814/814 779/779
f 814/814 1515/1515 1563/1563
f 811/811 1576/1576 787/787
f 1576/1576 1562/1562 1561/1561
f 1574/1574 1562/1562 1576/1576
f 1574/1574 1576/1576 1577/1577
f 1574/1574 1577/1577 1578/1578
f 1577/1577 1576/1576 811/811
f 1570/1570 1574/1574 1572/1572
f 1519/1519 1579/1579 1575/1575
f 1580/1580 1573/1573 1572/1572
f 1519/1519 1581/1581 1579/1579
f 1572/1572 1574/1574 1578/1578
f 1582/1582 1572/1572 1578/1578
f 1583/1583 1580/1580 1572/1572
f 1572/1572 1582/1582 1583/1583
f 1470/1470 1152/1152 1526/1526
f 1152/1152 1151/1151 1526/1526
f 1526/1526 1179/1179 1527/1527
f 1526/1526 1151/1151 1177/1177
f 1177/1177 1179/1179 1526/1526
f 1527/1527 1529/1529 1525/1525
f 1178/1178 1154/1154 1559/1559
f 1559/1559 1486/1486 1584/1584
f 1493/1493 1585/1585 1494/1494
f 1586/1586 1493/1493 1491/1491
f 1494/1494 1585/1585 1489/1489
f 1587/1587 1493/1493 1586/1586
f 1585/1585 1493/1493 1587/1587
f 1588/1588 1490/1490 1489/1489
f 1588/1588 1589/1589 1490/1490
f 1490/1490 1589/1589 1486/1486
f 1489/1489 1585/1585 1588/1588
f 1585/1585 1590/1590 1588/1588
f 1587/1587 1590/1590 1585/1585
f 1591/1591 1587/1587 1586/1586
f 1592/1592 1587/1587 1591/1591
f 1587/1587 1593/1593 1590/1590
f 1592/1592 1593/1593 1587/1587
f 1179/1179 1594/1594 1527/1527
f 1594/1594 1529/1529 1527/1527
f 1594/1594 1595/1595 1529/1529
f 1595/1595 1541/1541 1529/1529
f 1595/1595 1543/1543 1541/1541
f 1542/1542 1543/1543 1264/1264
f 1547/1547 1542/1542 1264/1264
f 1595/1595 1594/1594 1181/1181
f 1181/1181 1594/1594 1179/1179
f 1543/1543 1595/1595 1186/1186
f 1543/1543 1186/1186 1260/1260
f 1186/1186 1595/1595 1181/1181
f 1548/1548 1596/1596 1546/1546
f 1596/1596 1597/1597 1546/1546
f 1584/1584 1178/1178 1559/1559
f 1589/1589 1584/1584 1486/1486
f 1190/1190 1178/1178 1584/1584
f 1190/1190 1584/1584 1598/1598
f 1589/1589 1598/1598 1584/1584
f 1599/1599 1598/1598 1589/1589
f 1600/1600 1601/1601 1599/1599
f 1602/1602 1601/1601 1600/1600
f 1589/1589 1588/1588 1603/1603
f 1588/1588 1590/1590 1603/1603
f 1589/1589 1603/1603 1599/1599
f 1604/1604 1603/1603 1590/1590
f 1551/1551 1555/1555 1554/1554
f 1597/1597 1552/1552 1546/1546
f 1605/1605 1606/1606 1552/1552
f 1606/1606 1555/1555 1552/1552
f 1555/1555 1606/1606 1607/1607
f 1607/1607 1606/1606 1605/1605
f 1605/1605 1608/1608 1607/1607
f 1593/1593 1592/1592 1609/1609
f 1592/1592 1610/1610 1609/1609
f 1593/1593 1604/1604 1590/1590
f 1604/1604 1593/1593 1611/1611
f 1593/1593 1609/1609 1611/1611
f 1612/1612 1609/1609 1610/1610
f 1612/1612 1611/1611 1609/1609
f 1613/1613 1612/1612 1610/1610
f 1599/1599 1603/1603 1600/1600
f 1604/1604 1600/1600 1603/1603
f 1614/1614 1600/1600 1604/1604
f 1604/1604 1611/1611 1614/1614
f 1602/1602 1600/1600 1614/1614
f 1615/1615 1602/1602 1614/1614
f 1616/1616 1614/1614 1611/1611
f 1617/1617 1614/1614 1616/1616
f 1611/1611 1612/1612 1616/1616
f 1618/1618 1617/1617 1616/1616
f 1619/1619 1616/1616 1612/1612
f 1619/1619 1618/1618 1616/1616
f 1619/1619 1612/1612 1613/1613
f 1620/1620 1619/1619 1613/1613
f 1586/1586 1491/1491 1568/1568
f 1571/1571 1568/1568 1569/1569
f 1621/1621 1622/1622 1568/1568
f 1621/1621 1568/1568 1571/1571
f 1621/1621 1571/1571 1623/1623
f 1568/1568 1622/1622 1586/1586
f 1581/1581 1519/1519 1522/1522
f 1556/1556 1624/1624 1522/1522
f 1625/1625 1522/1522 1624/1624
f 1522/1522 1625/1625 1581/1581
f 1591/1591 1586/1586 1622/1622
f 1622/1622 1626/1626 1591/1591
f 1627/1627 1622/1622 1623/1623
f 1626/1626 1622/1622 1627/1627
f 1626/1626 1628/1628 1591/1591
f 1591/1591 1628/1628 1592/1592
f 1629/1629 1556/1556 1558/1558
f 1556/1556 1629/1629 1624/1624
f 1630/1630 1624/1624 1629/1629
f 1625/1625 1624/1624 1630/1630
f 1622/1622 1621/1621 1623/1623
f 1571/1571 1631/1631 1623/1623
f 1631/1631 1571/1571 1573/1573
f 1573/1573 1571/1571 1570/1570
f 1626/1626 1627/1627 1632/1632
f 1631/1631 1627/1627 1623/1623
f 1632/1632 1627/1627 1633/1633
f 1631/1631 1633/1633 1627/1627
f 1633/1633 1631/1631 1634/1634
f 1632/1632 1628/1628 1626/1626
f 1628/1628 1632/1632 1635/1635
f 1635/1635 1636/1636 1628/1628
f 1635/1635 1632/1632 1633/1633
f 1634/1634 1635/1635 1633/1633
f 1635/1635 1634/1634 1636/1636
f 1637/1637 1625/1625 1630/1630
f 1638/1638 1634/1634 1631/1631
f 1538/1538 1554/1554 1557/1557
f 1553/1553 1629/1629 1558/1558
f 1630/1630 1629/1629 1639/1639
f 1553/1553 1639/1639 1629/1629
f 1555/1555 1607/1607 1554/1554
f 1640/1640 1630/1630 1639/1639
f 1554/1554 1607/1607 1641/1641
f 1642/1642 1639/1639 1553/1553
f 1639/1639 1642/1642 1643/1643
f 1643/1643 1640/1640 1639/1639
f 1608/1608 1641/1641 1607/1607
f 1592/1592 1628/1628 1610/1610
f 1636/1636 1610/1610 1628/1628
f 1610/1610 1636/1636 1644/1644
f 1644/1644 1636/1636 1634/1634
f 1613/1613 1610/1610 1644/1644
f 1640/1640 1637/1637 1630/1630
f 1643/1643 1642/1642 1645/1645
f 1646/1646 1641/1641 1608/1608
f 1647/1647 1643/1643 1645/1645
f 1648/1648 1643/1643 1647/1647
f 1573/1573 1580/1580 1631/1631
f 1580/1580 1649/1649 1638/1638
f 1580/1580 1638/1638 1631/1631
f 1634/1634 1638/1638 1644/1644
f 1650/1650 1638/1638 1651/1651
f 1625/1625 1652/1652 1581/1581
f 1652/1652 1579/1579 1581/1581
f 1625/1625 1637/1637 1653/1653
f 1654/1654 1652/1652 1625/1625
f 1651/1651 1638/1638 1649/1649
f 1655/1655 1650/1650 1651/1651
f 1653/1653 1654/1654 1625/1625
f 1656/1656 1613/1613 1644/1644
f 1657/1657 1640/1640 1643/1643
f 1650/1650 1644/1644 1638/1638
f 1656/1656 1644/1644 1650/1650
f 1620/1620 1613/1613 1656/1656
f 1658/1658 1620/1620 1656/1656
f 1657/1657 1643/1643 1648/1648
f 1656/1656 1650/1650 1659/1659
f 1658/1658 1656/1656 1659/1659
f 1620/1620 1658/1658 1660/1660
f 1661/1661 1620/1620 1660/1660
f 1653/1653 1637/1637 1662/1662
f 1662/1662 1637/1637 1640/1640
f 1657/1657 1662/1662 1640/1640
f 1659/1659 1650/1650 1655/1655
f 1662/1662 1657/1657 1663/1663
f 1663/1663 1657/1657 1648/1648
f 1583/1583 1649/1649 1580/1580
f 1664/1664 1649/1649 1583/1583
f 1664/1664 1665/1665 1649/1649
f 1651/1651 1649/1649 1665/1665
f 1651/1651 1665/1665 1655/1655
f 1666/1666 1658/1658 1659/1659
f 1660/1660 1658/1658 1666/1666
f 1666/1666 1667/1667 1660/1660
f 1668/1668 1669/1669 1667/1667
f 1667/1667 1666/1666 1668/1668
f 1662/1662 1670/1670 1653/1653
f 1662/1662 1663/1663 1670/1670
f 1648/1648 1671/1671 1663/1663
f 1672/1672 1671/1671 1648/1648
f 1673/1673 1659/1659 1655/1655
f 1674/1674 1659/1659 1673/1673
f 1674/1674 1666/1666 1659/1659
f 1663/1663 1671/1671 1675/1675
f 1665/1665 1673/1673 1655/1655
f 1673/1673 1665/1665 1676/1676
f 1677/1677 1674/1674 1673/1673
f 1674/1674 1677/1677 1678/1678
f 1674/1674 1678/1678 1666/1666
f 1678/1678 1668/1668 1666/1666
f 1679/1679 1671/1671 1680/1680
f 1681/1681 1678/1678 1677/1677
f 1682/1682 1678/1678 1683/1683
f 1681/1681 1683/1683 1678/1678
f 814/814 1563/1563 1684/1684
f 1684/1684 1563/1563 1575/1575
f 1575/1575 1579/1579 1685/1685
f 1685/1685 1579/1579 1652/1652
f 868/868 811/811 810/810
f 868/868 1577/1577 811/811
f 869/869 814/814 1684/1684
f 1686/1686 1577/1577 868/868
f 1577/1577 1686/1686 1578/1578
f 1686/1686 1687/1687 1578/1578
f 890/890 868/868 867/867
f 1686/1686 868/868 890/890
f 1684/1684 1575/1575 1688/1688
f 1582/1582 1578/1578 1687/1687
f 1575/1575 1685/1685 1689/1689
f 1582/1582 1687/1687 1690/1690
f 1582/1582 1690/1690 1583/1583
f 1691/1691 1664/1664 1583/1583
f 1691/1691 1583/1583 1690/1690
f 1692/1692 1689/1689 1685/1685
f 1652/1652 1692/1692 1685/1685
f 1692/1692 1652/1652 1693/1693
f 1686/1686 890/890 1694/1694
f 889/889 1694/1694 890/890
f 1695/1695 1687/1687 1686/1686
f 1695/1695 1686/1686 1694/1694
f 869/869 1684/1684 895/895
f 895/895 1684/1684 1688/1688
f 1696/1696 1694/1694 889/889
f 1688/1688 1689/1689 1697/1697
f 892/892 1696/1696 889/889
f 1696/1696 892/892 1698/1698
f 1696/1696 1698/1698 1699/1699
f 1697/1697 895/895 1688/1688
f 892/892 897/897 1698/1698
f 1699/1699 1694/1694 1696/1696
f 1699/1699 1695/1695 1694/1694
f 1689/1689 1700/1700 1697/1697
f 1695/1695 1690/1690 1687/1687
f 1701/1701 1690/1690 1695/1695
f 1691/1691 1690/1690 1701/1701
f 1701/1701 1702/1702 1691/1691
f 1702/1702 1664/1664 1691/1691
f 1699/1699 1701/1701 1695/1695
f 1701/1701 1699/1699 1703/1703
f 1703/1703 1704/1704 1701/1701
f 1702/1702 1701/1701 1704/1704
f 1704/1704 1705/1705 1702/1702
f 1575/1575 1689/1689 1688/1688
f 1692/1692 1700/1700 1689/1689
f 1699/1699 1706/1706 1703/1703
f 1707/1707 1704/1704 1703/1703
f 1707/1707 1705/1705 1704/1704
f 1670/1670 1654/1654 1653/1653
f 1693/1693 1652/1652 1654/1654
f 1654/1654 1708/1708 1693/1693
f 1708/1708 1654/1654 1670/1670
f 1675/1675 1670/1670 1663/1663
f 1665/1665 1664/1664 1676/1676
f 1693/1693 1708/1708 1709/1709
f 1709/1709 1708/1708 1670/1670
f 1676/1676 1664/1664 1702/1702
f 1676/1676 1702/1702 1710/1710
f 1711/1711 1676/1676 1710/1710
f 1710/1710 1702/1702 1712/1712
f 1713/1713 1673/1673 1676/1676
f 1713/1713 1676/1676 1711/1711
f 1693/1693 1709/1709 1714/1714
f 1715/1715 1693/1693 1714/1714
f 1714/1714 1709/1709 1716/1716
f 1675/1675 1709/1709 1670/1670
f 1716/1716 1675/1675 1717/1717
f 1717/1717 1675/1675 1679/1679
f 1716/1716 1709/1709 1675/1675
f 1679/1679 1675/1675 1671/1671
f 1677/1677 1673/1673 1713/1713
f 1718/1718 1677/1677 1713/1713
f 1719/1719 1717/1717 1679/1679
f 1260/1260 1264/1264 1543/1543
f 1720/1720 1547/1547 1721/1721
f 1264/1264 1260/1260 1261/1261
f 1263/1263 1547/1547 1264/1264
f 1721/1721 1547/1547 1263/1263
f 1721/1721 1722/1722 1720/1720
f 1596/1596 1720/1720 1722/1722
f 1548/1548 1547/1547 1720/1720
f 1723/1723 1597/1597 1596/1596
f 1596/1596 1548/1548 1720/1720
f 1596/1596 1722/1722 1724/1724
f 1724/1724 1723/1723 1596/1596
f 1263/1263 1272/1272 1721/1721
f 1273/1273 1722/1722 1721/1721
f 1721/1721 1272/1272 1273/1273
f 1601/1601 1725/1725 1598/1598
f 1725/1725 1601/1601 1726/1726
f 1727/1727 1723/1723 1724/1724
f 1598/1598 1599/1599 1601/1601
f 1602/1602 1726/1726 1601/1601
f 1728/1728 1726/1726 1602/1602
f 1728/1728 1602/1602 1615/1615
f 1724/1724 1722/1722 1729/1729
f 1729/1729 1722/1722 1273/1273
f 1273/1273 1277/1277 1729/1729
f 1277/1277 1273/1273 1274/1274
f 1730/1730 1729/1729 1277/1277
f 1730/1730 1724/1724 1729/1729
f 1730/1730 1731/1731 1724/1724
f 1724/1724 1731/1731 1733/1733
f 1597/1597 1605/1605 1552/1552
f 1727/1727 1597/1597 1723/1723
f 1605/1605 1597/1597 1727/1727
f 1617/1617 1615/1615 1614/1614
f 1605/1605 1727/1727 1608/1608
f 1608/1608 1735/1735 1646/1646
f 1735/1735 1608/1608 1736/1736
f 1736/1736 1608/1608 1727/1727
f 1647/1647 1645/1645 1734/1734
f 1736/1736 1737/1737 1735/1735
f 1647/1647 1734/1734 1738/1738
f 1727/1727 1724/1724 1733/1733
f 1733/1733 1736/1736 1727/1727
f 1740/1740 1741/1741 1733/1733
f 1736/1736 1733/1733 1741/1741
f 1741/1741 1737/1737 1736/1736
f 1598/1598 1287/1287 1190/1190
f 1725/1725 1287/1287 1598/1598
f 1288/1288 1287/1287 1725/1725
f 1290/1290 1725/1725 1726/1726
f 1290/1290 1726/1726 1742/1742
f 1742/1742 1726/1726 1728/1728
f 1288/1288 1725/1725 1290/1290
f 1293/1293 1290/1290 1743/1743
f 1743/1743 1290/1290 1742/1742
f 1290/1290 1293/1293 1289/1289
f 1728/1728 1743/1743 1742/1742
f 1744/1744 1743/1743 1728/1728
f 1744/1744 1728/1728 1745/1745
f 1746/1746 1744/1744 1745/1745
f 1747/1747 1743/1743 1744/1744
f 1293/1293 1743/1743 1747/1747
f 1747/1747 1748/1748 1293/1293
f 1749/1749 1747/1747 1744/1744
f 1749/1749 1744/1744 1746/1746
f 1749/1749 1746/1746 1750/1750
f 1750/1750 1746/1746 1751/1751
f 1752/1752 1749/1749 1750/1750
f 1617/1617 1753/1753 1615/1615
f 1618/1618 1753/1753 1617/1617
f 1618/1618 1754/1754 1753/1753
f 1728/1728 1615/1615 1745/1745
f 1745/1745 1615/1615 1753/1753
f 1755/1755 1745/1745 1753/1753
f 1755/1755 1753/1753 1754/1754
f 1661/1661 1756/1756 1754/1754
f 1620/1620 1661/1661 1754/1754
f 1731/1731 1757/1757 1733/1733
f 1740/1740 1733/1733 1757/1757
f 1759/1759 1758/1758 1760/1760
f 1739/1739 1758/1758 1759/1759
f 1746/1746 1745/1745 1755/1755
f 1746/1746 1755/1755 1751/1751
f 1737/1737 1741/1741 1740/1740
f 1738/1738 1739/1739 1761/1761
f 1761/1761 1739/1739 1759/1759
f 1755/1755 1754/1754 1756/1756
f 1750/1750 1751/1751 1762/1762
f 1762/1762 1751/1751 1755/1755
f 1756/1756 1762/1762 1755/1755
f 1761/1761 1763/1763 1738/1738
f 1730/1730 1277/1277 1731/1731
f 1307/1307 1317/1317 1277/1277
f 1731/1731 1277/1277 1317/1317
f 1764/1764 1732/1732 1318/1318
f 1765/1765 1764/1764 1318/1318
f 1766/1766 1764/1764 1765/1765
f 1732/1732 1764/1764 1760/1760
f 1764/1764 1766/1766 1760/1760
f 1748/1748 1310/1310 1292/1292
f 1292/1292 1293/1293 1748/1748
f 1748/1748 1747/1747 1767/1767
f 1321/1321 1765/1765 1318/1318
f 1768/1768 1310/1310 1748/1748
f 1767/1767 1769/1769 1748/1748
f 1747/1747 1749/1749 1767/1767
f 1768/1768 1748/1748 1769/1769
f 1770/1770 1766/1766 1765/1765
f 1752/1752 1767/1767 1749/1749
f 1321/1321 1318/1318 1316/1316
f 1321/1321 1320/1320 1765/1765
f 1770/1770 1765/1765 1320/1320
f 1319/1319 1416/1416 1320/1320
f 1416/1416 1770/1770 1320/1320
f 1771/1771 1770/1770 1416/1416
f 1760/1760 1758/1758 1732/1732
f 1759/1759 1760/1760 1766/1766
f 1772/1772 1759/1759 1766/1766
f 1761/1761 1759/1759 1772/1772
f 1770/1770 1772/1772 1766/1766
f 1672/1672 1647/1647 1738/1738
f 1648/1648 1647/1647 1672/1672
f 1672/1672 1738/1738 1763/1763
f 1773/1773 1762/1762 1756/1756
f 1762/1762 1774/1774 1750/1750
f 1774/1774 1752/1752 1750/1750
f 1773/1773 1775/1775 1762/1762
f 1752/1752 1774/1774 1776/1776
f 1775/1775 1774/1774 1762/1762
f 1411/1411 1310/1310 1768/1768
f 1777/1777 1411/1411 1768/1768
f 1777/1777 1769/1769 1767/1767
f 1768/1768 1769/1769 1777/1777
f 1777/1777 1412/1412 1411/1411
f 1412/1412 1777/1777 1778/1778
f 1767/1767 1752/1752 1777/1777
f 1771/1771 1416/1416 1415/1415
f 1417/1417 1412/1412 1778/1778
f 1776/1776 1777/1777 1752/1752
f 1776/1776 1778/1778 1777/1777
f 1778/1778 1776/1776 1779/1779
f 1772/1772 1770/1770 1780/1780
f 1781/1781 1780/1780 1770/1770
f 1772/1772 1782/1782 1761/1761
f 1780/1780 1782/1782 1772/1772
f 1781/1781 1770/1770 1771/1771
f 1783/1783 1774/1774 1775/1775
f 1776/1776 1774/1774 1784/1784
f 1784/1784 1774/1774 1783/1783
f 1785/1785 1784/1784 1783/1783
f 1786/1786 1784/1784 1785/1785
f 1417/1417 1778/1778 1779/1779
f 1787/1787 1427/1427 1417/1417
f 1787/1787 1417/1417 1779/1779
f 1788/1788 1771/1771 1415/1415
f 1789/1789 1787/1787 1779/1779
f 1428/1428 1790/1790 1415/1415
f 1415/1415 1790/1790 1788/1788
f 1791/1791 1781/1781 1771/1771
f 1792/1792 1776/1776 1784/1784
f 1789/1789 1779/1779 1792/1792
f 1792/1792 1779/1779 1776/1776
f 1781/1781 1793/1793 1780/1780
f 1784/1784 1786/1786 1792/1792
f 1771/1771 1788/1788 1791/1791
f 1791/1791 1793/1793 1781/1781
f 1791/1791 1794/1794 1793/1793
f 1660/1660 1667/1667 1661/1661
f 1773/1773 1661/1661 1667/1667
f 1773/1773 1756/1756 1661/1661
f 1795/1795 1672/1672 1763/1763
f 1782/1782 1763/1763 1761/1761
f 1773/1773 1667/1667 1669/1669
f 1775/1775 1773/1773 1669/1669
f 1782/1782 1796/1796 1763/1763
f 1796/1796 1795/1795 1763/1763
f 1797/1797 1672/1672 1795/1795
f 1671/1671 1672/1672 1797/1797
f 1680/1680 1671/1671 1797/1797
f 1798/1798 1668/1668 1682/1682
f 1669/1669 1668/1668 1798/1798
f 1775/1775 1669/1669 1783/1783
f 1798/1798 1783/1783 1669/1669
f 1783/1783 1798/1798 1799/1799
f 1783/1783 1799/1799 1785/1785
f 1682/1682 1668/1668 1678/1678
f 1797/1797 1795/1795 1800/1800
f 1795/1795 1796/1796 1800/1800
f 1683/1683 1798/1798 1682/1682
f 1680/1680 1797/1797 1800/1800
f 1793/1793 1782/1782 1780/1780
f 1801/1801 1796/1796 1782/1782
f 1801/1801 1782/1782 1793/1793
f 1802/1802 1796/1796 1801/1801
f 1679/1679 1680/1680 1719/1719
f 1618/1618 1619/1619 1754/1754
f 1620/1620 1754/1754 1619/1619
f 1803/1803 1804/1804 348/348
f 1803/1803 348/348 164/164
f 1804/1804 1803/1803 1805/1805
f 1806/1806 1807/1807 1808/1808
f 1809/1809 1805/1805 1810/1810
f 1811/1811 1809/1809 1810/1810
f 1812/1812 1813/1813 1814/1814
f 1804/1804 1805/1805 1815/1815
f 1816/1816 1804/1804 1815/1815
f 1817/1817 1816/1816 1815/1815
f 1809/1809 1815/1815 1805/1805
f 1814/1814 1816/1816 1817/1817
f 1818/1818 1806/1806 1819/1819
f 1819/1819 1806/1806 1808/1808
f 1820/1820 1806/1806 1818/1818
f 1821/1821 1818/1818 1819/1819
f 1822/1822 1815/1815 1823/1823
f 1814/1814 1817/1817 1824/1824
f 1817/1817 1815/1815 1824/1824
f 1822/1822 1824/1824 1815/1815
f 1822/1822 1825/1825 1826/1826
f 1826/1826 1824/1824 1822/1822
f 1827/1827 1809/1809 1811/1811
f 1823/1823 1815/1815 1809/1809
f 1809/1809 1827/1827 1823/1823
f 1823/1823 1827/1827 1828/1828
f 1828/1828 1827/1827 1829/1829
f 1830/1830 1827/1827 1811/1811
f 1827/1827 1830/1830 1829/1829
f 1831/1831 1832/1832 1833/1833
f 1833/1833 1832/1832 1829/1829
f 1825/1825 1822/1822 1823/1823
f 1832/1832 1831/1831 1821/1821
f 1831/1831 1818/1818 1821/1821
f 1832/1832 1828/1828 1829/1829
f 1823/1823 1828/1828 1825/1825
f 1834/1834 1828/1828 1832/1832
f 1835/1835 1819/1819 1836/1836
f 1812/1812 1814/1814 1824/1824
f 1826/1826 1812/1812 1824/1824
f 1835/1835 1837/1837 1834/1834
f 1838/1838 1826/1826 1825/1825
f 1839/1839 1838/1838 1825/1825
f 1839/1839 1825/1825 1828/1828
f 1839/1839 1828/1828 1834/1834
f 1840/1840 1839/1839 1834/1834
f 1841/1841 1812/1812 1826/1826
f 1840/1840 1834/1834 1837/1837
f 1819/1819 1835/1835 1821/1821
f 1834/1834 1832/1832 1821/1821
f 1834/1834 1821/1821 1835/1835
f 1813/1813 1812/1812 1841/1841
f 1841/1841 1838/1838 1842/1842
f 1838/1838 1841/1841 1826/1826
f 1843/1843 1838/1838 1839/1839
f 1843/1843 1839/1839 1840/1840
f 1844/1844 1845/1845 1846/1846
f 1847/1847 1846/1846 1845/1845
f 1848/1848 1846/1846 1849/1849
f 1848/1848 1844/1844 1846/1846
f 1848/1848 1849/1849 1850/1850
f 190/190 1851/1851 191/191
f 174/174 1852/1852 190/190
f 1852/1852 1851/1851 190/190
f 1853/1853 1851/1851 1852/1852
f 174/174 1854/1854 1855/1855
f 1856/1856 1852/1852 1855/1855
f 1855/1855 1852/1852 174/174
f 1852/1852 1857/1857 1853/1853
f 1853/1853 1857/1857 1858/1858
f 1859/1859 1860/1860 1858/1858
f 1858/1858 1857/1857 1859/1859
f 1857/1857 1852/1852 1856/1856
f 1860/1860 1861/1861 1862/1862
f 1863/1863 1862/1862 1861/1861
f 1864/1864 1865/1865 1863/1863
f 1854/1854 1856/1856 1855/1855
f 1856/1856 1854/1854 1866/1866
f 1854/1854 1867/1867 1866/1866
f 1856/1856 1859/1859 1857/1857
f 1859/1859 1856/1856 1866/1866
f 1866/1866 1868/1868 1859/1859
f 1860/1860 1859/1859 1868/1868
f 1860/1860 1868/1868 1861/1861
f 1861/1861 1869/1869 1863/1863
f 1870/1870 1864/1864 1863/1863
f 1869/1869 1870/1870 1863/1863
f 1847/1847 191/191 1851/1851
f 1847/1847 1871/1871 1846/1846
f 1847/1847 1851/1851 1871/1871
f 1849/1849 1846/1846 1871/1871
f 1872/1872 1851/1851 1853/1853
f 1872/1872 1853/1853 1858/1858
f 1851/1851 1872/1872 1871/1871
f 1872/1872 1849/1849 1871/1871
f 1849/1849 1872/1872 1860/1860
f 1849/1849 1860/1860 1850/1850
f 1862/1862 1850/1850 1860/1860
f 1860/1860 1872/1872 1858/1858
f 1873/1873 1862/1862 1865/1865
f 1863/1863 1865/1865 1862/1862
f 1874/1874 1875/1875 163/163
f 1876/1876 163/163 160/160
f 159/159 1876/1876 160/160
f 191/191 1876/1876 159/159
f 153/153 191/191 159/159
f 191/191 1847/1847 1876/1876
f 200/200 1877/1877 1878/1878
f 1879/1879 1878/1878 1877/1877
f 1875/1875 161/161 163/163
f 1875/1875 164/164 161/161
f 1803/1803 164/164 1875/1875
f 171/171 536/536 1880/1880
f 1881/1881 1880/1880 1882/1882
f 1880/1880 1883/1883 1884/1884
f 1880/1880 1884/1884 1882/1882
f 1880/1880 1881/1881 171/171
f 166/166 1885/1885 165/165
f 1885/1885 171/171 1881/1881
f 171/171 1885/1885 166/166
f 200/200 168/168 170/170
f 1885/1885 1877/1877 170/170
f 170/170 165/165 1885/1885
f 1886/1886 1885/1885 1881/1881
f 1887/1887 1886/1886 1881/1881
f 1886/1886 1877/1877 1885/1885
f 1803/1803 1875/1875 1888/1888
f 1888/1888 1875/1875 1874/1874
f 1889/1889 1890/1890 1874/1874
f 1891/1891 1890/1890 1892/1892
f 1893/1893 1888/1888 1874/1874
f 1891/1891 1893/1893 1874/1874
f 1891/1891 1874/1874 1890/1890
f 1894/1894 1891/1891 1892/1892
f 1803/1803 1888/1888 1805/1805
f 1895/1895 1896/1896 1897/1897
f 1898/1898 1897/1897 1896/1896
f 1895/1895 1899/1899 1900/1900
f 1895/1895 1897/1897 1901/1901
f 1845/1845 1889/1889 163/163
f 1874/1874 163/163 1889/1889
f 1845/1845 163/163 1876/1876
f 1845/1845 1876/1876 1847/1847
f 1902/1902 1879/1879 1903/1903
f 1896/1896 1904/1904 1886/1886
f 1905/1905 1904/1904 1896/1896
f 1905/1905 1879/1879 1904/1904
f 1904/1904 1879/1879 1877/1877
f 1904/1904 1877/1877 1886/1886
f 1844/1844 1889/1889 1845/1845
f 1844/1844 1848/1848 1892/1892
f 1848/1848 1906/1906 1892/1892
f 1890/1890 1889/1889 1844/1844
f 1844/1844 1892/1892 1890/1890
f 1892/1892 1906/1906 1907/1907
f 1894/1894 1892/1892 1907/1907
f 1908/1908 1894/1894 1907/1907
f 1909/1909 1907/1907 1910/1910
f 1908/1908 1907/1907 1909/1909
f 1908/1908 1909/1909 1900/1900
f 1903/1903 1900/1900 1909/1909
f 1900/1900 1903/1903 1905/1905
f 1910/1910 1907/1907 1911/1911
f 1911/1911 1909/1909 1910/1910
f 1903/1903 1909/1909 1911/1911
f 1850/1850 1907/1907 1906/1906
f 1911/1911 1907/1907 1850/1850
f 1906/1906 1848/1848 1850/1850
f 1903/1903 1911/1911 1912/1912
f 1903/1903 1879/1879 1905/1905
f 1912/1912 1902/1902 1903/1903
f 1905/1905 1896/1896 1895/1895
f 1895/1895 1900/1900 1905/1905
f 1887/1887 1882/1882 1898/1898
f 1887/1887 1881/1881 1882/1882
f 1913/1913 1898/1898 1882/1882
f 1887/1887 1898/1898 1896/1896
f 1807/1807 1882/1882 1884/1884
f 1914/1914 1913/1913 1882/1882
f 1914/1914 1882/1882 1807/1807
f 1807/1807 1884/1884 1915/1915
f 1901/1901 1914/1914 1820/1820
f 1806/1806 1820/1820 1914/1914
f 1897/1897 1913/1913 1901/1901
f 1914/1914 1901/1901 1913/1913
f 1897/1897 1898/1898 1913/1913
f 1915/1915 1808/1808 1807/1807
f 1914/1914 1807/1807 1806/1806
f 1886/1886 1887/1887 1896/1896
f 170/170 1877/1877 200/200
f 200/200 1878/1878 1916/1916
f 200/200 1916/1916 201/201
f 201/201 1916/1916 202/202
f 1917/1917 1878/1878 1918/1918
f 1916/1916 1917/1917 1919/1919
f 1917/1917 1920/1920 1919/1919
f 1920/1920 1864/1864 1919/1919
f 1879/1879 1918/1918 1878/1878
f 1878/1878 1917/1917 1916/1916
f 174/174 173/173 1854/1854
f 1921/1921 1922/1922 196/196
f 1922/1922 1923/1923 196/196
f 1921/1921 196/196 194/194
f 194/194 193/193 202/202
f 194/194 202/202 1916/1916
f 1921/1921 194/194 1916/1916
f 1921/1921 1919/1919 1922/1922
f 1916/1916 1919/1919 1921/1921
f 1922/1922 1919/1919 1864/1864
f 1924/1924 1923/1923 1922/1922
f 1924/1924 1870/1870 1925/1925
f 1870/1870 1922/1922 1864/1864
f 1870/1870 1924/1924 1922/1922
f 201/201 169/169 200/200
f 1918/1918 1879/1879 1902/1902
f 1926/1926 1917/1917 1918/1918
f 1912/1912 1911/1911 1927/1927
f 1927/1927 1911/1911 1850/1850
f 1912/1912 1926/1926 1902/1902
f 1927/1927 1862/1862 1873/1873
f 1927/1927 1873/1873 1926/1926
f 1927/1927 1850/1850 1862/1862
f 1912/1912 1927/1927 1926/1926
f 1926/1926 1918/1918 1902/1902
f 1926/1926 1920/1920 1917/1917
f 1920/1920 1926/1926 1873/1873
f 1920/1920 1873/1873 1865/1865
f 1865/1865 1864/1864 1920/1920
f 1894/1894 1893/1893 1891/1891
f 1893/1893 1894/1894 1928/1928
f 1928/1928 1894/1894 1929/1929
f 1908/1908 1929/1929 1894/1894
f 1810/1810 1805/1805 1888/1888
f 1810/1810 1888/1888 1893/1893
f 1810/1810 1893/1893 1930/1930
f 1830/1830 1930/1930 1928/1928
f 1928/1928 1929/1929 1830/1830
f 1811/1811 1810/1810 1930/1930
f 1830/1830 1811/1811 1930/1930
f 1929/1929 1829/1829 1830/1830
f 1833/1833 1929/1929 1931/1931
f 1833/1833 1931/1931 1831/1831
f 1829/1829 1929/1929 1833/1833
f 1928/1928 1930/1930 1893/1893
f 1899/1899 1931/1931 1929/1929
f 1900/1900 1899/1899 1908/1908
f 1929/1929 1908/1908 1899/1899
f 1931/1931 1899/1899 1932/1932
f 1932/1932 1899/1899 1895/1895
f 1901/1901 1932/1932 1895/1895
f 1820/1820 1932/1932 1901/1901
f 1818/1818 1831/1831 1932/1932
f 1931/1931 1932/1932 1831/1831
f 1818/1818 1932/1932 1820/1820
f 353/353 350/350 1933/1933
f 1934/1934 353/353 1933/1933
f 349/349 348/348 1804/1804
f 1816/1816 349/349 1804/1804
f 1935/1935 1915/1915 1936/1936
f 350/350 349/349 1816/1816
f 1933/1933 350/350 1816/1816
f 1935/1935 351/351 359/359
f 1935/1935 359/359 1937/1937
f 1935/1935 1936/1936 351/351
f 354/354 353/353 1934/1934
f 1938/1938 354/354 1934/1934
f 393/393 354/354 1938/1938
f 1939/1939 1940/1940 358/358
f 357/357 359/359 356/356
f 1941/1941 357/357 358/358
f 1937/1937 359/359 357/357
f 1937/1937 357/357 1941/1941
f 1942/1942 1935/1935 1937/1937
f 1943/1943 1935/1935 1942/1942
f 1943/1943 1915/1915 1935/1935
f 1808/1808 1915/1915 1943/1943
f 1944/1944 1808/1808 1943/1943
f 1944/1944 1943/1943 1945/1945
f 1945/1945 1943/1943 1942/1942
f 1941/1941 358/358 1940/1940
f 1946/1946 1940/1940 1947/1947
f 1948/1948 1938/1938 1934/1934
f 1948/1948 1949/1949 1938/1938
f 1950/1950 1951/1951 1949/1949
f 1950/1950 1949/1949 1948/1948
f 1952/1952 1940/1940 1946/1946
f 1942/1942 1937/1937 1953/1953
f 1945/1945 1942/1942 1953/1953
f 1953/1953 1937/1937 1941/1941
f 1940/1940 1953/1953 1941/1941
f 1940/1940 1952/1952 1953/1953
f 1945/1945 1953/1953 1954/1954
f 1954/1954 1953/1953 1952/1952
f 368/368 1949/1949 1955/1955
f 999/999 367/367 370/370
f 368/368 1955/1955 370/370
f 1956/1956 370/370 1955/1955
f 999/999 370/370 1956/1956
f 1955/1955 1949/1949 1951/1951
f 1955/1955 1951/1951 1957/1957
f 1957/1957 1956/1956 1955/1955
f 1958/1958 999/999 1956/1956
f 1959/1959 1956/1956 1957/1957
f 1959/1959 1958/1958 1956/1956
f 1949/1949 368/368 393/393
f 391/391 1939/1939 358/358
f 395/395 1939/1939 391/391
f 366/366 393/393 368/368
f 395/395 391/391 392/392
f 1947/1947 1940/1940 1939/1939
f 395/395 1947/1947 1939/1939
f 1960/1960 395/395 394/394
f 1961/1961 395/395 1960/1960
f 1962/1962 1960/1960 394/394
f 394/394 396/396 1962/1962
f 1962/1962 396/396 1963/1963
f 397/397 1964/1964 396/396
f 1963/1963 396/396 1964/1964
f 1949/1949 393/393 1938/1938
f 1947/1947 395/395 1961/1961
f 1946/1946 1947/1947 1961/1961
f 1961/1961 1965/1965 1946/1946
f 1966/1966 1961/1961 1960/1960
f 1961/1961 1966/1966 1965/1965
f 1960/1960 1962/1962 1963/1963
f 1963/1963 1966/1966 1960/1960
f 1967/1967 1963/1963 1964/1964
f 1968/1968 1964/1964 1969/1969
f 1968/1968 1967/1967 1964/1964
f 1963/1963 1967/1967 1966/1966
f 1970/1970 1966/1966 1967/1967
f 1971/1971 1967/1967 1968/1968
f 1972/1972 1973/1973 1974/1974
f 1933/1933 1814/1814 1813/1813
f 1813/1813 1934/1934 1933/1933
f 1975/1975 1934/1934 1813/1813
f 1976/1976 1977/1977 1978/1978
f 1934/1934 1975/1975 1948/1948
f 1977/1977 1976/1976 1979/1979
f 1814/1814 1933/1933 1816/1816
f 1980/1980 1836/1836 1944/1944
f 1944/1944 1819/1819 1808/1808
f 1819/1819 1944/1944 1836/1836
f 1980/1980 1944/1944 1945/1945
f 1980/1980 1945/1945 1954/1954
f 1977/1977 1954/1954 1978/1978
f 1954/1954 1977/1977 1980/1980
f 1837/1837 1835/1835 1836/1836
f 1981/1981 1836/1836 1980/1980
f 1981/1981 1980/1980 1977/1977
f 1982/1982 1978/1978 1952/1952
f 1982/1982 1952/1952 1946/1946
f 1982/1982 1946/1946 1983/1983
f 1984/1984 1982/1982 1983/1983
f 1976/1976 1978/1978 1982/1982
f 1976/1976 1982/1982 1984/1984
f 1954/1954 1952/1952 1978/1978
f 1985/1985 1813/1813 1841/1841
f 1841/1841 1842/1842 1985/1985
f 1975/1975 1813/1813 1985/1985
f 1975/1975 1985/1985 1986/1986
f 1987/1987 1837/1837 1988/1988
f 1986/1986 1985/1985 1989/1989
f 1989/1989 1985/1985 1842/1842
f 1842/1842 1990/1990 1989/1989
f 1842/1842 1843/1843 1990/1990
f 1987/1987 1991/1991 1843/1843
f 1992/1992 1948/1948 1975/1975
f 1993/1993 1992/1992 1975/1975
f 1994/1994 1993/1993 1986/1986
f 1977/1977 1979/1979 1981/1981
f 1993/1993 1975/1975 1986/1986
f 1990/1990 1843/1843 1991/1991
f 1988/1988 1991/1991 1987/1987
f 1995/1995 1991/1991 1988/1988
f 1981/1981 1995/1995 1988/1988
f 1979/1979 1995/1995 1981/1981
f 1986/1986 1989/1989 1994/1994
f 1989/1989 1996/1996 1994/1994
f 1990/1990 1991/1991 1997/1997
f 1995/1995 1997/1997 1991/1991
f 1837/1837 1836/1836 1981/1981
f 1843/1843 1842/1842 1838/1838
f 1987/1987 1843/1843 1840/1840
f 1988/1988 1837/1837 1981/1981
f 1987/1987 1840/1840 1837/1837
f 1992/1992 1950/1950 1948/1948
f 1976/1976 1984/1984 1998/1998
f 1998/1998 1995/1995 1979/1979
f 1999/1999 1995/1995 1998/1998
f 1979/1979 1976/1976 1998/1998
f 1973/1973 1951/1951 1950/1950
f 1973/1973 1950/1950 1992/1992
f 1973/1973 1992/1992 2000/2000
f 1984/1984 2001/2001 1998/1998
f 2002/2002 1998/1998 2001/2001
f 1994/1994 2000/2000 1992/1992
f 1992/1992 1993/1993 1994/1994
f 1996/1996 1989/1989 1990/1990
f 2003/2003 1996/1996 1990/1990
f 2003/2003 1990/1990 1997/1997
f 2000/2000 1994/1994 2004/2004
f 1996/1996 2004/2004 1994/1994
f 1997/1997 1995/1995 1999/1999
f 2004/2004 1973/1973 2000/2000
f 1974/1974 1973/1973 2004/2004
f 1997/1997 1999/1999 2005/2005
f 2005/2005 1999/1999 2006/2006
f 1998/1998 2006/2006 1999/1999
f 2006/2006 1998/1998 2002/2002
f 2007/2007 1996/1996 2003/2003
f 2004/2004 2008/2008 1974/1974
f 1996/1996 2008/2008 2004/2004
f 1996/1996 2009/2009 2008/2008
f 1996/1996 2007/2007 2009/2009
f 1997/1997 2005/2005 2003/2003
f 2005/2005 2007/2007 2003/2003
f 2010/2010 1974/1974 2008/2008
f 2009/2009 2010/2010 2008/2008
f 2007/2007 2011/2011 2009/2009
f 2011/2011 2007/2007 2005/2005
f 1959/1959 2012/2012 1958/1958
f 1959/1959 2013/2013 2012/2012
f 2012/2012 2013/2013 2014/2014
f 1973/1973 1957/1957 1951/1951
f 2015/2015 1959/1959 1957/1957
f 1972/1972 1957/1957 1973/1973
f 2016/2016 1957/1957 1972/1972
f 1972/1972 1974/1974 2010/2010
f 2010/2010 2016/2016 1972/1972
f 2015/2015 1957/1957 2016/2016
f 2013/2013 1959/1959 2015/2015
f 2017/2017 2013/2013 2015/2015
f 2013/2013 2017/2017 2014/2014
f 1946/1946 1965/1965 1983/1983
f 1983/1983 1965/1965 2018/2018
f 1965/1965 1966/1966 1970/1970
f 1965/1965 1970/1970 2018/2018
f 2019/2019 2001/2001 2018/2018
f 1984/1984 1983/1983 2001/2001
f 2001/2001 1983/1983 2018/2018
f 2019/2019 2018/2018 2020/2020
f 2021/2021 1970/1970 1967/1967
f 2018/2018 1970/1970 2021/2021
f 1968/1968 2022/2022 1971/1971
f 2021/2021 1967/1967 1971/1971
f 1971/1971 2023/2023 2021/2021
f 2022/2022 2023/2023 1971/1971
f 2023/2023 2024/2024 2021/2021
f 2025/2025 2018/2018 2021/2021
f 2025/2025 2021/2021 2024/2024
f 2023/2023 2026/2026 2027/2027
f 2026/2026 2023/2023 2022/2022
f 2028/2028 2001/2001 2019/2019
f 2002/2002 2001/2001 2028/2028
f 2020/2020 2018/2018 2025/2025
f 2028/2028 2019/2019 2020/2020
f 2029/2029 2002/2002 2030/2030
f 2030/2030 2002/2002 2028/2028
f 2028/2028 2031/2031 2030/2030
f 2029/2029 2032/2032 2005/2005
f 2006/2006 2002/2002 2029/2029
f 2006/2006 2029/2029 2005/2005
f 2031/2031 2028/2028 2020/2020
f 2031/2031 2020/2020 2033/2033
f 2029/2029 2030/2030 2031/2031
f 2033/2033 2025/2025 2024/2024
f 2033/2033 2020/2020 2025/2025
f 2027/2027 2033/2033 2024/2024
f 2027/2027 2024/2024 2023/2023
f 2034/2034 2027/2027 2026/2026
f 2035/2035 2027/2027 2034/2034
f 2027/2027 2036/2036 2033/2033
f 2027/2027 2035/2035 2036/2036
f 2037/2037 2031/2031 2033/2033
f 2037/2037 2036/2036 2038/2038
f 2037/2037 2033/2033 2036/2036
f 2038/2038 2036/2036 2035/2035
f 352/352 1883/1883 536/536
f 1880/1880 536/536 1883/1883
f 351/351 1883/1883 352/352
f 1884/1884 1883/1883 1936/1936
f 351/351 1936/1936 1883/1883
f 1915/1915 1884/1884 1936/1936
f 2039/2039 2010/2010 2009/2009
f 2010/2010 2040/2040 2016/2016
f 2010/2010 2041/2041 2040/2040
f 2041/2041 2010/2010 2039/2039
f 2040/2040 2015/2015 2016/2016
f 2041/2041 2042/2042 2040/2040
f 2043/2043 2042/2042 2041/2041
f 2043/2043 2041/2041 2039/2039
f 2043/2043 2039/2039 2044/2044
f 2015/2015 2040/2040 2042/2042
f 2044/2044 2045/2045 2043/2043
f 2042/2042 2017/2017 2015/2015
f 2042/2042 2043/2043 2046/2046
f 2043/2043 2045/2045 2046/2046
f 2047/2047 2017/2017 2042/2042
f 2042/2042 2046/2046 2047/2047
f 2048/2048 2046/2046 2049/2049
f 2045/2045 2049/2049 2046/2046
f 2046/2046 2048/2048 2047/2047
f 2045/2045 2050/2050 2049/2049
f 2051/2051 2014/2014 2017/2017
f 2017/2017 2052/2052 2051/2051
f 2047/2047 2052/2052 2017/2017
f 2047/2047 2048/2048 2053/2053
f 2048/2048 2049/2049 2054/2054
f 2055/2055 2048/2048 2054/2054
f 2056/2056 2054/2054 2049/2049
f 2053/2053 2052/2052 2047/2047
f 2055/2055 2053/2053 2048/2048
f 2054/2054 2056/2056 2057/2057
f 2009/2009 2011/2011 2039/2039
f 2011/2011 2005/2005 2032/2032
f 2044/2044 2039/2039 2011/2011
f 2031/2031 2058/2058 2029/2029
f 2032/2032 2029/2029 2058/2058
f 2059/2059 2044/2044 2011/2011
f 2011/2011 2032/2032 2059/2059
f 2058/2058 2031/2031 2060/2060
f 2037/2037 2060/2060 2031/2031
f 2058/2058 2059/2059 2032/2032
f 2050/2050 2059/2059 2058/2058
f 2050/2050 2058/2058 2060/2060
f 2044/2044 2059/2059 2045/2045
f 2050/2050 2045/2045 2059/2059
f 2060/2060 2037/2037 2038/2038
f 2050/2050 2060/2060 2061/2061
f 2061/2061 2060/2060 2038/2038
f 2061/2061 2049/2049 2050/2050
f 2062/2062 2038/2038 2035/2035
f 2063/2063 2062/2062 2035/2035
f 2035/2035 2064/2064 2063/2063
f 2061/2061 2038/2038 2062/2062
f 2065/2065 2061/2061 2062/2062
f 2056/2056 2049/2049 2061/2061
f 2056/2056 2061/2061 2065/2065
f 2065/2065 2062/2062 2063/2063
f 2056/2056 2065/2065 2066/2066
f 2063/2063 2066/2066 2065/2065
f 2066/2066 2057/2057 2056/2056
f 2067/2067 173/173 192/192
f 2068/2068 2067/2067 192/192
f 1867/1867 1854/1854 2069/2069
f 1854/1854 173/173 2067/2067
f 1854/1854 2067/2067 2069/2069
f 2067/2067 2070/2070 2069/2069
f 2071/2071 2069/2069 2070/2070
f 2068/2068 192/192 677/677
f 2073/2073 2068/2068 677/677
f 2070/2070 2067/2067 2068/2068
f 2071/2071 2070/2070 2075/2075
f 2068/2068 2073/2073 2070/2070
f 2075/2075 2070/2070 2073/2073
f 2069/2069 1866/1866 1867/1867
f 1866/1866 2069/2069 2076/2076
f 2076/2076 1868/1868 1866/1866
f 2076/2076 2077/2077 1868/1868
f 2076/2076 2069/2069 2071/2071
f 2077/2077 2076/2076 2071/2071
f 1869/1869 2077/2077 2079/2079
f 2079/2079 1925/1925 1869/1869
f 2077/2077 1861/1861 1868/1868
f 1861/1861 2077/2077 1869/1869
f 1869/1869 1925/1925 1870/1870
f 2071/2071 2080/2080 2077/2077
f 2080/2080 2071/2071 2075/2075
f 2083/2083 2077/2077 2080/2080
f 2083/2083 2079/2079 2077/2077
f 676/676 2084/2084 2072/2072
f 2072/2072 2084/2084 2085/2085
f 2085/2085 2084/2084 2086/2086
f 2074/2074 2072/2072 2085/2085
f 2081/2081 2074/2074 2085/2085
f 2087/2087 2082/2082 2081/2081
f 2081/2081 2085/2085 2088/2088
f 2087/2087 2081/2081 2088/2088
f 2088/2088 2085/2085 2086/2086
f 1923/1923 669/669 196/196
f 1923/1923 670/670 669/669
f 1923/1923 1924/1924 670/670
f 672/672 671/671 2089/2089
f 2089/2089 2090/2090 2092/2092
f 2092/2092 2090/2090 2078/2078
f 2090/2090 2089/2089 671/671
f 2091/2091 670/670 1924/1924
f 2091/2091 1924/1924 1925/1925
f 2079/2079 2091/2091 1925/1925
f 2089/2089 2092/2092 679/679
f 2093/2093 679/679 2092/2092
f 680/680 679/679 2093/2093
f 2078/2078 2082/2082 2094/2094
f 2094/2094 2082/2082 2087/2087
f 2094/2094 2092/2092 2078/2078
f 2094/2094 2095/2095 2092/2092
f 2092/2092 2095/2095 2093/2093
f 2084/2084 676/676 675/675
f 2084/2084 675/675 2086/2086
f 2088/2088 2086/2086 2096/2096
f 695/695 2086/2086 675/675
f 2097/2097 2086/2086 695/695
f 2096/2096 2086/2086 2097/2097
f 2098/2098 2096/2096 2097/2097
f 2099/2099 2096/2096 2098/2098
f 2095/2095 2100/2100 2093/2093
f 2100/2100 2095/2095 2101/2101
f 2096/2096 2087/2087 2088/2088
f 2096/2096 2099/2099 2087/2087
f 2095/2095 2094/2094 2087/2087
f 2087/2087 2099/2099 2101/2101
f 2087/2087 2101/2101 2095/2095
f 679/679 672/672 2089/2089
f 2093/2093 682/682 680/680
f 682/682 2093/2093 2100/2100
f 2100/2100 684/684 682/682
f 695/695 2098/2098 2097/2097
f 2098/2098 695/695 696/696
f 2098/2098 696/696 700/700
f 700/700 2099/2099 2098/2098
f 684/684 2100/2100 2102/2102
f 2100/2100 2101/2101 2102/2102
f 2101/2101 2103/2103 2102/2102
f 2099/2099 700/700 702/702
f 2101/2101 2099/2099 702/702
f 683/683 684/684 697/697
f 2102/2102 697/697 684/684
f 2103/2103 697/697 2102/2102
f 2103/2103 2101/2101 702/702
f 2103/2103 702/702 707/707
f 707/707 697/697 2103/2103
f 880/880 888/888 881/881
f 879/879 2104/2104 880/880
f 880/880 2104/2104 888/888
f 879/879 2105/2105 2104/2104
f 879/879 2106/2106 2105/2105
f 2107/2107 2104/2104 2105/2105
f 2107/2107 888/888 2104/2104
f 894/894 888/888 2108/2108
f 888/888 2107/2107 2108/2108
f 894/894 2108/2108 897/897
f 2109/2109 897/897 2108/2108
f 2110/2110 2108/2108 2107/2107
f 2107/2107 2105/2105 2110/2110
f 2108/2108 2110/2110 2109/2109
f 879/879 900/900 2106/2106
f 902/902 2106/2106 900/900
f 2106/2106 902/902 2111/2111
f 902/902 901/901 2111/2111
f 896/896 903/903 901/901
f 2111/2111 901/901 903/903
f 2111/2111 903/903 2112/2112
f 2105/2105 2106/2106 2113/2113
f 2111/2111 2113/2113 2106/2106
f 2112/2112 2113/2113 2111/2111
f 2110/2110 2105/2105 2113/2113
f 2114/2114 1006/1006 999/999
f 1006/1006 2114/2114 1008/1008
f 1009/1009 1007/1007 2115/2115
f 2115/2115 1007/1007 1008/1008
f 1058/1058 1009/1009 2116/2116
f 1958/1958 2114/2114 999/999
f 2117/2117 2114/2114 1958/1958
f 1008/1008 2114/2114 2115/2115
f 2117/2117 2115/2115 2114/2114
f 2117/2117 1958/1958 2012/2012
f 2117/2117 2118/2118 2115/2115
f 2116/2116 1009/1009 2115/2115
f 2116/2116 2115/2115 2118/2118
f 1058/1058 2116/2116 2119/2119
f 1048/1048 1969/1969 397/397
f 2120/2120 1048/1048 1049/1049
f 1969/1969 1964/1964 397/397
f 1048/1048 2120/2120 1969/1969
f 2121/2121 1969/1969 2120/2120
f 2122/2122 1049/1049 1051/1051
f 2120/2120 1049/1049 2122/2122
f 2122/2122 1051/1051 1053/1053
f 2123/2123 1053/1053 1115/1115
f 2124/2124 2122/2122 1053/1053
f 2124/2124 1053/1053 2123/2123
f 2122/2122 2121/2121 2120/2120
f 1968/1968 1969/1969 2121/2121
f 2122/2122 2125/2125 2121/2121
f 2125/2125 2122/2122 2124/2124
f 2126/2126 2125/2125 2124/2124
f 2127/2127 2126/2126 2124/2124
f 2127/2127 2124/2124 2123/2123
f 2127/2127 2123/2123 2128/2128
f 2129/2129 2127/2127 2128/2128
f 1115/1115 1114/1114 1117/1117
f 2130/2130 1115/1115 1117/1117
f 1117/1117 1118/1118 2131/2131
f 2123/2123 1115/1115 2130/2130
f 2131/2131 2130/2130 1117/1117
f 2130/2130 2131/2131 2132/2132
f 2132/2132 2131/2131 2133/2133
f 2131/2131 1118/1118 1127/1127
f 2133/2133 2131/2131 1127/1127
f 1128/1128 1120/1120 2134/2134
f 2135/2135 1127/1127 1137/1137
f 2135/2135 2133/2133 1127/1127
f 2136/2136 2133/2133 2135/2135
f 2136/2136 2135/2135 1137/1137
f 2137/2137 1108/1108 1058/1058
f 2128/2128 2123/2123 2130/2130
f 2132/2132 2128/2128 2130/2130
f 2137/2137 1116/1116 1108/1108
f 1116/1116 2137/2137 2138/2138
f 2139/2139 2132/2132 2133/2133
f 2140/2140 2137/2137 1058/1058
f 2140/2140 1058/1058 2119/2119
f 2141/2141 2129/2129 2128/2128
f 2128/2128 2132/2132 2141/2141
f 2132/2132 2139/2139 2142/2142
f 2141/2141 2132/2132 2142/2142
f 2138/2138 1120/1120 1116/1116
f 2143/2143 2134/2134 1120/1120
f 2144/2144 1128/1128 2134/2134
f 2138/2138 2143/2143 1120/1120
f 2145/2145 2144/2144 2134/2134
f 2134/2134 2143/2143 2145/2145
f 2133/2133 2136/2136 2139/2139
f 2139/2139 2136/2136 2146/2146
f 2147/2147 2136/2136 1137/1137
f 2147/2147 2146/2146 2136/2136
f 2147/2147 1137/1137 2148/2148
f 2145/2145 2149/2149 2144/2144
f 2150/2150 2147/2147 2148/2148
f 2014/2014 2117/2117 2012/2012
f 2051/2051 2118/2118 2117/2117
f 2014/2014 2051/2051 2117/2117
f 2118/2118 2151/2151 2116/2116
f 2119/2119 2116/2116 2151/2151
f 2152/2152 2119/2119 2151/2151
f 2118/2118 2051/2051 2153/2153
f 2118/2118 2153/2153 2154/2154
f 2151/2151 2118/2118 2154/2154
f 2152/2152 2151/2151 2155/2155
f 2121/2121 2022/2022 1968/1968
f 2121/2121 2156/2156 2022/2022
f 2156/2156 2121/2121 2125/2125
f 2026/2026 2022/2022 2156/2156
f 2157/2157 2026/2026 2156/2156
f 2125/2125 2158/2158 2156/2156
f 2125/2125 2159/2159 2158/2158
f 2158/2158 2157/2157 2156/2156
f 2159/2159 2160/2160 2158/2158
f 2126/2126 2159/2159 2125/2125
f 2159/2159 2126/2126 2161/2161
f 2161/2161 2126/2126 2127/2127
f 2127/2127 2162/2162 2161/2161
f 2127/2127 2129/2129 2162/2162
f 2159/2159 2161/2161 2160/2160
f 2161/2161 2162/2162 2160/2160
f 2152/2152 2140/2140 2119/2119
f 2162/2162 2129/2129 2163/2163
f 2034/2034 2026/2026 2157/2157
f 2164/2164 2157/2157 2158/2158
f 2164/2164 2158/2158 2160/2160
f 2165/2165 2164/2164 2160/2160
f 2034/2034 2157/2157 2164/2164
f 2166/2166 2034/2034 2164/2164
f 2035/2035 2034/2034 2064/2064
f 2064/2064 2034/2034 2166/2166
f 2166/2166 2164/2164 2165/2165
f 2166/2166 2165/2165 2167/2167
f 2165/2165 2160/2160 2168/2168
f 2162/2162 2168/2168 2160/2160
f 2168/2168 2162/2162 2169/2169
f 2170/2170 2168/2168 2169/2169
f 2171/2171 2167/2167 2165/2165
f 2171/2171 2165/2165 2168/2168
f 2155/2155 2172/2172 2152/2152
f 2168/2168 2170/2170 2173/2173
f 2171/2171 2168/2168 2173/2173
f 2138/2138 2137/2137 2174/2174
f 2140/2140 2174/2174 2137/2137
f 2141/2141 2163/2163 2129/2129
f 2163/2163 2141/2141 2175/2175
f 2169/2169 2162/2162 2163/2163
f 2176/2176 2138/2138 2174/2174
f 2141/2141 2142/2142 2175/2175
f 2139/2139 2177/2177 2142/2142
f 2177/2177 2175/2175 2142/2142
f 2175/2175 2177/2177 2178/2178
f 2176/2176 2143/2143 2138/2138
f 2143/2143 2179/2179 2145/2145
f 2179/2179 2143/2143 2176/2176
f 2177/2177 2139/2139 2146/2146
f 2180/2180 2146/2146 2181/2181
f 2181/2181 2146/2146 2147/2147
f 2181/2181 2147/2147 2150/2150
f 2180/2180 2177/2177 2146/2146
f 2182/2182 2180/2180 2181/2181
f 2178/2178 2177/2177 2180/2180
f 2182/2182 2183/2183 2180/2180
f 2184/2184 2145/2145 2179/2179
f 2145/2145 2184/2184 2185/2185
f 2181/2181 2150/2150 2182/2182
f 2152/2152 2174/2174 2140/2140
f 2174/2174 2152/2152 2172/2172
f 2163/2163 2175/2175 2169/2169
f 2175/2175 2178/2178 2186/2186
f 2169/2169 2175/2175 2186/2186
f 2187/2187 2169/2169 2186/2186
f 2172/2172 2188/2188 2174/2174
f 2169/2169 2187/2187 2170/2170
f 2170/2170 2187/2187 2173/2173
f 2176/2176 2174/2174 2188/2188
f 2188/2188 2189/2189 2176/2176
f 2186/2186 2178/2178 2190/2190
f 2187/2187 2186/2186 2190/2190
f 2190/2190 2178/2178 2191/2191
f 2191/2191 2178/2178 2192/2192
f 2189/2189 2179/2179 2176/2176
f 2189/2189 2193/2193 2179/2179
f 2178/2178 2180/2180 2194/2194
f 2194/2194 2180/2180 2183/2183
f 2194/2194 2183/2183 2192/2192
f 2195/2195 2183/2183 2182/2182
f 2192/2192 2183/2183 2195/2195
f 2196/2196 2182/2182 2150/2150
f 2182/2182 2197/2197 2195/2195
f 2197/2197 2182/2182 2196/2196
f 2194/2194 2192/2192 2178/2178
f 2198/2198 2191/2191 2192/2192
f 2198/2198 2192/2192 2195/2195
f 2198/2198 2195/2195 2199/2199
f 2193/2193 2184/2184 2179/2179
f 2193/2193 2200/2200 2184/2184
f 2199/2199 2195/2195 2197/2197
f 2199/2199 2197/2197 2201/2201
f 2202/2202 1126/1126 1128/1128
f 2202/2202 1206/1206 1126/1126
f 1218/1218 1206/1206 2202/2202
f 1217/1217 2203/2203 1138/1138
f 1137/1137 1138/1138 2148/2148
f 2148/2148 1138/1138 2203/2203
f 2204/2204 1219/1219 1218/1218
f 2204/2204 2205/2205 1219/1219
f 1219/1219 2205/2205 1220/1220
f 2204/2204 1220/1220 2205/2205
f 1128/1128 2144/2144 2202/2202
f 2202/2202 2206/2206 1218/1218
f 2206/2206 2204/2204 1218/1218
f 2149/2149 2202/2202 2144/2144
f 2149/2149 2206/2206 2202/2202
f 2206/2206 2149/2149 2207/2207
f 2208/2208 2204/2204 2206/2206
f 2208/2208 2209/2209 2204/2204
f 2185/2185 2149/2149 2145/2145
f 2207/2207 2149/2149 2185/2185
f 2148/2148 2210/2210 2150/2150
f 2207/2207 2208/2208 2206/2206
f 2211/2211 2150/2150 2210/2210
f 2212/2212 2207/2207 2185/2185
f 2209/2209 2208/2208 2213/2213
f 2207/2207 2212/2212 2208/2208
f 2212/2212 2213/2213 2208/2208
f 2200/2200 2185/2185 2184/2184
f 2185/2185 2200/2200 2212/2212
f 2203/2203 1217/1217 2214/2214
f 2214/2214 1217/1217 1216/1216
f 1381/1381 2214/2214 1216/1216
f 2214/2214 1381/1381 2215/2215
f 2215/2215 1381/1381 1382/1382
f 2203/2203 2214/2214 2216/2216
f 2217/2217 2203/2203 2216/2216
f 2215/2215 2216/2216 2214/2214
f 1220/1220 2218/2218 1386/1386
f 2204/2204 2218/2218 1220/1220
f 1382/1382 1391/1391 2219/2219
f 1391/1391 1387/1387 1423/1423
f 1385/1385 2220/2220 1389/1389
f 1382/1382 2221/2221 2215/2215
f 1382/1382 2219/2219 2221/2221
f 2219/2219 1391/1391 2222/2222
f 1391/1391 1423/1423 2222/2222
f 2223/2223 1385/1385 1386/1386
f 1385/1385 2223/2223 2220/2220
f 2203/2203 2217/2217 2148/2148
f 2148/2148 2217/2217 2210/2210
f 2217/2217 2216/2216 2210/2210
f 2215/2215 2221/2221 2224/2224
f 2218/2218 2223/2223 1386/1386
f 2225/2225 2218/2218 2204/2204
f 2209/2209 2225/2225 2204/2204
f 2226/2226 2218/2218 2225/2225
f 2223/2223 2218/2218 2226/2226
f 2226/2226 2227/2227 2223/2223
f 2228/2228 2219/2219 2222/2222
f 2222/2222 2229/2229 2228/2228
f 2229/2229 2222/2222 2230/2230
f 2227/2227 2220/2220 2223/2223
f 1389/1389 2220/2220 2231/2231
f 2221/2221 2219/2219 2228/2228
f 2224/2224 2221/2221 2228/2228
f 2232/2232 2229/2229 2230/2230
f 2233/2233 2220/2220 2227/2227
f 2234/2234 2231/2231 2220/2220
f 1388/1388 2235/2235 1423/1423
f 2235/2235 1388/1388 1422/1422
f 1424/1424 2236/2236 1422/1422
f 2222/2222 1423/1423 2230/2230
f 2235/2235 2230/2230 1423/1423
f 2237/2237 2230/2230 2235/2235
f 2231/2231 1390/1390 1389/1389
f 1422/1422 2236/2236 2235/2235
f 2236/2236 1424/1424 1429/1429
f 2238/2238 2236/2236 1429/1429
f 2239/2239 1429/1429 1430/1430
f 2240/2240 2237/2237 2235/2235
f 2236/2236 2240/2240 2235/2235
f 2232/2232 2230/2230 2237/2237
f 2237/2237 2240/2240 2241/2241
f 2239/2239 2238/2238 1429/1429
f 2236/2236 2242/2242 2240/2240
f 2238/2238 2242/2242 2236/2236
f 2238/2238 2243/2243 2242/2242
f 2238/2238 2239/2239 2243/2243
f 2243/2243 2244/2244 2242/2242
f 2240/2240 2242/2242 2244/2244
f 2245/2245 2244/2244 2243/2243
f 2246/2246 1407/1407 1420/1420
f 1420/1420 1390/1390 2247/2247
f 2248/2248 2246/2246 1420/1420
f 1407/1407 2246/2246 1406/1406
f 1406/1406 2246/2246 1431/1431
f 1414/1414 1431/1431 2249/2249
f 2249/2249 1428/1428 1414/1414
f 1390/1390 2231/2231 2247/2247
f 1420/1420 2247/2247 2248/2248
f 2250/2250 2247/2247 2231/2231
f 1431/1431 2246/2246 2251/2251
f 2246/2246 2248/2248 2251/2251
f 2252/2252 2211/2211 2210/2210
f 2216/2216 2252/2252 2210/2210
f 2253/2253 2216/2216 2215/2215
f 2253/2253 2252/2252 2216/2216
f 2254/2254 2211/2211 2252/2252
f 2254/2254 2252/2252 2255/2255
f 2255/2255 2252/2252 2256/2256
f 2256/2256 2252/2252 2253/2253
f 2256/2256 2253/2253 2257/2257
f 2255/2255 2256/2256 2257/2257
f 2253/2253 2215/2215 2224/2224
f 2257/2257 2253/2253 2224/2224
f 2257/2257 2224/2224 2258/2258
f 2209/2209 2259/2259 2225/2225
f 2209/2209 2260/2260 2259/2259
f 2259/2259 2226/2226 2225/2225
f 2228/2228 2229/2229 2261/2261
f 2229/2229 2232/2232 2261/2261
f 2262/2262 2224/2224 2228/2228
f 2262/2262 2228/2228 2261/2261
f 2233/2233 2234/2234 2220/2220
f 2263/2263 2234/2234 2233/2233
f 2262/2262 2258/2258 2224/2224
f 2261/2261 2264/2264 2262/2262
f 2226/2226 2259/2259 2265/2265
f 2265/2265 2227/2227 2226/2226
f 2211/2211 2254/2254 2150/2150
f 2150/2150 2254/2254 2196/2196
f 2255/2255 2266/2266 2254/2254
f 2209/2209 2213/2213 2260/2260
f 2267/2267 2255/2255 2257/2257
f 2266/2266 2255/2255 2267/2267
f 2196/2196 2254/2254 2268/2268
f 2268/2268 2254/2254 2266/2266
f 2201/2201 2197/2197 2196/2196
f 2269/2269 2201/2201 2196/2196
f 2269/2269 2196/2196 2268/2268
f 2266/2266 2267/2267 2270/2270
f 2258/2258 2271/2271 2257/2257
f 2267/2267 2257/2257 2271/2271
f 2272/2272 2270/2270 2267/2267
f 2272/2272 2267/2267 2271/2271
f 2271/2271 2258/2258 2262/2262
f 2262/2262 2264/2264 2271/2271
f 2271/2271 2264/2264 2273/2273
f 2265/2265 2274/2274 2227/2227
f 2275/2275 2227/2227 2274/2274
f 2265/2265 2275/2275 2274/2274
f 2275/2275 2233/2233 2227/2227
f 2276/2276 2275/2275 2265/2265
f 2273/2273 2272/2272 2271/2271
f 2277/2277 2232/2232 2241/2241
f 2232/2232 2237/2237 2241/2241
f 2261/2261 2232/2232 2277/2277
f 2263/2263 2250/2250 2234/2234
f 2278/2278 2241/2241 2240/2240
f 2264/2264 2261/2261 2277/2277
f 2264/2264 2277/2277 2279/2279
f 2280/2280 2277/2277 2241/2241
f 2280/2280 2241/2241 2278/2278
f 2279/2279 2277/2277 2280/2280
f 2281/2281 2280/2280 2278/2278
f 2279/2279 2280/2280 2282/2282
f 2244/2244 2278/2278 2240/2240
f 2283/2283 2280/2280 2281/2281
f 2245/2245 2284/2284 2244/2244
f 2244/2244 2284/2284 2278/2278
f 2281/2281 2278/2278 2284/2284
f 2273/2273 2264/2264 2279/2279
f 2282/2282 2285/2285 2279/2279
f 2282/2282 2280/2280 2286/2286
f 2286/2286 2280/2280 2283/2283
f 2287/2287 2282/2282 2286/2286
f 2285/2285 2282/2282 2287/2287
f 2285/2285 2273/2273 2279/2279
f 2285/2285 2288/2288 2273/2273
f 2289/2289 2263/2263 2233/2233
f 2288/2288 2285/2285 2287/2287
f 2283/2283 2290/2290 2291/2291
f 2290/2290 2283/2283 2281/2281
f 2292/2292 2281/2281 2284/2284
f 2292/2292 2290/2290 2281/2281
f 2283/2283 2291/2291 2286/2286
f 2293/2293 2286/2286 2291/2291
f 2294/2294 2290/2290 2292/2292
f 2294/2294 2291/2291 2290/2290
f 2234/2234 2250/2250 2231/2231
f 2295/2295 2248/2248 2247/2247
f 2247/2247 2296/2296 2295/2295
f 2247/2247 2250/2250 2296/2296
f 2250/2250 2263/2263 2296/2296
f 2297/2297 2251/2251 2248/2248
f 2297/2297 2248/2248 2295/2295
f 2297/2297 2298/2298 2251/2251
f 2296/2296 2297/2297 2295/2295
f 2298/2298 2297/2297 2299/2299
f 2296/2296 2300/2300 2297/2297
f 2301/2301 2300/2300 2296/2296
f 2299/2299 2297/2297 2300/2300
f 2051/2051 2052/2052 2153/2153
f 2053/2053 2302/2302 2052/2052
f 2302/2302 2153/2153 2052/2052
f 2303/2303 2302/2302 2053/2053
f 2055/2055 2303/2303 2053/2053
f 2054/2054 2304/2304 2055/2055
f 2304/2304 2054/2054 2057/2057
f 2303/2303 2305/2305 2302/2302
f 2304/2304 2303/2303 2055/2055
f 2306/2306 2153/2153 2302/2302
f 2306/2306 2302/2302 2305/2305
f 2306/2306 2154/2154 2153/2153
f 2303/2303 2306/2306 2305/2305
f 2306/2306 2307/2307 2154/2154
f 2308/2308 2306/2306 2303/2303
f 2308/2308 2307/2307 2306/2306
f 2155/2155 2151/2151 2154/2154
f 2309/2309 2155/2155 2154/2154
f 2064/2064 2166/2166 2063/2063
f 2310/2310 2063/2063 2166/2166
f 2310/2310 2166/2166 2311/2311
f 2166/2166 2167/2167 2311/2311
f 2066/2066 2063/2063 2310/2310
f 2066/2066 2310/2310 2312/2312
f 2312/2312 2313/2313 2066/2066
f 2313/2313 2057/2057 2066/2066
f 2057/2057 2313/2313 2304/2304
f 2312/2312 2310/2310 2311/2311
f 2308/2308 2303/2303 2304/2304
f 2167/2167 2171/2171 2314/2314
f 2315/2315 2155/2155 2309/2309
f 2316/2316 2315/2315 2309/2309
f 2172/2172 2315/2315 2316/2316
f 2172/2172 2155/2155 2315/2315
f 2309/2309 2172/2172 2316/2316
f 2309/2309 2317/2317 2172/2172
f 2314/2314 2171/2171 2173/2173
f 2314/2314 2173/2173 2318/2318
f 2307/2307 2309/2309 2154/2154
f 2311/2311 2167/2167 2319/2319
f 2313/2313 2312/2312 2320/2320
f 2312/2312 2311/2311 2320/2320
f 2319/2319 2167/2167 2314/2314
f 2311/2311 2319/2319 2320/2320
f 2321/2321 2308/2308 2304/2304
f 2321/2321 2307/2307 2308/2308
f 2322/2322 2321/2321 2304/2304
f 2313/2313 2322/2322 2304/2304
f 2307/2307 2323/2323 2309/2309
f 2307/2307 2321/2321 2324/2324
f 2325/2325 2313/2313 2320/2320
f 2322/2322 2313/2313 2325/2325
f 2317/2317 2309/2309 2323/2323
f 2319/2319 2314/2314 2326/2326
f 2327/2327 2319/2319 2326/2326
f 2324/2324 2323/2323 2307/2307
f 2328/2328 2324/2324 2321/2321
f 2322/2322 2325/2325 2329/2329
f 2325/2325 2320/2320 2327/2327
f 2327/2327 2320/2320 2319/2319
f 2321/2321 2322/2322 2329/2329
f 2323/2323 2324/2324 2328/2328
f 2323/2323 2330/2330 2317/2317
f 2330/2330 2323/2323 2328/2328
f 2331/2331 2328/2328 2329/2329
f 2321/2321 2329/2329 2328/2328
f 2325/2325 2332/2332 2329/2329
f 2333/2333 2331/2331 2329/2329
f 2314/2314 2318/2318 2326/2326
f 2332/2332 2325/2325 2334/2334
f 2327/2327 2334/2334 2325/2325
f 2187/2187 2318/2318 2173/2173
f 2335/2335 2318/2318 2187/2187
f 2335/2335 2187/2187 2190/2190
f 2188/2188 2336/2336 2189/2189
f 2172/2172 2317/2317 2337/2337
f 2337/2337 2188/2188 2172/2172
f 2317/2317 2330/2330 2337/2337
f 2330/2330 2338/2338 2337/2337
f 2328/2328 2331/2331 2330/2330
f 2330/2330 2331/2331 2339/2339
f 2331/2331 2333/2333 2339/2339
f 2333/2333 2329/2329 2332/2332
f 2330/2330 2339/2339 2338/2338
f 2340/2340 2326/2326 2318/2318
f 2341/2341 2326/2326 2340/2340
f 2335/2335 2340/2340 2318/2318
f 2326/2326 2341/2341 2327/2327
f 2334/2334 2327/2327 2341/2341
f 2334/2334 2342/2342 2332/2332
f 2342/2342 2334/2334 2341/2341
f 2343/2343 2338/2338 2339/2339
f 2342/2342 2341/2341 2344/2344
f 2188/2188 2337/2337 2336/2336
f 2345/2345 2336/2336 2337/2337
f 2337/2337 2338/2338 2345/2345
f 2343/2343 2345/2345 2338/2338
f 2343/2343 2339/2339 2333/2333
f 2343/2343 2346/2346 2345/2345
f 2344/2344 2341/2341 2340/2340
f 2342/2342 2347/2347 2332/2332
f 2348/2348 2336/2336 2345/2345
f 2342/2342 2344/2344 2349/2349
f 2349/2349 2347/2347 2342/2342
f 2190/2190 2350/2350 2335/2335
f 2198/2198 2350/2350 2191/2191
f 2191/2191 2350/2350 2190/2190
f 2350/2350 2340/2340 2335/2335
f 2340/2340 2350/2350 2351/2351
f 2340/2340 2352/2352 2344/2344
f 2352/2352 2340/2340 2351/2351
f 2352/2352 2349/2349 2344/2344
f 2353/2353 2189/2189 2336/2336
f 2353/2353 2193/2193 2189/2189
f 2348/2348 2353/2353 2336/2336
f 2354/2354 2353/2353 2348/2348
f 2355/2355 2198/2198 2199/2199
f 2356/2356 2200/2200 2193/2193
f 2201/2201 2269/2269 2357/2357
f 2198/2198 2351/2351 2350/2350
f 2351/2351 2198/2198 2355/2355
f 2349/2349 2352/2352 2358/2358
f 2352/2352 2351/2351 2355/2355
f 2352/2352 2359/2359 2358/2358
f 2352/2352 2355/2355 2359/2359
f 2359/2359 2360/2360 2358/2358
f 2356/2356 2193/2193 2353/2353
f 2361/2361 2356/2356 2353/2353
f 2355/2355 2199/2199 2201/2201
f 2201/2201 2362/2362 2355/2355
f 2357/2357 2362/2362 2201/2201
f 2355/2355 2363/2363 2359/2359
f 2363/2363 2360/2360 2359/2359
f 2363/2363 2355/2355 2362/2362
f 2357/2357 2363/2363 2362/2362
f 2360/2360 2363/2363 2364/2364
f 2346/2346 2343/2343 2333/2333
f 2346/2346 2333/2333 2332/2332
f 2346/2346 2332/2332 2347/2347
f 2365/2365 2345/2345 2346/2346
f 2348/2348 2345/2345 2365/2365
f 2365/2365 2346/2346 2347/2347
f 2347/2347 2366/2366 2365/2365
f 2348/2348 2365/2365 2366/2366
f 2354/2354 2348/2348 2366/2366
f 2367/2367 2354/2354 2366/2366
f 2354/2354 2361/2361 2353/2353
f 2367/2367 2361/2361 2354/2354
f 2367/2367 2366/2366 2347/2347
f 2358/2358 2347/2347 2349/2349
f 2368/2368 2367/2367 2347/2347
f 2347/2347 2358/2358 2368/2368
f 2360/2360 2368/2368 2358/2358
f 2361/2361 2367/2367 2369/2369
f 2369/2369 2370/2370 2361/2361
f 2369/2369 2371/2371 2370/2370
f 2369/2369 2367/2367 2371/2371
f 2371/2371 2367/2367 2368/2368
f 2370/2370 2356/2356 2361/2361
f 2368/2368 2360/2360 2364/2364
f 2200/2200 2356/2356 2372/2372
f 2372/2372 2212/2212 2200/2200
f 2212/2212 2372/2372 2373/2373
f 2356/2356 2374/2374 2372/2372
f 2374/2374 2373/2373 2372/2372
f 2374/2374 2356/2356 2370/2370
f 2370/2370 2375/2375 2374/2374
f 2376/2376 2377/2377 2375/2375
f 2378/2378 2373/2373 2374/2374
f 2374/2374 2375/2375 2378/2378
f 2371/2371 2368/2368 2379/2379
f 2370/2370 2371/2371 2379/2379
f 2380/2380 2368/2368 2364/2364
f 2379/2379 2368/2368 2380/2380
f 2370/2370 2376/2376 2375/2375
f 2370/2370 2379/2379 2376/2376
f 2376/2376 2379/2379 2381/2381
f 2379/2379 2380/2380 2381/2381
f 2269/2269 2268/2268 2382/2382
f 2382/2382 2268/2268 2266/2266
f 2373/2373 2213/2213 2212/2212
f 2383/2383 2260/2260 2213/2213
f 2373/2373 2383/2383 2213/2213
f 2384/2384 2260/2260 2383/2383
f 2385/2385 2384/2384 2383/2383
f 2386/2386 2266/2266 2270/2270
f 2382/2382 2266/2266 2386/2386
f 2387/2387 2357/2357 2269/2269
f 2387/2387 2269/2269 2382/2382
f 2388/2388 2357/2357 2387/2387
f 2388/2388 2363/2363 2357/2357
f 2388/2388 2364/2364 2363/2363
f 2389/2389 2364/2364 2388/2388
f 2380/2380 2364/2364 2389/2389
f 2387/2387 2382/2382 2388/2388
f 2388/2388 2382/2382 2390/2390
f 2373/2373 2378/2378 2383/2383
f 2378/2378 2385/2385 2383/2383
f 2375/2375 2377/2377 2378/2378
f 2391/2391 2380/2380 2389/2389
f 2391/2391 2381/2381 2380/2380
f 2392/2392 2385/2385 2378/2378
f 2377/2377 2392/2392 2378/2378
f 2377/2377 2381/2381 2393/2393
f 2377/2377 2393/2393 2392/2392
f 2382/2382 2394/2394 2390/2390
f 2382/2382 2386/2386 2394/2394
f 2389/2389 2388/2388 2390/2390
f 2389/2389 2390/2390 2391/2391
f 2395/2395 2385/2385 2392/2392
f 2393/2393 2381/2381 2396/2396
f 2391/2391 2390/2390 2397/2397
f 2396/2396 2381/2381 2391/2391
f 2393/2393 2395/2395 2392/2392
f 2390/2390 2394/2394 2397/2397
f 2396/2396 2391/2391 2397/2397
f 2397/2397 2398/2398 2396/2396
f 2386/2386 2270/2270 2399/2399
f 2394/2394 2386/2386 2399/2399
f 2400/2400 2394/2394 2399/2399
f 2397/2397 2394/2394 2400/2400
f 2259/2259 2260/2260 2384/2384
f 2276/2276 2259/2259 2384/2384
f 2276/2276 2265/2265 2259/2259
f 2276/2276 2384/2384 2385/2385
f 2401/2401 2276/2276 2385/2385
f 2401/2401 2385/2385 2395/2395
f 2402/2402 2396/2396 2398/2398
f 2396/2396 2402/2402 2393/2393
f 2395/2395 2393/2393 2403/2403
f 2393/2393 2402/2402 2403/2403
f 2403/2403 2401/2401 2395/2395
f 2399/2399 2270/2270 2272/2272
f 2404/2404 2399/2399 2272/2272
f 2404/2404 2272/2272 2273/2273
f 2404/2404 2273/2273 2288/2288
f 2405/2405 2275/2275 2276/2276
f 2406/2406 2233/2233 2275/2275
f 2233/2233 2406/2406 2289/2289
f 2400/2400 2399/2399 2404/2404
f 2400/2400 2404/2404 2407/2407
f 2405/2405 2276/2276 2401/2401
f 2408/2408 2398/2398 2397/2397
f 2408/2408 2397/2397 2400/2400
f 2409/2409 2398/2398 2408/2408
f 2410/2410 2401/2401 2403/2403
f 2410/2410 2403/2403 2402/2402
f 2405/2405 2401/2401 2410/2410
f 2402/2402 2398/2398 2411/2411
f 2411/2411 2398/2398 2409/2409
f 2410/2410 2402/2402 2411/2411
f 2400/2400 2407/2407 2408/2408
f 2408/2408 2407/2407 2412/2412
f 2413/2413 2408/2408 2412/2412
f 2407/2407 2404/2404 2288/2288
f 2413/2413 2409/2409 2408/2408
f 2411/2411 2409/2409 2413/2413
f 2405/2405 2406/2406 2275/2275
f 2406/2406 2405/2405 2410/2410
f 2406/2406 2410/2410 2414/2414
f 2414/2414 2410/2410 2415/2415
f 2415/2415 2413/2413 2416/2416
f 2415/2415 2416/2416 2414/2414
f 2411/2411 2415/2415 2410/2410
f 2411/2411 2413/2413 2415/2415
f 2377/2377 2376/2376 2381/2381
f 2288/2288 2287/2287 2417/2417
f 2286/2286 2417/2417 2287/2287
f 2286/2286 2293/2293 2417/2417
f 2418/2418 2417/2417 2293/2293
f 2417/2417 2419/2419 2288/2288
f 2419/2419 2420/2420 2421/2421
f 2420/2420 2417/2417 2418/2418
f 2420/2420 2419/2419 2417/2417
f 2288/2288 2419/2419 2407/2407
f 2412/2412 2407/2407 2419/2419
f 2413/2413 2412/2412 2422/2422
f 2412/2412 2419/2419 2421/2421
f 2421/2421 2422/2422 2412/2412
f 2423/2423 2406/2406 2414/2414
f 2414/2414 2416/2416 2424/2424
f 2423/2423 2414/2414 2424/2424
f 2422/2422 2424/2424 2416/2416
f 2424/2424 2425/2425 2423/2423
f 2423/2423 2289/2289 2406/2406
f 2289/2289 2423/2423 2425/2425
f 2289/2289 2425/2425 2426/2426
f 2422/2422 2416/2416 2413/2413
f 2424/2424 2422/2422 2427/2427
f 2425/2425 2424/2424 2427/2427
f 2422/2422 2421/2421 2420/2420
f 2422/2422 2420/2420 2428/2428
f 2429/2429 2430/2430 2425/2425
f 2425/2425 2427/2427 2429/2429
f 2429/2429 2427/2427 2422/2422
f 2422/2422 2428/2428 2429/2429
f 2431/2431 2418/2418 2293/2293
f 2293/2293 2291/2291 2431/2431
f 2431/2431 2291/2291 2294/2294
f 2431/2431 2294/2294 2432/2432
f 2433/2433 2431/2431 2432/2432
f 2434/2434 2420/2420 2418/2418
f 2420/2420 2434/2434 2428/2428
f 2434/2434 2418/2418 2431/2431
f 2428/2428 2434/2434 2433/2433
f 2431/2431 2433/2433 2434/2434
f 2435/2435 2432/2432 2294/2294
f 2263/2263 2289/2289 2426/2426
f 2263/2263 2426/2426 2296/2296
f 2436/2436 2296/2296 2426/2426
f 2426/2426 2425/2425 2430/2430
f 2301/2301 2296/2296 2436/2436
f 2436/2436 2426/2426 2430/2430
f 2436/2436 2430/2430 2437/2437
f 2429/2429 2437/2437 2430/2430
f 2437/2437 2301/2301 2436/2436
f 2301/2301 2437/2437 2438/2438
f 2439/2439 2429/2429 2428/2428
f 2437/2437 2429/2429 2439/2439
f 2437/2437 2439/2439 2438/2438
f 2440/2440 2438/2438 2439/2439
f 2441/2441 2439/2439 2428/2428
f 2300/2300 2301/2301 2440/2440
f 2438/2438 2440/2440 2301/2301
f 2440/2440 2442/2442 2300/2300
f 2441/2441 2442/2442 2440/2440
f 2440/2440 2439/2439 2441/2441
f 1677/1677 1718/1718 1681/1681
f 2443/2443 1683/1683 1681/1681
f 2443/2443 2444/2444 1683/1683
f 2444/2444 2445/2445 1683/1683
f 2444/2444 2446/2446 2445/2445
f 2447/2447 2445/2445 2446/2446
f 2109/2109 2448/2448 897/897
f 897/897 2448/2448 1698/1698
f 2449/2449 2109/2109 2110/2110
f 2109/2109 2449/2449 2448/2448
f 2450/2450 1706/1706 1699/1699
f 1699/1699 1698/1698 2450/2450
f 2449/2449 2451/2451 2448/2448
f 2451/2451 1698/1698 2448/2448
f 2450/2450 1698/1698 2451/2451
f 2451/2451 2452/2452 2450/2450
f 2452/2452 2451/2451 2453/2453
f 1707/1707 1703/1703 1706/1706
f 1705/1705 1707/1707 2454/2454
f 1702/1702 1705/1705 2454/2454
f 1712/1712 1702/1702 2454/2454
f 2455/2455 1712/1712 2454/2454
f 1692/1692 1693/1693 2456/2456
f 2456/2456 1693/1693 1715/1715
f 2454/2454 1707/1707 2457/2457
f 2457/2457 1707/1707 1706/1706
f 2457/2457 1706/1706 2450/2450
f 2457/2457 2450/2450 2458/2458
f 2450/2450 2452/2452 2458/2458
f 2452/2452 2453/2453 2458/2458
f 2459/2459 2457/2457 2458/2458
f 2460/2460 2454/2454 2457/2457
f 2457/2457 2459/2459 2460/2460
f 2453/2453 2461/2461 2458/2458
f 2462/2462 2461/2461 2453/2453
f 2459/2459 2458/2458 2461/2461
f 2461/2461 2462/2462 2463/2463
f 2464/2464 903/903 895/895
f 2112/2112 903/903 2465/2465
f 2113/2113 2112/2112 2465/2465
f 2465/2465 903/903 2464/2464
f 2464/2464 895/895 1697/1697
f 2466/2466 2465/2465 2464/2464
f 2465/2465 2466/2466 2113/2113
f 2110/2110 2113/2113 2449/2449
f 2466/2466 2464/2464 2467/2467
f 1697/1697 2468/2468 2464/2464
f 2464/2464 2468/2468 2467/2467
f 2453/2453 2451/2451 2449/2449
f 2453/2453 2449/2449 2113/2113
f 2453/2453 2113/2113 2462/2462
f 2466/2466 2462/2462 2113/2113
f 1697/1697 1700/1700 2468/2468
f 2462/2462 2466/2466 2467/2467
f 2467/2467 2468/2468 2469/2469
f 2469/2469 2468/2468 2470/2470
f 2470/2470 2468/2468 1700/1700
f 1692/1692 2456/2456 1700/1700
f 2470/2470 1700/1700 2456/2456
f 2470/2470 2456/2456 2471/2471
f 2467/2467 2469/2469 2472/2472
f 2467/2467 2472/2472 2462/2462
f 2469/2469 2470/2470 2471/2471
f 2462/2462 2472/2472 2463/2463
f 2472/2472 2469/2469 2471/2471
f 2471/2471 2456/2456 2473/2473
f 2473/2473 2472/2472 2471/2471
f 2473/2473 2456/2456 1715/1715
f 2463/2463 2472/2472 2474/2474
f 2473/2473 2474/2474 2472/2472
f 1711/1711 1712/1712 2475/2475
f 2475/2475 2476/2476 1711/1711
f 2476/2476 1713/1713 1711/1711
f 1711/1711 1710/1710 1712/1712
f 2475/2475 2477/2477 2476/2476
f 2475/2475 1712/1712 2455/2455
f 2460/2460 2455/2455 2454/2454
f 2460/2460 2478/2478 2455/2455
f 2459/2459 2479/2479 2460/2460
f 2459/2459 2480/2480 2479/2479
f 2480/2480 2459/2459 2461/2461
f 2463/2463 2480/2480 2461/2461
f 2479/2479 2478/2478 2460/2460
f 2481/2481 2482/2482 1715/1715
f 2475/2475 2455/2455 2478/2478
f 2477/2477 2475/2475 2478/2478
f 2483/2483 2477/2477 2478/2478
f 2481/2481 1715/1715 1714/1714
f 1714/1714 1716/1716 2481/2481
f 2481/2481 1716/1716 2484/2484
f 2485/2485 2482/2482 2481/2481
f 1713/1713 2476/2476 1718/1718
f 1718/1718 2443/2443 1681/1681
f 1718/1718 2476/2476 2486/2486
f 2443/2443 1718/1718 2486/2486
f 2486/2486 2446/2446 2443/2443
f 2486/2486 2476/2476 2477/2477
f 2487/2487 2486/2486 2477/2477
f 2446/2446 2486/2486 2487/2487
f 2444/2444 2443/2443 2446/2446
f 2488/2488 2447/2447 2446/2446
f 1717/1717 1719/1719 2489/2489
f 1717/1717 2489/2489 2490/2490
f 1717/1717 2484/2484 1716/1716
f 2484/2484 1717/1717 2491/2491
f 2491/2491 1717/1717 2490/2490
f 2463/2463 2492/2492 2480/2480
f 2474/2474 2492/2492 2463/2463
f 2493/2493 2492/2492 2474/2474
f 2483/2483 2494/2494 2477/2477
f 2494/2494 2483/2483 2495/2495
f 2496/2496 2495/2495 2483/2483
f 2479/2479 2483/2483 2478/2478
f 2479/2479 2480/2480 2483/2483
f 2480/2480 2496/2496 2483/2483
f 2480/2480 2492/2492 2496/2496
f 2493/2493 2474/2474 2482/2482
f 2493/2493 2482/2482 2485/2485
f 2484/2484 2485/2485 2481/2481
f 2488/2488 2446/2446 2497/2497
f 2487/2487 2497/2497 2446/2446
f 2498/2498 2487/2487 2499/2499
f 2498/2498 2497/2497 2487/2487
f 2497/2497 2500/2500 2488/2488
f 2498/2498 2500/2500 2497/2497
f 2498/2498 2499/2499 2501/2501
f 2498/2498 2502/2502 2500/2500
f 2498/2498 2501/2501 2502/2502
f 2487/2487 2477/2477 2494/2494
f 2503/2503 2496/2496 2492/2492
f 2499/2499 2487/2487 2494/2494
f 2495/2495 2499/2499 2494/2494
f 2495/2495 2504/2504 2499/2499
f 2504/2504 2495/2495 2496/2496
f 2496/2496 2503/2503 2504/2504
f 2485/2485 2484/2484 2505/2505
f 2493/2493 2485/2485 2506/2506
f 2506/2506 2485/2485 2505/2505
f 2505/2505 2484/2484 2491/2491
f 2506/2506 2492/2492 2493/2493
f 2506/2506 2505/2505 2507/2507
f 2508/2508 2505/2505 2491/2491
f 2505/2505 2508/2508 2507/2507
f 2507/2507 2492/2492 2506/2506
f 2503/2503 2492/2492 2507/2507
f 2491/2491 2490/2490 2509/2509
f 2508/2508 2491/2491 2510/2510
f 2510/2510 2491/2491 2509/2509
f 2507/2507 2508/2508 2510/2510
f 2509/2509 2490/2490 2489/2489
f 2504/2504 2501/2501 2499/2499
f 2501/2501 2504/2504 2503/2503
f 2511/2511 2507/2507 2510/2510
f 2509/2509 2511/2511 2510/2510
f 2511/2511 2503/2503 2507/2507
f 2512/2512 2511/2511 2509/2509
f 2509/2509 2489/2489 2512/2512
f 2512/2512 2503/2503 2511/2511
f 2473/2473 2482/2482 2474/2474
f 2482/2482 2473/2473 1715/1715
f 2513/2513 1427/1427 1787/1787
f 2514/2514 1787/1787 1789/1789
f 2513/2513 1430/1430 1427/1427
f 2513/2513 1787/1787 2514/2514
f 2515/2515 2513/2513 2514/2514
f 2513/2513 2239/2239 1430/1430
f 2514/2514 1789/1789 1792/1792
f 2516/2516 1791/1791 1788/1788
f 1791/1791 2516/2516 1794/1794
f 2514/2514 1792/1792 2517/2517
f 2517/2517 1792/1792 1786/1786
f 2517/2517 1786/1786 1785/1785
f 2518/2518 2514/2514 2517/2517
f 2519/2519 2513/2513 2515/2515
f 2520/2520 2513/2513 2519/2519
f 2239/2239 2513/2513 2520/2520
f 2243/2243 2239/2239 2520/2520
f 2521/2521 2520/2520 2519/2519
f 2514/2514 2518/2518 2515/2515
f 2515/2515 2522/2522 2519/2519
f 2522/2522 2515/2515 2518/2518
f 2523/2523 2522/2522 2518/2518
f 2523/2523 2518/2518 2517/2517
f 2516/2516 1788/1788 2524/2524
f 2525/2525 2522/2522 2523/2523
f 2526/2526 2522/2522 2525/2525
f 2523/2523 2527/2527 2525/2525
f 2521/2521 2519/2519 2526/2526
f 2526/2526 2519/2519 2522/2522
f 2528/2528 2524/2524 1788/1788
f 1799/1799 1798/1798 2529/2529
f 2529/2529 2530/2530 1799/1799
f 2531/2531 1785/1785 1799/1799
f 2531/2531 1799/1799 2530/2530
f 1785/1785 2531/2531 2532/2532
f 2533/2533 2531/2531 2530/2530
f 2531/2531 2533/2533 2534/2534
f 2529/2529 1798/1798 1683/1683
f 2445/2445 2529/2529 1683/1683
f 1800/1800 1796/1796 2535/2535
f 2535/2535 1796/1796 1802/1802
f 2530/2530 2529/2529 2445/2445
f 2533/2533 2530/2530 2445/2445
f 2445/2445 2536/2536 2533/2533
f 2445/2445 2447/2447 2536/2536
f 2537/2537 2538/2538 1800/1800
f 2535/2535 2537/2537 1800/1800
f 2539/2539 1793/1793 1794/1794
f 2539/2539 1801/1801 1793/1793
f 2540/2540 1801/1801 2539/2539
f 2540/2540 1802/1802 1801/1801
f 2517/2517 1785/1785 2532/2532
f 2539/2539 1794/1794 2541/2541
f 2541/2541 1794/1794 2516/2516
f 2535/2535 1802/1802 2540/2540
f 2532/2532 2531/2531 2534/2534
f 2542/2542 2532/2532 2534/2534
f 2543/2543 2542/2542 2534/2534
f 2543/2543 2534/2534 2544/2544
f 2536/2536 2544/2544 2533/2533
f 2534/2534 2533/2533 2544/2544
f 2536/2536 2545/2545 2544/2544
f 2546/2546 2537/2537 2535/2535
f 2546/2546 2535/2535 2547/2547
f 2545/2545 2536/2536 2548/2548
f 2549/2549 2545/2545 2548/2548
f 2550/2550 2544/2544 2545/2545
f 2543/2543 2544/2544 2550/2550
f 2551/2551 2543/2543 2550/2550
f 2552/2552 2551/2551 2550/2550
f 2552/2552 2550/2550 2545/2545
f 2553/2553 2545/2545 2549/2549
f 2532/2532 2542/2542 2517/2517
f 2523/2523 2517/2517 2542/2542
f 2541/2541 2516/2516 2524/2524
f 2542/2542 2554/2554 2523/2523
f 2527/2527 2523/2523 2554/2554
f 2527/2527 2554/2554 2555/2555
f 2543/2543 2554/2554 2542/2542
f 2554/2554 2543/2543 2556/2556
f 2555/2555 2554/2554 2556/2556
f 2557/2557 2541/2541 2524/2524
f 2558/2558 2540/2540 2539/2539
f 2547/2547 2535/2535 2540/2540
f 2541/2541 2558/2558 2539/2539
f 2547/2547 2540/2540 2558/2558
f 2559/2559 1790/1790 1428/1428
f 1428/1428 2249/2249 2559/2559
f 1431/1431 2560/2560 2249/2249
f 2249/2249 2560/2560 2559/2559
f 2561/2561 1790/1790 2559/2559
f 2298/2298 2560/2560 1431/1431
f 2561/2561 2559/2559 2560/2560
f 2561/2561 2528/2528 1790/1790
f 1790/1790 2528/2528 1788/1788
f 2243/2243 2562/2562 2245/2245
f 2520/2520 2562/2562 2243/2243
f 2245/2245 2563/2563 2284/2284
f 2563/2563 2245/2245 2562/2562
f 2562/2562 2520/2520 2521/2521
f 2563/2563 2562/2562 2564/2564
f 2565/2565 2521/2521 2526/2526
f 2566/2566 2565/2565 2526/2526
f 2565/2565 2562/2562 2521/2521
f 2526/2526 2525/2525 2566/2566
f 2566/2566 2525/2525 2567/2567
f 2564/2564 2562/2562 2565/2565
f 2565/2565 2568/2568 2564/2564
f 2568/2568 2565/2565 2566/2566
f 2568/2568 2566/2566 2567/2567
f 2568/2568 2567/2567 2569/2569
f 2292/2292 2284/2284 2563/2563
f 2292/2292 2563/2563 2570/2570
f 2570/2570 2563/2563 2564/2564
f 2294/2294 2292/2292 2571/2571
f 2571/2571 2292/2292 2570/2570
f 2294/2294 2571/2571 2435/2435
f 2570/2570 2572/2572 2571/2571
f 2435/2435 2571/2571 2572/2572
f 2572/2572 2570/2570 2573/2573
f 2570/2570 2564/2564 2573/2573
f 2573/2573 2574/2574 2575/2575
f 2573/2573 2575/2575 2572/2572
f 2564/2564 2568/2568 2576/2576
f 2564/2564 2576/2576 2573/2573
f 2574/2574 2576/2576 2577/2577
f 2576/2576 2568/2568 2569/2569
f 2569/2569 2577/2577 2576/2576
f 2578/2578 2577/2577 2579/2579
f 2580/2580 2577/2577 2569/2569
f 2581/2581 2578/2578 2579/2579
f 2581/2581 2579/2579 2582/2582
f 2573/2573 2576/2576 2574/2574
f 2577/2577 2578/2578 2574/2574
f 2553/2553 2583/2583 2545/2545
f 2552/2552 2545/2545 2583/2583
f 2584/2584 2552/2552 2583/2583
f 2584/2584 2583/2583 2585/2585
f 2555/2555 2586/2586 2527/2527
f 2586/2586 2525/2525 2527/2527
f 2567/2567 2525/2525 2586/2586
f 2587/2587 2555/2555 2556/2556
f 2588/2588 2586/2586 2555/2555
f 2589/2589 2555/2555 2587/2587
f 2589/2589 2588/2588 2555/2555
f 2590/2590 2588/2588 2589/2589
f 2567/2567 2586/2586 2569/2569
f 2569/2569 2586/2586 2588/2588
f 2591/2591 2588/2588 2590/2590
f 2592/2592 2557/2557 2524/2524
f 2593/2593 2557/2557 2592/2592
f 2592/2592 2594/2594 2593/2593
f 2593/2593 2595/2595 2557/2557
f 2596/2596 2595/2595 2593/2593
f 2556/2556 2543/2543 2551/2551
f 2587/2587 2556/2556 2551/2551
f 2587/2587 2551/2551 2584/2584
f 2584/2584 2551/2551 2552/2552
f 2597/2597 2598/2598 2547/2547
f 2597/2597 2599/2599 2598/2598
f 2558/2558 2597/2597 2547/2547
f 2600/2600 2558/2558 2541/2541
f 2600/2600 2541/2541 2557/2557
f 2601/2601 2587/2587 2584/2584
f 2584/2584 2602/2602 2601/2601
f 2589/2589 2587/2587 2601/2601
f 2590/2590 2589/2589 2601/2601
f 2603/2603 2597/2597 2604/2604
f 2590/2590 2601/2601 2602/2602
f 2605/2605 2602/2602 2606/2606
f 2605/2605 2590/2590 2602/2602
f 2607/2607 2606/2606 2603/2603
f 2602/2602 2584/2584 2585/2585
f 2608/2608 2602/2602 2585/2585
f 2606/2606 2602/2602 2608/2608
f 2609/2609 2599/2599 2597/2597
f 2609/2609 2606/2606 2599/2599
f 2597/2597 2558/2558 2600/2600
f 2609/2609 2603/2603 2606/2606
f 2603/2603 2609/2609 2597/2597
f 2604/2604 2597/2597 2600/2600
f 2604/2604 2600/2600 2595/2595
f 2557/2557 2595/2595 2600/2600
f 2607/2607 2595/2595 2596/2596
f 2607/2607 2596/2596 2610/2610
f 2610/2610 2611/2611 2605/2605
f 2596/2596 2611/2611 2610/2610
f 2604/2604 2607/2607 2603/2603
f 2595/2595 2607/2607 2604/2604
f 2605/2605 2606/2606 2610/2610
f 2607/2607 2610/2610 2606/2606
f 2591/2591 2580/2580 2569/2569
f 2588/2588 2591/2591 2569/2569
f 2591/2591 2612/2612 2580/2580
f 2613/2613 2580/2580 2612/2612
f 2613/2613 2612/2612 2614/2614
f 2615/2615 2594/2594 2616/2616
f 2615/2615 2616/2616 2617/2617
f 2577/2577 2580/2580 2579/2579
f 2580/2580 2613/2613 2579/2579
f 2582/2582 2579/2579 2613/2613
f 2613/2613 2617/2617 2582/2582
f 2617/2617 2618/2618 2582/2582
f 2617/2617 2613/2613 2614/2614
f 2614/2614 2615/2615 2617/2617
f 2612/2612 2591/2591 2590/2590
f 2590/2590 2605/2605 2612/2612
f 2614/2614 2612/2612 2605/2605
f 2611/2611 2614/2614 2605/2605
f 2615/2615 2611/2611 2594/2594
f 2615/2615 2614/2614 2611/2611
f 2594/2594 2611/2611 2596/2596
f 2596/2596 2593/2593 2594/2594
f 2298/2298 1431/1431 2251/2251
f 2299/2299 2619/2619 2298/2298
f 2619/2619 2560/2560 2298/2298
f 2619/2619 2620/2620 2560/2560
f 2621/2621 2524/2524 2528/2528
f 2560/2560 2620/2620 2561/2561
f 2620/2620 2528/2528 2561/2561
f 2622/2622 2299/2299 2623/2623
f 2624/2624 2435/2435 2572/2572
f 2624/2624 2572/2572 2575/2575
f 2575/2575 2625/2625 2624/2624
f 2625/2625 2626/2626 2624/2624
f 2300/2300 2623/2623 2299/2299
f 2442/2442 2623/2623 2300/2300
f 2442/2442 2627/2627 2623/2623
f 2628/2628 2627/2627 2442/2442
f 2299/2299 2622/2622 2619/2619
f 2629/2629 2620/2620 2622/2622
f 2625/2625 2575/2575 2574/2574
f 2627/2627 2622/2622 2623/2623
f 2628/2628 2630/2630 2627/2627
f 2628/2628 2626/2626 2630/2630
f 2629/2629 2622/2622 2627/2627
f 2630/2630 2629/2629 2627/2627
f 2619/2619 2622/2622 2620/2620
f 2528/2528 2620/2620 2631/2631
f 2631/2631 2621/2621 2528/2528
f 2632/2632 2631/2631 2633/2633
f 2634/2634 2581/2581 2582/2582
f 2631/2631 2635/2635 2621/2621
f 2632/2632 2635/2635 2631/2631
f 2634/2634 2636/2636 2635/2635
f 2625/2625 2574/2574 2578/2578
f 2578/2578 2626/2626 2625/2625
f 2638/2638 2626/2626 2581/2581
f 2639/2639 2637/2637 2633/2633
f 2638/2638 2639/2639 2626/2626
f 2633/2633 2620/2620 2629/2629
f 2633/2633 2631/2631 2620/2620
f 2639/2639 2633/2633 2629/2629
f 2626/2626 2639/2639 2630/2630
f 2639/2639 2629/2629 2630/2630
f 2640/2640 2638/2638 2581/2581
f 2633/2633 2637/2637 2640/2640
f 2581/2581 2632/2632 2640/2640
f 2581/2581 2634/2634 2632/2632
f 2633/2633 2640/2640 2632/2632
f 2581/2581 2626/2626 2578/2578
f 2635/2635 2632/2632 2634/2634
f 2592/2592 2524/2524 2621/2621
f 2616/2616 2592/2592 2621/2621
f 2616/2616 2594/2594 2592/2592
f 2621/2621 2636/2636 2616/2616
f 2618/2618 2616/2616 2636/2636
f 2636/2636 2621/2621 2635/2635
f 2634/2634 2582/2582 2618/2618
f 2636/2636 2634/2634 2618/2618
f 2616/2616 2618/2618 2617/2617
f 1719/1719 1680/1680 2538/2538
f 2538/2538 1680/1680 1800/1800
f 2538/2538 2489/2489 1719/1719
f 2536/2536 2447/2447 2488/2488
f 2488/2488 2548/2548 2536/2536
f 2641/2641 2489/2489 2538/2538
f 2641/2641 2538/2538 2537/2537
f 2546/2546 2641/2641 2537/2537
f 2548/2548 2488/2488 2500/2500
f 2549/2549 2548/2548 2500/2500
f 2642/2642 2549/2549 2500/2500
f 2553/2553 2549/2549 2642/2642
f 2502/2502 2642/2642 2500/2500
f 2642/2642 2502/2502 2643/2643
f 2644/2644 2489/2489 2641/2641
f 2501/2501 2643/2643 2502/2502
f 2503/2503 2643/2643 2501/2501
f 2503/2503 2645/2645 2646/2646
f 2644/2644 2646/2646 2645/2645
f 2647/2647 2644/2644 2641/2641
f 2646/2646 2644/2644 2647/2647
f 2647/2647 2641/2641 2546/2546
f 2489/2489 2644/2644 2512/2512
f 2503/2503 2512/2512 2645/2645
f 2645/2645 2512/2512 2644/2644
f 2643/2643 2648/2648 2649/2649
f 2643/2643 2649/2649 2642/2642
f 2503/2503 2648/2648 2643/2643
f 2646/2646 2648/2648 2503/2503
f 2585/2585 2553/2553 2649/2649
f 2553/2553 2585/2585 2583/2583
f 2649/2649 2553/2553 2642/2642
f 2650/2650 2648/2648 2646/2646
f 2646/2646 2651/2651 2650/2650
f 2651/2651 2546/2546 2652/2652
f 2585/2585 2649/2649 2608/2608
f 2608/2608 2649/2649 2648/2648
f 2653/2653 2651/2651 2652/2652
f 2650/2650 2651/2651 2653/2653
f 2648/2648 2606/2606 2608/2608
f 2606/2606 2648/2648 2650/2650
f 2646/2646 2647/2647 2651/2651
f 2651/2651 2647/2647 2546/2546
f 2652/2652 2546/2546 2598/2598
f 2598/2598 2546/2546 2547/2547
f 2652/2652 2598/2598 2653/2653
f 2606/2606 2650/2650 2599/2599
f 2599/2599 2650/2650 2653/2653
f 2599/2599 2653/2653 2598/2598
f 2624/2624 2433/2433 2435/2435
f 2433/2433 2432/2432 2435/2435
f 2624/2624 2428/2428 2433/2433
f 2654/2654 2441/2441 2428/2428
f 2428/2428 2624/2624 2626/2626
f 2654/2654 2428/2428 2626/2626
f 2628/2628 2654/2654 2626/2626
f 2442/2442 2441/2441 2654/2654
f 2442/2442 2654/2654 2628/2628
