usemtl material_0
v -0.067167 0.0234345 -0.0423275
v -0.067167 0.0234345 -0.0423275
v -0.070846 0.0221215 -0.0428225
v -0.072236 0.0228445 -0.0422095
v -0.072236 0.0228445 -0.0422095
v -0.069459 0.0239105 -0.0414595
v -0.072734 0.0237085 -0.0411235
v -0.073719 0.0243525 -0.0394695
v -0.07018 0.0245085 -0.0375465
v -0.073209 0.0245595 -0.0382305
v -0.068692 0.0245505 -0.0398115
v -0.067752 0.0246485 -0.0358405
v -0.072855 0.0246695 -0.0361515
v -0.075708 0.0226095 -0.0406195
v -0.075372 0.0210555 -0.0418735
v -0.077097 0.0190865 -0.0408535
v -0.07706 0.0164725 -0.0404355
v -0.077429 0.0173445 -0.0402345
v -0.077041 0.0173225 -0.0412855
v -0.077512 0.0193235 -0.0393655
v -0.074516 0.0227415 -0.0415935
v -0.074516 0.0227415 -0.0415935
v -0.073969 0.0216415 -0.0424435
v -0.074449 0.0192605 -0.0426765
v -0.071137 0.0208135 -0.0431685
v -0.072114 0.0178015 -0.0430925
v -0.07605 0.0182455 -0.0420235
v -0.075426 0.0171895 -0.0423205
v -0.076314 0.0169795 -0.0418325
v -0.076473 0.0162755 -0.0413515
v -0.0754 0.0165225 -0.0421485
v -0.072068 0.0166105 -0.0429855
v -0.074453 0.0156155 -0.0411315
v -0.075469 0.0155565 -0.0405335
v -0.072496 0.0155525 -0.0418755
v -0.07357 0.0150365 -0.0414885
v -0.076882 0.0223395 -0.0377755
v -0.075988 0.0233325 -0.0389925
v -0.075988 0.0233325 -0.0389925
v -0.076888 0.0215805 -0.0392755
v -0.075249 0.0234085 -0.0401955
v -0.075249 0.0234085 -0.0401955
v -0.07722 0.0214695 -0.0379385
v -0.074902 0.0242765 -0.0379755
v -0.07758 0.0172345 -0.0385235
v -0.077665 0.0202275 -0.0354985
v -0.077494 0.0173315 -0.0363475
v -0.077501 0.0194705 -0.0345975
v -0.076451 0.0156785 -0.0395305
v -0.077019 0.0161565 -0.0388835
v -0.076413 0.0152635 -0.0390875
v -0.075444 0.0150575 -0.0403545
v -0.076517 0.0148955 -0.0389355
v -0.076246 0.0136125 -0.0403215
v -0.077041 0.0135485 -0.0394275
v -0.076263 0.0119835 -0.0403335
v -0.077442 0.0133285 -0.0384475
v -0.074094 0.0139605 -0.0417795
v -0.073362 0.0134265 -0.0421465
v -0.074456 0.0124745 -0.0416005
v -0.074027 0.0078355 -0.0419185
v -0.075981 0.0057675 -0.0406275
v -0.077307 0.0118965 -0.0384805
v -0.077244 0.0101405 -0.0392395
v -0.077513 0.0096675 -0.0386125
v -0.077429 0.0082765 -0.0360975
v -0.076934 0.0155885 -0.0377975
v -0.076967 0.0153475 -0.0361035
v -0.076919 0.0147795 -0.0379895
v -0.077411 0.0141805 -0.0354545
v -0.077069 0.0172205 -0.0349115
v -0.07727 0.0130155 -0.0322925
v -0.077425 0.0116055 -0.0364395
v -0.077376 0.0116165 -0.0335305
v -0.077574 0.0208575 -0.0322625
v -0.076585 0.0225385 -0.0297795
v -0.076585 0.0225385 -0.0297795
v -0.077333 0.0214975 -0.0328765
v -0.077057 0.0215995 -0.0287425
v -0.077432 0.0200535 -0.0287965
v -0.076453 0.0220165 -0.0256195
v -0.076453 0.0220165 -0.0256195
v -0.077464 0.0203225 -0.0269775
v -0.077406 0.0165085 -0.0250395
v -0.077406 0.0165085 -0.0250395
v -0.07734 0.0176675 -0.0246525
v -0.07734 0.0176675 -0.0246525
v -0.075681 0.0238505 -0.0358685
v -0.076539 0.0229545 -0.0353235
v -0.076539 0.0229545 -0.0353235
v -0.074464 0.0243275 -0.0356475
v -0.074985 0.0234415 -0.0340125
v -0.076485 0.0226905 -0.0340805
v -0.076485 0.0226905 -0.0340805
v -0.075768 0.0230075 -0.0312245
v -0.074518 0.0233495 -0.0332305
v -0.071512 0.0243895 -0.0350555
v -0.071693 0.0237155 -0.0340045
v -0.077107 0.0220335 -0.0352705
v -0.077228 0.0212955 -0.0344875
v -0.077595 0.0172425 -0.0332815
v -0.073747 0.0233055 -0.0288025
v -0.070631 0.0233915 -0.0327815
v -0.075149 0.0229925 -0.0267125
v -0.068479 0.0236165 -0.0340795
v -0.065661 0.0244515 -0.0351325
v -0.067568 0.0233725 -0.0327975
v -0.077358 0.0152085 -0.0300325
v -0.07709 0.0107495 -0.0316865
v -0.077001 0.0138055 -0.0302095
v -0.076747 0.0125885 -0.0310785
v -0.076853 0.0052075 -0.0312335
v -0.076853 0.0052075 -0.0312335
v -0.076303 0.0130515 -0.0297405
v -0.076303 0.0130515 -0.0297405
v -0.076086 0.0123405 -0.0303665
v -0.076086 0.0123405 -0.0303665
v -0.075968 0.0113915 -0.0305355
v -0.075968 0.0113915 -0.0305355
v -0.07542 0.0123255 -0.0300995
v -0.075511 0.0116145 -0.0303825
v -0.077139 0.0146365 -0.0265565
v -0.077139 0.0146365 -0.0265565
v -0.076697 0.0135505 -0.0288545
v -0.076697 0.0135505 -0.0288545
v -0.075287 0.0128645 -0.0294605
v -0.075534 0.0131785 -0.0283515
v -0.076382 0.0135965 -0.0262675
v -0.076778 0.0143825 -0.0253835
v -0.075105 0.0130995 -0.0269785
v -0.071085 0.0124605 -0.0300965
v -0.072693 0.0130655 -0.0290985
v -0.071816 0.0115665 -0.0304885
v -0.073913 0.0134195 -0.0282935
v -0.07408 0.0133195 -0.0261235
v -0.077158 0.0211485 -0.0263035
v -0.074638 0.0226925 -0.0253725
v -0.075651 0.0220575 -0.0245955
v -0.074441 0.0227035 -0.0238995
v -0.07722 0.0253955 -0.0199485
v -0.076797 0.0275975 -0.0179445
v -0.076875 0.0246595 -0.0223605
v -0.076636 0.0238165 -0.0229865
v -0.075804 0.0248905 -0.0232895
v -0.07568 0.0217105 -0.0228395
v -0.077045 0.0229725 -0.0224975
v -0.077527 0.0231585 -0.0218895
v -0.075553 0.0237905 -0.0234835
v -0.071994 0.0250065 -0.0241315
v -0.073714 0.0238145 -0.0237625
v -0.074909 0.0221445 -0.0232975
v -0.074884 0.0227815 -0.0232945
v -0.073823 0.0230485 -0.0241405
v -0.076195 0.0261375 -0.0214495
v -0.073255 0.0260615 -0.0232455
v -0.077554 0.0233825 -0.0204855
v -0.07255 0.0257985 -0.0237265
v -0.077134 0.0196285 -0.0244965
v -0.076598 0.0188715 -0.0233165
v -0.076598 0.0188715 -0.0233165
v -0.076787 0.0173145 -0.0234275
v -0.076215 0.0173645 -0.0228645
v -0.077157 0.0216475 -0.0215385
v -0.077157 0.0216475 -0.0215385
v -0.075548 0.0210195 -0.0226315
v -0.075548 0.0210195 -0.0226315
v -0.075548 0.0210195 -0.0226315
v -0.075496 0.0215245 -0.0232795
v -0.075496 0.0215245 -0.0232795
v -0.075555 0.0208075 -0.0231125
v -0.075555 0.0208075 -0.0231125
v -0.075192 0.0201565 -0.0228425
v -0.075078 0.0206555 -0.0227225
v -0.074967 0.0209725 -0.0221705
v -0.076086 0.0189655 -0.0229275
v -0.075081 0.0181895 -0.0223865
v -0.076391 0.0215835 -0.0198445
v -0.076289 0.0210835 -0.0212895
v -0.077025 0.0237975 -0.0172585
v -0.077025 0.0237975 -0.0172585
v -0.075426 0.0209865 -0.0210265
v -0.07532 0.0213755 -0.0196465
v -0.072931 0.0207435 -0.0206555
v -0.072556 0.0230675 -0.0259515
v -0.069291 0.0231835 -0.0267975
v -0.068148 0.0232625 -0.0271195
v -0.069122 0.0261035 -0.0240175
v -0.069426 0.0271505 -0.0224845
v -0.066755 0.0256035 -0.0243745
v -0.072545 0.0234315 -0.0243475
v -0.07206 0.0240295 -0.0239995
v -0.06935 0.0232065 -0.0248195
v -0.071133 0.0234895 -0.0243865
v -0.06979 0.0236005 -0.0242725
v -0.069096 0.0245575 -0.0241955
v -0.065679 0.0231805 -0.0256435
v -0.064988 0.0263105 -0.0239855
v -0.067232 0.0236365 -0.0240515
v -0.064561 0.0246135 -0.0245685
v -0.06826 0.0233295 -0.0241915
v -0.067229 0.0229055 -0.0245585
v -0.065546 0.0236375 -0.0243245
v -0.065373 0.0232185 -0.0246925
v -0.076028 0.0139555 -0.0248895
v -0.076505 0.0148815 -0.0242375
v -0.075293 0.0137475 -0.0248715
v -0.076661 0.0159045 -0.0237555
v -0.076076 0.0156585 -0.0234245
v -0.074963 0.0165275 -0.0226145
v -0.075112 0.0148515 -0.0235735
v -0.072926 0.0131775 -0.0259415
v -0.070004 0.0131885 -0.0270665
v -0.071858 0.0138155 -0.0245825
v -0.069205 0.0144265 -0.0237115
v -0.069002 0.0137125 -0.0245405
v -0.072985 0.0203765 -0.0223945
v -0.07225 0.0198035 -0.0224945
v -0.07013 0.0182535 -0.0221145
v -0.068156 0.0171115 -0.0221435
v -0.073088 0.0205995 -0.0220105
v -0.071075 0.0208805 -0.0206975
v -0.068637 0.0204785 -0.0219215
v -0.068685 0.0197005 -0.0223055
v -0.065652 0.0181265 -0.0220445
v -0.06833 0.0158445 -0.0226485
v -0.076074 0.0280255 -0.0184815
v -0.077457 0.0271165 -0.0157455
v -0.077266 0.0259415 -0.0148605
v -0.073527 0.0327995 -0.0128265
v -0.07614 0.0329515 -0.0110405
v -0.077093 0.0289785 -0.0153575
v -0.077328 0.0298385 -0.0126535
v -0.076839 0.0262145 -0.0132865
v -0.076839 0.0262145 -0.0132865
v -0.075701 0.0241855 -0.0154475
v -0.07559 0.0276005 -0.0102745
v -0.069624 0.0337795 -0.0123665
v -0.071601 0.0290075 -0.0079905
v -0.070398 0.0222105 -0.0184395
v -0.065571 0.0196245 -0.0222545
v -0.064933 0.0202555 -0.0220555
v -0.066488 0.0223755 -0.0185195
v -0.068399 0.0208505 -0.0206765
v -0.063416 0.0208125 -0.0206625
v -0.061836 0.0249815 -0.0141815
v -0.063841 0.0315385 -0.0160775
v -0.07602 0.0395135 -0.0011645
v -0.073063 0.0392965 -0.0032285
v -0.077024 0.0341835 -0.0073795
v -0.076818 0.0314375 -0.0120485
v -0.077421 0.0326935 -0.0074785
v -0.077536 0.0309065 -0.0090635
v -0.077225 0.0303035 -0.0078115
v -0.076947 0.0288465 -0.0092685
v -0.076947 0.0288465 -0.0092685
v -0.077449 0.0344375 -0.0041335
v -0.077343 0.0326065 -0.0052545
v -0.07556 0.0306915 -0.0054965
v -0.076996 0.0312325 -0.0058755
v -0.076996 0.0312325 -0.0058755
v -0.076442 0.0329745 -0.0024375
v -0.077271 0.0348605 -0.0014005
v -0.077263 0.0359875 -0.0030605
v -0.07669 0.0373475 -0.0033475
v -0.076894 0.0336425 -0.0019145
v -0.076894 0.0336425 -0.0019145
v -0.073254 0.0343225 0.0003585
v -0.077026 0.0388815 -0.0001375
v -0.076723 0.0401325 0.0009865
v -0.077439 0.0367925 -0.0006385
v -0.077352 0.0383375 0.0033305
v -0.076837 0.0357925 0.0013385
v -0.076837 0.0357925 0.0013385
v -0.076846 0.0437225 0.0068695
v -0.077444 0.0395605 0.0039735
v -0.075812 0.0380395 0.0057685
v -0.068302 0.0430025 0.0012365
v -0.064567 0.0390875 -0.0048025
v -0.044771 0.0438005 0.0019255
v -0.045085 0.0309595 -0.0175325
v -0.060569 0.0316235 -0.0039905
v -0.075645 0.0487905 0.0129095
v -0.077351 0.0433275 0.0090215
v -0.073592 0.0438005 0.0038965
v -0.071497 0.0456575 0.0059835
v -0.073374 0.0490565 0.0117725
v -0.077363 0.0467485 0.0145935
v -0.077348 0.0455595 0.0142925
v -0.077348 0.0455595 0.0142925
v -0.076649 0.0476995 0.0128015
v -0.077252 0.0417825 0.0090195
v -0.077252 0.0417825 0.0090195
v -0.076906 0.0429605 0.0123505
v -0.076757 0.0441195 0.0143905
v -0.076575 0.0506365 0.0170055
v -0.077175 0.0482895 0.0153505
v -0.073972 0.0522765 0.0170815
v -0.076857 0.0453925 0.0160155
v -0.075827 0.0434315 0.0140425
v -0.061934 0.0484255 0.0093095
v -0.066866 0.0506285 0.0127255
v -0.072786 0.0422845 0.0124205
v -0.06935 0.0400255 0.0086265
v -0.070016 0.0417015 0.0112105
v -0.066378 0.0402395 0.0091695
v -0.068443 0.0407575 0.0099465
v -0.065646 0.0395465 0.0079055
v -0.067674 0.0430065 0.0131535
v -0.06723 0.0422925 0.0122715
v -0.06667 0.0413445 0.0105765
v -0.064963 0.0441525 0.0151685
v -0.076806 0.0417965 0.0106005
v -0.076793 0.0401095 0.0081955
v -0.07695 0.0380335 0.0046875
v -0.07695 0.0380335 0.0046875
v -0.069503 0.0377775 0.0054675
v -0.055728 0.0392755 0.0079185
v -0.05617 0.0298955 -0.0063255
v -0.065147 0.0410175 0.0103135
v -0.06324 0.0413755 0.0107205
v -0.064279 0.0425935 0.0124605
v -0.062154 0.0417175 0.0114385
v -0.063118 0.0389195 0.0071605
v -0.067402 0.0221525 -0.0431455
v -0.065868 0.0240695 -0.0413365
v -0.062234 0.0232185 -0.0424815
v -0.062234 0.0232185 -0.0424815
v -0.061626 0.0222915 -0.0430625
v -0.066697 0.0210935 -0.0434515
v -0.059376 0.0211075 -0.0433835
v -0.05993 0.0237125 -0.0420685
v -0.05993 0.0237125 -0.0420685
v -0.059301 0.0229385 -0.0426295
v -0.058538 0.0218635 -0.0427015
v -0.058466 0.0206085 -0.0431895
v -0.064678 0.0183365 -0.0434365
v -0.05846 0.0176565 -0.0432965
v -0.057783 0.0205485 -0.0433705
v -0.057641 0.0174005 -0.0435205
v -0.051623 0.0201335 -0.0435825
v -0.064469 0.0243405 -0.0402185
v -0.061664 0.0240645 -0.0412825
v -0.062245 0.0246565 -0.0358375
v -0.065377 0.0237425 -0.0341855
v -0.061869 0.0236395 -0.0342535
v -0.060229 0.0245075 -0.0400385
v -0.059692 0.0245715 -0.0361825
v -0.061703 0.0242605 -0.0349775
v -0.064117 0.0232695 -0.0329235
v -0.062058 0.0231105 -0.0331885
v -0.059935 0.0242895 -0.0350665
v -0.058169 0.0236655 -0.0347165
v -0.059328 0.0238715 -0.0413985
v -0.059328 0.0238715 -0.0413985
v -0.058505 0.0227445 -0.0419375
v -0.058326 0.0232015 -0.0410995
v -0.058326 0.0232015 -0.0410995
v -0.059429 0.0242775 -0.0397075
v -0.058248 0.0235865 -0.0398205
v -0.050831 0.0228995 -0.0418575
v -0.050831 0.0228995 -0.0418575
v -0.054524 0.0226695 -0.0421605
v -0.054524 0.0226695 -0.0421605
v -0.053128 0.0232745 -0.0408925
v -0.056356 0.0219565 -0.0427545
v -0.050699 0.0214975 -0.0432465
v -0.057931 0.0237955 -0.0356445
v -0.055211 0.0237435 -0.0364495
v -0.05461 0.0234755 -0.0389115
v -0.053089 0.0230405 -0.0396155
v -0.053931 0.0230875 -0.0380285
v -0.053573 0.0229325 -0.0389255
v -0.054331 0.0234565 -0.0372965
v -0.053068 0.0216975 -0.0380715
v -0.053808 0.0237415 -0.0354145
v -0.053515 0.0222855 -0.0375095
v -0.053691 0.0230915 -0.0370635
v -0.053309 0.0233355 -0.0363495
v -0.052855 0.0218025 -0.0365505
v -0.068464 0.0167685 -0.0433555
v -0.070595 0.0148885 -0.0424695
v -0.069842 0.0157325 -0.0425625
v -0.070665 0.0140805 -0.0428725
v -0.069082 0.0140235 -0.0432385
v -0.066583 0.0151985 -0.0427785
v -0.06624 0.0158875 -0.0428645
v -0.066082 0.0140335 -0.0433835
v -0.071105 0.0126045 -0.0428045
v -0.07085 0.0114635 -0.0430435
v -0.067254 0.0125795 -0.0433895
v -0.068857 0.0072405 -0.0434625
v -0.072388 0.0058025 -0.0426415
v -0.059629 0.0122255 -0.0435005
v -0.062989 0.0110305 -0.0435745
v -0.062176 0.0093005 -0.0435975
v -0.061023 0.0167905 -0.0433375
v -0.062684 0.0157485 -0.0427595
v -0.059211 0.0158415 -0.0428225
v -0.062512 0.0150785 -0.0427215
v -0.059652 0.0152425 -0.0428235
v -0.058259 0.0150305 -0.0435085
v -0.059729 0.0143275 -0.0434275
v -0.065179 0.0101915 -0.0435455
v -0.063829 0.0095845 -0.0438875
v -0.063959 0.0080615 -0.0435755
v -0.066925 0.0039705 -0.0436745
v -0.069742 -0.0030885 -0.0433625
v -0.050512 -0.0126625 -0.0439235
v -0.066298 -0.0013835 -0.0436385
v -0.064982 0.0122955 -0.0303245
v -0.065024 0.0113515 -0.0305945
v -0.065103 0.0129295 -0.0296805
v -0.067874 0.0132455 -0.0284045
v -0.062937 0.0128755 -0.0303845
v -0.059301 0.0075125 -0.0306135
v -0.065728 0.0061815 -0.0305635
v -0.055849 0.0108405 -0.0306655
v -0.061472 0.0062905 -0.0308105
v -0.057813 0.0058135 -0.0307975
v -0.047025 0.0224855 -0.0424385
v -0.047025 0.0224855 -0.0424385
v -0.05218 0.0131855 -0.0434885
v -0.046504 0.0213255 -0.0432525
v -0.051647 0.0231465 -0.0403215
v -0.050396 0.0233085 -0.0404655
v -0.051561 0.0221335 -0.0392085
v -0.051454 0.0228265 -0.0398335
v -0.050947 0.0219585 -0.0392805
v -0.050152 0.0228215 -0.0392565
v -0.047706 0.0235415 -0.0404795
v -0.048945 0.0235615 -0.0390935
v -0.050526 0.0216435 -0.0389285
v -0.04932 0.0233185 -0.0381665
v -0.050284 0.0217195 -0.0380825
v -0.05147 0.0212055 -0.0376335
v -0.050923 0.0215035 -0.0365845
v -0.039587 0.0229895 -0.0418365
v -0.039587 0.0229895 -0.0418365
v -0.046599 0.0236675 -0.0383735
v -0.043736 0.0234445 -0.0405575
v -0.035051 0.0197855 -0.0437395
v -0.042249 0.0127595 -0.0436775
v -0.032473 0.0223185 -0.0427835
v -0.033137 0.0214125 -0.0433635
v -0.039403 0.0138605 -0.0437025
v -0.052904 0.0098655 -0.0437435
v -0.040471 0.0081665 -0.0436925
v -0.059323 0.0230995 -0.0332205
v -0.057115 0.0232905 -0.0333265
v -0.054589 0.0234935 -0.0340565
v -0.057994 0.0219025 -0.0321505
v -0.055486 0.0230335 -0.0331705
v -0.056285 0.0216855 -0.0320585
v -0.054329 0.0220715 -0.0322765
v -0.052798 0.0235935 -0.0356155
v -0.052617 0.0230195 -0.0361575
v -0.051969 0.0236275 -0.0352125
v -0.05058 0.0234455 -0.0358375
v -0.052134 0.0230175 -0.0330875
v -0.048715 0.0234355 -0.0337865
v -0.053981 0.0218775 -0.0314515
v -0.051733 0.0218915 -0.0319865
v -0.048604 0.0218385 -0.0321925
v -0.052634 0.0265305 -0.0240455
v -0.049028 0.0254375 -0.0253705
v -0.041666 0.0248115 -0.0268565
v -0.059661 0.0253875 -0.0252025
v -0.065 0.0232165 -0.0319865
v -0.064893 0.0232135 -0.0291425
v -0.064181 0.0229765 -0.0296055
v -0.063147 0.0222325 -0.0314605
v -0.064782 0.0232415 -0.0268805
v -0.063564 0.0232775 -0.0286415
v -0.060936 0.0219465 -0.0320765
v -0.062604 0.0221255 -0.0311645
v -0.059494 0.0217825 -0.0312875
v -0.062273 0.0230055 -0.0292825
v -0.064007 0.0237195 -0.0266235
v -0.063341 0.0236915 -0.0277865
v -0.063399 0.0246705 -0.0261805
v -0.062455 0.0248045 -0.0264355
v -0.063232 0.0254055 -0.0249775
v -0.064009 0.0247675 -0.0249785
v -0.06472 0.0235115 -0.0247175
v -0.06521 0.0132395 -0.0262975
v -0.064136 0.0131695 -0.0286435
v -0.065785 0.0135735 -0.0248675
v -0.062581 0.0132755 -0.0294655
v -0.065196 0.0147245 -0.0235215
v -0.062325 0.0162755 -0.0224925
v -0.064197 0.0134155 -0.0254315
v -0.059281 0.0133055 -0.0255105
v -0.059828 0.0131545 -0.0277265
v -0.062417 0.0139295 -0.0243155
v -0.059143 0.0147565 -0.0234545
v -0.051313 0.0136535 -0.0248725
v -0.052622 0.0219545 -0.0310655
v -0.061228 0.0129155 -0.0303545
v -0.061265 0.0131995 -0.0296755
v -0.056798 0.0127355 -0.0305445
v -0.058678 0.0134545 -0.0299715
v -0.057325 0.0133285 -0.0293315
v -0.056155 0.0131475 -0.0301335
v -0.056745 0.0130745 -0.0272585
v -0.053377 0.0128745 -0.0305355
v -0.054765 0.0133245 -0.0299605
v -0.05086 0.0131695 -0.0265095
v -0.064198 0.0254565 -0.0246305
v -0.062874 0.0193265 -0.0221395
v -0.062636 0.0201905 -0.0215215
v -0.058664 0.0196885 -0.0218745
v -0.056766 0.0189925 -0.0221595
v -0.058776 0.0208485 -0.0205305
v -0.063363 0.0175165 -0.0221965
v -0.034385 0.0174225 -0.0223475
v -0.056233 0.0200355 -0.0214115
v -0.05599 0.0227035 -0.0174975
v -0.050532 0.0198775 -0.0218605
v -0.050971 0.0191705 -0.0222025
v -0.033097 0.0162145 -0.0227435
v -0.049839 0.0230595 -0.0371435
v -0.050565 0.0229935 -0.0364485
v -0.049003 0.0235275 -0.0370545
v -0.048113 0.0237485 -0.0354805
v -0.051277 0.0228645 -0.0362595
v -0.044388 0.0236835 -0.0394025
v -0.041927 0.0235865 -0.0377425
v -0.039729 0.0237305 -0.0352085
v -0.048999 0.0217175 -0.0317895
v -0.044899 0.0231975 -0.0332835
v -0.047353 0.0219905 -0.0310955
v -0.046584 0.0217955 -0.0318135
v -0.038221 0.0234755 -0.0337495
v -0.045909 0.0218585 -0.0321935
v -0.044459 0.0217125 -0.0322395
v -0.044428 0.0216195 -0.0316635
v -0.041864 0.0228615 -0.0329645
v -0.042274 0.0214495 -0.0322245
v -0.039808 0.0235935 -0.0400805
v -0.036146 0.0237615 -0.0398375
v -0.036286 0.0239075 -0.0381755
v -0.034374 0.0238175 -0.0352695
v -0.033742 0.0237005 -0.0385075
v -0.040844 0.0216415 -0.0322595
v -0.040844 0.0216415 -0.0322595
v -0.039678 0.0228265 -0.0327735
v -0.029578 0.0267735 -0.0242605
v -0.028622 0.0256295 -0.0255105
v -0.040983 0.0218405 -0.0313755
v -0.039676 0.0215385 -0.0322885
v -0.03793 0.0229725 -0.0331095
v -0.037784 0.0217845 -0.0315815
v -0.03732 0.0220245 -0.0324635
v -0.034842 0.0219135 -0.0318475
v -0.034645 0.0230365 -0.0330875
v -0.034466 0.0222085 -0.0324415
v -0.034108 0.0219915 -0.0312635
v -0.051649 0.0130775 -0.0303965
v -0.050673 0.0120955 -0.0306665
v -0.051905 0.0132985 -0.0299015
v -0.047737 0.0126915 -0.0305795
v -0.047581 0.0130695 -0.0302905
v -0.048008 0.0037735 -0.0306905
v -0.046814 0.0126175 -0.0302005
v -0.046998 0.0132265 -0.0289265
v -0.046606 0.0130635 -0.0292475
v -0.046124 0.0125575 -0.0294665
v -0.044774 0.0128535 -0.0288075
v -0.054167 0.0042415 -0.0307335
v -0.047133 0.0097805 -0.0302855
v -0.046246 0.0105545 -0.0293885
v -0.045069 0.0122765 -0.0291725
v -0.041297 0.0122725 -0.0291355
v -0.042928 0.0098985 -0.0292235
v -0.047157 -0.0021435 -0.0304595
v -0.04655 0.0024025 -0.0296195
v -0.045813 0.0064385 -0.0292015
v -0.04413 0.0082325 -0.0292405
v -0.044351 0.0027235 -0.0292065
v -0.045602 -0.0179705 -0.0293395
v -0.041855 0.0084875 -0.0298615
v -0.042709 0.0070085 -0.0299065
v -0.027918 0.0101645 -0.0293625
v -0.036515 0.0083245 -0.0299855
v -0.04249 -0.0035725 -0.0300015
v -0.044632 0.0133465 -0.0259975
v -0.044023 0.0130775 -0.0280315
v -0.043936 0.0194395 -0.0222695
v -0.038499 0.0150385 -0.0234455
v -0.042285 0.0127685 -0.0289105
v -0.033783 0.0131395 -0.0282655
v -0.038872 0.0133905 -0.0256495
v -0.036701 0.0128665 -0.0288535
v -0.031644 0.0123165 -0.0292315
v -0.036823 0.0142395 -0.0242405
v -0.003319 0.0232745 -0.0373545
v -0.00332 0.0225605 -0.0375385
v -0.008165 0.0232205 -0.0372755
v -0.000394 0.0232125 -0.0373015
v -0.04002 0.0123335 -0.0433935
v -0.037043 0.0124415 -0.0434155
v -0.03562 0.0128195 -0.0436465
v -0.028474 0.0128925 -0.0437015
v -0.028552 0.0165595 -0.0437475
v -0.027831 0.0185575 -0.0437505
v -0.028327 0.0114715 -0.0438355
v -0.027795 0.0149645 -0.0437745
v -0.026617 0.0144785 -0.0437875
v -0.038732 0.0097515 -0.0434115
v -0.036197 0.0080305 -0.0437485
v -0.024923 -0.0118785 -0.0442125
v -0.019725 0.0036755 -0.0440525
v 6.1e-05 -0.0136335 -0.0444995
v -0.02666 0.0231425 -0.0418075
v -0.034585 0.0234805 -0.0405985
v -0.034585 0.0234805 -0.0405985
v -0.025485 0.0205195 -0.0437215
v -0.030507 0.0236975 -0.0402385
v -0.030507 0.0236975 -0.0402385
v -0.029646 0.0239265 -0.0355865
v -0.024602 0.0236415 -0.0404805
v -0.024602 0.0236415 -0.0404805
v -0.025613 0.0190235 -0.0437935
v -0.026496 0.0179155 -0.0442795
v -0.021178 0.0218305 -0.0433285
v -0.025398 0.0171215 -0.0442795
v -0.023822 0.0168885 -0.0437995
v -0.017351 0.0203035 -0.0438255
v -0.020435 0.0232815 -0.0416055
v -0.020176 0.0225905 -0.0426085
v -0.019353 0.0224725 -0.0420135
v -0.021368 0.0237745 -0.0401915
v -0.021368 0.0237745 -0.0401915
v -0.019681 0.0231785 -0.0403435
v -0.027537 0.0170485 -0.0442085
v -0.026996 0.0160325 -0.0443045
v -0.025405 0.0158225 -0.0442735
v -0.02458 0.0149055 -0.0438025
v -0.018384 0.0127945 -0.0438465
v -0.025143 0.0236265 -0.0338505
v -0.031059 0.0229885 -0.0330515
v -0.029041 0.0231715 -0.0332885
v -0.029298 0.0217515 -0.0325755
v -0.025438 0.0230405 -0.0330315
v -0.028195 0.0220975 -0.0326575
v -0.026471 0.0219935 -0.0323295
v -0.026068 0.0218375 -0.0319985
v -0.032328 0.0220465 -0.0325295
v -0.031498 0.0217125 -0.0319465
v -0.031153 0.0217035 -0.0324825
v -0.028648 0.0221285 -0.0311225
v -0.029617 0.0216065 -0.0320915
v -0.027813 0.0219585 -0.0315955
v -0.021518 0.0238275 -0.0373345
v -0.019389 0.0239415 -0.0355905
v -0.019867 0.0235275 -0.0377145
v -0.019831 0.0233005 -0.0391805
v -0.019831 0.0233005 -0.0391805
v -0.0188 0.0215935 -0.0397265
v -0.019462 0.0232255 -0.0379415
v -0.019462 0.0232255 -0.0379415
v -0.018418 0.0210425 -0.0381745
v -0.018418 0.0210425 -0.0381745
v -0.01874 0.0238645 -0.0363755
v -0.018861 0.0236425 -0.0368645
v -0.019024 0.0229315 -0.0375865
v -0.017797 0.0209675 -0.0376985
v -0.018081 0.0232445 -0.0372005
v -0.023782 0.0220185 -0.0324215
v -0.020517 0.0230615 -0.0331175
v -0.023564 0.0219895 -0.0314165
v -0.021981 0.0217935 -0.0325035
v -0.022311 0.0217145 -0.0320585
v -0.01678 0.0221335 -0.0312585
v -0.019092 0.0219485 -0.0318425
v -0.012264 0.0237225 -0.0341605
v -0.018537 0.0222235 -0.0325175
v -0.024106 0.0128905 -0.0290755
v -0.021615 0.0133415 -0.0285045
v -0.023977 0.0131905 -0.0285385
v -0.020597 0.0129415 -0.0292015
v -0.02976 0.0129775 -0.0289575
v -0.029096 0.0084435 -0.0300625
v -0.029746 0.0137595 -0.0249655
v -0.027674 0.0134275 -0.0261115
v -0.028295 -0.0021155 -0.0301115
v -0.012294 0.0086355 -0.0301365
v -0.023784 0.0123135 -0.0293345
v -0.017426 0.0123715 -0.0293675
v -0.018064 0.0207535 -0.0435805
v -0.018686 0.0217815 -0.0424825
v -0.018033 0.0213735 -0.0429135
v -0.016269 0.0212975 -0.0430895
v -0.017567 0.0212255 -0.0421185
v -0.014735 0.0211065 -0.0433825
v -0.0185 0.0213515 -0.0414655
v -0.018534 0.0203355 -0.0398635
v -0.018207 0.0201285 -0.0405265
v -0.016287 0.0209065 -0.0420735
v -0.014927 0.0213595 -0.0429365
v -0.017509 0.0196735 -0.0406035
v -0.015639 0.0190075 -0.0402765
v -0.015639 0.0190075 -0.0402765
v -0.017684 0.0189245 -0.0392845
v -0.017684 0.0189245 -0.0392845
v -0.012913 0.0204165 -0.0438335
v -0.012278 0.0213375 -0.0430335
v -0.011892 0.0209765 -0.0436205
v -0.014253 0.0211105 -0.0423425
v -0.013498 0.0196175 -0.0411545
v -0.011382 0.0208255 -0.0422515
v -0.009597 0.0129625 -0.0439825
v -0.007741 0.0187325 -0.0439285
v -0.011484 0.0211405 -0.0431855
v -0.008907 0.0198565 -0.0430815
v -0.007092 0.0190195 -0.0435215
v -0.002573 0.0175475 -0.0439555
v -0.017484 0.0231365 -0.0371255
v -0.013416 0.0213185 -0.0375335
v -0.01821 0.0192225 -0.0381825
v -0.01821 0.0192225 -0.0381825
v -0.016662 0.0183945 -0.0381815
v -0.017071 0.0192515 -0.0378015
v -0.014921 0.0188065 -0.0378475
v -0.014357 0.0179605 -0.0381135
v -0.014357 0.0179605 -0.0381135
v -0.010494 0.0183575 -0.0413615
v -0.010494 0.0183575 -0.0413615
v -0.011239 0.0196175 -0.0415845
v -0.012799 0.0178215 -0.0397705
v -0.013116 0.0180035 -0.0376055
v -0.012519 0.0172865 -0.0379405
v -0.012519 0.0172865 -0.0379405
v -0.011309 0.0174325 -0.0376555
v -0.014114 0.0236835 -0.0367045
v -0.013712 0.0238675 -0.0356925
v -0.01313 0.0230455 -0.0373365
v -0.011497 0.0233165 -0.0334495
v -0.015085 0.0221285 -0.0325975
v -0.00722 0.0203425 -0.0374025
v -0.007527 0.0238275 -0.0365505
v -0.005282 0.0238855 -0.0348335
v -0.009433 0.0197825 -0.0425505
v -0.007498 0.0189055 -0.0426075
v -0.007212 0.0179775 -0.0421865
v -0.007212 0.0179775 -0.0421865
v -0.010965 0.0171235 -0.0399145
v -0.008916 0.0165795 -0.0402145
v -0.010482 0.0167395 -0.0382465
v -0.008051 0.0159315 -0.0379275
v -0.00658 0.0189935 -0.0430975
v -0.004865 0.0182865 -0.0426345
v -0.004865 0.0182865 -0.0426345
v -0.004807 0.0186535 -0.0432295
v -0.00349 0.0183295 -0.0434695
v -0.002289 0.0182935 -0.0430735
v -0.002289 0.0182935 -0.0430735
v -0.005591 0.0158725 -0.0404195
v -0.004133 0.0171875 -0.0422315
v -0.006242 0.0158345 -0.0394745
v -0.008826 0.0163785 -0.0390625
v -0.006622 0.0162715 -0.0377065
v -0.006523 0.0153755 -0.0384175
v -0.001264 0.0182115 -0.0377405
v -0.003226 0.0195505 -0.0374505
v -0.001764 0.0201545 -0.0374485
v 0.000312 0.0160605 -0.0378165
v -0.005727 0.0154135 -0.0379275
v -0.011598 -0.0030085 -0.0300455
v -0.009476 -0.0112525 -0.0298175
v -0.027959 -0.0076775 -0.0299835
v -0.005967 -0.0062895 -0.0299025
v -0.046758 0.0305755 -0.0056475
v -0.048551 0.0334525 -0.0009305
v -0.035666 0.0289525 -0.0085105
v -0.045116 0.0207335 -0.0209575
v -0.029861 0.0346455 -0.0123495
v -0.030147 0.0204165 -0.0216525
v -0.036097 0.0197955 -0.0221025
v -0.026797 0.0193245 -0.0224195
v -0.037679 0.0191145 -0.0223215
v -0.021543 0.0267965 -0.0120855
v -0.045679 0.0374775 0.0049315
v -0.02718 0.0304855 -0.0060095
v -0.044571 0.0436185 0.0142725
v -0.025599 0.0451445 0.0035395
v -0.016222 0.0445215 0.0151715
v -0.000712 0.0238845 -0.0366315
v -0.003993 0.0235465 -0.0336645
v 0.00209 0.0238835 -0.0341965
v -0.000507 0.0231705 -0.0333225
v -0.008644 0.0310235 -0.0182535
v -0.010407 0.0269315 -0.0244395
v -0.016206 0.0290245 -0.0210305
v -0.008132 0.0257385 -0.0257265
v -0.001775 0.0269505 -0.0244245
v 0.005856 0.0258555 -0.0258305
v -0.007707 0.0251325 -0.0270115
v 0.005376 0.0270675 -0.0245535
v -0.014176 0.0359475 -0.0107345
v -0.01383 0.0425125 -0.0007665
v -0.003856 0.0408165 -0.0035395
v -0.005897 0.0375435 -0.0083125
v 0.001989 0.0312345 -0.0181345
v -0.000374 0.0363905 -0.0103175
v 0.006025 0.0339845 -0.0141675
v 0.007002 0.0368735 -0.0096245
v -0.013154 0.0221605 -0.0313285
v -0.018203 0.0132675 -0.0282855
v -0.023306 0.0134375 -0.0259125
v -0.016065 0.0136265 -0.0255525
v -0.021931 0.0136965 -0.0252705
v -0.018394 0.0195935 -0.0224235
v -0.021287 0.0145245 -0.0240985
v -0.020069 0.0207455 -0.0213395
v -0.013502 0.0204325 -0.0218875
v -0.012837 0.0222005 -0.0325235
v -0.014573 0.0219175 -0.0319265
v -0.011017 0.0220235 -0.0321145
v -0.01037 0.0223715 -0.0327605
v -0.008622 0.0219935 -0.0319275
v -0.006251 0.0224005 -0.0325165
v -0.006332 0.0221775 -0.0314615
v -0.016334 0.0130625 -0.0290005
v -0.012625 0.0133595 -0.0281735
v -0.010542 0.0130795 -0.0291355
v -0.015026 0.0134045 -0.0264855
v -0.008774 0.0125945 -0.0294445
v 0.004124 0.0103565 -0.0296435
v -0.006209 0.0154605 -0.0235515
v -0.010263 0.0135865 -0.0258205
v -0.007262 0.0144735 -0.0244845
v -0.002601 0.0224275 -0.0326735
v -0.002481 0.0221325 -0.0318895
v -0.000812 0.0223695 -0.0312425
v -0.001033 0.0220125 -0.0326555
v -0.000699 0.0219515 -0.0323865
v 0.001107 0.0217955 -0.0323305
v -0.005922 0.0131685 -0.0292155
v 0.012266 0.0089845 -0.0302575
v -0.006807 0.0134115 -0.0285275
v -0.006602 0.0135165 -0.0262185
v -0.002247 0.0129785 -0.0293795
v 0.010382 0.0126015 -0.0296275
v -0.00225 0.0133575 -0.0286225
v 0.00122 0.0135435 -0.0264995
v 0.000683 0.0134485 -0.0286065
v -0.001196 0.0200315 -0.0223555
v -0.001222 0.0211105 -0.0211905
v -0.009951 0.0193745 -0.0225555
v 0.009229 0.0174085 -0.0227805
v 0.022781 0.0194125 -0.0228435
v -0.001343 0.0138085 -0.0254755
v 0.008066 0.0144495 -0.0247435
v -0.006563 0.0027375 -0.0299935
v -0.008365 0.0316655 -0.0047415
v 0.008145 0.0210045 -0.0215185
v 0.01076 0.0285555 -0.0099945
v -0.002657 0.0155015 -0.0394245
v -0.003865 0.0149325 -0.0382955
v -0.07558 0.0010245 -0.0409255
v -0.077121 0.0010465 -0.0391865
v -0.076705 -0.0015995 -0.0399455
v -0.074769 -0.0014855 -0.0415385
v -0.073157 -0.0035905 -0.0423555
v -0.077302 -0.0045875 -0.0388425
v -0.076868 -0.0064625 -0.0396295
v -0.077363 -0.0051245 -0.0373765
v -0.077349 -0.0093515 -0.0388075
v -0.077263 -0.0073205 -0.0370115
v -0.075229 -0.0062075 -0.0412245
v -0.073755 -0.0138595 -0.0422005
v -0.076123 -0.0129335 -0.0406015
v -0.070944 -0.0117625 -0.0431315
v -0.064859 -0.0090395 -0.0437895
v -0.076909 -0.0116985 -0.0397475
v -0.077373 -0.0167885 -0.0383475
v -0.077243 -0.0148685 -0.0390375
v -0.077247 -0.0110305 -0.0367745
v -0.077306 -0.0163105 -0.0362085
v -0.076744 -0.0187415 -0.0399405
v -0.077118 -0.0116875 -0.0350265
v -0.07728 -0.0322015 -0.0377165
v -0.068177 -0.0174335 -0.0436975
v -0.070882 -0.0176305 -0.0432335
v -0.072159 -0.0221855 -0.0429025
v -0.075099 -0.0205745 -0.0414705
v -0.077165 -0.0270275 -0.0391515
v -0.076669 -0.0281145 -0.0399585
v -0.075264 -0.0293255 -0.0412855
v -0.073842 -0.0267065 -0.0421585
v -0.061615 -0.0251345 -0.0439165
v -0.066284 -0.0261505 -0.0437995
v -0.068837 -0.0233285 -0.0436335
v -0.071117 -0.0283165 -0.0431805
v -0.069375 -0.0353065 -0.0436735
v -0.057457 -0.0370305 -0.0439525
v -0.075486 -0.0387995 -0.0411925
v -0.076994 -0.0373315 -0.0394865
v -0.077079 -0.0430935 -0.0390515
v -0.077068 -0.0240825 -0.0324385
v -0.077068 -0.0361585 -0.0326225
v -0.076694 -0.0343975 -0.0315995
v -0.076452 -0.0430635 -0.0314465
v -0.076115 -0.0325625 -0.0310685
v -0.076115 -0.0325625 -0.0310685
v -0.075653 -0.0386265 -0.0308555
v -0.075653 -0.0386265 -0.0308555
v -0.076967 -0.0467165 -0.0325455
v -0.075662 -0.0471605 -0.0308735
v -0.075662 -0.0471605 -0.0308735
v -0.074937 -0.0421745 -0.0306825
v -0.073305 -0.0377095 -0.0424655
v -0.071741 -0.0386905 -0.0430455
v -0.075048 -0.0434265 -0.0414295
v -0.076417 -0.0456465 -0.0401125
v -0.070299 -0.0428245 -0.0433625
v -0.072938 -0.0460625 -0.0425555
v -0.066372 -0.0372395 -0.0438645
v -0.067159 -0.0474635 -0.0437415
v -0.075673 -0.0530175 -0.0408555
v -0.076951 -0.0527745 -0.0393605
v -0.072055 -0.0533225 -0.0428745
v -0.074123 -0.0535855 -0.0419255
v -0.077014 -0.0465555 -0.0391035
v -0.077255 -0.0529225 -0.0374405
v -0.075607 -0.0571295 -0.0402745
v -0.074013 -0.0576945 -0.0415165
v -0.076215 -0.0576605 -0.0391185
v -0.075375 -0.0606265 -0.0383275
v -0.076475 -0.0580465 -0.0378095
v -0.077123 -0.0546695 -0.0376475
v -0.076917 -0.0558695 -0.0359135
v -0.07602 -0.0590375 -0.0348125
v -0.076998 -0.0534885 -0.0329095
v -0.070218 -0.0517475 -0.0434015
v -0.067692 -0.0536745 -0.0437605
v -0.071371 -0.0573405 -0.0428425
v -0.072128 -0.0592725 -0.0422145
v -0.074102 -0.0597325 -0.0408395
v -0.072747 -0.0616495 -0.0410245
v -0.075249 -0.0597455 -0.0395175
v -0.073505 -0.0624405 -0.0397925
v -0.068615 -0.0587035 -0.0434435
v -0.070161 -0.0610865 -0.0425225
v -0.071232 -0.0627665 -0.0413215
v -0.068216 -0.0634215 -0.0420585
v -0.076615 -0.0492235 -0.0315565
v -0.076392 -0.0545495 -0.0314235
v -0.076513 -0.0569755 -0.0328415
v -0.07634 -0.0564685 -0.0318955
v -0.075618 -0.0596355 -0.0321205
v -0.07537 -0.0582645 -0.0311665
v -0.075173 -0.0545475 -0.0306885
v -0.075173 -0.0545475 -0.0306885
v -0.073956 -0.0586875 -0.0306625
v -0.073956 -0.0586875 -0.0306625
v -0.062301 -0.0533975 -0.0309355
v -0.069374 -0.0431975 -0.0308115
v -0.033675 -0.0380915 -0.0442995
v -0.058744 -0.0496305 -0.0440045
v -0.05099 -0.0457115 -0.0439845
v -0.049254 -0.0522325 -0.0440905
v -0.064517 -0.0532035 -0.0438455
v -0.064454 -0.0546625 -0.0438225
v -0.063901 -0.0574825 -0.0437955
v -0.063428 -0.0538745 -0.0443105
v -0.062544 -0.0552495 -0.0438705
v -0.06164 -0.0532025 -0.0438665
v -0.058971 -0.0585845 -0.0438525
v -0.063589 -0.0524055 -0.0438545
v -0.065634 -0.0593715 -0.0436005
v -0.06723 -0.0619225 -0.0428395
v -0.065127 -0.0610135 -0.0432975
v -0.062271 -0.0628705 -0.0429905
v -0.061876 -0.0598055 -0.0436695
v -0.058966 -0.0616175 -0.0433605
v -0.06424 -0.0652665 -0.0416125
v -0.060262 -0.0647015 -0.0422505
v -0.052976 -0.0572515 -0.0439615
v -0.056932 -0.0609895 -0.0435825
v -0.053283 -0.0603805 -0.0437465
v -0.058582 -0.0651925 -0.0419085
v -0.056168 -0.0640745 -0.0425305
v -0.055009 -0.0622395 -0.0433225
v -0.051799 -0.0647605 -0.0422275
v -0.055573 -0.0659035 -0.0414345
v -0.058767 -0.0668455 -0.0404105
v -0.043456 -0.0579495 -0.0440775
v -0.048958 -0.0595185 -0.0438885
v -0.050514 -0.0628295 -0.0430785
v -0.045453 -0.0606895 -0.0437995
v -0.046007 -0.0664935 -0.0409655
v -0.054139 -0.0672525 -0.0400105
v -0.044884 -0.0674665 -0.0397795
v -0.038289 -0.0625905 -0.0432885
v -0.041794 -0.0650675 -0.0421415
v -0.041892 -0.0677895 -0.0383435
v -0.048858 -0.0679385 -0.0378585
v -0.046048 -0.0677405 -0.0362705
v -0.032249 -0.0570815 -0.0442835
v -0.03704 -0.0595105 -0.0439605
v -0.036751 -0.0667925 -0.0408015
v -0.027864 -0.0657795 -0.0417375
v -0.042828 -0.0678715 -0.0338375
v -0.039575 -0.0678085 -0.0357785
v -0.03297 -0.0675395 -0.0395915
v -0.031791 -0.0678105 -0.0381105
v -0.075773 -0.0595555 -0.0358005
v -0.07548 -0.0606585 -0.0371865
v -0.075205 -0.0599995 -0.0348365
v -0.075353 -0.0599575 -0.0339395
v -0.072907 -0.0639295 -0.0390045
v -0.074466 -0.0623735 -0.0374975
v -0.072134 -0.0636005 -0.0402255
v -0.071667 -0.0645625 -0.0395225
v -0.071487 -0.0653395 -0.0374945
v -0.069268 -0.0647695 -0.0407835
v -0.068698 -0.0656475 -0.0401855
v -0.068744 -0.0664695 -0.0387565
v -0.07475 -0.0612865 -0.0363695
v -0.072758 -0.0643305 -0.0376675
v -0.072758 -0.0643305 -0.0376675
v -0.072584 -0.0641325 -0.0366085
v -0.072584 -0.0641325 -0.0366085
v -0.072851 -0.0625345 -0.0355385
v -0.072851 -0.0625345 -0.0355385
v -0.07319 -0.0610085 -0.0343425
v -0.071472 -0.0634885 -0.0354785
v -0.071967 -0.0621535 -0.0342225
v -0.071967 -0.0621535 -0.0342225
v -0.070372 -0.0633355 -0.0345275
v -0.071575 -0.0648515 -0.0364665
v -0.069816 -0.0646185 -0.0356225
v -0.070295 -0.0656195 -0.0364155
v -0.069759 -0.0663365 -0.0370195
v -0.069289 -0.0657665 -0.0353255
v -0.068569 -0.0666025 -0.0357545
v -0.069627 -0.0641165 -0.0341505
v -0.069307 -0.0655545 -0.0340195
v -0.068529 -0.0666335 -0.0339295
v -0.075137 -0.0606425 -0.0326075
v -0.07472 -0.0607595 -0.0331745
v -0.07401 -0.0625125 -0.0320315
v -0.0734 -0.0607325 -0.0307945
v -0.0734 -0.0607325 -0.0307945
v -0.073779 -0.0620285 -0.0313085
v -0.073297 -0.0608295 -0.0336655
v -0.073662 -0.0631305 -0.0323555
v -0.074098 -0.0615185 -0.0330125
v -0.071935 -0.0625395 -0.0334195
v -0.071935 -0.0625395 -0.0334195
v -0.071949 -0.0620795 -0.0337695
v -0.071949 -0.0620795 -0.0337695
v -0.072361 -0.0638545 -0.0329665
v -0.072361 -0.0638545 -0.0329665
v -0.072818 -0.0635305 -0.0313105
v -0.072818 -0.0635305 -0.0313105
v -0.070736 -0.0633985 -0.0307245
v -0.072119 -0.0644815 -0.0325065
v -0.072119 -0.0644815 -0.0325065
v -0.072258 -0.0643885 -0.0318075
v -0.072258 -0.0643885 -0.0318075
v -0.070117 -0.0634525 -0.0341265
v -0.070375 -0.0636365 -0.0336455
v -0.070395 -0.0649135 -0.0331935
v -0.07056 -0.0656485 -0.0321015
v -0.069187 -0.0662875 -0.0330845
v -0.069821 -0.0655845 -0.0331975
v -0.068515 -0.0667885 -0.0323735
v -0.069838 -0.0655395 -0.0312995
v -0.065836 -0.0659005 -0.0308465
v -0.068554 -0.0665065 -0.0316705
v -0.066918 -0.0655045 -0.0409595
v -0.06651 -0.0667305 -0.0398185
v -0.064832 -0.0665345 -0.0405045
v -0.061513 -0.0667595 -0.0406105
v -0.066553 -0.0674525 -0.0374335
v -0.065694 -0.0673285 -0.0388625
v -0.067656 -0.0669235 -0.0348735
v -0.064712 -0.0677505 -0.0358715
v -0.061138 -0.0676235 -0.0396425
v -0.06344 -0.0678575 -0.0379985
v -0.060293 -0.0679965 -0.0351485
v -0.060984 -0.0680335 -0.0377365
v -0.059331 -0.0675005 -0.0394915
v -0.059992 -0.0677165 -0.0380975
v -0.059468 -0.0677535 -0.0362815
v -0.0582 -0.0671885 -0.0395345
v -0.058884 -0.0670625 -0.0376305
v -0.056051 -0.0670965 -0.0399675
v -0.057078 -0.0671905 -0.0391315
v -0.055917 -0.0674115 -0.0389975
v -0.062734 -0.0679035 -0.0324595
v -0.065808 -0.0675395 -0.0325795
v -0.064698 -0.0673065 -0.0314615
v -0.061897 -0.0675075 -0.0317495
v -0.052743 -0.0659755 -0.0309885
v -0.059853 -0.0664495 -0.0310735
v -0.056252 -0.0678485 -0.0325425
v -0.058319 -0.0670065 -0.0368835
v -0.056614 -0.0666645 -0.0371945
v -0.057693 -0.0676255 -0.0357695
v -0.056276 -0.0676395 -0.0362175
v -0.058105 -0.0678865 -0.0342145
v -0.055039 -0.0680625 -0.0340895
v -0.055539 -0.0674775 -0.0375625
v -0.054671 -0.0677655 -0.0382735
v -0.052666 -0.0677175 -0.0390405
v -0.052422 -0.0679885 -0.0377405
v -0.054495 -0.0679255 -0.0361185
v -0.053315 -0.0679025 -0.0369745
v -0.053714 -0.0683965 -0.0354965
v -0.052338 -0.0679165 -0.0361505
v -0.054369 -0.0671995 -0.0315865
v -0.05297 -0.0680785 -0.0342845
v -0.051391 -0.0679945 -0.0331265
v -0.050708 -0.0676075 -0.0320405
v -0.050028 -0.0678515 -0.0364465
v -0.051128 -0.0680635 -0.0356035
v -0.051969 -0.0679225 -0.0351465
v -0.04928 -0.0679005 -0.0342975
v -0.048394 -0.0679735 -0.0352135
v -0.049168 -0.0677165 -0.0324095
v -0.045532 -0.0677495 -0.0326135
v -0.077216 0.0034385 -0.0393495
v -0.077304 0.0074865 -0.0377795
v -0.077498 0.0048145 -0.0384285
v -0.077468 0.0031135 -0.0367015
v -0.077284 0.0050075 -0.0347495
v -0.077309 0.0060065 -0.0322945
v -0.077418 0.0033815 -0.0337675
v -0.07777 0.0014155 -0.0352495
v -0.077176 0.0017685 -0.0318825
v -0.077666 0.0005735 -0.0338515
v -0.077321 -0.0020655 -0.0327175
v -0.075895 0.0008745 -0.0306735
v -0.075027 0.0043915 -0.0304675
v -0.07743 0.0002855 -0.0384765
v -0.077435 -0.0027035 -0.0369725
v -0.077707 -0.0023935 -0.0357135
v -0.077273 -0.0035055 -0.0360925
v -0.077662 -0.0019405 -0.0340755
v -0.077426 -0.0029365 -0.0343485
v -0.07655 -0.0040435 -0.0341835
v -0.076291 -0.0053055 -0.0348585
v -0.076803 -0.0044125 -0.0314285
v -0.076803 -0.0044125 -0.0314285
v -0.077068 -0.0035075 -0.0332055
v -0.077053 -0.0045125 -0.0320735
v -0.076978 -0.0055345 -0.0327205
v -0.076299 -0.0050725 -0.0336505
v -0.076167 -0.0071285 -0.0336085
v -0.076619 -0.0072665 -0.0311605
v -0.076619 -0.0072665 -0.0311605
v -0.068784 0.0053255 -0.0305265
v -0.074025 -0.0002315 -0.0304385
v -0.06896 0.0040725 -0.0306595
v -0.069992 0.0008345 -0.0314325
v -0.067734 0.0034305 -0.0312715
v -0.071692 0.0008895 -0.0307485
v -0.06453 0.0044485 -0.0314755
v -0.064736 0.0020255 -0.0312485
v -0.068189 -0.0007085 -0.0312665
v -0.07376 -0.0033385 -0.0305745
v -0.075303 -0.0070785 -0.0304965
v -0.07218 -0.0025615 -0.0312495
v -0.070092 -0.0045385 -0.0312575
v -0.072261 -0.0072315 -0.0314435
v -0.073473 -0.0075585 -0.0307185
v -0.069013 -0.0086535 -0.0312755
v -0.065933 0.0006895 -0.0310185
v -0.061308 0.0048375 -0.0315045
v -0.064258 0.0014545 -0.0309575
v -0.064491 0.0007385 -0.0294695
v -0.065925 -2.55e-05 -0.0295465
v -0.064635 -0.0005145 -0.0289285
v -0.062576 0.0014035 -0.0298475
v -0.061574 0.0008215 -0.0291455
v -0.059806 0.0026845 -0.0313465
v -0.058748 0.0013975 -0.0311075
v -0.061395 0.0020205 -0.0310315
v -0.057154 0.0038165 -0.0315285
v -0.062129 0.0017785 -0.0307465
v -0.060349 0.0013065 -0.0299065
v -0.062429 -0.0019635 -0.0294175
v -0.058839 -0.0006845 -0.0291085
v -0.058539 0.0008545 -0.0302305
v -0.059067 0.0002025 -0.0292205
v -0.068558 -0.0024495 -0.0309835
v -0.069227 -0.0044445 -0.0309495
v -0.067424 -0.0006085 -0.0310185
v -0.067339 -0.0014185 -0.0296235
v -0.068357 -0.0033325 -0.0296545
v -0.067936 -0.0041835 -0.0291225
v -0.069199 -0.0064565 -0.0310535
v -0.068588 -0.0087945 -0.0310575
v -0.068555 -0.0072315 -0.0297565
v -0.068652 -0.0058605 -0.0296305
v -0.068105 -0.0072065 -0.0293245
v -0.064919 -0.0067035 -0.0295785
v -0.066969 -0.0033335 -0.0290055
v -0.067332 -0.0066545 -0.0290525
v -0.066901 -0.0093775 -0.0291885
v -0.065132 -0.0106945 -0.0291295
v -0.063693 -0.0079345 -0.0296565
v -0.06704 -0.0021595 -0.0291325
v -0.063988 -0.0037775 -0.0295585
v -0.062109 -0.0052555 -0.0298055
v -0.059509 -0.0038935 -0.0296335
v -0.07708 -0.0107655 -0.0325055
v -0.076837 -0.0101285 -0.0330945
v -0.076914 -0.0109465 -0.0335665
v -0.076305 -0.0095075 -0.0348245
v -0.076292 -0.0096275 -0.0336315
v -0.077105 -0.0087785 -0.0325725
v -0.077207 -0.0154295 -0.0326325
v -0.076791 -0.0110685 -0.0314655
v -0.076791 -0.0110685 -0.0314655
v -0.07605 -0.0110595 -0.0308365
v -0.074459 -0.0083845 -0.0304505
v -0.07245 -0.0111125 -0.0307535
v -0.07199 -0.0135465 -0.0306095
v -0.070423 -0.0116645 -0.0315105
v -0.076864 -0.0167885 -0.0316025
v -0.076864 -0.0167885 -0.0316025
v -0.074956 -0.0206205 -0.0306285
v -0.076207 -0.0188435 -0.0310015
v -0.067574 -0.0113325 -0.0313195
v -0.068003 -0.0141445 -0.0315245
v -0.070189 -0.0142295 -0.0307765
v -0.067507 -0.0167615 -0.0306845
v -0.065333 -0.0155915 -0.0315705
v -0.06244 -0.0178045 -0.0308925
v -0.076596 -0.0256505 -0.0314265
v -0.076596 -0.0256505 -0.0314265
v -0.075186 -0.0280165 -0.0306615
v -0.06922 -0.0285045 -0.0308145
v -0.064127 -0.0183595 -0.0307245
v -0.067797 -0.0092585 -0.0297775
v -0.067378 -0.0108335 -0.0310575
v -0.066463 -0.0110575 -0.0299685
v -0.065992 -0.0120495 -0.0311175
v -0.065434 -0.0131145 -0.0313635
v -0.065188 -0.0119395 -0.0299625
v -0.063509 -0.0131385 -0.0310955
v -0.063355 -0.0127085 -0.0301835
v -0.062756 -0.0112965 -0.0292355
v -0.0629 -0.0121135 -0.0294095
v -0.05656 0.0008105 -0.0313845
v -0.054148 0.0017645 -0.0315365
v -0.057233 0.0003415 -0.0309685
v -0.056915 -0.0006135 -0.0298365
v -0.056797 -0.0015225 -0.0293735
v -0.055991 -0.0007685 -0.0311125
v -0.055683 -0.0021985 -0.0300055
v -0.054481 -0.0018645 -0.0314265
v -0.055086 -0.0023005 -0.0311305
v -0.052052 -0.0013465 -0.0315785
v -0.054486 -0.0037385 -0.0311845
v -0.056071 -0.0031335 -0.0292615
v -0.054911 -0.0041335 -0.0300005
v -0.05344 -0.0058635 -0.0314735
v -0.06048 -0.0076995 -0.0297915
v -0.058751 -0.0068335 -0.0296745
v -0.05593 -0.0056715 -0.0292145
v -0.056093 -0.0074395 -0.0292465
v -0.059035 -0.0107185 -0.0292945
v -0.054182 -0.0061265 -0.0311155
v -0.054657 -0.0083945 -0.0311275
v -0.055202 -0.0048245 -0.0295445
v -0.05514 -0.0071125 -0.0297625
v -0.056249 -0.0093935 -0.0295775
v -0.058755 -0.0114355 -0.0294755
v -0.057617 -0.0113025 -0.0300565
v -0.057603 -0.0120035 -0.0310945
v -0.055609 -0.0103025 -0.0312505
v -0.057092 -0.0124715 -0.0314505
v -0.054401 -0.0097815 -0.0314895
v -0.051022 -0.0048955 -0.0316035
v -0.051362 -0.0088965 -0.0315415
v -0.049501 -0.0067435 -0.0308585
v -0.050058 -0.0104045 -0.0308305
v -0.052776 -0.0112975 -0.0316385
v -0.056827 -0.0150595 -0.0316215
v -0.054689 -0.0140955 -0.0315285
v -0.052585 -0.0136265 -0.0309435
v -0.047728 -0.0147725 -0.0308235
v -0.065316 -0.0242535 -0.0307935
v -0.063853 -0.0227585 -0.0308415
v -0.064518 -0.0242595 -0.0304785
v -0.06217 -0.0232075 -0.0306035
v -0.0635 -0.0233545 -0.0304655
v -0.063445 -0.0236605 -0.0296675
v -0.06471 -0.0269565 -0.0306465
v -0.06406 -0.0247955 -0.0296125
v -0.060972 -0.0138845 -0.0314365
v -0.061059 -0.0127585 -0.0300235
v -0.060946 -0.0117935 -0.0293255
v -0.060815 -0.0132165 -0.0311805
v -0.058913 -0.0127555 -0.0311135
v -0.06123 -0.0163125 -0.0316175
v -0.058332 -0.0172545 -0.0309465
v -0.05797 -0.0184135 -0.0307855
v -0.0602 -0.0226615 -0.0308605
v -0.057986 -0.0239625 -0.0308615
v -0.063023 -0.0245935 -0.0292445
v -0.05987 -0.0234345 -0.0305985
v -0.059772 -0.0236995 -0.0296935
v -0.060011 -0.0247645 -0.0292935
v -0.063164 -0.0311985 -0.0301475
v -0.063551 -0.0297215 -0.0299635
v -0.05958 -0.0290185 -0.0299305
v -0.054777 -0.0154425 -0.0310195
v -0.052831 -0.0156025 -0.0308525
v -0.058806 -0.0239125 -0.0306445
v -0.059055 -0.0247555 -0.0296755
v -0.058333 -0.0250025 -0.0306355
v -0.059356 -0.0265155 -0.0297135
v -0.057796 -0.0264985 -0.0308465
v -0.058382 -0.0277505 -0.0306565
v -0.057946 -0.0291145 -0.0308965
v -0.053239 -0.0269715 -0.0309125
v -0.052862 -0.0291615 -0.0310695
v -0.053937 -0.0295885 -0.0307925
v -0.055585 -0.0294545 -0.0308165
v -0.052323 0.0017845 -0.0309695
v -0.05094 0.0019955 -0.0307405
v -0.049585 -0.0025925 -0.0308415
v -0.046336 -0.0094405 -0.0295505
v -0.044232 -0.0058315 -0.0292315
v -0.071486 -0.0300105 -0.0307495
v -0.071875 -0.0330565 -0.0307625
v -0.070358 -0.0297245 -0.0305025
v -0.070902 -0.0304155 -0.0305455
v -0.070869 -0.0329335 -0.0304185
v -0.070349 -0.0310035 -0.0295785
v -0.065598 -0.0280505 -0.0308505
v -0.065969 -0.0292235 -0.0307525
v -0.069046 -0.0293015 -0.0305415
v -0.069437 -0.0299825 -0.0295265
v -0.070138 -0.0300595 -0.0297385
v -0.069356 -0.0308415 -0.0291715
v -0.06954 -0.0339275 -0.0292165
v -0.065101 -0.0288415 -0.0307325
v -0.065688 -0.0298675 -0.0301225
v -0.064755 -0.0294655 -0.0302645
v -0.063982 -0.0283765 -0.0299585
v -0.064842 -0.0306135 -0.0298985
v -0.06488 -0.0343585 -0.0298875
v -0.071256 -0.0356845 -0.0307675
v -0.070705 -0.0349155 -0.0304965
v -0.070407 -0.0342725 -0.0295715
v -0.069692 -0.0349915 -0.0295515
v -0.069364 -0.0356495 -0.0305775
v -0.066786 -0.0356665 -0.0305835
v -0.067205 -0.0365015 -0.0308295
v -0.065158 -0.0362815 -0.0307415
v -0.066031 -0.0405425 -0.0308305
v -0.065305 -0.0350445 -0.0300715
v -0.064424 -0.0358235 -0.0301735
v -0.063714 -0.0354975 -0.0299435
v -0.059051 -0.0304445 -0.0300585
v -0.06179 -0.0334785 -0.0302575
v -0.058871 -0.0343625 -0.0300015
v -0.062049 -0.0377015 -0.0295745
v -0.059921 -0.0357165 -0.0299525
v -0.059159 -0.0359425 -0.0301715
v -0.0583 -0.0351615 -0.0301725
v -0.058098 -0.0364995 -0.0309895
v -0.055202 -0.0358255 -0.0306225
v -0.055192 -0.0348985 -0.0297245
v -0.064833 -0.0398775 -0.0305175
v -0.06491 -0.0415795 -0.0307585
v -0.064663 -0.0408585 -0.0304375
v -0.064275 -0.0401245 -0.0297055
v -0.063778 -0.0412745 -0.0296465
v -0.061919 -0.0427475 -0.0309175
v -0.063838 -0.0417835 -0.0305925
v -0.060256 -0.0418745 -0.0306615
v -0.059472 -0.0426585 -0.0309435
v -0.064221 -0.0373475 -0.0300245
v -0.063424 -0.0397185 -0.0293895
v -0.06313 -0.0404775 -0.0293055
v -0.060585 -0.0414515 -0.0297055
v -0.06007 -0.0404645 -0.0293525
v -0.058646 -0.0384375 -0.0307965
v -0.059118 -0.0390595 -0.0299375
v -0.0592 -0.0405685 -0.0297585
v -0.058872 -0.0407125 -0.0305945
v -0.058245 -0.0404755 -0.0310055
v -0.059486 -0.0411345 -0.0299095
v -0.059249 -0.0416405 -0.0307635
v -0.058121 -0.0298795 -0.0302665
v -0.054055 -0.0311555 -0.0294035
v -0.053719 -0.0300615 -0.0298255
v -0.053855 -0.0340005 -0.0293955
v -0.046947 -0.0259575 -0.0305855
v -0.046309 -0.0260395 -0.0297065
v -0.043999 -0.0278085 -0.0293115
v -0.042285 -0.0250765 -0.0298035
v -0.042261 -0.0154835 -0.0298345
v -0.047905 -0.0311095 -0.0308825
v -0.052324 -0.0299825 -0.0310155
v -0.051786 -0.0304755 -0.0310215
v -0.04245 -0.0318295 -0.0297635
v -0.035118 -0.0290355 -0.0298975
v -0.039591 -0.0330155 -0.0299955
v -0.041962 -0.0070815 -0.0297805
v -0.031553 -0.0063165 -0.0299215
v -0.029138 -0.0207065 -0.0299915
v -0.031974 -0.0400945 -0.0301875
v -0.020546 -0.0391425 -0.0301155
v -0.052691 -0.0367535 -0.0309645
v -0.054071 -0.0352165 -0.0298235
v -0.053211 -0.0357285 -0.0306925
v -0.047682 -0.0477405 -0.0308685
v -0.05286 -0.0301075 -0.0306915
v -0.052816 -0.0308855 -0.0298475
v -0.052411 -0.0309955 -0.0307435
v -0.053 -0.0340555 -0.0297255
v -0.053174 -0.0315665 -0.0295785
v -0.051772 -0.0338175 -0.0309635
v -0.052388 -0.0341805 -0.0306825
v -0.053127 -0.0346015 -0.0297525
v -0.052518 -0.0351505 -0.0307885
v -0.046209 -0.0465945 -0.0297035
v -0.046823 -0.0505765 -0.0305955
v -0.045389 -0.0485665 -0.0293725
v -0.04215 -0.0399005 -0.0299965
v -0.034457 -0.0402795 -0.0300745
v -0.044076 -0.0464035 -0.0293365
v -0.042234 -0.0439985 -0.0301385
v -0.04233 -0.0482305 -0.0300005
v -0.04538 -0.0568925 -0.0294625
v -0.047547 -0.0629235 -0.0310035
v -0.033811 -0.0455455 -0.0303025
v -0.034206 -0.0484055 -0.0300985
v -0.034711 -0.0554655 -0.0301305
v -0.028454 -0.0488305 -0.0303085
v -0.020415 -0.0427955 -0.0302455
v -0.028721 -0.0554015 -0.0303905
v -0.043942 -0.0533485 -0.0294275
v -0.043617 -0.0568045 -0.0294635
v -0.042797 -0.0559175 -0.0297375
v -0.04222 -0.0553315 -0.0300755
v -0.046265 -0.0636915 -0.0306825
v -0.046724 -0.0618815 -0.0307305
v -0.045677 -0.0656525 -0.0310115
v -0.044898 -0.0652575 -0.0307325
v -0.044597 -0.0670945 -0.0316855
v -0.042901 -0.0660995 -0.0309025
v -0.045964 -0.0621245 -0.0297865
v -0.044665 -0.0633795 -0.0294645
v -0.045135 -0.0641165 -0.0299535
v -0.040677 -0.0573785 -0.0294655
v -0.04315 -0.0651985 -0.0298445
v -0.040842 -0.0645235 -0.0295075
v -0.039196 -0.0677395 -0.0331445
v -0.036148 -0.0673045 -0.0319605
v -0.037371 -0.0677195 -0.0348045
v -0.035585 -0.0678105 -0.0363515
v -0.034018 -0.0678135 -0.0331865
v -0.039216 -0.0638245 -0.0297285
v -0.039007 -0.0593465 -0.0297105
v -0.037762 -0.0608595 -0.0295285
v -0.038175 -0.0642825 -0.0296005
v -0.038184 -0.0657915 -0.0308695
v -0.04064 -0.0653245 -0.0300005
v -0.039033 -0.0650165 -0.0300255
v -0.037172 -0.0652155 -0.0299825
v -0.030626 -0.0658185 -0.0309535
v -0.026172 -0.0651255 -0.0301205
v -0.036137 -0.0572595 -0.0294885
v -0.029305 -0.0572055 -0.0296235
v -0.029024 -0.0591785 -0.0297175
v -0.022707 -0.0597785 -0.0297085
v -0.028007 -0.0644425 -0.0297735
v -0.028773 -0.0623885 -0.0297945
v -0.048184 -0.0670925 -0.0316405
v 0.001543 0.0185495 -0.0429915
v 0.001543 0.0185495 -0.0429915
v 0.00322 0.0177825 -0.0440335
v -0.000765 0.0182085 -0.0433245
v 0.006349 0.0186415 -0.0440595
v 0.004117 0.0187285 -0.0432255
v 0.004117 0.0187285 -0.0432255
v 0.002167 0.0183055 -0.0420675
v 0.004808 0.0186185 -0.0427785
v 0.002984 0.0127945 -0.0441065
v 0.008692 0.0199545 -0.0428445
v 0.006234 0.0191955 -0.0436575
v 0.006234 0.0191955 -0.0436575
v 0.005139 0.0182535 -0.0424715
v 0.003514 0.0173185 -0.0421235
v 0.007298 0.0179695 -0.0425435
v 0.006637 0.0186725 -0.0423655
v 0.006293 0.0171765 -0.0419685
v 0.009584 0.0199545 -0.0440455
v 0.009584 0.0199545 -0.0440455
v 0.008832 0.0201465 -0.0435925
v 0.008613 0.0194535 -0.0424875
v 0.009057 0.0181035 -0.0422025
v 0.010922 0.0212175 -0.0431955
v 0.011273 0.0211435 -0.0437075
v 0.012093 0.0209295 -0.0425815
v 0.011551 0.0196605 -0.0425745
v 0.013159 0.0213825 -0.0432575
v 0.013725 0.0212645 -0.0435655
v 0.014746 0.0206005 -0.0440475
v 0.018156 0.0203145 -0.0441505
v 0.018156 0.0203145 -0.0441505
v 0.012929 0.0195985 -0.0422385
v 0.009634 0.0169285 -0.0405675
v 0.007044 0.0162765 -0.0404985
v 0.013757 0.0184555 -0.0409395
v 0.022527 0.0130725 -0.0441905
v 0.023664 0.0181915 -0.0442315
v -0.001744 0.0138315 -0.0440065
v -0.001903 0.0102095 -0.0442095
v 0.000277 0.0174845 -0.0438955
v -0.001438 0.0179215 -0.0421955
v 5e-06 0.0173905 -0.0421545
v 0.000909 0.0181285 -0.0420725
v 0.000909 0.0181285 -0.0420725
v -0.002289 0.0157185 -0.0404555
v 0.00287 0.0186225 -0.0377755
v -0.003111 0.0153355 -0.0379355
v -0.002111 0.0149765 -0.0382565
v -0.001011 0.0152795 -0.0380055
v 0.002096 0.0155225 -0.0380495
v 0.002631 0.0162115 -0.0405145
v 0.00419 0.0160095 -0.0395575
v 0.000444 0.0151615 -0.0383155
v 0.002211 0.0154835 -0.0387135
v 0.007982 0.0162295 -0.0391465
v 0.02355 0.0058195 -0.0444595
v 0.030815 0.0116005 -0.0443455
v 0.042462 -0.0122575 -0.0447285
v 0.017247 -0.0367565 -0.0447775
v -0.000223 0.0209595 -0.0371415
v 0.002681 0.0225995 -0.0375735
v 0.001452 0.0193835 -0.0375185
v 0.003783 0.0234515 -0.0373075
v 0.006535 0.0238895 -0.0366565
v 0.008582 0.0232175 -0.0375125
v 0.006891 0.0204755 -0.0375155
v 0.001067 0.0221125 -0.0328735
v 0.00372 0.0231895 -0.0332875
v 0.00365 0.0220825 -0.0326035
v 0.003409 0.0222625 -0.0313495
v 0.004886 0.0220105 -0.0321805
v 0.010486 0.0239905 -0.0351005
v 0.007459 0.0237145 -0.0340295
v 0.00935 0.0231535 -0.0333715
v 0.005381 0.0221475 -0.0326765
v 0.008573 0.0220515 -0.0326675
v 0.010508 0.0219085 -0.0375685
v 0.011139 0.0210725 -0.0377925
v 0.005947 0.0164555 -0.0378645
v 0.012482 0.0176355 -0.0401305
v 0.010797 0.0170245 -0.0400225
v 0.013467 0.0177965 -0.0400405
v 0.011713 0.0177745 -0.0378695
v 0.012213 0.0175415 -0.0381025
v 0.010459 0.0169845 -0.0383585
v 0.010776 0.0237265 -0.0371395
v 0.012818 0.0233305 -0.0374565
v 0.01225 0.0239915 -0.0365665
v 0.011856 0.0239245 -0.0342585
v 0.01534 0.0230745 -0.0374895
v 0.01568 0.0213375 -0.0379735
v 0.014907 0.0192995 -0.0379365
v 0.014848 0.0239915 -0.0366595
v 0.016584 0.0240725 -0.0362655
v 0.016091 0.0237065 -0.0372345
v 0.016646 0.0235185 -0.0378565
v 0.009375 0.0169985 -0.0378265
v 0.013659 0.0180165 -0.0382235
v 0.013659 0.0180165 -0.0382235
v 0.005269 0.0238135 -0.0293435
v 0.007167 0.0221795 -0.0316025
v 0.009432 0.0220905 -0.0317675
v 0.014578 0.0247895 -0.0281145
v 0.016262 0.0235885 -0.0337345
v 0.011095 0.0225415 -0.0327745
v 0.010919 0.0222515 -0.0323365
v 0.011713 0.0223385 -0.0315215
v 0.014527 0.0220345 -0.0326015
v 0.017705 0.0240295 -0.0346675
v 0.017453 0.0220475 -0.0326535
v 0.016138 0.0222875 -0.0316545
v 0.016866 0.0216265 -0.0437955
v 0.017449 0.0229575 -0.0427215
v 0.019889 0.0217855 -0.0437625
v 0.017306 0.0236505 -0.0399005
v 0.017428 0.0233805 -0.0421305
v 0.016941 0.0232855 -0.0397495
v 0.016586 0.0223765 -0.0425105
v 0.025371 0.0225545 -0.0432855
v 0.022555 0.0234425 -0.0419815
v 0.022121 0.0216745 -0.0439025
v 0.018577 0.0239585 -0.0406455
v 0.017519 0.0238825 -0.0383455
v 0.019711 0.0239795 -0.0380985
v 0.023738 0.0239145 -0.0402275
v 0.026602 0.0235735 -0.0419905
v 0.014624 0.0214405 -0.0428955
v 0.015974 0.0216955 -0.0430865
v 0.016006 0.0208885 -0.0419225
v 0.015891 0.0213505 -0.0422835
v 0.014444 0.0192645 -0.0414045
v 0.015626 0.0190425 -0.0401725
v 0.016501 0.0216685 -0.0387325
v 0.016522 0.0207605 -0.0403495
v 0.016309 0.0196925 -0.0387305
v 0.014902 0.0185905 -0.0397315
v 0.015891 0.0191155 -0.0382425
v 0.016286 0.0225165 -0.0378625
v 0.014957 0.0184365 -0.0383095
v 0.014957 0.0184365 -0.0383095
v 0.029126 0.0216545 -0.0439215
v 0.029126 0.0216545 -0.0439215
v 0.025677 0.0193265 -0.0442625
v 0.029818 0.0206475 -0.0442175
v 0.02751 0.0187045 -0.0442785
v 0.028384 0.0240345 -0.0402995
v 0.032782 0.0221425 -0.0436265
v 0.032782 0.0221425 -0.0436265
v 0.030926 0.0238415 -0.0409785
v 0.035956 0.0234095 -0.0423785
v 0.035097 0.0239365 -0.0408075
v 0.024872 0.0163905 -0.0447255
v 0.024951 0.0181135 -0.0446815
v 0.023832 0.0160555 -0.0442915
v 0.025246 0.0148445 -0.0442765
v 0.026446 0.0179675 -0.0447675
v 0.026996 0.0167845 -0.0447025
v 0.025985 0.0157475 -0.0446475
v 0.027258 0.0153955 -0.0442825
v 0.028117 0.0170355 -0.0442635
v 0.034537 0.0129955 -0.0442425
v 0.024233 0.0241635 -0.0358055
v 0.019787 0.0238765 -0.0340855
v 0.025378 0.0239155 -0.0342395
v 0.022653 0.0232585 -0.0334815
v 0.025849 0.0228865 -0.0332425
v 0.019967 0.0227515 -0.0328925
v 0.020659 0.0224725 -0.0316035
v 0.019743 0.0223485 -0.0323605
v 0.024262 0.0218365 -0.0327915
v 0.023789 0.0225145 -0.0330815
v 0.023775 0.0218945 -0.0329655
v 0.025657 0.0220355 -0.0328845
v 0.025211 0.0223275 -0.0318975
v 0.028608 0.0240415 -0.0378385
v 0.030854 0.0233785 -0.0393425
v 0.033414 0.0239725 -0.0402915
v 0.033347 0.0238335 -0.0389945
v 0.033263 0.0238815 -0.0377965
v 0.031686 0.0238955 -0.0378935
v 0.030403 0.0233835 -0.0386945
v 0.029925 0.0237625 -0.0376735
v 0.029982 0.0241665 -0.0355455
v 0.030683 0.0241135 -0.0375335
v 0.028137 0.0231975 -0.0334195
v 0.031008 0.0237835 -0.0342035
v 0.033365 0.0240825 -0.0353365
v 0.028678 0.0223125 -0.0330265
v 0.027198 0.0220355 -0.0329955
v 0.029533 0.0232275 -0.0335615
v 0.031899 0.0239255 -0.0366655
v 0.031659 0.0224905 -0.0330585
v 0.030607 0.0221105 -0.0329925
v 0.028227 0.0219655 -0.0326585
v 0.034849 0.0237365 -0.0342465
v 0.034267 0.0237115 -0.0353285
v 0.029017 0.0226205 -0.0315665
v 0.013521 0.0270795 -0.0246855
v 0.021933 0.0260475 -0.0260125
v 0.014982 0.0322715 -0.0168545
v 0.019677 0.0272505 -0.0246515
v 0.017413 0.0211385 -0.0212675
v 0.024935 0.0280685 -0.0108785
v 0.020962 0.0357105 -0.0118225
v 0.014679 0.0395605 -0.0058035
v 0.01939 0.0332455 -0.0156825
v 0.022354 0.0315525 -0.0181985
v 0.027774 0.0293515 -0.0215635
v 0.026929 0.0331315 -0.0158345
v 0.029049 0.0271195 -0.0249885
v 0.030813 0.0254855 -0.0274005
v 0.031582 0.0222305 -0.0323965
v 0.032773 0.0225165 -0.0317745
v 0.033907 0.0224635 -0.0326925
v 0.04035 0.0251835 -0.0281255
v 0.040346 0.0223835 -0.0321075
v 0.040633 0.0260785 -0.0262975
v 0.016883 0.0159695 -0.0235265
v 0.037081 0.0166445 -0.0235175
v 0.039594 0.0153235 -0.0245145
v 0.034861 0.0335325 -0.0155335
v 0.036634 0.0270995 -0.0251645
v 0.043517 0.0213215 -0.0216965
v 0.022404 0.0201175 -0.0225055
v 0.005225 0.0154635 -0.0381425
v 0.001356 0.0131435 -0.0293285
v 0.004351 0.0134495 -0.0285465
v 0.004306 0.0152845 -0.0385055
v 0.006975 0.0157155 -0.0382265
v 0.008505 0.0161495 -0.0383325
v 0.008401 0.0134825 -0.0288825
v 0.007499 0.0137455 -0.0260975
v 0.005225 0.0130495 -0.0294035
v 0.0066 0.0132375 -0.0293365
v 0.011256 0.0132035 -0.0293905
v 0.012632 0.0135905 -0.0268905
v 0.012864 0.0134475 -0.0289205
v 0.018694 0.0132815 -0.0295475
v 0.016454 0.0135535 -0.0290525
v 0.011917 0.0138165 -0.0258585
v 0.018033 0.0139355 -0.0259945
v 0.013719 -0.0082475 -0.0301715
v 0.020189 0.0136795 -0.0272795
v 0.019782 0.0135675 -0.0289085
v 0.023635 0.0136235 -0.0291165
v 0.028766 0.0130025 -0.0298085
v 0.031635 0.0104865 -0.0298765
v 0.029163 0.0134435 -0.0295585
v 0.03495 0.0089155 -0.0304695
v 0.019943 0.0146975 -0.0246785
v 0.024066 0.0138175 -0.0262195
v 0.029345 0.0146165 -0.0249655
v 0.029406 0.0136535 -0.0289865
v 0.028286 0.0137665 -0.0271605
v 0.034363 0.0133925 -0.0295975
v 0.033449 0.0137055 -0.0288405
v 0.033607 0.0139075 -0.0265935
v 0.042979 0.0240035 -0.0409875
v 0.042514 0.0235885 -0.0422725
v 0.038703 0.0239865 -0.0411495
v 0.049194 0.0236565 -0.0422575
v 0.041223 0.0228455 -0.0432385
v 0.041223 0.0228455 -0.0432385
v 0.041031 0.0240675 -0.0404275
v 0.045053 0.0239985 -0.0410725
v 0.043917 0.0235785 -0.0395965
v 0.045754 0.0241635 -0.0397365
v 0.043679 0.0236245 -0.0389135
v 0.044332 0.0240555 -0.0377725
v 0.047162 0.0242525 -0.0375575
v 0.046999 0.0241135 -0.0407475
v 0.048815 0.0239775 -0.0412725
v 0.050019 0.0237325 -0.0415595
v 0.054535 0.0228875 -0.0434495
v 0.054535 0.0228875 -0.0434495
v 0.047315 0.0241075 -0.0387625
v 0.048589 0.0238625 -0.0404245
v 0.049867 0.0230815 -0.0403185
v 0.048647 0.0236465 -0.0393415
v 0.049397 0.0225335 -0.0390225
v 0.036631 0.0218715 -0.0438075
v 0.033956 0.0200255 -0.0442715
v 0.034932 0.0141425 -0.0442835
v 0.038069 0.0201725 -0.0443425
v 0.040241 0.0218955 -0.0439255
v 0.036384 0.0085815 -0.0443805
v 0.036491 0.0128225 -0.0440525
v 0.040682 0.0197205 -0.0444035
v 0.04055 0.0133665 -0.0442965
v 0.043568 0.0153845 -0.0444595
v 0.039367 0.0127725 -0.0440375
v 0.038284 0.0094065 -0.0442105
v 0.037865 0.0108985 -0.0440335
v 0.040177 0.0090475 -0.0444195
v 0.047827 0.0119685 -0.0445015
v 0.050729 0.0133145 -0.0444385
v 0.034285 0.0235375 -0.0387825
v 0.035138 0.0237435 -0.0402285
v 0.033895 0.0234675 -0.0376835
v 0.037511 0.0237715 -0.0401345
v 0.037955 0.0226535 -0.0386365
v 0.03466 0.0225505 -0.0375515
v 0.036376 0.0224125 -0.0381015
v 0.03461 0.0225795 -0.0367365
v 0.035163 0.0222955 -0.0366255
v 0.036615 0.0223415 -0.0366945
v 0.035201 0.0226155 -0.0357475
v 0.035259 0.0236235 -0.0348045
v 0.037014 0.0223105 -0.0356455
v 0.038686 0.0221275 -0.0359805
v 0.037385 0.0237655 -0.0346365
v 0.037953 0.0223585 -0.0354145
v 0.039922 0.0233295 -0.0390425
v 0.04133 0.0236295 -0.0386565
v 0.042046 0.0239105 -0.0397945
v 0.041478 0.0237625 -0.0367175
v 0.042167 0.0240145 -0.0380995
v 0.040321 0.0225405 -0.0370565
v 0.040918 0.0228435 -0.0369735
v 0.039986 0.0226125 -0.0357675
v 0.041575 0.0218775 -0.0438575
v 0.043405 0.0215895 -0.0441535
v 0.047373 0.0207635 -0.0444505
v 0.048327 0.0222155 -0.0438805
v 0.056168 0.0219095 -0.0441475
v 0.053042 0.0238465 -0.0420985
v 0.052941 0.0239385 -0.0415525
v 0.051407 0.0236035 -0.0410435
v 0.05214 0.0227155 -0.0401995
v 0.052925 0.0236565 -0.0407625
v 0.05782 0.0234415 -0.0429705
v 0.05782 0.0234415 -0.0429705
v 0.055214 0.0237015 -0.0423125
v 0.057571 0.0240055 -0.0418555
v 0.056947 0.0205695 -0.0444945
v 0.058932 0.0228185 -0.0442895
v 0.057892 0.0223355 -0.0438615
v 0.058974 0.0247705 -0.0424715
v 0.0589 0.0239855 -0.0435025
v 0.0589 0.0239855 -0.0435025
v 0.05789 0.0212575 -0.0442325
v 0.057051 0.0176625 -0.0444855
v 0.059337 0.0219015 -0.0445285
v 0.057914 0.0181595 -0.0442385
v 0.060126 0.0176145 -0.0444205
v 0.065403 0.0229725 -0.0443335
v 0.06629 0.0215235 -0.0446565
v 0.065696 0.0193725 -0.0446765
v 0.066318 0.0166015 -0.0439065
v 0.06008 0.0166655 -0.0438505
v 0.057969 0.0155375 -0.0444895
v 0.061983 0.0121665 -0.0446135
v 0.057643 0.0073155 -0.0445665
v 0.061944 0.0100615 -0.0446855
v 0.058342 0.0166235 -0.0438645
v 0.059313 0.0158945 -0.0437845
v 0.060348 0.0148015 -0.0445335
v 0.062721 0.0159005 -0.0438395
v 0.057645 -0.0048595 -0.0446925
v 0.045616 0.0243545 -0.0357495
v 0.048596 0.0240205 -0.0379615
v 0.048855 0.0235195 -0.0386625
v 0.049392 0.0225295 -0.0382395
v 0.049371 0.0236515 -0.0376145
v 0.049449 0.0241505 -0.0369235
v 0.049758 0.0225095 -0.0375595
v 0.051324 0.0242585 -0.0357475
v 0.047727 0.0240145 -0.0343525
v 0.050344 0.0236415 -0.0371055
v 0.050315 0.0221245 -0.0374425
v 0.050837 0.0242055 -0.0364165
v 0.051717 0.0239275 -0.0345615
v 0.036496 0.0235355 -0.0338305
v 0.040257 0.0237075 -0.0342895
v 0.036657 0.0226185 -0.0329925
v 0.037572 0.0223975 -0.0323985
v 0.038546 0.0225125 -0.0329695
v 0.039503 0.0230925 -0.0351825
v 0.039922 0.0236035 -0.0347455
v 0.040517 0.0234485 -0.0337955
v 0.040782 0.0234455 -0.0354145
v 0.041495 0.0240025 -0.0350545
v 0.04271 0.0243105 -0.0356935
v 0.042395 0.0239115 -0.0343785
v 0.044533 0.0235125 -0.0337875
v 0.042868 0.0227155 -0.0331225
v 0.040651 0.0222675 -0.0330285
v 0.043209 0.0224955 -0.0324595
v 0.045313 0.0226515 -0.0319295
v 0.040448 0.0130625 -0.0298765
v 0.038641 0.0136145 -0.0294915
v 0.039496 0.0144175 -0.0255885
v 0.0414 0.0139665 -0.0268375
v 0.041609 0.0137985 -0.0285025
v 0.045414 0.0222885 -0.0328045
v 0.047288 0.0223445 -0.0331495
v 0.047924 0.0222525 -0.0328525
v 0.050318 0.0255275 -0.0276235
v 0.050785 0.0233805 -0.0337775
v 0.050846 0.0223605 -0.0331105
v 0.051053 0.0223085 -0.0324835
v 0.055834 0.0240105 -0.0301165
v 0.052423 0.0225615 -0.0320845
v 0.044748 0.0120805 -0.0299405
v 0.041796 0.0104795 -0.0299605
v 0.043513 0.0098485 -0.0299685
v 0.042568 0.0134795 -0.0295295
v 0.044579 0.0130975 -0.0298185
v 0.046261 0.0138625 -0.0288155
v 0.044936 0.0135545 -0.0294855
v 0.045037 0.0141335 -0.0264055
v 0.047303 0.0138775 -0.0309335
v 0.046676 0.0132375 -0.0310275
v 0.047801 0.0131295 -0.0315415
v 0.046174 0.0136315 -0.0300485
v 0.049808 0.0141755 -0.0302275
v 0.049031 0.0136185 -0.0313575
v 0.05012 0.0139365 -0.0281725
v 0.045898 0.0128605 -0.0301815
v 0.045661 0.0065945 -0.0300565
v 0.046451 0.0099435 -0.0304075
v 0.047079 0.0103395 -0.0313125
v 0.047726 0.0139795 -0.0268505
v 0.050557 0.0269175 -0.0255415
v 0.042555 0.0328065 -0.0166175
v 0.040891 0.0178645 -0.0231415
v 0.047991 0.0163105 -0.0238615
v 0.045659 0.0204195 -0.0227665
v 0.055929 0.0260955 -0.0264235
v 0.04881 0.0339175 -0.0150555
v 0.048179 0.0208165 -0.0222995
v 0.050146 0.0198965 -0.0231445
v 0.055599 0.0207575 -0.0226355
v 0.054603 0.0198595 -0.0231975
v 0.058089 0.0179865 -0.0233365
v 0.048937 0.0147185 -0.0253715
v 0.050521 0.0218555 -0.0386465
v 0.052124 0.0220335 -0.0386705
v 0.052897 0.0228835 -0.0400555
v 0.054191 0.0242015 -0.0399375
v 0.053413 0.0237345 -0.0398735
v 0.053464 0.0238955 -0.0384555
v 0.053141 0.0227945 -0.0391665
v 0.052518 0.0223535 -0.0376375
v 0.051876 0.0219935 -0.0378715
v 0.051907 0.0238815 -0.0370235
v 0.052629 0.0234065 -0.0374805
v 0.052857 0.0240075 -0.0371735
v 0.053043 0.0242715 -0.0366745
v 0.054175 0.0242405 -0.0385795
v 0.053855 0.0244435 -0.0357315
v 0.057343 0.0243035 -0.0405105
v 0.05537 0.0241095 -0.0410325
v 0.05873 0.0250895 -0.0409695
v 0.058884 0.0252195 -0.0372995
v 0.05756 0.0245315 -0.0364425
v 0.055822 0.0243965 -0.0365855
v 0.054699 0.0240645 -0.0345465
v 0.053718 0.0224935 -0.0330855
v 0.057137 0.0237725 -0.0343155
v 0.060056 0.0252165 -0.0364135
v 0.058126 0.0225315 -0.0332245
v 0.059144 0.0244015 -0.0354635
v 0.060075 0.0238665 -0.0342965
v 0.06739 0.0253215 -0.0403435
v 0.066886 0.0250905 -0.0418665
v 0.064074 0.0251685 -0.0413735
v 0.059822 0.0253115 -0.0410045
v 0.065661 0.0243745 -0.0432685
v 0.065661 0.0243745 -0.0432685
v 0.060512 0.0253945 -0.0369915
v 0.063582 0.0253645 -0.0373735
v 0.063027 0.0245245 -0.0354715
v 0.06602 0.0251905 -0.0391605
v 0.067256 0.0254245 -0.0372995
v 0.059153 0.0234885 -0.0338475
v 0.059425 0.0223955 -0.0325075
v 0.055111 0.0224005 -0.0326435
v 0.060488 0.0223975 -0.0329245
v 0.060782 0.0255005 -0.0277495
v 0.062467 0.0240905 -0.0298385
v 0.062336 0.0236555 -0.0340605
v 0.063723 0.0240625 -0.0344185
v 0.060769 0.0226665 -0.0334575
v 0.062514 0.0227255 -0.0330795
v 0.063321 0.0234895 -0.0333365
v 0.062867 0.0227525 -0.0323275
v 0.064384 0.0239585 -0.0322005
v 0.065072 0.0242195 -0.0344245
v 0.068586 0.0245235 -0.0352605
v 0.070937 0.0253215 -0.0366415
v 0.070052 0.0242305 -0.0333255
v 0.065369 0.0241905 -0.0308385
v 0.063679 0.0240095 -0.0298795
v 0.064312 0.0238925 -0.0311315
v 0.063318 0.0245045 -0.0286075
v 0.062966 0.0254955 -0.0273445
v 0.063747 0.0243215 -0.0279285
v 0.064539 0.0240515 -0.0288785
v 0.067059 0.0240005 -0.0276565
v 0.068515 0.0242875 -0.0315165
v 0.052076 0.0138935 -0.0311615
v 0.053393 0.0133245 -0.0315375
v 0.047974 0.0011585 -0.0316265
v 0.056124 0.0098795 -0.0317115
v 0.057188 0.0137635 -0.0313835
v 0.056081 0.0140865 -0.0304575
v 0.059113 0.0132175 -0.0316145
v 0.062864 0.0016575 -0.0317575
v 0.074962 0.0021635 -0.0317785
v 0.051575 0.0141455 -0.0267305
v 0.053683 0.0139315 -0.0277035
v 0.056942 0.0144625 -0.0259705
v 0.057439 0.0140785 -0.0274695
v 0.056327 0.0158645 -0.0243605
v 0.058937 0.0141175 -0.0303425
v 0.05916 0.0137625 -0.0313225
v 0.062543 0.0138025 -0.0314345
v 0.060111 0.0139795 -0.0285805
v 0.062506 0.0142185 -0.0302905
v 0.064495 0.0126605 -0.0317545
v 0.06497 0.0135705 -0.0311685
v 0.065687 0.0140795 -0.0301015
v 0.064877 0.0141655 -0.0275985
v 0.062573 0.0142585 -0.0268375
v 0.066532 0.0145125 -0.0261555
v 0.06331 0.0150965 -0.0253455
v 0.068893 0.0141585 -0.0279055
v 0.035394 -0.0078135 -0.0304785
v 0.037331 0.0089395 -0.0306235
v 0.03866 -0.0039075 -0.0306875
v 0.042558 -0.0033355 -0.0307235
v 0.035319 -0.0223965 -0.0305015
v 0.042635 -0.0160075 -0.0307475
v 0.044346 -0.0277635 -0.0300925
v 0.04714 -0.0104605 -0.0313275
v 0.046425 -0.0035945 -0.0304135
v 0.046644 -0.0350605 -0.0305025
v 0.045707 -0.0235825 -0.0301055
v 0.042615 -0.0258375 -0.0308495
v 0.049406 -0.0111915 -0.0314695
v 0.04973 -0.0092095 -0.0313235
v 0.048757 -0.0096705 -0.0315785
v 0.04783 -0.0092085 -0.0315745
v 0.050137 -0.0144875 -0.0316575
v 0.050208 -0.0130625 -0.0313435
v 0.050339 -0.0116475 -0.0306455
v 0.048206 -0.0306835 -0.0317135
v 0.051804 -0.0144955 -0.0313715
v 0.051145 -0.0130265 -0.0306265
v 0.052537 -0.0141025 -0.0307355
v 0.053718 -0.0156115 -0.0317115
v 0.056306 -0.0191135 -0.0317345
v 0.041747 0.0089085 -0.0307035
v 0.042422 0.0078765 -0.0307215
v 0.042428 0.0030465 -0.0306195
v 0.044273 0.0084185 -0.0299675
v 0.044155 0.0001235 -0.0300135
v 0.056255 -0.0003025 -0.0317355
v 0.056296 -0.0024575 -0.0316875
v 0.05936 0.0017725 -0.0317345
v 0.057721 -0.0005755 -0.0314955
v 0.058603 0.0001655 -0.0314245
v 0.060317 0.0008695 -0.0313815
v 0.059897 -0.0001105 -0.0305665
v 0.058356 -0.0012505 -0.0306095
v 0.057122 -0.0022175 -0.0313285
v 0.057854 -0.0029755 -0.0305505
v 0.059026 -0.0015025 -0.0302705
v 0.051314 -0.0061605 -0.0316365
v 0.052498 -0.0068795 -0.0313605
v 0.051131 -0.0075975 -0.0313385
v 0.051785 -0.0081455 -0.0305295
v 0.05044 -0.0099885 -0.0305585
v 0.051974 -0.0090775 -0.0301925
v 0.053687 -0.0083325 -0.0302975
v 0.056292 -0.0059205 -0.0317195
v 0.054725 -0.0068435 -0.0314855
v 0.05701 -0.0037795 -0.0314275
v 0.057539 -0.0054905 -0.0315595
v 0.05362 -0.0075055 -0.0307515
v 0.054948 -0.0079645 -0.0306515
v 0.054929 -0.0093995 -0.0301635
v 0.05656 -0.0080575 -0.0315355
v 0.055983 -0.0084415 -0.0308425
v 0.057307 -0.0097205 -0.0314235
v 0.056562 -0.0097215 -0.0307125
v 0.056042 -0.0106935 -0.0303645
v 0.058068 -0.0047925 -0.0307055
v 0.058872 -0.0043775 -0.0302655
v 0.051181 -0.0116985 -0.0302355
v 0.053642 -0.0115095 -0.0300395
v 0.052816 -0.0132795 -0.0303015
v 0.05382 -0.0146975 -0.0314025
v 0.054703 -0.0139765 -0.0307835
v 0.05416 -0.0134665 -0.0304075
v 0.055548 -0.0125835 -0.0304315
v 0.066851 0.0175295 -0.0445505
v 0.069443 0.0147015 -0.0444225
v 0.066442 0.0149295 -0.0445065
v 0.06677 0.0159545 -0.0438375
v 0.06808 0.0131975 -0.0444995
v 0.06323 0.0104095 -0.0449885
v 0.064241 0.0110195 -0.0447375
v 0.064015 0.0092395 -0.0447045
v 0.064301 0.0029185 -0.0447455
v 0.071264 0.0133695 -0.0439775
v 0.06689 0.0077915 -0.0446725
v 0.069148 0.0096665 -0.0445055
v 0.070762 0.0065265 -0.0441615
v 0.071676 0.0105315 -0.0439815
v 0.073655 0.0105375 -0.0433395
v 0.071817 0.0032445 -0.0438635
v 0.066915 -0.0048755 -0.0446395
v 0.068686 0.0006665 -0.0445485
v 0.073677 -0.0002525 -0.0432195
v 0.074369 0.0049695 -0.0427345
v 0.07176 -0.0056345 -0.0439585
v 0.076582 -0.0046835 -0.0409865
v 0.076582 -0.0046835 -0.0409865
v 0.074133 -0.0073755 -0.0429995
v 0.075652 -0.0013545 -0.0418515
v 0.06883 0.0248995 -0.0421805
v 0.06883 0.0248995 -0.0421805
v 0.071554 0.0246705 -0.0423635
v 0.071554 0.0246705 -0.0423635
v 0.06799 0.0239235 -0.0435915
v 0.070587 0.0236115 -0.0436425
v 0.070389 0.0222835 -0.0443175
v 0.072986 0.0227715 -0.0437625
v 0.069464 0.0251715 -0.0405285
v 0.072184 0.0253065 -0.0406725
v 0.071774 0.0254715 -0.0373895
v 0.073731 0.0234515 -0.0431275
v 0.074559 0.0242595 -0.0418785
v 0.074559 0.0242595 -0.0418785
v 0.074559 0.0242595 -0.0418785
v 0.074939 0.0235715 -0.0423055
v 0.074939 0.0235715 -0.0423055
v 0.073388 0.0252455 -0.0397095
v 0.075026 0.0246465 -0.0402195
v 0.075026 0.0246465 -0.0402195
v 0.075579 0.0239725 -0.0406875
v 0.070703 0.0181065 -0.0444675
v 0.071263 0.0206235 -0.0444195
v 0.073372 0.0215805 -0.0439625
v 0.070293 0.0167615 -0.0436265
v 0.069808 0.0160015 -0.0436055
v 0.072266 0.0174505 -0.0440775
v 0.072918 0.0161695 -0.0426385
v 0.074849 0.0222245 -0.0431385
v 0.076301 0.0212375 -0.0419305
v 0.076301 0.0212375 -0.0419305
v 0.07613 0.0229825 -0.0408545
v 0.074649 0.0184235 -0.0437925
v 0.075315 0.0177535 -0.0434205
v 0.075836 0.0188725 -0.0432385
v 0.073842 0.0167085 -0.0425015
v 0.075052 0.0172385 -0.0431625
v 0.074541 0.0160645 -0.0417875
v 0.072652 0.0147315 -0.0435955
v 0.074721 0.0147935 -0.0425225
v 0.073785 0.0136255 -0.0430235
v 0.076394 0.0191615 -0.0426945
v 0.076709 0.0182845 -0.0424155
v 0.076143 0.0172385 -0.0422705
v 0.076753 0.0198225 -0.0418715
v 0.076753 0.0198225 -0.0418715
v 0.077052 0.0189695 -0.0412505
v 0.077052 0.0189695 -0.0412505
v 0.076792 0.0177555 -0.0417885
v 0.076812 0.0213615 -0.0406255
v 0.076947 0.0202445 -0.0400925
v 0.077069 0.0180635 -0.0402305
v 0.077069 0.0180635 -0.0402305
v 0.07526 0.0166945 -0.0415685
v 0.076238 0.0167255 -0.0404245
v 0.076238 0.0167255 -0.0404245
v 0.075936 0.0159965 -0.0404415
v 0.075936 0.0159965 -0.0404415
v 0.076356 0.0149525 -0.0411265
v 0.076356 0.0149525 -0.0411265
v 0.07652 0.0164355 -0.0390945
v 0.076574 0.0157905 -0.0392195
v 0.076338 0.0141995 -0.0413305
v 0.076338 0.0141995 -0.0413305
v 0.076885 0.0143825 -0.0404725
v 0.077106 0.0146765 -0.0383035
v 0.077163 0.0139585 -0.0388025
v 0.075234 0.0247135 -0.0393215
v 0.075234 0.0247135 -0.0393215
v 0.073664 0.0253035 -0.0368975
v 0.073112 0.0247025 -0.0356895
v 0.074778 0.0241785 -0.0354665
v 0.075485 0.0243965 -0.0370345
v 0.075485 0.0243965 -0.0370345
v 0.076321 0.0236655 -0.0373935
v 0.075906 0.0237215 -0.0356365
v 0.075906 0.0237215 -0.0356365
v 0.070925 0.0243815 -0.0348915
v 0.076523 0.0230115 -0.0358625
v 0.073481 0.0244235 -0.0350025
v 0.072246 0.0243005 -0.0318875
v 0.074293 0.0241545 -0.0337475
v 0.074087 0.0241255 -0.0303325
v 0.07633 0.0233255 -0.0391645
v 0.076835 0.0226705 -0.0371705
v 0.077058 0.0213555 -0.0386045
v 0.077123 0.0182615 -0.0385815
v 0.077103 0.0209755 -0.0357555
v 0.076761 0.0179215 -0.0364745
v 0.076511 0.0163925 -0.0378235
v 0.077035 0.0161295 -0.0361885
v 0.077307 0.0194015 -0.0343195
v 0.0772 0.0214225 -0.0329225
v 0.076933 0.0222565 -0.0323965
v 0.077184 0.0159655 -0.0352015
v 0.077119 0.0142155 -0.0341665
v 0.077301 0.0166775 -0.0321665
v 0.077166 0.0161615 -0.0277165
v 0.074849 0.0130285 -0.0424655
v 0.075824 0.0131135 -0.0416775
v 0.075824 0.0131135 -0.0416775
v 0.075796 0.0104705 -0.0418605
v 0.075796 0.0104705 -0.0418605
v 0.076051 0.0068585 -0.0415595
v 0.076051 0.0068585 -0.0415595
v 0.077042 0.0108895 -0.0406375
v 0.076876 0.0130275 -0.0402055
v 0.077069 0.0073605 -0.0401955
v 0.077158 0.0108895 -0.0402045
v 0.077039 0.0115465 -0.0391245
v 0.077217 0.0059315 -0.0388285
v 0.077135 0.0104905 -0.0381015
v 0.075479 0.0022205 -0.0419825
v 0.076203 0.0025495 -0.0353525
v 0.076211 0.0019685 -0.0362395
v 0.076922 0.0040385 -0.0363985
v 0.076168 0.0012705 -0.0348515
v 0.076305 0.0004895 -0.0357175
v 0.067764 0.0132335 -0.0315085
v 0.070255 0.0137225 -0.0310565
v 0.071363 0.0131905 -0.0315815
v 0.07088 0.0121755 -0.0317865
v 0.070875 0.0140405 -0.0300625
v 0.074752 0.0141315 -0.0298965
v 0.072698 0.0142035 -0.0300245
v 0.074617 0.0139045 -0.0308945
v 0.074725 0.0122855 -0.0317835
v 0.074544 0.0132265 -0.0315895
v 0.073174 0.0137015 -0.0312385
v 0.073133 0.0142505 -0.0274165
v 0.076941 0.0106215 -0.0354185
v 0.077031 0.0108865 -0.0336125
v 0.077072 0.0078745 -0.0331635
v 0.077131 0.0053045 -0.0366875
v 0.075876 0.0129025 -0.0319685
v 0.075659 0.0138515 -0.0314185
v 0.077135 0.0153985 -0.0324685
v 0.076865 0.0142045 -0.0327325
v 0.076764 0.0124325 -0.0326065
v 0.076511 0.0136575 -0.0322895
v 0.075897 0.0143665 -0.0303335
v 0.076422 0.0144075 -0.0313995
v 0.076768 0.0149905 -0.0306625
v 0.075674 0.0104435 -0.0320545
v 0.076642 0.0108255 -0.0328225
v 0.075317 0.0046455 -0.0317585
v 0.076647 0.0072245 -0.0323785
v 0.076777 0.0034935 -0.0350795
v 0.077137 0.0040685 -0.0337125
v 0.076916 0.0025285 -0.0340225
v 0.076128 0.0014295 -0.0320985
v 0.07704 -4.95e-05 -0.0333885
v 0.07685 -0.0003505 -0.0342835
v 0.076708 0.0012605 -0.0325795
v 0.076638 -6.15e-05 -0.0408745
v 0.076638 -6.15e-05 -0.0408745
v 0.077024 -0.0012075 -0.0402105
v 0.077255 -0.0009795 -0.0383765
v 0.077034 -0.0084575 -0.0403435
v 0.077034 -0.0084575 -0.0403435
v 0.077197 0.0025425 -0.0388145
v 0.076986 0.0021705 -0.0379685
v 0.077163 0.0002055 -0.0381435
v 0.077043 -0.0008305 -0.0364785
v 0.077171 -0.0018135 -0.0344765
v 0.076824 -0.0026935 -0.0325725
v 0.058025 -0.0163695 -0.0446885
v 0.060878 -0.0145805 -0.0447295
v 0.060878 -0.0145805 -0.0447295
v 0.060707 -0.0179045 -0.0440145
v 0.065792 -0.0162325 -0.0443355
v 0.065792 -0.0162325 -0.0443355
v 0.06496 -0.0182395 -0.0439635
v 0.067761 -0.0154175 -0.0445495
v 0.067466 -0.0131755 -0.0447725
v 0.067466 -0.0131755 -0.0447725
v 0.066217 -0.0165365 -0.0439915
v 0.066217 -0.0165365 -0.0439915
v 0.06533 -0.0187235 -0.0435795
v 0.06533 -0.0187235 -0.0435795
v 0.070266 -0.0074525 -0.0443175
v 0.070266 -0.0074525 -0.0443175
v 0.066964 -0.0163815 -0.0433655
v 0.068098 -0.0158775 -0.0437575
v 0.066139 -0.0171205 -0.0432965
v 0.06542 -0.0180555 -0.0421795
v 0.065538 -0.0183765 -0.0428345
v 0.067307 -0.0160885 -0.0424525
v 0.066263 -0.0166875 -0.0422275
v 0.065607 -0.0164445 -0.0392525
v 0.064997 -0.0167055 -0.0404625
v 0.065708 -0.0164685 -0.0409415
v 0.067483 -0.0160465 -0.0409885
v 0.070101 -0.0162715 -0.0395535
v 0.067651 -0.0165575 -0.0385865
v 0.056768 -0.0192345 -0.0447385
v 0.052955 -0.0313545 -0.0449065
v 0.059649 -0.0229105 -0.0447265
v 0.065996 -0.0232835 -0.0447255
v 0.060263 -0.0204235 -0.0441075
v 0.06207 -0.0206385 -0.0441055
v 0.0656 -0.0214085 -0.0442905
v 0.065109 -0.0195105 -0.0439615
v 0.066097 -0.0208275 -0.0438065
v 0.065717 -0.0198745 -0.0432505
v 0.065717 -0.0198745 -0.0432505
v 0.067876 -0.0293045 -0.0447335
v 0.05664 -0.0167525 -0.0317015
v 0.057397 -0.0217755 -0.0317135
v 0.059512 -0.0235535 -0.0317505
v 0.064894 -0.0184595 -0.0413575
v 0.065025 -0.0197095 -0.0408975
v 0.065025 -0.0197095 -0.0408975
v 0.06625 -0.0208525 -0.0432655
v 0.065472 -0.0207365 -0.0411955
v 0.064546 -0.0203395 -0.0401255
v 0.064546 -0.0203395 -0.0401255
v 0.064981 -0.0209225 -0.0402815
v 0.065838 -0.0211855 -0.0410245
v 0.064754 -0.0172565 -0.0389125
v 0.064797 -0.0173465 -0.0394985
v 0.064955 -0.0173345 -0.0407355
v 0.065181 -0.0184305 -0.0395225
v 0.064838 -0.0184335 -0.0387715
v 0.064858 -0.0196725 -0.0388915
v 0.064858 -0.0196725 -0.0388915
v 0.065287 -0.0190555 -0.0399045
v 0.064646 -0.0189955 -0.0386325
v 0.064646 -0.0189955 -0.0386325
v 0.064646 -0.0189955 -0.0386325
v 0.065077 -0.0206055 -0.0391385
v 0.06582 -0.0211665 -0.0398945
v 0.065172 -0.0195465 -0.0383185
v 0.065958 -0.0206545 -0.0387525
v 0.067984 -0.0210755 -0.0392385
v 0.065561 -0.0171165 -0.0382485
v 0.065561 -0.0171165 -0.0382485
v 0.064837 -0.0188065 -0.0382795
v 0.064837 -0.0188065 -0.0382795
v 0.065714 -0.0191825 -0.0380175
v 0.070059 -0.0176055 -0.0378275
v 0.070059 -0.0176055 -0.0378275
v 0.07005 -0.0191815 -0.0376805
v 0.069049 -0.0204925 -0.0383155
v 0.062431 -0.0233535 -0.0317685
v 0.075401 -0.0396085 -0.0318795
v 0.073208 -0.0133055 -0.0434995
v 0.073208 -0.0133055 -0.0434995
v 0.075367 -0.0084045 -0.0421315
v 0.075521 -0.0149365 -0.0421065
v 0.071397 -0.0150195 -0.0440645
v 0.071943 -0.0156245 -0.0435065
v 0.071782 -0.0159445 -0.0426005
v 0.074279 -0.0151875 -0.0428545
v 0.074279 -0.0151875 -0.0428545
v 0.070993 -0.0170765 -0.0381635
v 0.072047 -0.0184375 -0.0378275
v 0.072047 -0.0184375 -0.0378275
v 0.074903 -0.0179345 -0.0380585
v 0.075539 -0.0156735 -0.0416235
v 0.075539 -0.0156735 -0.0416235
v 0.07659 -0.0130575 -0.0411935
v 0.076969 -0.0148815 -0.0404875
v 0.077267 -0.0144485 -0.0399315
v 0.077267 -0.0144485 -0.0399315
v 0.076989 -0.0159385 -0.0387655
v 0.076989 -0.0159385 -0.0387655
v 0.075214 -0.0162085 -0.0396965
v 0.075214 -0.0162085 -0.0396965
v 0.074469 -0.0167545 -0.0388195
v 0.076176 -0.0160845 -0.0394815
v 0.076176 -0.0160845 -0.0394815
v 0.067325 -0.0221935 -0.0444755
v 0.066657 -0.0214365 -0.0439195
v 0.067317 -0.0215115 -0.0430085
v 0.068446 -0.0218785 -0.0436665
v 0.070191 -0.0234925 -0.0444235
v 0.069851 -0.0222415 -0.0441775
v 0.071016 -0.0226255 -0.0441485
v 0.073087 -0.0245855 -0.0435925
v 0.070568 -0.0272335 -0.0443195
v 0.07192 -0.0264735 -0.0437155
v 0.067454 -0.0365375 -0.0447255
v 0.070313 -0.0322485 -0.0443765
v 0.071603 -0.0297585 -0.0437535
v 0.073088 -0.0278765 -0.0434105
v 0.073295 -0.0316795 -0.0433445
v 0.071613 -0.0398745 -0.0437235
v 0.070436 -0.0379435 -0.0442715
v 0.072598 -0.0390365 -0.0434895
v 0.074332 -0.0340545 -0.0428755
v 0.075205 -0.0375205 -0.0422425
v 0.066721 -0.0213805 -0.0414245
v 0.068982 -0.0214565 -0.0424035
v 0.070565 -0.0212075 -0.0399025
v 0.070843 -0.0214185 -0.0423765
v 0.073049 -0.0220585 -0.0433005
v 0.073693 -0.0226015 -0.0432975
v 0.072632 -0.0214155 -0.0418905
v 0.076004 -0.0219325 -0.0415755
v 0.068683 -0.0208585 -0.0387375
v 0.071667 -0.0204165 -0.0383585
v 0.075023 -0.0196765 -0.0381335
v 0.073445 -0.0210695 -0.0395425
v 0.075489 -0.0212945 -0.0398135
v 0.074867 -0.0189485 -0.0379825
v 0.074867 -0.0189485 -0.0379825
v 0.074629 -0.0208595 -0.0390935
v 0.075555 -0.0206895 -0.0387825
v 0.075946 -0.0223725 -0.0419245
v 0.074988 -0.0259565 -0.0424235
v 0.075914 -0.0251955 -0.0415975
v 0.074805 -0.0290795 -0.0425485
v 0.076091 -0.0309775 -0.0415425
v 0.077019 -0.0256045 -0.0402075
v 0.076749 -0.0217795 -0.0395535
v 0.077169 -0.0228125 -0.0403805
v 0.076628 -0.0210205 -0.0384635
v 0.076657 -0.0198645 -0.0376095
v 0.076657 -0.0198645 -0.0376095
v 0.077098 -0.0211295 -0.0375805
v 0.077098 -0.0211295 -0.0375805
v 0.077316 -0.0235355 -0.0388945
v 0.077316 -0.0235355 -0.0388945
v 0.077129 -0.0309675 -0.0402355
v 0.077129 -0.0309675 -0.0402355
v 0.076974 -0.0332785 -0.0404045
v 0.076974 -0.0332785 -0.0404045
v 0.076495 -0.0401895 -0.0410695
v 0.076495 -0.0401895 -0.0410695
v 0.077142 -0.0362195 -0.0400845
v 0.077355 -0.0335275 -0.0388295
v 0.077326 -0.0374785 -0.0371635
v 0.076938 -0.0386375 -0.0386375
v 0.07732 -0.0366145 -0.0335855
v 0.061574 0.0001895 -0.0307305
v 0.062475 0.0006905 -0.0314435
v 0.063108 -0.0005755 -0.0306705
v 0.065049 -0.0003335 -0.0317345
v 0.061181 -0.0011635 -0.0301545
v 0.061381 -0.0029475 -0.0300255
v 0.063254 -0.0017845 -0.0303385
v 0.064064 -0.0004075 -0.0315375
v 0.064261 -0.0021055 -0.0307535
v 0.063316 -0.0037915 -0.0302995
v 0.066329 -0.0062095 -0.0317825
v 0.064717 -0.0018825 -0.0315035
v 0.065034 -0.0034135 -0.0315815
v 0.064344 -0.0037435 -0.0308205
v 0.064679 -0.0048025 -0.0316015
v 0.063693 -0.0050545 -0.0307325
v 0.06453 -0.0074615 -0.0317615
v 0.058952 -0.0075365 -0.0317015
v 0.058527 -0.0063655 -0.0314585
v 0.060221 -0.0072745 -0.0315765
v 0.062921 -0.0075585 -0.0317455
v 0.058371 -0.0099335 -0.0316905
v 0.056785 -0.0112845 -0.0307745
v 0.057391 -0.0118805 -0.0314685
v 0.057512 -0.0131955 -0.0316855
v 0.060874 -0.0127105 -0.0317725
v 0.06403 -0.0116755 -0.0317465
v 0.05923 -0.0058425 -0.0306065
v 0.060177 -0.0049625 -0.0302125
v 0.060869 -0.0062785 -0.0305755
v 0.062171 -0.0069475 -0.0314725
v 0.062491 -0.0061715 -0.0307705
v 0.062306 -0.0053105 -0.0303565
v 0.063747 -0.0060935 -0.0315765
v 0.064865 -0.0098705 -0.0314965
v 0.065727 -0.0080945 -0.0315585
v 0.072463 -0.0075235 -0.0317425
v 0.070887 -0.0059415 -0.0317705
v 0.070605 -0.0072415 -0.0315315
v 0.066991 -0.0072475 -0.0314715
v 0.068674 -0.0067735 -0.0314715
v 0.067492 -0.0078505 -0.0307005
v 0.066232 -0.0090195 -0.0306505
v 0.067698 -0.0089465 -0.0302205
v 0.066629 -0.0106305 -0.0301765
v 0.069566 -0.0082035 -0.0303165
v 0.070226 -0.0078695 -0.0307095
v 0.069923 -0.0109945 -0.0300495
v 0.064993 -0.0116545 -0.0313785
v 0.065829 -0.0109675 -0.0304005
v 0.065118 -0.0126915 -0.0314725
v 0.066132 -0.0142385 -0.0316105
v 0.066456 -0.0130915 -0.0305975
v 0.067874 -0.0142125 -0.0307545
v 0.067973 -0.0133245 -0.0302755
v 0.071606 -0.0079925 -0.0314315
v 0.07163 -0.0088745 -0.0307285
v 0.0737 -0.0106405 -0.0317175
v 0.072772 -0.0099285 -0.0314835
v 0.071418 -0.0118915 -0.0303505
v 0.072761 -0.0123305 -0.0315545
v 0.072273 -0.0105905 -0.0308315
v 0.069687 -0.0141575 -0.0307725
v 0.06814 -0.0149375 -0.0314555
v 0.070086 -0.0146715 -0.0314125
v 0.07014 -0.0158425 -0.0317975
v 0.072363 -0.0144805 -0.0317695
v 0.071334 -0.0139795 -0.0314225
v 0.070035 -0.0132385 -0.0303565
v 0.071127 -0.0135765 -0.0308625
v 0.072264 -0.0129045 -0.0314375
v 0.071293 -0.0099125 -0.0303145
v 0.055949 -0.0130065 -0.0307645
v 0.056113 -0.0136765 -0.0313595
v 0.055242 -0.0145295 -0.0315345
v 0.058562 -0.0139015 -0.0317155
v 0.057177 -0.0172165 -0.0314775
v 0.058205 -0.0154045 -0.0315415
v 0.057413 -0.0196175 -0.0312235
v 0.058349 -0.0170365 -0.0305485
v 0.059408 -0.0159715 -0.0305525
v 0.05993 -0.0145875 -0.0314225
v 0.060914 -0.0154885 -0.0305195
v 0.061907 -0.0145265 -0.0314845
v 0.063353 -0.0151145 -0.0314975
v 0.062106 -0.0154615 -0.0306785
v 0.062847 -0.0166055 -0.0303355
v 0.063401 -0.0160935 -0.0306995
v 0.059928 -0.0168545 -0.0301645
v 0.057908 -0.0189805 -0.0306225
v 0.058729 -0.0207285 -0.0305185
v 0.058689 -0.0193235 -0.0303125
v 0.062494 -0.0176605 -0.0301705
v 0.060379 -0.0197275 -0.0300985
v 0.058162 -0.0214045 -0.0313725
v 0.059379 -0.0224785 -0.0315145
v 0.060373 -0.0215565 -0.0304935
v 0.06523 -0.0152355 -0.0317425
v 0.064502 -0.0161685 -0.0315605
v 0.06426 -0.0173105 -0.0307815
v 0.065038 -0.0177435 -0.0314775
v 0.065929 -0.0188315 -0.0317605
v 0.065165 -0.0216045 -0.0317605
v 0.064584 -0.0208235 -0.0315825
v 0.063395 -0.0218965 -0.0314395
v 0.061686 -0.0204795 -0.0302035
v 0.063268 -0.0194115 -0.0302955
v 0.064195 -0.0183885 -0.0305425
v 0.063276 -0.0208745 -0.0305965
v 0.064999 -0.0192055 -0.0313975
v 0.064102 -0.0199845 -0.0307385
v 0.067282 -0.0156205 -0.0317495
v 0.06133 -0.0226425 -0.0314175
v 0.06182 -0.0218335 -0.0306865
v 0.077254 -0.0083755 -0.0390305
v 0.077344 -0.0122355 -0.0387385
v 0.077361 -0.0071745 -0.0355965
v 0.077129 -0.0088035 -0.0334385
v 0.077449 -0.0035555 -0.0362405
v 0.077268 -0.0140565 -0.0377275
v 0.076286 -0.0166315 -0.0387135
v 0.076286 -0.0166315 -0.0387135
v 0.076768 -0.0166015 -0.0382885
v 0.076768 -0.0166015 -0.0382885
v 0.076525 -0.0177195 -0.0377565
v 0.076525 -0.0177195 -0.0377565
v 0.076525 -0.0177195 -0.0377565
v 0.077102 -0.0180335 -0.0362235
v 0.077001 -0.0178655 -0.0370155
v 0.076499 -0.0188535 -0.0374695
v 0.076499 -0.0188535 -0.0374695
v 0.076499 -0.0188535 -0.0374695
v 0.077204 -0.0148165 -0.0333695
v 0.075166 -0.0113135 -0.0317345
v 0.075221 -0.0228445 -0.0317705
v 0.076133 -0.0091095 -0.0319755
v 0.076813 -0.0080095 -0.0325205
v 0.076972 -0.0122585 -0.0327475
v 0.077161 -0.0199355 -0.0333575
v 0.076535 -0.0149925 -0.0322235
v 0.076236 -0.0240335 -0.0320985
v 0.076905 -0.0274835 -0.0326085
v 0.077 -0.0192635 -0.0368495
v 0.076287 -0.0427065 -0.0321385
v -0.000789 0.0152385 -0.0386475
v -0.02058 -0.0540785 -0.0444055
v -0.021046 -0.0578595 -0.0443235
v -0.029768 -0.0602125 -0.0439865
v -0.018538 -0.0599955 -0.0441215
v -0.027359 -0.0645695 -0.0425245
v -0.023329 -0.0622825 -0.0435065
v -0.026054 -0.0674235 -0.0400125
v -0.015302 -0.0431585 -0.0444465
v -0.021073 -0.0446375 -0.0444545
v -0.006708 -0.0434655 -0.0445385
v -0.009098 -0.0461625 -0.0443735
v 0.003112 -0.0441935 -0.0445885
v -0.002643 -0.0460785 -0.0443595
v -0.002447 -0.0473415 -0.0444365
v 0.010842 -0.0457425 -0.0445585
v 0.007777 -0.0527015 -0.0445465
v -0.003036 -0.0279185 -0.0299115
v -0.003435 -0.0403235 -0.0300945
v -0.006927 -0.0422635 -0.0302575
v 0.007472 -0.0549735 -0.0304835
v 0.018641 -0.0376875 -0.0303495
v 0.018892 -0.0422295 -0.0304885
v -0.018897 -0.0468375 -0.0443305
v -0.017851 -0.0533735 -0.0443025
v -0.015125 -0.0561155 -0.0445185
v -0.018851 -0.0553155 -0.0304575
v -0.030376 -0.0676055 -0.0355535
v -0.027398 -0.0677595 -0.0384215
v -0.02853 -0.0676815 -0.0358255
v -0.030233 -0.0676875 -0.0330785
v -0.029353 -0.0672385 -0.0320535
v -0.025184 -0.0675575 -0.0352995
v -0.026275 -0.0677365 -0.0335235
v -0.024865 -0.0674885 -0.0325195
v -0.007867 -0.0624535 -0.0436145
v -0.017034 -0.0649875 -0.0424535
v -0.020688 -0.0670085 -0.0405485
v -0.019039 -0.0674665 -0.0397175
v -0.021465 -0.0677245 -0.0381245
v -0.023786 -0.0676335 -0.0334775
v -0.01929 -0.0675755 -0.0351515
v -0.021599 -0.0676995 -0.0330965
v -0.016458 -0.0570785 -0.0296715
v -0.025897 -0.0669695 -0.0318135
v -0.021543 -0.0657935 -0.0310875
v -0.015695 -0.0642345 -0.0297795
v -0.014265 -0.0593915 -0.0298585
v -0.015798 -0.0592635 -0.0297495
v -0.016702 -0.0651335 -0.0302035
v -0.013926 -0.0658815 -0.0311975
v -0.019306 -0.0669675 -0.0318705
v -0.018869 -0.0674055 -0.0323655
v -0.016025 -0.0676475 -0.0332525
v -0.014347 -0.0672145 -0.0320505
v -0.005594 -0.0528625 -0.0444255
v -0.004507 -0.0556485 -0.0445365
v -0.009069 -0.0592345 -0.0443935
v -0.001579 -0.0595435 -0.0443405
v 0.007593 -0.0555065 -0.0447115
v -0.008611 -0.0665445 -0.0411725
v -0.012181 -0.0672615 -0.0402715
v -0.004328 -0.0643375 -0.0428925
v -0.010362 -0.0649465 -0.0424365
v -0.012022 -0.0677085 -0.0378635
v -0.003029 -0.0673745 -0.0398555
v 0.002322 -0.0651325 -0.0424015
v 0.000682 -0.0668895 -0.0408015
v -0.006538 -0.0674845 -0.0353415
v -0.008109 -0.0676365 -0.0331425
v -0.009291 -0.0670605 -0.0320185
v -0.013734 -0.0643875 -0.0300195
v -0.01254 -0.0606105 -0.0297425
v -0.011995 -0.0649545 -0.0302925
v -0.002788 -0.0675505 -0.0377615
v 0.002611 -0.0657185 -0.0312265
v -0.003852 -0.0670805 -0.0320955
v -0.001988 -0.0675305 -0.0330755
v -0.008035 -0.0552395 -0.0304685
v -0.005274 -0.0551845 -0.0303705
v -0.002527 -0.0572785 -0.0297305
v -0.00583 -0.0569075 -0.0297635
v -0.00604 -0.0602205 -0.0298295
v -0.001212 -0.0553125 -0.0304515
v -0.00293 -0.0610785 -0.0298665
v 0.005627 -0.0571145 -0.0297745
v 0.00758 -0.0590955 -0.0299315
v 0.00275 -0.0604975 -0.0298175
v -0.000742 -0.0622955 -0.0300495
v 0.004528 -0.0622195 -0.0300875
v -0.007041 -0.0641915 -0.0299875
v -0.005589 -0.0622275 -0.0301085
v -0.004255 -0.0650825 -0.0304215
v -0.005698 -0.0644285 -0.0300765
v -0.002163 -0.0642105 -0.0299425
v 0.003209 -0.0649875 -0.0304255
v 0.002757 -0.0670455 -0.0320505
v 0.006763 -0.0640865 -0.0300025
v 0.018071 -0.0434935 -0.0447585
v 0.014759 -0.0528375 -0.0446085
v 0.018926 -0.0463505 -0.0446725
v 0.018934 -0.0526325 -0.0446315
v 0.019558 -0.0536585 -0.0447745
v 0.021847 -0.0494015 -0.0448305
v 0.023328 -0.0585895 -0.0446745
v 0.017765 -0.0551155 -0.0305675
v 0.027188 -0.0500865 -0.0306705
v 0.037533 -0.0418235 -0.0449115
v 0.027461 -0.0553085 -0.0447905
v 0.036825 -0.0566055 -0.0448135
v 0.029206 -0.0606135 -0.0443375
v 0.03277 -0.0591325 -0.0445985
v 0.003284 -0.0634545 -0.0433125
v 0.007294 -0.0600155 -0.0443945
v 0.013141 -0.0585395 -0.0445905
v 0.009396 -0.0636735 -0.0432925
v 0.021072 -0.0667145 -0.0409225
v 0.002612 -0.0660395 -0.0416865
v 0.005426 -0.0672025 -0.0401935
v 0.019167 -0.0612565 -0.0441245
v 0.01705 -0.0572145 -0.0446475
v 0.013883 -0.0651955 -0.0424115
v 0.018089 -0.0638565 -0.0431545
v 0.027442 -0.0670385 -0.0402855
v 0.016272 -0.0674425 -0.0386915
v 0.004891 -0.0675925 -0.0380635
v 0.007532 -0.0674465 -0.0356385
v 0.026749 -0.0636695 -0.0433795
v 0.025565 -0.0652305 -0.0424635
v 0.021291 -0.0655095 -0.0421145
v 0.008878 -0.0604405 -0.0297865
v 0.016105 -0.0673695 -0.0340785
v 0.012553 -0.0649415 -0.0303405
v 0.0136 -0.0642025 -0.0300075
v 0.013721 -0.0657445 -0.0313895
v 0.015801 -0.0654655 -0.0312965
v 0.015656 -0.0668175 -0.0321005
v 0.014995 -0.0646025 -0.0305915
v 0.017892 -0.0667295 -0.0321015
v 0.014545 -0.0570265 -0.0298595
v 0.013147 -0.0589185 -0.0299645
v 0.027849 -0.0569445 -0.0299825
v 0.016558 -0.0594555 -0.0299385
v 0.013603 -0.0608635 -0.0298315
v 0.015048 -0.0596265 -0.0302115
v 0.015122 -0.0615855 -0.0301615
v 0.015101 -0.0637225 -0.0303015
v 0.016307 -0.0638695 -0.0300225
v 0.022115 -0.0639395 -0.0300575
v 0.017172 -0.0646985 -0.0303655
v 0.007378 -0.0675135 -0.0332865
v 0.009561 -0.0669395 -0.0321625
v 0.014987 -0.0672935 -0.0328345
v 0.020176 -0.0673765 -0.0334655
v 0.021555 -0.0668255 -0.0322055
v 0.024796 -0.0672815 -0.0332595
v 0.037029 -0.0614045 -0.0441315
v 0.034024 -0.0640355 -0.0430565
v 0.038938 -0.0653285 -0.0422485
v 0.030582 -0.0672775 -0.0387365
v 0.029574 -0.0672795 -0.0334855
v 0.028809 -0.0548695 -0.0306375
v 0.024147 -0.0602945 -0.0300175
v 0.030987 -0.0595635 -0.0301165
v 0.031421 -0.0655235 -0.0315085
v 0.02607 -0.0638925 -0.0301325
v 0.030184 -0.0646875 -0.0305285
v 0.027159 -0.0667825 -0.0322585
v 0.031496 -0.0667215 -0.0323105
v 0.037285 -0.0672315 -0.0335705
v 0.032025 -0.0636855 -0.0301475
v 0.039526 -0.0667285 -0.0323505
v 0.036514 -0.0398135 -0.0306275
v 0.042214 -0.0336905 -0.0308775
v 0.042385 -0.0396025 -0.0308255
v 0.043019 -0.0372005 -0.0307585
v 0.043223 -0.0308735 -0.0306495
v 0.047338 -0.0428375 -0.0313875
v 0.042858 -0.0440775 -0.0308785
v 0.042875 -0.0478995 -0.0308685
v 0.03942 -0.0544245 -0.0307565
v 0.039613 -0.0593475 -0.0301625
v 0.048928 -0.0513705 -0.0448885
v 0.059564 -0.0424435 -0.0448635
v 0.042427 -0.0584985 -0.0447145
v 0.049892 -0.0584775 -0.0446345
v 0.048768 -0.0614525 -0.0440635
v 0.043244 -0.0634485 -0.0433975
v 0.049774 -0.0642915 -0.0428785
v 0.057028 -0.0572065 -0.0447995
v 0.061895 -0.0490585 -0.0447455
v 0.06806 -0.0463405 -0.0447735
v 0.064608 -0.0517395 -0.0447635
v 0.06237 -0.0521005 -0.0447645
v 0.067845 -0.0534135 -0.0446605
v 0.062457 -0.0539885 -0.0448245
v 0.055433 -0.0598525 -0.0445085
v 0.059165 -0.0629695 -0.0435185
v 0.057054 -0.0602285 -0.0443755
v 0.06188 -0.0649665 -0.0423735
v 0.053093 -0.0659795 -0.0415725
v 0.063649 -0.0531685 -0.0452615
v 0.0639 -0.0544295 -0.0448345
v 0.065326 -0.0560105 -0.0447845
v 0.064863 -0.0530445 -0.0448235
v 0.064712 -0.0599325 -0.0444455
v 0.069793 -0.0568995 -0.0443105
v 0.06865 -0.0591455 -0.0441265
v 0.065934 -0.0611095 -0.0440205
v 0.065394 -0.0635565 -0.0430915
v 0.067708 -0.0637885 -0.0425635
v 0.066129 -0.0652635 -0.0417735
v 0.061005 -0.0671135 -0.0393035
v 0.061747 -0.0664715 -0.0408785
v 0.065122 -0.0664075 -0.0404225
v 0.067625 -0.0655015 -0.0410955
v 0.0657 -0.0668445 -0.0387535
v 0.042252 -0.0663445 -0.0412645
v 0.043922 -0.0672165 -0.0387135
v 0.036851 -0.0671045 -0.0374145
v 0.048699 -0.0657905 -0.0417035
v 0.040884 -0.0672185 -0.0372565
v 0.040807 -0.0671885 -0.0359705
v 0.04494 -0.0671245 -0.0331985
v 0.041177 -0.0655545 -0.0315755
v 0.044518 -0.0656355 -0.0317415
v 0.039959 -0.0644675 -0.0305295
v 0.04645 -0.0672355 -0.0365175
v 0.050938 -0.0668935 -0.0401305
v 0.050733 -0.0671865 -0.0387655
v 0.055552 -0.0670315 -0.0367075
v 0.057449 -0.0671685 -0.0389635
v 0.058118 -0.0671445 -0.0356705
v 0.068774 -0.0617015 -0.0433695
v 0.071254 -0.0605925 -0.0431115
v 0.048264 -0.0474015 -0.0316915
v 0.044404 -0.0543945 -0.0302325
v 0.042447 -0.0548755 -0.0308535
v 0.042974 -0.0536295 -0.0308965
v 0.040992 -0.0562795 -0.0302375
v 0.040868 -0.0575105 -0.0300565
v 0.044136 -0.0562675 -0.0301045
v 0.045882 -0.0550775 -0.0301325
v 0.045894 -0.0610525 -0.0301705
v 0.056344 -0.0535165 -0.0319225
v 0.053465 -0.0527665 -0.0318185
v 0.058056 -0.0536875 -0.0318425
v 0.048373 -0.0575575 -0.0317015
v 0.051056 -0.0550585 -0.0317815
v 0.047459 -0.0613045 -0.0313585
v 0.051558 -0.0575075 -0.0318125
v 0.052625 -0.0551695 -0.0314215
v 0.055216 -0.0544345 -0.0314635
v 0.05472 -0.0570465 -0.0314525
v 0.052925 -0.0570505 -0.0314925
v 0.054792 -0.0591215 -0.0317875
v 0.05024 -0.0651555 -0.0316945
v 0.070643 -0.0445635 -0.0443155
v 0.072917 -0.0433965 -0.0434715
v 0.0747 -0.0401925 -0.0424945
v 0.074866 -0.0414505 -0.0426195
v 0.070814 -0.0501405 -0.0441985
v 0.071733 -0.0509285 -0.0437615
v 0.072929 -0.0481295 -0.0435285
v 0.071738 -0.0524025 -0.0440395
v 0.074301 -0.0465545 -0.0428845
v 0.077081 -0.0409605 -0.0402035
v 0.077321 -0.0404005 -0.0371495
v 0.057642 -0.0568135 -0.0318945
v 0.059532 -0.0651035 -0.0317135
v 0.061781 -0.0633445 -0.0317425
v 0.063296 -0.0671335 -0.0383765
v 0.064461 -0.0669535 -0.0368785
v 0.067237 -0.0665175 -0.0382245
v 0.06595 -0.0665925 -0.0331685
v 0.068775 -0.0659105 -0.0336065
v 0.06834 -0.0654775 -0.0324475
v 0.061787 -0.0557445 -0.0320225
v 0.068289 -0.0538445 -0.0319365
v 0.069357 -0.0636245 -0.0317615
v 0.067212 -0.0558035 -0.0320505
v 0.070007 -0.0574795 -0.0318615
v 0.075546 -0.0540365 -0.0318365
v 0.064028 -0.0649565 -0.0317395
v 0.072048 -0.0617345 -0.0317695
v 0.065263 -0.0659265 -0.0321005
v 0.077097 -0.0451535 -0.0327765
v 0.04147 -0.0617685 -0.0302145
v 0.040155 -0.0636535 -0.0302555
v 0.043669 -0.0635575 -0.0300875
v 0.041616 -0.0648215 -0.0305525
v 0.041578 -0.0639125 -0.0300365
v 0.043868 -0.0644905 -0.0304125
v 0.044917 -0.0636405 -0.0302165
v 0.046695 -0.0612055 -0.0304465
v 0.046328 -0.0626395 -0.0305015
v 0.048236 -0.0626955 -0.0316645
v 0.046726 -0.0634275 -0.0313905
v 0.046 -0.0648555 -0.0315725
v 0.045643 -0.0641575 -0.0309585
v 0.051706 -0.0665015 -0.0322405
v 0.053328 -0.0670595 -0.0336445
v 0.0527 -0.0655075 -0.0318085
v 0.054261 -0.0667395 -0.0328495
v 0.054424 -0.0657445 -0.0320915
v 0.055941 -0.0666995 -0.0324385
v 0.056656 -0.0670805 -0.0333795
v 0.059753 -0.0669825 -0.0330845
v 0.054484 -0.0645505 -0.0316875
v 0.056127 -0.0660315 -0.0319555
v 0.059552 -0.0664235 -0.0322735
v 0.061116 -0.0668925 -0.0333925
v 0.063082 -0.0669725 -0.0334275
v 0.066172 -0.0667195 -0.0351065
v 0.061366 -0.0666245 -0.0327575
v 0.06158 -0.0652615 -0.0318715
v 0.063208 -0.0664335 -0.0323535
v 0.06321 -0.0659365 -0.0319835
v 0.076199 -0.0463915 -0.0415725
v 0.076199 -0.0463915 -0.0415725
v 0.077221 -0.0474765 -0.0401415
v 0.074974 -0.0498675 -0.0425325
v 0.074974 -0.0498675 -0.0425325
v 0.074424 -0.0522165 -0.0427505
v 0.074424 -0.0522165 -0.0427505
v 0.074702 -0.0529085 -0.0427695
v 0.074702 -0.0529085 -0.0427695
v 0.073283 -0.0560625 -0.0432815
v 0.075504 -0.0549625 -0.0420725
v 0.075504 -0.0549625 -0.0420725
v 0.077032 -0.0494765 -0.0405175
v 0.076343 -0.0520535 -0.0413445
v 0.077283 -0.0515885 -0.0397175
v 0.076901 -0.0528985 -0.0409155
v 0.076921 -0.0561855 -0.0394615
v 0.077368 -0.0530725 -0.0397395
v 0.077479 -0.0531565 -0.0388865
v 0.077405 -0.0433765 -0.0389535
v 0.077486 -0.0484665 -0.0383495
v 0.077399 -0.0522995 -0.0333695
v 0.074015 -0.0586655 -0.0423035
v 0.074015 -0.0586655 -0.0423035
v 0.075904 -0.0569665 -0.0411915
v 0.072789 -0.0624565 -0.0412525
v 0.072789 -0.0624565 -0.0412525
v 0.074889 -0.0592885 -0.0412895
v 0.073939 -0.0622175 -0.0400935
v 0.075995 -0.0586845 -0.0399005
v 0.076787 -0.0573655 -0.0382265
v 0.075572 -0.0602755 -0.0383135
v 0.076175 -0.0584045 -0.0361115
v 0.073015 -0.0635445 -0.0379425
v 0.073015 -0.0635445 -0.0379425
v 0.075292 -0.0599795 -0.0370925
v 0.07093 -0.0623995 -0.0422945
v 0.069731 -0.0642645 -0.0414505
v 0.072217 -0.0634745 -0.0407885
v 0.072217 -0.0634745 -0.0407885
v 0.069632 -0.0654465 -0.0396275
v 0.072672 -0.0637905 -0.0393875
v 0.072672 -0.0637905 -0.0393875
v 0.070478 -0.0652655 -0.0382635
v 0.068135 -0.0659925 -0.0397475
v 0.068966 -0.0659525 -0.0375245
v 0.073756 -0.0628095 -0.0388015
v 0.070667 -0.0632465 -0.0354235
v 0.070441 -0.0649255 -0.0371055
v 0.071871 -0.0620015 -0.0350675
v 0.071871 -0.0620015 -0.0350675
v 0.070567 -0.0631185 -0.0348455
v 0.072139 -0.0621925 -0.0345235
v 0.072139 -0.0621925 -0.0345235
v 0.073133 -0.0604295 -0.0351695
v 0.069812 -0.0647765 -0.0358315
v 0.069051 -0.0657975 -0.0350285
v 0.069458 -0.0655295 -0.0364315
v 0.069664 -0.0652785 -0.0345885
v 0.070875 -0.0644455 -0.0338615
v 0.070745 -0.0648105 -0.0332905
v 0.069341 -0.0656775 -0.0340515
v 0.07722 -0.0554295 -0.0374135
v 0.076776 -0.0566235 -0.0357065
v 0.077143 -0.0547045 -0.0335675
v 0.076738 -0.0568485 -0.0332725
v 0.075252 -0.0594305 -0.0362015
v 0.073944 -0.0597995 -0.0349495
v 0.07551 -0.0591875 -0.0351485
v 0.073497 -0.0602245 -0.0346595
v 0.074867 -0.0600735 -0.0342435
v 0.076015 -0.0588225 -0.0343475
v 0.076118 -0.0584545 -0.0331015
v 0.075256 -0.0599395 -0.0340045
v 0.074805 -0.0610275 -0.0331935
v 0.074814 -0.0598025 -0.0321825
v 0.077026 -0.0531665 -0.0325555
v 0.076318 -0.0565685 -0.0324035
v 0.074775 -0.0575055 -0.0318165
v 0.074015 -0.0611235 -0.0341475
v 0.072924 -0.0627625 -0.0341325
v 0.072924 -0.0627625 -0.0341325
v 0.073962 -0.0623195 -0.0335215
v 0.072828 -0.0637485 -0.0334325
v 0.072729 -0.0631635 -0.0323535
v 0.073776 -0.0621275 -0.0326255
v 0.071443 -0.0640045 -0.0323715
v -0.076766 0.0559495 0.0255595
v -0.076527 0.0545715 0.0229605
v -0.077012 0.0512315 0.0193285
v -0.077333 0.0523515 0.0236065
v -0.077333 0.0523515 0.0236065
v -0.077332 0.0495095 0.0190455
v -0.077332 0.0495095 0.0190455
v -0.077218 0.0492815 0.0205125
v -0.077301 0.0524925 0.0251305
v -0.075545 0.0577585 0.0267165
v -0.07451 0.0558805 0.0228725
v -0.073488 0.0585105 0.0263025
v -0.076355 0.0608155 0.0324065
v -0.074675 0.0599065 0.0290615
v -0.076924 0.0593475 0.0315995
v -0.076924 0.0593475 0.0315995
v -0.077264 0.0547585 0.0266615
v -0.077264 0.0547585 0.0266615
v -0.077189 0.0542895 0.0282185
v -0.076863 0.0507255 0.0241205
v -0.076683 0.0537455 0.0290705
v -0.076123 0.0514445 0.0261675
v -0.077309 0.0571035 0.0308205
v -0.077241 0.0574735 0.0329375
v -0.07537 0.0539585 0.0303435
v -0.074211 0.0633235 0.0348845
v -0.075062 0.0611605 0.0314615
v -0.076831 0.0606905 0.0341845
v -0.076831 0.0606905 0.0341845
v -0.072705 0.0618855 0.0312145
v -0.075622 0.0627635 0.0360145
v -0.075515 0.0629225 0.0378975
v -0.075515 0.0629225 0.0378975
v -0.076685 0.0603795 0.0367045
v -0.074081 0.0643045 0.0383825
v -0.073172 0.0647595 0.0379595
v -0.071586 0.0638845 0.0342345
v -0.06838 0.0631175 0.0322675
v -0.07174 0.0646915 0.0361285
v -0.077289 0.0586345 0.0334125
v -0.076785 0.0573285 0.0342585
v -0.076277 0.0564335 0.0337125
v -0.076323 0.0605365 0.0376935
v -0.07597 0.0586725 0.0369435
v -0.073999 0.0593315 0.0386765
v -0.073669 0.0609195 0.0407175
v -0.069911 0.0510355 0.0257835
v -0.073379 0.0647625 0.0400725
v -0.075456 0.0614895 0.0392455
v -0.074712 0.0609635 0.0399075
v -0.074196 0.0632625 0.0404805
v -0.074196 0.0632625 0.0404805
v -0.073994 0.0623655 0.0410635
v -0.072563 0.0632045 0.0422565
v -0.072563 0.0632045 0.0422565
v -0.069572 0.0662385 0.0389495
v -0.067624 0.0657855 0.0369765
v -0.070674 0.0661275 0.0404125
v -0.069821 0.0663195 0.0419615
v -0.071806 0.0650685 0.0421115
v -0.069793 0.0659135 0.0429075
v -0.069666 0.0621895 0.0429285
v -0.071534 0.0623215 0.0426395
v -0.07047 0.0644145 0.0434355
v -0.06753 0.0670525 0.0416245
v -0.066747 0.0670875 0.0424635
v -0.065275 0.0671685 0.0400265
v -0.07014 0.0633125 0.0436205
v -0.031356 0.0575215 0.0226895
v -0.055003 0.0563525 0.0213615
v -0.062917 0.0626105 0.0311525
v -0.05133 0.0636485 0.0325025
v -0.062566 0.0667245 0.0384755
v -0.060693 0.0655385 0.0358915
v -0.061875 0.0675295 0.0408025
v -0.064835 0.0674735 0.0418605
v -0.059535 0.0669775 0.0390315
v -0.053859 0.0672535 0.0395615
v -0.051138 0.0661995 0.0370525
v -0.040302 0.0639745 0.0327405
v -0.042816 0.0664515 0.0373155
v -0.070835 0.0524675 0.0163205
v -0.073323 0.0548195 0.0205765
v -0.070601 0.0562565 0.0220615
v -0.076689 0.0475195 0.0196425
v -0.075076 0.0486795 0.0222255
v -0.065969 0.0559275 0.0208385
v -0.068906 0.0588855 0.0257865
v -0.058721 0.0488275 0.0223155
v -0.065794 0.0555205 0.0325725
v -0.048111 0.0469445 0.0197595
v -0.053797 0.0477125 0.0209955
v -0.066365 0.0579495 0.0360545
v -0.057842 0.0561445 0.0335855
v -0.055012 0.0589275 0.0376055
v -0.064176 0.0594095 0.0384885
v -0.059709 0.0632535 0.0443575
v -0.050267 0.0576445 0.0359895
v -0.042004 0.0490935 0.0224725
v -0.035306 0.0588715 0.0372345
v -0.067047 0.0666355 0.0435905
v -0.068266 0.0659595 0.0437035
v -0.068405 0.0644625 0.0443875
v -0.065781 0.0654925 0.0447935
v -0.065867 0.0644265 0.0449775
v -0.067115 0.0634775 0.0444325
v -0.060495 0.0676915 0.0419055
v -0.063535 0.0673905 0.0431685
v -0.059053 0.0675885 0.0431865
v -0.063129 0.0667975 0.0443355
v -0.057896 0.0675585 0.0407145
v -0.054436 0.0676425 0.0426965
v -0.05423 0.0671965 0.0439305
v -0.05299 0.0662005 0.0447535
v -0.051748 0.0676845 0.0415345
v -0.046788 0.0675345 0.0406105
v -0.044371 0.0676075 0.0431435
v -0.03967 0.0677705 0.0422735
v -0.047567 0.0633555 0.0442115
v -0.046826 0.0614155 0.0413425
v -0.046014 0.0620555 0.0424195
v -0.039895 0.0675805 0.0402175
v -0.044287 0.0612185 0.0422835
v -0.044973 0.0609565 0.0418875
v -0.042258 0.0612255 0.0409265
v -0.04427 0.0621395 0.0428175
v -0.043947 0.0627635 0.0433035
v -0.042492 0.0620965 0.0422285
v -0.027814 0.0651665 0.0344775
v -0.032244 0.0671755 0.0389085
v -0.043955 0.0603565 0.0396595
v -0.044717 0.0593535 0.0380215
v -0.035151 0.0633965 0.0440375
v -0.042532 0.0670105 0.0441335
v -0.036446 0.0653035 0.0450285
v -0.050355 0.0651575 0.0451785
v -0.043193 0.0641845 0.0448745
v -0.03748 0.0675715 0.0404195
v -0.032759 0.0677735 0.0408935
v -0.036074 0.0676545 0.0429865
v -0.029314 0.0670145 0.0440325
v -0.031628 0.0676985 0.0429955
v -0.023852 0.0658015 0.0447875
v -0.063267 0.0651765 0.0452615
v -0.062061 0.0641615 0.0451595
v -0.046016 0.0604515 0.0398105
v -0.005861 0.0473615 0.0064835
v -0.008755 0.0569905 0.0213665
v -0.036838 0.0462915 0.0182305
v -0.007323 0.0486585 0.0211305
v 0.002192 0.0444655 0.0019985
v 0.009633 0.0322435 -0.0041135
v 0.009961 0.0441905 0.0141775
v 0.009927 0.0423615 -0.0015535
v 0.004459 0.0410745 -0.0032295
v 0.010233 0.0464415 0.0047575
v 0.00733 0.0522685 0.0137335
v 0.021406 0.0562745 0.0196395
v 0.027625 0.0476025 0.0061485
v 0.018422 0.0326115 -0.0034875
v 0.01277 0.0491065 0.0213505
v 0.015123 0.0479555 0.0200135
v 0.030604 0.0472475 0.0186095
v 0.026842 0.0396695 0.0070505
v -0.013196 0.0642075 0.0325785
v -0.019379 0.0655355 0.0351625
v -0.017939 0.0655635 0.0350295
v -0.015436 0.0589995 0.0370805
v -0.026661 0.0676435 0.0404225
v -0.024118 0.0665295 0.0372225
v -0.022402 0.0672345 0.0387425
v -0.027145 0.0678165 0.0425095
v -0.026895 0.0674235 0.0435225
v -0.022249 0.0678135 0.0410545
v -0.023709 0.0677535 0.0429495
v -0.022297 0.0634435 0.0439515
v -0.02128 0.0647385 0.0448675
v -0.021226 0.0669165 0.0376115
v -0.019042 0.0657455 0.0361215
v -0.019947 0.0664825 0.0374355
v -0.019443 0.0675945 0.0397375
v -0.018239 0.0657705 0.0381355
v -0.017696 0.0654205 0.0371035
v -0.015636 0.0658085 0.0356165
v -0.019965 0.0679775 0.0403825
v -0.017205 0.0658395 0.0383695
v -0.016239 0.0657055 0.0376585
v -0.015888 0.0664745 0.0386365
v -0.017417 0.0679235 0.0408475
v -0.016263 0.0677025 0.0402445
v -0.014684 0.0672805 0.0388255
v -0.00758 0.0677515 0.0396495
v -0.009006 0.0660775 0.0357875
v -0.011797 0.0676665 0.0394395
v 0.000756 0.0649325 0.0334225
v -0.003539 0.0671965 0.0379175
v -0.014653 0.0663635 0.0365945
v -0.013715 0.0670925 0.0379305
v -0.015011 0.0680055 0.0405145
v -0.011759 0.0634265 0.0437325
v -0.00328 0.0585135 0.0361665
v -0.005264 0.0613425 0.0405245
v -0.01613 0.0680905 0.0416955
v -0.016664 0.0677555 0.0429575
v -0.003551 0.0671575 0.0437805
v -0.014571 0.0642295 0.0445335
v -0.01199 0.0679635 0.0411345
v -0.007112 0.0679855 0.0419875
v -0.004974 0.0680045 0.0405805
v 0.001395 0.0679885 0.0402895
v 0.005727 0.0675175 0.0384945
v 0.002861 0.0680535 0.0418895
v 0.008716 0.0678515 0.0428495
v -0.010627 0.0678695 0.0425965
v -0.000541 0.0656355 0.0446605
v -0.007146 0.0645565 0.0446045
v -0.001008 0.0648495 0.0446715
v -0.003204 0.0624405 0.0420755
v -0.002316 0.0608475 0.0394695
v -0.001848 0.0618125 0.0403075
v -0.001988 0.0623695 0.0414055
v -0.001226 0.0612005 0.0393555
v -8.2e-05 0.0605415 0.0387095
v -0.000123 0.0627005 0.0395315
v -0.000376 0.0598035 0.0380085
v -0.001013 0.0636065 0.0437625
v -0.000837 0.0631985 0.0427555
v -1.3e-05 0.0630355 0.0410685
v -0.000653 0.0629515 0.0409435
v 0.000635 0.0629385 0.0407565
v 0.003262 0.0637955 0.0439185
v 0.001352 0.0630905 0.0427105
v 0.011888 0.0645335 0.0324955
v 0.001594 0.0599345 0.0382245
v 0.017213 0.0588175 0.0361595
v 0.025555 0.0644705 0.0320785
v 0.025483 0.0491165 0.0211015
v 0.007557 0.0680105 0.0402655
v 0.011408 0.0674455 0.0380755
v 0.011712 0.0663995 0.0360125
v 0.012178 0.0680465 0.0401885
v 0.01507 0.0663115 0.0357255
v 0.013913 0.0672185 0.0372085
v 0.016245 0.0659325 0.0352285
v 0.017728 0.0658485 0.0346905
v 0.014975 0.0666605 0.0368655
v 0.015301 0.0674575 0.0384755
v 0.016903 0.0655725 0.0368645
v 0.016619 0.0662085 0.0379725
v 0.024605 0.0649415 0.0443085
v 0.012541 0.0681415 0.0416485
v 0.021891 0.0637905 0.0434895
v 0.03419 0.0659375 0.0442715
v 0.018802 0.0683965 0.0410185
v 0.018023 0.0680475 0.0400585
v 0.015629 0.0683065 0.0402905
v 0.019305 0.0676615 0.0391195
v 0.018163 0.0664295 0.0384725
v 0.01996 0.0682755 0.0398435
v 0.023586 0.0681975 0.0417865
v 0.016914 0.0678835 0.0398425
v 0.018584 0.0659315 0.0373085
v 0.03099 0.0672105 0.0435965
v 0.000666 0.0626135 0.0395235
v 0.001121 0.0609555 0.0391095
v 0.001802 0.0615075 0.0397365
v 0.002856 0.0606645 0.0392535
v 0.0021 0.0619905 0.0404715
v 0.001743 0.0626605 0.0416575
v 0.003566 0.0619435 0.0412435
v 0.019068 0.0659415 0.0350615
v 0.01999 0.0662365 0.0354895
v 0.022403 0.0661825 0.0352925
v 0.021267 0.0672215 0.0370795
v 0.020656 0.0672695 0.0375085
v 0.023876 0.0677315 0.0385395
v 0.029678 0.0666935 0.0361255
v 0.024205 0.0680605 0.0400045
v 0.02587 0.0682225 0.0404875
v 0.028709 0.0678775 0.0389455
v 0.035505 0.0682715 0.0415395
v 0.036012 0.0678125 0.0385295
v 0.030692 0.0682035 0.0407325
v 0.039412 0.0660455 0.0346555
v 0.037621 0.0577555 0.0341195
v 0.039807 0.0680055 0.0426315
v 0.037991 0.0681885 0.0399645
v 0.048889 0.0633485 0.0300585
v 0.059435 0.0640825 0.0311395
v 0.056706 0.0571855 0.0204445
v 0.051773 0.0661215 0.0346845
v 0.067631 0.0560025 0.0185185
v 0.071979 0.0532495 0.0151135
v 0.068302 0.0505565 0.0102905
v 0.071877 0.0581835 0.0226255
v 0.069781 0.0604475 0.0259775
v 0.066819 0.0621405 0.0279485
v 0.070245 0.0644955 0.0321195
v 0.073501 0.0606165 0.0267925
v 0.074543 0.0573865 0.0224785
v 0.073836 0.0486535 0.0089445
v 0.076092 0.0505095 0.0132555
v 0.076135 0.0590705 0.0262145
v 0.077374 0.0549655 0.0224555
v 0.077346 0.0525115 0.0189655
v 0.07676 0.0534605 0.0186175
v 0.076978 0.0563125 0.0233995
v 0.077657 0.0529535 0.0216155
v 0.077657 0.0529535 0.0216155
v 0.076875 0.0598385 0.0284495
v 0.077396 0.0594745 0.0292535
v 0.077546 0.0551875 0.0244675
v 0.077546 0.0551875 0.0244675
v 0.0776 0.0519995 0.0214865
v 0.077357 0.0543145 0.0256135
v 0.077745 0.0575155 0.0285325
v 0.077745 0.0575155 0.0285325
v 0.077603 0.0555535 0.0269215
v 0.076824 0.0494535 0.0196145
v 0.076977 0.0559055 0.0293305
v 0.077045 0.0486585 0.0122575
v 0.07754 0.0483895 0.0145645
v 0.07754 0.0483895 0.0145645
v 0.030138 0.0446905 0.0016185
v 0.033615 0.0380955 -0.0085005
v 0.026571 0.0352285 -0.0128235
v 0.028993 0.0362615 -0.0110765
v 0.045728 0.0276165 -0.0120945
v 0.04733 0.0333065 -0.0031975
v 0.034814 0.0412865 -0.0036245
v 0.039483 0.0540065 0.0157685
v 0.047084 0.0457675 0.0030045
v 0.046943 0.0402815 0.0074885
v 0.057908 0.0388355 -0.0075485
v 0.058047 0.0321355 -0.0175975
v 0.05246 0.0232575 -0.0190765
v 0.053755 0.0320695 -0.0056435
v 0.058678 0.0254935 -0.0156035
v 0.061126 0.0270895 -0.0252925
v 0.062487 0.0260945 -0.0263145
v 0.066299 0.0270995 -0.0252785
v 0.065144 0.0311655 -0.0190895
v 0.063521 0.0256385 -0.0261645
v 0.064143 0.0244385 -0.0259315
v 0.064313 0.0240985 -0.0271555
v 0.065726 0.0239575 -0.0266505
v 0.06365 0.0266715 -0.0255945
v 0.06389 0.0259305 -0.0258195
v 0.064851 0.0260935 -0.0257105
v 0.064899 0.0240365 -0.0252525
v 0.068222 0.0264825 -0.0256525
v 0.067597 0.0248395 -0.0255635
v 0.065871 0.0244125 -0.0251905
v 0.065073 0.0237595 -0.0253855
v 0.066244 0.0236775 -0.0260065
v 0.06931 0.0240615 -0.0266885
v 0.067607 0.0242335 -0.0256995
v 0.068976 0.0242425 -0.0260425
v 0.069858 0.0250155 -0.0256735
v 0.072037 0.0241945 -0.0276985
v 0.071423 0.0242675 -0.0264935
v 0.07139 0.0250025 -0.0256395
v 0.069491 0.0273715 -0.0246465
v 0.071972 0.0268845 -0.0249125
v 0.072125 0.0261495 -0.0253935
v 0.073479 0.0267855 -0.0246005
v 0.064557 0.0361125 -0.0118085
v 0.069185 0.0333175 -0.0156635
v 0.075933 0.0246995 -0.0177195
v 0.070371 0.0220045 -0.0214675
v 0.072953 0.0219265 -0.0217995
v 0.069961 0.0257095 -0.0157185
v 0.072859 0.0345545 -0.0130105
v 0.075666 0.0273755 -0.0134995
v 0.059336 0.0207915 -0.0229485
v 0.058961 0.0218935 -0.0214095
v 0.062324 0.0199235 -0.0234405
v 0.062031 0.0171795 -0.0237285
v 0.062028 0.0204305 -0.0232155
v 0.062593 0.0213725 -0.0223135
v 0.064773 0.0211545 -0.0233185
v 0.064705 0.0204565 -0.0235275
v 0.063693 0.0182135 -0.0234855
v 0.067656 0.0207755 -0.0235785
v 0.065309 0.0189545 -0.0233205
v 0.06389 0.0161135 -0.0244035
v 0.068518 0.0192585 -0.0234425
v 0.065955 0.0155125 -0.0248835
v 0.065163 0.0164355 -0.0241475
v 0.06673 0.0180165 -0.0234215
v 0.069821 0.0167315 -0.0241335
v 0.065278 0.0217315 -0.0219295
v 0.066894 0.0213155 -0.0232025
v 0.066581 0.0232155 -0.0198055
v 0.07147 0.0214765 -0.0234825
v 0.070584 0.0203025 -0.0239025
v 0.066497 0.0305375 -0.0082545
v 0.062749 0.0441835 0.0003935
v 0.059034 0.0486195 0.0071465
v 0.057801 0.0405405 0.0076825
v 0.058061 0.0325385 -0.0046895
v 0.061385 0.0370885 0.0020985
v 0.067916 0.0404715 -0.0050775
v 0.070423 0.0320745 -0.0059105
v 0.075797 0.0325835 -0.0142305
v 0.075768 0.0302695 -0.0179195
v 0.076376 0.0320245 -0.0143975
v 0.076793 0.0333515 -0.0120495
v 0.077313 0.0300135 -0.0141445
v 0.077313 0.0300135 -0.0141445
v 0.076134 0.0344735 -0.0113445
v 0.075998 0.0360735 -0.0088965
v 0.076506 0.0352995 -0.0094025
v 0.077624 0.0323365 -0.0100685
v 0.077624 0.0323365 -0.0100685
v 0.077691 0.0329915 -0.0092405
v 0.077691 0.0329915 -0.0092405
v 0.073615 0.0294635 -0.0101845
v 0.075992 0.0293075 -0.0105055
v 0.073362 0.0309365 -0.0079605
v 0.077244 0.0313845 -0.0121065
v 0.077244 0.0313845 -0.0121065
v 0.0755 0.0306525 -0.0077315
v 0.07774 0.0322155 -0.0087135
v 0.07702 0.0301525 -0.0112085
v 0.076507 0.0309235 -0.0079275
v 0.076718 0.0296785 -0.0109545
v 0.073098 0.0394675 -0.0055205
v 0.071927 0.0454555 0.0033035
v 0.068575 0.0361955 0.0003975
v 0.071133 0.0361025 -0.0002935
v 0.069797 0.0373135 0.0021655
v 0.07645 0.0378395 -0.0056585
v 0.076857 0.0357265 -0.0073485
v 0.076857 0.0357265 -0.0073485
v 0.076945 0.0371405 -0.0048795
v 0.076945 0.0371405 -0.0048795
v 0.076701 0.0356325 -0.0062315
v 0.076755 0.0349115 -0.0064965
v 0.0774 0.0341195 -0.0072285
v 0.077219 0.0336255 -0.0065865
v 0.075706 0.0349905 -0.0054955
v 0.076709 0.0365735 -0.0042075
v 0.074566 0.0402345 -0.0035365
v 0.075284 0.0365735 -0.0021815
v 0.076573 0.0397915 -0.0023305
v 0.075831 0.0442605 0.0035375
v 0.076895 0.0393105 -0.0003795
v 0.074138 0.0322495 -0.0062025
v 0.073722 0.0329965 -0.0052245
v 0.073358 0.0339415 -0.0035475
v 0.075384 0.0337905 -0.0058075
v 0.074713 0.0329645 -0.0057995
v 0.075723 0.0323185 -0.0060155
v 0.076337 0.0323385 -0.0062235
v 0.077127 0.0312935 -0.0083085
v 0.076935 0.0325235 -0.0066445
v 0.076464 0.0330175 -0.0060365
v 0.074179 0.0359665 -0.0008595
v 0.073931 0.0342755 -0.0036085
v 0.073427 0.0362935 0.0002365
v 0.04021 0.0484675 0.0199535
v 0.04525 0.0470345 0.0180145
v 0.054341 0.0451435 0.0143205
v 0.053951 0.0482705 0.0192485
v 0.052542 0.0469985 0.0176005
v 0.056269 0.0465665 0.0174825
v 0.057057 0.0479755 0.0190185
v 0.059059 0.0469815 0.0173185
v 0.038315 0.0629385 0.0294695
v 0.040245 0.0598345 0.0371375
v 0.047132 0.0587305 0.0356655
v 0.047636 0.0601545 0.0373675
v 0.055798 0.0598125 0.0367655
v 0.051042 0.0535015 0.0274615
v 0.060823 0.0553005 0.0298955
v 0.054402 0.0533275 0.0268905
v 0.057418 0.0453145 0.0149415
v 0.062557 0.0398645 0.0062715
v 0.06829 0.0395295 0.0055365
v 0.064848 0.0406305 0.0070675
v 0.064047 0.0430385 0.0108845
v 0.065234 0.0426345 0.0103385
v 0.066368 0.0410115 0.0077945
v 0.066693 0.0419195 0.0090315
v 0.069469 0.0412065 0.0078605
v 0.067557 0.0454015 0.0145875
v 0.068957 0.0433195 0.0111395
v 0.06821 0.0425375 0.0101295
v 0.066311 0.0437905 0.0118725
v 0.071906 0.0437455 0.0119285
v 0.074229 0.0380385 0.0023315
v 0.074846 0.0379455 0.0007285
v 0.075812 0.0392925 0.0017365
v 0.074651 0.0385675 0.0033075
v 0.073563 0.0378175 0.0026225
v 0.074855 0.0395835 0.0054215
v 0.076299 0.0393765 0.0047165
v 0.076689 0.0392195 0.0036045
v 0.071597 0.0417255 0.0088275
v 0.076511 0.0432785 0.0029295
v 0.077057 0.0409875 0.0012015
v 0.077057 0.0409875 0.0012015
v 0.076843 0.0403355 0.0017775
v 0.07608 0.0395965 0.0022215
v 0.077169 0.0438905 0.0056555
v 0.077169 0.0438905 0.0056555
v 0.077395 0.0414065 0.0029655
v 0.07762 0.0419805 0.0054905
v 0.07714 0.0404465 0.0024185
v 0.076892 0.0393645 0.0029625
v 0.077361 0.0399795 0.0033025
v 0.077572 0.0415395 0.0056385
v 0.076948 0.0398935 0.0046715
v 0.076072 0.0446395 0.0128945
v 0.077494 0.0438105 0.0077285
v 0.076631 0.0468115 0.0085955
v 0.077406 0.0425165 0.0070965
v 0.076865 0.0425045 0.0088515
v 0.077494 0.0440825 0.0093995
v 0.077551 0.0454915 0.0097705
v 0.077551 0.0454915 0.0097705
v 0.077469 0.0468855 0.0138615
v 0.075695 0.0501945 0.0216305
v 0.070428 0.0533125 0.0265695
v 0.076338 0.0544295 0.0278855
v 0.075927 0.0555685 0.0297605
v 0.074222 0.0240975 -0.0283525
v 0.076057 0.0233455 -0.0311655
v 0.076057 0.0233455 -0.0311655
v 0.076619 0.0226225 -0.0296565
v 0.077076 0.0215775 -0.0270365
v 0.075563 0.0237035 -0.0275255
v 0.075563 0.0237035 -0.0275255
v 0.076611 0.0228785 -0.0270145
v 0.073954 0.0245265 -0.0252225
v 0.075011 0.0254305 -0.0250365
v 0.07316 0.0241685 -0.0261295
v 0.074338 0.0238885 -0.0253195
v 0.075789 0.0230955 -0.0244235
v 0.07604 0.0259665 -0.0242025
v 0.074589 0.0217225 -0.0234325
v 0.074186 0.0214205 -0.0238735
v 0.072721 0.0209705 -0.0238935
v 0.075785 0.0220415 -0.0225135
v 0.076418 0.0243735 -0.0242735
v 0.07565 0.0226245 -0.0246095
v 0.07565 0.0226245 -0.0246095
v 0.076656 0.0218725 -0.0256325
v 0.076915 0.0201875 -0.0255415
v 0.077247 0.0199305 -0.0263875
v 0.076538 0.0181335 -0.0246855
v 0.075773 0.0221855 -0.0244655
v 0.076174 0.0212755 -0.0249075
v 0.07698 0.0235915 -0.0236215
v 0.075669 0.0220855 -0.0238745
v 0.075669 0.0220855 -0.0238745
v 0.076801 0.0226185 -0.0231065
v 0.076801 0.0226185 -0.0231065
v 0.075324 0.0210885 -0.0243155
v 0.075334 0.0216545 -0.0242345
v 0.074936 0.0192835 -0.0238865
v 0.076223 0.0193345 -0.0244225
v 0.077226 0.0173565 -0.0264325
v 0.076802 0.0279325 -0.0196505
v 0.076671 0.0263265 -0.0226755
v 0.076409 0.0294675 -0.0183535
v 0.077182 0.0261165 -0.0203005
v 0.075743 0.0224265 -0.0213355
v 0.076683 0.0236375 -0.0202125
v 0.076839 0.0251245 -0.0235785
v 0.077283 0.0241395 -0.0224165
v 0.077234 0.0239745 -0.0213395
v 0.077234 0.0239745 -0.0213395
v 0.076598 0.0224955 -0.0223945
v 0.077298 0.0263925 -0.0188095
v 0.077298 0.0263925 -0.0188095
v 0.077355 0.0277535 -0.0155295
v 0.076754 0.0265285 -0.0157065
v 0.077203 0.0259645 -0.0180565
v 0.069408 0.0144855 -0.0266155
v 0.070748 0.0150985 -0.0256095
v 0.075135 0.0162705 -0.0248575
v 0.075268 0.0143985 -0.0277465
v 0.075625 0.0150775 -0.0261945
v 0.07087 0.0184845 -0.0236975
v 0.071869 0.0185945 -0.0236095
v 0.075208 0.0174605 -0.0241875
v 0.076678 0.0169025 -0.0253635
v 0.076348 0.0157615 -0.0259485
v 0.076451 0.0148925 -0.0277635
v 0.076911 0.0305115 -0.0153775
v 0.077339 0.0284735 -0.0144665
v 0.077409 0.0293885 -0.0132685
v 0.045774 0.0679215 0.0386845
v 0.04772 0.0681075 0.0392255
v 0.051817 0.0678215 0.0383815
v 0.042271 0.0683255 0.0414215
v 0.049147 0.0683305 0.0412265
v 0.055035 0.0681935 0.0395825
v 0.053616 0.0682285 0.0418195
v 0.051729 0.0675995 0.0431985
v 0.058971 0.0679845 0.0385365
v 0.063637 0.0674535 0.0371855
v 0.064979 0.0657375 0.0337705
v 0.069004 0.0667205 0.0362075
v 0.056459 0.0680645 0.0424835
v 0.057396 0.0683695 0.0411805
v 0.063418 0.0674535 0.0432625
v 0.055537 0.0661615 0.0440615
v 0.061208 0.0682905 0.0419995
v 0.059153 0.0660055 0.0441135
v 0.064215 0.0683165 0.0398045
v 0.064495 0.0683355 0.0411495
v 0.06479 0.0680405 0.0423945
v 0.064233 0.0662905 0.0439365
v 0.067613 0.0679695 0.0408815
v 0.068197 0.0675495 0.0382145
v 0.070235 0.0668425 0.0370105
v 0.063636 0.0651095 0.0439465
v 0.065953 0.0671665 0.0431305
v 0.06747 0.0638325 0.0426885
v 0.066865 0.0650385 0.0435965
v 0.063997 0.0638635 0.0428495
v 0.067834 0.0660675 0.0432195
v 0.068261 0.0673695 0.0421455
v 0.069886 0.0673225 0.0410885
v 0.070659 0.0672745 0.0397125
v 0.070297 0.0665075 0.0418305
v 0.070297 0.0665075 0.0418305
v 0.069673 0.0656735 0.0427285
v 0.070235 0.0641845 0.0423765
v 0.07339 0.0631635 0.0308315
v 0.073281 0.0644825 0.0332005
v 0.07557 0.0624825 0.0311085
v 0.072414 0.0656535 0.0351375
v 0.074934 0.0645945 0.0349615
v 0.07777 0.0592695 0.0322925
v 0.07777 0.0592695 0.0322925
v 0.07713 0.0618405 0.0325075
v 0.077462 0.0609605 0.0353745
v 0.077462 0.0609605 0.0353745
v 0.071967 0.0582845 0.0341325
v 0.076137 0.0584705 0.0341425
v 0.077015 0.0593615 0.0343025
v 0.072279 0.0663745 0.0375355
v 0.072047 0.0667125 0.0396205
v 0.072466 0.0622565 0.0400485
v 0.074435 0.0652265 0.0374075
v 0.075826 0.0639555 0.0369405
v 0.07655 0.0630055 0.0347675
v 0.074596 0.0648815 0.0386795
v 0.075754 0.0632475 0.0383335
v 0.075754 0.0632475 0.0383335
v 0.074896 0.0604835 0.0372465
v 0.073748 0.0625935 0.0399365
v 0.076348 0.0610975 0.0371175
v 0.076417 0.0619685 0.0375965
v 0.072252 0.0658315 0.0410605
v 0.072252 0.0658315 0.0410605
v 0.073373 0.0654025 0.0403685
v 0.073373 0.0654025 0.0403685
v 0.073548 0.0641275 0.0405505
v 0.071856 0.0648305 0.0417105
v 0.071865 0.0635165 0.0414335
v 0.077019 0.0617745 0.0362665
v 0.077019 0.0617745 0.0362665
v 0.041229 0.0640085 0.0433305
v 0.042596 0.0619715 0.0403565
v 0.043891 0.0628925 0.0419045
v 0.051043 0.0650765 0.0440565
v 0.044029 0.0610125 0.0389255
v 0.045859 0.0611105 0.0391905
v 0.044656 0.0613945 0.0406615
v 0.045144 0.0616655 0.0413585
v 0.047271 0.0620475 0.0403875
v 0.046179 0.0626785 0.0416585
v 0.044844 0.0626535 0.0418905
v 0.045949 0.0633835 0.0424325
v 0.052079 0.0639775 0.0431835
v 0.066425 0.0590345 0.0351065
vt 0.39401000 0.98786800
vt 0.43342000 0.03693500
vt 0.40349700 0.98457300
vt 0.40715900 0.98694200
vt 0.44639700 0.03714100
vt 0.43904800 0.03974500
vt 0.44724700 0.04076700
vt 0.44932900 0.04534100
vt 0.44026600 0.04986800
vt 0.44788200 0.04841000
vt 0.43685900 0.04408100
vt 0.43404900 0.05405500
vt 0.44674400 0.05351700
vt 0.41823200 0.98646200
vt 0.41526100 0.98235600
vt 0.41990800 0.97737900
vt 0.42076700 0.97103100
vt 0.42158200 0.97317200
vt 0.41913100 0.97325300
vt 0.42343400 0.97794800
vt 0.45230100 0.03908200
vt 0.41392000 0.98694100
vt 0.41151700 0.98375600
vt 0.41235400 0.97777500
vt 0.40421200 0.98118300
vt 0.40694000 0.97362600
vt 0.41635100 0.97541600
vt 0.41494800 0.97282700
vt 0.41720900 0.97244200
vt 0.41828600 0.97069400
vt 0.41524200 0.97117700
vt 0.40715300 0.97056200
vt 0.41469500 0.96725800
vt 0.41796300 0.96736900
vt 0.40924900 0.96706000
vt 0.41229700 0.96578000
vt 0.42639300 0.98574500
vt 0.45567600 0.04652600
vt 0.42256700 0.98873300
vt 0.42281300 0.98372700
vt 0.45375300 0.04328300
vt 0.41854100 0.98897300
vt 0.42629000 0.98342300
vt 0.45208600 0.04914000
vt 0.42540500 0.97260800
vt 0.43258200 0.98028400
vt 0.43058000 0.97286600
vt 0.43490400 0.97837200
vt 0.42189200 0.96803800
vt 0.42414800 0.96954700
vt 0.42293900 0.96689900
vt 0.41836300 0.96607800
vt 0.42347000 0.96601400
vt 0.42008000 0.96232300
vt 0.42308700 0.96226000
vt 0.42025000 0.95820800
vt 0.42574800 0.96183800
vt 0.41339500 0.96291600
vt 0.41136900 0.96150800
vt 0.41457600 0.95921600
vt 0.41371100 0.94750600
vt 0.41982200 0.94252700
vt 0.42577800 0.95826100
vt 0.42409800 0.95371800
vt 0.42584800 0.95260500
vt 0.43237800 0.94949400
vt 0.42683700 0.96797300
vt 0.43124200 0.96756400
vt 0.42634600 0.96586400
vt 0.43320800 0.96458000
vt 0.43421700 0.97244600
vt 0.44146500 0.96205400
vt 0.43104800 0.95785700
vt 0.43845900 0.95830400
vt 0.44057000 0.98202700
vt 0.45655600 0.06991400
vt 0.44661700 0.98716300
vt 0.43898900 0.98370500
vt 0.44931600 0.98460200
vt 0.44938100 0.98055800
vt 0.45697400 0.07962500
vt 0.45723200 0.98650900
vt 0.45389200 0.98146500
vt 0.44299200 0.51339100
vt 0.45936600 0.97222800
vt 0.44333800 0.50981700
vt 0.46018700 0.97523600
vt 0.45394700 0.05454800
vt 0.45685800 0.05623800
vt 0.43263200 0.98788200
vt 0.45072600 0.05487600
vt 0.45227500 0.05940100
vt 0.45656600 0.05942800
vt 0.43585100 0.98730200
vt 0.45428300 0.06635200
vt 0.45106700 0.06137200
vt 0.44335300 0.05631600
vt 0.44385300 0.05939200
vt 0.43288100 0.98510300
vt 0.43497800 0.98321100
vt 0.43848100 0.97271800
vt 0.44918200 0.07248100
vt 0.44115100 0.06256600
vt 0.45285100 0.07742900
vt 0.43568200 0.05932000
vt 0.42876800 0.05576900
vt 0.43326500 0.06260500
vt 0.44695100 0.96808600
vt 0.44326400 0.95627800
vt 0.44678000 0.96440200
vt 0.44484400 0.96098300
vt 0.44513100 0.94232000
vt 0.44043800 0.55062200
vt 0.44840700 0.96212400
vt 0.43849400 0.53021000
vt 0.44734200 0.96021600
vt 0.43785500 0.53245200
vt 0.43749000 0.53465200
vt 0.44733400 0.95798700
vt 0.43606200 0.53209600
vt 0.43627500 0.53405800
vt 0.44152400 0.52063000
vt 0.45585900 0.96722800
vt 0.45033400 0.96382100
vt 0.43966700 0.52765400
vt 0.43575500 0.52994800
vt 0.43635400 0.52686200
vt 0.43814900 0.52118100
vt 0.43927800 0.51831700
vt 0.43497900 0.52352300
vt 0.42492500 0.53180000
vt 0.42899600 0.52894700
vt 0.42685400 0.53427500
vt 0.43212900 0.52683600
vt 0.43222700 0.52151400
vt 0.45547600 0.98371300
vt 0.45227400 0.08099700
vt 0.45573400 0.08219900
vt 0.45260200 0.08476000
vt 0.45776500 0.09903900
vt 0.45564600 0.10619500
vt 0.45589100 0.09319100
vt 0.45603900 0.09071100
vt 0.45303300 0.09154800
vt 0.45796900 0.08585600
vt 0.45855800 0.09032700
vt 0.45957000 0.09190700
vt 0.45365700 0.08883900
vt 0.44413300 0.08838400
vt 0.44940900 0.08696200
vt 0.45512600 0.08533500
vt 0.45399000 0.08623000
vt 0.45042200 0.08469400
vt 0.45353500 0.09695500
vt 0.44638500 0.09252100
vt 0.46115400 0.09490500
vt 0.44489700 0.09092600
vt 0.46022800 0.98026100
vt 0.46372900 0.97892900
vt 0.44029300 0.50495200
vt 0.43990200 0.50913200
vt 0.43806400 0.50830800
vt 0.46272400 0.08944300
vt 0.44197200 0.49558100
vt 0.45931200 0.08456600
vt 0.43781800 0.49889000
vt 0.46558300 0.98530700
vt 0.45717200 0.08483600
vt 0.46376100 0.98630300
vt 0.46447600 0.98457000
vt 0.43816900 0.49970100
vt 0.43675500 0.50096300
vt 0.43656800 0.49966400
vt 0.43616400 0.49809300
vt 0.43861400 0.50441500
vt 0.43543300 0.50558500
vt 0.43908500 0.49189400
vt 0.43917400 0.49548600
vt 0.44117100 0.48358600
vt 0.46520200 0.10236300
vt 0.43690200 0.49519500
vt 0.43634200 0.49178200
vt 0.43051000 0.49485100
vt 0.44652500 0.07998700
vt 0.43807400 0.07750500
vt 0.43511500 0.07664400
vt 0.43643700 0.09036900
vt 0.43668400 0.09492500
vt 0.43064000 0.08839000
vt 0.44660000 0.08438600
vt 0.44495700 0.08596500
vt 0.43820100 0.08234100
vt 0.44273200 0.08403200
vt 0.43918100 0.08418800
vt 0.43708800 0.08652900
vt 0.42907800 0.08010600
vt 0.42579600 0.08955900
vt 0.43279100 0.08440900
vt 0.42571100 0.08501900
vt 0.43537600 0.08373700
vt 0.43289700 0.08262900
vt 0.42882100 0.08357000
vt 0.42863600 0.08233200
vt 0.43687400 0.51795400
vt 0.43817700 0.51531500
vt 0.43504500 0.51827300
vt 0.43894700 0.51261200
vt 0.43720700 0.51258400
vt 0.43463200 0.50957600
vt 0.43465800 0.51422000
vt 0.42931000 0.52115900
vt 0.42204700 0.52366400
vt 0.42663000 0.51734500
vt 0.42013500 0.51437900
vt 0.41957500 0.51705500
vt 0.43090100 0.49940400
vt 0.42887600 0.50069000
vt 0.42307900 0.50408500
vt 0.41789500 0.50647700
vt 0.43114400 0.49827700
vt 0.42581800 0.49484100
vt 0.41960100 0.49798800
vt 0.41964900 0.50016400
vt 0.41169700 0.50365000
vt 0.41813400 0.50986700
vt 0.45318800 0.10559200
vt 0.46004700 0.11021200
vt 0.46379300 0.11051500
vt 0.44554600 0.12352500
vt 0.45231800 0.12781400
vt 0.45635000 0.11349700
vt 0.45801800 0.12040000
vt 0.46558600 0.11430800
vt 0.44064800 0.47212000
vt 0.43745000 0.47930200
vt 0.43734100 0.46399700
vt 0.43548500 0.12527000
vt 0.42735100 0.45724900
vt 0.42397500 0.48824900
vt 0.41165600 0.50002000
vt 0.41008100 0.49839100
vt 0.41404900 0.48818700
vt 0.41895900 0.49476700
vt 0.40615500 0.49479900
vt 0.40234600 0.47548500
vt 0.42151600 0.11337700
vt 0.45059300 0.15760500
vt 0.44297900 0.15257600
vt 0.45520700 0.13736800
vt 0.45499700 0.12373800
vt 0.45848600 0.13526000
vt 0.46033300 0.12953900
vt 0.46333600 0.13149100
vt 0.46485300 0.12645200
vt 0.44104700 0.46030200
vt 0.45894800 0.14474400
vt 0.46153800 0.13998200
vt 0.43754900 0.44992800
vt 0.46394200 0.13690800
vt 0.44153500 0.45007900
vt 0.44013300 0.44049800
vt 0.46151700 0.15123500
vt 0.45689600 0.14905600
vt 0.45324800 0.15014600
vt 0.46374500 0.14858100
vt 0.44153500 0.43853900
vt 0.43229100 0.43257300
vt 0.45426600 0.15910500
vt 0.45274800 0.16314500
vt 0.45829000 0.15536800
vt 0.46000100 0.16600700
vt 0.46329100 0.15841500
vt 0.44178100 0.42876700
vt 0.45252000 0.18061100
vt 0.45813400 0.16897100
vt 0.43929800 0.41629800
vt 0.43022300 0.16646100
vt 0.42164500 0.14779000
vt 0.37075600 0.16575500
vt 0.37432200 0.10703000
vt 0.39988200 0.44480800
vt 0.44775200 0.20024800
vt 0.45631200 0.18483900
vt 0.44339700 0.17393300
vt 0.43770700 0.18063500
vt 0.44173400 0.19788400
vt 0.45587600 0.20145000
vt 0.44629000 0.38812300
vt 0.45809000 0.19925700
vt 0.45116200 0.19869000
vt 0.44500300 0.40446000
vt 0.45969400 0.18286800
vt 0.44303200 0.39572300
vt 0.44275300 0.38980400
vt 0.45007000 0.21179600
vt 0.45345500 0.20511900
vt 0.44253900 0.21379700
vt 0.44337700 0.38459700
vt 0.44016500 0.39141700
vt 0.41306100 0.19008100
vt 0.42501100 0.20111500
vt 0.43232900 0.39623100
vt 0.42326200 0.40713200
vt 0.42521200 0.39942500
vt 0.41581500 0.40553600
vt 0.42110300 0.40329900
vt 0.41384000 0.40911700
vt 0.41949600 0.39341100
vt 0.41828500 0.39623700
vt 0.41670700 0.40107600
vt 0.41286400 0.38740500
vt 0.44264900 0.40102100
vt 0.44223700 0.40841500
vt 0.46257400 0.16860200
vt 0.44245100 0.41868900
vt 0.42333100 0.41688000
vt 0.38878900 0.40896200
vt 0.38855500 0.45192500
vt 0.41282500 0.40198900
vt 0.40806400 0.40053500
vt 0.41087900 0.39525100
vt 0.40538000 0.39849400
vt 0.40737200 0.41142300
vt 0.39476300 0.98404900
vt 0.43004500 0.03978300
vt 0.38160500 0.98645300
vt 0.42112800 0.03585400
vt 0.38024200 0.98360400
vt 0.39313600 0.98117100
vt 0.37470300 0.98021700
vt 0.41527900 0.03724200
vt 0.37576000 0.98760400
vt 0.37439800 0.98508000
vt 0.37228300 0.98250400
vt 0.37238200 0.97890600
vt 0.38845800 0.97398400
vt 0.37282700 0.97134000
vt 0.37061200 0.97855300
vt 0.37070800 0.97049600
vt 0.35515100 0.97664600
vt 0.42644200 0.04257000
vt 0.41958300 0.03950000
vt 0.42040700 0.05347800
vt 0.42788200 0.05878700
vt 0.41910200 0.05821800
vt 0.41593400 0.04267400
vt 0.41413900 0.05222500
vt 0.41888100 0.05576600
vt 0.42451900 0.06217400
vt 0.41931500 0.06120400
vt 0.41448500 0.05504600
vt 0.40975100 0.05601100
vt 0.37387600 0.98881800
vt 0.41373700 0.03897700
vt 0.37186000 0.98552700
vt 0.41078300 0.03929600
vt 0.37107600 0.98783500
vt 0.41382300 0.04333700
vt 0.41049200 0.04272100
vt 0.39135700 0.03597800
vt 0.35281500 0.98505700
vt 0.36209600 0.98439300
vt 0.40142900 0.03555700
vt 0.39765400 0.03883700
vt 0.36679300 0.98226700
vt 0.35265800 0.98007600
vt 0.40925400 0.05354800
vt 0.40260100 0.05128000
vt 0.40142300 0.04443300
vt 0.39749100 0.04202700
vt 0.39959400 0.04662600
vt 0.39861500 0.04406300
vt 0.40059900 0.04890700
vt 0.39646100 0.04612100
vt 0.39878500 0.05403500
vt 0.39773100 0.04762400
vt 0.39884000 0.04937900
vt 0.39773600 0.05152000
vt 0.39580300 0.04923500
vt 0.39817800 0.97042000
vt 0.40410900 0.96530500
vt 0.40203900 0.96741300
vt 0.40414700 0.96298500
vt 0.40008000 0.96262400
vt 0.39367300 0.96587300
vt 0.39271300 0.96762900
vt 0.39250300 0.96245100
vt 0.40547600 0.95925800
vt 0.40482400 0.95632900
vt 0.39559100 0.95886400
vt 0.40010200 0.94551900
vt 0.40940200 0.94221000
vt 0.37627100 0.95737500
vt 0.38489900 0.95462800
vt 0.38299500 0.95018600
vt 0.37946500 0.96971000
vt 0.38377900 0.96692000
vt 0.37514500 0.96681500
vt 0.38340000 0.96526200
vt 0.37628100 0.96538000
vt 0.37249800 0.96443500
vt 0.37635900 0.96263600
vt 0.39055200 0.95267900
vt 0.38712400 0.95104100
vt 0.38763400 0.94719200
vt 0.39552200 0.93711700
vt 0.40338800 0.91954200
vt 0.35551500 0.89406400
vt 0.39445600 0.92357900
vt 0.40931800 0.53222800
vt 0.40948900 0.53474500
vt 0.40961000 0.52990300
vt 0.41667500 0.52681600
vt 0.40410000 0.53107000
vt 0.39484700 0.54416800
vt 0.41152500 0.54758100
vt 0.38615100 0.53602100
vt 0.40043800 0.54725200
vt 0.39087300 0.54828600
vt 0.38146500 0.03432200
vt 0.34330600 0.98293700
vt 0.35730700 0.95923300
vt 0.34210400 0.97932800
vt 0.39355800 0.04005100
vt 0.39004300 0.03957900
vt 0.39342200 0.04325100
vt 0.39297500 0.04125300
vt 0.39204300 0.04338100
vt 0.38936900 0.04283300
vt 0.38306300 0.03996700
vt 0.38595500 0.04342900
vt 0.39134900 0.04429300
vt 0.38690500 0.04593200
vt 0.39054500 0.04599300
vt 0.39308400 0.04694000
vt 0.39195000 0.04895200
vt 0.32447300 0.98441200
vt 0.36286500 0.03591000
vt 0.38017700 0.04542100
vt 0.37315900 0.03954300
vt 0.31331500 0.97430900
vt 0.33217600 0.95726100
vt 0.30659200 0.98101700
vt 0.30833900 0.97835400
vt 0.32485400 0.95980600
vt 0.35944400 0.95090000
vt 0.32809700 0.94553800
vt 0.41236900 0.06036100
vt 0.40685800 0.05954200
vt 0.40052600 0.05757700
vt 0.40879600 0.06419600
vt 0.40264100 0.06014700
vt 0.40446300 0.06437200
vt 0.39951700 0.06348200
vt 0.39616200 0.05353100
vt 0.39568500 0.05184000
vt 0.39389100 0.05439300
vt 0.39017000 0.05258400
vt 0.39401600 0.06005000
vt 0.38530900 0.05753800
vt 0.39854000 0.06569100
vt 0.39284800 0.06410000
vt 0.38489600 0.06337300
vt 0.39437200 0.08796300
vt 0.38539300 0.08326400
vt 0.36682200 0.07848900
vt 0.41246800 0.08465700
vt 0.42668700 0.06472100
vt 0.42642100 0.07212700
vt 0.42445300 0.07113700
vt 0.42148800 0.06641800
vt 0.42634500 0.07769800
vt 0.42287900 0.07403200
vt 0.41606400 0.06477100
vt 0.42012500 0.06720400
vt 0.41249400 0.06655600
vt 0.41948500 0.07268100
vt 0.42423800 0.07916000
vt 0.42221500 0.07661000
vt 0.42208500 0.08168600
vt 0.41969300 0.08137200
vt 0.42160000 0.08566000
vt 0.42401500 0.08446800
vt 0.42707600 0.08271500
vt 0.41005800 0.52118000
vt 0.40722200 0.52697200
vt 0.41155900 0.51758700
vt 0.40324500 0.52867200
vt 0.41017100 0.51300400
vt 0.40306800 0.50801100
vt 0.40753500 0.51883100
vt 0.39509100 0.51863700
vt 0.39637300 0.52410400
vt 0.40312000 0.51552400
vt 0.39484500 0.51240300
vt 0.37475300 0.51658800
vt 0.39505600 0.06659000
vt 0.39978700 0.53092000
vt 0.39990400 0.52908700
vt 0.38856600 0.53142000
vt 0.39334900 0.52934800
vt 0.38994700 0.52787200
vt 0.38699700 0.52989600
vt 0.38857600 0.52277400
vt 0.38003200 0.53084200
vt 0.38354300 0.52921000
vt 0.37358600 0.52070700
vt 0.42416000 0.08662700
vt 0.40469600 0.50026100
vt 0.40415600 0.49754000
vt 0.39391400 0.49906700
vt 0.38898900 0.50092900
vt 0.39427600 0.49457500
vt 0.40578700 0.50484200
vt 0.33171800 0.50434400
vt 0.38769200 0.49760700
vt 0.38731500 0.48552400
vt 0.37308300 0.49834900
vt 0.37417800 0.50034500
vt 0.32834300 0.50747900
vt 0.38819300 0.04881000
vt 0.39019300 0.05075200
vt 0.38600200 0.04903200
vt 0.38381500 0.05307600
vt 0.39216400 0.05129400
vt 0.37470400 0.04261600
vt 0.36843500 0.04661000
vt 0.36274600 0.05285200
vt 0.38588800 0.06442000
vt 0.37562700 0.05849400
vt 0.38165300 0.06613100
vt 0.37972100 0.06413400
vt 0.35881900 0.05642400
vt 0.37803900 0.06303900
vt 0.37434000 0.06290600
vt 0.37424900 0.06435100
vt 0.36793400 0.05922900
vt 0.36883100 0.06298100
vt 0.36328200 0.04058300
vt 0.35409800 0.04089800
vt 0.35429700 0.04508600
vt 0.34925000 0.05216900
vt 0.34794000 0.04394500
vt 0.36528300 0.06271400
vt 0.36528300 0.06271400
vt 0.36244600 0.05938400
vt 0.33588200 0.08547600
vt 0.33365100 0.08111500
vt 0.36555200 0.06506600
vt 0.36235500 0.06258400
vt 0.35802200 0.05851600
vt 0.35750000 0.06391100
vt 0.35644200 0.06148200
vt 0.35009300 0.06287500
vt 0.34975400 0.05817900
vt 0.34921200 0.06102100
vt 0.34819800 0.06441400
vt 0.37571400 0.53013400
vt 0.37322900 0.53248400
vt 0.37635500 0.52884400
vt 0.36599900 0.53058900
vt 0.36556300 0.52957600
vt 0.36562100 0.55247500
vt 0.36365700 0.53026000
vt 0.36371000 0.52670100
vt 0.36274000 0.52780500
vt 0.36138400 0.52930400
vt 0.35781500 0.52739800
vt 0.38129300 0.55197700
vt 0.36392800 0.53727600
vt 0.36091200 0.53471300
vt 0.35838800 0.52941200
vt 0.34861700 0.52880700
vt 0.35242500 0.53521300
vt 0.36277000 0.56736400
vt 0.36074700 0.55564000
vt 0.35912700 0.54518500
vt 0.35518200 0.53998300
vt 0.35505700 0.55439900
vt 0.35588500 0.60728200
vt 0.34935000 0.53906700
vt 0.35115100 0.54302300
vt 0.31406900 0.53304200
vt 0.33571400 0.53895600
vt 0.34929300 0.57012700
vt 0.35754100 0.51950100
vt 0.35589100 0.52517300
vt 0.35620800 0.49951000
vt 0.34207600 0.51120800
vt 0.35126800 0.52746100
vt 0.32946600 0.52461700
vt 0.34283600 0.51841700
vt 0.33689100 0.52663000
vt 0.32383700 0.52787800
vt 0.33770700 0.51403200
vt 0.27131800 0.04445100
vt 0.27140700 0.04266100
vt 0.28336200 0.04470300
vt 0.26406800 0.04416100
vt 0.32654100 0.95596200
vt 0.31902500 0.95596100
vt 0.31534700 0.95683600
vt 0.29720300 0.95638500
vt 0.29713400 0.96565700
vt 0.29511600 0.97066800
vt 0.29696100 0.95277900
vt 0.29531900 0.96153200
vt 0.29232200 0.96019200
vt 0.32353400 0.94939800
vt 0.31726200 0.94482200
vt 0.29068300 0.89372800
vt 0.27594500 0.93233800
vt 0.22778800 0.88655200
vt 0.29182500 0.98387400
vt 0.35025000 0.03872100
vt 0.31176400 0.98748100
vt 0.28896800 0.97541900
vt 0.30143800 0.98828800
vt 0.33996900 0.03927700
vt 0.33737600 0.05091700
vt 0.32515000 0.03814100
vt 0.28664100 0.98730500
vt 0.28936500 0.97168900
vt 0.29167600 0.96876700
vt 0.27794000 0.97858200
vt 0.28902200 0.96677200
vt 0.28488600 0.96613200
vt 0.26801800 0.97435400
vt 0.27631500 0.98409300
vt 0.27545700 0.98113700
vt 0.27314600 0.98221100
vt 0.31700300 0.03862000
vt 0.27870800 0.98785700
vt 0.27454200 0.98687800
vt 0.29431000 0.96676000
vt 0.29305700 0.96423800
vt 0.28914500 0.96360800
vt 0.28704300 0.96112100
vt 0.27153500 0.95525400
vt 0.32587100 0.05494300
vt 0.34071300 0.05798500
vt 0.33564400 0.05707200
vt 0.33620000 0.06080200
vt 0.32654600 0.05753600
vt 0.33343600 0.06025700
vt 0.32905200 0.06088100
vt 0.32799500 0.06178000
vt 0.34381600 0.06083400
vt 0.34166900 0.06246200
vt 0.34078400 0.06123100
vt 0.33442100 0.06444000
vt 0.33696400 0.06198400
vt 0.33235900 0.06303200
vt 0.31709600 0.04583600
vt 0.31148600 0.05002600
vt 0.31300900 0.04467000
vt 0.27495300 0.98975500
vt 0.31290200 0.04094500
vt 0.27023700 0.98793300
vt 0.27430800 0.99281500
vt 0.31193200 0.04400700
vt 0.26875400 0.99196900
vt 0.30935900 0.03898800
vt 0.30988100 0.04794200
vt 0.31024000 0.04657300
vt 0.31051500 0.04387800
vt 0.30739200 0.03919000
vt 0.30818400 0.04519700
vt 0.32227100 0.06038700
vt 0.31411700 0.05693900
vt 0.32161500 0.06308800
vt 0.31767100 0.06032000
vt 0.31850200 0.06131900
vt 0.30445600 0.06289900
vt 0.31035400 0.06156400
vt 0.29337800 0.05325500
vt 0.30903200 0.05955200
vt 0.30460100 0.52569000
vt 0.29834900 0.52358300
vt 0.30434200 0.52410100
vt 0.29564800 0.52541700
vt 0.31907800 0.52592000
vt 0.31685100 0.53788500
vt 0.31953500 0.51552900
vt 0.31409900 0.51835100
vt 0.31370200 0.56461200
vt 0.27408800 0.53587700
vt 0.30371600 0.52727500
vt 0.28751000 0.52658400
vt 0.26980100 0.97580500
vt 0.27112700 0.98016400
vt 0.26940900 0.97844700
vt 0.26473200 0.97730600
vt 0.26755000 0.98055700
vt 0.26102800 0.97576400
vt 0.26950700 0.98303200
vt 0.26730300 0.98771100
vt 0.26656800 0.98599900
vt 0.26397300 0.98016900
vt 0.26122500 0.97706900
vt 0.26461600 0.98571900
vt 0.30451700 0.02635300
vt 0.25974300 0.98609300
vt 0.26341700 0.98933700
vt 0.30832600 0.03082200
vt 0.25675900 0.97316900
vt 0.25490900 0.97578600
vt 0.25420200 0.97427800
vt 0.25913900 0.97826900
vt 0.25552000 0.98196300
vt 0.25208400 0.97700400
vt 0.24927600 0.95446700
vt 0.24389700 0.96891200
vt 0.25312700 0.97512600
vt 0.24642300 0.97291600
vt 0.24213500 0.97005900
vt 0.23093800 0.96530300
vt 0.30665100 0.04498600
vt 0.29647900 0.03997000
vt 0.26453000 0.99208600
vt 0.30858800 0.03434200
vt 0.30472800 0.03246600
vt 0.30562000 0.03481900
vt 0.30028600 0.03327900
vt 0.29898800 0.03074400
vt 0.29898800 0.03074400
vt 0.29269300 0.01857300
vt 0.24679700 0.98083200
vt 0.25015500 0.97926600
vt 0.29652400 0.02527100
vt 0.29569300 0.03152100
vt 0.29419300 0.02962600
vt 0.29419300 0.02962600
vt 0.29120300 0.02994500
vt 0.29817200 0.04677900
vt 0.29712600 0.04940100
vt 0.29571800 0.04446000
vt 0.29138300 0.05530400
vt 0.30033300 0.05924500
vt 0.28127800 0.03736400
vt 0.28168200 0.04709400
vt 0.27589600 0.05135400
vt 0.24707600 0.97485000
vt 0.24207200 0.97305000
vt 0.28439000 0.01338800
vt 0.23999100 0.97476300
vt 0.29181500 0.02345500
vt 0.28660700 0.02113900
vt 0.28936200 0.02725000
vt 0.28320000 0.02622500
vt 0.24057100 0.97082800
vt 0.23580600 0.97088100
vt 0.27787000 0.01001200
vt 0.23624200 0.96924000
vt 0.23307700 0.96779200
vt 0.22996500 0.96831200
vt 0.27045400 0.00811600
vt 0.27826200 0.01856900
vt 0.27533700 0.01244100
vt 0.27952200 0.02117700
vt 0.28579700 0.02396600
vt 0.27981500 0.02720500
vt 0.27964900 0.02400500
vt 0.26679800 0.03166300
vt 0.27151100 0.03518200
vt 0.26787500 0.03658600
vt 0.26332100 0.02603800
vt 0.27767500 0.02499300
vt 0.27127200 0.56523100
vt 0.26515400 0.58583700
vt 0.31225100 0.57871000
vt 0.25670900 0.57300900
vt 0.36480300 0.44908600
vt 0.36979100 0.43524900
vt 0.33644800 0.45660100
vt 0.35934100 0.49495400
vt 0.33504200 0.12136300
vt 0.32115500 0.49586500
vt 0.33625000 0.49819400
vt 0.31251900 0.49894500
vt 0.34022800 0.50012700
vt 0.30029200 0.46598100
vt 0.36310700 0.41718500
vt 0.31520300 0.44853000
vt 0.36124300 0.38899900
vt 0.32207800 0.16869900
vt 0.28988300 0.38347700
vt 0.26470500 0.04654800
vt 0.27250600 0.05432600
vt 0.25729900 0.05212600
vt 0.26367700 0.05510300
vt 0.28203000 0.10166100
vt 0.28737300 0.08331500
vt 0.30160200 0.09394800
vt 0.28183000 0.07866700
vt 0.26541900 0.08227800
vt 0.24620400 0.07678000
vt 0.28092500 0.07506500
vt 0.24722700 0.08128300
vt 0.29507600 0.12483300
vt 0.29290100 0.15476600
vt 0.26803000 0.14552200
vt 0.27380000 0.13120400
vt 0.25502400 0.10096400
vt 0.26004300 0.12478500
vt 0.24429000 0.11268100
vt 0.24129900 0.12615400
vt 0.29529700 0.06241000
vt 0.28964600 0.52275600
vt 0.30296500 0.51735600
vt 0.28453800 0.51554100
vt 0.29952000 0.51547900
vt 0.29112800 0.49758600
vt 0.29803500 0.51182100
vt 0.29552700 0.49374800
vt 0.27874700 0.49464200
vt 0.29464600 0.05911400
vt 0.29897000 0.06091400
vt 0.29000900 0.06017600
vt 0.28846500 0.05824600
vt 0.28395400 0.06039300
vt 0.27802600 0.05855500
vt 0.27810400 0.06138000
vt 0.28480500 0.52447300
vt 0.27545900 0.52178600
vt 0.27002800 0.52403000
vt 0.28177600 0.51782600
vt 0.26547100 0.52530200
vt 0.23241000 0.52985600
vt 0.25972100 0.50756900
vt 0.26973500 0.51549500
vt 0.26226200 0.51110000
vt 0.26875800 0.05797100
vt 0.26836500 0.06013300
vt 0.26406500 0.06183600
vt 0.26468400 0.05835600
vt 0.26381800 0.05896400
vt 0.25930100 0.05887400
vt 0.25825900 0.52349900
vt 0.21154300 0.53290300
vt 0.26059700 0.52179600
vt 0.26035900 0.51599700
vt 0.24886700 0.52373800
vt 0.21663100 0.52368400
vt 0.24897200 0.52158300
vt 0.24038900 0.51578000
vt 0.24149900 0.52110400
vt 0.24736200 0.49491600
vt 0.24759000 0.49092400
vt 0.26959800 0.49746400
vt 0.22057000 0.50083100
vt 0.18620600 0.49453800
vt 0.24704600 0.51343200
vt 0.22318000 0.50995200
vt 0.25898600 0.55025800
vt 0.26770600 0.44241100
vt 0.22370800 0.49074200
vt 0.21857500 0.45576100
vt 0.27065400 0.02007800
vt 0.27323100 0.02347300
vt 0.41910000 0.93049800
vt 0.42504300 0.93082200
vt 0.42316100 0.92401700
vt 0.41683000 0.92404500
vt 0.41246000 0.91857200
vt 0.42659700 0.91655400
vt 0.42451200 0.91168600
vt 0.43032100 0.91532600
vt 0.42723800 0.90439800
vt 0.43141900 0.90972200
vt 0.41870000 0.91213300
vt 0.41499600 0.89260800
vt 0.42212400 0.89513700
vt 0.40729800 0.89772900
vt 0.39151100 0.90418300
vt 0.42491400 0.89836000
vt 0.42923800 0.88556400
vt 0.42719000 0.89035700
vt 0.43261600 0.90027500
vt 0.43461700 0.88690000
vt 0.42504700 0.88048000
vt 0.43723800 0.89872000
vt 0.43187100 0.84622900
vt 0.40066300 0.88324500
vt 0.40761900 0.88289900
vt 0.41135000 0.87144900
vt 0.41950800 0.87569800
vt 0.42790100 0.85938700
vt 0.42554900 0.85660600
vt 0.42070900 0.85349600
vt 0.41632400 0.86008000
vt 0.38464800 0.86350500
vt 0.39653700 0.86116800
vt 0.40280500 0.86841000
vt 0.40903800 0.85592700
vt 0.40487600 0.83826700
vt 0.37504000 0.83346000
vt 0.42166200 0.82947800
vt 0.42733400 0.83318500
vt 0.42827700 0.81843500
vt 0.44470300 0.86719100
vt 0.44468600 0.83589200
vt 0.44739600 0.84048000
vt 0.44788200 0.81787700
vt 0.44933800 0.84525100
vt 0.43425900 0.64986300
vt 0.45053000 0.82944000
vt 0.43183900 0.66569200
vt 0.44461800 0.80848800
vt 0.43013500 0.68789500
vt 0.45018800 0.80700800
vt 0.42929200 0.67485000
vt 0.41531000 0.83225300
vt 0.41114900 0.82978100
vt 0.42046300 0.81774300
vt 0.42516000 0.81199300
vt 0.40760200 0.81937500
vt 0.41455700 0.81118600
vt 0.39742200 0.83330700
vt 0.39991600 0.80773600
vt 0.42249000 0.79348200
vt 0.42728500 0.79387300
vt 0.41238700 0.79293900
vt 0.41790900 0.79217400
vt 0.42805200 0.80957300
vt 0.43203500 0.79310500
vt 0.42303800 0.78303400
vt 0.41817500 0.78172400
vt 0.42606800 0.78146200
vt 0.42591200 0.77335800
vt 0.42910700 0.78004200
vt 0.43091900 0.78871400
vt 0.43464000 0.78507500
vt 0.43583100 0.77605400
vt 0.44277500 0.79055900
vt 0.40767600 0.79695700
vt 0.40157400 0.79214300
vt 0.41108300 0.78280900
vt 0.41346400 0.77774000
vt 0.41924300 0.77626200
vt 0.41619200 0.77101300
vt 0.42348300 0.77605300
vt 0.41947700 0.76813100
vt 0.40436300 0.77955300
vt 0.40883000 0.77324700
vt 0.41243400 0.76822400
vt 0.40444400 0.76733700
vt 0.44693400 0.80168100
vt 0.44635900 0.78717800
vt 0.44164300 0.78130000
vt 0.44425600 0.78233400
vt 0.44258800 0.77396800
vt 0.44583600 0.77702300
vt 0.44985000 0.78656000
vt 0.42725900 0.70684800
vt 0.42334800 0.71738800
vt 0.44897100 0.77463400
vt 0.39512300 0.70072200
vt 0.41499300 0.67630900
vt 0.31535200 0.82886800
vt 0.37907300 0.80200700
vt 0.35945200 0.81126700
vt 0.35567200 0.79483900
vt 0.39374300 0.79333100
vt 0.39371100 0.78965100
vt 0.39260700 0.78266300
vt 0.39104000 0.79164000
vt 0.38899400 0.78814900
vt 0.38656900 0.79325300
vt 0.38046000 0.77978100
vt 0.39137300 0.79531900
vt 0.39712900 0.77796600
vt 0.40158200 0.77145100
vt 0.39612000 0.77386500
vt 0.38924400 0.76930100
vt 0.38784500 0.77690000
vt 0.38081200 0.77222700
vt 0.39467100 0.76276500
vt 0.38452300 0.76439700
vt 0.36541800 0.78264100
vt 0.37566000 0.77365900
vt 0.36651700 0.77488100
vt 0.38041300 0.76272900
vt 0.37420000 0.76556300
vt 0.37103400 0.77034200
vt 0.36341600 0.76316400
vt 0.37302400 0.76023200
vt 0.38130000 0.75732900
vt 0.34177800 0.78000200
vt 0.35565600 0.77661100
vt 0.35994600 0.76827600
vt 0.34706500 0.77333700
vt 0.34931600 0.75708400
vt 0.36972000 0.75520400
vt 0.34676400 0.75309200
vt 0.32947100 0.76763100
vt 0.33856600 0.76120400
vt 0.33953200 0.74901300
vt 0.35697300 0.74872600
vt 0.35024800 0.74432500
vt 0.31373100 0.78104600
vt 0.32596600 0.77540200
vt 0.32628600 0.75513400
vt 0.30392000 0.75750900
vt 0.34262300 0.73779000
vt 0.33413600 0.74230700
vt 0.31705000 0.75110700
vt 0.31431500 0.74720200
vt 0.43302200 0.77489500
vt 0.42868800 0.77270000
vt 0.43522600 0.77272300
vt 0.43779800 0.77289400
vt 0.41949900 0.76277900
vt 0.42594300 0.76779200
vt 0.41571700 0.76503500
vt 0.41500000 0.76167100
vt 0.41532800 0.75537200
vt 0.40774000 0.76288600
vt 0.40641500 0.76015100
vt 0.40703900 0.75598000
vt 0.43001000 0.76993200
vt 0.42338700 0.76137000
vt 0.41926600 0.75745600
vt 0.42641600 0.76092700
vt 0.41988100 0.75366800
vt 0.43110100 0.76385500
vt 0.42336100 0.74910000
vt 0.43544500 0.76681100
vt 0.41920100 0.74868300
vt 0.43536200 0.76260700
vt 0.42243800 0.74451500
vt 0.41757400 0.74510400
vt 0.41674900 0.75256800
vt 0.41420200 0.74781300
vt 0.41296800 0.75106700
vt 0.41052500 0.75221100
vt 0.41095000 0.74704300
vt 0.40801400 0.74798900
vt 0.41500300 0.74383800
vt 0.41152100 0.74310900
vt 0.40803300 0.74279500
vt 0.44134000 0.77104700
vt 0.43972700 0.77009400
vt 0.44329900 0.76570200
vt 0.42153100 0.72269400
vt 0.44800400 0.76921600
vt 0.44536400 0.76660400
vt 0.43716800 0.76717000
vt 0.44270600 0.76384700
vt 0.44014200 0.76753300
vt 0.43777800 0.76175500
vt 0.42175900 0.74163400
vt 0.43658700 0.76261900
vt 0.42253900 0.74314000
vt 0.44107700 0.76015800
vt 0.41987800 0.73775300
vt 0.41946900 0.73069400
vt 0.44566200 0.76197800
vt 0.41422600 0.72894200
vt 0.44261300 0.75875000
vt 0.41812800 0.73610400
vt 0.41790800 0.73359600
vt 0.44440400 0.75930400
vt 0.41695700 0.74399600
vt 0.41704600 0.74253100
vt 0.41458500 0.73987900
vt 0.41309400 0.73647700
vt 0.40987500 0.74026200
vt 0.41228500 0.74020500
vt 0.40760900 0.73865800
vt 0.41114400 0.73448700
vt 0.40121900 0.73306300
vt 0.40766300 0.73663600
vt 0.40160600 0.76155500
vt 0.40086100 0.75745600
vt 0.39646900 0.75879000
vt 0.38814800 0.75828800
vt 0.40178200 0.75133500
vt 0.39909900 0.75455300
vt 0.40565300 0.74531000
vt 0.39742000 0.74706000
vt 0.38749900 0.75520000
vt 0.39369900 0.75177000
vt 0.38624300 0.74432300
vt 0.38757800 0.75061600
vt 0.38302500 0.75474300
vt 0.38498500 0.75140900
vt 0.38394900 0.74687600
vt 0.38004500 0.75491800
vt 0.38196100 0.75029600
vt 0.37452300 0.75564300
vt 0.37729300 0.75377600
vt 0.37432000 0.75309100
vt 0.39290500 0.73857100
vt 0.40067700 0.73934600
vt 0.39800400 0.73638100
vt 0.39096400 0.73641600
vt 0.36840200 0.72986200
vt 0.38610700 0.73288900
vt 0.37660400 0.73692900
vt 0.38073900 0.74844800
vt 0.37677700 0.74905800
vt 0.37952900 0.74520400
vt 0.37581900 0.74600600
vt 0.38091000 0.74148200
vt 0.37319700 0.74049700
vt 0.37368500 0.74936100
vt 0.37130100 0.75086200
vt 0.36622200 0.75232100
vt 0.36585000 0.74901000
vt 0.37141700 0.74549000
vt 0.36823100 0.74727500
vt 0.36953400 0.74364800
vt 0.36591900 0.74506300
vt 0.37215100 0.73362400
vt 0.36794200 0.74054300
vt 0.36426100 0.73741000
vt 0.36281400 0.73445700
vt 0.36013300 0.74540100
vt 0.36303900 0.74347400
vt 0.36524000 0.74249100
vt 0.35871600 0.73987400
vt 0.35631600 0.74202500
vt 0.35885400 0.73509700
vt 0.34965700 0.73498200
vt 0.42454400 0.93685900
vt 0.42823100 0.94725000
vt 0.42682500 0.94043400
vt 0.43134700 0.93632000
vt 0.43610000 0.94135700
vt 0.44214400 0.94419300
vt 0.43877300 0.93734300
vt 0.43523600 0.93216300
vt 0.44379100 0.93348000
vt 0.43886900 0.93020500
vt 0.44222200 0.92362700
vt 0.43770000 0.56192900
vt 0.43533500 0.55277300
vt 0.42710700 0.92897800
vt 0.43121500 0.92156200
vt 0.43446500 0.92256500
vt 0.43355100 0.91956300
vt 0.43860400 0.92388000
vt 0.43806900 0.92132300
vt 0.43867300 0.91800000
vt 0.43705200 0.91484000
vt 0.44613600 0.91781200
vt 0.44062400 0.57602000
vt 0.44125300 0.91981500
vt 0.44444400 0.91744900
vt 0.44296300 0.91471900
vt 0.44000500 0.91548600
vt 0.44024400 0.91048700
vt 0.44719600 0.91039300
vt 0.43979000 0.58367500
vt 0.41945900 0.54998200
vt 0.43299700 0.56475100
vt 0.41994500 0.55321600
vt 0.42251500 0.56185100
vt 0.41663100 0.55503200
vt 0.42702200 0.56172100
vt 0.40834000 0.55217700
vt 0.40895200 0.55811300
vt 0.41809200 0.56551500
vt 0.43228500 0.57302900
vt 0.43608100 0.58311900
vt 0.42793400 0.57097800
vt 0.42273100 0.57602400
vt 0.42799900 0.58329600
vt 0.43140700 0.58433100
vt 0.41983300 0.58693000
vt 0.41205300 0.56176300
vt 0.39994800 0.55112400
vt 0.40767300 0.55955800
vt 0.40733600 0.56342800
vt 0.41075000 0.56529100
vt 0.40749700 0.56659000
vt 0.40294200 0.56131200
vt 0.40045700 0.56324600
vt 0.39586800 0.55619900
vt 0.39293900 0.55935700
vt 0.40003900 0.55804100
vt 0.38908500 0.55344900
vt 0.40192600 0.55904000
vt 0.39749700 0.56127400
vt 0.40219800 0.56984900
vt 0.39393300 0.56643200
vt 0.39284200 0.56184600
vt 0.39454300 0.56437800
vt 0.41886500 0.57025800
vt 0.42047000 0.57569600
vt 0.41605100 0.56524800
vt 0.41411300 0.56858600
vt 0.41648500 0.57320100
vt 0.41502900 0.57528300
vt 0.42035900 0.58106800
vt 0.41862600 0.58722500
vt 0.41677200 0.58257700
vt 0.41699000 0.57926000
vt 0.41534900 0.58236600
vt 0.40768800 0.58097000
vt 0.41279500 0.57325000
vt 0.41347300 0.58101200
vt 0.41230200 0.58733500
vt 0.40806300 0.59026900
vt 0.40473200 0.58372900
vt 0.41304200 0.57050300
vt 0.40569500 0.57416400
vt 0.40119300 0.57743800
vt 0.39524300 0.57402700
vt 0.44378400 0.90122900
vt 0.44218500 0.90290400
vt 0.44094400 0.90084400
vt 0.43754400 0.90450200
vt 0.44046100 0.90432900
vt 0.44363500 0.90636200
vt 0.44361000 0.88933500
vt 0.43998400 0.59402200
vt 0.44659400 0.90051600
vt 0.43754200 0.59383200
vt 0.43387000 0.58662000
vt 0.42825000 0.59362000
vt 0.42671500 0.59998600
vt 0.42270300 0.59476000
vt 0.43925200 0.60899900
vt 0.44642200 0.88591500
vt 0.43306400 0.61862200
vt 0.43664800 0.61419100
vt 0.41556300 0.59386600
vt 0.41605800 0.60094600
vt 0.42194000 0.60157800
vt 0.41455700 0.60786300
vt 0.40887600 0.60431800
vt 0.40106300 0.60980900
vt 0.43699100 0.63187300
vt 0.44758900 0.86317500
vt 0.43257400 0.63776300
vt 0.41731100 0.63778100
vt 0.40550100 0.61142500
vt 0.41483500 0.58738900
vt 0.41506900 0.59248400
vt 0.41161000 0.59178400
vt 0.41120300 0.59563100
vt 0.40954700 0.59831600
vt 0.40836500 0.59370200
vt 0.40438100 0.59798500
vt 0.40382900 0.59562900
vt 0.40235500 0.59149800
vt 0.40264900 0.59342600
vt 0.38705500 0.56074000
vt 0.38109200 0.55833900
vt 0.38886200 0.56207400
vt 0.38908500 0.56567400
vt 0.38902100 0.56809300
vt 0.38542100 0.56479400
vt 0.38577400 0.56921100
vt 0.38128700 0.56744800
vt 0.38280700 0.56863200
vt 0.37543800 0.56603400
vt 0.38118800 0.57233800
vt 0.38722700 0.57178400
vt 0.38382900 0.57382500
vt 0.37829100 0.57777500
vt 0.39719300 0.58291900
vt 0.39320800 0.58073600
vt 0.38664100 0.57768300
vt 0.38683800 0.58181600
vt 0.39351300 0.58984600
vt 0.38026000 0.57854300
vt 0.38134300 0.58455000
vt 0.38488600 0.57559700
vt 0.38426600 0.58100000
vt 0.38694500 0.58646000
vt 0.39275800 0.59152500
vt 0.38969800 0.59151600
vt 0.38877200 0.59432300
vt 0.38358000 0.58967600
vt 0.38732200 0.59554800
vt 0.38046000 0.58812900
vt 0.37251800 0.57496800
vt 0.37302700 0.58524700
vt 0.36824000 0.57944700
vt 0.36927400 0.58893400
vt 0.37635800 0.59162700
vt 0.38652300 0.60185700
vt 0.38109600 0.59902400
vt 0.37548800 0.59764000
vt 0.36301700 0.59959800
vt 0.40785600 0.62645700
vt 0.40416200 0.62224900
vt 0.40576800 0.62648100
vt 0.39952600 0.62302600
vt 0.40307300 0.62384800
vt 0.40233900 0.62557100
vt 0.40611600 0.63346000
vt 0.40367300 0.62821400
vt 0.39751400 0.59982100
vt 0.39809100 0.59531600
vt 0.39800300 0.59251200
vt 0.39717800 0.59808500
vt 0.39222300 0.59639200
vt 0.39797600 0.60567900
vt 0.39013500 0.60784900
vt 0.38903300 0.61065300
vt 0.39437600 0.62126800
vt 0.38828400 0.62445800
vt 0.40117100 0.62782200
vt 0.39347600 0.62319600
vt 0.39361800 0.62523800
vt 0.39403000 0.62784900
vt 0.40102500 0.64412600
vt 0.40215000 0.64047400
vt 0.39215600 0.63800600
vt 0.38102700 0.60263300
vt 0.37598400 0.60268500
vt 0.39049900 0.62447600
vt 0.39176800 0.62739500
vt 0.38899100 0.62730800
vt 0.39206000 0.63180700
vt 0.38730400 0.63090300
vt 0.38871000 0.63425100
vt 0.38745900 0.63736900
vt 0.37568600 0.63128400
vt 0.37449200 0.63672000
vt 0.37728200 0.63799300
vt 0.38153200 0.63788900
vt 0.37627400 0.55796900
vt 0.37278900 0.55727500
vt 0.36887800 0.56885900
vt 0.35879500 0.58571600
vt 0.35379700 0.57618100
vt 0.42296900 0.64224700
vt 0.42344700 0.65046700
vt 0.41995500 0.64134300
vt 0.42143300 0.64328600
vt 0.42100700 0.64993400
vt 0.41891300 0.64507700
vt 0.40819300 0.63614200
vt 0.40876200 0.63902300
vt 0.41656900 0.63975300
vt 0.41695000 0.64256700
vt 0.41865500 0.64285100
vt 0.41640000 0.64460900
vt 0.41640800 0.65177000
vt 0.40673400 0.63808200
vt 0.40769400 0.64116000
vt 0.40541900 0.63987400
vt 0.40334400 0.63709500
vt 0.40535000 0.64300500
vt 0.40488500 0.65250500
vt 0.42134000 0.65736500
vt 0.42008600 0.65520300
vt 0.41847200 0.65283000
vt 0.41681600 0.65432900
vt 0.41637500 0.65701500
vt 0.40974500 0.65668600
vt 0.41079300 0.65896000
vt 0.40582200 0.65783400
vt 0.40712800 0.66896700
vt 0.40599100 0.65435500
vt 0.40369500 0.65625100
vt 0.40184600 0.65520700
vt 0.39053100 0.64152300
vt 0.39717700 0.64965800
vt 0.38962300 0.65146800
vt 0.39723600 0.66019000
vt 0.39207000 0.65506000
vt 0.39005100 0.65561700
vt 0.38794500 0.65343700
vt 0.38669000 0.65721200
vt 0.37969900 0.65481200
vt 0.38024300 0.65185700
vt 0.40432200 0.66681600
vt 0.40391900 0.67145800
vt 0.40339600 0.66934900
vt 0.40205000 0.66689500
vt 0.40060000 0.66919600
vt 0.39584100 0.67390700
vt 0.40097700 0.67165700
vt 0.39177400 0.67141000
vt 0.38943000 0.67302500
vt 0.40282100 0.66001400
vt 0.40008100 0.66549900
vt 0.39922100 0.66713900
vt 0.39310100 0.66917100
vt 0.39236300 0.66666100
vt 0.38778900 0.66198600
vt 0.38995000 0.66336100
vt 0.39026300 0.66702100
vt 0.38832500 0.66772300
vt 0.38655100 0.66718800
vt 0.39062400 0.66843400
vt 0.38914100 0.67034000
vt 0.38816600 0.63984300
vt 0.37821700 0.64294200
vt 0.37721300 0.64031700
vt 0.37726800 0.64942000
vt 0.35968900 0.62786800
vt 0.35691900 0.62786500
vt 0.35068100 0.63194300
vt 0.34649900 0.62473200
vt 0.34750600 0.60038800
vt 0.36159200 0.64109000
vt 0.37293200 0.63880100
vt 0.37143500 0.64003100
vt 0.34614000 0.64185700
vt 0.32797500 0.63369700
vt 0.33877400 0.64440900
vt 0.34771500 0.57901000
vt 0.32147900 0.57570900
vt 0.31385300 0.61182700
vt 0.31877600 0.66115100
vt 0.29021300 0.65734000
vt 0.37296500 0.65653800
vt 0.37735400 0.65227400
vt 0.37455300 0.65407500
vt 0.35893600 0.68315700
vt 0.37442500 0.63938600
vt 0.37514600 0.64193000
vt 0.37294100 0.64162200
vt 0.37514800 0.64943900
vt 0.37606100 0.64365100
vt 0.37094000 0.64879000
vt 0.37248900 0.64976100
vt 0.37531700 0.65069200
vt 0.37279000 0.65237100
vt 0.35414200 0.67986200
vt 0.35625200 0.69011300
vt 0.35166100 0.68466400
vt 0.34431100 0.66220300
vt 0.32498900 0.66194700
vt 0.34864400 0.67896700
vt 0.34392500 0.67254300
vt 0.34369800 0.68316800
vt 0.35032400 0.70541000
vt 0.35604800 0.72125400
vt 0.32270000 0.67508600
vt 0.32334300 0.68233600
vt 0.32371600 0.70006500
vt 0.30889700 0.68264600
vt 0.28947500 0.66651800
vt 0.30879300 0.69914000
vt 0.34730700 0.69627400
vt 0.34591500 0.70490000
vt 0.34393200 0.70248200
vt 0.34246000 0.70081200
vt 0.35243700 0.72296600
vt 0.35411600 0.71840900
vt 0.35056100 0.72807200
vt 0.34857200 0.72686000
vt 0.34746300 0.73202400
vt 0.34324300 0.72882100
vt 0.35112100 0.71860600
vt 0.34763300 0.72125700
vt 0.34890200 0.72337000
vt 0.33843500 0.70586300
vt 0.34379700 0.72549900
vt 0.33810300 0.72348200
vt 0.33355500 0.73566400
vt 0.32600700 0.73223100
vt 0.32874700 0.73961600
vt 0.32405700 0.74327500
vt 0.32052100 0.73525400
vt 0.33408600 0.72171800
vt 0.33402600 0.71054100
vt 0.33074700 0.71417700
vt 0.33144400 0.72271300
vt 0.33129100 0.72779900
vt 0.33756200 0.72571000
vt 0.33353200 0.72493500
vt 0.32885100 0.72509000
vt 0.31238700 0.72713100
vt 0.30141400 0.72385900
vt 0.32709000 0.70498200
vt 0.31006000 0.70410700
vt 0.30914800 0.70902700
vt 0.29334800 0.70986700
vt 0.30607200 0.72214000
vt 0.30818700 0.71706800
vt 0.35659000 0.73243900
vt 0.25920200 0.00718500
vt 0.22037800 0.96830800
vt 0.21613500 0.96510600
vt 0.22621900 0.96736400
vt 0.20812500 0.96683800
vt 0.25130200 0.00780800
vt 0.21388800 0.96842900
vt 0.25759600 0.00970800
vt 0.24961500 0.00937200
vt 0.21738600 0.95258400
vt 0.23750100 0.01078200
vt 0.24466000 0.00768100
vt 0.20840300 0.96857200
vt 0.24910400 0.01092600
vt 0.25420300 0.01252600
vt 0.24372500 0.01325300
vt 0.24467700 0.01138000
vt 0.24717800 0.01464400
vt 0.19978200 0.96972500
vt 0.23352400 0.00796700
vt 0.23610400 0.00906200
vt 0.23865200 0.01202100
vt 0.23985400 0.01574400
vt 0.23113100 0.01259100
vt 0.22994300 0.01211300
vt 0.22931000 0.01528700
vt 0.23244000 0.01632800
vt 0.22596100 0.01546600
vt 0.22433700 0.01549400
vt 0.22120600 0.01482500
vt 0.21265900 0.01754500
vt 0.17807900 0.96952400
vt 0.22988600 0.01872100
vt 0.24049200 0.02065700
vt 0.24665900 0.01916600
vt 0.23035700 0.02291500
vt 0.16791400 0.95069800
vt 0.16447200 0.96350300
vt 0.22924000 0.95583600
vt 0.23006800 0.94669000
vt 0.22366300 0.96489600
vt 0.26780600 0.01028900
vt 0.26376000 0.01156800
vt 0.26105500 0.00984700
vt 0.26105500 0.00984700
vt 0.26985600 0.01748500
vt 0.25700300 0.03233900
vt 0.27149500 0.02461200
vt 0.26925300 0.02331300
vt 0.26659700 0.02414800
vt 0.25921500 0.02437600
vt 0.25739900 0.01723000
vt 0.25387300 0.02011500
vt 0.26317000 0.02338600
vt 0.25885700 0.02246300
vt 0.24519500 0.02284700
vt 0.16615000 0.93230400
vt 0.14715700 0.94592900
vt 0.12030800 0.88430200
vt 0.18720100 0.82625100
vt 0.26403000 0.03856300
vt 0.25655300 0.04209800
vt 0.26023100 0.03444400
vt 0.25361600 0.04406500
vt 0.24658100 0.04557600
vt 0.24184000 0.04258200
vt 0.24688500 0.03632100
vt 0.25949500 0.05747700
vt 0.25292300 0.05458700
vt 0.25289700 0.05770800
vt 0.25327100 0.06098000
vt 0.24968700 0.05857100
vt 0.23601600 0.04841500
vt 0.24353400 0.05172700
vt 0.23851800 0.05353200
vt 0.24849200 0.05722500
vt 0.24032900 0.05678600
vt 0.23760300 0.03913900
vt 0.23655200 0.03696900
vt 0.25028900 0.02676800
vt 0.23426400 0.02377300
vt 0.23826400 0.02283800
vt 0.23218000 0.02469100
vt 0.23693400 0.02889700
vt 0.23590800 0.02811800
vt 0.23983900 0.02650200
vt 0.23589600 0.04325100
vt 0.23083700 0.04133900
vt 0.23187100 0.04428300
vt 0.23223900 0.05003900
vt 0.22438700 0.03923300
vt 0.22531400 0.03478400
vt 0.22932400 0.03132900
vt 0.22495600 0.04285300
vt 0.22021500 0.04315000
vt 0.22181700 0.04039900
vt 0.22033500 0.03814600
vt 0.24233000 0.02746000
vt 0.23264000 0.02870600
vt 0.23264000 0.02870600
vt 0.24818000 0.06678600
vt 0.24375000 0.05962200
vt 0.23793100 0.05866500
vt 0.22426600 0.06935700
vt 0.22072800 0.05044200
vt 0.23386800 0.05539600
vt 0.23422800 0.05684000
vt 0.23212000 0.05897800
vt 0.22494500 0.05578000
vt 0.21716700 0.04741000
vt 0.21756500 0.05526700
vt 0.22078400 0.05806700
vt 0.21668400 0.01991100
vt 0.21557200 0.02478300
vt 0.20919000 0.02145400
vt 0.21716500 0.03252500
vt 0.21578000 0.02662700
vt 0.21845100 0.03247000
vt 0.21808100 0.02365700
vt 0.19641200 0.02467000
vt 0.20356000 0.02820200
vt 0.20378400 0.02142700
vt 0.21367600 0.03116800
vt 0.21750000 0.03714700
vt 0.21179500 0.03816900
vt 0.20104400 0.03307200
vt 0.19355000 0.02880200
vt 0.22306200 0.01855900
vt 0.21951600 0.02050000
vt 0.22197600 0.02312600
vt 0.22106500 0.02216700
vt 0.22777100 0.02253800
vt 0.22686600 0.02626400
vt 0.22279600 0.03305700
vt 0.22294300 0.02759300
vt 0.22605300 0.03017000
vt 0.22894400 0.02637600
vt 0.22769600 0.03015100
vt 0.22263700 0.03650700
vt 0.22980400 0.02928200
vt 0.22980400 0.02928200
vt 0.18737800 0.02193600
vt 0.15019500 0.97163900
vt 0.15920600 0.96611900
vt 0.14857400 0.96891000
vt 0.15460200 0.96431100
vt 0.18931800 0.03318500
vt 0.17838900 0.02312200
vt 0.14091400 0.97251800
vt 0.18292600 0.03129400
vt 0.17052100 0.02737700
vt 0.17263600 0.03159500
vt 0.16150500 0.95881700
vt 0.16109900 0.96299300
vt 0.16429300 0.95805600
vt 0.16082400 0.95479200
vt 0.15746400 0.96246700
vt 0.15626100 0.95951600
vt 0.15885400 0.95711000
vt 0.15564500 0.95592100
vt 0.15325500 0.95997800
vt 0.13760100 0.94897900
vt 0.20027400 0.04430100
vt 0.21177100 0.04905200
vt 0.19735900 0.04827600
vt 0.20436300 0.05095900
vt 0.19610900 0.05186500
vt 0.21111000 0.05374900
vt 0.20924300 0.05786900
vt 0.21162600 0.05571100
vt 0.20006100 0.05469900
vt 0.20133800 0.05276900
vt 0.20126000 0.05422100
vt 0.19656900 0.05430600
vt 0.19761400 0.05699100
vt 0.18900200 0.03943100
vt 0.18314800 0.03558200
vt 0.17679300 0.03300500
vt 0.17702100 0.03641800
vt 0.17734700 0.03961800
vt 0.18116800 0.03947200
vt 0.18429500 0.03718500
vt 0.18563700 0.03983400
vt 0.18557000 0.04531400
vt 0.18364700 0.04046000
vt 0.19030500 0.05113100
vt 0.18298100 0.04893400
vt 0.17705800 0.04622300
vt 0.18892400 0.05358800
vt 0.19267200 0.05405300
vt 0.18674900 0.05091200
vt 0.18064700 0.04264100
vt 0.18133600 0.05346100
vt 0.18407200 0.05401300
vt 0.19004200 0.05487400
vt 0.17316400 0.04935000
vt 0.17469200 0.04633500
vt 0.18786700 0.05797700
vt 0.22654200 0.08011200
vt 0.20533300 0.07490800
vt 0.22189900 0.10369800
vt 0.21088100 0.07974700
vt 0.20013000 0.48912000
vt 0.18251400 0.45656500
vt 0.20617600 0.11853900
vt 0.22141900 0.13713400
vt 0.21057800 0.10710300
vt 0.20335000 0.09916100
vt 0.18994900 0.08853900
vt 0.19149000 0.10596300
vt 0.18705700 0.07810100
vt 0.18283200 0.07049700
vt 0.18150200 0.05536100
vt 0.17832600 0.05693100
vt 0.17550800 0.05449800
vt 0.15851000 0.06791500
vt 0.15877700 0.05573200
vt 0.15766000 0.07302200
vt 0.20090500 0.50411000
vt 0.14947500 0.50035400
vt 0.14286600 0.50432400
vt 0.17132500 0.10654200
vt 0.16773500 0.07716800
vt 0.13369100 0.48623400
vt 0.18724500 0.49259300
vt 0.25202500 0.02431500
vt 0.23969900 0.52297200
vt 0.23215400 0.52056200
vt 0.25408100 0.02321200
vt 0.24802400 0.02470300
vt 0.24451000 0.02517000
vt 0.22180100 0.52080600
vt 0.22445300 0.51387700
vt 0.22982500 0.52290100
vt 0.22633400 0.52229300
vt 0.21446100 0.52196100
vt 0.21127900 0.51528900
vt 0.21042800 0.52041500
vt 0.19551400 0.52124300
vt 0.20127300 0.52011300
vt 0.21322500 0.51272400
vt 0.19762800 0.51214500
vt 0.20670900 0.57628100
vt 0.19197600 0.51516500
vt 0.19281600 0.51934700
vt 0.18298100 0.51936700
vt 0.16982900 0.52120200
vt 0.16234600 0.52734800
vt 0.16885000 0.51988300
vt 0.15382700 0.53136700
vt 0.19292600 0.50808200
vt 0.18221500 0.51201700
vt 0.16891000 0.50763700
vt 0.16828200 0.51831500
vt 0.17133800 0.51383000
vt 0.15551700 0.51949400
vt 0.15795000 0.51748700
vt 0.15782500 0.51165100
vt 0.15271800 0.03062000
vt 0.15404000 0.02722500
vt 0.16347600 0.03044000
vt 0.13693500 0.02649100
vt 0.11970000 0.97363700
vt 0.15748700 0.02430200
vt 0.15753100 0.03215300
vt 0.14745900 0.03019800
vt 0.15024900 0.03416000
vt 0.14554300 0.03368900
vt 0.15071700 0.03593700
vt 0.14894000 0.03895900
vt 0.14195600 0.03948300
vt 0.14255000 0.03086200
vt 0.13799200 0.02917200
vt 0.13477000 0.02805300
vt 0.12322800 0.02229800
vt 0.08648000 0.97241400
vt 0.14167600 0.03617300
vt 0.13861900 0.03144300
vt 0.13499700 0.03129400
vt 0.13840800 0.03437000
vt 0.13561600 0.03470900
vt 0.13130900 0.97128400
vt 0.13823600 0.96679700
vt 0.13646900 0.95183600
vt 0.12789700 0.96661800
vt 0.12226700 0.97079600
vt 0.13344200 0.93761500
vt 0.13270100 0.94827900
vt 0.12138600 0.96514200
vt 0.12240200 0.94916200
vt 0.11458700 0.95389900
vt 0.12548900 0.94775700
vt 0.12855600 0.93949700
vt 0.12945700 0.94329100
vt 0.12380800 0.93829400
vt 0.10420300 0.94479100
vt 0.09675300 0.94788300
vt 0.17458300 0.03690900
vt 0.17248900 0.03308900
vt 0.17557900 0.03990300
vt 0.16642600 0.03298100
vt 0.16526500 0.03728900
vt 0.17290000 0.04029500
vt 0.16896000 0.03880000
vt 0.17290100 0.04220900
vt 0.17154800 0.04239100
vt 0.16830300 0.04207400
vt 0.17161800 0.04459400
vt 0.17206600 0.04794600
vt 0.16738200 0.04452900
vt 0.16359600 0.04356700
vt 0.16661800 0.04861900
vt 0.16520200 0.04499500
vt 0.16032000 0.03591100
vt 0.15667800 0.03687100
vt 0.15493600 0.03382800
vt 0.15601400 0.04203600
vt 0.15433000 0.03830400
vt 0.15982200 0.04110500
vt 0.15835800 0.04132500
vt 0.16047700 0.04429400
vt 0.11892100 0.97069500
vt 0.11437300 0.96957500
vt 0.10452700 0.96700400
vt 0.10203100 0.97086400
vt 0.08244400 0.96931200
vt 0.12678500 0.02654900
vt 0.12694500 0.02789900
vt 0.13108400 0.02916200
vt 0.12949000 0.03172000
vt 0.12702200 0.02998500
vt 0.11481100 0.02386200
vt 0.07860100 0.97427200
vt 0.12127600 0.02590500
vt 0.11524000 0.02713100
vt 0.08055300 0.96577000
vt 0.07529700 0.97149900
vt 0.07819500 0.97063600
vt 0.11107200 0.02612800
vt 0.07542900 0.97502300
vt 0.11145500 0.02292000
vt 0.07809200 0.96762400
vt 0.08045300 0.95836600
vt 0.07432700 0.96914600
vt 0.07813700 0.95971100
vt 0.07248700 0.95850300
vt 0.05915700 0.97181500
vt 0.05698700 0.96803900
vt 0.05847000 0.96259500
vt 0.05698900 0.95504600
vt 0.07269000 0.95579900
vt 0.07831900 0.95276700
vt 0.06849400 0.94379900
vt 0.07993500 0.93195500
vt 0.06883400 0.93845300
vt 0.07695300 0.95578200
vt 0.07464400 0.95401000
vt 0.07233500 0.95062900
vt 0.06614900 0.95363100
vt 0.08117500 0.90111600
vt 0.14560100 0.04414000
vt 0.13852000 0.03836100
vt 0.13772100 0.03618700
vt 0.13542200 0.03643000
vt 0.13629300 0.03910000
vt 0.13602200 0.04114600
vt 0.13448600 0.03779500
vt 0.13100700 0.04415900
vt 0.14013800 0.04768300
vt 0.13352800 0.04053500
vt 0.13328200 0.03768100
vt 0.13226700 0.04259000
vt 0.12991000 0.04713600
vt 0.16888400 0.05064600
vt 0.15903600 0.04879200
vt 0.16835900 0.05362800
vt 0.16594900 0.05513300
vt 0.16343400 0.05359300
vt 0.16130000 0.04626500
vt 0.16000100 0.04772800
vt 0.15834000 0.05013800
vt 0.15796000 0.04556400
vt 0.15576900 0.04648300
vt 0.15276400 0.04456900
vt 0.15354500 0.04813300
vt 0.14816100 0.04983600
vt 0.15233400 0.05276900
vt 0.15801500 0.05349200
vt 0.15144600 0.05467500
vt 0.14605400 0.05607000
vt 0.13987100 0.51998900
vt 0.14456800 0.51844600
vt 0.14291400 0.50799700
vt 0.13783100 0.51119400
vt 0.13701300 0.51562000
vt 0.14579300 0.05370200
vt 0.14106900 0.05278100
vt 0.13945200 0.05348000
vt 0.13299900 0.06880500
vt 0.13226200 0.04954800
vt 0.13206900 0.05258200
vt 0.13148700 0.05413200
vt 0.11917600 0.06101500
vt 0.12798800 0.05514700
vt 0.12868800 0.52245400
vt 0.13635200 0.52662100
vt 0.13185400 0.52838500
vt 0.13437500 0.51839000
vt 0.12909200 0.51953800
vt 0.12496700 0.51537000
vt 0.12824000 0.51778900
vt 0.12861000 0.50927000
vt 0.12123700 0.51938900
vt 0.12276300 0.52070800
vt 0.11976600 0.52139900
vt 0.12469900 0.51857400
vt 0.11517900 0.51715800
vt 0.11678600 0.52020600
vt 0.11510100 0.51229400
vt 0.12563900 0.52083000
vt 0.12637400 0.53719600
vt 0.12431000 0.52880600
vt 0.12155300 0.52798800
vt 0.12164600 0.50987300
vt 0.13223100 0.07514700
vt 0.15190800 0.10270200
vt 0.13990100 0.49665500
vt 0.12159500 0.50012400
vt 0.12805000 0.48946100
vt 0.11857200 0.07173800
vt 0.13592600 0.10713800
vt 0.12172400 0.48760200
vt 0.11654100 0.49052600
vt 0.10280100 0.48729300
vt 0.10518500 0.49012900
vt 0.09609600 0.49454500
vt 0.11883900 0.50548100
vt 0.13302700 0.03522300
vt 0.12974700 0.03511200
vt 0.12772700 0.03219000
vt 0.12336100 0.03235300
vt 0.12543700 0.03245900
vt 0.12513400 0.03650800
vt 0.12724100 0.03422700
vt 0.12887900 0.03736400
vt 0.13026300 0.03666300
vt 0.12942100 0.04084600
vt 0.12778100 0.03890400
vt 0.12684300 0.04017900
vt 0.12633100 0.04154500
vt 0.12331800 0.03614800
vt 0.12432400 0.04375000
vt 0.11567800 0.03080800
vt 0.12064200 0.02943600
vt 0.11164600 0.02993200
vt 0.11131500 0.03917900
vt 0.11496200 0.04158800
vt 0.11931900 0.04132400
vt 0.12226500 0.04681400
vt 0.12478200 0.05238900
vt 0.11616100 0.04748300
vt 0.10840100 0.04138400
vt 0.11373500 0.05166300
vt 0.11099000 0.04421800
vt 0.10873600 0.04737800
vt 0.08995200 0.03142900
vt 0.09121600 0.02754300
vt 0.09825900 0.02882800
vt 0.10888400 0.02993500
vt 0.09433500 0.02357000
vt 0.05847100 0.97625000
vt 0.10723300 0.03988700
vt 0.09951700 0.03895100
vt 0.10096500 0.04442500
vt 0.09340300 0.03441500
vt 0.09029100 0.03913300
vt 0.11112800 0.04880000
vt 0.11049500 0.05340500
vt 0.12127900 0.05342900
vt 0.10793600 0.05230600
vt 0.10630100 0.06757500
vt 0.10230600 0.06068400
vt 0.10298800 0.04842800
vt 0.09928500 0.04743300
vt 0.10721500 0.05088500
vt 0.10303200 0.05173600
vt 0.10058000 0.05050600
vt 0.10210200 0.05348800
vt 0.09750600 0.05325900
vt 0.09584200 0.04728900
vt 0.08695100 0.04490800
vt 0.08105700 0.04083100
vt 0.08305200 0.04973500
vt 0.09485200 0.05655500
vt 0.09916600 0.05976800
vt 0.09770300 0.05616700
vt 0.09994700 0.06356900
vt 0.10080400 0.06802800
vt 0.09842300 0.06469800
vt 0.09662200 0.06173300
vt 0.08982800 0.06377700
vt 0.08677700 0.05437500
vt 0.10925100 0.51916400
vt 0.10582300 0.52071800
vt 0.11873300 0.55094000
vt 0.09851600 0.52895900
vt 0.09635900 0.51922000
vt 0.09936600 0.51694600
vt 0.09138800 0.52047800
vt 0.08040700 0.54881700
vt 0.04932600 0.54673200
vt 0.11175000 0.50854600
vt 0.10609700 0.51056500
vt 0.09822000 0.50570000
vt 0.09664000 0.50946000
vt 0.10020600 0.50055000
vt 0.09216500 0.51635500
vt 0.09137700 0.51892700
vt 0.08271700 0.51866800
vt 0.08962600 0.51186200
vt 0.08310100 0.51576900
vt 0.07735000 0.52118800
vt 0.07648800 0.51838400
vt 0.07500700 0.51535400
vt 0.07783000 0.50908800
vt 0.08382100 0.50729700
vt 0.07416200 0.50529600
vt 0.08236900 0.50296000
vt 0.06770700 0.50949300
vt 0.15190200 0.57379800
vt 0.14776600 0.53124600
vt 0.14383900 0.56382000
vt 0.13403800 0.56229700
vt 0.15125800 0.61061100
vt 0.13315500 0.59425100
vt 0.12786000 0.62383700
vt 0.12043800 0.58015900
vt 0.12371300 0.56288500
vt 0.12152800 0.64215900
vt 0.12465600 0.61328600
vt 0.13272000 0.61903800
vt 0.11465500 0.58202100
vt 0.11382200 0.57692900
vt 0.11635400 0.57811300
vt 0.11866300 0.57700600
vt 0.11256600 0.59046100
vt 0.11239400 0.58679400
vt 0.11162600 0.58299100
vt 0.11655000 0.63112500
vt 0.10827000 0.59040700
vt 0.10961400 0.58627000
vt 0.10626500 0.58887300
vt 0.10336600 0.59342100
vt 0.09664400 0.60220700
vt 0.13652800 0.53106800
vt 0.13487100 0.53369700
vt 0.13460200 0.54607700
vt 0.12991100 0.53227000
vt 0.12983800 0.55353600
vt 0.09758000 0.55412000
vt 0.09743700 0.55954600
vt 0.08963500 0.54866400
vt 0.09385600 0.55466600
vt 0.09152500 0.55277900
vt 0.08707300 0.55092100
vt 0.08788200 0.55399600
vt 0.09162100 0.55671700
vt 0.09520800 0.55893700
vt 0.09267600 0.56084200
vt 0.08985600 0.55738400
vt 0.10995200 0.56900300
vt 0.10685200 0.57082600
vt 0.11034100 0.57269900
vt 0.10829800 0.57454400
vt 0.11144800 0.57900100
vt 0.10771900 0.57686100
vt 0.10373000 0.57506300
vt 0.09716600 0.56827800
vt 0.10106500 0.57060200
vt 0.09546600 0.56291800
vt 0.09405200 0.56735400
vt 0.10393200 0.57284200
vt 0.10070100 0.57403000
vt 0.10073400 0.57756900
vt 0.09618900 0.57371300
vt 0.09802600 0.57507800
vt 0.09408700 0.57804600
vt 0.09660400 0.57824300
vt 0.09799200 0.58059300
vt 0.09213400 0.56518500
vt 0.09005600 0.56409300
vt 0.10944900 0.58301600
vt 0.10367200 0.58252200
vt 0.10556700 0.58670600
vt 0.10309200 0.59104500
vt 0.10100700 0.58861800
vt 0.10237700 0.58717600
vt 0.09910700 0.58507200
vt 0.05560100 0.95786000
vt 0.04942700 0.94955300
vt 0.05690800 0.95032200
vt 0.05588700 0.95337900
vt 0.05299800 0.94579800
vt 0.06553300 0.93923300
vt 0.06291000 0.94067700
vt 0.06369500 0.93617500
vt 0.06363900 0.92018600
vt 0.04486000 0.94593000
vt 0.05663000 0.93225600
vt 0.05074300 0.93678200
vt 0.04693400 0.92872200
vt 0.04418300 0.93871700
vt 0.03897900 0.93852100
vt 0.04449900 0.92037600
vt 0.05781000 0.90023800
vt 0.05282100 0.91412700
vt 0.03986500 0.91144700
vt 0.03728300 0.92446200
vt 0.04549900 0.89808600
vt 0.03093000 0.90014400
vt 0.02227500 0.56468200
vt 0.03911800 0.89364400
vt 0.03389300 0.90853300
vt 0.08629600 0.02666400
vt 0.05014500 0.97885200
vt 0.07935800 0.02607700
vt 0.04316900 0.97766600
vt 0.05258000 0.97467400
vt 0.04607000 0.97373200
vt 0.04676600 0.97001400
vt 0.04018500 0.97131000
vt 0.08474500 0.03091400
vt 0.07791300 0.03064600
vt 0.07900700 0.03887600
vt 0.03799300 0.97333100
vt 0.00727200 0.49789500
vt 0.03507600 0.97645300
vt 0.07156300 0.02724300
vt 0.00718500 0.50020100
vt 0.03432300 0.97415500
vt 0.07489500 0.03304000
vt 0.07055800 0.03166300
vt 0.01129300 0.49574800
vt 0.01126100 0.49824000
vt 0.04599800 0.95949600
vt 0.04467400 0.96584900
vt 0.03936200 0.96832700
vt 0.04670000 0.95526000
vt 0.04795400 0.95329600
vt 0.04198100 0.95783400
vt 0.03938500 0.95329100
vt 0.03521400 0.97015200
vt 0.01110600 0.50608300
vt 0.03016600 0.96791800
vt 0.01208200 0.50098700
vt 0.03630400 0.96059300
vt 0.03452200 0.95902900
vt 0.03310100 0.96173400
vt 0.03691100 0.95457500
vt 0.03485400 0.95754100
vt 0.03435700 0.95270000
vt 0.04105100 0.94916700
vt 0.03522200 0.94909000
vt 0.03801700 0.94624600
vt 0.03117600 0.96241800
vt 0.03044400 0.96015500
vt 0.03155000 0.95739200
vt 0.02896400 0.96401800
vt 0.01293700 0.50943500
vt 0.02728400 0.96119400
vt 0.01538200 0.51080300
vt 0.02944600 0.95848800
vt 0.01439900 0.50475100
vt 0.01675700 0.50682700
vt 0.02566700 0.95767500
vt 0.01874400 0.51172600
vt 0.03233600 0.95437600
vt 0.01953000 0.51487100
vt 0.02833800 0.95414500
vt 0.01994800 0.51628400
vt 0.02921200 0.95231800
vt 0.01960600 0.51888600
vt 0.02979400 0.94918400
vt 0.02309000 0.51429100
vt 0.02343900 0.51576800
vt 0.01951000 0.52044200
vt 0.03023300 0.94730500
vt 0.02189600 0.51971400
vt 0.02679300 0.51763300
vt 0.02620000 0.51957900
vt 0.07005500 0.03399800
vt 0.01350500 0.49489200
vt 0.07433400 0.04002900
vt 0.07545600 0.04346300
vt 0.07105400 0.04403200
vt 0.06931500 0.03991500
vt 0.01922300 0.49350100
vt 0.01944800 0.49640200
vt 0.06801700 0.04366800
vt 0.02307800 0.49422500
vt 0.08095100 0.04575100
vt 0.02357600 0.49658000
vt 0.07442800 0.04526100
vt 0.07736000 0.05320600
vt 0.07222400 0.04837900
vt 0.07261400 0.05685700
vt 0.01573800 0.49877900
vt 0.02109200 0.49872900
vt 0.01914700 0.50300600
vt 0.02236300 0.50976500
vt 0.02617700 0.50134700
vt 0.02778500 0.50896900
vt 0.02615700 0.51337200
vt 0.03065000 0.51286000
vt 0.03122100 0.50375900
vt 0.03176000 0.49739000
vt 0.03185100 0.49473900
vt 0.03326100 0.51254800
vt 0.03775400 0.51598000
vt 0.03924800 0.50777200
vt 0.04807500 0.50313400
vt 0.03505500 0.94462400
vt 0.03189900 0.94469600
vt 0.01855600 0.52291600
vt 0.03245300 0.93809100
vt 0.01879700 0.52881000
vt 0.03191700 0.92899500
vt 0.02055700 0.53683700
vt 0.02307500 0.52736400
vt 0.02318100 0.52251700
vt 0.02479900 0.53537900
vt 0.02418400 0.52723200
vt 0.02673200 0.52526200
vt 0.02836700 0.53852500
vt 0.02965200 0.52729400
vt 0.03414200 0.91748200
vt 0.03703200 0.54644600
vt 0.03491800 0.54790900
vt 0.03450600 0.54263100
vt 0.03806300 0.54943700
vt 0.03616200 0.55143100
vt 0.06900600 0.51917000
vt 0.06270200 0.51713700
vt 0.05943800 0.51872300
vt 0.06048900 0.52143900
vt 0.06155900 0.51443100
vt 0.05141600 0.51221800
vt 0.05676900 0.51363700
vt 0.05079100 0.51487000
vt 0.04983300 0.52017800
vt 0.05048500 0.51758600
vt 0.05464100 0.51661300
vt 0.05784100 0.50736200
vt 0.03646900 0.52579100
vt 0.04124800 0.52433500
vt 0.04258800 0.53209700
vt 0.03379700 0.53951500
vt 0.04626000 0.51811200
vt 0.04722300 0.51502100
vt 0.04035400 0.51139400
vt 0.04159700 0.51489300
vt 0.04321800 0.51963000
vt 0.04367000 0.51605000
vt 0.04787400 0.51164500
vt 0.04490800 0.51297200
vt 0.04500000 0.51013300
vt 0.04720800 0.52503100
vt 0.04367800 0.52420000
vt 0.04855200 0.54033000
vt 0.04486000 0.53369100
vt 0.03786900 0.54384100
vt 0.04137200 0.54205000
vt 0.04058900 0.54612200
vt 0.04629200 0.54875000
vt 0.04217400 0.55276700
vt 0.03987700 0.55358900
vt 0.04439000 0.54926200
vt 0.03030700 0.91165600
vt 0.02284000 0.55326700
vt 0.02476100 0.55603200
vt 0.02939800 0.55550500
vt 0.02916700 0.89063700
vt 0.02396900 0.57422300
vt 0.02832000 0.54677200
vt 0.03044600 0.54756700
vt 0.02998600 0.55254200
vt 0.03422300 0.55501500
vt 0.03927300 0.55740900
vt 0.04401300 0.55954600
vt 0.08136000 0.87182000
vt 0.52728300 0.03107200
vt 0.07386300 0.87600300
vt 0.07469300 0.86753700
vt 0.51468800 0.02603800
vt 0.06126800 0.87096900
vt 0.06429900 0.86613600
vt 0.50952600 0.02806000
vt 0.05699900 0.87895300
vt 0.51042000 0.03402100
vt 0.06008300 0.86962500
vt 0.51350300 0.02469400
vt 0.51691700 0.01995200
vt 0.06349700 0.86488400
vt 0.04955900 0.89360500
vt 0.50297900 0.04867400
vt 0.51080700 0.02374900
vt 0.50805400 0.02591800
vt 0.51327800 0.02211900
vt 0.51441200 0.01772000
vt 0.51565300 0.01880300
vt 0.50855400 0.02201300
vt 0.51096300 0.01999600
vt 0.50803300 0.01258600
vt 0.51054400 0.01447000
vt 0.50983300 0.01651600
vt 0.50622300 0.01871300
vt 0.49858500 0.01770800
vt 0.50309400 0.01312700
vt 0.08490900 0.86468500
vt 0.09625700 0.83458300
vt 0.07806500 0.85486400
vt 0.06191100 0.85285600
vt 0.07607400 0.86122900
vt 0.07155800 0.86039200
vt 0.06251900 0.85795700
vt 0.06403200 0.86285900
vt 0.06100800 0.85988900
vt 0.06148000 0.86274000
vt 0.51965200 0.01842500
vt 0.05838300 0.83692500
vt 0.09595700 0.59608300
vt 0.09369100 0.60896700
vt 0.08805100 0.61343300
vt 0.51488000 0.01500100
vt 0.51744700 0.01272100
vt 0.06055200 0.86856300
vt 0.05962100 0.86091300
vt 0.05819700 0.86675400
vt 0.05863100 0.87081100
vt 0.51849600 0.00992100
vt 0.05738800 0.86934000
vt 0.05677600 0.86634600
vt 0.50993400 0.01066100
vt 0.51079100 0.01174200
vt 0.51201200 0.01456300
vt 0.51321800 0.01063000
vt 0.51215200 0.00875700
vt 0.51528800 0.00776700
vt 0.05590500 0.87431400
vt 0.51497900 0.01092700
vt 0.51324900 0.00765200
vt 0.05539900 0.87645800
vt 0.51324900 0.00765200
vt 0.05573900 0.87175400
vt 0.05524900 0.86880500
vt 0.05418700 0.87482300
vt 0.05348700 0.87134100
vt 0.04989000 0.86762400
vt 0.50744900 0.00955600
vt 0.05071800 0.88026400
vt 0.51211200 0.00718500
vt 0.05424300 0.87693200
vt 0.05239400 0.87531200
vt 0.49621400 0.01255000
vt 0.04054200 0.87446600
vt 0.04228700 0.87090800
vt 0.04621500 0.86880700
vt 0.08052300 0.61299200
vt 0.04763300 0.65394900
vt 0.04228800 0.87918500
vt 0.49570800 0.03425400
vt 0.03538200 0.89095400
vt 0.03578800 0.87494800
vt 0.50045600 0.02996300
vt 0.49866500 0.02833800
vt 0.49809300 0.02606900
vt 0.03937300 0.87464500
vt 0.49279300 0.02971300
vt 0.49476600 0.01497000
vt 0.49073700 0.01307000
vt 0.03690200 0.86989300
vt 0.48485900 0.01760800
vt 0.03525100 0.87293300
vt 0.48867200 0.02800100
vt 0.03207100 0.87909900
vt 0.03056600 0.87424800
vt 0.02471700 0.58949400
vt 0.02875900 0.87498900
vt 0.02830700 0.86959500
vt 0.02758400 0.59341200
vt 0.48689600 0.02344600
vt 0.03347600 0.86837800
vt 0.48743900 0.02031000
vt 0.48445900 0.02456100
vt 0.03103900 0.86949200
vt 0.05812900 0.85540600
vt 0.05939300 0.85825900
vt 0.05652200 0.85977700
vt 0.05461600 0.85681900
vt 0.05149500 0.85088300
vt 0.05174000 0.85419800
vt 0.04915700 0.85262100
vt 0.04435600 0.84718400
vt 0.05121700 0.84137700
vt 0.04738600 0.84278700
vt 0.06055100 0.81859400
vt 0.05265900 0.82883700
vt 0.04865300 0.83477800
vt 0.04453200 0.83909600
vt 0.04454700 0.82960400
vt 0.05018400 0.80925700
vt 0.05316400 0.81440300
vt 0.04749400 0.81118200
vt 0.04203700 0.82343000
vt 0.03994000 0.81449000
vt 0.05551700 0.86419800
vt 0.05184900 0.85943400
vt 0.04502300 0.86332100
vt 0.04747800 0.85774000
vt 0.04371900 0.85326400
vt 0.04247300 0.85172100
vt 0.04287900 0.85695800
vt 0.03566600 0.85318800
vt 0.04767800 0.86798700
vt 0.04036300 0.86582000
vt 0.03178200 0.86314600
vt 0.03795400 0.86078000
vt 0.03388900 0.85740800
vt 0.48384600 0.01522700
vt 0.03125700 0.86500600
vt 0.03460700 0.86031400
vt 0.03202100 0.85968900
vt 0.03627500 0.85202700
vt 0.03894100 0.84351800
vt 0.03577300 0.84537900
vt 0.03982500 0.83577600
vt 0.03589900 0.83080100
vt 0.03131500 0.84460100
vt 0.03103700 0.85503700
vt 0.03167900 0.85149500
vt 0.02934300 0.85791700
vt 0.02775400 0.86117800
vt 0.03009700 0.60362500
vt 0.02676500 0.85792900
vt 0.03055000 0.60700100
vt 0.02721900 0.61319500
vt 0.02783400 0.85026000
vt 0.02375500 0.63219400
vt 0.03166100 0.83060500
vt 0.02323800 0.63811000
vt 0.03268900 0.82474500
vt 0.03601900 0.80744300
vt 0.02112300 0.65597100
vt 0.02412300 0.64569600
vt 0.02733100 0.63873400
vt 0.03153700 0.64884700
vt 0.02773800 0.65190600
vt 0.04055600 0.64649700
vt 0.08380400 0.55311500
vt 0.08135100 0.55124200
vt 0.08004500 0.55491500
vt 0.07446000 0.55368100
vt 0.08473900 0.55652600
vt 0.08418800 0.56067900
vt 0.07979500 0.55787500
vt 0.07701900 0.55391500
vt 0.07718400 0.55851300
vt 0.07953200 0.56256800
vt 0.07093100 0.56862800
vt 0.07525500 0.55768400
vt 0.07434000 0.56159900
vt 0.07680800 0.56243700
vt 0.07512200 0.56529800
vt 0.07838200 0.56562400
vt 0.07571700 0.57210100
vt 0.09008300 0.57262300
vt 0.09131000 0.56957500
vt 0.08682700 0.57189100
vt 0.07982100 0.57257900
vt 0.09133900 0.57861800
vt 0.09597900 0.58201800
vt 0.09383500 0.58361600
vt 0.09344200 0.58699000
vt 0.08491900 0.58553900
vt 0.07702400 0.58298000
vt 0.08919900 0.56765500
vt 0.08692700 0.56542400
vt 0.08519500 0.56858800
vt 0.08174900 0.57100900
vt 0.08125800 0.56839200
vt 0.08183900 0.56618100
vt 0.07758800 0.56875500
vt 0.07483400 0.57825800
vt 0.07268400 0.57352000
vt 0.05516800 0.57182900
vt 0.05926800 0.56768400
vt 0.05989800 0.57100200
vt 0.06932400 0.57126500
vt 0.06491900 0.57000800
vt 0.06778300 0.57334600
vt 0.07081500 0.57628700
vt 0.06718800 0.57619000
vt 0.06962900 0.58022600
vt 0.06280200 0.57438800
vt 0.06112200 0.57333400
vt 0.06195400 0.58104500
vt 0.07445000 0.58289300
vt 0.07155700 0.58105500
vt 0.07400400 0.58552200
vt 0.07139300 0.58967900
vt 0.07006600 0.58616500
vt 0.06665600 0.58901100
vt 0.06639400 0.58663100
vt 0.05730200 0.57305200
vt 0.05782900 0.57580400
vt 0.05185800 0.58009000
vt 0.05424900 0.57821900
vt 0.05840700 0.58315300
vt 0.05426900 0.58452300
vt 0.05612400 0.57998100
vt 0.06226600 0.58890600
vt 0.06609900 0.59149400
vt 0.06106500 0.59076800
vt 0.06085300 0.59380000
vt 0.05521600 0.59019700
vt 0.05786100 0.58892700
vt 0.06155800 0.58644900
vt 0.05876700 0.58748500
vt 0.05556700 0.58599600
vt 0.05876300 0.57843200
vt 0.09799400 0.58618500
vt 0.09715800 0.58818600
vt 0.09937900 0.59053200
vt 0.09083200 0.58869500
vt 0.09453800 0.59722900
vt 0.09181800 0.59253300
vt 0.09363800 0.60338600
vt 0.09086900 0.59705100
vt 0.08833200 0.59444800
vt 0.08731200 0.59041200
vt 0.08470100 0.59331000
vt 0.08218300 0.59011300
vt 0.07838000 0.59170600
vt 0.08182300 0.59314100
vt 0.08008800 0.59601800
vt 0.07865900 0.59470800
vt 0.08700400 0.59664100
vt 0.09189500 0.60169800
vt 0.08979600 0.60581500
vt 0.08988500 0.60245900
vt 0.08091300 0.59852500
vt 0.08585000 0.60336700
vt 0.09168300 0.60797200
vt 0.08848800 0.61075600
vt 0.08581000 0.60774500
vt 0.07351600 0.59209200
vt 0.07526300 0.59442900
vt 0.07650600 0.59763400
vt 0.07391800 0.59859700
vt 0.07151800 0.60144400
vt 0.07347900 0.60853500
vt 0.07491400 0.60656700
vt 0.07807300 0.60924100
vt 0.08273100 0.60512400
vt 0.07901000 0.60264800
vt 0.07676800 0.60025200
vt 0.07886200 0.60616200
vt 0.07398400 0.60235100
vt 0.07680400 0.60408700
vt 0.06826500 0.59329300
vt 0.08339500 0.61114000
vt 0.08233000 0.60846900
vt 0.02732000 0.57408500
vt 0.02785100 0.58394600
vt 0.03601500 0.57110800
vt 0.04128800 0.57535200
vt 0.03465000 0.56193900
vt 0.03030700 0.58865700
vt 0.48320300 0.02253500
vt 0.02978300 0.86746600
vt 0.02813700 0.86752400
vt 0.02855800 0.59534700
vt 0.02962200 0.59834100
vt 0.48108000 0.01955700
vt 0.02766000 0.86448800
vt 0.03394000 0.59900000
vt 0.03189500 0.59856400
vt 0.02710900 0.86370100
vt 0.47995600 0.01690500
vt 0.03026200 0.60110100
vt 0.04120500 0.59082500
vt 0.04827200 0.58185700
vt 0.04798600 0.61145900
vt 0.04585100 0.57616700
vt 0.04375000 0.57331200
vt 0.04293700 0.58425500
vt 0.04122400 0.60393400
vt 0.04457600 0.59128500
vt 0.04529900 0.61446200
vt 0.04319100 0.62324300
vt 0.03226000 0.60213900
vt 0.04535000 0.66183300
vt 0.26613400 0.02240100
vt 0.28423300 0.78733100
vt 0.28584000 0.77788300
vt 0.30790300 0.77288900
vt 0.27983600 0.77221100
vt 0.30246900 0.76106600
vt 0.29209300 0.76683500
vt 0.29972900 0.75131700
vt 0.26977400 0.81413800
vt 0.28443300 0.81106800
vt 0.24823800 0.81238700
vt 0.25456300 0.80588600
vt 0.22366900 0.80938300
vt 0.23835800 0.80534000
vt 0.23802600 0.80214000
vt 0.20448000 0.80452000
vt 0.21309400 0.78745100
vt 0.24736700 0.62724400
vt 0.24719900 0.65858100
vt 0.25575100 0.66382600
vt 0.21853100 0.69455800
vt 0.19211900 0.65013900
vt 0.19112400 0.66156000
vt 0.27920800 0.80531500
vt 0.27733200 0.78880600
vt 0.27083600 0.78160200
vt 0.28420500 0.69784200
vt 0.31110400 0.74061600
vt 0.30329900 0.74742100
vt 0.30646000 0.74106400
vt 0.31108300 0.73439900
vt 0.30902000 0.73148800
vt 0.29817500 0.73931900
vt 0.30114500 0.73500900
vt 0.29774400 0.73226400
vt 0.25351200 0.76463200
vt 0.27675500 0.75878600
vt 0.28624600 0.75229100
vt 0.28226200 0.74969000
vt 0.28853000 0.74595100
vt 0.29492700 0.73457000
vt 0.28349000 0.73821100
vt 0.28951400 0.73335200
vt 0.27803200 0.70244800
vt 0.30042800 0.73019300
vt 0.28973500 0.72623200
vt 0.27542400 0.72028500
vt 0.27231000 0.70807200
vt 0.27616300 0.70786900
vt 0.27781600 0.72286400
vt 0.27072800 0.72555600
vt 0.28397900 0.72947600
vt 0.28280300 0.73106900
vt 0.27560000 0.73301500
vt 0.27158500 0.72958500
vt 0.24659400 0.78866900
vt 0.24422400 0.78153900
vt 0.25608400 0.77307900
vt 0.23740700 0.77138200
vt 0.21392800 0.78043200
vt 0.25601800 0.75266600
vt 0.26508200 0.75024600
vt 0.24495000 0.75912800
vt 0.26011100 0.75801000
vt 0.26501700 0.74408400
vt 0.24232500 0.74800700
vt 0.22848600 0.75594000
vt 0.23292300 0.75019200
vt 0.25168100 0.73706400
vt 0.25589700 0.73172700
vt 0.25900100 0.72869200
vt 0.27048500 0.72067100
vt 0.26788000 0.71099000
vt 0.26606500 0.72207400
vt 0.24201000 0.74269200
vt 0.22950100 0.72353400
vt 0.24543200 0.72828000
vt 0.24065000 0.73079900
vt 0.25721900 0.69660500
vt 0.25033100 0.69624600
vt 0.24325800 0.70157200
vt 0.25154000 0.70095200
vt 0.25172000 0.70934700
vt 0.24017900 0.69620800
vt 0.24386400 0.71118800
vt 0.22292600 0.70039400
vt 0.21786300 0.70522100
vt 0.22976400 0.70917900
vt 0.23827500 0.71406000
vt 0.22516300 0.71340000
vt 0.25380000 0.71948800
vt 0.25035800 0.71440900
vt 0.24673900 0.72170300
vt 0.25041400 0.71998000
vt 0.24162400 0.71900100
vt 0.22813500 0.72074800
vt 0.22896600 0.72742800
vt 0.21940300 0.71789300
vt 0.18603400 0.80922600
vt 0.19562700 0.78620100
vt 0.18428900 0.80193700
vt 0.18513400 0.78618300
vt 0.18370300 0.78350700
vt 0.17735000 0.79389400
vt 0.17498300 0.77064000
vt 0.19282900 0.69409900
vt 0.16976100 0.68078600
vt 0.13674600 0.81065600
vt 0.16414100 0.77829600
vt 0.14086500 0.77366900
vt 0.16058100 0.76469700
vt 0.15142800 0.76792800
vt 0.22581000 0.76060500
vt 0.21529500 0.76914000
vt 0.20046700 0.77209500
vt 0.21058600 0.75928100
vt 0.18201600 0.74795700
vt 0.22793300 0.75300500
vt 0.22119100 0.74787800
vt 0.18580000 0.76437900
vt 0.19049800 0.77491000
vt 0.19964100 0.75427200
vt 0.18890500 0.75754900
vt 0.16622100 0.74529100
vt 0.19434400 0.74263600
vt 0.22282800 0.74250800
vt 0.21657400 0.73607900
vt 0.16722300 0.75703300
vt 0.17046100 0.75267200
vt 0.18120700 0.75219100
vt 0.21450300 0.70851600
vt 0.19541500 0.73107000
vt 0.20489000 0.71963600
vt 0.20238800 0.71754100
vt 0.20179500 0.72279300
vt 0.19662600 0.72184500
vt 0.19681800 0.72581200
vt 0.19877300 0.71899600
vt 0.19124300 0.72543700
vt 0.20067900 0.69945100
vt 0.20399900 0.70432800
vt 0.16754500 0.69822700
vt 0.19540700 0.70541300
vt 0.20272100 0.70919800
vt 0.19918100 0.70601000
vt 0.19878400 0.71096000
vt 0.19862800 0.71648300
vt 0.19556500 0.71654700
vt 0.18111200 0.71621800
vt 0.19333600 0.71869800
vt 0.21728600 0.73019300
vt 0.21200800 0.72676400
vt 0.19837600 0.72807600
vt 0.18535000 0.72903400
vt 0.18209300 0.72542400
vt 0.17385800 0.72794800
vt 0.14115200 0.76146100
vt 0.14912000 0.75477600
vt 0.13708600 0.75022300
vt 0.15861000 0.74095100
vt 0.16190200 0.72791100
vt 0.16535300 0.69269700
vt 0.17641700 0.70692800
vt 0.15947700 0.70458700
vt 0.15766300 0.72081800
vt 0.17126100 0.71583900
vt 0.16091300 0.71771200
vt 0.16811700 0.72488400
vt 0.15728100 0.72442900
vt 0.14262200 0.72718000
vt 0.15645700 0.71485800
vt 0.13720100 0.72362100
vt 0.14722800 0.65441300
vt 0.13327000 0.63880200
vt 0.13252500 0.65364500
vt 0.13104400 0.64759100
vt 0.13083100 0.63168800
vt 0.11830500 0.66172900
vt 0.13114200 0.66486100
vt 0.13087500 0.67445600
vt 0.13902100 0.69092500
vt 0.13805700 0.70342000
vt 0.10961200 0.78483700
vt 0.08137300 0.80523900
vt 0.12714300 0.76803800
vt 0.10844500 0.76685000
vt 0.11178600 0.75946400
vt 0.12596400 0.75507600
vt 0.10980700 0.75160300
vt 0.09030700 0.76869000
vt 0.07659600 0.78805200
vt 0.06060700 0.79352200
vt 0.07020100 0.78063100
vt 0.07595400 0.78026800
vt 0.06234700 0.77549900
vt 0.07608900 0.77547100
vt 0.09482600 0.76238700
vt 0.08612300 0.75357100
vt 0.09084700 0.76110900
vt 0.07977100 0.74737300
vt 0.10188500 0.74572600
vt 0.07290800 0.77723700
vt 0.07250700 0.77397800
vt 0.06923000 0.76966400
vt 0.06976400 0.77722800
vt 0.07156800 0.75999100
vt 0.05818300 0.76593700
vt 0.06153600 0.76054100
vt 0.06875400 0.75655800
vt 0.07067800 0.75027800
vt 0.06494300 0.74834800
vt 0.06929600 0.74479600
vt 0.08252200 0.73822500
vt 0.08046300 0.74223500
vt 0.07208900 0.74072700
vt 0.06564000 0.74272300
vt 0.07077600 0.73645300
vt 0.12902800 0.74620400
vt 0.12525300 0.73914300
vt 0.14312300 0.73681500
vt 0.11280300 0.74699000
vt 0.13305500 0.73589300
vt 0.13342700 0.73269200
vt 0.12343000 0.72522800
vt 0.13328500 0.71996100
vt 0.12473900 0.71986300
vt 0.13657700 0.71631100
vt 0.11922200 0.73332100
vt 0.10750900 0.74183500
vt 0.10820800 0.73835600
vt 0.09646800 0.73254700
vt 0.09145400 0.73789300
vt 0.09015800 0.72979200
vt 0.06173700 0.75361800
vt 0.05517100 0.75529200
vt 0.11567500 0.67320800
vt 0.12639300 0.69073700
vt 0.13147200 0.69182400
vt 0.13030900 0.68876200
vt 0.13491700 0.69564300
vt 0.13509900 0.69874600
vt 0.12699800 0.69549700
vt 0.12267900 0.69244100
vt 0.12232600 0.70744300
vt 0.09522100 0.68862700
vt 0.10247200 0.68670400
vt 0.09092700 0.68907400
vt 0.11499000 0.69875200
vt 0.10841500 0.69245600
vt 0.11726600 0.70816700
vt 0.10708100 0.69863600
vt 0.10443800 0.69279100
vt 0.09809900 0.69100500
vt 0.09920800 0.69746000
vt 0.10364100 0.69744500
vt 0.09897000 0.70269900
vt 0.11028000 0.71797500
vt 0.05376300 0.79746800
vt 0.04743600 0.79997100
vt 0.04180900 0.80781000
vt 0.04182000 0.80456700
vt 0.05418600 0.78308000
vt 0.05172900 0.78085800
vt 0.04820400 0.78782300
vt 0.05223500 0.77702500
vt 0.04414300 0.79161700
vt 0.02376700 0.65794300
vt 0.03157900 0.65639800
vt 0.09184900 0.69686800
vt 0.08697000 0.71748900
vt 0.08132800 0.71324300
vt 0.07683700 0.73574300
vt 0.07400800 0.73197900
vt 0.06679000 0.73509500
vt 0.07073800 0.72285300
vt 0.06327300 0.72280400
vt 0.06470800 0.71969400
vt 0.08150700 0.69433700
vt 0.06533100 0.68970700
vt 0.06206000 0.71472500
vt 0.06793700 0.69469400
vt 0.06087300 0.69910500
vt 0.04753700 0.69037300
vt 0.07566400 0.71731900
vt 0.05533900 0.71021500
vt 0.07257100 0.71990800
vt 0.04280500 0.66808800
vt 0.13322900 0.70924300
vt 0.13622400 0.71413200
vt 0.12759000 0.71346600
vt 0.13239200 0.71692700
vt 0.13265200 0.71444600
vt 0.12690900 0.71580600
vt 0.12451600 0.71366000
vt 0.12022300 0.70785200
vt 0.12104600 0.71133900
vt 0.11526700 0.71180500
vt 0.11916100 0.71376900
vt 0.12100300 0.71762300
vt 0.12223700 0.71545000
vt 0.10652300 0.72149400
vt 0.10232900 0.72509300
vt 0.10407900 0.71877100
vt 0.10006000 0.72282100
vt 0.09973400 0.71956300
vt 0.09585500 0.72187500
vt 0.09401300 0.72428900
vt 0.08633300 0.72334100
vt 0.09963000 0.71629600
vt 0.09543900 0.71988700
vt 0.08688000 0.72097000
vt 0.08286000 0.72386800
vt 0.07792000 0.72391300
vt 0.06974000 0.72746300
vt 0.08230800 0.72211100
vt 0.08182400 0.71801200
vt 0.07769500 0.72109700
vt 0.07771400 0.71964200
vt 0.01961200 0.67225000
vt 0.03830900 0.79170400
vt 0.02408900 0.67489700
vt 0.04280400 0.78291300
vt 0.01616300 0.68198500
vt 0.04472300 0.77678100
vt 0.01530100 0.68844600
vt 0.04427600 0.77481000
vt 0.01605800 0.69029800
vt 0.04891300 0.76688900
vt 0.04224600 0.76901400
vt 0.01967600 0.69557000
vt 0.02334200 0.68022800
vt 0.02116200 0.68730400
vt 0.02579600 0.68555100
vt 0.02302800 0.68935400
vt 0.02776300 0.69739700
vt 0.02616000 0.68939000
vt 0.02824500 0.68939600
vt 0.02705900 0.66414100
vt 0.02871100 0.67712600
vt 0.04130800 0.68620500
vt 0.01976200 0.70662800
vt 0.04720400 0.75938600
vt 0.02328300 0.70028000
vt 0.05117300 0.74804300
vt 0.02393800 0.71668700
vt 0.02354600 0.70687800
vt 0.02744900 0.71446800
vt 0.02732700 0.70415100
vt 0.03123300 0.70016900
vt 0.03177000 0.70806500
vt 0.03704400 0.70290300
vt 0.05030900 0.73555400
vt 0.03313400 0.71858300
vt 0.03503400 0.70772000
vt 0.05627600 0.74990000
vt 0.05991200 0.74493300
vt 0.05296100 0.74437200
vt 0.02529100 0.71963600
vt 0.06046100 0.73908700
vt 0.02921000 0.71958800
vt 0.05180000 0.73980100
vt 0.05805900 0.73554900
vt 0.06444400 0.73902400
vt 0.06210100 0.73316400
vt 0.03081100 0.71596200
vt 0.05414500 0.72671200
vt 0.05753300 0.73220900
vt 0.04232800 0.71690100
vt 0.04984700 0.72527900
vt 0.05414400 0.72511600
vt 0.04976700 0.72327700
vt 0.04426000 0.71665500
vt 0.04128500 0.71200300
vt 0.05849000 0.72822500
vt 0.06196100 0.72639000
vt 0.06048600 0.73015900
vt 0.05996700 0.72469800
vt 0.05658000 0.72134500
vt 0.05790400 0.72005400
vt 0.06152300 0.72354300
vt 0.03252800 0.69497300
vt 0.03713000 0.69788700
vt 0.04149400 0.69230800
vt 0.04302600 0.69755000
vt 0.03743200 0.70653100
vt 0.04133600 0.70941400
vt 0.04011000 0.70529100
vt 0.04231600 0.71082600
vt 0.04354600 0.70762000
vt 0.04174900 0.70338100
vt 0.04450000 0.70161500
vt 0.04389400 0.70648000
vt 0.04715000 0.70863900
vt 0.04861300 0.70493900
vt 0.04351600 0.68827300
vt 0.04526700 0.69666500
vt 0.04921600 0.69909400
vt 0.04517800 0.71106500
vt 0.04952400 0.72021900
vt 0.04739500 0.71597900
vt 0.04838300 0.71278400
vt 0.05154700 0.71753500
vt 0.05319300 0.71431700
vt 0.05041200 0.71149800
vt 0.05649200 0.71646900
vt 0.44943100 0.23772800
vt 0.44895700 0.23010900
vt 0.45200900 0.21772900
vt 0.44862000 0.35880900
vt 0.45504000 0.22873400
vt 0.45551000 0.21487600
vt 0.44850800 0.37255700
vt 0.44606800 0.36967900
vt 0.44691500 0.35529100
vt 0.44528400 0.24258300
vt 0.44303300 0.23138400
vt 0.43965700 0.24230700
vt 0.44639100 0.25983200
vt 0.44214000 0.25059000
vt 0.45285400 0.33136600
vt 0.44917900 0.25611500
vt 0.44974900 0.34883700
vt 0.45358600 0.23871900
vt 0.44661700 0.34609200
vt 0.44420400 0.35988400
vt 0.44396500 0.34501600
vt 0.44207000 0.35445200
vt 0.44908300 0.33642300
vt 0.44698100 0.33142800
vt 0.44040100 0.34198800
vt 0.43952000 0.26828000
vt 0.44271300 0.25778200
vt 0.44852100 0.26427500
vt 0.45133100 0.32341600
vt 0.43651500 0.25750300
vt 0.44349000 0.27093700
vt 0.44792600 0.31128500
vt 0.44368300 0.27629400
vt 0.44625200 0.31918800
vt 0.43857900 0.27815300
vt 0.43602600 0.27714400
vt 0.43283100 0.26653900
vt 0.42532400 0.26011100
vt 0.43272500 0.27193900
vt 0.44854200 0.32861800
vt 0.44452000 0.32893300
vt 0.44283900 0.33136200
vt 0.44470200 0.31695700
vt 0.44225700 0.32140100
vt 0.43743900 0.31661500
vt 0.43708500 0.30999500
vt 0.42638900 0.35565100
vt 0.43629000 0.28305200
vt 0.44283300 0.31219700
vt 0.43997500 0.31173100
vt 0.44175000 0.30573700
vt 0.44035600 0.28465900
vt 0.43913700 0.30683600
vt 0.43578700 0.30259500
vt 0.43636200 0.29104600
vt 0.42645700 0.27929600
vt 0.42223600 0.27339600
vt 0.42884800 0.28347000
vt 0.42643100 0.28743700
vt 0.43186700 0.28879400
vt 0.42635200 0.29019600
vt 0.42729600 0.30269600
vt 0.43208900 0.30326100
vt 0.42885400 0.29433000
vt 0.42082200 0.28539200
vt 0.41874500 0.28708700
vt 0.41566600 0.28069000
vt 0.42882100 0.29823900
vt 0.33395100 0.22650400
vt 0.39373800 0.22513600
vt 0.41191100 0.25551500
vt 0.38254200 0.25770000
vt 0.40933400 0.27604900
vt 0.40527900 0.26867100
vt 0.40718300 0.28175100
vt 0.41421100 0.28492400
vt 0.40177600 0.27686900
vt 0.38764700 0.27757700
vt 0.38128000 0.27057400
vt 0.35490900 0.25738600
vt 0.36055800 0.27063600
vt 0.43458100 0.21193300
vt 0.44025400 0.22474600
vt 0.43307000 0.22940100
vt 0.44309600 0.37391600
vt 0.43909600 0.36670400
vt 0.42153300 0.22543500
vt 0.42808100 0.24061800
vt 0.39781400 0.36563400
vt 0.41653900 0.33490400
vt 0.37073700 0.37308700
vt 0.38522300 0.36973000
vt 0.41823600 0.32412800
vt 0.39651500 0.33195600
vt 0.38964100 0.31976400
vt 0.41297100 0.31693400
vt 0.40146200 0.30033500
vt 0.37759100 0.32461400
vt 0.35557100 0.36405100
vt 0.34018900 0.31909500
vt 0.41935800 0.29008400
vt 0.42250700 0.29154400
vt 0.42331200 0.29570500
vt 0.41637500 0.29386600
vt 0.41684700 0.29635800
vt 0.42036300 0.29854700
vt 0.40362700 0.28409200
vt 0.41087600 0.28764900
vt 0.39996700 0.28700900
vt 0.40982800 0.29063400
vt 0.39743600 0.28094200
vt 0.38872900 0.28543800
vt 0.38811900 0.28866100
vt 0.38499400 0.29175300
vt 0.38220700 0.28235700
vt 0.37001800 0.27964600
vt 0.36382700 0.28584600
vt 0.35223700 0.28332300
vt 0.37143100 0.29943100
vt 0.36942400 0.30801300
vt 0.36749100 0.30475500
vt 0.35297300 0.27818100
vt 0.36312500 0.30619200
vt 0.36471100 0.30738900
vt 0.35786400 0.30876400
vt 0.36309000 0.30371000
vt 0.36232500 0.30177800
vt 0.35856200 0.30482200
vt 0.32353600 0.26146200
vt 0.33407500 0.27410800
vt 0.36204000 0.31276800
vt 0.36384200 0.31758900
vt 0.34051400 0.29854500
vt 0.35919900 0.28861500
vt 0.34395400 0.29305700
vt 0.37842300 0.29438100
vt 0.36065800 0.29643400
vt 0.34694800 0.27847200
vt 0.33517100 0.27938000
vt 0.34324400 0.28490200
vt 0.32634300 0.28757700
vt 0.33218400 0.28459200
vt 0.31261200 0.29079200
vt 0.41020700 0.29503100
vt 0.40727600 0.29743500
vt 0.36726500 0.31247800
vt 0.27187600 0.17583600
vt 0.27732300 0.22072100
vt 0.34213800 0.37637500
vt 0.26816500 0.36434400
vt 0.25209000 0.16160200
vt 0.22222500 0.43837100
vt 0.22377700 0.38321900
vt 0.23294700 0.15044300
vt 0.24697300 0.14568400
vt 0.23147700 0.16935700
vt 0.23778600 0.19658800
vt 0.20175400 0.21328900
vt 0.18747400 0.17234800
vt 0.20007100 0.43551700
vt 0.21770600 0.36091000
vt 0.21159200 0.36507500
vt 0.17248200 0.36707900
vt 0.18029400 0.40241900
vt 0.28710600 0.25469200
vt 0.30237100 0.26258100
vt 0.29872300 0.26215900
vt 0.29045600 0.31725200
vt 0.32003900 0.27767700
vt 0.31403900 0.26885400
vt 0.30962000 0.27296200
vt 0.32106000 0.28300800
vt 0.32035700 0.28573400
vt 0.30897500 0.27900100
vt 0.31243700 0.28389000
vt 0.30848100 0.29736500
vt 0.30610400 0.29327400
vt 0.30684900 0.26989000
vt 0.30145400 0.26500900
vt 0.30366300 0.26891700
vt 0.30212300 0.27533200
vt 0.29907200 0.26965900
vt 0.29792700 0.26704000
vt 0.29278800 0.26350900
vt 0.30333800 0.27719600
vt 0.29661500 0.27016100
vt 0.29445300 0.26839900
vt 0.29330900 0.27131900
vt 0.29686400 0.27806900
vt 0.29396200 0.27636100
vt 0.29002500 0.27246600
vt 0.27230900 0.27429200
vt 0.27623400 0.26372600
vt 0.28281500 0.27406900
vt 0.25209600 0.25623100
vt 0.26237200 0.26934600
vt 0.29015600 0.26630200
vt 0.28766200 0.27010600
vt 0.29075800 0.27711600
vt 0.28212200 0.29668500
vt 0.25992900 0.31859300
vt 0.26555500 0.30564300
vt 0.29354700 0.28012200
vt 0.29480200 0.28341800
vt 0.26193700 0.28506200
vt 0.28926800 0.29412900
vt 0.28320200 0.27845400
vt 0.27097400 0.28022700
vt 0.26572600 0.27650500
vt 0.24982800 0.27526300
vt 0.23916400 0.27020400
vt 0.24602900 0.27920100
vt 0.23130400 0.28124900
vt 0.27972400 0.28206100
vt 0.25427500 0.28926700
vt 0.27072200 0.29257100
vt 0.25537300 0.29128000
vt 0.26057700 0.30058600
vt 0.25810600 0.30833000
vt 0.25697600 0.30505000
vt 0.25749600 0.30194500
vt 0.25530800 0.30788400
vt 0.25229100 0.31016200
vt 0.25245200 0.30501000
vt 0.25291100 0.31265500
vt 0.25529900 0.29511200
vt 0.25472900 0.29773900
vt 0.25240700 0.30153200
vt 0.25391900 0.30200700
vt 0.25084300 0.30229800
vt 0.24451700 0.29408600
vt 0.24908900 0.29770500
vt 0.22430700 0.25265600
vt 0.24792600 0.31174700
vt 0.20852400 0.31570500
vt 0.19001900 0.25046800
vt 0.18572500 0.35986500
vt 0.23442300 0.27471900
vt 0.22503900 0.26867400
vt 0.22446600 0.26276100
vt 0.22288300 0.27417300
vt 0.21613300 0.26162400
vt 0.21895900 0.26618100
vt 0.21317300 0.25992500
vt 0.20940600 0.25850200
vt 0.21627000 0.26470200
vt 0.21532200 0.26925200
vt 0.21122300 0.26364300
vt 0.21181500 0.26662200
vt 0.19123700 0.28885300
vt 0.22182800 0.27785800
vt 0.19787600 0.29272000
vt 0.16732400 0.28548400
vt 0.20617400 0.27571600
vt 0.20820300 0.27324900
vt 0.21425500 0.27422400
vt 0.20496900 0.27056100
vt 0.20814000 0.26780200
vt 0.20323500 0.27274500
vt 0.19413100 0.27732000
vt 0.21106000 0.27266200
vt 0.20725200 0.26472600
vt 0.17544500 0.28209600
vt 0.25073700 0.30512000
vt 0.24923100 0.30859500
vt 0.24758100 0.30632400
vt 0.24484300 0.30839300
vt 0.24695800 0.30398700
vt 0.24799100 0.30055100
vt 0.24331000 0.30228400
vt 0.20596000 0.25932500
vt 0.20356200 0.26056700
vt 0.19754200 0.25990000
vt 0.20012500 0.26521200
vt 0.20161800 0.26629600
vt 0.19357500 0.26892900
vt 0.17931800 0.26182400
vt 0.19267500 0.27272200
vt 0.18849100 0.27385700
vt 0.18149900 0.26964400
vt 0.16430600 0.27576400
vt 0.16327300 0.26801300
vt 0.17640700 0.27409200
vt 0.15507100 0.25703200
vt 0.15717200 0.31895500
vt 0.15345500 0.27827600
vt 0.15820500 0.27159500
vt 0.13169700 0.24292200
vt 0.10510800 0.24564200
vt 0.11285300 0.21375600
vt 0.12408700 0.25625800
vt 0.08548700 0.20752000
vt 0.07478100 0.19631300
vt 0.08450300 0.18259500
vt 0.07443800 0.21904700
vt 0.07947100 0.22932400
vt 0.08681900 0.23591200
vt 0.07800000 0.24790800
vt 0.07005800 0.23117600
vt 0.06759000 0.21754700
vt 0.07050500 0.17678500
vt 0.06411600 0.18833100
vt 0.06300800 0.22777600
vt 0.05868300 0.21395300
vt 0.05874500 0.20310500
vt 0.06161600 0.20377700
vt 0.06038600 0.21788700
vt 0.05567400 0.20924800
vt 0.05135700 0.34575400
vt 0.06060100 0.23365700
vt 0.05831300 0.23492300
vt 0.05624100 0.21853000
vt 0.05117700 0.33657000
vt 0.05311500 0.34743800
vt 0.05473300 0.33551600
vt 0.05234300 0.32467000
vt 0.05511500 0.23057500
vt 0.05396800 0.33096100
vt 0.05614100 0.35509300
vt 0.05727300 0.32553000
vt 0.06078100 0.18355600
vt 0.05666300 0.18793200
vt 0.05037200 0.36691900
vt 0.18158200 0.15857500
vt 0.17380000 0.12779700
vt 0.19207700 0.11527300
vt 0.18577200 0.12019700
vt 0.12966300 0.45693800
vt 0.12702800 0.43004600
vt 0.17029700 0.14244400
vt 0.15665300 0.20059500
vt 0.13869100 0.16180400
vt 0.12968700 0.39791900
vt 0.11230100 0.12931500
vt 0.11271900 0.09874500
vt 0.11145100 0.47674300
vt 0.11043100 0.43593500
vt 0.09636500 0.46527100
vt 0.10517800 0.07526800
vt 0.10175200 0.07144800
vt 0.09206700 0.07574400
vt 0.09478700 0.09422600
vt 0.09890900 0.07082900
vt 0.09640200 0.06878200
vt 0.09655300 0.06577800
vt 0.09292500 0.06618100
vt 0.09878100 0.07413900
vt 0.09794300 0.07213000
vt 0.09554000 0.07318600
vt 0.09424500 0.06912000
vt 0.08701100 0.07412000
vt 0.08824900 0.07042300
vt 0.09225900 0.06981800
vt 0.09381900 0.06862300
vt 0.09144700 0.06753000
vt 0.08406400 0.06654300
vt 0.08825300 0.06888800
vt 0.08491300 0.06822500
vt 0.08266500 0.07036600
vt 0.07728600 0.06404200
vt 0.07863400 0.06727800
vt 0.07874200 0.07030600
vt 0.08403300 0.07731200
vt 0.07783200 0.07585600
vt 0.07726700 0.07352200
vt 0.07412300 0.07635700
vt 0.09583500 0.11629900
vt 0.08439300 0.10419700
vt 0.05256800 0.46801100
vt 0.06579800 0.48024100
vt 0.05921900 0.48065000
vt 0.06791600 0.46330700
vt 0.07488200 0.11123900
vt 0.05388900 0.45569700
vt 0.09327200 0.48716100
vt 0.09453600 0.48246500
vt 0.08558400 0.48930000
vt 0.08605800 0.49643100
vt 0.08639300 0.48789400
vt 0.08520000 0.48441800
vt 0.07949500 0.48625200
vt 0.07963000 0.48803500
vt 0.08202700 0.49362100
vt 0.07229100 0.48704500
vt 0.07805300 0.49170700
vt 0.08119600 0.49943700
vt 0.07021200 0.49086200
vt 0.07597900 0.50128000
vt 0.07813200 0.49837200
vt 0.07452300 0.49397400
vt 0.06697600 0.49745600
vt 0.07855300 0.48249800
vt 0.07424600 0.48549200
vt 0.07568000 0.47581100
vt 0.06264200 0.48516600
vt 0.06493600 0.48829500
vt 0.07782000 0.44156500
vt 0.09938900 0.15321300
vt 0.10815900 0.17377900
vt 0.10232600 0.39553400
vt 0.09968400 0.43260000
vt 0.09236800 0.41151000
vt 0.08683600 0.13629100
vt 0.06824700 0.43393000
vt 0.06715000 0.10579900
vt 0.06759900 0.09491300
vt 0.06540800 0.10464400
vt 0.06416400 0.11135700
vt 0.04524200 0.45311700
vt 0.06026500 0.10224000
vt 0.06622100 0.11442500
vt 0.06632200 0.12175700
vt 0.06477400 0.11960000
vt 0.04600800 0.44137800
vt 0.05882200 0.11401100
vt 0.05890500 0.11667200
vt 0.04578600 0.43825300
vt 0.05955900 0.44612300
vt 0.05346100 0.44681700
vt 0.06061600 0.43946400
vt 0.06007600 0.10838000
vt 0.04554500 0.44705600
vt 0.05545700 0.43948200
vt 0.04803700 0.43880200
vt 0.04948200 0.44696900
vt 0.05289100 0.43944700
vt 0.05108700 0.44714200
vt 0.07374000 0.13368500
vt 0.07592300 0.16059900
vt 0.07386800 0.41519700
vt 0.06724100 0.41637300
vt 0.07107400 0.40973200
vt 0.06476900 0.13093800
vt 0.04649700 0.42932100
vt 0.06254800 0.12445200
vt 0.06192300 0.13154200
vt 0.04831200 0.42322900
vt 0.04892300 0.42786700
vt 0.04949800 0.42970800
vt 0.04851300 0.43282100
vt 0.05034000 0.43287800
vt 0.05280300 0.42773800
vt 0.05045600 0.42272400
vt 0.06971900 0.13882200
vt 0.05511000 0.41886900
vt 0.06396400 0.14059400
vt 0.06568100 0.15917700
vt 0.04970600 0.41136100
vt 0.05877300 0.43386500
vt 0.05981400 0.43067400
vt 0.06098300 0.42584000
vt 0.05461100 0.43039000
vt 0.05705500 0.43187700
vt 0.05502600 0.43389900
vt 0.05357800 0.43439000
vt 0.05089500 0.43955300
vt 0.05187700 0.43487500
vt 0.05289300 0.43298800
vt 0.05932900 0.41717500
vt 0.05931200 0.42538300
vt 0.06154200 0.41453000
vt 0.14854000 0.36125000
vt 0.13555600 0.36663100
vt 0.11213700 0.37572100
vt 0.11387900 0.36105400
vt 0.11716300 0.36649700
vt 0.10773700 0.36679500
vt 0.10601300 0.36146600
vt 0.10071000 0.36611000
vt 0.15828500 0.24188000
vt 0.15105800 0.30940000
vt 0.13352900 0.31314400
vt 0.13252800 0.30752400
vt 0.11200400 0.30814100
vt 0.12245900 0.33701500
vt 0.09824000 0.32792800
vt 0.11392100 0.33795300
vt 0.10445700 0.37369500
vt 0.09014300 0.39869800
vt 0.07560400 0.39977700
vt 0.08452600 0.39557700
vt 0.08717000 0.38431300
vt 0.08410200 0.38582800
vt 0.08084600 0.39324000
vt 0.08024100 0.38932100
vt 0.07310400 0.39231900
vt 0.07892400 0.37267100
vt 0.07489400 0.38257300
vt 0.07661200 0.38590900
vt 0.08163900 0.38082300
vt 0.06759600 0.37984500
vt 0.05963700 0.40758300
vt 0.05687600 0.41106300
vt 0.05400900 0.40716900
vt 0.05902500 0.40467600
vt 0.06162500 0.40733400
vt 0.05936600 0.39865000
vt 0.05575000 0.39999800
vt 0.05436500 0.40220200
vt 0.06795500 0.38916700
vt 0.06365400 0.15647800
vt 0.06105500 0.14959300
vt 0.04807200 0.40600300
vt 0.05041000 0.40555200
vt 0.05355900 0.40575500
vt 0.06047700 0.16298700
vt 0.04613900 0.39202300
vt 0.04895000 0.40127300
vt 0.05027200 0.39480200
vt 0.05049600 0.40378000
vt 0.05327600 0.40330600
vt 0.05204000 0.40194500
vt 0.05136500 0.39504400
vt 0.05390100 0.39925300
vt 0.05725600 0.37594900
vt 0.04962100 0.38767900
vt 0.06266300 0.17331100
vt 0.05152300 0.39074900
vt 0.05449800 0.38718800
vt 0.05159800 0.38376600
vt 0.04927200 0.38092000
vt 0.05765900 0.17380500
vt 0.05243200 0.37056000
vt 0.05950800 0.34997100
vt 0.07356300 0.33609000
vt 0.05895300 0.33076100
vt 0.06026300 0.32526700
vt 0.07202200 0.06171300
vt 0.03278800 0.49013300
vt 0.06728900 0.05470000
vt 0.03701800 0.49050000
vt 0.04368900 0.49006700
vt 0.04022900 0.48438200
vt 0.06849700 0.06338500
vt 0.04258500 0.48701800
vt 0.07154100 0.07037800
vt 0.06988600 0.07346100
vt 0.07380100 0.06787000
vt 0.06989500 0.06918700
vt 0.06475600 0.07000000
vt 0.06758000 0.07610200
vt 0.05447400 0.48436500
vt 0.05543100 0.48579200
vt 0.05943900 0.48668600
vt 0.05188000 0.48149600
vt 0.06513500 0.07337500
vt 0.04893900 0.48419000
vt 0.06469200 0.06882100
vt 0.04687900 0.48779400
vt 0.04830400 0.49148100
vt 0.04660100 0.49306400
vt 0.05173200 0.49507600
vt 0.04983400 0.48517800
vt 0.04960100 0.48795200
vt 0.06236100 0.07316800
vt 0.05124600 0.48459900
vt 0.06232900 0.06828200
vt 0.06010700 0.07159400
vt 0.04855600 0.48207300
vt 0.05240300 0.48731200
vt 0.05190200 0.48596900
vt 0.05485800 0.49137000
vt 0.05176400 0.49211400
vt 0.04901800 0.49889300
vt 0.06413600 0.08794300
vt 0.06537400 0.07958900
vt 0.06571700 0.09282700
vt 0.06117100 0.08382000
vt 0.05235400 0.47851600
vt 0.04997700 0.47449200
vt 0.06453200 0.07596300
vt 0.06077500 0.07634400
vt 0.04731300 0.47640300
vt 0.05855700 0.07803400
vt 0.04972300 0.48058400
vt 0.04600700 0.46775300
vt 0.05950700 0.08738000
vt 0.04791600 0.45914500
vt 0.05061000 0.46128000
vt 0.04799700 0.46681000
vt 0.06708600 0.50606300
vt 0.06435200 0.50294800
vt 0.05509300 0.49898300
vt 0.05277900 0.50698500
vt 0.05338000 0.50308600
vt 0.06456700 0.49286400
vt 0.06223500 0.49254600
vt 0.05497300 0.49572700
vt 0.05159200 0.49836100
vt 0.05206900 0.50131900
vt 0.05025500 0.50560600
vt 0.06323800 0.10043000
vt 0.04798500 0.45597300
vt 0.04780900 0.45225200
vt 0.13880500 0.26773000
vt 0.13389400 0.26900500
vt 0.12369700 0.26647200
vt 0.14737700 0.27494500
vt 0.13018400 0.27394800
vt 0.11555200 0.26941800
vt 0.11896100 0.27512200
vt 0.12357700 0.27907200
vt 0.10570300 0.26657700
vt 0.09402800 0.26281700
vt 0.09096300 0.25321600
vt 0.08069400 0.25986600
vt 0.11180200 0.27660700
vt 0.10953800 0.27321400
vt 0.09433400 0.27853800
vt 0.11392700 0.28294500
vt 0.09991200 0.27502500
vt 0.10488900 0.28295700
vt 0.09235200 0.26966000
vt 0.09160600 0.27296600
vt 0.09083500 0.27607300
vt 0.09225900 0.28170000
vt 0.08341400 0.27278900
vt 0.08244600 0.26552400
vt 0.07750900 0.26174500
vt 0.09363400 0.28464400
vt 0.08777000 0.27886500
vt 0.08395700 0.28801900
vt 0.08563600 0.28428700
vt 0.09253500 0.28862700
vt 0.08300600 0.28150100
vt 0.08127300 0.27668400
vt 0.07733300 0.27264000
vt 0.07584500 0.26870200
vt 0.07503700 0.27455100
vt 0.07550500 0.28104300
vt 0.07833000 0.28300000
vt 0.07709200 0.28724700
vt 0.07016400 0.24326200
vt 0.07028500 0.25010800
vt 0.06444100 0.24292000
vt 0.07229500 0.25589200
vt 0.06570600 0.25404800
vt 0.05437700 0.31421700
vt 0.05379800 0.24158800
vt 0.05945900 0.24519800
vt 0.05459400 0.25116600
vt 0.05634500 0.30507000
vt 0.07100300 0.31291700
vt 0.06056300 0.31184800
vt 0.05794000 0.30999400
vt 0.07213800 0.26226100
vt 0.07207800 0.26771800
vt 0.07106200 0.29466300
vt 0.06617900 0.26051100
vt 0.06179500 0.25809700
vt 0.06048100 0.25178000
vt 0.06465700 0.26344700
vt 0.05957700 0.26141500
vt 0.06116300 0.29513500
vt 0.06439500 0.30270800
vt 0.06784200 0.29410400
vt 0.06054600 0.30176600
vt 0.06018700 0.29926300
vt 0.06987700 0.27133400
vt 0.07013900 0.28430800
vt 0.06704100 0.26869000
vt 0.06685400 0.28652500
vt 0.06779700 0.28976500
vt 0.07242900 0.28651000
vt 0.07284400 0.28992400
vt 0.05726400 0.30178000
vt 0.05613700 0.25433900
vt 0.14949400 0.29042000
vt 0.14568000 0.29937200
vt 0.14267100 0.29462000
vt 0.12506300 0.28611300
vt 0.14185500 0.30358500
vt 0.13722800 0.30266400
vt 0.14045500 0.29928600
vt 0.13939100 0.29748500
vt 0.13386000 0.29861800
vt 0.13684900 0.29520900
vt 0.14022700 0.29493500
vt 0.13751700 0.29259600
vt 0.12230100 0.28949400
vt 0.08509500 0.31090600
f 1/1 3/3 4/4
f 6/6 5/5 7/7
f 6/6 2/2 5/5
f 8/8 6/6 7/7
f 9/9 8/8 10/10
f 9/9 11/11 8/8
f 8/8 11/11 6/6
f 12/12 9/9 13/13
f 14/14 15/15 16/16
f 17/17 18/18 19/19
f 16/16 18/18 20/20
f 19/19 18/18 16/16
f 15/15 14/14 22/22
f 15/15 23/23 24/24
f 23/23 15/15 22/22
f 3/3 23/23 4/4
f 3/3 25/25 23/23
f 24/24 25/25 26/26
f 24/24 23/23 25/25
f 16/16 15/15 27/27
f 19/19 16/16 27/27
f 24/24 27/27 15/15
f 28/28 27/27 24/24
f 29/29 19/19 27/27
f 28/28 29/29 27/27
f 19/19 29/29 30/30
f 30/30 17/17 19/19
f 31/31 29/29 28/28
f 30/30 29/29 31/31
f 26/26 28/28 24/24
f 32/32 28/28 26/26
f 30/30 31/31 33/33
f 34/34 30/30 33/33
f 32/32 31/31 28/28
f 33/33 31/31 32/32
f 32/32 35/35 33/33
f 33/33 35/35 36/36
f 37/37 39/39 40/40
f 42/42 14/14 39/39
f 8/8 21/21 41/41
f 40/40 14/14 16/16
f 14/14 40/40 39/39
f 37/37 40/40 43/43
f 44/44 41/41 38/38
f 44/44 8/8 41/41
f 43/43 40/40 20/20
f 16/16 20/20 40/40
f 20/20 18/18 45/45
f 43/43 20/20 46/46
f 20/20 45/45 46/46
f 47/47 46/46 45/45
f 47/47 48/48 46/46
f 14/14 42/42 22/22
f 7/7 5/5 21/21
f 4/4 23/23 22/22
f 8/8 7/7 21/21
f 49/49 17/17 30/30
f 50/50 17/17 49/49
f 51/51 49/49 52/52
f 49/49 30/30 34/34
f 52/52 49/49 34/34
f 53/53 51/51 52/52
f 54/54 53/53 52/52
f 55/55 54/54 56/56
f 53/53 54/54 55/55
f 56/56 57/57 55/55
f 58/58 54/54 52/52
f 36/36 58/58 52/52
f 58/58 59/59 60/60
f 34/34 33/33 52/52
f 36/36 52/52 33/33
f 60/60 56/56 54/54
f 60/60 54/54 58/58
f 60/60 61/61 56/56
f 62/62 56/56 61/61
f 63/63 56/56 64/64
f 63/63 57/57 56/56
f 64/64 65/65 63/63
f 63/63 65/65 66/66
f 62/62 64/64 56/56
f 50/50 18/18 17/17
f 45/45 18/18 50/50
f 45/45 50/50 67/67
f 47/47 45/45 67/67
f 68/68 67/67 69/69
f 70/70 69/69 57/57
f 69/69 70/70 68/68
f 71/71 47/47 67/67
f 48/48 47/47 71/71
f 71/71 67/67 68/68
f 68/68 70/70 71/71
f 72/72 70/70 73/73
f 51/51 50/50 49/49
f 67/67 50/50 51/51
f 67/67 51/51 53/53
f 69/69 55/55 57/57
f 53/53 55/55 69/69
f 69/69 67/67 53/53
f 73/73 57/57 63/63
f 73/73 70/70 57/57
f 73/73 63/63 66/66
f 74/74 73/73 66/66
f 74/74 72/72 73/73
f 75/75 77/77 78/78
f 75/75 79/79 77/77
f 80/80 79/79 75/75
f 82/82 77/77 79/79
f 80/80 83/83 79/79
f 85/85 83/83 80/80
f 87/87 83/83 85/85
f 44/44 38/38 88/88
f 88/88 38/38 89/89
f 39/39 37/37 90/90
f 10/10 8/8 44/44
f 91/91 44/44 88/88
f 91/91 13/13 44/44
f 13/13 10/10 44/44
f 92/92 88/88 93/93
f 92/92 91/91 88/88
f 89/89 93/93 88/88
f 92/92 93/93 95/95
f 96/96 92/92 95/95
f 97/97 13/13 91/91
f 97/97 91/91 92/92
f 98/98 97/97 92/92
f 43/43 99/99 37/37
f 37/37 99/99 90/90
f 43/43 46/46 99/99
f 46/46 100/100 99/99
f 94/94 90/90 99/99
f 94/94 99/99 100/100
f 100/100 46/46 48/48
f 75/75 100/100 48/48
f 94/94 100/100 78/78
f 76/76 95/95 93/93
f 77/77 94/94 78/78
f 78/78 100/100 75/75
f 101/101 75/75 48/48
f 13/13 9/9 10/10
f 12/12 13/13 97/97
f 95/95 102/102 96/96
f 96/96 98/98 92/92
f 96/96 102/102 103/103
f 102/102 95/95 104/104
f 104/104 95/95 76/76
f 105/105 97/97 98/98
f 103/103 105/105 98/98
f 103/103 98/98 96/96
f 106/106 12/12 97/97
f 106/106 97/97 105/105
f 107/107 105/105 103/103
f 71/71 101/101 48/48
f 101/101 71/71 70/70
f 85/85 75/75 101/101
f 85/85 101/101 108/108
f 70/70 72/72 101/101
f 108/108 101/101 72/72
f 74/74 109/109 72/72
f 108/108 72/72 110/110
f 111/111 72/72 109/109
f 111/111 109/109 112/112
f 111/111 110/110 72/72
f 111/111 114/114 110/110
f 116/116 111/111 119/119
f 119/119 111/111 112/112
f 120/120 117/117 118/118
f 121/121 120/120 118/118
f 85/85 80/80 75/75
f 123/123 108/108 110/110
f 123/123 110/110 124/124
f 114/114 124/124 110/110
f 111/111 116/116 114/114
f 115/115 117/117 126/126
f 115/115 127/127 125/125
f 127/127 115/115 126/126
f 85/85 108/108 123/123
f 122/122 125/125 128/128
f 129/129 122/122 128/128
f 125/125 130/130 128/128
f 130/130 125/125 127/127
f 126/126 117/117 120/120
f 121/121 131/131 120/120
f 126/126 120/120 131/131
f 126/126 131/131 132/132
f 133/133 131/131 121/121
f 134/134 127/127 126/126
f 130/130 127/127 134/134
f 126/126 132/132 134/134
f 135/135 130/130 134/134
f 135/135 134/134 132/132
f 76/76 81/81 104/104
f 79/79 136/136 82/82
f 137/137 104/104 138/138
f 104/104 81/81 138/138
f 139/139 137/137 138/138
f 140/140 141/141 142/142
f 143/143 142/142 144/144
f 143/143 145/145 146/146
f 143/143 147/147 142/142
f 143/143 146/146 147/147
f 143/143 144/144 148/148
f 144/144 149/149 148/148
f 148/148 149/149 150/150
f 151/151 139/139 138/138
f 143/143 148/148 145/145
f 145/145 148/148 152/152
f 152/152 148/148 150/150
f 139/139 152/152 153/153
f 139/139 151/151 152/152
f 144/144 142/142 154/154
f 154/154 155/155 144/144
f 154/154 142/142 141/141
f 147/147 140/140 142/142
f 156/156 140/140 147/147
f 157/157 144/144 155/155
f 136/136 79/79 83/83
f 136/136 83/83 158/158
f 158/158 83/83 87/87
f 82/82 136/136 158/158
f 159/159 158/158 87/87
f 86/86 161/161 160/160
f 161/161 86/86 84/84
f 160/160 161/161 162/162
f 163/163 147/147 146/146
f 165/165 163/163 146/146
f 151/151 138/138 168/168
f 168/168 138/138 81/81
f 169/169 82/82 158/158
f 169/169 158/158 170/170
f 170/170 158/158 159/159
f 172/172 171/171 160/160
f 165/165 146/146 145/145
f 151/151 168/168 145/145
f 151/151 145/145 152/152
f 145/145 168/168 165/165
f 166/166 171/171 173/173
f 170/170 167/167 169/169
f 173/173 171/171 172/172
f 173/173 174/174 166/166
f 160/160 175/175 172/172
f 175/175 160/160 162/162
f 176/176 175/175 162/162
f 156/156 147/147 163/163
f 177/177 164/164 178/178
f 180/180 156/156 163/163
f 177/177 179/179 164/164
f 166/166 178/178 164/164
f 178/178 166/166 181/181
f 181/181 166/166 174/174
f 177/177 178/178 182/182
f 182/182 178/178 181/181
f 181/181 183/183 182/182
f 184/184 102/102 104/104
f 184/184 104/104 137/137
f 153/153 184/184 137/137
f 153/153 137/137 139/139
f 185/185 102/102 184/184
f 102/102 185/185 103/103
f 107/107 103/103 185/185
f 107/107 185/185 186/186
f 187/187 149/149 157/157
f 188/188 187/187 157/157
f 187/187 189/189 149/149
f 190/190 184/184 153/153
f 150/150 149/149 191/191
f 190/190 153/153 150/150
f 190/190 150/150 191/191
f 150/150 153/153 152/152
f 184/184 192/192 185/185
f 193/193 184/184 190/190
f 184/184 193/193 192/192
f 193/193 190/190 191/191
f 157/157 149/149 144/144
f 191/191 194/194 193/193
f 194/194 191/191 195/195
f 149/149 195/195 191/191
f 192/192 196/196 186/186
f 197/197 189/189 187/187
f 195/195 149/149 189/189
f 195/195 189/189 198/198
f 199/199 198/198 189/189
f 192/192 186/186 185/185
f 194/194 192/192 193/193
f 200/200 194/194 195/195
f 198/198 200/200 195/195
f 200/200 192/192 194/194
f 201/201 192/192 200/200
f 196/196 192/192 201/201
f 198/198 201/201 200/200
f 201/201 198/198 202/202
f 201/201 202/202 203/203
f 129/129 84/84 122/122
f 128/128 204/204 129/129
f 129/129 205/205 84/84
f 205/205 129/129 204/204
f 204/204 128/128 206/206
f 206/206 128/128 130/130
f 130/130 135/135 206/206
f 205/205 207/207 84/84
f 161/161 84/84 207/207
f 162/162 161/161 207/207
f 208/208 162/162 207/207
f 209/209 208/208 210/210
f 210/210 205/205 204/204
f 208/208 207/207 205/205
f 208/208 205/205 210/210
f 210/210 204/204 206/206
f 211/211 135/135 132/132
f 206/206 135/135 211/211
f 211/211 132/132 212/212
f 213/213 206/206 211/211
f 210/210 206/206 213/213
f 214/214 210/210 213/213
f 215/215 214/214 213/213
f 213/213 211/211 215/215
f 174/174 173/173 216/216
f 172/172 216/216 173/173
f 216/216 172/172 217/217
f 175/175 176/176 172/172
f 217/217 172/172 176/176
f 218/218 217/217 176/176
f 176/176 219/219 218/218
f 216/216 220/220 174/174
f 181/181 174/174 220/220
f 181/181 220/220 183/183
f 221/221 183/183 220/220
f 220/220 216/216 222/222
f 220/220 222/222 221/221
f 176/176 162/162 209/209
f 162/162 208/208 209/209
f 209/209 219/219 176/176
f 223/223 222/222 216/216
f 216/216 217/217 223/223
f 218/218 223/223 217/217
f 218/218 224/224 223/223
f 219/219 224/224 218/218
f 209/209 210/210 225/225
f 225/225 210/210 214/214
f 219/219 209/209 225/225
f 226/226 154/154 141/141
f 227/227 140/140 156/156
f 227/227 156/156 228/228
f 140/140 227/227 141/141
f 226/226 155/155 154/154
f 229/229 155/155 226/226
f 229/229 226/226 230/230
f 141/141 227/227 231/231
f 231/231 230/230 141/141
f 230/230 226/226 141/141
f 232/232 231/231 227/227
f 234/234 235/235 236/236
f 155/155 229/229 237/237
f 236/236 235/235 238/238
f 180/180 228/228 156/156
f 235/235 177/177 182/182
f 177/177 235/235 179/179
f 238/238 235/235 182/182
f 238/238 182/182 239/239
f 182/182 183/183 239/239
f 233/233 228/228 180/180
f 234/234 179/179 235/235
f 155/155 188/188 157/157
f 237/237 188/188 155/155
f 237/237 197/197 188/188
f 197/197 187/187 188/188
f 240/240 241/241 222/222
f 242/242 239/239 243/243
f 243/243 244/244 242/242
f 239/239 245/245 238/238
f 246/246 197/197 237/237
f 245/245 239/239 242/242
f 244/244 245/245 242/242
f 239/239 183/183 221/221
f 239/239 221/221 243/243
f 222/222 243/243 221/221
f 222/222 223/223 240/240
f 247/247 229/229 230/230
f 248/248 229/229 247/247
f 249/249 250/250 232/232
f 251/251 249/249 252/252
f 230/230 250/250 249/249
f 252/252 249/249 232/232
f 253/253 228/228 254/254
f 251/251 256/256 249/249
f 251/251 252/252 257/257
f 228/228 253/253 252/252
f 257/257 252/252 253/253
f 255/255 236/236 258/258
f 259/259 257/257 253/253
f 259/259 253/253 254/254
f 260/260 255/255 258/258
f 261/261 260/260 258/258
f 262/262 263/263 256/256
f 247/247 230/230 249/249
f 249/249 264/264 247/247
f 249/249 263/263 264/264
f 249/249 256/256 263/263
f 262/262 256/256 257/257
f 256/256 251/251 257/257
f 259/259 265/265 257/257
f 260/260 261/261 266/266
f 257/257 265/265 262/262
f 258/258 267/267 261/261
f 267/267 258/258 238/238
f 264/264 263/263 268/268
f 247/247 264/264 268/268
f 268/268 269/269 247/247
f 270/270 263/263 262/262
f 262/262 271/271 270/270
f 272/272 271/271 262/262
f 274/274 268/268 275/275
f 270/270 275/275 268/268
f 271/271 275/275 270/270
f 263/263 270/270 268/268
f 261/261 273/273 266/266
f 273/273 261/261 276/276
f 272/272 262/262 265/265
f 276/276 261/261 267/267
f 248/248 237/237 229/229
f 277/277 237/237 248/248
f 278/278 246/246 237/237
f 278/278 237/237 277/277
f 246/246 279/279 280/280
f 278/278 279/279 246/246
f 250/250 231/231 232/232
f 230/230 231/231 250/250
f 227/227 252/252 232/232
f 252/252 227/227 228/228
f 254/254 228/228 233/233
f 255/255 234/234 236/236
f 258/258 236/236 238/238
f 281/281 238/238 245/245
f 282/282 247/247 274/274
f 274/274 275/275 283/283
f 274/274 269/269 268/268
f 284/284 248/248 247/247
f 274/274 247/247 269/269
f 284/284 277/277 248/248
f 285/285 277/277 284/284
f 286/286 284/284 282/282
f 286/286 285/285 284/284
f 284/284 247/247 282/282
f 287/287 274/274 283/283
f 287/287 283/283 289/289
f 290/290 274/274 287/287
f 290/290 282/282 274/274
f 283/283 292/292 289/289
f 293/293 294/294 288/288
f 295/295 290/290 296/296
f 295/295 282/282 290/290
f 287/287 296/296 290/290
f 297/297 286/286 282/282
f 298/298 288/288 294/294
f 299/299 298/298 294/294
f 300/300 277/277 301/301
f 301/301 277/277 285/285
f 301/301 285/285 286/286
f 302/302 303/303 304/304
f 303/303 305/305 306/306
f 305/305 303/303 307/307
f 303/303 306/306 304/304
f 308/308 302/302 304/304
f 308/308 304/304 309/309
f 306/306 309/309 304/304
f 309/309 306/306 310/310
f 302/302 308/308 311/311
f 275/275 271/271 292/292
f 283/283 275/275 292/292
f 312/312 291/291 313/313
f 314/314 271/271 272/272
f 271/271 314/314 292/292
f 276/276 315/315 273/273
f 302/302 276/276 267/267
f 267/267 316/316 302/302
f 291/291 315/315 313/313
f 313/313 315/315 276/276
f 299/299 276/276 302/302
f 313/313 299/299 312/312
f 293/293 291/291 312/312
f 288/288 291/291 293/293
f 299/299 293/293 312/312
f 294/294 293/293 299/299
f 299/299 313/313 276/276
f 303/303 302/302 316/316
f 303/303 316/316 307/307
f 317/317 281/281 318/318
f 279/279 278/278 277/277
f 300/300 279/279 277/277
f 319/319 305/305 307/307
f 310/310 306/306 305/305
f 310/310 305/305 319/319
f 310/310 319/319 309/309
f 319/319 320/320 309/309
f 307/307 320/320 319/319
f 321/321 309/309 320/320
f 309/309 321/321 308/308
f 321/321 311/311 308/308
f 320/320 322/322 321/321
f 323/323 322/322 320/320
f 320/320 307/307 323/323
f 322/322 323/323 317/317
f 281/281 317/317 323/323
f 316/316 267/267 238/238
f 323/323 316/316 238/238
f 307/307 316/316 323/323
f 323/323 238/238 281/281
f 1/1 324/324 3/3
f 325/325 6/6 11/11
f 325/325 2/2 6/6
f 326/326 324/324 1/1
f 326/326 328/328 324/324
f 328/328 329/329 324/324
f 330/330 329/329 328/328
f 332/332 328/328 326/326
f 332/332 333/333 328/328
f 328/328 333/333 330/330
f 334/334 330/330 333/333
f 334/334 335/335 330/330
f 336/336 329/329 330/330
f 330/330 335/335 337/337
f 335/335 338/338 337/337
f 339/339 337/337 338/338
f 338/338 340/340 339/339
f 11/11 341/341 325/325
f 9/9 12/12 11/11
f 341/341 11/11 12/12
f 341/341 342/342 325/325
f 342/342 2/2 325/325
f 342/342 327/327 2/2
f 343/343 12/12 106/106
f 344/344 106/106 105/105
f 344/344 345/345 106/106
f 343/343 341/341 12/12
f 341/341 343/343 346/346
f 347/347 346/346 343/343
f 345/345 348/348 106/106
f 348/348 343/343 106/106
f 349/349 345/345 344/344
f 349/349 350/350 345/345
f 348/348 347/347 343/343
f 348/348 351/351 347/347
f 345/345 351/351 348/348
f 352/352 351/351 345/345
f 354/354 331/331 346/346
f 342/342 331/331 327/327
f 346/346 331/331 342/342
f 346/346 342/342 341/341
f 355/355 334/334 333/333
f 353/353 333/333 332/332
f 355/355 333/333 353/353
f 357/357 355/355 353/353
f 358/358 354/354 346/346
f 358/358 359/359 354/354
f 356/356 354/354 359/359
f 360/360 363/363 364/364
f 359/359 364/364 363/363
f 365/365 334/334 355/355
f 338/338 335/335 334/334
f 357/357 365/365 355/355
f 357/357 362/362 365/365
f 334/334 365/365 338/338
f 365/365 366/366 338/338
f 365/365 362/362 366/366
f 359/359 363/363 356/356
f 367/367 359/359 358/358
f 347/347 358/358 346/346
f 347/347 367/367 358/358
f 351/351 367/367 347/347
f 367/367 352/352 368/368
f 369/369 364/364 359/359
f 364/364 369/369 370/370
f 371/371 372/372 369/369
f 372/372 370/370 369/369
f 369/369 373/373 371/371
f 369/369 359/359 367/367
f 374/374 370/370 372/372
f 368/368 369/369 367/367
f 368/368 373/373 369/369
f 375/375 373/373 368/368
f 374/374 372/372 371/371
f 376/376 374/374 371/371
f 377/377 371/371 373/373
f 377/377 376/376 371/371
f 378/378 379/379 377/377
f 379/379 376/376 377/377
f 379/379 374/374 376/376
f 380/380 26/26 25/25
f 380/380 25/25 329/329
f 381/381 36/36 35/35
f 26/26 380/380 32/32
f 32/32 380/380 382/382
f 35/35 32/32 382/382
f 382/382 381/381 35/35
f 383/383 381/381 384/384
f 384/384 381/381 385/385
f 380/380 386/386 382/382
f 382/382 386/386 385/385
f 385/385 387/387 384/384
f 382/382 385/385 381/381
f 25/25 3/3 324/324
f 25/25 324/324 329/329
f 329/329 336/336 380/380
f 388/388 60/60 59/59
f 388/388 389/389 60/60
f 388/388 59/59 383/383
f 60/60 389/389 61/61
f 58/58 381/381 383/383
f 58/58 36/36 381/381
f 59/59 58/58 383/383
f 390/390 389/389 388/388
f 389/389 390/390 391/391
f 383/383 384/384 388/388
f 390/390 388/388 384/384
f 384/384 387/387 390/390
f 392/392 389/389 391/391
f 392/392 61/61 389/389
f 393/393 394/394 390/390
f 393/393 395/395 394/394
f 396/396 336/336 330/330
f 397/397 386/386 380/380
f 336/336 396/396 380/380
f 396/396 397/397 380/380
f 398/398 397/397 396/396
f 397/397 398/398 399/399
f 385/385 386/386 397/397
f 399/399 387/387 385/385
f 397/397 399/399 385/385
f 393/393 390/390 387/387
f 337/337 396/396 330/330
f 400/400 399/399 398/398
f 337/337 398/398 396/396
f 400/400 401/401 402/402
f 339/339 398/398 337/337
f 398/398 339/339 401/401
f 401/401 400/400 398/398
f 399/399 402/402 387/387
f 402/402 399/399 400/400
f 387/387 402/402 393/393
f 402/402 401/401 393/393
f 403/403 391/391 390/390
f 403/403 394/394 404/404
f 403/403 390/390 394/394
f 405/405 403/403 404/404
f 391/391 406/406 407/407
f 405/405 391/391 403/403
f 404/404 394/394 395/395
f 404/404 395/395 405/405
f 405/405 395/395 408/408
f 391/391 405/405 406/406
f 409/409 406/406 405/405
f 408/408 409/409 405/405
f 408/408 395/395 393/393
f 107/107 344/344 105/105
f 107/107 349/349 344/344
f 133/133 410/410 131/131
f 411/411 410/410 133/133
f 131/131 412/412 132/132
f 412/412 413/413 132/132
f 412/412 131/131 410/410
f 414/414 410/410 411/411
f 415/415 411/411 416/416
f 417/417 411/411 415/415
f 418/418 419/419 415/415
f 362/362 361/361 366/366
f 421/421 366/366 361/361
f 366/366 340/340 338/338
f 339/339 340/340 422/422
f 340/340 366/366 423/423
f 421/421 423/423 366/366
f 364/364 370/370 424/424
f 425/425 364/364 424/424
f 426/426 424/424 370/370
f 427/427 425/425 424/424
f 426/426 427/427 424/424
f 427/427 428/428 429/429
f 427/427 426/426 428/428
f 430/430 360/360 425/425
f 425/425 360/360 364/364
f 429/429 425/425 427/427
f 431/431 430/430 425/425
f 431/431 425/425 429/429
f 428/428 432/432 429/429
f 433/433 431/431 429/429
f 432/432 434/434 429/429
f 429/429 434/434 433/433
f 426/426 370/370 374/374
f 432/432 428/428 426/426
f 426/426 374/374 432/432
f 432/432 374/374 435/435
f 374/374 379/379 435/435
f 435/435 379/379 436/436
f 434/434 432/432 435/435
f 436/436 434/434 435/435
f 360/360 430/430 420/420
f 438/438 420/420 430/430
f 439/439 430/430 431/431
f 440/440 430/430 439/439
f 440/440 438/438 430/430
f 340/340 423/423 441/441
f 442/442 422/422 340/340
f 442/442 340/340 441/441
f 423/423 421/421 443/443
f 441/441 423/423 444/444
f 421/421 437/437 443/443
f 443/443 444/444 423/423
f 442/442 441/441 445/445
f 422/422 401/401 339/339
f 422/422 393/393 401/401
f 393/393 422/422 446/446
f 446/446 408/408 393/393
f 442/442 446/446 422/422
f 447/447 408/408 446/446
f 446/446 442/442 447/447
f 350/350 448/448 345/345
f 352/352 345/345 448/448
f 351/351 352/352 367/367
f 449/449 352/352 448/448
f 450/450 352/352 449/449
f 451/451 449/449 448/448
f 450/450 449/449 452/452
f 453/453 449/449 451/451
f 453/453 452/452 449/449
f 453/453 454/454 452/452
f 352/352 375/375 368/368
f 375/375 352/352 450/450
f 373/373 375/375 378/378
f 378/378 377/377 373/373
f 455/455 378/378 375/375
f 455/455 456/456 378/378
f 456/456 379/379 378/378
f 457/457 455/455 375/375
f 456/456 455/455 458/458
f 457/457 458/458 455/455
f 459/459 450/450 452/452
f 459/459 452/452 454/454
f 460/460 375/375 450/450
f 460/460 457/457 375/375
f 460/460 450/450 459/459
f 461/461 454/454 453/453
f 462/462 459/459 454/454
f 462/462 454/454 461/461
f 463/463 459/459 462/462
f 464/464 197/197 246/246
f 465/465 466/466 467/467
f 467/467 464/464 465/465
f 468/468 349/349 107/107
f 469/469 470/470 468/468
f 470/470 471/471 468/468
f 468/468 107/107 469/469
f 472/472 107/107 186/186
f 107/107 472/472 469/469
f 473/473 470/470 469/469
f 471/471 349/349 468/468
f 474/474 349/349 471/471
f 474/474 350/350 349/349
f 474/474 471/471 475/475
f 448/448 350/350 474/474
f 476/476 474/474 475/475
f 474/474 451/451 448/448
f 471/471 470/470 475/475
f 477/477 476/476 475/475
f 477/477 470/470 473/473
f 475/475 470/470 477/477
f 477/477 466/466 476/476
f 472/472 186/186 196/196
f 478/478 479/479 472/472
f 480/480 479/479 478/478
f 473/473 479/479 477/477
f 477/477 479/479 481/481
f 472/472 473/473 469/469
f 479/479 473/473 472/472
f 482/482 480/480 483/483
f 201/201 203/203 196/196
f 196/196 484/484 472/472
f 202/202 198/198 199/199
f 199/199 484/484 202/202
f 484/484 196/196 203/203
f 484/484 203/203 202/202
f 478/478 472/472 484/484
f 483/483 478/478 484/484
f 483/483 484/484 199/199
f 481/481 479/479 480/480
f 478/478 483/483 480/480
f 467/467 466/466 481/481
f 466/466 477/477 481/481
f 212/212 132/132 413/413
f 212/212 413/413 485/485
f 485/485 413/413 486/486
f 211/211 487/487 215/215
f 487/487 211/211 212/212
f 487/487 212/212 485/485
f 488/488 412/412 414/414
f 412/412 410/410 414/414
f 486/486 412/412 488/488
f 486/486 488/488 485/485
f 413/413 412/412 486/486
f 489/489 490/490 225/225
f 215/215 487/487 214/214
f 485/485 491/491 487/487
f 225/225 214/214 489/489
f 214/214 487/487 489/489
f 491/491 485/485 492/492
f 493/493 492/492 485/485
f 491/491 492/492 494/494
f 495/495 489/489 494/494
f 490/490 489/489 495/495
f 496/496 495/495 494/494
f 487/487 491/491 489/489
f 491/491 494/494 489/489
f 476/476 451/451 474/474
f 497/497 453/453 476/476
f 476/476 453/453 451/451
f 497/497 461/461 453/453
f 497/497 476/476 466/466
f 498/498 414/414 411/411
f 488/488 414/414 498/498
f 499/499 488/488 498/498
f 500/500 498/498 411/411
f 501/501 498/498 500/500
f 499/499 498/498 501/501
f 411/411 417/417 500/500
f 493/493 488/488 499/499
f 485/485 488/488 493/493
f 499/499 501/501 493/493
f 493/493 501/501 502/502
f 502/502 501/501 503/503
f 503/503 501/501 500/500
f 493/493 502/502 504/504
f 505/505 500/500 417/417
f 502/502 503/503 506/506
f 506/506 503/503 500/500
f 500/500 505/505 506/506
f 492/492 493/493 504/504
f 496/496 494/494 492/492
f 506/506 504/504 502/502
f 504/504 506/506 507/507
f 492/492 504/504 507/507
f 492/492 507/507 496/496
f 189/189 508/508 199/199
f 508/508 189/189 197/197
f 508/508 482/482 483/483
f 483/483 199/199 508/508
f 508/508 197/197 482/482
f 467/467 481/481 482/482
f 482/482 481/481 480/480
f 482/482 197/197 467/467
f 464/464 467/467 197/197
f 222/222 244/244 243/243
f 509/509 241/241 240/240
f 244/244 222/222 241/241
f 244/244 241/241 510/510
f 510/510 241/241 509/509
f 510/510 509/509 511/511
f 511/511 509/509 512/512
f 513/513 510/510 511/511
f 245/245 244/244 513/513
f 513/513 244/244 510/510
f 240/240 223/223 224/224
f 240/240 224/224 514/514
f 514/514 509/509 240/240
f 219/219 514/514 224/224
f 514/514 219/219 225/225
f 514/514 225/225 490/490
f 512/512 509/509 514/514
f 515/515 512/512 514/514
f 513/513 511/511 516/516
f 516/516 511/511 512/512
f 516/516 517/517 513/513
f 516/516 518/518 517/517
f 516/516 512/512 518/518
f 518/518 512/512 519/519
f 519/519 512/512 515/515
f 514/514 490/490 515/515
f 515/515 490/490 520/520
f 490/490 495/495 520/520
f 458/458 521/521 522/522
f 433/433 434/434 521/521
f 523/523 439/439 431/431
f 523/523 431/431 433/433
f 523/523 458/458 524/524
f 458/458 523/523 521/521
f 523/523 433/433 521/521
f 524/524 439/439 523/523
f 524/524 457/457 460/460
f 524/524 458/458 457/457
f 379/379 456/456 436/436
f 525/525 436/436 456/456
f 521/521 436/436 522/522
f 525/525 456/456 458/458
f 525/525 458/458 522/522
f 436/436 525/525 522/522
f 521/521 434/434 436/436
f 526/526 440/440 439/439
f 527/527 526/526 439/439
f 524/524 528/528 439/439
f 528/528 527/527 439/439
f 529/529 462/462 497/497
f 497/497 462/462 461/461
f 462/462 529/529 463/463
f 530/530 460/460 459/459
f 529/529 531/531 463/463
f 531/531 532/532 463/463
f 531/531 529/529 497/497
f 460/460 528/528 524/524
f 533/533 528/528 460/460
f 533/533 460/460 530/530
f 534/534 530/530 459/459
f 534/534 459/459 463/463
f 463/463 532/532 534/534
f 534/534 535/535 530/530
f 534/534 532/532 536/536
f 536/536 535/535 534/534
f 531/531 536/536 532/532
f 537/537 530/530 535/535
f 538/538 537/537 535/535
f 538/538 535/535 536/536
f 539/539 438/438 440/440
f 539/539 440/440 527/527
f 527/527 528/528 539/539
f 540/540 438/438 539/539
f 541/541 540/540 539/539
f 528/528 541/541 539/539
f 542/542 543/543 541/541
f 528/528 542/542 541/541
f 527/527 440/440 526/526
f 537/537 533/533 530/530
f 545/545 537/537 538/538
f 537/537 546/546 533/533
f 531/531 497/497 466/466
f 466/466 536/536 531/531
f 547/547 465/465 464/464
f 548/548 466/466 465/465
f 547/547 548/548 465/465
f 533/533 542/542 528/528
f 549/549 536/536 466/466
f 546/546 537/537 545/545
f 546/546 545/545 550/550
f 546/546 550/550 551/551
f 550/550 549/549 552/552
f 466/466 552/552 549/549
f 549/549 538/538 536/536
f 538/538 549/549 544/544
f 550/550 544/544 549/549
f 551/551 533/533 546/546
f 553/553 551/551 550/550
f 552/552 553/553 550/550
f 552/552 554/554 553/553
f 533/533 551/551 555/555
f 555/555 551/551 553/553
f 556/556 555/555 553/553
f 556/556 553/553 554/554
f 554/554 552/552 557/557
f 466/466 557/557 552/552
f 558/558 505/505 559/559
f 560/560 505/505 558/558
f 561/561 558/558 559/559
f 558/558 561/561 560/560
f 561/561 562/562 560/560
f 563/563 561/561 559/559
f 561/561 564/564 562/562
f 565/565 560/560 562/562
f 566/566 565/565 562/562
f 566/566 562/562 567/567
f 567/567 562/562 564/564
f 568/568 566/566 567/567
f 566/566 568/568 565/565
f 560/560 506/506 505/505
f 417/417 559/559 505/505
f 419/419 569/569 415/415
f 569/569 417/417 415/415
f 559/559 417/417 569/569
f 569/569 563/563 559/559
f 560/560 507/507 506/506
f 563/563 570/570 561/561
f 564/564 561/561 570/570
f 571/571 564/564 570/570
f 567/567 564/564 571/571
f 568/568 567/567 572/572
f 571/571 572/572 567/567
f 573/573 568/568 572/572
f 573/573 572/572 574/574
f 570/570 563/563 575/575
f 575/575 576/576 570/570
f 571/571 570/570 576/576
f 577/577 571/571 576/576
f 577/577 572/572 571/571
f 574/574 577/577 578/578
f 574/574 572/572 577/577
f 579/579 577/577 580/580
f 578/578 577/577 579/579
f 581/581 578/578 582/582
f 574/574 578/578 581/581
f 583/583 574/574 581/581
f 582/582 578/578 579/579
f 582/582 584/584 581/581
f 585/585 582/582 579/579
f 507/507 560/560 565/565
f 507/507 565/565 586/586
f 586/586 565/565 587/587
f 496/496 507/507 586/586
f 588/588 519/519 515/515
f 519/519 588/588 518/518
f 589/589 520/520 495/495
f 495/495 496/496 589/589
f 587/587 565/565 568/568
f 590/590 568/568 573/573
f 587/587 568/568 590/590
f 591/591 587/587 590/590
f 592/592 586/586 587/587
f 586/586 592/592 496/496
f 592/592 587/587 591/591
f 590/590 593/593 591/591
f 573/573 593/593 590/590
f 573/573 574/574 583/583
f 594/594 573/573 583/583
f 593/593 573/573 594/594
f 595/595 589/589 496/496
f 595/595 496/496 592/592
f 581/581 584/584 583/583
f 596/596 597/597 598/598
f 597/597 596/596 599/599
f 442/442 445/445 600/600
f 601/601 600/600 445/445
f 602/602 601/601 445/445
f 602/602 445/445 441/441
f 602/602 441/441 603/603
f 604/604 441/441 605/605
f 441/441 604/604 603/603
f 602/602 603/603 606/606
f 604/604 607/607 603/603
f 603/603 607/607 608/608
f 600/600 447/447 442/442
f 600/600 609/609 447/447
f 447/447 609/609 610/610
f 447/447 610/610 408/408
f 600/600 601/601 609/609
f 610/610 609/609 601/601
f 610/610 601/601 602/602
f 602/602 606/606 610/610
f 611/611 610/610 612/612
f 610/610 606/606 612/612
f 408/408 610/610 611/611
f 612/612 613/613 611/611
f 437/437 614/614 443/443
f 540/540 615/615 438/438
f 437/437 616/616 614/614
f 617/617 441/441 444/444
f 614/614 616/616 618/618
f 541/541 615/615 540/540
f 615/615 541/541 543/543
f 619/619 615/615 543/543
f 543/543 620/620 619/619
f 542/542 620/620 543/543
f 622/622 614/614 618/618
f 620/620 621/621 619/619
f 623/623 624/624 605/605
f 441/441 617/617 605/605
f 623/623 605/605 617/617
f 443/443 625/625 444/444
f 444/444 625/625 617/617
f 623/623 626/626 624/624
f 626/626 623/623 627/627
f 627/627 623/623 617/617
f 617/617 628/628 627/627
f 614/614 625/625 443/443
f 629/629 630/630 614/614
f 630/630 629/629 631/631
f 614/614 630/630 625/625
f 633/633 629/629 622/622
f 629/629 614/614 622/622
f 634/634 631/631 629/629
f 633/633 634/634 629/629
f 635/635 604/604 605/605
f 635/635 605/605 624/624
f 624/624 636/636 635/635
f 636/636 604/604 635/635
f 604/604 636/636 607/607
f 624/624 626/626 636/636
f 636/636 626/626 637/637
f 638/638 608/608 637/637
f 627/627 637/637 626/626
f 636/636 608/608 607/607
f 608/608 636/636 637/637
f 638/638 603/603 608/608
f 638/638 637/637 627/627
f 639/639 603/603 638/638
f 606/606 603/603 639/639
f 533/533 620/620 542/542
f 640/640 620/620 533/533
f 640/640 533/533 555/555
f 641/641 640/640 555/555
f 640/640 641/641 642/642
f 641/641 643/643 642/642
f 640/640 642/642 644/644
f 645/645 644/644 642/642
f 642/642 643/643 645/645
f 646/646 644/644 645/645
f 647/647 646/646 645/645
f 648/648 555/555 556/556
f 556/556 554/554 648/648
f 557/557 649/649 554/554
f 555/555 648/648 641/641
f 648/648 650/650 641/641
f 649/649 648/648 554/554
f 651/651 649/649 557/557
f 650/650 648/648 649/649
f 650/650 643/643 641/641
f 652/652 643/643 650/650
f 652/652 650/650 649/649
f 652/652 649/649 651/651
f 466/466 651/651 557/557
f 653/653 643/643 652/652
f 653/653 645/645 643/643
f 651/651 653/653 652/652
f 653/653 647/647 645/645
f 653/653 651/651 647/647
f 620/620 632/632 621/621
f 620/620 654/654 632/632
f 655/655 654/654 620/620
f 632/632 654/654 656/656
f 657/657 634/634 633/633
f 659/659 634/634 657/657
f 634/634 659/659 631/631
f 658/658 632/632 656/656
f 661/661 658/658 656/656
f 660/660 659/659 657/657
f 659/659 660/660 662/662
f 664/664 654/654 655/655
f 661/661 656/656 665/665
f 665/665 666/666 661/661
f 667/667 661/661 666/666
f 664/664 656/656 654/654
f 656/656 664/664 665/665
f 668/668 666/666 665/665
f 668/668 667/667 666/666
f 644/644 669/669 670/670
f 644/644 646/646 669/669
f 647/647 669/669 646/646
f 671/671 647/647 651/651
f 671/671 669/669 647/647
f 620/620 640/640 655/655
f 670/670 640/640 644/644
f 466/466 671/671 651/651
f 672/672 669/669 673/673
f 671/671 673/673 669/669
f 669/669 672/672 670/670
f 671/671 674/674 673/673
f 675/675 673/673 674/674
f 664/664 668/668 665/665
f 676/676 655/655 640/640
f 670/670 676/676 640/640
f 672/672 677/677 670/670
f 677/677 672/672 675/675
f 675/675 672/672 673/673
f 678/678 679/679 680/680
f 679/679 678/678 681/681
f 584/584 582/582 585/585
f 682/682 591/591 593/593
f 682/682 593/593 594/594
f 583/583 584/584 683/683
f 684/684 592/592 685/685
f 595/595 592/592 684/684
f 592/592 591/591 685/685
f 686/686 687/687 683/683
f 688/688 678/678 682/682
f 688/688 682/682 594/594
f 583/583 688/688 594/594
f 591/591 682/682 680/680
f 680/680 682/682 678/678
f 687/687 583/583 683/683
f 681/681 678/678 688/688
f 688/688 689/689 681/681
f 583/583 689/689 688/688
f 686/686 683/683 584/584
f 625/625 628/628 617/617
f 628/628 639/639 627/627
f 630/630 690/690 625/625
f 690/690 628/628 625/625
f 691/691 690/690 630/630
f 630/630 631/631 691/691
f 692/692 690/690 691/691
f 628/628 690/690 693/693
f 690/690 692/692 693/693
f 694/694 692/692 691/691
f 694/694 693/693 692/692
f 695/695 628/628 693/693
f 696/696 691/691 631/631
f 696/696 694/694 691/691
f 659/659 696/696 631/631
f 697/697 698/698 696/696
f 696/696 698/698 694/694
f 693/693 694/694 699/699
f 699/699 700/700 693/693
f 694/694 701/701 699/699
f 701/701 703/703 699/699
f 698/698 697/697 704/704
f 694/694 698/698 701/701
f 704/704 701/701 698/698
f 706/706 628/628 695/695
f 700/700 695/695 693/693
f 707/707 695/695 700/700
f 708/708 695/695 707/707
f 709/709 700/700 699/699
f 709/709 707/707 700/700
f 703/703 710/710 699/699
f 708/708 706/706 695/695
f 707/707 709/709 711/711
f 711/711 709/709 710/710
f 712/712 639/639 628/628
f 627/627 639/639 638/638
f 606/606 639/639 612/612
f 628/628 706/706 712/712
f 713/713 706/706 708/708
f 714/714 708/708 707/707
f 714/714 707/707 711/711
f 715/715 714/714 711/711
f 712/712 706/706 713/713
f 716/716 708/708 715/715
f 715/715 708/708 714/714
f 713/713 708/708 716/716
f 717/717 712/712 713/713
f 639/639 712/712 612/612
f 712/712 613/613 612/612
f 659/659 697/697 696/696
f 663/663 661/661 667/667
f 667/667 668/668 718/718
f 667/667 718/718 719/719
f 697/697 659/659 662/662
f 720/720 704/704 697/697
f 720/720 697/697 662/662
f 701/701 704/704 703/703
f 722/722 705/705 721/721
f 723/723 722/722 721/721
f 663/663 667/667 721/721
f 721/721 667/667 723/723
f 724/724 723/723 667/667
f 723/723 724/724 726/726
f 667/667 719/719 724/724
f 726/726 722/722 723/723
f 699/699 710/710 709/709
f 728/728 710/710 703/703
f 729/729 710/710 728/728
f 729/729 711/711 710/710
f 705/705 730/730 702/702
f 727/727 702/702 730/730
f 731/731 726/726 724/724
f 719/719 731/731 724/724
f 731/731 733/733 726/726
f 734/734 733/733 731/731
f 655/655 735/735 664/664
f 655/655 736/736 735/735
f 735/735 668/668 664/664
f 718/718 668/668 735/735
f 735/735 737/737 718/718
f 719/719 718/718 737/737
f 736/736 655/655 676/676
f 738/738 676/676 670/670
f 670/670 739/739 738/738
f 739/739 670/670 677/677
f 737/737 735/735 598/598
f 597/597 737/737 598/598
f 597/597 740/740 737/737
f 734/734 731/731 719/719
f 719/719 737/737 740/740
f 735/735 736/736 741/741
f 741/741 598/598 735/735
f 742/742 741/741 736/736
f 676/676 742/742 736/736
f 743/743 711/711 729/729
f 715/715 711/711 743/743
f 744/744 743/743 746/746
f 715/715 743/743 744/744
f 743/743 729/729 728/728
f 746/746 743/743 728/728
f 727/727 730/730 747/747
f 727/727 747/747 745/745
f 745/745 747/747 748/748
f 734/734 749/749 733/733
f 750/750 749/749 734/734
f 751/751 716/716 715/715
f 744/744 751/751 715/715
f 752/752 751/751 744/744
f 752/752 744/744 746/746
f 754/754 716/716 751/751
f 713/713 716/716 755/755
f 754/754 755/755 716/716
f 752/752 754/754 751/751
f 756/756 754/754 752/752
f 758/758 759/759 745/745
f 753/753 745/745 759/759
f 760/760 758/758 748/748
f 761/761 760/760 748/748
f 758/758 745/745 748/748
f 750/750 734/734 762/762
f 719/719 762/762 734/734
f 750/750 763/763 749/749
f 764/764 762/762 719/719
f 765/765 740/740 597/597
f 740/740 764/764 719/719
f 597/597 766/766 765/765
f 765/765 764/764 740/740
f 762/762 764/764 767/767
f 768/768 750/750 762/762
f 768/768 763/763 750/750
f 769/769 686/686 770/770
f 771/771 770/770 686/686
f 769/769 687/687 686/686
f 772/772 769/769 770/770
f 280/280 464/464 246/246
f 773/773 774/774 318/318
f 775/775 773/773 776/776
f 513/513 517/517 245/245
f 281/281 245/245 318/318
f 517/517 318/318 245/245
f 518/518 773/773 517/517
f 518/518 776/776 773/773
f 318/318 517/517 773/773
f 547/547 464/464 280/280
f 777/777 547/547 280/280
f 778/778 776/776 779/779
f 515/515 780/780 781/781
f 781/781 780/780 779/779
f 777/777 280/280 279/279
f 775/775 776/776 778/778
f 775/775 778/778 782/782
f 518/518 588/588 776/776
f 779/779 588/588 781/781
f 776/776 588/588 779/779
f 515/515 781/781 588/588
f 317/317 318/318 774/774
f 783/783 774/774 773/773
f 783/783 773/773 784/784
f 785/785 783/783 784/784
f 784/784 773/773 775/775
f 784/784 775/775 782/782
f 786/786 777/777 279/279
f 787/787 785/785 784/784
f 788/788 741/741 742/742
f 742/742 676/676 789/789
f 741/741 596/596 598/598
f 788/788 596/596 741/741
f 788/788 599/599 596/596
f 790/790 788/788 742/742
f 789/789 790/790 742/742
f 789/789 791/791 790/790
f 792/792 793/793 794/794
f 795/795 793/793 796/796
f 797/797 798/798 795/795
f 795/795 796/796 797/797
f 797/797 796/796 799/799
f 794/794 800/800 792/792
f 800/800 777/777 786/786
f 786/786 801/801 800/800
f 802/802 803/803 800/800
f 796/796 793/793 792/792
f 796/796 792/792 804/804
f 804/804 792/792 800/800
f 804/804 799/799 796/796
f 805/805 804/804 800/800
f 805/805 806/806 804/804
f 805/805 800/800 803/803
f 806/806 805/805 807/807
f 778/778 779/779 780/780
f 674/674 671/671 466/466
f 466/466 808/808 674/674
f 793/793 548/548 547/547
f 798/798 548/548 795/795
f 798/798 808/808 466/466
f 548/548 798/798 466/466
f 809/809 679/679 681/681
f 810/810 679/679 809/809
f 810/810 811/811 812/812
f 780/780 813/813 778/778
f 814/814 812/812 811/811
f 515/515 813/813 780/780
f 794/794 547/547 777/777
f 800/800 794/794 777/777
f 815/815 782/782 778/778
f 547/547 794/794 793/793
f 548/548 793/793 795/795
f 813/813 815/815 778/778
f 816/816 815/815 813/813
f 815/815 816/816 782/782
f 589/589 595/595 684/684
f 684/684 814/814 589/589
f 520/520 589/589 814/814
f 685/685 591/591 680/680
f 684/684 685/685 810/810
f 810/810 685/685 680/680
f 814/814 684/684 810/810
f 810/810 812/812 814/814
f 680/680 679/679 810/810
f 817/817 738/738 739/739
f 739/739 677/677 675/675
f 675/675 818/818 739/739
f 674/674 818/818 675/675
f 817/817 739/739 818/818
f 819/819 817/817 818/818
f 674/674 819/819 818/818
f 817/817 820/820 738/738
f 819/819 674/674 808/808
f 820/820 817/817 819/819
f 819/819 821/821 820/820
f 822/822 820/820 821/821
f 808/808 821/821 819/819
f 821/821 808/808 823/823
f 823/823 808/808 798/798
f 809/809 681/681 824/824
f 681/681 689/689 824/824
f 825/825 809/809 824/824
f 824/824 826/826 825/825
f 811/811 810/810 809/809
f 827/827 809/809 825/825
f 811/811 809/809 827/827
f 826/826 824/824 689/689
f 689/689 828/828 826/826
f 689/689 583/583 829/829
f 829/829 828/828 689/689
f 814/814 830/830 520/520
f 831/831 811/811 827/827
f 827/827 825/825 831/831
f 811/811 832/832 814/814
f 831/831 832/832 811/811
f 832/832 830/830 814/814
f 676/676 738/738 789/789
f 738/738 822/822 789/789
f 738/738 820/820 822/822
f 823/823 822/822 821/821
f 833/833 789/789 822/822
f 822/822 834/834 833/833
f 823/823 834/834 822/822
f 791/791 789/789 833/833
f 835/835 834/834 823/823
f 833/833 836/836 791/791
f 836/836 833/833 834/834
f 836/836 834/834 837/837
f 835/835 837/837 834/834
f 837/837 838/838 836/836
f 828/828 839/839 826/826
f 829/829 687/687 840/840
f 825/825 826/826 841/841
f 841/841 826/826 839/839
f 825/825 841/841 842/842
f 842/842 831/831 825/825
f 843/843 828/828 844/844
f 844/844 828/828 829/829
f 839/839 828/828 843/843
f 839/839 845/845 841/841
f 841/841 845/845 842/842
f 843/843 845/845 839/839
f 842/842 845/845 846/846
f 846/846 845/845 847/847
f 848/848 849/849 816/816
f 782/782 816/816 849/849
f 816/816 813/813 850/850
f 850/850 813/813 515/515
f 851/851 850/850 515/515
f 515/515 520/520 851/851
f 520/520 830/830 851/851
f 850/850 848/848 816/816
f 835/835 823/823 798/798
f 848/848 850/850 852/852
f 850/850 851/851 852/852
f 832/832 831/831 842/842
f 832/832 842/842 853/853
f 853/853 842/842 846/846
f 832/832 853/853 854/854
f 854/854 830/830 832/832
f 829/829 583/583 687/687
f 769/769 855/855 687/687
f 856/856 784/784 782/782
f 782/782 849/849 856/856
f 857/857 849/849 848/848
f 858/858 856/856 849/849
f 725/725 705/705 722/722
f 705/705 725/725 730/730
f 725/725 749/749 730/730
f 725/725 732/732 749/749
f 749/749 747/747 730/730
f 761/761 748/748 747/747
f 747/747 749/749 761/761
f 749/749 763/763 761/761
f 760/760 761/761 763/763
f 760/760 859/859 758/758
f 760/760 763/763 859/859
f 859/859 763/763 860/860
f 763/763 768/768 860/860
f 61/61 861/861 62/62
f 862/862 861/861 863/863
f 863/863 861/861 864/864
f 407/407 865/865 392/392
f 61/61 392/392 865/865
f 391/391 407/407 392/392
f 865/865 861/861 61/61
f 864/864 861/861 865/865
f 866/866 863/863 867/867
f 868/868 866/866 869/869
f 868/868 869/869 870/870
f 865/865 871/871 864/864
f 871/871 863/863 864/864
f 871/871 867/867 863/863
f 872/872 873/873 871/871
f 867/867 869/869 866/866
f 406/406 409/409 407/407
f 872/872 871/871 865/865
f 865/865 407/407 874/874
f 874/874 872/872 865/865
f 409/409 875/875 407/407
f 869/869 867/867 876/876
f 869/869 876/876 877/877
f 867/867 871/871 873/873
f 873/873 876/876 867/867
f 873/873 878/878 876/876
f 876/876 878/878 877/877
f 879/879 870/870 869/869
f 880/880 869/869 877/877
f 880/880 879/879 869/869
f 878/878 873/873 881/881
f 879/879 880/880 882/882
f 878/878 881/881 877/877
f 880/880 877/877 883/883
f 884/884 874/874 407/407
f 874/874 884/884 885/885
f 885/885 872/872 874/874
f 886/886 887/887 872/872
f 886/886 872/872 885/885
f 884/884 886/886 885/885
f 877/877 881/881 888/888
f 887/887 873/873 872/872
f 887/887 881/881 873/873
f 889/889 887/887 890/890
f 883/883 877/877 888/888
f 881/881 887/887 889/889
f 889/889 888/888 881/881
f 886/886 891/891 887/887
f 891/891 890/890 887/887
f 408/408 875/875 409/409
f 884/884 892/892 893/893
f 884/884 407/407 875/875
f 875/875 408/408 884/884
f 884/884 894/894 886/886
f 895/895 886/886 894/894
f 895/895 891/891 886/886
f 884/884 893/893 894/894
f 894/894 893/893 895/895
f 896/896 895/895 893/893
f 884/884 408/408 892/892
f 892/892 408/408 897/897
f 898/898 899/899 889/889
f 890/890 898/898 889/889
f 900/900 883/883 899/899
f 899/899 888/888 889/889
f 901/901 883/883 902/902
f 888/888 899/899 883/883
f 903/903 902/902 904/904
f 905/905 903/903 907/907
f 904/904 907/907 903/903
f 902/902 883/883 909/909
f 909/909 904/904 902/902
f 911/911 907/907 904/904
f 908/908 910/910 912/912
f 913/913 890/890 891/891
f 891/891 895/895 913/913
f 890/890 913/913 898/898
f 896/896 913/913 895/895
f 896/896 914/914 913/913
f 915/915 916/916 898/898
f 913/913 915/915 898/898
f 899/899 898/898 916/916
f 916/916 900/900 899/899
f 917/917 918/918 913/913
f 915/915 913/913 918/918
f 914/914 917/917 913/913
f 892/892 897/897 919/919
f 896/896 892/892 919/919
f 914/914 896/896 917/917
f 920/920 917/917 919/919
f 919/919 917/917 896/896
f 897/897 920/920 919/919
f 893/893 892/892 896/896
f 921/921 922/922 916/916
f 918/918 923/923 924/924
f 915/915 921/921 916/916
f 900/900 916/916 925/925
f 925/925 883/883 900/900
f 925/925 916/916 922/922
f 926/926 925/925 922/922
f 925/925 926/926 883/883
f 918/918 924/924 915/915
f 924/924 921/921 915/915
f 922/922 921/921 927/927
f 921/921 924/924 928/928
f 928/928 927/927 921/921
f 927/927 929/929 922/922
f 929/929 930/930 931/931
f 922/922 929/929 932/932
f 926/926 922/922 932/932
f 933/933 932/932 931/931
f 931/931 932/932 929/929
f 934/934 933/933 931/931
f 933/933 926/926 932/932
f 935/935 926/926 933/933
f 936/936 918/918 917/917
f 936/936 917/917 920/920
f 923/923 918/918 936/936
f 937/937 936/936 920/920
f 938/938 924/924 923/923
f 938/938 928/928 924/924
f 939/939 928/928 938/938
f 939/939 940/940 928/928
f 940/940 939/939 941/941
f 940/940 927/927 928/928
f 927/927 942/942 929/929
f 940/940 942/942 927/927
f 942/942 930/930 929/929
f 940/940 943/943 942/942
f 941/941 943/943 940/940
f 936/936 938/938 923/923
f 944/944 938/938 936/936
f 944/944 936/936 937/937
f 939/939 945/945 941/941
f 941/941 945/945 946/946
f 938/938 944/944 939/939
f 944/944 945/945 939/939
f 947/947 946/946 945/945
f 883/883 926/926 909/909
f 935/935 909/909 926/926
f 948/948 904/904 909/909
f 911/911 904/904 948/948
f 909/909 935/935 948/948
f 935/935 949/949 948/948
f 935/935 933/933 950/950
f 950/950 933/933 934/934
f 951/951 935/935 950/950
f 951/951 950/950 952/952
f 935/935 951/951 949/949
f 953/953 949/949 951/951
f 953/953 954/954 949/949
f 954/954 953/953 957/957
f 911/911 948/948 949/949
f 911/911 949/949 954/954
f 910/910 955/955 912/912
f 912/912 955/955 958/958
f 958/958 955/955 956/956
f 958/958 959/959 912/912
f 897/897 408/408 960/960
f 961/961 920/920 897/897
f 961/961 962/962 963/963
f 962/962 961/961 897/897
f 897/897 960/960 962/962
f 920/920 964/964 937/937
f 937/937 965/965 966/966
f 966/966 944/944 937/937
f 937/937 964/964 965/965
f 967/967 965/965 964/964
f 968/968 967/967 969/969
f 968/968 965/965 967/967
f 968/968 966/966 965/965
f 970/970 966/966 968/968
f 964/964 920/920 971/971
f 969/969 920/920 961/961
f 969/969 971/971 920/920
f 967/967 964/964 971/971
f 971/971 969/969 967/967
f 970/970 968/968 969/969
f 961/961 970/970 969/969
f 944/944 972/972 973/973
f 966/966 972/972 944/944
f 944/944 973/973 945/945
f 973/973 947/947 945/945
f 972/972 974/974 973/973
f 975/975 947/947 974/974
f 947/947 973/973 974/974
f 970/970 976/976 966/966
f 966/966 974/974 972/972
f 976/976 974/974 966/966
f 975/975 976/976 977/977
f 974/974 976/976 975/975
f 978/978 947/947 975/975
f 978/978 975/975 979/979
f 963/963 970/970 961/961
f 980/980 970/970 963/963
f 980/980 981/981 970/970
f 980/980 982/982 981/981
f 976/976 970/970 977/977
f 979/979 975/975 977/977
f 981/981 977/977 970/970
f 979/979 977/977 983/983
f 981/981 984/984 977/977
f 984/984 983/983 977/977
f 981/981 982/982 985/985
f 984/984 981/981 985/985
f 985/985 986/986 984/984
f 983/983 987/987 988/988
f 983/983 984/984 986/986
f 983/983 986/986 987/987
f 962/962 960/960 963/963
f 989/989 963/963 960/960
f 980/980 963/963 990/990
f 980/980 990/990 982/982
f 990/990 991/991 982/982
f 982/982 991/991 985/985
f 991/991 986/986 985/985
f 991/991 990/990 992/992
f 986/986 993/993 987/987
f 989/989 990/990 963/963
f 989/989 992/992 990/990
f 993/993 994/994 987/987
f 995/995 994/994 993/993
f 996/996 991/991 992/992
f 996/996 986/986 991/991
f 996/996 997/997 986/986
f 986/986 997/997 993/993
f 995/995 998/998 999/999
f 1000/1000 999/999 998/998
f 989/989 960/960 1001/1001
f 1001/1001 1002/1002 989/989
f 989/989 1002/1002 992/992
f 992/992 1002/1002 996/996
f 995/995 993/993 1003/1003
f 1003/1003 993/993 997/997
f 1003/1003 997/997 1004/1004
f 1005/1005 1000/1000 998/998
f 1005/1005 998/998 1006/1006
f 995/995 1003/1003 1007/1007
f 1007/1007 998/998 995/995
f 998/998 1007/1007 1008/1008
f 1009/1009 931/931 1010/1010
f 1009/1009 934/934 931/931
f 1009/1009 1010/1010 1011/1011
f 1011/1011 1012/1012 1009/1009
f 1012/1012 934/934 1009/1009
f 943/943 930/930 942/942
f 930/930 943/943 1013/1013
f 1013/1013 1014/1014 930/930
f 1015/1015 941/941 946/946
f 943/943 941/941 1015/1015
f 1013/1013 943/943 1015/1015
f 1015/1015 1016/1016 1013/1013
f 1016/1016 1017/1017 1013/1013
f 1018/1018 1015/1015 946/946
f 1018/1018 1016/1016 1015/1015
f 1018/1018 1019/1019 1016/1016
f 1019/1019 1020/1020 1016/1016
f 1020/1020 1017/1017 1016/1016
f 931/931 930/930 1010/1010
f 1014/1014 1010/1010 930/930
f 1021/1021 1010/1010 1014/1014
f 1021/1021 1011/1011 1010/1010
f 1022/1022 1014/1014 1013/1013
f 1021/1021 1014/1014 1024/1024
f 1024/1024 1014/1014 1022/1022
f 1026/1026 1021/1021 1024/1024
f 1011/1011 1021/1021 1028/1028
f 1028/1028 1021/1021 1026/1026
f 1025/1025 1029/1029 1027/1027
f 1031/1031 1027/1027 1032/1032
f 1017/1017 1023/1023 1013/1013
f 1029/1029 1025/1025 1033/1033
f 1033/1033 1034/1034 1029/1029
f 1034/1034 1033/1033 1035/1035
f 1032/1032 1027/1027 1029/1029
f 1032/1032 1029/1029 1034/1034
f 1025/1025 1023/1023 1017/1017
f 1033/1033 1025/1025 1017/1017
f 1017/1017 1020/1020 1036/1036
f 1035/1035 1033/1033 1017/1017
f 1035/1035 1017/1017 1036/1036
f 1037/1037 1034/1034 1035/1035
f 1038/1038 1035/1035 1036/1036
f 1037/1037 1035/1035 1038/1038
f 1037/1037 1039/1039 1034/1034
f 1040/1040 1039/1039 1037/1037
f 1040/1040 1037/1037 1041/1041
f 950/950 934/934 952/952
f 1042/1042 934/934 1012/1012
f 952/952 934/934 1042/1042
f 1012/1012 1043/1043 1042/1042
f 952/952 1042/1042 1044/1044
f 951/951 952/952 953/953
f 1046/1046 957/957 953/953
f 1044/1044 1047/1047 952/952
f 1047/1047 953/953 952/952
f 1012/1012 1011/1011 1048/1048
f 1028/1028 1048/1048 1011/1011
f 1043/1043 1049/1049 1042/1042
f 1048/1048 1043/1043 1012/1012
f 1048/1048 1050/1050 1043/1043
f 1049/1049 1043/1043 1050/1050
f 1051/1051 1050/1050 1048/1048
f 1044/1044 1042/1042 1049/1049
f 1053/1053 1048/1048 1028/1028
f 1026/1026 1030/1030 1028/1028
f 1053/1053 1028/1028 1030/1030
f 1048/1048 1053/1053 1051/1051
f 1050/1050 1051/1051 1055/1055
f 953/953 1047/1047 1046/1046
f 1046/1046 1047/1047 1058/1058
f 1045/1045 1059/1059 956/956
f 1050/1050 1055/1055 1049/1049
f 1060/1060 1049/1049 1055/1055
f 1058/1058 1044/1044 1049/1049
f 1063/1063 1049/1049 1060/1060
f 1058/1058 1049/1049 1063/1063
f 1044/1044 1058/1058 1047/1047
f 1059/1059 1045/1045 1057/1057
f 1032/1032 1054/1054 1031/1031
f 1064/1064 1054/1054 1032/1032
f 1052/1052 1054/1054 1064/1064
f 1064/1064 1065/1065 1052/1052
f 1065/1065 1064/1064 1039/1039
f 1064/1064 1032/1032 1034/1034
f 1064/1064 1034/1034 1039/1039
f 1066/1066 1056/1056 1052/1052
f 1066/1066 1061/1061 1056/1056
f 1062/1062 1061/1061 1067/1067
f 1065/1065 1066/1066 1052/1052
f 1068/1068 1040/1040 1041/1041
f 1039/1039 1066/1066 1065/1065
f 1066/1066 1039/1039 1069/1069
f 1069/1069 1061/1061 1066/1066
f 1069/1069 1068/1068 1061/1061
f 1040/1040 1069/1069 1039/1039
f 1069/1069 1040/1040 1068/1068
f 1067/1067 1061/1061 1068/1068
f 1067/1067 1068/1068 1070/1070
f 1070/1070 1068/1068 1041/1041
f 1057/1057 1062/1062 1071/1071
f 1059/1059 1057/1057 1071/1071
f 1062/1062 1067/1067 1071/1071
f 1071/1071 1072/1072 1059/1059
f 1073/1073 1067/1067 1070/1070
f 1071/1071 1067/1067 1073/1073
f 1073/1073 1072/1072 1071/1071
f 958/958 956/956 1059/1059
f 1059/1059 1072/1072 958/958
f 947/947 1018/1018 946/946
f 1018/1018 947/947 1074/1074
f 1074/1074 1019/1019 1018/1018
f 1019/1019 1075/1075 1020/1020
f 1074/1074 947/947 978/978
f 1019/1019 1074/1074 1075/1075
f 1076/1076 1074/1074 978/978
f 1076/1076 1075/1075 1074/1074
f 978/978 1077/1077 1076/1076
f 1077/1077 978/978 979/979
f 1036/1036 1020/1020 1078/1078
f 1036/1036 1078/1078 1038/1038
f 1020/1020 1075/1075 1079/1079
f 1078/1078 1020/1020 1079/1079
f 1080/1080 1038/1038 1078/1078
f 1041/1041 1037/1037 1038/1038
f 1038/1038 1080/1080 1041/1041
f 1080/1080 1078/1078 1081/1081
f 1079/1079 1075/1075 1076/1076
f 1079/1079 1076/1076 1082/1082
f 1076/1076 1077/1077 1082/1082
f 1078/1078 1079/1079 1083/1083
f 1083/1083 1079/1079 1082/1082
f 1081/1081 1078/1078 1083/1083
f 1084/1084 1083/1083 1085/1085
f 979/979 983/983 1077/1077
f 1082/1082 1077/1077 988/988
f 1082/1082 988/988 1086/1086
f 988/988 1077/1077 983/983
f 1085/1085 1083/1083 1082/1082
f 1082/1082 1086/1086 1085/1085
f 1086/1086 1087/1087 1085/1085
f 1088/1088 1085/1085 1087/1087
f 1089/1089 1086/1086 988/988
f 1086/1086 1090/1090 1087/1087
f 1089/1089 1090/1090 1086/1086
f 1084/1084 1085/1085 1088/1088
f 1089/1089 988/988 1091/1091
f 1089/1089 1091/1091 1092/1092
f 987/987 1091/1091 988/988
f 994/994 1091/1091 987/987
f 1092/1092 1091/1091 1093/1093
f 1093/1093 1091/1091 994/994
f 1070/1070 1041/1041 1080/1080
f 1094/1094 1095/1095 1081/1081
f 1095/1095 1080/1080 1081/1081
f 1070/1070 1080/1080 1095/1095
f 1072/1072 1073/1073 1096/1096
f 1073/1073 1070/1070 1095/1095
f 1095/1095 1096/1096 1073/1073
f 1096/1096 1095/1095 1094/1094
f 1094/1094 1081/1081 1083/1083
f 1084/1084 1094/1094 1083/1083
f 1094/1094 1097/1097 1096/1096
f 958/958 1072/1072 1098/1098
f 1099/1099 1072/1072 1096/1096
f 1094/1094 1100/1100 1097/1097
f 1096/1096 1097/1097 1099/1099
f 1098/1098 1072/1072 1099/1099
f 1088/1088 1087/1087 1090/1090
f 1088/1088 1090/1090 1101/1101
f 1102/1102 1090/1090 1089/1089
f 1101/1101 1090/1090 1102/1102
f 1103/1103 1088/1088 1101/1101
f 1102/1102 1103/1103 1101/1101
f 1103/1103 1102/1102 1104/1104
f 1104/1104 1105/1105 1103/1103
f 1105/1105 1104/1104 1106/1106
f 1094/1094 1084/1084 1100/1100
f 1100/1100 1084/1084 1105/1105
f 1084/1084 1088/1088 1103/1103
f 1084/1084 1103/1103 1105/1105
f 1102/1102 1089/1089 1092/1092
f 1102/1102 1092/1092 1093/1093
f 1102/1102 1093/1093 1107/1107
f 1104/1104 1102/1102 1107/1107
f 994/994 1108/1108 1093/1093
f 1107/1107 1093/1093 1108/1108
f 1108/1108 994/994 1109/1109
f 1109/1109 1110/1110 1108/1108
f 1108/1108 1111/1111 1107/1107
f 1107/1107 1111/1111 1104/1104
f 1106/1106 1104/1104 1111/1111
f 1111/1111 1108/1108 1110/1110
f 1111/1111 1110/1110 1112/1112
f 1112/1112 1113/1113 1111/1111
f 1111/1111 1113/1113 1106/1106
f 1113/1113 1112/1112 1114/1114
f 1115/1115 1098/1098 1099/1099
f 1097/1097 1100/1100 1115/1115
f 1106/1106 1100/1100 1105/1105
f 1099/1099 1097/1097 1115/1115
f 1116/1116 1106/1106 1113/1113
f 1116/1116 1113/1113 1114/1114
f 1100/1100 1106/1106 1116/1116
f 1100/1100 1116/1116 1117/1117
f 1118/1118 1100/1100 1117/1117
f 1115/1115 1100/1100 1118/1118
f 1109/1109 994/994 995/995
f 1109/1109 995/995 999/999
f 1114/1114 1112/1112 1110/1110
f 1114/1114 1110/1110 999/999
f 1110/1110 1109/1109 999/999
f 1119/1119 1114/1114 999/999
f 1120/1120 1114/1114 1119/1119
f 1121/1121 1114/1114 1120/1120
f 1114/1114 1121/1121 1116/1116
f 1117/1117 1116/1116 1121/1121
f 1117/1117 1121/1121 1122/1122
f 1122/1122 1121/1121 1120/1120
f 1119/1119 999/999 1123/1123
f 1120/1120 1119/1119 1122/1122
f 1123/1123 1122/1122 1119/1119
f 1118/1118 1117/1117 1124/1124
f 1124/1124 1122/1122 1125/1125
f 1124/1124 1117/1117 1122/1122
f 1000/1000 1123/1123 999/999
f 1000/1000 1125/1125 1123/1123
f 1123/1123 1125/1125 1122/1122
f 1000/1000 1005/1005 1125/1125
f 1126/1126 64/64 62/62
f 66/66 65/65 1127/1127
f 65/65 64/64 1126/1126
f 65/65 1126/1126 1128/1128
f 1127/1127 65/65 1128/1128
f 1129/1129 1127/1127 1128/1128
f 66/66 1127/1127 1129/1129
f 66/66 1129/1129 1130/1130
f 74/74 66/66 1131/1131
f 1131/1131 66/66 1130/1130
f 1132/1132 1130/1130 1129/1129
f 1132/1132 1129/1129 1133/1133
f 1134/1134 1132/1132 1135/1135
f 1131/1131 1130/1130 1132/1132
f 1131/1131 1132/1132 1134/1134
f 112/112 1131/1131 1134/1134
f 1135/1135 1132/1132 1133/1133
f 1135/1135 1136/1136 1134/1134
f 74/74 1131/1131 109/109
f 112/112 109/109 1131/1131
f 118/118 113/113 121/121
f 113/113 1137/1137 121/121
f 133/133 121/121 1138/1138
f 1138/1138 121/121 1137/1137
f 1126/1126 62/62 861/861
f 1126/1126 861/861 862/862
f 863/863 1139/1139 862/862
f 1126/1126 1139/1139 1128/1128
f 1126/1126 862/862 1139/1139
f 1128/1128 1139/1139 1129/1129
f 1139/1139 866/866 1140/1140
f 866/866 1139/1139 863/863
f 1139/1139 1140/1140 1129/1129
f 1133/1133 1129/1129 1140/1140
f 1141/1141 1140/1140 1142/1142
f 1133/1133 1140/1140 1141/1141
f 1133/1133 1141/1141 1143/1143
f 1143/1143 1141/1141 1144/1144
f 1140/1140 866/866 868/868
f 1142/1142 1140/1140 868/868
f 1144/1144 1141/1141 1142/1142
f 1142/1142 1145/1145 1144/1144
f 868/868 1146/1146 1142/1142
f 1145/1145 1142/1142 1146/1146
f 1146/1146 868/868 870/870
f 1143/1143 1135/1135 1133/1133
f 1143/1143 1136/1136 1135/1135
f 1136/1136 1147/1147 1134/1134
f 112/112 1134/1134 1147/1147
f 1144/1144 1149/1149 1143/1143
f 1149/1149 1144/1144 1145/1145
f 1136/1136 1143/1143 1149/1149
f 1136/1136 1150/1150 1147/1147
f 1150/1150 1136/1136 1149/1149
f 1150/1150 1149/1149 1151/1151
f 1146/1146 1152/1152 1145/1145
f 1149/1149 1145/1145 1152/1152
f 1152/1152 1151/1151 1149/1149
f 1152/1152 1153/1153 1151/1151
f 1152/1152 1146/1146 1153/1153
f 113/113 1148/1148 1137/1137
f 1147/1147 1150/1150 1154/1154
f 1138/1138 1156/1156 133/133
f 1156/1156 1138/1138 1157/1157
f 1158/1158 1159/1159 1160/1160
f 1156/1156 1161/1161 1158/1158
f 1156/1156 1157/1157 1161/1161
f 1158/1158 1161/1161 1159/1159
f 1160/1160 1159/1159 1162/1162
f 1163/1163 1159/1159 1164/1164
f 1156/1156 411/411 133/133
f 416/416 411/411 1156/1156
f 1160/1160 1162/1162 416/416
f 416/416 1156/1156 1158/1158
f 416/416 1158/1158 1160/1160
f 1157/1157 1138/1138 1137/1137
f 1157/1157 1165/1165 1161/1161
f 1157/1157 1137/1137 1166/1166
f 1157/1157 1166/1166 1165/1165
f 1167/1167 1159/1159 1161/1161
f 1161/1161 1165/1165 1167/1167
f 1168/1168 1159/1159 1169/1169
f 1164/1164 1159/1159 1168/1168
f 1159/1159 1167/1167 1169/1169
f 1169/1169 1167/1167 1165/1165
f 1169/1169 1165/1165 1170/1170
f 1168/1168 1169/1169 1171/1171
f 1164/1164 1172/1172 1163/1163
f 415/415 416/416 418/418
f 416/416 1162/1162 418/418
f 418/418 1162/1162 1173/1173
f 1162/1162 1159/1159 1163/1163
f 1174/1174 1163/1163 1172/1172
f 1175/1175 1174/1174 1172/1172
f 1175/1175 1172/1172 1176/1176
f 1176/1176 1177/1177 1175/1175
f 1174/1174 1175/1175 1178/1178
f 1179/1179 1175/1175 1177/1177
f 1173/1173 1162/1162 1163/1163
f 1180/1180 1173/1173 1163/1163
f 1181/1181 1180/1180 1182/1182
f 418/418 1173/1173 419/419
f 1183/1183 419/419 1173/1173
f 1183/1183 1173/1173 1180/1180
f 1182/1182 1163/1163 1174/1174
f 1182/1182 1174/1174 1184/1184
f 1178/1178 1184/1184 1174/1174
f 1180/1180 1163/1163 1182/1182
f 1185/1185 1182/1182 1184/1184
f 1185/1185 1184/1184 1178/1178
f 1179/1179 1185/1185 1178/1178
f 1175/1175 1179/1179 1178/1178
f 1177/1177 1186/1186 1187/1187
f 1187/1187 1179/1179 1177/1177
f 1182/1182 1185/1185 1181/1181
f 1188/1188 1181/1181 1185/1185
f 1185/1185 1179/1179 1189/1189
f 1189/1189 1188/1188 1185/1185
f 1187/1187 1189/1189 1179/1179
f 1190/1190 1168/1168 1191/1191
f 1192/1192 1164/1164 1190/1190
f 1164/1164 1192/1192 1172/1172
f 1192/1192 1190/1190 1193/1193
f 1176/1176 1172/1172 1192/1192
f 1190/1190 1164/1164 1168/1168
f 1191/1191 1194/1194 1190/1190
f 1193/1193 1190/1190 1194/1194
f 1193/1193 1194/1194 1195/1195
f 1191/1191 1168/1168 1196/1196
f 1196/1196 1168/1168 1171/1171
f 1197/1197 1198/1198 1196/1196
f 1196/1196 1171/1171 1197/1197
f 1194/1194 1191/1191 1199/1199
f 1191/1191 1196/1196 1199/1199
f 1195/1195 1194/1194 1199/1199
f 1196/1196 1198/1198 1199/1199
f 1198/1198 1200/1200 1199/1199
f 1199/1199 1200/1200 1195/1195
f 1201/1201 1202/1202 1203/1203
f 1195/1195 1203/1203 1202/1202
f 1203/1203 1195/1195 1200/1200
f 1204/1204 1203/1203 1200/1200
f 1201/1201 1203/1203 1205/1205
f 1206/1206 1201/1201 1205/1205
f 1193/1193 1176/1176 1192/1192
f 1176/1176 1193/1193 1207/1207
f 1207/1207 1177/1177 1176/1176
f 1177/1177 1207/1207 1202/1202
f 1207/1207 1193/1193 1195/1195
f 1202/1202 1207/1207 1195/1195
f 1208/1208 1177/1177 1202/1202
f 1208/1208 1186/1186 1177/1177
f 1209/1209 1186/1186 1208/1208
f 1186/1186 1210/1210 1187/1187
f 1209/1209 1210/1210 1186/1186
f 1201/1201 1208/1208 1202/1202
f 1208/1208 1201/1201 1209/1209
f 1206/1206 1209/1209 1201/1201
f 1211/1211 1212/1212 1213/1213
f 1214/1214 870/870 879/879
f 1214/1214 879/879 882/882
f 870/870 1214/1214 1146/1146
f 1153/1153 1146/1146 1214/1214
f 1153/1153 1214/1214 1215/1215
f 882/882 1215/1215 1214/1214
f 882/882 1213/1213 1215/1215
f 1215/1215 1212/1212 1216/1216
f 1212/1212 1215/1215 1213/1213
f 1217/1217 882/882 880/880
f 1211/1211 882/882 1217/1217
f 882/882 1211/1211 1213/1213
f 1153/1153 1216/1216 1151/1151
f 1215/1215 1216/1216 1153/1153
f 1150/1150 1151/1151 1216/1216
f 1216/1216 1212/1212 1211/1211
f 1211/1211 1219/1219 1216/1216
f 1150/1150 1216/1216 1219/1219
f 1154/1154 1150/1150 1219/1219
f 1155/1155 1218/1218 1220/1220
f 1137/1137 1148/1148 1155/1155
f 1166/1166 1137/1137 1155/1155
f 1155/1155 1220/1220 1166/1166
f 1221/1221 1166/1166 1220/1220
f 1169/1169 1170/1170 1222/1222
f 1221/1221 1222/1222 1170/1170
f 1221/1221 1223/1223 1222/1222
f 1222/1222 1224/1224 1169/1169
f 1219/1219 1211/1211 1217/1217
f 1219/1219 1217/1217 1226/1226
f 1218/1218 1225/1225 1220/1220
f 1221/1221 1220/1220 1227/1227
f 1227/1227 1223/1223 1221/1221
f 880/880 883/883 1217/1217
f 1226/1226 1217/1217 901/901
f 1217/1217 883/883 901/901
f 1220/1220 1225/1225 1228/1228
f 1220/1220 1228/1228 1227/1227
f 1171/1171 1169/1169 1224/1224
f 1229/1229 1171/1171 1224/1224
f 1230/1230 1229/1229 1224/1224
f 1222/1222 1231/1231 1224/1224
f 1230/1230 1224/1224 1231/1231
f 1231/1231 1222/1222 1223/1223
f 1231/1231 1223/1223 1232/1232
f 1231/1231 1232/1232 1230/1230
f 1232/1232 1233/1233 1230/1230
f 1232/1232 1234/1234 1233/1233
f 1236/1236 1226/1226 901/901
f 1228/1228 1225/1225 1235/1235
f 1228/1228 1235/1235 1237/1237
f 1237/1237 1227/1227 1228/1228
f 1227/1227 1232/1232 1223/1223
f 1232/1232 1227/1227 1238/1238
f 1238/1238 1239/1239 1232/1232
f 1221/1221 1165/1165 1166/1166
f 1221/1221 1170/1170 1165/1165
f 1197/1197 1171/1171 1229/1229
f 1198/1198 1197/1197 1240/1240
f 1240/1240 1197/1197 1241/1241
f 1200/1200 1198/1198 1240/1240
f 1204/1204 1200/1200 1240/1240
f 1204/1204 1240/1240 1242/1242
f 1203/1203 1204/1204 1205/1205
f 1229/1229 1241/1241 1197/1197
f 1241/1241 1229/1229 1243/1243
f 1243/1243 1229/1229 1244/1244
f 1230/1230 1244/1244 1229/1229
f 1241/1241 1242/1242 1240/1240
f 1243/1243 1242/1242 1241/1241
f 1243/1243 1245/1245 1242/1242
f 1244/1244 1246/1246 1243/1243
f 1245/1245 1243/1243 1246/1246
f 1245/1245 1246/1246 1247/1247
f 1205/1205 1242/1242 1245/1245
f 1204/1204 1242/1242 1205/1205
f 1248/1248 1206/1206 1205/1205
f 1247/1247 1249/1249 1245/1245
f 1248/1248 1205/1205 1249/1249
f 1205/1205 1245/1245 1249/1249
f 419/419 1183/1183 569/569
f 1181/1181 1250/1250 1180/1180
f 1250/1250 1183/1183 1180/1180
f 1251/1251 1183/1183 1250/1250
f 1181/1181 1252/1252 1250/1250
f 1188/1188 1189/1189 1253/1253
f 1188/1188 1252/1252 1181/1181
f 1253/1253 1252/1252 1188/1188
f 1253/1253 1189/1189 1254/1254
f 1255/1255 1250/1250 1252/1252
f 1252/1252 1253/1253 1255/1255
f 1253/1253 1254/1254 1256/1256
f 1257/1257 1250/1250 1255/1255
f 1257/1257 1255/1255 1258/1258
f 1257/1257 1251/1251 1250/1250
f 1257/1257 1259/1259 1251/1251
f 1257/1257 1258/1258 1260/1260
f 1253/1253 1256/1256 1255/1255
f 1255/1255 1256/1256 1258/1258
f 1256/1256 1261/1261 1262/1262
f 1262/1262 1258/1258 1256/1256
f 1263/1263 1257/1257 1260/1260
f 1259/1259 1257/1257 1263/1263
f 1264/1264 1210/1210 1209/1209
f 1264/1264 1265/1265 1210/1210
f 1266/1266 1187/1187 1210/1210
f 1261/1261 1187/1187 1266/1266
f 1266/1266 1210/1210 1265/1265
f 1265/1265 1267/1267 1266/1266
f 1264/1264 1209/1209 1206/1206
f 1264/1264 1206/1206 1248/1248
f 1265/1265 1264/1264 1268/1268
f 1263/1263 1269/1269 1270/1270
f 1260/1260 1258/1258 1262/1262
f 1262/1262 1261/1261 1271/1271
f 1271/1271 1261/1261 1266/1266
f 1271/1271 1269/1269 1262/1262
f 1271/1271 1272/1272 1269/1269
f 1266/1266 1272/1272 1271/1271
f 1272/1272 1266/1266 1267/1267
f 1260/1260 1269/1269 1263/1263
f 1262/1262 1269/1269 1260/1260
f 1270/1270 1269/1269 1272/1272
f 1273/1273 1268/1268 1274/1274
f 1273/1273 1274/1274 1275/1275
f 1275/1275 1276/1276 1277/1277
f 1275/1275 1277/1277 1273/1273
f 1277/1277 1276/1276 1278/1278
f 1267/1267 1265/1265 1268/1268
f 1273/1273 1267/1267 1268/1268
f 1273/1273 1270/1270 1272/1272
f 1270/1270 1273/1273 1277/1277
f 1273/1273 1272/1272 1267/1267
f 1263/1263 1279/1279 1280/1280
f 1259/1259 1263/1263 1280/1280
f 1280/1280 1281/1281 1282/1282
f 1281/1281 1283/1283 1282/1282
f 1263/1263 1270/1270 1279/1279
f 1270/1270 1277/1277 1279/1279
f 1278/1278 1279/1279 1277/1277
f 1284/1284 1279/1279 1278/1278
f 1285/1285 1284/1284 1278/1278
f 1280/1280 1279/1279 1284/1284
f 1284/1284 1281/1281 1280/1280
f 1283/1283 1281/1281 1284/1284
f 1286/1286 1287/1287 1284/1284
f 1283/1283 1284/1284 1287/1287
f 1282/1282 1283/1283 1288/1288
f 1239/1239 1238/1238 1289/1289
f 1289/1289 1290/1290 1239/1239
f 1289/1289 1291/1291 1290/1290
f 1292/1292 1290/1290 1293/1293
f 1291/1291 1293/1293 1290/1290
f 1293/1293 1291/1291 1294/1294
f 1289/1289 1295/1295 1291/1291
f 1291/1291 1296/1296 1294/1294
f 1296/1296 1291/1291 1295/1295
f 1297/1297 1246/1246 1244/1244
f 1249/1249 1247/1247 1298/1298
f 1248/1248 1249/1249 1299/1299
f 1298/1298 1246/1246 1300/1300
f 1246/1246 1298/1298 1247/1247
f 1297/1297 1300/1300 1246/1246
f 1298/1298 1300/1300 1301/1301
f 1244/1244 1230/1230 1233/1233
f 1233/1233 1297/1297 1244/1244
f 1302/1302 1233/1233 1234/1234
f 1234/1234 1232/1232 1239/1239
f 1302/1302 1297/1297 1233/1233
f 1301/1301 1297/1297 1278/1278
f 1275/1275 1301/1301 1276/1276
f 1301/1301 1278/1278 1276/1276
f 1301/1301 1300/1300 1297/1297
f 1278/1278 1297/1297 1302/1302
f 1285/1285 1278/1278 1302/1302
f 1234/1234 1303/1303 1302/1302
f 1302/1302 1303/1303 1285/1285
f 1304/1304 1303/1303 1234/1234
f 1248/1248 1299/1299 1268/1268
f 1274/1274 1299/1299 1298/1298
f 1268/1268 1299/1299 1274/1274
f 1248/1248 1268/1268 1264/1264
f 1299/1299 1249/1249 1298/1298
f 1274/1274 1301/1301 1275/1275
f 1274/1274 1298/1298 1301/1301
f 1239/1239 1304/1304 1234/1234
f 1304/1304 1239/1239 1305/1305
f 1290/1290 1305/1305 1239/1239
f 1304/1304 1305/1305 1306/1306
f 1294/1294 1292/1292 1293/1293
f 1305/1305 1290/1290 1292/1292
f 1307/1307 1294/1294 1296/1296
f 1292/1292 1308/1308 1305/1305
f 1292/1292 1294/1294 1309/1309
f 1309/1309 1308/1308 1292/1292
f 1309/1309 1294/1294 1307/1307
f 1307/1307 1310/1310 1309/1309
f 1311/1311 1310/1310 1307/1307
f 1307/1307 1312/1312 1311/1311
f 1310/1310 1311/1311 1313/1313
f 1285/1285 1286/1286 1284/1284
f 1285/1285 1314/1314 1286/1286
f 1314/1314 1285/1285 1303/1303
f 1304/1304 1314/1314 1303/1303
f 1314/1314 1304/1304 1315/1315
f 1315/1315 1304/1304 1306/1306
f 1287/1287 1286/1286 1314/1314
f 1287/1287 1314/1314 1315/1315
f 1315/1315 1283/1283 1287/1287
f 1283/1283 1315/1315 1288/1288
f 1308/1308 1316/1316 1305/1305
f 1306/1306 1305/1305 1316/1316
f 1309/1309 1316/1316 1308/1308
f 1317/1317 1309/1309 1310/1310
f 1317/1317 1316/1316 1309/1309
f 1318/1318 1316/1316 1317/1317
f 1306/1306 1316/1316 1318/1318
f 1319/1319 1310/1310 1313/1313
f 1310/1310 1319/1319 1317/1317
f 1306/1306 1318/1318 1320/1320
f 1321/1321 1318/1318 1317/1317
f 1320/1320 1318/1318 1321/1321
f 1321/1321 1317/1317 1319/1319
f 1322/1322 1320/1320 1321/1321
f 1323/1323 1315/1315 1306/1306
f 1323/1323 1306/1306 1320/1320
f 1324/1324 1320/1320 1322/1322
f 1320/1320 1324/1324 1323/1323
f 1325/1325 1324/1324 1326/1326
f 1251/1251 569/569 1183/1183
f 569/569 1251/1251 1327/1327
f 1189/1189 1187/1187 1254/1254
f 1254/1254 1187/1187 1261/1261
f 1256/1256 1254/1254 1261/1261
f 1327/1327 1328/1328 569/569
f 1327/1327 1251/1251 1259/1259
f 1329/1329 1327/1327 1259/1259
f 563/563 569/569 1328/1328
f 1328/1328 1327/1327 1329/1329
f 1329/1329 1259/1259 1280/1280
f 563/563 1328/1328 1329/1329
f 1329/1329 1280/1280 1282/1282
f 563/563 1329/1329 1288/1288
f 1288/1288 575/575 563/563
f 580/580 576/576 1330/1330
f 576/576 575/575 1330/1330
f 577/577 576/576 580/580
f 585/585 579/579 1331/1331
f 1331/1331 579/579 580/580
f 1288/1288 1329/1329 1282/1282
f 901/901 902/902 1236/1236
f 905/905 1236/1236 903/903
f 1235/1235 906/906 1237/1237
f 1236/1236 902/902 903/903
f 906/906 912/912 1237/1237
f 1238/1238 1227/1227 1237/1237
f 1238/1238 1237/1237 1332/1332
f 1333/1333 1332/1332 1237/1237
f 1333/1333 1237/1237 912/912
f 908/908 912/912 906/906
f 1238/1238 1332/1332 1334/1334
f 1335/1335 1334/1334 1332/1332
f 1336/1336 1332/1332 1333/1333
f 1335/1335 1332/1332 1336/1336
f 1336/1336 1337/1337 1335/1335
f 1238/1238 1338/1338 1289/1289
f 1339/1339 1238/1238 1340/1340
f 1338/1338 1238/1238 1339/1339
f 1341/1341 1339/1339 1340/1340
f 1340/1340 1238/1238 1334/1334
f 1341/1341 1334/1334 1342/1342
f 1342/1342 1334/1334 1335/1335
f 1342/1342 1335/1335 1337/1337
f 1337/1337 1343/1343 1342/1342
f 1341/1341 1342/1342 1343/1343
f 1340/1340 1334/1334 1341/1341
f 1343/1343 1337/1337 1344/1344
f 1338/1338 1345/1345 1295/1295
f 1345/1345 1338/1338 1339/1339
f 1341/1341 1346/1346 1339/1339
f 1339/1339 1347/1347 1345/1345
f 1346/1346 1347/1347 1339/1339
f 1289/1289 1338/1338 1295/1295
f 1348/1348 1296/1296 1295/1295
f 1307/1307 1296/1296 1312/1312
f 1348/1348 1312/1312 1296/1296
f 1345/1345 1348/1348 1295/1295
f 1348/1348 1345/1345 1347/1347
f 1312/1312 1347/1347 1349/1349
f 1348/1348 1347/1347 1312/1312
f 1346/1346 1341/1341 1343/1343
f 1346/1346 1343/1343 1349/1349
f 1347/1347 1346/1346 1349/1349
f 1311/1311 1349/1349 1343/1343
f 1350/1350 1311/1311 1343/1343
f 1311/1311 1312/1312 1349/1349
f 912/912 1351/1351 1333/1333
f 1336/1336 1333/1333 1351/1351
f 1352/1352 1336/1336 1351/1351
f 1353/1353 1337/1337 1336/1336
f 1353/1353 1336/1336 1352/1352
f 1352/1352 1354/1354 1353/1353
f 1351/1351 1355/1355 1352/1352
f 1354/1354 1352/1352 1355/1355
f 1351/1351 912/912 959/959
f 1354/1354 1355/1355 1356/1356
f 1357/1357 1356/1356 1355/1355
f 1357/1357 1355/1355 1351/1351
f 1356/1356 1357/1357 1358/1358
f 1357/1357 1359/1359 1358/1358
f 959/959 1359/1359 1351/1351
f 1351/1351 1359/1359 1357/1357
f 1337/1337 1353/1353 1344/1344
f 1344/1344 1353/1353 1354/1354
f 1350/1350 1343/1343 1344/1344
f 1354/1354 1350/1350 1344/1344
f 1350/1350 1354/1354 1360/1360
f 1360/1360 1354/1354 1356/1356
f 1358/1358 1360/1360 1356/1356
f 1361/1361 1360/1360 1358/1358
f 1361/1361 1350/1350 1360/1360
f 1350/1350 1361/1361 1362/1362
f 1363/1363 1313/1313 1311/1311
f 1363/1363 1311/1311 1364/1364
f 1364/1364 1311/1311 1350/1350
f 1364/1364 1350/1350 1362/1362
f 1363/1363 1364/1364 1365/1365
f 1362/1362 1366/1366 1364/1364
f 1364/1364 1367/1367 1365/1365
f 1367/1367 1364/1364 1366/1366
f 1365/1365 1367/1367 1368/1368
f 1369/1369 1365/1365 1368/1368
f 1370/1370 1369/1369 1368/1368
f 1369/1369 1370/1370 1371/1371
f 1369/1369 1371/1371 1372/1372
f 1365/1365 1369/1369 1372/1372
f 1358/1358 1359/1359 1373/1373
f 1373/1373 1359/1359 1374/1374
f 1374/1374 1375/1375 1373/1373
f 1376/1376 1373/1373 1375/1375
f 1375/1375 1377/1377 1376/1376
f 1374/1374 1359/1359 959/959
f 1378/1378 1374/1374 959/959
f 1375/1375 1374/1374 1379/1379
f 1379/1379 1377/1377 1375/1375
f 1378/1378 1379/1379 1374/1374
f 1378/1378 1380/1380 1379/1379
f 1381/1381 1380/1380 1378/1378
f 1381/1381 1378/1378 958/958
f 1361/1361 1358/1358 1382/1382
f 1362/1362 1361/1361 1382/1382
f 1366/1366 1362/1362 1383/1383
f 1358/1358 1373/1373 1382/1382
f 1382/1382 1373/1373 1376/1376
f 1383/1383 1362/1362 1382/1382
f 1383/1383 1382/1382 1376/1376
f 1376/1376 1377/1377 1383/1383
f 1383/1383 1377/1377 1384/1384
f 1384/1384 1377/1377 1385/1385
f 1384/1384 1385/1385 1386/1386
f 1366/1366 1383/1383 1384/1384
f 1387/1387 1388/1388 1389/1389
f 1389/1389 1390/1390 1387/1387
f 1391/1391 1370/1370 1387/1387
f 1391/1391 1387/1387 1390/1390
f 1367/1367 1386/1386 1368/1368
f 1367/1367 1366/1366 1386/1386
f 1387/1387 1368/1368 1388/1388
f 1386/1386 1388/1388 1368/1368
f 1387/1387 1370/1370 1368/1368
f 1388/1388 1386/1386 1389/1389
f 1385/1385 1377/1377 1379/1379
f 1385/1385 1379/1379 1380/1380
f 1386/1386 1366/1366 1384/1384
f 1385/1385 1389/1389 1386/1386
f 1392/1392 1385/1385 1380/1380
f 1392/1392 1380/1380 1393/1393
f 1390/1390 1393/1393 1391/1391
f 1393/1393 1380/1380 1381/1381
f 1391/1391 1393/1393 1381/1381
f 1392/1392 1390/1390 1389/1389
f 1392/1392 1393/1393 1390/1390
f 1389/1389 1385/1385 1392/1392
f 1319/1319 1313/1313 1321/1321
f 1313/1313 1363/1363 1394/1394
f 1322/1322 1321/1321 1313/1313
f 1322/1322 1313/1313 1394/1394
f 1326/1326 1324/1324 1322/1322
f 1394/1394 1326/1326 1322/1322
f 1363/1363 1395/1395 1394/1394
f 1396/1396 1326/1326 1394/1394
f 1394/1394 1395/1395 1396/1396
f 1363/1363 1365/1365 1395/1395
f 1396/1396 1325/1325 1326/1326
f 1395/1395 1365/1365 1397/1397
f 958/958 1378/1378 959/959
f 575/575 1288/1288 1398/1398
f 1398/1398 1330/1330 575/575
f 1330/1330 1398/1398 1399/1399
f 1400/1400 1401/1401 1402/1402
f 1288/1288 1315/1315 1323/1323
f 1288/1288 1323/1323 1403/1403
f 1325/1325 1404/1404 1324/1324
f 1403/1403 1323/1323 1324/1324
f 1405/1405 1324/1324 1404/1404
f 1403/1403 1324/1324 1405/1405
f 1403/1403 1398/1398 1288/1288
f 1406/1406 1401/1401 1400/1400
f 1407/1407 1401/1401 1408/1408
f 1406/1406 1408/1408 1401/1401
f 408/408 611/611 960/960
f 1331/1331 1409/1409 585/585
f 686/686 584/584 585/585
f 1410/1410 585/585 1409/1409
f 1410/1410 686/686 585/585
f 1331/1331 1402/1402 1409/1409
f 1400/1400 1331/1331 580/580
f 1331/1331 1400/1400 1402/1402
f 1402/1402 1411/1411 1409/1409
f 1410/1410 1409/1409 1411/1411
f 771/771 686/686 1410/1410
f 771/771 1410/1410 1411/1411
f 580/580 1330/1330 1399/1399
f 1401/1401 1411/1411 1402/1402
f 1411/1411 1401/1401 1407/1407
f 1411/1411 770/770 771/771
f 1412/1412 1411/1411 1407/1407
f 1411/1411 1412/1412 1413/1413
f 1370/1370 1414/1414 1371/1371
f 1371/1371 1415/1415 1372/1372
f 1414/1414 1416/1416 1371/1371
f 1414/1414 1391/1391 958/958
f 1391/1391 1414/1414 1370/1370
f 958/958 1391/1391 1381/1381
f 1414/1414 958/958 1417/1417
f 1325/1325 1418/1418 1404/1404
f 1325/1325 1396/1396 1418/1418
f 1418/1418 1396/1396 1419/1419
f 1404/1404 1420/1420 1405/1405
f 1420/1420 1418/1418 1419/1419
f 1404/1404 1418/1418 1420/1420
f 1421/1421 1422/1422 1397/1397
f 1419/1419 1422/1422 1421/1421
f 1423/1423 1405/1405 1420/1420
f 1423/1423 1403/1403 1405/1405
f 1423/1423 1420/1420 1424/1424
f 1420/1420 1419/1419 1424/1424
f 1424/1424 1419/1419 1421/1421
f 1419/1419 1396/1396 1395/1395
f 1422/1422 1419/1419 1395/1395
f 1422/1422 1395/1395 1397/1397
f 1415/1415 1371/1371 1416/1416
f 1397/1397 1365/1365 1372/1372
f 1397/1397 1425/1425 1421/1421
f 1415/1415 1397/1397 1372/1372
f 1397/1397 1415/1415 1425/1425
f 1424/1424 1425/1425 1426/1426
f 1416/1416 1425/1425 1415/1415
f 1426/1426 1425/1425 1416/1416
f 1424/1424 1426/1426 1423/1423
f 1416/1416 1414/1414 1426/1426
f 1423/1423 1426/1426 1414/1414
f 1425/1425 1424/1424 1421/1421
f 1417/1417 1423/1423 1414/1414
f 1417/1417 1403/1403 1423/1423
f 1399/1399 1398/1398 1427/1427
f 1399/1399 1427/1427 580/580
f 1417/1417 1398/1398 1403/1403
f 1427/1427 1398/1398 1428/1428
f 1427/1427 1429/1429 580/580
f 1429/1429 1400/1400 580/580
f 1408/1408 1406/1406 1430/1430
f 1430/1430 1406/1406 1400/1400
f 1431/1431 1408/1408 1430/1430
f 1428/1428 1398/1398 1417/1417
f 1429/1429 1432/1432 1400/1400
f 1400/1400 1432/1432 1430/1430
f 1433/1433 1430/1430 1432/1432
f 1434/1434 1433/1433 1432/1432
f 1429/1429 1427/1427 1435/1435
f 958/958 1436/1436 1417/1417
f 958/958 1098/1098 1436/1436
f 1431/1431 1430/1430 1433/1433
f 1407/1407 1408/1408 1431/1431
f 1412/1412 1407/1407 1431/1431
f 1431/1431 1433/1433 1437/1437
f 1412/1412 1431/1431 1437/1437
f 1434/1434 1437/1437 1433/1433
f 1438/1438 1437/1437 1434/1434
f 1438/1438 1434/1434 1439/1439
f 1440/1440 1437/1437 1438/1438
f 1441/1441 1412/1412 1437/1437
f 1440/1440 1441/1441 1437/1437
f 1442/1442 1440/1440 1438/1438
f 1443/1443 1435/1435 1444/1444
f 1444/1444 1445/1445 1443/1443
f 1443/1443 1445/1445 1446/1446
f 1447/1447 1448/1448 1436/1436
f 1447/1447 1436/1436 1449/1449
f 1449/1449 1436/1436 1098/1098
f 1447/1447 1449/1449 1450/1450
f 1450/1450 1449/1449 1451/1451
f 1451/1451 1452/1452 1450/1450
f 1436/1436 1428/1428 1417/1417
f 1428/1428 1436/1436 1448/1448
f 1427/1427 1428/1428 1453/1453
f 1435/1435 1427/1427 1453/1453
f 1453/1453 1454/1454 1435/1435
f 1428/1428 1448/1448 1453/1453
f 1447/1447 1453/1453 1448/1448
f 1455/1455 1453/1453 1447/1447
f 1435/1435 1454/1454 1456/1456
f 1444/1444 1435/1435 1456/1456
f 1455/1455 1447/1447 1450/1450
f 1455/1455 1450/1450 1457/1457
f 1452/1452 1457/1457 1450/1450
f 1455/1455 1454/1454 1453/1453
f 1454/1454 1455/1455 1457/1457
f 1458/1458 1456/1456 1454/1454
f 1458/1458 1454/1454 1457/1457
f 1005/1005 1006/1006 1459/1459
f 1125/1125 1460/1460 1451/1451
f 1125/1125 1005/1005 1459/1459
f 1460/1460 1125/1125 1459/1459
f 1459/1459 1006/1006 1461/1461
f 1461/1461 1006/1006 1462/1462
f 1462/1462 1006/1006 998/998
f 1463/1463 1461/1461 1462/1462
f 1460/1460 1459/1459 1463/1463
f 1461/1461 1463/1463 1459/1459
f 1464/1464 1465/1465 1456/1456
f 1465/1465 1464/1464 1466/1466
f 1467/1467 1466/1466 1464/1464
f 1452/1452 1460/1460 1468/1468
f 1451/1451 1460/1460 1452/1452
f 1458/1458 1457/1457 1469/1469
f 1457/1457 1452/1452 1469/1469
f 1469/1469 1452/1452 1468/1468
f 1470/1470 1464/1464 1458/1458
f 1470/1470 1458/1458 1469/1469
f 1458/1458 1464/1464 1456/1456
f 1470/1470 1469/1469 1468/1468
f 1468/1468 1471/1471 1470/1470
f 1464/1464 1470/1470 1467/1467
f 1471/1471 1467/1467 1470/1470
f 1472/1472 1468/1468 1460/1460
f 1468/1468 1472/1472 1471/1471
f 1472/1472 1473/1473 1471/1471
f 1443/1443 1432/1432 1429/1429
f 1432/1432 1443/1443 1434/1434
f 1446/1446 1434/1434 1443/1443
f 1429/1429 1435/1435 1443/1443
f 1434/1434 1446/1446 1439/1439
f 1446/1446 1456/1456 1439/1439
f 1445/1445 1456/1456 1446/1446
f 1444/1444 1456/1456 1445/1445
f 1474/1474 1439/1439 1456/1456
f 1456/1456 1465/1465 1474/1474
f 1442/1442 1438/1438 1439/1439
f 1475/1475 1439/1439 1474/1474
f 1474/1474 1465/1465 1476/1476
f 1475/1475 1474/1474 1476/1476
f 1466/1466 1476/1476 1465/1465
f 1476/1476 1466/1466 1477/1477
f 1467/1467 1478/1478 1466/1466
f 1478/1478 1479/1479 1466/1466
f 1471/1471 1478/1478 1467/1467
f 1478/1478 1471/1471 1473/1473
f 1412/1412 1441/1441 1413/1413
f 1098/1098 1115/1115 1480/1480
f 1124/1124 1480/1480 1118/1118
f 1118/1118 1480/1480 1115/1115
f 1124/1124 1125/1125 1480/1480
f 1480/1480 1125/1125 1451/1451
f 1098/1098 1480/1480 1451/1451
f 1098/1098 1451/1451 1449/1449
f 1482/1482 1483/1483 1484/1484
f 1485/1485 1483/1483 1482/1482
f 1487/1487 1485/1485 1482/1482
f 1488/1488 1486/1486 1481/1481
f 1489/1489 1486/1486 1488/1488
f 1490/1490 1483/1483 1485/1485
f 1491/1491 1492/1492 1489/1489
f 1487/1487 1493/1493 1485/1485
f 1494/1494 1489/1489 1488/1488
f 1494/1494 1488/1488 1495/1495
f 1489/1489 1492/1492 1486/1486
f 1496/1496 1494/1494 1495/1495
f 1489/1489 1497/1497 1491/1491
f 1497/1497 1489/1489 1494/1494
f 1496/1496 1497/1497 1494/1494
f 1495/1495 1498/1498 1496/1496
f 1499/1499 1485/1485 1493/1493
f 1501/1501 1492/1492 1491/1491
f 1502/1502 1491/1491 1497/1497
f 1501/1501 1500/1500 1492/1492
f 1496/1496 1502/1502 1497/1497
f 1496/1496 1498/1498 1503/1503
f 1501/1501 1504/1504 1505/1505
f 1504/1504 1501/1501 1491/1491
f 1505/1505 1500/1500 1501/1501
f 1491/1491 1506/1506 1504/1504
f 1506/1506 1491/1491 1502/1502
f 1507/1507 1506/1506 1502/1502
f 1508/1508 1505/1505 1504/1504
f 1509/1509 1510/1510 1505/1505
f 1508/1508 1509/1509 1505/1505
f 1508/1508 1504/1504 1506/1506
f 1510/1510 1500/1500 1505/1505
f 1510/1510 1511/1511 1500/1500
f 1499/1499 1512/1512 1485/1485
f 1490/1490 1485/1485 1512/1512
f 1507/1507 1502/1502 1496/1496
f 1507/1507 1496/1496 1503/1503
f 1507/1507 1503/1503 1513/1513
f 1514/1514 1503/1503 1498/1498
f 1514/1514 1498/1498 1515/1515
f 1516/1516 1503/1503 1514/1514
f 1503/1503 1516/1516 1513/1513
f 1517/1517 1490/1490 1512/1512
f 1518/1518 1517/1517 1512/1512
f 712/712 1519/1519 1520/1520
f 1490/1490 1520/1520 1519/1519
f 712/712 1520/1520 613/613
f 1490/1490 613/613 1520/1520
f 755/755 717/717 713/713
f 756/756 755/755 754/754
f 712/712 717/717 1519/1519
f 1484/1484 717/717 755/755
f 756/756 1484/1484 755/755
f 1484/1484 1521/1521 717/717
f 1521/1521 1519/1519 717/717
f 753/753 759/759 1522/1522
f 1522/1522 757/757 753/753
f 1522/1522 759/759 1523/1523
f 1525/1525 757/757 1522/1522
f 1526/1526 1523/1523 759/759
f 758/758 1526/1526 759/759
f 1526/1526 758/758 859/859
f 1519/1519 1521/1521 1490/1490
f 1521/1521 1483/1483 1490/1490
f 1484/1484 756/756 1482/1482
f 1483/1483 1521/1521 1484/1484
f 1525/1525 1481/1481 757/757
f 1481/1481 1525/1525 1488/1488
f 1523/1523 1524/1524 1522/1522
f 766/766 764/764 765/765
f 767/767 764/764 1527/1527
f 768/768 762/762 1528/1528
f 860/860 768/768 1528/1528
f 860/860 1528/1528 1529/1529
f 860/860 1529/1529 859/859
f 1528/1528 762/762 767/767
f 767/767 1530/1530 1528/1528
f 1530/1530 1529/1529 1528/1528
f 767/767 1531/1531 1530/1530
f 1495/1495 1524/1524 1523/1523
f 1495/1495 1523/1523 1532/1532
f 1532/1532 1523/1523 1526/1526
f 859/859 1532/1532 1526/1526
f 1524/1524 1495/1495 1488/1488
f 1532/1532 1498/1498 1495/1495
f 859/859 1533/1533 1532/1532
f 1531/1531 1534/1534 1530/1530
f 1531/1531 1535/1535 1534/1534
f 1515/1515 1498/1498 1532/1532
f 1533/1533 1515/1515 1532/1532
f 1536/1536 1515/1515 1533/1533
f 1537/1537 613/613 1490/1490
f 772/772 855/855 769/769
f 1490/1490 1517/1517 1537/1537
f 1538/1538 1537/1537 1517/1517
f 613/613 1539/1539 1540/1540
f 1539/1539 613/613 1537/1537
f 1541/1541 597/597 599/599
f 1541/1541 599/599 1542/1542
f 1541/1541 1542/1542 1543/1543
f 788/788 1544/1544 599/599
f 1544/1544 1542/1542 599/599
f 790/790 1545/1545 788/788
f 1545/1545 1544/1544 788/788
f 1546/1546 1544/1544 1545/1545
f 1546/1546 1542/1542 1544/1544
f 1542/1542 1547/1547 1543/1543
f 1547/1547 1527/1527 1543/1543
f 836/836 1548/1548 791/791
f 791/791 1549/1549 790/790
f 1550/1550 1548/1548 838/838
f 838/838 835/835 1551/1551
f 1548/1548 1549/1549 791/791
f 1549/1549 1548/1548 1550/1550
f 838/838 1552/1552 1550/1550
f 1551/1551 1552/1552 838/838
f 1553/1553 1545/1545 790/790
f 790/790 1554/1554 1553/1553
f 790/790 1549/1549 1555/1555
f 1554/1554 790/790 1555/1555
f 1549/1549 1556/1556 1555/1555
f 1556/1556 1549/1549 1550/1550
f 1552/1552 1556/1556 1550/1550
f 1557/1557 1555/1555 1556/1556
f 1556/1556 1552/1552 1557/1557
f 1558/1558 1547/1547 1542/1542
f 1559/1559 1547/1547 1558/1558
f 1547/1547 1559/1559 1527/1527
f 1527/1527 1559/1559 1560/1560
f 1513/1513 1506/1506 1507/1507
f 1561/1561 1514/1514 1562/1562
f 1561/1561 1516/1516 1514/1514
f 1563/1563 1516/1516 1561/1561
f 1564/1564 1565/1565 1566/1566
f 1545/1545 1567/1567 1546/1546
f 1546/1546 1558/1558 1542/1542
f 1546/1546 1568/1568 1558/1558
f 1569/1569 1567/1567 1545/1545
f 1568/1568 1546/1546 1567/1567
f 1570/1570 1553/1553 1554/1554
f 1553/1553 1569/1569 1545/1545
f 1570/1570 1569/1569 1553/1553
f 1571/1571 1559/1559 1558/1558
f 1571/1571 1558/1558 1568/1568
f 1559/1559 1571/1571 1572/1572
f 1572/1572 1573/1573 1559/1559
f 1569/1569 1568/1568 1567/1567
f 1574/1574 1568/1568 1569/1569
f 1575/1575 1569/1569 1570/1570
f 1575/1575 1574/1574 1569/1569
f 1568/1568 1574/1574 1576/1576
f 1576/1576 1571/1571 1568/1568
f 1576/1576 1577/1577 1571/1571
f 1575/1575 1576/1576 1574/1574
f 1578/1578 1559/1559 1564/1564
f 1559/1559 1573/1573 1564/1564
f 1580/1580 1564/1564 1573/1573
f 1565/1565 1564/1564 1580/1580
f 835/835 1581/1581 1551/1551
f 835/835 798/798 1581/1581
f 1582/1582 1552/1552 1551/1551
f 1582/1582 1551/1551 1581/1581
f 1582/1582 1557/1557 1552/1552
f 1583/1583 1557/1557 1582/1582
f 1583/1583 1582/1582 1581/1581
f 1584/1584 1581/1581 798/798
f 1584/1584 1583/1583 1581/1581
f 798/798 797/797 1584/1584
f 1570/1570 1554/1554 1555/1555
f 1585/1585 1570/1570 1555/1555
f 1585/1585 1555/1555 1586/1586
f 1557/1557 1586/1586 1555/1555
f 1587/1587 1557/1557 1583/1583
f 1587/1587 1586/1586 1557/1557
f 1588/1588 1587/1587 1583/1583
f 1586/1586 1587/1587 1589/1589
f 1584/1584 1588/1588 1583/1583
f 1588/1588 1589/1589 1587/1587
f 1590/1590 1575/1575 1570/1570
f 1585/1585 1590/1590 1570/1570
f 1585/1585 1586/1586 1589/1589
f 1589/1589 1591/1591 1585/1585
f 1592/1592 1589/1589 1588/1588
f 1584/1584 1592/1592 1588/1588
f 1591/1591 1589/1589 1592/1592
f 1593/1593 1594/1594 1595/1595
f 1596/1596 1597/1597 1598/1598
f 1597/1597 1594/1594 1599/1599
f 1597/1597 1599/1599 1598/1598
f 1600/1600 1595/1595 1594/1594
f 1597/1597 1601/1601 1594/1594
f 1511/1511 1595/1595 1602/1602
f 1601/1601 1600/1600 1594/1594
f 1597/1597 1603/1603 1601/1601
f 1600/1600 1602/1602 1595/1595
f 1604/1604 1603/1603 1596/1596
f 1604/1604 1596/1596 1598/1598
f 1603/1603 1597/1597 1596/1596
f 1605/1605 1604/1604 1575/1575
f 1605/1605 1603/1603 1604/1604
f 1606/1606 1601/1601 1603/1603
f 1607/1607 1601/1601 1606/1606
f 1605/1605 1606/1606 1603/1603
f 1508/1508 1608/1608 1509/1509
f 1506/1506 1608/1608 1508/1508
f 1593/1593 1510/1510 1609/1609
f 1609/1609 1510/1510 1509/1509
f 1608/1608 1609/1609 1509/1509
f 1506/1506 1610/1610 1608/1608
f 1599/1599 1609/1609 1611/1611
f 1608/1608 1611/1611 1609/1609
f 1611/1611 1608/1608 1610/1610
f 1599/1599 1611/1611 1610/1610
f 1513/1513 1610/1610 1506/1506
f 1612/1612 1513/1513 1516/1516
f 1610/1610 1513/1513 1612/1612
f 1610/1610 1612/1612 1613/1613
f 1510/1510 1593/1593 1511/1511
f 1609/1609 1594/1594 1593/1593
f 1599/1599 1594/1594 1609/1609
f 1614/1614 1599/1599 1615/1615
f 1616/1616 1615/1615 1613/1613
f 1615/1615 1599/1599 1610/1610
f 1615/1615 1610/1610 1613/1613
f 1516/1516 1563/1563 1617/1617
f 1563/1563 1579/1579 1617/1617
f 1613/1613 1612/1612 1516/1516
f 1516/1516 1617/1617 1613/1613
f 1618/1618 1613/1613 1617/1617
f 1511/1511 1593/1593 1595/1595
f 1614/1614 1598/1598 1599/1599
f 1577/1577 1598/1598 1614/1614
f 1614/1614 1615/1615 1616/1616
f 1572/1572 1619/1619 1614/1614
f 1572/1572 1618/1618 1573/1573
f 1616/1616 1572/1572 1614/1614
f 1618/1618 1572/1572 1616/1616
f 1577/1577 1604/1604 1598/1598
f 1577/1577 1614/1614 1619/1619
f 1576/1576 1604/1604 1577/1577
f 1577/1577 1619/1619 1571/1571
f 1572/1572 1571/1571 1619/1619
f 1575/1575 1604/1604 1576/1576
f 1580/1580 1573/1573 1621/1621
f 1621/1621 1573/1573 1618/1618
f 1600/1600 1622/1622 1602/1602
f 1511/1511 1602/1602 1622/1622
f 1624/1624 1518/1518 1512/1512
f 1625/1625 1624/1624 1512/1512
f 1625/1625 1512/1512 1623/1623
f 1626/1626 1624/1624 1625/1625
f 1607/1607 1600/1600 1601/1601
f 1627/1627 1607/1607 1606/1606
f 1628/1628 1622/1622 1600/1600
f 1607/1607 1627/1627 1630/1630
f 1607/1607 1631/1631 1600/1600
f 1630/1630 1632/1632 1607/1607
f 1632/1632 1631/1631 1607/1607
f 1633/1633 1518/1518 1634/1634
f 1633/1633 1635/1635 1518/1518
f 1634/1634 1518/1518 1624/1624
f 1517/1517 1518/1518 1635/1635
f 1517/1517 1635/1635 1636/1636
f 1634/1634 1637/1637 1633/1633
f 1637/1637 1638/1638 1633/1633
f 1633/1633 1638/1638 1639/1639
f 1635/1635 1633/1633 1636/1636
f 1636/1636 1633/1633 1639/1639
f 1640/1640 1636/1636 1639/1639
f 1624/1624 1637/1637 1634/1634
f 1624/1624 1626/1626 1637/1637
f 1641/1641 1637/1637 1626/1626
f 1641/1641 1638/1638 1637/1637
f 1638/1638 1641/1641 1640/1640
f 1639/1639 1638/1638 1640/1640
f 1642/1642 1517/1517 1636/1636
f 1640/1640 1642/1642 1636/1636
f 1642/1642 1538/1538 1517/1517
f 1643/1643 1605/1605 1575/1575
f 1590/1590 1643/1643 1575/1575
f 1643/1643 1590/1590 1644/1644
f 1606/1606 1605/1605 1643/1643
f 1644/1644 1645/1645 1643/1643
f 1644/1644 1646/1646 1645/1645
f 1646/1646 1647/1647 1645/1645
f 1585/1585 1644/1644 1590/1590
f 1648/1648 1644/1644 1585/1585
f 1585/1585 1591/1591 1648/1648
f 1649/1649 1591/1591 1592/1592
f 1649/1649 1650/1650 1591/1591
f 1649/1649 1592/1592 1584/1584
f 1648/1648 1646/1646 1644/1644
f 1650/1650 1648/1648 1591/1591
f 1651/1651 1650/1650 1649/1649
f 1648/1648 1652/1652 1646/1646
f 1651/1651 1648/1648 1650/1650
f 1653/1653 1648/1648 1651/1651
f 1653/1653 1652/1652 1648/1648
f 1646/1646 1652/1652 1647/1647
f 1652/1652 1654/1654 1647/1647
f 1653/1653 1654/1654 1652/1652
f 1654/1654 1653/1653 1651/1651
f 1649/1649 1655/1655 1651/1651
f 1606/1606 1656/1656 1627/1627
f 1643/1643 1656/1656 1606/1606
f 1657/1657 1630/1630 1627/1627
f 1658/1658 1632/1632 1630/1630
f 1658/1658 1630/1630 1657/1657
f 1659/1659 1657/1657 1660/1660
f 1657/1657 1661/1661 1660/1660
f 1662/1662 1657/1657 1627/1627
f 1662/1662 1627/1627 1656/1656
f 1662/1662 1656/1656 1663/1663
f 1664/1664 1663/1663 1656/1656
f 1665/1665 1662/1662 1663/1663
f 1664/1664 1665/1665 1663/1663
f 1661/1661 1662/1662 1665/1665
f 1661/1661 1657/1657 1662/1662
f 1645/1645 1647/1647 1666/1666
f 1664/1664 1656/1656 1643/1643
f 1664/1664 1643/1643 1645/1645
f 1667/1667 1664/1664 1645/1645
f 1667/1667 1668/1668 1664/1664
f 1645/1645 1666/1666 1667/1667
f 1669/1669 1666/1666 1670/1670
f 1671/1671 1667/1667 1666/1666
f 1666/1666 1669/1669 1671/1671
f 1672/1672 1660/1660 1661/1661
f 1668/1668 1660/1660 1672/1672
f 1668/1668 1672/1672 1664/1664
f 1672/1672 1661/1661 1665/1665
f 1664/1664 1672/1672 1665/1665
f 1671/1671 1673/1673 1667/1667
f 1674/1674 1673/1673 1671/1671
f 1669/1669 1674/1674 1671/1671
f 1675/1675 1674/1674 1669/1669
f 1668/1668 1676/1676 1677/1677
f 1667/1667 1676/1676 1668/1668
f 1654/1654 1670/1670 1647/1647
f 1655/1655 1654/1654 1651/1651
f 1670/1670 1666/1666 1647/1647
f 1654/1654 1655/1655 1675/1675
f 1675/1675 1670/1670 1654/1654
f 1678/1678 1675/1675 1655/1655
f 1675/1675 1669/1669 1670/1670
f 1679/1679 797/797 799/799
f 1679/1679 799/799 804/804
f 1680/1680 1584/1584 797/797
f 797/797 1679/1679 1680/1680
f 1681/1681 1682/1682 1679/1679
f 1682/1682 1680/1680 1679/1679
f 1683/1683 1684/1684 858/858
f 1685/1685 1681/1681 1686/1686
f 1681/1681 806/806 1686/1686
f 1681/1681 804/804 806/806
f 1679/1679 804/804 1681/1681
f 1682/1682 1681/1681 1687/1687
f 1688/1688 1689/1689 1682/1682
f 1690/1690 1688/1688 1687/1687
f 1687/1687 1688/1688 1682/1682
f 1681/1681 1685/1685 1687/1687
f 1691/1691 1680/1680 1682/1682
f 1692/1692 1584/1584 1680/1680
f 1692/1692 1649/1649 1584/1584
f 1693/1693 1675/1675 1678/1678
f 1694/1694 1693/1693 1678/1678
f 1693/1693 1674/1674 1675/1675
f 1693/1693 1673/1673 1674/1674
f 1693/1693 1695/1695 1673/1673
f 1667/1667 1673/1673 1695/1695
f 1693/1693 1694/1694 1695/1695
f 1692/1692 1694/1694 1678/1678
f 1696/1696 1694/1694 1692/1692
f 1696/1696 1697/1697 1694/1694
f 1691/1691 1698/1698 1680/1680
f 1698/1698 1692/1692 1680/1680
f 1678/1678 1655/1655 1649/1649
f 1692/1692 1678/1678 1649/1649
f 851/851 1699/1699 1700/1700
f 1701/1701 1700/1700 1699/1699
f 1689/1689 1691/1691 1682/1682
f 1690/1690 1689/1689 1688/1688
f 1702/1702 1689/1689 1690/1690
f 1691/1691 1689/1689 1702/1702
f 1691/1691 1702/1702 1703/1703
f 1703/1703 1698/1698 1691/1691
f 1692/1692 1698/1698 1696/1696
f 1704/1704 1683/1683 1705/1705
f 1704/1704 1684/1684 1683/1683
f 766/766 597/597 1541/1541
f 766/766 1541/1541 764/764
f 1543/1543 764/764 1541/1541
f 1543/1543 1527/1527 764/764
f 1560/1560 767/767 1527/1527
f 1560/1560 1531/1531 767/767
f 1706/1706 1531/1531 1560/1560
f 838/838 1548/1548 836/836
f 837/837 835/835 838/838
f 845/845 843/843 1707/1707
f 847/847 845/845 1707/1707
f 1707/1707 843/843 844/844
f 1707/1707 1708/1708 847/847
f 1706/1706 1709/1709 1531/1531
f 1710/1710 1709/1709 1706/1706
f 1710/1710 1706/1706 1560/1560
f 1710/1710 1578/1578 1711/1711
f 1560/1560 1559/1559 1578/1578
f 1710/1710 1560/1560 1578/1578
f 1536/1536 1514/1514 1515/1515
f 1578/1578 1566/1566 1711/1711
f 1564/1564 1566/1566 1578/1578
f 1712/1712 1713/1713 1708/1708
f 846/846 847/847 1708/1708
f 1708/1708 1707/1707 1714/1714
f 844/844 1714/1714 1707/1707
f 1714/1714 1715/1715 1708/1708
f 846/846 1708/1708 1713/1713
f 853/853 846/846 1713/1713
f 854/854 1699/1699 830/830
f 851/851 830/830 1699/1699
f 854/854 853/853 1713/1713
f 844/844 1715/1715 1714/1714
f 1715/1715 1712/1712 1708/1708
f 1715/1715 1716/1716 1712/1712
f 844/844 1716/1716 1715/1715
f 1713/1713 1712/1712 1717/1717
f 1716/1716 1718/1718 1712/1712
f 1717/1717 1712/1712 1718/1718
f 1718/1718 1716/1716 1719/1719
f 1719/1719 1720/1720 1718/1718
f 1713/1713 1721/1721 854/854
f 1721/1721 1713/1713 1717/1717
f 1717/1717 1718/1718 1720/1720
f 1721/1721 1717/1717 1722/1722
f 854/854 1721/1721 1722/1722
f 687/687 855/855 840/840
f 1723/1723 840/840 855/855
f 1723/1723 855/855 772/772
f 770/770 1723/1723 772/772
f 1719/1719 1716/1716 844/844
f 1717/1717 1720/1720 1724/1724
f 1724/1724 1720/1720 1725/1725
f 1719/1719 1725/1725 1720/1720
f 1717/1717 1724/1724 1722/1722
f 1726/1726 1725/1725 1719/1719
f 1724/1724 1725/1725 1726/1726
f 1726/1726 1719/1719 1727/1727
f 844/844 1727/1727 1719/1719
f 844/844 829/829 1728/1728
f 840/840 1728/1728 829/829
f 1728/1728 1727/1727 844/844
f 1729/1729 1726/1726 1727/1727
f 1730/1730 1728/1728 840/840
f 848/848 852/852 1705/1705
f 1705/1705 857/857 848/848
f 1683/1683 857/857 1705/1705
f 858/858 849/849 857/857
f 858/858 857/857 1683/1683
f 1731/1731 1699/1699 854/854
f 1722/1722 1731/1731 854/854
f 1731/1731 1722/1722 1732/1732
f 1732/1732 1724/1724 1726/1726
f 1732/1732 1733/1733 1731/1731
f 1731/1731 1733/1733 1699/1699
f 1732/1732 1722/1722 1724/1724
f 1729/1729 1734/1734 1726/1726
f 1735/1735 1726/1726 1734/1734
f 1735/1735 1732/1732 1726/1726
f 1729/1729 1736/1736 1734/1734
f 1736/1736 1737/1737 1734/1734
f 1732/1732 1735/1735 1738/1738
f 1735/1735 1734/1734 1738/1738
f 1734/1734 1737/1737 1738/1738
f 1733/1733 1732/1732 1738/1738
f 1699/1699 1733/1733 1701/1701
f 1739/1739 1740/1740 1741/1741
f 1742/1742 1744/1744 1740/1740
f 1745/1745 1739/1739 1741/1741
f 1746/1746 1740/1740 1739/1739
f 1747/1747 1746/1746 1739/1739
f 1748/1748 1746/1746 1747/1747
f 1748/1748 1747/1747 1749/1749
f 1750/1750 1748/1748 1749/1749
f 1751/1751 1748/1748 1750/1750
f 1746/1746 1742/1742 1740/1740
f 1752/1752 1746/1746 1748/1748
f 1752/1752 1742/1742 1746/1746
f 1742/1742 1753/1753 1754/1754
f 1742/1742 1755/1755 1744/1744
f 1742/1742 1752/1752 1753/1753
f 1757/1757 1752/1752 1748/1748
f 1757/1757 1748/1748 1751/1751
f 1752/1752 1757/1757 1758/1758
f 1758/1758 1753/1753 1752/1752
f 1753/1753 1758/1758 1759/1759
f 1760/1760 1758/1758 1757/1757
f 1760/1760 1761/1761 1758/1758
f 1628/1628 1600/1600 1631/1631
f 1628/1628 1631/1631 1744/1744
f 1743/1743 1762/1762 1629/1629
f 1763/1763 1625/1625 1623/1623
f 1629/1629 1763/1763 1623/1623
f 1641/1641 1626/1626 1625/1625
f 1764/1764 1641/1641 1625/1625
f 1764/1764 1625/1625 1763/1763
f 1629/1629 1762/1762 1763/1763
f 1765/1765 1763/1763 1762/1762
f 1766/1766 1765/1765 1762/1762
f 1763/1763 1765/1765 1764/1764
f 1641/1641 1642/1642 1640/1640
f 1641/1641 1764/1764 1642/1642
f 1642/1642 1767/1767 1538/1538
f 1768/1768 1642/1642 1764/1764
f 1765/1765 1766/1766 1769/1769
f 1764/1764 1765/1765 1769/1769
f 1764/1764 1769/1769 1770/1770
f 1769/1769 1771/1771 1770/1770
f 1772/1772 1768/1768 1764/1764
f 1764/1764 1770/1770 1772/1772
f 1773/1773 1774/1774 1772/1772
f 1774/1774 1768/1768 1772/1772
f 1767/1767 1642/1642 1768/1768
f 1768/1768 1774/1774 1767/1767
f 1773/1773 1767/1767 1774/1774
f 1775/1775 1772/1772 1770/1770
f 1770/1770 1776/1776 1775/1775
f 1777/1777 1770/1770 1771/1771
f 1770/1770 1777/1777 1776/1776
f 1767/1767 1773/1773 1775/1775
f 1775/1775 1773/1773 1772/1772
f 1741/1741 1631/1631 1632/1632
f 1659/1659 1658/1658 1657/1657
f 1632/1632 1658/1658 1659/1659
f 1778/1778 1632/1632 1659/1659
f 1632/1632 1778/1778 1779/1779
f 1660/1660 1778/1778 1659/1659
f 1780/1780 1778/1778 1660/1660
f 1741/1741 1632/1632 1779/1779
f 1781/1781 1741/1741 1779/1779
f 1782/1782 1781/1781 1779/1779
f 1631/1631 1740/1740 1744/1744
f 1741/1741 1740/1740 1631/1631
f 1783/1783 1778/1778 1780/1780
f 1783/1783 1779/1779 1778/1778
f 1779/1779 1783/1783 1784/1784
f 1784/1784 1782/1782 1779/1779
f 1780/1780 1785/1785 1783/1783
f 1677/1677 1780/1780 1660/1660
f 1780/1780 1677/1677 1785/1785
f 1783/1783 1785/1785 1786/1786
f 1786/1786 1784/1784 1783/1783
f 1786/1786 1787/1787 1784/1784
f 1788/1788 1785/1785 1677/1677
f 1677/1677 1660/1660 1668/1668
f 1788/1788 1786/1786 1785/1785
f 1677/1677 1676/1676 1789/1789
f 1789/1789 1788/1788 1677/1677
f 1788/1788 1790/1790 1786/1786
f 1790/1790 1787/1787 1786/1786
f 1790/1790 1791/1791 1787/1787
f 1788/1788 1789/1789 1790/1790
f 1792/1792 1790/1790 1789/1789
f 1790/1790 1792/1792 1793/1793
f 1794/1794 1781/1781 1782/1782
f 1787/1787 1782/1782 1784/1784
f 1745/1745 1781/1781 1794/1794
f 1745/1745 1741/1741 1781/1781
f 1795/1795 1796/1796 1745/1745
f 1795/1795 1745/1745 1794/1794
f 1791/1791 1782/1782 1787/1787
f 1797/1797 1798/1798 1795/1795
f 1799/1799 1794/1794 1782/1782
f 1791/1791 1799/1799 1782/1782
f 1795/1795 1794/1794 1799/1799
f 1800/1800 1795/1795 1799/1799
f 1799/1799 1801/1801 1800/1800
f 1801/1801 1799/1799 1791/1791
f 1797/1797 1795/1795 1800/1800
f 1793/1793 1791/1791 1790/1790
f 1791/1791 1793/1793 1801/1801
f 1743/1743 1766/1766 1762/1762
f 1743/1743 1802/1802 1766/1766
f 1803/1803 1769/1769 1802/1802
f 1803/1803 1804/1804 1769/1769
f 1802/1802 1743/1743 1803/1803
f 1802/1802 1769/1769 1766/1766
f 1805/1805 1803/1803 1743/1743
f 1803/1803 1805/1805 1804/1804
f 1771/1771 1769/1769 1804/1804
f 1771/1771 1804/1804 1777/1777
f 1796/1796 1739/1739 1745/1745
f 1798/1798 1796/1796 1795/1795
f 1796/1796 1747/1747 1739/1739
f 1798/1798 1747/1747 1796/1796
f 1747/1747 1798/1798 1749/1749
f 1750/1750 1749/1749 1798/1798
f 1756/1756 1805/1805 1743/1743
f 1756/1756 1806/1806 1805/1805
f 1742/1742 1807/1807 1755/1755
f 1806/1806 1804/1804 1805/1805
f 1808/1808 1742/1742 1754/1754
f 1808/1808 1754/1754 1809/1809
f 1759/1759 1754/1754 1753/1753
f 1809/1809 1754/1754 1759/1759
f 1761/1761 1759/1759 1758/1758
f 1759/1759 1810/1810 1809/1809
f 1807/1807 1742/1742 1808/1808
f 1811/1811 1809/1809 1810/1810
f 1811/1811 1808/1808 1809/1809
f 1812/1812 1814/1814 1815/1815
f 1806/1806 1816/1816 1804/1804
f 1807/1807 1814/1814 1755/1755
f 1812/1812 1755/1755 1814/1814
f 1813/1813 1817/1817 1818/1818
f 1819/1819 1821/1821 1812/1812
f 1820/1820 1817/1817 1813/1813
f 1816/1816 1806/1806 1822/1822
f 1823/1823 1816/1816 1822/1822
f 1822/1822 1817/1817 1824/1824
f 1825/1825 1823/1823 1822/1822
f 1822/1822 1824/1824 1825/1825
f 1826/1826 1825/1825 1824/1824
f 1818/1818 1806/1806 1756/1756
f 1818/1818 1822/1822 1806/1806
f 1813/1813 1818/1818 1756/1756
f 1817/1817 1822/1822 1818/1818
f 1827/1827 1824/1824 1817/1817
f 1820/1820 1827/1827 1817/1817
f 1824/1824 1827/1827 1828/1828
f 1824/1824 1828/1828 1829/1829
f 1826/1826 1824/1824 1829/1829
f 1830/1830 1831/1831 1826/1826
f 1539/1539 1775/1775 1776/1776
f 1777/1777 1804/1804 1816/1816
f 1823/1823 1777/1777 1816/1816
f 1777/1777 1823/1823 1832/1832
f 1777/1777 1833/1833 1776/1776
f 1833/1833 1834/1834 1776/1776
f 1833/1833 1835/1835 1834/1834
f 1836/1836 1823/1823 1825/1825
f 1836/1836 1832/1832 1823/1823
f 1831/1831 1825/1825 1826/1826
f 1836/1836 1837/1837 1832/1832
f 1825/1825 1831/1831 1836/1836
f 1831/1831 1837/1837 1836/1836
f 1838/1838 1777/1777 1832/1832
f 1837/1837 1838/1838 1832/1832
f 1838/1838 1837/1837 1839/1839
f 1839/1839 1837/1837 1831/1831
f 1776/1776 1834/1834 1539/1539
f 1840/1840 1539/1539 1834/1834
f 1841/1841 1751/1751 1750/1750
f 1757/1757 1751/1751 1842/1842
f 1757/1757 1842/1842 1760/1760
f 1843/1843 1760/1760 1842/1842
f 1843/1843 1761/1761 1760/1760
f 1844/1844 1761/1761 1843/1843
f 1845/1845 1843/1843 1842/1842
f 1846/1846 1845/1845 1842/1842
f 1843/1843 1845/1845 1844/1844
f 1847/1847 1844/1844 1845/1845
f 1841/1841 1848/1848 1751/1751
f 1848/1848 1841/1841 1849/1849
f 1842/1842 1751/1751 1846/1846
f 1846/1846 1850/1850 1845/1845
f 1850/1850 1847/1847 1845/1845
f 1851/1851 1847/1847 1850/1850
f 1852/1852 1850/1850 1846/1846
f 1751/1751 1848/1848 1846/1846
f 1848/1848 1852/1852 1846/1846
f 1849/1849 1853/1853 1848/1848
f 1854/1854 1792/1792 1676/1676
f 1855/1855 1792/1792 1854/1854
f 1676/1676 1667/1667 1695/1695
f 1854/1854 1676/1676 1695/1695
f 1856/1856 1854/1854 1695/1695
f 1676/1676 1792/1792 1789/1789
f 1695/1695 1857/1857 1856/1856
f 1857/1857 1695/1695 1694/1694
f 1858/1858 1854/1854 1856/1856
f 1694/1694 1697/1697 1857/1857
f 1858/1858 1856/1856 1857/1857
f 1793/1793 1792/1792 1859/1859
f 1793/1793 1859/1859 1801/1801
f 1860/1860 1801/1801 1859/1859
f 1855/1855 1860/1860 1792/1792
f 1861/1861 1855/1855 1854/1854
f 1855/1855 1862/1862 1860/1860
f 1860/1860 1859/1859 1792/1792
f 1863/1863 1797/1797 1862/1862
f 1864/1864 1798/1798 1863/1863
f 1863/1863 1798/1798 1797/1797
f 1862/1862 1801/1801 1860/1860
f 1862/1862 1797/1797 1800/1800
f 1862/1862 1800/1800 1801/1801
f 1855/1855 1863/1863 1862/1862
f 1863/1863 1865/1865 1864/1864
f 1865/1865 1855/1855 1861/1861
f 1855/1855 1865/1865 1863/1863
f 1866/1866 1865/1865 1861/1861
f 1867/1867 1866/1866 1861/1861
f 1861/1861 1868/1868 1867/1867
f 1861/1861 1854/1854 1858/1858
f 1858/1858 1868/1868 1861/1861
f 1868/1868 1858/1858 1857/1857
f 1697/1697 1868/1868 1857/1857
f 1697/1697 1869/1869 1868/1868
f 1869/1869 1867/1867 1868/1868
f 1697/1697 1696/1696 1870/1870
f 1870/1870 1869/1869 1697/1697
f 1871/1871 1736/1736 1727/1727
f 1737/1737 1736/1736 1872/1872
f 1872/1872 1736/1736 1871/1871
f 1873/1873 1701/1701 1733/1733
f 1738/1738 1737/1737 1872/1872
f 1738/1738 1872/1872 1874/1874
f 1874/1874 1872/1872 1875/1875
f 1738/1738 1874/1874 1873/1873
f 1798/1798 1864/1864 1750/1750
f 1841/1841 1750/1750 1864/1864
f 1864/1864 1865/1865 1841/1841
f 1865/1865 1866/1866 1849/1849
f 1865/1865 1849/1849 1841/1841
f 1866/1866 1867/1867 1876/1876
f 1876/1876 1867/1867 1869/1869
f 1866/1866 1876/1876 1877/1877
f 1870/1870 1876/1876 1869/1869
f 1870/1870 1878/1878 1876/1876
f 1878/1878 1877/1877 1876/1876
f 1879/1879 1870/1870 1696/1696
f 1849/1849 1866/1866 1880/1880
f 1877/1877 1880/1880 1866/1866
f 1849/1849 1880/1880 1853/1853
f 1877/1877 1881/1881 1880/1880
f 1878/1878 1881/1881 1877/1877
f 1879/1879 1882/1882 1870/1870
f 1879/1879 1883/1883 1882/1882
f 1870/1870 1882/1882 1878/1878
f 1882/1882 1883/1883 1884/1884
f 1881/1881 1878/1878 1882/1882
f 1885/1885 1871/1871 1886/1886
f 1887/1887 1885/1885 1886/1886
f 1888/1888 1872/1872 1871/1871
f 1875/1875 1872/1872 1888/1888
f 1889/1889 1888/1888 1871/1871
f 1890/1890 1888/1888 1891/1891
f 1890/1890 1875/1875 1888/1888
f 1889/1889 1871/1871 1885/1885
f 1874/1874 1875/1875 1890/1890
f 1874/1874 1890/1890 1892/1892
f 1893/1893 1894/1894 1895/1895
f 1896/1896 1894/1894 1893/1893
f 1896/1896 1893/1893 1890/1890
f 1893/1893 1897/1897 1890/1890
f 1898/1898 1893/1893 1895/1895
f 1897/1897 1899/1899 1890/1890
f 1891/1891 1888/1888 1889/1889
f 1889/1889 1885/1885 1896/1896
f 1889/1889 1896/1896 1891/1891
f 1885/1885 1900/1900 1896/1896
f 1901/1901 1885/1885 1887/1887
f 1900/1900 1902/1902 1894/1894
f 1894/1894 1903/1903 1895/1895
f 1903/1903 1894/1894 1902/1902
f 1896/1896 1900/1900 1894/1894
f 1900/1900 1885/1885 1901/1901
f 1900/1900 1901/1901 1902/1902
f 1896/1896 1890/1890 1891/1891
f 1904/1904 1892/1892 1890/1890
f 1905/1905 1698/1698 1703/1703
f 1702/1702 1906/1906 1703/1703
f 1905/1905 1703/1703 1906/1906
f 852/852 851/851 1907/1907
f 1907/1907 851/851 1700/1700
f 1908/1908 1907/1907 1700/1700
f 1908/1908 1700/1700 1701/1701
f 1704/1704 1705/1705 1909/1909
f 1909/1909 1705/1705 852/852
f 1879/1879 1696/1696 1698/1698
f 1910/1910 1879/1879 1698/1698
f 1698/1698 1905/1905 1910/1910
f 1911/1911 1905/1905 1906/1906
f 1909/1909 1912/1912 1704/1704
f 1909/1909 1913/1913 1912/1912
f 1914/1914 1912/1912 1913/1913
f 1915/1915 1914/1914 1913/1913
f 1908/1908 1916/1916 1907/1907
f 1874/1874 1892/1892 1873/1873
f 1892/1892 1917/1917 1873/1873
f 1917/1917 1701/1701 1873/1873
f 1917/1917 1908/1908 1701/1701
f 1917/1917 1892/1892 1904/1904
f 1890/1890 1899/1899 1904/1904
f 1916/1916 852/852 1907/1907
f 852/852 1916/1916 1913/1913
f 1909/1909 852/852 1913/1913
f 1916/1916 1915/1915 1913/1913
f 1918/1918 1759/1759 1761/1761
f 1918/1918 1810/1810 1759/1759
f 1918/1918 1919/1919 1810/1810
f 1811/1811 1810/1810 1920/1920
f 1921/1921 1808/1808 1811/1811
f 1922/1922 1811/1811 1920/1920
f 1922/1922 1921/1921 1811/1811
f 1923/1923 1922/1922 1924/1924
f 1922/1922 1923/1923 1921/1921
f 1919/1919 1920/1920 1810/1810
f 1925/1925 1919/1919 1926/1926
f 1922/1922 1920/1920 1924/1924
f 1924/1924 1920/1920 1919/1919
f 1925/1925 1923/1923 1924/1924
f 1925/1925 1924/1924 1919/1919
f 1851/1851 1850/1850 1927/1927
f 1851/1851 1927/1927 1925/1925
f 1927/1927 1928/1928 1925/1925
f 1852/1852 1927/1927 1850/1850
f 1929/1929 1928/1928 1927/1927
f 1930/1930 1927/1927 1852/1852
f 1930/1930 1929/1929 1927/1927
f 1931/1931 1921/1921 1923/1923
f 1931/1931 1923/1923 1929/1929
f 1930/1930 1931/1931 1929/1929
f 1932/1932 1931/1931 1930/1930
f 1923/1923 1925/1925 1928/1928
f 1929/1929 1923/1923 1928/1928
f 1933/1933 1815/1815 1934/1934
f 1935/1935 1815/1815 1933/1933
f 1936/1936 1935/1935 1933/1933
f 1933/1933 1937/1937 1936/1936
f 1921/1921 1807/1807 1808/1808
f 1807/1807 1921/1921 1934/1934
f 1934/1934 1814/1814 1807/1807
f 1815/1815 1814/1814 1934/1934
f 1931/1931 1934/1934 1921/1921
f 1931/1931 1933/1933 1934/1934
f 1931/1931 1932/1932 1938/1938
f 1937/1937 1933/1933 1931/1931
f 1937/1937 1931/1931 1938/1938
f 1932/1932 1930/1930 1852/1852
f 1848/1848 1932/1932 1852/1852
f 1853/1853 1932/1932 1848/1848
f 1939/1939 1932/1932 1853/1853
f 1880/1880 1939/1939 1853/1853
f 1940/1940 1939/1939 1880/1880
f 1940/1940 1941/1941 1939/1939
f 1942/1942 1936/1936 1937/1937
f 1939/1939 1938/1938 1932/1932
f 1939/1939 1937/1937 1938/1938
f 1941/1941 1937/1937 1939/1939
f 1943/1943 1941/1941 1940/1940
f 1937/1937 1944/1944 1942/1942
f 1941/1941 1944/1944 1937/1937
f 1945/1945 1944/1944 1941/1941
f 1946/1946 1947/1947 1948/1948
f 1815/1815 1819/1819 1812/1812
f 1935/1935 1819/1819 1815/1815
f 1949/1949 1819/1819 1935/1935
f 1936/1936 1949/1949 1935/1935
f 1819/1819 1950/1950 1821/1821
f 1820/1820 1951/1951 1827/1827
f 1948/1948 1950/1950 1819/1819
f 1948/1948 1819/1819 1949/1949
f 1947/1947 1950/1950 1948/1948
f 1952/1952 1949/1949 1936/1936
f 1953/1953 1948/1948 1949/1949
f 1953/1953 1949/1949 1952/1952
f 1952/1952 1936/1936 1942/1942
f 1954/1954 1942/1942 1944/1944
f 1942/1942 1953/1953 1952/1952
f 1955/1955 1948/1948 1953/1953
f 1946/1946 1948/1948 1955/1955
f 1956/1956 1955/1955 1953/1953
f 1956/1956 1946/1946 1955/1955
f 1957/1957 1941/1941 1943/1943
f 1958/1958 1943/1943 1959/1959
f 1957/1957 1945/1945 1941/1941
f 1960/1960 1943/1943 1958/1958
f 1883/1883 1879/1879 1961/1961
f 1961/1961 1962/1962 1883/1883
f 1962/1962 1958/1958 1883/1883
f 1910/1910 1961/1961 1879/1879
f 1963/1963 1964/1964 1954/1954
f 1945/1945 1954/1954 1944/1944
f 1963/1963 1954/1954 1945/1945
f 1960/1960 1965/1965 1943/1943
f 1957/1957 1965/1965 1945/1945
f 1943/1943 1965/1965 1957/1957
f 1966/1966 1965/1965 1960/1960
f 1963/1963 1967/1967 1964/1964
f 1963/1963 1945/1945 1965/1965
f 1966/1966 1963/1963 1965/1965
f 1968/1968 1966/1966 1960/1960
f 1958/1958 1968/1968 1960/1960
f 1962/1962 1968/1968 1958/1958
f 1963/1963 1966/1966 1967/1967
f 1964/1964 1967/1967 1969/1969
f 1968/1968 1967/1967 1966/1966
f 1968/1968 1969/1969 1967/1967
f 1942/1942 1956/1956 1953/1953
f 1970/1970 1954/1954 1964/1964
f 1942/1942 1954/1954 1971/1971
f 1971/1971 1954/1954 1970/1970
f 1972/1972 1956/1956 1942/1942
f 1971/1971 1972/1972 1942/1942
f 1970/1970 1973/1973 1971/1971
f 1969/1969 1970/1970 1964/1964
f 1974/1974 1970/1970 1969/1969
f 1975/1975 1968/1968 1962/1962
f 1976/1976 1974/1974 1969/1969
f 1976/1976 1969/1969 1968/1968
f 1968/1968 1975/1975 1976/1976
f 1975/1975 1974/1974 1976/1976
f 1977/1977 1975/1975 1962/1962
f 1977/1977 1962/1962 1978/1978
f 1979/1979 1977/1977 1978/1978
f 1974/1974 1975/1975 1980/1980
f 1975/1975 1977/1977 1979/1979
f 1979/1979 1980/1980 1975/1975
f 1981/1981 1974/1974 1980/1980
f 1970/1970 1974/1974 1982/1982
f 1982/1982 1973/1973 1970/1970
f 1982/1982 1974/1974 1981/1981
f 1844/1844 1918/1918 1761/1761
f 1851/1851 1844/1844 1847/1847
f 1851/1851 1918/1918 1844/1844
f 1919/1919 1918/1918 1926/1926
f 1926/1926 1851/1851 1925/1925
f 1882/1882 1940/1940 1881/1881
f 1884/1884 1940/1940 1882/1882
f 1959/1959 1940/1940 1884/1884
f 1880/1880 1881/1881 1940/1940
f 1959/1959 1943/1943 1940/1940
f 1898/1898 1983/1983 1893/1893
f 1983/1983 1898/1898 1984/1984
f 1895/1895 1984/1984 1898/1898
f 1893/1893 1983/1983 1897/1897
f 1985/1985 1895/1895 1903/1903
f 1986/1986 1895/1895 1985/1985
f 1895/1895 1986/1986 1984/1984
f 1983/1983 1984/1984 1987/1987
f 1988/1988 1983/1983 1987/1987
f 1987/1987 1984/1984 1989/1989
f 1986/1986 1989/1989 1984/1984
f 1986/1986 1990/1990 1991/1991
f 1958/1958 1884/1884 1883/1883
f 1958/1958 1959/1959 1884/1884
f 1899/1899 1992/1992 1904/1904
f 1899/1899 1897/1897 1993/1993
f 1992/1992 1899/1899 1993/1993
f 1904/1904 1992/1992 1917/1917
f 1992/1992 1994/1994 1917/1917
f 1988/1988 1897/1897 1983/1983
f 1993/1993 1897/1897 1988/1988
f 1993/1993 1994/1994 1992/1992
f 1994/1994 1993/1993 1995/1995
f 1917/1917 1996/1996 1908/1908
f 1996/1996 1917/1917 1994/1994
f 1916/1916 1908/1908 1996/1996
f 1997/1997 1998/1998 1999/1999
f 1998/1998 1989/1989 1999/1999
f 2000/2000 1997/1997 2001/2001
f 1999/1999 1989/1989 2002/2002
f 2001/2001 1997/1997 1999/1999
f 2003/2003 1999/1999 2002/2002
f 2003/2003 2004/2004 1999/1999
f 2004/2004 2001/2001 1999/1999
f 2005/2005 2006/2006 2000/2000
f 2005/2005 2000/2000 2001/2001
f 2005/2005 2001/2001 2004/2004
f 2006/2006 2007/2007 2008/2008
f 2005/2005 2007/2007 2006/2006
f 2007/2007 2005/2005 2009/2009
f 1997/1997 1988/1988 1987/1987
f 1997/1997 1987/1987 1998/1998
f 1993/1993 1988/1988 1997/1997
f 1998/1998 1987/1987 1989/1989
f 1995/1995 1993/1993 1997/1997
f 1995/1995 1997/1997 2000/2000
f 1989/1989 1986/1986 2002/2002
f 1991/1991 2002/2002 1986/1986
f 1994/1994 1995/1995 2006/2006
f 2006/2006 1995/1995 2000/2000
f 1996/1996 1994/1994 2008/2008
f 2006/2006 2008/2008 1994/1994
f 1538/1538 1767/1767 1537/1537
f 1775/1775 1537/1537 1767/1767
f 840/840 1723/1723 2010/2010
f 1730/1730 840/840 2010/2010
f 2011/2011 1730/1730 2010/2010
f 2012/2012 2011/2011 2010/2010
f 2011/2011 2012/2012 2013/2013
f 2010/2010 1723/1723 2014/2014
f 1775/1775 1539/1539 1537/1537
f 2015/2015 2012/2012 2010/2010
f 2013/2013 2012/2012 2015/2015
f 2015/2015 2010/2010 2014/2014
f 2016/2016 2013/2013 2015/2015
f 2017/2017 2018/2018 2019/2019
f 2019/2019 2018/2018 2020/2020
f 2015/2015 2014/2014 2021/2021
f 2022/2022 2023/2023 2024/2024
f 2024/2024 2025/2025 2022/2022
f 2022/2022 2025/2025 2026/2026
f 2022/2022 2026/2026 2027/2027
f 2027/2027 2028/2028 2022/2022
f 2025/2025 2017/2017 2029/2029
f 2029/2029 2026/2026 2025/2025
f 2027/2027 2026/2026 2030/2030
f 2031/2031 2027/2027 2030/2030
f 2031/2031 2030/2030 2032/2032
f 2033/2033 2030/2030 2026/2026
f 2033/2033 2026/2026 2029/2029
f 2034/2034 2033/2033 2029/2029
f 2015/2015 2021/2021 2016/2016
f 1736/1736 1729/1729 1727/1727
f 1728/1728 1730/1730 2011/2011
f 1728/1728 1871/1871 1727/1727
f 1728/1728 1886/1886 1871/1871
f 1733/1733 1738/1738 1873/1873
f 2035/2035 1728/1728 2011/2011
f 1886/1886 1728/1728 2035/2035
f 2036/2036 2035/2035 2011/2011
f 2036/2036 2011/2011 2037/2037
f 1886/1886 2035/2035 1887/1887
f 2036/2036 1887/1887 2035/2035
f 2036/2036 2038/2038 1887/1887
f 2038/2038 2039/2039 1901/1901
f 2037/2037 2011/2011 2013/2013
f 2038/2038 2036/2036 2039/2039
f 2039/2039 2036/2036 2037/2037
f 1887/1887 2038/2038 1901/1901
f 2017/2017 1903/1903 1902/1902
f 2017/2017 1985/1985 1903/1903
f 2018/2018 1902/1902 1901/1901
f 1902/1902 2018/2018 2017/2017
f 2018/2018 1901/1901 2020/2020
f 2020/2020 1901/1901 2039/2039
f 1986/1986 1985/1985 2040/2040
f 2039/2039 2037/2037 2013/2013
f 2016/2016 2039/2039 2013/2013
f 2039/2039 2016/2016 2020/2020
f 1985/1985 2017/2017 2025/2025
f 2040/2040 1985/1985 2041/2041
f 2042/2042 1986/1986 2040/2040
f 2043/2043 2042/2042 2040/2040
f 2043/2043 2040/2040 2041/2041
f 2043/2043 2044/2044 2042/2042
f 2045/2045 2042/2042 2044/2044
f 2046/2046 2044/2044 2047/2047
f 2041/2041 2048/2048 2043/2043
f 2047/2047 2044/2044 2043/2043
f 2047/2047 2043/2043 2048/2048
f 2047/2047 2048/2048 2049/2049
f 2049/2049 2050/2050 2047/2047
f 2046/2046 2045/2045 2044/2044
f 2050/2050 2046/2046 2047/2047
f 2051/2051 1985/1985 2025/2025
f 2025/2025 2024/2024 2051/2051
f 2024/2024 2023/2023 2051/2051
f 2052/2052 2051/2051 2053/2053
f 2053/2053 2051/2051 2023/2023
f 2053/2053 2054/2054 2052/2052
f 2023/2023 2054/2054 2053/2053
f 2054/2054 2023/2023 2055/2055
f 2054/2054 2056/2056 2057/2057
f 1985/1985 2058/2058 2041/2041
f 2058/2058 2051/2051 2059/2059
f 2051/2051 2058/2058 1985/1985
f 2041/2041 2058/2058 2060/2060
f 2060/2060 2058/2058 2061/2061
f 2052/2052 2059/2059 2051/2051
f 2054/2054 2062/2062 2052/2052
f 2059/2059 2052/2052 2062/2062
f 2062/2062 2063/2063 2059/2059
f 2063/2063 2062/2062 2057/2057
f 2054/2054 2057/2057 2062/2062
f 2057/2057 2056/2056 2064/2064
f 2058/2058 2059/2059 2065/2065
f 2059/2059 2063/2063 2066/2066
f 2065/2065 2059/2059 2066/2066
f 2067/2067 2065/2065 2066/2066
f 2057/2057 2064/2064 2063/2063
f 2066/2066 2063/2063 2064/2064
f 2068/2068 2066/2066 2064/2064
f 2068/2068 2064/2064 2069/2069
f 2048/2048 2041/2041 2060/2060
f 2049/2049 2048/2048 2060/2060
f 2061/2061 2070/2070 2060/2060
f 2049/2049 2060/2060 2070/2070
f 2050/2050 2049/2049 2071/2071
f 2071/2071 2049/2049 2070/2070
f 2055/2055 2023/2023 2022/2022
f 2028/2028 2055/2055 2022/2022
f 2056/2056 2054/2054 2055/2055
f 2056/2056 2055/2055 2072/2072
f 2072/2072 2055/2055 2028/2028
f 2028/2028 2027/2027 2031/2031
f 2031/2031 2072/2072 2028/2028
f 2056/2056 2072/2072 2073/2073
f 2074/2074 2031/2031 2032/2032
f 2073/2073 2072/2072 2074/2074
f 2074/2074 2072/2072 2031/2031
f 2032/2032 2075/2075 2076/2076
f 2077/2077 2073/2073 2074/2074
f 2032/2032 2077/2077 2074/2074
f 2077/2077 2032/2032 2076/2076
f 2064/2064 2056/2056 2073/2073
f 2069/2069 2064/2064 2073/2073
f 2069/2069 2073/2073 2078/2078
f 2073/2073 2077/2077 2078/2078
f 2030/2030 2075/2075 2032/2032
f 2075/2075 2030/2030 2033/2033
f 1829/1829 2079/2079 1826/1826
f 1826/1826 2079/2079 1830/1830
f 2080/2080 2081/2081 2082/2082
f 1838/1838 2081/2081 2083/2083
f 1838/1838 2083/2083 1777/1777
f 1777/1777 2083/2083 1833/1833
f 1831/1831 1830/1830 1839/1839
f 1839/1839 2081/2081 1838/1838
f 1839/1839 1830/1830 2082/2082
f 2081/2081 1839/1839 2082/2082
f 2084/2084 1835/1835 1833/1833
f 2084/2084 1833/1833 2085/2085
f 2085/2085 2086/2086 2084/2084
f 2083/2083 2085/2085 1833/1833
f 1835/1835 2084/2084 2086/2086
f 2086/2086 1834/1834 1835/1835
f 1834/1834 2086/2086 2087/2087
f 2081/2081 2080/2080 2083/2083
f 2083/2083 2080/2080 2088/2088
f 2089/2089 2083/2083 2090/2090
f 2083/2083 2089/2089 2085/2085
f 2085/2085 2089/2089 2086/2086
f 2089/2089 2087/2087 2086/2086
f 1834/1834 2087/2087 1840/1840
f 2090/2090 2083/2083 2088/2088
f 2091/2091 2089/2089 2090/2090
f 2090/2090 2092/2092 2091/2091
f 2091/2091 2093/2093 2094/2094
f 2095/2095 2087/2087 2096/2096
f 2091/2091 2096/2096 2089/2089
f 2087/2087 2089/2089 2096/2096
f 2094/2094 2096/2096 2091/2091
f 2097/2097 2094/2094 2098/2098
f 2099/2099 2096/2096 2094/2094
f 2094/2094 2097/2097 2099/2099
f 2100/2100 2102/2102 2103/2103
f 2103/2103 2102/2102 2097/2097
f 1950/1950 1947/1947 2104/2104
f 2107/2107 2108/2108 2105/2105
f 2108/2108 2107/2107 2109/2109
f 2110/2110 2109/2109 2111/2111
f 2112/2112 2104/2104 1947/1947
f 1947/1947 1946/1946 2112/2112
f 2112/2112 2113/2113 2104/2104
f 2113/2113 2106/2106 2104/2104
f 2114/2114 2113/2113 2112/2112
f 2107/2107 2115/2115 2109/2109
f 2117/2117 2115/2115 2107/2107
f 2109/2109 2115/2115 2111/2111
f 2113/2113 2118/2118 2106/2106
f 2120/2120 2115/2115 2117/2117
f 2121/2121 2118/2118 2113/2113
f 2118/2118 2121/2121 2122/2122
f 2116/2116 2123/2123 2124/2124
f 2108/2108 1827/1827 1951/1951
f 1827/1827 2110/2110 1828/1828
f 1827/1827 2109/2109 2110/2110
f 2125/2125 1829/1829 1828/1828
f 1951/1951 2105/2105 2108/2108
f 2109/2109 1827/1827 2108/2108
f 1829/1829 2125/2125 2079/2079
f 2126/2126 1828/1828 2110/2110
f 2125/2125 1828/1828 2126/2126
f 2126/2126 2110/2110 2127/2127
f 2111/2111 2127/2127 2110/2110
f 1830/1830 2079/2079 2128/2128
f 2082/2082 1830/1830 2129/2129
f 2128/2128 2129/2129 1830/1830
f 2129/2129 2080/2080 2082/2082
f 2130/2130 2079/2079 2125/2125
f 2128/2128 2079/2079 2130/2130
f 2129/2129 2128/2128 2131/2131
f 2112/2112 1946/1946 1956/1956
f 2132/2132 2127/2127 2111/2111
f 2115/2115 2132/2132 2111/2111
f 2120/2120 2132/2132 2115/2115
f 2124/2124 2119/2119 2116/2116
f 2134/2134 2132/2132 2120/2120
f 2135/2135 2133/2133 2119/2119
f 2124/2124 2135/2135 2119/2119
f 2127/2127 2136/2136 2126/2126
f 2126/2126 2136/2136 2125/2125
f 2130/2130 2136/2136 2137/2137
f 2136/2136 2127/2127 2138/2138
f 2136/2136 2138/2138 2137/2137
f 2130/2130 2139/2139 2128/2128
f 2139/2139 2131/2131 2128/2128
f 2130/2130 2125/2125 2136/2136
f 2139/2139 2130/2130 2140/2140
f 2131/2131 2139/2139 2141/2141
f 2131/2131 2080/2080 2129/2129
f 2131/2131 2142/2142 2080/2080
f 2140/2140 2130/2130 2137/2137
f 2143/2143 2142/2142 2131/2131
f 2143/2143 2131/2131 2141/2141
f 2144/2144 2142/2142 2143/2143
f 2127/2127 2132/2132 2138/2138
f 2132/2132 2134/2134 2145/2145
f 2132/2132 2145/2145 2138/2138
f 2146/2146 2138/2138 2145/2145
f 2138/2138 2146/2146 2137/2137
f 2137/2137 2146/2146 2147/2147
f 2146/2146 2145/2145 2148/2148
f 2150/2150 2146/2146 2148/2148
f 2152/2152 2147/2147 2146/2146
f 2146/2146 2150/2150 2152/2152
f 2153/2153 2133/2133 2135/2135
f 2134/2134 2148/2148 2145/2145
f 2133/2133 2153/2153 2149/2149
f 2149/2149 2153/2153 2154/2154
f 2152/2152 2150/2150 2155/2155
f 2149/2149 2154/2154 2151/2151
f 2157/2157 2141/2141 2139/2139
f 2157/2157 2139/2139 2140/2140
f 2157/2157 2140/2140 2147/2147
f 2147/2147 2140/2140 2137/2137
f 2157/2157 2159/2159 2141/2141
f 2159/2159 2157/2157 2147/2147
f 2161/2161 2141/2141 2159/2159
f 2163/2163 2143/2143 2141/2141
f 2163/2163 2141/2141 2161/2161
f 2159/2159 2147/2147 2152/2152
f 2158/2158 2164/2164 2160/2160
f 2155/2155 2159/2159 2152/2152
f 2158/2158 2156/2156 2164/2164
f 2160/2160 2164/2164 2165/2165
f 2163/2163 2167/2167 2143/2143
f 2168/2168 2166/2166 2162/2162
f 2165/2165 2162/2162 2160/2160
f 2162/2162 2165/2165 2168/2168
f 2169/2169 2168/2168 2165/2165
f 2169/2169 2170/2170 2168/2168
f 2114/2114 2121/2121 2113/2113
f 2122/2122 2121/2121 2171/2171
f 2172/2172 2124/2124 2123/2123
f 2173/2173 2171/2171 2121/2121
f 1972/1972 2173/2173 2114/2114
f 2173/2173 2121/2121 2114/2114
f 2173/2173 1972/1972 2174/2174
f 2173/2173 2174/2174 2175/2175
f 2176/2176 2171/2171 2173/2173
f 2172/2172 2177/2177 2178/2178
f 2173/2173 2175/2175 2179/2179
f 2173/2173 2179/2179 2176/2176
f 2177/2177 2180/2180 2178/2178
f 2114/2114 2112/2112 1956/1956
f 1972/1972 2114/2114 1956/1956
f 1971/1971 1973/1973 2181/2181
f 2174/2174 1972/1972 1971/1971
f 2181/2181 2174/2174 1971/1971
f 2180/2180 2182/2182 2178/2178
f 2181/2181 2183/2183 2174/2174
f 2184/2184 2181/2181 1973/1973
f 1973/1973 1982/1982 2184/2184
f 2183/2183 2175/2175 2174/2174
f 2184/2184 2183/2183 2181/2181
f 2184/2184 2185/2185 2183/2183
f 2185/2185 2175/2175 2183/2183
f 2179/2179 2175/2175 2185/2185
f 2186/2186 2185/2185 2184/2184
f 2179/2179 2185/2185 2186/2186
f 2187/2187 2135/2135 2124/2124
f 2124/2124 2172/2172 2187/2187
f 2178/2178 2187/2187 2172/2172
f 2187/2187 2178/2178 2188/2188
f 2187/2187 2153/2153 2135/2135
f 2188/2188 2153/2153 2187/2187
f 2189/2189 2153/2153 2188/2188
f 2189/2189 2154/2154 2153/2153
f 2190/2190 2151/2151 2154/2154
f 2189/2189 2190/2190 2154/2154
f 2190/2190 2156/2156 2151/2151
f 2189/2189 2188/2188 2191/2191
f 2178/2178 2182/2182 2188/2188
f 2182/2182 2191/2191 2188/2188
f 2191/2191 2190/2190 2189/2189
f 2191/2191 2192/2192 2190/2190
f 2190/2190 2164/2164 2156/2156
f 2192/2192 2164/2164 2190/2190
f 2164/2164 2192/2192 2193/2193
f 2193/2193 2165/2165 2164/2164
f 2193/2193 2169/2169 2165/2165
f 2194/2194 2169/2169 2193/2193
f 2195/2195 2194/2194 2192/2192
f 2192/2192 2194/2194 2193/2193
f 2170/2170 2169/2169 2194/2194
f 2191/2191 2182/2182 2196/2196
f 2197/2197 2196/2196 2182/2182
f 2197/2197 2182/2182 2180/2180
f 2191/2191 2196/2196 2195/2195
f 2192/2192 2191/2191 2195/2195
f 2195/2195 2198/2198 2194/2194
f 2199/2199 2198/2198 2200/2200
f 2198/2198 2195/2195 2200/2200
f 2201/2201 2200/2200 2195/2195
f 2142/2142 2088/2088 2080/2080
f 2144/2144 2088/2088 2142/2142
f 2088/2088 2093/2093 2092/2092
f 2090/2090 2088/2088 2092/2092
f 2202/2202 2093/2093 2144/2144
f 2144/2144 2093/2093 2088/2088
f 2202/2202 2144/2144 2143/2143
f 2143/2143 2203/2203 2202/2202
f 2092/2092 2093/2093 2091/2091
f 2205/2205 2093/2093 2202/2202
f 2205/2205 2098/2098 2093/2093
f 2098/2098 2205/2205 2207/2207
f 2208/2208 2206/2206 2209/2209
f 2143/2143 2167/2167 2203/2203
f 2203/2203 2205/2205 2202/2202
f 2204/2204 2210/2210 2209/2209
f 2210/2210 2204/2204 2166/2166
f 2168/2168 2210/2210 2166/2166
f 2209/2209 2206/2206 2204/2204
f 2211/2211 2209/2209 2212/2212
f 2212/2212 2213/2213 2211/2211
f 2170/2170 2210/2210 2168/2168
f 2213/2213 2212/2212 2209/2209
f 2213/2213 2209/2209 2210/2210
f 2170/2170 2213/2213 2210/2210
f 2211/2211 2208/2208 2209/2209
f 2211/2211 2213/2213 2214/2214
f 2215/2215 2214/2214 2213/2213
f 2098/2098 2094/2094 2093/2093
f 2216/2216 2098/2098 2207/2207
f 2217/2217 2218/2218 2219/2219
f 2220/2220 2221/2221 2218/2218
f 2220/2220 2218/2218 2217/2217
f 2002/2002 2222/2222 2003/2003
f 2004/2004 2003/2003 2223/2223
f 2223/2223 2003/2003 2222/2222
f 2222/2222 2224/2224 2223/2223
f 2222/2222 2002/2002 2225/2225
f 2222/2222 2225/2225 2224/2224
f 2223/2223 2226/2226 2004/2004
f 2009/2009 2004/2004 2226/2226
f 2005/2005 2004/2004 2009/2009
f 2227/2227 2228/2228 2229/2229
f 2224/2224 2225/2225 2230/2230
f 2231/2231 2224/2224 2230/2230
f 2232/2232 2223/2223 2224/2224
f 2231/2231 2232/2232 2224/2224
f 2009/2009 2226/2226 2233/2233
f 2228/2228 2233/2233 2226/2226
f 2226/2226 2223/2223 2228/2228
f 2228/2228 2223/2223 2232/2232
f 2228/2228 2232/2232 2229/2229
f 2233/2233 2228/2228 2227/2227
f 2225/2225 2002/2002 1991/1991
f 2215/2215 2213/2213 2170/2170
f 2170/2170 2199/2199 2215/2215
f 2234/2234 2215/2215 2199/2199
f 2198/2198 2170/2170 2194/2194
f 2170/2170 2198/2198 2199/2199
f 2199/2199 2235/2235 2234/2234
f 2236/2236 2215/2215 2234/2234
f 2214/2214 2215/2215 2236/2236
f 2236/2236 2237/2237 2214/2214
f 2235/2235 2236/2236 2234/2234
f 2238/2238 2239/2239 2231/2231
f 2200/2200 2240/2240 2199/2199
f 2199/2199 2240/2240 2241/2241
f 2235/2235 2199/2199 2241/2241
f 2235/2235 2241/2241 2242/2242
f 2238/2238 2243/2243 2239/2239
f 2243/2243 2242/2242 2241/2241
f 2243/2243 2238/2238 2242/2242
f 2229/2229 2231/2231 2239/2239
f 2227/2227 2229/2229 2239/2239
f 2227/2227 2239/2239 2244/2244
f 2245/2245 2244/2244 2239/2239
f 2246/2246 2244/2244 2245/2245
f 2245/2245 2241/2241 2240/2240
f 2245/2245 2240/2240 2246/2246
f 2246/2246 2240/2240 2200/2200
f 2200/2200 2201/2201 2246/2246
f 2241/2241 2245/2245 2243/2243
f 2239/2239 2243/2243 2245/2245
f 2232/2232 2231/2231 2229/2229
f 2231/2231 2230/2230 2238/2238
f 2247/2247 2238/2238 2230/2230
f 2238/2238 2247/2247 2242/2242
f 2247/2247 2248/2248 2242/2242
f 2249/2249 2247/2247 2230/2230
f 2248/2248 2235/2235 2242/2242
f 2235/2235 2248/2248 2236/2236
f 2236/2236 2248/2248 2250/2250
f 2248/2248 2247/2247 2250/2250
f 2225/2225 1991/1991 2249/2249
f 2251/2251 2217/2217 2219/2219
f 2219/2219 2237/2237 2252/2252
f 2252/2252 2251/2251 2219/2219
f 2252/2252 2253/2253 2251/2251
f 2249/2249 2254/2254 2250/2250
f 2252/2252 2237/2237 2236/2236
f 2250/2250 2252/2252 2236/2236
f 2252/2252 2250/2250 2255/2255
f 2253/2253 2217/2217 2251/2251
f 2253/2253 2220/2220 2217/2217
f 2253/2253 2256/2256 2220/2220
f 2255/2255 2253/2253 2252/2252
f 2250/2250 2257/2257 2255/2255
f 2257/2257 2250/2250 2254/2254
f 2249/2249 1991/1991 2254/2254
f 2249/2249 2230/2230 2225/2225
f 2250/2250 2247/2247 2249/2249
f 2258/2258 2216/2216 2207/2207
f 2259/2259 2208/2208 2211/2211
f 2260/2260 2259/2259 2211/2211
f 2098/2098 2216/2216 2097/2097
f 2103/2103 2097/2097 2216/2216
f 2103/2103 2258/2258 2100/2100
f 2101/2101 2259/2259 2260/2260
f 2258/2258 2103/2103 2216/2216
f 2261/2261 2263/2263 2260/2260
f 2264/2264 2211/2211 2214/2214
f 2260/2260 2211/2211 2264/2264
f 2264/2264 2214/2214 2237/2237
f 2219/2219 2264/2264 2237/2237
f 2219/2219 2265/2265 2264/2264
f 2265/2265 2219/2219 2218/2218
f 2260/2260 2264/2264 2261/2261
f 2266/2266 2261/2261 2264/2264
f 2265/2265 2218/2218 2266/2266
f 2266/2266 2264/2264 2265/2265
f 2267/2267 2261/2261 2266/2266
f 2221/2221 2266/2266 2218/2218
f 2267/2267 2266/2266 2221/2221
f 2256/2256 2221/2221 2220/2220
f 2256/2256 2267/2267 2221/2221
f 2267/2267 2268/2268 2261/2261
f 2267/2267 2256/2256 2268/2268
f 2255/2255 2256/2256 2253/2253
f 2257/2257 2269/2269 2255/2255
f 1840/1840 2270/2270 1539/1539
f 2270/2270 1840/1840 2272/2272
f 2273/2273 2270/2270 2272/2272
f 2273/2273 2272/2272 2275/2275
f 2275/2275 2276/2276 2273/2273
f 2274/2274 2271/2271 2277/2277
f 2277/2277 2271/2271 2279/2279
f 2281/2281 2274/2274 2277/2277
f 2280/2280 2283/2283 2275/2275
f 2283/2283 2276/2276 2275/2275
f 2087/2087 2095/2095 1840/1840
f 1840/1840 2095/2095 2272/2272
f 2278/2278 2272/2272 2095/2095
f 2284/2284 2095/2095 2096/2096
f 2096/2096 2099/2099 2284/2284
f 2278/2278 2095/2095 2284/2284
f 2281/2281 2277/2277 2286/2286
f 2287/2287 2286/2286 2277/2277
f 2282/2282 2281/2281 2288/2288
f 2289/2289 2290/2290 2288/2288
f 2281/2281 2286/2286 2288/2288
f 2291/2291 2292/2292 2286/2286
f 2289/2289 2288/2288 2292/2292
f 2286/2286 2292/2292 2288/2288
f 2293/2293 2294/2294 2295/2295
f 2295/2295 2292/2292 2291/2291
f 2291/2291 2296/2296 2295/2295
f 2296/2296 2291/2291 2297/2297
f 2298/2298 2293/2293 2295/2295
f 2298/2298 2295/2295 2296/2296
f 2297/2297 2298/2298 2296/2296
f 1539/1539 2299/2299 2300/2300
f 2299/2299 2301/2301 2300/2300
f 2299/2299 1539/1539 2270/2270
f 2301/2301 2302/2302 2300/2300
f 2273/2273 2299/2299 2270/2270
f 2299/2299 2273/2273 2303/2303
f 2303/2303 2301/2301 2299/2299
f 2273/2273 2304/2304 2303/2303
f 2301/2301 2303/2303 2304/2304
f 2302/2302 2304/2304 2305/2305
f 2306/2306 2304/2304 2273/2273
f 2276/2276 2283/2283 2306/2306
f 2273/2273 2276/2276 2306/2306
f 2307/2307 2306/2306 2283/2283
f 2309/2309 2282/2282 2290/2290
f 2308/2308 2307/2307 2283/2283
f 2306/2306 2305/2305 2304/2304
f 2302/2302 2301/2301 2304/2304
f 2310/2310 2300/2300 2302/2302
f 2311/2311 2033/2033 2034/2034
f 2029/2029 2312/2312 2034/2034
f 2029/2029 2313/2313 2312/2312
f 2290/2290 2282/2282 2288/2288
f 2290/2290 2289/2289 2314/2314
f 2314/2314 2309/2309 2290/2290
f 2315/2315 2309/2309 2314/2314
f 2317/2317 2308/2308 2318/2318
f 2319/2319 2321/2321 2318/2318
f 2308/2308 2316/2316 2318/2318
f 2318/2318 2321/2321 2322/2322
f 2323/2323 2324/2324 2294/2294
f 2324/2324 2325/2325 2294/2294
f 2294/2294 2293/2293 2323/2323
f 2324/2324 2326/2326 2325/2325
f 2327/2327 2326/2326 2324/2324
f 2328/2328 2320/2320 2330/2330
f 2333/2333 2328/2328 2327/2327
f 2329/2329 2334/2334 2319/2319
f 2334/2334 2321/2321 2319/2319
f 2335/2335 2322/2322 2321/2321
f 2336/2336 2334/2334 2329/2329
f 2336/2336 2337/2337 2334/2334
f 2337/2337 2338/2338 2335/2335
f 2334/2334 2335/2335 2321/2321
f 2337/2337 2335/2335 2334/2334
f 2339/2339 2323/2323 2293/2293
f 2323/2323 2327/2327 2324/2324
f 2341/2341 2327/2327 2323/2323
f 2323/2323 2339/2339 2341/2341
f 2343/2343 2342/2342 2340/2340
f 2298/2298 2339/2339 2293/2293
f 2332/2332 2342/2342 2336/2336
f 2342/2342 2343/2343 2336/2336
f 2336/2336 2329/2329 2332/2332
f 2344/2344 2339/2339 2298/2298
f 2340/2340 2345/2345 2343/2343
f 2346/2346 2343/2343 2345/2345
f 2343/2343 2337/2337 2336/2336
f 2337/2337 2343/2343 2347/2347
f 2348/2348 2313/2313 2349/2349
f 2099/2099 2350/2350 2284/2284
f 2097/2097 2102/2102 2099/2099
f 2102/2102 2100/2100 2352/2352
f 2102/2102 2350/2350 2099/2099
f 2353/2353 2102/2102 2352/2352
f 2279/2279 2354/2354 2277/2277
f 2285/2285 2354/2354 2279/2279
f 2355/2355 2277/2277 2354/2354
f 2285/2285 2351/2351 2354/2354
f 2291/2291 2286/2286 2287/2287
f 2287/2287 2277/2277 2355/2355
f 2291/2291 2287/2287 2355/2355
f 2356/2356 2297/2297 2291/2291
f 2356/2356 2291/2291 2355/2355
f 2358/2358 2354/2354 2351/2351
f 2354/2354 2358/2358 2355/2355
f 2344/2344 2298/2298 2359/2359
f 2359/2359 2298/2298 2297/2297
f 2360/2360 2359/2359 2362/2362
f 2353/2353 2350/2350 2102/2102
f 2353/2353 2357/2357 2350/2350
f 2355/2355 2358/2358 2364/2364
f 2356/2356 2355/2355 2364/2364
f 2357/2357 2353/2353 2363/2363
f 2352/2352 2365/2365 2353/2353
f 2366/2366 2353/2353 2365/2365
f 2366/2366 2365/2365 2368/2368
f 2366/2366 2363/2363 2353/2353
f 2369/2369 2363/2363 2366/2366
f 2371/2371 2356/2356 2364/2364
f 2297/2297 2356/2356 2371/2371
f 2371/2371 2373/2373 2297/2297
f 2297/2297 2373/2373 2359/2359
f 2362/2362 2359/2359 2373/2373
f 2375/2375 2372/2372 2363/2363
f 2371/2371 2374/2374 2373/2373
f 2369/2369 2375/2375 2363/2363
f 2302/2302 2305/2305 2376/2376
f 2307/2307 2305/2305 2306/2306
f 2377/2377 2305/2305 2307/2307
f 2305/2305 2377/2377 2376/2376
f 2307/2307 2308/2308 2317/2317
f 2317/2317 2377/2377 2307/2307
f 2378/2378 2377/2377 2317/2317
f 2378/2378 2379/2379 2377/2377
f 2380/2380 2302/2302 2376/2376
f 2381/2381 2380/2380 2376/2376
f 2379/2379 2376/2376 2377/2377
f 2379/2379 2381/2381 2376/2376
f 2380/2380 2381/2381 2382/2382
f 2380/2380 2310/2310 2302/2302
f 2383/2383 2384/2384 2380/2380
f 2385/2385 2384/2384 2383/2383
f 2384/2384 2310/2310 2380/2380
f 2300/2300 2310/2310 2386/2386
f 2310/2310 2384/2384 2387/2387
f 2384/2384 2385/2385 2388/2388
f 2310/2310 2387/2387 2386/2386
f 2385/2385 2389/2389 2388/2388
f 2384/2384 2388/2388 2387/2387
f 2389/2389 2390/2390 2388/2388
f 2388/2388 2391/2391 2387/2387
f 2390/2390 2391/2391 2388/2388
f 2387/2387 2391/2391 2392/2392
f 2391/2391 2390/2390 2393/2393
f 2390/2390 2394/2394 2393/2393
f 2395/2395 2393/2393 2394/2394
f 2378/2378 2317/2317 2322/2322
f 2322/2322 2317/2317 2318/2318
f 2322/2322 2396/2396 2378/2378
f 2378/2378 2396/2396 2397/2397
f 2397/2397 2379/2379 2378/2378
f 2335/2335 2338/2338 2322/2322
f 2338/2338 2396/2396 2322/2322
f 2398/2398 2396/2396 2338/2338
f 2398/2398 2397/2397 2396/2396
f 2398/2398 2399/2399 2397/2397
f 2399/2399 2379/2379 2397/2397
f 2399/2399 2381/2381 2379/2379
f 2382/2382 2381/2381 2400/2400
f 2380/2380 2382/2382 2383/2383
f 2401/2401 2383/2383 2382/2382
f 2400/2400 2381/2381 2399/2399
f 2400/2400 2401/2401 2382/2382
f 2402/2402 2400/2400 2399/2399
f 2403/2403 2400/2400 2402/2402
f 2337/2337 2347/2347 2338/2338
f 2404/2404 2338/2338 2347/2347
f 2347/2347 2343/2343 2346/2346
f 2404/2404 2398/2398 2338/2338
f 2405/2405 2398/2398 2404/2404
f 2405/2405 2404/2404 2347/2347
f 2346/2346 2345/2345 2361/2361
f 2360/2360 2344/2344 2359/2359
f 2346/2346 2361/2361 2406/2406
f 2347/2347 2346/2346 2405/2405
f 2405/2405 2407/2407 2398/2398
f 2402/2402 2399/2399 2398/2398
f 2407/2407 2402/2402 2398/2398
f 2402/2402 2408/2408 2403/2403
f 2407/2407 2408/2408 2402/2402
f 2360/2360 2362/2362 2409/2409
f 2410/2410 2406/2406 2361/2361
f 2346/2346 2406/2406 2405/2405
f 2411/2411 2407/2407 2405/2405
f 2408/2408 2407/2407 2411/2411
f 2412/2412 2408/2408 2411/2411
f 2406/2406 2411/2411 2405/2405
f 2406/2406 2412/2412 2411/2411
f 2403/2403 2401/2401 2400/2400
f 2413/2413 2401/2401 2403/2403
f 2414/2414 2401/2401 2413/2413
f 2414/2414 2383/2383 2401/2401
f 2415/2415 2414/2414 2413/2413
f 2383/2383 2414/2414 2385/2385
f 2385/2385 2414/2414 2389/2389
f 2416/2416 2389/2389 2414/2414
f 2414/2414 2417/2417 2416/2416
f 2417/2417 2414/2414 2415/2415
f 2417/2417 2415/2415 2418/2418
f 2419/2419 2403/2403 2408/2408
f 2420/2420 2403/2403 2419/2419
f 2403/2403 2420/2420 2413/2413
f 2420/2420 2415/2415 2413/2413
f 2420/2420 2418/2418 2415/2415
f 2408/2408 2412/2412 2421/2421
f 2421/2421 2419/2419 2408/2408
f 2422/2422 2421/2421 2412/2412
f 2424/2424 2419/2419 2421/2421
f 2420/2420 2419/2419 2424/2424
f 2427/2427 2420/2420 2424/2424
f 2427/2427 2418/2418 2420/2420
f 2416/2416 2390/2390 2389/2389
f 2390/2390 2416/2416 2394/2394
f 2416/2416 2417/2417 2394/2394
f 2429/2429 2417/2417 2418/2418
f 2429/2429 2431/2431 2417/2417
f 2394/2394 2417/2417 2395/2395
f 2417/2417 2432/2432 2395/2395
f 2417/2417 2431/2431 2432/2432
f 2430/2430 2434/2434 2433/2433
f 2435/2435 2434/2434 2430/2430
f 2436/2436 2437/2437 2434/2434
f 2427/2427 2429/2429 2418/2418
f 2435/2435 2428/2428 2426/2426
f 2435/2435 2430/2430 2428/2428
f 2435/2435 2426/2426 2438/2438
f 2436/2436 2434/2434 2435/2435
f 2435/2435 2438/2438 2436/2436
f 2042/2042 1990/1990 1986/1986
f 2042/2042 2045/2045 1990/1990
f 2045/2045 2439/2439 2440/2440
f 2045/2045 2440/2440 1990/1990
f 2441/2441 2440/2440 2439/2439
f 2440/2440 2442/2442 1990/1990
f 2045/2045 2046/2046 2439/2439
f 2443/2443 2439/2439 2046/2046
f 2050/2050 2443/2443 2046/2046
f 2441/2441 2439/2439 2443/2443
f 2050/2050 2444/2444 2443/2443
f 2445/2445 2441/2441 2443/2443
f 2445/2445 2443/2443 2444/2444
f 2441/2441 2446/2446 2440/2440
f 2447/2447 2441/2441 2445/2445
f 2445/2445 2444/2444 2448/2448
f 1990/1990 2442/2442 1991/1991
f 2446/2446 2442/2442 2440/2440
f 2449/2449 1991/1991 2442/2442
f 2442/2442 2446/2446 2450/2450
f 2447/2447 2451/2451 2450/2450
f 2447/2447 2446/2446 2441/2441
f 2447/2447 2450/2450 2446/2446
f 2452/2452 2453/2453 2451/2451
f 2448/2448 2454/2454 2452/2452
f 2454/2454 2453/2453 2452/2452
f 2445/2445 2448/2448 2447/2447
f 2448/2448 2452/2452 2447/2447
f 2447/2447 2452/2452 2451/2451
f 2449/2449 2442/2442 2450/2450
f 2450/2450 2451/2451 2449/2449
f 2449/2449 2451/2451 2453/2453
f 2453/2453 2455/2455 2449/2449
f 2456/2456 2061/2061 2058/2058
f 2456/2456 2457/2457 2061/2061
f 2456/2456 2458/2458 2457/2457
f 2458/2458 2456/2456 2459/2459
f 2460/2460 2058/2058 2065/2065
f 2460/2460 2065/2065 2067/2067
f 2456/2456 2058/2058 2460/2460
f 2068/2068 2067/2067 2066/2066
f 2067/2067 2068/2068 2461/2461
f 2461/2461 2068/2068 2069/2069
f 2462/2462 2067/2067 2461/2461
f 2460/2460 2067/2067 2462/2462
f 2460/2460 2463/2463 2464/2464
f 2456/2456 2460/2460 2464/2464
f 2464/2464 2459/2459 2456/2456
f 2465/2465 2459/2459 2464/2464
f 2061/2061 2466/2466 2070/2070
f 2466/2466 2061/2061 2457/2457
f 2458/2458 2466/2466 2457/2457
f 2466/2466 2071/2071 2070/2070
f 2466/2466 2467/2467 2071/2071
f 2468/2468 2467/2467 2466/2466
f 2458/2458 2468/2468 2466/2466
f 2468/2468 2458/2458 2469/2469
f 2469/2469 2470/2470 2468/2468
f 2050/2050 2071/2071 2444/2444
f 2467/2467 2444/2444 2071/2071
f 2471/2471 2448/2448 2444/2444
f 2471/2471 2444/2444 2467/2467
f 2468/2468 2471/2471 2467/2467
f 2470/2470 2471/2471 2468/2468
f 2470/2470 2472/2472 2454/2454
f 2470/2470 2469/2469 2472/2472
f 2458/2458 2459/2459 2469/2469
f 2472/2472 2469/2469 2459/2459
f 2472/2472 2459/2459 2455/2455
f 2455/2455 2453/2453 2472/2472
f 2455/2455 2473/2473 2474/2474
f 2454/2454 2448/2448 2471/2471
f 2454/2454 2471/2471 2470/2470
f 2453/2453 2454/2454 2472/2472
f 2465/2465 2455/2455 2459/2459
f 2473/2473 2455/2455 2465/2465
f 2475/2475 2476/2476 2477/2477
f 2474/2474 2449/2449 2455/2455
f 2478/2478 2449/2449 2474/2474
f 2479/2479 2449/2449 2478/2478
f 2479/2479 2478/2478 2480/2480
f 2481/2481 2474/2474 2473/2473
f 2478/2478 2474/2474 2480/2480
f 2480/2480 2474/2474 2481/2481
f 2481/2481 2482/2482 2480/2480
f 2482/2482 2481/2481 2483/2483
f 2476/2476 2449/2449 2479/2479
f 2480/2480 2484/2484 2479/2479
f 2477/2477 2476/2476 2479/2479
f 2484/2484 2485/2485 2479/2479
f 2479/2479 2485/2485 2477/2477
f 2484/2484 2480/2480 2482/2482
f 2484/2484 2482/2482 2486/2486
f 2473/2473 2465/2465 2487/2487
f 2481/2481 2473/2473 2488/2488
f 2488/2488 2473/2473 2487/2487
f 2489/2489 2487/2487 2465/2465
f 2489/2489 2465/2465 2490/2490
f 2488/2488 2487/2487 2489/2489
f 2491/2491 2489/2489 2490/2490
f 2488/2488 2489/2489 2491/2491
f 2490/2490 2492/2492 2491/2491
f 2491/2491 2492/2492 2493/2493
f 2481/2481 2488/2488 2483/2483
f 2483/2483 2486/2486 2482/2482
f 2486/2486 2483/2483 2493/2493
f 2488/2488 2491/2491 2493/2493
f 2493/2493 2483/2483 2488/2488
f 2485/2485 2494/2494 2477/2477
f 2475/2475 2477/2477 2494/2494
f 2495/2495 2494/2494 2485/2485
f 2496/2496 2475/2475 2494/2494
f 2496/2496 2494/2494 2497/2497
f 2498/2498 2499/2499 2500/2500
f 2500/2500 2499/2499 2497/2497
f 2501/2501 2492/2492 2502/2502
f 2502/2502 2503/2503 2501/2501
f 2504/2504 2503/2503 2502/2502
f 2505/2505 2506/2506 2503/2503
f 2504/2504 2505/2505 2503/2503
f 2493/2493 2492/2492 2501/2501
f 2507/2507 2493/2493 2501/2501
f 2507/2507 2486/2486 2493/2493
f 2507/2507 2498/2498 2486/2486
f 2498/2498 2508/2508 2499/2499
f 2499/2499 2508/2508 2509/2509
f 2501/2501 2508/2508 2507/2507
f 2501/2501 2503/2503 2508/2508
f 2509/2509 2508/2508 2506/2506
f 2506/2506 2508/2508 2503/2503
f 2508/2508 2498/2498 2507/2507
f 2476/2476 1991/1991 2449/2449
f 1991/1991 2476/2476 2475/2475
f 2495/2495 2485/2485 2484/2484
f 2510/2510 2495/2495 2484/2484
f 2510/2510 2484/2484 2486/2486
f 2494/2494 2495/2495 2497/2497
f 2500/2500 2495/2495 2510/2510
f 2510/2510 2498/2498 2500/2500
f 2497/2497 2495/2495 2500/2500
f 2510/2510 2486/2486 2498/2498
f 2511/2511 2512/2512 2462/2462
f 2076/2076 2075/2075 2513/2513
f 2463/2463 2513/2513 2514/2514
f 2076/2076 2078/2078 2077/2077
f 2511/2511 2076/2076 2512/2512
f 2511/2511 2078/2078 2076/2076
f 2513/2513 2512/2512 2076/2076
f 2512/2512 2513/2513 2463/2463
f 2463/2463 2462/2462 2512/2512
f 2078/2078 2461/2461 2069/2069
f 2511/2511 2461/2461 2078/2078
f 2461/2461 2511/2511 2462/2462
f 2462/2462 2463/2463 2460/2460
f 2464/2464 2463/2463 2514/2514
f 2513/2513 2075/2075 2033/2033
f 2513/2513 2033/2033 2514/2514
f 2514/2514 2033/2033 2311/2311
f 2515/2515 2514/2514 2311/2311
f 2515/2515 2516/2516 2514/2514
f 2517/2517 2311/2311 2034/2034
f 2515/2515 2311/2311 2517/2517
f 2518/2518 2519/2519 2516/2516
f 2520/2520 2516/2516 2519/2519
f 2516/2516 2520/2520 2514/2514
f 2521/2521 2520/2520 2519/2519
f 2520/2520 2522/2522 2514/2514
f 2522/2522 2464/2464 2514/2514
f 2523/2523 2464/2464 2522/2522
f 2521/2521 2522/2522 2520/2520
f 2524/2524 2522/2522 2521/2521
f 2522/2522 2524/2524 2523/2523
f 2525/2525 2524/2524 2521/2521
f 2524/2524 2525/2525 2526/2526
f 2525/2525 2521/2521 2527/2527
f 2518/2518 2516/2516 2515/2515
f 2528/2528 2515/2515 2517/2517
f 2517/2517 2529/2529 2528/2528
f 2515/2515 2528/2528 2518/2518
f 2518/2518 2528/2528 2530/2530
f 2519/2519 2518/2518 2527/2527
f 2530/2530 2527/2527 2518/2518
f 2521/2521 2519/2519 2527/2527
f 2525/2525 2527/2527 2531/2531
f 2527/2527 2532/2532 2531/2531
f 2527/2527 2530/2530 2532/2532
f 2517/2517 2034/2034 2312/2312
f 2529/2529 2517/2517 2533/2533
f 2533/2533 2517/2517 2312/2312
f 2529/2529 2530/2530 2528/2528
f 2533/2533 2312/2312 2534/2534
f 2534/2534 2529/2529 2533/2533
f 2529/2529 2534/2534 2535/2535
f 2529/2529 2535/2535 2532/2532
f 2313/2313 2534/2534 2312/2312
f 2529/2529 2532/2532 2530/2530
f 2536/2536 2465/2465 2464/2464
f 2536/2536 2464/2464 2523/2523
f 2490/2490 2465/2465 2536/2536
f 2536/2536 2523/2523 2537/2537
f 2523/2523 2524/2524 2526/2526
f 2526/2526 2537/2537 2523/2523
f 2538/2538 2537/2537 2526/2526
f 2538/2538 2526/2526 2525/2525
f 2538/2538 2539/2539 2537/2537
f 2537/2537 2539/2539 2540/2540
f 2541/2541 2542/2542 2543/2543
f 2531/2531 2544/2544 2545/2545
f 2546/2546 2525/2525 2531/2531
f 2538/2538 2525/2525 2546/2546
f 2546/2546 2531/2531 2545/2545
f 2544/2544 2531/2531 2532/2532
f 2545/2545 2544/2544 2547/2547
f 2539/2539 2538/2538 2546/2546
f 2548/2548 2539/2539 2546/2546
f 2540/2540 2539/2539 2548/2548
f 2548/2548 2546/2546 2549/2549
f 2549/2549 2542/2542 2548/2548
f 2547/2547 2542/2542 2549/2549
f 2547/2547 2543/2543 2542/2542
f 2545/2545 2549/2549 2546/2546
f 2545/2545 2547/2547 2549/2549
f 2540/2540 2536/2536 2537/2537
f 2550/2550 2536/2536 2540/2540
f 2542/2542 2540/2540 2548/2548
f 2540/2540 2542/2542 2541/2541
f 2540/2540 2541/2541 2349/2349
f 2490/2490 2550/2550 2502/2502
f 2536/2536 2550/2550 2490/2490
f 2502/2502 2550/2550 2504/2504
f 2502/2502 2492/2492 2490/2490
f 2540/2540 2504/2504 2550/2550
f 2535/2535 2534/2534 2551/2551
f 2313/2313 2551/2551 2534/2534
f 2551/2551 2552/2552 2535/2535
f 2551/2551 2313/2313 2348/2348
f 2543/2543 2551/2551 2348/2348
f 2552/2552 2551/2551 2543/2543
f 2543/2543 2348/2348 2541/2541
f 2532/2532 2535/2535 2544/2544
f 2552/2552 2544/2544 2535/2535
f 2544/2544 2552/2552 2547/2547
f 2547/2547 2552/2552 2543/2543
f 2349/2349 2541/2541 2348/2348
f 2263/2263 2101/2101 2260/2260
f 2352/2352 2100/2100 2262/2262
f 2553/2553 2263/2263 2261/2261
f 2352/2352 2262/2262 2365/2365
f 2263/2263 2553/2553 2554/2554
f 2262/2262 2368/2368 2365/2365
f 2554/2554 2367/2367 2263/2263
f 2555/2555 2553/2553 2261/2261
f 2556/2556 2554/2554 2553/2553
f 2553/2553 2555/2555 2556/2556
f 2261/2261 2268/2268 2557/2557
f 2268/2268 2555/2555 2557/2557
f 2555/2555 2261/2261 2557/2557
f 2554/2554 2558/2558 2367/2367
f 2366/2366 2368/2368 2369/2369
f 2554/2554 2556/2556 2558/2558
f 2374/2374 2559/2559 2373/2373
f 2369/2369 2560/2560 2375/2375
f 2560/2560 2369/2369 2561/2561
f 2561/2561 2565/2565 2560/2560
f 2367/2367 2558/2558 2370/2370
f 2566/2566 2370/2370 2558/2558
f 2567/2567 2562/2562 2566/2566
f 2566/2566 2562/2562 2370/2370
f 2362/2362 2373/2373 2559/2559
f 2564/2564 2362/2362 2559/2559
f 2569/2569 2409/2409 2362/2362
f 2567/2567 2563/2563 2562/2562
f 2362/2362 2564/2564 2569/2569
f 2567/2567 2570/2570 2563/2563
f 2558/2558 2571/2571 2566/2566
f 2496/2496 2497/2497 2499/2499
f 2509/2509 2505/2505 2499/2499
f 2572/2572 2496/2496 2505/2505
f 2505/2505 2496/2496 2499/2499
f 2505/2505 2509/2509 2506/2506
f 2572/2572 2505/2505 2573/2573
f 2574/2574 2572/2572 2573/2573
f 2558/2558 2556/2556 2571/2571
f 2575/2575 2576/2576 2556/2556
f 2576/2576 2575/2575 2574/2574
f 2576/2576 2571/2571 2556/2556
f 2577/2577 2566/2566 2571/2571
f 2574/2574 2578/2578 2576/2576
f 2578/2578 2571/2571 2576/2576
f 2578/2578 2573/2573 2579/2579
f 2579/2579 2580/2580 2578/2578
f 2574/2574 2573/2573 2578/2578
f 2578/2578 2580/2580 2571/2571
f 2577/2577 2571/2571 2580/2580
f 2581/2581 2570/2570 2567/2567
f 2566/2566 2581/2581 2567/2567
f 2268/2268 2256/2256 2255/2255
f 2269/2269 2556/2556 2255/2255
f 2255/2255 2556/2556 2268/2268
f 2556/2556 2555/2555 2268/2268
f 2575/2575 2556/2556 2269/2269
f 2254/2254 2269/2269 2257/2257
f 1991/1991 2574/2574 2254/2254
f 2574/2574 2269/2269 2254/2254
f 2575/2575 2269/2269 2574/2574
f 2475/2475 2572/2572 1991/1991
f 2572/2572 2475/2475 2496/2496
f 2574/2574 1991/1991 2572/2572
f 2540/2540 2349/2349 2504/2504
f 2406/2406 2410/2410 2422/2422
f 2568/2568 2422/2422 2410/2410
f 2505/2505 2504/2504 2573/2573
f 2425/2425 2566/2566 2577/2577
f 2349/2349 2573/2573 2504/2504
f 2406/2406 2422/2422 2412/2412
f 2424/2424 2421/2421 2422/2422
f 2581/2581 2423/2423 2570/2570
f 2581/2581 2425/2425 2423/2423
f 2566/2566 2425/2425 2581/2581
f 2425/2425 2577/2577 2426/2426
f 2426/2426 2577/2577 2438/2438
f 2580/2580 2438/2438 2577/2577
f 2349/2349 2579/2579 2573/2573
f 2580/2580 2579/2579 2582/2582
f 2582/2582 2579/2579 2349/2349
f 2583/2583 859/859 1529/1529
f 1529/1529 1530/1530 2583/2583
f 1530/1530 1534/1534 2583/2583
f 2583/2583 1534/1534 859/859
f 1534/1534 1535/1535 859/859
f 1533/1533 859/859 1535/1535
f 1531/1531 1709/1709 1535/1535
f 1709/1709 1533/1533 1535/1535
f 1709/1709 1536/1536 1533/1533
f 1566/1566 1562/1562 1514/1514
f 1561/1561 1562/1562 1566/1566
f 1561/1561 1566/1566 1565/1565
f 1561/1561 1579/1579 1563/1563
f 1561/1561 1565/1565 1579/1579
f 1620/1620 1617/1617 1579/1579
f 1617/1617 1620/1620 1618/1618
f 1616/1616 1613/1613 1618/1618
f 1536/1536 1710/1710 1711/1711
f 1536/1536 1709/1709 1710/1710
f 1566/1566 1536/1536 1711/1711
f 1566/1566 1514/1514 1536/1536
f 1918/1918 1851/1851 1926/1926
f 2295/2295 2289/2289 2292/2292
f 2295/2295 2325/2325 2289/2289
f 2325/2325 2314/2314 2289/2289
f 2316/2316 2319/2319 2318/2318
f 2295/2295 2294/2294 2325/2325
f 2325/2325 2330/2330 2314/2314
f 2314/2314 2330/2330 2315/2315
f 2326/2326 2330/2330 2325/2325
f 2326/2326 2327/2327 2328/2328
f 2330/2330 2326/2326 2328/2328
f 2315/2315 2330/2330 2320/2320
f 2341/2341 2331/2331 2327/2327
f 1001/1001 2584/2584 2585/2585
f 2585/2585 2586/2586 1001/1001
f 2586/2586 2585/2585 2587/2587
f 2586/2586 1002/1002 1001/1001
f 2586/2586 996/996 1002/1002
f 996/996 2588/2588 997/997
f 1004/1004 997/997 2588/2588
f 2589/2589 996/996 2586/2586
f 2588/2588 996/996 2589/2589
f 1004/1004 2590/2590 1003/1003
f 1003/1003 2590/2590 1007/1007
f 2586/2586 2587/2587 2589/2589
f 613/613 960/960 611/611
f 613/613 2591/2591 960/960
f 2592/2592 960/960 2591/2591
f 2591/2591 2593/2593 2594/2594
f 2591/2591 613/613 2593/2593
f 613/613 2595/2595 2593/2593
f 2596/2596 2593/2593 2595/2595
f 2596/2596 2594/2594 2593/2593
f 1540/1540 2595/2595 613/613
f 2596/2596 2597/2597 2594/2594
f 2595/2595 2598/2598 2596/2596
f 2598/2598 2597/2597 2596/2596
f 2597/2597 2598/2598 2599/2599
f 1411/1411 2600/2600 770/770
f 2600/2600 1411/1411 1413/1413
f 2600/2600 1413/1413 2601/2601
f 2601/2601 1413/1413 2602/2602
f 1723/1723 770/770 2600/2600
f 2602/2602 2603/2603 2601/2601
f 2601/2601 2604/2604 2600/2600
f 2605/2605 2601/2601 2603/2603
f 960/960 2584/2584 1001/1001
f 2592/2592 2591/2591 2606/2606
f 960/960 2592/2592 2584/2584
f 2592/2592 2606/2606 2584/2584
f 2607/2607 2584/2584 2606/2606
f 2594/2594 2606/2606 2591/2591
f 2584/2584 2607/2607 2608/2608
f 2608/2608 2585/2585 2584/2584
f 1440/1440 1442/1442 2609/2609
f 2609/2609 1441/1441 1440/1440
f 2610/2610 1463/1463 1008/1008
f 1462/1462 998/998 1008/1008
f 1462/1462 1008/1008 1463/1463
f 2611/2611 1008/1008 1007/1007
f 2611/2611 1007/1007 2590/2590
f 2612/2612 1008/1008 2611/2611
f 2610/2610 1008/1008 2612/2612
f 1460/1460 1463/1463 2613/2613
f 1472/1472 1460/1460 2614/2614
f 2615/2615 2612/2612 2611/2611
f 2614/2614 2616/2616 2617/2617
f 2613/2613 1463/1463 2610/2610
f 2612/2612 2613/2613 2610/2610
f 2613/2613 2612/2612 2616/2616
f 2614/2614 1460/1460 2613/2613
f 2614/2614 2613/2613 2616/2616
f 2587/2587 2618/2618 2589/2589
f 2588/2588 2589/2589 2619/2619
f 2619/2619 1004/1004 2588/2588
f 2590/2590 2620/2620 2621/2621
f 2622/2622 2590/2590 2621/2621
f 2620/2620 2590/2590 1004/1004
f 2611/2611 2590/2590 2622/2622
f 2615/2615 2611/2611 2622/2622
f 2616/2616 2612/2612 2615/2615
f 2616/2616 2615/2615 2623/2623
f 2617/2617 2616/2616 2623/2623
f 2623/2623 2615/2615 2622/2622
f 2623/2623 2622/2622 2624/2624
f 2625/2625 2623/2623 2624/2624
f 1442/1442 1439/1439 1475/1475
f 1442/1442 1475/1475 2609/2609
f 2626/2626 2609/2609 1475/1475
f 1475/1475 1476/1476 1477/1477
f 2626/2626 1475/1475 1477/1477
f 1477/1477 1466/1466 1479/1479
f 1472/1472 2614/2614 2627/2627
f 2617/2617 2627/2627 2614/2614
f 2627/2627 2628/2628 1472/1472
f 1473/1473 1472/1472 2628/2628
f 1478/1478 1477/1477 1479/1479
f 2629/2629 2630/2630 2631/2631
f 2629/2629 1473/1473 2632/2632
f 1473/1473 2629/2629 1478/1478
f 2632/2632 2628/2628 2633/2633
f 2629/2629 2631/2631 1477/1477
f 1478/1478 2629/2629 1477/1477
f 2623/2623 2625/2625 2617/2617
f 2634/2634 2627/2627 2617/2617
f 2634/2634 2617/2617 2625/2625
f 2628/2628 2627/2627 2634/2634
f 2634/2634 2625/2625 2635/2635
f 2635/2635 2625/2625 2636/2636
f 2636/2636 2625/2625 2624/2624
f 2636/2636 2637/2637 2635/2635
f 2628/2628 2634/2634 2637/2637
f 2634/2634 2635/2635 2637/2637
f 2632/2632 1473/1473 2628/2628
f 2606/2606 2638/2638 2607/2607
f 2594/2594 2638/2638 2606/2606
f 2608/2608 2607/2607 2638/2638
f 2639/2639 2608/2608 2638/2638
f 2597/2597 2638/2638 2594/2594
f 2608/2608 2587/2587 2585/2585
f 2640/2640 2587/2587 2608/2608
f 2640/2640 2618/2618 2587/2587
f 2608/2608 2639/2639 2640/2640
f 2641/2641 2640/2640 2639/2639
f 2618/2618 2640/2640 2641/2641
f 2597/2597 2599/2599 2638/2638
f 2639/2639 2638/2638 2642/2642
f 2619/2619 2589/2589 2618/2618
f 1004/1004 2619/2619 2620/2620
f 2643/2643 2620/2620 2619/2619
f 2620/2620 2643/2643 2644/2644
f 2618/2618 2645/2645 2646/2646
f 2646/2646 2619/2619 2618/2618
f 2621/2621 2647/2647 2622/2622
f 2624/2624 2622/2622 2647/2647
f 2644/2644 2621/2621 2620/2620
f 2644/2644 2647/2647 2621/2621
f 2636/2636 2624/2624 2647/2647
f 2643/2643 2619/2619 2646/2646
f 2643/2643 2646/2646 2645/2645
f 2643/2643 2648/2648 2644/2644
f 2647/2647 2644/2644 2648/2648
f 2649/2649 2643/2643 2645/2645
f 2643/2643 2649/2649 2650/2650
f 2651/2651 2636/2636 2647/2647
f 2651/2651 2652/2652 2636/2636
f 2633/2633 2637/2637 2653/2653
f 2630/2630 2629/2629 2654/2654
f 2654/2654 2632/2632 2633/2633
f 2632/2632 2654/2654 2629/2629
f 2655/2655 2630/2630 2654/2654
f 2656/2656 2654/2654 2633/2633
f 2637/2637 2636/2636 2652/2652
f 2653/2653 2637/2637 2652/2652
f 2628/2628 2637/2637 2633/2633
f 2650/2650 2648/2648 2643/2643
f 2647/2647 2648/2648 2657/2657
f 2651/2651 2647/2647 2657/2657
f 2658/2658 2633/2633 2653/2653
f 2653/2653 2659/2659 2658/2658
f 2653/2653 2652/2652 2660/2660
f 2659/2659 2653/2653 2660/2660
f 2651/2651 2660/2660 2652/2652
f 2602/2602 1413/1413 1441/1441
f 2661/2661 1441/1441 2609/2609
f 2631/2631 2626/2626 1477/1477
f 2630/2630 2626/2626 2631/2631
f 2602/2602 1441/1441 2661/2661
f 2662/2662 2602/2602 2661/2661
f 2662/2662 2603/2603 2602/2602
f 2626/2626 2661/2661 2609/2609
f 2663/2663 2626/2626 2630/2630
f 2661/2661 2626/2626 2664/2664
f 2662/2662 2661/2661 2664/2664
f 2664/2664 2626/2626 2663/2663
f 2663/2663 2630/2630 2665/2665
f 2663/2663 2666/2666 2664/2664
f 2666/2666 2662/2662 2664/2664
f 2666/2666 2603/2603 2662/2662
f 2667/2667 2663/2663 2665/2665
f 2668/2668 2666/2666 2663/2663
f 2669/2669 2668/2668 2663/2663
f 2670/2670 2667/2667 2671/2671
f 2663/2663 2667/2667 2670/2670
f 2670/2670 2671/2671 2672/2672
f 2663/2663 2670/2670 2669/2669
f 2665/2665 2630/2630 2655/2655
f 2665/2665 2655/2655 2673/2673
f 2665/2665 2673/2673 2674/2674
f 2654/2654 2656/2656 2673/2673
f 2675/2675 2673/2673 2656/2656
f 2633/2633 2675/2675 2656/2656
f 2673/2673 2655/2655 2654/2654
f 2667/2667 2665/2665 2674/2674
f 2676/2676 2674/2674 2673/2673
f 2677/2677 2667/2667 2674/2674
f 2677/2677 2674/2674 2676/2676
f 2677/2677 2676/2676 2675/2675
f 2658/2658 2675/2675 2633/2633
f 2675/2675 2676/2676 2673/2673
f 2671/2671 2667/2667 2677/2677
f 2678/2678 2675/2675 2658/2658
f 2677/2677 2675/2675 2678/2678
f 2658/2658 2659/2659 2679/2679
f 2672/2672 2671/2671 2677/2677
f 2680/2680 2672/2672 2677/2677
f 1540/1540 2598/2598 2595/2595
f 1540/1540 2681/2681 2598/2598
f 2642/2642 2599/2599 2682/2682
f 2599/2599 2598/2598 2682/2682
f 2682/2682 2598/2598 2683/2683
f 2684/2684 2682/2682 2683/2683
f 2684/2684 2685/2685 2682/2682
f 2686/2686 2685/2685 2684/2684
f 2687/2687 2685/2685 2686/2686
f 2683/2683 2598/2598 2681/2681
f 1540/1540 2686/2686 2681/2681
f 2681/2681 2686/2686 2683/2683
f 2686/2686 2684/2684 2683/2683
f 2604/2604 2601/2601 2605/2605
f 2688/2688 2689/2689 2605/2605
f 1540/1540 1539/1539 2690/2690
f 2300/2300 2690/2690 1539/1539
f 1540/1540 2690/2690 2686/2686
f 2690/2690 2691/2691 2686/2686
f 2691/2691 2687/2687 2686/2686
f 2691/2691 2690/2690 2692/2692
f 2693/2693 2687/2687 2691/2691
f 2694/2694 2693/2693 2691/2691
f 2691/2691 2692/2692 2694/2694
f 2645/2645 2618/2618 2695/2695
f 2695/2695 2649/2649 2645/2645
f 2599/2599 2642/2642 2638/2638
f 2641/2641 2639/2639 2642/2642
f 2641/2641 2642/2642 2696/2696
f 2642/2642 2697/2697 2696/2696
f 2696/2696 2618/2618 2641/2641
f 2618/2618 2696/2696 2695/2695
f 2698/2698 2649/2649 2695/2695
f 2699/2699 2700/2700 2649/2649
f 2650/2650 2700/2700 2701/2701
f 2700/2700 2699/2699 2701/2701
f 2702/2702 2696/2696 2697/2697
f 2682/2682 2703/2703 2642/2642
f 2685/2685 2703/2703 2682/2682
f 2697/2697 2642/2642 2703/2703
f 2697/2697 2703/2703 2702/2702
f 2698/2698 2695/2695 2696/2696
f 2698/2698 2696/2696 2702/2702
f 2698/2698 2704/2704 2649/2649
f 2649/2649 2704/2704 2699/2699
f 2698/2698 2702/2702 2705/2705
f 2698/2698 2705/2705 2704/2704
f 2706/2706 2701/2701 2699/2699
f 2707/2707 2701/2701 2706/2706
f 2650/2650 2649/2649 2700/2700
f 2648/2648 2650/2650 2701/2701
f 2708/2708 2648/2648 2701/2701
f 2651/2651 2657/2657 2709/2709
f 2651/2651 2709/2709 2660/2660
f 2657/2657 2648/2648 2708/2708
f 2709/2709 2657/2657 2708/2708
f 2707/2707 2708/2708 2701/2701
f 2709/2709 2708/2708 2707/2707
f 2685/2685 2687/2687 2703/2703
f 2703/2703 2687/2687 2702/2702
f 2710/2710 2705/2705 2702/2702
f 2711/2711 2705/2705 2710/2710
f 2712/2712 2704/2704 2705/2705
f 2699/2699 2704/2704 2712/2712
f 2712/2712 2705/2705 2711/2711
f 2603/2603 2666/2666 2668/2668
f 2672/2672 2713/2713 2670/2670
f 2670/2670 2713/2713 2669/2669
f 2713/2713 2672/2672 2680/2680
f 2707/2707 2714/2714 2709/2709
f 2680/2680 2715/2715 2716/2716
f 2715/2715 2658/2658 2717/2717
f 2718/2718 2717/2717 2719/2719
f 2720/2720 2717/2717 2718/2718
f 2715/2715 2717/2717 2720/2720
f 2718/2718 2719/2719 2721/2721
f 2722/2722 2603/2603 2668/2668
f 2722/2722 2668/2668 2723/2723
f 2723/2723 2668/2668 2669/2669
f 2669/2669 2713/2713 2723/2723
f 2603/2603 2688/2688 2605/2605
f 2688/2688 2603/2603 2722/2722
f 2722/2722 2724/2724 2688/2688
f 2725/2725 2724/2724 2722/2722
f 2726/2726 2727/2727 2723/2723
f 2713/2713 2726/2726 2723/2723
f 2728/2728 2727/2727 2726/2726
f 2723/2723 2727/2727 2722/2722
f 2722/2722 2727/2727 2725/2725
f 2728/2728 2725/2725 2727/2727
f 2726/2726 2713/2713 2680/2680
f 2716/2716 2726/2726 2680/2680
f 2729/2729 2728/2728 2716/2716
f 2716/2716 2728/2728 2726/2726
f 2728/2728 2730/2730 2725/2725
f 2731/2731 2725/2725 2730/2730
f 2729/2729 2716/2716 2720/2720
f 2729/2729 2720/2720 2730/2730
f 2732/2732 2730/2730 2720/2720
f 2730/2730 2728/2728 2729/2729
f 2715/2715 2720/2720 2716/2716
f 2718/2718 2732/2732 2720/2720
f 2732/2732 2731/2731 2730/2730
f 2660/2660 2709/2709 2733/2733
f 2679/2679 2660/2660 2733/2733
f 2660/2660 2679/2679 2659/2659
f 2733/2733 2734/2734 2679/2679
f 2678/2678 2680/2680 2677/2677
f 2678/2678 2715/2715 2680/2680
f 2658/2658 2715/2715 2678/2678
f 2658/2658 2679/2679 2734/2734
f 2733/2733 2709/2709 2714/2714
f 2733/2733 2735/2735 2734/2734
f 2735/2735 2733/2733 2714/2714
f 2734/2734 2717/2717 2658/2658
f 2719/2719 2734/2734 2735/2735
f 2734/2734 2719/2719 2717/2717
f 2736/2736 2735/2735 2714/2714
f 2737/2737 2735/2735 2736/2736
f 2737/2737 2721/2721 2735/2735
f 2735/2735 2721/2721 2719/2719
f 2736/2736 2714/2714 2707/2707
f 2736/2736 2707/2707 2738/2738
f 2693/2693 2702/2702 2687/2687
f 2702/2702 2693/2693 2710/2710
f 2739/2739 2710/2710 2693/2693
f 2694/2694 2739/2739 2693/2693
f 2710/2710 2739/2739 2740/2740
f 2740/2740 2711/2711 2710/2710
f 2699/2699 2711/2711 2741/2741
f 2712/2712 2711/2711 2699/2699
f 2742/2742 2707/2707 2706/2706
f 2738/2738 2707/2707 2742/2742
f 2738/2738 2742/2742 2743/2743
f 2689/2689 2688/2688 2744/2744
f 2724/2724 2744/2744 2688/2688
f 2745/2745 2724/2724 2725/2725
f 2745/2745 2746/2746 2724/2724
f 2745/2745 2725/2725 2731/2731
f 2737/2737 2718/2718 2721/2721
f 2737/2737 2747/2747 2718/2718
f 2732/2732 2718/2718 2747/2747
f 2748/2748 2731/2731 2749/2749
f 2736/2736 2738/2738 2737/2737
f 2737/2737 2738/2738 2750/2750
f 2747/2747 2737/2737 2750/2750
f 2749/2749 2732/2732 2747/2747
f 2732/2732 2749/2749 2731/2731
f 2748/2748 2745/2745 2731/2731
f 2746/2746 2745/2745 2748/2748
f 2747/2747 2750/2750 2751/2751
f 2750/2750 2738/2738 2743/2743
f 2743/2743 2742/2742 2752/2752
f 2750/2750 2743/2743 2751/2751
f 2753/2753 2746/2746 2748/2748
f 2753/2753 2748/2748 2749/2749
f 2754/2754 2751/2751 2743/2743
f 2747/2747 2751/2751 2754/2754
f 2600/2600 2604/2604 1723/1723
f 2604/2604 2014/2014 1723/1723
f 2014/2014 2604/2604 2755/2755
f 2605/2605 2755/2755 2604/2604
f 2756/2756 2757/2757 2758/2758
f 2756/2756 2755/2755 2757/2757
f 2021/2021 2014/2014 2755/2755
f 2016/2016 2021/2021 2759/2759
f 2755/2755 2756/2756 2021/2021
f 2756/2756 2759/2759 2021/2021
f 2017/2017 2019/2019 2760/2760
f 2760/2760 2029/2029 2017/2017
f 2758/2758 2759/2759 2756/2756
f 2759/2759 2758/2758 2016/2016
f 2755/2755 2605/2605 2689/2689
f 2689/2689 2744/2744 2755/2755
f 2757/2757 2755/2755 2761/2761
f 2761/2761 2758/2758 2757/2757
f 2016/2016 2758/2758 2761/2761
f 2762/2762 2761/2761 2755/2755
f 2762/2762 2755/2755 2763/2763
f 2755/2755 2744/2744 2763/2763
f 2763/2763 2744/2744 2724/2724
f 2724/2724 2746/2746 2764/2764
f 2300/2300 2765/2765 2690/2690
f 2300/2300 2766/2766 2765/2765
f 2692/2692 2690/2690 2765/2765
f 2767/2767 2694/2694 2692/2692
f 2694/2694 2767/2767 2739/2739
f 2692/2692 2765/2765 2767/2767
f 2765/2765 2768/2768 2767/2767
f 2739/2739 2767/2767 2769/2769
f 2739/2739 2769/2769 2770/2770
f 2767/2767 2768/2768 2769/2769
f 2769/2769 2771/2771 2770/2770
f 2765/2765 2772/2772 2768/2768
f 2766/2766 2773/2773 2765/2765
f 2774/2774 2773/2773 2766/2766
f 2773/2773 2775/2775 2776/2776
f 2773/2773 2774/2774 2775/2775
f 2775/2775 2774/2774 2777/2777
f 2773/2773 2772/2772 2765/2765
f 2778/2778 2772/2772 2773/2773
f 2778/2778 2773/2773 2776/2776
f 2779/2779 2768/2768 2772/2772
f 2768/2768 2779/2779 2769/2769
f 2780/2780 2771/2771 2769/2769
f 2780/2780 2769/2769 2779/2779
f 2772/2772 2781/2781 2779/2779
f 2781/2781 2780/2780 2779/2779
f 2782/2782 2771/2771 2780/2780
f 2783/2783 2771/2771 2782/2782
f 2776/2776 2775/2775 2784/2784
f 2778/2778 2776/2776 2784/2784
f 2778/2778 2784/2784 2785/2785
f 2786/2786 2772/2772 2778/2778
f 2778/2778 2785/2785 2786/2786
f 2784/2784 2775/2775 2787/2787
f 2784/2784 2787/2787 2785/2785
f 2772/2772 2786/2786 2788/2788
f 2777/2777 2785/2785 2787/2787
f 2787/2787 2775/2775 2777/2777
f 2786/2786 2785/2785 2777/2777
f 2786/2786 2789/2789 2788/2788
f 2786/2786 2777/2777 2789/2789
f 2790/2790 2788/2788 2789/2789
f 2791/2791 2788/2788 2790/2790
f 2781/2781 2772/2772 2788/2788
f 2781/2781 2788/2788 2780/2780
f 2780/2780 2788/2788 2791/2791
f 2780/2780 2792/2792 2782/2782
f 2792/2792 2780/2780 2791/2791
f 2793/2793 2792/2792 2791/2791
f 2794/2794 2792/2792 2793/2793
f 2795/2795 2796/2796 2797/2797
f 2792/2792 2794/2794 2782/2782
f 2796/2796 2782/2782 2794/2794
f 2798/2798 2797/2797 2794/2794
f 2794/2794 2797/2797 2796/2796
f 2795/2795 2797/2797 2799/2799
f 2741/2741 2711/2711 2740/2740
f 2800/2800 2699/2699 2741/2741
f 2800/2800 2706/2706 2699/2699
f 2801/2801 2742/2742 2706/2706
f 2770/2770 2740/2740 2739/2739
f 2740/2740 2770/2770 2741/2741
f 2802/2802 2742/2742 2801/2801
f 2741/2741 2770/2770 2771/2771
f 2803/2803 2741/2741 2771/2771
f 2803/2803 2800/2800 2741/2741
f 2802/2802 2801/2801 2804/2804
f 2805/2805 2752/2752 2802/2802
f 2805/2805 2802/2802 2804/2804
f 2806/2806 2752/2752 2805/2805
f 2754/2754 2807/2807 2747/2747
f 2808/2808 2807/2807 2754/2754
f 2752/2752 2742/2742 2802/2802
f 2754/2754 2743/2743 2752/2752
f 2747/2747 2809/2809 2749/2749
f 2754/2754 2752/2752 2806/2806
f 2810/2810 2804/2804 2801/2801
f 2811/2811 2706/2706 2800/2800
f 2800/2800 2803/2803 2811/2811
f 2801/2801 2706/2706 2811/2811
f 2811/2811 2812/2812 2801/2801
f 2801/2801 2812/2812 2810/2810
f 2806/2806 2805/2805 2804/2804
f 2810/2810 2806/2806 2804/2804
f 2806/2806 2810/2810 2812/2812
f 2803/2803 2771/2771 2783/2783
f 2811/2811 2803/2803 2783/2783
f 2783/2783 2782/2782 2796/2796
f 2811/2811 2783/2783 2796/2796
f 2813/2813 2812/2812 2814/2814
f 2814/2814 2812/2812 2811/2811
f 2814/2814 2811/2811 2796/2796
f 2813/2813 2814/2814 2815/2815
f 2814/2814 2795/2795 2815/2815
f 2814/2814 2796/2796 2795/2795
f 2791/2791 2790/2790 2816/2816
f 2817/2817 2790/2790 2789/2789
f 2817/2817 2816/2816 2790/2790
f 2793/2793 2791/2791 2816/2816
f 2793/2793 2798/2798 2794/2794
f 2818/2818 2029/2029 2760/2760
f 2313/2313 2029/2029 2349/2349
f 2016/2016 2761/2761 2762/2762
f 2819/2819 2016/2016 2762/2762
f 2020/2020 2016/2016 2819/2819
f 2820/2820 2821/2821 2763/2763
f 2822/2822 2763/2763 2724/2724
f 2822/2822 2724/2724 2823/2823
f 2763/2763 2822/2822 2820/2820
f 2824/2824 2820/2820 2822/2822
f 2821/2821 2762/2762 2763/2763
f 2819/2819 2762/2762 2821/2821
f 2020/2020 2819/2819 2825/2825
f 2825/2825 2019/2019 2020/2020
f 2819/2819 2821/2821 2820/2820
f 2820/2820 2824/2824 2819/2819
f 2824/2824 2825/2825 2819/2819
f 2823/2823 2824/2824 2822/2822
f 2826/2826 2825/2825 2824/2824
f 2826/2826 2019/2019 2825/2825
f 2827/2827 2818/2818 2828/2828
f 2827/2827 2829/2829 2818/2818
f 2760/2760 2830/2830 2818/2818
f 2818/2818 2830/2830 2831/2831
f 2818/2818 2831/2831 2828/2828
f 2760/2760 2019/2019 2832/2832
f 2830/2830 2760/2760 2832/2832
f 2833/2833 2834/2834 2831/2831
f 2834/2834 2828/2828 2831/2831
f 2835/2835 2828/2828 2834/2834
f 2827/2827 2828/2828 2835/2835
f 2836/2836 2835/2835 2834/2834
f 2837/2837 2836/2836 2834/2834
f 2830/2830 2833/2833 2831/2831
f 2833/2833 2837/2837 2834/2834
f 2837/2837 2833/2833 2838/2838
f 2837/2837 2838/2838 2836/2836
f 2838/2838 2833/2833 2830/2830
f 2839/2839 2838/2838 2830/2830
f 2386/2386 2766/2766 2300/2300
f 2774/2774 2766/2766 2386/2386
f 2386/2386 2387/2387 2392/2392
f 2392/2392 2774/2774 2386/2386
f 2774/2774 2392/2392 2840/2840
f 2391/2391 2840/2840 2392/2392
f 2391/2391 2393/2393 2841/2841
f 2393/2393 2395/2395 2842/2842
f 2842/2842 2843/2843 2393/2393
f 2393/2393 2843/2843 2841/2841
f 2774/2774 2840/2840 2844/2844
f 2391/2391 2845/2845 2840/2840
f 2391/2391 2841/2841 2846/2846
f 2846/2846 2845/2845 2391/2391
f 2845/2845 2844/2844 2840/2840
f 2777/2777 2774/2774 2847/2847
f 2848/2848 2846/2846 2841/2841
f 2842/2842 2395/2395 2432/2432
f 2437/2437 2849/2849 2434/2434
f 2437/2437 2436/2436 2850/2850
f 2850/2850 2436/2436 2438/2438
f 2851/2851 2827/2827 2835/2835
f 2829/2829 2827/2827 2851/2851
f 2851/2851 2836/2836 2838/2838
f 2836/2836 2851/2851 2835/2835
f 2852/2852 2853/2853 2838/2838
f 2853/2853 2851/2851 2838/2838
f 2777/2777 2847/2847 2789/2789
f 2854/2854 2795/2795 2799/2799
f 2855/2855 2799/2799 2856/2856
f 2857/2857 2858/2858 2859/2859
f 2829/2829 2029/2029 2818/2818
f 2860/2860 2861/2861 2829/2829
f 2829/2829 2861/2861 2029/2029
f 2860/2860 2829/2829 2851/2851
f 2851/2851 2853/2853 2862/2862
f 2863/2863 2861/2861 2860/2860
f 2863/2863 2860/2860 2851/2851
f 2863/2863 2851/2851 2864/2864
f 2861/2861 2863/2863 2864/2864
f 2029/2029 2861/2861 2349/2349
f 2861/2861 2865/2865 2349/2349
f 2861/2861 2864/2864 2865/2865
f 2864/2864 2851/2851 2862/2862
f 2866/2866 2862/2862 2853/2853
f 2867/2867 2864/2864 2862/2862
f 2868/2868 2862/2862 2866/2866
f 2859/2859 2862/2862 2868/2868
f 2580/2580 2582/2582 2869/2869
f 2438/2438 2580/2580 2869/2869
f 2823/2823 2724/2724 2764/2764
f 2823/2823 2764/2764 2870/2870
f 2753/2753 2764/2764 2746/2746
f 2749/2749 2809/2809 2753/2753
f 2753/2753 2809/2809 2871/2871
f 2871/2871 2764/2764 2753/2753
f 2871/2871 2870/2870 2764/2764
f 2824/2824 2823/2823 2826/2826
f 2826/2826 2823/2823 2870/2870
f 2870/2870 2872/2872 2826/2826
f 2747/2747 2807/2807 2809/2809
f 2809/2809 2807/2807 2873/2873
f 2874/2874 2809/2809 2873/2873
f 2871/2871 2809/2809 2874/2874
f 2874/2874 2873/2873 2875/2875
f 2873/2873 2807/2807 2808/2808
f 2875/2875 2873/2873 2808/2808
f 2870/2870 2871/2871 2874/2874
f 2872/2872 2870/2870 2874/2874
f 2876/2876 2872/2872 2875/2875
f 2872/2872 2874/2874 2875/2875
f 2877/2877 2832/2832 2019/2019
f 2826/2826 2878/2878 2877/2877
f 2878/2878 2832/2832 2877/2877
f 2879/2879 2830/2830 2832/2832
f 2830/2830 2879/2879 2839/2839
f 2879/2879 2832/2832 2880/2880
f 2832/2832 2878/2878 2880/2880
f 2808/2808 2881/2881 2882/2882
f 2808/2808 2754/2754 2883/2883
f 2883/2883 2754/2754 2806/2806
f 2882/2882 2876/2876 2875/2875
f 2882/2882 2875/2875 2808/2808
f 2826/2826 2872/2872 2876/2876
f 2882/2882 2878/2878 2876/2876
f 2878/2878 2826/2826 2876/2876
f 2881/2881 2880/2880 2882/2882
f 2880/2880 2881/2881 2879/2879
f 2880/2880 2878/2878 2882/2882
f 2839/2839 2879/2879 2881/2881
f 2808/2808 2839/2839 2881/2881
f 2883/2883 2806/2806 2884/2884
f 2883/2883 2839/2839 2808/2808
f 2885/2885 2839/2839 2883/2883
f 2019/2019 2826/2826 2877/2877
f 2884/2884 2806/2806 2812/2812
f 2884/2884 2812/2812 2813/2813
f 2883/2883 2884/2884 2886/2886
f 2887/2887 2885/2885 2883/2883
f 2883/2883 2886/2886 2887/2887
f 2887/2887 2886/2886 2888/2888
f 2884/2884 2813/2813 2815/2815
f 2889/2889 2890/2890 2888/2888
f 2890/2890 2889/2889 2815/2815
f 2886/2886 2884/2884 2889/2889
f 2815/2815 2889/2889 2884/2884
f 2888/2888 2886/2886 2889/2889
f 2839/2839 2891/2891 2838/2838
f 2885/2885 2891/2891 2839/2839
f 2887/2887 2891/2891 2885/2885
f 2892/2892 2891/2891 2887/2887
f 2888/2888 2892/2892 2887/2887
f 2891/2891 2892/2892 2852/2852
f 2888/2888 2893/2893 2892/2892
f 2890/2890 2893/2893 2888/2888
f 2893/2893 2852/2852 2892/2892
f 2838/2838 2891/2891 2852/2852
f 2890/2890 2815/2815 2894/2894
f 2795/2795 2894/2894 2815/2815
f 2895/2895 2795/2795 2855/2855
f 2894/2894 2795/2795 2895/2895
f 2855/2855 2795/2795 2854/2854
f 2895/2895 2855/2855 2896/2896
f 2855/2855 2854/2854 2799/2799
f 2893/2893 2890/2890 2894/2894
f 2897/2897 2893/2893 2894/2894
f 2852/2852 2893/2893 2898/2898
f 2898/2898 2893/2893 2897/2897
f 2897/2897 2894/2894 2895/2895
f 2898/2898 2853/2853 2852/2852
f 2866/2866 2853/2853 2898/2898
f 2897/2897 2899/2899 2900/2900
f 2898/2898 2897/2897 2900/2900
f 2899/2899 2895/2895 2857/2857
f 2868/2868 2899/2899 2857/2857
f 2900/2900 2899/2899 2868/2868
f 2900/2900 2866/2866 2898/2898
f 2895/2895 2899/2899 2897/2897
f 2857/2857 2895/2895 2896/2896
f 2900/2900 2868/2868 2866/2866
f 2858/2858 2857/2857 2896/2896
f 2857/2857 2859/2859 2868/2868
f 2843/2843 2848/2848 2841/2841
f 2843/2843 2902/2902 2848/2848
f 2902/2902 2843/2843 2432/2432
f 2901/2901 2433/2433 2903/2903
f 2904/2904 2846/2846 2848/2848
f 2904/2904 2906/2906 2846/2846
f 2844/2844 2845/2845 2847/2847
f 2847/2847 2774/2774 2844/2844
f 2906/2906 2847/2847 2845/2845
f 2845/2845 2846/2846 2906/2906
f 2908/2908 2910/2910 2847/2847
f 2906/2906 2908/2908 2847/2847
f 2908/2908 2911/2911 2910/2910
f 2904/2904 2848/2848 2902/2902
f 2905/2905 2901/2901 2913/2913
f 2914/2914 2905/2905 2913/2913
f 2903/2903 2913/2913 2901/2901
f 2905/2905 2914/2914 2907/2907
f 2915/2915 2913/2913 2903/2903
f 2914/2914 2909/2909 2907/2907
f 2916/2916 2909/2909 2914/2914
f 2912/2912 2909/2909 2916/2916
f 2915/2915 2914/2914 2913/2913
f 2915/2915 2916/2916 2914/2914
f 2917/2917 2916/2916 2918/2918
f 2918/2918 2916/2916 2915/2915
f 2919/2919 2918/2918 2915/2915
f 2917/2917 2918/2918 2919/2919
f 2432/2432 2843/2843 2842/2842
f 2849/2849 2433/2433 2434/2434
f 2920/2920 2903/2903 2849/2849
f 2903/2903 2433/2433 2849/2849
f 2850/2850 2849/2849 2437/2437
f 2850/2850 2920/2920 2849/2849
f 2850/2850 2438/2438 2920/2920
f 2903/2903 2920/2920 2921/2921
f 2438/2438 2921/2921 2920/2920
f 2922/2922 2919/2919 2921/2921
f 2921/2921 2915/2915 2903/2903
f 2915/2915 2921/2921 2919/2919
f 2438/2438 2922/2922 2921/2921
f 2865/2865 2582/2582 2349/2349
f 2869/2869 2922/2922 2438/2438
f 2789/2789 2847/2847 2910/2910
f 2789/2789 2910/2910 2817/2817
f 2911/2911 2924/2924 2910/2910
f 2912/2912 2925/2925 2923/2923
f 2817/2817 2910/2910 2924/2924
f 2926/2926 2817/2817 2924/2924
f 2925/2925 2928/2928 2923/2923
f 2928/2928 2927/2927 2923/2923
f 2929/2929 2927/2927 2928/2928
f 2925/2925 2912/2912 2916/2916
f 2930/2930 2928/2928 2925/2925
f 2917/2917 2930/2930 2925/2925
f 2916/2916 2917/2917 2925/2925
f 2917/2917 2931/2931 2930/2930
f 2928/2928 2930/2930 2929/2929
f 2932/2932 2929/2929 2930/2930
f 2932/2932 2931/2931 2933/2933
f 2935/2935 2932/2932 2936/2936
f 2932/2932 2930/2930 2931/2931
f 2817/2817 2937/2937 2816/2816
f 2793/2793 2816/2816 2937/2937
f 2793/2793 2937/2937 2938/2938
f 2939/2939 2938/2938 2937/2937
f 2938/2938 2798/2798 2793/2793
f 2941/2941 2938/2938 2939/2939
f 2943/2943 2941/2941 2939/2939
f 2934/2934 2944/2944 2943/2943
f 2945/2945 2797/2797 2798/2798
f 2799/2799 2797/2797 2945/2945
f 2856/2856 2799/2799 2945/2945
f 2945/2945 2798/2798 2941/2941
f 2938/2938 2941/2941 2798/2798
f 2941/2941 2946/2946 2945/2945
f 2945/2945 2946/2946 2856/2856
f 2855/2855 2856/2856 2946/2946
f 2944/2944 2946/2946 2941/2941
f 2944/2944 2941/2941 2943/2943
f 2817/2817 2926/2926 2937/2937
f 2939/2939 2937/2937 2926/2926
f 2940/2940 2927/2927 2929/2929
f 2942/2942 2940/2940 2929/2929
f 2942/2942 2929/2929 2947/2947
f 2948/2948 2949/2949 2934/2934
f 2951/2951 2948/2948 2934/2934
f 2952/2952 2948/2948 2951/2951
f 2953/2953 2952/2952 2951/2951
f 2950/2950 2935/2935 2955/2955
f 2956/2956 2957/2957 2958/2958
f 2855/2855 2946/2946 2896/2896
f 2958/2958 2946/2946 2944/2944
f 2946/2946 2957/2957 2896/2896
f 2946/2946 2958/2958 2957/2957
f 2958/2958 2944/2944 2949/2949
f 2949/2949 2944/2944 2934/2934
f 2949/2949 2948/2948 2956/2956
f 2949/2949 2956/2956 2958/2958
f 2952/2952 2956/2956 2948/2948
f 2952/2952 2959/2959 2956/2956
f 2952/2952 2953/2953 2960/2960
f 2952/2952 2960/2960 2959/2959
f 2961/2961 2959/2959 2960/2960
f 2858/2858 2896/2896 2957/2957
f 2962/2962 2858/2858 2957/2957
f 2959/2959 2957/2957 2956/2956
f 2962/2962 2957/2957 2959/2959
f 2858/2858 2962/2962 2961/2961
f 2961/2961 2962/2962 2959/2959
f 2935/2935 2942/2942 2947/2947
f 2932/2932 2947/2947 2929/2929
f 2932/2932 2935/2935 2947/2947
f 2936/2936 2955/2955 2935/2935
f 2917/2917 2919/2919 2963/2963
f 2963/2963 2931/2931 2917/2917
f 2963/2963 2964/2964 2931/2931
f 2965/2965 2963/2963 2919/2919
f 2965/2965 2919/2919 2922/2922
f 2965/2965 2964/2964 2963/2963
f 2964/2964 2965/2965 2966/2966
f 2933/2933 2931/2931 2964/2964
f 2933/2933 2936/2936 2932/2932
f 2967/2967 2955/2955 2936/2936
f 2968/2968 2955/2955 2967/2967
f 2969/2969 2968/2968 2967/2967
f 2967/2967 2936/2936 2933/2933
f 2970/2970 2968/2968 2971/2971
f 2969/2969 2967/2967 2933/2933
f 2972/2972 2969/2969 2933/2933
f 2933/2933 2964/2964 2972/2972
f 2972/2972 2964/2964 2966/2966
f 2973/2973 2972/2972 2966/2966
f 2974/2974 2968/2968 2969/2969
f 2969/2969 2972/2972 2974/2974
f 2974/2974 2971/2971 2968/2968
f 2972/2972 2975/2975 2974/2974
f 2975/2975 2972/2972 2973/2973
f 2976/2976 2975/2975 2973/2973
f 2869/2869 2582/2582 2977/2977
f 2977/2977 2582/2582 2865/2865
f 2922/2922 2869/2869 2977/2977
f 2978/2978 2977/2977 2865/2865
f 2979/2979 2865/2865 2864/2864
f 2978/2978 2865/2865 2979/2979
f 2978/2978 2979/2979 2976/2976
f 2977/2977 2965/2965 2922/2922
f 2978/2978 2966/2966 2977/2977
f 2965/2965 2977/2977 2966/2966
f 2978/2978 2973/2973 2966/2966
f 2973/2973 2978/2978 2976/2976
f 2970/2970 2955/2955 2968/2968
f 2955/2955 2970/2970 2954/2954
f 2970/2970 2980/2980 2954/2954
f 2954/2954 2980/2980 2982/2982
f 2954/2954 2950/2950 2955/2955
f 2953/2953 2981/2981 2960/2960
f 2982/2982 2980/2980 2983/2983
f 2984/2984 2960/2960 2981/2981
f 2982/2982 2983/2983 2984/2984
f 2867/2867 2979/2979 2864/2864
f 2867/2867 2862/2862 2985/2985
f 2986/2986 2983/2983 2975/2975
f 2986/2986 2984/2984 2983/2983
f 2984/2984 2986/2986 2985/2985
f 2985/2985 2976/2976 2867/2867
f 2985/2985 2986/2986 2976/2976
f 2961/2961 2859/2859 2858/2858
f 2859/2859 2987/2987 2862/2862
f 2987/2987 2859/2859 2961/2961
f 2960/2960 2984/2984 2961/2961
f 2987/2987 2961/2961 2984/2984
f 2987/2987 2984/2984 2985/2985
f 2862/2862 2987/2987 2985/2985
f 2971/2971 2980/2980 2970/2970
f 2980/2980 2971/2971 2974/2974
f 2980/2980 2974/2974 2983/2983
f 2975/2975 2983/2983 2974/2974
f 2976/2976 2986/2986 2975/2975
f 2976/2976 2979/2979 2867/2867
f 2988/2988 2989/2989 2990/2990
f 2991/2991 2994/2994 2995/2995
f 2991/2991 2995/2995 2996/2996
f 2997/2997 2998/2998 2989/2989
f 2988/2988 2997/2997 2989/2989
f 2999/2999 2998/2998 2997/2997
f 3000/3000 2997/2997 2988/2988
f 3001/3001 2999/2999 2997/2997
f 3003/3003 3000/3000 2988/2988
f 3000/3000 3001/3001 2997/2997
f 2989/2989 2998/2998 282/282
f 2990/2990 2992/2992 2988/2988
f 2992/2992 3005/3005 2988/2988
f 3004/3004 2991/2991 2996/2996
f 3006/3006 3004/3004 2996/2996
f 3007/3007 3008/3008 2996/2996
f 2996/2996 3008/3008 3006/3006
f 3009/3009 3008/3008 3007/3007
f 3004/3004 3010/3010 3002/3002
f 3010/3010 3004/3004 3006/3006
f 3003/3003 2988/2988 3005/3005
f 3011/3011 3010/3010 3006/3006
f 3011/3011 3006/3006 3008/3008
f 3008/3008 3009/3009 3012/3012
f 3000/3000 3013/3013 3014/3014
f 3015/3015 3000/3000 3003/3003
f 3000/3000 3014/3014 3001/3001
f 3017/3017 2999/2999 3001/3001
f 3017/3017 3001/3001 3014/3014
f 3018/3018 3000/3000 3015/3015
f 3000/3000 3018/3018 3013/3013
f 3019/3019 3016/3016 3021/3021
f 3020/3020 3018/3018 3015/3015
f 3022/3022 3013/3013 3018/3018
f 3023/3023 3013/3013 3022/3022
f 3024/3024 3017/3017 3013/3013
f 3025/3025 3017/3017 3024/3024
f 3026/3026 3024/3024 3013/3013
f 3017/3017 3014/3014 3013/3013
f 3027/3027 3002/3002 3010/3010
f 3027/3027 3010/3010 3011/3011
f 3016/3016 3002/3002 3027/3027
f 3027/3027 3021/3021 3016/3016
f 3021/3021 3027/3027 3011/3011
f 3028/3028 3011/3011 3008/3008
f 3029/3029 3008/3008 3012/3012
f 3029/3029 3028/3028 3008/3008
f 3011/3011 3028/3028 3021/3021
f 3030/3030 3021/3021 3028/3028
f 3029/3029 3031/3031 3028/3028
f 3032/3032 3031/3031 3029/3029
f 3030/3030 3028/3028 3031/3031
f 3033/3033 3031/3031 3032/3032
f 3032/3032 3012/3012 3034/3034
f 3032/3032 3029/3029 3012/3012
f 3022/3022 3035/3035 3023/3023
f 3019/3019 3021/3021 3030/3030
f 3030/3030 3036/3036 3019/3019
f 3022/3022 3018/3018 3020/3020
f 3036/3036 3030/3030 3037/3037
f 3035/3035 3020/3020 3039/3039
f 3038/3038 3019/3019 3036/3036
f 3040/3040 3038/3038 3036/3036
f 3035/3035 3022/3022 3020/3020
f 3040/3040 3041/3041 3038/3038
f 3040/3040 3036/3036 3037/3037
f 3026/3026 3013/3013 3023/3023
f 3026/3026 3023/3023 3043/3043
f 3044/3044 3024/3024 3026/3026
f 3045/3045 3043/3043 3023/3023
f 3026/3026 3043/3043 3044/3044
f 3045/3045 3023/3023 3035/3035
f 3046/3046 3035/3035 3047/3047
f 3048/3048 3046/3046 3047/3047
f 3035/3035 3039/3039 3047/3047
f 3047/3047 3039/3039 3042/3042
f 3033/3033 3040/3040 3037/3037
f 3032/3032 3049/3049 3033/3033
f 3050/3050 3040/3040 3033/3033
f 3050/3050 3041/3041 3040/3040
f 3047/3047 3042/3042 3051/3051
f 3052/3052 3043/3043 3045/3045
f 3035/3035 3046/3046 3045/3045
f 3046/3046 3052/3052 3045/3045
f 3048/3048 3047/3047 3051/3051
f 3053/3053 3052/3052 3046/3046
f 3052/3052 3054/3054 3043/3043
f 3049/3049 3050/3050 3033/3033
f 3055/3055 3051/3051 3042/3042
f 3055/3055 3050/3050 3049/3049
f 3050/3050 3055/3055 3041/3041
f 3030/3030 3031/3031 3037/3037
f 3033/3033 3037/3037 3031/3031
f 3056/3056 279/279 3057/3057
f 3057/3057 3058/3058 3059/3059
f 3060/3060 3061/3061 3044/3044
f 3060/3060 3044/3044 3054/3054
f 3062/3062 3060/3060 3054/3054
f 3054/3054 3063/3063 3062/3062
f 3064/3064 3061/3061 3060/3060
f 3061/3061 3059/3059 3058/3058
f 3065/3065 3061/3061 3064/3064
f 3061/3061 3065/3065 3066/3066
f 3066/3066 3059/3059 3061/3061
f 3056/3056 3057/3057 3059/3059
f 3056/3056 3059/3059 3067/3067
f 3068/3068 3067/3067 3059/3059
f 286/286 3069/3069 301/301
f 3070/3070 282/282 2998/2998
f 297/297 282/282 3070/3070
f 3070/3070 3069/3069 297/297
f 3071/3071 3069/3069 3070/3070
f 295/295 296/296 2990/2990
f 2990/2990 296/296 2993/2993
f 2993/2993 296/296 287/287
f 2993/2993 287/287 289/289
f 3072/3072 288/288 298/298
f 299/299 3072/3072 298/298
f 2995/2995 288/288 3072/3072
f 2995/2995 2994/2994 288/288
f 3069/3069 286/286 297/297
f 3073/3073 3072/3072 299/299
f 3073/3073 299/299 302/302
f 282/282 295/295 2989/2989
f 2989/2989 295/295 2990/2990
f 2992/2992 2990/2990 2993/2993
f 3073/3073 3009/3009 3072/3072
f 2996/2996 2995/2995 3007/3007
f 3007/3007 2995/2995 3072/3072
f 3072/3072 3009/3009 3007/3007
f 3073/3073 302/302 3034/3034
f 301/301 3069/3069 3074/3074
f 3069/3069 3071/3071 3074/3074
f 300/300 301/301 3074/3074
f 3034/3034 302/302 311/311
f 3071/3071 3070/3070 2998/2998
f 2999/2999 3071/3071 2998/2998
f 3075/3075 3074/3074 3071/3071
f 3075/3075 3071/3071 2999/2999
f 3074/3074 3075/3075 3058/3058
f 3073/3073 3034/3034 3012/3012
f 3012/3012 3009/3009 3073/3073
f 300/300 3074/3074 3057/3057
f 311/311 3076/3076 3034/3034
f 3034/3034 3076/3076 3077/3077
f 321/321 322/322 311/311
f 322/322 317/317 311/311
f 311/311 317/317 3076/3076
f 3057/3057 279/279 300/300
f 3078/3078 317/317 774/774
f 3076/3076 317/317 3079/3079
f 317/317 3078/3078 3079/3079
f 3017/3017 3025/3025 3075/3075
f 2999/2999 3017/3017 3075/3075
f 3075/3075 3025/3025 3058/3058
f 3032/3032 3034/3034 3077/3077
f 3032/3032 3077/3077 3080/3080
f 3057/3057 3074/3074 3058/3058
f 3076/3076 3081/3081 3077/3077
f 3082/3082 3077/3077 3081/3081
f 3044/3044 3025/3025 3024/3024
f 3061/3061 3025/3025 3044/3044
f 3080/3080 3083/3083 3032/3032
f 3061/3061 3058/3058 3025/3025
f 3083/3083 3080/3080 3077/3077
f 3083/3083 3077/3077 3082/3082
f 3054/3054 3044/3044 3043/3043
f 3054/3054 3052/3052 3063/3063
f 3083/3083 3049/3049 3032/3032
f 3049/3049 3083/3083 3084/3084
f 3084/3084 3083/3083 3082/3082
f 3081/3081 3085/3085 3082/3082
f 3076/3076 3079/3079 3081/3081
f 3079/3079 3078/3078 3085/3085
f 3078/3078 3086/3086 3085/3085
f 3085/3085 3081/3081 3079/3079
f 3087/3087 3085/3085 3086/3086
f 3088/3088 3046/3046 3048/3048
f 3089/3089 3088/3088 3048/3048
f 3051/3051 3089/3089 3048/3048
f 3051/3051 3090/3090 3089/3089
f 3053/3053 3046/3046 3088/3088
f 3052/3052 3053/3053 3063/3063
f 3089/3089 3091/3091 3088/3088
f 3089/3089 3090/3090 3091/3091
f 3091/3091 3090/3090 3092/3092
f 3090/3090 3051/3051 3055/3055
f 3049/3049 3093/3093 3055/3055
f 3090/3090 3055/3055 3093/3093
f 3093/3093 3092/3092 3090/3090
f 3094/3094 3062/3062 3063/3063
f 3095/3095 3094/3094 3063/3063
f 3096/3096 3094/3094 3095/3095
f 3096/3096 3095/3095 3097/3097
f 3060/3060 3062/3062 3064/3064
f 3064/3064 3062/3062 3094/3094
f 3065/3065 3064/3064 3098/3098
f 3098/3098 3064/3064 3094/3094
f 3099/3099 3094/3094 3096/3096
f 3099/3099 3098/3098 3094/3094
f 3096/3096 3097/3097 3100/3100
f 3101/3101 3100/3100 3097/3097
f 3098/3098 3102/3102 3065/3065
f 3099/3099 3102/3102 3098/3098
f 3096/3096 3100/3100 3099/3099
f 3065/3065 3102/3102 3103/3103
f 3100/3100 3104/3104 3099/3099
f 3104/3104 3102/3102 3099/3099
f 3065/3065 3068/3068 3066/3066
f 3103/3103 3068/3068 3065/3065
f 3068/3068 3059/3059 3066/3066
f 3104/3104 3105/3105 3102/3102
f 3102/3102 3105/3105 3103/3103
f 3106/3106 3107/3107 3108/3108
f 3109/3109 3103/3103 3105/3105
f 3068/3068 3103/3103 3109/3109
f 3110/3110 3111/3111 3112/3112
f 3110/3110 3113/3113 3108/3108
f 3108/3108 3113/3113 3114/3114
f 3115/3115 3110/3110 3112/3112
f 3113/3113 3110/3110 3115/3115
f 3116/3116 3056/3056 3067/3067
f 3068/3068 3109/3109 3117/3117
f 3116/3116 3067/3067 3068/3068
f 3117/3117 3116/3116 3068/3068
f 3118/3118 3119/3119 3112/3112
f 3112/3112 3119/3119 3087/3087
f 3120/3120 3112/3112 3087/3087
f 3121/3121 3104/3104 3100/3100
f 3101/3101 3121/3121 3100/3100
f 3101/3101 3122/3122 3121/3121
f 3108/3108 3114/3114 3106/3106
f 3114/3114 3120/3120 3106/3106
f 3114/3114 3113/3113 3115/3115
f 3120/3120 3114/3114 3115/3115
f 3123/3123 3122/3122 3101/3101
f 3124/3124 3106/3106 3120/3120
f 3125/3125 3117/3117 3109/3109
f 3126/3126 3117/3117 3125/3125
f 3105/3105 3126/3126 3125/3125
f 3127/3127 3126/3126 3105/3105
f 3128/3128 3129/3129 3127/3127
f 3129/3129 3126/3126 3127/3127
f 3109/3109 3105/3105 3125/3125
f 3105/3105 3104/3104 3127/3127
f 3121/3121 3127/3127 3104/3104
f 3128/3128 3127/3127 3121/3121
f 3120/3120 3115/3115 3112/3112
f 3122/3122 3123/3123 3124/3124
f 3121/3121 3130/3130 3128/3128
f 3130/3130 3121/3121 3122/3122
f 3053/3053 3095/3095 3063/3063
f 3088/3088 3095/3095 3053/3053
f 3095/3095 3088/3088 3097/3097
f 3097/3097 3088/3088 3091/3091
f 3097/3097 3091/3091 3131/3131
f 3131/3131 3091/3091 3092/3092
f 3132/3132 3131/3131 3092/3092
f 3093/3093 3049/3049 3084/3084
f 3092/3092 3093/3093 3132/3132
f 3132/3132 3093/3093 3084/3084
f 3131/3131 3101/3101 3097/3097
f 3131/3131 3132/3132 3123/3123
f 3123/3123 3101/3101 3131/3131
f 3124/3124 3132/3132 3084/3084
f 3123/3123 3132/3132 3124/3124
f 3106/3106 3084/3084 3082/3082
f 3124/3124 3084/3084 3106/3106
f 3119/3119 3082/3082 3085/3085
f 3119/3119 3085/3085 3087/3087
f 3082/3082 3119/3119 3133/3133
f 3133/3133 3119/3119 3118/3118
f 3107/3107 3082/3082 3133/3133
f 3107/3107 3106/3106 3082/3082
f 3133/3133 3111/3111 3107/3107
f 3108/3108 3107/3107 3111/3111
f 3133/3133 3118/3118 3111/3111
f 3111/3111 3118/3118 3112/3112
f 3111/3111 3110/3110 3108/3108
f 3056/3056 786/786 279/279
f 3134/3134 786/786 3056/3056
f 3135/3135 3134/3134 3056/3056
f 783/783 3078/3078 774/774
f 785/785 3078/3078 783/783
f 3078/3078 785/785 3136/3136
f 3086/3086 3078/3078 3136/3136
f 3136/3136 785/785 787/787
f 787/787 3137/3137 3136/3136
f 3086/3086 3136/3136 3137/3137
f 3086/3086 3137/3137 3087/3087
f 802/802 800/800 801/801
f 805/805 803/803 802/802
f 802/802 801/801 3134/3134
f 3134/3134 801/801 786/786
f 802/802 3134/3134 3138/3138
f 787/787 856/856 3139/3139
f 787/787 3139/3139 3140/3140
f 3141/3141 3142/3142 802/802
f 802/802 1686/1686 805/805
f 1686/1686 807/807 805/805
f 3142/3142 1686/1686 802/802
f 1686/1686 806/806 807/807
f 802/802 3138/3138 3141/3141
f 3134/3134 3143/3143 3138/3138
f 3141/3141 3138/3138 3143/3143
f 3141/3141 1686/1686 3142/3142
f 3144/3144 3134/3134 3135/3135
f 3137/3137 787/787 3140/3140
f 3145/3145 3146/3146 3144/3144
f 3144/3144 3143/3143 3134/3134
f 3143/3143 1686/1686 3141/3141
f 1686/1686 3143/3143 3146/3146
f 3144/3144 3146/3146 3143/3143
f 3140/3140 3139/3139 3147/3147
f 3148/3148 3140/3140 3149/3149
f 3140/3140 3150/3150 3149/3149
f 3151/3151 3150/3150 3140/3140
f 787/787 784/784 856/856
f 3139/3139 856/856 858/858
f 3056/3056 3116/3116 3152/3152
f 3153/3153 3152/3152 3116/3116
f 3154/3154 3152/3152 3153/3153
f 3137/3137 3155/3155 3087/3087
f 3117/3117 3126/3126 3156/3156
f 3157/3157 3116/3116 3117/3117
f 3158/3158 3157/3157 3117/3117
f 3156/3156 3158/3158 3117/3117
f 3159/3159 3126/3126 3129/3129
f 3126/3126 3159/3159 3156/3156
f 3129/3129 3160/3160 3159/3159
f 3160/3160 3129/3129 3128/3128
f 3161/3161 3158/3158 3156/3156
f 3161/3161 3156/3156 3159/3159
f 3162/3162 3159/3159 3160/3160
f 3162/3162 3161/3161 3159/3159
f 3163/3163 3087/3087 3155/3155
f 3122/3122 3124/3124 3164/3164
f 3130/3130 3122/3122 3164/3164
f 3120/3120 3163/3163 3124/3124
f 3164/3164 3124/3124 3163/3163
f 3120/3120 3087/3087 3163/3163
f 3158/3158 3165/3165 3157/3157
f 3157/3157 3153/3153 3116/3116
f 3153/3153 3157/3157 3165/3165
f 3153/3153 3165/3165 3166/3166
f 3166/3166 3165/3165 3167/3167
f 3165/3165 3168/3168 3167/3167
f 3169/3169 3166/3166 3167/3167
f 3170/3170 3166/3166 3169/3169
f 3153/3153 3166/3166 3154/3154
f 3170/3170 3154/3154 3166/3166
f 3170/3170 3171/3171 3154/3154
f 3158/3158 3172/3172 3165/3165
f 3168/3168 3165/3165 3172/3172
f 3161/3161 3172/3172 3158/3158
f 3172/3172 3161/3161 3162/3162
f 3168/3168 3169/3169 3167/3167
f 3170/3170 3169/3169 3173/3173
f 3174/3174 3171/3171 3170/3170
f 3170/3170 3173/3173 3174/3174
f 3173/3173 3175/3175 3174/3174
f 3176/3176 3169/3169 3168/3168
f 3176/3176 3168/3168 3172/3172
f 3177/3177 3178/3178 3175/3175
f 3176/3176 3173/3173 3169/3169
f 3177/3177 3175/3175 3173/3173
f 3176/3176 3177/3177 3173/3173
f 3179/3179 3180/3180 3181/3181
f 3182/3182 3152/3152 3180/3180
f 3183/3183 3182/3182 3180/3180
f 3152/3152 3135/3135 3056/3056
f 3171/3171 3152/3152 3154/3154
f 3171/3171 3184/3184 3152/3152
f 3185/3185 3152/3152 3184/3184
f 3174/3174 3184/3184 3171/3171
f 3175/3175 3184/3184 3174/3174
f 3178/3178 3185/3185 3184/3184
f 3184/3184 3175/3175 3178/3178
f 3186/3186 3185/3185 3178/3178
f 3181/3181 3185/3185 3186/3186
f 3155/3155 3187/3187 3163/3163
f 3180/3180 3152/3152 3185/3185
f 3181/3181 3180/3180 3185/3185
f 3135/3135 3152/3152 3182/3182
f 3155/3155 3137/3137 3188/3188
f 3189/3189 3155/3155 3188/3188
f 3162/3162 3160/3160 3128/3128
f 3190/3190 3162/3162 3191/3191
f 3190/3190 3172/3172 3162/3162
f 3191/3191 3162/3162 3128/3128
f 3192/3192 3128/3128 3130/3130
f 3172/3172 3190/3190 3176/3176
f 3186/3186 3177/3177 3176/3176
f 3190/3190 3186/3186 3176/3176
f 3186/3186 3178/3178 3177/3177
f 3128/3128 3192/3192 3191/3191
f 3164/3164 3163/3163 3193/3193
f 3193/3193 3163/3163 3187/3187
f 3181/3181 3194/3194 3179/3179
f 3195/3195 3179/3179 3194/3194
f 3179/3179 3183/3183 3180/3180
f 3196/3196 3183/3183 3179/3179
f 3183/3183 3196/3196 3197/3197
f 3198/3198 3182/3182 3183/3183
f 3197/3197 3198/3198 3183/3183
f 3195/3195 3196/3196 3179/3179
f 3199/3199 3196/3196 3195/3195
f 3195/3195 3200/3200 3199/3199
f 3197/3197 3196/3196 3199/3199
f 3194/3194 3181/3181 3186/3186
f 3190/3190 3194/3194 3186/3186
f 3201/3201 3194/3194 3190/3190
f 3201/3201 3190/3190 3191/3191
f 3192/3192 3201/3201 3191/3191
f 3194/3194 3201/3201 3195/3195
f 3202/3202 3192/3192 3130/3130
f 3202/3202 3130/3130 3164/3164
f 3200/3200 3195/3195 3201/3201
f 3200/3200 3201/3201 3192/3192
f 3203/3203 3202/3202 3164/3164
f 3204/3204 3202/3202 3203/3203
f 3193/3193 3203/3203 3164/3164
f 3203/3203 3193/3193 3187/3187
f 3187/3187 3155/3155 3189/3189
f 3205/3205 3189/3189 3206/3206
f 3207/3207 3205/3205 3206/3206
f 3208/3208 3205/3205 3207/3207
f 3209/3209 3210/3210 3211/3211
f 3209/3209 3206/3206 3210/3210
f 3206/3206 3209/3209 3207/3207
f 3208/3208 3207/3207 3211/3211
f 3207/3207 3209/3209 3211/3211
f 3206/3206 3189/3189 3188/3188
f 3188/3188 3212/3212 3206/3206
f 3213/3213 3187/3187 3189/3189
f 3205/3205 3213/3213 3189/3189
f 3203/3203 3187/3187 3213/3213
f 3204/3204 3203/3203 3213/3213
f 3205/3205 3208/3208 3213/3213
f 3213/3213 3208/3208 3214/3214
f 3211/3211 3215/3215 3216/3216
f 3215/3215 3211/3211 3217/3217
f 3208/3208 3211/3211 3216/3216
f 3214/3214 3208/3208 3216/3216
f 3216/3216 3215/3215 3214/3214
f 3213/3213 3218/3218 3204/3204
f 3218/3218 3213/3213 3219/3219
f 3215/3215 3219/3219 3214/3214
f 3213/3213 3214/3214 3219/3219
f 3145/3145 3144/3144 3182/3182
f 3182/3182 3220/3220 3145/3145
f 3182/3182 3144/3144 3135/3135
f 3221/3221 3137/3137 3222/3222
f 3223/3223 3145/3145 3220/3220
f 3140/3140 3148/3148 3137/3137
f 3222/3222 3137/3137 3148/3148
f 3224/3224 3222/3222 3148/3148
f 3224/3224 3148/3148 3149/3149
f 3149/3149 3150/3150 3224/3224
f 3198/3198 3220/3220 3182/3182
f 3198/3198 3197/3197 3225/3225
f 3226/3226 3227/3227 3198/3198
f 3225/3225 3228/3228 3198/3198
f 3198/3198 3228/3228 3226/3226
f 3227/3227 3220/3220 3198/3198
f 3229/3229 3220/3220 3227/3227
f 3226/3226 3230/3230 3227/3227
f 3230/3230 3229/3229 3227/3227
f 3231/3231 3220/3220 3229/3229
f 3231/3231 3232/3232 3220/3220
f 3230/3230 3233/3233 3229/3229
f 3234/3234 3233/3233 3230/3230
f 3235/3235 3229/3229 3233/3233
f 3235/3235 3231/3231 3229/3229
f 3236/3236 3235/3235 3233/3233
f 3197/3197 3199/3199 3225/3225
f 3202/3202 3204/3204 3237/3237
f 3238/3238 3228/3228 3225/3225
f 3238/3238 3225/3225 3199/3199
f 3238/3238 3199/3199 3200/3200
f 3237/3237 3218/3218 3239/3239
f 3240/3240 3192/3192 3202/3202
f 3240/3240 3202/3202 3237/3237
f 3241/3241 3242/3242 3243/3243
f 3242/3242 3244/3244 3245/3245
f 3246/3246 3244/3244 3242/3242
f 3246/3246 3242/3242 3241/3241
f 3200/3200 3241/3241 3238/3238
f 3247/3247 3241/3241 3200/3200
f 3243/3243 3230/3230 3226/3226
f 3226/3226 3228/3228 3243/3243
f 3238/3238 3243/3243 3228/3228
f 3236/3236 3233/3233 3234/3234
f 3248/3248 3236/3236 3234/3234
f 3234/3234 3230/3230 3243/3243
f 3248/3248 3234/3234 3243/3243
f 3245/3245 3249/3249 3235/3235
f 3236/3236 3245/3245 3235/3235
f 3236/3236 3248/3248 3245/3245
f 3248/3248 3243/3243 3242/3242
f 3243/3243 3238/3238 3241/3241
f 3242/3242 3245/3245 3248/3248
f 3192/3192 3250/3250 3200/3200
f 3192/3192 3240/3240 3250/3250
f 3212/3212 3210/3210 3206/3206
f 3188/3188 3221/3221 3212/3212
f 3210/3210 3251/3251 3211/3211
f 3221/3221 3210/3210 3212/3212
f 3221/3221 3252/3252 3210/3210
f 3251/3251 3210/3210 3252/3252
f 3253/3253 3251/3251 3252/3252
f 3253/3253 3252/3252 3254/3254
f 3221/3221 3254/3254 3252/3252
f 3188/3188 3137/3137 3221/3221
f 3254/3254 3221/3221 3222/3222
f 3217/3217 3211/3211 3251/3251
f 3255/3255 3251/3251 3253/3253
f 3215/3215 3217/3217 3256/3256
f 3256/3256 3217/3217 3251/3251
f 3256/3256 3251/3251 3255/3255
f 3256/3256 3255/3255 3257/3257
f 3255/3255 3253/3253 3254/3254
f 3257/3257 3255/3255 3254/3254
f 3215/3215 3256/3256 3219/3219
f 3256/3256 3257/3257 3219/3219
f 3257/3257 3254/3254 3239/3239
f 3254/3254 3222/3222 3239/3239
f 3257/3257 3218/3218 3219/3219
f 3204/3204 3218/3218 3237/3237
f 3239/3239 3218/3218 3257/3257
f 3258/3258 3259/3259 3223/3223
f 3258/3258 3249/3249 3259/3259
f 3260/3260 3223/3223 3259/3259
f 3261/3261 3260/3260 3259/3259
f 3223/3223 3220/3220 3232/3232
f 3258/3258 3223/3223 3232/3232
f 3232/3232 3231/3231 3258/3258
f 3258/3258 3231/3231 3235/3235
f 3249/3249 3258/3258 3235/3235
f 3262/3262 3259/3259 3249/3249
f 3262/3262 3245/3245 3244/3244
f 3262/3262 3261/3261 3259/3259
f 3263/3263 3260/3260 3261/3261
f 3246/3246 3262/3262 3244/3244
f 3246/3246 3261/3261 3262/3262
f 3263/3263 3261/3261 3246/3246
f 3264/3264 3260/3260 3263/3263
f 3264/3264 3223/3223 3260/3260
f 3247/3247 3246/3246 3241/3241
f 3265/3265 3263/3263 3246/3246
f 3246/3246 3247/3247 3265/3265
f 3263/3263 3265/3265 3266/3266
f 3267/3267 3264/3264 3263/3263
f 3263/3263 3266/3266 3267/3267
f 3266/3266 3265/3265 3247/3247
f 3266/3266 3247/3247 3268/3268
f 3249/3249 3245/3245 3262/3262
f 3269/3269 3264/3264 3267/3267
f 3269/3269 3267/3267 3270/3270
f 3267/3267 3266/3266 3270/3270
f 3268/3268 3270/3270 3266/3266
f 3269/3269 3271/3271 3264/3264
f 3222/3222 3272/3272 3239/3239
f 3273/3273 3247/3247 3200/3200
f 3200/3200 3250/3250 3273/3273
f 3273/3273 3268/3268 3247/3247
f 3274/3274 3269/3269 3270/3270
f 3274/3274 3270/3270 3268/3268
f 3275/3275 3276/3276 3277/3277
f 3278/3278 3276/3276 3275/3275
f 3279/3279 3280/3280 3281/3281
f 3280/3280 3279/3279 3282/3282
f 3282/3282 3279/3279 3283/3283
f 3283/3283 3279/3279 3284/3284
f 3284/3284 3277/3277 3276/3276
f 3279/3279 3277/3277 3284/3284
f 3285/3285 3286/3286 3283/3283
f 3286/3286 3282/3282 3283/3283
f 3287/3287 3288/3288 3280/3280
f 3282/3282 3287/3287 3280/3280
f 3287/3287 3289/3289 3288/3288
f 3289/3289 3287/3287 3290/3290
f 3291/3291 3292/3292 3293/3293
f 3289/3289 3290/3290 3293/3293
f 3294/3294 3293/3293 3290/3290
f 3291/3291 3293/3293 3294/3294
f 3295/3295 3292/3292 3291/3291
f 3286/3286 3287/3287 3282/3282
f 3287/3287 3286/3286 3290/3290
f 3294/3294 3297/3297 3298/3298
f 3299/3299 3291/3291 3294/3294
f 3294/3294 3298/3298 3299/3299
f 3299/3299 3295/3295 3291/3291
f 3300/3300 3301/3301 3296/3296
f 3301/3301 3300/3300 3302/3302
f 3297/3297 3294/3294 3290/3290
f 3304/3304 3299/3299 3298/3298
f 3302/3302 3300/3300 3305/3305
f 3306/3306 3301/3301 3302/3302
f 3302/3302 3307/3307 3306/3306
f 3300/3300 3303/3303 3305/3305
f 3293/3293 3308/3308 3289/3289
f 3308/3308 3293/3293 3292/3292
f 3295/3295 3309/3309 3292/3292
f 3311/3311 3312/3312 1686/1686
f 3147/3147 3139/3139 858/858
f 3313/3313 1690/1690 1685/1685
f 1690/1690 1687/1687 1685/1685
f 3312/3312 1685/1685 1686/1686
f 3314/3314 3313/3313 1685/1685
f 3312/3312 3314/3314 1685/1685
f 858/858 1684/1684 3147/3147
f 1906/1906 1702/1702 3312/3312
f 3312/3312 1911/1911 1906/1906
f 1690/1690 3313/3313 3314/3314
f 1702/1702 1690/1690 3314/3314
f 3312/3312 1702/1702 3314/3314
f 3315/3315 1684/1684 1704/1704
f 3147/3147 1684/1684 3315/3315
f 3316/3316 3147/3147 3315/3315
f 3146/3146 3311/3311 1686/1686
f 3317/3317 3312/3312 3311/3311
f 3318/3318 3146/3146 3145/3145
f 3319/3319 3146/3146 3318/3318
f 3151/3151 3140/3140 3147/3147
f 3147/3147 3316/3316 3151/3151
f 3312/3312 3317/3317 3319/3319
f 3319/3319 3317/3317 3311/3311
f 3319/3319 1911/1911 3312/3312
f 3311/3311 3146/3146 3319/3319
f 3320/3320 3151/3151 3316/3316
f 3321/3321 3322/3322 1911/1911
f 1704/1704 1912/1912 3315/3315
f 3323/3323 3315/3315 1912/1912
f 1914/1914 3323/3323 1912/1912
f 3324/3324 3315/3315 3323/3323
f 3323/3323 3325/3325 3324/3324
f 3322/3322 1905/1905 1911/1911
f 3322/3322 3326/3326 1905/1905
f 3326/3326 1910/1910 1905/1905
f 3327/3327 1961/1961 1910/1910
f 3326/3326 3327/3327 1910/1910
f 3328/3328 3326/3326 3322/3322
f 3329/3329 3328/3328 3322/3322
f 1962/1962 1961/1961 1978/1978
f 3327/3327 1978/1978 1961/1961
f 3330/3330 1979/1979 1978/1978
f 3330/3330 1978/1978 3327/3327
f 3330/3330 3331/3331 1979/1979
f 3332/3332 1980/1980 1979/1979
f 1981/1981 1980/1980 3332/3332
f 3333/3333 1981/1981 3332/3332
f 3331/3331 3332/3332 1979/1979
f 3333/3333 3332/3332 3331/3331
f 3334/3334 3335/3335 3327/3327
f 3326/3326 3334/3334 3327/3327
f 3336/3336 3335/3335 3334/3334
f 3335/3335 3330/3330 3327/3327
f 3331/3331 3330/3330 3337/3337
f 3330/3330 3335/3335 3337/3337
f 3328/3328 3336/3336 3334/3334
f 3326/3326 3328/3328 3334/3334
f 3337/3337 3335/3335 3336/3336
f 3328/3328 3338/3338 3336/3336
f 3336/3336 3338/3338 3339/3339
f 3336/3336 3339/3339 3340/3340
f 3341/3341 3331/3331 3337/3337
f 3333/3333 3331/3331 3341/3341
f 3333/3333 3341/3341 3342/3342
f 3336/3336 3340/3340 3337/3337
f 3341/3341 3337/3337 3340/3340
f 3343/3343 1982/1982 1981/1981
f 2184/2184 1982/1982 3343/3343
f 3342/3342 1981/1981 3333/3333
f 3342/3342 3343/3343 1981/1981
f 3340/3340 3339/3339 3344/3344
f 3344/3344 3342/3342 3341/3341
f 3344/3344 3345/3345 3342/3342
f 3346/3346 3345/3345 3344/3344
f 3344/3344 3339/3339 3346/3346
f 3344/3344 3341/3341 3340/3340
f 3347/3347 2184/2184 3343/3343
f 3345/3345 3343/3343 3342/3342
f 3348/3348 3343/3343 3345/3345
f 3345/3345 3346/3346 3349/3349
f 3349/3349 3348/3348 3345/3345
f 3350/3350 3328/3328 3329/3329
f 3350/3350 3338/3338 3328/3328
f 3351/3351 3338/3338 3350/3350
f 3352/3352 3346/3346 3338/3338
f 3351/3351 3352/3352 3338/3338
f 3352/3352 3349/3349 3346/3346
f 3353/3353 3351/3351 3350/3350
f 3346/3346 3339/3339 3338/3338
f 3329/3329 3322/3322 3354/3354
f 3354/3354 3355/3355 3329/3329
f 3350/3350 3329/3329 3355/3355
f 3353/3353 3350/3350 3355/3355
f 3356/3356 3357/3357 3358/3358
f 3356/3356 3359/3359 3357/3357
f 3355/3355 3360/3360 3353/3353
f 3356/3356 3361/3361 3359/3359
f 1914/1914 1915/1915 3362/3362
f 3323/3323 1914/1914 3325/3325
f 3363/3363 3325/3325 1914/1914
f 1914/1914 3362/3362 3363/3363
f 3362/3362 1915/1915 3364/3364
f 3364/3364 1915/1915 1916/1916
f 1916/1916 1996/1996 3365/3365
f 3364/3364 3366/3366 3362/3362
f 3362/3362 3367/3367 3363/3363
f 3325/3325 3363/3363 3367/3367
f 3362/3362 3366/3366 3367/3367
f 3367/3367 3366/3366 3368/3368
f 3364/3364 3368/3368 3366/3366
f 3369/3369 3368/3368 3364/3364
f 3369/3369 3364/3364 3370/3370
f 3368/3368 3369/3369 3371/3371
f 3369/3369 3372/3372 3371/3371
f 3372/3372 3369/3369 3370/3370
f 3365/3365 1996/1996 3373/3373
f 2008/2008 3373/3373 1996/1996
f 3370/3370 3364/3364 1916/1916
f 3370/3370 1916/1916 3365/3365
f 3370/3370 3365/3365 3373/3373
f 3371/3371 3372/3372 3374/3374
f 2007/2007 3375/3375 2008/2008
f 2008/2008 3376/3376 3373/3373
f 3376/3376 2008/2008 3375/3375
f 3370/3370 3373/3373 3376/3376
f 3370/3370 3376/3376 3377/3377
f 3377/3377 3372/3372 3370/3370
f 3378/3378 3377/3377 3376/3376
f 3378/3378 3376/3376 3375/3375
f 3379/3379 3367/3367 3368/3368
f 3325/3325 3367/3367 3379/3379
f 3379/3379 3368/3368 3380/3380
f 3371/3371 3380/3380 3368/3368
f 3381/3381 3325/3325 3379/3379
f 3357/3357 3379/3379 3380/3380
f 3371/3371 3382/3382 3380/3380
f 3374/3374 3383/3383 3371/3371
f 3374/3374 3372/3372 3377/3377
f 3357/3357 3381/3381 3379/3379
f 3357/3357 3380/3380 3382/3382
f 3325/3325 3359/3359 3384/3384
f 3359/3359 3325/3325 3381/3381
f 3359/3359 3381/3381 3357/3357
f 3319/3319 3321/3321 1911/1911
f 3354/3354 3322/3322 3321/3321
f 3319/3319 3385/3385 3321/3321
f 3386/3386 3385/3385 3319/3319
f 3320/3320 3316/3316 3324/3324
f 3387/3387 3324/3324 3388/3388
f 3388/3388 3389/3389 3387/3387
f 3321/3321 3385/3385 3390/3390
f 3324/3324 3316/3316 3315/3315
f 3325/3325 3388/3388 3324/3324
f 3390/3390 3355/3355 3354/3354
f 3321/3321 3390/3390 3354/3354
f 3388/3388 3325/3325 3384/3384
f 3391/3391 3388/3388 3384/3384
f 3392/3392 3393/3393 3360/3360
f 3392/3392 3394/3394 3393/3393
f 3395/3395 3394/3394 3392/3392
f 3397/3397 3394/3394 3395/3395
f 3355/3355 3390/3390 3360/3360
f 3392/3392 3360/3360 3398/3398
f 3395/3395 3392/3392 3398/3398
f 3399/3399 3398/3398 3360/3360
f 3400/3400 3398/3398 3399/3399
f 3400/3400 3395/3395 3398/3398
f 3400/3400 3402/3402 3395/3395
f 3403/3403 3402/3402 3400/3400
f 3391/3391 3384/3384 3359/3359
f 3391/3391 3359/3359 3361/3361
f 3405/3405 3391/3391 3361/3361
f 3361/3361 3406/3406 3405/3405
f 3405/3405 3407/3407 3391/3391
f 3408/3408 3397/3397 3395/3395
f 3402/3402 3408/3408 3395/3395
f 3410/3410 3405/3405 3406/3406
f 3407/3407 3405/3405 3410/3410
f 3401/3401 3411/3411 3412/3412
f 3410/3410 3406/3406 3413/3413
f 3413/3413 3406/3406 3414/3414
f 3415/3415 3360/3360 3390/3390
f 3416/3416 3415/3415 3390/3390
f 3415/3415 3416/3416 3288/3288
f 3417/3417 3388/3388 3391/3391
f 3417/3417 3389/3389 3388/3388
f 3391/3391 3418/3418 3417/3417
f 3419/3419 3417/3417 3418/3418
f 3399/3399 3360/3360 3415/3415
f 3420/3420 3399/3399 3415/3415
f 3399/3399 3420/3420 3400/3400
f 3422/3422 3403/3403 3400/3400
f 3420/3420 3423/3423 3422/3422
f 3420/3420 3422/3422 3400/3400
f 3425/3425 3426/3426 3421/3421
f 3421/3421 3426/3426 3427/3427
f 3428/3428 3427/3427 3426/3426
f 3421/3421 3424/3424 3425/3425
f 3429/3429 3426/3426 3425/3425
f 3430/3430 3429/3429 3425/3425
f 3421/3421 3427/3427 3404/3404
f 3415/3415 3431/3431 3420/3420
f 3430/3430 3432/3432 3429/3429
f 3433/3433 3420/3420 3431/3431
f 3434/3434 3433/3433 3431/3431
f 3423/3423 3420/3420 3433/3433
f 3435/3435 3430/3430 3424/3424
f 3424/3424 3430/3430 3425/3425
f 3407/3407 3436/3436 3437/3437
f 3418/3418 3391/3391 3438/3438
f 3391/3391 3407/3407 3438/3438
f 3438/3438 3407/3407 3437/3437
f 3439/3439 3429/3429 3437/3437
f 3439/3439 3437/3437 3440/3440
f 3436/3436 3440/3440 3437/3437
f 3436/3436 3407/3407 3410/3410
f 3441/3441 3436/3436 3410/3410
f 3410/3410 3442/3442 3441/3441
f 3401/3401 3404/3404 3411/3411
f 3411/3411 3443/3443 3412/3412
f 3428/3428 3411/3411 3427/3427
f 3427/3427 3411/3411 3404/3404
f 3444/3444 3443/3443 3411/3411
f 3443/3443 3413/3413 3414/3414
f 3412/3412 3443/3443 3414/3414
f 3442/3442 3410/3410 3413/3413
f 3444/3444 3413/3413 3443/3443
f 3442/3442 3413/3413 3444/3444
f 3439/3439 3440/3440 3441/3441
f 3445/3445 3444/3444 3428/3428
f 3442/3442 3445/3445 3441/3441
f 3444/3444 3445/3445 3442/3442
f 3429/3429 3439/3439 3426/3426
f 3445/3445 3426/3426 3439/3439
f 3441/3441 3445/3445 3439/3439
f 3428/3428 3426/3426 3445/3445
f 3440/3440 3436/3436 3441/3441
f 3444/3444 3411/3411 3428/3428
f 3446/3446 3438/3438 3447/3447
f 3448/3448 3418/3418 3438/3438
f 3447/3447 3437/3437 3429/3429
f 3429/3429 3432/3432 3447/3447
f 3438/3438 3437/3437 3447/3447
f 3446/3446 3448/3448 3438/3438
f 3446/3446 3447/3447 3432/3432
f 3449/3449 3224/3224 3150/3150
f 3449/3449 3272/3272 3224/3224
f 3150/3150 3151/3151 3320/3320
f 3320/3320 3450/3450 3150/3150
f 3386/3386 3319/3319 3318/3318
f 3277/3277 3386/3386 3318/3318
f 3451/3451 3320/3320 3324/3324
f 3451/3451 3450/3450 3320/3320
f 3449/3449 3150/3150 3450/3450
f 3452/3452 3449/3449 3450/3450
f 3451/3451 3453/3453 3450/3450
f 3452/3452 3450/3450 3453/3453
f 3453/3453 3451/3451 3454/3454
f 3453/3453 3455/3455 3452/3452
f 3453/3453 3454/3454 3455/3455
f 3455/3455 3454/3454 3456/3456
f 3457/3457 3145/3145 3223/3223
f 3224/3224 3272/3272 3222/3222
f 3318/3318 3145/3145 3457/3457
f 3275/3275 3318/3318 3457/3457
f 3223/3223 3271/3271 3457/3457
f 3264/3264 3271/3271 3223/3223
f 3458/3458 3272/3272 3459/3459
f 3271/3271 3275/3275 3457/3457
f 3278/3278 3271/3271 3269/3269
f 3278/3278 3275/3275 3271/3271
f 3460/3460 3458/3458 3459/3459
f 3460/3460 3459/3459 3461/3461
f 3462/3462 3459/3459 3272/3272
f 3275/3275 3277/3277 3318/3318
f 3272/3272 3449/3449 3462/3462
f 3449/3449 3452/3452 3462/3462
f 3455/3455 3463/3463 3464/3464
f 3462/3462 3452/3452 3464/3464
f 3464/3464 3452/3452 3455/3455
f 3463/3463 3461/3461 3464/3464
f 3464/3464 3461/3461 3462/3462
f 3459/3459 3462/3462 3461/3461
f 3451/3451 3324/3324 3387/3387
f 3387/3387 3465/3465 3451/3451
f 3281/3281 3385/3385 3386/3386
f 3281/3281 3390/3390 3385/3385
f 3281/3281 3416/3416 3390/3390
f 3466/3466 3387/3387 3389/3389
f 3389/3389 3419/3419 3466/3466
f 3466/3466 3419/3419 3467/3467
f 3468/3468 3387/3387 3466/3466
f 3469/3469 3387/3387 3468/3468
f 3468/3468 3470/3470 3469/3469
f 3470/3470 3468/3468 3471/3471
f 3468/3468 3466/3466 3467/3467
f 3471/3471 3472/3472 3470/3470
f 3473/3473 3471/3471 3468/3468
f 3473/3473 3468/3468 3467/3467
f 3277/3277 3279/3279 3386/3386
f 3454/3454 3451/3451 3465/3465
f 3387/3387 3456/3456 3465/3465
f 3469/3469 3456/3456 3387/3387
f 3456/3456 3469/3469 3474/3474
f 3454/3454 3465/3465 3456/3456
f 3463/3463 3456/3456 3474/3474
f 3279/3279 3281/3281 3386/3386
f 3280/3280 3416/3416 3281/3281
f 3475/3475 3476/3476 3473/3473
f 3475/3475 3477/3477 3470/3470
f 3474/3474 3477/3477 3475/3475
f 3474/3474 3475/3475 3478/3478
f 3477/3477 3474/3474 3469/3469
f 3477/3477 3469/3469 3470/3470
f 3470/3470 3472/3472 3476/3476
f 3476/3476 3472/3472 3471/3471
f 3476/3476 3471/3471 3473/3473
f 3475/3475 3470/3470 3476/3476
f 3431/3431 3415/3415 3288/3288
f 3479/3479 3480/3480 3481/3481
f 3479/3479 3482/3482 3483/3483
f 3482/3482 3479/3479 3481/3481
f 3484/3484 3483/3483 3482/3482
f 3485/3485 3482/3482 3486/3486
f 3484/3484 3482/3482 3485/3485
f 3417/3417 3419/3419 3389/3389
f 3418/3418 3448/3448 3419/3419
f 3483/3483 3419/3419 3448/3448
f 3483/3483 3448/3448 3446/3446
f 3479/3479 3483/3483 3446/3446
f 3480/3480 3479/3479 3446/3446
f 3484/3484 3467/3467 3419/3419
f 3473/3473 3467/3467 3487/3487
f 3484/3484 3487/3487 3467/3467
f 3484/3484 3419/3419 3483/3483
f 3288/3288 3434/3434 3431/3431
f 3434/3434 3488/3488 3433/3433
f 3488/3488 3489/3489 3433/3433
f 3432/3432 3480/3480 3446/3446
f 3481/3481 3480/3480 3432/3432
f 3489/3489 3423/3423 3433/3433
f 3435/3435 3424/3424 3490/3490
f 3435/3435 3432/3432 3430/3430
f 3481/3481 3491/3491 3492/3492
f 3491/3491 3435/3435 3490/3490
f 3491/3491 3481/3481 3435/3435
f 3481/3481 3432/3432 3435/3435
f 3482/3482 3481/3481 3492/3492
f 3493/3493 3489/3489 3488/3488
f 3495/3495 3490/3490 3494/3494
f 3496/3496 3495/3495 3494/3494
f 3497/3497 3490/3490 3495/3495
f 3490/3490 3497/3497 3491/3491
f 3497/3497 3492/3492 3491/3491
f 3498/3498 3492/3492 3497/3497
f 3499/3499 3497/3497 3495/3495
f 3499/3499 3498/3498 3497/3497
f 3486/3486 3498/3498 3499/3499
f 3498/3498 3482/3482 3492/3492
f 3486/3486 3482/3482 3498/3498
f 3496/3496 3499/3499 3495/3495
f 3500/3500 3499/3499 3496/3496
f 3501/3501 3499/3499 3500/3500
f 3501/3501 3485/3485 3486/3486
f 3501/3501 3486/3486 3499/3499
f 3289/3289 3434/3434 3288/3288
f 3487/3487 3475/3475 3473/3473
f 3478/3478 3475/3475 3487/3487
f 3478/3478 3487/3487 3502/3502
f 3503/3503 3496/3496 3494/3494
f 3434/3434 3504/3504 3488/3488
f 3289/3289 3504/3504 3434/3434
f 3504/3504 3493/3493 3488/3488
f 3484/3484 3502/3502 3487/3487
f 3503/3503 3505/3505 3496/3496
f 3506/3506 3500/3500 3505/3505
f 3502/3502 3484/3484 3485/3485
f 3507/3507 3505/3505 3503/3503
f 3506/3506 3502/3502 3485/3485
f 3505/3505 3507/3507 3506/3506
f 3416/3416 3280/3280 3288/3288
f 3509/3509 3493/3493 3504/3504
f 3308/3308 3504/3504 3289/3289
f 3308/3308 3509/3509 3504/3504
f 3508/3508 3503/3503 3494/3494
f 3508/3508 3507/3507 3503/3503
f 3309/3309 3509/3509 3308/3308
f 3508/3508 3510/3510 3507/3507
f 3310/3310 3510/3510 3508/3508
f 3510/3510 3306/3306 3507/3507
f 3306/3306 3502/3502 3506/3506
f 3507/3507 3306/3306 3506/3506
f 3506/3506 3501/3501 3500/3500
f 3496/3496 3505/3505 3500/3500
f 3506/3506 3485/3485 3501/3501
f 3463/3463 3455/3455 3456/3456
f 3478/3478 3511/3511 3474/3474
f 3463/3463 3474/3474 3511/3511
f 3478/3478 3502/3502 3511/3511
f 3512/3512 3463/3463 3511/3511
f 3513/3513 3512/3512 3511/3511
f 3513/3513 3511/3511 3306/3306
f 3513/3513 3514/3514 3512/3512
f 3307/3307 3513/3513 3306/3306
f 3292/3292 3309/3309 3308/3308
f 3301/3301 3510/3510 3310/3310
f 3301/3301 3306/3306 3510/3510
f 3306/3306 3511/3511 3502/3502
f 3301/3301 3310/3310 3296/3296
f 2186/2186 2184/2184 3347/3347
f 3515/3515 2186/2186 3347/3347
f 3348/3348 3347/3347 3343/3343
f 2179/2179 2186/2186 3517/3517
f 3518/3518 2197/2197 2180/2180
f 3518/3518 2180/2180 3516/3516
f 2196/2196 2197/2197 3518/3518
f 3519/3519 2196/2196 3518/3518
f 3521/3521 2186/2186 3515/3515
f 2186/2186 3521/3521 3517/3517
f 3521/3521 3515/3515 3347/3347
f 3522/3522 3518/3518 3520/3520
f 3518/3518 3516/3516 3520/3520
f 3518/3518 3522/3522 3519/3519
f 3352/3352 3523/3523 3349/3349
f 3352/3352 3524/3524 3523/3523
f 3347/3347 3525/3525 3521/3521
f 3526/3526 3521/3521 3525/3525
f 3526/3526 3525/3525 3523/3523
f 3353/3353 3352/3352 3351/3351
f 3353/3353 3524/3524 3352/3352
f 3524/3524 3527/3527 3523/3523
f 3528/3528 3524/3524 3353/3353
f 3525/3525 3347/3347 3348/3348
f 3523/3523 3525/3525 3348/3348
f 3348/3348 3349/3349 3523/3523
f 3527/3527 3526/3526 3523/3523
f 3529/3529 3382/3382 3530/3530
f 3531/3531 3530/3530 3382/3382
f 3358/3358 3382/3382 3529/3529
f 3529/3529 3532/3532 3358/3358
f 3524/3524 3533/3533 3527/3527
f 3524/3524 3528/3528 3533/3533
f 3535/3535 3521/3521 3526/3526
f 3522/3522 3520/3520 3534/3534
f 3536/3536 3519/3519 3522/3522
f 3519/3519 3536/3536 3537/3537
f 3537/3537 3538/3538 3519/3519
f 3538/3538 3537/3537 3539/3539
f 3527/3527 3535/3535 3526/3526
f 3522/3522 3534/3534 3536/3536
f 3540/3540 3536/3536 3534/3534
f 3536/3536 3540/3540 3541/3541
f 3542/3542 3527/3527 3533/3533
f 3543/3543 3540/3540 3534/3534
f 3535/3535 3527/3527 3544/3544
f 3545/3545 3527/3527 3542/3542
f 3545/3545 3544/3544 3527/3527
f 3530/3530 3547/3547 3548/3548
f 3530/3530 3531/3531 3547/3547
f 3549/3549 3547/3547 3531/3531
f 3541/3541 3540/3540 3548/3548
f 3541/3541 3548/3548 3547/3547
f 3550/3550 3547/3547 3549/3549
f 3529/3529 3530/3530 3548/3548
f 3529/3529 3548/3548 3543/3543
f 3532/3532 3529/3529 3543/3543
f 3540/3540 3543/3543 3548/3548
f 3543/3543 3546/3546 3532/3532
f 3537/3537 3536/3536 3541/3541
f 3550/3550 3537/3537 3541/3541
f 3541/3541 3547/3547 3550/3550
f 2195/2195 3551/3551 2201/2201
f 2196/2196 3519/3519 2195/2195
f 3538/3538 2195/2195 3519/3519
f 3538/3538 3551/3551 2195/2195
f 3393/3393 3528/3528 3353/3353
f 3360/3360 3393/3393 3353/3353
f 3552/3552 3553/3553 3528/3528
f 3554/3554 3528/3528 3393/3393
f 3552/3552 3528/3528 3554/3554
f 3555/3555 3553/3553 3552/3552
f 3358/3358 3532/3532 3556/3556
f 3556/3556 3356/3356 3358/3358
f 3557/3557 3356/3356 3556/3556
f 3553/3553 3558/3558 3528/3528
f 3533/3533 3528/3528 3558/3558
f 3533/3533 3558/3558 3542/3542
f 3559/3559 3542/3542 3558/3558
f 3555/3555 3559/3559 3558/3558
f 3555/3555 3558/3558 3553/3553
f 3545/3545 3542/3542 3559/3559
f 3561/3561 3545/3545 3559/3559
f 3562/3562 3546/3546 3560/3560
f 3562/3562 3532/3532 3546/3546
f 3562/3562 3556/3556 3532/3532
f 3556/3556 3562/3562 3557/3557
f 3561/3561 3559/3559 3555/3555
f 3560/3560 3557/3557 3562/3562
f 3552/3552 3564/3564 3555/3555
f 3564/3564 3552/3552 3397/3397
f 3565/3565 3566/3566 3567/3567
f 3566/3566 3356/3356 3557/3557
f 3566/3566 3557/3557 3567/3567
f 3564/3564 3561/3561 3555/3555
f 3557/3557 3560/3560 3563/3563
f 3557/3557 3563/3563 3567/3567
f 2007/2007 2009/2009 3568/3568
f 3375/3375 2007/2007 3569/3569
f 3569/3569 2007/2007 3568/3568
f 3569/3569 3378/3378 3375/3375
f 3570/3570 3378/3378 3569/3569
f 3568/3568 2009/2009 2233/2233
f 3571/3571 2233/2233 2227/2227
f 3568/3568 2233/2233 3569/3569
f 3569/3569 2233/2233 3572/3572
f 3570/3570 3569/3569 3572/3572
f 3571/3571 3572/3572 2233/2233
f 3371/3371 3383/3383 3531/3531
f 3371/3371 3531/3531 3382/3382
f 3573/3573 3574/3574 3383/3383
f 3377/3377 3378/3378 3573/3573
f 3573/3573 3374/3374 3377/3377
f 3374/3374 3573/3573 3383/3383
f 3383/3383 3574/3574 3531/3531
f 3573/3573 3378/3378 3574/3574
f 3378/3378 3570/3570 3575/3575
f 3574/3574 3378/3378 3575/3575
f 3358/3358 3357/3357 3382/3382
f 3549/3549 3531/3531 3574/3574
f 3549/3549 3574/3574 3575/3575
f 3576/3576 3570/3570 3577/3577
f 3577/3577 3570/3570 3572/3572
f 3576/3576 3575/3575 3570/3570
f 3539/3539 3575/3575 3576/3576
f 3575/3575 3539/3539 3550/3550
f 3550/3550 3549/3549 3575/3575
f 3537/3537 3550/3550 3539/3539
f 2227/2227 2244/2244 3571/3571
f 3578/3578 2244/2244 2246/2246
f 2201/2201 3578/3578 2246/2246
f 2244/2244 3578/3578 3571/3571
f 3572/3572 3571/3571 3578/3578
f 3578/3578 2201/2201 3577/3577
f 3578/3578 3577/3577 3572/3572
f 3576/3576 2201/2201 3551/3551
f 3551/3551 3538/3538 3539/3539
f 3539/3539 3576/3576 3551/3551
f 3576/3576 3577/3577 2201/2201
f 3394/3394 3554/3554 3393/3393
f 3579/3579 3554/3554 3394/3394
f 3579/3579 3552/3552 3554/3554
f 3397/3397 3552/3552 3579/3579
f 3396/3396 3565/3565 3563/3563
f 3565/3565 3567/3567 3563/3563
f 3580/3580 3565/3565 3396/3396
f 3580/3580 3566/3566 3565/3565
f 3397/3397 3579/3579 3394/3394
f 3566/3566 3361/3361 3356/3356
f 3566/3566 3406/3406 3361/3361
f 3566/3566 3580/3580 3581/3581
f 3581/3581 3580/3580 3396/3396
f 3409/3409 3581/3581 3396/3396
f 3412/3412 3581/3581 3409/3409
f 3401/3401 3412/3412 3409/3409
f 3414/3414 3581/3581 3412/3412
f 3581/3581 3414/3414 3566/3566
f 3406/3406 3566/3566 3414/3414
f 3582/3582 3278/3278 3269/3269
f 3269/3269 3274/3274 3582/3582
f 3583/3583 3278/3278 3582/3582
f 3584/3584 3278/3278 3583/3583
f 3583/3583 3582/3582 3585/3585
f 3583/3583 3586/3586 3584/3584
f 3587/3587 3584/3584 3586/3586
f 3587/3587 3586/3586 3588/3588
f 3273/3273 3588/3588 3586/3586
f 3589/3589 3588/3588 3273/3273
f 3590/3590 3278/3278 3584/3584
f 3590/3590 3584/3584 3587/3587
f 3591/3591 3278/3278 3590/3590
f 3592/3592 3276/3276 3278/3278
f 3591/3591 3592/3592 3278/3278
f 3593/3593 3592/3592 3591/3591
f 3593/3593 3285/3285 3592/3592
f 3594/3594 3595/3595 3588/3588
f 3595/3595 3587/3587 3588/3588
f 3594/3594 3588/3588 3589/3589
f 3587/3587 3595/3595 3590/3590
f 3596/3596 3594/3594 3589/3589
f 3596/3596 3589/3589 3597/3597
f 3598/3598 3595/3595 3594/3594
f 3597/3597 3599/3599 3596/3596
f 3591/3591 3590/3590 3600/3600
f 3595/3595 3600/3600 3590/3590
f 3601/3601 3600/3600 3598/3598
f 3596/3596 3598/3598 3594/3594
f 3598/3598 3600/3600 3595/3595
f 3602/3602 3601/3601 3598/3598
f 3599/3599 3603/3603 3596/3596
f 3602/3602 3598/3598 3596/3596
f 3600/3600 3601/3601 3604/3604
f 3591/3591 3600/3600 3605/3605
f 3605/3605 3593/3593 3591/3591
f 3606/3606 3593/3593 3605/3605
f 3604/3604 3605/3605 3600/3600
f 3601/3601 3602/3602 3604/3604
f 3603/3603 3599/3599 3607/3607
f 3608/3608 3602/3602 3596/3596
f 3607/3607 3609/3609 3610/3610
f 3611/3611 3609/3609 3607/3607
f 3596/3596 3603/3603 3608/3608
f 3612/3612 3608/3608 3603/3603
f 3603/3603 3607/3607 3610/3610
f 3604/3604 3602/3602 3613/3613
f 3604/3604 3613/3613 3614/3614
f 3604/3604 3615/3615 3605/3605
f 3615/3615 3604/3604 3614/3614
f 3608/3608 3613/3613 3602/3602
f 3616/3616 3614/3614 3613/3613
f 3617/3617 3613/3613 3618/3618
f 3610/3610 3612/3612 3603/3603
f 3613/3613 3608/3608 3612/3612
f 3613/3613 3612/3612 3618/3618
f 3610/3610 3618/3618 3612/3612
f 3618/3618 3610/3610 3619/3619
f 3619/3619 3610/3610 3609/3609
f 3284/3284 3276/3276 3592/3592
f 3285/3285 3284/3284 3592/3592
f 3285/3285 3283/3283 3284/3284
f 3285/3285 3620/3620 3286/3286
f 3621/3621 3620/3620 3285/3285
f 3286/3286 3620/3620 3622/3622
f 3623/3623 3621/3621 3285/3285
f 3621/3621 3622/3622 3620/3620
f 3621/3621 3623/3623 3624/3624
f 3624/3624 3622/3622 3621/3621
f 3290/3290 3286/3286 3622/3622
f 3622/3622 3297/3297 3290/3290
f 3305/3305 3303/3303 3625/3625
f 3307/3307 3305/3305 3625/3625
f 3305/3305 3307/3307 3302/3302
f 3307/3307 3514/3514 3513/3513
f 3627/3627 3297/3297 3622/3622
f 3298/3298 3297/3297 3627/3627
f 3627/3627 3622/3622 3624/3624
f 3626/3626 3298/3298 3627/3627
f 3628/3628 3626/3626 3627/3627
f 3630/3630 3514/3514 3631/3631
f 3631/3631 3514/3514 3307/3307
f 3632/3632 3307/3307 3625/3625
f 3632/3632 3631/3631 3307/3307
f 3626/3626 3304/3304 3298/3298
f 3606/3606 3285/3285 3593/3593
f 3623/3623 3285/3285 3606/3606
f 3606/3606 3633/3633 3623/3623
f 3606/3606 3615/3615 3633/3633
f 3605/3605 3615/3615 3606/3606
f 3634/3634 3633/3633 3615/3615
f 3609/3609 3611/3611 3630/3630
f 3635/3635 3609/3609 3630/3630
f 3624/3624 3623/3623 3633/3633
f 3636/3636 3624/3624 3633/3633
f 3636/3636 3633/3633 3634/3634
f 3637/3637 3624/3624 3636/3636
f 3637/3637 3638/3638 3624/3624
f 3636/3636 3639/3639 3637/3637
f 3639/3639 3640/3640 3637/3637
f 3635/3635 3630/3630 3642/3642
f 3631/3631 3642/3642 3630/3630
f 3643/3643 3635/3635 3642/3642
f 3643/3643 3644/3644 3645/3645
f 3644/3644 3643/3643 3642/3642
f 3615/3615 3614/3614 3634/3634
f 3614/3614 3616/3616 3646/3646
f 3634/3634 3614/3614 3646/3646
f 3634/3634 3648/3648 3639/3639
f 3646/3646 3648/3648 3634/3634
f 3650/3650 3649/3649 3651/3651
f 3617/3617 3618/3618 3647/3647
f 3649/3649 3647/3647 3651/3651
f 3619/3619 3609/3609 3652/3652
f 3652/3652 3609/3609 3635/3635
f 3650/3650 3651/3651 3652/3652
f 3652/3652 3643/3643 3650/3650
f 3652/3652 3635/3635 3643/3643
f 3647/3647 3618/3618 3651/3651
f 3618/3618 3619/3619 3651/3651
f 3652/3652 3651/3651 3619/3619
f 3639/3639 3636/3636 3634/3634
f 3648/3648 3640/3640 3639/3639
f 3641/3641 3649/3649 3650/3650
f 3645/3645 3650/3650 3643/3643
f 3641/3641 3650/3650 3645/3645
f 3624/3624 3638/3638 3627/3627
f 3628/3628 3627/3627 3638/3638
f 3637/3637 3654/3654 3638/3638
f 3628/3628 3638/3638 3654/3654
f 3640/3640 3654/3654 3637/3637
f 3644/3644 3631/3631 3632/3632
f 3645/3645 3629/3629 3653/3653
f 3644/3644 3632/3632 3629/3629
f 3625/3625 3629/3629 3632/3632
f 3645/3645 3653/3653 3641/3641
f 3642/3642 3631/3631 3644/3644
f 3629/3629 3645/3645 3644/3644
f 3585/3585 3274/3274 3268/3268
f 3239/3239 3458/3458 3655/3655
f 3582/3582 3274/3274 3585/3585
f 3655/3655 3458/3458 3656/3656
f 3268/3268 3273/3273 3585/3585
f 3237/3237 3239/3239 3655/3655
f 3273/3273 3586/3586 3585/3585
f 3655/3655 3656/3656 3657/3657
f 3237/3237 3655/3655 3658/3658
f 3240/3240 3237/3237 3658/3658
f 3239/3239 3272/3272 3458/3458
f 3659/3659 3656/3656 3458/3458
f 3458/3458 3460/3460 3659/3659
f 3660/3660 3659/3659 3460/3460
f 3661/3661 3656/3656 3659/3659
f 3657/3657 3656/3656 3662/3662
f 3656/3656 3661/3661 3662/3662
f 3659/3659 3660/3660 3661/3661
f 3661/3661 3660/3660 3662/3662
f 3663/3663 3662/3662 3660/3660
f 3663/3663 3660/3660 3460/3460
f 3663/3663 3460/3460 3461/3461
f 3585/3585 3586/3586 3583/3583
f 3273/3273 3250/3250 3589/3589
f 3662/3662 3664/3664 3665/3665
f 3655/3655 3657/3657 3666/3666
f 3657/3657 3665/3665 3666/3666
f 3665/3665 3664/3664 3666/3666
f 3662/3662 3665/3665 3657/3657
f 3663/3663 3664/3664 3662/3662
f 3666/3666 3664/3664 3663/3663
f 3667/3667 3655/3655 3666/3666
f 3667/3667 3658/3658 3655/3655
f 3667/3667 3666/3666 3663/3663
f 3663/3663 3461/3461 3667/3667
f 3589/3589 3250/3250 3240/3240
f 3589/3589 3240/3240 3597/3597
f 3461/3461 3463/3463 3611/3611
f 3463/3463 3668/3668 3611/3611
f 3658/3658 3597/3597 3240/3240
f 3599/3599 3597/3597 3658/3658
f 3461/3461 3611/3611 3667/3667
f 3658/3658 3667/3667 3611/3611
f 3607/3607 3599/3599 3658/3658
f 3658/3658 3611/3611 3607/3607
f 3512/3512 3630/3630 3463/3463
f 3630/3630 3668/3668 3463/3463
f 3630/3630 3611/3611 3668/3668
f 3514/3514 3630/3630 3512/3512
