run_id,domain,variant,observation_protocol,repeat_index,seed,source_commit,raw_terminal_status,infrastructure_failure,causal_category,cp_terminal_kind,cp_terminal_stage,cp_terminal_summary,observation_success,object_estimation_success,initial_state_success,goal_state_success,pddl_valid,fd_invoked,symbolic_plan_found,symbolic_plan_nonempty,val_plan_valid,identity_attempted,identity_success,refinement_attempted,refinement_success,execution_projection_available,execution_attempted,execution_success,generated_goal_evaluated,hidden_benchmark_evaluated,first_plan_attempt_index,first_nonempty_plan_attempt_index,number_of_symbolic_plans_generated,number_of_nonempty_symbolic_plans,number_of_val_valid_plans,best_symbolic_plan_length,final_selected_plan_length,actual_task_success,ground_truth_feasible,raw_predicted_infeasible,generated_goal_satisfied,generated_goal_atoms_passed,generated_goal_atoms_total,generated_goal_atom_coverage,benchmark_requirements_passed,benchmark_requirements_total,benchmark_requirement_coverage,fm_calls,object_calls,init_calls,goal_calls,cp_calls,inspections,controller_actions,end_to_end_seconds,fm_latency_seconds,symbolic_planning_seconds,refinement_seconds,execution_seconds
kitchen__F0_ALL_VISIBLE__fixed_full_inspection__r00,kitchen,F0_ALL_VISIBLE,fixed_full_inspection,0,240005,4532495142b7a365d8bdba43f1776ab798818a28,FM_OBJECT_FAILURE,False,UNRESOLVED_FM_FAILURE,,,,True,False,False,False,False,False,False,False,False,False,False,False,False,False,False,False,False,False,,,0,0,0,,,False,,,,0,0,,0,0,,,0,0,0,0,0,0,114.764387,,,,
kitchen__F0_ALL_VISIBLE__fixed_full_inspection__r01,kitchen,F0_ALL_VISIBLE,fixed_full_inspection,1,240006,4532495142b7a365d8bdba43f1776ab798818a28,FM_OBJECT_FAILURE,False,UNRESOLVED_FM_FAILURE,,,,True,False,False,False,False,False,False,False,False,False,False,False,False,False,False,False,False,False,,,0,0,0,,,False,,,,0,0,,0,0,,,0,0,0,0,0,0,210.243659,,,,
kitchen__F0_ALL_VISIBLE__fixed_full_inspection__r02,kitchen,F0_ALL_VISIBLE,fixed_full_inspection,2,240007,4532495142b7a365d8bdba43f1776ab798818a28,FM_OBJECT_FAILURE,False,UNRESOLVED_FM_FAILURE,,,,True,False,False,False,False,False,False,False,False,False,False,False,False,False,False,False,False,False,,,0,0,0,,,False,,,,0,0,,0,0,,,0,0,0,0,0,0,113.913637,,,,
kitchen__F0_ALL_VISIBLE__fixed_full_inspection__r03,kitchen,F0_ALL_VISIBLE,fixed_full_inspection,3,240008,4532495142b7a365d8bdba43f1776ab798818a28,FM_OBJECT_FAILURE,False,UNRESOLVED_FM_FAILURE,,,,True,False,False,False,False,False,False,False,False,False,False,False,False,False,False,False,False,False,,,0,0,0,,,False,,,,0,0,,0,0,,,0,0,0,0,0,0,129.560778,,,,
kitchen__F0_ALL_VISIBLE__fixed_full_inspection__r04,kitchen,F0_ALL_VISIBLE,fixed_full_inspection,4,240009,4532495142b7a365d8bdba43f1776ab798818a28,FM_OBJECT_FAILURE,False,UNRESOLVED_FM_FAILURE,,,,True,False,False,False,False,False,False,False,False,False,False,False,False,False,False,False,False,False,,,0,0,0,,,False,,,,0,0,,0,0,,,0,0,0,0,0,0,104.67258,,,,
kitchen__F0_ALL_VISIBLE__initial_observation_only__r00,kitchen,F0_ALL_VISIBLE,initial_observation_only,0,240000,4532495142b7a365d8bdba43f1776ab798818a28,REFINEMENT_FAILURE,False,UNRESOLVED_REFINEMENT_FAILURE,REFINEMENT,COLLISION,environment collision google:link_finger_tip_left [unnamed robot geom] / ab3_deep_bowl [ab3_deep_bowl_wall_4] (-0.5 cm signed distance),True,True,True,True,True,True,True,True,True,True,True,True,False,True,False,False,False,True,0,0,2,2,2,2,,False,True,True,,0,0,,4,8,0.5,8,1,2,2,3,0,0,101.56797721100156,46.81279596398235,0.1275680449907668,,0.0
kitchen__F0_ALL_VISIBLE__initial_observation_only__r01,kitchen,F0_ALL_VISIBLE,initial_observation_only,1,240001,4532495142b7a365d8bdba43f1776ab798818a28,REFINEMENT_FAILURE,False,UNRESOLVED_REFINEMENT_FAILURE,REFINEMENT,COLLISION,environment collision google:link_finger_tip_left [unnamed robot geom] / ab3_deep_bowl [ab3_deep_bowl_wall_4] (-0.5 cm signed distance),True,True,True,True,True,True,True,True,True,True,True,True,False,True,False,False,False,True,0,0,2,2,2,2,,False,True,True,,0,0,,4,8,0.5,8,1,2,2,3,0,0,124.50894605499343,70.58981852603029,0.12486859899945557,,0.0
kitchen__F0_ALL_VISIBLE__initial_observation_only__r02,kitchen,F0_ALL_VISIBLE,initial_observation_only,2,240002,4532495142b7a365d8bdba43f1776ab798818a28,REFINEMENT_FAILURE,False,UNRESOLVED_REFINEMENT_FAILURE,REFINEMENT,COLLISION,environment collision google:link_finger_tip_left [unnamed robot geom] / ab3_deep_bowl [ab3_deep_bowl_wall_4] (-0.5 cm signed distance),True,True,True,True,True,True,True,True,True,True,True,True,False,True,False,False,False,True,0,0,2,2,2,2,,False,True,True,,0,0,,4,8,0.5,8,1,2,2,3,0,0,96.52128693799023,43.018389902979834,0.1700946110067889,,0.0
kitchen__F0_ALL_VISIBLE__initial_observation_only__r03,kitchen,F0_ALL_VISIBLE,initial_observation_only,3,240003,4532495142b7a365d8bdba43f1776ab798818a28,REFINEMENT_FAILURE,False,UNRESOLVED_REFINEMENT_FAILURE,REFINEMENT,COLLISION,environment collision google:link_finger_tip_left [unnamed robot geom] / ab3_deep_bowl [ab3_deep_bowl_wall_4] (-0.5 cm signed distance),True,True,True,True,True,True,True,True,True,True,True,True,False,True,False,False,False,True,0,0,2,2,2,2,,False,True,True,,0,0,,4,8,0.5,8,1,2,2,3,0,0,98.0861974650179,42.89616067800671,0.12494703699485399,,0.0
kitchen__F0_ALL_VISIBLE__initial_observation_only__r04,kitchen,F0_ALL_VISIBLE,initial_observation_only,4,240004,4532495142b7a365d8bdba43f1776ab798818a28,REFINEMENT_FAILURE,False,UNRESOLVED_REFINEMENT_FAILURE,REFINEMENT,COLLISION,environment collision google:link_finger_tip_left [unnamed robot geom] / ab3_deep_bowl [ab3_deep_bowl_wall_4] (-0.5 cm signed distance),True,True,True,True,True,True,True,True,True,True,True,True,False,True,False,False,False,True,0,0,2,2,2,2,,False,True,True,,0,0,,4,8,0.5,8,1,2,2,3,0,0,105.87909879299696,42.90640034803073,0.16107850402477197,,0.0
kitchen__F1_HIDDEN_COFFEE_VESSEL__fixed_full_inspection__r00,kitchen,F1_HIDDEN_COFFEE_VESSEL,fixed_full_inspection,0,240015,4532495142b7a365d8bdba43f1776ab798818a28,FM_OBJECT_FAILURE,False,UNRESOLVED_FM_FAILURE,,,,True,False,False,False,False,False,False,False,False,False,False,False,False,False,False,False,False,False,,,0,0,0,,,False,,,,0,0,,0,0,,,0,0,0,0,0,0,110.084771,,,,
kitchen__F1_HIDDEN_COFFEE_VESSEL__fixed_full_inspection__r01,kitchen,F1_HIDDEN_COFFEE_VESSEL,fixed_full_inspection,1,240016,4532495142b7a365d8bdba43f1776ab798818a28,IDENTITY_FAILURE,False,UNRESOLVED_IDENTITY_FAILURE,ENTITY_RESOLUTION,ENTITY_RESOLUTION,no class-compatible visible entity is close enough to 'coffee_pot_1',True,True,True,True,True,True,True,True,True,True,False,False,False,False,False,False,False,True,0,0,3,3,3,3,,False,True,True,,0,0,,4,8,0.5,7,1,1,2,3,5,0,60.89421246800339,53.14844199095387,0.16654387000016868,,0.0
kitchen__F1_HIDDEN_COFFEE_VESSEL__fixed_full_inspection__r02,kitchen,F1_HIDDEN_COFFEE_VESSEL,fixed_full_inspection,2,240017,4532495142b7a365d8bdba43f1776ab798818a28,IDENTITY_FAILURE,False,UNRESOLVED_IDENTITY_FAILURE,ENTITY_RESOLUTION,ENTITY_RESOLUTION,no class-compatible visible entity is close enough to 'coffee_pot_1',True,True,True,True,True,True,True,True,True,True,False,False,False,False,False,False,False,True,0,0,3,3,3,3,,False,True,True,,0,0,,4,8,0.5,7,1,1,2,3,5,0,42.052945313975215,33.776178144995356,0.13350356399314478,,0.0
kitchen__F1_HIDDEN_COFFEE_VESSEL__fixed_full_inspection__r03,kitchen,F1_HIDDEN_COFFEE_VESSEL,fixed_full_inspection,3,240018,4532495142b7a365d8bdba43f1776ab798818a28,BENCHMARK_FAILURE,False,PLAN_FOUND,,,,True,True,True,True,True,True,True,False,True,True,True,True,True,True,True,True,True,True,0,,1,0,1,0,0,False,True,False,False,0,2,0.0,4,8,0.5,5,1,2,2,0,5,,50.398384902015096,42.194534351991024,0.13723811900126748,,0.03332666397909634
kitchen__F1_HIDDEN_COFFEE_VESSEL__fixed_full_inspection__r04,kitchen,F1_HIDDEN_COFFEE_VESSEL,fixed_full_inspection,4,240019,4532495142b7a365d8bdba43f1776ab798818a28,PREDICTED_INFEASIBLE,False,UNRESOLVED_INVALID_CORRECTION,INVALID_CORRECTION,,corrective response is not a valid replacement PDDL problem,True,True,True,True,True,True,False,False,False,False,False,False,False,False,False,False,False,True,,,0,0,0,,,False,True,True,,0,0,,4,8,0.5,8,1,2,2,3,5,0,99.43059538598754,91.90896663395688,,,0.0
kitchen__F1_HIDDEN_COFFEE_VESSEL__initial_observation_only__r00,kitchen,F1_HIDDEN_COFFEE_VESSEL,initial_observation_only,0,240010,4532495142b7a365d8bdba43f1776ab798818a28,REFINEMENT_FAILURE,False,UNRESOLVED_REFINEMENT_FAILURE,REFINEMENT,IK,no grasp candidate satisfies the IK tolerances,True,True,True,True,True,True,True,True,True,True,True,True,False,True,False,False,False,True,0,0,4,4,4,6,,False,True,True,,0,0,,4,8,0.5,8,2,1,2,3,0,0,286.1509862380044,113.58970616600709,0.15303457700065337,,0.0
kitchen__F1_HIDDEN_COFFEE_VESSEL__initial_observation_only__r01,kitchen,F1_HIDDEN_COFFEE_VESSEL,initial_observation_only,1,240011,4532495142b7a365d8bdba43f1776ab798818a28,REFINEMENT_FAILURE,False,UNRESOLVED_REFINEMENT_FAILURE,REFINEMENT,IK,no grasp candidate satisfies the IK tolerances,True,True,True,True,True,True,True,True,True,True,True,True,False,True,False,False,False,True,0,0,4,4,4,6,,False,True,True,,0,0,,4,8,0.5,8,2,1,2,3,0,0,222.46874391799793,48.27398992097005,0.127000993990805,,0.0
kitchen__F1_HIDDEN_COFFEE_VESSEL__initial_observation_only__r02,kitchen,F1_HIDDEN_COFFEE_VESSEL,initial_observation_only,2,240012,4532495142b7a365d8bdba43f1776ab798818a28,REFINEMENT_FAILURE,False,UNRESOLVED_REFINEMENT_FAILURE,REFINEMENT,IK,no grasp candidate satisfies the IK tolerances,True,True,True,True,True,True,True,True,True,True,True,True,False,True,False,False,False,True,0,0,4,4,4,3,,False,True,True,,0,0,,4,8,0.5,8,2,1,2,3,0,0,69.60097323099035,43.452483235974796,0.14280344298458658,,0.0
kitchen__F1_HIDDEN_COFFEE_VESSEL__initial_observation_only__r03,kitchen,F1_HIDDEN_COFFEE_VESSEL,initial_observation_only,3,240013,4532495142b7a365d8bdba43f1776ab798818a28,REFINEMENT_FAILURE,False,UNRESOLVED_REFINEMENT_FAILURE,REFINEMENT,IK,no grasp candidate satisfies the IK tolerances,True,True,True,True,True,True,True,True,True,True,True,True,False,True,False,False,False,True,0,0,4,4,4,6,,False,True,True,,0,0,,4,8,0.5,8,2,1,2,3,0,0,231.09541204100242,63.93583762799972,0.15670479100663215,,0.0
kitchen__F1_HIDDEN_COFFEE_VESSEL__initial_observation_only__r04,kitchen,F1_HIDDEN_COFFEE_VESSEL,initial_observation_only,4,240014,4532495142b7a365d8bdba43f1776ab798818a28,REFINEMENT_FAILURE,False,UNRESOLVED_REFINEMENT_FAILURE,REFINEMENT,IK,no grasp candidate satisfies the IK tolerances,True,True,True,True,True,True,True,True,True,True,True,True,False,True,False,False,False,True,0,0,4,4,4,3,,False,True,True,,0,0,,4,8,0.5,8,2,1,2,3,0,0,72.39668366999831,47.10024122297182,0.13339048100169748,,0.0
kitchen__F2_HIDDEN_SOUP_BOWL__fixed_full_inspection__r00,kitchen,F2_HIDDEN_SOUP_BOWL,fixed_full_inspection,0,240025,4532495142b7a365d8bdba43f1776ab798818a28,BENCHMARK_FAILURE,False,PLAN_FOUND,,,,True,True,True,True,True,True,True,False,True,True,True,True,True,True,True,True,True,True,0,,1,0,1,0,0,False,True,False,False,0,2,0.0,4,8,0.5,5,1,2,2,0,5,,69.4265193240135,61.142899400991155,0.15683437400730327,,0.03898208698956296
kitchen__F2_HIDDEN_SOUP_BOWL__fixed_full_inspection__r01,kitchen,F2_HIDDEN_SOUP_BOWL,fixed_full_inspection,1,240026,4532495142b7a365d8bdba43f1776ab798818a28,IDENTITY_FAILURE,False,UNRESOLVED_IDENTITY_FAILURE,INVALID_CORRECTION,,corrective response is not a valid replacement PDDL problem,True,True,True,True,True,True,True,True,True,True,False,False,False,False,False,False,False,True,0,0,1,1,1,3,,False,True,True,,0,0,,4,8,0.5,8,1,2,2,3,5,0,96.76832504902268,89.40172761504073,0.13673348299926147,,0.0
kitchen__F2_HIDDEN_SOUP_BOWL__fixed_full_inspection__r02,kitchen,F2_HIDDEN_SOUP_BOWL,fixed_full_inspection,2,240027,4532495142b7a365d8bdba43f1776ab798818a28,PREDICTED_INFEASIBLE,False,UNRESOLVED_INVALID_CORRECTION,INVALID_CORRECTION,,corrective response is not a valid replacement PDDL problem,True,True,True,True,True,True,False,False,False,False,False,False,False,False,False,False,False,True,,,0,0,0,,,False,True,True,,0,0,,4,8,0.5,8,1,2,2,3,5,0,69.30393455200829,61.94633250698098,,,0.0
kitchen__F2_HIDDEN_SOUP_BOWL__fixed_full_inspection__r03,kitchen,F2_HIDDEN_SOUP_BOWL,fixed_full_inspection,3,240028,4532495142b7a365d8bdba43f1776ab798818a28,PREDICTED_INFEASIBLE,False,UNRESOLVED_INVALID_CORRECTION,INVALID_CORRECTION,,corrective response is not a valid replacement PDDL problem,True,True,True,True,True,True,False,False,False,False,False,False,False,False,False,False,False,True,,,0,0,0,,,False,True,True,,0,0,,4,8,0.5,8,1,2,2,3,5,0,163.1788057310041,154.7230910869839,,,0.0
kitchen__F2_HIDDEN_SOUP_BOWL__fixed_full_inspection__r04,kitchen,F2_HIDDEN_SOUP_BOWL,fixed_full_inspection,4,240029,4532495142b7a365d8bdba43f1776ab798818a28,IDENTITY_FAILURE,False,UNRESOLVED_IDENTITY_FAILURE,INVALID_CORRECTION,,corrective response is not a valid replacement PDDL problem,True,True,True,True,True,True,True,True,True,True,False,False,False,False,False,False,False,True,0,0,1,1,1,13,,False,True,True,,0,0,,4,8,0.5,6,1,1,1,3,5,0,45.439976658002706,37.74766853899928,0.1371823340014089,,0.0
kitchen__F2_HIDDEN_SOUP_BOWL__initial_observation_only__r00,kitchen,F2_HIDDEN_SOUP_BOWL,initial_observation_only,0,240020,4532495142b7a365d8bdba43f1776ab798818a28,PREDICTED_INFEASIBLE,False,UNRESOLVED_INVALID_CORRECTION,INVALID_CORRECTION,,corrective response is not a valid replacement PDDL problem,True,True,True,True,True,True,False,False,False,False,False,False,False,False,False,False,False,True,,,0,0,0,,,False,True,True,,0,0,,4,8,0.5,9,2,2,2,3,0,0,54.5385122380103,52.95577497899649,,,0.0
kitchen__F2_HIDDEN_SOUP_BOWL__initial_observation_only__r01,kitchen,F2_HIDDEN_SOUP_BOWL,initial_observation_only,1,240021,4532495142b7a365d8bdba43f1776ab798818a28,PREDICTED_INFEASIBLE,False,UNRESOLVED_INVALID_CORRECTION,INVALID_CORRECTION,,corrective response is not a valid replacement PDDL problem,True,True,True,True,True,True,False,False,False,False,False,False,False,False,False,False,False,True,,,0,0,0,,,False,True,True,,0,0,,4,8,0.5,8,2,1,2,3,0,0,41.78892739501316,40.11390082296566,,,0.0
kitchen__F2_HIDDEN_SOUP_BOWL__initial_observation_only__r02,kitchen,F2_HIDDEN_SOUP_BOWL,initial_observation_only,2,240022,4532495142b7a365d8bdba43f1776ab798818a28,PREDICTED_INFEASIBLE,False,UNRESOLVED_INVALID_CORRECTION,INVALID_CORRECTION,,corrective response is not a valid replacement PDDL problem,True,True,True,True,True,True,False,False,False,False,False,False,False,False,False,False,False,True,,,0,0,0,,,False,True,True,,0,0,,4,8,0.5,8,2,1,2,3,0,0,55.35196091598482,53.82441974399262,,,0.0
kitchen__F2_HIDDEN_SOUP_BOWL__initial_observation_only__r03,kitchen,F2_HIDDEN_SOUP_BOWL,initial_observation_only,3,240023,4532495142b7a365d8bdba43f1776ab798818a28,PREDICTED_INFEASIBLE,False,UNRESOLVED_INVALID_CORRECTION,INVALID_CORRECTION,,corrective response is not a valid replacement PDDL problem,True,True,True,True,True,True,False,False,False,False,False,False,False,False,False,False,False,True,,,0,0,0,,,False,True,True,,0,0,,4,8,0.5,9,2,2,2,3,0,0,80.90459325900883,79.33793355402304,,,0.0
kitchen__F2_HIDDEN_SOUP_BOWL__initial_observation_only__r04,kitchen,F2_HIDDEN_SOUP_BOWL,initial_observation_only,4,240024,4532495142b7a365d8bdba43f1776ab798818a28,PREDICTED_INFEASIBLE,False,UNRESOLVED_INVALID_CORRECTION,INVALID_CORRECTION,,corrective response is not a valid replacement PDDL problem,True,True,True,True,True,True,False,False,False,False,False,False,False,False,False,False,False,True,,,0,0,0,,,False,True,True,,0,0,,4,8,0.5,8,2,1,2,3,0,0,70.17404581297887,68.6328884359973,,,0.0
kitchen__F3_HIDDEN_VESSELS_MIXED__fixed_full_inspection__r00,kitchen,F3_HIDDEN_VESSELS_MIXED,fixed_full_inspection,0,240035,4532495142b7a365d8bdba43f1776ab798818a28,FM_OBJECT_FAILURE,False,UNRESOLVED_FM_FAILURE,,,,True,False,False,False,False,False,False,False,False,False,False,False,False,False,False,False,False,False,,,0,0,0,,,False,,,,0,0,,0,0,,,0,0,0,0,0,0,109.44848,,,,
kitchen__F3_HIDDEN_VESSELS_MIXED__fixed_full_inspection__r01,kitchen,F3_HIDDEN_VESSELS_MIXED,fixed_full_inspection,1,240036,4532495142b7a365d8bdba43f1776ab798818a28,FM_OBJECT_FAILURE,False,UNRESOLVED_FM_FAILURE,,,,True,False,False,False,False,False,False,False,False,False,False,False,False,False,False,False,False,False,,,0,0,0,,,False,,,,0,0,,0,0,,,0,0,0,0,0,0,119.784115,,,,
kitchen__F3_HIDDEN_VESSELS_MIXED__fixed_full_inspection__r02,kitchen,F3_HIDDEN_VESSELS_MIXED,fixed_full_inspection,2,240037,4532495142b7a365d8bdba43f1776ab798818a28,FM_OBJECT_FAILURE,False,UNRESOLVED_FM_FAILURE,,,,True,False,False,False,False,False,False,False,False,False,False,False,False,False,False,False,False,False,,,0,0,0,,,False,,,,0,0,,0,0,,,0,0,0,0,0,0,229.930053,,,,
kitchen__F3_HIDDEN_VESSELS_MIXED__fixed_full_inspection__r03,kitchen,F3_HIDDEN_VESSELS_MIXED,fixed_full_inspection,3,240038,4532495142b7a365d8bdba43f1776ab798818a28,FM_OBJECT_FAILURE,False,UNRESOLVED_FM_FAILURE,,,,True,False,False,False,False,False,False,False,False,False,False,False,False,False,False,False,False,False,,,0,0,0,,,False,,,,0,0,,0,0,,,0,0,0,0,0,0,114.863414,,,,
kitchen__F3_HIDDEN_VESSELS_MIXED__fixed_full_inspection__r04,kitchen,F3_HIDDEN_VESSELS_MIXED,fixed_full_inspection,4,240039,4532495142b7a365d8bdba43f1776ab798818a28,FM_OBJECT_FAILURE,False,UNRESOLVED_FM_FAILURE,,,,True,False,False,False,False,False,False,False,False,False,False,False,False,False,False,False,False,False,,,0,0,0,,,False,,,,0,0,,0,0,,,0,0,0,0,0,0,112.100573,,,,
kitchen__F3_HIDDEN_VESSELS_MIXED__initial_observation_only__r00,kitchen,F3_HIDDEN_VESSELS_MIXED,initial_observation_only,0,240030,4532495142b7a365d8bdba43f1776ab798818a28,PREDICTED_INFEASIBLE,False,UNRESOLVED_INVALID_CORRECTION,INVALID_CORRECTION,,corrective response is not a valid replacement PDDL problem,True,True,True,True,True,True,False,False,False,False,False,False,False,False,False,False,False,True,,,0,0,0,,,False,True,True,,0,0,,4,8,0.5,7,1,1,2,3,0,0,65.35457175399642,63.764506628969684,,,0.0
kitchen__F3_HIDDEN_VESSELS_MIXED__initial_observation_only__r01,kitchen,F3_HIDDEN_VESSELS_MIXED,initial_observation_only,1,240031,4532495142b7a365d8bdba43f1776ab798818a28,PREDICTED_INFEASIBLE,False,UNRESOLVED_INVALID_CORRECTION,INVALID_CORRECTION,,corrective response is not a valid replacement PDDL problem,True,True,True,True,True,True,False,False,False,False,False,False,False,False,False,False,False,True,,,0,0,0,,,False,True,True,,0,0,,4,8,0.5,7,1,1,2,3,0,0,101.10926823000773,99.49600579298567,,,0.0
kitchen__F3_HIDDEN_VESSELS_MIXED__initial_observation_only__r02,kitchen,F3_HIDDEN_VESSELS_MIXED,initial_observation_only,2,240032,4532495142b7a365d8bdba43f1776ab798818a28,PREDICTED_INFEASIBLE,False,UNRESOLVED_INVALID_CORRECTION,INVALID_CORRECTION,,corrective response is not a valid replacement PDDL problem,True,True,True,True,True,True,False,False,False,False,False,False,False,False,False,False,False,True,,,0,0,0,,,False,True,True,,0,0,,4,8,0.5,7,1,1,2,3,0,0,97.80773780698655,96.25269638502505,,,0.0
kitchen__F3_HIDDEN_VESSELS_MIXED__initial_observation_only__r03,kitchen,F3_HIDDEN_VESSELS_MIXED,initial_observation_only,3,240033,4532495142b7a365d8bdba43f1776ab798818a28,PREDICTED_INFEASIBLE,False,UNRESOLVED_INVALID_CORRECTION,INVALID_CORRECTION,,corrective response is not a valid replacement PDDL problem,True,True,True,True,True,True,False,False,False,False,False,False,False,False,False,False,False,True,,,0,0,0,,,False,True,True,,0,0,,4,8,0.5,7,1,1,2,3,0,0,55.61307691701222,54.096112085011555,,,0.0
kitchen__F3_HIDDEN_VESSELS_MIXED__initial_observation_only__r04,kitchen,F3_HIDDEN_VESSELS_MIXED,initial_observation_only,4,240034,4532495142b7a365d8bdba43f1776ab798818a28,PREDICTED_INFEASIBLE,False,UNRESOLVED_INVALID_CORRECTION,INVALID_CORRECTION,,corrective response is not a valid replacement PDDL problem,True,True,True,True,True,True,False,False,False,False,False,False,False,False,False,False,False,True,,,0,0,0,,,False,True,True,,0,0,,4,8,0.5,7,1,1,2,3,0,0,80.83340268299798,79.10710488498444,,,0.0
kitchen__F4_TOOLS_IN_DRAWERS__fixed_full_inspection__r00,kitchen,F4_TOOLS_IN_DRAWERS,fixed_full_inspection,0,240045,4532495142b7a365d8bdba43f1776ab798818a28,FM_OBJECT_FAILURE,False,UNRESOLVED_FM_FAILURE,,,,True,False,False,False,False,False,False,False,False,False,False,False,False,False,False,False,False,False,,,0,0,0,,,False,,,,0,0,,0,0,,,0,0,0,0,0,0,116.910217,,,,
kitchen__F4_TOOLS_IN_DRAWERS__fixed_full_inspection__r01,kitchen,F4_TOOLS_IN_DRAWERS,fixed_full_inspection,1,240046,4532495142b7a365d8bdba43f1776ab798818a28,FM_OBJECT_FAILURE,False,UNRESOLVED_FM_FAILURE,,,,True,False,False,False,False,False,False,False,False,False,False,False,False,False,False,False,False,False,,,0,0,0,,,False,,,,0,0,,0,0,,,0,0,0,0,0,0,130.602993,,,,
kitchen__F4_TOOLS_IN_DRAWERS__fixed_full_inspection__r02,kitchen,F4_TOOLS_IN_DRAWERS,fixed_full_inspection,2,240047,4532495142b7a365d8bdba43f1776ab798818a28,FM_OBJECT_FAILURE,False,UNRESOLVED_FM_FAILURE,,,,True,False,False,False,False,False,False,False,False,False,False,False,False,False,False,False,False,False,,,0,0,0,,,False,,,,0,0,,0,0,,,0,0,0,0,0,0,127.153139,,,,
kitchen__F4_TOOLS_IN_DRAWERS__fixed_full_inspection__r03,kitchen,F4_TOOLS_IN_DRAWERS,fixed_full_inspection,3,240048,4532495142b7a365d8bdba43f1776ab798818a28,FM_OBJECT_FAILURE,False,UNRESOLVED_FM_FAILURE,,,,True,False,False,False,False,False,False,False,False,False,False,False,False,False,False,False,False,False,,,0,0,0,,,False,,,,0,0,,0,0,,,0,0,0,0,0,0,136.886636,,,,
kitchen__F4_TOOLS_IN_DRAWERS__fixed_full_inspection__r04,kitchen,F4_TOOLS_IN_DRAWERS,fixed_full_inspection,4,240049,4532495142b7a365d8bdba43f1776ab798818a28,FM_OBJECT_FAILURE,False,UNRESOLVED_FM_FAILURE,,,,True,False,False,False,False,False,False,False,False,False,False,False,False,False,False,False,False,False,,,0,0,0,,,False,,,,0,0,,0,0,,,0,0,0,0,0,0,120.655042,,,,
kitchen__F4_TOOLS_IN_DRAWERS__initial_observation_only__r00,kitchen,F4_TOOLS_IN_DRAWERS,initial_observation_only,0,240040,4532495142b7a365d8bdba43f1776ab798818a28,IDENTITY_FAILURE,False,UNRESOLVED_IDENTITY_FAILURE,INVALID_CORRECTION,,corrective response is not a valid replacement PDDL problem,True,True,True,True,True,True,True,True,True,True,False,False,False,False,False,False,False,True,1,1,1,1,1,9,,False,True,True,,0,0,,4,8,0.5,7,1,1,2,3,0,0,290.1875103589846,286.42694209094043,0.13338593300431967,,0.0
kitchen__F4_TOOLS_IN_DRAWERS__initial_observation_only__r01,kitchen,F4_TOOLS_IN_DRAWERS,initial_observation_only,1,240041,4532495142b7a365d8bdba43f1776ab798818a28,IDENTITY_FAILURE,False,UNRESOLVED_IDENTITY_FAILURE,INVALID_CORRECTION,,corrective response is not a valid replacement PDDL problem,True,True,True,True,True,True,True,True,True,True,False,False,False,False,False,False,False,True,1,1,1,1,1,9,,False,True,True,,0,0,,4,8,0.5,7,1,1,2,3,0,0,88.28652590801357,86.37483605294256,0.13162837098934688,,0.0
kitchen__F4_TOOLS_IN_DRAWERS__initial_observation_only__r02,kitchen,F4_TOOLS_IN_DRAWERS,initial_observation_only,2,240042,4532495142b7a365d8bdba43f1776ab798818a28,IDENTITY_FAILURE,False,UNRESOLVED_IDENTITY_FAILURE,INVALID_CORRECTION,,corrective response is not a valid replacement PDDL problem,True,True,True,True,True,True,True,True,True,True,False,False,False,False,False,False,False,True,1,1,1,1,1,9,,False,True,True,,0,0,,4,8,0.5,7,1,1,2,3,0,0,100.1079262420244,98.30111703500734,0.13615622199722566,,0.0
kitchen__F4_TOOLS_IN_DRAWERS__initial_observation_only__r03,kitchen,F4_TOOLS_IN_DRAWERS,initial_observation_only,3,240043,4532495142b7a365d8bdba43f1776ab798818a28,IDENTITY_FAILURE,False,UNRESOLVED_IDENTITY_FAILURE,INVALID_CORRECTION,,corrective response is not a valid replacement PDDL problem,True,True,True,True,True,True,True,True,True,True,False,False,False,False,False,False,False,True,1,1,1,1,1,9,,False,True,True,,0,0,,4,8,0.5,7,1,1,2,3,0,0,238.62810507797985,236.77779441102757,0.1700386259763036,,0.0
kitchen__F4_TOOLS_IN_DRAWERS__initial_observation_only__r04,kitchen,F4_TOOLS_IN_DRAWERS,initial_observation_only,4,240044,4532495142b7a365d8bdba43f1776ab798818a28,IDENTITY_FAILURE,False,UNRESOLVED_IDENTITY_FAILURE,INVALID_CORRECTION,,corrective response is not a valid replacement PDDL problem,True,True,True,True,True,True,True,True,True,True,False,False,False,False,False,False,False,True,1,1,1,1,1,9,,False,True,True,,0,0,,4,8,0.5,7,1,1,2,3,0,0,299.6446476400015,294.3018340910494,0.12651743800961412,,0.0
kitchen__F5_FULL_DISTRIBUTED_SEARCH__fixed_full_inspection__r00,kitchen,F5_FULL_DISTRIBUTED_SEARCH,fixed_full_inspection,0,240055,4532495142b7a365d8bdba43f1776ab798818a28,BENCHMARK_FAILURE,False,PLAN_FOUND,,,,True,True,True,True,True,True,True,False,True,True,True,True,True,True,True,True,True,True,0,,1,0,1,0,0,False,True,False,False,0,6,0.0,4,8,0.5,5,1,2,2,0,5,,224.6486062699987,214.26912703498965,0.1321917070017662,,0.0319341050053481
kitchen__F5_FULL_DISTRIBUTED_SEARCH__fixed_full_inspection__r01,kitchen,F5_FULL_DISTRIBUTED_SEARCH,fixed_full_inspection,1,240056,4532495142b7a365d8bdba43f1776ab798818a28,BENCHMARK_FAILURE,False,PLAN_FOUND,,,,True,True,True,True,True,True,True,False,True,True,True,True,True,True,True,True,True,True,0,,1,0,1,0,0,False,True,False,False,0,6,0.0,4,8,0.5,5,1,2,2,0,5,,245.12544424500084,236.7857531750342,0.12508184899343178,,0.044819330010795966
kitchen__F5_FULL_DISTRIBUTED_SEARCH__fixed_full_inspection__r02,kitchen,F5_FULL_DISTRIBUTED_SEARCH,fixed_full_inspection,2,240057,4532495142b7a365d8bdba43f1776ab798818a28,PREDICTED_INFEASIBLE,False,UNRESOLVED_INVALID_CORRECTION,INVALID_CORRECTION,,corrective response is not a valid replacement PDDL problem,True,True,True,True,True,True,False,False,False,False,False,False,False,False,False,False,False,True,,,0,0,0,,,False,True,True,,0,0,,4,8,0.5,8,1,2,2,3,5,0,371.12330614900566,363.67434580094414,,,0.0
kitchen__F5_FULL_DISTRIBUTED_SEARCH__fixed_full_inspection__r03,kitchen,F5_FULL_DISTRIBUTED_SEARCH,fixed_full_inspection,3,240058,4532495142b7a365d8bdba43f1776ab798818a28,PREDICTED_INFEASIBLE,False,UNRESOLVED_INVALID_CORRECTION,INVALID_CORRECTION,,corrective response is not a valid replacement PDDL problem,True,True,True,True,True,True,False,False,False,False,False,False,False,False,False,False,False,True,,,0,0,0,,,False,True,True,,0,0,,4,8,0.5,8,1,2,2,3,5,0,254.46150132699404,246.24878200597595,,,0.0
kitchen__F5_FULL_DISTRIBUTED_SEARCH__fixed_full_inspection__r04,kitchen,F5_FULL_DISTRIBUTED_SEARCH,fixed_full_inspection,4,240059,4532495142b7a365d8bdba43f1776ab798818a28,BENCHMARK_FAILURE,False,PLAN_FOUND,,,,True,True,True,True,True,True,True,False,True,True,True,True,True,True,True,True,True,True,0,,1,0,1,0,0,False,True,False,False,0,6,0.0,4,8,0.5,5,1,2,2,0,5,,198.43048422099673,189.02957936702296,0.11823786899913102,,0.04472584600443952
kitchen__F5_FULL_DISTRIBUTED_SEARCH__initial_observation_only__r00,kitchen,F5_FULL_DISTRIBUTED_SEARCH,initial_observation_only,0,240050,4532495142b7a365d8bdba43f1776ab798818a28,PREDICTED_INFEASIBLE,False,UNRESOLVED_INVALID_CORRECTION,INVALID_CORRECTION,,corrective response is not a valid replacement PDDL problem,True,True,True,True,True,True,False,False,False,False,False,False,False,False,False,False,False,True,,,0,0,0,,,False,True,True,,0,0,,4,8,0.5,7,1,1,2,3,0,0,221.64192716800608,220.02125894001801,,,0.0
kitchen__F5_FULL_DISTRIBUTED_SEARCH__initial_observation_only__r01,kitchen,F5_FULL_DISTRIBUTED_SEARCH,initial_observation_only,1,240051,4532495142b7a365d8bdba43f1776ab798818a28,PREDICTED_INFEASIBLE,False,UNRESOLVED_INVALID_CORRECTION,INVALID_CORRECTION,,corrective response is not a valid replacement PDDL problem,True,True,True,True,True,True,False,False,False,False,False,False,False,False,False,False,False,True,,,0,0,0,,,False,True,True,,0,0,,4,8,0.5,7,1,1,2,3,0,0,273.89968532702187,270.3426448920218,,,0.0
kitchen__F5_FULL_DISTRIBUTED_SEARCH__initial_observation_only__r02,kitchen,F5_FULL_DISTRIBUTED_SEARCH,initial_observation_only,2,240052,4532495142b7a365d8bdba43f1776ab798818a28,PREDICTED_INFEASIBLE,False,UNRESOLVED_INVALID_CORRECTION,INVALID_CORRECTION,,corrective response is not a valid replacement PDDL problem,True,True,True,True,True,True,False,False,False,False,False,False,False,False,False,False,False,True,,,0,0,0,,,False,True,True,,0,0,,4,8,0.5,7,1,1,2,3,0,0,225.72654570601298,224.05402044698712,,,0.0
kitchen__F5_FULL_DISTRIBUTED_SEARCH__initial_observation_only__r03,kitchen,F5_FULL_DISTRIBUTED_SEARCH,initial_observation_only,3,240053,4532495142b7a365d8bdba43f1776ab798818a28,PREDICTED_INFEASIBLE,False,UNRESOLVED_INVALID_CORRECTION,INVALID_CORRECTION,,corrective response is not a valid replacement PDDL problem,True,True,True,True,True,True,False,False,False,False,False,False,False,False,False,False,False,True,,,0,0,0,,,False,True,True,,0,0,,4,8,0.5,7,1,1,2,3,0,0,170.95192534598755,169.31771280695102,,,0.0
kitchen__F5_FULL_DISTRIBUTED_SEARCH__initial_observation_only__r04,kitchen,F5_FULL_DISTRIBUTED_SEARCH,initial_observation_only,4,240054,4532495142b7a365d8bdba43f1776ab798818a28,PREDICTED_INFEASIBLE,False,UNRESOLVED_INVALID_CORRECTION,INVALID_CORRECTION,,corrective response is not a valid replacement PDDL problem,True,True,True,True,True,True,False,False,False,False,False,False,False,False,False,False,False,True,,,0,0,0,,,False,True,True,,0,0,,4,8,0.5,7,1,1,2,3,0,0,164.8606063539919,163.25703616297687,,,0.0
kitchen__I0_MISSING_COFFEE_VESSEL__fixed_full_inspection__r00,kitchen,I0_MISSING_COFFEE_VESSEL,fixed_full_inspection,0,240065,4532495142b7a365d8bdba43f1776ab798818a28,FM_OBJECT_FAILURE,False,UNRESOLVED_FM_FAILURE,,,,True,False,False,False,False,False,False,False,False,False,False,False,False,False,False,False,False,False,,,0,0,0,,,False,,,,0,0,,0,0,,,0,0,0,0,0,0,143.90136,,,,
kitchen__I0_MISSING_COFFEE_VESSEL__fixed_full_inspection__r01,kitchen,I0_MISSING_COFFEE_VESSEL,fixed_full_inspection,1,240066,4532495142b7a365d8bdba43f1776ab798818a28,PREDICTED_INFEASIBLE,False,UNRESOLVED_IDENTITY_FAILURE,ENTITY_RESOLUTION,ENTITY_RESOLUTION,no class-compatible visible entity is close enough to 'coffee_pot_1',True,True,True,True,True,True,True,True,True,True,False,False,False,False,False,False,False,True,1,1,3,3,3,7,,False,False,True,,0,0,,4,8,0.5,8,1,2,2,3,5,0,250.2577717289969,239.9161972620641,0.1446426569891628,,0.0
kitchen__I0_MISSING_COFFEE_VESSEL__fixed_full_inspection__r02,kitchen,I0_MISSING_COFFEE_VESSEL,fixed_full_inspection,2,240067,4532495142b7a365d8bdba43f1776ab798818a28,FM_OBJECT_FAILURE,False,UNRESOLVED_FM_FAILURE,,,,True,False,False,False,False,False,False,False,False,False,False,False,False,False,False,False,False,False,,,0,0,0,,,False,,,,0,0,,0,0,,,0,0,0,0,0,0,145.27566,,,,
kitchen__I0_MISSING_COFFEE_VESSEL__fixed_full_inspection__r03,kitchen,I0_MISSING_COFFEE_VESSEL,fixed_full_inspection,3,240068,4532495142b7a365d8bdba43f1776ab798818a28,FM_OBJECT_FAILURE,False,UNRESOLVED_FM_FAILURE,,,,True,False,False,False,False,False,False,False,False,False,False,False,False,False,False,False,False,False,,,0,0,0,,,False,,,,0,0,,0,0,,,0,0,0,0,0,0,124.488856,,,,
kitchen__I0_MISSING_COFFEE_VESSEL__fixed_full_inspection__r04,kitchen,I0_MISSING_COFFEE_VESSEL,fixed_full_inspection,4,240069,4532495142b7a365d8bdba43f1776ab798818a28,FM_OBJECT_FAILURE,False,UNRESOLVED_FM_FAILURE,,,,True,False,False,False,False,False,False,False,False,False,False,False,False,False,False,False,False,False,,,0,0,0,,,False,,,,0,0,,0,0,,,0,0,0,0,0,0,119.763491,,,,
kitchen__I0_MISSING_COFFEE_VESSEL__initial_observation_only__r00,kitchen,I0_MISSING_COFFEE_VESSEL,initial_observation_only,0,240060,4532495142b7a365d8bdba43f1776ab798818a28,PREDICTED_INFEASIBLE,False,UNRESOLVED_REFINEMENT_FAILURE,REFINEMENT,IK,no grasp candidate satisfies the IK tolerances,True,True,True,True,True,True,True,True,True,True,True,True,False,True,False,False,False,True,0,0,4,4,4,3,,False,False,True,,0,0,,4,8,0.5,8,1,2,2,3,0,0,354.11470229699626,326.08708608089364,0.14949638899997808,,0.0
kitchen__I0_MISSING_COFFEE_VESSEL__initial_observation_only__r01,kitchen,I0_MISSING_COFFEE_VESSEL,initial_observation_only,1,240061,4532495142b7a365d8bdba43f1776ab798818a28,PREDICTED_INFEASIBLE,False,UNRESOLVED_REFINEMENT_FAILURE,REFINEMENT,IK,no grasp candidate satisfies the IK tolerances,True,True,True,True,True,True,True,True,True,True,True,True,False,True,False,False,False,True,0,0,4,4,4,3,,False,False,True,,0,0,,4,8,0.5,8,1,2,2,3,0,0,235.74494634498842,210.9340816939948,0.16375518700806424,,0.0
kitchen__I0_MISSING_COFFEE_VESSEL__initial_observation_only__r02,kitchen,I0_MISSING_COFFEE_VESSEL,initial_observation_only,2,240062,4532495142b7a365d8bdba43f1776ab798818a28,PREDICTED_INFEASIBLE,False,UNRESOLVED_REFINEMENT_FAILURE,REFINEMENT,IK,no grasp candidate satisfies the IK tolerances,True,True,True,True,True,True,True,True,True,True,True,True,False,True,False,False,False,True,0,0,4,4,4,3,,False,False,True,,0,0,,4,8,0.5,8,1,2,2,3,0,0,251.99010812898632,227.19867183704628,0.12968225599615835,,0.0
kitchen__I0_MISSING_COFFEE_VESSEL__initial_observation_only__r03,kitchen,I0_MISSING_COFFEE_VESSEL,initial_observation_only,3,240063,4532495142b7a365d8bdba43f1776ab798818a28,PREDICTED_INFEASIBLE,False,UNRESOLVED_REFINEMENT_FAILURE,REFINEMENT,IK,no grasp candidate satisfies the IK tolerances,True,True,True,True,True,True,True,True,True,True,True,True,False,True,False,False,False,True,0,0,4,4,4,3,,False,False,True,,0,0,,4,8,0.5,8,1,2,2,3,0,0,246.77715651498875,222.39814193497295,0.12458530900767073,,0.0
kitchen__I0_MISSING_COFFEE_VESSEL__initial_observation_only__r04,kitchen,I0_MISSING_COFFEE_VESSEL,initial_observation_only,4,240064,4532495142b7a365d8bdba43f1776ab798818a28,PREDICTED_INFEASIBLE,False,UNRESOLVED_REFINEMENT_FAILURE,REFINEMENT,IK,no grasp candidate satisfies the IK tolerances,True,True,True,True,True,True,True,True,True,True,True,True,False,True,False,False,False,True,0,0,4,4,4,3,,False,False,True,,0,0,,4,8,0.5,8,1,2,2,3,0,0,356.7606166639889,331.85903643700294,0.1219702810049057,,0.0
kitchen__I1_MISSING_SOUP_BOWL__fixed_full_inspection__r00,kitchen,I1_MISSING_SOUP_BOWL,fixed_full_inspection,0,240075,4532495142b7a365d8bdba43f1776ab798818a28,PREDICTED_INFEASIBLE,False,UNRESOLVED_INVALID_CORRECTION,INVALID_CORRECTION,,corrective response is not a valid replacement PDDL problem,True,True,True,True,True,True,True,True,True,True,False,False,False,False,False,False,False,True,0,0,1,1,1,3,,False,False,True,,0,0,,4,8,0.5,8,1,2,2,3,5,0,391.8063745649997,370.5503497660102,0.1649971330189146,,0.0
kitchen__I1_MISSING_SOUP_BOWL__fixed_full_inspection__r01,kitchen,I1_MISSING_SOUP_BOWL,fixed_full_inspection,1,240076,4532495142b7a365d8bdba43f1776ab798818a28,PREDICTED_INFEASIBLE,False,UNRESOLVED_IDENTITY_FAILURE,ENTITY_RESOLUTION,ENTITY_RESOLUTION,no class-compatible visible entity is close enough to 'cup_1_1',True,True,True,True,True,True,True,True,True,True,False,False,False,False,False,False,False,True,0,0,2,2,2,3,,False,False,True,,0,0,,4,8,0.5,7,1,1,2,3,5,0,326.02217134597595,305.3885753909708,0.1495948740048334,,0.0
kitchen__I1_MISSING_SOUP_BOWL__fixed_full_inspection__r02,kitchen,I1_MISSING_SOUP_BOWL,fixed_full_inspection,2,240077,4532495142b7a365d8bdba43f1776ab798818a28,PREDICTED_INFEASIBLE,False,UNRESOLVED_INVALID_CORRECTION,INVALID_CORRECTION,,corrective response is not a valid replacement PDDL problem,True,True,True,True,True,True,True,True,True,True,False,False,False,False,False,False,False,True,1,1,1,1,1,7,,False,False,True,,0,0,,4,8,0.5,8,1,2,2,3,5,0,348.6266749679926,340.33477076591225,0.1713877439906355,,0.0
kitchen__I1_MISSING_SOUP_BOWL__fixed_full_inspection__r03,kitchen,I1_MISSING_SOUP_BOWL,fixed_full_inspection,3,240078,4532495142b7a365d8bdba43f1776ab798818a28,PREDICTED_INFEASIBLE,False,UNRESOLVED_INVALID_CORRECTION,INVALID_CORRECTION,,corrective response is not a valid replacement PDDL problem,True,True,True,True,True,True,False,False,False,False,False,False,False,False,False,False,False,True,,,0,0,0,,,False,False,True,,0,0,,4,8,0.5,8,1,2,2,3,5,0,492.9119747210061,472.23404495502473,,,0.0
kitchen__I1_MISSING_SOUP_BOWL__fixed_full_inspection__r04,kitchen,I1_MISSING_SOUP_BOWL,fixed_full_inspection,4,240079,4532495142b7a365d8bdba43f1776ab798818a28,PREDICTED_INFEASIBLE,False,UNRESOLVED_INVALID_CORRECTION,INVALID_CORRECTION,,corrective response is not a valid replacement PDDL problem,True,True,True,True,True,True,True,True,True,True,False,False,False,False,False,False,False,True,0,0,1,1,1,3,,False,False,True,,0,0,,4,8,0.5,8,1,2,2,3,5,0,363.72399062500335,345.07860092798364,0.12352229800308123,,0.0
kitchen__I1_MISSING_SOUP_BOWL__initial_observation_only__r00,kitchen,I1_MISSING_SOUP_BOWL,initial_observation_only,0,240070,4532495142b7a365d8bdba43f1776ab798818a28,PREDICTED_INFEASIBLE,False,UNRESOLVED_REFINEMENT_FAILURE,REFINEMENT,IK,no grasp candidate satisfies the IK tolerances,True,True,True,True,True,True,True,True,True,True,True,True,False,True,False,False,False,True,0,0,4,4,4,3,,False,False,True,,0,0,,4,8,0.5,8,1,2,2,3,0,0,354.7198104610143,325.87824175396236,0.1370536829927005,,0.0
kitchen__I1_MISSING_SOUP_BOWL__initial_observation_only__r01,kitchen,I1_MISSING_SOUP_BOWL,initial_observation_only,1,240071,4532495142b7a365d8bdba43f1776ab798818a28,PREDICTED_INFEASIBLE,False,UNRESOLVED_REFINEMENT_FAILURE,REFINEMENT,IK,no grasp candidate satisfies the IK tolerances,True,True,True,True,True,True,True,True,True,True,True,True,False,True,False,False,False,True,0,0,4,4,4,7,,False,False,True,,0,0,,4,8,0.5,7,1,1,2,3,0,0,248.66383433999727,225.12141946301563,0.1671687110210769,,0.0
kitchen__I1_MISSING_SOUP_BOWL__initial_observation_only__r02,kitchen,I1_MISSING_SOUP_BOWL,initial_observation_only,2,240072,4532495142b7a365d8bdba43f1776ab798818a28,PREDICTED_INFEASIBLE,False,UNRESOLVED_REFINEMENT_FAILURE,REFINEMENT,IK,no grasp candidate satisfies the IK tolerances,True,True,True,True,True,True,True,True,True,True,True,True,False,True,False,False,False,True,0,0,3,3,3,7,,False,False,True,,0,0,,4,8,0.5,7,1,1,2,3,0,0,350.0312611780246,331.643261582969,0.16318075099843554,,0.0
kitchen__I1_MISSING_SOUP_BOWL__initial_observation_only__r03,kitchen,I1_MISSING_SOUP_BOWL,initial_observation_only,3,240073,4532495142b7a365d8bdba43f1776ab798818a28,PREDICTED_INFEASIBLE,False,UNRESOLVED_REFINEMENT_FAILURE,REFINEMENT,IK,no grasp candidate satisfies the IK tolerances,True,True,True,True,True,True,True,True,True,True,True,True,False,True,False,False,False,True,0,0,3,3,3,7,,False,False,True,,0,0,,4,8,0.5,7,1,1,2,3,0,0,324.65522806701483,297.1465275819937,0.13206578997778706,,0.0
kitchen__I1_MISSING_SOUP_BOWL__initial_observation_only__r04,kitchen,I1_MISSING_SOUP_BOWL,initial_observation_only,4,240074,4532495142b7a365d8bdba43f1776ab798818a28,PREDICTED_INFEASIBLE,False,UNRESOLVED_REFINEMENT_FAILURE,REFINEMENT,IK,no grasp candidate satisfies the IK tolerances,True,True,True,True,True,True,True,True,True,True,True,True,False,True,False,False,False,True,0,0,3,3,3,7,,False,False,True,,0,0,,4,8,0.5,7,1,1,2,3,0,0,325.77650667499984,298.1964001520246,0.13293502799933776,,0.0
kitchen__I2_MISSING_COFFEE_SPOON__fixed_full_inspection__r00,kitchen,I2_MISSING_COFFEE_SPOON,fixed_full_inspection,0,240085,4532495142b7a365d8bdba43f1776ab798818a28,PREDICTED_INFEASIBLE,False,UNRESOLVED_INVALID_CORRECTION,INVALID_CORRECTION,,corrective response is not a valid replacement PDDL problem,True,True,True,True,True,True,False,False,False,False,False,False,False,False,False,False,False,True,,,0,0,0,,,False,False,True,,0,0,,4,8,0.5,7,1,1,2,3,5,0,261.93140887800837,253.24481909698807,,,0.0
kitchen__I2_MISSING_COFFEE_SPOON__fixed_full_inspection__r01,kitchen,I2_MISSING_COFFEE_SPOON,fixed_full_inspection,1,240086,4532495142b7a365d8bdba43f1776ab798818a28,PREDICTED_INFEASIBLE,False,UNRESOLVED_INVALID_CORRECTION,INVALID_CORRECTION,,corrective response is not a valid replacement PDDL problem,True,True,True,True,True,True,False,False,False,False,False,False,False,False,False,False,False,True,,,0,0,0,,,False,False,True,,0,0,,4,8,0.5,8,1,2,2,3,5,0,343.948108638986,335.0521279910172,,,0.0
kitchen__I2_MISSING_COFFEE_SPOON__fixed_full_inspection__r02,kitchen,I2_MISSING_COFFEE_SPOON,fixed_full_inspection,2,240087,4532495142b7a365d8bdba43f1776ab798818a28,PREDICTED_INFEASIBLE,False,UNRESOLVED_INVALID_CORRECTION,INVALID_CORRECTION,,corrective response is not a valid replacement PDDL problem,True,True,True,True,True,True,False,False,False,False,False,False,False,False,False,False,False,True,,,0,0,0,,,False,False,True,,0,0,,4,8,0.5,8,1,2,2,3,5,0,308.7585869060131,300.37096710896003,,,0.0
kitchen__I2_MISSING_COFFEE_SPOON__fixed_full_inspection__r03,kitchen,I2_MISSING_COFFEE_SPOON,fixed_full_inspection,3,240088,4532495142b7a365d8bdba43f1776ab798818a28,PREDICTED_INFEASIBLE,False,UNRESOLVED_INVALID_CORRECTION,INVALID_CORRECTION,,corrective response is not a valid replacement PDDL problem,True,True,True,True,True,True,False,False,False,False,False,False,False,False,False,False,False,True,,,0,0,0,,,False,False,True,,0,0,,4,8,0.5,8,1,2,2,3,5,0,337.3136699589959,328.4510453209514,,,0.0
kitchen__I2_MISSING_COFFEE_SPOON__fixed_full_inspection__r04,kitchen,I2_MISSING_COFFEE_SPOON,fixed_full_inspection,4,240089,4532495142b7a365d8bdba43f1776ab798818a28,PREDICTED_INFEASIBLE,False,UNRESOLVED_INVALID_CORRECTION,INVALID_CORRECTION,,corrective response is not a valid replacement PDDL problem,True,True,True,True,True,True,False,False,False,False,False,False,False,False,False,False,False,True,,,0,0,0,,,False,False,True,,0,0,,4,8,0.5,8,1,2,2,3,5,0,364.0808095970133,347.126625348028,,,0.0
kitchen__I2_MISSING_COFFEE_SPOON__initial_observation_only__r00,kitchen,I2_MISSING_COFFEE_SPOON,initial_observation_only,0,240080,4532495142b7a365d8bdba43f1776ab798818a28,PREDICTED_INFEASIBLE,False,UNRESOLVED_REFINEMENT_FAILURE,REFINEMENT,IK,no grasp candidate satisfies the IK tolerances,True,True,True,True,True,True,True,True,True,True,True,True,False,True,False,False,False,True,0,0,4,4,4,7,,False,False,True,,0,0,,4,8,0.5,7,1,1,2,3,0,0,358.4262747099856,320.65558645300916,0.13779130499460734,,0.0
kitchen__I2_MISSING_COFFEE_SPOON__initial_observation_only__r01,kitchen,I2_MISSING_COFFEE_SPOON,initial_observation_only,1,240081,4532495142b7a365d8bdba43f1776ab798818a28,PREDICTED_INFEASIBLE,False,UNRESOLVED_REFINEMENT_FAILURE,REFINEMENT,IK,no grasp candidate satisfies the IK tolerances,True,True,True,True,True,True,True,True,True,True,True,True,False,True,False,False,False,True,0,0,4,4,4,7,,False,False,True,,0,0,,4,8,0.5,7,1,1,2,3,0,0,320.9831097899878,287.978373201011,0.12671976600540802,,0.0
kitchen__I2_MISSING_COFFEE_SPOON__initial_observation_only__r02,kitchen,I2_MISSING_COFFEE_SPOON,initial_observation_only,2,240082,4532495142b7a365d8bdba43f1776ab798818a28,PREDICTED_INFEASIBLE,False,UNRESOLVED_REFINEMENT_FAILURE,REFINEMENT,IK,no grasp candidate satisfies the IK tolerances,True,True,True,True,True,True,True,True,True,True,True,True,False,True,False,False,False,True,0,0,4,4,4,7,,False,False,True,,0,0,,4,8,0.5,7,1,1,2,3,0,0,303.24583395398804,275.03164601596654,0.16552063397830352,,0.0
kitchen__I2_MISSING_COFFEE_SPOON__initial_observation_only__r03,kitchen,I2_MISSING_COFFEE_SPOON,initial_observation_only,3,240083,4532495142b7a365d8bdba43f1776ab798818a28,PREDICTED_INFEASIBLE,False,UNRESOLVED_REFINEMENT_FAILURE,REFINEMENT,IK,no grasp candidate satisfies the IK tolerances,True,True,True,True,True,True,True,True,True,True,True,True,False,True,False,False,False,True,0,0,4,4,4,7,,False,False,True,,0,0,,4,8,0.5,7,1,1,2,3,0,0,349.8347422380175,314.7656794229988,0.12796368700219318,,0.0
kitchen__I2_MISSING_COFFEE_SPOON__initial_observation_only__r04,kitchen,I2_MISSING_COFFEE_SPOON,initial_observation_only,4,240084,4532495142b7a365d8bdba43f1776ab798818a28,PREDICTED_INFEASIBLE,False,UNRESOLVED_REFINEMENT_FAILURE,REFINEMENT,IK,no grasp candidate satisfies the IK tolerances,True,True,True,True,True,True,True,True,True,True,True,True,False,True,False,False,False,True,0,0,4,4,4,7,,False,False,True,,0,0,,4,8,0.5,7,1,1,2,3,0,0,342.32666312597576,305.01454202402965,0.14783383600297384,,0.0
kitchen__I3_MISSING_SOUP_UTENSIL__fixed_full_inspection__r00,kitchen,I3_MISSING_SOUP_UTENSIL,fixed_full_inspection,0,240095,4532495142b7a365d8bdba43f1776ab798818a28,BENCHMARK_FAILURE,False,PLAN_FOUND,,,,True,True,True,True,True,True,True,False,True,True,True,True,True,True,True,True,True,True,0,,1,0,1,0,0,False,False,False,False,0,2,0.0,4,8,0.5,5,1,2,2,0,5,,218.2052277829789,209.31402055505896,0.16103204700630158,,0.030267603986430913
kitchen__I3_MISSING_SOUP_UTENSIL__fixed_full_inspection__r01,kitchen,I3_MISSING_SOUP_UTENSIL,fixed_full_inspection,1,240096,4532495142b7a365d8bdba43f1776ab798818a28,PREDICTED_INFEASIBLE,False,UNRESOLVED_IDENTITY_FAILURE,ENTITY_RESOLUTION,ENTITY_RESOLUTION,no class-compatible visible entity is close enough to 'coffee_pot_1',True,True,True,True,True,True,True,True,True,True,False,False,False,False,False,False,False,True,1,1,3,3,3,7,,False,False,True,,0,0,,4,8,0.5,8,1,2,2,3,5,0,336.6025395219913,328.0531048240373,0.13488979899557307,,0.0
kitchen__I3_MISSING_SOUP_UTENSIL__fixed_full_inspection__r02,kitchen,I3_MISSING_SOUP_UTENSIL,fixed_full_inspection,2,240097,4532495142b7a365d8bdba43f1776ab798818a28,PREDICTED_INFEASIBLE,False,UNRESOLVED_INVALID_CORRECTION,INVALID_CORRECTION,,corrective response is not a valid replacement PDDL problem,True,True,True,True,True,True,False,False,False,False,False,False,False,False,False,False,False,True,,,0,0,0,,,False,False,True,,0,0,,4,8,0.5,7,1,1,2,3,5,0,349.8233195230132,341.64447360800114,,,0.0
kitchen__I3_MISSING_SOUP_UTENSIL__fixed_full_inspection__r03,kitchen,I3_MISSING_SOUP_UTENSIL,fixed_full_inspection,3,240098,4532495142b7a365d8bdba43f1776ab798818a28,PREDICTED_INFEASIBLE,False,UNRESOLVED_INVALID_CORRECTION,INVALID_CORRECTION,,corrective response is not a valid replacement PDDL problem,True,True,True,True,True,True,False,False,False,False,False,False,False,False,False,False,False,True,,,0,0,0,,,False,False,True,,0,0,,4,8,0.5,7,1,1,2,3,5,0,303.33861749299103,295.33449246696546,,,0.0
kitchen__I3_MISSING_SOUP_UTENSIL__fixed_full_inspection__r04,kitchen,I3_MISSING_SOUP_UTENSIL,fixed_full_inspection,4,240099,4532495142b7a365d8bdba43f1776ab798818a28,PREDICTED_INFEASIBLE,False,UNRESOLVED_INVALID_CORRECTION,INVALID_CORRECTION,,corrective response is not a valid replacement PDDL problem,True,True,True,True,True,True,False,False,False,False,False,False,False,False,False,False,False,True,,,0,0,0,,,False,False,True,,0,0,,4,8,0.5,7,1,1,2,3,5,0,295.39677176901023,287.513539794978,,,0.0
kitchen__I3_MISSING_SOUP_UTENSIL__initial_observation_only__r00,kitchen,I3_MISSING_SOUP_UTENSIL,initial_observation_only,0,240090,4532495142b7a365d8bdba43f1776ab798818a28,PREDICTED_INFEASIBLE,False,UNRESOLVED_INVALID_CORRECTION,INVALID_CORRECTION,,corrective response is not a valid replacement PDDL problem,True,True,True,True,True,True,False,False,False,False,False,False,False,False,False,False,False,True,,,0,0,0,,,False,False,True,,0,0,,4,8,0.5,8,1,2,2,3,0,0,328.92601368098985,325.31146166002145,,,0.0
kitchen__I3_MISSING_SOUP_UTENSIL__initial_observation_only__r01,kitchen,I3_MISSING_SOUP_UTENSIL,initial_observation_only,1,240091,4532495142b7a365d8bdba43f1776ab798818a28,PREDICTED_INFEASIBLE,False,UNRESOLVED_INVALID_CORRECTION,INVALID_CORRECTION,,corrective response is not a valid replacement PDDL problem,True,True,True,True,True,True,True,True,True,True,False,False,False,False,False,False,False,True,2,2,1,1,1,8,,False,False,True,,0,0,,4,8,0.5,8,1,2,2,3,0,0,308.6842355970002,306.7135911450023,0.1639575359877199,,0.0
kitchen__I3_MISSING_SOUP_UTENSIL__initial_observation_only__r02,kitchen,I3_MISSING_SOUP_UTENSIL,initial_observation_only,2,240092,4532495142b7a365d8bdba43f1776ab798818a28,PREDICTED_INFEASIBLE,False,UNRESOLVED_IDENTITY_FAILURE,ENTITY_RESOLUTION,ENTITY_RESOLUTION,no class-compatible visible entity is close enough to 'cup_1',True,True,True,True,True,True,True,True,True,True,False,False,False,False,False,False,False,True,1,1,3,3,3,7,,False,False,True,,0,0,,4,8,0.5,8,1,2,2,3,0,0,307.70997300199815,305.28609125799267,0.1288746529899072,,0.0
kitchen__I3_MISSING_SOUP_UTENSIL__initial_observation_only__r03,kitchen,I3_MISSING_SOUP_UTENSIL,initial_observation_only,3,240093,4532495142b7a365d8bdba43f1776ab798818a28,PREDICTED_INFEASIBLE,False,UNRESOLVED_INVALID_CORRECTION,INVALID_CORRECTION,,corrective response is not a valid replacement PDDL problem,True,True,True,True,True,True,False,False,False,False,False,False,False,False,False,False,False,True,,,0,0,0,,,False,False,True,,0,0,,4,8,0.5,7,1,1,2,3,0,0,312.131090365001,310.37710451197927,,,0.0
kitchen__I3_MISSING_SOUP_UTENSIL__initial_observation_only__r04,kitchen,I3_MISSING_SOUP_UTENSIL,initial_observation_only,4,240094,4532495142b7a365d8bdba43f1776ab798818a28,PREDICTED_INFEASIBLE,False,UNRESOLVED_INVALID_CORRECTION,INVALID_CORRECTION,,corrective response is not a valid replacement PDDL problem,True,True,True,True,True,True,False,False,False,False,False,False,False,False,False,False,False,True,,,0,0,0,,,False,False,True,,0,0,,4,8,0.5,8,1,2,2,3,0,0,329.18775361398,327.51856536601554,,,0.0
kitchen__I4_MISSING_KETTLE__fixed_full_inspection__r00,kitchen,I4_MISSING_KETTLE,fixed_full_inspection,0,240105,4532495142b7a365d8bdba43f1776ab798818a28,FM_OBJECT_FAILURE,False,UNRESOLVED_FM_FAILURE,,,,True,False,False,False,False,False,False,False,False,False,False,False,False,False,False,False,False,False,,,0,0,0,,,False,,,,0,0,,0,0,,,0,0,0,0,0,0,143.227837,,,,
kitchen__I4_MISSING_KETTLE__fixed_full_inspection__r01,kitchen,I4_MISSING_KETTLE,fixed_full_inspection,1,240106,4532495142b7a365d8bdba43f1776ab798818a28,IDENTITY_FAILURE,False,UNRESOLVED_IDENTITY_FAILURE,INFRASTRUCTURE,,corrective-planning model unavailable: CORRECTIVE_PLANNING transport failed: Connection error.,True,True,True,True,True,True,True,True,True,True,False,False,False,False,False,False,False,True,1,1,1,1,1,4,,False,False,False,,0,0,,4,8,0.5,6,1,2,2,1,5,0,1032.2948368880025,911.9120891720522,0.17127490299753845,,0.0
kitchen__I4_MISSING_KETTLE__fixed_full_inspection__r02,kitchen,I4_MISSING_KETTLE,fixed_full_inspection,2,240107,4532495142b7a365d8bdba43f1776ab798818a28,PREDICTED_INFEASIBLE,False,UNRESOLVED_INVALID_CORRECTION,INVALID_CORRECTION,,corrective response is not a valid replacement PDDL problem,True,True,True,True,True,True,False,False,False,False,False,False,False,False,False,False,False,True,,,0,0,0,,,False,False,True,,0,0,,4,8,0.5,7,1,1,2,3,5,0,357.81885276699904,350.20433981803944,,,0.0
kitchen__I4_MISSING_KETTLE__fixed_full_inspection__r03,kitchen,I4_MISSING_KETTLE,fixed_full_inspection,3,240108,4532495142b7a365d8bdba43f1776ab798818a28,FM_OBJECT_FAILURE,False,UNRESOLVED_FM_FAILURE,,,,True,False,False,False,False,False,False,False,False,False,False,False,False,False,False,False,False,False,,,0,0,0,,,False,,,,0,0,,0,0,,,0,0,0,0,0,0,196.838429,,,,
kitchen__I4_MISSING_KETTLE__fixed_full_inspection__r04,kitchen,I4_MISSING_KETTLE,fixed_full_inspection,4,240109,4532495142b7a365d8bdba43f1776ab798818a28,PREDICTED_INFEASIBLE,False,UNRESOLVED_INVALID_CORRECTION,INVALID_CORRECTION,,corrective response is not a valid replacement PDDL problem,True,True,True,True,True,True,False,False,False,False,False,False,False,False,False,False,False,True,,,0,0,0,,,False,False,True,,0,0,,4,8,0.5,7,1,1,2,3,5,0,1038.2666076449968,1030.628160371998,,,0.0
kitchen__I4_MISSING_KETTLE__initial_observation_only__r00,kitchen,I4_MISSING_KETTLE,initial_observation_only,0,240100,4532495142b7a365d8bdba43f1776ab798818a28,PREDICTED_INFEASIBLE,False,UNRESOLVED_INVALID_CORRECTION,INVALID_CORRECTION,,corrective response is not a valid replacement PDDL problem,True,True,True,True,True,True,True,True,True,True,False,False,False,False,False,False,False,True,0,0,2,2,2,5,,False,False,True,,0,0,,4,8,0.5,7,1,1,2,3,0,0,292.89561690800474,291.0049210570287,0.1283478870172985,,0.0
kitchen__I4_MISSING_KETTLE__initial_observation_only__r01,kitchen,I4_MISSING_KETTLE,initial_observation_only,1,240101,4532495142b7a365d8bdba43f1776ab798818a28,PREDICTED_INFEASIBLE,False,UNRESOLVED_INVALID_CORRECTION,INVALID_CORRECTION,,corrective response is not a valid replacement PDDL problem,True,True,True,True,True,True,True,True,True,True,False,False,False,False,False,False,False,True,0,0,2,2,2,5,,False,False,True,,0,0,,4,8,0.5,7,1,1,2,3,0,0,276.7640971810033,274.7311412320123,0.15962737501831725,,0.0
kitchen__I4_MISSING_KETTLE__initial_observation_only__r02,kitchen,I4_MISSING_KETTLE,initial_observation_only,2,240102,4532495142b7a365d8bdba43f1776ab798818a28,PREDICTED_INFEASIBLE,False,UNRESOLVED_INVALID_CORRECTION,INVALID_CORRECTION,,corrective response is not a valid replacement PDDL problem,True,True,True,True,True,True,True,True,True,True,False,False,False,False,False,False,False,True,0,0,2,2,2,5,,False,False,True,,0,0,,4,8,0.5,7,1,1,2,3,0,0,264.74712627902045,261.4940029779973,0.16201586899114773,,0.0
kitchen__I4_MISSING_KETTLE__initial_observation_only__r03,kitchen,I4_MISSING_KETTLE,initial_observation_only,3,240103,4532495142b7a365d8bdba43f1776ab798818a28,PREDICTED_INFEASIBLE,False,UNRESOLVED_INVALID_CORRECTION,INVALID_CORRECTION,,corrective response is not a valid replacement PDDL problem,True,True,True,True,True,True,True,True,True,True,False,False,False,False,False,False,False,True,0,0,2,2,2,5,,False,False,True,,0,0,,4,8,0.5,7,1,1,2,3,0,0,297.85754701899714,295.95756943302695,0.13397425500443205,,0.0
kitchen__I4_MISSING_KETTLE__initial_observation_only__r04,kitchen,I4_MISSING_KETTLE,initial_observation_only,4,240104,4532495142b7a365d8bdba43f1776ab798818a28,PREDICTED_INFEASIBLE,False,UNRESOLVED_INVALID_CORRECTION,INVALID_CORRECTION,,corrective response is not a valid replacement PDDL problem,True,True,True,True,True,True,True,True,True,True,False,False,False,False,False,False,False,True,0,0,2,2,2,5,,False,False,True,,0,0,,4,8,0.5,7,1,1,2,3,0,0,295.5731632359966,293.76995776200783,0.13164041400887072,,0.0
kitchen__I5_MISSING_COFFEE_JAR__fixed_full_inspection__r00,kitchen,I5_MISSING_COFFEE_JAR,fixed_full_inspection,0,240115,4532495142b7a365d8bdba43f1776ab798818a28,PREDICTED_INFEASIBLE,False,UNRESOLVED_INVALID_CORRECTION,INVALID_CORRECTION,,corrective response is not a valid replacement PDDL problem,True,True,True,True,True,True,False,False,False,False,False,False,False,False,False,False,False,True,,,0,0,0,,,False,False,True,,0,0,,4,8,0.5,8,1,2,2,3,5,0,87.16749462899998,79.97021933300005,,,0.0
kitchen__I5_MISSING_COFFEE_JAR__fixed_full_inspection__r01,kitchen,I5_MISSING_COFFEE_JAR,fixed_full_inspection,1,240116,4532495142b7a365d8bdba43f1776ab798818a28,BENCHMARK_FAILURE,False,PLAN_FOUND,,,,True,True,True,True,True,True,True,False,True,True,True,True,True,True,True,True,True,True,0,,1,0,1,0,0,False,False,False,False,0,2,0.0,4,8,0.5,5,1,2,2,0,5,,69.62462452099999,60.850488463000204,0.1617532760000131,,0.032370046999972146
kitchen__I5_MISSING_COFFEE_JAR__fixed_full_inspection__r02,kitchen,I5_MISSING_COFFEE_JAR,fixed_full_inspection,2,240117,4532495142b7a365d8bdba43f1776ab798818a28,PREDICTED_INFEASIBLE,False,UNRESOLVED_INVALID_CORRECTION,INVALID_CORRECTION,,corrective response is not a valid replacement PDDL problem,True,True,True,True,True,True,False,False,False,False,False,False,False,False,False,False,False,True,,,0,0,0,,,False,False,True,,0,0,,4,8,0.5,8,1,2,2,3,5,0,521.5695911300136,514.217829613015,,,0.0
kitchen__I5_MISSING_COFFEE_JAR__fixed_full_inspection__r03,kitchen,I5_MISSING_COFFEE_JAR,fixed_full_inspection,3,240118,4532495142b7a365d8bdba43f1776ab798818a28,PREDICTED_INFEASIBLE,False,UNRESOLVED_IDENTITY_FAILURE,ENTITY_RESOLUTION,ENTITY_RESOLUTION,no class-compatible visible entity is close enough to 'coffee_pot_1',True,True,True,True,True,True,True,True,True,True,False,False,False,False,False,False,False,True,0,0,4,4,4,3,,False,False,True,,0,0,,4,8,0.5,7,1,1,2,3,5,0,56.58718250499999,47.37026278400015,0.1421342949998916,,0.0
kitchen__I5_MISSING_COFFEE_JAR__fixed_full_inspection__r04,kitchen,I5_MISSING_COFFEE_JAR,fixed_full_inspection,4,240119,4532495142b7a365d8bdba43f1776ab798818a28,PREDICTED_INFEASIBLE,False,UNRESOLVED_INVALID_CORRECTION,INVALID_CORRECTION,,corrective response is not a valid replacement PDDL problem,True,True,True,True,True,True,False,False,False,False,False,False,False,False,False,False,False,True,,,0,0,0,,,False,False,True,,0,0,,4,8,0.5,8,1,2,2,3,5,0,1001.9940497500065,994.1887945930066,,,0.0
kitchen__I5_MISSING_COFFEE_JAR__initial_observation_only__r00,kitchen,I5_MISSING_COFFEE_JAR,initial_observation_only,0,240110,4532495142b7a365d8bdba43f1776ab798818a28,PREDICTED_INFEASIBLE,False,UNRESOLVED_IDENTITY_FAILURE,ENTITY_RESOLUTION,ENTITY_RESOLUTION,no class-compatible visible entity is close enough to 'cup_1',True,True,True,True,True,True,True,True,True,True,False,False,False,False,False,False,False,True,0,0,3,3,3,3,,False,False,True,,0,0,,4,8,0.5,7,1,1,2,3,0,0,883.3819473419862,881.1346669579798,0.15556227098568343,,0.0
kitchen__I5_MISSING_COFFEE_JAR__initial_observation_only__r01,kitchen,I5_MISSING_COFFEE_JAR,initial_observation_only,1,240111,4532495142b7a365d8bdba43f1776ab798818a28,PREDICTED_INFEASIBLE,False,UNRESOLVED_IDENTITY_FAILURE,ENTITY_RESOLUTION,ENTITY_RESOLUTION,no class-compatible visible entity is close enough to 'cup_1',True,True,True,True,True,True,True,True,True,True,False,False,False,False,False,False,False,True,0,0,3,3,3,3,,False,False,True,,0,0,,4,8,0.5,7,1,1,2,3,0,0,1005.4310719030036,1003.2715243589191,0.12536318600177765,,0.0
kitchen__I5_MISSING_COFFEE_JAR__initial_observation_only__r02,kitchen,I5_MISSING_COFFEE_JAR,initial_observation_only,2,240112,4532495142b7a365d8bdba43f1776ab798818a28,PREDICTED_INFEASIBLE,False,UNRESOLVED_IDENTITY_FAILURE,ENTITY_RESOLUTION,ENTITY_RESOLUTION,no class-compatible visible entity is close enough to 'cup_1',True,True,True,True,True,True,True,True,True,True,False,False,False,False,False,False,False,True,0,0,3,3,3,3,,False,False,True,,0,0,,4,8,0.5,7,1,1,2,3,0,0,897.8523907359922,895.7394084819825,0.13942542500444688,,0.0
kitchen__I5_MISSING_COFFEE_JAR__initial_observation_only__r03,kitchen,I5_MISSING_COFFEE_JAR,initial_observation_only,3,240113,4532495142b7a365d8bdba43f1776ab798818a28,PREDICTED_INFEASIBLE,False,UNRESOLVED_IDENTITY_FAILURE,ENTITY_RESOLUTION,ENTITY_RESOLUTION,no class-compatible visible entity is close enough to 'cup_1',True,True,True,True,True,True,True,True,True,True,False,False,False,False,False,False,False,True,0,0,3,3,3,3,,False,False,True,,0,0,,4,8,0.5,7,1,1,2,3,0,0,303.77788950598915,301.7505798540078,0.11864401001366787,,0.0
kitchen__I5_MISSING_COFFEE_JAR__initial_observation_only__r04,kitchen,I5_MISSING_COFFEE_JAR,initial_observation_only,4,240114,4532495142b7a365d8bdba43f1776ab798818a28,PREDICTED_INFEASIBLE,False,UNRESOLVED_IDENTITY_FAILURE,ENTITY_RESOLUTION,ENTITY_RESOLUTION,no class-compatible visible entity is close enough to 'cup_1',True,True,True,True,True,True,True,True,True,True,False,False,False,False,False,False,False,True,0,0,3,3,3,3,,False,False,True,,0,0,,4,8,0.5,7,1,1,2,3,0,0,73.87037209499994,71.58892889300017,0.16354756099997303,,0.0
living_room__F0_ALL_OBJECTS_IN_STAGING__fixed_full_inspection__r00,living_room,F0_ALL_OBJECTS_IN_STAGING,fixed_full_inspection,0,240125,4532495142b7a365d8bdba43f1776ab798818a28,PREDICTED_INFEASIBLE,False,UNRESOLVED_INVALID_CORRECTION,INVALID_CORRECTION,,corrective response is not a valid replacement PDDL problem,True,True,True,True,True,True,False,False,False,False,False,False,False,False,False,False,False,True,,,0,0,0,,,False,True,True,,0,0,,2,6,0.3333333333333333,7,1,1,2,3,0,0,897.6557975299947,896.4912099209905,,,0.0
living_room__F0_ALL_OBJECTS_IN_STAGING__fixed_full_inspection__r01,living_room,F0_ALL_OBJECTS_IN_STAGING,fixed_full_inspection,1,240126,4532495142b7a365d8bdba43f1776ab798818a28,PREDICTED_INFEASIBLE,False,UNRESOLVED_INVALID_CORRECTION,INVALID_CORRECTION,,corrective response is not a valid replacement PDDL problem,True,True,True,True,True,True,False,False,False,False,False,False,False,False,False,False,False,True,,,0,0,0,,,False,True,True,,0,0,,2,6,0.3333333333333333,7,1,1,2,3,0,0,33.27576176700006,32.29275785599987,,,0.0
living_room__F0_ALL_OBJECTS_IN_STAGING__fixed_full_inspection__r02,living_room,F0_ALL_OBJECTS_IN_STAGING,fixed_full_inspection,2,240127,4532495142b7a365d8bdba43f1776ab798818a28,PREDICTED_INFEASIBLE,False,UNRESOLVED_INVALID_CORRECTION,INVALID_CORRECTION,,corrective response is not a valid replacement PDDL problem,True,True,True,True,True,True,False,False,False,False,False,False,False,False,False,False,False,True,,,0,0,0,,,False,True,True,,0,0,,2,6,0.3333333333333333,7,1,1,2,3,0,0,32.85878493400003,31.85482511200007,,,0.0
living_room__F0_ALL_OBJECTS_IN_STAGING__fixed_full_inspection__r03,living_room,F0_ALL_OBJECTS_IN_STAGING,fixed_full_inspection,3,240128,4532495142b7a365d8bdba43f1776ab798818a28,PREDICTED_INFEASIBLE,False,UNRESOLVED_INVALID_CORRECTION,INVALID_CORRECTION,,corrective response is not a valid replacement PDDL problem,True,True,True,True,True,True,False,False,False,False,False,False,False,False,False,False,False,True,,,0,0,0,,,False,True,True,,0,0,,2,6,0.3333333333333333,7,1,1,2,3,0,0,21.036841808000077,20.129108417999987,,,0.0
living_room__F0_ALL_OBJECTS_IN_STAGING__fixed_full_inspection__r04,living_room,F0_ALL_OBJECTS_IN_STAGING,fixed_full_inspection,4,240129,4532495142b7a365d8bdba43f1776ab798818a28,PREDICTED_INFEASIBLE,False,UNRESOLVED_INVALID_CORRECTION,INVALID_CORRECTION,,corrective response is not a valid replacement PDDL problem,True,True,True,True,True,True,False,False,False,False,False,False,False,False,False,False,False,True,,,0,0,0,,,False,True,True,,0,0,,2,6,0.3333333333333333,7,1,1,2,3,0,0,24.86821763599994,23.8721002059998,,,0.0
living_room__F0_ALL_OBJECTS_IN_STAGING__initial_observation_only__r00,living_room,F0_ALL_OBJECTS_IN_STAGING,initial_observation_only,0,240120,4532495142b7a365d8bdba43f1776ab798818a28,PREDICTED_INFEASIBLE,False,UNRESOLVED_INVALID_CORRECTION,INVALID_CORRECTION,,corrective response is not a valid replacement PDDL problem,True,True,True,True,True,True,False,False,False,False,False,False,False,False,False,False,False,True,,,0,0,0,,,False,True,True,,0,0,,2,6,0.3333333333333333,7,1,1,2,3,0,0,463.83083536400227,462.77330838906346,,,0.0
living_room__F0_ALL_OBJECTS_IN_STAGING__initial_observation_only__r01,living_room,F0_ALL_OBJECTS_IN_STAGING,initial_observation_only,1,240121,4532495142b7a365d8bdba43f1776ab798818a28,PREDICTED_INFEASIBLE,False,UNRESOLVED_INVALID_CORRECTION,INVALID_CORRECTION,,corrective response is not a valid replacement PDDL problem,True,True,True,True,True,True,False,False,False,False,False,False,False,False,False,False,False,True,,,0,0,0,,,False,True,True,,0,0,,2,6,0.3333333333333333,7,1,1,2,3,0,0,36.65799234200006,35.701147350000156,,,0.0
living_room__F0_ALL_OBJECTS_IN_STAGING__initial_observation_only__r02,living_room,F0_ALL_OBJECTS_IN_STAGING,initial_observation_only,2,240122,4532495142b7a365d8bdba43f1776ab798818a28,PREDICTED_INFEASIBLE,False,UNRESOLVED_INVALID_CORRECTION,INVALID_CORRECTION,,corrective response is not a valid replacement PDDL problem,True,True,True,True,True,True,False,False,False,False,False,False,False,False,False,False,False,True,,,0,0,0,,,False,True,True,,0,0,,2,6,0.3333333333333333,7,1,1,2,3,0,0,46.99864964999995,46.033887265999965,,,0.0
living_room__F0_ALL_OBJECTS_IN_STAGING__initial_observation_only__r03,living_room,F0_ALL_OBJECTS_IN_STAGING,initial_observation_only,3,240123,4532495142b7a365d8bdba43f1776ab798818a28,PREDICTED_INFEASIBLE,False,UNRESOLVED_INVALID_CORRECTION,INVALID_CORRECTION,,corrective response is not a valid replacement PDDL problem,True,True,True,True,True,True,False,False,False,False,False,False,False,False,False,False,False,True,,,0,0,0,,,False,True,True,,0,0,,2,6,0.3333333333333333,7,1,1,2,3,0,0,45.782018852999954,44.81798012699983,,,0.0
living_room__F0_ALL_OBJECTS_IN_STAGING__initial_observation_only__r04,living_room,F0_ALL_OBJECTS_IN_STAGING,initial_observation_only,4,240124,4532495142b7a365d8bdba43f1776ab798818a28,PREDICTED_INFEASIBLE,False,UNRESOLVED_INVALID_CORRECTION,INVALID_CORRECTION,,corrective response is not a valid replacement PDDL problem,True,True,True,True,True,True,False,False,False,False,False,False,False,False,False,False,False,True,,,0,0,0,,,False,True,True,,0,0,,2,6,0.3333333333333333,7,1,1,2,3,0,0,29.68412842300006,28.688186485000074,,,0.0
living_room__F1_LEFT_SAUCER_PREPLACED__fixed_full_inspection__r00,living_room,F1_LEFT_SAUCER_PREPLACED,fixed_full_inspection,0,240135,4532495142b7a365d8bdba43f1776ab798818a28,PREDICTED_INFEASIBLE,False,UNRESOLVED_INVALID_CORRECTION,INVALID_CORRECTION,,corrective response is not a valid replacement PDDL problem,True,True,True,True,True,True,False,False,False,False,False,False,False,False,False,False,False,True,,,0,0,0,,,False,True,True,,0,0,,2,6,0.3333333333333333,7,1,1,2,3,0,0,36.42295407100005,35.33626092700001,,,0.0
living_room__F1_LEFT_SAUCER_PREPLACED__fixed_full_inspection__r01,living_room,F1_LEFT_SAUCER_PREPLACED,fixed_full_inspection,1,240136,4532495142b7a365d8bdba43f1776ab798818a28,PREDICTED_INFEASIBLE,False,UNRESOLVED_INVALID_CORRECTION,INVALID_CORRECTION,,corrective response is not a valid replacement PDDL problem,True,True,True,True,True,True,False,False,False,False,False,False,False,False,False,False,False,True,,,0,0,0,,,False,True,True,,0,0,,2,6,0.3333333333333333,7,1,1,2,3,0,0,28.726626689,27.744541067,,,0.0
living_room__F1_LEFT_SAUCER_PREPLACED__fixed_full_inspection__r02,living_room,F1_LEFT_SAUCER_PREPLACED,fixed_full_inspection,2,240137,4532495142b7a365d8bdba43f1776ab798818a28,PREDICTED_INFEASIBLE,False,UNRESOLVED_INVALID_CORRECTION,INVALID_CORRECTION,,corrective response is not a valid replacement PDDL problem,True,True,True,True,True,True,False,False,False,False,False,False,False,False,False,False,False,True,,,0,0,0,,,False,True,True,,0,0,,2,6,0.3333333333333333,7,1,1,2,3,0,0,23.347520012000018,22.35067795200007,,,0.0
living_room__F1_LEFT_SAUCER_PREPLACED__fixed_full_inspection__r03,living_room,F1_LEFT_SAUCER_PREPLACED,fixed_full_inspection,3,240138,4532495142b7a365d8bdba43f1776ab798818a28,PREDICTED_INFEASIBLE,False,UNRESOLVED_INVALID_CORRECTION,INVALID_CORRECTION,,corrective response is not a valid replacement PDDL problem,True,True,True,True,True,True,False,False,False,False,False,False,False,False,False,False,False,True,,,0,0,0,,,False,True,True,,0,0,,2,6,0.3333333333333333,7,1,1,2,3,0,0,28.550179680000042,27.5738935789999,,,0.0
living_room__F1_LEFT_SAUCER_PREPLACED__fixed_full_inspection__r04,living_room,F1_LEFT_SAUCER_PREPLACED,fixed_full_inspection,4,240139,4532495142b7a365d8bdba43f1776ab798818a28,PREDICTED_INFEASIBLE,False,UNRESOLVED_INVALID_CORRECTION,INVALID_CORRECTION,,corrective response is not a valid replacement PDDL problem,True,True,True,True,True,True,False,False,False,False,False,False,False,False,False,False,False,True,,,0,0,0,,,False,True,True,,0,0,,2,6,0.3333333333333333,7,1,1,2,3,0,0,25.910652501999948,24.77397747300006,,,0.0
living_room__F1_LEFT_SAUCER_PREPLACED__initial_observation_only__r00,living_room,F1_LEFT_SAUCER_PREPLACED,initial_observation_only,0,240130,4532495142b7a365d8bdba43f1776ab798818a28,PREDICTED_INFEASIBLE,False,UNRESOLVED_INVALID_CORRECTION,INVALID_CORRECTION,,corrective response is not a valid replacement PDDL problem,True,True,True,True,True,True,False,False,False,False,False,False,False,False,False,False,False,True,,,0,0,0,,,False,True,True,,0,0,,2,6,0.3333333333333333,7,1,1,2,3,0,0,25.843902421000053,24.78520750600012,,,0.0
living_room__F1_LEFT_SAUCER_PREPLACED__initial_observation_only__r01,living_room,F1_LEFT_SAUCER_PREPLACED,initial_observation_only,1,240131,4532495142b7a365d8bdba43f1776ab798818a28,PREDICTED_INFEASIBLE,False,UNRESOLVED_INVALID_CORRECTION,INVALID_CORRECTION,,corrective response is not a valid replacement PDDL problem,True,True,True,True,True,True,False,False,False,False,False,False,False,False,False,False,False,True,,,0,0,0,,,False,True,True,,0,0,,2,6,0.3333333333333333,7,1,1,2,3,0,0,30.429733714999998,29.51415160700003,,,0.0
living_room__F1_LEFT_SAUCER_PREPLACED__initial_observation_only__r02,living_room,F1_LEFT_SAUCER_PREPLACED,initial_observation_only,2,240132,4532495142b7a365d8bdba43f1776ab798818a28,PREDICTED_INFEASIBLE,False,UNRESOLVED_INVALID_CORRECTION,INVALID_CORRECTION,,corrective response is not a valid replacement PDDL problem,True,True,True,True,True,True,False,False,False,False,False,False,False,False,False,False,False,True,,,0,0,0,,,False,True,True,,0,0,,2,6,0.3333333333333333,7,1,1,2,3,0,0,30.527480776999937,29.57652827400011,,,0.0
living_room__F1_LEFT_SAUCER_PREPLACED__initial_observation_only__r03,living_room,F1_LEFT_SAUCER_PREPLACED,initial_observation_only,3,240133,4532495142b7a365d8bdba43f1776ab798818a28,PREDICTED_INFEASIBLE,False,UNRESOLVED_INVALID_CORRECTION,INVALID_CORRECTION,,corrective response is not a valid replacement PDDL problem,True,True,True,True,True,True,False,False,False,False,False,False,False,False,False,False,False,True,,,0,0,0,,,False,True,True,,0,0,,2,6,0.3333333333333333,7,1,1,2,3,0,0,39.984058293999965,38.98006538499999,,,0.0
living_room__F1_LEFT_SAUCER_PREPLACED__initial_observation_only__r04,living_room,F1_LEFT_SAUCER_PREPLACED,initial_observation_only,4,240134,4532495142b7a365d8bdba43f1776ab798818a28,PREDICTED_INFEASIBLE,False,UNRESOLVED_INVALID_CORRECTION,INVALID_CORRECTION,,corrective response is not a valid replacement PDDL problem,True,True,True,True,True,True,False,False,False,False,False,False,False,False,False,False,False,True,,,0,0,0,,,False,True,True,,0,0,,2,6,0.3333333333333333,7,1,1,2,3,0,0,32.755865771,31.795420456999977,,,0.0
living_room__F2_LEFT_SAUCER_ON_SHARED__fixed_full_inspection__r00,living_room,F2_LEFT_SAUCER_ON_SHARED,fixed_full_inspection,0,240145,4532495142b7a365d8bdba43f1776ab798818a28,PREDICTED_INFEASIBLE,False,UNRESOLVED_INVALID_CORRECTION,INVALID_CORRECTION,,corrective response is not a valid replacement PDDL problem,True,True,True,True,True,True,False,False,False,False,False,False,False,False,False,False,False,True,,,0,0,0,,,False,True,True,,0,0,,2,6,0.3333333333333333,7,1,1,2,3,0,0,21.432880003000037,20.42962890400031,,,0.0
living_room__F2_LEFT_SAUCER_ON_SHARED__fixed_full_inspection__r01,living_room,F2_LEFT_SAUCER_ON_SHARED,fixed_full_inspection,1,240146,4532495142b7a365d8bdba43f1776ab798818a28,PREDICTED_INFEASIBLE,False,UNRESOLVED_INVALID_CORRECTION,INVALID_CORRECTION,,corrective response is not a valid replacement PDDL problem,True,True,True,True,True,True,False,False,False,False,False,False,False,False,False,False,False,True,,,0,0,0,,,False,True,True,,0,0,,2,6,0.3333333333333333,7,1,1,2,3,0,0,29.00100278100001,28.029043731,,,0.0
living_room__F2_LEFT_SAUCER_ON_SHARED__fixed_full_inspection__r02,living_room,F2_LEFT_SAUCER_ON_SHARED,fixed_full_inspection,2,240147,4532495142b7a365d8bdba43f1776ab798818a28,PREDICTED_INFEASIBLE,False,UNRESOLVED_INVALID_CORRECTION,INVALID_CORRECTION,,corrective response is not a valid replacement PDDL problem,True,True,True,True,True,True,False,False,False,False,False,False,False,False,False,False,False,True,,,0,0,0,,,False,True,True,,0,0,,2,6,0.3333333333333333,7,1,1,2,3,0,0,26.670274456000016,25.740791387000172,,,0.0
living_room__F2_LEFT_SAUCER_ON_SHARED__fixed_full_inspection__r03,living_room,F2_LEFT_SAUCER_ON_SHARED,fixed_full_inspection,3,240148,4532495142b7a365d8bdba43f1776ab798818a28,PREDICTED_INFEASIBLE,False,UNRESOLVED_INVALID_CORRECTION,INVALID_CORRECTION,,corrective response is not a valid replacement PDDL problem,True,True,True,True,True,True,False,False,False,False,False,False,False,False,False,False,False,True,,,0,0,0,,,False,True,True,,0,0,,2,6,0.3333333333333333,7,1,1,2,3,0,0,18.48470999899996,17.43134893899969,,,0.0
living_room__F2_LEFT_SAUCER_ON_SHARED__fixed_full_inspection__r04,living_room,F2_LEFT_SAUCER_ON_SHARED,fixed_full_inspection,4,240149,4532495142b7a365d8bdba43f1776ab798818a28,PREDICTED_INFEASIBLE,False,UNRESOLVED_INVALID_CORRECTION,INVALID_CORRECTION,,corrective response is not a valid replacement PDDL problem,True,True,True,True,True,True,False,False,False,False,False,False,False,False,False,False,False,True,,,0,0,0,,,False,True,True,,0,0,,2,6,0.3333333333333333,7,1,1,2,3,0,0,17.414006829000073,16.42167974999984,,,0.0
living_room__F2_LEFT_SAUCER_ON_SHARED__initial_observation_only__r00,living_room,F2_LEFT_SAUCER_ON_SHARED,initial_observation_only,0,240140,4532495142b7a365d8bdba43f1776ab798818a28,PREDICTED_INFEASIBLE,False,UNRESOLVED_INVALID_CORRECTION,INVALID_CORRECTION,,corrective response is not a valid replacement PDDL problem,True,True,True,True,True,True,False,False,False,False,False,False,False,False,False,False,False,True,,,0,0,0,,,False,True,True,,0,0,,2,6,0.3333333333333333,7,1,1,2,3,0,0,35.729795962000026,34.73613008799987,,,0.0
living_room__F2_LEFT_SAUCER_ON_SHARED__initial_observation_only__r01,living_room,F2_LEFT_SAUCER_ON_SHARED,initial_observation_only,1,240141,4532495142b7a365d8bdba43f1776ab798818a28,PREDICTED_INFEASIBLE,False,UNRESOLVED_INVALID_CORRECTION,INVALID_CORRECTION,,corrective response is not a valid replacement PDDL problem,True,True,True,True,True,True,False,False,False,False,False,False,False,False,False,False,False,True,,,0,0,0,,,False,True,True,,0,0,,2,6,0.3333333333333333,7,1,1,2,3,0,0,28.05263573100001,27.01811781799995,,,0.0
living_room__F2_LEFT_SAUCER_ON_SHARED__initial_observation_only__r02,living_room,F2_LEFT_SAUCER_ON_SHARED,initial_observation_only,2,240142,4532495142b7a365d8bdba43f1776ab798818a28,PREDICTED_INFEASIBLE,False,UNRESOLVED_INVALID_CORRECTION,INVALID_CORRECTION,,corrective response is not a valid replacement PDDL problem,True,True,True,True,True,True,False,False,False,False,False,False,False,False,False,False,False,True,,,0,0,0,,,False,True,True,,0,0,,2,6,0.3333333333333333,7,1,1,2,3,0,0,27.34475807000001,26.36920497400024,,,0.0
living_room__F2_LEFT_SAUCER_ON_SHARED__initial_observation_only__r03,living_room,F2_LEFT_SAUCER_ON_SHARED,initial_observation_only,3,240143,4532495142b7a365d8bdba43f1776ab798818a28,PREDICTED_INFEASIBLE,False,UNRESOLVED_INVALID_CORRECTION,INVALID_CORRECTION,,corrective response is not a valid replacement PDDL problem,True,True,True,True,True,True,False,False,False,False,False,False,False,False,False,False,False,True,,,0,0,0,,,False,True,True,,0,0,,2,6,0.3333333333333333,7,1,1,2,3,0,0,24.042892166,22.93172614800028,,,0.0
living_room__F2_LEFT_SAUCER_ON_SHARED__initial_observation_only__r04,living_room,F2_LEFT_SAUCER_ON_SHARED,initial_observation_only,4,240144,4532495142b7a365d8bdba43f1776ab798818a28,PREDICTED_INFEASIBLE,False,UNRESOLVED_INVALID_CORRECTION,INVALID_CORRECTION,,corrective response is not a valid replacement PDDL problem,True,True,True,True,True,True,False,False,False,False,False,False,False,False,False,False,False,True,,,0,0,0,,,False,True,True,,0,0,,2,6,0.3333333333333333,7,1,1,2,3,0,0,22.835462484999994,21.854455500000313,,,0.0
living_room__F3_LEFT_CUP_ON_SHARED__fixed_full_inspection__r00,living_room,F3_LEFT_CUP_ON_SHARED,fixed_full_inspection,0,240155,4532495142b7a365d8bdba43f1776ab798818a28,PREDICTED_INFEASIBLE,False,UNRESOLVED_INVALID_CORRECTION,INVALID_CORRECTION,,corrective response is not a valid replacement PDDL problem,True,True,True,True,True,True,False,False,False,False,False,False,False,False,False,False,False,True,,,0,0,0,,,False,True,True,,0,0,,2,6,0.3333333333333333,7,1,1,2,3,0,0,24.611618591000024,23.640017997000086,,,0.0
living_room__F3_LEFT_CUP_ON_SHARED__fixed_full_inspection__r01,living_room,F3_LEFT_CUP_ON_SHARED,fixed_full_inspection,1,240156,4532495142b7a365d8bdba43f1776ab798818a28,PREDICTED_INFEASIBLE,False,UNRESOLVED_INVALID_CORRECTION,INVALID_CORRECTION,,corrective response is not a valid replacement PDDL problem,True,True,True,True,True,True,False,False,False,False,False,False,False,False,False,False,False,True,,,0,0,0,,,False,True,True,,0,0,,2,6,0.3333333333333333,7,1,1,2,3,0,0,24.224271557000066,23.268815494000023,,,0.0
living_room__F3_LEFT_CUP_ON_SHARED__fixed_full_inspection__r02,living_room,F3_LEFT_CUP_ON_SHARED,fixed_full_inspection,2,240157,4532495142b7a365d8bdba43f1776ab798818a28,PREDICTED_INFEASIBLE,False,UNRESOLVED_INVALID_CORRECTION,INVALID_CORRECTION,,corrective response is not a valid replacement PDDL problem,True,True,True,True,True,True,False,False,False,False,False,False,False,False,False,False,False,True,,,0,0,0,,,False,True,True,,0,0,,2,6,0.3333333333333333,7,1,1,2,3,0,0,23.85598619899997,22.866869383999756,,,0.0
living_room__F3_LEFT_CUP_ON_SHARED__fixed_full_inspection__r03,living_room,F3_LEFT_CUP_ON_SHARED,fixed_full_inspection,3,240158,4532495142b7a365d8bdba43f1776ab798818a28,PREDICTED_INFEASIBLE,False,UNRESOLVED_INVALID_CORRECTION,INVALID_CORRECTION,,corrective response is not a valid replacement PDDL problem,True,True,True,True,True,True,False,False,False,False,False,False,False,False,False,False,False,True,,,0,0,0,,,False,True,True,,0,0,,2,6,0.3333333333333333,7,1,1,2,3,0,0,21.930638168999963,20.891427671999963,,,0.0
living_room__F3_LEFT_CUP_ON_SHARED__fixed_full_inspection__r04,living_room,F3_LEFT_CUP_ON_SHARED,fixed_full_inspection,4,240159,4532495142b7a365d8bdba43f1776ab798818a28,PREDICTED_INFEASIBLE,False,UNRESOLVED_INVALID_CORRECTION,INVALID_CORRECTION,,corrective response is not a valid replacement PDDL problem,True,True,True,True,True,True,False,False,False,False,False,False,False,False,False,False,False,True,,,0,0,0,,,False,True,True,,0,0,,2,6,0.3333333333333333,7,1,1,2,3,0,0,22.06859381000004,20.773643934000006,,,0.0
living_room__F3_LEFT_CUP_ON_SHARED__initial_observation_only__r00,living_room,F3_LEFT_CUP_ON_SHARED,initial_observation_only,0,240150,4532495142b7a365d8bdba43f1776ab798818a28,PREDICTED_INFEASIBLE,False,UNRESOLVED_INVALID_CORRECTION,INVALID_CORRECTION,,corrective response is not a valid replacement PDDL problem,True,True,True,True,True,True,False,False,False,False,False,False,False,False,False,False,False,True,,,0,0,0,,,False,True,True,,0,0,,2,6,0.3333333333333333,7,1,1,2,3,0,0,34.95926617199996,33.96234615800006,,,0.0
living_room__F3_LEFT_CUP_ON_SHARED__initial_observation_only__r01,living_room,F3_LEFT_CUP_ON_SHARED,initial_observation_only,1,240151,4532495142b7a365d8bdba43f1776ab798818a28,PREDICTED_INFEASIBLE,False,UNRESOLVED_INVALID_CORRECTION,INVALID_CORRECTION,,corrective response is not a valid replacement PDDL problem,True,True,True,True,True,True,False,False,False,False,False,False,False,False,False,False,False,True,,,0,0,0,,,False,True,True,,0,0,,2,6,0.3333333333333333,7,1,1,2,3,0,0,25.84929695300002,24.886021715999732,,,0.0
living_room__F3_LEFT_CUP_ON_SHARED__initial_observation_only__r02,living_room,F3_LEFT_CUP_ON_SHARED,initial_observation_only,2,240152,4532495142b7a365d8bdba43f1776ab798818a28,PREDICTED_INFEASIBLE,False,UNRESOLVED_INVALID_CORRECTION,INVALID_CORRECTION,,corrective response is not a valid replacement PDDL problem,True,True,True,True,True,True,False,False,False,False,False,False,False,False,False,False,False,True,,,0,0,0,,,False,True,True,,0,0,,2,6,0.3333333333333333,7,1,1,2,3,0,0,30.397021244999905,29.4555573990001,,,0.0
living_room__F3_LEFT_CUP_ON_SHARED__initial_observation_only__r03,living_room,F3_LEFT_CUP_ON_SHARED,initial_observation_only,3,240153,4532495142b7a365d8bdba43f1776ab798818a28,PREDICTED_INFEASIBLE,False,UNRESOLVED_INVALID_CORRECTION,INVALID_CORRECTION,,corrective response is not a valid replacement PDDL problem,True,True,True,True,True,True,False,False,False,False,False,False,False,False,False,False,False,True,,,0,0,0,,,False,True,True,,0,0,,2,6,0.3333333333333333,7,1,1,2,3,0,0,23.244648957000095,22.088170203999994,,,0.0
living_room__F3_LEFT_CUP_ON_SHARED__initial_observation_only__r04,living_room,F3_LEFT_CUP_ON_SHARED,initial_observation_only,4,240154,4532495142b7a365d8bdba43f1776ab798818a28,PREDICTED_INFEASIBLE,False,UNRESOLVED_INVALID_CORRECTION,INVALID_CORRECTION,,corrective response is not a valid replacement PDDL problem,True,True,True,True,True,True,False,False,False,False,False,False,False,False,False,False,False,True,,,0,0,0,,,False,True,True,,0,0,,2,6,0.3333333333333333,7,1,1,2,3,0,0,29.13134367800012,28.161105578999923,,,0.0
living_room__F4_SAUCER_PREPLACED_CUP_ON_SHARED__fixed_full_inspection__r00,living_room,F4_SAUCER_PREPLACED_CUP_ON_SHARED,fixed_full_inspection,0,240165,4532495142b7a365d8bdba43f1776ab798818a28,PREDICTED_INFEASIBLE,False,UNRESOLVED_INVALID_CORRECTION,INVALID_CORRECTION,,corrective response is not a valid replacement PDDL problem,True,True,True,True,True,True,False,False,False,False,False,False,False,False,False,False,False,True,,,0,0,0,,,False,True,True,,0,0,,2,6,0.3333333333333333,7,1,1,2,3,0,0,23.633599532000062,22.649013678999836,,,0.0
living_room__F4_SAUCER_PREPLACED_CUP_ON_SHARED__fixed_full_inspection__r01,living_room,F4_SAUCER_PREPLACED_CUP_ON_SHARED,fixed_full_inspection,1,240166,4532495142b7a365d8bdba43f1776ab798818a28,PREDICTED_INFEASIBLE,False,UNRESOLVED_INVALID_CORRECTION,INVALID_CORRECTION,,corrective response is not a valid replacement PDDL problem,True,True,True,True,True,True,False,False,False,False,False,False,False,False,False,False,False,True,,,0,0,0,,,False,True,True,,0,0,,2,6,0.3333333333333333,7,1,1,2,3,0,0,25.224251278999873,24.184996615999808,,,0.0
living_room__F4_SAUCER_PREPLACED_CUP_ON_SHARED__fixed_full_inspection__r02,living_room,F4_SAUCER_PREPLACED_CUP_ON_SHARED,fixed_full_inspection,2,240167,4532495142b7a365d8bdba43f1776ab798818a28,PREDICTED_INFEASIBLE,False,UNRESOLVED_INVALID_CORRECTION,INVALID_CORRECTION,,corrective response is not a valid replacement PDDL problem,True,True,True,True,True,True,False,False,False,False,False,False,False,False,False,False,False,True,,,0,0,0,,,False,True,True,,0,0,,2,6,0.3333333333333333,7,1,1,2,3,0,0,24.87314612800003,23.722409225999968,,,0.0
living_room__F4_SAUCER_PREPLACED_CUP_ON_SHARED__fixed_full_inspection__r03,living_room,F4_SAUCER_PREPLACED_CUP_ON_SHARED,fixed_full_inspection,3,240168,4532495142b7a365d8bdba43f1776ab798818a28,PREDICTED_INFEASIBLE,False,UNRESOLVED_INVALID_CORRECTION,INVALID_CORRECTION,,corrective response is not a valid replacement PDDL problem,True,True,True,True,True,True,False,False,False,False,False,False,False,False,False,False,False,True,,,0,0,0,,,False,True,True,,0,0,,2,6,0.3333333333333333,7,1,1,2,3,0,0,21.570537376999937,20.562820951000162,,,0.0
living_room__F4_SAUCER_PREPLACED_CUP_ON_SHARED__fixed_full_inspection__r04,living_room,F4_SAUCER_PREPLACED_CUP_ON_SHARED,fixed_full_inspection,4,240169,4532495142b7a365d8bdba43f1776ab798818a28,PREDICTED_INFEASIBLE,False,UNRESOLVED_INVALID_CORRECTION,INVALID_CORRECTION,,corrective response is not a valid replacement PDDL problem,True,True,True,True,True,True,False,False,False,False,False,False,False,False,False,False,False,True,,,0,0,0,,,False,True,True,,0,0,,2,6,0.3333333333333333,7,1,1,2,3,0,0,23.713712975999897,22.816088465999883,,,0.0
living_room__F4_SAUCER_PREPLACED_CUP_ON_SHARED__initial_observation_only__r00,living_room,F4_SAUCER_PREPLACED_CUP_ON_SHARED,initial_observation_only,0,240160,4532495142b7a365d8bdba43f1776ab798818a28,PREDICTED_INFEASIBLE,False,UNRESOLVED_INVALID_CORRECTION,INVALID_CORRECTION,,corrective response is not a valid replacement PDDL problem,True,True,True,True,True,True,False,False,False,False,False,False,False,False,False,False,False,True,,,0,0,0,,,False,True,True,,0,0,,2,6,0.3333333333333333,7,1,1,2,3,0,0,28.074149397999918,27.084823379,,,0.0
living_room__F4_SAUCER_PREPLACED_CUP_ON_SHARED__initial_observation_only__r01,living_room,F4_SAUCER_PREPLACED_CUP_ON_SHARED,initial_observation_only,1,240161,4532495142b7a365d8bdba43f1776ab798818a28,PREDICTED_INFEASIBLE,False,UNRESOLVED_INVALID_CORRECTION,INVALID_CORRECTION,,corrective response is not a valid replacement PDDL problem,True,True,True,True,True,True,False,False,False,False,False,False,False,False,False,False,False,True,,,0,0,0,,,False,True,True,,0,0,,2,6,0.3333333333333333,7,1,1,2,3,0,0,23.879536784000038,22.940292764000105,,,0.0
living_room__F4_SAUCER_PREPLACED_CUP_ON_SHARED__initial_observation_only__r02,living_room,F4_SAUCER_PREPLACED_CUP_ON_SHARED,initial_observation_only,2,240162,4532495142b7a365d8bdba43f1776ab798818a28,PREDICTED_INFEASIBLE,False,UNRESOLVED_INVALID_CORRECTION,INVALID_CORRECTION,,corrective response is not a valid replacement PDDL problem,True,True,True,True,True,True,False,False,False,False,False,False,False,False,False,False,False,True,,,0,0,0,,,False,True,True,,0,0,,2,6,0.3333333333333333,7,1,1,2,3,0,0,29.495838282000022,28.467553144000135,,,0.0
living_room__F4_SAUCER_PREPLACED_CUP_ON_SHARED__initial_observation_only__r03,living_room,F4_SAUCER_PREPLACED_CUP_ON_SHARED,initial_observation_only,3,240163,4532495142b7a365d8bdba43f1776ab798818a28,PREDICTED_INFEASIBLE,False,UNRESOLVED_INVALID_CORRECTION,INVALID_CORRECTION,,corrective response is not a valid replacement PDDL problem,True,True,True,True,True,True,False,False,False,False,False,False,False,False,False,False,False,True,,,0,0,0,,,False,True,True,,0,0,,2,6,0.3333333333333333,7,1,1,2,3,0,0,22.04284190200019,21.059865343000183,,,0.0
living_room__F4_SAUCER_PREPLACED_CUP_ON_SHARED__initial_observation_only__r04,living_room,F4_SAUCER_PREPLACED_CUP_ON_SHARED,initial_observation_only,4,240164,4532495142b7a365d8bdba43f1776ab798818a28,PREDICTED_INFEASIBLE,False,UNRESOLVED_INVALID_CORRECTION,INVALID_CORRECTION,,corrective response is not a valid replacement PDDL problem,True,True,True,True,True,True,False,False,False,False,False,False,False,False,False,False,False,True,,,0,0,0,,,False,True,True,,0,0,,2,6,0.3333333333333333,7,1,1,2,3,0,0,21.721762890000036,20.680396123000037,,,0.0
living_room__F5_LEFT_PAIR_ON_SHARED__fixed_full_inspection__r00,living_room,F5_LEFT_PAIR_ON_SHARED,fixed_full_inspection,0,240175,4532495142b7a365d8bdba43f1776ab798818a28,PREDICTED_INFEASIBLE,False,UNRESOLVED_INVALID_CORRECTION,INVALID_CORRECTION,,corrective response is not a valid replacement PDDL problem,True,True,True,True,True,True,False,False,False,False,False,False,False,False,False,False,False,True,,,0,0,0,,,False,True,True,,0,0,,2,6,0.3333333333333333,7,1,1,2,3,0,0,23.703992149999976,22.73283732599998,,,0.0
living_room__F5_LEFT_PAIR_ON_SHARED__fixed_full_inspection__r01,living_room,F5_LEFT_PAIR_ON_SHARED,fixed_full_inspection,1,240176,4532495142b7a365d8bdba43f1776ab798818a28,PREDICTED_INFEASIBLE,False,UNRESOLVED_INVALID_CORRECTION,INVALID_CORRECTION,,corrective response is not a valid replacement PDDL problem,True,True,True,True,True,True,False,False,False,False,False,False,False,False,False,False,False,True,,,0,0,0,,,False,True,True,,0,0,,2,6,0.3333333333333333,7,1,1,2,3,0,0,20.505567517000145,19.526323848000402,,,0.0
living_room__F5_LEFT_PAIR_ON_SHARED__fixed_full_inspection__r02,living_room,F5_LEFT_PAIR_ON_SHARED,fixed_full_inspection,2,240177,4532495142b7a365d8bdba43f1776ab798818a28,PREDICTED_INFEASIBLE,False,UNRESOLVED_INVALID_CORRECTION,INVALID_CORRECTION,,corrective response is not a valid replacement PDDL problem,True,True,True,True,True,True,False,False,False,False,False,False,False,False,False,False,False,True,,,0,0,0,,,False,True,True,,0,0,,2,6,0.3333333333333333,7,1,1,2,3,0,0,21.48237013899984,20.51510459699989,,,0.0
living_room__F5_LEFT_PAIR_ON_SHARED__fixed_full_inspection__r03,living_room,F5_LEFT_PAIR_ON_SHARED,fixed_full_inspection,3,240178,4532495142b7a365d8bdba43f1776ab798818a28,PREDICTED_INFEASIBLE,False,UNRESOLVED_INVALID_CORRECTION,INVALID_CORRECTION,,corrective response is not a valid replacement PDDL problem,True,True,True,True,True,True,False,False,False,False,False,False,False,False,False,False,False,True,,,0,0,0,,,False,True,True,,0,0,,2,6,0.3333333333333333,7,1,1,2,3,0,0,27.534198765999918,26.62441269599981,,,0.0
living_room__F5_LEFT_PAIR_ON_SHARED__fixed_full_inspection__r04,living_room,F5_LEFT_PAIR_ON_SHARED,fixed_full_inspection,4,240179,4532495142b7a365d8bdba43f1776ab798818a28,PREDICTED_INFEASIBLE,False,UNRESOLVED_INVALID_CORRECTION,INVALID_CORRECTION,,corrective response is not a valid replacement PDDL problem,True,True,True,True,True,True,False,False,False,False,False,False,False,False,False,False,False,True,,,0,0,0,,,False,True,True,,0,0,,2,6,0.3333333333333333,7,1,1,2,3,0,0,19.15099629400015,18.182862912000246,,,0.0
living_room__F5_LEFT_PAIR_ON_SHARED__initial_observation_only__r00,living_room,F5_LEFT_PAIR_ON_SHARED,initial_observation_only,0,240170,4532495142b7a365d8bdba43f1776ab798818a28,PREDICTED_INFEASIBLE,False,UNRESOLVED_INVALID_CORRECTION,INVALID_CORRECTION,,corrective response is not a valid replacement PDDL problem,True,True,True,True,True,True,False,False,False,False,False,False,False,False,False,False,False,True,,,0,0,0,,,False,True,True,,0,0,,2,6,0.3333333333333333,7,1,1,2,3,0,0,24.445146716999943,23.37817695199999,,,0.0
living_room__F5_LEFT_PAIR_ON_SHARED__initial_observation_only__r01,living_room,F5_LEFT_PAIR_ON_SHARED,initial_observation_only,1,240171,4532495142b7a365d8bdba43f1776ab798818a28,PREDICTED_INFEASIBLE,False,UNRESOLVED_INVALID_CORRECTION,INVALID_CORRECTION,,corrective response is not a valid replacement PDDL problem,True,True,True,True,True,True,False,False,False,False,False,False,False,False,False,False,False,True,,,0,0,0,,,False,True,True,,0,0,,2,6,0.3333333333333333,7,1,1,2,3,0,0,29.83170671100015,28.903554959000076,,,0.0
living_room__F5_LEFT_PAIR_ON_SHARED__initial_observation_only__r02,living_room,F5_LEFT_PAIR_ON_SHARED,initial_observation_only,2,240172,4532495142b7a365d8bdba43f1776ab798818a28,PREDICTED_INFEASIBLE,False,UNRESOLVED_INVALID_CORRECTION,INVALID_CORRECTION,,corrective response is not a valid replacement PDDL problem,True,True,True,True,True,True,False,False,False,False,False,False,False,False,False,False,False,True,,,0,0,0,,,False,True,True,,0,0,,2,6,0.3333333333333333,7,1,1,2,3,0,0,21.019737804999977,20.109808999000506,,,0.0
living_room__F5_LEFT_PAIR_ON_SHARED__initial_observation_only__r03,living_room,F5_LEFT_PAIR_ON_SHARED,initial_observation_only,3,240173,4532495142b7a365d8bdba43f1776ab798818a28,PREDICTED_INFEASIBLE,False,UNRESOLVED_INVALID_CORRECTION,INVALID_CORRECTION,,corrective response is not a valid replacement PDDL problem,True,True,True,True,True,True,False,False,False,False,False,False,False,False,False,False,False,True,,,0,0,0,,,False,True,True,,0,0,,2,6,0.3333333333333333,7,1,1,2,3,0,0,22.869342489000132,21.879920950999917,,,0.0
living_room__F5_LEFT_PAIR_ON_SHARED__initial_observation_only__r04,living_room,F5_LEFT_PAIR_ON_SHARED,initial_observation_only,4,240174,4532495142b7a365d8bdba43f1776ab798818a28,PREDICTED_INFEASIBLE,False,UNRESOLVED_INVALID_CORRECTION,INVALID_CORRECTION,,corrective response is not a valid replacement PDDL problem,True,True,True,True,True,True,False,False,False,False,False,False,False,False,False,False,False,True,,,0,0,0,,,False,True,True,,0,0,,2,6,0.3333333333333333,7,1,1,2,3,0,0,21.844590356000026,20.927463192000005,,,0.0
living_room__I0_NO_SHARED_TABLE__fixed_full_inspection__r00,living_room,I0_NO_SHARED_TABLE,fixed_full_inspection,0,240185,4532495142b7a365d8bdba43f1776ab798818a28,PREDICTED_INFEASIBLE,False,UNRESOLVED_INVALID_CORRECTION,INVALID_CORRECTION,,corrective response is not a valid replacement PDDL problem,True,True,True,True,True,True,False,False,False,False,False,False,False,False,False,False,False,True,,,0,0,0,,,False,False,True,,0,0,,1,6,0.16666666666666666,7,1,1,2,3,0,0,27.514583953000056,26.557790137999973,,,0.0
living_room__I0_NO_SHARED_TABLE__fixed_full_inspection__r01,living_room,I0_NO_SHARED_TABLE,fixed_full_inspection,1,240186,4532495142b7a365d8bdba43f1776ab798818a28,PREDICTED_INFEASIBLE,False,UNRESOLVED_INVALID_CORRECTION,INVALID_CORRECTION,,corrective response is not a valid replacement PDDL problem,True,True,True,True,True,True,False,False,False,False,False,False,False,False,False,False,False,True,,,0,0,0,,,False,False,True,,0,0,,1,6,0.16666666666666666,7,1,1,2,3,0,0,30.59216951999997,29.645472540999663,,,0.0
living_room__I0_NO_SHARED_TABLE__fixed_full_inspection__r02,living_room,I0_NO_SHARED_TABLE,fixed_full_inspection,2,240187,4532495142b7a365d8bdba43f1776ab798818a28,PREDICTED_INFEASIBLE,False,UNRESOLVED_INVALID_CORRECTION,INVALID_CORRECTION,,corrective response is not a valid replacement PDDL problem,True,True,True,True,True,True,False,False,False,False,False,False,False,False,False,False,False,True,,,0,0,0,,,False,False,True,,0,0,,1,6,0.16666666666666666,7,1,1,2,3,0,0,28.885704783999927,27.92374981300054,,,0.0
living_room__I0_NO_SHARED_TABLE__fixed_full_inspection__r03,living_room,I0_NO_SHARED_TABLE,fixed_full_inspection,3,240188,4532495142b7a365d8bdba43f1776ab798818a28,PREDICTED_INFEASIBLE,False,UNRESOLVED_INVALID_CORRECTION,INVALID_CORRECTION,,corrective response is not a valid replacement PDDL problem,True,True,True,True,True,True,False,False,False,False,False,False,False,False,False,False,False,True,,,0,0,0,,,False,False,True,,0,0,,1,6,0.16666666666666666,7,1,1,2,3,0,0,30.891549034999798,29.908324931999687,,,0.0
living_room__I0_NO_SHARED_TABLE__fixed_full_inspection__r04,living_room,I0_NO_SHARED_TABLE,fixed_full_inspection,4,240189,4532495142b7a365d8bdba43f1776ab798818a28,PREDICTED_INFEASIBLE,False,UNRESOLVED_INVALID_CORRECTION,INVALID_CORRECTION,,corrective response is not a valid replacement PDDL problem,True,True,True,True,True,True,False,False,False,False,False,False,False,False,False,False,False,True,,,0,0,0,,,False,False,True,,0,0,,1,6,0.16666666666666666,7,1,1,2,3,0,0,29.116010635000066,28.129610031000084,,,0.0
living_room__I0_NO_SHARED_TABLE__initial_observation_only__r00,living_room,I0_NO_SHARED_TABLE,initial_observation_only,0,240180,4532495142b7a365d8bdba43f1776ab798818a28,PREDICTED_INFEASIBLE,False,UNRESOLVED_INVALID_CORRECTION,INVALID_CORRECTION,,corrective response is not a valid replacement PDDL problem,True,True,True,True,True,True,False,False,False,False,False,False,False,False,False,False,False,True,,,0,0,0,,,False,False,True,,0,0,,1,6,0.16666666666666666,7,1,1,2,3,0,0,44.62205205600003,43.61244422899972,,,0.0
living_room__I0_NO_SHARED_TABLE__initial_observation_only__r01,living_room,I0_NO_SHARED_TABLE,initial_observation_only,1,240181,4532495142b7a365d8bdba43f1776ab798818a28,PREDICTED_INFEASIBLE,False,UNRESOLVED_INVALID_CORRECTION,INVALID_CORRECTION,,corrective response is not a valid replacement PDDL problem,True,True,True,True,True,True,False,False,False,False,False,False,False,False,False,False,False,True,,,0,0,0,,,False,False,True,,0,0,,1,6,0.16666666666666666,7,1,1,2,3,0,0,32.960200343999986,32.03223320200027,,,0.0
living_room__I0_NO_SHARED_TABLE__initial_observation_only__r02,living_room,I0_NO_SHARED_TABLE,initial_observation_only,2,240182,4532495142b7a365d8bdba43f1776ab798818a28,PREDICTED_INFEASIBLE,False,UNRESOLVED_INVALID_CORRECTION,INVALID_CORRECTION,,corrective response is not a valid replacement PDDL problem,True,True,True,True,True,True,False,False,False,False,False,False,False,False,False,False,False,True,,,0,0,0,,,False,False,True,,0,0,,1,6,0.16666666666666666,7,1,1,2,3,0,0,32.217665076,31.314137563000486,,,0.0
living_room__I0_NO_SHARED_TABLE__initial_observation_only__r03,living_room,I0_NO_SHARED_TABLE,initial_observation_only,3,240183,4532495142b7a365d8bdba43f1776ab798818a28,PREDICTED_INFEASIBLE,False,UNRESOLVED_INVALID_CORRECTION,INVALID_CORRECTION,,corrective response is not a valid replacement PDDL problem,True,True,True,True,True,True,False,False,False,False,False,False,False,False,False,False,False,True,,,0,0,0,,,False,False,True,,0,0,,1,6,0.16666666666666666,7,1,1,2,3,0,0,32.938501451999855,31.98295256299957,,,0.0
living_room__I0_NO_SHARED_TABLE__initial_observation_only__r04,living_room,I0_NO_SHARED_TABLE,initial_observation_only,4,240184,4532495142b7a365d8bdba43f1776ab798818a28,PREDICTED_INFEASIBLE,False,UNRESOLVED_IDENTITY_FAILURE,ENTITY_RESOLUTION,ENTITY_RESOLUTION,no class-compatible visible entity is close enough to 'cup_1',True,True,True,True,True,True,True,True,True,True,False,False,False,False,False,False,False,True,3,3,1,1,1,8,,False,False,True,,0,0,,1,6,0.16666666666666666,7,1,1,2,3,0,0,34.01220083199996,32.90077818199984,0.16529193799988207,,0.0
living_room__I1_NO_LEFT_PERSONAL_TABLE__fixed_full_inspection__r00,living_room,I1_NO_LEFT_PERSONAL_TABLE,fixed_full_inspection,0,240195,4532495142b7a365d8bdba43f1776ab798818a28,PREDICTED_INFEASIBLE,False,UNRESOLVED_INVALID_CORRECTION,INVALID_CORRECTION,,corrective response is not a valid replacement PDDL problem,True,True,True,True,True,True,False,False,False,False,False,False,False,False,False,False,False,True,,,0,0,0,,,False,False,True,,0,0,,1,6,0.16666666666666666,7,1,1,2,3,0,0,21.05342150799993,20.130700598000203,,,0.0
living_room__I1_NO_LEFT_PERSONAL_TABLE__fixed_full_inspection__r01,living_room,I1_NO_LEFT_PERSONAL_TABLE,fixed_full_inspection,1,240196,4532495142b7a365d8bdba43f1776ab798818a28,PREDICTED_INFEASIBLE,False,UNRESOLVED_INVALID_CORRECTION,INVALID_CORRECTION,,corrective response is not a valid replacement PDDL problem,True,True,True,True,True,True,False,False,False,False,False,False,False,False,False,False,False,True,,,0,0,0,,,False,False,True,,0,0,,1,6,0.16666666666666666,7,1,1,2,3,0,0,23.20621772300001,22.11482978999993,,,0.0
living_room__I1_NO_LEFT_PERSONAL_TABLE__fixed_full_inspection__r02,living_room,I1_NO_LEFT_PERSONAL_TABLE,fixed_full_inspection,2,240197,4532495142b7a365d8bdba43f1776ab798818a28,PREDICTED_INFEASIBLE,False,UNRESOLVED_INVALID_CORRECTION,INVALID_CORRECTION,,corrective response is not a valid replacement PDDL problem,True,True,True,True,True,True,False,False,False,False,False,False,False,False,False,False,False,True,,,0,0,0,,,False,False,True,,0,0,,1,6,0.16666666666666666,7,1,1,2,3,0,0,33.68792411100003,32.673285207999925,,,0.0
living_room__I1_NO_LEFT_PERSONAL_TABLE__fixed_full_inspection__r03,living_room,I1_NO_LEFT_PERSONAL_TABLE,fixed_full_inspection,3,240198,4532495142b7a365d8bdba43f1776ab798818a28,PREDICTED_INFEASIBLE,False,UNRESOLVED_INVALID_CORRECTION,INVALID_CORRECTION,,corrective response is not a valid replacement PDDL problem,True,True,True,True,True,True,False,False,False,False,False,False,False,False,False,False,False,True,,,0,0,0,,,False,False,True,,0,0,,1,6,0.16666666666666666,7,1,1,2,3,0,0,28.475177499999972,27.56903165299991,,,0.0
living_room__I1_NO_LEFT_PERSONAL_TABLE__fixed_full_inspection__r04,living_room,I1_NO_LEFT_PERSONAL_TABLE,fixed_full_inspection,4,240199,4532495142b7a365d8bdba43f1776ab798818a28,PREDICTED_INFEASIBLE,False,UNRESOLVED_INVALID_CORRECTION,INVALID_CORRECTION,,corrective response is not a valid replacement PDDL problem,True,True,True,True,True,True,False,False,False,False,False,False,False,False,False,False,False,True,,,0,0,0,,,False,False,True,,0,0,,1,6,0.16666666666666666,7,1,1,2,3,0,0,18.516990091000025,17.61596094399988,,,0.0
living_room__I1_NO_LEFT_PERSONAL_TABLE__initial_observation_only__r00,living_room,I1_NO_LEFT_PERSONAL_TABLE,initial_observation_only,0,240190,4532495142b7a365d8bdba43f1776ab798818a28,PREDICTED_INFEASIBLE,False,UNRESOLVED_INVALID_CORRECTION,INVALID_CORRECTION,,corrective response is not a valid replacement PDDL problem,True,True,True,True,True,True,False,False,False,False,False,False,False,False,False,False,False,True,,,0,0,0,,,False,False,True,,0,0,,1,6,0.16666666666666666,7,1,1,2,3,0,0,19.624577145000103,18.70667379199972,,,0.0
living_room__I1_NO_LEFT_PERSONAL_TABLE__initial_observation_only__r01,living_room,I1_NO_LEFT_PERSONAL_TABLE,initial_observation_only,1,240191,4532495142b7a365d8bdba43f1776ab798818a28,PREDICTED_INFEASIBLE,False,UNRESOLVED_INVALID_CORRECTION,INVALID_CORRECTION,,corrective response is not a valid replacement PDDL problem,True,True,True,True,True,True,False,False,False,False,False,False,False,False,False,False,False,True,,,0,0,0,,,False,False,True,,0,0,,1,6,0.16666666666666666,7,1,1,2,3,0,0,25.003860939000106,24.02080673499995,,,0.0
living_room__I1_NO_LEFT_PERSONAL_TABLE__initial_observation_only__r02,living_room,I1_NO_LEFT_PERSONAL_TABLE,initial_observation_only,2,240192,4532495142b7a365d8bdba43f1776ab798818a28,PREDICTED_INFEASIBLE,False,UNRESOLVED_INVALID_CORRECTION,INVALID_CORRECTION,,corrective response is not a valid replacement PDDL problem,True,True,True,True,True,True,False,False,False,False,False,False,False,False,False,False,False,True,,,0,0,0,,,False,False,True,,0,0,,1,6,0.16666666666666666,7,1,1,2,3,0,0,28.843380097999898,27.893509199000164,,,0.0
living_room__I1_NO_LEFT_PERSONAL_TABLE__initial_observation_only__r03,living_room,I1_NO_LEFT_PERSONAL_TABLE,initial_observation_only,3,240193,4532495142b7a365d8bdba43f1776ab798818a28,PREDICTED_INFEASIBLE,False,UNRESOLVED_INVALID_CORRECTION,INVALID_CORRECTION,,corrective response is not a valid replacement PDDL problem,True,True,True,True,True,True,False,False,False,False,False,False,False,False,False,False,False,True,,,0,0,0,,,False,False,True,,0,0,,1,6,0.16666666666666666,7,1,1,2,3,0,0,21.42010990299991,20.526680214999942,,,0.0
living_room__I1_NO_LEFT_PERSONAL_TABLE__initial_observation_only__r04,living_room,I1_NO_LEFT_PERSONAL_TABLE,initial_observation_only,4,240194,4532495142b7a365d8bdba43f1776ab798818a28,PREDICTED_INFEASIBLE,False,UNRESOLVED_INVALID_CORRECTION,INVALID_CORRECTION,,corrective response is not a valid replacement PDDL problem,True,True,True,True,True,True,False,False,False,False,False,False,False,False,False,False,False,True,,,0,0,0,,,False,False,True,,0,0,,1,6,0.16666666666666666,7,1,1,2,3,0,0,30.215637993999962,29.31075439099982,,,0.0
living_room__I2_NO_PERSONAL_TABLES__fixed_full_inspection__r00,living_room,I2_NO_PERSONAL_TABLES,fixed_full_inspection,0,240205,4532495142b7a365d8bdba43f1776ab798818a28,PREDICTED_INFEASIBLE,False,UNRESOLVED_IDENTITY_FAILURE,ENTITY_RESOLUTION,ENTITY_RESOLUTION,no class-compatible visible entity is close enough to 'remote_1',True,True,True,True,True,True,True,True,True,True,False,False,False,False,False,False,False,True,3,3,1,1,1,2,,False,False,True,,0,0,,1,6,0.16666666666666666,8,1,2,2,3,0,0,21.334747650000054,20.1770097430001,0.13880778399993687,,0.0
living_room__I2_NO_PERSONAL_TABLES__fixed_full_inspection__r01,living_room,I2_NO_PERSONAL_TABLES,fixed_full_inspection,1,240206,4532495142b7a365d8bdba43f1776ab798818a28,PREDICTED_INFEASIBLE,False,UNRESOLVED_IDENTITY_FAILURE,ENTITY_RESOLUTION,ENTITY_RESOLUTION,no class-compatible visible entity is close enough to 'remote_1',True,True,True,True,True,True,True,True,True,True,False,False,False,False,False,False,False,True,3,3,1,1,1,2,,False,False,True,,0,0,,1,6,0.16666666666666666,8,1,2,2,3,0,0,20.75572185199985,19.645598771999857,0.15850872399983018,,0.0
living_room__I2_NO_PERSONAL_TABLES__fixed_full_inspection__r02,living_room,I2_NO_PERSONAL_TABLES,fixed_full_inspection,2,240207,4532495142b7a365d8bdba43f1776ab798818a28,PREDICTED_INFEASIBLE,False,UNRESOLVED_IDENTITY_FAILURE,ENTITY_RESOLUTION,ENTITY_RESOLUTION,no class-compatible visible entity is close enough to 'remote_1',True,True,True,True,True,True,True,True,True,True,False,False,False,False,False,False,False,True,3,3,1,1,1,2,,False,False,True,,0,0,,1,6,0.16666666666666666,8,1,2,2,3,0,0,26.476219939999964,25.309893369999372,0.15846639200003665,,0.0
living_room__I2_NO_PERSONAL_TABLES__fixed_full_inspection__r03,living_room,I2_NO_PERSONAL_TABLES,fixed_full_inspection,3,240208,4532495142b7a365d8bdba43f1776ab798818a28,PREDICTED_INFEASIBLE,False,UNRESOLVED_IDENTITY_FAILURE,ENTITY_RESOLUTION,ENTITY_RESOLUTION,no class-compatible visible entity is close enough to 'remote_1',True,True,True,True,True,True,True,True,True,True,False,False,False,False,False,False,False,True,3,3,1,1,1,2,,False,False,True,,0,0,,1,6,0.16666666666666666,8,1,2,2,3,0,0,18.637293696999905,17.5807812810001,0.12098931099990295,,0.0
living_room__I2_NO_PERSONAL_TABLES__fixed_full_inspection__r04,living_room,I2_NO_PERSONAL_TABLES,fixed_full_inspection,4,240209,4532495142b7a365d8bdba43f1776ab798818a28,PREDICTED_INFEASIBLE,False,UNRESOLVED_IDENTITY_FAILURE,ENTITY_RESOLUTION,ENTITY_RESOLUTION,no class-compatible visible entity is close enough to 'remote_1',True,True,True,True,True,True,True,True,True,True,False,False,False,False,False,False,False,True,3,3,1,1,1,2,,False,False,True,,0,0,,1,6,0.16666666666666666,8,1,2,2,3,0,0,22.056685548999894,20.950713800999665,0.15881536400002005,,0.0
living_room__I2_NO_PERSONAL_TABLES__initial_observation_only__r00,living_room,I2_NO_PERSONAL_TABLES,initial_observation_only,0,240200,4532495142b7a365d8bdba43f1776ab798818a28,PREDICTED_INFEASIBLE,False,UNRESOLVED_IDENTITY_FAILURE,ENTITY_RESOLUTION,ENTITY_RESOLUTION,no class-compatible visible entity is close enough to 'remote_1',True,True,True,True,True,True,True,True,True,True,False,False,False,False,False,False,False,True,3,3,1,1,1,2,,False,False,True,,0,0,,1,6,0.16666666666666666,8,1,2,2,3,0,0,20.455680196999992,19.216002304000085,0.16037047300005725,,0.0
living_room__I2_NO_PERSONAL_TABLES__initial_observation_only__r01,living_room,I2_NO_PERSONAL_TABLES,initial_observation_only,1,240201,4532495142b7a365d8bdba43f1776ab798818a28,PREDICTED_INFEASIBLE,False,UNRESOLVED_IDENTITY_FAILURE,ENTITY_RESOLUTION,ENTITY_RESOLUTION,no class-compatible visible entity is close enough to 'remote_1',True,True,True,True,True,True,True,True,True,True,False,False,False,False,False,False,False,True,3,3,1,1,1,2,,False,False,True,,0,0,,1,6,0.16666666666666666,8,1,2,2,3,0,0,28.426388537999856,27.292222399999673,0.11755088799986879,,0.0
living_room__I2_NO_PERSONAL_TABLES__initial_observation_only__r02,living_room,I2_NO_PERSONAL_TABLES,initial_observation_only,2,240202,4532495142b7a365d8bdba43f1776ab798818a28,PREDICTED_INFEASIBLE,False,UNRESOLVED_IDENTITY_FAILURE,ENTITY_RESOLUTION,ENTITY_RESOLUTION,no class-compatible visible entity is close enough to 'remote_1',True,True,True,True,True,True,True,True,True,True,False,False,False,False,False,False,False,True,3,3,1,1,1,2,,False,False,True,,0,0,,1,6,0.16666666666666666,8,1,2,2,3,0,0,20.45990180800004,19.334439551000287,0.12720656900000904,,0.0
living_room__I2_NO_PERSONAL_TABLES__initial_observation_only__r03,living_room,I2_NO_PERSONAL_TABLES,initial_observation_only,3,240203,4532495142b7a365d8bdba43f1776ab798818a28,BENCHMARK_FAILURE,False,PLAN_FOUND,,,,True,True,True,True,True,True,True,False,True,True,True,True,True,True,True,True,True,True,0,,1,0,1,0,0,False,False,False,False,0,1,0.0,1,6,0.16666666666666666,3,1,1,1,0,0,,15.753075846999991,14.538182689999985,0.16089343299995562,,0.011693183000033969
living_room__I2_NO_PERSONAL_TABLES__initial_observation_only__r04,living_room,I2_NO_PERSONAL_TABLES,initial_observation_only,4,240204,4532495142b7a365d8bdba43f1776ab798818a28,PREDICTED_INFEASIBLE,False,UNRESOLVED_IDENTITY_FAILURE,ENTITY_RESOLUTION,ENTITY_RESOLUTION,no class-compatible visible entity is close enough to 'remote_1',True,True,True,True,True,True,True,True,True,True,False,False,False,False,False,False,False,True,3,3,1,1,1,2,,False,False,True,,0,0,,1,6,0.16666666666666666,8,1,2,2,3,0,0,19.111276223999994,18.05941593500029,0.12070230300014373,,0.0
living_room__I3_NO_TABLES__fixed_full_inspection__r00,living_room,I3_NO_TABLES,fixed_full_inspection,0,240215,4532495142b7a365d8bdba43f1776ab798818a28,BENCHMARK_FAILURE,False,PLAN_FOUND,,,,True,True,True,True,True,True,True,False,True,True,True,True,True,True,True,True,True,True,0,,1,0,1,0,0,False,False,False,False,0,5,0.0,1,6,0.16666666666666666,3,1,1,1,0,0,,17.789836398000034,16.574047954000207,0.16304516799982594,,0.011426329000187252
living_room__I3_NO_TABLES__fixed_full_inspection__r01,living_room,I3_NO_TABLES,fixed_full_inspection,1,240216,4532495142b7a365d8bdba43f1776ab798818a28,BENCHMARK_FAILURE,False,PLAN_FOUND,,,,True,True,True,True,True,True,True,False,True,True,True,True,True,True,True,True,True,True,0,,1,0,1,0,0,False,False,False,False,0,5,0.0,1,6,0.16666666666666666,3,1,1,1,0,0,,13.291629662000105,12.160982171000114,0.12597509700003684,,0.009281469999905312
living_room__I3_NO_TABLES__fixed_full_inspection__r02,living_room,I3_NO_TABLES,fixed_full_inspection,2,240217,4532495142b7a365d8bdba43f1776ab798818a28,BENCHMARK_FAILURE,False,PLAN_FOUND,,,,True,True,True,True,True,True,True,False,True,True,True,True,True,True,True,True,True,True,0,,1,0,1,0,0,False,False,False,False,0,5,0.0,1,6,0.16666666666666666,3,1,1,1,0,0,,14.275761053999986,13.143210143000033,0.1180747609998889,,0.009616997999955856
living_room__I3_NO_TABLES__fixed_full_inspection__r03,living_room,I3_NO_TABLES,fixed_full_inspection,3,240218,4532495142b7a365d8bdba43f1776ab798818a28,BENCHMARK_FAILURE,False,PLAN_FOUND,,,,True,True,True,True,True,True,True,False,True,True,True,True,True,True,True,True,True,True,0,,1,0,1,0,0,False,False,False,False,0,5,0.0,1,6,0.16666666666666666,3,1,1,1,0,0,,17.241883370000096,16.024997744999837,0.15953818100001627,,0.011753851999856124
living_room__I3_NO_TABLES__fixed_full_inspection__r04,living_room,I3_NO_TABLES,fixed_full_inspection,4,240219,4532495142b7a365d8bdba43f1776ab798818a28,BENCHMARK_FAILURE,False,PLAN_FOUND,,,,True,True,True,True,True,True,True,False,True,True,True,True,True,True,True,True,True,True,0,,1,0,1,0,0,False,False,False,False,0,5,0.0,1,6,0.16666666666666666,3,1,1,1,0,0,,14.816463008000028,13.562455731,0.15830719399991722,,0.010572517999889897
living_room__I3_NO_TABLES__initial_observation_only__r00,living_room,I3_NO_TABLES,initial_observation_only,0,240210,4532495142b7a365d8bdba43f1776ab798818a28,BENCHMARK_FAILURE,False,PLAN_FOUND,,,,True,True,True,True,True,True,True,False,True,True,True,True,True,True,True,True,True,True,0,,1,0,1,0,0,False,False,False,False,0,5,0.0,1,6,0.16666666666666666,3,1,1,1,0,0,,14.205958196999973,13.007270757000015,0.12499990000014805,,0.009148991000074602
living_room__I3_NO_TABLES__initial_observation_only__r01,living_room,I3_NO_TABLES,initial_observation_only,1,240211,4532495142b7a365d8bdba43f1776ab798818a28,BENCHMARK_FAILURE,False,PLAN_FOUND,,,,True,True,True,True,True,True,True,False,True,True,True,True,True,True,True,True,True,True,0,,1,0,1,0,0,False,False,False,False,0,5,0.0,1,6,0.16666666666666666,3,1,1,1,0,0,,14.015341013000125,12.867867395000076,0.12090040400016733,,0.008480659000042579
living_room__I3_NO_TABLES__initial_observation_only__r02,living_room,I3_NO_TABLES,initial_observation_only,2,240212,4532495142b7a365d8bdba43f1776ab798818a28,BENCHMARK_FAILURE,False,PLAN_FOUND,,,,True,True,True,True,True,True,True,False,True,True,True,True,True,True,True,True,True,True,0,,1,0,1,0,0,False,False,False,False,0,5,0.0,1,6,0.16666666666666666,3,1,1,1,0,0,,16.935521906000076,15.721307932000173,0.16058962700003576,,0.011618679000093834
living_room__I3_NO_TABLES__initial_observation_only__r03,living_room,I3_NO_TABLES,initial_observation_only,3,240213,4532495142b7a365d8bdba43f1776ab798818a28,BENCHMARK_FAILURE,False,PLAN_FOUND,,,,True,True,True,True,True,True,True,False,True,True,True,True,True,True,True,True,True,True,0,,1,0,1,0,0,False,False,False,False,0,5,0.0,1,6,0.16666666666666666,3,1,1,1,0,0,,14.802006913000014,13.581827335999833,0.16144110599998385,,0.01148644099998819
living_room__I3_NO_TABLES__initial_observation_only__r04,living_room,I3_NO_TABLES,initial_observation_only,4,240214,4532495142b7a365d8bdba43f1776ab798818a28,BENCHMARK_FAILURE,False,PLAN_FOUND,,,,True,True,True,True,True,True,True,False,True,True,True,True,True,True,True,True,True,True,0,,1,0,1,0,0,False,False,False,False,0,5,0.0,1,6,0.16666666666666666,3,1,1,1,0,0,,13.278498282999863,12.177699689000065,0.12239170900011231,,0.00914880000004814
workshop__F0_MANUAL_FIRST_ONE_REGION__fixed_full_inspection__r00,workshop,F0_MANUAL_FIRST_ONE_REGION,fixed_full_inspection,0,240225,4532495142b7a365d8bdba43f1776ab798818a28,PREDICTED_INFEASIBLE,False,UNRESOLVED_INVALID_CORRECTION,INVALID_CORRECTION,,corrective response is not a valid replacement PDDL problem,True,True,True,True,True,True,False,False,False,False,False,False,False,False,False,False,False,True,,,0,0,0,,,False,True,True,,0,0,,1,6,0.16666666666666666,8,1,2,2,3,3,0,24.42351795600007,21.97484784400035,,,0.0
workshop__F0_MANUAL_FIRST_ONE_REGION__fixed_full_inspection__r01,workshop,F0_MANUAL_FIRST_ONE_REGION,fixed_full_inspection,1,240226,4532495142b7a365d8bdba43f1776ab798818a28,PREDICTED_INFEASIBLE,False,UNRESOLVED_INVALID_CORRECTION,INVALID_CORRECTION,,corrective response is not a valid replacement PDDL problem,True,True,True,True,True,True,False,False,False,False,False,False,False,False,False,False,False,True,,,0,0,0,,,False,True,True,,0,0,,1,6,0.16666666666666666,8,1,2,2,3,3,0,22.248123536999856,19.67926730299996,,,0.0
workshop__F0_MANUAL_FIRST_ONE_REGION__fixed_full_inspection__r02,workshop,F0_MANUAL_FIRST_ONE_REGION,fixed_full_inspection,2,240227,4532495142b7a365d8bdba43f1776ab798818a28,PREDICTED_INFEASIBLE,False,UNRESOLVED_INVALID_CORRECTION,INVALID_CORRECTION,,corrective response is not a valid replacement PDDL problem,True,True,True,True,True,True,False,False,False,False,False,False,False,False,False,False,False,True,,,0,0,0,,,False,True,True,,0,0,,1,6,0.16666666666666666,8,1,2,2,3,3,0,32.49500332000002,29.751479567999922,,,0.0
workshop__F0_MANUAL_FIRST_ONE_REGION__fixed_full_inspection__r03,workshop,F0_MANUAL_FIRST_ONE_REGION,fixed_full_inspection,3,240228,4532495142b7a365d8bdba43f1776ab798818a28,PREDICTED_INFEASIBLE,False,UNRESOLVED_INVALID_CORRECTION,INVALID_CORRECTION,,corrective response is not a valid replacement PDDL problem,True,True,True,True,True,True,False,False,False,False,False,False,False,False,False,False,False,True,,,0,0,0,,,False,True,True,,0,0,,1,6,0.16666666666666666,8,1,2,2,3,3,0,21.619590476999974,19.121223697000232,,,0.0
workshop__F0_MANUAL_FIRST_ONE_REGION__fixed_full_inspection__r04,workshop,F0_MANUAL_FIRST_ONE_REGION,fixed_full_inspection,4,240229,4532495142b7a365d8bdba43f1776ab798818a28,PREDICTED_INFEASIBLE,False,UNRESOLVED_INVALID_CORRECTION,INVALID_CORRECTION,,corrective response is not a valid replacement PDDL problem,True,True,True,True,True,True,False,False,False,False,False,False,False,False,False,False,False,True,,,0,0,0,,,False,True,True,,0,0,,1,6,0.16666666666666666,8,1,2,2,3,3,0,24.293534629000078,21.572580735999964,,,0.0
workshop__F0_MANUAL_FIRST_ONE_REGION__initial_observation_only__r00,workshop,F0_MANUAL_FIRST_ONE_REGION,initial_observation_only,0,240220,4532495142b7a365d8bdba43f1776ab798818a28,REFINEMENT_FAILURE,False,UNRESOLVED_REFINEMENT_FAILURE,REFINEMENT,COLLISION,environment collision google:link_finger_tip_right [unnamed robot geom] / workbench [workbench_top_col] (-0.7 cm signed distance),True,True,True,True,True,True,True,True,True,True,True,True,False,True,False,False,False,True,1,1,3,3,3,2,,False,True,True,,0,0,,1,6,0.16666666666666666,8,1,2,2,3,0,0,18.727510495999923,10.313941414000055,0.12148635199991986,,0.0
workshop__F0_MANUAL_FIRST_ONE_REGION__initial_observation_only__r01,workshop,F0_MANUAL_FIRST_ONE_REGION,initial_observation_only,1,240221,4532495142b7a365d8bdba43f1776ab798818a28,REFINEMENT_FAILURE,False,UNRESOLVED_REFINEMENT_FAILURE,REFINEMENT,COLLISION,environment collision google:link_finger_tip_right [unnamed robot geom] / workbench [workbench_top_col] (-0.7 cm signed distance),True,True,True,True,True,True,True,True,True,True,True,True,False,True,False,False,False,True,1,1,3,3,3,2,,False,True,True,,0,0,,1,6,0.16666666666666666,8,1,2,2,3,0,0,32.00398734300006,23.459284819999993,0.12428077200002008,,0.0
workshop__F0_MANUAL_FIRST_ONE_REGION__initial_observation_only__r02,workshop,F0_MANUAL_FIRST_ONE_REGION,initial_observation_only,2,240222,4532495142b7a365d8bdba43f1776ab798818a28,REFINEMENT_FAILURE,False,UNRESOLVED_REFINEMENT_FAILURE,REFINEMENT,COLLISION,environment collision google:link_finger_tip_right [unnamed robot geom] / workbench [workbench_top_col] (-0.7 cm signed distance),True,True,True,True,True,True,True,True,True,True,True,True,False,True,False,False,False,True,1,1,3,3,3,2,,False,True,True,,0,0,,1,6,0.16666666666666666,8,1,2,2,3,0,0,19.490365184999973,11.035097898000231,0.12189444099999491,,0.0
workshop__F0_MANUAL_FIRST_ONE_REGION__initial_observation_only__r03,workshop,F0_MANUAL_FIRST_ONE_REGION,initial_observation_only,3,240223,4532495142b7a365d8bdba43f1776ab798818a28,REFINEMENT_FAILURE,False,UNRESOLVED_REFINEMENT_FAILURE,REFINEMENT,COLLISION,environment collision google:link_finger_tip_right [unnamed robot geom] / workbench [workbench_top_col] (-0.7 cm signed distance),True,True,True,True,True,True,True,True,True,True,True,True,False,True,False,False,False,True,1,1,3,3,3,2,,False,True,True,,0,0,,1,6,0.16666666666666666,8,1,2,2,3,0,0,19.962458795999964,11.278690969999616,0.12347458799990818,,0.0
workshop__F0_MANUAL_FIRST_ONE_REGION__initial_observation_only__r04,workshop,F0_MANUAL_FIRST_ONE_REGION,initial_observation_only,4,240224,4532495142b7a365d8bdba43f1776ab798818a28,REFINEMENT_FAILURE,False,UNRESOLVED_REFINEMENT_FAILURE,REFINEMENT,COLLISION,environment collision google:link_finger_tip_right [unnamed robot geom] / workbench [workbench_top_col] (-0.7 cm signed distance),True,True,True,True,True,True,True,True,True,True,True,True,False,True,False,False,False,True,1,1,3,3,3,2,,False,True,True,,0,0,,1,6,0.16666666666666666,8,1,2,2,3,0,0,24.370631266000146,15.812502415000381,0.16164392600012434,,0.0
workshop__F1_POWER_FIRST_ONE_REGION__fixed_full_inspection__r00,workshop,F1_POWER_FIRST_ONE_REGION,fixed_full_inspection,0,240235,4532495142b7a365d8bdba43f1776ab798818a28,PREDICTED_INFEASIBLE,False,UNRESOLVED_INVALID_CORRECTION,INVALID_CORRECTION,,corrective response is not a valid replacement PDDL problem,True,True,True,True,True,True,False,False,False,False,False,False,False,False,False,False,False,True,,,0,0,0,,,False,True,True,,0,0,,1,6,0.16666666666666666,8,1,2,2,3,3,0,24.752358293000043,22.110298443000147,,,0.0
workshop__F1_POWER_FIRST_ONE_REGION__fixed_full_inspection__r01,workshop,F1_POWER_FIRST_ONE_REGION,fixed_full_inspection,1,240236,4532495142b7a365d8bdba43f1776ab798818a28,PREDICTED_INFEASIBLE,False,UNRESOLVED_INVALID_CORRECTION,INVALID_CORRECTION,,corrective response is not a valid replacement PDDL problem,True,True,True,True,True,True,False,False,False,False,False,False,False,False,False,False,False,True,,,0,0,0,,,False,True,True,,0,0,,1,6,0.16666666666666666,8,1,2,2,3,3,0,20.702186309999888,18.193906018000007,,,0.0
workshop__F1_POWER_FIRST_ONE_REGION__fixed_full_inspection__r02,workshop,F1_POWER_FIRST_ONE_REGION,fixed_full_inspection,2,240237,4532495142b7a365d8bdba43f1776ab798818a28,PREDICTED_INFEASIBLE,False,UNRESOLVED_INVALID_CORRECTION,INVALID_CORRECTION,,corrective response is not a valid replacement PDDL problem,True,True,True,True,True,True,False,False,False,False,False,False,False,False,False,False,False,True,,,0,0,0,,,False,True,True,,0,0,,1,6,0.16666666666666666,8,1,2,2,3,3,0,19.351131396000028,16.866290267000068,,,0.0
workshop__F1_POWER_FIRST_ONE_REGION__fixed_full_inspection__r03,workshop,F1_POWER_FIRST_ONE_REGION,fixed_full_inspection,3,240238,4532495142b7a365d8bdba43f1776ab798818a28,PREDICTED_INFEASIBLE,False,UNRESOLVED_INVALID_CORRECTION,INVALID_CORRECTION,,corrective response is not a valid replacement PDDL problem,True,True,True,True,True,True,False,False,False,False,False,False,False,False,False,False,False,True,,,0,0,0,,,False,True,True,,0,0,,1,6,0.16666666666666666,8,1,2,2,3,3,0,21.924899107999863,19.457295234999947,,,0.0
workshop__F1_POWER_FIRST_ONE_REGION__fixed_full_inspection__r04,workshop,F1_POWER_FIRST_ONE_REGION,fixed_full_inspection,4,240239,4532495142b7a365d8bdba43f1776ab798818a28,PREDICTED_INFEASIBLE,False,UNRESOLVED_INVALID_CORRECTION,INVALID_CORRECTION,,corrective response is not a valid replacement PDDL problem,True,True,True,True,True,True,False,False,False,False,False,False,False,False,False,False,False,True,,,0,0,0,,,False,True,True,,0,0,,1,6,0.16666666666666666,8,1,2,2,3,3,0,20.085209216000067,17.602821433999907,,,0.0
workshop__F1_POWER_FIRST_ONE_REGION__initial_observation_only__r00,workshop,F1_POWER_FIRST_ONE_REGION,initial_observation_only,0,240230,4532495142b7a365d8bdba43f1776ab798818a28,REFINEMENT_FAILURE,False,UNRESOLVED_REFINEMENT_FAILURE,REFINEMENT,COLLISION,environment collision google:link_finger_tip_right [unnamed robot geom] / workbench [workbench_top_col] (-0.7 cm signed distance),True,True,True,True,True,True,True,True,True,True,True,True,False,True,False,False,False,True,1,1,3,3,3,2,,False,True,True,,0,0,,1,6,0.16666666666666666,8,1,2,2,3,0,0,17.41220516699991,8.971517644999722,0.16298616099993524,,0.0
workshop__F1_POWER_FIRST_ONE_REGION__initial_observation_only__r01,workshop,F1_POWER_FIRST_ONE_REGION,initial_observation_only,1,240231,4532495142b7a365d8bdba43f1776ab798818a28,REFINEMENT_FAILURE,False,UNRESOLVED_REFINEMENT_FAILURE,REFINEMENT,COLLISION,environment collision google:link_finger_tip_right [unnamed robot geom] / workbench [workbench_top_col] (-0.7 cm signed distance),True,True,True,True,True,True,True,True,True,True,True,True,False,True,False,False,False,True,1,1,3,3,3,2,,False,True,True,,0,0,,1,6,0.16666666666666666,8,1,2,2,3,0,0,23.00524917000007,14.385552053999845,0.1603650800000196,,0.0
workshop__F1_POWER_FIRST_ONE_REGION__initial_observation_only__r02,workshop,F1_POWER_FIRST_ONE_REGION,initial_observation_only,2,240232,4532495142b7a365d8bdba43f1776ab798818a28,REFINEMENT_FAILURE,False,UNRESOLVED_REFINEMENT_FAILURE,REFINEMENT,COLLISION,environment collision google:link_finger_tip_right [unnamed robot geom] / workbench [workbench_top_col] (-0.7 cm signed distance),True,True,True,True,True,True,True,True,True,True,True,True,False,True,False,False,False,True,1,1,3,3,3,2,,False,True,True,,0,0,,1,6,0.16666666666666666,8,1,2,2,3,0,0,20.133324195999876,11.380479347999653,0.12552241499997763,,0.0
workshop__F1_POWER_FIRST_ONE_REGION__initial_observation_only__r03,workshop,F1_POWER_FIRST_ONE_REGION,initial_observation_only,3,240233,4532495142b7a365d8bdba43f1776ab798818a28,REFINEMENT_FAILURE,False,UNRESOLVED_REFINEMENT_FAILURE,REFINEMENT,COLLISION,environment collision google:link_finger_tip_right [unnamed robot geom] / workbench [workbench_top_col] (-0.7 cm signed distance),True,True,True,True,True,True,True,True,True,True,True,True,False,True,False,False,False,True,1,1,3,3,3,2,,False,True,True,,0,0,,1,6,0.16666666666666666,8,1,2,2,3,0,0,24.019084921000058,15.440122622000217,0.15895891600007417,,0.0
workshop__F1_POWER_FIRST_ONE_REGION__initial_observation_only__r04,workshop,F1_POWER_FIRST_ONE_REGION,initial_observation_only,4,240234,4532495142b7a365d8bdba43f1776ab798818a28,REFINEMENT_FAILURE,False,UNRESOLVED_REFINEMENT_FAILURE,REFINEMENT,COLLISION,environment collision google:link_finger_tip_right [unnamed robot geom] / workbench [workbench_top_col] (-0.7 cm signed distance),True,True,True,True,True,True,True,True,True,True,True,True,False,True,False,False,False,True,1,1,3,3,3,2,,False,True,True,,0,0,,1,6,0.16666666666666666,8,1,2,2,3,0,0,21.370507245,12.879263344000037,0.12355219300002318,,0.0
workshop__F2_MANUAL_FIRST_TWO_REGIONS__fixed_full_inspection__r00,workshop,F2_MANUAL_FIRST_TWO_REGIONS,fixed_full_inspection,0,240245,4532495142b7a365d8bdba43f1776ab798818a28,IDENTITY_FAILURE,False,UNRESOLVED_IDENTITY_FAILURE,ENTITY_RESOLUTION,ENTITY_RESOLUTION,no class-compatible visible entity is close enough to 'driver_1',True,True,True,True,True,True,True,True,True,True,False,False,False,False,False,False,False,True,0,0,4,4,4,5,,False,True,True,,0,0,,1,6,0.16666666666666666,7,1,2,1,3,3,0,21.48372878300006,18.38469374700003,0.16064871200001107,,0.0
workshop__F2_MANUAL_FIRST_TWO_REGIONS__fixed_full_inspection__r01,workshop,F2_MANUAL_FIRST_TWO_REGIONS,fixed_full_inspection,1,240246,4532495142b7a365d8bdba43f1776ab798818a28,IDENTITY_FAILURE,False,UNRESOLVED_IDENTITY_FAILURE,INVALID_CORRECTION,,corrective response is not a valid replacement PDDL problem,True,True,True,True,True,True,True,True,True,True,False,False,False,False,False,False,False,True,0,0,2,2,2,2,,False,True,True,,0,0,,1,6,0.16666666666666666,8,1,2,2,3,3,0,24.095978348000017,21.182616439000412,0.15986878800003979,,0.0
workshop__F2_MANUAL_FIRST_TWO_REGIONS__fixed_full_inspection__r02,workshop,F2_MANUAL_FIRST_TWO_REGIONS,fixed_full_inspection,2,240247,4532495142b7a365d8bdba43f1776ab798818a28,IDENTITY_FAILURE,False,UNRESOLVED_IDENTITY_FAILURE,ENTITY_RESOLUTION,ENTITY_RESOLUTION,no class-compatible visible entity is close enough to 'driver_1',True,True,True,True,True,True,True,True,True,True,False,False,False,False,False,False,False,True,0,0,4,4,4,5,,False,True,True,,0,0,,1,6,0.16666666666666666,7,1,2,1,3,3,0,18.502652211000168,15.52158596600043,0.12387432299988177,,0.0
workshop__F2_MANUAL_FIRST_TWO_REGIONS__fixed_full_inspection__r03,workshop,F2_MANUAL_FIRST_TWO_REGIONS,fixed_full_inspection,3,240248,4532495142b7a365d8bdba43f1776ab798818a28,IDENTITY_FAILURE,False,UNRESOLVED_IDENTITY_FAILURE,ENTITY_RESOLUTION,ENTITY_RESOLUTION,no class-compatible visible entity is close enough to 'driver_1',True,True,True,True,True,True,True,True,True,True,False,False,False,False,False,False,False,True,0,0,4,4,4,5,,False,True,True,,0,0,,1,6,0.16666666666666666,7,1,2,1,3,3,0,17.418451670999957,14.250392396000507,0.1602902809997886,,0.0
workshop__F2_MANUAL_FIRST_TWO_REGIONS__fixed_full_inspection__r04,workshop,F2_MANUAL_FIRST_TWO_REGIONS,fixed_full_inspection,4,240249,4532495142b7a365d8bdba43f1776ab798818a28,IDENTITY_FAILURE,False,UNRESOLVED_IDENTITY_FAILURE,INVALID_CORRECTION,,corrective response is not a valid replacement PDDL problem,True,True,True,True,True,True,True,True,True,True,False,False,False,False,False,False,False,True,0,0,2,2,2,2,,False,True,True,,0,0,,1,6,0.16666666666666666,8,1,2,2,3,3,0,26.33627959499995,23.343673264000245,0.16006619800009503,,0.0
workshop__F2_MANUAL_FIRST_TWO_REGIONS__initial_observation_only__r00,workshop,F2_MANUAL_FIRST_TWO_REGIONS,initial_observation_only,0,240240,4532495142b7a365d8bdba43f1776ab798818a28,REFINEMENT_FAILURE,False,UNRESOLVED_REFINEMENT_FAILURE,REFINEMENT,COLLISION,environment collision google:link_finger_tip_right [unnamed robot geom] / workbench [workbench_top_col] (-0.7 cm signed distance),True,True,True,True,True,True,True,True,True,True,True,True,False,True,False,False,False,True,1,1,3,3,3,2,,False,True,True,,0,0,,1,6,0.16666666666666666,8,1,2,2,3,0,0,18.768975228000045,10.122098803999734,0.12376449099997444,,0.0
workshop__F2_MANUAL_FIRST_TWO_REGIONS__initial_observation_only__r01,workshop,F2_MANUAL_FIRST_TWO_REGIONS,initial_observation_only,1,240241,4532495142b7a365d8bdba43f1776ab798818a28,REFINEMENT_FAILURE,False,UNRESOLVED_REFINEMENT_FAILURE,REFINEMENT,COLLISION,environment collision google:link_finger_tip_right [unnamed robot geom] / workbench [workbench_top_col] (-0.7 cm signed distance),True,True,True,True,True,True,True,True,True,True,True,True,False,True,False,False,False,True,1,1,3,3,3,2,,False,True,True,,0,0,,1,6,0.16666666666666666,8,1,2,2,3,0,0,21.19580294100001,12.629407606000086,0.12513820100002704,,0.0
workshop__F2_MANUAL_FIRST_TWO_REGIONS__initial_observation_only__r02,workshop,F2_MANUAL_FIRST_TWO_REGIONS,initial_observation_only,2,240242,4532495142b7a365d8bdba43f1776ab798818a28,REFINEMENT_FAILURE,False,UNRESOLVED_REFINEMENT_FAILURE,REFINEMENT,COLLISION,environment collision google:link_finger_tip_right [unnamed robot geom] / workbench [workbench_top_col] (-0.7 cm signed distance),True,True,True,True,True,True,True,True,True,True,True,True,False,True,False,False,False,True,1,1,3,3,3,2,,False,True,True,,0,0,,1,6,0.16666666666666666,8,1,2,2,3,0,0,17.822893142999874,9.149301779000098,0.12315716200009774,,0.0
workshop__F2_MANUAL_FIRST_TWO_REGIONS__initial_observation_only__r03,workshop,F2_MANUAL_FIRST_TWO_REGIONS,initial_observation_only,3,240243,4532495142b7a365d8bdba43f1776ab798818a28,REFINEMENT_FAILURE,False,UNRESOLVED_REFINEMENT_FAILURE,REFINEMENT,COLLISION,environment collision google:link_finger_tip_right [unnamed robot geom] / workbench [workbench_top_col] (-0.7 cm signed distance),True,True,True,True,True,True,True,True,True,True,True,True,False,True,False,False,False,True,1,1,3,3,3,2,,False,True,True,,0,0,,1,6,0.16666666666666666,8,1,2,2,3,0,0,18.56817625000008,9.863491159999512,0.12743320200002017,,0.0
workshop__F2_MANUAL_FIRST_TWO_REGIONS__initial_observation_only__r04,workshop,F2_MANUAL_FIRST_TWO_REGIONS,initial_observation_only,4,240244,4532495142b7a365d8bdba43f1776ab798818a28,REFINEMENT_FAILURE,False,UNRESOLVED_REFINEMENT_FAILURE,REFINEMENT,COLLISION,environment collision google:link_finger_tip_right [unnamed robot geom] / workbench [workbench_top_col] (-0.7 cm signed distance),True,True,True,True,True,True,True,True,True,True,True,True,False,True,False,False,False,True,1,1,3,3,3,2,,False,True,True,,0,0,,1,6,0.16666666666666666,8,1,2,2,3,0,0,21.097593022999945,12.720825913999988,0.11455599400005667,,0.0
workshop__F3_POWER_FIRST_TWO_REGIONS__fixed_full_inspection__r00,workshop,F3_POWER_FIRST_TWO_REGIONS,fixed_full_inspection,0,240255,4532495142b7a365d8bdba43f1776ab798818a28,PREDICTED_INFEASIBLE,False,UNRESOLVED_INVALID_CORRECTION,INVALID_CORRECTION,,corrective response is not a valid replacement PDDL problem,True,True,True,True,True,True,False,False,False,False,False,False,False,False,False,False,False,True,,,0,0,0,,,False,True,True,,0,0,,1,6,0.16666666666666666,7,1,1,2,3,3,0,26.195592256000054,23.52247176899982,,,0.0
workshop__F3_POWER_FIRST_TWO_REGIONS__fixed_full_inspection__r01,workshop,F3_POWER_FIRST_TWO_REGIONS,fixed_full_inspection,1,240256,4532495142b7a365d8bdba43f1776ab798818a28,PREDICTED_INFEASIBLE,False,UNRESOLVED_INVALID_CORRECTION,INVALID_CORRECTION,,corrective response is not a valid replacement PDDL problem,True,True,True,True,True,True,False,False,False,False,False,False,False,False,False,False,False,True,,,0,0,0,,,False,True,True,,0,0,,1,6,0.16666666666666666,7,1,1,2,3,3,0,26.07579586299994,23.4145010670004,,,0.0
workshop__F3_POWER_FIRST_TWO_REGIONS__fixed_full_inspection__r02,workshop,F3_POWER_FIRST_TWO_REGIONS,fixed_full_inspection,2,240257,4532495142b7a365d8bdba43f1776ab798818a28,IDENTITY_FAILURE,False,UNRESOLVED_IDENTITY_FAILURE,ENTITY_RESOLUTION,ENTITY_RESOLUTION,no class-compatible visible entity is close enough to 'screw_1',True,True,True,True,True,True,True,True,True,True,False,False,False,False,False,False,False,True,1,1,2,2,2,2,,False,True,True,,0,0,,1,6,0.16666666666666666,7,1,1,2,3,3,0,21.4498868820001,18.535716848999982,0.16101369300008628,,0.0
workshop__F3_POWER_FIRST_TWO_REGIONS__fixed_full_inspection__r03,workshop,F3_POWER_FIRST_TWO_REGIONS,fixed_full_inspection,3,240258,4532495142b7a365d8bdba43f1776ab798818a28,PREDICTED_INFEASIBLE,False,UNRESOLVED_INVALID_CORRECTION,INVALID_CORRECTION,,corrective response is not a valid replacement PDDL problem,True,True,True,True,True,True,False,False,False,False,False,False,False,False,False,False,False,True,,,0,0,0,,,False,True,True,,0,0,,1,6,0.16666666666666666,7,1,1,2,3,3,0,25.08643386000017,22.60523116799982,,,0.0
workshop__F3_POWER_FIRST_TWO_REGIONS__fixed_full_inspection__r04,workshop,F3_POWER_FIRST_TWO_REGIONS,fixed_full_inspection,4,240259,4532495142b7a365d8bdba43f1776ab798818a28,IDENTITY_FAILURE,False,UNRESOLVED_IDENTITY_FAILURE,ENTITY_RESOLUTION,ENTITY_RESOLUTION,no class-compatible visible entity is close enough to 'screw_1',True,True,True,True,True,True,True,True,True,True,False,False,False,False,False,False,False,True,1,1,2,2,2,2,,False,True,True,,0,0,,1,6,0.16666666666666666,7,1,1,2,3,3,0,19.313834744999895,16.417405703999975,0.1565839859999869,,0.0
workshop__F3_POWER_FIRST_TWO_REGIONS__initial_observation_only__r00,workshop,F3_POWER_FIRST_TWO_REGIONS,initial_observation_only,0,240250,4532495142b7a365d8bdba43f1776ab798818a28,REFINEMENT_FAILURE,False,UNRESOLVED_REFINEMENT_FAILURE,REFINEMENT,COLLISION,environment collision google:link_finger_tip_right [unnamed robot geom] / workbench [workbench_top_col] (-0.7 cm signed distance),True,True,True,True,True,True,True,True,True,True,True,True,False,True,False,False,False,True,1,1,3,3,3,2,,False,True,True,,0,0,,1,6,0.16666666666666666,8,1,2,2,3,0,0,18.079824985000187,9.929908478000243,0.15692432600008033,,0.0
workshop__F3_POWER_FIRST_TWO_REGIONS__initial_observation_only__r01,workshop,F3_POWER_FIRST_TWO_REGIONS,initial_observation_only,1,240251,4532495142b7a365d8bdba43f1776ab798818a28,REFINEMENT_FAILURE,False,UNRESOLVED_REFINEMENT_FAILURE,REFINEMENT,COLLISION,environment collision google:link_finger_tip_right [unnamed robot geom] / workbench [workbench_top_col] (-0.7 cm signed distance),True,True,True,True,True,True,True,True,True,True,True,True,False,True,False,False,False,True,1,1,3,3,3,2,,False,True,True,,0,0,,1,6,0.16666666666666666,8,1,2,2,3,0,0,17.43222614000001,8.958857232000355,0.12883715599991774,,0.0
workshop__F3_POWER_FIRST_TWO_REGIONS__initial_observation_only__r02,workshop,F3_POWER_FIRST_TWO_REGIONS,initial_observation_only,2,240252,4532495142b7a365d8bdba43f1776ab798818a28,REFINEMENT_FAILURE,False,UNRESOLVED_REFINEMENT_FAILURE,REFINEMENT,COLLISION,environment collision google:link_finger_tip_right [unnamed robot geom] / workbench [workbench_top_col] (-0.7 cm signed distance),True,True,True,True,True,True,True,True,True,True,True,True,False,True,False,False,False,True,1,1,3,3,3,2,,False,True,True,,0,0,,1,6,0.16666666666666666,8,1,2,2,3,0,0,20.15946742999995,11.750503785999854,0.1259912529999383,,0.0
workshop__F3_POWER_FIRST_TWO_REGIONS__initial_observation_only__r03,workshop,F3_POWER_FIRST_TWO_REGIONS,initial_observation_only,3,240253,4532495142b7a365d8bdba43f1776ab798818a28,REFINEMENT_FAILURE,False,UNRESOLVED_REFINEMENT_FAILURE,REFINEMENT,COLLISION,environment collision google:link_finger_tip_right [unnamed robot geom] / workbench [workbench_top_col] (-0.7 cm signed distance),True,True,True,True,True,True,True,True,True,True,True,True,False,True,False,False,False,True,1,1,3,3,3,2,,False,True,True,,0,0,,1,6,0.16666666666666666,8,1,2,2,3,0,0,21.662728920000063,13.473175938000168,0.1567225880000933,,0.0
workshop__F3_POWER_FIRST_TWO_REGIONS__initial_observation_only__r04,workshop,F3_POWER_FIRST_TWO_REGIONS,initial_observation_only,4,240254,4532495142b7a365d8bdba43f1776ab798818a28,REFINEMENT_FAILURE,False,UNRESOLVED_REFINEMENT_FAILURE,REFINEMENT,COLLISION,environment collision google:link_finger_tip_right [unnamed robot geom] / workbench [workbench_top_col] (-0.7 cm signed distance),True,True,True,True,True,True,True,True,True,True,True,True,False,True,False,False,False,True,1,1,3,3,3,2,,False,True,True,,0,0,,1,6,0.16666666666666666,8,1,2,2,3,0,0,22.40883272000019,13.829390206999733,0.1315690540000105,,0.0
workshop__F4_MANUAL_FIRST_THREE_REGIONS__fixed_full_inspection__r00,workshop,F4_MANUAL_FIRST_THREE_REGIONS,fixed_full_inspection,0,240265,4532495142b7a365d8bdba43f1776ab798818a28,PREDICTED_INFEASIBLE,False,UNRESOLVED_INVALID_CORRECTION,INVALID_CORRECTION,,corrective response is not a valid replacement PDDL problem,True,True,True,True,True,True,False,False,False,False,False,False,False,False,False,False,False,True,,,0,0,0,,,False,True,True,,0,0,,1,6,0.16666666666666666,8,1,2,2,3,3,0,15.00476334699988,12.531002787999796,,,0.0
workshop__F4_MANUAL_FIRST_THREE_REGIONS__fixed_full_inspection__r01,workshop,F4_MANUAL_FIRST_THREE_REGIONS,fixed_full_inspection,1,240266,4532495142b7a365d8bdba43f1776ab798818a28,IDENTITY_FAILURE,False,UNRESOLVED_IDENTITY_FAILURE,INVALID_CORRECTION,,corrective response is not a valid replacement PDDL problem,True,True,True,True,True,True,True,True,True,True,False,False,False,False,False,False,False,True,1,1,1,1,1,3,,False,True,True,,0,0,,1,6,0.16666666666666666,8,1,2,2,3,3,0,28.505491807,25.762162479999915,0.15658486500001345,,0.0
workshop__F4_MANUAL_FIRST_THREE_REGIONS__fixed_full_inspection__r02,workshop,F4_MANUAL_FIRST_THREE_REGIONS,fixed_full_inspection,2,240267,4532495142b7a365d8bdba43f1776ab798818a28,IDENTITY_FAILURE,False,UNRESOLVED_IDENTITY_FAILURE,ENTITY_RESOLUTION,ENTITY_RESOLUTION,no class-compatible visible entity is close enough to 'driver_1',True,True,True,True,True,True,True,True,True,True,False,False,False,False,False,False,False,True,0,0,4,4,4,5,,False,True,True,,0,0,,1,6,0.16666666666666666,7,1,2,1,3,3,0,11.364214818000164,8.413766140000007,0.12201669199998832,,0.0
workshop__F4_MANUAL_FIRST_THREE_REGIONS__fixed_full_inspection__r03,workshop,F4_MANUAL_FIRST_THREE_REGIONS,fixed_full_inspection,3,240268,4532495142b7a365d8bdba43f1776ab798818a28,PREDICTED_INFEASIBLE,False,UNRESOLVED_INVALID_CORRECTION,INVALID_CORRECTION,,corrective response is not a valid replacement PDDL problem,True,True,True,True,True,True,False,False,False,False,False,False,False,False,False,False,False,True,,,0,0,0,,,False,True,True,,0,0,,1,6,0.16666666666666666,8,1,2,2,3,3,0,16.091475946999935,13.538723870999775,,,0.0
workshop__F4_MANUAL_FIRST_THREE_REGIONS__fixed_full_inspection__r04,workshop,F4_MANUAL_FIRST_THREE_REGIONS,fixed_full_inspection,4,240269,4532495142b7a365d8bdba43f1776ab798818a28,IDENTITY_FAILURE,False,UNRESOLVED_IDENTITY_FAILURE,ENTITY_RESOLUTION,ENTITY_RESOLUTION,no class-compatible visible entity is close enough to 'driver_1',True,True,True,True,True,True,True,True,True,True,False,False,False,False,False,False,False,True,0,0,4,4,4,5,,False,True,True,,0,0,,1,6,0.16666666666666666,7,1,2,1,3,3,0,17.12203876600006,14.094427818000213,0.11888521900004889,,0.0
workshop__F4_MANUAL_FIRST_THREE_REGIONS__initial_observation_only__r00,workshop,F4_MANUAL_FIRST_THREE_REGIONS,initial_observation_only,0,240260,4532495142b7a365d8bdba43f1776ab798818a28,IDENTITY_FAILURE,False,UNRESOLVED_IDENTITY_FAILURE,INVALID_CORRECTION,,corrective response is not a valid replacement PDDL problem,True,True,True,True,True,True,True,True,True,True,False,False,False,False,False,False,False,True,1,1,2,2,2,2,,False,True,True,,0,0,,1,6,0.16666666666666666,8,1,2,2,3,0,0,13.200491823999982,11.878759220999655,0.12196545000006154,,0.0
workshop__F4_MANUAL_FIRST_THREE_REGIONS__initial_observation_only__r01,workshop,F4_MANUAL_FIRST_THREE_REGIONS,initial_observation_only,1,240261,4532495142b7a365d8bdba43f1776ab798818a28,IDENTITY_FAILURE,False,UNRESOLVED_IDENTITY_FAILURE,INVALID_CORRECTION,,corrective response is not a valid replacement PDDL problem,True,True,True,True,True,True,True,True,True,True,False,False,False,False,False,False,False,True,1,1,2,2,2,2,,False,True,True,,0,0,,1,6,0.16666666666666666,8,1,2,2,3,0,0,11.156143940999982,9.930042417000095,0.12330027799998788,,0.0
workshop__F4_MANUAL_FIRST_THREE_REGIONS__initial_observation_only__r02,workshop,F4_MANUAL_FIRST_THREE_REGIONS,initial_observation_only,2,240262,4532495142b7a365d8bdba43f1776ab798818a28,IDENTITY_FAILURE,False,UNRESOLVED_IDENTITY_FAILURE,INVALID_CORRECTION,,corrective response is not a valid replacement PDDL problem,True,True,True,True,True,True,True,True,True,True,False,False,False,False,False,False,False,True,1,1,2,2,2,2,,False,True,True,,0,0,,1,6,0.16666666666666666,8,1,2,2,3,0,0,12.677574096999933,11.432832690000396,0.11476769000000786,,0.0
workshop__F4_MANUAL_FIRST_THREE_REGIONS__initial_observation_only__r03,workshop,F4_MANUAL_FIRST_THREE_REGIONS,initial_observation_only,3,240263,4532495142b7a365d8bdba43f1776ab798818a28,IDENTITY_FAILURE,False,UNRESOLVED_IDENTITY_FAILURE,INVALID_CORRECTION,,corrective response is not a valid replacement PDDL problem,True,True,True,True,True,True,True,True,True,True,False,False,False,False,False,False,False,True,1,1,2,2,2,2,,False,True,True,,0,0,,1,6,0.16666666666666666,8,1,2,2,3,0,0,9.355420802000026,8.038858756000081,0.1361754250001468,,0.0
workshop__F4_MANUAL_FIRST_THREE_REGIONS__initial_observation_only__r04,workshop,F4_MANUAL_FIRST_THREE_REGIONS,initial_observation_only,4,240264,4532495142b7a365d8bdba43f1776ab798818a28,IDENTITY_FAILURE,False,UNRESOLVED_IDENTITY_FAILURE,INVALID_CORRECTION,,corrective response is not a valid replacement PDDL problem,True,True,True,True,True,True,True,True,True,True,False,False,False,False,False,False,False,True,1,1,2,2,2,2,,False,True,True,,0,0,,1,6,0.16666666666666666,8,1,2,2,3,0,0,12.881763472000102,11.517497761999948,0.16005539200000385,,0.0
workshop__F5_POWER_FIRST_THREE_REGIONS__fixed_full_inspection__r00,workshop,F5_POWER_FIRST_THREE_REGIONS,fixed_full_inspection,0,240275,4532495142b7a365d8bdba43f1776ab798818a28,PREDICTED_INFEASIBLE,False,UNRESOLVED_INVALID_CORRECTION,INVALID_CORRECTION,,corrective response is not a valid replacement PDDL problem,True,True,True,True,True,True,False,False,False,False,False,False,False,False,False,False,False,True,,,0,0,0,,,False,True,True,,0,0,,1,6,0.16666666666666666,8,1,2,2,3,3,0,19.79158913299989,17.17402324900013,,,0.0
workshop__F5_POWER_FIRST_THREE_REGIONS__fixed_full_inspection__r01,workshop,F5_POWER_FIRST_THREE_REGIONS,fixed_full_inspection,1,240276,4532495142b7a365d8bdba43f1776ab798818a28,PREDICTED_INFEASIBLE,False,UNRESOLVED_INVALID_CORRECTION,INVALID_CORRECTION,,corrective response is not a valid replacement PDDL problem,True,True,True,True,True,True,False,False,False,False,False,False,False,False,False,False,False,True,,,0,0,0,,,False,True,True,,0,0,,1,6,0.16666666666666666,8,1,2,2,3,3,0,18.349907082999835,15.868033575000254,,,0.0
workshop__F5_POWER_FIRST_THREE_REGIONS__fixed_full_inspection__r02,workshop,F5_POWER_FIRST_THREE_REGIONS,fixed_full_inspection,2,240277,4532495142b7a365d8bdba43f1776ab798818a28,PREDICTED_INFEASIBLE,False,UNRESOLVED_INVALID_CORRECTION,INVALID_CORRECTION,,corrective response is not a valid replacement PDDL problem,True,True,True,True,True,True,False,False,False,False,False,False,False,False,False,False,False,True,,,0,0,0,,,False,True,True,,0,0,,1,6,0.16666666666666666,8,1,2,2,3,3,0,18.097679698000093,15.678926526000623,,,0.0
workshop__F5_POWER_FIRST_THREE_REGIONS__fixed_full_inspection__r03,workshop,F5_POWER_FIRST_THREE_REGIONS,fixed_full_inspection,3,240278,4532495142b7a365d8bdba43f1776ab798818a28,PREDICTED_INFEASIBLE,False,UNRESOLVED_INVALID_CORRECTION,INVALID_CORRECTION,,corrective response is not a valid replacement PDDL problem,True,True,True,True,True,True,False,False,False,False,False,False,False,False,False,False,False,True,,,0,0,0,,,False,True,True,,0,0,,1,6,0.16666666666666666,8,1,2,2,3,3,0,19.30259848300011,16.840396462999706,,,0.0
workshop__F5_POWER_FIRST_THREE_REGIONS__fixed_full_inspection__r04,workshop,F5_POWER_FIRST_THREE_REGIONS,fixed_full_inspection,4,240279,4532495142b7a365d8bdba43f1776ab798818a28,PREDICTED_INFEASIBLE,False,UNRESOLVED_INVALID_CORRECTION,INVALID_CORRECTION,,corrective response is not a valid replacement PDDL problem,True,True,True,True,True,True,False,False,False,False,False,False,False,False,False,False,False,True,,,0,0,0,,,False,True,True,,0,0,,1,6,0.16666666666666666,8,1,2,2,3,3,0,17.6833299540001,15.282012385999906,,,0.0
workshop__F5_POWER_FIRST_THREE_REGIONS__initial_observation_only__r00,workshop,F5_POWER_FIRST_THREE_REGIONS,initial_observation_only,0,240270,4532495142b7a365d8bdba43f1776ab798818a28,IDENTITY_FAILURE,False,UNRESOLVED_IDENTITY_FAILURE,INVALID_CORRECTION,,corrective response is not a valid replacement PDDL problem,True,True,True,True,True,True,True,True,True,True,False,False,False,False,False,False,False,True,1,1,2,2,2,2,,False,True,True,,0,0,,1,6,0.16666666666666666,8,1,2,2,3,0,0,17.174080829000104,15.911587887999985,0.11596265899993341,,0.0
workshop__F5_POWER_FIRST_THREE_REGIONS__initial_observation_only__r01,workshop,F5_POWER_FIRST_THREE_REGIONS,initial_observation_only,1,240271,4532495142b7a365d8bdba43f1776ab798818a28,IDENTITY_FAILURE,False,UNRESOLVED_IDENTITY_FAILURE,INVALID_CORRECTION,,corrective response is not a valid replacement PDDL problem,True,True,True,True,True,True,True,True,True,True,False,False,False,False,False,False,False,True,1,1,2,2,2,2,,False,True,True,,0,0,,1,6,0.16666666666666666,8,1,2,2,3,0,0,13.306462695999926,11.983752986000127,0.12108587700004136,,0.0
workshop__F5_POWER_FIRST_THREE_REGIONS__initial_observation_only__r02,workshop,F5_POWER_FIRST_THREE_REGIONS,initial_observation_only,2,240272,4532495142b7a365d8bdba43f1776ab798818a28,IDENTITY_FAILURE,False,UNRESOLVED_IDENTITY_FAILURE,INVALID_CORRECTION,,corrective response is not a valid replacement PDDL problem,True,True,True,True,True,True,True,True,True,True,False,False,False,False,False,False,False,True,1,1,2,2,2,2,,False,True,True,,0,0,,1,6,0.16666666666666666,8,1,2,2,3,0,0,13.01921755300009,11.78086225900006,0.11937801899989609,,0.0
workshop__F5_POWER_FIRST_THREE_REGIONS__initial_observation_only__r03,workshop,F5_POWER_FIRST_THREE_REGIONS,initial_observation_only,3,240273,4532495142b7a365d8bdba43f1776ab798818a28,IDENTITY_FAILURE,False,UNRESOLVED_IDENTITY_FAILURE,INVALID_CORRECTION,,corrective response is not a valid replacement PDDL problem,True,True,True,True,True,True,True,True,True,True,False,False,False,False,False,False,False,True,1,1,2,2,2,2,,False,True,True,,0,0,,1,6,0.16666666666666666,8,1,2,2,3,0,0,11.110074437000094,9.812939323000137,0.15668253300009383,,0.0
workshop__F5_POWER_FIRST_THREE_REGIONS__initial_observation_only__r04,workshop,F5_POWER_FIRST_THREE_REGIONS,initial_observation_only,4,240274,4532495142b7a365d8bdba43f1776ab798818a28,IDENTITY_FAILURE,False,UNRESOLVED_IDENTITY_FAILURE,INVALID_CORRECTION,,corrective response is not a valid replacement PDDL problem,True,True,True,True,True,True,True,True,True,True,False,False,False,False,False,False,False,True,1,1,2,2,2,2,,False,True,True,,0,0,,1,6,0.16666666666666666,8,1,2,2,3,0,0,10.258536297999854,9.082479668999667,0.1171077740000328,,0.0
workshop__F6_MANUAL_ONLY__fixed_full_inspection__r00,workshop,F6_MANUAL_ONLY,fixed_full_inspection,0,240285,4532495142b7a365d8bdba43f1776ab798818a28,PREDICTED_INFEASIBLE,False,UNRESOLVED_INVALID_CORRECTION,INVALID_CORRECTION,,corrective response is not a valid replacement PDDL problem,True,True,True,True,True,True,False,False,False,False,False,False,False,False,False,False,False,True,,,0,0,0,,,False,True,True,,0,0,,1,6,0.16666666666666666,8,1,2,2,3,3,0,15.829760613999952,13.186674917999653,,,0.0
workshop__F6_MANUAL_ONLY__fixed_full_inspection__r01,workshop,F6_MANUAL_ONLY,fixed_full_inspection,1,240286,4532495142b7a365d8bdba43f1776ab798818a28,PREDICTED_INFEASIBLE,False,UNRESOLVED_INVALID_CORRECTION,INVALID_CORRECTION,,corrective response is not a valid replacement PDDL problem,True,True,True,True,True,True,False,False,False,False,False,False,False,False,False,False,False,True,,,0,0,0,,,False,True,True,,0,0,,1,6,0.16666666666666666,8,1,2,2,3,3,0,13.174541968000085,10.780261104999909,,,0.0
workshop__F6_MANUAL_ONLY__fixed_full_inspection__r02,workshop,F6_MANUAL_ONLY,fixed_full_inspection,2,240287,4532495142b7a365d8bdba43f1776ab798818a28,PREDICTED_INFEASIBLE,False,UNRESOLVED_INVALID_CORRECTION,INVALID_CORRECTION,,corrective response is not a valid replacement PDDL problem,True,True,True,True,True,True,False,False,False,False,False,False,False,False,False,False,False,True,,,0,0,0,,,False,True,True,,0,0,,1,6,0.16666666666666666,8,1,2,2,3,3,0,14.46690579899996,12.050989348999565,,,0.0
workshop__F6_MANUAL_ONLY__fixed_full_inspection__r03,workshop,F6_MANUAL_ONLY,fixed_full_inspection,3,240288,4532495142b7a365d8bdba43f1776ab798818a28,PREDICTED_INFEASIBLE,False,UNRESOLVED_INVALID_CORRECTION,INVALID_CORRECTION,,corrective response is not a valid replacement PDDL problem,True,True,True,True,True,True,False,False,False,False,False,False,False,False,False,False,False,True,,,0,0,0,,,False,True,True,,0,0,,1,6,0.16666666666666666,8,1,2,2,3,3,0,17.065900766999903,14.56978953099997,,,0.0
workshop__F6_MANUAL_ONLY__fixed_full_inspection__r04,workshop,F6_MANUAL_ONLY,fixed_full_inspection,4,240289,4532495142b7a365d8bdba43f1776ab798818a28,PREDICTED_INFEASIBLE,False,UNRESOLVED_INVALID_CORRECTION,INVALID_CORRECTION,,corrective response is not a valid replacement PDDL problem,True,True,True,True,True,True,False,False,False,False,False,False,False,False,False,False,False,True,,,0,0,0,,,False,True,True,,0,0,,1,6,0.16666666666666666,8,1,2,2,3,3,0,17.13291238199986,14.68850682499965,,,0.0
workshop__F6_MANUAL_ONLY__initial_observation_only__r00,workshop,F6_MANUAL_ONLY,initial_observation_only,0,240280,4532495142b7a365d8bdba43f1776ab798818a28,IDENTITY_FAILURE,False,UNRESOLVED_IDENTITY_FAILURE,INVALID_CORRECTION,,corrective response is not a valid replacement PDDL problem,True,True,True,True,True,True,True,True,True,True,False,False,False,False,False,False,False,True,1,1,2,2,2,2,,False,True,True,,0,0,,1,6,0.16666666666666666,8,1,2,2,3,0,0,13.566747387000078,12.323288101999879,0.12005258199997115,,0.0
workshop__F6_MANUAL_ONLY__initial_observation_only__r01,workshop,F6_MANUAL_ONLY,initial_observation_only,1,240281,4532495142b7a365d8bdba43f1776ab798818a28,IDENTITY_FAILURE,False,UNRESOLVED_IDENTITY_FAILURE,INVALID_CORRECTION,,corrective response is not a valid replacement PDDL problem,True,True,True,True,True,True,True,True,True,True,False,False,False,False,False,False,False,True,1,1,2,2,2,2,,False,True,True,,0,0,,1,6,0.16666666666666666,8,1,2,2,3,0,0,11.917773314999977,10.64166157999989,0.15602030300010483,,0.0
workshop__F6_MANUAL_ONLY__initial_observation_only__r02,workshop,F6_MANUAL_ONLY,initial_observation_only,2,240282,4532495142b7a365d8bdba43f1776ab798818a28,PREDICTED_INFEASIBLE,False,UNRESOLVED_INVALID_CORRECTION,INVALID_CORRECTION,,corrective response is not a valid replacement PDDL problem,True,True,True,True,True,True,False,False,False,False,False,False,False,False,False,False,False,True,,,0,0,0,,,False,True,True,,0,0,,1,6,0.16666666666666666,7,1,1,2,3,0,0,14.966270926999869,13.793993868000143,,,0.0
workshop__F6_MANUAL_ONLY__initial_observation_only__r03,workshop,F6_MANUAL_ONLY,initial_observation_only,3,240283,4532495142b7a365d8bdba43f1776ab798818a28,IDENTITY_FAILURE,False,UNRESOLVED_IDENTITY_FAILURE,INVALID_CORRECTION,,corrective response is not a valid replacement PDDL problem,True,True,True,True,True,True,True,True,True,True,False,False,False,False,False,False,False,True,1,1,2,2,2,2,,False,True,True,,0,0,,1,6,0.16666666666666666,8,1,2,2,3,0,0,10.140113953000082,8.771787868000274,0.1936533010000403,,0.0
workshop__F6_MANUAL_ONLY__initial_observation_only__r04,workshop,F6_MANUAL_ONLY,initial_observation_only,4,240284,4532495142b7a365d8bdba43f1776ab798818a28,IDENTITY_FAILURE,False,UNRESOLVED_IDENTITY_FAILURE,INVALID_CORRECTION,,corrective response is not a valid replacement PDDL problem,True,True,True,True,True,True,True,True,True,True,False,False,False,False,False,False,False,True,1,1,2,2,2,2,,False,True,True,,0,0,,1,6,0.16666666666666666,8,1,2,2,3,0,0,11.008187870000029,9.851544294000178,0.11768661999985852,,0.0
workshop__F7_POWER_ONLY__fixed_full_inspection__r00,workshop,F7_POWER_ONLY,fixed_full_inspection,0,240295,4532495142b7a365d8bdba43f1776ab798818a28,PREDICTED_INFEASIBLE,False,UNRESOLVED_INVALID_CORRECTION,INVALID_CORRECTION,,corrective response is not a valid replacement PDDL problem,True,True,True,True,True,True,False,False,False,False,False,False,False,False,False,False,False,True,,,0,0,0,,,False,True,True,,0,0,,1,6,0.16666666666666666,8,1,2,2,3,3,0,11.492703542000072,9.040786261000449,,,0.0
workshop__F7_POWER_ONLY__fixed_full_inspection__r01,workshop,F7_POWER_ONLY,fixed_full_inspection,1,240296,4532495142b7a365d8bdba43f1776ab798818a28,PREDICTED_INFEASIBLE,False,UNRESOLVED_INVALID_CORRECTION,INVALID_CORRECTION,,corrective response is not a valid replacement PDDL problem,True,True,True,True,True,True,False,False,False,False,False,False,False,False,False,False,False,True,,,0,0,0,,,False,True,True,,0,0,,1,6,0.16666666666666666,8,1,2,2,3,3,0,15.936574306000011,13.175882000000001,,,0.0
workshop__F7_POWER_ONLY__fixed_full_inspection__r02,workshop,F7_POWER_ONLY,fixed_full_inspection,2,240297,4532495142b7a365d8bdba43f1776ab798818a28,PREDICTED_INFEASIBLE,False,UNRESOLVED_INVALID_CORRECTION,INVALID_CORRECTION,,corrective response is not a valid replacement PDDL problem,True,True,True,True,True,True,False,False,False,False,False,False,False,False,False,False,False,True,,,0,0,0,,,False,True,True,,0,0,,1,6,0.16666666666666666,8,1,2,2,3,3,0,12.29382576199987,9.870707608999965,,,0.0
workshop__F7_POWER_ONLY__fixed_full_inspection__r03,workshop,F7_POWER_ONLY,fixed_full_inspection,3,240298,4532495142b7a365d8bdba43f1776ab798818a28,PREDICTED_INFEASIBLE,False,UNRESOLVED_INVALID_CORRECTION,INVALID_CORRECTION,,corrective response is not a valid replacement PDDL problem,True,True,True,True,True,True,False,False,False,False,False,False,False,False,False,False,False,True,,,0,0,0,,,False,True,True,,0,0,,1,6,0.16666666666666666,8,1,2,2,3,3,0,11.339935517000413,8.877016114000071,,,0.0
workshop__F7_POWER_ONLY__fixed_full_inspection__r04,workshop,F7_POWER_ONLY,fixed_full_inspection,4,240299,4532495142b7a365d8bdba43f1776ab798818a28,PREDICTED_INFEASIBLE,False,UNRESOLVED_INVALID_CORRECTION,INVALID_CORRECTION,,corrective response is not a valid replacement PDDL problem,True,True,True,True,True,True,False,False,False,False,False,False,False,False,False,False,False,True,,,0,0,0,,,False,True,True,,0,0,,1,6,0.16666666666666666,8,1,2,2,3,3,0,16.62835816300003,14.034439558999566,,,0.0
workshop__F7_POWER_ONLY__initial_observation_only__r00,workshop,F7_POWER_ONLY,initial_observation_only,0,240290,4532495142b7a365d8bdba43f1776ab798818a28,IDENTITY_FAILURE,False,UNRESOLVED_IDENTITY_FAILURE,INVALID_CORRECTION,,corrective response is not a valid replacement PDDL problem,True,True,True,True,True,True,True,True,True,True,False,False,False,False,False,False,False,True,1,1,2,2,2,2,,False,True,True,,0,0,,1,6,0.16666666666666666,8,1,2,2,3,0,0,11.712348355999893,10.533881149999615,0.11793509500012078,,0.0
workshop__F7_POWER_ONLY__initial_observation_only__r01,workshop,F7_POWER_ONLY,initial_observation_only,1,240291,4532495142b7a365d8bdba43f1776ab798818a28,IDENTITY_FAILURE,False,UNRESOLVED_IDENTITY_FAILURE,INVALID_CORRECTION,,corrective response is not a valid replacement PDDL problem,True,True,True,True,True,True,True,True,True,True,False,False,False,False,False,False,False,True,1,1,2,2,2,2,,False,True,True,,0,0,,1,6,0.16666666666666666,8,1,2,2,3,0,0,11.867682437999974,10.573662555999817,0.16174606799995672,,0.0
workshop__F7_POWER_ONLY__initial_observation_only__r02,workshop,F7_POWER_ONLY,initial_observation_only,2,240292,4532495142b7a365d8bdba43f1776ab798818a28,IDENTITY_FAILURE,False,UNRESOLVED_IDENTITY_FAILURE,INVALID_CORRECTION,,corrective response is not a valid replacement PDDL problem,True,True,True,True,True,True,True,True,True,True,False,False,False,False,False,False,False,True,1,1,2,2,2,2,,False,True,True,,0,0,,1,6,0.16666666666666666,8,1,2,2,3,0,0,9.752963236000141,8.433209414999965,0.155373900000086,,0.0
workshop__F7_POWER_ONLY__initial_observation_only__r03,workshop,F7_POWER_ONLY,initial_observation_only,3,240293,4532495142b7a365d8bdba43f1776ab798818a28,IDENTITY_FAILURE,False,UNRESOLVED_IDENTITY_FAILURE,INVALID_CORRECTION,,corrective response is not a valid replacement PDDL problem,True,True,True,True,True,True,True,True,True,True,False,False,False,False,False,False,False,True,1,1,2,2,2,2,,False,True,True,,0,0,,1,6,0.16666666666666666,8,1,2,2,3,0,0,15.02825186500013,13.355082346999552,0.17532278800013046,,0.0
workshop__F7_POWER_ONLY__initial_observation_only__r04,workshop,F7_POWER_ONLY,initial_observation_only,4,240294,4532495142b7a365d8bdba43f1776ab798818a28,IDENTITY_FAILURE,False,UNRESOLVED_IDENTITY_FAILURE,INVALID_CORRECTION,,corrective response is not a valid replacement PDDL problem,True,True,True,True,True,True,True,True,True,True,False,False,False,False,False,False,False,True,1,1,2,2,2,2,,False,True,True,,0,0,,1,6,0.16666666666666666,8,1,2,2,3,0,0,11.693841739000163,10.326742258999957,0.15693634700005532,,0.0
workshop__I0_NO_DRIVER__fixed_full_inspection__r00,workshop,I0_NO_DRIVER,fixed_full_inspection,0,240305,4532495142b7a365d8bdba43f1776ab798818a28,PREDICTED_INFEASIBLE,False,UNRESOLVED_INVALID_CORRECTION,INVALID_CORRECTION,,corrective response is not a valid replacement PDDL problem,True,True,True,True,True,True,False,False,False,False,False,False,False,False,False,False,False,True,,,0,0,0,,,False,False,True,,0,0,,1,6,0.16666666666666666,9,2,2,2,3,3,0,15.496842216999994,12.775808508999717,,,0.0
workshop__I0_NO_DRIVER__fixed_full_inspection__r01,workshop,I0_NO_DRIVER,fixed_full_inspection,1,240306,4532495142b7a365d8bdba43f1776ab798818a28,PREDICTED_INFEASIBLE,False,UNRESOLVED_INVALID_CORRECTION,INVALID_CORRECTION,,corrective response is not a valid replacement PDDL problem,True,True,True,True,True,True,False,False,False,False,False,False,False,False,False,False,False,True,,,0,0,0,,,False,False,True,,0,0,,1,6,0.16666666666666666,9,2,2,2,3,3,0,14.002855424000018,11.60334543399972,,,0.0
workshop__I0_NO_DRIVER__fixed_full_inspection__r02,workshop,I0_NO_DRIVER,fixed_full_inspection,2,240307,4532495142b7a365d8bdba43f1776ab798818a28,PREDICTED_INFEASIBLE,False,UNRESOLVED_INVALID_CORRECTION,INVALID_CORRECTION,,corrective response is not a valid replacement PDDL problem,True,True,True,True,True,True,False,False,False,False,False,False,False,False,False,False,False,True,,,0,0,0,,,False,False,True,,0,0,,1,6,0.16666666666666666,8,1,2,2,3,3,0,16.40453719399966,13.96262168399926,,,0.0
workshop__I0_NO_DRIVER__fixed_full_inspection__r03,workshop,I0_NO_DRIVER,fixed_full_inspection,3,240308,4532495142b7a365d8bdba43f1776ab798818a28,PREDICTED_INFEASIBLE,False,UNRESOLVED_INVALID_CORRECTION,INVALID_CORRECTION,,corrective response is not a valid replacement PDDL problem,True,True,True,True,True,True,False,False,False,False,False,False,False,False,False,False,False,True,,,0,0,0,,,False,False,True,,0,0,,1,6,0.16666666666666666,8,1,2,2,3,3,0,24.101540203000013,21.539849531000073,,,0.0
workshop__I0_NO_DRIVER__fixed_full_inspection__r04,workshop,I0_NO_DRIVER,fixed_full_inspection,4,240309,4532495142b7a365d8bdba43f1776ab798818a28,PREDICTED_INFEASIBLE,False,UNRESOLVED_INVALID_CORRECTION,INVALID_CORRECTION,,corrective response is not a valid replacement PDDL problem,True,True,True,True,True,True,False,False,False,False,False,False,False,False,False,False,False,True,,,0,0,0,,,False,False,True,,0,0,,1,6,0.16666666666666666,9,2,2,2,3,3,0,12.840459791000058,10.37378788399974,,,0.0
workshop__I0_NO_DRIVER__initial_observation_only__r00,workshop,I0_NO_DRIVER,initial_observation_only,0,240300,4532495142b7a365d8bdba43f1776ab798818a28,PREDICTED_INFEASIBLE,False,UNRESOLVED_REFINEMENT_FAILURE,REFINEMENT,COLLISION,environment collision google:link_finger_tip_right [unnamed robot geom] / workbench [workbench_top_col] (-0.7 cm signed distance),True,True,True,True,True,True,True,True,True,True,True,True,False,True,False,False,False,True,1,1,3,3,3,2,,False,False,True,,0,0,,1,6,0.16666666666666666,8,1,2,2,3,0,0,18.07480266399989,10.275424982000231,0.15695282799993038,,0.0
workshop__I0_NO_DRIVER__initial_observation_only__r01,workshop,I0_NO_DRIVER,initial_observation_only,1,240301,4532495142b7a365d8bdba43f1776ab798818a28,PREDICTED_INFEASIBLE,False,UNRESOLVED_REFINEMENT_FAILURE,REFINEMENT,COLLISION,environment collision google:link_finger_tip_right [unnamed robot geom] / workbench [workbench_top_col] (-0.7 cm signed distance),True,True,True,True,True,True,True,True,True,True,True,True,False,True,False,False,False,True,1,1,3,3,3,2,,False,False,True,,0,0,,1,6,0.16666666666666666,8,1,2,2,3,0,0,15.922039291000146,8.193579440000121,0.1565125629999784,,0.0
workshop__I0_NO_DRIVER__initial_observation_only__r02,workshop,I0_NO_DRIVER,initial_observation_only,2,240302,4532495142b7a365d8bdba43f1776ab798818a28,PREDICTED_INFEASIBLE,False,UNRESOLVED_REFINEMENT_FAILURE,REFINEMENT,COLLISION,environment collision google:link_finger_tip_right [unnamed robot geom] / workbench [workbench_top_col] (-0.7 cm signed distance),True,True,True,True,True,True,True,True,True,True,True,True,False,True,False,False,False,True,1,1,3,3,3,2,,False,False,True,,0,0,,1,6,0.16666666666666666,8,1,2,2,3,0,0,18.6500751399999,10.76060543199992,0.1686875240000063,,0.0
workshop__I0_NO_DRIVER__initial_observation_only__r03,workshop,I0_NO_DRIVER,initial_observation_only,3,240303,4532495142b7a365d8bdba43f1776ab798818a28,PREDICTED_INFEASIBLE,False,UNRESOLVED_REFINEMENT_FAILURE,REFINEMENT,COLLISION,environment collision google:link_finger_tip_right [unnamed robot geom] / workbench [workbench_top_col] (-0.7 cm signed distance),True,True,True,True,True,True,True,True,True,True,True,True,False,True,False,False,False,True,1,1,3,3,3,2,,False,False,True,,0,0,,1,6,0.16666666666666666,8,1,2,2,3,0,0,17.745019257999957,9.965083584000013,0.11938008099991748,,0.0
workshop__I0_NO_DRIVER__initial_observation_only__r04,workshop,I0_NO_DRIVER,initial_observation_only,4,240304,4532495142b7a365d8bdba43f1776ab798818a28,PREDICTED_INFEASIBLE,False,UNRESOLVED_REFINEMENT_FAILURE,REFINEMENT,COLLISION,environment collision google:link_finger_tip_right [unnamed robot geom] / workbench [workbench_top_col] (-0.7 cm signed distance),True,True,True,True,True,True,True,True,True,True,True,True,False,True,False,False,False,True,1,1,3,3,3,2,,False,False,True,,0,0,,1,6,0.16666666666666666,8,1,2,2,3,0,0,15.22626071500008,7.4724494149995735,0.15903502900027888,,0.0
workshop__I1_NO_SCREW__fixed_full_inspection__r00,workshop,I1_NO_SCREW,fixed_full_inspection,0,240315,4532495142b7a365d8bdba43f1776ab798818a28,PREDICTED_INFEASIBLE,False,UNRESOLVED_INVALID_CORRECTION,INVALID_CORRECTION,,corrective response is not a valid replacement PDDL problem,True,True,True,True,True,True,False,False,False,False,False,False,False,False,False,False,False,True,,,0,0,0,,,False,False,True,,0,0,,1,6,0.16666666666666666,7,1,1,2,3,3,0,14.854059105999795,12.377097910999055,,,0.0
workshop__I1_NO_SCREW__fixed_full_inspection__r01,workshop,I1_NO_SCREW,fixed_full_inspection,1,240316,4532495142b7a365d8bdba43f1776ab798818a28,PREDICTED_INFEASIBLE,False,UNRESOLVED_INVALID_CORRECTION,INVALID_CORRECTION,,corrective response is not a valid replacement PDDL problem,True,True,True,True,True,True,False,False,False,False,False,False,False,False,False,False,False,True,,,0,0,0,,,False,False,True,,0,0,,1,6,0.16666666666666666,7,1,1,2,3,3,0,13.899225081000168,11.368837054999858,,,0.0
workshop__I1_NO_SCREW__fixed_full_inspection__r02,workshop,I1_NO_SCREW,fixed_full_inspection,2,240317,4532495142b7a365d8bdba43f1776ab798818a28,PREDICTED_INFEASIBLE,False,UNRESOLVED_INVALID_CORRECTION,INVALID_CORRECTION,,corrective response is not a valid replacement PDDL problem,True,True,True,True,True,True,False,False,False,False,False,False,False,False,False,False,False,True,,,0,0,0,,,False,False,True,,0,0,,1,6,0.16666666666666666,7,1,1,2,3,3,0,15.358957695999834,12.94237344499993,,,0.0
workshop__I1_NO_SCREW__fixed_full_inspection__r03,workshop,I1_NO_SCREW,fixed_full_inspection,3,240318,4532495142b7a365d8bdba43f1776ab798818a28,PREDICTED_INFEASIBLE,False,UNRESOLVED_INVALID_CORRECTION,INVALID_CORRECTION,,corrective response is not a valid replacement PDDL problem,True,True,True,True,True,True,False,False,False,False,False,False,False,False,False,False,False,True,,,0,0,0,,,False,False,True,,0,0,,1,6,0.16666666666666666,7,1,1,2,3,3,0,14.286973219999709,11.826178516000255,,,0.0
workshop__I1_NO_SCREW__fixed_full_inspection__r04,workshop,I1_NO_SCREW,fixed_full_inspection,4,240319,4532495142b7a365d8bdba43f1776ab798818a28,PREDICTED_INFEASIBLE,False,UNRESOLVED_INVALID_CORRECTION,INVALID_CORRECTION,,corrective response is not a valid replacement PDDL problem,True,True,True,True,True,True,False,False,False,False,False,False,False,False,False,False,False,True,,,0,0,0,,,False,False,True,,0,0,,1,6,0.16666666666666666,7,1,1,2,3,3,0,12.961573701000361,10.516154466000444,,,0.0
workshop__I1_NO_SCREW__initial_observation_only__r00,workshop,I1_NO_SCREW,initial_observation_only,0,240310,4532495142b7a365d8bdba43f1776ab798818a28,PREDICTED_INFEASIBLE,False,UNRESOLVED_INVALID_CORRECTION,INVALID_CORRECTION,,corrective response is not a valid replacement PDDL problem,True,True,True,True,True,True,True,True,True,True,False,False,False,False,False,False,False,True,1,1,2,2,2,2,,False,False,True,,0,0,,1,6,0.16666666666666666,8,1,2,2,3,0,0,9.590280828999767,8.256467485999565,0.16117789400004767,,0.0
workshop__I1_NO_SCREW__initial_observation_only__r01,workshop,I1_NO_SCREW,initial_observation_only,1,240311,4532495142b7a365d8bdba43f1776ab798818a28,PREDICTED_INFEASIBLE,False,UNRESOLVED_INVALID_CORRECTION,INVALID_CORRECTION,,corrective response is not a valid replacement PDDL problem,True,True,True,True,True,True,True,True,True,True,False,False,False,False,False,False,False,True,1,1,2,2,2,2,,False,False,True,,0,0,,1,6,0.16666666666666666,8,1,2,2,3,0,0,12.419122008000159,11.257220119000067,0.11912891099996159,,0.0
workshop__I1_NO_SCREW__initial_observation_only__r02,workshop,I1_NO_SCREW,initial_observation_only,2,240312,4532495142b7a365d8bdba43f1776ab798818a28,PREDICTED_INFEASIBLE,False,UNRESOLVED_INVALID_CORRECTION,INVALID_CORRECTION,,corrective response is not a valid replacement PDDL problem,True,True,True,True,True,True,True,True,True,True,False,False,False,False,False,False,False,True,1,1,2,2,2,2,,False,False,True,,0,0,,1,6,0.16666666666666666,8,1,2,2,3,0,0,10.146971398999995,8.759013391999815,0.161005791999969,,0.0
workshop__I1_NO_SCREW__initial_observation_only__r03,workshop,I1_NO_SCREW,initial_observation_only,3,240313,4532495142b7a365d8bdba43f1776ab798818a28,PREDICTED_INFEASIBLE,False,UNRESOLVED_INVALID_CORRECTION,INVALID_CORRECTION,,corrective response is not a valid replacement PDDL problem,True,True,True,True,True,True,True,True,True,True,False,False,False,False,False,False,False,True,1,1,2,2,2,2,,False,False,True,,0,0,,1,6,0.16666666666666666,8,1,2,2,3,0,0,8.723171480000019,7.389178108999658,0.1569808300000659,,0.0
workshop__I1_NO_SCREW__initial_observation_only__r04,workshop,I1_NO_SCREW,initial_observation_only,4,240314,4532495142b7a365d8bdba43f1776ab798818a28,PREDICTED_INFEASIBLE,False,UNRESOLVED_INVALID_CORRECTION,INVALID_CORRECTION,,corrective response is not a valid replacement PDDL problem,True,True,True,True,True,True,True,True,True,True,False,False,False,False,False,False,False,True,1,1,2,2,2,2,,False,False,True,,0,0,,1,6,0.16666666666666666,8,1,2,2,3,0,0,9.784151690000044,8.595844258999932,0.11772040200003175,,0.0
