usemtl material_0
v -0.059377 0.123257 -0.0089835
v -0.065273 0.127298 -0.0058795
v -0.057863 0.125498 -0.0093085
v -0.064557 0.133185 -0.0049805
v -0.065049 0.115956 -0.0065695
v -0.069138 0.113366 -0.0038655
v -0.070534 0.127619 -0.0027175
v -0.049561 0.125468 -0.0154795
v -0.051143 0.122823 -0.0165345
v -0.052797 0.123453 -0.0148855
v -0.05382 0.124717 -0.0125785
v -0.055937 0.12869 -0.0090775
v -0.055315 0.124836 -0.0111595
v -0.059252 0.134618 -0.0062105
v -0.052082 0.131395 -0.0087955
v -0.051522 0.126724 -0.0124365
v -0.053709 0.12728 -0.0106065
v -0.051724 0.128684 -0.0104845
v -0.048131 0.128296 -0.0121485
v -0.048037 0.129969 -0.0103965
v -0.052863 0.119422 -0.0166775
v -0.054299 0.118453 -0.0158875
v -0.053425 0.120911 -0.0158855
v -0.053248 0.114929 -0.0168355
v -0.055652 0.121472 -0.0124415
v -0.05758 0.121172 -0.0106085
v -0.056992 0.117138 -0.0118665
v -0.054726 0.113767 -0.0159745
v -0.056919 0.10143 -0.0118145
v -0.058905 0.117194 -0.0098535
v -0.059132 0.108447 -0.0097915
v -0.049597 0.113862 -0.0049525
v -0.053101 0.117651 -0.0041015
v -0.054154 0.108963 -0.0039855
v -0.054095 0.107846 -0.0165575
v -0.053332 0.102391 -0.0169325
v -0.051581 0.115981 -0.0166315
v -0.045099 0.126584 -0.0157655
v -0.047956 0.124816 -0.0165675
v -0.048387 0.123495 -0.0168925
v -0.042433 0.12585 -0.0165835
v -0.041232 0.124285 -0.0166895
v -0.043534 0.122088 -0.0160415
v -0.046621 0.121251 -0.0161265
v -0.041914 0.128621 -0.0123485
v -0.042085 0.129559 -0.0110435
v -0.032842 0.126748 -0.0157625
v -0.025763 0.125797 -0.0163795
v -0.049583 0.119745 -0.0165495
v -0.049746 0.1156 -0.0158225
v -0.045099 0.115228 -0.0131815
v -0.051528 0.091302 -0.0168395
v -0.047104 0.111887 -0.0140045
v -0.044512 0.114055 -0.0128845
v -0.041448 0.117513 -0.0132635
v -0.0432 0.117052 -0.0132495
v -0.024422 0.123983 -0.0163435
v -0.017355 0.118681 -0.0136685
v -0.019589 0.117155 -0.0130295
v 0.00639 0.115097 -0.0124765
v -0.024996 0.106062 -0.0130065
v -0.056572 0.060864 -0.0116765
v -0.054513 0.060788 -0.0158485
v -0.054184 0.052536 -0.0163335
v -0.051692 0.052351 -0.0168085
v -0.053822 0.059867 -0.0167215
v -0.052628 0.068602 -0.0169615
v -0.053082 0.052176 -0.0168875
v -0.074395 0.112472 0.0004655
v -0.075284 0.074489 0.0015245
v -0.064123 0.088362 -0.0071035
v -0.059002 0.092643 -0.0098355
v -0.062631 0.119608 0.0003525
v -0.067502 0.096527 0.0034115
v -0.060809 0.077663 -0.0006265
v -0.055785 0.116571 -0.0032005
v -0.055976 0.089469 -0.0031945
v -0.069768 0.063547 -0.0032375
v -0.082966 0.079058 0.0092295
v -0.08293 0.11051 0.0089555
v -0.083833 0.104295 0.0103485
v -0.073579 0.108643 0.0081145
v -0.07324 0.063162 0.0079215
v -0.083012 0.07042 0.0095275
v -0.083791 0.071574 0.0110445
v -0.083031 0.063944 0.0094805
v -0.083924 0.081052 0.0118125
v -0.083307 0.087134 0.0131945
v -0.083104 0.055957 0.0134115
v -0.083104 0.055957 0.0134115
v -0.081935 0.085051 0.0139105
v -0.081935 0.085051 0.0139105
v -0.066957 0.061977 0.0031535
v -0.054577 0.089274 -0.0161245
v -0.053595 0.082563 -0.0168295
v -0.056285 0.079421 -0.0124715
v -0.057407 0.082268 -0.0110025
v -0.046582 0.079766 -0.0140685
v -0.049694 0.092182 -0.0160525
v -0.051652 0.095441 -0.0047405
v -0.048032 0.104134 -0.0051095
v -0.054021 0.077138 -0.0039415
v -0.049332 0.099093 -0.0051505
v -0.043979 0.086948 -0.0132675
v -0.031299 0.088436 -0.0130585
v -0.033596 0.068185 -0.0131825
v -0.054639 0.076369 -0.0157585
v -0.054187 0.066654 -0.0164465
v -0.058755 0.065607 -0.0097315
v -0.064545 0.059081 -0.0067615
v -0.049942 0.048206 -0.0163225
v -0.043367 0.051677 -0.0132115
v -0.03757 0.051441 -0.0133025
v -0.045787 0.045532 -0.0138395
v -0.052593 0.053855 -0.0044185
v -0.055088 0.050622 -0.0034985
v -0.04821 0.059239 -0.0051745
v -0.05416 0.026482 -0.0162905
v -0.053536 0.044885 -0.0168415
v -0.053015 0.037465 -0.0169975
v -0.053198 0.016742 -0.0169475
v -0.056613 0.037498 -0.0116425
v -0.056026 -0.011152 -0.0122445
v -0.065534 0.039916 -0.0064195
v -0.063528 0.004588 -0.0076235
v -0.069006 0.010792 -0.0042165
v -0.071294 -0.016897 -0.0023605
v -0.075327 0.01828 0.0011585
v -0.0589 0.033384 -0.0097915
v -0.057595 -0.006242 -0.0105135
v -0.081936 0.018988 0.0080265
v -0.066591 0.035457 0.0026015
v -0.083314 0.025583 0.0099405
v -0.083842 0.038078 0.0118475
v -0.081469 0.063792 0.0140695
v -0.080916 0.099706 0.0138675
v -0.079186 0.077193 0.0131405
v -0.080189 0.054304 0.0137915
v -0.078314 0.052981 0.0125105
v -0.081695 0.045394 0.0139835
v -0.082943 0.016919 0.0133215
v -0.082943 0.016919 0.0133215
v -0.081464 0.025813 0.0138695
v -0.078189 0.027631 0.0121865
v -0.071483 0.017106 0.0060295
v -0.080282 0.035773 0.0136215
v -0.079121 0.017166 0.0130035
v -0.058698 0.036831 -0.0018485
v -0.053223 0.03027 -0.0041895
v -0.048637 0.023662 -0.0051885
v -0.059506 0.02721 -0.0015145
v -0.059629 0.031818 -0.0016995
v -0.063063 0.015888 0.0003515
v -0.055609 0.01408 -0.0033615
v -0.050628 0.013615 -0.0048885
v -0.029109 0.094132 -0.0130495
v -0.020945 0.092033 -0.0152395
v -0.024797 0.089169 -0.0154695
v -0.024128 0.093756 -0.0137735
v -0.027319 0.091539 -0.0135755
v -0.022065 0.090183 -0.0155955
v -0.024038 0.097562 -0.0129535
v -0.026295 0.094793 -0.0131645
v -0.015328 0.098175 -0.0128775
v -0.020113 0.095265 -0.0136245
v -0.028432 0.087812 -0.0139425
v -0.030716 0.081405 -0.0132585
v -0.025999 0.084068 -0.0154705
v -0.02449 0.085102 -0.0156335
v -0.022173 0.087873 -0.0153235
v -0.018544 0.08911 -0.0152105
v -0.021915 0.08466 -0.0146935
v -0.028894 0.072003 -0.0140415
v -0.02388 0.076963 -0.0156635
v -0.009976 0.090466 -0.0155505
v 0.001682 0.095798 -0.0133785
v -0.00068 0.091543 -0.0155255
v 0.003794 0.089378 -0.0154075
v -0.014937 0.085608 -0.0136535
v -0.018737 0.085296 -0.0137535
v -0.020204 0.082271 -0.0137255
v -0.019728 0.072955 -0.0138265
v -0.016907 0.082414 -0.0130035
v -0.016429 0.07582 -0.0133675
v -0.008639 0.082707 -0.0132105
v -0.02564 0.068047 -0.0157175
v -0.030146 0.054442 -0.0135565
v -0.024019 0.06232 -0.0158155
v -0.024809 0.054303 -0.0158285
v -0.025746 0.045087 -0.0156855
v -0.020793 0.051148 -0.0142915
v -0.017624 0.050067 -0.0134065
v -0.023911 0.039431 -0.0156815
v -0.019468 0.039463 -0.0136305
v -0.015487 0.063215 -0.0057525
v 0.007096 0.092012 -0.0153085
v 0.006271 0.085795 -0.0136135
v 0.008261 0.082994 -0.0131865
v -0.002488 0.073305 -0.0136875
v 0.004029 0.061954 -0.0138045
v -0.006665 0.039915 -0.0137375
v 0.009462 0.004625 -0.0129945
v -0.051627 0.024046 -0.0168795
v -0.046343 0.021469 -0.0141485
v -0.044386 0.021428 -0.0133745
v -0.0527 0.002981 -0.0170385
v -0.050777 0.013523 -0.0168865
v -0.054152 0.002476 -0.0163345
v -0.04971 0.002942 -0.0163285
v -0.049686 0.020102 -0.0162715
v -0.045351 0.019058 -0.0141245
v -0.046464 0.010042 -0.0145545
v -0.040469 0.02176 -0.0130935
v -0.0417 0.019952 -0.0132335
v -0.041888 0.008389 -0.0131965
v -0.044966 -0.013888 -0.0140225
v -0.052741 0.000406 -0.0043205
v -0.059242 -0.011443 -0.0015605
v -0.048268 -0.002073 -0.0050785
v -0.034144 0.020633 -0.0130285
v -0.03246 0.023801 -0.0129325
v -0.033835 0.006568 -0.0129455
v -0.031276 0.020796 -0.0135505
v -0.032146 0.013282 -0.0130645
v -0.031168 0.007079 -0.0132715
v -0.044001 0.001142 -0.0137535
v -0.040475 0.000583 -0.0131685
v -0.033019 -0.003966 -0.0129525
v -0.026282 0.022284 -0.0153485
v -0.025695 -0.002081 -0.0153235
v -0.023706 0.021639 -0.0157505
v -0.03045 0.000547 -0.0131685
v -0.030353 -0.00482 -0.0133025
v -0.024085 -0.015916 -0.0154905
v -0.020493 0.007838 -0.0153075
v -0.013978 0.0101 -0.0134695
v -0.012314 0.0064 -0.0132085
v -0.017483 -0.013016 -0.0134485
v -0.031488 0.005294 -0.0050615
v -0.025925 0.024604 -0.0153195
v -0.02961 0.024128 -0.0134435
v -0.00261 -0.002866 -0.0054605
v -0.024058 0.025285 -0.0154635
v -0.01875 0.025415 -0.0132795
v -0.023971 0.023812 -0.0154395
v -0.021116 0.023691 -0.0145435
v -0.020305 0.022835 -0.0154005
v -0.016447 0.025941 -0.0131095
v -0.016473 0.023396 -0.0146545
v -0.015718 0.020069 -0.0145395
v -0.019118 0.023677 -0.0137705
v -0.019118 0.023677 -0.0137705
v -0.017396 0.023564 -0.0135785
v -0.017396 0.023564 -0.0135785
v -0.014954 0.022682 -0.0132945
v -0.015398 0.02235 -0.0135335
v -0.015398 0.02235 -0.0135335
v -9.3e-05 0.007752 -0.0132615
v 0.008194 0.054727 -0.0056155
v 0.010676 0.000835 -0.0050965
v -0.014377 0.01665 -0.0134285
v -0.05425 -0.034097 -0.0164625
v -0.056297 -0.056512 -0.0124065
v -0.071029 -0.077719 -0.0021115
v -0.068142 -0.055665 -0.0047005
v -0.06478 -0.073501 -0.0068865
v -0.059673 -0.054848 -0.0095155
v -0.064803 -0.03754 -0.0069845
v -0.053429 -0.067622 -0.0173305
v -0.053546 -0.042531 -0.0171285
v -0.051494 -0.04512 -0.0170305
v -0.054302 -0.064901 -0.0167675
v -0.056381 -0.083616 -0.0123075
v -0.05733 -0.057725 -0.0111155
v -0.058624 -0.079725 -0.0100125
v -0.075742 -0.104894 0.0022455
v -0.074539 -0.074961 0.0012555
v -0.063714 -0.095182 -0.0075325
v -0.067827 -0.098536 -0.0049455
v -0.046535 -0.047163 -0.0143825
v -0.044309 -0.081195 -0.0135695
v -0.046716 -0.075611 -0.0144495
v -0.049466 -0.041502 -0.0162835
v -0.054437 -0.083565 -0.0166865
v -0.05354 -0.084158 -0.0173475
v -0.050367 -0.079605 -0.0167335
v -0.032877 -0.088974 -0.0133755
v -0.032117 -0.056058 -0.0134325
v -0.030029 -0.084782 -0.0138265
v -0.053893 -0.095386 -0.0173535
v -0.052909 -0.10255 -0.0174365
v -0.054722 -0.10703 -0.0165275
v -0.056617 -0.098899 -0.0123775
v -0.054066 -0.10631 -0.0172785
v -0.05563 -0.11546 -0.0144535
v -0.049812 -0.096263 -0.0163725
v -0.051467 -0.11525 -0.0169625
v -0.057374 -0.089609 -0.0111085
v -0.058791 -0.098507 -0.0101415
v -0.057285 -0.105304 -0.0114075
v -0.046171 -0.111797 -0.0137975
v -0.034499 -0.114846 -0.0133195
v -0.043505 -0.114406 -0.0132605
v -0.047761 -0.081466 -0.0054145
v -0.051029 -0.069577 -0.0049225
v -0.047776 -0.11686 -0.0051845
v -0.082546 -0.016804 0.0094145
v -0.074282 -0.042238 0.0005155
v -0.058775 -0.011987 -0.0098315
v -0.066322 -0.010872 0.0024865
v -0.083345 -0.016046 0.0109245
v -0.083672 -0.002307 0.0118575
v -0.083672 -0.002307 0.0118575
v -0.082977 -0.023609 0.0100555
v -0.083381 -0.02518 0.0119305
v -0.083381 -0.02518 0.0119305
v -0.082657 -0.017042 0.0134795
v -0.082249 -0.03873 0.0094835
v -0.083366 -0.034585 0.0117895
v -0.083366 -0.034585 0.0117895
v -0.082989 -0.050256 0.0112465
v -0.082989 -0.050256 0.0112465
v -0.079703 -0.017179 0.0136415
v -0.07727 -0.076537 0.0127265
v -0.077551 -0.008881 0.0118055
v -0.072939 -0.018231 0.0076515
v -0.08293 -0.032211 0.0130985
v -0.082459 -0.036221 0.0137525
v -0.081259 -0.010308 0.0139935
v -0.079443 -0.057834 0.0141435
v -0.066645 -0.068879 0.0035135
v -0.079577 -3.3e-05 0.0133205
v -0.083402 -0.003806 0.0125755
v -0.081306 -0.073425 0.0090425
v -0.083134 -0.049732 0.0123835
v -0.082978 -0.07018 0.0123955
v -0.071715 -0.075491 0.0074785
v -0.08234 -0.057566 0.0139295
v -0.080897 -0.070123 0.0145735
v -0.08234 -0.083074 0.0104425
v -0.08234 -0.083074 0.0104425
v -0.0824 -0.085708 0.0139735
v -0.08301 -0.097299 0.0122655
v -0.053078 -0.013657 -0.0171105
v -0.053742 -0.011017 -0.0167805
v -0.050184 -0.014461 -0.0165325
v -0.045513 -0.020649 -0.0137735
v -0.042412 -0.018112 -0.0132435
v -0.048687 -0.033972 -0.0051465
v -0.053826 -0.024386 -0.0039235
v -0.034626 -0.016214 -0.0130945
v -0.043897 -0.044044 -0.0133935
v -0.056359 -0.047816 -0.0027415
v -0.061334 -0.057363 -5.05e-05
v -0.031721 -0.017632 -0.0130225
v -0.030916 -0.014416 -0.0136435
v -0.02595 -0.014795 -0.0154255
v -0.028867 -0.016861 -0.0138015
v -0.025836 -0.016277 -0.0152995
v -0.029332 -0.050836 -0.0140435
v -0.020851 -0.015666 -0.0139615
v -0.022282 -0.013839 -0.0151375
v -0.018856 -0.016133 -0.0133445
v -0.016481 -0.01685 -0.0131725
v -0.003693 -0.025128 -0.0137095
v -0.025475 -0.030702 -0.0156205
v -0.023802 -0.03367 -0.0156155
v -0.017856 -0.038243 -0.0134545
v -0.018023 -0.060643 -0.0060265
v -0.023609 -0.056837 -0.0158815
v -0.024715 -0.049689 -0.0159855
v -0.01968 -0.053379 -0.0141215
v -0.026044 -0.058579 -0.0157405
v -0.055253 -0.090669 -0.0033055
v -0.07965 -0.10456 0.0144045
v -0.063678 -0.104374 0.0015775
v -0.011562 -0.09226 -0.0057515
v -0.082136 -0.106778 0.0097685
v -0.082136 -0.106778 0.0097685
v -0.082946 -0.113008 0.0111525
v -0.083252 -0.124556 0.0122975
v -0.082857 -0.132678 0.0105335
v -0.082857 -0.132678 0.0105335
v -0.082005 -0.116684 0.0143425
v -0.082503 -0.106342 0.0138565
v -0.082851 -0.128003 0.0135425
v -0.072374 -0.108052 -0.0011815
v -0.064783 -0.117852 -0.0071775
v -0.069584 -0.116423 -0.0038055
v -0.071562 -0.118108 0.0073345
v -0.072995 -0.126514 -0.0011105
v -0.066098 -0.129247 0.0029615
v -0.073027 -0.135948 -0.0003645
v -0.068432 -0.125521 -0.0048775
v -0.077146 -0.138166 0.0036635
v -0.071809 -0.141457 0.0003555
v -0.079787 -0.14878 0.0073495
v -0.081673 -0.146169 0.0084965
v -0.077174 -0.150656 0.0064155
v -0.082043 -0.129402 0.0142845
v -0.080766 -0.127083 0.0147285
v -0.078634 -0.134735 0.0137835
v -0.083317 -0.139179 0.0120445
v -0.07169 -0.135075 0.0072135
v -0.082802 -0.145277 0.0101455
v -0.082802 -0.145277 0.0101455
v -0.083089 -0.144345 0.0119915
v -0.082417 -0.142385 0.0136115
v -0.0825 -0.147168 0.0125365
v -0.069738 -0.138658 0.0063495
v -0.075201 -0.142887 0.0106425
v -0.078503 -0.144468 0.0134055
v -0.077083 -0.147502 0.0128895
v -0.072337 -0.144209 0.0093035
v -0.080654 -0.140451 0.0144205
v -0.081246 -0.14336 0.0141845
v -0.057112 -0.114698 -0.0120725
v -0.059461 -0.117693 -0.0099215
v -0.057285 -0.117665 -0.0116805
v -0.065646 -0.125983 -0.0064575
v -0.056959 -0.122041 -0.0112525
v -0.059054 -0.123101 -0.0096425
v -0.063273 -0.129027 -0.0069405
v -0.057751 -0.126461 -0.0094725
v -0.052957 -0.118011 -0.0174275
v -0.054276 -0.115646 -0.0170325
v -0.053995 -0.118966 -0.0164565
v -0.05277 -0.121193 -0.0166925
v -0.050028 -0.119704 -0.0170205
v -0.048658 -0.122269 -0.0172095
v -0.04809 -0.119125 -0.0161925
v -0.049525 -0.115198 -0.0159835
v -0.055185 -0.120676 -0.0135955
v -0.045436 -0.115233 -0.0136655
v -0.045128 -0.117096 -0.0141415
v -0.045179 -0.121222 -0.0161705
v -0.042717 -0.117316 -0.0136605
v -0.053242 -0.123121 -0.0143865
v -0.050816 -0.123493 -0.0167185
v -0.050582 -0.125197 -0.0148655
v -0.050647 -0.122048 -0.0173415
v -0.046969 -0.12482 -0.0171915
v -0.048803 -0.125003 -0.0165045
v -0.043933 -0.123578 -0.0170825
v -0.045349 -0.125893 -0.0164995
v -0.054707 -0.125139 -0.0117685
v -0.052174 -0.127415 -0.0116705
v -0.055545 -0.128096 -0.0097405
v -0.06053 -0.135709 -0.0057945
v -0.054114 -0.130373 -0.0091135
v -0.052598 -0.129025 -0.0103475
v -0.048641 -0.127833 -0.0127195
v -0.046844 -0.129338 -0.0113645
v -0.048566 -0.131568 -0.0094555
v -0.052524 -0.114288 -0.0044335
v -0.060242 -0.122175 -0.0007585
v -0.055005 -0.123144 -0.0027805
v -0.051835 -0.118621 -0.0043855
v -0.059952 -0.127379 -0.0003525
v -0.05812 -0.130536 -0.0003225
v -0.049008 -0.122281 -0.0044095
v -0.052078 -0.126982 -0.0027165
v -0.044924 -0.120762 -0.0049965
v -0.044347 -0.125488 -0.0040125
v -0.031296 -0.122884 -0.0047085
v -0.048375 -0.13014 -0.0020255
v -0.067757 -0.134291 -0.0037675
v -0.064734 -0.137456 -0.0039625
v -0.061641 -0.142096 -0.0025535
v -0.067762 -0.143206 -0.0005115
v -0.066585 -0.145649 0.0004625
v -0.065019 -0.149449 0.0028215
v -0.053951 -0.13799 -0.0057945
v -0.054328 -0.142505 -0.0029395
v -0.063955 -0.13284 0.0022715
v -0.062708 -0.136931 0.0029255
v -0.054765 -0.134324 0.0002925
v -0.062078 -0.140042 0.0041445
v -0.060125 -0.142149 0.0051205
v -0.067822 -0.14415 0.0075565
v -0.074774 -0.149657 0.0126395
v -0.069469 -0.149484 0.0112605
v -0.05354 -0.144837 0.0072345
v -0.051769 -0.134821 0.0003515
v -0.043312 -0.138616 0.0028275
v -0.01897 -0.132656 -0.0004315
v -0.048594 -0.146992 0.0008085
v -0.045163 -0.155437 0.0091845
v -0.08159 -0.149917 0.0093065
v -0.08159 -0.149917 0.0093065
v -0.079929 -0.151547 0.0085195
v -0.077822 -0.152921 0.0079655
v -0.074314 -0.154236 0.0075895
v -0.075497 -0.154578 0.0082905
v -0.082275 -0.149286 0.0109305
v -0.080772 -0.152331 0.0113895
v -0.080772 -0.152331 0.0113895
v -0.081008 -0.151503 0.0123955
v -0.081619 -0.148038 0.0133065
v -0.078823 -0.147659 0.0136655
v -0.078398 -0.149541 0.0136685
v -0.08027 -0.151388 0.0130245
v -0.078919 -0.150954 0.0135355
v -0.079879 -0.153015 0.0098685
v -0.075393 -0.152171 0.0135605
v -0.077044 -0.152932 0.0135085
v -0.073921 -0.151188 0.0131085
v -0.078007 -0.154188 0.0124745
v -0.078007 -0.154188 0.0124745
v -0.078328 -0.154539 0.0109925
v -0.076985 -0.154685 0.0092305
v -0.075477 -0.155907 0.0108625
v -0.073498 -0.155935 0.0124505
v -0.074346 -0.154765 0.0132035
v -0.074346 -0.154765 0.0132035
v -0.071184 -0.155394 0.0081765
v -0.070375 -0.152202 0.0133745
v -0.068946 -0.154142 0.0138955
v -0.068946 -0.154142 0.0138955
v -0.073256 -0.156318 0.0099795
v -0.069856 -0.157076 0.0111615
v -0.06892 -0.156808 0.0101195
v -0.067307 -0.155755 0.0085445
v -0.069088 -0.155918 0.0132075
v -0.065416 -0.156464 0.0128825
v -0.061881 -0.157193 0.0116665
v -0.061089 -0.157121 0.0107315
v -0.058691 -0.151913 0.0133575
v -0.05681 -0.153274 0.0140775
v -0.055724 -0.154384 0.0141755
v -0.055724 -0.154384 0.0141755
v -0.055955 -0.156117 0.0135355
v -0.054325 -0.155971 0.0092875
v -0.05252 -0.157192 0.0117005
v -0.046669 -0.156957 0.0112565
v -0.042678 -0.156882 0.0122885
v -0.081088 -0.106808 0.0146075
v -0.03847 -0.151744 0.0137245
v -0.041115 -0.153972 0.0145005
v -0.041115 -0.153972 0.0145005
v -0.037843 -0.155711 0.0139595
v 0.016861 0.061507 -0.0130835
v 0.023747 0.044974 -0.0148465
v 0.023902 0.069393 -0.0151005
v 0.02521 0.057487 -0.0152605
v 0.019772 0.047938 -0.0131815
v 0.026686 0.056852 -0.0148085
v 0.026418 0.024765 -0.0144935
v 0.017229 0.002322 -0.0123855
v 0.024361 0.023688 -0.0147505
v 0.029874 0.048358 -0.0128535
v 0.019853 0.00843 -0.0126615
v 0.019751 -0.010544 -0.0127655
v 0.03199 0.064712 -0.0123755
v 0.032195 0.01596 -0.0118455
v 0.024995 -0.006546 -0.0145545
v 0.030271 0.008964 -0.0121965
v 0.026517 -0.009416 -0.0143125
v 0.043261 -0.003331 -0.0117795
v 0.037447 0.059513 -0.0122725
v 0.043134 0.037477 -0.0119235
v 0.044232 0.017257 -0.0118095
v 0.046848 0.004782 -0.0126025
v 0.045936 0.037215 -0.0122715
v 0.05032 0.017008 -0.0148255
v 0.046093 -0.009951 -0.0122705
v 0.023632 -0.00127 -0.0143065
v 0.024255 -0.038745 -0.0150935
v 0.0293 -0.003652 -0.0127815
v 0.030171 -0.028801 -0.0125245
v 0.03211 -0.009399 -0.0118145
v 0.05502 0.002779 -0.0148465
v 0.056927 0.025921 -0.0107465
v 0.056688 -0.019858 -0.0107375
v 0.058403 -0.005213 -0.0088635
v 0.053807 -0.031614 -0.0157025
v 0.052469 0.032149 -0.0154385
v 0.054291 0.034685 -0.0153985
v 0.05781 -0.021946 -0.0094285
v -0.025659 -0.086884 -0.0157155
v -0.025855 -0.076716 -0.0157875
v -0.023563 -0.084831 -0.0156465
v -0.024599 -0.085644 -0.0157795
v -0.027139 -0.08942 -0.0144955
v -0.02932 -0.090646 -0.0135395
v -0.026002 -0.096274 -0.0133155
v -0.023328 -0.090714 -0.0156275
v -0.020423 -0.090627 -0.0158005
v -0.021502 -0.087933 -0.0154385
v -0.019578 -0.082964 -0.0138405
v -0.025409 -0.092737 -0.0140355
v -0.021569 -0.094925 -0.0139685
v -0.023563 -0.099691 -0.0133705
v -0.017181 -0.085745 -0.0140135
v -0.018557 -0.089542 -0.0157055
v -0.020566 -0.091917 -0.0155625
v -0.012673 -0.095005 -0.0141675
v -0.013583 -0.097287 -0.0135345
v -0.010576 -0.089566 -0.0159255
v -0.006089 -0.09189 -0.0157475
v -0.001571 -0.106761 -0.0134475
v -0.005154 -0.114854 -0.0132735
v -0.016616 -0.063076 -0.0137445
v -0.008295 -0.067447 -0.0141225
v -0.012654 -0.050303 -0.0138115
v -0.000753 -0.064275 -0.0060575
v 0.007639 -0.048657 -0.0138895
v 0.017269 -0.054956 -0.0132445
v 0.019747 -0.031999 -0.0131535
v 0.020197 -0.064542 -0.0136875
v 0.022264 -0.05888 -0.0053385
v 0.02406 -0.067906 -0.0153265
v 0.029962 -0.060803 -0.0130275
v 0.026202 -0.056106 -0.0151685
v 0.01764 -0.076738 -0.0131115
v 0.032657 -0.051956 -0.0124385
v 0.048243 -0.046571 -0.0038905
v -0.024733 -0.069926 -0.0159795
v -0.019788 -0.07165 -0.0142015
v -0.016809 -0.082675 -0.0134635
v -0.002995 -0.083415 -0.0137565
v -0.000542 -0.086409 -0.0144235
v -0.003127 -0.090331 -0.0159635
v 0.007433 -0.072644 -0.0138695
v 0.005037 -0.089351 -0.0157565
v 0.006141 -0.091691 -0.0156715
v 0.01071 -0.082997 -0.0133335
v 0.017305 -0.085565 -0.0134795
v 0.016735 -0.082892 -0.0129885
v 0.014136 -0.090466 -0.0155405
v 0.022664 -0.091856 -0.0149635
v 0.018294 -0.089195 -0.0151405
v 0.020737 -0.095411 -0.0132845
v 0.025422 -0.099011 -0.0048795
v 0.020683 -0.08224 -0.0135965
v 0.019649 -0.083801 -0.0133325
v 0.021517 -0.087844 -0.0148215
v 0.00402 -0.094986 -0.0139695
v 0.008868 -0.097619 -0.0131675
v 0.022692 -0.118026 -0.0133545
v -0.007308 -0.117804 -0.0138545
v 0.038795 -0.115175 -0.0122455
v 0.031872 -0.077028 -0.0125345
v 0.038517 -0.068285 -0.0124745
v 0.044294 -0.037533 -0.0120325
v 0.050903 -0.049655 -0.0152755
v 0.047611 -0.04333 -0.0132065
v 0.044201 -0.066423 -0.0122715
v 0.05448 -0.045784 -0.0154255
v 0.055076 -0.062716 -0.0147155
v 0.056428 -0.05826 -0.0112175
v 0.049842 -0.002166 -0.0035925
v 0.052746 -0.046662 -0.0031765
v 0.058848 -0.036249 -0.0085315
v 0.065575 -0.010866 -0.0050605
v 0.057694 -0.056861 -0.0093645
v 0.059719 -0.060317 -0.0080035
v 0.063651 -0.063247 -0.0059635
v 0.057964 -0.08115 -0.0007995
v 0.056571 -0.019872 -0.0016645
v 0.064146 -0.038851 0.0027345
v 0.046737 -0.067412 -0.0127985
v 0.053027 -0.061606 -0.0158405
v 0.054331 -0.078519 -0.0158145
v 0.052913 -0.089228 -0.0159995
v 0.050055 -0.093236 -0.0038705
v 0.068533 -0.038123 -0.0028645
v 0.056571 -0.077245 -0.0108755
v 0.058384 -0.08191 -0.0088285
v 0.068704 -0.072148 -0.0024705
v 0.073291 -0.046012 0.0013985
v 0.073369 -0.073496 0.0018955
v 0.076335 -0.072402 0.0052435
v 0.022807 -0.089526 -0.0152315
v 0.025009 -0.078974 -0.0153095
v 0.023558 -0.08518 -0.0149655
v 0.02668 -0.08537 -0.0148835
v 0.029582 -0.083956 -0.0132985
v 0.024951 -0.087574 -0.0152215
v 0.025921 -0.088819 -0.0147765
v 0.024833 -0.093788 -0.0133215
v 0.028392 -0.094674 -0.0126425
v 0.029339 -0.08831 -0.0131485
v 0.027196 -0.091755 -0.0132905
v 0.03195 -0.089289 -0.0125455
v 0.047048 -0.098031 -0.0129925
v 0.044799 -0.100559 -0.0123415
v 0.023043 -0.097896 -0.0127385
v 0.04384 -0.124379 -0.0160415
v 0.006755 -0.124358 -0.0166465
v 0.012327 -0.121974 -0.0159245
v 0.032026 -0.125537 -0.0163535
v 0.043542 -0.121663 -0.0151115
v 0.030933 -0.120597 -0.0043235
v 0.003015 -0.119983 -0.0047765
v 0.046093 -0.119684 -0.0039515
v 0.050063 -0.098181 -0.0150815
v 0.054524 -0.10681 -0.0159015
v 0.055275 -0.104106 -0.0150485
v 0.056878 -0.101109 -0.0107545
v 0.039704 -0.125737 -0.0161105
v 0.011386 -0.126458 -0.0157645
v 0.044284 -0.126318 -0.0152385
v 0.042369 -0.118714 -0.0131805
v 0.045799 -0.125115 -0.0160665
v 0.048173 -0.121637 -0.0156115
v 0.04668 -0.119603 -0.0144695
v 0.047434 -0.125615 -0.0154035
v 0.049888 -0.122449 -0.0160005
v 0.050429 -0.123749 -0.0156945
v 0.047168 -0.127806 -0.0117865
v 0.050506 -0.126936 -0.0117245
v 0.049911 -0.125336 -0.0144285
v 0.045182 -0.114418 -0.0122065
v 0.04737 -0.113047 -0.0129905
v 0.052357 -0.116838 -0.0158685
v 0.049895 -0.114216 -0.0148625
v 0.043811 -0.116966 -0.0123595
v 0.046332 -0.11694 -0.0130805
v 0.049123 -0.117249 -0.0147535
v 0.049708 -0.116567 -0.0038545
v 0.046181 -0.123628 -0.0034025
v 0.050601 -0.122225 -0.0030505
v 0.053603 -0.117443 -0.0159735
v 0.054716 -0.115806 -0.0153995
v 0.056515 -0.116345 -0.0109855
v 0.058546 -0.105897 -0.0089835
v 0.052476 -0.121111 -0.0158005
v 0.052703 -0.122801 -0.0147155
v 0.054165 -0.119845 -0.0148575
v 0.055842 -0.12096 -0.0113415
v 0.054203 -0.123964 -0.0116165
v 0.05307 -0.125147 -0.0117225
v 0.05196 -0.127325 -0.0105055
v 0.055292 -0.125509 -0.0096935
v 0.056285 -0.126596 -0.0086755
v 0.057497 -0.119782 -0.0095825
v 0.059572 -0.12123 -0.0080225
v 0.056864 -0.122764 -0.0095385
v 0.058759 -0.126576 -0.0074805
v 0.06364 -0.126722 -0.0053235
v 0.065616 -0.123101 -0.0047475
v 0.055011 -0.088888 -0.0023245
v 0.064156 -0.107 -0.0059675
v 0.068052 -0.107596 -0.0032115
v 0.065227 -0.095497 0.0037865
v 0.068703 -0.05499 0.0061295
v 0.070789 -0.097674 -0.0008265
v 0.072812 -0.107006 0.0012525
v 0.072336 -0.106318 0.0094825
v 0.053054 -0.112841 -0.0032115
v 0.053701 -0.120007 -0.0025585
v 0.056961 -0.119784 -0.0013915
v 0.062094 -0.125088 0.0014755
v 0.057656 -0.126169 -0.0002605
v 0.053781 -0.127356 -0.0010445
v 0.066754 -0.128779 0.0046245
v -0.033984 -0.122197 -0.0165335
v -0.028558 -0.124856 -0.0171785
v -0.027762 -0.117465 -0.0137255
v -0.041107 -0.1254 -0.0171735
v -0.034472 -0.126083 -0.0167635
v -0.044822 -0.127768 -0.0134265
v -0.035291 -0.130447 -0.0104385
v -0.030712 -0.128222 -0.0127305
v -0.024802 -0.126087 -0.0167955
v -0.028468 -0.119172 -0.0051475
v -0.029942 -0.127989 -0.0029595
v -0.017964 -0.121755 -0.0161695
v -0.013429 -0.125856 -0.0167185
v -0.01252 -0.128472 -0.0117995
v -0.011765 -0.130656 -0.0098825
v -0.035886 -0.135787 -0.0075555
v -0.031512 -0.143782 -0.0014165
v -0.02963 -0.14933 0.0038275
v -0.017118 -0.140488 -0.0038805
v -0.008858 -0.147325 0.0020655
v 0.000354 -0.12796 -0.0126515
v -0.001528 -0.136874 -0.0062075
v 0.013258 -0.125736 -0.0164445
v 0.006068 -0.129033 -0.0109495
v 0.013053 -0.127973 -0.0122415
v 0.0088 -0.130556 -0.0096395
v 0.012094 -0.124832 -0.0036425
v -0.023448 -0.144465 0.0075205
v -0.020978 -0.153612 0.0150095
v -0.020978 -0.153612 0.0150095
v -0.001773 -0.139621 0.0042805
v -0.021505 -0.154968 0.0099115
v -0.025881 -0.156298 0.0118425
v -0.016059 -0.151465 0.0142055
v -0.01569 -0.155473 0.0144295
v -0.010568 -0.152553 0.0149275
v 0.01006 -0.127643 -0.0024715
v 0.000421 -0.135115 0.0013475
v 0.021561 -0.135474 -0.0067205
v 0.02716 -0.131864 -0.0002985
v -0.000969 -0.145483 0.0089625
v -0.006006 -0.154869 0.0098245
v -0.007079 -0.156289 0.0122895
v -0.025369 -0.156348 0.0130545
v -0.006838 -0.156298 0.0132695
v 0.014778 -0.14448 2.35e-05
v 0.003656 -0.15508 0.0102865
v 0.004858 -0.151672 0.0147775
v 0.008577 -0.153702 0.0154815
v 0.008577 -0.153702 0.0154815
v 0.001112 -0.15545 0.0147845
v 0.000858 -0.156315 0.0128735
v 0.00702 -0.156253 0.0124515
v 0.007942 -0.156344 0.0135505
v 0.030617 -0.130407 -0.0093915
v 0.028227 -0.128022 -0.0119835
v 0.03507 -0.128151 -0.0113325
v 0.03438 -0.142135 -0.0020115
v 0.030137 -0.137854 0.0032765
v 0.032432 -0.147075 0.0021735
v 0.036792 -0.144973 0.0085245
v 0.014562 -0.155039 0.0103475
v 0.035186 -0.155779 0.0104805
v 0.031689 -0.151699 0.0146965
v 0.013718 -0.155641 0.0148575
v 0.016889 -0.156543 0.0128205
v 0.022853 -0.156463 0.0122845
v 0.021304 -0.156041 0.0143915
v 0.030742 -0.155153 0.0151975
v 0.030237 -0.153477 0.0154985
v 0.030237 -0.153477 0.0154985
v 0.030874 -0.156803 0.0127545
v 0.038998 -0.156518 0.0143305
v 0.04118 -0.127698 -0.0123305
v 0.044898 -0.130803 -0.0088765
v 0.044128 -0.128633 -0.0108485
v 0.0509 -0.138982 -0.0044015
v 0.048993 -0.129545 -0.0095025
v 0.051089 -0.132089 -0.0077805
v 0.045033 -0.126845 -0.0023825
v 0.050698 -0.133466 0.0008695
v 0.052412 -0.130667 -0.0002335
v 0.058278 -0.146776 0.0014575
v 0.052238 -0.129385 -0.0089255
v 0.053602 -0.136503 -0.0054855
v 0.056141 -0.130014 -0.0074585
v 0.058893 -0.136736 -0.0044115
v 0.055204 -0.142832 -0.0017395
v 0.061468 -0.13233 -0.0050035
v 0.058429 -0.142355 -0.0017225
v 0.063331 -0.138354 -0.0022775
v 0.053408 -0.154968 0.0095205
v 0.047417 -0.156362 0.0108265
v 0.053052 -0.13942 0.0046005
v 0.057442 -0.132026 0.0012685
v 0.058027 -0.137838 0.0037905
v 0.063683 -0.132202 0.0033125
v 0.063349 -0.138102 0.0050745
v 0.061357 -0.144802 0.0086895
v 0.065127 -0.143079 0.0079605
v 0.057853 -0.151382 0.0144305
v 0.066377 -0.146106 0.0101455
v 0.051076 -0.154334 0.0156145
v 0.051076 -0.154334 0.0156145
v 0.04617 -0.157131 0.0129505
v 0.045854 -0.1561 0.0149635
v 0.057366 -0.156841 0.0118385
v 0.061266 -0.157234 0.0131825
v 0.067346 -0.155886 0.0103295
v 0.056901 -0.152882 0.0153675
v 0.055945 -0.156496 0.0148655
v 0.068548 -0.154168 0.0158155
v 0.068548 -0.154168 0.0158155
v 0.061527 -0.155837 0.0153805
v 0.080178 -0.100216 0.0111795
v 0.080556 -0.066562 0.0108525
v 0.071062 -0.122132 -0.0003065
v 0.066197 -0.130966 -0.0031215
v 0.069516 -0.128413 -0.0014675
v 0.075934 -0.12567 0.0053325
v 0.078939 -0.129611 0.0161305
v 0.0728 -0.134851 0.0097585
v 0.079074 -0.087445 0.0163405
v 0.079909 -0.134201 0.0108705
v 0.064442 -0.143331 0.0002305
v 0.067642 -0.138695 -0.0003355
v 0.071918 -0.137753 0.0019205
v 0.074769 -0.136589 0.0038855
v 0.067959 -0.137827 0.0067275
v 0.070772 -0.135638 0.0079745
v 0.077922 -0.141167 0.0076735
v 0.065755 -0.149504 0.0042895
v 0.068341 -0.149389 0.0048315
v 0.071133 -0.147622 0.0049405
v 0.0785 -0.152159 0.0103465
v 0.070624 -0.154533 0.0090495
v 0.070666 -0.144103 0.0101865
v 0.070384 -0.150561 0.0142225
v 0.080052 -0.149775 0.0107455
v 0.076654 -0.154399 0.0106165
v 0.078633 -0.144447 0.0155165
v 0.073522 -0.142555 0.0112175
v 0.077248 -0.146649 0.0147775
v 0.073258 -0.150018 0.0143875
v 0.075353 -0.148401 0.0143435
v 0.073572 -0.152069 0.0154035
v 0.083374 -0.12791 0.0148815
v 0.082839 -0.132263 0.0162005
v 0.083041 -0.134692 0.0148165
v 0.082888 -0.119896 0.0139105
v 0.082146 -0.140133 0.0133045
v 0.081768 -0.137194 0.0167235
v 0.082603 -0.128238 0.0167955
v 0.080708 -0.133176 0.0170725
v 0.082311 -0.143526 0.0152865
v 0.080881 -0.146481 0.0110085
v 0.082435 -0.143357 0.0139205
v 0.081167 -0.149088 0.0118725
v 0.080193 -0.1527 0.0117865
v 0.081428 -0.150662 0.0134635
v 0.079196 -0.146962 0.0158075
v 0.077854 -0.149963 0.0157345
v 0.080924 -0.146767 0.0159725
v 0.077124 -0.152746 0.0159205
v 0.081335 -0.150378 0.0147675
v 0.08055 -0.153169 0.0139435
v 0.079562 -0.153039 0.0154595
v 0.080185 -0.143397 0.0163895
v 0.065149 -0.156593 0.0147575
v 0.073066 -0.156073 0.0111445
v 0.070772 -0.156933 0.0128875
v 0.071904 -0.156693 0.0141325
v 0.077712 -0.155479 0.0125605
v 0.074981 -0.156261 0.0124775
v 0.07075 -0.15575 0.0154675
v 0.075845 -0.155292 0.0154215
v 0.075845 -0.155292 0.0154215
v 0.07559 -0.156196 0.0139015
v 0.079165 -0.154864 0.0143405
v 0.079165 -0.154864 0.0143405
v 0.079548 -0.153985 0.0121015
v 0.079548 -0.153985 0.0121015
v -0.076994 0.153892 0.0087695
v -0.070951 0.147417 0.0030065
v -0.079871 0.150818 0.0083665
v -0.064384 0.148008 0.0019745
v -0.065367 0.144621 -0.0001065
v -0.073091 0.153928 0.0079345
v -0.082274 0.152148 0.0119905
v -0.082274 0.152148 0.0119905
v -0.080996 0.153775 0.0112615
v -0.081221 0.152926 0.0102965
v -0.078124 0.154946 0.0103715
v -0.073364 0.155438 0.0094785
v -0.081037 0.153492 0.0124785
v -0.078963 0.154891 0.0119315
v -0.077143 0.154538 0.0134935
v -0.075698 0.155565 0.0126855
v -0.081437 0.151989 0.0132175
v -0.081437 0.151989 0.0132175
v -0.081437 0.151989 0.0132175
v -0.078069 0.152973 0.0137825
v -0.078069 0.152973 0.0137825
v -0.075835 0.155763 0.0116185
v -0.071998 0.156221 0.0110835
v -0.078017 0.151149 0.0138795
v -0.072862 0.153971 0.0140525
v -0.072862 0.153971 0.0140525
v -0.06966 0.154208 0.0078795
v -0.070907 0.156295 0.0121905
v -0.065593 0.155843 0.0100315
v -0.055119 0.147807 0.0018475
v -0.070017 0.155623 0.0136295
v -0.073608 0.151498 0.0134915
v -0.066936 0.153223 0.0142675
v -0.061007 0.156599 0.0123855
v -0.059575 0.155384 0.0143085
v -0.059575 0.155384 0.0143085
v -0.070616 0.151107 0.0131155
v -0.057354 0.156123 0.0136855
v -0.048138 0.150839 0.0136055
v -0.061863 0.144068 0.0069745
v -0.041448 0.152216 0.0148355
v -0.042549 0.153782 0.0151905
v -0.077287 0.144105 0.0047435
v -0.074388 0.136255 0.0009965
v -0.082677 0.14834 0.0095325
v -0.082633 0.143434 0.0088565
v -0.08362 0.141272 0.0099265
v -0.083716 0.146895 0.0108085
v -0.084342 0.141721 0.0119035
v -0.084224 0.134684 0.0109105
v -0.07694 0.135859 0.0031285
v -0.084424 0.125792 0.0119995
v -0.083001 0.133198 0.0139885
v -0.082717 0.142817 0.0141105
v -0.083966 0.142423 0.0130285
v -0.083863 0.125715 0.0132435
v -0.07242 0.141371 0.0009595
v -0.071072 0.136296 -0.0010705
v -0.078785 0.110152 0.0127565
v -0.071407 0.13031 0.0065155
v -0.079297 0.142466 0.0136275
v -0.067784 0.140531 -0.0012565
v -0.06817 0.144987 0.0083425
v -0.071057 0.142407 0.0080695
v -0.062129 0.136124 0.0026345
v -0.071551 0.137874 0.0071205
v -0.067421 0.137107 0.0048535
v -0.081824 0.126643 0.0142615
v -0.081824 0.126643 0.0142615
v -0.081432 0.140814 0.0143995
v -0.081432 0.140814 0.0143995
v -0.082855 0.150985 0.0116665
v -0.082965 0.148938 0.0130165
v -0.083755 0.147294 0.0120875
v -0.082873 0.145722 0.0138775
v -0.081249 0.147675 0.0141965
v -0.081249 0.147675 0.0141965
v -0.079111 0.147054 0.0137685
v -0.075487 0.148145 0.0124485
v -0.076556 0.149979 0.0134875
v -0.076985 0.144747 0.0121005
v -0.072856 0.148583 0.0117415
v -0.083505 0.118553 0.0135095
v -0.084081 0.108575 0.0119435
v -0.081742 0.111181 0.0140795
v -0.081742 0.111181 0.0140795
v -0.08346 0.104277 0.0131455
v -0.054147 0.141523 -0.0035045
v -0.051331 0.143613 -0.0017055
v -0.020445 0.136004 -0.0062645
v -0.049702 0.156184 0.0114145
v -0.030926 0.155302 0.0108515
v -0.036802 0.145736 0.0092255
v -0.062214 0.139165 -0.0035145
v -0.055494 0.137886 -0.0055205
v -0.062698 0.140346 0.0047335
v -0.063603 0.13209 0.0019065
v -0.055637 0.134407 0.0007625
v -0.055069 0.13785 0.0025815
v -0.056291 0.128823 -0.0012035
v -0.065135 0.127553 0.0020125
v -0.061262 0.126902 -9.5e-06
v -0.056528 0.123732 -0.0022175
v -0.047573 0.132218 -0.0088495
v -0.047411 0.136867 -0.0064625
v -0.049875 0.128826 -0.0021065
v -0.042131 0.131423 -0.0094245
v -0.048719 0.124026 -0.0038445
v -0.048772 0.131458 -0.0010095
v -0.03799 0.132688 -8.05e-05
v -0.040113 0.140048 0.0045335
v -0.04319 0.126287 -0.0033895
v -0.051059 0.121625 -0.0039945
v -0.049076 0.11924 -0.0047075
v -0.021057 0.140224 -0.0033195
v -0.01707 0.145323 0.0010105
v -0.023896 0.148797 0.0042555
v -0.008308 0.139652 0.0050075
v -0.018621 0.13588 0.0022225
v -0.023513 0.130459 -0.0094075
v -0.014682 0.124555 -0.0035125
v -0.042013 0.120654 -0.0047515
v -0.018497 0.128678 -0.0018275
v -0.022504 0.128901 -0.0107975
v -0.016043 0.128098 -0.0119205
v -0.020062 0.126722 -0.0153225
v -0.010924 0.11911 -0.0045125
v -0.046139 0.156474 0.0127395
v -0.034443 0.155204 0.0150325
v -0.034443 0.155204 0.0150325
v -0.031046 0.155923 0.0142515
v -0.03062 0.156247 0.0131525
v -0.012642 0.155845 0.0123875
v -0.013144 0.156249 0.0137725
v -0.014411 0.151071 0.0149325
v -0.013073 0.153392 0.0160405
v -0.008683 0.154315 0.0102855
v 0.002499 0.14588 0.0101965
v -0.01403 0.155336 0.0154625
v -0.01403 0.155336 0.0154625
v -0.000817 0.151471 0.0153855
v 0.008844 0.156152 0.0146855
v 0.008844 0.156152 0.0146855
v 0.00596 0.154981 0.0159325
v -0.008759 0.130165 -0.0093505
v 0.01524 0.126708 -0.0150225
v -0.010541 0.126831 -0.0151915
v 0.014468 0.124665 -0.0160355
v -0.002818 0.126209 -0.0158745
v 0.012046 0.125969 -0.0158385
v 0.0118 0.127928 -0.0117485
v 0.006841 0.142341 -0.0011225
v 0.010278 0.136018 -0.0055965
v -0.002713 0.133381 0.0010365
v 0.014572 0.128959 -0.0102205
v 0.009715 0.130541 -0.0087845
v -0.015541 0.12634 -0.0158715
v -0.007953 0.12232 -0.0157205
v -0.011852 0.125405 -0.0162825
v 0.02199 0.121884 -0.0152555
v 0.015136 0.117633 -0.0127505
v 0.005376 0.105292 -0.0128775
v 0.016014 0.122243 -0.0036315
v 0.00248 0.126844 -0.0023445
v 0.023205 0.130533 -0.0089605
v 0.023503 0.135408 -0.0061815
v 0.027034 0.126167 -0.0155335
v 0.027319 0.128302 -0.0109985
v 0.041595 0.1282 -0.0113905
v 0.003247 0.098158 -0.0128585
v 0.020042 0.098283 -0.0124725
v 0.020412 0.095433 -0.0130155
v 0.027579 0.096303 -0.0122725
v 0.02449 0.126298 -0.0024345
v 0.041477 0.118672 -0.0127085
v 0.035039 0.118191 -0.0037585
v 0.001693 0.089468 -0.0053275
v 0.026897 0.148623 0.0044815
v 0.025998 0.135149 0.0021275
v 0.024136 0.140335 0.0056665
v 0.003115 0.155067 0.0112105
v 0.001206 0.156289 0.0136075
v 0.002422 0.153333 0.0162365
v 0.01175 0.154931 0.0111545
v 0.020019 0.151501 0.0154775
v 0.015434 0.156222 0.0132315
v 0.01587 0.153382 0.0162755
v 0.027251 0.155679 0.0118365
v 0.033267 0.156631 0.0137215
v 0.038088 0.14245 -0.0010725
v 0.049669 0.137305 -0.0047275
v 0.042656 0.124855 -0.0027035
v 0.042205 0.145039 0.0092125
v 0.036233 0.156482 0.0150555
v 0.036233 0.156482 0.0150555
v 0.039454 0.151781 0.0155135
v 0.04248 0.155446 0.0116705
v 0.059564 0.14396 0.0084545
v 0.050668 0.157033 0.0144215
v 0.050668 0.157033 0.0144215
v 0.059478 0.156445 0.0125555
v 0.035169 0.155488 0.0160535
v 0.042916 0.154057 0.0164835
v 0.054466 0.152191 0.0159175
v 0.008872 0.090369 -0.0155155
v 0.020815 0.089703 -0.0150495
v 0.02213 0.09178 -0.0148395
v 0.017053 0.085514 -0.0130695
v 0.01696 0.082659 -0.0127195
v 0.02002 0.082173 -0.0130855
v 0.023177 0.094357 -0.0131385
v 0.023842 0.067164 -0.0050215
v 0.062148 0.148258 0.0037495
v 0.053759 0.143018 -0.0007725
v 0.058678 0.142749 -0.0006605
v 0.064765 0.144977 0.0019195
v 0.037365 0.125697 -0.0156515
v 0.043002 0.126844 -0.0143245
v 0.043906 0.126022 -0.0152225
v 0.044431 0.123641 -0.0155255
v 0.047141 0.128004 -0.0111845
v 0.044134 0.121311 -0.0145785
v 0.048632 0.125822 -0.0144755
v 0.04686 0.124813 -0.0155655
v 0.048528 0.122192 -0.0154885
v 0.050901 0.123413 -0.0152375
v 0.052431 0.12063 -0.0155135
v 0.050561 0.125071 -0.0142095
v 0.047562 0.120234 -0.0147195
v 0.043802 0.117097 -0.0119385
v 0.049568 0.11737 -0.0146295
v 0.045901 0.117117 -0.0125275
v 0.047038 0.113148 -0.0122945
v 0.051961 0.118725 -0.0154465
v 0.05304 0.122893 -0.0143785
v 0.054212 0.116286 -0.0153655
v 0.050904 0.114271 -0.0149155
v 0.049569 0.113761 -0.0141945
v 0.054771 0.120306 -0.0141325
v 0.055477 0.116938 -0.0140385
v 0.053136 0.112345 -0.0154765
v 0.037978 0.099566 -0.0120535
v 0.026742 0.094646 -0.0124595
v 0.02611 0.092074 -0.0132975
v 0.031517 0.090092 -0.0121965
v 0.044386 0.114578 -0.0116095
v 0.050204 0.101854 -0.0146835
v 0.046948 0.097305 -0.0124085
v 0.044691 0.072735 -0.0119875
v 0.054367 0.102729 -0.0153705
v 0.055479 0.110902 -0.0145055
v 0.057542 0.113582 -0.0104725
v 0.052979 0.09599 -0.0155485
v 0.055384 0.088317 -0.0146165
v 0.057519 0.095298 -0.0102965
v 0.050699 0.081015 -0.0150515
v 0.053945 0.086784 -0.0155885
v 0.057315 0.082349 -0.0106155
v 0.050306 0.131438 -0.0076335
v 0.044642 0.131098 -0.0082685
v 0.042452 0.129416 -0.0097355
v 0.045737 0.120824 -0.0034485
v 0.048444 0.129412 -0.0092965
v 0.047946 0.129781 -0.0006165
v 0.049064 0.124433 -0.0023655
v 0.056055 0.136546 -0.0044845
v 0.054759 0.1302 -0.0072965
v 0.06045 0.134593 -0.0042425
v 0.057555 0.127302 -0.0075345
v 0.0506 0.127132 -0.0110685
v 0.052028 0.126585 -0.0108555
v 0.052499 0.128361 -0.0090715
v 0.05637 0.121452 -0.0108475
v 0.054857 0.126185 -0.0093405
v 0.055042 0.124968 -0.0100715
v 0.054837 0.123971 -0.0110775
v 0.057326 0.124056 -0.0088255
v 0.057193 0.11862 -0.0107355
v 0.058722 0.119544 -0.0089325
v 0.050313 0.120446 -0.0029635
v 0.05476 0.12553 -0.0007895
v 0.06007 0.123209 -0.0074565
v 0.063943 0.130302 -0.0043495
v 0.054551 0.116441 -0.0021505
v 0.056847 0.123577 -0.0005245
v 0.054946 0.137594 0.0038625
v 0.059455 0.140222 -0.0020245
v 0.057043 0.135648 0.0030125
v 0.064123 0.140437 -0.0005985
v 0.067349 0.138448 -0.0002295
v 0.059603 0.139502 0.0053945
v 0.062563 0.136758 0.0048245
v 0.057849 0.130671 0.0014225
v 0.070557 0.146815 0.0048015
v 0.067639 0.149367 0.0054515
v 0.064036 0.131934 0.0039805
v 0.053647 0.13023 0.0002795
v 0.061636 0.122306 0.0016895
v 0.050116 0.112018 -0.0034545
v 0.050165 0.088505 -0.0036365
v 0.059167 0.063034 5.5e-06
v 0.053928 0.086932 -0.0026175
v 0.060001 0.116069 -0.0081165
v 0.065181 0.126403 -0.0044735
v 0.06543 0.121584 -0.0047955
v 0.070231 0.108805 -0.0014215
v 0.064322 0.090746 -0.0056685
v 0.070549 0.130592 -0.0004665
v 0.070326 0.136791 0.0008055
v 0.075509 0.139429 0.0048735
v 0.076956 0.13747 0.0058835
v 0.071528 0.128296 2.05e-05
v 0.067861 0.130126 0.0061045
v 0.066611 0.068962 0.0047655
v 0.075843 0.113503 0.0041305
v 0.058979 0.090328 -0.0087985
v 0.067955 0.068542 -0.0029505
v 0.072645 0.072754 0.0010075
v 0.07268 0.073827 0.0096445
v 0.076445 0.071686 0.0049315
v 0.082533 0.109197 0.0120345
v 0.083084 0.087655 0.0127385
v 0.056859 0.156059 0.0162435
v 0.060844 0.157234 0.0142155
v 0.060844 0.157234 0.0142155
v 0.060383 0.156578 0.0158305
v 0.071279 0.156913 0.0135565
v 0.065228 0.145783 0.0102305
v 0.07157 0.155821 0.0119495
v 0.07541 0.155174 0.0120295
v 0.070509 0.152466 0.0162045
v 0.064414 0.153458 0.0166525
v 0.068039 0.157086 0.0147225
v 0.068039 0.157086 0.0147225
v 0.069166 0.156378 0.0160385
v 0.065854 0.155491 0.0166655
v 0.073918 0.15554 0.0164795
v 0.072964 0.156798 0.0148325
v 0.072964 0.156798 0.0148325
v 0.075848 0.156025 0.0133215
v 0.071765 0.153931 0.0167855
v 0.07653 0.156142 0.0145665
v 0.07653 0.156142 0.0145665
v 0.076286 0.155663 0.0158195
v 0.073602 0.150652 0.0154215
v 0.067101 0.143485 0.0091255
v 0.076789 0.154214 0.0116755
v 0.074462 0.145097 0.0059065
v 0.079267 0.151923 0.0115415
v 0.070719 0.14454 0.0110245
v 0.081199 0.150416 0.0122365
v 0.08204 0.147509 0.0121385
v 0.078319 0.154952 0.0132595
v 0.080001 0.153922 0.0134335
v 0.078314 0.155275 0.0153105
v 0.078314 0.155275 0.0153105
v 0.079377 0.153639 0.0164975
v 0.076491 0.152848 0.0168015
v 0.079176 0.151148 0.0170455
v 0.080025 0.15438 0.0143875
v 0.081157 0.153015 0.0157355
v 0.075449 0.150843 0.0161085
v 0.076654 0.148601 0.0157285
v 0.078294 0.147082 0.0163195
v 0.08126 0.152528 0.0134365
v 0.082598 0.149977 0.0140815
v 0.083411 0.144494 0.0139385
v 0.08249 0.144247 0.0121625
v 0.082682 0.148989 0.0154805
v 0.081444 0.150367 0.0166075
v 0.082392 0.147677 0.0164665
v 0.081012 0.145397 0.0172765
v 0.083529 0.142956 0.0153825
v 0.068883 0.139718 0.0083675
v 0.070321 0.138068 0.0087495
v 0.073112 0.13728 0.0106945
v 0.074048 0.142079 0.0120025
v 0.078732 0.143847 0.0163385
v 0.078947 0.134087 0.0164135
v 0.078307 0.122656 0.0156575
v 0.082954 0.128294 0.0125755
v 0.083642 0.135233 0.0140665
v 0.083818 0.126654 0.0146895
v 0.083526 0.113575 0.0136905
v 0.080293 0.120863 0.0168155
v 0.08367 0.109312 0.0151305
v 0.083 0.127907 0.0164165
v 0.083014 0.114241 0.0162815
v 0.081032 0.140532 0.0173325
v 0.082383 0.139644 0.0169585
v 0.083542 0.135896 0.0156805
v 0.081421 0.124562 0.0171285
v 0.083742 0.088256 0.0147625
v 0.078931 0.11116 0.0160525
v 0.08126 0.109238 0.0168805
v 0.082771 0.098729 0.0163765
v 0.078806 0.092921 0.0157575
v 0.081 0.093939 0.0167705
v 0.081604 0.074267 0.0168355
v 0.083095 0.080741 0.0162075
v 0.020064 0.084671 -0.0133675
v 0.024354 0.084905 -0.0150465
v 0.026607 0.084347 -0.0147995
v 0.025171 0.088828 -0.0149595
v 0.022855 0.088736 -0.0150085
v 0.028837 0.08889 -0.0129855
v 0.030064 0.086452 -0.0126925
v 0.0333 0.071401 -0.0122905
v 0.029131 0.071861 -0.0133875
v 0.019965 0.07155 -0.0132905
v 0.048455 0.047836 -0.0037275
v 0.046977 0.06581 -0.0128125
v 0.055207 0.058092 -0.0146325
v 0.057323 0.066955 -0.0102965
v 0.052141 0.035843 -0.0031305
v 0.059058 0.05914 -0.0084975
v 0.063781 0.058214 -0.0058025
v 0.057968 0.05058 -0.0094785
v 0.058954 0.037675 -0.0085685
v 0.055571 0.020661 -0.0019935
v 0.078471 0.070626 0.0153075
v 0.065006 0.022953 -0.0053475
v 0.069934 0.035027 -0.0017615
v 0.083963 0.058597 0.0148175
v 0.083347 0.059372 0.0129705
v 0.083138 0.054898 0.0163745
v 0.075134 0.037359 0.0029055
v 0.082974 0.045828 0.0123285
v 0.080967 -0.004565 0.0097985
v 0.08397 0.02159 0.0133455
v 0.079293 0.040497 0.0157885
v 0.080034 0.065344 0.0164455
v 0.081594 0.035851 0.0167545
v 0.08398 0.041971 0.0137435
v 0.084122 0.030942 0.0149085
v 0.083346 0.032398 0.0161825
v 0.058686 0.018833 -0.0088185
v 0.063448 0.00156 0.0020685
v 0.070672 -0.001507 0.0071625
v 0.075279 0.010474 0.0029925
v 0.072259 -0.007841 5.25e-05
v 0.074417 -0.005358 0.0103905
v 0.054756 -0.008155 -0.0023845
v 0.076774 -0.028893 0.0049425
v 0.079696 0.009774 0.0158395
v 0.084348 0.009093 0.0148785
v 0.08387 0.004338 0.0130585
v 0.083664 0.009861 0.0160945
v 0.080297 0.023531 0.0162945
v 0.081992 0.009859 0.0167795
v 0.078763 -0.008031 0.0149005
v 0.080898 -0.009882 0.0165435
v 0.082132 -0.008246 0.0167775
v 0.083676 -0.013953 0.0129025
v 0.084424 -0.005234 0.0143625
v 0.084162 -0.027383 0.0154735
v 0.083419 -0.026496 0.0164465
v 0.084419 -0.020787 0.0144475
v 0.080056 -0.038636 0.0165385
v 0.074042 -0.065553 0.0109125
v 0.084238 -0.041923 0.0146375
v 0.083608 -0.050053 0.0136625
v 0.083608 -0.050053 0.0136625
v 0.081816 -0.029152 0.0170005
v 0.081803 -0.057626 0.0173195
v 0.080348 -0.066069 0.0169905
v 0.083903 -0.077283 0.0158015
v 0.083903 -0.077283 0.0158015
v 0.083114 -0.078622 0.0169365
v 0.083965 -0.065652 0.0149065
v 0.083965 -0.065652 0.0149065
v 0.083802 -0.085031 0.0148625
v 0.0814 -0.078399 0.0174365
v 0.080375 -0.095079 0.0171575
v 0.081733 -0.091568 0.0173865
v 0.082928 -0.095671 0.0137925
v 0.083576 -0.104375 0.0150975
v 0.083494 -0.104307 0.0161135
v 0.08107 -0.115978 0.0173025
v 0.08366 -0.113877 0.0154705
v 0.082621 -0.109977 0.0170435
v 0.083596 -0.118967 0.0150035
v 0.082897 -0.118516 0.0167925
v 0.083431 -0.123372 0.0156675
v 0.082347 -0.124378 0.0170105
vt 0.12118000 0.12661400
vt 0.10611700 0.11413400
vt 0.12631400 0.12101700
vt 0.10934400 0.09872500
vt 0.10195000 0.14394400
vt 0.08859200 0.14920500
vt 0.09058100 0.11125600
vt 0.15214100 0.12647100
vt 0.14849000 0.13360800
vt 0.14340800 0.13072800
vt 0.13892700 0.12538900
vt 0.13229900 0.11264400
vt 0.13393300 0.12392900
vt 0.12396000 0.09587100
vt 0.14302000 0.10514900
vt 0.14532800 0.12012300
vt 0.13855500 0.11713900
vt 0.14411400 0.11325900
vt 0.15435500 0.11537000
vt 0.15416700 0.10939800
vt 0.14355500 0.14163400
vt 0.13927400 0.14343200
vt 0.14206600 0.13758000
vt 0.14149100 0.15266000
vt 0.13284200 0.13346300
vt 0.12607200 0.13298900
vt 0.12685000 0.14418200
vt 0.13692600 0.15495000
vt 0.12212200 0.18514800
vt 0.12006900 0.14292400
vt 0.11675500 0.16574600
vt 0.88244400 0.16604200
vt 0.89127500 0.15619900
vt 0.89449000 0.17852700
vt 0.13761600 0.17038100
vt 0.13837400 0.18457000
vt 0.14584700 0.15045700
vt 0.16340000 0.12393900
vt 0.15651800 0.12900200
vt 0.15545800 0.13234000
vt 0.17022200 0.12655300
vt 0.17333100 0.13036000
vt 0.16754200 0.13589800
vt 0.15969200 0.13805300
vt 0.17099100 0.11399100
vt 0.17034300 0.11005700
vt 0.19464800 0.12387700
vt 0.21279500 0.12694700
vt 0.15180700 0.14147600
vt 0.15065500 0.15197700
vt 0.16362400 0.15443400
vt 0.14029500 0.21335000
vt 0.15760900 0.16223700
vt 0.16497800 0.15738200
vt 0.17288600 0.14907900
vt 0.16852100 0.15014900
vt 0.21617900 0.13166700
vt 0.23381400 0.14707600
vt 0.22803500 0.15121500
vt 0.29327700 0.15865900
vt 0.21278900 0.17939100
vt 0.11371200 0.29037000
vt 0.12582000 0.29135700
vt 0.12599700 0.31281600
vt 0.13274200 0.31366900
vt 0.12855500 0.29392200
vt 0.13327400 0.27160900
vt 0.12912700 0.31393400
vt 0.07113000 0.14939000
vt 0.05730100 0.24974900
vt 0.09712900 0.21673700
vt 0.11279000 0.20716100
vt 0.91769700 0.15014900
vt 0.93446500 0.20961100
vt 0.91583500 0.25935500
vt 0.89848300 0.15871800
vt 0.90094400 0.22897100
vt 0.07375400 0.28033700
vt 0.03076600 0.23508000
vt 0.03979200 0.15063900
vt 0.03339600 0.16677900
vt 0.95291900 0.17695700
vt 0.95569600 0.29689700
vt 0.02817800 0.25836100
vt 0.02398500 0.25490700
vt 0.02724400 0.27580400
vt 0.02380600 0.22919800
vt 0.02126000 0.21241600
vt 0.98745400 0.31544100
vt 0.01478200 0.29654000
vt 0.98192300 0.23840200
vt 0.01682400 0.21772200
vt 0.93514500 0.30025800
vt 0.13168500 0.21783500
vt 0.13332400 0.23538300
vt 0.11950700 0.24241000
vt 0.11542300 0.23460400
vt 0.15259400 0.24396100
vt 0.14550900 0.21150400
vt 0.88882000 0.21359700
vt 0.87905900 0.19115600
vt 0.89610500 0.26103200
vt 0.88258600 0.20418700
vt 0.16081300 0.22607600
vt 0.19308500 0.22395600
vt 0.18373100 0.27572700
vt 0.12833600 0.25106300
vt 0.12865700 0.27633800
vt 0.10702400 0.27748000
vt 0.08920800 0.29339300
vt 0.13672200 0.32467900
vt 0.15619900 0.31678400
vt 0.17105600 0.31822400
vt 0.14884800 0.33231000
vt 0.89312400 0.32156400
vt 0.90003200 0.32999300
vt 0.88149200 0.30758900
vt 0.12264900 0.38092500
vt 0.12709400 0.33291700
vt 0.12744800 0.35236700
vt 0.12470800 0.40656600
vt 0.11035100 0.35149400
vt 0.10823600 0.47949600
vt 0.08412000 0.34380500
vt 0.08620900 0.43742100
vt 0.06998700 0.42055400
vt 0.06111600 0.49417900
vt 0.04945200 0.39976600
vt 0.10234900 0.36197100
vt 0.10245600 0.46646600
vt 0.02513300 0.39689000
vt 0.93400300 0.36968200
vt 0.01994100 0.37888000
vt 0.01657200 0.34497900
vt 0.98240900 0.29476100
vt 0.97800600 0.19963200
vt 0.97504200 0.25935600
vt 0.97944500 0.31995600
vt 0.97363600 0.32357400
vt 0.98348800 0.34349500
vt 0.98672300 0.41915800
vt 0.00995400 0.40181900
vt 0.98284900 0.39551400
vt 0.97310000 0.39050900
vt 0.94946400 0.41806600
vt 0.97972400 0.36901700
vt 0.97615600 0.41836200
vt 0.91050800 0.36603000
vt 0.89497000 0.38300600
vt 0.88274900 0.40012000
vt 0.91268200 0.39119400
vt 0.91278300 0.37913300
vt 0.92299200 0.42094100
vt 0.90128600 0.42538900
vt 0.88770500 0.42645400
vt 0.20000000 0.20950300
vt 0.22098600 0.21655600
vt 0.21089100 0.22355100
vt 0.21282500 0.21112500
vt 0.20410500 0.21644800
vt 0.21797700 0.22124400
vt 0.21366900 0.20115000
vt 0.20735900 0.20808000
vt 0.23596900 0.20015000
vt 0.22343300 0.20746100
vt 0.20057400 0.22606000
vt 0.19323700 0.24219000
vt 0.20680000 0.23631500
vt 0.21082900 0.23394600
vt 0.21735700 0.22717900
vt 0.22678500 0.22431100
vt 0.21759800 0.23555500
vt 0.19671400 0.26661700
vt 0.21094800 0.25484600
vt 0.24850500 0.22139500
vt 0.27870900 0.20744000
vt 0.27208300 0.21935600
vt 0.28300400 0.22520900
vt 0.23554300 0.23421600
vt 0.22602400 0.23460100
vt 0.22200000 0.24201300
vt 0.22177800 0.26569400
vt 0.23034200 0.24217000
vt 0.23050300 0.25885600
vt 0.25098800 0.24217400
vt 0.20522400 0.27733300
vt 0.19061200 0.31146200
vt 0.20854700 0.29215300
vt 0.20551200 0.31250400
vt 0.20191100 0.33590300
vt 0.21614900 0.32102200
vt 0.22438700 0.32411400
vt 0.20586400 0.35054300
vt 0.21838700 0.35091200
vt 0.79708000 0.29679100
vt 0.29167300 0.21884500
vt 0.28868700 0.23553100
vt 0.29329400 0.24288600
vt 0.26529400 0.26652900
vt 0.28047200 0.29581200
vt 0.25115900 0.35092200
vt 0.28986100 0.44124600
vt 0.12950600 0.38758300
vt 0.14447100 0.39477300
vt 0.14978800 0.39502900
vt 0.12488300 0.44274900
vt 0.13060200 0.41519800
vt 0.12065200 0.44399500
vt 0.13290900 0.44298200
vt 0.13428000 0.39806100
vt 0.14668300 0.40121000
vt 0.14287400 0.42463100
vt 0.15984900 0.39456600
vt 0.15649000 0.39917500
vt 0.15515600 0.42919300
vt 0.14605000 0.48706100
vt 0.89294400 0.46110900
vt 0.91055600 0.49237500
vt 0.88105900 0.46738000
vt 0.17605100 0.39803600
vt 0.18050200 0.38995200
vt 0.17593100 0.43438300
vt 0.18364800 0.39789500
vt 0.18073000 0.41717700
vt 0.18297000 0.43321700
vt 0.14920800 0.44793800
vt 0.15841300 0.44951900
vt 0.17749200 0.46154100
vt 0.19745100 0.39452600
vt 0.19774300 0.45702400
vt 0.20411300 0.39644500
vt 0.18435300 0.45005300
vt 0.18441800 0.46380500
vt 0.20130400 0.49249000
vt 0.21179700 0.43189000
vt 0.22950500 0.42636200
vt 0.23363200 0.43589900
vt 0.21950800 0.48525500
vt 0.83818600 0.44750100
vt 0.19871100 0.38845300
vt 0.18800000 0.38932900
vt 0.76340200 0.46758000
vt 0.20366900 0.38678100
vt 0.21865300 0.38633200
vt 0.20381000 0.39066100
vt 0.21168500 0.39068400
vt 0.21291800 0.39406500
vt 0.22468000 0.38552000
vt 0.22269900 0.39401200
vt 0.22468900 0.40125500
vt 0.21724400 0.39047000
vt 0.21724400 0.39047000
vt 0.22177900 0.39118300
vt 0.22177900 0.39118300
vt 0.22820500 0.39416400
vt 0.22690500 0.39504000
vt 0.22690500 0.39504000
vt 0.26533400 0.43294900
vt 0.73621000 0.31823000
vt 0.72937700 0.45751100
vt 0.22909100 0.40966900
vt 0.11960200 0.53987900
vt 0.10775400 0.59887800
vt 0.06256800 0.65731800
vt 0.07070500 0.59751900
vt 0.08200800 0.64469300
vt 0.09609300 0.59473600
vt 0.08107800 0.54918200
vt 0.12348700 0.62742300
vt 0.12212600 0.56192800
vt 0.12743100 0.56864100
vt 0.12060700 0.62043000
vt 0.10947100 0.66996000
vt 0.10348600 0.60217100
vt 0.10070000 0.66018700
vt 0.05193300 0.73241700
vt 0.04984100 0.65050800
vt 0.08933800 0.70230000
vt 0.07789800 0.71246400
vt 0.14211700 0.57361500
vt 0.15049500 0.66152400
vt 0.14325600 0.64746000
vt 0.13289500 0.55910800
vt 0.12181400 0.66914800
vt 0.12482000 0.67052500
vt 0.13241900 0.65826300
vt 0.18070600 0.68071200
vt 0.17998500 0.59582000
vt 0.18761400 0.66961100
vt 0.12625700 0.69940100
vt 0.13014600 0.71757200
vt 0.12567400 0.72961600
vt 0.11237500 0.70975600
vt 0.12802800 0.72749100
vt 0.12254300 0.75227900
vt 0.13714800 0.70077100
vt 0.13661500 0.74960500
vt 0.10678800 0.68586400
vt 0.10426600 0.70955000
vt 0.11124900 0.72686000
vt 0.15087100 0.73961400
vt 0.18054400 0.74669900
vt 0.15805100 0.74581000
vt 0.87252400 0.67398100
vt 0.88223000 0.64341000
vt 0.86882800 0.76540800
vt 0.01869200 0.49298300
vt 0.04914200 0.56184700
vt 0.09888300 0.48162600
vt 0.93169600 0.49134700
vt 0.01424700 0.49083700
vt 0.99004600 0.47016300
vt 0.01257600 0.45377400
vt 0.01628200 0.51130300
vt 0.98815800 0.53062000
vt 0.01119900 0.51546400
vt 0.98430300 0.50905700
vt 0.01804400 0.55255800
vt 0.01136500 0.54121900
vt 0.98766300 0.55533100
vt 0.98775900 0.59659900
vt 0.01402000 0.58433000
vt 0.97613900 0.50916000
vt 0.96329300 0.66482900
vt 0.96965700 0.48709000
vt 0.95275400 0.51121900
vt 0.98433100 0.54897800
vt 0.98193000 0.55945300
vt 0.98090900 0.49120600
vt 0.97199900 0.61599600
vt 0.92807300 0.64319000
vt 0.97673300 0.46390500
vt 0.98797600 0.47408200
vt 0.02324500 0.64773900
vt 0.98485300 0.59510700
vt 0.98282400 0.64888800
vt 0.94379900 0.66120700
vt 0.97972700 0.61556300
vt 0.97455600 0.64843900
vt 0.02005900 0.67444400
vt 0.98679500 0.68300400
vt 0.97691300 0.68955100
vt 0.98032000 0.72020500
vt 0.12355400 0.48633700
vt 0.12176400 0.47939300
vt 0.13109200 0.48845600
vt 0.14482700 0.50469200
vt 0.15284100 0.49811500
vt 0.87973300 0.55052200
vt 0.89418500 0.52585000
vt 0.17300600 0.49316100
vt 0.14926400 0.56534700
vt 0.89921200 0.58719000
vt 0.91285100 0.61252800
vt 0.18038400 0.49683000
vt 0.18283200 0.48849100
vt 0.19653100 0.48957700
vt 0.18799600 0.49488400
vt 0.19674100 0.49340800
vt 0.18710700 0.58223600
vt 0.21053700 0.49201300
vt 0.20618900 0.48718300
vt 0.21593800 0.49320800
vt 0.22208300 0.49503100
vt 0.25507500 0.51624100
vt 0.19783600 0.53048200
vt 0.20222500 0.53806000
vt 0.21867700 0.54962000
vt 0.79861600 0.61822800
vt 0.20309900 0.59732800
vt 0.20016400 0.57908800
vt 0.21397700 0.58829200
vt 0.19688400 0.60189600
vt 0.89150500 0.69847900
vt 0.96703000 0.73866400
vt 0.91470200 0.73519700
vt 0.77880400 0.70015600
vt 0.98616300 0.74544800
vt 0.02748100 0.74069100
vt 0.98117400 0.76168300
vt 0.97658800 0.79195400
vt 0.03604500 0.81203300
vt 0.97966300 0.81378300
vt 0.97145100 0.77081600
vt 0.97477400 0.74375600
vt 0.97263600 0.80077600
vt 0.06531600 0.73953300
vt 0.09387200 0.76277900
vt 0.07842900 0.76070000
vt 0.93766900 0.77236400
vt 0.07195300 0.78915600
vt 0.91813300 0.79998300
vt 0.07538000 0.81394700
vt 0.08655400 0.78436400
vt 0.06198300 0.82255700
vt 0.07988600 0.82833300
vt 0.05704800 0.85258100
vt 0.04989200 0.84691900
vt 0.06517800 0.85610700
vt 0.96957200 0.80421200
vt 0.96663700 0.79784400
vt 0.95956300 0.81748300
vt 0.97348400 0.83067700
vt 0.93479600 0.81649400
vt 0.97562500 0.84813700
vt 0.04430000 0.84563600
vt 0.97143200 0.84446600
vt 0.96787700 0.83853400
vt 0.96755700 0.85116000
vt 0.92843800 0.82531500
vt 0.94527100 0.83795500
vt 0.95610300 0.84303200
vt 0.95129300 0.85085400
vt 0.93657200 0.84085200
vt 0.96338200 0.83292100
vt 0.96420200 0.84067700
vt 0.11561200 0.75144300
vt 0.10883400 0.76056800
vt 0.11589000 0.75951200
vt 0.09495500 0.78454200
vt 0.11843300 0.77129100
vt 0.11240900 0.77504900
vt 0.10236600 0.79202200
vt 0.11705400 0.78394800
vt 0.13348900 0.75695300
vt 0.12960800 0.75137000
vt 0.13054900 0.75983200
vt 0.13428000 0.76498300
vt 0.14111000 0.76066600
vt 0.14483900 0.76692800
vt 0.14615400 0.75879000
vt 0.14189400 0.74902000
vt 0.12456200 0.76619400
vt 0.15336300 0.74799000
vt 0.15414000 0.75272500
vt 0.15368700 0.76404800
vt 0.16017700 0.75301500
vt 0.13116000 0.77176200
vt 0.13941600 0.77037800
vt 0.13880200 0.77659400
vt 0.13991400 0.76654100
vt 0.14904000 0.77323000
vt 0.14427500 0.77416100
vt 0.15669700 0.77038200
vt 0.15285200 0.77663300
vt 0.12592100 0.77907800
vt 0.13316800 0.78523100
vt 0.12343800 0.78819200
vt 0.11061500 0.80985200
vt 0.12749100 0.79468200
vt 0.13174200 0.79047200
vt 0.14310000 0.78582800
vt 0.14753400 0.79162200
vt 0.14249400 0.79854400
vt 0.88129100 0.75919000
vt 0.90180900 0.78056600
vt 0.88742100 0.78221300
vt 0.87914500 0.77017400
vt 0.90062600 0.79391800
vt 0.89573900 0.80189300
vt 0.87176700 0.77930500
vt 0.87978500 0.79186300
vt 0.86138200 0.77522900
vt 0.85988700 0.78745300
vt 0.82645000 0.78037100
vt 0.87049400 0.80022800
vt 0.09067600 0.80743500
vt 0.09936700 0.81529000
vt 0.10753000 0.82826700
vt 0.09111300 0.83207300
vt 0.09412300 0.83903400
vt 0.09776200 0.85089900
vt 0.12797400 0.81656000
vt 0.12666900 0.83040300
vt 0.91167600 0.80881500
vt 0.90847800 0.81948400
vt 0.88726200 0.81190300
vt 0.90732000 0.82812400
vt 0.90258600 0.83444500
vt 0.92380600 0.84005900
vt 0.94472600 0.85665800
vt 0.92985300 0.85630300
vt 0.88567900 0.84424300
vt 0.87957800 0.81350000
vt 0.85781100 0.82534500
vt 0.79398100 0.80772300
vt 0.14149900 0.84611800
vt 0.14939400 0.87720800
vt 0.05126900 0.85776000
vt 0.97226300 0.86155800
vt 0.05724900 0.86070200
vt 0.06347200 0.86316000
vt 0.07276500 0.86585000
vt 0.06957400 0.86739500
vt 0.96931100 0.85772900
vt 0.96351600 0.86514300
vt 0.05241800 0.86767600
vt 0.96258700 0.86189900
vt 0.96410800 0.85284000
vt 0.95651900 0.85142800
vt 0.95502100 0.85623200
vt 0.96006700 0.86118400
vt 0.95621400 0.85990600
vt 0.05705000 0.86619800
vt 0.94684000 0.86352700
vt 0.95139400 0.86513700
vt 0.94264700 0.86109200
vt 0.95464600 0.86892800
vt 0.05936100 0.87603400
vt 0.06068100 0.87200400
vt 0.06541400 0.86896300
vt 0.06861800 0.87469800
vt 0.07257100 0.88018800
vt 0.06885100 0.88230000
vt 0.94466400 0.87071400
vt 0.08066200 0.86980200
vt 0.93322400 0.86486200
vt 0.08350200 0.89027800
vt 0.92981200 0.87039500
vt 0.07483600 0.87406500
vt 0.08308900 0.87910100
vt 0.08585300 0.87664700
vt 0.09048600 0.87222300
vt 0.08404500 0.88540500
vt 0.09423200 0.88487200
vt 0.10418200 0.88226300
vt 0.10649800 0.88001400
vt 0.90112500 0.86719300
vt 0.89622000 0.87146200
vt 0.89343700 0.87453200
vt 0.12004300 0.89401200
vt 0.11972600 0.88922600
vt 0.12490600 0.87657400
vt 0.12923800 0.88405200
vt 0.14507400 0.88354500
vt 0.15591600 0.88640100
vt 0.97050900 0.74476500
vt 0.84600100 0.86939200
vt 0.16002100 0.89637900
vt 0.85338600 0.87528700
vt 0.16904200 0.89183600
vt 0.31310700 0.29768500
vt 0.33041400 0.33972000
vt 0.33247100 0.27802700
vt 0.33501900 0.30813200
vt 0.31960200 0.33210700
vt 0.33888100 0.30978000
vt 0.33606200 0.39091700
vt 0.30984200 0.44735600
vt 0.33065700 0.39356600
vt 0.34769600 0.33140000
vt 0.31703200 0.43202300
vt 0.31599600 0.47998100
vt 0.35425700 0.29004900
vt 0.35198000 0.41348400
vt 0.33058100 0.47013400
vt 0.34652900 0.43110400
vt 0.33443700 0.47745300
vt 0.37926000 0.46271700
vt 0.36786900 0.30329900
vt 0.38121300 0.35931200
vt 0.38288400 0.41058300
vt 0.38921900 0.44229600
vt 0.38842100 0.36003900
vt 0.40041300 0.41144700
vt 0.38633100 0.47961200
vt 0.32724100 0.45672300
vt 0.32762400 0.55156300
vt 0.34290000 0.46297400
vt 0.34457100 0.52660800
vt 0.35034900 0.47759900
vt 0.41253000 0.44777600
vt 0.42519800 0.38914400
vt 0.42283100 0.50546100
vt 0.42993600 0.46835900
vt 0.40718300 0.53502400
vt 0.40688500 0.37310200
vt 0.41167300 0.36671500
vt 0.42713500 0.51083900
vt 0.19995100 0.67433200
vt 0.19866000 0.64841500
vt 0.20502200 0.66889500
vt 0.20250300 0.67108500
vt 0.19590400 0.68127500
vt 0.19010700 0.68479100
vt 0.19946000 0.69913600
vt 0.20629000 0.68388500
vt 0.21369300 0.68356500
vt 0.21077200 0.67664000
vt 0.21581100 0.66359700
vt 0.20062500 0.68990100
vt 0.21076300 0.69544300
vt 0.20620700 0.70779700
vt 0.22189900 0.67043100
vt 0.21839600 0.68082200
vt 0.21337500 0.68689600
vt 0.23353700 0.69563200
vt 0.23136600 0.70161500
vt 0.23865900 0.68097200
vt 0.25006700 0.68682000
vt 0.26261800 0.72576800
vt 0.25436600 0.74663500
vt 0.22210600 0.61290200
vt 0.24334200 0.62377600
vt 0.23209300 0.58023900
vt 0.75408900 0.62675500
vt 0.28381200 0.57611500
vt 0.30839200 0.59226100
vt 0.31537700 0.53427300
vt 0.31574900 0.61657100
vt 0.69567700 0.61146600
vt 0.32631300 0.62525900
vt 0.34292100 0.60760400
vt 0.33206300 0.59554100
vt 0.30907400 0.64721000
vt 0.35019700 0.58532300
vt 0.63017900 0.57824900
vt 0.20104700 0.63089100
vt 0.21442000 0.63487600
vt 0.22273900 0.66261600
vt 0.25746500 0.66422900
vt 0.26375100 0.67197800
vt 0.25742000 0.68280300
vt 0.28325500 0.63677800
vt 0.27788000 0.68019200
vt 0.28084000 0.68607900
vt 0.29182600 0.66292700
vt 0.30847300 0.66934100
vt 0.30688600 0.66259300
vt 0.30087000 0.68268500
vt 0.32249100 0.68592900
vt 0.31126700 0.67927000
vt 0.31819700 0.69606400
vt 0.68356000 0.71516200
vt 0.31675600 0.66118600
vt 0.31414500 0.66499300
vt 0.31937000 0.67563900
vt 0.27586600 0.69554800
vt 0.28836300 0.70232600
vt 0.32476900 0.75362300
vt 0.24916200 0.75439600
vt 0.36475500 0.74523800
vt 0.34734300 0.64880400
vt 0.36449700 0.62697200
vt 0.38048900 0.54943800
vt 0.39877900 0.58064900
vt 0.38918200 0.56435300
vt 0.37901000 0.62253800
vt 0.40839200 0.57102000
vt 0.41005600 0.61403400
vt 0.41979000 0.60293400
vt 0.62889000 0.46374800
vt 0.61853500 0.57822200
vt 0.43001500 0.54723800
vt 0.45036700 0.48308700
vt 0.42556000 0.59951100
vt 0.43160900 0.60845000
vt 0.44273600 0.61617000
vt 0.60109500 0.66666200
vt 0.61005500 0.50901400
vt 0.58645700 0.55735300
vt 0.38554800 0.62517800
vt 0.40374700 0.61103100
vt 0.40617100 0.65393000
vt 0.40210200 0.68082200
vt 0.62148800 0.69835900
vt 0.45850700 0.55259700
vt 0.41999800 0.65116500
vt 0.42667500 0.66327600
vt 0.45774100 0.63943200
vt 0.47429200 0.57310800
vt 0.47377100 0.64335600
vt 0.48512000 0.64084300
vt 0.32270800 0.68000200
vt 0.32844100 0.65329200
vt 0.32460800 0.66889300
vt 0.33259800 0.66957700
vt 0.34096500 0.66623900
vt 0.32809800 0.67503100
vt 0.33068100 0.67827500
vt 0.32860200 0.69161800
vt 0.33778100 0.69389000
vt 0.34028300 0.67738600
vt 0.33465400 0.68629800
vt 0.34697200 0.67998700
vt 0.38498900 0.70232100
vt 0.37904900 0.70845400
vt 0.32425200 0.70236200
vt 0.37964700 0.76950300
vt 0.28547200 0.77272000
vt 0.29931500 0.76611500
vt 0.34993900 0.77343000
vt 0.37813200 0.76247200
vt 0.66662100 0.77078700
vt 0.73819400 0.77156900
vt 0.62804000 0.76676600
vt 0.39418900 0.70307400
vt 0.40532700 0.72535100
vt 0.40827200 0.71872800
vt 0.41977900 0.71187900
vt 0.36958200 0.77318000
vt 0.29770000 0.77871100
vt 0.38158400 0.77507500
vt 0.37432100 0.75398500
vt 0.38468800 0.77109300
vt 0.38960900 0.76198700
vt 0.38534300 0.75661600
vt 0.38903000 0.77236400
vt 0.39396300 0.76392400
vt 0.39560100 0.76707900
vt 0.39112600 0.78242400
vt 0.39964000 0.77902500
vt 0.39568200 0.77215800
vt 0.38018200 0.74305200
vt 0.38576000 0.73985400
vt 0.39958400 0.75021400
vt 0.39325300 0.74326300
vt 0.37747200 0.74923900
vt 0.38359500 0.74936500
vt 0.39130700 0.75078400
vt 0.61941000 0.75838200
vt 0.62675900 0.77692100
vt 0.61586900 0.77277400
vt 0.40261200 0.75191700
vt 0.40573300 0.74807200
vt 0.41706700 0.75105600
vt 0.42546500 0.72456900
vt 0.40014800 0.76068600
vt 0.40175200 0.76538300
vt 0.40504300 0.75814600
vt 0.41401700 0.76285900
vt 0.40919900 0.77061500
vt 0.40616300 0.77379800
vt 0.40440300 0.78072800
vt 0.41376400 0.77577700
vt 0.41703800 0.77899600
vt 0.42052300 0.76056000
vt 0.42669800 0.76489600
vt 0.41824900 0.76845700
vt 0.42425300 0.77914100
vt 0.43818800 0.77983000
vt 0.44388700 0.77055400
vt 0.60871700 0.68682100
vt 0.44117400 0.72838100
vt 0.45297100 0.73055500
vt 0.57787100 0.70305300
vt 0.57087100 0.59849700
vt 0.46275200 0.70535800
vt 0.46923500 0.72983000
vt 0.55367900 0.73039800
vt 0.61130400 0.74855500
vt 0.60830300 0.76686600
vt 0.59957700 0.76616400
vt 0.58409000 0.77958000
vt 0.59609600 0.78256900
vt 0.60595600 0.78596100
vt 0.56934700 0.78897100
vt 0.18192400 0.76737800
vt 0.19552500 0.77454400
vt 0.19755000 0.75341300
vt 0.16373900 0.77509500
vt 0.18054000 0.77759300
vt 0.15330500 0.78553700
vt 0.17785500 0.79720000
vt 0.19003100 0.78956500
vt 0.20502400 0.77771800
vt 0.81939200 0.77059000
vt 0.82264100 0.79428400
vt 0.22232200 0.76611800
vt 0.23411600 0.77694400
vt 0.23688200 0.79137100
vt 0.23905300 0.79891700
vt 0.17593800 0.81231900
vt 0.18705000 0.83804700
vt 0.19201000 0.85791800
vt 0.22537800 0.82891500
vt 0.24813800 0.85205200
vt 0.26985400 0.78825800
vt 0.26624500 0.81781800
vt 0.30228200 0.77593300
vt 0.28490300 0.79325200
vt 0.30272100 0.78819800
vt 0.29234900 0.79819000
vt 0.71424800 0.78409400
vt 0.80547400 0.84471400
vt 0.79876100 0.87559000
vt 0.21532200 0.89826700
vt 0.74850700 0.82909400
vt 0.21386900 0.87997600
vt 0.20184600 0.88587400
vt 0.78546700 0.86956200
vt 0.22996300 0.89328800
vt 0.77051400 0.87256700
vt 0.71917200 0.79215500
vt 0.74334000 0.81482700
vt 0.32702300 0.81128300
vt 0.67353600 0.80247100
vt 0.74544600 0.84836700
vt 0.25660700 0.87971400
vt 0.25376100 0.88701600
vt 0.20326300 0.88903900
vt 0.25446900 0.88951800
vt 0.31134500 0.84128900
vt 0.28334800 0.88058800
vt 0.72872600 0.86972700
vt 0.29756600 0.89851700
vt 0.71844000 0.87498200
vt 0.27672100 0.89369900
vt 0.27583300 0.88821400
vt 0.29296200 0.88656400
vt 0.29564100 0.88931500
vt 0.34910200 0.79529500
vt 0.34195100 0.78658300
vt 0.35964800 0.78715800
vt 0.36319400 0.82971300
vt 0.66398200 0.82012400
vt 0.36003800 0.84648200
vt 0.64405200 0.84201200
vt 0.31359900 0.87940000
vt 0.37095500 0.87623900
vt 0.65591200 0.86653300
vt 0.31184100 0.89271000
vt 0.32053900 0.88653700
vt 0.33711800 0.88391500
vt 0.33314100 0.89014200
vt 0.35988000 0.89181000
vt 0.35872700 0.89628900
vt 0.65955400 0.87184400
vt 0.35964900 0.88372500
vt 0.38285000 0.88589800
vt 0.37494300 0.78344900
vt 0.38713000 0.79341900
vt 0.38368700 0.78666300
vt 0.40628900 0.81493700
vt 0.39750200 0.78833700
vt 0.40422600 0.79516700
vt 0.62878500 0.78568300
vt 0.61157500 0.80307300
vt 0.60835100 0.79495400
vt 0.43022700 0.83630100
vt 0.40634300 0.78712800
vt 0.41251600 0.80693000
vt 0.41744100 0.78853300
vt 0.42693200 0.80655400
vt 0.41978400 0.82482200
vt 0.43284600 0.79455600
vt 0.42818400 0.82253100
vt 0.44005300 0.81075800
vt 0.42133500 0.86684100
vt 0.40529300 0.87367500
vt 0.60254400 0.82009200
vt 0.59449500 0.79800100
vt 0.59021300 0.81385500
vt 0.57747800 0.79794000
vt 0.57563300 0.81373700
vt 0.57648000 0.83388900
vt 0.56732200 0.82738500
vt 0.58197200 0.85718900
vt 0.56137500 0.83606400
vt 0.41770900 0.88912300
vt 0.60018600 0.86784800
vt 0.40254100 0.87969900
vt 0.40244800 0.88562600
vt 0.43365800 0.87266300
vt 0.44518700 0.87452500
vt 0.46092300 0.86352000
vt 0.58396100 0.86200500
vt 0.43081900 0.88128800
vt 0.46796800 0.88185900
vt 0.54896300 0.85998000
vt 0.44711700 0.88078000
vt 0.50078400 0.71307400
vt 0.50320800 0.62645700
vt 0.46199300 0.76876900
vt 0.44634500 0.79119000
vt 0.45628900 0.78488000
vt 0.48074700 0.77859600
vt 0.52663300 0.78984900
vt 0.54818000 0.80445900
vt 0.53161000 0.68097900
vt 0.49772500 0.80132000
vt 0.44542100 0.82447300
vt 0.45256600 0.81176000
vt 0.46567200 0.80971900
vt 0.47495700 0.80699800
vt 0.56267800 0.81251500
vt 0.55510500 0.80666600
vt 0.48781100 0.81972500
vt 0.45259900 0.84238500
vt 0.45999400 0.84167900
vt 0.46766400 0.83668900
vt 0.49311100 0.84999100
vt 0.46929000 0.85722900
vt 0.55058000 0.82923700
vt 0.54564700 0.84869300
vt 0.49757500 0.84341200
vt 0.48748600 0.85634200
vt 0.52385600 0.82914300
vt 0.54253700 0.82470000
vt 0.52739900 0.83544300
vt 0.53755700 0.84596300
vt 0.53232000 0.84068900
vt 0.53500700 0.85184600
vt 0.51164900 0.78498900
vt 0.51473200 0.79630800
vt 0.51095600 0.80264300
vt 0.50912300 0.76420300
vt 0.50639000 0.81688200
vt 0.51698000 0.80922200
vt 0.51673800 0.78591100
vt 0.52075600 0.79887800
vt 0.51233100 0.82570800
vt 0.49974900 0.83419400
vt 0.50851700 0.82531600
vt 0.50235800 0.84112600
vt 0.50100900 0.85213000
vt 0.50725400 0.84499200
vt 0.52082500 0.83561700
vt 0.52309800 0.84411500
vt 0.51586900 0.83448500
vt 0.52342300 0.85169200
vt 0.51120700 0.84389000
vt 0.50956700 0.85154000
vt 0.51553400 0.85119200
vt 0.51928100 0.82585800
vt 0.45693000 0.87654500
vt 0.47728200 0.86238300
vt 0.47171000 0.86872600
vt 0.47553700 0.87113100
vt 0.49111000 0.86157500
vt 0.48328900 0.86434600
vt 0.47324000 0.87607700
vt 0.48814500 0.87164800
vt 0.52564500 0.85898000
vt 0.48581600 0.86749300
vt 0.51408700 0.85650300
vt 0.49644900 0.86457700
vt 0.49723700 0.85678300
vt 0.50501700 0.85578700
vt 0.07426200 0.03676800
vt 0.09177100 0.05755200
vt 0.06609900 0.04438400
vt 0.10943400 0.05637700
vt 0.10726500 0.06674200
vt 0.08487000 0.03715200
vt 0.05708100 0.03131500
vt 0.05428100 0.03816000
vt 0.06257300 0.03287700
vt 0.06134500 0.03665700
vt 0.07096800 0.03229800
vt 0.08367400 0.03182100
vt 0.06159100 0.02951400
vt 0.06813100 0.02903900
vt 0.07130800 0.02300600
vt 0.07613400 0.02494100
vt 0.05801600 0.02684300
vt 0.04989600 0.03688900
vt 0.97175700 0.06012900
vt 0.96277300 0.05814300
vt 0.06670200 0.02137500
vt 0.07644300 0.02766400
vt 0.08670100 0.02686300
vt 0.96268300 0.06288700
vt 0.08215000 0.01683000
vt 0.94924100 0.05457100
vt 0.09394000 0.03578400
vt 0.08927900 0.02375500
vt 0.10420900 0.02780300
vt 0.13411800 0.05501000
vt 0.09096100 0.01943300
vt 0.95088200 0.06136700
vt 0.93314200 0.05498500
vt 0.11627700 0.02072900
vt 0.11979800 0.01441000
vt 0.91381800 0.04773100
vt 0.94266000 0.06185100
vt 0.12609900 0.01652200
vt 0.88227800 0.05797200
vt 0.91737200 0.08398300
vt 0.86458500 0.05243800
vt 0.86777100 0.04850800
vt 0.07345800 0.06421900
vt 0.08103400 0.08680500
vt 0.05731200 0.05002200
vt 0.05570600 0.06299500
vt 0.05062800 0.06787500
vt 0.05240100 0.05303400
vt 0.04557900 0.06556200
vt 0.04464600 0.08495300
vt 0.07232200 0.08635900
vt 0.03789000 0.10835900
vt 0.03506500 0.08716200
vt 0.03942900 0.06096200
vt 0.04306300 0.06303200
vt 0.03433800 0.10793400
vt 0.08788400 0.07413500
vt 0.09113100 0.08819500
vt 0.97064400 0.17223200
vt 0.94342600 0.12053800
vt 0.96833500 0.08606400
vt 0.10084200 0.07783500
vt 0.93441100 0.08147700
vt 0.94185300 0.08851700
vt 0.91634000 0.10713900
vt 0.94299400 0.10064800
vt 0.93101800 0.10362400
vt 0.02883100 0.10450100
vt 0.97718800 0.12781600
vt 0.03469700 0.06546100
vt 0.97447700 0.09012900
vt 0.05413000 0.04167900
vt 0.04875200 0.04600600
vt 0.04969900 0.05120900
vt 0.04331000 0.05345900
vt 0.04211300 0.04661100
vt 0.97155700 0.07160300
vt 0.96612600 0.07366300
vt 0.95559200 0.07126500
vt 0.95877400 0.06593800
vt 0.96001600 0.08058500
vt 0.94818900 0.07024200
vt 0.03039600 0.12720000
vt 0.03077300 0.15470400
vt 0.97884500 0.16900400
vt 0.02301300 0.14668100
vt 0.02608400 0.16595600
vt 0.13736700 0.07575900
vt 0.14472800 0.06838100
vt 0.22709100 0.08841600
vt 0.14743400 0.02202800
vt 0.19887400 0.02184100
vt 0.85139300 0.07371600
vt 0.11600100 0.08269900
vt 0.13402700 0.08681500
vt 0.91868600 0.09520500
vt 0.91987200 0.11766200
vt 0.89908800 0.11209100
vt 0.89822200 0.10216500
vt 0.90007300 0.12714500
vt 0.92433000 0.12907900
vt 0.91331200 0.13155600
vt 0.90042400 0.14029700
vt 0.15517600 0.10247000
vt 0.15544800 0.08909500
vt 0.88352100 0.12720100
vt 0.16992000 0.10400100
vt 0.88013700 0.13995500
vt 0.88098700 0.11989600
vt 0.85319800 0.11488800
vt 0.85947900 0.09285200
vt 0.86617700 0.13364800
vt 0.88604700 0.14611400
vt 0.88094200 0.15229900
vt 0.22557000 0.07526200
vt 0.23635900 0.05803200
vt 0.21820100 0.04539100
vt 0.77597300 0.09133600
vt 0.80297300 0.10392400
vt 0.21891200 0.10499900
vt 0.79297100 0.13684800
vt 0.86301700 0.14844500
vt 0.80273000 0.12535300
vt 0.22145300 0.11040700
vt 0.23816100 0.11412100
vt 0.22750300 0.12351400
vt 0.78344700 0.15123000
vt 0.15707900 0.01809200
vt 0.84630800 0.04339300
vt 0.18909400 0.00995500
vt 0.19853900 0.01255000
vt 0.19970800 0.01547400
vt 0.24990200 0.01884400
vt 0.24859100 0.01502900
vt 0.79223200 0.05207500
vt 0.78882400 0.04523300
vt 0.26076200 0.02598500
vt 0.74727900 0.07005400
vt 0.79157200 0.04007300
vt 0.24625400 0.00995400
vt 0.75574100 0.05037900
vt 0.30984400 0.01543500
vt 0.72931100 0.03667400
vt 0.73722800 0.04099600
vt 0.25733700 0.10640800
vt 0.31785400 0.12663800
vt 0.25181000 0.12381200
vt 0.31531800 0.13272600
vt 0.27145800 0.12704900
vt 0.30943200 0.12902000
vt 0.30982800 0.11725100
vt 0.30073400 0.07029900
vt 0.30825600 0.09063900
vt 0.76175200 0.11094100
vt 0.31740800 0.11295100
vt 0.30532000 0.10683900
vt 0.23897500 0.12557500
vt 0.25799400 0.13682300
vt 0.24832100 0.12841500
vt 0.33372900 0.14103000
vt 0.31564600 0.15303300
vt 0.28938300 0.18361400
vt 0.71415300 0.14312500
vt 0.74871500 0.13033900
vt 0.34040200 0.10952800
vt 0.34304900 0.09549300
vt 0.34770500 0.13098600
vt 0.35018600 0.11830000
vt 0.38682500 0.12276700
vt 0.28302700 0.20149600
vt 0.32561200 0.20318200
vt 0.32606800 0.21056500
vt 0.34447500 0.20913800
vt 0.69185100 0.13243800
vt 0.38176000 0.15379700
vt 0.66569500 0.15405900
vt 0.75220200 0.22830700
vt 0.35708300 0.05212400
vt 0.68663000 0.10661800
vt 0.69060400 0.09026000
vt 0.29342200 0.02451400
vt 0.28845600 0.01724400
vt 0.74685100 0.04526100
vt 0.31730700 0.02614600
vt 0.69939100 0.05176700
vt 0.32818900 0.02055000
vt 0.71045000 0.04607800
vt 0.36134000 0.02699100
vt 0.37905100 0.02345800
vt 0.38464300 0.07719800
vt 0.41324800 0.09736000
vt 0.64529700 0.13718900
vt 0.64107700 0.07744700
vt 0.38781500 0.02087700
vt 0.65454400 0.03900200
vt 0.64652200 0.05333000
vt 0.40434400 0.03325600
vt 0.59500900 0.08354600
vt 0.61406700 0.03894000
vt 0.42852800 0.02835500
vt 0.45277700 0.03696800
vt 0.65764700 0.04251700
vt 0.63658000 0.04742100
vt 0.60492700 0.05484100
vt 0.29588400 0.22320400
vt 0.32580400 0.22621500
vt 0.32945800 0.22115100
vt 0.31565500 0.23740600
vt 0.31500400 0.24448000
vt 0.32262200 0.24577200
vt 0.33297200 0.21379500
vt 0.69593000 0.28580900
vt 0.45385500 0.06860900
vt 0.42759200 0.08214600
vt 0.44059000 0.08494700
vt 0.45866200 0.07989400
vt 0.37382800 0.13407300
vt 0.38892800 0.13102900
vt 0.39050900 0.13431900
vt 0.39104800 0.14035100
vt 0.40144200 0.12514200
vt 0.38949900 0.14642200
vt 0.40243800 0.13527400
vt 0.39742300 0.13804100
vt 0.40083600 0.14477100
vt 0.40696100 0.14207600
vt 0.41003300 0.14914600
vt 0.40710200 0.13726300
vt 0.39789400 0.14975200
vt 0.38710200 0.15837600
vt 0.40256300 0.15722000
vt 0.39234300 0.15838200
vt 0.39461900 0.16822400
vt 0.40875600 0.15379100
vt 0.41256100 0.14317800
vt 0.41424800 0.15963900
vt 0.40597200 0.16499400
vt 0.40227200 0.16639200
vt 0.41669700 0.14952800
vt 0.41866800 0.15772500
vt 0.41159400 0.16967600
vt 0.37099800 0.20197600
vt 0.34223300 0.21331200
vt 0.34017800 0.22009500
vt 0.35424500 0.22551800
vt 0.38800500 0.16467300
vt 0.40393500 0.19642400
vt 0.39383900 0.20802200
vt 0.38688700 0.26988500
vt 0.41456300 0.19389500
vt 0.41802800 0.17294700
vt 0.42917500 0.16538300
vt 0.41100700 0.21110400
vt 0.41768700 0.23052200
vt 0.42974000 0.21238200
vt 0.40460000 0.24905200
vt 0.41322100 0.23442200
vt 0.42859300 0.24555100
vt 0.41238800 0.11453000
vt 0.39706800 0.11350200
vt 0.39020800 0.11818200
vt 0.63797800 0.14770800
vt 0.40622500 0.12012200
vt 0.63060600 0.12415700
vt 0.62896500 0.13844500
vt 0.42999200 0.10206200
vt 0.42403400 0.11938800
vt 0.44111500 0.10850600
vt 0.43083900 0.12801500
vt 0.41031200 0.12856900
vt 0.41409300 0.13028500
vt 0.41682100 0.12439100
vt 0.42493900 0.14478600
vt 0.42254500 0.13111300
vt 0.42228400 0.13487800
vt 0.42071100 0.13818200
vt 0.42927300 0.13710300
vt 0.42736000 0.15223800
vt 0.43307000 0.14932500
vt 0.62642100 0.14867700
vt 0.61387000 0.13538900
vt 0.43737300 0.13931700
vt 0.44939900 0.12055900
vt 0.61579900 0.15863300
vt 0.60869200 0.14029100
vt 0.60980100 0.10257300
vt 0.44111600 0.09261000
vt 0.60507300 0.10834800
vt 0.45408800 0.09279100
vt 0.46216500 0.09877300
vt 0.59689100 0.09740800
vt 0.58997000 0.10521800
vt 0.60445300 0.12176700
vt 0.47636900 0.07595600
vt 0.47002700 0.06769100
vt 0.58727500 0.11796300
vt 0.61566800 0.12310100
vt 0.59530100 0.14301800
vt 0.62756400 0.17014700
vt 0.62805900 0.23055800
vt 0.60325000 0.29582400
vt 0.61809100 0.23452200
vt 0.43744500 0.15840100
vt 0.45241700 0.13093200
vt 0.45309800 0.14357700
vt 0.46863300 0.17665700
vt 0.45060800 0.22371500
vt 0.46929900 0.11982800
vt 0.47032000 0.10341200
vt 0.48745800 0.09649500
vt 0.49211300 0.10161300
vt 0.47226500 0.12579800
vt 0.57596700 0.12210200
vt 0.58067400 0.28035600
vt 0.48853200 0.16428000
vt 0.43503600 0.22505700
vt 0.46184100 0.28075600
vt 0.47751000 0.26989000
vt 0.56081800 0.26760000
vt 0.49138100 0.27264000
vt 0.51499100 0.17540900
vt 0.51754400 0.23134100
vt 0.59707100 0.04517200
vt 0.45780800 0.03320800
vt 0.58543800 0.03973600
vt 0.58705700 0.04413000
vt 0.48788300 0.04299000
vt 0.57848500 0.07925100
vt 0.48735000 0.04800600
vt 0.49819600 0.05226800
vt 0.55953500 0.05843300
vt 0.57649700 0.05376000
vt 0.47923000 0.03750500
vt 0.56495300 0.04298600
vt 0.56211000 0.04718100
vt 0.57192700 0.04888500
vt 0.54861800 0.05138600
vt 0.55059100 0.04565600
vt 0.49406400 0.04180300
vt 0.50109500 0.04905200
vt 0.55530000 0.05487300
vt 0.50464300 0.04698100
vt 0.53995700 0.04779300
vt 0.54121300 0.05107700
vt 0.55133600 0.06488400
vt 0.57467500 0.08647600
vt 0.50144800 0.05586100
vt 0.48703900 0.08125000
vt 0.50730500 0.06303500
vt 0.56356800 0.08322300
vt 0.51244700 0.06745000
vt 0.51351700 0.07534100
vt 0.50807000 0.05391100
vt 0.51298200 0.05765600
vt 0.51171500 0.04978300
vt 0.53491500 0.05165300
vt 0.53141100 0.05767500
vt 0.54110200 0.05917400
vt 0.53357200 0.06439100
vt 0.51525600 0.05584300
vt 0.52397200 0.05918400
vt 0.54548200 0.06442000
vt 0.54297900 0.07098200
vt 0.53827600 0.07523500
vt 0.51615700 0.06182400
vt 0.51905100 0.06888900
vt 0.51908100 0.08335500
vt 0.51398200 0.08400000
vt 0.52301200 0.07140100
vt 0.52702400 0.06694900
vt 0.52596500 0.07469800
vt 0.53081800 0.08039900
vt 0.52281000 0.08731100
vt 0.57106600 0.09679400
vt 0.56720700 0.10105700
vt 0.55827900 0.10280800
vt 0.55447500 0.08972900
vt 0.53774300 0.08424000
vt 0.53748400 0.11039900
vt 0.53987100 0.14045400
vt 0.51576500 0.12550300
vt 0.51981200 0.10742400
vt 0.52169600 0.12980200
vt 0.51977200 0.16399400
vt 0.53403300 0.14501800
vt 0.52359600 0.17509500
vt 0.52652100 0.12653700
vt 0.52678900 0.16222600
vt 0.53161300 0.09330800
vt 0.52812900 0.09573500
vt 0.52391000 0.10563500
vt 0.53103500 0.13531100
vt 0.52299100 0.22982100
vt 0.53798000 0.17032500
vt 0.53165000 0.17527700
vt 0.52775800 0.20264700
vt 0.53869300 0.21777000
vt 0.53248800 0.21510400
vt 0.53117300 0.26606900
vt 0.52700500 0.24930300
vt 0.32307800 0.23951300
vt 0.33458700 0.23882600
vt 0.34024300 0.24024500
vt 0.33667000 0.22893200
vt 0.33085100 0.22897800
vt 0.34714100 0.22846300
vt 0.35031500 0.23477200
vt 0.35788800 0.27308300
vt 0.34692800 0.27186800
vt 0.32170700 0.27248000
vt 0.63270000 0.33507800
vt 0.39276900 0.28748200
vt 0.41585400 0.30728600
vt 0.42863500 0.28482100
vt 0.62312000 0.36583900
vt 0.43470800 0.30474100
vt 0.44855000 0.30709300
vt 0.43054600 0.32647800
vt 0.43336100 0.35932500
vt 0.61384100 0.40478100
vt 0.54022000 0.27554000
vt 0.45019500 0.39701400
vt 0.46627100 0.36641200
vt 0.52279800 0.30649600
vt 0.51788900 0.30447700
vt 0.52723000 0.31599600
vt 0.48415100 0.36060400
vt 0.51566400 0.33929700
vt 0.50551400 0.46800000
vt 0.51845000 0.40137400
vt 0.53765400 0.35305200
vt 0.53531500 0.28912000
vt 0.53128300 0.36499500
vt 0.51993600 0.34921700
vt 0.52274100 0.37752900
vt 0.52656500 0.37382100
vt 0.43156700 0.40725200
vt 0.59114400 0.45362200
vt 0.56849100 0.46119700
vt 0.48352500 0.42924800
vt 0.47194900 0.47573800
vt 0.55576500 0.47091300
vt 0.61578600 0.47896500
vt 0.48782000 0.52974000
vt 0.53663800 0.43190600
vt 0.52216700 0.43341900
vt 0.51706800 0.44545900
vt 0.52576500 0.43152800
vt 0.53477600 0.39658400
vt 0.53034100 0.43159500
vt 0.53942800 0.47750800
vt 0.53237300 0.48213200
vt 0.52916900 0.47788800
vt 0.51539000 0.49217900
vt 0.52000900 0.46998900
vt 0.52153300 0.52663300
vt 0.52471500 0.52445300
vt 0.51930100 0.50972600
vt 0.53284600 0.55575200
vt 0.55196100 0.62520100
vt 0.51814600 0.56376200
vt 0.51467000 0.58447100
vt 0.51467000 0.58447100
vt 0.52880700 0.53137400
vt 0.52663100 0.60430400
vt 0.52964800 0.62606000
vt 0.51813100 0.65440600
vt 0.51813100 0.65440600
vt 0.52145700 0.65795700
vt 0.51631700 0.62457600
vt 0.51631700 0.62457600
vt 0.51492400 0.67428000
vt 0.52592500 0.65756200
vt 0.52672500 0.70053500
vt 0.52363100 0.69139100
vt 0.51069600 0.70152900
vt 0.51375000 0.72409700
vt 0.51637300 0.72400200
vt 0.52233100 0.75438000
vt 0.51393800 0.74869200
vt 0.51902900 0.73873000
vt 0.51242600 0.76182800
vt 0.51728000 0.76076400
vt 0.51383300 0.77324600
vt 0.51796700 0.77596200
f 1/1 2/2 3/3
f 4/4 3/3 2/2
f 5/5 6/6 7/7
f 2/2 5/5 7/7
f 8/8 9/9 10/10
f 8/8 10/10 11/11
f 3/3 12/12 13/13
f 4/4 14/14 12/12
f 12/12 3/3 4/4
f 15/15 12/12 14/14
f 16/16 11/11 17/17
f 17/17 11/11 13/13
f 16/16 18/18 19/19
f 8/8 11/11 16/16
f 18/18 16/16 17/17
f 17/17 13/13 12/12
f 12/12 15/15 17/17
f 17/17 15/15 18/18
f 19/19 18/18 20/20
f 15/15 20/20 18/18
f 21/21 22/22 23/23
f 9/9 21/21 23/23
f 21/21 24/24 22/22
f 23/23 25/25 11/11
f 26/26 25/25 27/27
f 9/9 23/23 10/10
f 10/10 23/23 11/11
f 22/22 25/25 23/23
f 27/27 25/25 22/22
f 22/22 24/24 28/28
f 28/28 27/27 22/22
f 28/28 29/29 27/27
f 27/27 30/30 26/26
f 30/30 27/27 29/29
f 29/29 31/31 30/30
f 1/1 30/30 2/2
f 3/3 13/13 26/26
f 26/26 1/1 3/3
f 26/26 30/30 1/1
f 2/2 30/30 5/5
f 13/13 11/11 25/25
f 25/25 26/26 13/13
f 32/32 33/33 34/34
f 28/28 24/24 35/35
f 35/35 24/24 36/36
f 24/24 37/37 36/36
f 8/8 38/38 39/39
f 8/8 39/39 9/9
f 9/9 39/39 40/40
f 39/39 41/41 40/40
f 38/38 41/41 39/39
f 41/41 42/42 40/40
f 40/40 43/43 44/44
f 42/42 43/43 40/40
f 38/38 8/8 19/19
f 16/16 19/19 8/8
f 45/45 38/38 19/19
f 46/46 19/19 20/20
f 45/45 19/19 46/46
f 45/45 47/47 38/38
f 47/47 41/41 38/38
f 41/41 48/48 42/42
f 47/47 48/48 41/41
f 40/40 21/21 9/9
f 40/40 49/49 24/24
f 21/21 40/40 24/24
f 37/37 24/24 49/49
f 50/50 37/37 49/49
f 44/44 49/49 40/40
f 44/44 51/51 49/49
f 50/50 49/49 51/51
f 37/37 50/50 52/52
f 53/53 50/50 51/51
f 54/54 53/53 51/51
f 44/44 43/43 55/55
f 56/56 51/51 44/44
f 56/56 44/44 55/55
f 55/55 54/54 56/56
f 54/54 51/51 56/56
f 57/57 42/42 48/48
f 42/42 57/57 43/43
f 58/58 55/55 43/43
f 59/59 55/55 58/58
f 55/55 59/59 54/54
f 59/59 60/60 54/54
f 61/61 54/54 60/60
f 62/62 63/63 64/64
f 65/65 66/66 67/67
f 63/63 66/66 64/64
f 66/66 65/65 68/68
f 7/7 6/6 69/69
f 6/6 70/70 69/69
f 31/31 5/5 30/30
f 31/31 71/71 5/5
f 72/72 71/71 31/31
f 31/31 29/29 72/72
f 73/73 74/74 75/75
f 34/34 76/76 75/75
f 34/34 33/33 76/76
f 5/5 71/71 6/6
f 75/75 77/77 34/34
f 6/6 71/71 78/78
f 78/78 70/70 6/6
f 79/79 80/80 70/70
f 69/69 70/70 80/80
f 79/79 81/81 80/80
f 82/82 83/83 74/74
f 79/79 84/84 85/85
f 70/70 84/84 79/79
f 70/70 86/86 84/84
f 79/79 85/85 81/81
f 87/87 81/81 85/85
f 88/88 87/87 90/90
f 92/92 88/88 90/90
f 74/74 83/83 93/93
f 74/74 93/93 75/75
f 35/35 36/36 94/94
f 28/28 94/94 29/29
f 28/28 35/35 94/94
f 36/36 37/37 52/52
f 36/36 52/52 95/95
f 95/95 94/94 36/36
f 29/29 94/94 96/96
f 29/29 96/96 97/97
f 97/97 72/72 29/29
f 53/53 98/98 99/99
f 50/50 99/99 52/52
f 50/50 53/53 99/99
f 98/98 53/53 54/54
f 100/100 32/32 34/34
f 32/32 100/100 101/101
f 100/100 77/77 102/102
f 34/34 77/77 100/100
f 103/103 101/101 100/100
f 61/61 104/104 54/54
f 98/98 54/54 104/104
f 105/105 106/106 104/104
f 96/96 94/94 107/107
f 95/95 107/107 94/94
f 107/107 95/95 108/108
f 96/96 107/107 108/108
f 72/72 109/109 71/71
f 72/72 97/97 109/109
f 97/97 96/96 62/62
f 109/109 110/110 71/71
f 62/62 109/109 97/97
f 108/108 62/62 96/96
f 108/108 63/63 62/62
f 71/71 110/110 78/78
f 52/52 99/99 111/111
f 108/108 95/95 67/67
f 95/95 52/52 67/67
f 67/67 52/52 111/111
f 99/99 98/98 111/111
f 104/104 112/112 98/98
f 113/113 112/112 104/104
f 66/66 108/108 67/67
f 111/111 65/65 67/67
f 66/66 63/63 108/108
f 98/98 112/112 114/114
f 98/98 114/114 111/111
f 77/77 75/75 102/102
f 100/100 102/102 103/103
f 115/115 103/103 102/102
f 75/75 116/116 102/102
f 115/115 102/102 116/116
f 103/103 115/115 117/117
f 66/66 68/68 64/64
f 118/118 62/62 64/64
f 119/119 64/64 68/68
f 65/65 119/119 68/68
f 119/119 118/118 64/64
f 119/119 65/65 120/120
f 120/120 65/65 111/111
f 121/121 118/118 120/120
f 62/62 118/118 122/122
f 120/120 118/118 119/119
f 122/122 118/118 123/123
f 124/124 125/125 126/126
f 127/127 128/128 126/126
f 124/124 129/129 125/125
f 130/130 125/125 129/129
f 130/130 129/129 122/122
f 122/122 123/123 130/130
f 110/110 124/124 78/78
f 70/70 78/78 128/128
f 70/70 128/128 131/131
f 93/93 83/83 132/132
f 84/84 86/86 85/85
f 85/85 86/86 133/133
f 87/87 85/85 134/134
f 90/90 87/87 134/134
f 85/85 133/133 134/134
f 131/131 86/86 70/70
f 91/91 135/135 136/136
f 89/89 135/135 91/91
f 137/137 136/136 135/135
f 135/135 138/138 137/137
f 139/139 137/137 138/138
f 83/83 137/137 139/139
f 133/133 86/86 131/131
f 138/138 135/135 140/140
f 89/89 140/140 135/135
f 90/90 134/134 142/142
f 141/141 143/143 140/140
f 83/83 139/139 144/144
f 144/144 145/145 83/83
f 146/146 147/147 144/144
f 147/147 146/146 143/143
f 138/138 140/140 146/146
f 139/139 138/138 146/146
f 139/139 146/146 144/144
f 89/89 141/141 140/140
f 146/146 140/140 143/143
f 109/109 124/124 110/110
f 78/78 124/124 126/126
f 129/129 124/124 109/109
f 75/75 93/93 132/132
f 148/148 116/116 75/75
f 75/75 132/132 148/148
f 122/122 109/109 62/62
f 109/109 122/122 129/129
f 149/149 115/115 116/116
f 148/148 149/149 116/116
f 115/115 149/149 150/150
f 115/115 150/150 117/117
f 128/128 78/78 126/126
f 132/132 151/151 152/152
f 151/151 132/132 153/153
f 83/83 145/145 132/132
f 153/153 132/132 145/145
f 144/144 147/147 145/145
f 148/148 132/132 152/152
f 152/152 149/149 148/148
f 149/149 152/152 151/151
f 153/153 154/154 151/151
f 150/150 149/149 155/155
f 151/151 154/154 149/149
f 155/155 149/149 154/154
f 104/104 61/61 156/156
f 105/105 104/104 156/156
f 157/157 158/158 159/159
f 158/158 160/160 159/159
f 161/161 158/158 157/157
f 162/162 156/156 61/61
f 163/163 156/156 162/162
f 163/163 160/160 156/156
f 163/163 159/159 160/160
f 61/61 164/164 162/162
f 165/165 159/159 163/163
f 163/163 162/162 165/165
f 164/164 165/165 162/162
f 159/159 165/165 157/157
f 160/160 105/105 156/156
f 166/166 105/105 160/160
f 167/167 105/105 166/166
f 106/106 105/105 167/167
f 158/158 166/166 160/160
f 166/166 158/158 168/168
f 167/167 166/166 168/168
f 168/168 158/158 169/169
f 169/169 158/158 161/161
f 169/169 161/161 170/170
f 161/161 171/171 170/170
f 172/172 169/169 170/170
f 173/173 167/167 168/168
f 168/168 169/169 174/174
f 174/174 169/169 172/172
f 161/161 157/157 175/175
f 175/175 171/171 161/161
f 176/176 157/157 165/165
f 176/176 165/165 164/164
f 157/157 176/176 177/177
f 175/175 157/157 177/177
f 178/178 171/171 175/175
f 171/171 178/178 179/179
f 170/170 171/171 180/180
f 170/170 180/180 172/172
f 181/181 172/172 180/180
f 182/182 174/174 181/181
f 181/181 174/174 172/172
f 181/181 183/183 182/182
f 183/183 184/184 182/182
f 179/179 180/180 171/171
f 179/179 183/183 180/180
f 183/183 181/181 180/180
f 185/185 183/183 179/179
f 183/183 185/185 184/184
f 104/104 106/106 113/113
f 186/186 187/187 173/173
f 186/186 174/174 188/188
f 189/189 186/186 188/188
f 190/190 187/187 186/186
f 189/189 190/190 186/186
f 182/182 191/191 188/188
f 192/192 191/191 182/182
f 188/188 191/191 193/193
f 194/194 191/191 192/192
f 167/167 187/187 106/106
f 187/187 167/167 173/173
f 168/168 186/186 173/173
f 103/103 117/117 195/195
f 186/186 168/168 174/174
f 182/182 188/188 174/174
f 182/182 184/184 192/192
f 176/176 196/196 177/177
f 177/177 178/178 175/175
f 197/197 179/179 178/178
f 197/197 185/185 179/179
f 185/185 197/197 198/198
f 198/198 199/199 185/185
f 199/199 184/184 185/185
f 200/200 199/199 198/198
f 184/184 199/199 201/201
f 201/201 199/199 200/200
f 192/192 184/184 201/201
f 200/200 202/202 201/201
f 203/203 121/121 120/120
f 203/203 120/120 111/111
f 114/114 204/204 111/111
f 204/204 114/114 205/205
f 112/112 205/205 114/114
f 206/206 121/121 207/207
f 206/206 208/208 121/121
f 207/207 209/209 206/206
f 204/204 210/210 111/111
f 210/210 203/203 111/111
f 203/203 207/207 121/121
f 207/207 203/203 210/210
f 204/204 211/211 210/210
f 211/211 207/207 210/210
f 211/211 212/212 207/207
f 213/213 205/205 112/112
f 213/213 214/214 205/205
f 211/211 204/204 205/205
f 214/214 211/211 205/205
f 215/215 211/211 214/214
f 118/118 208/208 123/123
f 118/118 121/121 208/208
f 207/207 212/212 209/209
f 211/211 215/215 212/212
f 216/216 209/209 212/212
f 217/217 155/155 154/154
f 218/218 217/217 154/154
f 219/219 150/150 155/155
f 220/220 214/214 213/213
f 213/213 221/221 220/220
f 214/214 220/220 215/215
f 215/215 220/220 222/222
f 220/220 221/221 223/223
f 223/223 224/224 220/220
f 222/222 220/220 224/224
f 222/222 224/224 225/225
f 225/225 224/224 223/223
f 212/212 215/215 226/226
f 212/212 226/226 216/216
f 226/226 215/215 227/227
f 222/222 227/227 215/215
f 222/222 228/228 227/227
f 229/229 225/225 223/223
f 229/229 230/230 225/225
f 230/230 229/229 231/231
f 225/225 232/232 222/222
f 232/232 228/228 222/222
f 228/228 232/232 233/233
f 230/230 232/232 225/225
f 230/230 231/231 234/234
f 231/231 235/235 234/234
f 236/236 237/237 238/238
f 113/113 106/106 221/221
f 239/239 117/117 150/150
f 112/112 113/113 213/213
f 240/240 187/187 190/190
f 106/106 187/187 221/221
f 193/193 190/190 189/189
f 189/189 188/188 193/193
f 194/194 193/193 191/191
f 113/113 221/221 213/213
f 241/241 221/221 187/187
f 240/240 241/241 187/187
f 193/193 240/240 190/190
f 239/239 195/195 117/117
f 242/242 195/195 239/239
f 223/223 221/221 241/241
f 241/241 229/229 223/223
f 241/241 240/240 229/229
f 219/219 239/239 150/150
f 193/193 243/243 240/240
f 194/194 243/243 193/193
f 244/244 243/243 194/194
f 245/245 240/240 243/243
f 245/245 243/243 246/246
f 240/240 245/245 231/231
f 246/246 247/247 245/245
f 231/231 245/245 247/247
f 244/244 194/194 248/248
f 247/247 246/246 249/249
f 250/250 247/247 249/249
f 243/243 251/251 246/246
f 243/243 244/244 251/251
f 252/252 249/249 246/246
f 253/253 251/251 244/244
f 254/254 249/249 252/252
f 253/253 244/244 255/255
f 248/248 255/255 244/244
f 255/255 248/248 201/201
f 257/257 249/249 254/254
f 253/253 255/255 256/256
f 194/194 192/192 248/248
f 192/192 201/201 248/248
f 201/201 237/237 255/255
f 202/202 258/258 201/201
f 259/259 195/195 242/242
f 259/259 242/242 260/260
f 231/231 229/229 240/240
f 235/235 231/231 247/247
f 250/250 235/235 247/247
f 256/256 250/250 249/249
f 261/261 250/250 256/256
f 256/256 255/255 261/261
f 261/261 236/236 250/250
f 261/261 255/255 237/237
f 250/250 236/236 235/235
f 261/261 237/237 236/236
f 258/258 237/237 201/201
f 123/123 262/262 263/263
f 264/264 265/265 266/266
f 267/267 266/266 268/268
f 269/269 270/270 271/271
f 272/272 262/262 270/270
f 272/272 263/263 262/262
f 269/269 272/272 270/270
f 273/273 274/274 263/263
f 274/274 275/275 267/267
f 266/266 267/267 275/275
f 273/273 275/275 274/274
f 264/264 276/276 277/277
f 275/275 278/278 266/266
f 279/279 264/264 266/266
f 279/279 266/266 278/278
f 280/280 281/281 282/282
f 282/282 283/283 280/280
f 269/269 284/284 272/272
f 285/285 284/284 269/269
f 284/284 273/273 272/272
f 271/271 286/286 269/269
f 263/263 272/272 273/273
f 286/286 271/271 283/283
f 282/282 286/286 283/283
f 287/287 281/281 288/288
f 288/288 289/289 287/287
f 290/290 284/284 285/285
f 285/285 291/291 290/290
f 284/284 290/290 292/292
f 292/292 293/293 284/284
f 291/291 294/294 290/290
f 293/293 292/292 295/295
f 292/292 290/290 294/294
f 296/296 297/297 291/291
f 286/286 285/285 269/269
f 282/282 296/296 286/286
f 285/285 286/286 291/291
f 296/296 291/291 286/286
f 273/273 298/298 275/275
f 293/293 298/298 273/273
f 299/299 298/298 293/293
f 299/299 278/278 275/275
f 275/275 298/298 299/299
f 284/284 293/293 273/273
f 293/293 295/295 300/300
f 300/300 299/299 293/293
f 296/296 282/282 301/301
f 281/281 301/301 282/282
f 302/302 303/303 281/281
f 303/303 301/301 281/281
f 304/304 305/305 306/306
f 307/307 131/131 308/308
f 307/307 133/133 131/131
f 131/131 128/128 308/308
f 125/125 130/130 309/309
f 218/218 153/153 310/310
f 154/154 153/153 218/218
f 127/127 308/308 128/128
f 265/265 127/127 268/268
f 127/127 126/126 268/268
f 127/127 265/265 308/308
f 133/133 307/307 311/311
f 133/133 311/311 313/313
f 311/311 307/307 314/314
f 314/314 316/316 311/311
f 313/313 311/311 316/316
f 315/315 317/317 312/312
f 308/308 314/314 307/307
f 314/314 308/308 318/318
f 318/318 319/319 314/314
f 319/319 318/318 322/322
f 314/314 319/319 316/316
f 323/323 324/324 325/325
f 326/326 325/325 324/324
f 327/327 315/315 320/320
f 317/317 315/315 327/327
f 317/317 328/328 329/329
f 317/317 327/327 328/328
f 330/330 323/323 329/329
f 323/323 330/330 324/324
f 326/326 331/331 310/310
f 133/133 313/313 134/134
f 134/134 313/313 142/142
f 329/329 332/332 147/147
f 143/143 141/141 329/329
f 147/147 143/143 329/329
f 141/141 312/312 333/333
f 141/141 333/333 317/317
f 326/326 145/145 147/147
f 332/332 325/325 147/147
f 147/147 325/325 326/326
f 145/145 326/326 310/310
f 317/317 329/329 141/141
f 333/333 312/312 317/317
f 329/329 323/323 332/332
f 325/325 332/332 323/323
f 153/153 145/145 310/310
f 334/334 308/308 277/277
f 322/322 318/318 334/334
f 335/335 321/321 336/336
f 308/308 334/334 318/318
f 324/324 337/337 326/326
f 320/320 321/321 335/335
f 328/328 320/320 335/335
f 335/335 338/338 328/328
f 328/328 327/327 320/320
f 338/338 329/329 328/328
f 339/339 329/329 338/338
f 339/339 330/330 329/329
f 338/338 335/335 336/336
f 322/322 334/334 340/340
f 336/336 321/321 341/341
f 338/338 336/336 342/342
f 338/338 342/342 339/339
f 336/336 341/341 343/343
f 342/342 336/336 343/343
f 206/206 344/344 208/208
f 208/208 344/344 345/345
f 344/344 206/206 346/346
f 346/346 206/206 209/209
f 208/208 345/345 262/262
f 123/123 208/208 262/262
f 309/309 268/268 125/125
f 209/209 216/216 346/346
f 345/345 344/344 262/262
f 344/344 271/271 270/270
f 271/271 344/344 346/346
f 346/346 283/283 271/271
f 347/347 346/346 216/216
f 348/348 347/347 216/216
f 347/347 283/283 346/346
f 155/155 217/217 219/219
f 219/219 217/217 349/349
f 349/349 217/217 350/350
f 218/218 350/350 217/217
f 216/216 226/226 348/348
f 226/226 227/227 348/348
f 227/227 228/228 348/348
f 228/228 351/351 348/348
f 219/219 349/349 239/239
f 267/267 268/268 309/309
f 309/309 130/130 267/267
f 126/126 125/125 268/268
f 270/270 262/262 344/344
f 280/280 283/283 347/347
f 352/352 347/347 348/348
f 352/352 280/280 347/347
f 130/130 123/123 274/274
f 274/274 267/267 130/130
f 305/305 350/350 353/353
f 304/304 349/349 305/305
f 310/310 354/354 218/218
f 350/350 218/218 353/353
f 310/310 331/331 354/354
f 353/353 218/218 354/354
f 305/305 349/349 350/350
f 351/351 355/355 348/348
f 351/351 228/228 233/233
f 356/356 351/351 233/233
f 230/230 233/233 232/232
f 356/356 233/233 230/230
f 230/230 234/234 357/357
f 230/230 357/357 356/356
f 358/358 355/355 356/356
f 358/358 356/356 357/357
f 359/359 358/358 357/357
f 351/351 356/356 355/355
f 360/360 355/355 358/358
f 234/234 359/359 357/357
f 361/361 234/234 362/362
f 235/235 362/362 234/234
f 235/235 236/236 238/238
f 362/362 235/235 238/238
f 238/238 361/361 362/362
f 363/363 361/361 238/238
f 237/237 364/364 238/238
f 364/364 237/237 365/365
f 364/364 363/363 238/238
f 359/359 234/234 366/366
f 366/366 358/358 359/359
f 360/360 358/358 366/366
f 366/366 234/234 367/367
f 361/361 367/367 234/234
f 363/363 368/368 361/361
f 242/242 239/239 369/369
f 288/288 355/355 360/360
f 288/288 348/348 355/355
f 348/348 288/288 352/352
f 367/367 370/370 371/371
f 366/366 367/367 371/371
f 372/372 370/370 367/367
f 373/373 360/360 366/366
f 373/373 366/366 371/371
f 367/367 361/361 372/372
f 368/368 372/372 361/361
f 364/364 368/368 363/363
f 369/369 239/239 349/349
f 265/265 268/268 266/266
f 264/264 308/308 265/265
f 277/277 308/308 264/264
f 337/337 331/331 326/326
f 263/263 274/274 123/123
f 305/305 353/353 374/374
f 374/374 353/353 354/354
f 334/334 277/277 276/276
f 330/330 375/375 324/324
f 339/339 375/375 330/330
f 331/331 376/376 354/354
f 376/376 374/374 354/354
f 280/280 352/352 281/281
f 281/281 352/352 288/288
f 369/369 349/349 304/304
f 288/288 360/360 289/289
f 369/369 304/304 377/377
f 343/343 378/378 380/380
f 343/343 380/380 381/381
f 379/379 276/276 382/382
f 380/380 378/378 383/383
f 384/384 385/385 386/386
f 264/264 387/387 276/276
f 279/279 387/387 264/264
f 388/388 279/279 278/278
f 389/389 279/279 388/388
f 389/389 387/387 279/279
f 376/376 331/331 390/390
f 387/387 389/389 391/391
f 391/391 276/276 387/387
f 392/392 376/376 390/390
f 393/393 391/391 394/394
f 393/393 395/395 391/391
f 396/396 397/397 393/393
f 393/393 398/398 395/395
f 397/397 398/398 393/393
f 397/397 396/396 399/399
f 380/380 383/383 381/381
f 386/386 385/385 381/381
f 384/384 386/386 400/400
f 384/384 400/400 401/401
f 375/375 402/402 324/324
f 381/381 383/383 403/403
f 386/386 381/381 403/403
f 391/391 382/382 276/276
f 392/392 390/390 404/404
f 395/395 382/382 391/391
f 402/402 390/390 324/324
f 401/401 402/402 375/375
f 398/398 382/382 395/395
f 398/398 406/406 382/382
f 383/383 405/405 403/403
f 403/403 405/405 407/407
f 408/408 403/403 407/407
f 408/408 407/407 409/409
f 410/410 404/404 411/411
f 411/411 404/404 412/412
f 411/411 413/413 414/414
f 410/410 411/411 414/414
f 400/400 415/415 401/401
f 402/402 401/401 415/415
f 400/400 386/386 408/408
f 386/386 403/403 408/408
f 400/400 408/408 416/416
f 416/416 415/415 400/400
f 402/402 412/412 404/404
f 402/402 415/415 412/412
f 404/404 390/390 402/402
f 295/295 417/417 300/300
f 417/417 418/418 300/300
f 418/418 417/417 419/419
f 388/388 394/394 389/389
f 394/394 391/391 389/389
f 420/420 394/394 388/388
f 421/421 418/418 419/419
f 421/421 422/422 418/418
f 422/422 420/420 388/388
f 422/422 388/388 418/418
f 423/423 420/420 422/422
f 424/424 423/423 422/422
f 425/425 426/426 294/294
f 295/295 426/426 427/427
f 425/425 427/427 426/426
f 425/425 428/428 427/427
f 429/429 425/425 297/297
f 430/430 425/425 429/429
f 430/430 429/429 431/431
f 425/425 294/294 291/291
f 425/425 291/291 297/297
f 432/432 297/297 296/296
f 296/296 301/301 432/432
f 426/426 295/295 292/292
f 292/292 294/294 426/426
f 433/433 295/295 427/427
f 295/295 419/419 417/417
f 301/301 303/303 434/434
f 434/434 431/431 432/432
f 429/429 297/297 432/432
f 431/431 429/429 432/432
f 435/435 436/436 431/431
f 301/301 434/434 432/432
f 434/434 435/435 431/431
f 435/435 434/434 437/437
f 303/303 437/437 434/434
f 436/436 435/435 437/437
f 433/433 427/427 428/428
f 438/438 428/428 439/439
f 438/438 439/439 440/440
f 441/441 428/428 425/425
f 428/428 441/441 439/439
f 425/425 430/430 441/441
f 442/442 439/439 441/441
f 439/439 443/443 440/440
f 442/442 441/441 430/430
f 443/443 439/439 442/442
f 444/444 442/442 430/430
f 443/443 442/442 445/445
f 419/419 295/295 433/433
f 433/433 421/421 419/419
f 433/433 438/438 446/446
f 446/446 422/422 421/421
f 421/421 433/433 446/446
f 438/438 433/433 428/428
f 440/440 446/446 438/438
f 440/440 447/447 446/446
f 446/446 424/424 422/422
f 446/446 448/448 424/424
f 448/448 449/449 424/424
f 449/449 448/448 450/450
f 448/448 446/446 451/451
f 446/446 447/447 451/451
f 450/450 448/448 451/451
f 431/431 436/436 430/430
f 430/430 436/436 444/444
f 443/443 452/452 440/440
f 445/445 452/452 443/443
f 440/440 452/452 447/447
f 451/451 447/447 452/452
f 451/451 452/452 453/453
f 451/451 454/454 450/450
f 454/454 451/451 453/453
f 299/299 418/418 278/278
f 278/278 418/418 388/388
f 300/300 418/418 299/299
f 374/374 455/455 305/305
f 456/456 455/455 374/374
f 456/456 457/457 458/458
f 456/456 458/458 455/455
f 457/457 456/456 459/459
f 459/459 460/460 457/457
f 376/376 456/456 374/374
f 456/456 376/376 392/392
f 455/455 306/306 305/305
f 306/306 455/455 458/458
f 306/306 458/458 461/461
f 462/462 457/457 460/460
f 461/461 458/458 457/457
f 457/457 462/462 461/461
f 461/461 463/463 306/306
f 461/461 464/464 463/463
f 465/465 463/463 464/464
f 464/464 461/461 462/462
f 462/462 466/466 464/464
f 423/423 467/467 420/420
f 420/420 393/393 394/394
f 467/467 393/393 420/420
f 393/393 467/467 396/396
f 449/449 423/423 424/424
f 423/423 449/449 468/468
f 467/467 423/423 468/468
f 469/469 470/470 468/468
f 468/468 449/449 469/469
f 467/467 468/468 396/396
f 470/470 396/396 468/468
f 399/399 396/396 470/470
f 470/470 471/471 399/399
f 469/469 471/471 470/470
f 472/472 471/471 469/469
f 473/473 450/450 454/454
f 449/449 450/450 473/473
f 473/473 469/469 449/449
f 474/474 469/469 473/473
f 474/474 472/472 469/469
f 475/475 456/456 392/392
f 392/392 404/404 410/410
f 392/392 410/410 475/475
f 459/459 456/456 475/475
f 475/475 460/460 459/459
f 476/476 460/460 475/475
f 477/477 476/476 478/478
f 479/479 477/477 478/478
f 414/414 476/476 410/410
f 475/475 410/410 476/476
f 414/414 480/480 476/476
f 481/481 480/480 414/414
f 481/481 482/482 480/480
f 478/478 476/476 480/480
f 480/480 479/479 478/478
f 482/482 479/479 480/480
f 482/482 483/483 479/479
f 460/460 477/477 462/462
f 477/477 460/460 476/476
f 466/466 462/462 477/477
f 484/484 466/466 477/477
f 484/484 477/477 479/479
f 479/479 485/485 484/484
f 484/484 486/486 466/466
f 484/484 485/485 486/486
f 474/474 487/487 472/472
f 472/472 487/487 488/488
f 479/479 483/483 485/485
f 489/489 397/397 491/491
f 491/491 397/397 399/399
f 491/491 399/399 492/492
f 399/399 493/493 492/492
f 494/494 492/492 493/493
f 489/489 406/406 398/398
f 405/405 490/490 495/495
f 397/397 489/489 398/398
f 407/407 405/405 495/495
f 495/495 409/409 407/407
f 496/496 495/495 490/490
f 495/495 498/498 409/409
f 496/496 498/498 495/495
f 408/408 409/409 499/499
f 408/408 499/499 416/416
f 500/500 415/415 416/416
f 412/412 415/415 500/500
f 500/500 416/416 501/501
f 499/499 409/409 498/498
f 499/499 498/498 502/502
f 416/416 499/499 503/503
f 501/501 416/416 503/503
f 502/502 503/503 499/499
f 489/489 491/491 504/504
f 504/504 497/497 489/489
f 411/411 412/412 413/413
f 413/413 412/412 500/500
f 413/413 500/500 501/501
f 481/481 413/413 501/501
f 481/481 414/414 413/413
f 505/505 501/501 506/506
f 481/481 501/501 505/505
f 507/507 481/481 505/505
f 492/492 504/504 491/491
f 496/496 508/508 498/498
f 504/504 510/510 497/497
f 509/509 497/497 510/510
f 492/492 511/511 504/504
f 510/510 504/504 511/511
f 512/512 510/510 511/511
f 492/492 494/494 511/511
f 509/509 510/510 512/512
f 502/502 498/498 508/508
f 502/502 508/508 506/506
f 506/506 503/503 502/502
f 509/509 512/512 513/513
f 515/515 506/506 508/508
f 514/514 509/509 513/513
f 501/501 503/503 506/506
f 471/471 493/493 399/399
f 472/472 493/493 471/471
f 493/493 516/516 494/494
f 516/516 493/493 472/472
f 482/482 481/481 507/507
f 517/517 482/482 507/507
f 519/519 507/507 505/505
f 512/512 511/511 520/520
f 520/520 511/511 494/494
f 520/520 494/494 516/516
f 512/512 520/520 521/521
f 522/522 520/520 516/516
f 521/521 520/520 522/522
f 523/523 522/522 516/516
f 513/513 512/512 521/521
f 506/506 519/519 505/505
f 519/519 506/506 515/515
f 513/513 524/524 514/514
f 524/524 518/518 514/514
f 513/513 521/521 524/524
f 521/521 525/525 524/524
f 472/472 523/523 516/516
f 522/522 526/526 521/521
f 525/525 521/521 526/526
f 526/526 522/522 527/527
f 523/523 527/527 522/522
f 507/507 519/519 517/517
f 482/482 528/528 483/483
f 528/528 482/482 517/517
f 529/529 517/517 519/519
f 517/517 529/529 528/528
f 529/529 519/519 530/530
f 531/531 518/518 532/532
f 525/525 532/532 524/524
f 524/524 532/532 518/518
f 472/472 488/488 523/523
f 523/523 488/488 533/533
f 523/523 533/533 527/527
f 534/534 527/527 533/533
f 526/526 527/527 534/534
f 532/532 526/526 534/534
f 525/525 526/526 532/532
f 535/535 534/534 533/533
f 534/534 536/536 532/532
f 334/334 276/276 340/340
f 340/340 276/276 379/379
f 339/339 342/342 537/537
f 339/339 537/537 375/375
f 378/378 343/343 341/341
f 342/342 343/343 385/385
f 537/537 342/342 385/385
f 331/331 337/337 390/390
f 390/390 337/337 324/324
f 385/385 343/343 381/381
f 537/537 385/385 384/384
f 401/401 537/537 384/384
f 375/375 537/537 401/401
f 528/528 538/538 483/483
f 538/538 528/528 529/529
f 529/529 530/530 540/540
f 532/532 539/539 531/531
f 532/532 541/541 539/539
f 542/542 202/202 200/200
f 543/543 544/544 545/545
f 543/543 546/546 544/544
f 545/545 547/547 548/548
f 202/202 542/542 549/549
f 550/550 546/546 543/543
f 549/549 542/542 546/546
f 550/550 543/543 545/545
f 548/548 550/550 545/545
f 548/548 547/547 551/551
f 552/552 549/549 546/546
f 552/552 546/546 550/550
f 237/237 258/258 365/365
f 549/549 552/552 553/553
f 551/551 554/554 555/555
f 548/548 556/556 550/550
f 551/551 557/557 548/548
f 557/557 558/558 548/548
f 551/551 555/555 557/557
f 559/559 555/555 560/560
f 560/560 561/561 562/562
f 562/562 559/559 560/560
f 563/563 562/562 564/564
f 563/563 564/564 565/565
f 563/563 566/566 562/562
f 559/559 562/562 566/566
f 552/552 567/567 553/553
f 568/568 553/553 567/567
f 556/556 568/568 567/567
f 569/569 570/570 558/558
f 556/556 567/567 550/550
f 567/567 552/552 550/550
f 558/558 556/556 548/548
f 569/569 558/558 557/557
f 569/569 557/557 571/571
f 555/555 571/571 557/557
f 571/571 570/570 569/569
f 555/555 559/559 571/571
f 572/572 573/573 574/574
f 574/574 573/573 575/575
f 566/566 563/563 565/565
f 576/576 577/577 578/578
f 572/572 576/576 578/578
f 575/575 579/579 574/574
f 580/580 289/289 581/581
f 581/581 582/582 583/583
f 580/580 581/581 583/583
f 584/584 585/585 289/289
f 287/287 289/289 585/585
f 586/586 287/287 585/585
f 289/289 580/580 584/584
f 587/587 584/584 580/580
f 588/588 583/583 589/589
f 588/588 580/580 583/583
f 582/582 589/589 583/583
f 590/590 589/589 582/582
f 587/587 591/591 584/584
f 580/580 588/588 587/587
f 587/587 592/592 591/591
f 591/591 585/585 584/584
f 591/591 586/586 585/585
f 591/591 592/592 586/586
f 281/281 593/593 302/302
f 281/281 287/287 593/593
f 586/586 593/593 287/287
f 594/594 595/595 589/589
f 588/588 589/589 595/595
f 587/587 588/588 596/596
f 597/597 592/592 596/596
f 596/596 592/592 587/587
f 598/598 593/593 586/586
f 598/598 586/586 592/592
f 598/598 592/592 597/597
f 599/599 588/588 595/595
f 600/600 597/597 596/596
f 302/302 593/593 601/601
f 602/602 302/302 601/601
f 372/372 368/368 603/603
f 368/368 604/604 603/603
f 368/368 364/364 365/365
f 604/604 368/368 605/605
f 365/365 605/605 368/368
f 604/604 605/605 365/365
f 606/606 242/242 369/369
f 607/607 604/604 365/365
f 549/549 608/608 607/607
f 549/549 609/609 608/608
f 610/610 608/608 609/609
f 611/611 242/242 606/606
f 568/568 610/610 609/609
f 610/610 568/568 612/612
f 570/570 613/613 614/614
f 615/615 608/608 610/610
f 614/614 612/612 568/568
f 365/365 258/258 607/607
f 258/258 202/202 607/607
f 242/242 611/611 260/260
f 607/607 202/202 549/549
f 553/553 609/609 549/549
f 609/609 553/553 568/568
f 568/568 556/556 614/614
f 614/614 556/556 558/558
f 570/570 614/614 558/558
f 616/616 570/570 571/571
f 616/616 571/571 559/559
f 617/617 260/260 611/611
f 616/616 613/613 570/570
f 371/371 370/370 373/373
f 370/370 618/618 373/373
f 372/372 619/619 370/370
f 581/581 373/373 618/618
f 360/360 373/373 581/581
f 603/603 619/619 372/372
f 619/619 603/603 620/620
f 360/360 581/581 289/289
f 582/582 618/618 370/370
f 619/619 582/582 370/370
f 619/619 590/590 582/582
f 581/581 618/618 582/582
f 590/590 619/619 620/620
f 620/620 594/594 590/590
f 594/594 620/620 621/621
f 620/620 604/604 621/621
f 594/594 621/621 622/622
f 603/603 604/604 620/620
f 606/606 369/369 377/377
f 590/590 594/594 589/589
f 594/594 599/599 595/595
f 588/588 599/599 596/596
f 600/600 596/596 599/599
f 599/599 623/623 600/600
f 621/621 604/604 624/624
f 599/599 594/594 622/622
f 623/623 599/599 625/625
f 599/599 622/622 625/625
f 626/626 600/600 623/623
f 623/623 625/625 626/626
f 624/624 627/627 621/621
f 628/628 622/622 621/621
f 625/625 622/622 628/628
f 627/627 628/628 621/621
f 627/627 629/629 628/628
f 630/630 626/626 625/625
f 631/631 626/626 630/630
f 628/628 632/632 625/625
f 625/625 632/632 630/630
f 633/633 626/626 631/631
f 604/604 607/607 624/624
f 634/634 606/606 377/377
f 615/615 624/624 607/607
f 607/607 608/608 615/615
f 615/615 629/629 624/624
f 635/635 615/615 610/610
f 612/612 635/635 610/610
f 627/627 624/624 629/629
f 629/629 615/615 636/636
f 629/629 636/636 628/628
f 615/615 635/635 636/636
f 628/628 636/636 637/637
f 632/632 628/628 637/637
f 611/611 606/606 634/634
f 638/638 597/597 600/600
f 639/639 601/601 593/593
f 639/639 593/593 598/598
f 598/598 597/597 638/638
f 600/600 626/626 638/638
f 639/639 598/598 638/638
f 633/633 638/638 626/626
f 633/633 639/639 638/638
f 640/640 641/641 602/602
f 602/602 642/642 640/640
f 642/642 602/602 601/601
f 643/643 613/613 616/616
f 644/644 643/643 616/616
f 645/645 616/616 559/559
f 565/565 646/646 566/566
f 646/646 647/647 566/566
f 647/647 645/645 566/566
f 616/616 645/645 648/648
f 565/565 577/577 646/646
f 646/646 577/577 576/576
f 572/572 649/649 576/576
f 572/572 650/650 649/649
f 651/651 650/650 574/574
f 559/559 566/566 645/645
f 617/617 652/652 260/260
f 652/652 617/617 653/653
f 574/574 650/650 572/572
f 654/654 574/574 579/579
f 579/579 575/575 654/654
f 655/655 654/654 575/575
f 656/656 574/574 654/654
f 656/656 651/651 574/574
f 657/657 656/656 654/654
f 654/654 658/658 657/657
f 653/653 659/659 660/660
f 658/658 654/654 655/655
f 659/659 661/661 660/660
f 648/648 644/644 616/616
f 645/645 662/662 648/648
f 647/647 646/646 662/662
f 646/646 576/576 663/663
f 663/663 576/576 649/649
f 664/664 663/663 649/649
f 650/650 664/664 649/649
f 647/647 662/662 645/645
f 646/646 663/663 665/665
f 666/666 653/653 617/617
f 655/655 667/667 658/658
f 650/650 651/651 668/668
f 664/664 665/665 663/663
f 656/656 668/668 651/651
f 657/657 669/669 656/656
f 669/669 668/668 656/656
f 657/657 658/658 669/669
f 670/670 658/658 667/667
f 671/671 670/670 667/667
f 671/671 672/672 670/670
f 673/673 672/672 671/671
f 632/632 674/674 630/630
f 637/637 674/674 632/632
f 631/631 630/630 674/674
f 612/612 614/614 675/675
f 676/676 612/612 675/675
f 677/677 675/675 614/614
f 678/678 614/614 613/613
f 677/677 614/614 678/678
f 643/643 678/678 613/613
f 612/612 676/676 635/635
f 676/676 636/636 635/635
f 676/676 637/637 636/636
f 676/676 674/674 637/637
f 677/677 679/679 675/675
f 679/679 676/676 675/675
f 679/679 674/674 676/676
f 674/674 679/679 631/631
f 680/680 631/631 679/679
f 677/677 680/680 679/679
f 631/631 681/681 633/633
f 681/681 682/682 633/633
f 677/677 683/683 680/680
f 684/684 680/680 683/683
f 678/678 643/643 683/683
f 683/683 677/677 678/678
f 683/683 643/643 685/685
f 684/684 631/631 680/680
f 684/684 681/681 631/631
f 682/682 681/681 684/684
f 684/684 683/683 682/682
f 683/683 685/685 682/682
f 686/686 648/648 662/662
f 686/686 687/687 648/648
f 687/687 682/682 685/685
f 644/644 685/685 643/643
f 685/685 644/644 687/687
f 644/644 648/648 687/687
f 633/633 688/688 639/639
f 601/601 639/639 688/688
f 687/687 642/642 601/601
f 689/689 690/690 691/691
f 689/689 692/692 690/690
f 640/640 693/693 691/691
f 682/682 688/688 633/633
f 687/687 688/688 682/682
f 688/688 687/687 601/601
f 694/694 377/377 695/695
f 634/634 377/377 694/694
f 694/694 696/696 634/634
f 665/665 697/697 646/646
f 662/662 646/646 697/697
f 697/697 686/686 662/662
f 698/698 665/665 664/664
f 650/650 699/699 664/664
f 668/668 699/699 650/650
f 664/664 699/699 698/698
f 699/699 668/668 700/700
f 701/701 692/692 689/689
f 692/692 701/701 702/702
f 693/693 689/689 691/691
f 701/701 703/703 702/702
f 693/693 640/640 704/704
f 689/689 705/705 701/701
f 703/703 701/701 705/705
f 706/706 693/693 707/707
f 705/705 708/708 703/703
f 706/706 689/689 693/693
f 689/689 706/706 709/709
f 689/689 709/709 705/705
f 705/705 710/710 708/708
f 711/711 703/703 708/708
f 712/712 711/711 708/708
f 705/705 709/709 710/710
f 708/708 710/710 713/713
f 712/712 708/708 713/713
f 686/686 714/714 687/687
f 687/687 714/714 642/642
f 715/715 714/714 686/686
f 686/686 697/697 715/715
f 716/716 697/697 665/665
f 697/697 717/717 715/715
f 716/716 717/717 697/697
f 642/642 718/718 640/640
f 718/718 704/704 640/640
f 714/714 718/718 642/642
f 714/714 719/719 718/718
f 719/719 707/707 718/718
f 718/718 693/693 704/704
f 707/707 693/693 718/718
f 707/707 719/719 720/720
f 716/716 709/709 720/720
f 720/720 715/715 717/717
f 720/720 719/719 715/715
f 720/720 717/717 716/716
f 706/706 707/707 720/720
f 706/706 720/720 709/709
f 715/715 719/719 714/714
f 696/696 721/721 634/634
f 696/696 694/694 722/722
f 696/696 723/723 721/721
f 723/723 696/696 722/722
f 724/724 716/716 665/665
f 665/665 698/698 724/724
f 724/724 698/698 725/725
f 725/725 698/698 699/699
f 699/699 726/726 725/725
f 726/726 699/699 700/700
f 727/727 726/726 700/700
f 724/724 728/728 716/716
f 716/716 728/728 709/709
f 709/709 728/728 710/710
f 728/728 729/729 710/710
f 730/730 724/724 725/725
f 730/730 728/728 724/724
f 729/729 728/728 730/730
f 731/731 725/725 726/726
f 731/731 730/730 725/725
f 731/731 732/732 730/730
f 729/729 713/713 710/710
f 733/733 713/713 729/729
f 733/733 712/712 713/713
f 729/729 730/730 732/732
f 732/732 733/733 729/729
f 734/734 712/712 733/733
f 735/735 733/733 732/732
f 732/732 731/731 735/735
f 734/734 733/733 735/735
f 736/736 734/734 735/735
f 726/726 727/727 737/737
f 737/737 731/731 726/726
f 738/738 737/737 727/727
f 739/739 731/731 737/737
f 739/739 735/735 731/731
f 735/735 739/739 736/736
f 739/739 737/737 738/738
f 738/738 736/736 739/739
f 740/740 736/736 738/738
f 741/741 738/738 742/742
f 738/738 741/741 740/740
f 611/611 666/666 617/617
f 666/666 611/611 634/634
f 669/669 700/700 668/668
f 666/666 743/743 653/653
f 669/669 658/658 744/744
f 670/670 744/744 658/658
f 727/727 700/700 669/669
f 744/744 727/727 669/669
f 745/745 744/744 670/670
f 743/743 659/659 653/653
f 659/659 746/746 661/661
f 747/747 661/661 746/746
f 672/672 748/748 670/670
f 673/673 748/748 672/672
f 748/748 745/745 670/670
f 673/673 749/749 748/748
f 750/750 747/747 746/746
f 634/634 721/721 666/666
f 751/751 743/743 666/666
f 751/751 659/659 743/743
f 666/666 721/721 751/751
f 721/721 752/752 751/751
f 753/753 751/751 752/752
f 659/659 751/751 753/753
f 723/723 752/752 721/721
f 727/727 744/744 738/738
f 744/744 742/742 738/738
f 659/659 753/753 754/754
f 755/755 753/753 752/752
f 755/755 752/752 723/723
f 755/755 723/723 756/756
f 746/746 659/659 754/754
f 754/754 757/757 746/746
f 750/750 746/746 757/757
f 444/444 436/436 758/758
f 758/758 759/759 444/444
f 758/758 436/436 437/437
f 760/760 758/758 437/437
f 444/444 761/761 442/442
f 445/445 442/442 761/761
f 444/444 759/759 761/761
f 762/762 445/445 761/761
f 762/762 763/763 445/445
f 445/445 763/763 452/452
f 452/452 763/763 453/453
f 764/764 454/454 453/453
f 453/453 763/763 765/765
f 762/762 761/761 759/759
f 763/763 762/762 765/765
f 759/759 766/766 762/762
f 765/765 762/762 766/766
f 303/303 760/760 437/437
f 302/302 760/760 303/303
f 377/377 304/304 767/767
f 767/767 304/304 306/306
f 453/453 765/765 764/764
f 767/767 306/306 463/463
f 767/767 463/463 465/465
f 768/768 465/465 464/464
f 486/486 768/768 466/466
f 466/466 768/768 464/464
f 769/769 759/759 758/758
f 770/770 766/766 759/759
f 766/766 770/770 702/702
f 760/760 769/769 758/758
f 760/760 302/302 602/602
f 641/641 760/760 602/602
f 764/764 765/765 771/771
f 764/764 772/772 773/773
f 773/773 473/473 454/454
f 773/773 474/474 473/473
f 773/773 454/454 764/764
f 774/774 487/487 474/474
f 487/487 775/775 488/488
f 487/487 774/774 775/775
f 776/776 474/474 773/773
f 776/776 774/774 474/474
f 777/777 775/775 774/774
f 641/641 769/769 760/760
f 759/759 769/769 691/691
f 759/759 691/691 690/690
f 690/690 770/770 759/759
f 641/641 691/691 769/769
f 778/778 771/771 702/702
f 765/765 766/766 702/702
f 765/765 702/702 771/771
f 772/772 764/764 771/771
f 773/773 772/772 779/779
f 779/779 776/776 773/773
f 640/640 691/691 641/641
f 780/780 770/770 690/690
f 702/702 770/770 780/780
f 781/781 771/771 778/778
f 702/702 782/782 778/778
f 771/771 781/781 772/772
f 772/772 781/781 783/783
f 776/776 777/777 774/774
f 535/535 533/533 488/488
f 536/536 534/534 535/535
f 784/784 465/465 768/768
f 768/768 486/486 784/784
f 483/483 538/538 785/785
f 786/786 538/538 540/540
f 485/485 483/483 785/785
f 788/788 486/486 485/485
f 485/485 785/785 788/788
f 777/777 789/789 775/775
f 789/789 488/488 775/775
f 790/790 488/488 789/789
f 785/785 538/538 791/791
f 791/791 538/538 786/786
f 792/792 787/787 541/541
f 791/791 786/786 793/793
f 695/695 377/377 767/767
f 695/695 767/767 465/465
f 695/695 465/465 784/784
f 794/794 784/784 486/486
f 795/795 486/486 788/788
f 781/781 778/778 782/782
f 783/783 779/779 772/772
f 796/796 779/779 783/783
f 795/795 794/794 486/486
f 794/794 795/795 797/797
f 788/788 785/785 798/798
f 789/789 777/777 799/799
f 798/798 785/785 791/791
f 790/790 789/789 799/799
f 790/790 799/799 800/800
f 800/800 801/801 790/790
f 792/792 801/801 802/802
f 802/802 801/801 800/800
f 777/777 776/776 803/803
f 779/779 803/803 776/776
f 800/800 799/799 804/804
f 777/777 804/804 799/799
f 805/805 798/798 791/791
f 791/791 793/793 805/805
f 793/793 807/807 805/805
f 792/792 806/806 787/787
f 808/808 792/792 802/802
f 800/800 804/804 809/809
f 802/802 800/800 809/809
f 808/808 802/802 809/809
f 807/807 793/793 786/786
f 806/806 792/792 808/808
f 804/804 810/810 809/809
f 809/809 810/810 811/811
f 808/808 809/809 811/811
f 529/529 540/540 538/538
f 532/532 536/536 541/541
f 535/535 790/790 536/536
f 790/790 535/535 488/488
f 541/541 536/536 801/801
f 536/536 790/790 801/801
f 541/541 787/787 539/539
f 801/801 792/792 541/541
f 781/781 782/782 812/812
f 783/783 781/781 812/812
f 813/813 812/812 782/782
f 796/796 783/783 812/812
f 782/782 702/702 813/813
f 780/780 690/690 692/692
f 702/702 780/780 692/692
f 702/702 814/814 813/813
f 812/812 813/813 814/814
f 779/779 796/796 815/815
f 803/803 779/779 815/815
f 784/784 694/694 695/695
f 795/795 816/816 797/797
f 795/795 788/788 816/816
f 794/794 797/797 784/784
f 815/815 817/817 803/803
f 816/816 788/788 818/818
f 804/804 777/777 803/803
f 798/798 805/805 818/818
f 788/788 798/798 818/818
f 803/803 819/819 804/804
f 803/803 820/820 819/819
f 821/821 818/818 805/805
f 819/819 810/810 804/804
f 811/811 822/822 808/808
f 811/811 810/810 823/823
f 823/823 810/810 819/819
f 822/822 806/806 808/808
f 822/822 811/811 823/823
f 823/823 819/819 824/824
f 822/822 823/823 825/825
f 806/806 822/822 826/826
f 828/828 805/805 807/807
f 817/817 820/820 803/803
f 805/805 828/828 821/821
f 823/823 824/824 829/829
f 825/825 823/823 829/829
f 826/826 822/822 825/825
f 826/826 825/825 830/830
f 829/829 830/830 825/825
f 824/824 819/819 820/820
f 820/820 829/829 824/824
f 831/831 814/814 702/702
f 832/832 812/812 814/814
f 814/814 831/831 833/833
f 702/702 703/703 831/831
f 831/831 703/703 711/711
f 833/833 831/831 711/711
f 833/833 832/832 814/814
f 834/834 796/796 812/812
f 711/711 835/835 833/833
f 712/712 835/835 711/711
f 833/833 835/835 832/832
f 812/812 832/832 834/834
f 832/832 836/836 834/834
f 722/722 694/694 784/784
f 784/784 797/797 837/837
f 722/722 784/784 837/837
f 838/838 837/837 797/797
f 756/756 723/723 722/722
f 756/756 722/722 839/839
f 837/837 839/839 722/722
f 837/837 838/838 839/839
f 834/834 815/815 796/796
f 840/840 817/817 815/815
f 838/838 797/797 816/816
f 835/835 712/712 734/734
f 841/841 835/835 734/734
f 841/841 836/836 835/835
f 836/836 832/832 835/835
f 736/736 841/841 734/734
f 836/836 842/842 834/834
f 836/836 841/841 843/843
f 736/736 843/843 841/841
f 844/844 842/842 836/836
f 842/842 845/845 834/834
f 740/740 843/843 736/736
f 846/846 843/843 740/740
f 836/836 843/843 844/844
f 846/846 844/844 843/843
f 741/741 846/846 740/740
f 847/847 845/845 842/842
f 844/844 847/847 842/842
f 848/848 844/844 846/846
f 834/834 845/845 815/815
f 840/840 815/815 845/845
f 817/817 849/849 820/820
f 849/849 817/817 840/840
f 849/849 850/850 820/820
f 806/806 826/826 827/827
f 851/851 838/838 816/816
f 816/816 818/818 851/851
f 755/755 756/756 852/852
f 756/756 839/839 852/852
f 838/838 853/853 839/839
f 853/853 852/852 839/839
f 753/753 755/755 754/754
f 854/854 755/755 852/852
f 854/854 754/754 755/755
f 852/852 855/855 854/854
f 855/855 852/852 853/853
f 757/757 754/754 854/854
f 851/851 853/853 838/838
f 851/851 818/818 856/856
f 853/853 851/851 856/856
f 857/857 853/853 856/856
f 856/856 818/818 858/858
f 855/855 853/853 857/857
f 856/856 859/859 857/857
f 818/818 821/821 858/858
f 861/861 821/821 828/828
f 860/860 827/827 826/826
f 829/829 820/820 850/850
f 850/850 862/862 829/829
f 826/826 830/830 863/863
f 860/860 826/826 863/863
f 830/830 829/829 862/862
f 862/862 850/850 864/864
f 864/864 850/850 849/849
f 865/865 862/862 864/864
f 866/866 864/864 849/849
f 821/821 867/867 858/858
f 867/867 821/821 861/861
f 863/863 868/868 860/860
f 868/868 863/863 830/830
f 870/870 867/867 861/861
f 860/860 868/868 871/871
f 830/830 862/862 865/865
f 868/868 830/830 865/865
f 872/872 673/673 873/873
f 874/874 748/748 749/749
f 745/745 742/742 744/744
f 741/741 742/742 875/875
f 745/745 874/874 742/742
f 876/876 742/742 874/874
f 874/874 745/745 748/748
f 877/877 874/874 749/749
f 673/673 877/877 749/749
f 872/872 877/877 673/673
f 878/878 750/750 879/879
f 880/880 750/750 878/878
f 877/877 872/872 881/881
f 741/741 875/875 846/846
f 882/882 844/844 848/848
f 882/882 847/847 844/844
f 883/883 846/846 875/875
f 742/742 876/876 875/875
f 876/876 884/884 875/875
f 846/846 883/883 848/848
f 884/884 883/883 875/875
f 884/884 876/876 885/885
f 885/885 876/876 874/874
f 886/886 854/854 855/855
f 757/757 854/854 887/887
f 854/854 886/886 887/887
f 877/877 885/885 874/874
f 877/877 888/888 885/885
f 847/847 882/882 889/889
f 848/848 883/883 882/882
f 882/882 890/890 889/889
f 840/840 845/845 847/847
f 889/889 840/840 847/847
f 891/891 882/882 883/883
f 892/892 891/891 883/883
f 891/891 890/890 882/882
f 840/840 889/889 893/893
f 894/894 886/886 855/855
f 894/894 855/855 857/857
f 856/856 858/858 859/859
f 859/859 894/894 857/857
f 859/859 858/858 895/895
f 883/883 884/884 892/892
f 884/884 896/896 892/892
f 884/884 885/885 896/896
f 897/897 890/890 891/891
f 888/888 896/896 885/885
f 892/892 897/897 891/891
f 750/750 757/757 879/879
f 887/887 879/879 757/757
f 881/881 888/888 877/877
f 879/879 898/898 878/878
f 886/886 899/899 887/887
f 887/887 899/899 898/898
f 886/886 894/894 899/899
f 898/898 879/879 887/887
f 900/900 898/898 899/899
f 901/901 894/894 859/859
f 895/895 901/901 859/859
f 899/899 894/894 900/900
f 900/900 894/894 902/902
f 902/902 894/894 901/901
f 901/901 903/903 902/902
f 904/904 905/905 906/906
f 907/907 908/908 881/881
f 907/907 906/906 908/908
f 906/906 907/907 904/904
f 909/909 910/910 911/911
f 910/910 909/909 905/905
f 906/906 905/905 912/912
f 912/912 905/905 909/909
f 913/913 896/896 888/888
f 908/908 888/888 881/881
f 908/908 913/913 888/888
f 914/914 913/913 908/908
f 913/913 915/915 896/896
f 892/892 896/896 916/916
f 915/915 916/916 896/896
f 917/917 916/916 915/915
f 918/918 900/900 919/919
f 903/903 919/919 902/902
f 902/902 919/919 900/900
f 919/919 920/920 918/918
f 920/920 919/919 921/921
f 915/915 913/913 914/914
f 917/917 915/915 914/914
f 912/912 917/917 914/914
f 912/912 922/922 917/917
f 922/922 923/923 917/917
f 924/924 920/920 921/921
f 924/924 923/923 922/922
f 920/920 924/924 922/922
f 878/878 898/898 911/911
f 911/911 898/898 925/925
f 920/920 909/909 925/925
f 908/908 906/906 914/914
f 912/912 914/914 906/906
f 912/912 909/909 920/920
f 911/911 925/925 909/909
f 925/925 898/898 900/900
f 925/925 900/900 918/918
f 918/918 920/920 925/925
f 920/920 922/922 912/912
f 840/840 866/866 849/849
f 871/871 868/868 926/926
f 926/926 868/868 865/865
f 860/860 871/871 869/869
f 866/866 840/840 893/893
f 890/890 893/893 889/889
f 927/927 866/866 893/893
f 866/866 928/928 864/864
f 926/926 865/865 929/929
f 928/928 866/866 927/927
f 865/865 864/864 928/928
f 865/865 928/928 929/929
f 890/890 897/897 893/893
f 927/927 893/893 897/897
f 930/930 927/927 897/897
f 928/928 927/927 931/931
f 927/927 930/930 931/931
f 903/903 867/867 870/870
f 869/869 871/871 932/932
f 926/926 932/932 871/871
f 903/903 858/858 867/867
f 858/858 903/903 895/895
f 895/895 903/903 901/901
f 932/932 926/926 929/929
f 933/933 869/869 932/932
f 934/934 921/921 870/870
f 921/921 903/903 870/870
f 935/935 928/928 931/931
f 928/928 935/935 929/929
f 935/935 931/931 930/930
f 933/933 932/932 929/929
f 933/933 929/929 935/935
f 933/933 935/935 937/937
f 897/897 892/892 938/938
f 930/930 897/897 938/938
f 938/938 892/892 916/916
f 923/923 939/939 916/916
f 916/916 917/917 923/923
f 923/923 936/936 939/939
f 937/937 930/930 938/938
f 937/937 935/935 930/930
f 919/919 903/903 921/921
f 924/924 921/921 934/934
f 924/924 934/934 936/936
f 924/924 936/936 923/923
f 940/940 941/941 942/942
f 943/943 944/944 941/941
f 943/943 941/941 945/945
f 946/946 948/948 949/949
f 950/950 949/949 948/948
f 940/940 949/949 950/950
f 951/951 940/940 950/950
f 940/940 942/942 949/949
f 946/946 952/952 948/948
f 953/953 948/948 952/952
f 953/953 950/950 948/948
f 954/954 953/953 952/952
f 955/955 953/953 954/954
f 954/954 952/952 956/956
f 954/954 956/956 960/960
f 961/961 950/950 953/953
f 955/955 961/961 953/953
f 950/950 961/961 962/962
f 959/959 963/963 965/965
f 954/954 960/960 964/964
f 951/951 945/945 940/940
f 966/966 945/945 951/951
f 945/945 941/941 940/940
f 962/962 951/951 950/950
f 967/967 961/961 955/955
f 967/967 962/962 961/961
f 968/968 966/966 951/951
f 962/962 968/968 951/951
f 966/966 943/943 945/945
f 968/968 969/969 966/966
f 970/970 955/955 954/954
f 964/964 970/970 954/954
f 965/965 971/971 972/972
f 970/970 967/967 955/955
f 962/962 967/967 973/973
f 970/970 973/973 967/967
f 964/964 974/974 970/970
f 965/965 972/972 975/975
f 972/972 971/971 976/976
f 973/973 968/968 962/962
f 977/977 970/970 974/974
f 977/977 973/973 970/970
f 978/978 976/976 979/979
f 980/980 976/976 978/978
f 972/972 981/981 975/975
f 980/980 981/981 972/972
f 976/976 980/980 972/972
f 982/982 983/983 984/984
f 982/982 984/984 942/942
f 984/984 983/983 985/985
f 985/985 986/986 984/984
f 987/987 984/984 986/986
f 988/988 987/987 986/986
f 988/988 986/986 989/989
f 990/990 986/986 985/985
f 988/988 989/989 991/991
f 992/992 993/993 994/994
f 994/994 988/988 991/991
f 989/989 986/986 80/80
f 989/989 80/80 81/81
f 991/991 989/989 81/81
f 994/994 991/991 995/995
f 992/992 994/994 995/995
f 990/990 985/985 983/983
f 996/996 983/983 982/982
f 983/983 996/996 997/997
f 942/942 996/996 982/982
f 996/996 942/942 941/941
f 998/998 999/999 1000/1000
f 941/941 1001/1001 996/996
f 944/944 1001/1001 941/941
f 1002/1002 1003/1003 1004/1004
f 1005/1005 1006/1006 1003/1003
f 1000/1000 999/999 1005/1005
f 1006/1006 1004/1004 1003/1003
f 80/80 986/986 990/990
f 7/7 990/990 983/983
f 69/69 990/990 7/7
f 1008/1008 136/136 1010/1010
f 992/992 1007/1007 1009/1009
f 998/998 82/82 999/999
f 949/949 942/942 984/984
f 1011/1011 949/949 984/984
f 947/947 949/949 1011/1011
f 952/952 946/946 956/956
f 1011/1011 1012/1012 947/947
f 947/947 1012/1012 957/957
f 1011/1011 984/984 987/987
f 987/987 1013/1013 1011/1011
f 1012/1012 1011/1011 1013/1013
f 1013/1013 994/994 1012/1012
f 957/957 1012/1012 1014/1014
f 1014/1014 1012/1012 994/994
f 1015/1015 957/957 1014/1014
f 959/959 958/958 1016/1016
f 1016/1016 963/963 959/959
f 1016/1016 1010/1010 1017/1017
f 1017/1017 1018/1018 1019/1019
f 963/963 1017/1017 1019/1019
f 971/971 965/965 963/963
f 1019/1019 971/971 963/963
f 1017/1017 963/963 1016/1016
f 987/987 988/988 1013/1013
f 1013/1013 988/988 994/994
f 1014/1014 993/993 1015/1015
f 1015/1015 993/993 1009/1009
f 1014/1014 994/994 993/993
f 1009/1009 993/993 992/992
f 1017/1017 1010/1010 1000/1000
f 1020/1020 1017/1017 1000/1000
f 1018/1018 1020/1020 1003/1003
f 1018/1018 971/971 1019/1019
f 1021/1021 971/971 1018/1018
f 1020/1020 1018/1018 1017/1017
f 1021/1021 1002/1002 976/976
f 976/976 971/971 1021/1021
f 1005/1005 1003/1003 1020/1020
f 1005/1005 1020/1020 1000/1000
f 1018/1018 1002/1002 1021/1021
f 1003/1003 1002/1002 1018/1018
f 976/976 1002/1002 979/979
f 1000/1000 136/136 998/998
f 1010/1010 136/136 1000/1000
f 80/80 990/990 69/69
f 1022/1022 991/991 1023/1023
f 991/991 81/81 1023/1023
f 991/991 1022/1022 995/995
f 992/992 995/995 1007/1007
f 1007/1007 995/995 1022/1022
f 1024/1024 136/136 1008/1008
f 1022/1022 1025/1025 1007/1007
f 1022/1022 1023/1023 1026/1026
f 1025/1025 1022/1022 1026/1026
f 87/87 1023/1023 81/81
f 1023/1023 87/87 1026/1026
f 1026/1026 87/87 88/88
f 1025/1025 1026/1026 88/88
f 1025/1025 88/88 92/92
f 1024/1024 91/91 136/136
f 944/944 943/943 1027/1027
f 969/969 943/943 966/966
f 1027/1027 943/943 1028/1028
f 969/969 1028/1028 943/943
f 1028/1028 1029/1029 1027/1027
f 973/973 1030/1030 968/968
f 969/969 968/968 1031/1031
f 1031/1031 968/968 1030/1030
f 1032/1032 978/978 979/979
f 14/14 1001/1001 1033/1033
f 1001/1001 944/944 1033/1033
f 1001/1001 4/4 996/996
f 4/4 997/997 996/996
f 7/7 983/983 997/997
f 2/2 7/7 997/997
f 4/4 1001/1001 14/14
f 2/2 997/997 4/4
f 1033/1033 944/944 1034/1034
f 1027/1027 1034/1034 944/944
f 1035/1035 1002/1002 1004/1004
f 1004/1004 1006/1006 1036/1036
f 1005/1005 1036/1036 1006/1006
f 1035/1035 1037/1037 1038/1038
f 1038/1038 979/979 1035/1035
f 1039/1039 1004/1004 1036/1036
f 1035/1035 1004/1004 1037/1037
f 999/999 82/82 74/74
f 1040/1040 1041/1041 1036/1036
f 1041/1041 1039/1039 1036/1036
f 1042/1042 1039/1039 1041/1041
f 73/73 1041/1041 1040/1040
f 1040/1040 1005/1005 999/999
f 1036/1036 1005/1005 1040/1040
f 1034/1034 14/14 1033/1033
f 1043/1043 1034/1034 1044/1044
f 1034/1034 1027/1027 1044/1044
f 14/14 1034/1034 15/15
f 1037/1037 1004/1004 1039/1039
f 1037/1037 1039/1039 1045/1045
f 1034/1034 1043/1043 15/15
f 1046/1046 1043/1043 1044/1044
f 1045/1045 1039/1039 1047/1047
f 1045/1045 1048/1048 1037/1037
f 1048/1048 1038/1038 1037/1037
f 1038/1038 1048/1048 1049/1049
f 1050/1050 1038/1038 1049/1049
f 1045/1045 1051/1051 1048/1048
f 1041/1041 76/76 1042/1042
f 73/73 76/76 1041/1041
f 73/73 75/75 76/76
f 76/76 33/33 1042/1042
f 1039/1039 1042/1042 1052/1052
f 1053/1053 1047/1047 1052/1052
f 1039/1039 1052/1052 1047/1047
f 1051/1051 1045/1045 1047/1047
f 33/33 1052/1052 1042/1042
f 1052/1052 33/33 1053/1053
f 32/32 1053/1053 33/33
f 979/979 1002/1002 1035/1035
f 979/979 1038/1038 1050/1050
f 1032/1032 979/979 1050/1050
f 1029/1029 1044/1044 1027/1027
f 1029/1029 1028/1028 1054/1054
f 1054/1054 1028/1028 1055/1055
f 1056/1056 1028/1028 969/969
f 1031/1031 1056/1056 969/969
f 1056/1056 1055/1055 1028/1028
f 1032/1032 1050/1050 1057/1057
f 1058/1058 1057/1057 1050/1050
f 20/20 1043/1043 1046/1046
f 1046/1046 46/46 20/20
f 15/15 1043/1043 20/20
f 1046/1046 1044/1044 1029/1029
f 1046/1046 1029/1029 1059/1059
f 1048/1048 1051/1051 1049/1049
f 1060/1060 1051/1051 1061/1061
f 1049/1049 1051/1051 1062/1062
f 1061/1061 1051/1051 1047/1047
f 1061/1061 1047/1047 1053/1053
f 1061/1061 1053/1053 32/32
f 32/32 101/101 1061/1061
f 1063/1063 45/45 46/46
f 1064/1064 47/47 45/45
f 1063/1063 1064/1064 45/45
f 1059/1059 46/46 1046/1046
f 46/46 1059/1059 1063/1063
f 1065/1065 48/48 47/47
f 1065/1065 47/47 1064/1064
f 1060/1060 1062/1062 1051/1051
f 1066/1066 1060/1060 1061/1061
f 1061/1061 103/103 1066/1066
f 1049/1049 1058/1058 1050/1050
f 1049/1049 1062/1062 1058/1058
f 977/977 1067/1067 973/973
f 1067/1067 1030/1030 973/973
f 1069/1069 977/977 974/974
f 981/981 1068/1068 975/975
f 1070/1070 1067/1067 977/977
f 977/977 1069/1069 1070/1070
f 1071/1071 1030/1030 1067/1067
f 1071/1071 1031/1031 1030/1030
f 1071/1071 1067/1067 1070/1070
f 1071/1071 1072/1072 1031/1031
f 1073/1073 1071/1071 1070/1070
f 1073/1073 1072/1072 1071/1071
f 978/978 1032/1032 1074/1074
f 980/980 978/978 1074/1074
f 980/980 1075/1075 981/981
f 1076/1076 1056/1056 1031/1031
f 1031/1031 1072/1072 1076/1076
f 1077/1077 1032/1032 1057/1057
f 1077/1077 1074/1074 1032/1032
f 1075/1075 980/980 1074/1074
f 1075/1075 1068/1068 981/981
f 1069/1069 1079/1079 1070/1070
f 1068/1068 1075/1075 1078/1078
f 1079/1079 1073/1073 1070/1070
f 1075/1075 1074/1074 1080/1080
f 1079/1079 1081/1081 1073/1073
f 1083/1083 1082/1082 1078/1078
f 1083/1083 1078/1078 1075/1075
f 1029/1029 1084/1084 1059/1059
f 1085/1085 1086/1086 1064/1064
f 1087/1087 1088/1088 1089/1089
f 1088/1088 1085/1085 1089/1089
f 1090/1090 1085/1085 1064/1064
f 1091/1091 1029/1029 1054/1054
f 1091/1091 1054/1054 1055/1055
f 1029/1029 1091/1091 1092/1092
f 1057/1057 1058/1058 1093/1093
f 1084/1084 1029/1029 1092/1092
f 1094/1094 1090/1090 1064/1064
f 1094/1094 1064/1064 1084/1084
f 1095/1095 1084/1084 1092/1092
f 1095/1095 1094/1094 1084/1084
f 1096/1096 48/48 1065/1065
f 1097/1097 43/43 57/57
f 58/58 43/43 1097/1097
f 1096/1096 1098/1098 48/48
f 48/48 1098/1098 57/57
f 1098/1098 1097/1097 57/57
f 1086/1086 1096/1096 1065/1065
f 1086/1086 1065/1065 1064/1064
f 1086/1086 1098/1098 1096/1096
f 1088/1088 1098/1098 1086/1086
f 1084/1084 1063/1063 1059/1059
f 1084/1084 1064/1064 1063/1063
f 1098/1098 1088/1088 1087/1087
f 1087/1087 1097/1097 1098/1098
f 1086/1086 1085/1085 1088/1088
f 1097/1097 1099/1099 58/58
f 1100/1100 58/58 1099/1099
f 1100/1100 59/59 58/58
f 59/59 1100/1100 60/60
f 61/61 60/60 1101/1101
f 1093/1093 1058/1058 1062/1062
f 1060/1060 1066/1066 1102/1102
f 1093/1093 1062/1062 1103/1103
f 1060/1060 1103/1103 1062/1062
f 1060/1060 1102/1102 1103/1103
f 1092/1092 1104/1104 1095/1095
f 1092/1092 1105/1105 1104/1104
f 1094/1094 1095/1095 1104/1104
f 1085/1085 1106/1106 1089/1089
f 1106/1106 1087/1087 1089/1089
f 1107/1107 1085/1085 1090/1090
f 1090/1090 1094/1094 1107/1107
f 1107/1107 1108/1108 1085/1085
f 1094/1094 1104/1104 1107/1107
f 1087/1087 1099/1099 1097/1097
f 176/176 1109/1109 1110/1110
f 1101/1101 1110/1110 1109/1109
f 1111/1111 176/176 1110/1110
f 1110/1110 1101/1101 1112/1112
f 1102/1102 1113/1113 1103/1103
f 1114/1114 1100/1100 1099/1099
f 1115/1115 1102/1102 1066/1066
f 1066/1066 1116/1116 1115/1115
f 1055/1055 1056/1056 1117/1117
f 1056/1056 1076/1076 1117/1117
f 1055/1055 1117/1117 1091/1091
f 1118/1118 1057/1057 1093/1093
f 1093/1093 1103/1103 1118/1118
f 1077/1077 1057/1057 1119/1119
f 1118/1118 1119/1119 1057/1057
f 1120/1120 1072/1072 1121/1121
f 1120/1120 1076/1076 1072/1072
f 1121/1121 1072/1072 1073/1073
f 1122/1122 1083/1083 1075/1075
f 1080/1080 1122/1122 1075/1075
f 1081/1081 1121/1121 1073/1073
f 1123/1123 1120/1120 1121/1121
f 1117/1117 1076/1076 1120/1120
f 1074/1074 1077/1077 1080/1080
f 1080/1080 1077/1077 1124/1124
f 1117/1117 1120/1120 1123/1123
f 1125/1125 1123/1123 1121/1121
f 1081/1081 1125/1125 1121/1121
f 1122/1122 1126/1126 1083/1083
f 1080/1080 1124/1124 1122/1122
f 1124/1124 1126/1126 1122/1122
f 1127/1127 1123/1123 1125/1125
f 1128/1128 1125/1125 1081/1081
f 1129/1129 1091/1091 1117/1117
f 1118/1118 1103/1103 1113/1113
f 1091/1091 1105/1105 1092/1092
f 1105/1105 1091/1091 1129/1129
f 1129/1129 1130/1130 1105/1105
f 1105/1105 1130/1130 1104/1104
f 1113/1113 1102/1102 1131/1131
f 1117/1117 1123/1123 1127/1127
f 1132/1132 1077/1077 1119/1119
f 1128/1128 1127/1127 1125/1125
f 1133/1133 1128/1128 1081/1081
f 1124/1124 1077/1077 1132/1132
f 1132/1132 1135/1135 1124/1124
f 1117/1117 1127/1127 1136/1136
f 1137/1137 1132/1132 1119/1119
f 1128/1128 1136/1136 1127/1127
f 1133/1133 1139/1139 1128/1128
f 1139/1139 1140/1140 1128/1128
f 1140/1140 1136/1136 1128/1128
f 1141/1141 1083/1083 1126/1126
f 1141/1141 1082/1082 1083/1083
f 1141/1141 1134/1134 1082/1082
f 1126/1126 1142/1142 1141/1141
f 1126/1126 1124/1124 1142/1142
f 1135/1135 1142/1142 1124/1124
f 1135/1135 1143/1143 1142/1142
f 1040/1040 74/74 73/73
f 999/999 74/74 1040/1040
f 82/82 998/998 83/83
f 998/998 136/136 137/137
f 83/83 998/998 137/137
f 101/101 103/103 1061/1061
f 103/103 1116/1116 1066/1066
f 103/103 195/195 1116/1116
f 61/61 1101/1101 164/164
f 1109/1109 164/164 1101/1101
f 1109/1109 176/176 164/164
f 196/196 1144/1144 177/177
f 1144/1144 178/178 177/177
f 259/259 1116/1116 195/195
f 176/176 1111/1111 196/196
f 1145/1145 178/178 1144/1144
f 196/196 1111/1111 1146/1146
f 1144/1144 196/196 1145/1145
f 196/196 1146/1146 1145/1145
f 178/178 1145/1145 197/197
f 1147/1147 197/197 1145/1145
f 1147/1147 1148/1148 197/197
f 1149/1149 1148/1148 1147/1147
f 1111/1111 1150/1150 1146/1146
f 1148/1148 198/198 197/197
f 542/542 198/198 1148/1148
f 198/198 542/542 200/200
f 1151/1151 1116/1116 259/259
f 1117/1117 1152/1152 1153/1153
f 1154/1154 1152/1152 1155/1155
f 1156/1156 1087/1087 1106/1106
f 1157/1157 1106/1106 1085/1085
f 1108/1108 1157/1157 1085/1085
f 1157/1157 1156/1156 1106/1106
f 1158/1158 1156/1156 1157/1157
f 1156/1156 1159/1159 1087/1087
f 1157/1157 1108/1108 1160/1160
f 1087/1087 1159/1159 1099/1099
f 1159/1159 1161/1161 1099/1099
f 1114/1114 1099/1099 1161/1161
f 1157/1157 1162/1162 1158/1158
f 1158/1158 1163/1163 1156/1156
f 1156/1156 1163/1163 1159/1159
f 1158/1158 1162/1162 1163/1163
f 1163/1163 1164/1164 1159/1159
f 1165/1165 1163/1163 1162/1162
f 1164/1164 1163/1163 1166/1166
f 1167/1167 1165/1165 1162/1162
f 1168/1168 1161/1161 1159/1159
f 1169/1169 1114/1114 1161/1161
f 1168/1168 1169/1169 1161/1161
f 1164/1164 1168/1168 1159/1159
f 1170/1170 1168/1168 1164/1164
f 1171/1171 1169/1169 1168/1168
f 1168/1168 1170/1170 1171/1171
f 1170/1170 1172/1172 1171/1171
f 1166/1166 1163/1163 1165/1165
f 1173/1173 1164/1164 1166/1166
f 1167/1167 1174/1174 1165/1165
f 1165/1165 1174/1174 1166/1166
f 1173/1173 1170/1170 1164/1164
f 1166/1166 1175/1175 1173/1173
f 1176/1176 1170/1170 1173/1173
f 1176/1176 1177/1177 1170/1170
f 1178/1178 1166/1166 1174/1174
f 1166/1166 1178/1178 1175/1175
f 1179/1179 1175/1175 1178/1178
f 1176/1176 1173/1173 1180/1180
f 1175/1175 1180/1180 1173/1173
f 1101/1101 1181/1181 1112/1112
f 1111/1111 1110/1110 1150/1150
f 1110/1110 1112/1112 1182/1182
f 1150/1150 1110/1110 1182/1182
f 1182/1182 1183/1183 1150/1150
f 1112/1112 1184/1184 1182/1182
f 1185/1185 60/60 1100/1100
f 1185/1185 1101/1101 60/60
f 1185/1185 1181/1181 1101/1101
f 1100/1100 1114/1114 1169/1169
f 1100/1100 1169/1169 1185/1185
f 1112/1112 1181/1181 1184/1184
f 1115/1115 1116/1116 1151/1151
f 1169/1169 1171/1171 1185/1185
f 1172/1172 1185/1185 1171/1171
f 1186/1186 1172/1172 1177/1177
f 1177/1177 1176/1176 1186/1186
f 1176/1176 1180/1180 1186/1186
f 1177/1177 1172/1172 1170/1170
f 1187/1187 1185/1185 1172/1172
f 1188/1188 1185/1185 1187/1187
f 1186/1186 1187/1187 1172/1172
f 1180/1180 1175/1175 1189/1189
f 1190/1190 1189/1189 1175/1175
f 1179/1179 1190/1190 1175/1175
f 1191/1191 1190/1190 1179/1179
f 1192/1192 1186/1186 1180/1180
f 1189/1189 1192/1192 1180/1180
f 1190/1190 1193/1193 1189/1189
f 1191/1191 1193/1193 1190/1190
f 1193/1193 1191/1191 1194/1194
f 1195/1195 1186/1186 1192/1192
f 1186/1186 1195/1195 1187/1187
f 1195/1195 1192/1192 1196/1196
f 1196/1196 1192/1192 1189/1189
f 1193/1193 1196/1196 1189/1189
f 1197/1197 1193/1193 1194/1194
f 1198/1198 1199/1199 1130/1130
f 1130/1130 1129/1129 1153/1153
f 1107/1107 1104/1104 1200/1200
f 1200/1200 1108/1108 1107/1107
f 1200/1200 1104/1104 1199/1199
f 1104/1104 1130/1130 1199/1199
f 1131/1131 1102/1102 1201/1201
f 1115/1115 1201/1201 1102/1102
f 1200/1200 1160/1160 1108/1108
f 1202/1202 1200/1200 1199/1199
f 1202/1202 1160/1160 1200/1200
f 1203/1203 1118/1118 1113/1113
f 1113/1113 1131/1131 1203/1203
f 1203/1203 1131/1131 1204/1204
f 1205/1205 1198/1198 1130/1130
f 1198/1198 1205/1205 1206/1206
f 1206/1206 1205/1205 1207/1207
f 1207/1207 1208/1208 1206/1206
f 1160/1160 1162/1162 1157/1157
f 1209/1209 1167/1167 1162/1162
f 1209/1209 1162/1162 1160/1160
f 1210/1210 1167/1167 1209/1209
f 1160/1160 1202/1202 1209/1209
f 1202/1202 1199/1199 1198/1198
f 1209/1209 1202/1202 1211/1211
f 1211/1211 1210/1210 1209/1209
f 1174/1174 1167/1167 1210/1210
f 1174/1174 1212/1212 1178/1178
f 1210/1210 1211/1211 1213/1213
f 1214/1214 1174/1174 1210/1210
f 1213/1213 1214/1214 1210/1210
f 1215/1215 1174/1174 1214/1214
f 1212/1212 1174/1174 1215/1215
f 1214/1214 1212/1212 1215/1215
f 1216/1216 1212/1212 1214/1214
f 1216/1216 1214/1214 1213/1213
f 1217/1217 1179/1179 1178/1178
f 1178/1178 1212/1212 1217/1217
f 1212/1212 1216/1216 1218/1218
f 1198/1198 1211/1211 1202/1202
f 1206/1206 1211/1211 1198/1198
f 1201/1201 1204/1204 1131/1131
f 1219/1219 1204/1204 1201/1201
f 1220/1220 1204/1204 1219/1219
f 1213/1213 1211/1211 1208/1208
f 1206/1206 1208/1208 1211/1211
f 1213/1213 1208/1208 1216/1216
f 1221/1221 1216/1216 1208/1208
f 1222/1222 1208/1208 1207/1207
f 1223/1223 1224/1224 1219/1219
f 1220/1220 1219/1219 1224/1224
f 1117/1117 1153/1153 1129/1129
f 1118/1118 1225/1225 1119/1119
f 1137/1137 1119/1119 1225/1225
f 1225/1225 1118/1118 1203/1203
f 1205/1205 1130/1130 1226/1226
f 1130/1130 1153/1153 1154/1154
f 1130/1130 1154/1154 1226/1226
f 1225/1225 1203/1203 1227/1227
f 1207/1207 1205/1205 1226/1226
f 1228/1228 1207/1207 1226/1226
f 1229/1229 1207/1207 1228/1228
f 1154/1154 1153/1153 1152/1152
f 1225/1225 1227/1227 1230/1230
f 1230/1230 1227/1227 1231/1231
f 1231/1231 1227/1227 1232/1232
f 1137/1137 1225/1225 1230/1230
f 1226/1226 1154/1154 1155/1155
f 1226/1226 1155/1155 1228/1228
f 1233/1233 1228/1228 1155/1155
f 1234/1234 1233/1233 1155/1155
f 1231/1231 1232/1232 1235/1235
f 1236/1236 1203/1203 1204/1204
f 1236/1236 1204/1204 1220/1220
f 1236/1236 1220/1220 1232/1232
f 1236/1236 1227/1227 1203/1203
f 1236/1236 1232/1232 1227/1227
f 1224/1224 1232/1232 1220/1220
f 1235/1235 1224/1224 1237/1237
f 1223/1223 1237/1237 1224/1224
f 1232/1232 1224/1224 1235/1235
f 1238/1238 1115/1115 1239/1239
f 1238/1238 1201/1201 1115/1115
f 1201/1201 1238/1238 1219/1219
f 1219/1219 1238/1238 1223/1223
f 1240/1240 1237/1237 1223/1223
f 1223/1223 1238/1238 1241/1241
f 1223/1223 1241/1241 1240/1240
f 1217/1217 1191/1191 1179/1179
f 1218/1218 1217/1217 1212/1212
f 1217/1217 1218/1218 1191/1191
f 1218/1218 1242/1242 1191/1191
f 1221/1221 1218/1218 1216/1216
f 1222/1222 1221/1221 1208/1208
f 1243/1243 1221/1221 1222/1222
f 1244/1244 1221/1221 1243/1243
f 1221/1221 1242/1242 1218/1218
f 1244/1244 1242/1242 1221/1221
f 1245/1245 1246/1246 1244/1244
f 1222/1222 1207/1207 1229/1229
f 1247/1247 1222/1222 1248/1248
f 1243/1243 1222/1222 1247/1247
f 1229/1229 1228/1228 1233/1233
f 1248/1248 1222/1222 1229/1229
f 1248/1248 1249/1249 1247/1247
f 1250/1250 1247/1247 1249/1249
f 1251/1251 1247/1247 1250/1250
f 1251/1251 1244/1244 1243/1243
f 1247/1247 1251/1251 1243/1243
f 1251/1251 1245/1245 1244/1244
f 1252/1252 1235/1235 1237/1237
f 1252/1252 1237/1237 1253/1253
f 1251/1251 1254/1254 1245/1245
f 1254/1254 1251/1251 1250/1250
f 1242/1242 1255/1255 1191/1191
f 1191/1191 1255/1255 1194/1194
f 1244/1244 1246/1246 1242/1242
f 1239/1239 1241/1241 1238/1238
f 1246/1246 1255/1255 1242/1242
f 1253/1253 1237/1237 1240/1240
f 1245/1245 1256/1256 1246/1246
f 1257/1257 1256/1256 1245/1245
f 1252/1252 1253/1253 1258/1258
f 1245/1245 1254/1254 1257/1257
f 1259/1259 1257/1257 1254/1254
f 1260/1260 1259/1259 1254/1254
f 1261/1261 1259/1259 1260/1260
f 1140/1140 1117/1117 1136/1136
f 1141/1141 1262/1262 1134/1134
f 1262/1262 1141/1141 1142/1142
f 1134/1134 1262/1262 1138/1138
f 1263/1263 1140/1140 1139/1139
f 1138/1138 1262/1262 1265/1265
f 1264/1264 1138/1138 1265/1265
f 1152/1152 1117/1117 1140/1140
f 1234/1234 1155/1155 1152/1152
f 1266/1266 1140/1140 1263/1263
f 1143/1143 1137/1137 1267/1267
f 1152/1152 1140/1140 1268/1268
f 1268/1268 1234/1234 1152/1152
f 1234/1234 1268/1268 1269/1269
f 1267/1267 1270/1270 1143/1143
f 1142/1142 1143/1143 1271/1271
f 1272/1272 1266/1266 1263/1263
f 1265/1265 1273/1273 1264/1264
f 1273/1273 1265/1265 1274/1274
f 1274/1274 1265/1265 1275/1275
f 1274/1274 1275/1275 1276/1276
f 1265/1265 1262/1262 1275/1275
f 1275/1275 1262/1262 1142/1142
f 1275/1275 1142/1142 1271/1271
f 1271/1271 1143/1143 1270/1270
f 1140/1140 1266/1266 1268/1268
f 1277/1277 1273/1273 1274/1274
f 1278/1278 1266/1266 1272/1272
f 1268/1268 1266/1266 1279/1279
f 1279/1279 1269/1269 1268/1268
f 1275/1275 1280/1280 1276/1276
f 1266/1266 1278/1278 1281/1281
f 1277/1277 1274/1274 1276/1276
f 1283/1283 1282/1282 1277/1277
f 1283/1283 1277/1277 1276/1276
f 1270/1270 1267/1267 1284/1284
f 1284/1284 1267/1267 1285/1285
f 1280/1280 1275/1275 1271/1271
f 1271/1271 1270/1270 1280/1280
f 1280/1280 1270/1270 1284/1284
f 1269/1269 1286/1286 1234/1234
f 1286/1286 1233/1233 1234/1234
f 1287/1287 1233/1233 1288/1288
f 1285/1285 1289/1289 1284/1284
f 1288/1288 1233/1233 1286/1286
f 1288/1288 1290/1290 1287/1287
f 1287/1287 1290/1290 1249/1249
f 1291/1291 1249/1249 1290/1290
f 1269/1269 1279/1279 1292/1292
f 1292/1292 1286/1286 1269/1269
f 1292/1292 1293/1293 1286/1286
f 1293/1293 1288/1288 1286/1286
f 1281/1281 1279/1279 1266/1266
f 1281/1281 1292/1292 1279/1279
f 1295/1295 1282/1282 1283/1283
f 1296/1296 1276/1276 1297/1297
f 1276/1276 1296/1296 1283/1283
f 1298/1298 1296/1296 1297/1297
f 1299/1299 1292/1292 1281/1281
f 1299/1299 1293/1293 1292/1292
f 1281/1281 1294/1294 1299/1299
f 1296/1296 1295/1295 1283/1283
f 1300/1300 1295/1295 1296/1296
f 1300/1300 1299/1299 1294/1294
f 1284/1284 1289/1289 1301/1301
f 1301/1301 1289/1289 1302/1302
f 1284/1284 1301/1301 1280/1280
f 1301/1301 1297/1297 1280/1280
f 1297/1297 1276/1276 1280/1280
f 1302/1302 1297/1297 1301/1301
f 1297/1297 1302/1302 1303/1303
f 1303/1303 1298/1298 1297/1297
f 1304/1304 1288/1288 1293/1293
f 1304/1304 1290/1290 1288/1288
f 1299/1299 1304/1304 1293/1293
f 1300/1300 1304/1304 1299/1299
f 1305/1305 1291/1291 1290/1290
f 1306/1306 1291/1291 1305/1305
f 1306/1306 1307/1307 1291/1291
f 1290/1290 1304/1304 1305/1305
f 1305/1305 1304/1304 1300/1300
f 1308/1308 1305/1305 1300/1300
f 1300/1300 1309/1309 1308/1308
f 1308/1308 1309/1309 1310/1310
f 1298/1298 1303/1303 1311/1311
f 1308/1308 1306/1306 1305/1305
f 1312/1312 1306/1306 1308/1308
f 1308/1308 1310/1310 1312/1312
f 1300/1300 1296/1296 1309/1309
f 1309/1309 1296/1296 1298/1298
f 1298/1298 1311/1311 1309/1309
f 1310/1310 1309/1309 1311/1311
f 1132/1132 1143/1143 1135/1135
f 1267/1267 1230/1230 1285/1285
f 1230/1230 1267/1267 1137/1137
f 1285/1285 1230/1230 1231/1231
f 1285/1285 1231/1231 1313/1313
f 1235/1235 1313/1313 1231/1231
f 1143/1143 1132/1132 1137/1137
f 1287/1287 1229/1229 1233/1233
f 1287/1287 1248/1248 1229/1229
f 1249/1249 1248/1248 1287/1287
f 1289/1289 1285/1285 1313/1313
f 1313/1313 1235/1235 1314/1314
f 1314/1314 1235/1235 1252/1252
f 1315/1315 1314/1314 1252/1252
f 1314/1314 1316/1316 1313/1313
f 1289/1289 1313/1313 1316/1316
f 1302/1302 1289/1289 1316/1316
f 1302/1302 1316/1316 1303/1303
f 1316/1316 1314/1314 1315/1315
f 1317/1317 1316/1316 1315/1315
f 1291/1291 1250/1250 1249/1249
f 1307/1307 1250/1250 1291/1291
f 1318/1318 1317/1317 1315/1315
f 1315/1315 1252/1252 1258/1258
f 1258/1258 1319/1319 1315/1315
f 1318/1318 1315/1315 1319/1319
f 1320/1320 1250/1250 1307/1307
f 1320/1320 1254/1254 1250/1250
f 1320/1320 1260/1260 1254/1254
f 1321/1321 1322/1322 1320/1320
f 1320/1320 1323/1323 1260/1260
f 1318/1318 1319/1319 1324/1324
f 1322/1322 1323/1323 1320/1320
f 1325/1325 1322/1322 1326/1326
f 1325/1325 1323/1323 1322/1322
f 1327/1327 1325/1325 1326/1326
f 1317/1317 1303/1303 1316/1316
f 1303/1303 1317/1317 1311/1311
f 1311/1311 1317/1317 1328/1328
f 1328/1328 1317/1317 1318/1318
f 1310/1310 1329/1329 1312/1312
f 1311/1311 1329/1329 1310/1310
f 1329/1329 1311/1311 1328/1328
f 1329/1329 1330/1330 1312/1312
f 1318/1318 1331/1331 1328/1328
f 1329/1329 1328/1328 1331/1331
f 1321/1321 1307/1307 1306/1306
f 1312/1312 1321/1321 1306/1306
f 1330/1330 1321/1321 1312/1312
f 1307/1307 1321/1321 1320/1320
f 1330/1330 1322/1322 1321/1321
f 1329/1329 1326/1326 1330/1330
f 1326/1326 1322/1322 1330/1330
f 1331/1331 1326/1326 1329/1329
f 1318/1318 1324/1324 1331/1331
f 1331/1331 1327/1327 1326/1326
f 1325/1325 1332/1332 1323/1323
f 1319/1319 1258/1258 1333/1333
f 1324/1324 1319/1319 1333/1333
f 1331/1331 1324/1324 1334/1334
f 1324/1324 1333/1333 1334/1334
f 1327/1327 1331/1331 1334/1334
f 1335/1335 1327/1327 1334/1334
f 1325/1325 1327/1327 1335/1335
f 1336/1336 1333/1333 1258/1258
f 1323/1323 1261/1261 1260/1260
f 1332/1332 1261/1261 1323/1323
f 1333/1333 1336/1336 1337/1337
f 1335/1335 1332/1332 1325/1325
f 1338/1338 1335/1335 1337/1337
f 1337/1337 1334/1334 1333/1333
f 1334/1334 1337/1337 1335/1335
f 1335/1335 1338/1338 1339/1339
f 1335/1335 1339/1339 1332/1332
f 1147/1147 1340/1340 1149/1149
f 544/544 1149/1149 1341/1341
f 544/544 1341/1341 545/545
f 1342/1342 545/545 1341/1341
f 1343/1343 1344/1344 1146/1146
f 1150/1150 1183/1183 1146/1146
f 1344/1344 1145/1145 1146/1146
f 1183/1183 1343/1343 1146/1146
f 1183/1183 1345/1345 1343/1343
f 1341/1341 1344/1344 1343/1343
f 1147/1147 1145/1145 1340/1340
f 1344/1344 1340/1340 1145/1145
f 1341/1341 1149/1149 1340/1340
f 1344/1344 1341/1341 1340/1340
f 1345/1345 1342/1342 1343/1343
f 1182/1182 1345/1345 1183/1183
f 1184/1184 1345/1345 1182/1182
f 1345/1345 1184/1184 1346/1346
f 1347/1347 1346/1346 1184/1184
f 1342/1342 1341/1341 1343/1343
f 1346/1346 1342/1342 1345/1345
f 1346/1346 1348/1348 1342/1342
f 1149/1149 542/542 1148/1148
f 544/544 1349/1349 1149/1149
f 1349/1349 542/542 1149/1149
f 547/547 545/545 1342/1342
f 547/547 1342/1342 1348/1348
f 546/546 1349/1349 544/544
f 554/554 1348/1348 1346/1346
f 1347/1347 554/554 1346/1346
f 1181/1181 560/560 1347/1347
f 1184/1184 1181/1181 1347/1347
f 1115/1115 1151/1151 1239/1239
f 1181/1181 1185/1185 1188/1188
f 1181/1181 1188/1188 560/560
f 1350/1350 1239/1239 1151/1151
f 546/546 542/542 1349/1349
f 551/551 547/547 1348/1348
f 1348/1348 554/554 551/551
f 560/560 554/554 1347/1347
f 565/565 1195/1195 577/577
f 565/565 1351/1351 1195/1195
f 1187/1187 1195/1195 1351/1351
f 1188/1188 1187/1187 1351/1351
f 577/577 1195/1195 1196/1196
f 578/578 577/577 1196/1196
f 578/578 1196/1196 1193/1193
f 578/578 1193/1193 1352/1352
f 1197/1197 1353/1353 1193/1193
f 1353/1353 1352/1352 1193/1193
f 1255/1255 1197/1197 1194/1194
f 1350/1350 1354/1354 1239/1239
f 1241/1241 1239/1239 1354/1354
f 1255/1255 1353/1353 1197/1197
f 1255/1255 1355/1355 1353/1353
f 573/573 1352/1352 1353/1353
f 1246/1246 1355/1355 1255/1255
f 1246/1246 1356/1356 1355/1355
f 1256/1256 1356/1356 1246/1246
f 561/561 560/560 1188/1188
f 1188/1188 1351/1351 564/564
f 564/564 561/561 1188/1188
f 1351/1351 565/565 564/564
f 572/572 578/578 1352/1352
f 573/573 572/572 1352/1352
f 1357/1357 1358/1358 573/573
f 1357/1357 573/573 1353/1353
f 1355/1355 1357/1357 1353/1353
f 1357/1357 1355/1355 1358/1358
f 1356/1356 1358/1358 1355/1355
f 1359/1359 1241/1241 1354/1354
f 1240/1240 1241/1241 1359/1359
f 1336/1336 1258/1258 1360/1360
f 554/554 560/560 555/555
f 1151/1151 259/259 1350/1350
f 260/260 1350/1350 259/259
f 562/562 561/561 564/564
f 260/260 652/652 1350/1350
f 1350/1350 652/652 1354/1354
f 1358/1358 1356/1356 1361/1361
f 1356/1356 1256/1256 1361/1361
f 1361/1361 1256/1256 1362/1362
f 1332/1332 1363/1363 1261/1261
f 1261/1261 1364/1364 1259/1259
f 1261/1261 1363/1363 1364/1364
f 1365/1365 1363/1363 1339/1339
f 1365/1365 1339/1339 1338/1338
f 1256/1256 1257/1257 1362/1362
f 1257/1257 1366/1366 1362/1362
f 1259/1259 1366/1366 1257/1257
f 1259/1259 1367/1367 1366/1366
f 1368/1368 1366/1366 1367/1367
f 1367/1367 1369/1369 1368/1368
f 1364/1364 1367/1367 1259/1259
f 1360/1360 1258/1258 1370/1370
f 1371/1371 1372/1372 1338/1338
f 1365/1365 1338/1338 1372/1372
f 1360/1360 1370/1370 1371/1371
f 1371/1371 1370/1370 1372/1372
f 1373/1373 1367/1367 1364/1364
f 1363/1363 1373/1373 1364/1364
f 1373/1373 1369/1369 1367/1367
f 1363/1363 1374/1374 1373/1373
f 1363/1363 1375/1375 1374/1374
f 1365/1365 1375/1375 1363/1363
f 1376/1376 573/573 1358/1358
f 1361/1361 1376/1376 1358/1358
f 575/575 573/573 1376/1376
f 1376/1376 1361/1361 575/575
f 1361/1361 1362/1362 655/655
f 1240/1240 1359/1359 1377/1377
f 1253/1253 1240/1240 1377/1377
f 1377/1377 1378/1378 1253/1253
f 1366/1366 1379/1379 1362/1362
f 1380/1380 655/655 1362/1362
f 1379/1379 1380/1380 1362/1362
f 1253/1253 1378/1378 1258/1258
f 1258/1258 1378/1378 1381/1381
f 1359/1359 1354/1354 1382/1382
f 1354/1354 652/652 1382/1382
f 575/575 1361/1361 655/655
f 1382/1382 1377/1377 1359/1359
f 1377/1377 1382/1382 660/660
f 1382/1382 652/652 653/653
f 660/660 1382/1382 653/653
f 1377/1377 660/660 661/661
f 1379/1379 1383/1383 1380/1380
f 1378/1378 1377/1377 661/661
f 1383/1383 671/671 1380/1380
f 1379/1379 1368/1368 1383/1383
f 1384/1384 1370/1370 1258/1258
f 1374/1374 1385/1385 1369/1369
f 1368/1368 1379/1379 1366/1366
f 1386/1386 1368/1368 1369/1369
f 1258/1258 1381/1381 1384/1384
f 1385/1385 1374/1374 1387/1387
f 1372/1372 1388/1388 1389/1389
f 1388/1388 1384/1384 1389/1389
f 1387/1387 1372/1372 1389/1389
f 1388/1388 1372/1372 1370/1370
f 1372/1372 1375/1375 1365/1365
f 1388/1388 1370/1370 1384/1384
f 1373/1373 1374/1374 1369/1369
f 1372/1372 1387/1387 1375/1375
f 1374/1374 1375/1375 1387/1387
f 1381/1381 1390/1390 1384/1384
f 1391/1391 1384/1384 1390/1390
f 1389/1389 1384/1384 1391/1391
f 1392/1392 1387/1387 1389/1389
f 1391/1391 1392/1392 1389/1389
f 1386/1386 1393/1393 1368/1368
f 1393/1393 1386/1386 1394/1394
f 1385/1385 1394/1394 1386/1386
f 1387/1387 1395/1395 1385/1385
f 1395/1395 1394/1394 1385/1385
f 1385/1385 1386/1386 1369/1369
f 1392/1392 1396/1396 1387/1387
f 1395/1395 1387/1387 1396/1396
f 1397/1397 1393/1393 1394/1394
f 1395/1395 1397/1397 1394/1394
f 1336/1336 1360/1360 1371/1371
f 1337/1337 1336/1336 1371/1371
f 1337/1337 1371/1371 1338/1338
f 1363/1363 1332/1332 1339/1339
f 1378/1378 661/661 747/747
f 1378/1378 747/747 1381/1381
f 655/655 1380/1380 667/667
f 671/671 667/667 1380/1380
f 873/873 673/673 1383/1383
f 1381/1381 1398/1398 1390/1390
f 1398/1398 1381/1381 1399/1399
f 1397/1397 1400/1400 1393/1393
f 1400/1400 1397/1397 1395/1395
f 1399/1399 1381/1381 747/747
f 873/873 1383/1383 1368/1368
f 1402/1402 1368/1368 1393/1393
f 1403/1403 1404/1404 1396/1396
f 1403/1403 1398/1398 1404/1404
f 1402/1402 873/873 1368/1368
f 1402/1402 1393/1393 1400/1400
f 1383/1383 673/673 671/671
f 880/880 1398/1398 1399/1399
f 1398/1398 880/880 1405/1405
f 1398/1398 1405/1405 1404/1404
f 1400/1400 1395/1395 1406/1406
f 1406/1406 1395/1395 1408/1408
f 1406/1406 1402/1402 1400/1400
f 1395/1395 1396/1396 1408/1408
f 1404/1404 1408/1408 1396/1396
f 1401/1401 1407/1407 1410/1410
f 1409/1409 1411/1411 1402/1402
f 1406/1406 1411/1411 1409/1409
f 1390/1390 1398/1398 1391/1391
f 1392/1392 1391/1391 1403/1403
f 1396/1396 1392/1392 1403/1403
f 1398/1398 1403/1403 1391/1391
f 747/747 750/750 1399/1399
f 1412/1412 1413/1413 1414/1414
f 1412/1412 880/880 1413/1413
f 1405/1405 1412/1412 1404/1404
f 1414/1414 1408/1408 1412/1412
f 1412/1412 1408/1408 1404/1404
f 880/880 1412/1412 1405/1405
f 1399/1399 750/750 880/880
f 1415/1415 873/873 1402/1402
f 1411/1411 1415/1415 1402/1402
f 1415/1415 872/872 873/873
f 1411/1411 1416/1416 1415/1415
f 1406/1406 1416/1416 1411/1411
f 1417/1417 1416/1416 1406/1406
f 1408/1408 1417/1417 1406/1406
f 907/907 881/881 872/872
f 907/907 872/872 1415/1415
f 1418/1418 1413/1413 880/880
f 1416/1416 907/907 1415/1415
f 1417/1417 1419/1419 1416/1416
f 1419/1419 1417/1417 1420/1420
f 1414/1414 1420/1420 1408/1408
f 1417/1417 1408/1408 1420/1420
f 1420/1420 1414/1414 1418/1418
f 1418/1418 1414/1414 1413/1413
f 1418/1418 880/880 878/878
f 907/907 1416/1416 1419/1419
f 907/907 1419/1419 1421/1421
f 1422/1422 1421/1421 1419/1419
f 1420/1420 1422/1422 1419/1419
f 1422/1422 1420/1420 1418/1418
f 1422/1422 1423/1423 1421/1421
f 1421/1421 904/904 907/907
f 1423/1423 904/904 1421/1421
f 1424/1424 910/910 1423/1423
f 1422/1422 1418/1418 1424/1424
f 1423/1423 1422/1422 1424/1424
f 1418/1418 911/911 1424/1424
f 911/911 1418/1418 878/878
f 910/910 1424/1424 911/911
f 904/904 1423/1423 905/905
f 910/910 905/905 1423/1423
